mtllib arteries_V2_4.mtl
v 74.12436676 -18.12265968 759.3624878
vn 0.9521977305 -0.06784194708 0.2978539169
v 74.12436676 -18.12265968 759.3624878
vn 0.8784684539 -0.10086824 0.4670318365
v 74.14112854 -20.60883141 758.548584
vn 0.9521815777 -0.1229116693 0.2797194719
v 74.23654938 -20.51561546 758.2647095
vn 0.977550745 -0.0848929286 0.192841351
v 74.2733078 -20.4146862 757.9609375
vn 0.9997012615 -0.02336418442 0.007176165469
v 74.24514771 -20.30995941 757.6495361
vn 0.9824720621 0.04000205174 -0.1820673943
v 74.15052032 -20.20725632 757.3476562
vn 0.9249579906 0.1021866277 -0.3660745323
v 73.99350739 -20.11179733 757.0708618
vn 0.8301816583 0.1596392542 -0.5341476798
v 73.78559875 -20.02907944 756.8349609
vn 0.7047032118 0.2093942016 -0.6778992414
v 73.54319763 -19.9627037 756.6497192
vn 0.5580517054 0.2493587732 -0.7914534211
v 73.28398895 -19.91399002 756.5182495
vn 0.3895881772 0.2803463638 -0.8772838712
v 72.98529053 -19.8788166 756.4293213
vn 0.2097253948 0.3008151352 -0.930336237
v 72.66531372 -19.86191177 756.3962402
vn 0.0140808858 0.3105246127 -0.95046103
v 72.33670807 -19.86546135 756.4247437
vn -0.1855348498 0.3078052104 -0.9331842065
v 72.01792145 -19.8902607 756.5162354
vn -0.3798508644 0.2922461033 -0.8776705265
v 71.72518921 -19.93528557 756.6668091
vn -0.5574018359 0.2646346092 -0.7869381905
v 71.47524261 -19.99715996 756.8653564
vn -0.7095015645 0.2269329131 -0.6671648622
v 71.27857208 -20.07085419 757.0962524
vn -0.8298400044 0.1821077317 -0.5274488926
v 71.13843536 -20.15080452 757.3429565
vn -0.9209869504 0.1306204051 -0.3670440614
v 71.04301453 -20.24401855 757.62677
vn -0.9777664542 0.07435017079 -0.1960734725
v 71.0062561 -20.34494781 757.930481
vn -0.9998649359 0.01277078781 -0.01034487225
v 71.0344162 -20.44967651 758.2420044
vn -0.9825573564 -0.05065468326 0.1789277941
v 71.12903595 -20.55237961 758.5438232
vn -0.9249524474 -0.1129010171 0.3629274964
v 71.28605652 -20.64783859 758.8206177
vn -0.8301340342 -0.1703850031 0.5308920741
v 71.49396515 -20.73055458 759.0565796
vn -0.7046080828 -0.2201771438 0.6745735407
v 71.73636627 -20.79693222 759.2417603
vn -0.5579019785 -0.2601593435 0.7880752087
v 71.99557495 -20.8456459 759.373291
vn -0.3895783424 -0.2911146283 0.8737739921
v 72.29427338 -20.88081932 759.4620972
vn -0.2095437348 -0.31157884 0.9268279672
v 72.61425018 -20.89772415 759.4952393
vn -0.01399531588 -0.3212368786 0.9468954802
v 72.94284821 -20.89417458 759.4667358
vn 0.1855297983 -0.318460077 0.9296030998
v 73.26164246 -20.86937332 759.3751831
vn 0.3797113597 -0.3028493226 0.8741290569
v 73.55437469 -20.82434845 759.2247314
vn 0.5571954846 -0.2751932144 0.7834550738
v 73.80432129 -20.76247406 759.0261841
vn 0.7093085647 -0.2374448925 0.6637027264
v 74.00099182 -20.68878174 758.795166
vn 0.8295933604 -0.1926191449 0.5240923166
v 74.14112854 -20.60883141 758.548584
vn 0.8796227574 -0.158921659 0.4483388662
v 74.02371979 -22.98633575 757.7351074
vn 0.9498458505 -0.1658981442 0.2650860846
v 74.11823273 -22.89603615 757.4528809
vn 0.9756997228 -0.1305741966 0.175955832
v 74.1546936 -22.79535866 757.1520386
vn 0.9975897074 -0.06870986521 -0.009684368968
v 74.12691498 -22.68799973 756.8442993
vn 0.9801538587 -0.003211013041 -0.1982121915
v 74.03335571 -22.57979202 756.5471802
vn 0.9225025177 0.06290989369 -0.3808299899
v 73.8780365 -22.47620392 756.2757568
vn 0.8276994824 0.1258543134 -0.5468768477
v 73.67234039 -22.3833065 756.0455322
vn 0.70225811 0.1823580861 -0.6881707907
v 73.43249512 -22.30546379 755.8659668
vn 0.5558174849 0.2297898382 -0.7989140153
v 73.1760025 -22.24478531 755.7396851
vn 0.3876102269 0.2689657509 -0.8817118406
v 72.88041687 -22.19610977 755.65625
vn 0.2078313231 0.2980154455 -0.9316613674
v 72.56375122 -22.16501427 755.6283569
vn 0.0125509752 0.316716522 -0.9484372139
v 72.23853302 -22.15427399 755.661438
vn -0.1866755635 0.3229249418 -0.9278317094
v 71.92301178 -22.16549683 755.7566528
vn -0.3805271089 0.3157919943 -0.8691803813
v 71.63326263 -22.19835281 755.9099121
vn -0.5576396585 0.2956145108 -0.7756610513
v 71.38583374 -22.25014877 756.1101074
vn -0.7093040943 0.2639846504 -0.6536052227
v 71.19113159 -22.31624794 756.3415527
vn -0.8291891813 0.2236513197 -0.5122747421
v 71.05236816 -22.39115524 756.5875244
vn -0.9199519157 0.1750018448 -0.3508030474
v 70.95785522 -22.48145485 756.869751
vn -0.9764449596 0.1201248318 -0.1792353243
v 70.92139435 -22.58213234 757.1706543
vn -0.9982828498 0.05822243169 0.006438212004
v 70.94917297 -22.68949127 757.4783936
vn -0.9807834029 -0.007323859259 0.1949621886
v 71.04273224 -22.79769897 757.7755127
vn -0.9230623841 -0.07349657267 0.3775633574
v 71.19805145 -22.90128708 758.046936
vn -0.828214705 -0.1364845484 0.5435369015
v 71.40374756 -22.99418449 758.2770996
vn -0.7028143406 -0.193001166 0.6846915483
v 71.64359283 -23.07202721 758.4567871
vn -0.55635041 -0.2404625118 0.7953942418
v 71.90008545 -23.13270378 758.5829468
vn -0.3881155252 -0.2796496451 0.8781585097
v 72.19567871 -23.18138123 758.6663208
vn -0.2084433138 -0.3086698651 0.9280486703
v 72.51233673 -23.21247482 758.6943359
vn -0.01314723026 -0.3273482025 0.9448122978
v 72.83755493 -23.22321701 758.6612549
vn 0.1860242933 -0.3335163295 0.9242087603
v 73.15307617 -23.21199417 758.565918
vn 0.3797866106 -0.3263329566 0.8656032085
v 73.44282532 -23.17913818 758.4127197
vn 0.5568374991 -0.3061083257 0.7721590996
v 73.69025421 -23.12734222 758.2125854
vn 0.7084802985 -0.2744419575 0.6501824856
v 73.88495636 -23.06124306 757.9810791
vn 0.8283907175 -0.2340841442 0.5088943839
v 74.02371979 -22.98633575 757.7351074
vn 0.8779271245 -0.2047399431 0.4328112006
v 73.79382324 -25.45142555 756.8887939
vn 0.9472916126 -0.1925420612 0.2560589314
v 73.88707733 -25.36659241 756.6075439
vn 0.9729302526 -0.1612948328 0.1655013859
v 73.92294312 -25.26969147 756.3082275
vn 0.9946488738 -0.1012066901 -0.02075500414
v 73.89531708 -25.164114 756.0029907
vn 0.9771459699 -0.0362338461 -0.209458366
v 73.8026886 -25.05549622 755.7089844
vn 0.919536829 0.03071935661 -0.3918013573
v 73.64904022 -24.94930077 755.4412231
vn 0.824894309 0.09580170363 -0.5571098328
v 73.44561768 -24.85183144 755.2148438
vn 0.6997288465 0.1555873156 -0.6972604394
v 73.20848083 -24.7678833 755.0391846
vn 0.5535888672 0.2071959227 -0.8066034913
v 72.95491791 -24.70010757 754.916748
vn 0.3858086765 0.2513119876 -0.8876902461
v 72.66273499 -24.64271164 754.8370972
vn 0.2065045238 0.285910517 -0.9357408881
v 72.34975433 -24.6017437 754.8129272
vn 0.01168886665 0.3108650744 -0.9503821731
v 72.02835846 -24.58032608 754.8493652
vn -0.1869131178 0.3236670196 -0.9275252819
v 71.71658325 -24.5806427 754.9475098
vn -0.3801596165 0.3231749237 -0.8666236997
v 71.43030548 -24.602911 755.1029053
vn -0.5566969514 0.3093256652 -0.7709774375
v 71.18588257 -24.64506721 755.3043823
vn -0.7078965306 0.2833625078 -0.6469839215
v 70.99358368 -24.70293808 755.536377
vn -0.8273952603 0.2477653772 -0.5040132403
v 70.85658264 -24.77127838 755.7822266
vn -0.9177954793 0.2028407753 -0.3413313627
v 70.76332092 -24.85610962 756.0634766
vn -0.9740407467 0.1508556306 -0.1687813699
v 70.72745514 -24.95301056 756.3626709
vn -0.9957191944 0.09075728804 0.01750269718
v 70.75508118 -25.05858803 756.6679077
vn -0.9781730771 0.02576891333 0.2061879039
v 70.84770966 -25.16720772 756.9619141
vn -0.9205238223 -0.04120837152 0.3885070384
v 71.00136566 -25.27340126 757.2297974
vn -0.8258499503 -0.1063212529 0.553775847
v 71.20478058 -25.3708725 757.4561157
vn -0.7006824613 -0.1661294699 0.6938624382
v 71.44192505 -25.45481873 757.6317749
vn -0.5546413064 -0.2177373618 0.8030961752
v 71.69548798 -25.52259445 757.7542725
vn -0.3867763877 -0.2618944645 0.8842031956
v 71.98766327 -25.57999039 757.8338013
vn -0.2075821012 -0.2964845896 0.9322052002
v 72.30064392 -25.62095833 757.8580933
vn -0.01283224206 -0.3214325309 0.9468455315
v 72.62203979 -25.64237595 757.8215332
vn 0.1858459264 -0.3342323005 0.9239859581
v 72.933815 -25.64205933 757.7233887
vn 0.3790491223 -0.3337207735 0.8631061316
v 73.2201004 -25.61979103 757.5679932
vn 0.5555335879 -0.3198464513 0.7675158978
v 73.46451569 -25.57763481 757.3665771
vn 0.7066834569 -0.2938600481 0.6436185241
v 73.65681458 -25.51976395 757.1345825
vn 0.8261904716 -0.2582421601 0.5007197261
v 73.79382324 -25.45142555 756.8887939
vn 0.8755269051 -0.2336290926 0.4229303002
v 73.48017883 -28.01475906 756.0429077
vn 0.9458885789 -0.203926459 0.2524061203
v 73.57178497 -27.93737411 755.762085
vn 0.9707947373 -0.177390337 0.1615248471
v 73.60662842 -27.84727669 755.4636841
vn 0.9923560619 -0.120686084 -0.02577386796
v 73.5786972 -27.74750328 755.15979
vn 0.9747893214 -0.05838575959 -0.2153529525
v 73.48652649 -27.64331055 754.8673706
vn 0.9172198772 0.006777027156 -0.3983236551
v 73.33409119 -27.53992081 754.6014404
vn 0.8226905465 0.07107422501 -0.564029038
v 73.1325531 -27.4435215 754.3771973
vn 0.697717011 0.1310712248 -0.7042807341
v 72.89777374 -27.35900307 754.2036743
vn 0.5518020988 0.1838029474 -0.8134684563
v 72.64687347 -27.2892704 754.0831909
vn 0.3843524754 0.229858309 -0.894113183
v 72.3578949 -27.22834969 754.0056763
vn 0.2054902166 0.2671200037 -0.9414991736
v 72.04846191 -27.18234825 753.9834595
vn 0.01112887356 0.2955812812 -0.9552527666
v 71.73084259 -27.15449715 754.0217896
vn -0.1870409548 0.312582463 -0.9312936664
v 71.42285156 -27.14727974 754.12146
vn -0.3798142374 0.3167821467 -0.8691318631
v 71.1401825 -27.16128349 754.2780762
vn -0.5559262037 0.3078625202 -0.77211833
v 70.89898682 -27.19496536 754.4802856
vn -0.7067109346 0.2867980003 -0.6467661858
v 70.70937347 -27.24465561 754.7125244
vn -0.8259534836 0.2557786107 -0.5023725033
v 70.57444763 -27.30550385 754.9584351
vn -0.9160917997 0.2150205523 -0.338440448
v 70.48284149 -27.38288879 755.2391968
vn -0.9721054435 0.1669235826 -0.1647650152
v 70.44799805 -27.47298622 755.5375366
vn -0.9936500788 0.1102303863 0.02255734801
v 70.47593689 -27.57275963 755.8415527
vn -0.9760614634 0.0479375124 0.2121461928
v 70.56809998 -27.67695427 756.1338501
vn -0.9184697866 -0.01722375117 0.3951158822
v 70.72053528 -27.78034401 756.3998413
vn -0.8239275813 -0.08151803911 0.5608013272
v 70.92208099 -27.87674332 756.6240845
vn -0.6989248395 -0.1415290087 0.7010518312
v 71.15685272 -27.96125984 756.7976685
vn -0.5530443788 -0.1942604929 0.8101881146
v 71.40775299 -28.03099442 756.9181519
vn -0.3855783045 -0.2403397262 0.8908233047
v 71.69673157 -28.09191513 756.9956055
vn -0.2066901177 -0.2776177526 0.9381937981
v 72.00616455 -28.13791466 757.0178833
vn -0.01246304624 -0.3060770929 0.9519251585
v 72.32378387 -28.16576576 756.9795532
vn 0.1857803017 -0.3230879903 0.9279546738
v 72.63178253 -28.17298317 756.8798218
vn 0.3785858452 -0.3272876143 0.8657687902
v 72.91444397 -28.15897942 756.7232056
vn 0.5546423793 -0.3183725774 0.7687722445
v 73.15564728 -28.12529755 756.5209961
vn 0.7054222822 -0.2972999811 0.6434221864
v 73.34526062 -28.07560921 756.2886963
vn 0.8246014714 -0.2662800252 0.4991265535
v 73.48017883 -28.01475906 756.0429077
vn 0.8740852475 -0.2460757345 0.4188337624
v 73.14228821 -30.49732018 755.2783813
vn 0.9458137155 -0.2043026835 0.2523822188
v 73.2322464 -30.42686462 754.99823
vn 0.9703625441 -0.181245327 0.1598332971
v 73.26596832 -30.34376335 754.7006226
vn 0.9912850857 -0.1285650432 -0.02872079797
v 73.23752594 -30.25074387 754.3977051
vn 0.9731014967 -0.07004553825 -0.2194699943
v 73.14551544 -30.15266228 754.1063232
vn 0.914978981 -0.008232360706 -0.4034175277
v 72.99391937 -30.05442619 753.8415527
vn 0.8199834228 0.05335173756 -0.5698954463
v 72.79380798 -29.96194458 753.6184692
vn 0.6946831942 0.1113821045 -0.7106400132
v 72.56092072 -29.87999344 753.4459229
vn 0.5485700369 0.1629594415 -0.8200702071
v 72.31221771 -29.81152344 753.3262939
vn 0.3810090423 0.2086482644 -0.9007208347
v 72.02592468 -29.75066376 753.2497559
vn 0.2021060735 0.246264562 -0.9478960633
v 71.7195282 -29.70334625 753.2282715
vn 0.007948595099 0.2758715451 -0.9611616731
v 71.40517426 -29.67275238 753.2671509
vn -0.1899488717 0.294842422 -0.9364760518
v 71.10051727 -29.66145134 753.3671875
vn -0.3823608458 0.3017641604 -0.8733490705
v 70.82107544 -29.67022705 753.5239258
vn -0.5580018759 0.2961701453 -0.775188446
v 70.58281708 -29.69788361 753.7260742
vn -0.7082012296 0.27882725 -0.6486188173
v 70.39569855 -29.74116898 753.9581299
vn -0.8267903328 0.2516928315 -0.5030591488
v 70.26276398 -29.7956295 754.2034912
vn -0.9163474441 0.2148832381 -0.3378351033
v 70.17279816 -29.86608315 754.4836426
vn -0.9717478156 0.1708012968 -0.1628899574
v 70.13908386 -29.94918633 754.781189
vn -0.9926666617 0.1181247905 0.02567863651
v 70.16752625 -30.0422039 755.0841064
vn -0.9744771123 0.05961413682 0.2164266109
v 70.25953674 -30.1402874 755.3754272
vn -0.9163510203 -0.00219376781 0.4003697634
v 70.41113281 -30.23852348 755.6401978
vn -0.8213631511 -0.06376567483 0.5668302774
v 70.6112442 -30.3310051 755.8633423
vn -0.6960383654 -0.1218093112 0.7075966597
v 70.84412384 -30.41295624 756.0359497
vn -0.5499171019 -0.173387602 0.8170238137
v 71.09283447 -30.48142624 756.1554565
vn -0.3823813796 -0.2190806419 0.8976570368
v 71.3791275 -30.54228401 756.2321167
vn -0.203517139 -0.2566966712 0.9448214769
v 71.68552399 -30.58960152 756.2536011
vn -0.009365270846 -0.2863196135 0.958088398
v 71.99987793 -30.62019539 756.2147217
vn 0.1885579079 -0.3052994907 0.9334014058
v 72.30453491 -30.63149643 756.114624
vn 0.3810197711 -0.3122228682 0.8702533245
v 72.58396912 -30.62272263 755.9578857
vn 0.55660671 -0.3066313565 0.7721179724
v 72.82223511 -30.59506416 755.7557373
vn 0.7067864537 -0.2892953157 0.6455703974
v 73.00934601 -30.5517807 755.5237427
vn 0.8253929019 -0.262157917 0.4999997318
v 73.14228821 -30.49732018 755.2783813
vn 0.8741135001 -0.2456039935 0.4190515876
v 72.7963028 -32.98870468 754.5687256
vn 0.9470402002 -0.1951167732 0.255037874
v 72.88466644 -32.92476273 754.2894897
vn 0.971141398 -0.1755594164 0.1614412218
v 72.91722107 -32.84878922 753.9928589
vn 0.991501689 -0.1269779801 -0.02830178477
v 72.88815308 -32.76323318 753.6906738
vn 0.97273314 -0.07271558791 -0.2202333659
v 72.79611969 -32.67254639 753.4002686
vn 0.9140207767 -0.01507196482 -0.4053872824
v 72.6450882 -32.58125305 753.1361694
vn 0.8185228705 0.04260806367 -0.5728917122
v 72.44609833 -32.49486923 752.9135742
vn 0.6927136779 0.09729389101 -0.7146199346
v 72.21477509 -32.41789246 752.741394
vn 0.5462498665 0.1461388618 -0.8247753978
v 71.9679184 -32.35316086 752.6220703
vn 0.3784149289 0.1897093356 -0.9059870243
v 71.68392181 -32.29512024 752.5454712
vn 0.1993017346 0.2258863449 -0.953548193
v 71.3801651 -32.2493515 752.5238647
vn 0.005040330812 0.2547720075 -0.9669880271
v 71.0687027 -32.21885681 752.562439
vn -0.1928134561 0.273848772 -0.9422472119
v 70.76702118 -32.20614243 752.6619263
vn -0.3851389289 0.2817460597 -0.8787987232
v 70.4905014 -32.21203613 752.8181152
vn -0.5604727268 0.2779400945 -0.7801407576
v 70.25492859 -32.23557281 753.0194702
vn -0.7103649974 0.2630773187 -0.6528184414
v 70.07013702 -32.27383804 753.2507324
vn -0.8285300136 0.2389098406 -0.5064188838
v 69.93907928 -32.32277298 753.4953003
vn -0.9176167846 0.2054474354 -0.3402510285
v 69.85072327 -32.38671494 753.7745361
vn -0.9725018144 0.1651207954 -0.1642417759
v 69.81816101 -32.46268845 754.071167
vn -0.992857337 0.1165533513 0.02548818104
v 69.847229 -32.54824448 754.37323
vn -0.9740878344 0.06229940802 0.2174205929
v 69.93927002 -32.63893127 754.6637573
vn -0.9153909087 0.004673687275 0.4025390446
v 70.09029388 -32.73022079 754.9278564
vn -0.8198919892 -0.05300753191 0.5700590611
v 70.28929138 -32.81660843 755.1504517
vn -0.6941024661 -0.1076810434 0.7117770314
v 70.52061462 -32.89358521 755.3225708
vn -0.54767555 -0.1565244049 0.8219194412
v 70.76747131 -32.9583168 755.4419556
vn -0.3797675669 -0.2001193017 0.9031770825
v 71.05146027 -33.01635742 755.5185547
vn -0.2007969916 -0.2362837791 0.950710535
v 71.35521698 -33.06212616 755.5401611
vn -0.006479796488 -0.2651934326 0.9641734362
v 71.66667938 -33.09261703 755.5015869
vn 0.1914016455 -0.2842876017 0.9394391775
v 71.9683609 -33.10533524 755.4020386
vn 0.3836782873 -0.29219383 0.876021564
v 72.24488068 -33.09944153 755.2459106
vn 0.5590914488 -0.2883897126 0.7773339748
v 72.48046112 -33.07590485 755.0444336
vn 0.708943069 -0.2735349536 0.6500602961
v 72.66525269 -33.03763962 754.8132935
vn 0.8271443844 -0.2493657619 0.5036357045
v 72.7963028 -32.98870468 754.5687256
vn 0.875412643 -0.2360035777 0.4218471944
v 72.46611023 -35.50465393 753.9143066
vn 0.949465692 -0.1758667678 0.2599726319
v 72.552948 -35.44693375 753.6361694
vn 0.9731186628 -0.1600280106 0.1656234711
v 72.58436584 -35.3783493 753.3404541
vn 0.9929481745 -0.1158272326 -0.02525708638
v 72.55461121 -35.30111313 753.0392456
vn 0.9735758305 -0.06647093594 -0.2184758782
v 72.4624176 -35.2192421 752.7493896
vn 0.914223969 -0.01404791605 -0.4049656987
v 72.31176758 -35.13682938 752.4856567
vn 0.8180792928 0.03840231523 -0.5738218427
v 72.11364746 -35.05883789 752.2631226
vn 0.6916912198 0.08812174946 -0.7167969346
v 71.8835907 -34.98934174 752.0908203
vn 0.5446019173 0.1325768232 -0.8281498551
v 71.63828278 -34.93090057 751.9710693
vn 0.3762819767 0.1721822917 -0.9103654027
v 71.35626221 -34.87849426 751.8939209
vn 0.1967778653 0.2050379962 -0.9587689638
v 71.05478668 -34.83716583 751.87146
vn 0.002130620414 0.2312715948 -0.97288692
v 70.74584198 -34.80963135 751.9089966
vn -0.1959090978 0.248571828 -0.9485945702
v 70.4467926 -34.79814148 752.0073853
vn -0.388291657 0.2557139695 -0.8853473663
v 70.17288208 -34.80345535 752.1622314
vn -0.56360358 0.2522404492 -0.7865912318
v 69.93973541 -34.82469177 752.3623047
vn -0.7133089304 0.2387133092 -0.6589433551
v 69.75705719 -34.85923004 752.5922241
vn -0.8312162161 0.2167277783 -0.5119654536
v 69.62775421 -34.90340424 752.8356323
vn -0.9199342728 0.1861625463 -0.3450572193
v 69.54091644 -34.96112061 753.1138306
vn -0.9743623734 0.1495156884 -0.1681161374
v 69.50949097 -35.02970505 753.4094849
vn -0.9941750169 0.105354555 0.02272510901
v 69.53924561 -35.10694122 753.7107544
vn -0.9748028517 0.05603762716 0.2159146816
v 69.63143921 -35.18881226 754.0006104
vn -0.9154609442 0.00364719145 0.402390331
v 69.78209686 -35.27122498 754.2642822
vn -0.8193464279 -0.04877886176 0.5712198019
v 69.98021698 -35.34921646 754.4868774
vn -0.6929394603 -0.09849471599 0.7142364383
v 70.21026611 -35.41871262 754.6591187
vn -0.5459996462 -0.1429093331 0.8255066872
v 70.45557404 -35.47715759 754.7788696
vn -0.3775986135 -0.1825507432 0.9077965021
v 70.73760223 -35.52956009 754.8560791
vn -0.198202908 -0.2154184431 0.9561958313
v 71.03907013 -35.57088852 754.878479
vn -0.003580831923 -0.2416885644 0.9703472853
v 71.34801483 -35.598423 754.8410034
vn 0.1945120543 -0.2590432167 0.9460769892
v 71.64706421 -35.60991287 754.7425537
vn 0.386877358 -0.2662227452 0.8828654289
v 71.92097473 -35.604599 754.5878296
vn 0.5622377396 -0.2627748251 0.7841161489
v 72.15412903 -35.58336258 754.3876953
vn 0.7119771242 -0.2492611855 0.6564734578
v 72.33679962 -35.54882431 754.1577148
vn 0.8299090266 -0.2272779793 0.5095053911
v 72.46611023 -35.50465393 753.9143066
vn 0.8778650761 -0.2169816643 0.4269331098
v 72.18040466 -38.03369904 753.3262939
vn 0.9527587891 -0.1446077526 0.2670941055
v 72.26583862 -37.98208618 753.0493774
vn 0.9761106968 -0.1329355091 0.1718607098
v 72.29618073 -37.92149353 752.7548218
vn 0.9954010248 -0.09365382791 -0.02014452964
v 72.26574707 -37.85393524 752.4541626
vn 0.9753831029 -0.05018603429 -0.2147305757
v 72.17331696 -37.78294754 752.1646729
vn 0.9153006673 -0.004372480325 -0.4027475715
v 72.02290344 -37.71208191 751.901001
vn 0.8183783889 0.04111966118 -0.5732067823
v 71.82546234 -37.64559937 751.6780396
vn 0.6912875175 0.08388731629 -0.7176938653
v 71.59645844 -37.58691025 751.5049438
vn 0.5435329676 0.1218318418 -0.8304992318
v 71.35244751 -37.53808594 751.3842773
vn 0.3744981587 0.1552953869 -0.9141304493
v 71.07209778 -37.49495316 751.3057861
vn 0.1944618523 0.1826401502 -0.9637567997
v 70.77259064 -37.46175385 751.2817993
vn -0.0007201663102 0.2040074468 -0.9789690971
v 70.46583557 -37.44074631 751.3175049
vn -0.1991884857 0.2174579501 -0.9555291533
v 70.16909027 -37.43374252 751.4140625
vn -0.3918156624 0.2219699621 -0.892866075
v 69.8974762 -37.4412384 751.5669556
vn -0.5672005415 0.2172702402 -0.7944036722
v 69.66648865 -37.46231079 751.7651978
vn -0.7168684602 0.2039268166 -0.6667184234
v 69.48571777 -37.4945488 751.9935303
vn -0.8346139193 0.1833968908 -0.5194084644
v 69.35799408 -37.53469849 752.2355347
vn -0.9230421185 0.1553706527 -0.3519278467
v 69.27256012 -37.58631134 752.5123901
vn -0.9770736694 0.1224920899 -0.1741340756
v 69.24221802 -37.64690399 752.8070068
vn -0.9963692427 0.0832535103 0.01781112328
v 69.27265167 -37.71446228 753.1074829
vn -0.9763828516 0.03983087093 0.2123441398
v 69.36508179 -37.7854538 753.3970947
vn -0.9163559079 -0.005946315359 0.4003205597
v 69.5154953 -37.85631561 753.6607666
vn -0.8195044398 -0.0514148511 0.5707617998
v 69.7129364 -37.92279816 753.8837891
vn -0.6923924685 -0.09420960397 0.715344131
v 69.94194031 -37.98149109 754.0568237
vn -0.5447183847 -0.1321558505 0.8281404972
v 70.18595123 -38.03031158 754.1774902
vn -0.3757403791 -0.1656362414 0.9118025303
v 70.46630096 -38.07344437 754.2559814
vn -0.1956802607 -0.1930257231 0.9614834189
v 70.76580811 -38.10664749 754.2800293
vn -0.0005712737329 -0.2144219875 0.9767409563
v 71.07256317 -38.12765121 754.2441406
vn 0.1979823411 -0.227919817 0.9533391595
v 71.36930847 -38.134655 754.1477661
vn 0.3905718029 -0.2324693948 0.8907365799
v 71.64092255 -38.12715912 753.994873
vn 0.5661169887 -0.2277832627 0.7922286987
v 71.8719101 -38.10608673 753.7965698
vn 0.7158010006 -0.2144501805 0.66456002
v 72.05268097 -38.07385254 753.5682373
vn 0.8335797191 -0.1939066797 0.5172475576
v 72.18040466 -38.03369904 753.3262939
vn 0.8812740445 -0.1868655682 0.4340936542
v 71.96988678 -40.58911514 752.8129272
vn 0.9553436041 -0.1113432348 0.2737175226
v 72.05405426 -40.54427338 752.5373535
vn 0.9787200689 -0.1015591919 0.1783050895
v 72.08345795 -40.49279785 752.2438354
vn 0.997582674 -0.06789521873 -0.01480177045
v 72.05249023 -40.43647766 751.9439697
vn 0.9770585299 -0.03117589466 -0.210676834
v 71.9599762 -40.37830734 751.6546631
vn 0.9164124131 0.007047008257 -0.4001732469
v 71.80994415 -40.32120895 751.3907471
vn 0.8189024925 0.04454889894 -0.5722011328
v 71.61331177 -40.26858139 751.1672363
vn 0.6911811829 0.0793863982 -0.718307972
v 71.38544464 -40.22303772 750.9932861
vn 0.5429544449 0.1098367423 -0.8325480819
v 71.14281464 -40.18604279 750.8713989
vn 0.3734081388 0.1361453384 -0.9176223874
v 70.86418152 -40.15444183 750.7914429
vn 0.1929406375 0.1572200954 -0.9685328007
v 70.56667328 -40.1315155 750.7657471
vn -0.002619070234 0.173006773 -0.9849171638
v 70.26211548 -40.11896896 750.7995605
vn -0.2013456523 0.1820291132 -0.9624579549
v 69.96763611 -40.11803055 750.8939209
vn -0.3942460716 0.1835291535 -0.9004926682
v 69.69826508 -40.12887192 751.0447388
vn -0.5697767735 0.1773924083 -0.8024253249
v 69.46934509 -40.15045547 751.2410278
vn -0.7194906473 0.1641936153 -0.674813807
v 69.29038239 -40.18058777 751.4675903
vn -0.8371984959 0.1452478617 -0.5272587538
v 69.16413116 -40.21649551 751.7081299
vn -0.9254696369 0.1202401593 -0.3592329025
v 69.07996368 -40.26133728 751.9836426
vn -0.9792714715 0.09156504273 -0.1806744933
v 69.05056 -40.31281281 752.2772827
vn -0.9982472062 0.05787973106 0.01234716736
v 69.08152771 -40.369133 752.5771484
vn -0.9778574705 0.02110582776 0.2082050741
v 69.17403412 -40.42730331 752.866333
vn -0.9173486829 -0.01718678139 0.3977134526
v 69.32406616 -40.4844017 753.1303101
vn -0.819970727 -0.05476135388 0.5697799921
v 69.52070618 -40.53702927 753.3538208
vn -0.6922944188 -0.08967475593 0.7160215974
v 69.7485733 -40.58257675 753.527832
vn -0.5439671278 -0.1202023774 0.8304523826
v 69.99120331 -40.61956787 753.6496582
vn -0.374463141 -0.1465334445 0.915590167
v 70.2698288 -40.65116882 753.7295532
vn -0.1938802153 -0.1676157415 0.9665999413
v 70.56734467 -40.67409515 753.7553101
vn 0.001684006536 -0.1833688468 0.983042717
v 70.87190247 -40.68664169 753.7215576
vn 0.2007340938 -0.1923432052 0.9605779052
v 71.16638184 -40.68758011 753.6271362
vn 0.3935888112 -0.193766132 0.8986337185
v 71.43575287 -40.67673874 753.4763794
vn 0.5692973733 -0.1875457317 0.8004543185
v 71.66467285 -40.655159 753.2799683
vn 0.7190631628 -0.1742738336 0.6727382541
v 71.84363556 -40.62502289 753.0535278
vn 0.836707592 -0.1552897245 0.525171876
v 71.96988678 -40.58911514 752.8129272
vn 0.8845498562 -0.1490892917 0.4419773221
v 71.82192993 -43.1652298 752.3859253
vn 0.9560291171 -0.09898663312 0.2760614455
v 71.90489197 -43.1292305 752.1115112
vn 0.979586184 -0.08732581884 0.1810666323
v 71.93352509 -43.08786011 751.8190308
vn 0.998123765 -0.05983222649 -0.01300334837
v 71.90228271 -43.04255295 751.5202026
vn 0.9772650003 -0.02965876274 -0.2099368721
v 71.81004333 -42.99571609 751.2317505
vn 0.9162963033 0.001866526203 -0.4004966915
v 71.66081238 -42.9496994 750.9685059
vn 0.8184764385 0.0329551436 -0.5735941529
v 71.46544647 -42.90724564 750.7453613
vn 0.6904726028 0.0619533211 -0.7207006216
v 71.23920441 -42.87046051 750.5716553
vn 0.5420091152 0.08740252256 -0.8358151317
v 70.99841309 -42.84054565 750.4497681
vn 0.3723061681 0.1093503982 -0.9216455817
v 70.72201538 -42.81494141 750.3695068
vn 0.1916843206 0.1272941679 -0.9731666446
v 70.42697906 -42.79629517 750.3433228
vn -0.003962648101 0.1409034431 -0.9900153875
v 70.12506866 -42.78599548 750.3764648
vn -0.2027931511 0.1489637792 -0.9678247571
v 69.83325958 -42.78503418 750.4699097
vn -0.3956319094 0.1507938206 -0.9059451818
v 69.5664444 -42.79356003 750.6196899
vn -0.57113868 0.1462792754 -0.8077146411
v 69.33982086 -42.81075287 750.8148193
vn -0.7207500339 0.1358702332 -0.6797489524
v 69.16278076 -42.83485794 751.0401611
vn -0.838346839 0.1206278875 -0.5316234231
v 69.03803253 -42.86363983 751.2796631
vn -0.9264089465 0.1005952507 -0.36283198
v 68.9550705 -42.89963913 751.5540771
vn -0.9799978733 0.07718485594 -0.1834302843
v 68.92643738 -42.94100952 751.8464966
vn -0.9987123013 0.0496112518 0.01060238294
v 68.95767975 -42.98631668 752.1454468
vn -0.9780288935 0.01935764775 0.2075688094
v 69.04991913 -43.03315353 752.4338379
vn -0.9171935916 -0.0122406166 0.3982537687
v 69.19915009 -43.07917023 752.6970215
vn -0.8194773197 -0.04336946085 0.5714682937
v 69.39451599 -43.12162399 752.9202271
vn -0.6914955974 -0.07238357514 0.7187450528
v 69.62075806 -43.1584053 753.0939941
vn -0.5428464413 -0.09783721715 0.8341136575
v 69.86154938 -43.18832016 753.2157593
vn -0.3730235398 -0.1197411269 0.9200627804
v 70.13795471 -43.21392822 753.2960205
vn -0.1923287511 -0.1376117617 0.9716340303
v 70.4329834 -43.23257065 753.3222656
vn 0.00346495444 -0.1511328667 0.98850739
v 70.7348938 -43.24287415 753.2891846
vn 0.202507183 -0.1591140628 0.9662678242
v 71.02670288 -43.24383545 753.1956787
vn 0.3954910636 -0.1608722359 0.9042714834
v 71.29351807 -43.23530579 753.0459595
vn 0.5710382462 -0.1563145071 0.8059039116
v 71.52014923 -43.21811676 752.850708
vn 0.7207128406 -0.1458759755 0.6777117252
v 71.6971817 -43.19401169 752.6253662
vn 0.8381493092 -0.1306684315 0.5295578241
v 71.82192993 -43.1652298 752.3859253
vn 0.8861546516 -0.1220911145 0.447016418
v 71.65501404 -45.75416946 752.043457
vn 0.9546593428 -0.1155609563 0.2743558884
v 71.73662567 -45.72871017 751.7701416
vn 0.9783973694 -0.1025670618 0.1794953346
v 71.76442719 -45.69722366 751.4790649
vn 0.9965792894 -0.08120260388 -0.01535729319
v 71.73297882 -45.66065598 751.1817017
vn 0.9754287601 -0.05637625605 -0.2129798532
v 71.64117432 -45.62084961 750.8950195
vn 0.914239347 -0.02917654812 -0.4041227102
v 71.4930191 -45.57979202 750.6334839
vn 0.816274941 -0.001111117192 -0.5776625276
v 71.29927826 -45.53998184 750.4121094
vn 0.6882277131 0.02622379363 -0.725020647
v 71.07506561 -45.50359344 750.2398682
vn 0.5397503376 0.05136023462 -0.8402569294
v 70.83655548 -45.47210693 750.1193237
vn 0.3701011837 0.07422886789 -0.9260211587
v 70.56287384 -45.44280624 750.0403442
vn 0.1896789074 0.09444616735 -0.9772931337
v 70.27085114 -45.41834641 750.0150146
vn -0.005643180571 0.1116297618 -0.9937338233
v 69.97212982 -45.40019608 750.0488892
vn -0.2042595297 0.1244878769 -0.9709690213
v 69.68351746 -45.38970947 750.1427612
vn -0.3967546821 0.1321458817 -0.9083629251
v 69.41973114 -45.38749695 750.2926025
vn -0.5719140172 0.1341370642 -0.8092722893
v 69.19580841 -45.39341736 750.4874268
vn -0.7210652828 0.1305574179 -0.6804555058
v 69.02101135 -45.40641403 750.7122192
vn -0.8382645845 0.1220966652 -0.5314178467
v 68.89798737 -45.42481995 750.9508667
vn -0.9258938432 0.1091920733 -0.3616595566
v 68.81637573 -45.45028305 751.2241211
vn -0.979080677 0.09215959162 -0.1814045608
v 68.78856659 -45.48176575 751.5152588
vn -0.9974024296 0.07075560093 0.01349276118
v 68.82002258 -45.51833344 751.812561
vn -0.9763610363 0.04591686651 0.2112125307
v 68.91182709 -45.5581398 752.0992432
vn -0.9152283669 0.0187380407 0.4024995565
v 69.0599823 -45.5992012 752.3607788
vn -0.8172856569 -0.009272798896 0.5761581659
v 69.25372314 -45.63900757 752.5822144
vn -0.6891890168 -0.03654617071 0.7236593366
v 69.47792816 -45.67539597 752.7544556
vn -0.5405493379 -0.06162235141 0.8390524983
v 69.71644592 -45.70688629 752.875
vn -0.3707999289 -0.08441438526 0.9248684645
v 69.99012756 -45.73618317 752.9539185
vn -0.1902327836 -0.1045772508 0.9761531949
v 70.28214264 -45.76064682 752.979248
vn 0.005345344543 -0.1217333227 0.9925484657
v 70.58087158 -45.77879333 752.9453735
vn 0.204012692 -0.1345734894 0.9696745872
v 70.86948395 -45.78928375 752.8515015
vn 0.3965160847 -0.1422417313 0.9069411755
v 71.13326263 -45.79149628 752.7017212
vn 0.5716230869 -0.1442813873 0.8077313304
v 71.35719299 -45.78557205 752.506897
vn 0.720766902 -0.1407744437 0.6787323952
v 71.53199005 -45.77257538 752.2820435
vn 0.837829411 -0.1323786974 0.5296392441
v 71.65501404 -45.75416946 752.043457
vn 0.8859567642 -0.1227035373 0.4472409189
v 71.39488983 -48.34428406 751.7737427
vn 0.9502763748 -0.1537036896 0.2708319724
v 71.47480011 -48.32933044 751.50177
vn 0.9742693305 -0.1410053074 0.1758315414
v 71.50157166 -48.30639267 751.2124023
vn 0.9919534922 -0.1250791252 -0.01958284713
v 71.46986389 -48.27587128 750.9171143
vn 0.9704810977 -0.1040217802 -0.2175912559
v 71.37861633 -48.23914719 750.6326294
vn 0.9091609716 -0.07870979607 -0.4089390039
v 71.23181915 -48.19801712 750.3734131
vn 0.811273098 -0.05050554872 -0.5824819207
v 71.04013062 -48.15509415 750.1542969
vn 0.6834332347 -0.02110075951 -0.7297080159
v 70.81848907 -48.11299133 749.9841919
vn 0.5353694558 0.007720185909 -0.8445827365
v 70.5828476 -48.07385635 749.8654785
vn 0.366253227 0.03591653705 -0.9298217893
v 70.31259918 -48.03429031 749.788269
vn 0.1864644885 0.06281101704 -0.9804518223
v 70.02436829 -47.99739838 749.7645264
vn -0.008073961362 0.0881324932 -0.9960760474
v 69.72966003 -47.96503448 749.7994995
vn -0.2057108134 0.1101723835 -0.9723914266
v 69.44506836 -47.93927765 749.894043
vn -0.397233814 0.1277227849 -0.908786118
v 69.18510437 -47.92150879 750.0441284
vn -0.5714769959 0.1397273093 -0.8086348772
v 68.96457672 -47.91252136 750.2388306
vn -0.7197492123 0.1457397193 -0.6787643433
v 68.79259491 -47.91205978 750.4630127
vn -0.8360635042 0.145956859 -0.5288614035
v 68.67173767 -47.91897964 750.7006226
vn -0.9229089022 0.1411614865 -0.3582075238
v 68.59182739 -47.93393707 750.9726562
vn -0.9754458666 0.1307460815 -0.1772308499
v 68.56504822 -47.95687485 751.2619629
vn -0.9932175875 0.114828527 0.0182553716
v 68.59676361 -47.98739624 751.557312
vn -0.971791625 0.09380980581 0.2163810581
v 68.68800354 -48.02411652 751.8417969
vn -0.9104562998 0.06854459643 0.4078860283
v 68.83480072 -48.06524658 752.1010132
vn -0.8125213981 0.04040373862 0.5815294981
v 69.02648926 -48.10816956 752.3201294
vn -0.6846271753 0.01106551569 0.7288094163
v 69.24813843 -48.15027237 752.4902954
vn -0.5364151597 -0.0177229289 0.8437681198
v 69.48377228 -48.18941116 752.6089478
vn -0.3671892583 -0.04588447884 0.9290137887
v 69.75402832 -48.22897339 752.6862183
vn -0.1872958392 -0.07276599109 0.9796047211
v 70.04225159 -48.26586914 752.7099609
vn 0.007418049965 -0.09811468422 0.9951474667
v 70.33695984 -48.29823303 752.6748657
vn 0.20517914 -0.1201990917 0.9713154435
v 70.62155151 -48.32398605 752.5803223
vn 0.3966020644 -0.1377919316 0.9075903296
v 70.8815155 -48.34175873 752.4302979
vn 0.5707561374 -0.1498437375 0.807331562
v 71.10204315 -48.35074234 752.2355957
vn 0.7189441919 -0.1559178531 0.6773542762
v 71.27402496 -48.35120392 752.0114136
vn 0.8350980878 -0.1561854035 0.5274630785
v 71.39488983 -48.34428406 751.7737427
vn 0.8833705187 -0.1476230472 0.4448190331
v 70.99758911 -50.92227173 751.5603638
vn 0.942073822 -0.2028030753 0.2671475708
v 71.07543182 -50.91668701 751.2901001
vn 0.9662718773 -0.191769734 0.1718807369
v 71.10101318 -50.90048218 751.0026855
vn 0.9833314419 -0.180245623 -0.02389074676
v 71.0690918 -50.87355042 750.7095947
vn 0.961561501 -0.1614694744 -0.2220970988
v 70.97868347 -50.83690643 750.4276733
vn 0.9002779722 -0.1361189783 -0.4134866595
v 70.83374023 -50.79230881 750.1709595
vn 0.8028015494 -0.1055660769 -0.5868266225
v 70.64478302 -50.74269867 749.9543457
vn 0.6756486893 -0.07169654965 -0.7337291241
v 70.42650604 -50.69135284 749.786438
vn 0.5285033584 -0.03671554476 -0.8481369019
v 70.19460297 -50.64125824 749.6697388
vn 0.3605686426 -0.0006412757211 -0.9327324629
v 69.92878723 -50.5880661 749.5942993
vn 0.1822134256 0.03528773785 -0.9826256037
v 69.64544678 -50.53557205 749.5720215
vn -0.0108667817 0.07114686072 -0.9974066615
v 69.35588074 -50.48618317 749.6081543
vn -0.2068237364 0.1045578197 -0.9727752209
v 69.07641602 -50.44288635 749.7033691
vn -0.3965731561 0.1338365078 -0.9081946611
v 68.82129669 -50.40793991 749.8534546
vn -0.569075644 0.1572428495 -0.8071106672
v 68.60504913 -50.38316345 750.0477295
vn -0.7158048153 0.1737648249 -0.676335156
v 68.43658447 -50.36907196 750.2711182
vn -0.8307521343 0.1830864996 -0.5256711841
v 68.31840515 -50.36496353 750.5075684
vn -0.9163780212 0.1862168163 -0.35436517
v 68.24056244 -50.37054825 750.7779541
vn -0.9680148959 0.1818914115 -0.1728081703
v 68.21498871 -50.38675308 751.0654297
vn -0.9851040244 0.1704085469 0.02304393984
v 68.2469101 -50.41368866 751.3583984
vn -0.9633227587 0.1516775042 0.221366778
v 68.33731842 -50.45032883 751.6404419
vn -0.9019821286 0.1263674945 0.4128674269
v 68.48225403 -50.49492645 751.8969727
vn -0.804403007 0.09583451599 0.5863032937
v 68.67121887 -50.54454041 752.1137085
vn -0.6771956682 0.0619837828 0.7331876159
v 68.88949585 -50.59588623 752.2816162
vn -0.5299906135 0.02699382789 0.8475737572
v 69.12139893 -50.64597702 752.3983765
vn -0.3619317412 -0.009106704965 0.9321601391
v 69.38720703 -50.69917297 752.4738159
vn -0.1834022701 -0.04509276152 0.982003212
v 69.67055511 -50.75166321 752.4960327
vn 0.009634811431 -0.08096640557 0.9966702461
v 69.96011353 -50.80105209 752.4598999
vn 0.2056348026 -0.1144300029 0.9719156623
v 70.23958588 -50.84434891 752.3646851
vn 0.3953270912 -0.1437530667 0.9072219133
v 70.4947052 -50.87929916 752.2145996
vn 0.5677084327 -0.1671876907 0.8060740829
v 70.71095276 -50.90407562 752.0203247
vn 0.7143720388 -0.1837175637 0.6752188206
v 70.87940979 -50.9181633 751.796936
vn 0.8291851282 -0.193022266 0.524589777
v 70.99758911 -50.92227173 751.5603638
vn 0.8774375916 -0.1872857362 0.4416190386
v 70.44828033 -53.4748497 751.3878174
vn 0.9310309291 -0.2518921793 0.2640677094
v 70.52386475 -53.47690201 751.1193237
vn 0.9551327229 -0.2438145131 0.1681547463
v 70.5482254 -53.46560287 750.8340454
vn 0.9714720845 -0.2355125844 -0.02785366029
v 70.51626587 -53.44041824 750.543457
vn 0.9494286776 -0.2178280503 -0.2261330187
v 70.42705536 -53.40211105 750.2639771
vn 0.8883465528 -0.1912845224 -0.4174334109
v 70.28450775 -53.35248184 750.0098877
vn 0.7915240526 -0.1573038399 -0.5905464888
v 70.09893799 -53.29488373 749.7956543
vn 0.6654530168 -0.1180393696 -0.7370474935
v 69.88478088 -53.23332214 749.6299438
vn 0.5197332501 -0.07617133111 -0.8509261012
v 69.65740204 -53.17162704 749.5149536
vn 0.3534677327 -0.03157614172 -0.9349136353
v 69.39691162 -53.10443115 749.4411621
vn 0.1770242304 0.01375603769 -0.9841103554
v 69.11938477 -53.03630829 749.4200439
vn -0.01375735085 0.06024464592 -0.9980888367
v 68.83590698 -52.97024155 749.4570312
vn -0.20750615 0.1049895138 -0.9725833535
v 68.56244659 -52.91011429 749.5524902
vn -0.3948321342 0.1456853896 -0.9071291685
v 68.31296539 -52.85903549 749.7024536
vn -0.5650844574 0.1799971759 -0.8051587343
v 68.10166168 -52.81977844 749.8960571
vn -0.7096764445 0.2063030899 -0.6736456156
v 67.93722534 -52.79354095 750.1183472
vn -0.8227993846 0.2238574624 -0.5223878026
v 67.82205963 -52.77994537 750.3534546
vn -0.9068873525 0.2337794304 -0.3505746126
v 67.74646759 -52.77789307 750.6219482
vn -0.9573862553 0.2344707102 -0.1686267853
v 67.72210693 -52.7891922 750.9072266
vn -0.9736899734 0.2262118608 0.02749632671
v 67.75406647 -52.81437683 751.1978149
vn -0.9515709877 0.2085492015 0.225875929
v 67.84327698 -52.85268402 751.4772949
vn -0.8903835416 0.1819925904 0.4172479808
v 67.98582458 -52.90231323 751.7312622
vn -0.7934532166 0.1479761004 0.5903685689
v 68.17139435 -52.95991135 751.9456177
vn -0.6673460603 0.1086712629 0.7367765903
v 68.38555145 -53.02147293 752.1112671
vn -0.5215292573 0.06671988964 0.8506207466
v 68.6129303 -53.08316803 752.2262573
vn -0.3552993238 0.0220772922 0.9344918132
v 68.87342072 -53.15036392 752.3001099
vn -0.1787537634 -0.02334832214 0.9836167693
v 69.15094757 -53.21848679 752.3210449
vn 0.01201357879 -0.069884561 0.997482717
v 69.43443298 -53.28455353 752.2841797
vn 0.2056420147 -0.1146296188 0.9718906283
v 69.70788574 -53.34468079 752.1885986
vn 0.392960161 -0.1553378999 0.9063401222
v 69.95736694 -53.39575958 752.0386353
vn 0.5629765391 -0.1895849556 0.8044345379
v 70.16867065 -53.43501663 751.8451538
vn 0.7075130343 -0.2158467919 0.672930479
v 70.33310699 -53.46125412 751.6228638
vn 0.8205889463 -0.2333343625 0.5217172503
v 70.44828033 -53.4748497 751.3878174
vn 0.8682724833 -0.2316879779 0.4386610687
v 69.74640656 -56.05599976 751.2368774
vn 0.9207447171 -0.2891057134 0.262005806
v 69.82004547 -56.0628891 750.970459
vn 0.9439530373 -0.2847121358 0.167008087
v 69.84349823 -56.05433655 750.687561
vn 0.9600443244 -0.278333813 -0.02907185256
v 69.81178284 -56.0295105 750.3994141
vn 0.9381965399 -0.2609274089 -0.2273854762
v 69.72402954 -55.98903656 750.1226196
vn 0.8777601719 -0.2328883559 -0.4186884761
v 69.58407593 -55.93480301 749.8710938
vn 0.7819874287 -0.1957367659 -0.5917624235
v 69.40205383 -55.87052155 749.6590576
vn 0.6573029757 -0.1518351883 -0.7381726503
v 69.19210052 -55.80075455 749.4953613
vn 0.5131500363 -0.1042230278 -0.851947546
v 68.96927643 -55.7299881 749.381958
vn 0.3488130271 -0.0526955761 -0.9357097149
v 68.71408081 -55.65205383 749.3094482
vn 0.174349457 7.530008588e-05 -0.9846838117
v 68.442276 -55.57215118 749.2893066
vn -0.0141606275 0.05483698472 -0.9983949065
v 68.16472626 -55.49369812 749.3265991
vn -0.2056321502 0.1082388088 -0.972625196
v 67.89707947 -55.42126846 749.4220581
vn -0.3908154666 0.1575964987 -0.9068773985
v 67.65298462 -55.3585968 749.5713501
vn -0.5590205193 0.2000243068 -0.8046653867
v 67.44633484 -55.30912018 749.763855
vn -0.7019547224 0.2335461825 -0.6728415489
v 67.28562164 -55.2745018 749.9845581
vn -0.8137190938 0.2570295632 -0.5213415623
v 67.173172 -55.25456619 750.2179565
vn -0.896774292 0.271561414 -0.3493570089
v 67.09953308 -55.24767303 750.484436
vn -0.9465973377 0.2755914032 -0.1673406065
v 67.07608032 -55.2562294 750.767395
vn -0.9626431465 0.269233793 0.02883246168
v 67.10779572 -55.28105545 751.0554199
vn -0.9407218695 0.2518218756 0.2272181511
v 67.19554901 -55.32152557 751.3322754
vn -0.8801925778 0.2237553149 0.4185625613
v 67.33551025 -55.37575912 751.5837402
vn -0.7843273282 0.1865581572 0.591630578
v 67.51753235 -55.4400444 751.7957764
vn -0.6596253514 0.1426136941 0.7379401922
v 67.72748566 -55.5098114 751.9594727
vn -0.5154400468 0.09494938701 0.8516491055
v 67.95030975 -55.58057404 752.072937
vn -0.3511270285 0.0433906056 0.9353219271
v 68.20549774 -55.6585083 752.1454468
vn -0.176655665 -0.009420895949 0.9842276573
v 68.47730255 -55.73841476 752.1655884
vn 0.01193000376 -0.06424126029 0.9978631139
v 68.75485229 -55.81686783 752.1282349
vn 0.2032360286 -0.1176174432 0.9720397592
v 69.02250671 -55.88929367 752.0327759
vn 0.3884255886 -0.1669703126 0.9062265158
v 69.26660156 -55.95196915 751.8834839
vn 0.5564438701 -0.2093298882 0.8040840626
v 69.47325134 -56.00144196 751.6911011
vn 0.69933635 -0.2427946478 0.6722941399
v 69.63396454 -56.03606033 751.4702759
vn 0.811095953 -0.2662334442 0.5208100677
v 69.74640656 -56.05599976 751.2368774
vn 0.8583999872 -0.269471854 0.4365024269
v 68.98738098 -58.49118423 751.1013184
vn 0.9122576118 -0.3160602152 0.2605609
v 69.05974579 -58.50019455 750.8370972
vn 0.935112834 -0.313952148 0.1643107831
v 69.08277893 -58.49243927 750.5564575
vn 0.9508088827 -0.3081355691 -0.03185755759
v 69.05160522 -58.46695709 750.2709351
vn 0.9289007783 -0.2901133597 -0.2301686406
v 68.96534729 -58.42433548 749.99646
vn 0.8687866926 -0.2602650225 -0.4212740064
v 68.82778931 -58.36655426 749.7472534
vn 0.7736960053 -0.2201996744 -0.5940594077
v 68.64889526 -58.29758453 749.5373535
vn 0.6500018239 -0.1724627316 -0.7401041985
v 68.44255066 -58.22236252 749.3753052
vn 0.507119 -0.1204136387 -0.853423059
v 68.22355652 -58.14577103 749.2631836
vn 0.3442792892 -0.06370485574 -0.9367035031
v 67.97275543 -58.06112289 749.1915894
vn 0.1713330299 -0.005522841588 -0.9851976633
v 67.70562744 -57.97403336 749.1721191
vn -0.01552766189 0.05513948575 -0.998357892
v 67.4328537 -57.88820648 749.2095947
vn -0.2051050216 0.114472352 -0.9720226526
v 67.16982269 -57.8086319 749.3046265
vn -0.3884251416 0.1695859134 -0.9057408571
v 66.92993927 -57.73939896 749.453064
vn -0.5548707247 0.2172586173 -0.8030673265
v 66.72685242 -57.68432999 749.6442261
vn -0.6962492466 0.2552511096 -0.6708829403
v 66.56891632 -57.64531326 749.8633423
vn -0.8067787886 0.2822703421 -0.5190678835
v 66.4584198 -57.62225342 750.0950317
vn -0.8888679743 0.2993379831 -0.3468579948
v 66.38606262 -57.6132431 750.359375
vn -0.9380147457 0.3049739599 -0.1646790057
v 66.36302185 -57.62099457 750.6398926
vn -0.9536820054 0.2991575003 0.03154973686
v 66.39420319 -57.64648056 750.9254761
vn -0.9317286015 0.28112638 0.2298907042
v 66.48045349 -57.68909836 751.1999512
vn -0.8715454936 0.2512446642 0.4210517704
v 66.61801147 -57.74687958 751.4491577
vn -0.7763745785 0.2111473382 0.5938512683
v 66.79691315 -57.8158493 751.6590576
vn -0.6526635289 0.1633973271 0.7398186326
v 67.00325775 -57.89107132 751.821106
vn -0.5097506642 0.1113146022 0.8530904651
v 67.22224426 -57.96766663 751.9331665
vn -0.3469281197 0.054593537 0.9363014698
v 67.47305298 -58.05231094 752.0047607
vn -0.1740062982 -0.003596930532 0.9847379923
v 67.74017334 -58.13940048 752.024231
vn 0.0128364712 -0.06426145136 0.9978505373
v 68.01294708 -58.22522736 751.9868774
vn 0.2023100257 -0.1235704347 0.9714941978
v 68.27597809 -58.30480576 751.8917847
vn 0.3857525885 -0.1787106991 0.9051284194
v 68.51586151 -58.3740387 751.7432861
vn 0.5520757437 -0.2263368964 0.8024861217
v 68.71894836 -58.42910767 751.5521851
vn 0.693382442 -0.2642948925 0.670349896
v 68.87688446 -58.46812057 751.3330078
vn 0.8038907051 -0.2912817597 0.5185698271
v 68.98738098 -58.49118423 751.1013184
vn 0.8499201536 -0.2973032892 0.4350247383
v 68.14797211 -60.96489334 750.9588623
vn 0.9057133198 -0.335231483 0.2594287694
v 68.21954346 -60.97435379 750.6967773
vn 0.9282333851 -0.3340968788 0.1635912806
v 68.24256897 -60.96611023 750.4186401
vn 0.9441385865 -0.3279358447 -0.03256409243
v 68.21222687 -60.93914032 750.1355591
vn 0.9227017164 -0.3087847829 -0.2308104336
v 68.1276474 -60.8940773 749.8637085
vn 0.8632989526 -0.2770070434 -0.4218791425
v 67.99253082 -60.83301163 749.6168213
vn 0.7691514492 -0.2343717068 -0.5945384502
v 67.81666565 -60.76013947 749.4089355
vn 0.6465713978 -0.1835575104 -0.7404404283
v 67.61371613 -60.68067169 749.2484741
vn 0.5048190951 -0.128093183 -0.8536684513
v 67.39824677 -60.59976578 749.1376343
vn 0.3433248997 -0.06762570888 -0.9367789626
v 67.15142059 -60.51036835 749.0670166
vn 0.1716146469 -0.005643469281 -0.9851480126
v 66.88845062 -60.41839981 749.0479126
vn -0.01389309391 0.05897020176 -0.9981630445
v 66.61985779 -60.32777405 749.0853882
vn -0.2021872103 0.1222002506 -0.9716930985
v 66.36077881 -60.24376297 749.1799316
vn -0.3843396306 0.1809472442 -0.90528512
v 66.12442017 -60.17068481 749.3273315
vn -0.5498008132 0.231767714 -0.8024978638
v 65.92424774 -60.11257172 749.5170898
vn -0.6903883219 0.2722761929 -0.6702459455
v 65.76848602 -60.07141495 749.7344971
vn -0.8003870845 0.3011027575 -0.5183798671
v 65.65940857 -60.0471077 749.9642334
vn -0.8821927309 0.3192560971 -0.3461380899
v 65.58784485 -60.03764725 750.2263184
vn -0.9312834144 0.3253056109 -0.1639740169
v 65.56481171 -60.04589081 750.5045166
vn -0.9471598864 0.3191417158 0.03219889849
v 65.59515381 -60.07286072 750.7875366
vn -0.9256818295 0.2999733686 0.2304974496
v 65.67973328 -60.11792374 751.0593872
vn -0.8662447929 0.2681794465 0.421544522
v 65.81484985 -60.17898941 751.3062744
vn -0.7720406055 0.2255093008 0.5942212343
v 65.99071503 -60.25186157 751.5141602
vn -0.6494286656 0.1746743321 0.7400887012
v 66.19366455 -60.33132935 751.6746216
vn -0.5076130033 0.1191875115 0.8533014655
v 66.40913391 -60.41223526 751.7854614
vn -0.3460738957 0.05869463459 0.9363694787
v 66.65596008 -60.50163269 751.8560791
vn -0.1744842827 -0.0032444112 0.9846546054
v 66.91893005 -60.59360123 751.8751221
vn 0.01103729382 -0.06787272543 0.9976329207
v 67.18752289 -60.68422699 751.8377075
vn 0.1992303431 -0.131076172 0.9711468816
v 67.44660187 -60.76823807 751.7431641
vn 0.3813994825 -0.1898214668 0.9047111273
v 67.68296051 -60.84131622 751.5957642
vn 0.5468349457 -0.240619868 0.8019186854
v 67.88313293 -60.89943314 751.4060059
vn 0.6873458624 -0.2810962796 0.6697317362
v 68.03889465 -60.94058609 751.1885986
vn 0.7973633409 -0.3099130392 0.5178471208
v 68.14797211 -60.96489334 750.9588623
vn 0.8431539536 -0.3175184429 0.4339049459
v 67.26556396 -63.42259979 750.8016968
vn 0.9005327821 -0.3496370316 0.2584466636
v 67.33686066 -63.43105316 750.5418701
vn 0.9229997396 -0.3487299681 0.162661925
v 67.36031342 -63.42113495 750.2661743
vn 0.9393500686 -0.3413287699 -0.03340838104
v 67.33113098 -63.39185333 749.9857178
vn 0.9185547829 -0.3203881681 -0.2315351814
v 67.24841309 -63.34394073 749.7163086
vn 0.8599663973 -0.28632164 -0.4224662185
v 67.11577606 -63.27962494 749.4717407
vn 0.7667396069 -0.2410165519 -0.5949969888
v 66.94283295 -63.20331192 749.2659302
vn 0.6451804042 -0.1873310804 -0.7407086492
v 66.74305725 -63.12042618 749.1070557
vn 0.5044614077 -0.1289645582 -0.8537486792
v 66.53079987 -63.03630829 748.9974365
vn 0.3440355062 -0.06546798348 -0.9366714954
v 66.28749847 -62.94361877 748.9276123
vn 0.1733803302 -0.0006729784072 -0.9848546982
v 66.02813721 -62.84853363 748.9089355
vn -0.01126710698 0.06678839773 -0.9977035522
v 65.76308441 -62.75512314 748.9463501
vn -0.1985800564 0.1325057596 -0.9710860848
v 65.50725555 -62.66882706 749.0402222
vn -0.3800036609 0.1934013218 -0.9045403004
v 65.27371216 -62.59409332 749.1865234
vn -0.5448815823 0.2458537519 -0.8016607761
v 65.07574463 -62.53503036 749.3747559
vn -0.68513304 0.2874359787 -0.6693080664
v 64.92150879 -62.49362183 749.5903931
vn -0.794944644 0.3167249262 -0.5174440742
v 64.81330109 -62.46967316 749.8181763
vn -0.8768001199 0.3347376585 -0.3452133238
v 64.74201202 -62.4612236 750.0780029
vn -0.9261226654 0.3401351571 -0.1631099135
v 64.71855927 -62.47114182 750.3536377
vn -0.9424464703 0.3327251673 0.03299506009
v 64.7477417 -62.50042343 750.6341553
vn -0.9216088057 0.3117631674 0.2311729044
v 64.83045959 -62.54833221 750.9034424
vn -0.8629801869 0.2776765525 0.422091186
v 64.96309662 -62.61265182 751.1480713
vn -0.769723475 0.2323551923 0.5945896506
v 65.13603973 -62.68896484 751.3539429
vn -0.6481679082 0.178662017 0.7402420044
v 65.33581543 -62.77184677 751.5126953
vn -0.5074034929 0.1202755645 0.8532733917
v 65.54807281 -62.85596848 751.6224365
vn -0.346881032 0.05673803762 0.93619138
v 65.79137421 -62.94865799 751.6921997
vn -0.1763218194 -0.00802209042 0.9842998981
v 66.05073547 -63.04374313 751.7108765
vn 0.00823922921 -0.07544411719 0.9971159697
v 66.31578827 -63.13715363 751.6734619
vn 0.1956479549 -0.1411989629 0.9704559445
v 66.57161713 -63.22344589 751.5795898
vn 0.3769612014 -0.2020584494 0.9039207101
v 66.80516052 -63.29817963 751.4332886
vn 0.5418189764 -0.2544911206 0.8010408878
v 67.00312805 -63.3572464 751.2449951
vn 0.6819677353 -0.2960344851 0.668792665
v 67.15736389 -63.39865494 751.02948
vn 0.7918077707 -0.3253239989 0.5169184804
v 67.26556396 -63.42259979 750.8016968
vn 0.8374547958 -0.3335888386 0.4328832626
v 66.35493469 -65.8688736 750.6185303
vn 0.8965901136 -0.3602525294 0.2575738132
v 66.42651367 -65.87483978 750.361084
vn 0.9192402363 -0.3588711917 0.1618915796
v 66.45088196 -65.86197662 750.0879517
vn 0.9364005327 -0.3492818773 -0.03400360793
v 66.42324829 -65.82939148 749.8100586
vn 0.916543901 -0.3257990777 -0.2319532037
v 66.34266663 -65.77798462 749.5432739
vn 0.8589901924 -0.2889412045 -0.4226686656
v 66.21263123 -65.71015167 749.3010864
vn 0.766838491 -0.2407692075 -0.5949696898
v 66.04260254 -65.63052368 749.097229
vn 0.6463187933 -0.1842671037 -0.7404847145
v 65.84584045 -65.54468536 748.9400024
vn 0.50654459 -0.1232916713 -0.8533532023
v 65.63654327 -65.45809937 748.8314819
vn 0.3469602168 -0.05726156011 -0.9361301661
v 65.39637756 -65.36319733 748.7624512
vn 0.1771546155 0.009583907202 -0.984136343
v 65.14013672 -65.26638031 748.7442017
vn -0.006849138997 0.07885668427 -0.9968624115
v 64.87801361 -65.17182922 748.7813721
vn -0.1937198937 0.1459591687 -0.9701384306
v 64.62477112 -65.08508301 748.8745728
vn -0.3748297691 0.2076884955 -0.9035309553
v 64.39331818 -65.01061249 749.0197144
vn -0.5396108031 0.2603920996 -0.800634861
v 64.19685364 -64.95248413 749.2062988
vn -0.6799464226 0.3016514182 -0.668340683
v 64.04348755 -64.9125824 749.4200439
vn -0.7900722027 0.3301352262 -0.5165235996
v 63.93556595 -64.89054871 749.6456909
vn -0.8724176884 0.3468053341 -0.3444029689
v 63.86398315 -64.88458252 749.9031982
vn -0.9223822355 0.3504750133 -0.1624139696
v 63.83961487 -64.89744568 750.1763306
vn -0.9395133257 0.3408679068 0.03352343291
v 63.86724472 -64.93003082 750.4541626
vn -0.9196152687 0.317363292 0.2314914465
v 63.94783401 -64.98143768 750.7210083
vn -0.8620060682 0.2804762423 0.4222305119
v 64.0778656 -65.04927063 750.9632568
vn -0.7698090672 0.2322739363 0.5945105553
v 64.24789429 -65.12889862 751.1670532
vn -0.6492797136 0.1757643819 0.7399612665
v 64.44465637 -65.21473694 751.3242798
vn -0.5095002651 0.1147840694 0.8527802229
v 64.65395355 -65.30133057 751.4327393
vn -0.3499198854 0.04875465855 0.9355100393
v 64.89411926 -65.39622498 751.50177
vn -0.1800509095 -0.01811557449 0.9834904671
v 65.15036011 -65.49304199 751.5200806
vn 0.003786884015 -0.08732670546 0.9961725473
v 65.41248322 -65.58759308 751.4829102
vn 0.190686807 -0.1544297487 0.9694276452
v 65.66572571 -65.67433929 751.3897095
vn 0.3717242479 -0.2161191553 0.9028363824
v 65.89717865 -65.74880981 751.2446289
vn 0.53644526 -0.2687959969 0.7999844551
v 66.09364319 -65.80693817 751.0580444
vn 0.6767993569 -0.3100494146 0.6676915288
v 66.24700928 -65.8468399 750.8442993
vn 0.7869089246 -0.3385278583 0.5159198046
v 66.35493469 -65.8688736 750.6185303
vn 0.832608819 -0.3466757834 0.4319472611
v 65.42965698 -68.306427 750.3956909
vn 0.8939207196 -0.3673125207 0.2568798959
v 65.50222778 -68.30809784 750.1408081
vn 0.9170392156 -0.3646971881 0.1613537669
v 65.5281601 -68.29064941 749.8703613
vn 0.935528338 -0.3515914679 -0.03420785815
v 65.50261688 -68.25337219 749.5952148
vn 0.9170563221 -0.3244490623 -0.2318199724
v 65.42456055 -68.19743347 749.3309937
vn 0.8608779311 -0.2839370072 -0.4222190678
v 65.29737854 -68.12545776 749.0913086
vn 0.7700023055 -0.2323398888 -0.5942344666
v 65.13033295 -68.04231262 748.8895264
vn 0.6506298184 -0.1728290468 -0.7394666672
v 64.93650818 -67.95372772 748.7338867
vn 0.5117694736 -0.1093504503 -0.852135241
v 64.72994232 -67.86520386 748.6265259
vn 0.3529845178 -0.04119740799 -0.9347217083
v 64.49255371 -67.76902008 748.5582886
vn 0.1836964339 0.02703951113 -0.9826110601
v 64.23890686 -67.67176056 748.5402832
vn 2.981512807e-05 0.09712319821 -0.9952723384
v 63.97907639 -67.57769775 748.5772095
vn -0.1868372262 0.1643523127 -0.9685453773
v 63.72768021 -67.49238586 748.6695557
vn -0.3681779206 0.2254483849 -0.9020077586
v 63.49751663 -67.42023468 748.8132935
vn -0.53347826 0.2768139541 -0.7992340326
v 63.30171967 -67.36515045 748.9981079
vn -0.6745460033 0.3161215484 -0.667124331
v 63.14844513 -67.32875824 749.2097778
vn -0.7855737209 0.3422056437 -0.5155281425
v 63.04008484 -67.31046295 749.4332886
vn -0.86900419 0.3559806347 -0.3436706066
v 62.96750259 -67.30879211 749.6882324
vn -0.9201568961 0.3564838469 -0.1619583666
v 62.94158173 -67.32624054 749.9586792
vn -0.9386066198 0.3433441818 0.0336512737
v 62.96711731 -67.36351776 750.2337036
vn -0.9200852513 0.3161601424 0.2312702239
v 63.04516983 -67.41945648 750.4979858
vn -0.863855958 0.2756114602 0.4216529131
v 63.17235565 -67.49142456 750.7377319
vn -0.7729152441 0.2239717692 0.5936654806
v 63.33940506 -67.57457733 750.9394531
vn -0.6535142064 0.1644311696 0.738838017
v 63.53322601 -67.6631546 751.0950928
vn -0.5147311091 0.1009797305 0.8513841629
v 63.73979187 -67.7516861 751.2023926
vn -0.3558956087 0.03281034529 0.9339495897
v 63.97718048 -67.84786987 751.2706299
vn -0.1865854263 -0.03543127328 0.9817996025
v 64.23082733 -67.94512939 751.2886963
vn -0.002986460924 -0.1054679528 0.9944182038
v 64.49065399 -68.0391922 751.2518311
vn 0.1837988645 -0.1726426333 0.9676840901
v 64.7420578 -68.12450409 751.1594238
vn 0.3651157916 -0.2337078601 0.901149869
v 64.97222137 -68.19665527 751.0157471
vn 0.5303260684 -0.285027951 0.7984443307
v 65.16801453 -68.2517395 750.8309326
vn 0.6714116931 -0.3243221343 0.6663493514
v 65.32128906 -68.28813171 750.6192017
vn 0.7824639082 -0.3504037857 0.5147498846
v 65.42965698 -68.306427 750.3956909
vn 0.8285109401 -0.3576144576 0.4309078157
v 64.5063858 -70.7375412 750.1109619
vn 0.8922079206 -0.3719398081 0.256175369
v 64.58094025 -70.73232269 749.8589478
vn 0.9162738919 -0.3669085503 0.1606867164
v 64.60933685 -70.70785522 749.5914917
vn 0.9366499782 -0.3485849202 -0.03428451344
v 64.58669281 -70.66372681 749.3195801
vn 0.9200466275 -0.3162594736 -0.2312880307
v 64.5118103 -70.60150146 749.0583496
vn 0.8656368852 -0.2708396316 -0.421092242
v 64.38790894 -70.5241394 748.821228
vn 0.7763198018 -0.2149008662 -0.5925750732
v 64.22406769 -70.43678284 748.6217041
vn 0.6582043767 -0.1518038362 -0.7373754382
v 64.0331955 -70.34532166 748.4677734
vn 0.5203507543 -0.08568220586 -0.8496432304
v 63.82919312 -70.25521088 748.3615723
vn 0.3622784317 -0.01559315436 -0.9319394827
v 63.59421921 -70.15861511 748.2940674
vn 0.1931963861 0.05357599631 -0.9796962738
v 63.34260178 -70.06230927 748.2761841
vn 0.009553313255 0.1235687509 -0.99229002
v 63.08430481 -69.97062683 748.3125
vn -0.177649349 0.1896459609 -0.9656475186
v 62.83382416 -69.88906097 748.4036865
vn -0.3598424196 0.2486154139 -0.8992795944
v 62.60392761 -69.82185364 748.5458374
vn -0.5262647271 0.2969019413 -0.7968028188
v 62.40774536 -69.77255249 748.7285156
vn -0.6686968803 0.3324101269 -0.6650924683
v 62.25350952 -69.74240112 748.9377441
vn -0.7812196016 0.3542484939 -0.5140076876
v 62.14373398 -69.73039246 749.1586914
vn -0.8663598299 0.363299191 -0.3426869512
v 62.06917953 -69.73561096 749.4107056
vn -0.919303596 0.3588814735 -0.1615083516
v 62.04078674 -69.76007843 749.6781006
vn -0.939638555 0.3405248225 0.03350004926
v 62.06342697 -69.80421448 749.9500732
vn -0.9229838848 0.3081577718 0.2305200547
v 62.13830948 -69.86643982 750.2113037
vn -0.8685374856 0.26270473 0.4202723205
v 62.26220703 -69.94380188 750.4484253
vn -0.7791862488 0.20673576 0.591717124
v 62.42604446 -70.03115082 750.6478882
vn -0.6610305309 0.1436194032 0.7364863157
v 62.61692047 -70.122612 750.8018188
vn -0.5232374668 0.0775134638 0.8486543298
v 62.82092285 -70.21272278 750.9080811
vn -0.3651502728 0.007429171354 0.930918932
v 63.05590057 -70.30932617 750.9755859
vn -0.1961560845 -0.06168789044 0.9786303639
v 63.30751801 -70.40563202 750.9935303
vn -0.01251801383 -0.1316687912 0.9912147522
v 63.56580734 -70.49730682 750.9571533
vn 0.1747373492 -0.1977446079 0.9645537734
v 63.81628799 -70.57887268 750.8659058
vn 0.3568433821 -0.2566581368 0.8982145786
v 64.04618835 -70.64608765 750.7238159
vn 0.5231567621 -0.3048991859 0.7958288193
v 64.24237061 -70.69538116 750.5411987
vn 0.6655866504 -0.3404023945 0.6641691327
v 64.39661407 -70.72554016 750.3319702
vn 0.7781727314 -0.3622520864 0.5130503178
v 64.5063858 -70.7375412 750.1109619
vn 0.824891448 -0.3673024178 0.4297011197
v 63.57779694 -73.2144928 749.7340698
vn 0.8906853199 -0.3761349916 0.2553471625
v 63.65502167 -73.20045471 749.4854126
vn 0.9157420397 -0.3679107726 0.1614254862
v 63.68657303 -73.16705322 749.2216187
vn 0.9386337996 -0.3433746397 -0.03256415203
v 63.66744995 -73.11426544 748.9532471
vn 0.9245164394 -0.3049288094 -0.2286651731
v 63.59628296 -73.04418945 748.6954346
vn 0.8724421859 -0.2537822425 -0.4176591635
v 63.47612 -72.96016693 748.4613647
vn 0.7851641178 -0.1928444207 -0.588496685
v 63.31578827 -72.86772156 748.2644043
vn 0.6686903238 -0.1257038265 -0.7328382134
v 63.12802505 -72.77288055 748.1124268
vn 0.531968236 -0.05661103502 -0.8448697925
v 62.92662048 -72.68105316 748.0073853
vn 0.3747185171 0.01540086232 -0.927010715
v 62.69395447 -72.5842514 747.9406128
vn 0.2060776949 0.08527164161 -0.9748131633
v 62.4441452 -72.48950195 747.9227295
vn 0.02226320282 0.1548967659 -0.9876797795
v 62.18701935 -72.40119934 747.9584351
vn -0.1656058133 0.2193278819 -0.9614936113
v 61.93697739 -72.32472992 748.0482178
vn -0.3488702774 0.275383085 -0.8957977891
v 61.70676041 -72.26408386 748.1881714
vn -0.5168941021 0.3197361827 -0.7940965295
v 61.50952911 -72.22238922 748.3682861
vn -0.6612362266 0.3504957855 -0.663264215
v 61.35365295 -72.2003479 748.574585
vn -0.7758968472 0.3671140075 -0.5130413771
v 61.24182129 -72.19645691 748.7925415
vn -0.8633272052 0.3704232574 -0.3427138925
v 61.16459656 -72.21050262 749.0411377
vn -0.9186507463 0.360085845 -0.1625391841
v 61.13305283 -72.24390411 749.3049927
vn -0.9415045977 0.3355286121 0.03145868704
v 61.1521759 -72.29668427 749.5733643
vn -0.9273484945 0.2970640063 0.2275471687
v 61.2233429 -72.36676025 749.8311768
vn -0.8752373457 0.2459019125 0.4165234864
v 61.34350586 -72.45078278 750.0651855
vn -0.7879440784 0.1849593073 0.5873109698
v 61.50383759 -72.54322815 750.262146
vn -0.6714513898 0.1178157404 0.7316231728
v 61.6916008 -72.63806915 750.4141846
vn -0.5347635746 0.04874809459 0.8435944319
v 61.89299774 -72.72989655 750.519165
vn -0.3775675595 -0.02324280702 0.9256902933
v 62.12566376 -72.8266983 750.5859375
vn -0.2089223713 -0.09311435372 0.9734891653
v 62.37548065 -72.92144775 750.6038208
vn -0.02514408156 -0.1627081186 0.9863538146
v 62.63260651 -73.00975037 750.5681763
vn 0.1627176106 -0.2271336317 0.9601735473
v 62.88264847 -73.08622742 750.4783325
vn 0.3459422588 -0.2831772268 0.894502461
v 63.11286545 -73.14686584 750.3383789
vn 0.5138726234 -0.3275033832 0.7928912044
v 63.31008911 -73.18856049 750.1582642
vn 0.6582478881 -0.3582738638 0.6620797515
v 63.46596527 -73.21060181 749.9519653
vn 0.7729533315 -0.3749090731 0.5118460059
v 63.57779694 -73.2144928 749.7340698
vn 0.8212493658 -0.3770542443 0.4282284677
v 62.70500183 -75.5787735 749.2794189
vn 0.8886899352 -0.3816358447 0.2541343272
v 62.7848053 -75.55612183 749.0344238
vn 0.9153121114 -0.3696402311 0.1599057168
v 62.8194046 -75.51392365 748.774353
vn 0.9405235052 -0.3381400704 -0.03281442076
v 62.80373001 -75.45252991 748.5098267
vn 0.9286859035 -0.2928067148 -0.2276108712
v 62.73620987 -75.37452698 748.2556152
vn 0.8787375093 -0.2351780683 -0.4153452516
v 62.6197052 -75.28369141 748.0249023
vn 0.7933368683 -0.1685709506 -0.5849790573
v 62.46282959 -75.18590546 747.8305664
vn 0.6784240007 -0.09684514254 -0.7282595038
v 62.27815247 -75.08737183 747.680542
vn 0.5428434014 -0.02438569255 -0.839479804
v 62.07934189 -74.99346161 747.5769653
vn 0.3862474561 0.04990623891 -0.9210441113
v 61.84899521 -74.8960495 747.5109863
vn 0.2178571522 0.120779708 -0.9684784412
v 61.60100555 -74.80238342 747.4931641
vn 0.03401182964 0.1900226325 -0.9811903834
v 61.34508896 -74.71695709 747.5280762
vn -0.1545737088 0.2527726591 -0.9550983906
v 61.09553909 -74.64508057 747.6164551
vn -0.3389094472 0.3057273626 -0.8897590637
v 60.86506653 -74.59053802 747.7543335
vn -0.5083096623 0.3457407951 -0.7887234092
v 60.66688156 -74.55602264 747.9317017
vn -0.6543930769 0.3712490797 -0.6587441564
v 60.50945282 -74.54174805 748.1349487
vn -0.7709820271 0.3820595741 -0.5095264316
v 60.39563751 -74.54569244 748.3496094
vn -0.8605606556 0.3789901435 -0.3402967453
v 60.31584167 -74.56835175 748.5946655
vn -0.9181043506 0.3620377779 -0.1612856835
v 60.28123474 -74.61054993 748.8547363
vn -0.9432762265 0.330517143 0.03143877536
v 60.29692078 -74.67194366 749.1192627
vn -0.9313966632 0.2851654589 0.2262320071
v 60.36444092 -74.74994659 749.3734741
vn -0.8814325929 0.227544114 0.4138843119
v 60.48094559 -74.84078217 749.604248
vn -0.7960025072 0.1609271318 0.5835087895
v 60.63780975 -74.93856812 749.798584
vn -0.6810544133 0.0891964063 0.7267798185
v 60.82249832 -75.03710175 749.9484863
vn -0.5454795957 0.01675917581 0.8379565477
v 61.02130127 -75.13101196 750.052124
vn -0.3889896572 -0.05746872351 0.9194478989
v 61.25164413 -75.22842407 750.1181641
vn -0.2206666768 -0.1283227801 0.9668709636
v 61.49964142 -75.32209015 750.1359863
vn -0.03672693297 -0.197603628 0.9795937538
v 61.75555801 -75.40751648 750.1009521
vn 0.1517497748 -0.2603071928 0.9535261989
v 62.00511169 -75.47939301 750.0126343
vn 0.3359920382 -0.3132412732 0.888250649
v 62.23558426 -75.53393555 749.8748169
vn 0.5054396391 -0.353271395 0.7872293591
v 62.43376541 -75.56845093 749.6974487
vn 0.6515266299 -0.3787968755 0.6572868228
v 62.59119797 -75.58272552 749.4941406
vn 0.7681645155 -0.389624238 0.5080513954
v 62.70500183 -75.5787735 749.2794189
vn 0.8171547651 -0.388354063 0.4259568453
v 61.82777405 -77.97946167 748.7199707
vn 0.8862346411 -0.3884603083 0.2523622811
v 61.91003036 -77.94845581 748.4788818
vn 0.91400069 -0.3731366396 0.1592851877
v 61.9475975 -77.89763641 748.2229004
vn 0.9416080713 -0.3351919055 -0.03194661811
v 61.93527603 -77.82774353 747.9625244
vn 0.9321693182 -0.2834192812 -0.2252416909
v 61.87136078 -77.74183655 747.7122803
vn 0.884503305 -0.2196403742 -0.4115969539
v 61.75851822 -77.64409637 747.4851074
vn 0.8011229038 -0.14753443 -0.5800307393
v 61.6051445 -77.54079437 747.2937622
vn 0.6879063845 -0.07126434892 -0.7222923636
v 61.4236145 -77.43832397 747.1460571
vn 0.5535982847 0.00463950308 -0.8327709436
v 61.22747421 -77.3420639 747.0439453
vn 0.3979350924 0.081282489 -0.9138056636
v 60.9995575 -77.2436676 746.9787598
vn 0.2299925685 0.1534423083 -0.9610196948
v 60.75353622 -77.15067291 746.9611206
vn 0.04614960402 0.2227826118 -0.973775208
v 60.49898148 -77.06768036 746.9954834
vn -0.1427977234 0.2842794359 -0.9480474591
v 60.25010681 -76.99993134 747.0823364
vn -0.3281338513 0.334746778 -0.8833304644
v 60.01955795 -76.95101929 747.2178955
vn -0.4988545179 0.3710721135 -0.7832302451
v 59.82057953 -76.92326355 747.3922729
vn -0.6466477513 0.3919848204 -0.654365778
v 59.66175842 -76.91637421 747.5922852
vn -0.7651786208 0.3976200521 -0.5063595176
v 59.54610443 -76.9278717 747.8036499
vn -0.8569102883 0.3887705803 -0.3384703696
v 59.46384811 -76.95887756 748.0447998
vn -0.9166840911 0.3657748699 -0.1609317511
v 59.42628098 -77.00968933 748.3007202
vn -0.9442552328 0.3278181851 0.03028743342
v 59.43859863 -77.07958984 748.5610962
vn -0.9347808957 0.2760349512 0.2235830575
v 59.5025177 -77.16549683 748.8113403
vn -0.8870997429 0.2122790217 0.4098678231
v 59.61536026 -77.263237 749.0385742
vn -0.8037323356 0.1402043849 0.5782361627
v 59.76872635 -77.366539 749.2299194
vn -0.6904871464 0.06392999738 0.7205140591
v 59.95026398 -77.46900177 749.3776245
vn -0.5562201142 -0.01193301938 0.8309493065
v 60.14640427 -77.56526947 749.4797363
vn -0.4005204439 -0.08857627958 0.9119964838
v 60.37432098 -77.66366577 749.5447388
vn -0.2326378971 -0.1607050449 0.9591941833
v 60.62034988 -77.75665283 749.5623779
vn -0.0488695614 -0.2300217003 0.9719576836
v 60.874897 -77.83965302 749.5280762
vn 0.1400779784 -0.2915210128 0.9462524056
v 61.1237793 -77.90740204 749.4412842
vn 0.3252722919 -0.3419632316 0.8816229701
v 61.35432053 -77.95631409 749.3057861
vn 0.4960750043 -0.3783382177 0.7815176249
v 61.55329895 -77.98406982 749.1312256
vn 0.6439172626 -0.3992804587 0.6526451111
v 61.71212769 -77.99095917 748.9312134
vn 0.7624551058 -0.4049377143 0.5046659112
v 61.82777405 -77.97946167 748.7199707
vn 0.8127166033 -0.4006587267 0.4230417311
v 60.96010971 -80.36151123 748.0725708
vn 0.8833619356 -0.3964278102 0.2500333488
v 61.0442543 -80.3237381 747.835144
vn 0.9121122956 -0.3783938885 0.1576998234
v 61.08421707 -80.26584625 747.5831909
vn 0.9416858554 -0.3349612951 -0.03207331151
v 61.07474518 -80.18885803 747.3268433
vn 0.9342443943 -0.2775975764 -0.2238905281
v 61.01396942 -80.09625244 747.0805054
vn 0.8885263205 -0.2084142119 -0.4087596536
v 60.9044075 -79.99254608 746.8569336
vn 0.80690521 -0.1313540637 -0.5758907199
v 60.75426483 -79.88434601 746.6685791
vn 0.6951985359 -0.05087069422 -0.7170155048
v 60.57572174 -79.77823639 746.5231934
vn 0.5620693564 0.02834986895 -0.8266041279
v 60.38220978 -79.67960358 746.4227295
vn 0.4072185159 0.107405968 -0.9069933891
v 60.15678406 -79.57991791 746.3587036
vn 0.2398617715 0.1810640842 -0.9537726045
v 59.91288376 -79.48697662 746.3413696
vn 0.05623505637 0.2509129643 -0.9663748145
v 59.6599884 -79.4054718 746.3751221
vn -0.1329255551 0.3118386567 -0.9407908916
v 59.41215897 -79.34062958 746.4606934
vn -0.3187887371 0.3605727851 -0.8765620589
v 59.18200302 -79.29592133 746.5941772
vn -0.4906086028 0.3941939771 -0.7771192193
v 58.9827652 -79.27336121 746.7659302
vn -0.6396291256 0.4114988446 -0.6492636204
v 58.8230896 -79.27227783 746.9628906
vn -0.7596587539 0.4129556417 -0.5023806095
v 58.70612335 -79.28980255 747.1708984
vn -0.853102684 0.3993441761 -0.3357678652
v 58.62197876 -79.32757568 747.4083252
vn -0.9147022367 0.3712907434 -0.1595711559
v 58.58201599 -79.3854599 747.6602783
vn -0.9442467093 0.327853471 0.03017048165
v 58.5914917 -79.46245575 747.916626
vn -0.9367859364 0.270494163 0.2219571471
v 58.65226746 -79.55506134 748.1629639
vn -0.891056776 0.2013283223 0.4067980945
v 58.76182938 -79.65876007 748.3865967
vn -0.8094557524 0.1243132949 0.5738707185
v 58.91197205 -79.76696014 748.5749512
vn -0.6977254748 0.04383228719 0.7150229812
v 59.09051895 -79.87307739 748.7202759
vn -0.5646557808 -0.03533982113 0.8245695829
v 59.28402328 -79.97170258 748.8208008
vn -0.4098991156 -0.1143413335 0.9049357772
v 59.50946045 -80.07138824 748.8847656
vn -0.2424758673 -0.1880271137 0.9517621994
v 59.75335312 -80.16432953 748.9021606
vn -0.05891611055 -0.2578579783 0.9643848538
v 60.0062561 -80.24584198 748.8683472
vn 0.1301904023 -0.3187796474 0.9388450384
v 60.25408173 -80.31067657 748.7828369
vn 0.3161148727 -0.3675508201 0.8746300936
v 60.48424149 -80.35538483 748.649353
vn 0.4878630638 -0.4011823237 0.7752692103
v 60.68347931 -80.37794495 748.4775391
vn 0.6369928718 -0.4185354412 0.6473547816
v 60.84314728 -80.37902832 748.2805786
vn 0.7570397258 -0.4200182855 0.5004752278
v 60.96010971 -80.36151123 748.0725708
vn 0.8081480265 -0.4133697152 0.4195500016
v 60.09282684 -82.72450256 747.3580933
vn 0.8804731369 -0.4043403864 0.2475396693
v 60.17794037 -82.68257904 747.1238403
vn 0.9097795486 -0.3848005235 0.1556591243
v 60.21938324 -82.620224 746.8752441
vn 0.9406890273 -0.3376594782 -0.03301855549
v 60.21186066 -82.53862762 746.6223755
vn 0.9346479774 -0.2764032483 -0.2236838043
v 60.15341568 -82.44153595 746.3793945
vn 0.890335381 -0.2033310533 -0.4073810875
v 60.04647064 -82.33369446 746.1589355
vn 0.8100420237 -0.122597836 -0.5734122992
v 59.89904022 -82.22194672 745.9733276
vn 0.699485302 -0.03882908449 -0.7135913372
v 59.72314453 -82.11301422 745.8300781
vn 0.5673604012 0.04308091477 -0.8223419189
v 59.53210068 -82.01235199 745.7312622
vn 0.4132857621 0.1242084056 -0.9020904303
v 59.30915833 -81.91124725 745.6682739
vn 0.2464746237 0.1994709373 -0.9483994842
v 59.0675621 -81.81770325 745.6515503
vn 0.06318844855 0.2702517509 -0.960713923
v 58.81668472 -81.7365036 745.6851807
vn -0.1259202808 0.331379354 -0.9350571036
v 58.57045364 -81.67289734 745.7698975
vn -0.3119654953 0.3795008659 -0.8710089922
v 58.34138489 -81.63030243 745.9017944
vn -0.4842506051 0.4117530286 -0.7719849944
v 58.14268112 -81.61058807 746.0715332
vn -0.6340461373 0.4270408452 -0.6446872354
v 57.98300171 -81.61283875 746.2659302
vn -0.7549730539 0.4259683788 -0.4985645711
v 57.86557007 -81.63394928 746.4712524
vn -0.8495057225 0.4093184769 -0.3328639567
v 57.78045273 -81.6758728 746.7055664
vn -0.9123044014 0.3779546916 -0.1576418132
v 57.73901367 -81.73822784 746.9541626
vn -0.9431881905 0.3308099508 0.03099754266
v 57.74653625 -81.81982422 747.2070312
vn -0.9371320605 0.2695527971 0.2216410786
v 57.80497742 -81.91690826 747.4499512
vn -0.8928205967 0.1964955926 0.4052910507
v 57.91193008 -82.02474976 747.6704102
vn -0.8125461936 0.1157906651 0.5712803602
v 58.0593605 -82.13650513 747.8560791
vn -0.7020053864 0.03203867376 0.7114505768
v 58.23524857 -82.24543762 747.9992676
vn -0.5698763132 -0.04986605048 0.8202160597
v 58.42629623 -82.34609985 748.0981445
vn -0.4158847928 -0.1309437156 0.8999408484
v 58.64923859 -82.44719696 748.1610718
vn -0.2490704209 -0.2062025219 0.9462792873
v 58.89082718 -82.54074097 748.1778564
vn -0.06581250578 -0.2769759595 0.9586203694
v 59.14170837 -82.62194824 748.1442261
vn 0.1232123971 -0.3380872309 0.9330143332
v 59.38794327 -82.6855545 748.0595703
vn 0.3093568385 -0.3862517774 0.8689694405
v 59.61701202 -82.72814178 747.9275513
vn 0.4815987647 -0.418512553 0.7700064182
v 59.81571579 -82.74786377 747.7579346
vn 0.631444335 -0.4338248074 0.6427084208
v 59.97539139 -82.74560547 747.5634766
vn 0.7524290085 -0.432772547 0.4965466261
v 60.09282684 -82.72450256 747.3580933
vn 0.8039677739 -0.424910754 0.4160369039
v 59.21776962 -85.07260132 746.6047974
vn 0.8787956238 -0.4088804722 0.2460385859
v 59.30300522 -85.02896881 746.3728638
vn 0.9081143737 -0.389310509 0.1541610062
v 59.34499741 -84.96472931 746.1268921
vn 0.9397374392 -0.3402137458 -0.03388446942
v 59.33848953 -84.88114929 745.876709
vn 0.9344658852 -0.2768624425 -0.2238764167
v 59.28147507 -84.78206635 745.6363525
vn 0.8909446597 -0.2016451657 -0.4068867564
v 59.17630386 -84.67233276 745.418396
vn 0.8114039898 -0.1188228577 -0.5722802281
v 59.03088379 -84.55889893 745.2349854
vn 0.7015263438 -0.03314343467 -0.7118723989
v 58.85709763 -84.44857025 745.0935669
vn 0.5700253248 0.05037687719 -0.8200812936
v 58.66812897 -84.3468399 744.9959717
vn 0.4164379835 0.1328096092 -0.8994114995
v 58.4474144 -84.24490356 744.934021
vn 0.2500330508 0.209111169 -0.9453867078
v 58.20804596 -84.15085602 744.9177246
vn 0.06696432084 0.2806369364 -0.9574751854
v 57.95927811 -84.06952667 744.951355
vn -0.1219654977 0.3420833945 -0.931720674
v 57.71493149 -84.0062027 745.0354614
vn -0.3081195056 0.3901332021 -0.8676741719
v 57.48741913 -83.96429443 745.1662598
vn -0.4805316925 0.4218570888 -0.7688471079
v 57.28985596 -83.94559479 745.3344727
vn -0.6307244301 0.4362562895 -0.6417687535
v 57.13088226 -83.9491272 745.5270386
vn -0.752078414 0.4339720309 -0.4960305989
v 57.01373291 -83.9716568 745.7303467
vn -0.8471740484 0.4157525599 -0.3308262229
v 56.92850113 -84.01528168 745.9622803
vn -0.9105858803 0.3826944828 -0.1561354399
v 56.88650513 -84.07952118 746.208313
vn -0.9421797991 0.3335864246 0.03189578652
v 56.89301682 -84.16310883 746.4584351
vn -0.9368807673 0.2702229619 0.2218872011
v 56.95002747 -84.26219177 746.6987305
vn -0.8933389187 0.1950052232 0.4048686028
v 57.05520248 -84.37192535 746.916687
vn -0.8138260841 0.1122228205 0.5701693892
v 57.20062256 -84.48535919 747.1002197
vn -0.7039775848 0.02656350657 0.7097252607
v 57.37440491 -84.59568024 747.2416382
vn -0.572462976 -0.05696604401 0.817949295
v 57.56337357 -84.69741058 747.3392334
vn -0.4188990295 -0.139380455 0.897271812
v 57.78409195 -84.79935455 747.4011841
vn -0.2525256574 -0.2156702131 0.9432482123
v 58.02345657 -84.8934021 747.4174805
vn -0.06948577613 -0.2871791422 0.95535326
v 58.27222443 -84.97473145 747.3838501
vn 0.1194204316 -0.3486205637 0.9296249151
v 58.51657104 -85.03804779 747.2997437
vn 0.3055864871 -0.3966808021 0.8655987978
v 58.7440834 -85.07996368 747.1688843
vn 0.4779919982 -0.4284152091 0.7668011785
v 58.94164658 -85.09866333 747.0006714
vn 0.6281208992 -0.4428207576 0.6398233771
v 59.10061646 -85.09513092 746.8081055
vn 0.749569416 -0.4405558109 0.4940205216
v 59.21776962 -85.07260132 746.6047974
vn 0.8010479808 -0.4328310788 0.4134965539
v 58.34089661 -87.41431427 745.8334351
vn 0.8794320226 -0.4071480632 0.2466369122
v 58.42589188 -87.36997223 745.6035156
vn 0.9084602594 -0.3884004354 0.1544183493
v 58.46796036 -87.30519104 745.3596802
vn 0.9403522611 -0.3385596573 -0.03339141607
v 58.4618454 -87.22126007 745.1115723
vn 0.9353277683 -0.2745144367 -0.2231675684
v 58.40555573 -87.12206268 744.873291
vn 0.8920170069 -0.1986771226 -0.4059963524
v 58.30138779 -87.0124588 744.6571045
vn 0.8126686215 -0.1153829172 -0.5711886883
v 58.15719604 -86.89937592 744.4751587
vn 0.702909112 -0.02933086827 -0.7106746435
v 57.98476791 -86.78958893 744.3347778
vn 0.5715011358 0.05440090224 -0.8187960386
v 57.79719162 -86.68852234 744.2379761
vn 0.4178921878 0.1368920952 -0.8981239796
v 57.57802582 -86.58743286 744.1764526
vn 0.251473248 0.213102445 -0.9441125989
v 57.340271 -86.4943924 744.1601562
vn 0.06831343472 0.2843874395 -0.9562724829
v 57.09310913 -86.41417694 744.1933594
vn -0.1207312569 0.3454433382 -0.9306411147
v 56.8502655 -86.35202789 744.2766113
vn -0.3071195185 0.3929911852 -0.8667384386
v 56.62407684 -86.31128693 744.40625
vn -0.4797365963 0.4240918458 -0.7681138515
v 56.4275856 -86.29368591 744.572876
vn -0.6301319599 0.4377994835 -0.6412997246
v 56.26939011 -86.29818726 744.7636719
vn -0.751778245 0.4348080754 -0.4957534075
v 56.15273285 -86.32152557 744.965271
vn -0.847168386 0.4157603681 -0.3308308125
v 56.06773376 -86.36585999 745.1951904
vn -0.9108389616 0.381988883 -0.1563870758
v 56.0256691 -86.4306488 745.4390869
vn -0.9427054524 0.3321444094 0.03140898049
v 56.03178024 -86.51457977 745.6871948
vn -0.9376622438 0.2681051791 0.2211540937
v 56.08807373 -86.61377716 745.925415
vn -0.8943417668 0.1922747195 0.4039593935
v 56.19223785 -86.72338104 746.1416016
vn -0.815015614 0.1090111807 0.5690923929
v 56.33643341 -86.83646393 746.3236084
vn -0.7052793503 0.02298350632 0.7085568309
v 56.50886154 -86.94625092 746.4639282
vn -0.5738544464 -0.06076057628 0.8167002201
v 56.69643784 -87.0473175 746.560791
vn -0.4203300476 -0.1432022452 0.8959998488
v 56.91559982 -87.14840698 746.6222534
vn -0.2538783252 -0.2194356471 0.9420158267
v 57.15335846 -87.24144745 746.6385498
vn -0.07082048059 -0.2906954587 0.9541910887
v 57.40052032 -87.3216629 746.6054077
vn 0.1182374209 -0.3517720103 0.9285883904
v 57.64336395 -87.38381195 746.5221558
vn 0.3046227396 -0.3993269205 0.8647213578
v 57.86955261 -87.42455292 746.3925171
vn 0.4772690237 -0.4304549694 0.7661088705
v 58.06604385 -87.44215393 746.2258301
vn 0.6276443601 -0.4441797733 0.639348805
v 58.22423935 -87.43765259 746.0350342
vn 0.7493420243 -0.4412017167 0.4937889874
v 58.34089661 -87.41431427 745.8334351
vn 0.8005237579 -0.4342912138 0.4129804075
v 57.47597122 -89.76177979 745.0584717
vn 0.8829208612 -0.3975695074 0.2497784495
v 57.56038666 -89.7177124 744.8302612
vn 0.9114233851 -0.3802981973 0.1571008265
v 57.60203171 -89.65371704 744.5879517
vn 0.9432052374 -0.3307770789 -0.03082892299
v 57.5956955 -89.57111359 744.3414307
vn 0.9379528761 -0.2673762441 -0.220803827
v 57.53939819 -89.47373199 744.1044922
vn 0.8943030238 -0.1924527884 -0.4039604664
v 57.43544769 -89.36633301 743.8893433
vn 0.8145307899 -0.1103228629 -0.5695335865
v 57.29167175 -89.25571442 743.7081299
vn 0.704300046 -0.02561113425 -0.7094402313
v 57.11981964 -89.14847565 743.5682373
vn 0.5723628402 0.05672010779 -0.818036437
v 56.93292236 -89.04989624 743.4714355
vn 0.4182612002 0.1376267225 -0.8978399038
v 56.71461105 -88.95145416 743.409729
vn 0.2511950731 0.2123660594 -0.9443525076
v 56.47782516 -88.86102295 743.3928223
vn 0.0675124228 0.2820736766 -0.9570143819
v 56.23172379 -88.78327179 743.425293
vn -0.122133404 0.3416746259 -0.9318486452
v 55.98997116 -88.72328186 743.5073853
vn -0.3089332283 0.3878548741 -0.8684059381
v 55.76485443 -88.68428802 743.6355591
vn -0.4819914997 0.4178615212 -0.770114243
v 55.56934357 -88.6679306 743.8007202
vn -0.6326515079 0.4307285249 -0.6436031461
v 55.41199875 -88.67314148 743.9899902
vn -0.7544733286 0.4271954894 -0.4982710481
v 55.29602814 -88.69669342 744.1900024
vn -0.8500186205 0.407782793 -0.3334389627
v 55.2116127 -88.7407608 744.4182129
vn -0.9136731029 0.3740614057 -0.1589952111
v 55.16996765 -88.80475616 744.6604614
vn -0.9454271197 0.3245488107 0.02890703082
v 55.17630386 -88.88735962 744.9070435
vn -0.9401586056 0.2611588836 0.2188557535
v 55.23260117 -88.98474121 745.1439209
vn -0.8965138793 0.186267063 0.4019545615
v 55.33654785 -89.0921402 745.3591309
vn -0.8167837262 0.1041789725 0.5674601793
v 55.48032761 -89.20275879 745.5403442
vn -0.706592381 0.01949167438 0.7073522806
v 55.65217972 -89.30999756 745.6802979
vn -0.5746281743 -0.06286220253 0.8159968257
v 55.83907318 -89.40857697 745.7770386
vn -0.420555234 -0.1437644064 0.8958041668
v 56.05738831 -89.50701904 745.8388062
vn -0.2535994053 -0.2184676379 0.9423158765
v 56.29417419 -89.59745026 745.8555908
vn -0.06988296658 -0.2882071435 0.9550146461
v 56.54027557 -89.67520142 745.8232422
vn 0.1196377426 -0.3477993309 0.9299045205
v 56.7820282 -89.73519135 745.7411499
vn 0.3064757586 -0.3940198421 0.8664992452
v 57.00714493 -89.77418518 745.612854
vn 0.4795893729 -0.424054414 0.7682264447
v 57.20265198 -89.7905426 745.4478149
vn 0.6302850246 -0.4369463325 0.6417310238
v 57.36000061 -89.78533173 745.2584839
vn 0.7521603107 -0.4334286153 0.4963814318
v 57.47597122 -89.76177979 745.0584717
vn 0.8029243946 -0.4277322888 0.4151596427
v 56.64213943 -92.12075806 744.2992554
vn 0.8899152875 -0.3773533702 0.2562327087
v 56.72559357 -92.07807159 744.0722656
vn 0.9175962806 -0.3626976311 0.1626882255
v 56.76628113 -92.01644897 743.8310547
vn 0.9487929344 -0.314843297 -0.02580043301
v 56.75902557 -91.93716431 743.5852051
vn 0.942714572 -0.2537807226 -0.2165285647
v 56.70191193 -91.84391022 743.348877
vn 0.8980378509 -0.1817699224 -0.4006091356
v 56.59728241 -91.74124908 743.1339111
vn 0.8170928955 -0.1029579043 -0.5672379136
v 56.45300674 -91.63565826 742.9525757
vn 0.7056181431 -0.02177937701 -0.708257556
v 56.28084183 -91.53344727 742.8122559
vn 0.5724118948 0.05704610795 -0.817979455
v 56.09381485 -91.43961334 742.7149048
vn 0.4170203805 0.1343244314 -0.8989165425
v 55.87554169 -91.34605408 742.6521606
vn 0.2488171458 0.2056056261 -0.9464757442
v 55.63898849 -91.26025391 742.6342773
vn 0.06394071132 0.2720059752 -0.9601688981
v 55.39331436 -91.18668365 742.6652222
vn -0.1266962439 0.3286294639 -0.9359223843
v 55.15217209 -91.13014221 742.7457886
vn -0.3143530786 0.3723633587 -0.8732283115
v 54.92781448 -91.09368134 742.8724365
vn -0.488047272 0.4005814195 -0.7754639983
v 54.73316956 -91.0788269 743.0359497
vn -0.6390382648 0.4123687446 -0.6492935419
v 54.57672882 -91.08451843 743.2237549
vn -0.7609493732 0.40847525 -0.5040872693
v 54.46165085 -91.1076355 743.4224243
vn -0.8564041853 0.3892471194 -0.3392028511
v 54.37819672 -91.15032196 743.6494751
vn -0.9196983576 0.3565424979 -0.1644151509
v 54.33751297 -91.21194458 743.890686
vn -0.9508467913 0.3087297976 0.02400500886
v 54.34476471 -91.29122162 744.1364136
vn -0.9447458386 0.247705251 0.2147030085
v 54.40187836 -91.38448334 744.3728027
vn -0.9000855684 0.1757596284 0.3986910284
v 54.50650787 -91.48714447 744.5877686
vn -0.8191625476 0.09698517621 0.5653022528
v 54.65078354 -91.59272766 744.769104
vn -0.7077828646 0.01585992612 0.7062520385
v 54.82294846 -91.69494629 744.9094238
vn -0.5746421814 -0.06294729561 0.8159803748
v 55.00997543 -91.78878021 745.0068359
vn -0.4192216694 -0.1402684599 0.8969826698
v 55.2282486 -91.88233948 745.069458
vn -0.2511587739 -0.2115395963 0.9445476532
v 55.46480179 -91.96813202 745.0874634
vn -0.06626611948 -0.2779914141 0.9582951665
v 55.71047592 -92.0417099 745.0564575
vn 0.1243362501 -0.3346603215 0.9341000915
v 55.95161819 -92.09825134 744.9758301
vn 0.3119386137 -0.378433764 0.8714827299
v 56.1759758 -92.13471222 744.8492432
vn 0.4856261909 -0.4066930711 0.7738009691
v 56.37062454 -92.14956665 744.685791
vn 0.6367579699 -0.4185220301 0.6475944519
v 56.52706528 -92.14387512 744.4979858
vn 0.7587625384 -0.4146437943 0.5023444295
v 56.64213943 -92.12075806 744.2992554
vn 0.8088302016 -0.4110159874 0.4205467701
v 55.86233139 -94.51107788 743.578125
vn 0.900056839 -0.3454484046 0.2656370997
v 55.94433212 -94.47145844 743.3518066
vn 0.9270626903 -0.3337403536 0.1707984209
v 55.98335266 -94.41460419 743.1109619
vn 0.9571425915 -0.2890172601 -0.01863036491
v 55.9742775 -94.34169769 742.8651733
vn 0.9496025443 -0.2321690768 -0.2106004506
v 55.91527557 -94.25615692 742.6282349
vn 0.903182447 -0.1652956754 -0.3961550593
v 55.80879974 -94.16216278 742.4123535
vn 0.8203223944 -0.09225758165 -0.5644109249
v 55.66281509 -94.06565094 742.2297363
vn 0.7068415284 -0.01712142862 -0.7071647048
v 55.48917389 -93.9723587 742.0879517
vn 0.571754396 0.05568692833 -0.8185327649
v 55.3009491 -93.88684082 741.9888306
vn 0.4143650532 0.1269849539 -0.9012083411
v 55.08164978 -93.80170441 741.9243774
vn 0.2443943322 0.1926076412 -0.9503545165
v 54.84434891 -93.7237854 741.9042969
vn 0.05780007318 0.2536326945 -0.9655721784
v 54.5982666 -93.65715027 741.9331665
vn -0.1343770027 0.3055495024 -0.9426464438
v 54.35709 -93.60617065 742.0116577
vn -0.3231318295 0.3454276025 -0.8810593486
v 54.13307953 -93.57358551 742.1362915
vn -0.4976728559 0.3709647059 -0.784032464
v 53.93912888 -93.56075287 742.2981567
vn -0.6491237879 0.3812889159 -0.6582226753
v 53.78366089 -93.56665039 742.4846191
vn -0.771068871 0.3771201372 -0.5130625963
v 53.66974258 -93.58840942 742.682373
vn -0.8662099838 0.3586243987 -0.347949475
v 53.58774185 -93.6280365 742.9086304
vn -0.9288243055 0.3278955221 -0.1725397259
v 53.54872131 -93.68489075 743.1495361
vn -0.9589146376 0.2831945717 0.01683956385
v 53.55779648 -93.75778961 743.3953857
vn -0.9514016509 0.2263615727 0.2087950706
v 53.61679459 -93.84333038 743.6322021
vn -0.9050247669 0.159511447 0.3943174481
v 53.72327423 -93.93732452 743.8482056
vn -0.8221947551 0.08647449315 0.5625993013
v 53.86925507 -94.03383636 744.0307617
vn -0.7087765336 0.0113574788 0.7053416371
v 54.04289627 -94.12713623 744.1726074
vn -0.5737119317 -0.0614656508 0.8167475462
v 54.23112106 -94.21265411 744.2716675
vn -0.4163688123 -0.1327567399 0.8994513154
v 54.45042419 -94.29779053 744.3361206
vn -0.2463147193 -0.1984288841 0.9486595988
v 54.68772125 -94.3757019 744.3562622
vn -0.05975040048 -0.2594572604 0.9639044404
v 54.93380737 -94.44233704 744.3273315
vn 0.1324396133 -0.3113866448 0.9410091043
v 55.17498398 -94.49332428 744.2489014
vn 0.3213344812 -0.3512982726 0.8793939352
v 55.39899445 -94.52590942 744.1242065
vn 0.4957718849 -0.3768253326 0.7824403644
v 55.5929451 -94.53874207 743.9624023
vn 0.647280395 -0.3871594965 0.6566091776
v 55.74841309 -94.53283691 743.7758789
vn 0.7692929506 -0.3829868734 0.5113798976
v 55.86233139 -94.51107788 743.578125
vn 0.8184860945 -0.3815953135 0.4294944704
v 55.13544846 -97.03082275 742.8919678
vn 0.907994926 -0.3176875114 0.2731663287
v 55.21614075 -96.99410248 742.6664429
vn 0.9348340631 -0.3056638539 0.1807067841
v 55.25365829 -96.94192505 742.4260864
vn 0.9645092487 -0.2638835311 -0.009348262101
v 55.24294662 -96.87542725 742.1802979
vn 0.9563063979 -0.2110179961 -0.2023598105
v 55.18226242 -96.79771423 741.9429932
vn 0.908965826 -0.1490414739 -0.3893170357
v 55.07413483 -96.71260834 741.7263184
vn 0.8249505758 -0.08150993288 -0.559296608
v 54.92663574 -96.62545776 741.5424805
vn 0.7101644278 -0.01220088731 -0.7039300799
v 54.75168991 -96.54143524 741.399353
vn 0.5735490918 0.05490233004 -0.8173292875
v 54.56240463 -96.46460724 741.2987671
vn 0.4148141444 0.1204170808 -0.9019029737
v 54.34220886 -96.38832855 741.2324219
vn 0.2434161305 0.1805912554 -0.9529613853
v 54.10426712 -96.31877136 741.2103882
vn 0.05552354828 0.2363535464 -0.970079422
v 53.85784149 -96.25957489 741.2371216
vn -0.1379708648 0.2836386263 -0.9489537477
v 53.61666107 -96.21463013 741.3135376
vn -0.3280343413 0.3197734356 -0.8888972998
v 53.3929863 -96.18637085 741.4362183
vn -0.5035890341 0.3425865173 -0.7931157351
v 53.19968414 -96.1759491 741.5963745
vn -0.6559414864 0.3513765633 -0.6680383682
v 53.0451088 -96.18237305 741.7814331
vn -0.7784100771 0.3468172848 -0.5232547522
v 52.93224716 -96.2029953 741.9780273
vn -0.873742342 0.3291556239 -0.3580934703
v 52.85155487 -96.23971558 742.2035522
vn -0.9362645149 0.3001765609 -0.1824905425
v 52.81403351 -96.29189301 742.4440308
vn -0.966013968 0.2583788335 0.007575150579
v 52.82474518 -96.35839081 742.6898193
vn -0.9578785896 0.2054833025 0.200612247
v 52.8854332 -96.43610382 742.927124
vn -0.9105862379 0.1434647888 0.3876217306
v 52.99355698 -96.52120972 743.1437988
vn -0.8266011477 0.07589719445 0.5576469898
v 53.14105606 -96.60836029 743.3275146
vn -0.7117629051 0.006527911406 0.7023894787
v 53.31600571 -96.69238281 743.4707642
vn -0.5752057433 -0.06055546552 0.815764308
v 53.50528717 -96.76921082 743.5712891
vn -0.4163645804 -0.1261109263 0.9004091024
v 53.72548676 -96.8454895 743.6376953
vn -0.2449835092 -0.186255455 0.9514683485
v 53.9634285 -96.91504669 743.659729
vn -0.05687411502 -0.2420424521 0.9685973525
v 54.20985413 -96.97425079 743.6328735
vn 0.1366419643 -0.2892898619 0.9474388361
v 54.45103455 -97.01919556 743.5565186
vn 0.3267305493 -0.3253764808 0.8873428106
v 54.67470551 -97.0474472 743.4338379
vn 0.50230515 -0.3481474817 0.7915067077
v 54.86801147 -97.05787659 743.2737427
vn 0.6545841694 -0.35690099 0.6664392352
v 55.02258682 -97.05145264 743.0886841
vn 0.7770921588 -0.352322042 0.5215332508
v 55.13544846 -97.03082275 742.8919678
vn 0.8280988932 -0.3491024673 0.4386110604
v 54.53080368 -99.34136963 742.3009033
vn 0.9106310606 -0.3077604771 0.2757437229
v 54.61104584 -99.30475616 742.0767822
vn 0.9393600225 -0.2908878624 0.1816233099
v 54.64818954 -99.25346375 741.8375854
vn 0.9684348106 -0.2491191179 -0.008585421368
v 54.63720322 -99.18863678 741.5928345
vn 0.9594529271 -0.1968432665 -0.2017493099
v 54.5763588 -99.11333466 741.3565063
vn 0.9111930728 -0.1360715479 -0.3888595104
v 54.46820068 -99.03125 741.1404419
vn 0.8261958957 -0.07029086351 -0.5589808226
v 54.32079315 -98.94755554 740.9570312
vn 0.710446775 -0.003196679056 -0.7037436366
v 54.1460495 -98.86716461 740.8138428
vn 0.5729698539 0.06139061227 -0.8172739744
v 53.95705032 -98.79393005 740.7130737
vn 0.4132787883 0.1243546158 -0.9020735025
v 53.73724747 -98.72153473 740.6461792
vn 0.2409681827 0.1817604005 -0.9533611536
v 53.49979019 -98.6558609 740.6234131
vn 0.05210502073 0.2346487045 -0.9706827998
v 53.25392914 -98.60037231 740.6491089
vn -0.1420964152 0.2789867222 -0.9497236609
v 53.01335907 -98.5587616 740.7243042
vn -0.3327027857 0.3123421073 -0.8898040652
v 52.79031754 -98.53327179 740.8456421
vn -0.5086123347 0.3326890767 -0.7941230536
v 52.59762573 -98.5249176 741.0042725
vn -0.6610768437 0.3394570649 -0.6691384315
v 52.44360733 -98.53263855 741.1879883
vn -0.7834289074 0.333416611 -0.5244735479
v 52.33123016 -98.55384064 741.3833008
vn -0.8784660101 0.3150444031 -0.3592276871
v 52.25098801 -98.5904541 741.6074829
vn -0.940664053 0.2855042517 -0.1834078729
v 52.21384048 -98.64174652 741.8466187
vn -0.9698130488 0.2437531948 0.006855782587
v 52.22483063 -98.70657349 742.0912476
vn -0.9608816504 0.1914716065 0.2001125962
v 52.28567505 -98.78187561 742.3276978
vn -0.9126374722 0.1306732893 0.3873206973
v 52.39383316 -98.86395264 742.5437622
vn -0.8276450634 0.06486681849 0.557490766
v 52.54123688 -98.94765472 742.7272339
vn -0.7117987275 -0.002301994013 0.7023797631
v 52.71598434 -99.02804565 742.8703613
vn -0.5742946267 -0.06692299992 0.8159086704
v 52.90498352 -99.10128021 742.9711914
vn -0.4145347178 -0.1299228519 0.9007114172
v 53.12478638 -99.17367554 743.0380249
vn -0.2421299964 -0.187363252 0.9519811273
v 53.36224365 -99.23934937 743.0608521
vn -0.05314773321 -0.2402809262 0.9692473412
v 53.60810471 -99.29483795 743.0350952
vn 0.1412154138 -0.2846421897 0.9481756091
v 53.84867096 -99.33644867 742.9598999
vn 0.3317686915 -0.3179626167 0.888160646
v 54.07171249 -99.36193085 742.838562
vn 0.507587254 -0.3382539749 0.7924262881
v 54.26440811 -99.37029266 742.6799316
vn 0.6599547267 -0.3449678719 0.6674255729
v 54.4184227 -99.36257172 742.4962158
vn 0.7823067307 -0.3388801217 0.5226436853
v 54.53080368 -99.34136963 742.3009033
vn 0.8329247236 -0.3314036429 0.4431794584
v 53.88435364 -101.8530731 741.6370239
vn 0.9051431417 -0.328453213 0.2698784471
v 53.96517563 -101.8125229 741.4153442
vn 0.9354596734 -0.3043086827 0.1797538698
v 54.00334167 -101.7566681 741.178894
vn 0.965928793 -0.2586418688 -0.009269095957
v 53.99380493 -101.6868134 740.9371338
vn 0.9584922194 -0.202005595 -0.2012122273
v 53.93478394 -101.6062698 740.7036743
vn 0.9118375778 -0.1366475672 -0.3871429563
v 53.82873154 -101.5190125 740.4903564
vn 0.8284009695 -0.06630384177 -0.5561975241
v 53.68357468 -101.4305115 740.3095093
vn 0.7140228748 0.005094531458 -0.7001038194
v 53.51107788 -101.3459167 740.168457
vn 0.5776996017 0.07347656786 -0.8129356503
v 53.32421875 -101.2692413 740.0693359
vn 0.4191270173 0.1399642974 -0.897074461
v 53.10661697 -101.1938553 740.0037842
vn 0.247732982 0.2001352459 -0.9479315877
v 52.8712616 -101.1259537 739.9818115
vn 0.05955847725 0.2552480698 -0.9650394917
v 52.62730408 -101.0691605 740.0078125
vn -0.1344381869 0.3010484278 -0.9440848827
v 52.38832092 -101.0272827 740.0827026
vn -0.324954927 0.3349263966 -0.8844369054
v 52.16646194 -101.002594 740.203186
vn -0.5011643171 0.3548549116 -0.78924793
v 51.97449112 -100.9960098 740.3604126
vn -0.6542453766 0.3603678346 -0.6649044752
v 51.82073212 -101.0063019 740.5422974
vn -0.7775535583 0.3523687124 -0.5208135247
v 51.70820236 -101.0306168 740.7355957
vn -0.8734481931 0.3317429423 -0.3564195633
v 51.62738037 -101.071167 740.9572754
vn -0.9368320704 0.2989199162 -0.1816386282
v 51.58921432 -101.1270294 741.1937256
vn -0.9673469067 0.2533450723 0.007497422863
v 51.59874725 -101.1968842 741.4354858
vn -0.9599198699 0.1967709512 0.199587062
v 51.65776825 -101.27742 741.6689453
vn -0.9132277966 0.131434381 0.3856683075
v 51.76382446 -101.3646774 741.8822021
vn -0.8297281861 0.06108349934 0.5548152328
v 51.90898132 -101.453186 742.0631104
vn -0.715276897 -0.01035595033 0.6987643838
v 52.0814743 -101.5377731 742.2041626
vn -0.5788185 -0.07882548124 0.81163764
v 52.26833725 -101.6144485 742.3032837
vn -0.4202201962 -0.1453812718 0.8957004547
v 52.48593903 -101.6898346 742.3688354
vn -0.2486939728 -0.205671981 0.9464936852
v 52.72129059 -101.7577362 742.3907471
vn -0.06041300669 -0.2608874738 0.9634770155
v 52.96524811 -101.8145294 742.3647461
vn 0.1335653067 -0.3067356646 0.942376554
v 53.20423508 -101.8564148 742.2897949
vn 0.3240795732 -0.3406531215 0.8825688958
v 53.42609406 -101.8811035 742.1693726
vn 0.5001549721 -0.3605646491 0.7872980237
v 53.61806488 -101.8876877 742.012207
vn 0.6531496644 -0.3660236895 0.6628892422
v 53.77182007 -101.877388 741.8303223
vn 0.7763351202 -0.3579462469 0.5188239217
v 53.88435364 -101.8530731 741.6370239
vn 0.8298090696 -0.3434095085 0.4398714304
v 53.20080185 -104.2497253 740.8998413
vn 0.8923391104 -0.3719258308 0.2557382584
v 53.28334427 -104.2017288 740.6817627
vn 0.9246214032 -0.3423720896 0.1669030041
v 53.32411957 -104.1362152 740.449646
vn 0.9567411542 -0.2902350426 -0.02024817467
v 53.31803131 -104.0547485 740.2128906
vn 0.9513244629 -0.2256995291 -0.2098605633
v 53.26313782 -103.9612198 739.9848633
vn 0.9069743752 -0.151367411 -0.3930462897
v 53.16169357 -103.8602371 739.7771606
vn 0.8260012865 -0.07145159692 -0.5591212511
v 53.0213356 -103.75811 739.6016235
vn 0.7141391635 0.009527169168 -0.6999389529
v 52.8535347 -103.6607819 739.4653931
vn 0.5802902579 0.08694599569 -0.8097552657
v 52.67102814 -103.5728073 739.3704224
vn 0.4239844084 0.1621047258 -0.8910439014
v 52.45781708 -103.4865875 739.3087158
vn 0.2546774447 0.2301257104 -0.939245224
v 52.22654724 -103.409256 739.289856
vn 0.06844531 0.2922541499 -0.9538882375
v 51.98615646 -103.3449554 739.3181763
vn -0.1239055544 0.3437029421 -0.930868268
v 51.74999619 -103.2980194 739.3942871
vn -0.3133051991 0.3815674484 -0.8696241379
v 51.53006363 -103.2710114 739.5148315
vn -0.4887889326 0.4035066962 -0.7734776735
v 51.33903503 -103.2648926 739.6710815
vn -0.6415163279 0.4090362489 -0.6489577889
v 51.18527222 -103.2781677 739.8510132
vn -0.7650508881 0.399277091 -0.5052473545
v 51.07191849 -103.3074722 740.041748
vn -0.8616091609 0.3753621578 -0.3416619897
v 50.98937607 -103.3554688 740.2597656
vn -0.9261328578 0.3375380635 -0.1683627665
v 50.94860077 -103.4209747 740.4919434
vn -0.9582419991 0.2853412926 0.0187776722
v 50.95469284 -103.5024414 740.7286987
vn -0.9528121352 0.2207804173 0.2083388716
v 51.00958633 -103.5959702 740.9567261
vn -0.908449769 0.1464420706 0.3915019631
v 51.11103058 -103.6969528 741.1643677
vn -0.8275057077 0.06658565253 0.557494998
v 51.25138855 -103.7990799 741.3400269
vn -0.7156957388 -0.01431652531 0.6982654929
v 51.41918945 -103.8964081 741.4762573
vn -0.5817898512 -0.09170951694 0.8081521988
v 51.60169601 -103.9843826 741.571228
vn -0.4255602956 -0.1667523235 0.8894335628
v 51.81490707 -104.0706024 741.6328735
vn -0.256194979 -0.234738633 0.937689662
v 52.04617691 -104.1479416 741.6517334
vn -0.06993816793 -0.2968325615 0.9523649812
v 52.28656769 -104.2122421 741.6234131
vn 0.1223630607 -0.3482361436 0.9293863177
v 52.52272797 -104.2591782 741.5473022
vn 0.3117514849 -0.3860973418 0.8681819439
v 52.74266052 -104.2861862 741.4267578
vn 0.4871357679 -0.408061862 0.7721297145
v 52.9336853 -104.2922974 741.2705078
vn 0.6399737 -0.4136658013 0.6475448012
v 53.08744812 -104.2790222 741.0905151
vn 0.7634905577 -0.4039752781 0.5038711429
v 53.20080185 -104.2497253 740.8998413
vn 0.8179580569 -0.3854095042 0.4270879924
v 52.40419388 -106.6156921 740.0565186
vn 0.8788650632 -0.4113760591 0.2415904105
v 52.48682404 -106.5662537 739.8400879
vn 0.9106294513 -0.3837554753 0.1532506049
v 52.52861404 -106.4972763 739.6105957
vn 0.9438166618 -0.3288269639 -0.03290718794
v 52.52449799 -106.4103165 739.3771973
vn 0.9400015473 -0.2598994672 -0.2210188359
v 52.47245789 -106.309494 739.1531372
vn 0.8977252245 -0.1797056198 -0.4022378623
v 52.37462234 -106.1997452 738.9497681
vn 0.819198668 -0.09278719872 -0.5659541488
v 52.23838043 -106.0879822 738.7787476
vn 0.7099397182 -0.00401350949 -0.7042509913
v 52.07492828 -105.9807587 738.6469727
vn 0.5787600279 0.08140137792 -0.8114250898
v 51.89673233 -105.883194 738.5560303
vn 0.4251645505 0.1644385606 -0.8900533915
v 51.6881752 -105.7868652 738.4983521
vn 0.2585278749 0.2405572981 -0.9355723262
v 51.46157837 -105.6996307 738.4832764
vn 0.07498785853 0.310637176 -0.9475660324
v 51.22566986 -105.6260986 738.5148926
vn -0.1149026677 0.3695220053 -0.9220904708
v 50.99353027 -105.571167 738.5935669
vn -0.3021512926 0.413826108 -0.8587505817
v 50.77695847 -105.5378113 738.7157593
vn -0.4759511352 0.4408950508 -0.7609744072
v 50.58844757 -105.5273209 738.8727417
vn -0.6276499033 0.4499802887 -0.6352742314
v 50.43628693 -105.538269 739.0525513
vn -0.7506091595 0.442101717 -0.4910518527
v 50.32365799 -105.5671463 739.2423706
vn -0.8472213745 0.4183393717 -0.3274265528
v 50.24102783 -105.6165848 739.4587402
vn -0.9122130275 0.3794085085 -0.1546499431
v 50.19923401 -105.6855621 739.6881714
vn -0.9453963041 0.3244024813 0.03144527227
v 50.20335388 -105.7725143 739.9216309
vn -0.9415973425 0.2554152608 0.2194482237
v 50.25539017 -105.8733444 740.145752
vn -0.8993600011 0.175170511 0.4005831182
v 50.35322571 -105.9830856 740.3490601
vn -0.8208677173 0.08820927888 0.5642652512
v 50.48946762 -106.0948563 740.5200806
vn -0.7117515206 -0.0004979332443 0.7024311423
v 50.65292358 -106.2020798 740.6519165
vn -0.5805768371 -0.08591727912 0.8096596599
v 50.83111572 -106.2996368 740.7427979
vn -0.4270341396 -0.1688944846 0.8883222938
v 51.03967285 -106.3959656 740.8004761
vn -0.2604310811 -0.2449471653 0.9339039326
v 51.2662735 -106.4832077 740.8154907
vn -0.07682932913 -0.3149841428 0.9459821582
v 51.50218201 -106.5567322 740.7839355
vn 0.1129698455 -0.3737686276 0.9206165671
v 51.73431778 -106.6116714 740.7053223
vn 0.3002852798 -0.4180387259 0.8573636413
v 51.9508934 -106.6450272 740.5830078
vn 0.4741463661 -0.4450892806 0.7596583366
v 52.1394043 -106.6555176 740.4260864
vn 0.6258981228 -0.4541879594 0.6340069771
v 52.29156494 -106.6445618 740.2462769
vn 0.7489500642 -0.4463404119 0.4897489548
v 52.40419388 -106.6156921 740.0565186
vn 0.8033521771 -0.4305940866 0.4113562405
v 51.55228424 -108.8213196 739.2559814
vn 0.8687713742 -0.4373390377 0.2323163003
v 51.63238907 -108.7776031 739.0386963
vn 0.8992704153 -0.4145121276 0.1396153569
v 51.67232132 -108.7132111 738.8087769
vn 0.9306179285 -0.3628496528 -0.04785821587
v 51.66714478 -108.6294174 738.5755005
vn 0.9254373908 -0.2959005535 -0.2366610765
v 51.6149559 -108.5300674 738.3521729
vn 0.8823673725 -0.2162081748 -0.4179496169
v 51.5178833 -108.4200287 738.1501465
vn 0.8037124276 -0.1283245832 -0.5810155869
v 51.38325119 -108.3062668 737.980835
vn 0.6950420141 -0.03725510091 -0.7180032134
v 51.22208405 -108.19561 737.8511353
vn 0.5649362206 0.05166418478 -0.8235155344
v 51.04663849 -108.0935745 737.7623901
vn 0.4128086567 0.1390078664 -0.9001476765
v 50.84153366 -107.9913177 737.7073975
vn 0.2479897439 0.2206880301 -0.9432910085
v 50.61891556 -107.896965 737.6951904
vn 0.06683824956 0.2971929014 -0.9524751902
v 50.38738251 -107.815361 737.7295532
vn -0.1202297509 0.3631803393 -0.9239290357
v 50.15977859 -107.7518082 737.8110962
vn -0.3044642806 0.4149472713 -0.8573915362
v 49.9476738 -107.7097244 737.9358521
vn -0.4750925303 0.4494006932 -0.7565223575
v 49.76329422 -107.6909256 738.0952148
vn -0.6237683892 0.4653986692 -0.6279467344
v 49.61472702 -107.6944275 738.2767944
vn -0.7439164519 0.4635947347 -0.4813192785
v 49.5050354 -107.71698 738.4678955
vn -0.838062644 0.444986254 -0.3156552911
v 49.42493057 -107.7606964 738.6851807
vn -0.9009202719 0.4104391932 -0.14100492
v 49.38499832 -107.8250809 738.9151001
vn -0.9322715998 0.3587685227 0.0464204289
v 49.39017487 -107.9088821 739.1483765
vn -0.9271198511 0.2917944193 0.2351696789
v 49.44236374 -108.0082321 739.3717041
vn -0.8841113448 0.2120810747 0.4163757861
v 49.53943634 -108.1182709 739.5737305
vn -0.8054959774 0.1241238639 0.5794562101
v 49.67406845 -108.2320328 739.742981
vn -0.6968802214 0.03300030157 0.7164279222
v 49.8352356 -108.3426819 739.8726807
vn -0.5668711066 -0.05593104661 0.8219056726
v 50.01068115 -108.444725 739.9614258
vn -0.4147335291 -0.1433318853 0.8985833526
v 50.21578598 -108.5469818 740.0164795
vn -0.2500405014 -0.2249650806 0.9417380095
v 50.43840408 -108.6413345 740.0286255
vn -0.06874069571 -0.3015238345 0.9509774446
v 50.66993713 -108.7229385 739.9942017
vn 0.1182871312 -0.3674648702 0.9224845171
v 50.89754105 -108.7864838 739.9127808
vn 0.3025423884 -0.4191869497 0.8560084105
v 51.10964584 -108.8285675 739.7879028
vn 0.4732852876 -0.4535980523 0.7551488876
v 51.29402161 -108.8473663 739.6286011
vn 0.6219775677 -0.4695441425 0.6266356111
v 51.44258881 -108.8438721 739.4470215
vn 0.7421925068 -0.4677068591 0.4800006151
v 51.55228424 -108.8213196 739.2559814
vn 0.7932811975 -0.4578540623 0.4013409615
v 50.52699661 -111.23246 738.4682007
vn 0.8633995056 -0.4498902559 0.2283419967
v 50.60196304 -111.2001419 738.248291
vn 0.8908792734 -0.4335029125 0.1356810182
v 50.6371727 -111.1467514 738.0161133
vn 0.9193427563 -0.3897145689 -0.05414240062
v 50.62793732 -111.0730133 737.7809448
vn 0.9117142558 -0.3296936154 -0.245110631
v 50.57261276 -110.9821701 737.5560913
vn 0.8667575121 -0.2556115389 -0.4282454252
v 50.47350693 -110.8786316 737.3532715
vn 0.7868602276 -0.1716433465 -0.5927811861
v 50.33802414 -110.7690506 737.1837158
vn 0.6776689887 -0.08271105587 -0.7307007313
v 50.17713165 -110.6602173 737.0541992
vn 0.5476017594 0.005900201388 -0.8367183208
v 50.00291443 -110.557869 736.9663086
vn 0.3960632682 0.09441294521 -0.913356483
v 49.80011368 -110.4531174 736.9125366
vn 0.2328200638 0.1788481623 -0.9559331536
v 49.58083725 -110.3539886 736.9020996
vn 0.05361285806 0.2599280179 -0.9641385078
v 49.35361862 -110.265358 736.9387207
vn -0.1308223158 0.3320266306 -0.9341540933
v 49.13110352 -110.1928253 737.0228271
vn -0.3121164739 0.3912900984 -0.8657224774
v 48.92460632 -110.1402283 737.1505737
vn -0.4794494212 0.4341424704 -0.7626588941
v 48.74600601 -110.1100769 737.3127441
vn -0.6248190403 0.4589933157 -0.6316061616
v 48.60303879 -110.1021042 737.4971313
vn -0.7417964339 0.4659175575 -0.48234725
v 48.49849319 -110.1137009 737.6907959
vn -0.8327353001 0.4558970034 -0.314181149
v 48.42352676 -110.1460114 737.9105835
vn -0.892528832 0.4296300411 -0.1371504813
v 48.38831711 -110.1994095 738.1428223
vn -0.9210595489 0.3858442307 0.05266465247
v 48.39755249 -110.2731476 738.3779297
vn -0.9135012031 0.3258219659 0.2436299622
v 48.45287323 -110.3639908 738.6027832
vn -0.8686160445 0.2517366409 0.4267725646
v 48.55197906 -110.4675217 738.8057251
vn -0.7887609005 0.1677422523 0.591370225
v 48.68746567 -110.5771103 738.9752808
vn -0.6794908047 0.07871347666 0.7294493914
v 48.84835815 -110.685936 739.1046753
vn -0.5494323373 -0.009895937517 0.8354796171
v 49.02257538 -110.7882919 739.192627
vn -0.397895515 -0.09841103107 0.91213727
v 49.22537613 -110.8930435 739.2463379
vn -0.2346779704 -0.182834208 0.9547240138
v 49.44464874 -110.9921722 739.256897
vn -0.05532066151 -0.2639463246 0.9629496336
v 49.67187119 -111.0808029 739.2201538
vn 0.1292582601 -0.3360606134 0.9329285026
v 49.89438629 -111.1533356 739.1360474
vn 0.3105454743 -0.3952823579 0.8644728661
v 50.10088348 -111.205925 739.0083618
vn 0.4779341817 -0.4381226599 0.7613326907
v 50.2794838 -111.2360764 738.8461914
vn 0.6232689023 -0.4629306495 0.6302627325
v 50.42245102 -111.2440567 738.6618042
vn 0.740193665 -0.4698263407 0.4810161293
v 50.52699661 -111.23246 738.4682007
vn 0.7898921371 -0.4660771489 0.3985505402
v 49.47302628 -113.5462112 737.8516846
vn 0.8574669361 -0.4625962675 0.2252890021
v 49.54199982 -113.5265198 737.6295776
vn 0.8831138015 -0.4505879879 0.1306922138
v 49.57157898 -113.4854355 737.3952026
vn 0.9070190191 -0.4165377021 -0.06174789742
v 49.5573616 -113.4231262 737.1580811
vn 0.8952488899 -0.365339756 -0.2550613284
v 49.49802017 -113.3421402 736.9318848
vn 0.8467841148 -0.2987217009 -0.4401385784
v 49.39606857 -113.2463608 736.7279663
vn 0.7642384171 -0.2204130888 -0.6061003804
v 49.25904846 -113.1420364 736.5579224
vn 0.6533184052 -0.1350775063 -0.7449356914
v 49.09790039 -113.0358963 736.4284058
vn 0.5225825906 -0.04808637127 -0.8512315154
v 48.92455292 -112.9338608 736.3409424
vn 0.3710812032 0.04086331651 -0.9277008772
v 48.72381592 -112.8270798 736.2880859
vn 0.2089441121 0.1276066452 -0.9695663452
v 48.50781631 -112.7233963 736.2789917
vn 0.0317238681 0.2130619287 -0.9765235186
v 48.28503036 -112.6276855 736.3174438
vn -0.1498352587 0.2914745808 -0.9447708726
v 48.06790161 -112.5458374 736.4036865
vn -0.327398628 0.3587600589 -0.8741289377
v 47.86749268 -112.4821472 736.5338745
vn -0.4904764891 0.4109229743 -0.768488884
v 47.69528198 -112.439827 736.6985474
vn -0.6311309338 0.4457810819 -0.6347857714
v 47.55862427 -112.4194107 736.8853149
vn -0.7434350848 0.462857753 -0.4827700853
v 47.45997238 -112.4189987 737.0812988
vn -0.8295946121 0.4632460773 -0.3117304444
v 47.39099884 -112.4386978 737.3034668
vn -0.884778142 0.4469268918 -0.1320000738
v 47.36141968 -112.4797821 737.5378418
vn -0.9087792635 0.412876457 0.06044219807
v 47.37563705 -112.5420837 737.7748413
vn -0.8970912099 0.3616840541 0.2537951767
v 47.4349823 -112.6230774 738.0011597
vn -0.8486850858 0.2950741053 0.4389360547
v 47.53693008 -112.7188568 738.2050171
vn -0.7661325932 0.2167476416 0.6050300002
v 47.6739502 -112.8231812 738.3751221
vn -0.6551405787 0.1313933879 0.7439936996
v 47.83509827 -112.9293213 738.5045166
vn -0.5242952704 0.04437666386 0.8503794074
v 48.00844955 -113.0313568 738.5921021
vn -0.3728700876 -0.04446278512 0.9268176556
v 48.20918274 -113.1381302 738.6449585
vn -0.2104890496 -0.1312843859 0.9687408209
v 48.42518234 -113.2418213 738.6540527
vn -0.0332399793 -0.2167160213 0.9756686091
v 48.64796829 -113.3375244 738.6155396
vn 0.1484473795 -0.2951488197 0.9438487887
v 48.86509705 -113.4193726 738.5292969
vn 0.326055944 -0.3624252081 0.8731182814
v 49.0655098 -113.4830704 738.3991699
vn 0.4891835749 -0.4145991802 0.7673375607
v 49.23771667 -113.525383 738.234375
vn 0.6297659278 -0.4494513273 0.6335521936
v 49.3743782 -113.5457993 738.0476074
vn 0.7419448495 -0.466514647 0.4815412164
v 49.47302628 -113.5462112 737.8516846
vn 0.7892594337 -0.4673140943 0.3983554542
v 48.3401413 -115.8465576 737.3786621
vn 0.8489203453 -0.4795820117 0.2221155465
v 48.40274429 -115.8393478 737.1549072
vn 0.8725022078 -0.471986562 0.1263668239
v 48.42646027 -115.8101501 736.9190674
vn 0.8916763067 -0.4475291967 -0.06805121154
v 48.4071846 -115.7585602 736.6809082
vn 0.8757104278 -0.4048537314 -0.2631059289
v 48.34391785 -115.6864319 736.4538574
vn 0.8237912059 -0.3452228606 -0.449654609
v 48.23939133 -115.5971985 736.2495728
vn 0.7387648225 -0.2719834149 -0.6166453958
v 48.10124969 -115.4967957 736.0794678
vn 0.6264044642 -0.1895882934 -0.7560911179
v 47.94037247 -115.3919449 735.9503784
vn 0.4952568412 -0.1034155563 -0.8625693321
v 47.76848221 -115.2888794 735.8634644
vn 0.3443885148 -0.01330114715 -0.9387329817
v 47.57052231 -115.1786194 735.8117065
vn 0.1837187409 0.07661962509 -0.9799882174
v 47.35858917 -115.0689468 735.8039551
vn 0.009096710011 0.1672594398 -0.9858709574
v 47.14107513 -114.9648132 735.8441162
vn -0.1690328419 0.252833724 -0.9526295066
v 46.93018341 -114.872467 735.932251
vn -0.3422318697 0.3288837075 -0.8801777363
v 46.73666382 -114.7967072 736.06427
vn -0.5004449487 0.3909954131 -0.772448957
v 46.57157135 -114.741539 736.2310181
vn -0.6359060407 0.4363807738 -0.6365495324
v 46.44182205 -114.7082977 736.4196777
vn -0.7429955006 0.4639332294 -0.4824144244
v 46.34953308 -114.695755 736.6171875
vn -0.8239266872 0.4749354422 -0.3091619313
v 46.28693008 -114.7029648 736.8410034
vn -0.8741845489 0.4686019421 -0.1273325533
v 46.26321411 -114.7321625 737.0767822
vn -0.8934300542 0.4441609681 0.06711019576
v 46.28248978 -114.7837524 737.3149414
vn -0.8775146008 0.4015001953 0.262232244
v 46.34575653 -114.8558807 737.5420532
vn -0.825630486 0.341902554 0.4488172531
v 46.45028305 -114.9451141 737.7463379
vn -0.7405357957 0.2686292827 0.6159911156
v 46.58842087 -115.045517 737.9163818
vn -0.628147006 0.1862476468 0.7554754615
v 46.7492981 -115.1503677 738.0454712
vn -0.4968913794 0.100051634 0.862025857
v 46.92119217 -115.2534332 738.1323242
vn -0.3460098803 0.009972042404 0.9381778836
v 47.11914825 -115.3636932 738.1842041
vn -0.1852122098 -0.07998052239 0.9794383645
v 47.33108139 -115.4733658 738.1918945
vn -0.01039117575 -0.1706922203 0.9852696061
v 47.54859924 -115.5774994 738.1517334
vn 0.16761446 -0.2562003732 0.9519804716
v 47.75949097 -115.6698456 738.0636597
vn 0.3408445418 -0.3322716653 0.8794432878
v 47.95300674 -115.7456055 737.9315796
vn 0.4990823269 -0.3944073319 0.7715955377
v 48.11810303 -115.8007736 737.7648926
vn 0.6344694495 -0.4397898912 0.6356362104
v 48.24785233 -115.8340225 737.5762329
vn 0.7414751649 -0.4673410952 0.4814632833
v 48.3401413 -115.8465576 737.3786621
vn 0.7865502834 -0.4727042019 0.3973529935
v 47.11103821 -118.1410675 737.0400391
vn 0.8383908868 -0.4988779128 0.2195941359
v 47.16714478 -118.145607 736.8154907
vn 0.8596332669 -0.4958364069 0.1231946349
v 47.1849556 -118.1274338 736.5790405
vn 0.8740845323 -0.4803251028 -0.07255390286
v 47.16066742 -118.0855789 736.3403931
vn 0.854014039 -0.4454421699 -0.2687773407
v 47.09362411 -118.0212936 736.1130371
vn 0.7988471389 -0.3920549452 -0.4562194645
v 46.98675156 -117.9375839 735.9088135
vn 0.7115565538 -0.3230552375 -0.6239571571
v 46.84779739 -117.8401337 735.7390747
vn 0.5980807543 -0.2428480536 -0.7637566924
v 46.68754578 -117.7357178 735.6104736
vn 0.4668584764 -0.1567989439 -0.8703202009
v 46.51748657 -117.6308899 735.524292
vn 0.3170469999 -0.0648771897 -0.9461882114
v 46.32273865 -117.51651 735.4733276
vn 0.1583136171 0.02869099751 -0.9869719744
v 46.11533356 -117.4003448 735.4666138
vn -0.01326640043 0.1249346808 -0.9920762777
v 45.90356445 -117.2874527 735.5079346
vn -0.1874279827 0.2179107219 -0.9578025341
v 45.69936752 -117.1844864 735.597229
vn -0.3558973074 0.3029030561 -0.8840740323
v 45.51315689 -117.0967407 735.7306519
vn -0.5088569522 0.374962002 -0.7748987675
v 45.3555336 -117.029007 735.8985596
vn -0.638872683 0.4307474494 -0.6374153495
v 45.23297119 -116.9833679 736.0883179
vn -0.7405360341 0.4684896767 -0.4817923009
v 45.1472435 -116.959259 736.2868652
vn -0.8160569668 0.4896371961 -0.3070935607
v 45.09113693 -116.9547195 736.5114746
vn -0.8613028526 0.4927629828 -0.1238630489
v 45.07332611 -116.9728928 736.7479248
vn -0.8758042455 0.4772801697 0.07190674543
v 45.09761429 -117.0147476 736.9865112
vn -0.855761826 0.4424192011 0.2682105601
v 45.16465759 -117.0790329 737.2138672
vn -0.8005991578 0.3890472353 0.4557228088
v 45.27152634 -117.1627426 737.4181519
vn -0.7132748365 0.3200693429 0.6235339642
v 45.41048431 -117.2602005 737.5878906
vn -0.5996812582 0.2398205549 0.763458252
v 45.57073593 -117.3646088 737.7164917
vn -0.4684995115 0.1538198888 0.8699699044
v 45.74079514 -117.4694443 737.8026733
vn -0.3185203969 0.0618313998 0.9458972812
v 45.93553925 -117.5838242 737.8535767
vn -0.1597870737 -0.03172828257 0.9866414666
v 46.14294434 -117.6999893 737.8603516
vn 0.01204523072 -0.1281046718 0.9916874766
v 46.35471725 -117.8128738 737.8189697
vn 0.186129123 -0.2210431546 0.9573379159
v 46.55891418 -117.9158478 737.7295532
vn 0.3545653522 -0.3060377836 0.8835294247
v 46.745121 -118.0035858 737.5962524
vn 0.5074884295 -0.3781010509 0.7742707133
v 46.90274429 -118.0713196 737.4283447
vn 0.6373715401 -0.4338524044 0.6368120909
v 47.0253067 -118.1169586 737.2385864
vn 0.7389916778 -0.4715994298 0.4811291397
v 47.11103821 -118.1410675 737.0400391
vn 0.7816979289 -0.4817866981 0.396017611
v 45.80056763 -120.3956757 736.8305054
vn 0.8271245956 -0.5179934502 0.2180544138
v 45.85035706 -120.410759 736.6057129
vn 0.8458861709 -0.519440949 0.12106888
v 45.86246872 -120.4023895 736.3692627
vn 0.8556758761 -0.5119857788 -0.07542789727
v 45.83340836 -120.3690872 736.1306763
vn 0.8315959573 -0.4840321839 -0.2723252773
v 45.76283646 -120.3115463 735.9036255
vn 0.7732867002 -0.4360701442 -0.4602939487
v 45.65386963 -120.2324219 735.699646
vn 0.6839271188 -0.3707023263 -0.628349781
v 45.51433182 -120.1371841 735.5303345
vn 0.5694518685 -0.2921289802 -0.7683652639
v 45.3549118 -120.0327072 735.4021606
vn 0.4383621216 -0.2058686465 -0.8749038577
v 45.18685913 -119.9258423 735.3165894
vn 0.289698869 -0.1118530259 -0.9505595565
v 44.99547958 -119.8072739 735.2662354
vn 0.1330863982 -0.01461322978 -0.9909967184
v 44.79272079 -119.6847839 735.2601929
vn -0.03535921872 0.08714170754 -0.9955682158
v 44.58677292 -119.5635605 735.3021851
vn -0.2054039538 0.1872054338 -0.9606057405
v 44.38929749 -119.4506149 735.3921509
vn -0.3689613342 0.2806208134 -0.886069715
v 44.21037674 -119.3517609 735.526062
vn -0.5165080428 0.3619681299 -0.7760145068
v 44.06015015 -119.2724609 735.694519
vn -0.6409225464 0.4274047017 -0.6376076341
v 43.944664 -119.2155228 735.8847046
vn -0.7371399403 0.4745849073 -0.4810341597
v 43.86535645 -119.1809387 736.0834961
vn -0.8072479963 0.5050158501 -0.3054662645
v 43.81556702 -119.1658478 736.3082275
vn -0.8474869132 0.5167435408 -0.1214167029
v 43.80345535 -119.1742249 736.5446777
vn -0.8572865725 0.5093291998 0.07512314618
v 43.8325119 -119.2075272 736.7833252
vn -0.8331941366 0.4814091027 0.2720897198
v 43.90308762 -119.2650604 737.010376
vn -0.7748380303 0.433459878 0.4601505697
v 44.01205063 -119.3441849 737.2142944
vn -0.6854444146 0.3680989742 0.6282269955
v 44.15158844 -119.4394226 737.383606
vn -0.5709052086 0.2895098925 0.7682781219
v 44.31100845 -119.5438995 737.5116577
vn -0.4397703409 0.2032299191 0.8748140931
v 44.47906113 -119.6507645 737.5973511
vn -0.2911353111 0.1092205569 0.9504268169
v 44.67044449 -119.7693329 737.6477051
vn -0.1344108284 0.01189595088 0.9908542633
v 44.87319946 -119.8918228 737.6538086
vn 0.03412858024 -0.0899502188 0.9953613281
v 45.07914734 -120.0130463 737.6117554
vn 0.2041276544 -0.1900304556 0.9603230357
v 45.27662659 -120.1259918 737.5217896
vn 0.3676125109 -0.2834519148 0.8857291341
v 45.45554733 -120.2248459 737.3878174
vn 0.515152812 -0.3648272455 0.7755763531
v 45.60577011 -120.3041458 737.2193604
vn 0.6394179463 -0.4302013814 0.63723737
v 45.72125626 -120.361084 737.0292358
vn 0.7355691195 -0.4773441255 0.4807085097
v 45.80056763 -120.3956757 736.8305054
vn 0.7756169438 -0.4922925532 0.3950523734
v 44.41367722 -122.6130676 736.7360229
vn 0.8226318359 -0.5252572894 0.2176731676
v 44.45789719 -122.636795 736.5116577
vn 0.8377066851 -0.5326734185 0.1204433143
v 44.4649353 -122.6365433 736.2755127
vn 0.8435428739 -0.531609118 -0.0763361752
v 44.43156052 -122.6104355 736.0374756
vn 0.8159154058 -0.5094065666 -0.2734720707
v 44.35771179 -122.5587082 735.8108521
vn 0.754653573 -0.4662039578 -0.4616836905
v 44.24669266 -122.4837036 735.6074219
vn 0.6631038785 -0.4043560922 -0.6299121976
v 44.10640717 -122.3907089 735.4385986
vn 0.5472971201 -0.3278920352 -0.770034194
v 43.9474678 -122.2866211 735.3109131
vn 0.4157454073 -0.2423349768 -0.8766011
v 43.78092957 -122.1785431 735.225647
vn 0.2675140202 -0.1474717557 -0.9522018433
v 43.59224319 -122.0570221 735.1755981
vn 0.1120483205 -0.04841468111 -0.9925226569
v 43.39330673 -121.9298401 735.1697998
vn -0.05449639633 0.05666896701 -0.9969046116
v 43.19222641 -121.8022614 735.2119751
vn -0.221788913 0.161298424 -0.9616613388
v 43.00043106 -121.681572 735.302063
vn -0.3818658292 0.2604060173 -0.8867734671
v 42.82773209 -121.573967 735.4359741
vn -0.5254382491 0.3482659757 -0.7762895226
v 42.68387604 -121.4854736 735.604187
vn -0.6454925537 0.4205878973 -0.6375305653
v 42.57452774 -121.4194565 735.7941895
vn -0.7373598814 0.4746923447 -0.4805909097
v 42.50082779 -121.3763809 735.9926758
vn -0.8032009602 0.5119441748 -0.3046003878
v 42.45660782 -121.3526535 736.217041
vn -0.8392439485 0.5303054452 -0.1201905087
v 42.4495697 -121.3529053 736.453186
vn -0.8449911475 0.5292583108 0.07665235549
v 42.48294449 -121.3790131 736.6912842
vn -0.8172475696 0.5070621967 0.273850888
v 42.55679321 -121.4307404 736.9178467
vn -0.7558553219 0.4638537169 0.462084949
v 42.66781235 -121.5057449 737.1212158
vn -0.6642061472 0.4019990265 0.6302594543
v 42.80809784 -121.5987396 737.2901001
vn -0.5483748317 0.325548172 0.7702619433
v 42.9670372 -121.7028275 737.4177856
vn -0.4167544246 0.239945814 0.8767791986
v 43.13357544 -121.8109055 737.5030518
vn -0.2686064839 0.1450938731 0.9522596002
v 43.32226181 -121.9324265 737.5530396
vn -0.113150686 0.04597554728 0.9925135374
v 43.52119827 -122.0596085 737.5588989
vn 0.053318616 -0.0591237992 0.996825695
v 43.72227859 -122.1871872 737.5167236
vn 0.2205382138 -0.1637822539 0.9615291357
v 43.91407394 -122.3078766 737.4266357
vn 0.3804376423 -0.2628540993 0.8866650462
v 44.08677292 -122.4154816 737.2926636
vn 0.5239568353 -0.3507312834 0.776180923
v 44.23062897 -122.5039749 737.1244507
vn 0.643913269 -0.4230306447 0.6375113726
v 44.33997726 -122.5699921 736.9344482
vn 0.7357422113 -0.4771064222 0.4806796014
v 44.41367722 -122.6130676 736.7360229
vn 0.7720628977 -0.4981059432 0.3947269619
v 43.00711441 -124.8186722 736.7220459
vn 0.8309662938 -0.5120097995 0.2175799012
v 43.04892349 -124.8459091 736.49823
vn 0.8429605961 -0.5244992971 0.1196577698
v 43.05331802 -124.8497696 736.2628174
vn 0.8462899327 -0.5270970464 -0.07721460611
v 43.01715851 -124.8282623 736.0254517
vn 0.8159689307 -0.5088190436 -0.2744045854
v 42.94054413 -124.7813797 735.7994995
vn 0.751991868 -0.4695953727 -0.4625888467
v 42.82691956 -124.7112198 735.5966797
vn 0.6578282118 -0.4115691781 -0.630771637
v 42.6843338 -124.6227722 735.4282837
vn 0.5397365689 -0.338583678 -0.7707434893
v 42.52350616 -124.5227051 735.3009644
vn 0.4062658548 -0.2559348941 -0.8771803379
v 42.35554123 -124.4179764 735.2159424
vn 0.2565405667 -0.1632023156 -0.9526551962
v 42.16576385 -124.2994232 735.1660767
vn 0.09981955588 -0.06602335721 -0.9928126335
v 41.9662056 -124.1745377 735.1602173
vn -0.06743182987 0.03777610138 -0.9970085025
v 41.76503754 -124.0484161 735.2022705
vn -0.2350079864 0.1419174224 -0.961577177
v 41.57372284 -123.9282455 735.2921753
vn -0.3948015273 0.2413219661 -0.8865074515
v 41.40205383 -123.8201523 735.4256592
vn -0.5375286341 0.330252409 -0.7758842111
v 41.25969696 -123.7302475 735.5935059
vn -0.6563060284 0.4043920338 -0.6369690299
v 41.15218735 -123.662056 735.7828369
vn -0.7464978099 0.4608121812 -0.4799928963
v 41.08052444 -123.6162643 735.980835
vn -0.8105050921 0.5006942153 -0.3039520383
v 41.03871155 -123.5890274 736.2045898
vn -0.8443656564 0.5222820044 -0.1194493547
v 41.03432083 -123.5851669 736.4400024
vn -0.8476608992 0.5248562694 0.077439785
v 41.07048035 -123.6066666 736.6774292
vn -0.8172957897 0.5065618157 0.2746319175
v 41.14709091 -123.6535492 736.9033203
vn -0.7532579899 0.4673278034 0.4628251791
v 41.2607193 -123.7237091 737.1061401
vn -0.6590516567 0.4093102515 0.6309643984
v 41.40330505 -123.8121643 737.2745972
vn -0.5409353971 0.3363424242 0.770884335
v 41.56412888 -123.9122238 737.4019165
vn -0.4074468613 0.2537205219 0.8772758842
v 41.73209381 -124.0169601 737.4869385
vn -0.2577081919 0.1610234678 0.9527108073
v 41.921875 -124.1355133 737.5367432
vn -0.101011239 0.06385965645 0.992833674
v 42.12143326 -124.2603989 737.5426025
vn 0.06619942933 -0.03992562741 0.9970073104
v 42.32260132 -124.3865128 737.5005493
vn 0.2337337285 -0.1440417171 0.9615719318
v 42.51391602 -124.506691 737.4107056
vn 0.3934768438 -0.243439436 0.8865174651
v 42.68558502 -124.6147766 737.2772217
vn 0.5361606479 -0.3323794901 0.7759224772
v 42.82794189 -124.7046814 737.109375
vn 0.6549043059 -0.4065286219 0.6370517015
v 42.93545151 -124.7728729 736.9199829
vn 0.7450755835 -0.4629779756 0.4801184535
v 43.00711441 -124.8186722 736.7220459
vn 0.7781546116 -0.4884966314 0.3947739303
v 41.58333969 -127.1618042 736.7436523
vn 0.8457944393 -0.4872482419 0.2173038423
v 41.62507629 -127.1888809 736.5205688
vn 0.8568299413 -0.5010174513 0.1217538565
v 41.62875366 -127.1938782 736.2858276
vn 0.8598431945 -0.5050097108 -0.07506567985
v 41.59122086 -127.1748505 736.0490723
vn 0.8286601305 -0.48904863 -0.2723119557
v 41.51262665 -127.1317062 735.8237915
vn 0.7633031011 -0.4529750645 -0.4606320858
v 41.39649963 -127.0663757 735.621521
vn 0.667283535 -0.3987438977 -0.6290754676
v 41.25106049 -126.9835129 735.4536743
vn 0.546941936 -0.3299354613 -0.7694135308
v 41.08722687 -126.8894119 735.3267212
vn 0.4110298753 -0.2516125143 -0.876210928
v 40.91627884 -126.7906494 735.2419434
vn 0.2589105368 -0.1633514166 -0.9519882798
v 40.72328186 -126.6785889 735.1922607
vn 0.09956697375 -0.07066081464 -0.992518723
v 40.52050018 -126.5602798 735.1866455
vn -0.07030244172 0.02861915529 -0.9971150756
v 40.3162384 -126.4405289 735.2285767
vn -0.2403401136 0.1284637004 -0.9621505737
v 40.12215042 -126.3261337 735.3181763
vn -0.4026052356 0.2242366821 -0.8874834776
v 39.94816971 -126.2229462 735.451416
vn -0.547409296 0.3102187514 -0.7772434354
v 39.80408096 -126.136795 735.6188354
vn -0.6678289771 0.3822815716 -0.6386433244
v 39.69547653 -126.0710983 735.8077393
vn -0.7592167258 0.4375708997 -0.4817900956
v 39.62332153 -126.0265732 736.005127
vn -0.823926568 0.477027595 -0.3059242368
v 39.58158493 -125.9994965 736.2283325
vn -0.8579603434 0.4990994632 -0.1216707379
v 39.57790756 -125.9944992 736.4630737
vn -0.8609678745 0.5030801892 0.0751311481
v 39.61543655 -126.0135269 736.6998291
vn -0.8297841549 0.4871136844 0.2723573148
v 39.69403458 -126.0566711 736.9251099
vn -0.7644367814 0.4510394931 0.4606515169
v 39.81016159 -126.1220016 737.1273804
vn -0.6683984995 0.3968159854 0.6291109324
v 39.95560074 -126.2048645 737.2952271
vn -0.5480757952 0.3280323148 0.7694203854
v 40.11943436 -126.2989655 737.4220581
vn -0.4121741354 0.2497168332 0.8762156963
v 40.29038239 -126.397728 737.5068359
vn -0.2600915134 0.1614905298 0.9519838095
v 40.48337555 -126.5097885 737.5565186
vn -0.100720562 0.06881902367 0.9925317764
v 40.68616104 -126.6280975 737.5622559
vn 0.06913555413 -0.03044723906 0.9971425533
v 40.89042282 -126.7478485 737.5202026
vn 0.2391959131 -0.1303112358 0.9621872306
v 41.0845108 -126.8622437 737.430603
vn 0.4014343917 -0.2260591537 0.8875514865
v 41.25849152 -126.9654312 737.2974243
vn 0.5462260842 -0.3120501935 0.7773427367
v 41.40257645 -127.0515823 737.1300659
vn 0.6666867137 -0.3841503859 0.6387153864
v 41.51118469 -127.1172791 736.9411011
vn 0.758072257 -0.4394504726 0.4818814695
v 41.58333969 -127.1618042 736.7436523
vn 0.7918692827 -0.4661376178 0.3945361078
v 40.3611908 -129.3317719 736.7681885
vn 0.8618952036 -0.4583278 0.2169613987
v 40.403759 -129.3571472 736.5455322
vn 0.8738081455 -0.4714745283 0.1190423667
v 40.40765762 -129.3617249 736.3112793
vn 0.8765338063 -0.4750021696 -0.07785526663
v 40.36967087 -129.3436737 736.0750122
vn 0.8443769813 -0.4597478807 -0.2750624716
v 40.2899437 -129.3029175 735.8502808
vn 0.7773893476 -0.4255747795 -0.4631975293
v 40.17205429 -129.2413025 735.6484985
vn 0.6792390943 -0.3743899465 -0.6312419772
v 40.02435303 -129.1631927 735.4810181
vn 0.5563530922 -0.3095257282 -0.7711452842
v 39.85792542 -129.0745239 735.3543701
vn 0.4176302552 -0.2357210517 -0.8775081635
v 39.68424225 -128.9814758 735.2699585
vn 0.2624460757 -0.1525436193 -0.9528129697
v 39.48812866 -128.875946 735.220459
vn 0.0999276042 -0.0653025806 -0.9928494692
v 39.28203201 -128.7645569 735.2148438
vn -0.07335905731 0.02818249911 -0.9969072938
v 39.07440567 -128.651825 735.2568359
vn -0.2466403395 0.1220897213 -0.9613857865
v 38.87708664 -128.5441742 735.3463135
vn -0.4118781686 0.212089926 -0.8862134218
v 38.70016861 -128.4470978 735.4793091
vn -0.5593497157 0.2929130495 -0.7754546404
v 38.55361557 -128.3660736 735.6463623
vn -0.6818009019 0.3605367243 -0.6365224719
v 38.4431076 -128.3043365 735.8348999
vn -0.774600625 0.4123451114 -0.4795470834
v 38.36964035 -128.2625275 736.0319824
vn -0.8402617574 0.4492973685 -0.3034667969
v 38.32706833 -128.2371521 736.2546997
vn -0.8746719956 0.4698798358 -0.1190034449
v 38.32317352 -128.2325745 736.4888916
vn -0.8773956299 0.4734069705 0.07786373049
v 38.36115646 -128.2506256 736.7252197
vn -0.8452554345 0.4581595659 0.2750146389
v 38.44088745 -128.2913666 736.9499512
vn -0.7782876492 0.4239957333 0.4631370902
v 38.55877686 -128.3529968 737.1517944
vn -0.68015486 0.3728119433 0.6311898232
v 38.70647812 -128.4311066 737.3192139
vn -0.5572754741 0.3079520166 0.7711093426
v 38.87290192 -128.5197754 737.4458008
vn -0.4185867608 0.2341748625 0.8774663806
v 39.0465889 -128.6128082 737.5302124
vn -0.2634879947 0.1510366201 0.9527654648
v 39.24270248 -128.7183533 737.579834
vn -0.1009584218 0.06378209591 0.9928440452
v 39.44879532 -128.8297424 737.5854492
vn 0.07232006639 -0.02969305031 0.9969393611
v 39.65642548 -128.9424744 737.543457
vn 0.2457509041 -0.1236726195 0.9614112377
v 39.85374451 -129.0501251 737.4539185
vn 0.4109633267 -0.2136637717 0.8862600923
v 40.03065872 -129.1472015 737.3209229
vn 0.5583620667 -0.2944426239 0.7755871415
v 40.17721558 -129.2282104 737.1538086
vn 0.680870831 -0.3620959222 0.6366328597
v 40.28772354 -129.2899628 736.965271
vn 0.7737339139 -0.4139432907 0.4795693755
v 40.3611908 -129.3317719 736.7681885
vn 0.8075091243 -0.4387770891 0.3942127228
v 39.15339279 -131.6529694 736.7862549
vn 0.8756338358 -0.4315914512 0.2167815268
v 39.19711685 -131.6759186 736.5639038
vn 0.88818115 -0.4436508417 0.11961703
v 39.20159149 -131.6793671 736.3301392
vn 0.8914929628 -0.4463973343 -0.07726410776
v 39.16353989 -131.6616058 736.0942993
vn 0.8593533039 -0.4314866066 -0.2744652629
v 39.08307266 -131.6226349 735.8699951
vn 0.7917529345 -0.3987992704 -0.4626947641
v 38.96380234 -131.564209 735.6685181
vn 0.6924299598 -0.3501856923 -0.6308016777
v 38.81418228 -131.490448 735.5014648
vn 0.5678334236 -0.2887668908 -0.7708300352
v 38.64545441 -131.4069672 735.3751831
vn 0.4270742536 -0.2190585732 -0.8772804141
v 38.46926117 -131.3195343 735.2908936
vn 0.2695202231 -0.1405919343 -0.9526766539
v 38.27021408 -131.22052 735.2415161
vn 0.104414463 -0.05844321474 -0.9928151965
v 38.06093597 -131.1161804 735.2359619
vn -0.0717298463 0.02946771681 -0.9969887137
v 37.84999466 -131.0107727 735.2779541
vn -0.2480052114 0.1176802963 -0.9615845084
v 37.64941788 -130.9102783 735.3673096
vn -0.4161862731 0.2020933628 -0.8865366578
v 37.46946335 -130.8198547 735.5001221
vn -0.5664292574 0.2777795494 -0.7758842707
v 37.32026672 -130.7445831 735.6669312
vn -0.6913515329 0.3410078883 -0.6369824409
v 37.20762634 -130.687439 735.8552246
vn -0.7861353159 0.3892935514 -0.4800435007
v 37.13258362 -130.6490021 736.0518799
vn -0.8533397913 0.4235312343 -0.3040270507
v 37.08885956 -130.6260529 736.2741699
vn -0.8888276815 0.4423577189 -0.1196033582
v 37.08438492 -130.6226044 736.5080566
vn -0.8921393156 0.4451084137 0.07723964751
v 37.12243652 -130.6403656 736.7437744
vn -0.8600100875 0.4302049279 0.2744199932
v 37.20290375 -130.6793365 736.9682007
vn -0.7924469113 0.3975364268 0.462593466
v 37.32217407 -130.7377625 737.1695557
vn -0.6931272745 0.3489182293 0.6307381392
v 37.47179794 -130.8115234 737.3366089
vn -0.5686004162 0.2875215411 0.7707301378
v 37.64052582 -130.8950043 737.4630127
vn -0.4279096425 0.2178342342 0.8771781921
v 37.81671524 -130.9824371 737.5473022
vn -0.2702995539 0.1393457353 0.9526389241
v 38.01576233 -131.0814514 737.5966797
vn -0.1051745564 0.05718418583 0.9928082824
v 38.22504044 -131.185791 737.6021729
vn 0.07091683149 -0.03072063066 0.9970090389
v 38.43598175 -131.2911987 737.5602417
vn 0.2471983433 -0.1189400032 0.9616372585
v 38.63656235 -131.3916931 737.4708252
vn 0.4154993296 -0.2033986449 0.8865603805
v 38.81651306 -131.4821167 737.3380127
vn 0.5656874776 -0.2790581584 0.7759666443
v 38.9657135 -131.5573883 737.1712036
vn 0.6905934811 -0.3422777951 0.6371236444
v 39.07835007 -131.6145325 736.9829102
vn 0.7854780555 -0.3906011879 0.4800572395
v 39.15339279 -131.6529694 736.7862549
vn 0.8206879497 -0.4138421118 0.3939618766
v 38.02015305 -134.0103302 736.7902222
vn 0.887332499 -0.4070246816 0.2167300135
v 38.06500244 -134.0307617 736.5681763
vn 0.9007237554 -0.417625457 0.1195226088
v 38.07012939 -134.0328217 736.3347778
vn 0.904576242 -0.4192327261 -0.07736792415
v 38.03219223 -134.0149689 736.0993042
vn 0.8724778891 -0.4042425752 -0.2745365798
v 37.95126343 -133.9772644 735.8752441
vn 0.8043915629 -0.3725789487 -0.4627516866
v 37.83097458 -133.9213867 735.6741333
vn 0.704023242 -0.3260136843 -0.6309249997
v 37.67985916 -133.8513031 735.5073242
vn 0.5780194998 -0.2675910294 -0.7709010839
v 37.50928879 -133.7722778 735.3812256
vn 0.4355206192 -0.2015262991 -0.8773306012
v 37.33105087 -133.6897583 735.2970581
vn 0.2759056985 -0.1273853779 -0.9527061582
v 37.12957382 -133.5965576 735.2476807
vn 0.1085205898 -0.04993955046 -0.9928390384
v 36.91762543 -133.4985657 735.2421875
vn -0.07019296288 0.03276820853 -0.9969950914
v 36.70387268 -133.3997955 735.2841187
vn -0.2490387559 0.115509972 -0.9615805745
v 36.50048828 -133.3058929 735.3734131
vn -0.4198399484 0.1945116371 -0.8865098357
v 36.31788635 -133.2216492 735.5060425
vn -0.5725375414 0.2651350796 -0.7758248448
v 36.16635132 -133.1518097 735.6726685
vn -0.6995736957 0.3238810897 -0.636943996
v 36.05178833 -133.0991058 735.8606567
vn -0.7961357832 0.3685108423 -0.4799661934
v 35.97528076 -133.0639954 736.0569458
vn -0.8647139072 0.3998450041 -0.3039635122
v 35.93042755 -133.0435486 736.2789917
vn -0.9011830688 0.4166321456 -0.1195272282
v 35.9253006 -133.0414886 736.5125122
vn -0.905036211 0.4182460606 0.07732883096
v 35.96323776 -133.0593414 736.7479248
vn -0.8729420304 0.403257519 0.2745096982
v 36.04416656 -133.0970612 736.9719849
vn -0.8048826456 0.3716127574 0.4626746774
v 36.16445541 -133.1529388 737.1730347
vn -0.7045630813 0.3250651956 0.6308117509
v 36.31557083 -133.2230225 737.3399658
vn -0.5785936117 0.2666511834 0.7707960606
v 36.48614502 -133.3020477 737.4660645
vn -0.436121881 0.2005949318 0.877245307
v 36.66437912 -133.384552 737.5502319
vn -0.2764921784 0.1264413297 0.9526618719
v 36.86585617 -133.4777679 737.5994873
vn -0.1090853587 0.04897869006 0.9928249717
v 37.07780838 -133.5757599 737.6049805
vn 0.06958150119 -0.03370922431 0.9970065951
v 37.29156113 -133.67453 737.5630493
vn 0.2484336942 -0.116460219 0.961622417
v 37.49494171 -133.7684326 737.473877
vn 0.4192847311 -0.195494175 0.8865564466
v 37.67754364 -133.8526764 737.3412476
vn 0.5719870329 -0.2661165297 0.7758948803
v 37.82908249 -133.9225006 737.1746216
vn 0.6990529895 -0.3248688877 0.6370126605
v 37.94364548 -133.9752197 736.9866333
vn 0.7956443429 -0.3695071638 0.4800151885
v 38.02015305 -134.0103302 736.7902222
vn 0.8319879174 -0.3906874955 0.393902719
v 36.95232391 -136.3999329 736.7787476
vn 0.8946027756 -0.3853680193 0.2262240946
v 36.99820328 -136.4179535 736.5569458
vn 0.9092425704 -0.3933387399 0.1362444758
v 37.00396729 -136.4185791 736.3237305
vn 0.9167054296 -0.3949993551 -0.0602216199
v 36.96621323 -136.4004059 736.0884399
vn 0.887858212 -0.3810040057 -0.2579607666
v 36.88498688 -136.3636017 735.8646851
vn 0.8224096894 -0.3512857556 -0.4474825561
v 36.76393127 -136.3097839 735.6638184
vn 0.7236880064 -0.3073739111 -0.6178972125
v 36.6116333 -136.2427673 735.4971313
vn 0.5981295705 -0.2521115243 -0.7607107162
v 36.43957138 -136.1675568 735.3711548
vn 0.4550279379 -0.189541772 -0.8700709939
v 36.25965881 -136.0893097 735.2870483
vn 0.2959483564 -0.1201576814 -0.9476163387
v 36.05617523 -136.0011597 735.237793
vn 0.1279664934 -0.04722964391 -0.9906532764
v 35.84199905 -135.9087524 735.2321777
vn -0.05239485577 0.03075097501 -0.9981528521
v 35.6258812 -135.8158722 735.2741089
vn -0.2339297682 0.1089247689 -0.9661326408
v 35.42012787 -135.7278595 735.3631592
vn -0.4081659615 0.1836186647 -0.8942509294
v 35.23526382 -135.6492004 735.4957275
vn -0.564981997 0.2504976094 -0.7861592174
v 35.08171082 -135.5843048 735.6621094
vn -0.6963741183 0.3061618209 -0.6490978599
v 34.96546555 -135.535675 735.8498535
vn -0.797257185 0.3484862149 -0.4928877652
v 34.88766098 -135.5036926 736.0460815
vn -0.8689487576 0.3780555725 -0.3193776608
v 34.84178162 -135.485672 736.2677612
vn -0.9089693427 0.3939765692 -0.1362247318
v 34.83601761 -135.4850464 736.5010376
vn -0.9163993597 0.3957078159 0.06022920832
v 34.87377167 -135.5032043 736.7362671
vn -0.8875454068 0.3817617297 0.2579168379
v 34.95499802 -135.5400238 736.960083
vn -0.8220897317 0.3520474732 0.4474718273
v 35.07605362 -135.5938416 737.1608887
vn -0.7234020233 0.3081147075 0.6178631186
v 35.22835159 -135.6608582 737.3276367
vn -0.5979682803 0.252799511 0.7606092095
v 35.40041351 -135.7360535 737.4536743
vn -0.4549488723 0.1901138574 0.8699874878
v 35.58032608 -135.8143158 737.5377808
vn -0.2958116531 0.1207240447 0.9475870132
v 35.78380966 -135.9024658 737.5870361
vn -0.1277292222 0.04786787555 0.9906532764
v 35.99798584 -135.994873 737.5925293
vn 0.05256992206 -0.03001017123 0.9981662035
v 36.2141037 -136.087738 737.5507202
vn 0.2341285795 -0.1081351563 0.966173172
v 36.41985703 -136.175766 737.4615479
vn 0.4084390402 -0.1828553677 0.894282639
v 36.60472107 -136.254425 737.3289795
vn 0.5652034283 -0.2497605085 0.7862345576
v 36.75827408 -136.3193207 737.1626587
vn 0.6965893507 -0.3055171967 0.6491706371
v 36.87451935 -136.3679504 736.9749146
vn 0.7974237204 -0.3479541242 0.4929942489
v 36.95232391 -136.3999329 736.7787476
vn 0.8444335461 -0.3692016602 0.3881007135
v 35.94350815 -138.8132172 736.7515259
vn 0.8904005289 -0.3682162464 0.2675887048
v 35.99028778 -138.8289948 736.5299072
vn 0.918603003 -0.377256453 0.1176694408
v 35.99662781 -138.8282318 736.2967529
vn 0.9229975939 -0.3764224648 -0.07988496125
v 35.95907211 -138.8096619 736.0617676
vn 0.8903133273 -0.3604137599 -0.278287828
v 35.87763596 -138.7734985 735.8381348
vn 0.8214306235 -0.3311928213 -0.4642876685
v 35.75596237 -138.7213593 735.6373291
vn 0.7187161446 -0.2868640721 -0.6333688498
v 35.60270309 -138.6569214 735.4706421
vn 0.5893381238 -0.2319585532 -0.773870647
v 35.42941284 -138.5849609 735.3447266
vn 0.443390429 -0.1707012951 -0.8799238801
v 35.24811172 -138.5103455 735.2606201
vn 0.2846659124 -0.1038307324 -0.9529871345
v 35.04294968 -138.4265747 735.2113647
vn 0.1135164201 -0.03329052776 -0.9929782152
v 34.8269043 -138.3390198 735.2057495
vn -0.06930867583 0.04150883481 -0.9967313409
v 34.60879517 -138.251297 735.2475586
vn -0.2530581355 0.1161826923 -0.9604494572
v 34.40103149 -138.168457 735.3366089
vn -0.4255537689 0.1860608906 -0.8855988383
v 34.21424866 -138.0947113 735.4689331
vn -0.5826574564 0.249104321 -0.7736002207
v 34.05897141 -138.0342102 735.6351929
vn -0.71296525 0.3007695079 -0.6334179044
v 33.94128418 -137.9892426 735.8227539
vn -0.8120071292 0.3393516839 -0.4748524129
v 33.86235428 -137.960083 736.0187988
vn -0.880795598 0.3640727699 -0.3027376831
v 33.81557465 -137.9443054 736.2404175
vn -0.9186568856 0.3771275282 -0.1176620871
v 33.80923462 -137.9450684 736.4735107
vn -0.9230445623 0.3763026595 0.07990682125
v 33.84679031 -137.9636383 736.7085571
vn -0.8903594017 0.3603134453 0.2782702744
v 33.92822647 -137.9998016 736.9321899
vn -0.8214592934 0.3311128914 0.464293927
v 34.04989624 -138.0519409 737.1329956
vn -0.7187314034 0.28676036 0.6333985329
v 34.20315552 -138.1163788 737.2996216
vn -0.5893848538 0.2318462133 0.7738687396
v 34.37644577 -138.1883392 737.4255371
vn -0.4434621036 0.1705461591 0.8799178004
v 34.5577507 -138.2629547 737.5096436
vn -0.2846883535 0.1036203429 0.9530033469
v 34.76290894 -138.3467255 737.5588989
vn -0.1135826409 0.03317224607 0.9929746389
v 34.97895432 -138.4342804 737.5645142
vn 0.06924061477 -0.04162691906 0.9967311025
v 35.19706726 -138.5220032 737.5227661
vn 0.2529985309 -0.1162955165 0.9604514837
v 35.40482712 -138.6048431 737.4336548
vn 0.4254975915 -0.1861622781 0.8856045604
v 35.59161377 -138.6785889 737.3013916
vn 0.582621932 -0.24919945 0.7735963464
v 35.74689102 -138.73909 737.1351318
vn 0.7128815055 -0.3008727133 0.6334631443
v 35.86457825 -138.7840576 736.9475098
vn 0.8119124174 -0.3394939601 0.474912703
v 35.94350815 -138.8132172 736.7515259
vn 0.8656585217 -0.3591489196 0.3487797976
v 34.98534775 -141.2486572 736.7094116
vn 0.9037217498 -0.359242171 0.2328778207
v 35.03292084 -141.2623901 736.487915
vn 0.9233478308 -0.364444524 0.120867379
v 35.03977203 -141.2603149 736.2548218
vn 0.9286697507 -0.3630036712 -0.07616296411
v 35.00240326 -141.2413025 736.0198364
vn 0.8913796544 -0.3441613317 -0.2949496508
v 34.92080307 -141.2056122 735.7962646
vn 0.8375156522 -0.3205835819 -0.4424857795
v 34.79861832 -141.1548462 735.59552
vn 0.7258245349 -0.2742361426 -0.6308512092
v 34.64454269 -141.0925903 735.428894
vn 0.5969113111 -0.221445173 -0.7711412907
v 34.4702034 -141.0233917 735.3029175
vn 0.4509198666 -0.1625310183 -0.8776416779
v 34.28770828 -140.9519196 735.218811
vn 0.2892493308 -0.09888081253 -0.9521330595
v 34.08110809 -140.871933 735.1694336
vn 0.1171737164 -0.03236045316 -0.9925840497
v 33.86345291 -140.7886047 735.1638184
vn -0.06694636494 0.03829012066 -0.9970216155
v 33.64362335 -140.7053833 735.2055054
vn -0.2737332284 0.1187136695 -0.954451263
v 33.43412781 -140.6270752 735.2944336
vn -0.405641824 0.1684334129 -0.8983790278
v 33.24567795 -140.5576782 735.4266968
vn -0.5859994888 0.2337994128 -0.7758495212
v 33.08890533 -140.5010834 735.5927734
vn -0.7176558971 0.2822269797 -0.6366458535
v 32.96996307 -140.4593811 735.7802734
vn -0.8179000616 0.3183439374 -0.4792667329
v 32.89004898 -140.4327698 735.9762573
vn -0.8885971308 0.3421786726 -0.3054651022
v 32.84247971 -140.4190216 736.1977539
vn -0.9277122617 0.3531245887 -0.1210497022
v 32.83562851 -140.4210968 736.4307861
vn -0.9332523346 0.3511019647 0.075944148
v 32.87299728 -140.4401093 736.6657715
vn -0.8931233883 0.3340928555 0.3011852801
v 32.95459747 -140.4758148 736.8894043
vn -0.8438020349 0.3124275804 0.4363337755
v 33.07677841 -140.5265656 737.0901489
vn -0.7304728627 0.2621277273 0.6306334138
v 33.23085785 -140.5888367 737.2567749
vn -0.6013774872 0.2100910991 0.770848155
v 33.40519714 -140.65802 737.3827515
vn -0.4550001919 0.1522779763 0.877374649
v 33.58768845 -140.7294922 737.4669189
vn -0.2932943106 0.0885405615 0.9519133568
v 33.79429245 -140.8094788 737.5161743
vn -0.1215142757 0.02105726674 0.9923663139
v 34.01194382 -140.892807 737.5219116
vn 0.0621388033 -0.05005853996 0.9968113899
v 34.23177338 -140.9760284 737.4802246
vn 0.2701144218 -0.1279342175 0.9542908669
v 34.44127274 -141.0543365 737.3912354
vn 0.4028921425 -0.1780651808 0.8977587223
v 34.62971878 -141.1237335 737.2590332
vn 0.5813011527 -0.2458474934 0.77565974
v 34.78649139 -141.1803284 737.0928955
vn 0.713242054 -0.2935473919 0.6364870071
v 34.90543747 -141.2220459 736.9053345
vn 0.8139000535 -0.3286497593 0.4791200459
v 34.98534775 -141.2486572 736.7094116
vn 0.8585262299 -0.3439148366 0.380335778
v 35.50574493 -140.0430908 736.5107422
vn 0.9245983958 -0.3679778278 0.09854026884
v 35.9714241 -138.8229828 736.6437988
vn 0.9016903043 -0.3739434779 0.217073366
v 35.45855713 -140.0283661 736.7322998
vn 0.8892598748 -0.3559215367 0.2872920632
v 35.48669052 -140.0375671 736.6246338
vn 0.9069530964 -0.3621962667 0.2150581032
v 35.24877548 -140.6468353 736.6135864
vn 0.9065664411 -0.3598840833 0.2205012143
v 35.47367859 -140.0333862 736.6792603
vn 0.8955865502 -0.3592171371 0.2624648511
v 35.22053528 -140.6379089 736.7213135
vn 0.8911310434 -0.3509606421 0.2875971198
v 35.23571014 -140.6427917 736.668335
vn 0.8957928419 -0.3537169397 0.2691459656
v 35.45855713 -140.0283661 736.7322998
vn 0.8753790855 -0.3523206413 0.3310311437
v 35.90878296 -138.8005676 736.8497925
vn 0.8481173515 -0.3541624248 0.3940380216
v 35.37911987 -140.0005035 736.9281616
vn 0.801410377 -0.3256007433 0.5017226338
v 35.42359924 -140.0163116 736.8305664
vn 0.8539737463 -0.3441872895 0.3902101219
v 35.26791763 -140.6521301 736.4996948
vn 0.9269065261 -0.3620967865 0.09864161909
v 35.49743652 -140.0408173 736.5683594
vn 0.9154046774 -0.3655124605 0.1686265916
v 35.25956345 -140.6499786 736.557373
vn 0.9162632823 -0.3599906862 0.1756937951
v 35.51234818 -140.0416565 736.2776489
vn 0.925624907 -0.3651128113 -0.09955503792
v 35.99875259 -138.83078 736.414917
vn 0.9241371155 -0.3813826442 0.02275661007
v 35.51436234 -140.0444946 736.395813
vn 0.9280587435 -0.3682955503 0.0553660877
v 35.27464676 -140.6503754 736.2667236
vn 0.9280701876 -0.3588903248 -0.09941569716
v 35.51473618 -140.0436249 736.3370361
vn 0.929482758 -0.3678802848 -0.02694241516
v 35.27660751 -140.6533508 736.3848877
vn 0.9302780032 -0.3647583425 0.03916829079
v 35.27700806 -140.6524048 736.3261108
vn 0.9317994118 -0.3624452353 -0.01957835443
v 35.47488785 -140.0228729 736.0426636
vn 0.8892554045 -0.347433567 -0.29751423
v 35.98350906 -138.8212433 736.1791382
vn 0.9107887745 -0.3733790219 -0.1762154996
v 35.4992981 -140.0345001 736.1600342
vn 0.9210041165 -0.3622096181 -0.1433721483
v 35.23723602 -140.631485 736.0317383
vn 0.8958467841 -0.3424802423 -0.2831356823
v 35.48852539 -140.0292511 736.1011353
vn 0.9068390131 -0.3556223214 -0.226220727
v 35.26163101 -140.6431274 736.1490479
vn 0.9202356935 -0.3572952449 -0.1597072929
v 35.25086594 -140.6378632 736.090271
vn 0.910600245 -0.35055089 -0.218909204
v 35.39336777 -139.986969 735.8190308
vn 0.8388324976 -0.325561136 -0.4363140464
v 35.92374802 -138.7937317 735.947937
vn 0.8590880632 -0.3491126299 -0.3742834628
v 35.43954468 -140.007019 735.928772
vn 0.869005084 -0.3363042772 -0.3629457653
v 35.27143097 -139.9355469 735.6182861
vn 0.7422607541 -0.2837876379 -0.6070531607
v 35.82138443 -138.7492371 735.7340698
vn 0.7730045319 -0.3107724786 -0.5530682206
v 35.33700562 -139.9629974 735.7150269
vn 0.7661493421 -0.2941555381 -0.571391046
v 35.09925842 -140.5718536 735.7040405
vn 0.7718070149 -0.2920215726 -0.5648338795
v 35.36640549 -139.9754486 735.7661743
vn 0.8029778004 -0.3097884655 -0.5091735721
v 35.15567017 -140.5956726 735.8081055
vn 0.8366806507 -0.3160918057 -0.4472711086
v 35.128685 -140.5842285 735.755188
vn 0.8086330891 -0.3057176471 -0.5026423335
v 35.11774826 -139.8722382 735.4516602
vn 0.6159872413 -0.2313942015 -0.7530049682
v 35.68259811 -138.6903992 735.5491943
vn 0.6557525396 -0.2605597377 -0.7085882425
v 35.19787216 -139.9051056 735.5301514
vn 0.6455253959 -0.243853882 -0.7237625718
v 34.95996094 -140.5144043 735.5192261
vn 0.6520604491 -0.2426119596 -0.7183012366
v 35.23556519 -139.9206696 735.5730591
vn 0.6923192143 -0.2632585466 -0.6718549132
v 35.0336113 -140.5446014 735.6073608
vn 0.7412006259 -0.2759928703 -0.6119228601
v 34.99769974 -140.5298309 735.5621338
vn 0.6988747716 -0.260030061 -0.6663020849
v 34.94391632 -139.8017273 735.3257446
vn 0.4714142084 -0.1723296046 -0.8649110794
v 35.51779175 -138.6215668 735.4024658
vn 0.5167861581 -0.2018415779 -0.8319808245
v 35.03257751 -139.8375854 735.3834229
vn 0.5040591955 -0.1858452111 -0.8434369564
v 34.79443741 -140.4474792 735.3724976
vn 0.5111396909 -0.1854470372 -0.8392530084
v 35.07569504 -139.8551025 735.4162598
vn 0.5569732189 -0.2074524611 -0.8042041659
v 34.87972641 -140.4818268 735.4407349
vn 0.613922596 -0.2239346206 -0.7569361329
v 34.83761597 -140.4648438 735.4053345
vn 0.5638816953 -0.205052942 -0.7999942303
v 34.76199722 -139.7287445 735.2416382
vn 0.2713273764 -0.09175293893 -0.958103776
v 35.33905792 -138.547699 735.2976074
vn 0.3684433401 -0.1399306059 -0.9190587401
v 34.85326004 -139.7652588 735.2785645
vn 0.3683192432 -0.1303205192 -0.920520246
v 34.61483765 -140.3759003 735.2675781
vn 0.373983264 -0.1317079216 -0.918035686
v 34.89874649 -139.7835236 735.3008423
vn 0.4074170589 -0.146603629 -0.9013981819
v 34.70563889 -140.4119873 735.3146973
vn 0.468590498 -0.1654861122 -0.8677772284
v 34.66040039 -140.3939819 735.289856
vn 0.4142602384 -0.1450370997 -0.8985280991
v 34.52342987 -140.3397675 735.2305908
vn 0.2724214196 -0.0882370919 -0.9581235647
v 34.80762482 -139.7469788 735.2588501
vn 0.3304883242 -0.1155058891 -0.9367154837
v 34.56912994 -140.3578033 735.2478027
vn 0.33770594 -0.1146252006 -0.9342460632
v 34.55609512 -139.6469269 735.1922607
vn 0.09717246145 -0.02218304202 -0.99502033
v 35.14842987 -138.469574 735.2311401
vn 0.2041193247 -0.07165504247 -0.9763200879
v 34.6619606 -139.6888885 735.2120361
vn 0.2352189869 -0.07711965591 -0.9688780308
v 34.31716919 -140.2588806 735.1813354
vn 0.0982747823 -0.01985891536 -0.9949611425
v 34.60969162 -139.6681519 735.2008057
vn 0.1624219567 -0.04799255729 -0.9855535626
v 34.42322159 -140.3003693 735.2011108
vn 0.2208802253 -0.07104793936 -0.9727096558
v 34.37086105 -140.2798615 735.1899414
vn 0.1697548777 -0.04863166809 -0.9842856526
v 34.33921814 -139.561554 735.1866455
vn -0.08694272488 0.05074583367 -0.9949200153
v 34.9364357 -138.3833313 735.2028198
vn 0.0255417116 0.002464677207 -0.9996707439
v 34.44917297 -139.6047363 735.1837158
vn 0.05696740001 -0.006091564894 -0.9983574748
v 34.09989929 -140.1745453 735.1757202
vn -0.08654265851 0.05194526538 -0.9948930144
v 34.39448166 -139.5832367 735.1837158
vn -0.01941640675 0.024373997 -0.9995143414
v 34.21006012 -140.2171936 735.1727905
vn 0.04138156027 -0.001331603271 -0.9991425276
v 34.15526581 -140.1959534 735.1727905
vn -0.01258906722 0.02243435942 -0.999669075
v 34.12021637 -139.4761658 735.2283325
vn -0.2713338435 0.1231115758 -0.9545792341
v 34.71772003 -138.2950287 735.2205811
vn -0.1582506299 0.07826608419 -0.9842922091
v 34.22959518 -139.5187073 735.2014771
vn -0.1276080757 0.06678407639 -0.9895736575
v 33.88047791 -140.090271 735.2174072
vn -0.2649085522 0.1205105335 -0.9567134976
v 34.17476654 -139.497345 735.2133789
vn -0.204526931 0.09738204628 -0.9740048647
v 33.99006653 -140.1322479 735.1904907
vn -0.1440291852 0.06992831826 -0.9870995879
v 33.93513489 -140.1111755 735.2023926
vn -0.1979910731 0.09388072044 -0.9756976962
v 33.91156006 -139.3956451 735.3173828
vn -0.4008233249 0.1735145152 -0.8995739818
v 34.50307846 -138.2090454 735.2862549
vn -0.3417114913 0.1531074196 -0.927249372
v 34.01405334 -139.4350891 735.2670288
vn -0.3329554498 0.1453785747 -0.9316682816
v 33.7239151 -139.3241577 735.449707
vn -0.5602553487 0.234745577 -0.7943603992
v 34.3042717 -138.1301422 735.3977661
vn -0.5075354576 0.2202607542 -0.8330023885
v 33.81436157 -139.35849 735.37854
vn -0.5265953541 0.2219795138 -0.820623219
v 33.57398987 -139.9742584 735.3676147
vn -0.5226219893 0.2145207673 -0.8251345754
v 33.86220169 -139.3767548 735.3467407
vn -0.468136847 0.2000590861 -0.8607114553
v 33.67139435 -140.0108643 735.3063965
vn -0.4031785727 0.1731056124 -0.8985997438
v 33.62193298 -139.9922485 735.3356934
vn -0.463576138 0.1949838549 -0.8643370271
v 33.56786728 -139.2656555 735.6157837
vn -0.696426034 0.2863870263 -0.6580070257
v 34.13217163 -138.0626221 735.548584
vn -0.6518961191 0.2780979276 -0.7054736018
v 33.64144135 -139.2930908 735.5292969
vn -0.6690062284 0.2762501836 -0.6900119781
v 33.40067673 -139.9098816 735.5181885
vn -0.6664729714 0.2679910958 -0.6956971288
v 33.68161774 -139.308197 735.4885254
vn -0.6205129027 0.2585158348 -0.74036026
v 33.48334122 -139.9404449 735.4385986
vn -0.5657532811 0.2340919673 -0.7906479836
v 33.44094849 -139.9247284 735.477478
vn -0.6170684695 0.2523827255 -0.7453384995
v 33.44953156 -139.2223663 735.8034058
vn -0.8015393019 0.3253976703 -0.5016484261
v 33.99524307 -138.0097198 735.7271118
vn -0.766663909 0.3234138191 -0.5546439886
v 33.50379944 -139.2420654 735.7078247
vn -0.7812542915 0.3181770444 -0.5370336175
v 33.26269531 -139.859726 735.6967163
vn -0.7802680731 0.3094821572 -0.5435094833
v 33.53461838 -139.2533722 735.6611938
vn -0.7442042232 0.3051520586 -0.5941736102
v 33.32692719 -139.8829041 735.6047974
vn -0.7016010284 0.2842059135 -0.653439343
v 33.29359436 -139.8708344 735.6502075
vn -0.7423065305 0.2983900607 -0.5999536514
v 33.3700943 -139.194519 735.9993896
vn -0.8893848658 0.3568608463 -0.2857356369
v 33.89707565 -137.9727478 735.9204712
vn -0.8476554751 0.3552518189 -0.3940511644
v 33.40505219 -139.2065735 735.901123
vn -0.8539837003 0.3439676464 -0.3903819621
v 33.1636734 -139.8249512 735.8900146
vn -0.8552457094 0.3339804411 -0.3962472379
v 33.4260788 -139.2139893 735.8521118
vn -0.835471034 0.3386784494 -0.4327644408
v 33.20828247 -139.8404236 735.7922974
vn -0.8060587645 0.3217589557 -0.4967297614
v 33.18476105 -139.8322144 735.8410034
vn -0.8351685405 0.3315429688 -0.4388311207
v 33.12860489 -139.8132019 735.9882812
vn -0.8914327621 0.3516501188 -0.2858143747
v 33.38640976 -139.2000885 735.9502563
vn -0.868748486 0.3504898548 -0.3499041796
v 33.14497375 -139.8186188 735.9391479
vn -0.8691597581 0.3432626426 -0.3559945226
v 33.32290649 -139.1797943 736.2209473
vn -0.9246895313 0.3677568436 -0.09850966185
v 33.83443451 -137.9503174 736.1265259
vn -0.9012260437 0.3757402599 -0.2158955783
v 33.34196091 -139.185318 736.1070557
vn -0.8996709585 0.3599889874 -0.2469820529
v 33.08121872 -139.7989807 736.2097778
vn -0.9269471765 0.3620006144 -0.0986129269
v 33.3312149 -139.1820679 736.163269
vn -0.9152063131 0.3660104871 -0.1686230451
v 33.10036469 -139.8042603 736.0959473
vn -0.9072005153 0.3511244059 -0.2317302227
v 33.08957291 -139.8011322 736.1521606
vn -0.9169050455 0.3582905829 -0.1758208573
v 33.31630325 -139.1812134 736.4539795
vn -0.9257164598 0.3648908138 0.09951727092
v 33.80710602 -137.9425201 736.3553467
vn -0.9236061573 0.3826677799 -0.02273826487
v 33.31428909 -139.1783905 736.3358765
vn -0.9281435609 0.3680784404 -0.05538761243
v 33.07448959 -139.8007202 736.4428101
vn -0.9281067252 0.3587923348 0.09942800552
v 33.31391525 -139.1792603 736.3945923
vn -0.929274261 0.368407011 0.0269382
v 33.07253265 -139.79776 736.324646
vn -0.9331592321 0.3573058248 -0.03932466358
v 33.0721283 -139.7986908 736.3834839
vn -0.9324871302 0.360676676 0.01949625835
v 33.35376358 -139.1999969 736.6890259
vn -0.889313817 0.3472047746 0.2976067066
v 33.82235336 -137.9520721 736.5911865
vn -0.9102252722 0.3747471273 0.1762231439
v 33.32935333 -139.188385 736.5716553
vn -0.921086669 0.3619910479 0.1433940083
v 33.11190414 -139.8196259 736.6777954
vn -0.8918394446 0.3405343592 0.2977562249
v 33.34012604 -139.193634 736.6304932
vn -0.9066261649 0.3561817706 0.2261936665
v 33.08750534 -139.8079681 736.5604858
vn -0.9232483506 0.3495120406 0.1595425457
v 33.09827042 -139.8132477 736.6193237
vn -0.9113175273 0.3487223983 0.2188448906
v 33.43528366 -139.2359161 736.9125366
vn -0.8389023542 0.325339824 0.436344862
v 33.8821106 -137.9795685 736.8223877
vn -0.8586364388 0.3502420187 0.3742645681
v 33.38910675 -139.2158661 736.8027954
vn -0.8700292706 0.3336634934 0.3629293442
v 33.55722046 -139.287323 737.1133423
vn -0.7422600985 0.2835394144 0.6071699858
v 33.984478 -138.0240631 737.0361938
vn -0.7724893689 0.3120191991 0.553086102
v 33.49164581 -139.2598724 737.0166626
vn -0.7663523555 0.2939814627 0.5712083578
v 33.24988174 -139.8792419 737.0054932
vn -0.7742399573 0.2859597504 0.5646056533
v 33.46224594 -139.2474365 736.9654541
vn -0.8028521538 0.3104002178 0.5089991689
v 33.19346619 -139.855423 736.9014893
vn -0.8437387943 0.3190277219 0.4316551983
v 33.22045135 -139.8668823 736.9542847
vn -0.8093398213 0.3038709462 0.5026245713
v 33.71090317 -139.3506317 737.2800293
vn -0.6162163615 0.2312397957 0.7528648973
v 34.1232605 -138.082901 737.2211304
vn -0.6552981734 0.2617561519 0.7085675597
v 33.63077927 -139.3177795 737.2014771
vn -0.6457986832 0.2436980307 0.7235712409
v 33.38917542 -139.9367065 737.1902466
vn -0.6544425488 0.2367795706 0.7180810571
v 33.59308624 -139.3022156 737.1585693
vn -0.6919772625 0.2637387216 0.672018826
v 33.31552887 -139.9065094 737.1022339
vn -0.7411320806 0.2758440077 0.6120730042
v 33.35143661 -139.9212646 737.1473999
vn -0.6993222833 0.2581318915 0.6665705442
v 33.88473511 -139.4211578 737.4058838
vn -0.47151649 0.1721113026 0.8648988008
v 34.28806686 -138.1517334 737.3678589
vn -0.5164292455 0.2029274404 0.8319382668
v 33.79607391 -139.3852997 737.3482056
vn -0.5041421056 0.1856349856 0.8434336782
v 33.55470276 -140.0036163 737.3370972
vn -0.5131332874 0.1799833626 0.8392259479
v 33.75295639 -139.3677826 737.3153687
vn -0.5567733049 0.2079347223 0.8042179942
v 33.46940994 -139.9692841 737.2688599
vn -0.6141543388 0.2238917649 0.7567608356
v 33.51152039 -139.9862671 737.3042603
vn -0.564527452 0.2033832371 0.799965024
v 34.06665421 -139.4941406 737.4900513
vn -0.2710884511 0.09144736826 0.9582006335
v 34.46680069 -138.2256012 737.4726562
vn -0.3680013418 0.1410170346 0.919069767
v 33.97539139 -139.4576263 737.453125
vn -0.3682618141 0.1300579011 0.9205803275
v 33.73429871 -140.0752106 737.4419556
vn -0.3768301904 0.1240409985 0.9179394841
v 33.92990494 -139.4393463 737.4308472
vn -0.4072677791 0.1469953209 0.9014018774
v 33.64349747 -140.0391235 737.3947754
vn -0.4686063826 0.1654086709 0.8677834272
v 33.68873978 -140.0571289 737.4196777
vn -0.4151901901 0.1436676234 0.8983188272
v 33.8257103 -140.1113434 737.4789429
vn -0.2725700438 0.08820153773 0.9580845833
v 34.02102661 -139.4759064 737.4727783
vn -0.3304154277 0.1159320399 0.9366885424
v 33.78001022 -140.0932922 737.4616699
vn -0.3382558823 0.1131920218 0.9342218637
v 34.2725563 -139.5759583 737.5393677
vn -0.09725707769 0.02196791954 0.9950168133
v 34.65742874 -138.3037415 737.5391846
vn -0.2036880851 0.07287231833 0.9763200283
v 34.16669083 -139.5339813 737.5195312
vn -0.23530747 0.07693263143 0.9688714147
v 34.03196716 -140.192215 737.5281982
vn -0.09811134636 0.01967454888 0.9949809313
v 34.21895981 -139.5547333 737.5308228
vn -0.1624886543 0.04859448224 0.9855130911
v 33.92591476 -140.1507416 737.5084839
vn -0.2235189825 0.0639275983 0.9726009369
v 33.9782753 -140.1712494 737.5196533
vn -0.1706138998 0.0470035933 0.9842162132
v 34.48943329 -139.6613312 737.5449829
vn 0.08686154336 -0.05095232278 0.9949165583
v 34.86942673 -138.3899689 737.5674438
vn -0.02493634261 -0.001211338677 0.9996883273
v 34.37947845 -139.6181488 737.5479126
vn -0.0570618473 0.005892878864 0.9983532429
v 34.24924088 -140.2765503 737.5338135
vn 0.08649070561 -0.05202961341 0.994893074
v 34.43416977 -139.6396484 737.5479126
vn 0.0196280852 -0.02382808737 0.9995233417
v 34.13908005 -140.233902 737.5367432
vn -0.04435425997 -0.006085362751 0.9989973307
v 34.19387054 -140.2551422 737.5367432
vn 0.01151888072 -0.02403637767 0.9996446967
v 34.70843506 -139.7467194 737.5032349
vn 0.2712414265 -0.123319447 0.9545786381
v 35.08813858 -138.4782867 737.5496826
vn 0.1587522179 -0.07688100636 0.984320581
v 34.59905624 -139.7041779 737.5302124
vn 0.1276838034 -0.06706127524 0.9895451665
v 34.46865845 -140.3608398 737.4921875
vn 0.2648109198 -0.1205721721 0.9567327499
v 34.65388489 -139.7255249 737.5181885
vn 0.2049942464 -0.09691113979 0.9739536047
v 34.35906982 -140.3188629 737.519104
vn 0.1410251111 -0.07771005481 0.9869514108
v 34.41400528 -140.3399353 737.5072021
vn 0.1974536031 -0.09579975158 0.9756200314
v 34.91709137 -139.8272247 737.4141846
vn 0.4005506635 -0.1736802757 0.8996634483
v 35.30278015 -138.5642548 737.4840088
vn 0.3421904445 -0.1520076543 0.9272536635
v 34.81459808 -139.787796 737.4645386
vn 0.3318527937 -0.148001954 0.931648612
v 35.10473633 -139.8987274 737.2819824
vn 0.5600405931 -0.2349376678 0.7944550514
v 35.50159073 -138.643158 737.3724976
vn 0.5080272555 -0.2190107852 0.8330321908
v 35.01428986 -139.8643951 737.3530273
vn 0.5264948606 -0.2222346514 0.8206186295
v 34.7751503 -140.4768524 737.34198
vn 0.5202143788 -0.2206002772 0.8250530362
v 34.96644974 -139.8461304 737.3849487
vn 0.4685233235 -0.1995844543 0.8606113791
v 34.677742 -140.4402313 737.4031982
vn 0.4053370059 -0.1740000993 0.8974552155
v 34.72720718 -140.4588623 737.3738403
vn 0.4628323913 -0.1967992634 0.8643241525
v 35.26078415 -139.9572144 737.1157837
vn 0.6963220835 -0.2865933776 0.6580271721
v 35.67368698 -138.7106781 737.2217407
vn 0.6523944139 -0.2769197822 0.7054764032
v 35.18721008 -139.9297791 737.2023926
vn 0.6690888405 -0.2765358984 0.689817369
v 34.94845963 -140.541214 737.1913452
vn 0.6642825603 -0.2738647163 0.6955046654
v 35.14703369 -139.9146881 737.2431641
vn 0.6207403541 -0.2579938471 0.7403516769
v 34.86579514 -140.5106659 737.2709351
vn 0.5657340884 -0.2341849953 0.7906341553
v 34.90819168 -140.5263672 737.2320557
vn 0.6163916588 -0.2541790009 0.7452881336
v 35.81061554 -138.7635803 737.0432129
vn 0.7670663595 -0.3223468661 0.5547086596
v 35.32485199 -139.9808197 737.0238647
vn 0.7812744975 -0.3184523582 0.5368410349
v 35.08644104 -140.5913696 737.0128174
vn 0.7782045007 -0.3149030209 0.5433542728
v 35.29403305 -139.9695129 737.0703735
vn 0.744287312 -0.3046387434 0.5943328738
v 35.02221298 -140.5681915 737.1047974
vn 0.7015723586 -0.2842798829 0.6534379721
v 35.05554199 -140.5802612 737.0593872
vn 0.7415889502 -0.3000325263 0.6000218987
v 35.18546295 -140.6261444 736.8195801
vn 0.8523167372 -0.3416345119 0.3960328996
v 35.40257263 -140.0088959 736.8795776
vn 0.8356075883 -0.3382520974 0.4328342378
v 35.1408577 -140.6106873 736.9172363
vn 0.8060138822 -0.3218341768 0.4967538714
v 35.16437531 -140.6188965 736.8685913
vn 0.8344807029 -0.333006978 0.4390310943
v 35.22053528 -140.6379089 736.7213135
vn 0.877491951 -0.3471819758 0.330866307
v 35.44224167 -140.0227966 736.7813721
vn 0.8688960671 -0.3501148522 0.3499131203
v 35.20416641 -140.6324768 736.7704468
vn 0.8686160445 -0.3446789384 0.3559530973
v 34.98534775 -141.2486572 736.7094116
vn -0.3570837975 -0.9338833094 -0.01879233494
v 34.90543747 -141.2220459 736.9053345
vn -0.3570841551 -0.9338834286 -0.01878041774
v 34.78649139 -141.1803284 737.0928955
vn -0.3570700288 -0.933888793 -0.01878045127
v 34.62971878 -141.1237335 737.2590332
vn -0.3570684195 -0.9338893294 -0.01878484152
v 34.44127274 -141.0543365 737.3912354
vn -0.357062459 -0.9338918328 -0.01877260394
v 34.23177338 -140.9760284 737.4802246
vn -0.3570742607 -0.9338875413 -0.01876306348
v 34.01194382 -140.892807 737.5219116
vn -0.3570817113 -0.9338845611 -0.01876987889
v 33.79429245 -140.8094788 737.5161743
vn -0.3570599854 -0.9338922501 -0.01879938319
v 33.58768845 -140.7294922 737.4669189
vn -0.3570745289 -0.9338867068 -0.01879841089
v 33.40519714 -140.65802 737.3827515
vn -0.357064724 -0.9338909388 -0.01877422445
v 33.23085785 -140.5888367 737.2567749
vn -0.3570626676 -0.9338917136 -0.01877637953
v 33.07677841 -140.5265656 737.0901489
vn -0.35711658 -0.933871448 -0.01875687763
v 32.95459747 -140.4758148 736.8894043
vn -0.3570881486 -0.9338815808 -0.01879443415
v 32.87299728 -140.4401093 736.6657715
vn -0.3570906222 -0.9338807464 -0.01878992468
v 32.83562851 -140.4210968 736.4307861
vn -0.3570802808 -0.9338845611 -0.01879763044
v 32.84247971 -140.4190216 736.1977539
vn -0.3570801914 -0.9338849783 -0.01877828501
v 32.89004898 -140.4327698 735.9762573
vn -0.3570691943 -0.9338896275 -0.01875587925
v 32.96996307 -140.4593811 735.7802734
vn -0.3570596874 -0.9338925481 -0.01878991723
v 33.08890533 -140.5010834 735.5927734
vn -0.3570605814 -0.9338921309 -0.01879412681
v 33.24567795 -140.5576782 735.4266968
vn -0.3570689857 -0.9338890314 -0.01879018545
v 33.43412781 -140.6270752 735.2944336
vn -0.3570886552 -0.9338817 -0.01877979562
v 33.64362335 -140.7053833 735.2055054
vn -0.3571022451 -0.9338746667 -0.01886918768
v 33.86345291 -140.7886047 735.1638184
vn -0.357064724 -0.9338904023 -0.01880167983
v 34.08110809 -140.871933 735.1694336
vn -0.3570604324 -0.9338921905 -0.018795738
v 34.28770828 -140.9519196 735.218811
vn -0.35707587 -0.9338862896 -0.0187940225
v 34.4702034 -141.0233917 735.3029175
vn -0.3570851982 -0.9338825941 -0.01880067587
v 34.64454269 -141.0925903 735.428894
vn -0.3570767045 -0.933885932 -0.01879629306
v 34.79861832 -141.1548462 735.59552
vn -0.3570275307 -0.9339039922 -0.01883382723
v 34.92080307 -141.2056122 735.7962646
vn -0.3570632339 -0.9338912964 -0.01878656074
v 35.00240326 -141.2413025 736.0198364
vn -0.3570563197 -0.9338942766 -0.01876937039
v 35.03977203 -141.2603149 736.2548218
vn -0.3570713103 -0.9338883758 -0.01877670921
v 35.03292084 -141.2623901 736.487915
vn -0.3570813537 -0.9338840842 -0.01880077086
v 33.93769836 -140.8407135 736.3428345
vn -0.3570783436 -0.9338856339 -0.01877957582
v 33.76269531 -140.7850952 736.9047852
vn -0.3570715189 -0.9338880181 -0.01879126765
v 34.2865181 -140.9890747 737.0881348
vn -0.357073307 -0.9338873029 -0.01879249886
v 33.85019684 -140.8128967 736.6238403
vn -0.3570792675 -0.9338852763 -0.01877908409
v 34.46152496 -141.0446777 736.526123
vn -0.3570719063 -0.9338878393 -0.01879236288
v 34.37402344 -141.0168762 736.8070679
vn -0.3570769727 -0.9338861704 -0.01878045686
v 34.11270523 -140.8963165 735.7808228
vn -0.3570792675 -0.9338852763 -0.01877908409
v 34.0252037 -140.868515 736.0618286
vn -0.3570700288 -0.9338885546 -0.01879360341
v 34.63652802 -141.100296 735.9641113
vn -0.3570789993 -0.9338855147 -0.01877381466
v 34.54902649 -141.0724792 736.2450562
vn -0.3570759594 -0.933886528 -0.01877961494
v 33.67519379 -140.7572937 737.1858521
vn -0.3570678234 -0.9338895679 -0.01878440939
v 34.19901657 -140.9612732 737.3692017
vn -0.3570812047 -0.9338845015 -0.01878044382
v 33.23886871 -140.581131 736.7215576
vn -0.3570691645 -0.9338889122 -0.01879086532
v 33.15136719 -140.5533295 737.0025635
vn -0.3570684791 -0.9338892698 -0.01878653839
v 33.41387558 -140.636734 736.1594849
vn -0.3570751846 -0.9338868856 -0.01877758838
v 33.32637405 -140.6089325 736.4405518
vn -0.3570686579 -0.9338890314 -0.01879574358
v 33.58887863 -140.692337 735.5975342
vn -0.3570791185 -0.9338852763 -0.01878246106
v 33.50137711 -140.6645355 735.87854
vn -0.3570715487 -0.9338879585 -0.01879347675
v 34.20020676 -140.924118 735.4997559
vn -0.3570741713 -0.9338869452 -0.01879366115
v 33.67638397 -140.7201538 735.3165283
vn -0.3570791185 -0.9338852763 -0.01878223009
v 34.72402954 -141.1280975 735.6831055
vn -0.3570751846 -0.9338864684 -0.01879818551
v 73.91689301 -16.83378029 758.1037598
vn 0.8290075064 0.2073549926 -0.5193750262
v 74.10352325 -16.83334351 758.5413818
vn 0.9496667981 0.1464926153 -0.2768987715
v 74.06962585 -16.8334713 758.4129028
vn 0.9234702587 0.1631032526 -0.3472751081
v 74.15956879 -16.83263206 759.2526245
vn 0.9922821522 0.03403233364 0.1192391366
v 74.1799469 -16.83278656 759.0971069
vn 0.9977696538 0.05829627812 0.0325162299
v 74.13562775 -16.83244896 759.4355469
vn 0.9754379988 0.003030360211 0.2202533036
v 73.98303223 -18.20650291 759.6102905
vn 0.829369545 -0.13766931 0.5414732695
v 73.53270721 -18.36025047 760.0380859
vn 0.5573549867 -0.230416134 0.7976614833
v 73.23757935 -18.41931152 760.1854858
vn 0.3800581694 -0.2661453187 0.8858456016
v 71.70011139 -18.43487167 760.0220337
vn -0.55690521 -0.2762759924 0.7832803726
v 71.45581818 -18.38513756 759.8296509
vn -0.7034398317 -0.2464269251 0.6666679978
v 73.95267487 -16.83198547 759.8988647
vn 0.8509908915 -0.08598934859 0.5180929899
v 74.03217316 -16.83213234 759.7515259
vn 0.8761078119 -0.06649183482 0.4775080383
v 73.76662445 -16.83171082 760.1729736
vn 0.762037158 -0.1311825514 0.63410604
v 73.88413239 -16.83185768 760.0259399
vn 0.8272289634 -0.1020120084 0.5525267124
v 73.52194977 -16.83146858 760.4163818
vn 0.6180984974 -0.1804870963 0.7651004195
v 73.67894745 -16.8316021 760.2825928
vn 0.7069887519 -0.1507270634 0.6909763217
v 73.22834015 -16.83127594 760.6090088
vn 0.4447796643 -0.2243427932 0.867087841
v 73.42028809 -16.83138084 760.5029297
vn 0.5551204681 -0.1963382512 0.8082651496
v 72.9031601 -16.83114815 760.7357178
vn 0.2515620887 -0.2597748935 0.9323269129
v 73.11915588 -16.8312149 760.6693115
vn 0.3779988885 -0.2358926535 0.8952494264
v 72.79284668 -16.83111572 760.7695312
vn 0.1844275296 -0.2669328749 0.9459034204
v 72.56543732 -16.83109474 760.7897949
vn 0.05014464259 -0.2847265005 0.9572963715
v 72.23456573 -16.83111191 760.7723999
vn -0.1486043036 -0.2983024716 0.9428321123
v 72.45802307 -16.83108521 760.7993164
vn -0.01443069056 -0.2877190411 0.9576061368
v 71.9254303 -16.83119392 760.6903076
vn -0.3335658312 -0.3005234003 0.8935432434
v 72.13344574 -16.83112335 760.7601929
vn -0.2092200518 -0.2974882126 0.9315190315
v 71.65386963 -16.83132744 760.5570679
vn -0.5045469999 -0.2922894061 0.8124033809
v 71.83190918 -16.83122635 760.6588745
vn -0.3884195387 -0.2963654697 0.8725237846
v 71.40937805 -16.83151436 760.3699341
vn -0.6561444998 -0.2737333179 0.7032385468
v 71.5716629 -16.83137512 760.5100098
vn -0.5560409427 -0.2846515179 0.7808917761
v 71.19632721 -16.83175659 760.1287231
vn -0.7864206433 -0.2447656244 0.5671263933
v 71.32994843 -16.83158302 760.3013306
vn -0.7020225525 -0.262614727 0.6619651318
v 71.02976227 -16.83204079 759.8426514
vn -0.8898282647 -0.2054179758 0.4074422121
v 71.12473297 -16.83184814 760.0361328
vn -0.8270738721 -0.2291828543 0.5132485032
v 70.92044067 -16.83235741 759.5266113
vn -0.9599978328 -0.1573095173 0.2316416502
v 70.972435 -16.83215904 759.725769
vn -0.9216058254 -0.1851803362 0.3411024809
v 70.87311554 -16.83268929 759.1960449
vn -0.9934936166 -0.1029466912 0.04870768264
v 70.88431549 -16.83249664 759.3880005
vn -0.9791243076 -0.1326289028 0.1540297866
v 70.88732147 -16.83301735 758.8670044
vn -0.9900812507 -0.04522487894 -0.1330179423
v 70.86405182 -16.83284378 759.0402832
vn -0.9965197444 -0.07465711236 -0.03707727045
v 70.95880127 -16.83333206 758.5530396
vn -0.9522848129 0.01269571017 -0.304946661
v 70.90953064 -16.83318329 758.7018433
vn -0.9746072888 -0.01448056195 -0.2234522104
v 71.07846069 -16.83361626 758.2676392
vn -0.8828829527 0.06889850646 -0.4645112753
v 71.01400757 -16.833498 758.3862305
vn -0.9180699587 0.04399065673 -0.3939700723
v 71.24443817 -16.83387375 758.0111084
vn -0.783200562 0.1225691959 -0.6095684171
v 71.16278839 -16.83377075 758.1125488
vn -0.8271406889 0.100361459 -0.5529609323
v 71.4621582 -16.83410645 757.7775879
vn -0.6555200815 0.1724916101 -0.735214293
v 71.36843109 -16.83402634 757.8569336
vn -0.7071298957 0.1529412121 -0.6903450489
v 71.72674561 -16.83430099 757.5831299
vn -0.4993894696 0.2169696242 -0.8387695551
v 71.62712097 -16.83424568 757.6378174
vn -0.5553650856 0.2009022534 -0.8069745302
v 72.02749634 -16.83444214 757.4421997
vn -0.3207760751 0.2530072629 -0.9127376676
v 71.92780304 -16.83441162 757.4726562
vn -0.3781948686 0.2407365292 -0.8938761353
v 72.34963989 -16.83451843 757.3648682
vn -0.1279102713 0.2783776224 -0.9519163966
v 72.25328064 -16.8345108 757.373291
vn -0.1843499839 0.2698625326 -0.945086956
v 72.67739105 -16.83452988 757.3549194
vn 0.06909137219 0.2919355035 -0.9539391994
v 72.58701324 -16.83453941 757.3439331
vn 0.01481928211 0.2868918777 -0.9578483105
v 72.99411011 -16.83447266 757.4112549
vn 0.2604712248 0.2935855687 -0.9197620749
v 72.91043854 -16.83450127 757.3830566
vn 0.2100386471 0.2917673588 -0.9331428409
v 73.28492737 -16.83435822 757.5262451
vn 0.4386395812 0.2844206691 -0.8524671197
v 73.21094513 -16.83440018 757.4840088
vn 0.3895967901 0.2855313718 -0.8756061792
v 73.5424118 -16.83419037 757.6940308
vn 0.603042841 0.2647422552 -0.7524964213
v 73.47045135 -16.8342514 757.6320801
vn 0.5575760007 0.2689702511 -0.7853432298
v 73.77718353 -16.83395958 757.9240112
vn 0.7465731502 0.2351458222 -0.6223624349
v 73.71170807 -16.8340435 757.8398438
vn 0.703881681 0.2430909425 -0.6674259305
v 73.96990204 -16.83367348 758.2111206
vn 0.8654429913 0.1951891035 -0.4614213109
v 34.22794724 -140.9654236 737.0257568
vn -0.3570741117 -0.9338870049 -0.01879069954
v 34.01299286 -140.8861542 737.1712036
vn -0.3570770621 -0.9338860512 -0.01878505945
v 33.71756744 -139.7161713 737.3710327
vn -0.4927467108 0.1761525571 0.8521566391
v 33.68001556 -139.9455719 737.3964233
vn -0.4690487683 0.1664239764 0.8673501611
v 33.8899231 -138.8002625 737.2544556
vn -0.6335273385 0.2446209639 0.7340324521
v 35.82699966 -139.0361633 735.9440918
vn 0.8610965014 -0.3465642035 -0.3720296919
v 35.49989319 -140.0348206 736.1653442
vn 0.921253562 -0.3623571992 -0.141383037
v 35.3272934 -140.517334 736.2821045
vn 0.9288042188 -0.3610264957 -0.08356206864
v 35.07545471 -134.950882 736.4525146
vn -0.9156547785 0.4014187455 0.02096051909
v 35.5406456 -133.9925842 736.1378174
vn -0.8848406076 0.3990184069 -0.2405024618
v 35.34088898 -134.3660431 736.2729492
vn -0.9054954648 0.4044061899 -0.1285830885
v 35.91908264 -133.3732147 735.8817749
vn -0.8057057858 0.3701822758 -0.4623886943
v 35.95179367 -133.3233795 735.8596802
vn -0.7962579727 0.3666763604 -0.4811670184
v 36.81869507 -134.6186829 735.2731934
vn 0.2172288448 -0.0955139026 -0.9714364409
v 36.86123276 -134.0784302 735.2444458
vn 0.07518625259 -0.03321212903 -0.9966162443
v 36.79094696 -134.8993988 735.2919922
vn 0.2860265672 -0.1237492412 -0.9501972795
v 36.74430084 -135.1907043 735.3236084
vn 0.3513757586 -0.1522769928 -0.9237677455
v 36.67074966 -135.6499023 735.3733521
vn 0.4508341849 -0.1921411753 -0.8716824651
v 36.64123917 -135.7909393 735.3933105
vn 0.4760335684 -0.2026613057 -0.8557572365
v 34.18719864 -140.9504089 737.0533447
vn -0.3570729494 -0.9338874221 -0.01879226603
v 36.24327469 -133.0141602 735.6625366
vn -0.6924678087 0.3215095699 -0.6458482146
v 36.12295914 -133.1318512 735.7438965
vn -0.7392825484 0.34223634 -0.5799444914
v 33.75416946 -139.4926453 737.3463135
vn -0.5057078004 0.184655562 0.842711091
v 35.73706055 -139.3213348 736.0048828
vn 0.8820933104 -0.3504628539 -0.3147812188
v 35.84841537 -138.9632111 735.9295654
vn 0.8564622998 -0.3458690047 -0.3832061589
v 35.50634766 -140.0170898 736.1610107
vn 0.920948267 -0.3623954952 -0.1432612091
v 35.34527206 -140.4694977 736.2699585
vn 0.9273479581 -0.3607408702 -0.09945756197
v 35.00107193 -135.1147919 736.5028076
vn -0.9147322178 0.3991467953 0.06282401085
v 36.50304413 -132.900238 735.4867554
vn -0.5521419048 0.2569952309 -0.7931537032
v 36.22867203 -133.0218048 735.6723633
vn -0.6991360784 0.3248090744 -0.636951983
v 35.6647377 -133.7605896 736.053894
vn -0.8659875989 0.393652916 -0.3083875775
v 36.86258698 -133.59729 735.2435303
vn -0.07722200453 0.03603760898 -0.9963623881
v 36.8601265 -134.2001648 735.2452393
vn 0.1134061068 -0.04926110804 -0.9923267365
v 36.8653183 -133.6157684 735.2416992
vn -0.06932798773 0.03267035633 -0.9970588088
v 36.67198181 -132.9483032 735.3724976
vn -0.4192964435 0.1956441998 -0.8865178227
v 34.68471909 -141.1338654 736.7167969
vn -0.3570780754 -0.9338855743 -0.01878635585
v 33.80290604 -140.8086853 737.3132935
vn -0.3570730686 -0.9338876605 -0.01877889596
v 36.16445541 -133.1529388 737.1730347
vn -0.7045630813 0.3250651956 0.6308117509
v 36.04416656 -133.0970612 736.9719849
vn -0.8048826456 0.3716127574 0.4626746774
v 33.58062363 -140.7267303 737.4636841
vn -0.3570741713 -0.9338868856 -0.01879747584
v 33.63825989 -140.245285 737.4246826
vn -0.3999954462 0.1323981732 0.9069037437
v 35.26678848 -140.6785889 736.3230591
vn 0.9317262769 -0.3624932766 -0.02201738395
v 33.77501297 -139.3767548 737.3322144
vn -0.5301651359 0.1966440976 0.8247763515
v 35.66989517 -139.5342255 736.050415
vn 0.8897392154 -0.3526843786 -0.2897893786
v 34.06874847 -138.0067902 737.1334839
vn -0.7188218236 0.2871544957 0.6331172585
v 36.05178833 -133.0991058 735.8606567
vn -0.7961357832 0.3685108423 -0.4799661934
v 36.91762543 -133.4985657 735.2421875
vn -0.07019296288 0.03276820853 -0.9969950914
v 34.66430283 -136.0050354 736.7305908
vn -0.8881829977 0.3774140775 0.2620870173
v 36.3121376 -137.3044281 735.6159058
vn 0.6965785027 -0.2883420587 -0.6569910645
v 36.2608757 -137.5133362 735.6505737
vn 0.7212684155 -0.2971634269 -0.6256722808
v 34.19901657 -140.9612732 737.3692017
vn -0.3570812047 -0.9338845015 -0.01878044382
v 33.79429245 -140.8094788 737.5161743
vn -0.3570599854 -0.9338922501 -0.01879938319
v 34.62971878 -141.1237335 737.2590332
vn -0.3570684195 -0.9338893294 -0.01878484152
v 37.83097458 -133.9213867 735.6741333
vn 0.704023242 -0.3260136843 -0.6309249997
v 37.95126343 -133.9772644 735.8752441
vn 0.8043915629 -0.3725789487 -0.4627516866
v 33.8257103 -140.1113434 737.4789429
vn -0.2725700438 0.08820153773 0.9580845833
v 33.97539139 -139.4576263 737.453125
vn -0.3682618141 0.1300579011 0.9205803275
v 34.1232605 -138.082901 737.2211304
vn -0.6552981734 0.2617561519 0.7085675597
v 35.51473618 -140.0436249 736.3370361
vn 0.929482758 -0.3678802848 -0.02694241516
v 35.25956345 -140.6499786 736.557373
vn 0.9162632823 -0.3599906862 0.1756937951
v 33.58768845 -140.7294922 737.4669189
vn -0.2932943106 0.0885405615 0.9519133568
v 37.20762634 -130.687439 735.8552246
vn -0.7861353159 0.3892935514 -0.4800435007
v 37.32026672 -130.7445831 735.6669312
vn -0.6913515329 0.3410078883 -0.6369824409
v 35.95907211 -138.8096619 736.0617676
vn 0.8903133273 -0.3604137599 -0.278287828
v 35.07605362 -135.5938416 737.1608887
vn -0.7234020233 0.3081147075 0.6178631186
v 36.96621323 -136.4004059 736.0884399
vn 0.887858212 -0.3810040057 -0.2579607666
v 34.87377167 -135.5032043 736.7362671
vn -0.8875454068 0.3817617297 0.2579168379
v 35.93042755 -133.0435486 736.2789917
vn -0.9011830688 0.4166321456 -0.1195272282
v 35.97528076 -133.0639954 736.0569458
vn -0.8647139072 0.3998450041 -0.3039635122
v 37.33105087 -133.6897583 735.2970581
vn 0.2759056985 -0.1273853779 -0.9527061582
v 37.12957382 -133.5965576 735.2476807
vn 0.1085205898 -0.04993955046 -0.9928390384
v 37.08885956 -130.6260529 736.2741699
vn -0.8888276815 0.4423577189 -0.1196033582
v 37.13258362 -130.6490021 736.0518799
vn -0.8533397913 0.4235312343 -0.3040270507
v 37.64941788 -130.9102783 735.3673096
vn -0.4161862731 0.2020933628 -0.8865366578
v 38.06093597 -131.1161804 735.2359619
vn -0.0717298463 0.02946771681 -0.9969887137
v 37.84999466 -131.0107727 735.2779541
vn -0.2480052114 0.1176802963 -0.9615845084
v 34.51319885 -141.0706024 736.8328247
vn -0.3570788503 -0.9338854551 -0.01878044754
v 36.4757309 -132.8924408 735.505249
vn -0.5717069507 0.2668713927 -0.775842011
v 36.84294128 -133.4640503 735.2568359
vn -0.133290723 0.06196130067 -0.989138186
v 36.6905098 -132.9827118 735.3599854
vn -0.3966304958 0.1841510832 -0.8993178606
v 34.32673264 -141.0018463 736.9589844
vn -0.357074976 -0.9338867664 -0.01878696494
v 36.80807495 -133.2244415 735.2803955
vn -0.235759303 0.1090582833 -0.9656727314
v 36.80339813 -133.192337 735.2835693
vn -0.2489490509 0.1156984642 -0.961581111
v 35.96323776 -133.0593414 736.7479248
vn -0.8729420304 0.403257519 0.2745096982
v 33.88352966 -140.8384247 737.2587891
vn -0.357073158 -0.9338875413 -0.01878283359
v 33.7371788 -140.7844391 737.3577881
vn -0.3570637405 -0.9338909388 -0.01879220083
v 33.58062363 -140.7267303 737.4636841
vn -0.2997544408 0.09106882662 0.9496598244
v 34.46156693 -141.0515747 736.8677368
vn -0.3570755124 -0.9338867068 -0.01878045499
v 35.9253006 -133.0414886 736.5125122
vn -0.905036211 0.4182460606 0.07732883096
v 34.79441452 -141.1743011 736.6425781
vn -0.3570794463 -0.9338849783 -0.01879234426
v 35.0331192 -141.2623444 736.4810791
vn 0.924010396 -0.364602834 0.1151936501
v 35.02887726 -141.2607727 736.4839478
vn -0.357081145 -0.9338841438 -0.01880031824
v 33.59085846 -140.7304993 737.4567871
vn -0.3570743203 -0.933886826 -0.01879790425
v 33.80239868 -139.2303467 737.3136597
vn -0.5604249239 0.2105871141 0.8009849787
v 33.66500473 -140.0476837 737.4066162
vn -0.4434477389 0.1551553309 0.8827688694
v 33.6526413 -140.1336212 737.414917
vn -0.4203071296 0.144780606 0.8957569599
v 33.94944 -138.5187378 737.2141724
vn -0.6519930959 0.2554013133 0.7139153481
v 35.22074509 -140.7965088 736.354187
vn 0.9310157895 -0.3647821844 0.01197985467
v 35.27662277 -140.6520691 736.3164062
vn 0.9315972924 -0.3620221615 -0.03265588358
v 35.60984039 -139.7148285 736.0910034
vn 0.9028381705 -0.3569603264 -0.2397134155
v 33.84425735 -139.0162659 737.2853394
vn -0.6090174317 0.23143062 0.7586419582
v 33.79390717 -139.2747192 737.319397
vn -0.5537329912 0.2075692862 0.8064085245
v 34.17958069 -137.5897064 737.0584717
vn -0.7640872598 0.3114727139 0.564938426
v 33.9665451 -138.4433136 737.2026367
vn -0.6663265228 0.2624155581 0.6979591846
v 35.57474136 -139.8188477 736.1147461
vn 0.9077118635 -0.3587883115 -0.2175548822
v 37.67985916 -133.8513031 735.5073242
vn 0.5780194998 -0.2675910294 -0.7709010839
v 34.05696106 -138.0549164 737.1414795
vn -0.7129431963 0.2844802737 0.6409235001
v 34.24242783 -137.3638458 737.0159912
vn -0.7868414521 0.3231382072 0.525796771
v 34.69285202 -135.9245911 736.7113037
vn -0.8919078708 0.3807510734 0.2439855486
v 34.62386322 -136.1272736 736.7579346
vn -0.8815377355 0.3743610382 0.2876543999
v 37.50928879 -133.7722778 735.3812256
vn 0.4355206192 -0.2015262991 -0.8773306012
v 34.34939957 -136.9908142 736.9436646
vn -0.8217896223 0.3397297859 0.4574335814
v 36.49236298 -136.5281525 735.4939575
vn 0.5971106887 -0.2497377098 -0.7622925043
v 34.42551804 -136.7439575 736.8921509
vn -0.8408300877 0.3514508307 0.4116881192
v 34.85243607 -135.4929352 736.6033936
vn -0.9083390832 0.3915775716 0.146925509
v 36.17661667 -137.829834 735.7075806
vn 0.755007267 -0.3097334206 -0.5779526234
v 36.55213547 -136.2167664 735.4535522
vn 0.5509150028 -0.2314284742 -0.8018313646
v 36.50179291 -136.4816589 735.4876099
vn 0.5903404355 -0.2472222745 -0.7683614492
v 34.2865181 -140.9890747 737.0881348
vn -0.357073307 -0.9338873029 -0.01879249886
v 36.47654724 -136.5986633 735.5046997
vn 0.6067385674 -0.2534361482 -0.7534178495
v 36.08889389 -138.1492157 735.7669678
vn 0.7865589857 -0.3214232028 -0.5272685289
v 34.01194382 -140.892807 737.5219116
vn -0.3570817113 -0.9338845611 -0.01876987889
v 35.90109253 -138.783783 735.8939209
vn 0.8416215181 -0.3407273889 -0.4190203846
v 35.97966766 -138.5294189 735.8408203
vn 0.8215554953 -0.3332383633 -0.4626000524
v 34.78649139 -141.1803284 737.0928955
vn -0.3570700288 -0.933888793 -0.01878045127
v 35.03292084 -141.2623901 736.487915
vn -0.3570813537 -0.9338840842 -0.01880077086
v 33.58768845 -140.7294922 737.4669189
vn -0.3570745289 -0.9338867068 -0.01879841089
v 38.03219223 -134.0149689 736.0993042
vn 0.8724778891 -0.4042425752 -0.2745365798
v 34.23177338 -140.9760284 737.4802246
vn -0.3570742607 -0.9338875413 -0.01876306348
v 34.44127274 -141.0543365 737.3912354
vn -0.357062459 -0.9338918328 -0.01877260394
v 33.68873978 -140.0571289 737.4196777
vn -0.4151901901 0.1436676234 0.8983188272
v 34.90543747 -141.2220459 736.9053345
vn -0.3570841551 -0.9338834286 -0.01878041774
v 37.08438492 -130.6226044 736.5080566
vn -0.8921393156 0.4451084137 0.07723964751
v 34.98534775 -141.2486572 736.7094116
vn -0.3570837975 -0.9338833094 -0.01879233494
v 33.79607391 -139.3852997 737.3482056
vn -0.5041421056 0.1856349856 0.8434336782
v 33.92591476 -140.1507416 737.5084839
vn -0.2235189825 0.0639275983 0.9726009369
v 33.78001022 -140.0932922 737.4616699
vn -0.3382558823 0.1131920218 0.9342218637
v 35.92374802 -138.7937317 735.947937
vn 0.8590880632 -0.3491126299 -0.3742834628
v 33.92990494 -139.4393463 737.4308472
vn -0.4072677791 0.1469953209 0.9014018774
v 33.73429871 -140.0752106 737.4419556
vn -0.3768301904 0.1240409985 0.9179394841
v 35.51436234 -140.0444946 736.395813
vn 0.9280587435 -0.3682955503 0.0553660877
v 34.28806686 -138.1517334 737.3678589
vn -0.5164292455 0.2029274404 0.8319382668
v 33.88473511 -139.4211578 737.4058838
vn -0.47151649 0.1721113026 0.8648988008
v 35.26791763 -140.6521301 736.4996948
vn 0.9269065261 -0.3620967865 0.09864161909
v 35.98350906 -138.8212433 736.1791382
vn 0.9107887745 -0.3733790219 -0.1762154996
v 35.27660751 -140.6533508 736.3848877
vn 0.9302780032 -0.3647583425 0.03916829079
v 35.03292084 -141.2623901 736.487915
vn 0.9233478308 -0.364444524 0.120867379
v 35.99875259 -138.83078 736.414917
vn 0.9241371155 -0.3813826442 0.02275661007
v 35.51234818 -140.0416565 736.2776489
vn 0.925624907 -0.3651128113 -0.09955503792
v 37.46946335 -130.8198547 735.5001221
vn -0.5664292574 0.2777795494 -0.7758842707
v 35.24877548 -140.6468353 736.6135864
vn 0.9065664411 -0.3598840833 0.2205012143
v 33.79429245 -140.8094788 737.5161743
vn -0.1215142757 0.02105726674 0.9923663139
v 35.99662781 -138.8282318 736.2967529
vn 0.9229975939 -0.3764224648 -0.07988496125
v 34.98534775 -141.2486572 736.7094116
vn 0.9037217498 -0.359242171 0.2328778207
v 38.46926117 -131.3195343 735.2908936
vn 0.2695202231 -0.1405919343 -0.9526766539
v 38.27021408 -131.22052 735.2415161
vn 0.104414463 -0.05844321474 -0.9928151965
v 34.95499802 -135.5400238 736.960083
vn -0.8220897317 0.3520474732 0.4474718273
v 34.37644577 -138.1883392 737.4255371
vn -0.4434621036 0.1705461591 0.8799178004
v 34.20315552 -138.1163788 737.2996216
vn -0.5893848538 0.2318462133 0.7738687396
v 37.00396729 -136.4185791 736.3237305
vn 0.9167054296 -0.3949993551 -0.0602216199
v 35.40041351 -135.7360535 737.4536743
vn -0.4549488723 0.1901138574 0.8699874878
v 35.22835159 -135.6608582 737.3276367
vn -0.5979682803 0.252799511 0.7606092095
v 36.6116333 -136.2427673 735.4971313
vn 0.5981295705 -0.2521115243 -0.7607107162
v 36.76393127 -136.3097839 735.6638184
vn 0.7236880064 -0.3073739111 -0.6178972125
v 36.88498688 -136.3636017 735.8646851
vn 0.8224096894 -0.3512857556 -0.4474825561
v 72.91620636 -18.46057129 760.272522
vn 0.1860665977 -0.2913734019 0.9383393526
v 72.58496857 -18.48215294 760.2954102
vn -0.01335176546 -0.3047676384 0.9523331523
v 71.96135712 -18.46686935 760.1602783
vn -0.3886266649 -0.2965082526 0.8723830581
v 73.78471375 -18.28752327 759.8411255
vn 0.709253788 -0.1865294427 0.6798278093
v 72.26242828 -18.48379135 760.2558594
vn -0.2087466568 -0.306157887 0.9288122654
v 74.03217316 -16.83213234 759.7515259
vn 0.9506759048 -0.03442524374 0.3082697392
v 74.08394623 -16.83229065 759.5933838
vn 0.9642911553 -0.01563038677 0.2643827498
v 74.16752625 -16.83298874 758.8954468
vn 0.9926146865 0.09171309322 -0.07940275222
v 74.15859222 -16.8331356 758.7497559
vn 0.9807450771 0.112480469 -0.1596473008
v 73.9759903 -17.65786171 757.8601074
vn 0.8296793699 0.1952520162 -0.52298069
v 74.22063446 -18.02866936 759.0762329
vn 0.9771326184 -0.02798984945 0.2107805163
v 74.22948456 -17.83249283 758.4519653
vn 0.9819338918 0.0903635323 -0.1662536263
v 74.25777435 -17.93059158 758.7686768
vn 0.99921 0.03137912974 0.02438767627
v 74.13418579 -17.74000168 758.1438599
vn 0.9244035482 0.1460625976 -0.3523404896
v 72.63734436 -17.49364853 757.151001
vn 0.01411943138 0.2939383984 -0.955720067
v 71.98472595 -17.55648994 757.2609863
vn -0.3794198036 0.2554207444 -0.8892698288
v 72.30609894 -17.51523018 757.1739502
vn -0.1853047907 0.2806024253 -0.9417666197
v 73.52219391 -17.5409317 757.4243164
vn 0.5577114224 0.2653695941 -0.7864711881
v 72.95987701 -17.49201012 757.1904907
vn 0.2096326947 0.2952871025 -0.9321264029
v 71.68959808 -17.6155529 757.4083862
vn -0.5567954779 0.2197261155 -0.8010613322
v 71.08811951 -18.2358017 759.3025513
vn -0.9237537384 -0.1569091827 0.3493688405
v 71.23927307 -17.76929855 757.8361816
vn -0.8289524317 0.1270090491 -0.5447078347
v 71.246315 -18.31794167 759.5863647
vn -0.8289508224 -0.2061328888 0.5199517012
v 71.00167084 -17.94713211 758.3701782
vn -0.9767092466 0.01728363894 -0.213869974
v 70.99282837 -18.14331055 758.9943848
vn -0.9813744426 -0.1011716053 0.1633050144
v 71.43759155 -17.6882782 757.6053467
vn -0.7087609172 0.1758707762 -0.6831745505
v 70.96453094 -18.04521179 758.6777954
vn -0.9987365007 -0.04213155806 -0.02739293315
v 73.76648712 -17.59066582 757.6168213
vn 0.7043018937 0.2355012745 -0.6696999669
v 71.09793854 -17.85314369 758.0839233
vn -0.9200152159 0.0735918954 -0.3849106729
v 73.26094818 -17.50893402 757.2861328
vn 0.3894571364 0.2856108248 -0.8756424189
v 38.87708664 -128.5441742 735.3463135
vn -0.4118781686 0.212089926 -0.8862134218
v 38.96380234 -131.564209 735.6685181
vn 0.6924299598 -0.3501856923 -0.6308016777
v 39.07440567 -128.651825 735.2568359
vn -0.2466403395 0.1220897213 -0.9613857865
v 38.64545441 -131.4069672 735.3751831
vn 0.4270742536 -0.2190585732 -0.8772804141
v 39.28203201 -128.7645569 735.2148438
vn -0.07335905731 0.02818249911 -0.9969072938
v 39.48812866 -128.875946 735.220459
vn 0.0999276042 -0.0653025806 -0.9928494692
v 38.55361557 -128.3660736 735.6463623
vn -0.6818009019 0.3605367243 -0.6365224719
v 38.81418228 -131.490448 735.5014648
vn 0.5678334236 -0.2887668908 -0.7708300352
v 38.70016861 -128.4470978 735.4793091
vn -0.5593497157 0.2929130495 -0.7754546404
vt 0.06023713574 0.9904669523
vt 0.05948471278 0.9904669523
vt 0.05948471278 0.9823949933
vt 0.0609895587 0.9823949933
vt 0.0609895587 0.9904669523
vt 0.05875648558 0.9904669523
vt 0.05802825838 0.9904669523
vt 0.05802825838 0.9823949933
vt 0.05731178075 0.9904669523
vt 0.05659530312 0.9904669523
vt 0.05659530312 0.9823949933
vt 0.05588697642 0.9904669523
vt 0.05517865345 0.9904669523
vt 0.05517865345 0.9823949933
vt 0.05447032675 0.9904669523
vt 0.05376200378 0.9904669523
vt 0.05376200378 0.9823949933
vt 0.05305367708 0.9904669523
vt 0.05234535038 0.9904669523
vt 0.05234535038 0.9823949933
vt 0.05163702741 0.9904669523
vt 0.05092870072 0.9904669523
vt 0.05092870072 0.9823949933
vt 0.05022037774 0.9904669523
vt 0.04951205105 0.9904669523
vt 0.04951205105 0.9823949933
vt 0.04875962809 0.9904669523
vt 0.04800720513 0.9904669523
vt 0.04800720513 0.9823949933
vt 0.04727897793 0.9904669523
vt 0.04655075073 0.9904669523
vt 0.04655075073 0.9823949933
vt 0.0458342731 0.9904669523
vt 0.04511779547 0.9904669523
vt 0.04511779547 0.9823949933
vt 0.0444094725 0.9904669523
vt 0.0437011458 0.9904669523
vt 0.0437011458 0.9823949933
vt 0.0429928191 0.9904669523
vt 0.04228449613 0.9904669523
vt 0.04228449613 0.9823949933
vt 0.04157616943 0.9904669523
vt 0.04086784646 0.9904669523
vt 0.04086784646 0.9823949933
vt 0.04015951976 0.9904669523
vt 0.03945119306 0.9904669523
vt 0.03945119306 0.9823949933
vt 0.03874287009 0.9904669523
vt 0.0380345434 0.9904669523
vt 0.0380345434 0.9823949933
vt 0.03728212044 0.9904669523
vt 0.03652969748 0.9904669523
vt 0.03652969748 0.9823949933
vt 0.03580147028 0.9904669523
vt 0.03507324681 0.9904669523
vt 0.03507324681 0.9823949933
vt 0.03435676917 0.9904669523
vt 0.03364028782 0.9904669523
vt 0.03364028782 0.9823949933
vt 0.03293196484 0.9904669523
vt 0.03222363815 0.9904669523
vt 0.03222363815 0.9823949933
vt 0.03151531518 0.9904669523
vt 0.03080698848 0.9904669523
vt 0.03080698848 0.9823949933
vt 0.03009866178 0.9904669523
vt 0.02939033695 0.9904669523
vt 0.02939033695 0.9823949933
vt 0.02868201211 0.9904669523
vt 0.02797368728 0.9904669523
vt 0.02797368728 0.9823949933
vt 0.02726536244 0.9904669523
vt 0.02655703761 0.9904669523
vt 0.02655703761 0.9823949933
vt 0.02580461465 0.9904669523
vt 0.02505218983 0.9904669523
vt 0.02505218983 0.9823949933
vt 0.02432396449 0.9904669523
vt 0.02359573729 0.9904669523
vt 0.02359573729 0.9823949933
vt 0.02287926152 0.9904669523
vt 0.02216278203 0.9904669523
vt 0.02216278203 0.9823949933
vt 0.02145445719 0.9904669523
vt 0.02074613236 0.9904669523
vt 0.02074613236 0.9823949933
vt 0.02003780752 0.9904669523
vt 0.01932948269 0.9904669523
vt 0.01932948269 0.9823949933
vt 0.01862115413 0.9904669523
vt 0.01791282929 0.9904669523
vt 0.01791282929 0.9823949933
vt 0.01720450446 0.9904669523
vt 0.01649617963 0.9904669523
vt 0.01649617963 0.9823949933
vt 0.01578785479 0.9904669523
vt 0.01507952996 0.9904669523
vt 0.01507952996 0.9823949933
vt 0.0598609224 0.9945010543
vt 0.05948471278 0.9945010543
vt 0.06023713574 0.9945010543
vt 0.06061334535 0.9945010543
vt 0.0609895587 0.9945010543
vt 0.05839237198 0.9945010543
vt 0.05802825838 0.9945010543
vt 0.05875648558 0.9945010543
vt 0.05695354193 0.9945010543
vt 0.05659530312 0.9945010543
vt 0.05731178075 0.9945010543
vt 0.0548244901 0.9945010543
vt 0.05447032675 0.9945010543
vt 0.05517865345 0.9945010543
vt 0.05340784043 0.9945010543
vt 0.05305367708 0.9945010543
vt 0.05376200378 0.9945010543
vt 0.05199119076 0.9945010543
vt 0.05163702741 0.9945010543
vt 0.05234535038 0.9945010543
vt 0.04986621439 0.9945010543
vt 0.04951205105 0.9945010543
vt 0.05022037774 0.9945010543
vt 0.05057454109 0.9945010543
vt 0.05092870072 0.9945010543
vt 0.04838341475 0.9945010543
vt 0.04800720513 0.9945010543
vt 0.04875962809 0.9945010543
vt 0.04691486433 0.9945010543
vt 0.04655075073 0.9945010543
vt 0.04727897793 0.9945010543
vt 0.04547603428 0.9945010543
vt 0.04511779547 0.9945010543
vt 0.0458342731 0.9945010543
vt 0.04334698245 0.9945010543
vt 0.0429928191 0.9945010543
vt 0.0437011458 0.9945010543
vt 0.04193033278 0.9945010543
vt 0.04157616943 0.9945010543
vt 0.04228449613 0.9945010543
vt 0.04051368311 0.9945010543
vt 0.04015951976 0.9945010543
vt 0.04086784646 0.9945010543
vt 0.03838870674 0.9945010543
vt 0.0380345434 0.9945010543
vt 0.03874287009 0.9945010543
vt 0.03909703344 0.9945010543
vt 0.03945119306 0.9945010543
vt 0.03690591082 0.9945010543
vt 0.03652969748 0.9945010543
vt 0.03728212044 0.9945010543
vt 0.03543735668 0.9945010543
vt 0.03507324681 0.9945010543
vt 0.03580147028 0.9945010543
vt 0.03399853036 0.9945010543
vt 0.03364028782 0.9945010543
vt 0.03435676917 0.9945010543
vt 0.03186947852 0.9945010543
vt 0.03151531518 0.9945010543
vt 0.03222363815 0.9945010543
vt 0.03045282513 0.9945010543
vt 0.03009866178 0.9945010543
vt 0.03080698848 0.9945010543
vt 0.0290361736 0.9945010543
vt 0.02868201211 0.9945010543
vt 0.02939033695 0.9945010543
vt 0.02691119909 0.9945010543
vt 0.02655703761 0.9945010543
vt 0.02726536244 0.9945010543
vt 0.02761952393 0.9945010543
vt 0.02797368728 0.9945010543
vt 0.02542840131 0.9945010543
vt 0.02505218983 0.9945010543
vt 0.02580461465 0.9945010543
vt 0.02395985089 0.9945010543
vt 0.02359573729 0.9945010543
vt 0.02432396449 0.9945010543
vt 0.02252102084 0.9945010543
vt 0.02216278203 0.9945010543
vt 0.02287926152 0.9945010543
vt 0.02039196901 0.9945010543
vt 0.02003780752 0.9945010543
vt 0.02074613236 0.9945010543
vt 0.01897531748 0.9945010543
vt 0.01862115413 0.9945010543
vt 0.01932948269 0.9945010543
vt 0.01755866781 0.9945010543
vt 0.01720450446 0.9945010543
vt 0.01791282929 0.9945010543
vt 0.01543369237 0.9945010543
vt 0.01507952996 0.9945010543
vt 0.01578785479 0.9945010543
vt 0.01614201814 0.9945010543
vt 0.01649617963 0.9945010543
vt 0.05659530312 0.9965181351
vt 0.05588697642 0.9945010543
vt 0.05517865345 0.9965181351
vt 0.0437011458 0.9965181351
vt 0.0444094725 0.9945010543
vt 0.04511779547 0.9965181351
vt 0.03364028782 0.9965181351
vt 0.03293196484 0.9945010543
vt 0.03222363815 0.9965181351
vt 0.0609895587 0.9985351562
vt 0.06061334535 0.9965181351
vt 0.0609895587 0.9965181351
vt 0.05948471278 0.9985351562
vt 0.0598609224 0.9965181351
vt 0.06023713574 0.9965181351
vt 0.05875648558 0.9965181351
vt 0.05948471278 0.9965181351
vt 0.05802825838 0.9985351562
vt 0.05802825838 0.9965181351
vt 0.05839237198 0.9965181351
vt 0.05731178075 0.9965181351
vt 0.05659530312 0.9985351562
vt 0.05695354193 0.9965181351
vt 0.05517865345 0.9985351562
vt 0.0548244901 0.9965181351
vt 0.05376200378 0.9985351562
vt 0.05376200378 0.9965181351
vt 0.05447032675 0.9965181351
vt 0.05305367708 0.9965181351
vt 0.05340784043 0.9965181351
vt 0.05234535038 0.9985351562
vt 0.05234535038 0.9965181351
vt 0.05163702741 0.9965181351
vt 0.05199119076 0.9965181351
vt 0.05092870072 0.9985351562
vt 0.05057454109 0.9965181351
vt 0.05092870072 0.9965181351
vt 0.04951205105 0.9985351562
vt 0.04986621439 0.9965181351
vt 0.05022037774 0.9965181351
vt 0.04875962809 0.9965181351
vt 0.04951205105 0.9965181351
vt 0.04800720513 0.9985351562
vt 0.04838341475 0.9965181351
vt 0.04727897793 0.9965181351
vt 0.04800720513 0.9965181351
vt 0.04655075073 0.9985351562
vt 0.04655075073 0.9965181351
vt 0.04691486433 0.9965181351
vt 0.04511779547 0.9985351562
vt 0.04547603428 0.9965181351
vt 0.0458342731 0.9965181351
vt 0.0437011458 0.9985351562
vt 0.04334698245 0.9965181351
vt 0.0429928191 0.9965181351
vt 0.04228449613 0.9985351562
vt 0.04228449613 0.9965181351
vt 0.04157616943 0.9965181351
vt 0.04193033278 0.9965181351
vt 0.04086784646 0.9985351562
vt 0.04051368311 0.9965181351
vt 0.04086784646 0.9965181351
vt 0.03945119306 0.9985351562
vt 0.03945119306 0.9965181351
vt 0.04015951976 0.9965181351
vt 0.03874287009 0.9965181351
vt 0.03909703344 0.9965181351
vt 0.0380345434 0.9985351562
vt 0.0380345434 0.9965181351
vt 0.03838870674 0.9965181351
vt 0.03728212044 0.9965181351
vt 0.03652969748 0.9985351562
vt 0.03690591082 0.9965181351
vt 0.03580147028 0.9965181351
vt 0.03652969748 0.9965181351
vt 0.03507324681 0.9985351562
vt 0.03507324681 0.9965181351
vt 0.03543735668 0.9965181351
vt 0.03364028782 0.9985351562
vt 0.03399853036 0.9965181351
vt 0.03435676917 0.9965181351
vt 0.03222363815 0.9985351562
vt 0.03151531518 0.9965181351
vt 0.03186947852 0.9965181351
vt 0.03080698848 0.9985351562
vt 0.03080698848 0.9965181351
vt 0.03009866178 0.9965181351
vt 0.03045282513 0.9965181351
vt 0.02939033695 0.9985351562
vt 0.0290361736 0.9965181351
vt 0.02939033695 0.9965181351
vt 0.02797368728 0.9985351562
vt 0.02797368728 0.9965181351
vt 0.02868201211 0.9965181351
vt 0.02726536244 0.9965181351
vt 0.02761952393 0.9965181351
vt 0.02655703761 0.9985351562
vt 0.02691119909 0.9965181351
vt 0.02216278203 0.9965181351
vt 0.02145445719 0.9945010543
vt 0.02074613236 0.9965181351
vt 0.02505218983 0.9985351562
vt 0.02542840131 0.9965181351
vt 0.02580461465 0.9965181351
vt 0.02655703761 0.9965181351
vt 0.02505218983 0.9965181351
vt 0.02432396449 0.9965181351
vt 0.02359573729 0.9985351562
vt 0.02359573729 0.9965181351
vt 0.02395985089 0.9965181351
vt 0.02287926152 0.9965181351
vt 0.02252102084 0.9965181351
vt 0.02216278203 0.9985351562
vt 0.02074613236 0.9985351562
vt 0.02003780752 0.9965181351
vt 0.02039196901 0.9965181351
vt 0.01932948269 0.9985351562
vt 0.01897531748 0.9965181351
vt 0.01932948269 0.9965181351
vt 0.01791282929 0.9985351562
vt 0.01791282929 0.9965181351
vt 0.01862115413 0.9965181351
vt 0.01720450446 0.9965181351
vt 0.01755866781 0.9965181351
vt 0.01649617963 0.9985351562
vt 0.01649617963 0.9965181351
vt 0.01614201814 0.9965181351
vt 0.01578785479 0.9965181351
vt 0.01507952996 0.9965181351
vt 0.01543369237 0.9965181351
vt 0.01507952996 0.9985351562
vt 0.006145218853 0.001032456523
vt 0.005423197523 0.001807732508
vt 0.005570444744 0.0005741426721
vt 0.004929503892 0.0002472475171
vt 0.004519331269 0.001807732508
vt 0.004264904652 5.880715253e-05
vt 0.003615465015 0.001807732508
vt 0.003615465015 0
vt 0.006327063777 0.001807732508
vt 0.006615840364 0.001598206116
vt 0.00695985416 0.002241912298
vt 0.006327063777 0.003615465015
vt 0.007164333947 0.002924728673
vt 0.00723093003 0.003615465015
vt 0.002711598761 0.001807732508
vt 0.002241912065 0.0002710756962
vt 0.00292472844 6.659610517e-05
vt 0.001807732508 0.001807732508
vt 0.001598205883 0.0006150894333
vt 0.001032456406 0.001085711177
vt 0.0009038662538 0.001807732508
vt 0.0005741427885 0.001660485403
vt 0.0002472474589 0.002301425906
vt 0.0009038662538 0.003615465015
vt 5.880695608e-05 0.002966025146
vt 0 0.003615465015
vt 0.007172123063 0.004264904652
vt 0.006983682513 0.004929503892
vt 0.006327063777 0.005423197523
vt 0.006198473275 0.006145218853
vt 0.005423197523 0.005423197523
vt 0.004989017732 0.006959854625
vt 0.004519331269 0.005423197523
vt 0.006656787358 0.005570444744
vt 0.005632723682 0.006615840364
vt 0.003615465015 0.005423197523
vt 0.004306201357 0.007164333947
vt 0.003615465015 0.00723093003
vt 0.002301426139 0.006983682513
vt 0.001807732508 0.005423197523
vt 0.002711598761 0.005423197523
vt 6.659593782e-05 0.004306201357
vt 0.0002710755798 0.004989018198
vt 0.0009038662538 0.005423197523
vt 0.0006150896079 0.005632724147
vt 0.001085711177 0.00619847374
vt 0.002966025379 0.007172123063
vt 0.001660485403 0.006656787358
vt 0.0358155705 0.5877252817
vt 0.03507324681 0.587566793
vt 0.03652969748 0.5878871679
vt 0.03652969748 0.5916241407
vt 0.04086784646 0.5916241407
vt 0.04275105894 0.5891047716
vt 0.05134886876 0.5893552899
vt 0.05092870444 0.5893834233
vt 0.05517865345 0.9743059278
vt 0.0380345434 0.9662081003
vt 0.03507324681 0.9662081003
vt 0.03652969748 0.9662081003
vt 0.04086784646 0.9738686085
vt 0.04033126682 0.9743059278
vt 0.02939033695 0.9823949933
vt 0.04800720513 0.9803644419
vt 0.04228449613 0.9731959701
vt 0.04605007172 0.9743058681
vt 0.04685428366 0.9807091355
vt 0.02939033695 0.9904669523
vt 0.0437011458 0.9730972052
vt 0.04800720513 0.9743059278
vt 0.04522782564 0.9736841321
vt 0.05092870072 0.9743059278
vt 0.04951205105 0.9743059278
vt 0.05234535038 0.9743059278
vt 0.05376200378 0.9662081003
vt 0.04228449613 0.9580928683
vt 0.04086784646 0.9580928683
vt 0.04511779547 0.9580928683
vt 0.0437011458 0.9580928683
vt 0.03080698848 0.9823949933
vt 0.04951205105 0.9783172011
vt 0.04800720513 0.9662081003
vt 0.00329255336 0.006292791106
vt 0.04861198366 0.9791440964
vt 0.03346178308 0.9844291806
vt 0.04655075073 0.9580928683
vt 0.001085711177 0.00619847374
vt 0.002899392741 0.006714092568
vt 0.0005110608181 0.00446809968
vt 0.0009038662538 0.004334438592
vt 0.002624541055 0.005754405167
vt 6.659593782e-05 0.004306201357
vt 0.003615465015 0.006082113832
vt 0.001807732508 0.005423197523
vt 0.0008711151313 0.003615465015
vt 0.001807732508 0.00395821128
vt 0.004199416842 0.006304178853
vt 0.03364028782 0.9888205528
vt 0.05092870072 0.9760540724
vt 0 0.003615465015
vt 0.02580461465 0.9965181351
vt 0.02726536244 0.9945010543
vt 0.05037928373 0.977443099
vt 0.03423348442 0.9890780449
vt 0.02505218983 0.9985351562
vt 0.0274720639 0.9971067309
vt 0.02979115024 0.9922183156
vt 0.02691119909 0.9965181351
vt 0.0609895587 0.9985351562
vt 0.05588697642 0.9912729859
vt 0.02761952393 0.9965181351
vt 0.05837668851 0.996604979
vt 0.05734440312 0.9945010543
vt 0.05820002407 0.9980594516
vt 0.0598609224 0.9965181351
vt 0.05802825838 0.9959188104
vt 0.05875648558 0.9965181351
vt 0.02907506935 0.994058013
vt 0.03080698848 0.9743059278
vt 0.02761952393 0.9945010543
vt 0.05234535038 0.9895127416
vt 0.05659530312 0.9743059278
vt 0.02886320278 0.9945011139
vt 0.03009866178 0.9918907881
vt 0.03652969748 0.9780144691
vt 0.05211500451 0.9756211638
vt 0.05295068398 0.9892932773
vt 0.02900906838 0.9941923022
vt 0.05686118081 0.9934610128
vt 0.0380345434 0.9800853729
vt 0.05701594055 0.9937983751
vt 0.02868201211 0.9904669523
vt 0.04655075073 0.9820016623
vt 0.02797368728 0.9823949933
vt 0.05802825838 0.9945010543
vt 0.03945119306 0.9816504121
vt 0.02892200276 0.5865033865
vt 0.03364028782 0.5872560143
vt 0.03222363815 0.5869745016
vt 0.03168721497 0.5868710279
vt 0.03305619583 0.5871284604
vt 0.02797368914 0.5864386559
vt 0.03364028782 0.5916241407
vt 0.02797368728 0.5916241407
vt 0.0303097479 0.5866594911
vt 0.03080698848 0.5916241407
vt 0.02939033695 0.5916241407
vt 0.02939033695 0.5865572691
vt 0.03080698848 0.5867373347
vt 0.03442811221 0.587418437
vt 0.03723602742 0.5880336165
vt 0.03864517063 0.5883268714
vt 0.0380345434 0.5882015824
vt 0.03945119306 0.5884873271
vt 0.0380345434 0.5916241407
vt 0.04137815163 0.588868618
vt 0.04001059383 0.5886034966
vt 0.03945119306 0.5916241407
vt 0.04086784646 0.5887678862
vt 0.04228449613 0.5916241407
vt 0.0437011458 0.5916241407
vt 0.04695522413 0.5894997716
vt 0.04552896321 0.5894291997
vt 0.04800720513 0.5895034671
vt 0.04228449613 0.5890238881
vt 0.04413236678 0.5892956257
vt 0.0437011458 0.5892361403
vt 0.04511779547 0.5893900394
vt 0.04951205105 0.5894677639
vt 0.04842367023 0.589507103
vt 0.04655075073 0.5916241407
vt 0.04800720513 0.5916241407
vt 0.04991348088 0.589456439
vt 0.04511779547 0.5916241407
vt 0.03364028782 0.9743059278
vt 0.03507324681 0.9743059278
vt 0.0380345434 0.9743059278
vt 0.03652969748 0.9743059278
vt 0.03945119306 0.9743059278
vt 0.04095146805 0.9738279581
vt 0.03080698848 0.9825432897
vt 0.03009866178 0.9904669523
vt 0.03093359061 0.9838377237
vt 0.04248148948 0.9731798768
vt 0.03170357645 0.9883215427
vt 0.04511779547 0.9736027122
vt 0.04951205105 0.9662081003
vt 0.04390062392 0.9731656313
vt 0.04655075073 0.9743059278
vt 0.05376200378 0.9743059278
vt 0.03945119306 0.9662081003
vt 0.05092870072 0.9662081003
vt 0.05234535038 0.9662081003
vt 0.04086784646 0.9662081003
vt 0.04228449613 0.9662081003
vt 0.0437011458 0.9662081003
vt 0.04511779547 0.9662081003
vt 0.0325823985 0.9864833355
vt 0.03445008397 0.9823949337
vt 0.03222363815 0.9857060909
vt 0.04800720513 0.9580928683
vt 0.03222363815 0.9823949933
vt 0.001660485403 0.006656787358
vt 0.0006150896079 0.005632724147
vt 0.04655075073 0.9662081003
vt 0.002966025379 0.007172123063
vt 0.0009038662538 0.005423197523
vt 0.0005023448612 0.003946714569
vt 0.002223116811 0.005423197523
vt 0.003615465015 0.00723093003
vt 0.0002710755798 0.004989018198
vt 0.002301426139 0.006983682513
vt 5.653020708e-05 0.00299116876
vt 0.05227421969 0.9832055569
vt 0.03364028782 0.9823949933
vt 0.004306201357 0.007164333947
vt 0.02780531719 0.9965181351
vt 0.02661188506 0.9985351562
vt 0.02655703761 0.9965181351
vt 0.05185547099 0.9823949933
vt 0.05346605927 0.9857676029
vt 0.02655703761 0.9985351562
vt 0.02766460925 0.9967749119
vt 0.05944230407 0.9985351562
vt 0.02726536244 0.9965181351
vt 0.05833279341 0.9965181351
vt 0.05948471278 0.9965181351
vt 0.05948471278 0.9985351562
vt 0.02939033881 0.9934082031
vt 0.06023713574 0.9965181351
vt 0.05464847758 0.9884366989
vt 0.05234535038 0.9823949933
vt 0.02797368728 0.9945010543
vt 0.05376200378 0.9864383936
vt 0.03020334989 0.9916594625
vt 0.05376200378 0.9823949933
vt 0.02868201211 0.9945010543
vt 0.05659530312 0.9928762913
vt 0.05875648558 0.9945010543
vt 0.03073878586 0.9904669523
vt 0.05839237198 0.9945010543
vt 0.02797368728 0.9904669523
vt 0.05234535038 0.5916241407
vt 0.0542512238 0.5889824629
vt 0.05571606755 0.588722229
vt 0.05376200378 0.5890529752
vt 0.05802825838 0.5916241407
vt 0.05234535038 0.5892448425
vt 0.05279490352 0.5891966224
vt 0.05092870072 0.5916241407
vt 0.05719351768 0.5884306431
vt 0.05869464204 0.588124156
vt 0.05948471278 0.5879606009
vt 0.0609895587 0.5916241407
vt 0.06023328006 0.5878189802
vt 0.05659530312 0.5916241407
vt 0.05659530312 0.5885446668
vt 0.05517865345 0.5916241407
vt 0.05659530312 0.9904669523
vt 0.05659530312 0.9823949933
vt 0.05802825838 0.9904669523
vt 0.05588697642 0.9904669523
vt 0.05517865345 0.9823949933
vt 0.05875648558 0.9904669523
vt 0.05802825838 0.9823949933
vt 0.05552667007 0.9904669523
vt 0.05948471278 0.5993199944
vt 0.0609895587 0.5993199944
vt 0.05802825838 0.5993199944
vt 0.05659530312 0.5993199944
vt 0.05517865345 0.5993199944
vt 0.05376200378 0.5993199944
vt 0.05234535038 0.5993199944
vt 0.05092870072 0.5993199944
vt 0.04951205105 0.5993199944
vt 0.04800720513 0.5993199944
vt 0.04655075073 0.5993199944
vt 0.04511779547 0.5993199944
vt 0.0437011458 0.5993199944
vt 0.04228449613 0.5993199944
vt 0.04086784646 0.5993199944
vt 0.03945119306 0.5993199944
vt 0.0380345434 0.5993199944
vt 0.03652969748 0.5993199944
vt 0.03507324681 0.5993199944
vt 0.03364028782 0.5993199944
vt 0.03222363815 0.5993199944
vt 0.03080698848 0.5993199944
vt 0.02939033695 0.5993199944
vt 0.02797368728 0.5993199944
vt 0.02655703761 0.5993199944
vt 0.02505218983 0.5993199944
vt 0.02359573729 0.5993199944
vt 0.02216278203 0.5993199944
vt 0.02074613236 0.5993199944
vt 0.01932948269 0.5993199944
vt 0.01791282929 0.5993199944
vt 0.01649617963 0.5993199944
vt 0.01507952996 0.5993199944
vt 0.05948471278 0.6067872643
vt 0.0609895587 0.6067872643
vt 0.05802825838 0.6067872643
vt 0.05659530312 0.6067872643
vt 0.05517865345 0.6067872643
vt 0.05376200378 0.6067872643
vt 0.05234535038 0.6067872643
vt 0.05092870072 0.6067872643
vt 0.04951205105 0.6067872643
vt 0.04800720513 0.6067872643
vt 0.04655075073 0.6067872643
vt 0.04511779547 0.6067872643
vt 0.0437011458 0.6067872643
vt 0.04228449613 0.6067872643
vt 0.04086784646 0.6067872643
vt 0.03945119306 0.6067872643
vt 0.0380345434 0.6067872643
vt 0.03652969748 0.6067872643
vt 0.03507324681 0.6067872643
vt 0.03364028782 0.6067872643
vt 0.03222363815 0.6067872643
vt 0.03080698848 0.6067872643
vt 0.02939033695 0.6067872643
vt 0.02797368728 0.6067872643
vt 0.02655703761 0.6067872643
vt 0.02505218983 0.6067872643
vt 0.02359573729 0.6067872643
vt 0.02216278203 0.6067872643
vt 0.02074613236 0.6067872643
vt 0.01932948269 0.6067872643
vt 0.01791282929 0.6067872643
vt 0.01649617963 0.6067872643
vt 0.01507952996 0.6067872643
vt 0.05948471278 0.6146444082
vt 0.0609895587 0.6146444082
vt 0.05802825838 0.6146444082
vt 0.05659530312 0.6146444082
vt 0.05517865345 0.6146444082
vt 0.05376200378 0.6146444082
vt 0.05234535038 0.6146444082
vt 0.05092870072 0.6146444082
vt 0.04951205105 0.6146444082
vt 0.04800720513 0.6146444082
vt 0.04655075073 0.6146444082
vt 0.04511779547 0.6146444082
vt 0.0437011458 0.6146444082
vt 0.04228449613 0.6146444082
vt 0.04086784646 0.6146444082
vt 0.03945119306 0.6146444082
vt 0.0380345434 0.6146444082
vt 0.03652969748 0.6146444082
vt 0.03507324681 0.6146444082
vt 0.03364028782 0.6146444082
vt 0.03222363815 0.6146444082
vt 0.03080698848 0.6146444082
vt 0.02939033695 0.6146444082
vt 0.02797368728 0.6146444082
vt 0.02655703761 0.6146444082
vt 0.02505218983 0.6146444082
vt 0.02359573729 0.6146444082
vt 0.02216278203 0.6146444082
vt 0.02074613236 0.6146444082
vt 0.01932948269 0.6146444082
vt 0.01791282929 0.6146444082
vt 0.01649617963 0.6146444082
vt 0.01507952996 0.6146444082
vt 0.05948471278 0.6228996515
vt 0.0609895587 0.6228996515
vt 0.05802825838 0.6228996515
vt 0.05659530312 0.6228996515
vt 0.05517865345 0.6228996515
vt 0.05376200378 0.6228996515
vt 0.05234535038 0.6228996515
vt 0.05092870072 0.6228996515
vt 0.04951205105 0.6228996515
vt 0.04800720513 0.6228996515
vt 0.04655075073 0.6228996515
vt 0.04511779547 0.6228996515
vt 0.0437011458 0.6228996515
vt 0.04228449613 0.6228996515
vt 0.04086784646 0.6228996515
vt 0.03945119306 0.6228996515
vt 0.0380345434 0.6228996515
vt 0.03652969748 0.6228996515
vt 0.03507324681 0.6228996515
vt 0.03364028782 0.6228996515
vt 0.03222363815 0.6228996515
vt 0.03080698848 0.6228996515
vt 0.02939033695 0.6228996515
vt 0.02797368728 0.6228996515
vt 0.02655703761 0.6228996515
vt 0.02505218983 0.6228996515
vt 0.02359573729 0.6228996515
vt 0.02216278203 0.6228996515
vt 0.02074613236 0.6228996515
vt 0.01932948269 0.6228996515
vt 0.01791282929 0.6228996515
vt 0.01649617963 0.6228996515
vt 0.01507952996 0.6228996515
vt 0.05948471278 0.6309148669
vt 0.0609895587 0.6309148669
vt 0.05802825838 0.6309148669
vt 0.05659530312 0.6309148669
vt 0.05517865345 0.6309148669
vt 0.05376200378 0.6309148669
vt 0.05234535038 0.6309148669
vt 0.05092870072 0.6309148669
vt 0.04951205105 0.6309148669
vt 0.04800720513 0.6309148669
vt 0.04655075073 0.6309148669
vt 0.04511779547 0.6309148669
vt 0.0437011458 0.6309148669
vt 0.04228449613 0.6309148669
vt 0.04086784646 0.6309148669
vt 0.03945119306 0.6309148669
vt 0.0380345434 0.6309148669
vt 0.03652969748 0.6309148669
vt 0.03507324681 0.6309148669
vt 0.03364028782 0.6309148669
vt 0.03222363815 0.6309148669
vt 0.03080698848 0.6309148669
vt 0.02939033695 0.6309148669
vt 0.02797368728 0.6309148669
vt 0.02655703761 0.6309148669
vt 0.02505218983 0.6309148669
vt 0.02359573729 0.6309148669
vt 0.02216278203 0.6309148669
vt 0.02074613236 0.6309148669
vt 0.01932948269 0.6309148669
vt 0.01791282929 0.6309148669
vt 0.01649617963 0.6309148669
vt 0.01507952996 0.6309148669
vt 0.05948471278 0.6389567852
vt 0.0609895587 0.6389567852
vt 0.05802825838 0.6389567852
vt 0.05659530312 0.6389567852
vt 0.05517865345 0.6389567852
vt 0.05376200378 0.6389567852
vt 0.05234535038 0.6389567852
vt 0.05092870072 0.6389567852
vt 0.04951205105 0.6389567852
vt 0.04800720513 0.6389567852
vt 0.04655075073 0.6389567852
vt 0.04511779547 0.6389567852
vt 0.0437011458 0.6389567852
vt 0.04228449613 0.6389567852
vt 0.04086784646 0.6389567852
vt 0.03945119306 0.6389567852
vt 0.0380345434 0.6389567852
vt 0.03652969748 0.6389567852
vt 0.03507324681 0.6389567852
vt 0.03364028782 0.6389567852
vt 0.03222363815 0.6389567852
vt 0.03080698848 0.6389567852
vt 0.02939033695 0.6389567852
vt 0.02797368728 0.6389567852
vt 0.02655703761 0.6389567852
vt 0.02505218983 0.6389567852
vt 0.02359573729 0.6389567852
vt 0.02216278203 0.6389567852
vt 0.02074613236 0.6389567852
vt 0.01932948269 0.6389567852
vt 0.01791282929 0.6389567852
vt 0.01649617963 0.6389567852
vt 0.01507952996 0.6389567852
vt 0.05948471278 0.6470668912
vt 0.0609895587 0.6470668912
vt 0.05802825838 0.6470668912
vt 0.05659530312 0.6470668912
vt 0.05517865345 0.6470668912
vt 0.05376200378 0.6470668912
vt 0.05234535038 0.6470668912
vt 0.05092870072 0.6470668912
vt 0.04951205105 0.6470668912
vt 0.04800720513 0.6470668912
vt 0.04655075073 0.6470668912
vt 0.04511779547 0.6470668912
vt 0.0437011458 0.6470668912
vt 0.04228449613 0.6470668912
vt 0.04086784646 0.6470668912
vt 0.03945119306 0.6470668912
vt 0.0380345434 0.6470668912
vt 0.03652969748 0.6470668912
vt 0.03507324681 0.6470668912
vt 0.03364028782 0.6470668912
vt 0.03222363815 0.6470668912
vt 0.03080698848 0.6470668912
vt 0.02939033695 0.6470668912
vt 0.02797368728 0.6470668912
vt 0.02655703761 0.6470668912
vt 0.02505218983 0.6470668912
vt 0.02359573729 0.6470668912
vt 0.02216278203 0.6470668912
vt 0.02074613236 0.6470668912
vt 0.01932948269 0.6470668912
vt 0.01791282929 0.6470668912
vt 0.01649617963 0.6470668912
vt 0.01507952996 0.6470668912
vt 0.05948471278 0.6552112699
vt 0.0609895587 0.6552112699
vt 0.05802825838 0.6552112699
vt 0.05659530312 0.6552112699
vt 0.05517865345 0.6552112699
vt 0.05376200378 0.6552112699
vt 0.05234535038 0.6552112699
vt 0.05092870072 0.6552112699
vt 0.04951205105 0.6552112699
vt 0.04800720513 0.6552112699
vt 0.04655075073 0.6552112699
vt 0.04511779547 0.6552112699
vt 0.0437011458 0.6552112699
vt 0.04228449613 0.6552112699
vt 0.04086784646 0.6552112699
vt 0.03945119306 0.6552112699
vt 0.0380345434 0.6552112699
vt 0.03652969748 0.6552112699
vt 0.03507324681 0.6552112699
vt 0.03364028782 0.6552112699
vt 0.03222363815 0.6552112699
vt 0.03080698848 0.6552112699
vt 0.02939033695 0.6552112699
vt 0.02797368728 0.6552112699
vt 0.02655703761 0.6552112699
vt 0.02505218983 0.6552112699
vt 0.02359573729 0.6552112699
vt 0.02216278203 0.6552112699
vt 0.02074613236 0.6552112699
vt 0.01932948269 0.6552112699
vt 0.01791282929 0.6552112699
vt 0.01649617963 0.6552112699
vt 0.01507952996 0.6552112699
vt 0.05948471278 0.6634016037
vt 0.0609895587 0.6634016037
vt 0.05802825838 0.6634016037
vt 0.05659530312 0.6634016037
vt 0.05517865345 0.6634016037
vt 0.05376200378 0.6634016037
vt 0.05234535038 0.6634016037
vt 0.05092870072 0.6634016037
vt 0.04951205105 0.6634016037
vt 0.04800720513 0.6634016037
vt 0.04655075073 0.6634016037
vt 0.04511779547 0.6634016037
vt 0.0437011458 0.6634016037
vt 0.04228449613 0.6634016037
vt 0.04086784646 0.6634016037
vt 0.03945119306 0.6634016037
vt 0.0380345434 0.6634016037
vt 0.03652969748 0.6634016037
vt 0.03507324681 0.6634016037
vt 0.03364028782 0.6634016037
vt 0.03222363815 0.6634016037
vt 0.03080698848 0.6634016037
vt 0.02939033695 0.6634016037
vt 0.02797368728 0.6634016037
vt 0.02655703761 0.6634016037
vt 0.02505218983 0.6634016037
vt 0.02359573729 0.6634016037
vt 0.02216278203 0.6634016037
vt 0.02074613236 0.6634016037
vt 0.01932948269 0.6634016037
vt 0.01791282929 0.6634016037
vt 0.01649617963 0.6634016037
vt 0.01507952996 0.6634016037
vt 0.05948471278 0.6715080738
vt 0.0609895587 0.6715080738
vt 0.05802825838 0.6715080738
vt 0.05659530312 0.6715080738
vt 0.05517865345 0.6715080738
vt 0.05376200378 0.6715080738
vt 0.05234535038 0.6715080738
vt 0.05092870072 0.6715080738
vt 0.04951205105 0.6715080738
vt 0.04800720513 0.6715080738
vt 0.04655075073 0.6715080738
vt 0.04511779547 0.6715080738
vt 0.0437011458 0.6715080738
vt 0.04228449613 0.6715080738
vt 0.04086784646 0.6715080738
vt 0.03945119306 0.6715080738
vt 0.0380345434 0.6715080738
vt 0.03652969748 0.6715080738
vt 0.03507324681 0.6715080738
vt 0.03364028782 0.6715080738
vt 0.03222363815 0.6715080738
vt 0.03080698848 0.6715080738
vt 0.02939033695 0.6715080738
vt 0.02797368728 0.6715080738
vt 0.02655703761 0.6715080738
vt 0.02505218983 0.6715080738
vt 0.02359573729 0.6715080738
vt 0.02216278203 0.6715080738
vt 0.02074613236 0.6715080738
vt 0.01932948269 0.6715080738
vt 0.01791282929 0.6715080738
vt 0.01649617963 0.6715080738
vt 0.01507952996 0.6715080738
vt 0.05948471278 0.6794673204
vt 0.0609895587 0.6794673204
vt 0.05802825838 0.6794673204
vt 0.05659530312 0.6794673204
vt 0.05517865345 0.6794673204
vt 0.05376200378 0.6794673204
vt 0.05234535038 0.6794673204
vt 0.05092870072 0.6794673204
vt 0.04951205105 0.6794673204
vt 0.04800720513 0.6794673204
vt 0.04655075073 0.6794673204
vt 0.04511779547 0.6794673204
vt 0.0437011458 0.6794673204
vt 0.04228449613 0.6794673204
vt 0.04086784646 0.6794673204
vt 0.03945119306 0.6794673204
vt 0.0380345434 0.6794673204
vt 0.03652969748 0.6794673204
vt 0.03507324681 0.6794673204
vt 0.03364028782 0.6794673204
vt 0.03222363815 0.6794673204
vt 0.03080698848 0.6794673204
vt 0.02939033695 0.6794673204
vt 0.02797368728 0.6794673204
vt 0.02655703761 0.6794673204
vt 0.02505218983 0.6794673204
vt 0.02359573729 0.6794673204
vt 0.02216278203 0.6794673204
vt 0.02074613236 0.6794673204
vt 0.01932948269 0.6794673204
vt 0.01791282929 0.6794673204
vt 0.01649617963 0.6794673204
vt 0.01507952996 0.6794673204
vt 0.05948471278 0.6873210669
vt 0.0609895587 0.6873210669
vt 0.05802825838 0.6873210669
vt 0.05659530312 0.6873210669
vt 0.05517865345 0.6873210669
vt 0.05376200378 0.6873210669
vt 0.05234535038 0.6873210669
vt 0.05092870072 0.6873210669
vt 0.04951205105 0.6873210669
vt 0.04800720513 0.6873210669
vt 0.04655075073 0.6873210669
vt 0.04511779547 0.6873210669
vt 0.0437011458 0.6873210669
vt 0.04228449613 0.6873210669
vt 0.04086784646 0.6873210669
vt 0.03945119306 0.6873210669
vt 0.0380345434 0.6873210669
vt 0.03652969748 0.6873210669
vt 0.03507324681 0.6873210669
vt 0.03364028782 0.6873210669
vt 0.03222363815 0.6873210669
vt 0.03080698848 0.6873210669
vt 0.02939033695 0.6873210669
vt 0.02797368728 0.6873210669
vt 0.02655703761 0.6873210669
vt 0.02505218983 0.6873210669
vt 0.02359573729 0.6873210669
vt 0.02216278203 0.6873210669
vt 0.02074613236 0.6873210669
vt 0.01932948269 0.6873210669
vt 0.01791282929 0.6873210669
vt 0.01649617963 0.6873210669
vt 0.01507952996 0.6873210669
vt 0.05948471278 0.6951165199
vt 0.0609895587 0.6951165199
vt 0.05802825838 0.6951165199
vt 0.05659530312 0.6951165199
vt 0.05517865345 0.6951165199
vt 0.05376200378 0.6951165199
vt 0.05234535038 0.6951165199
vt 0.05092870072 0.6951165199
vt 0.04951205105 0.6951165199
vt 0.04800720513 0.6951165199
vt 0.04655075073 0.6951165199
vt 0.04511779547 0.6951165199
vt 0.0437011458 0.6951165199
vt 0.04228449613 0.6951165199
vt 0.04086784646 0.6951165199
vt 0.03945119306 0.6951165199
vt 0.0380345434 0.6951165199
vt 0.03652969748 0.6951165199
vt 0.03507324681 0.6951165199
vt 0.03364028782 0.6951165199
vt 0.03222363815 0.6951165199
vt 0.03080698848 0.6951165199
vt 0.02939033695 0.6951165199
vt 0.02797368728 0.6951165199
vt 0.02655703761 0.6951165199
vt 0.02505218983 0.6951165199
vt 0.02359573729 0.6951165199
vt 0.02216278203 0.6951165199
vt 0.02074613236 0.6951165199
vt 0.01932948269 0.6951165199
vt 0.01791282929 0.6951165199
vt 0.01649617963 0.6951165199
vt 0.01507952996 0.6951165199
vt 0.05948471278 0.7028980851
vt 0.0609895587 0.7028980851
vt 0.05802825838 0.7028980851
vt 0.05659530312 0.7028980851
vt 0.05517865345 0.7028980851
vt 0.05376200378 0.7028980851
vt 0.05234535038 0.7028980851
vt 0.05092870072 0.7028980851
vt 0.04951205105 0.7028980851
vt 0.04800720513 0.7028980851
vt 0.04655075073 0.7028980851
vt 0.04511779547 0.7028980851
vt 0.0437011458 0.7028980851
vt 0.04228449613 0.7028980851
vt 0.04086784646 0.7028980851
vt 0.03945119306 0.7028980851
vt 0.0380345434 0.7028980851
vt 0.03652969748 0.7028980851
vt 0.03507324681 0.7028980851
vt 0.03364028782 0.7028980851
vt 0.03222363815 0.7028980851
vt 0.03080698848 0.7028980851
vt 0.02939033695 0.7028980851
vt 0.02797368728 0.7028980851
vt 0.02655703761 0.7028980851
vt 0.02505218983 0.7028980851
vt 0.02359573729 0.7028980851
vt 0.02216278203 0.7028980851
vt 0.02074613236 0.7028980851
vt 0.01932948269 0.7028980851
vt 0.01791282929 0.7028980851
vt 0.01649617963 0.7028980851
vt 0.01507952996 0.7028980851
vt 0.05948471278 0.7109153271
vt 0.0609895587 0.7109153271
vt 0.05802825838 0.7109153271
vt 0.05659530312 0.7109153271
vt 0.05517865345 0.7109153271
vt 0.05376200378 0.7109153271
vt 0.05234535038 0.7109153271
vt 0.05092870072 0.7109153271
vt 0.04951205105 0.7109153271
vt 0.04800720513 0.7109153271
vt 0.04655075073 0.7109153271
vt 0.04511779547 0.7109153271
vt 0.0437011458 0.7109153271
vt 0.04228449613 0.7109153271
vt 0.04086784646 0.7109153271
vt 0.03945119306 0.7109153271
vt 0.0380345434 0.7109153271
vt 0.03652969748 0.7109153271
vt 0.03507324681 0.7109153271
vt 0.03364028782 0.7109153271
vt 0.03222363815 0.7109153271
vt 0.03080698848 0.7109153271
vt 0.02939033695 0.7109153271
vt 0.02797368728 0.7109153271
vt 0.02655703761 0.7109153271
vt 0.02505218983 0.7109153271
vt 0.02359573729 0.7109153271
vt 0.02216278203 0.7109153271
vt 0.02074613236 0.7109153271
vt 0.01932948269 0.7109153271
vt 0.01791282929 0.7109153271
vt 0.01649617963 0.7109153271
vt 0.01507952996 0.7109153271
vt 0.05948471278 0.7186107635
vt 0.0609895587 0.7186107635
vt 0.05802825838 0.7186107635
vt 0.05659530312 0.7186107635
vt 0.05517865345 0.7186107635
vt 0.05376200378 0.7186107635
vt 0.05234535038 0.7186107635
vt 0.05092870072 0.7186107635
vt 0.04951205105 0.7186107635
vt 0.04800720513 0.7186107635
vt 0.04655075073 0.7186107635
vt 0.04511779547 0.7186107635
vt 0.0437011458 0.7186107635
vt 0.04228449613 0.7186107635
vt 0.04086784646 0.7186107635
vt 0.03945119306 0.7186107635
vt 0.0380345434 0.7186107635
vt 0.03652969748 0.7186107635
vt 0.03507324681 0.7186107635
vt 0.03364028782 0.7186107635
vt 0.03222363815 0.7186107635
vt 0.03080698848 0.7186107635
vt 0.02939033695 0.7186107635
vt 0.02797368728 0.7186107635
vt 0.02655703761 0.7186107635
vt 0.02505218983 0.7186107635
vt 0.02359573729 0.7186107635
vt 0.02216278203 0.7186107635
vt 0.02074613236 0.7186107635
vt 0.01932948269 0.7186107635
vt 0.01791282929 0.7186107635
vt 0.01649617963 0.7186107635
vt 0.01507952996 0.7186107635
vt 0.05948471278 0.7265222669
vt 0.0609895587 0.7265222669
vt 0.05802825838 0.7265222669
vt 0.05659530312 0.7265222669
vt 0.05517865345 0.7265222669
vt 0.05376200378 0.7265222669
vt 0.05234535038 0.7265222669
vt 0.05092870072 0.7265222669
vt 0.04951205105 0.7265222669
vt 0.04800720513 0.7265222669
vt 0.04655075073 0.7265222669
vt 0.04511779547 0.7265222669
vt 0.0437011458 0.7265222669
vt 0.04228449613 0.7265222669
vt 0.04086784646 0.7265222669
vt 0.03945119306 0.7265222669
vt 0.0380345434 0.7265222669
vt 0.03652969748 0.7265222669
vt 0.03507324681 0.7265222669
vt 0.03364028782 0.7265222669
vt 0.03222363815 0.7265222669
vt 0.03080698848 0.7265222669
vt 0.02939033695 0.7265222669
vt 0.02797368728 0.7265222669
vt 0.02655703761 0.7265222669
vt 0.02505218983 0.7265222669
vt 0.02359573729 0.7265222669
vt 0.02216278203 0.7265222669
vt 0.02074613236 0.7265222669
vt 0.01932948269 0.7265222669
vt 0.01791282929 0.7265222669
vt 0.01649617963 0.7265222669
vt 0.01507952996 0.7265222669
vt 0.05948471278 0.7344545126
vt 0.0609895587 0.7344545126
vt 0.05802825838 0.7344545126
vt 0.05659530312 0.7344545126
vt 0.05517865345 0.7344545126
vt 0.05376200378 0.7344545126
vt 0.05234535038 0.7344545126
vt 0.05092870072 0.7344545126
vt 0.04951205105 0.7344545126
vt 0.04800720513 0.7344545126
vt 0.04655075073 0.7344545126
vt 0.04511779547 0.7344545126
vt 0.0437011458 0.7344545126
vt 0.04228449613 0.7344545126
vt 0.04086784646 0.7344545126
vt 0.03945119306 0.7344545126
vt 0.0380345434 0.7344545126
vt 0.03652969748 0.7344545126
vt 0.03507324681 0.7344545126
vt 0.03364028782 0.7344545126
vt 0.03222363815 0.7344545126
vt 0.03080698848 0.7344545126
vt 0.02939033695 0.7344545126
vt 0.02797368728 0.7344545126
vt 0.02655703761 0.7344545126
vt 0.02505218983 0.7344545126
vt 0.02359573729 0.7344545126
vt 0.02216278203 0.7344545126
vt 0.02074613236 0.7344545126
vt 0.01932948269 0.7344545126
vt 0.01791282929 0.7344545126
vt 0.01649617963 0.7344545126
vt 0.01507952996 0.7344545126
vt 0.05948471278 0.7424045801
vt 0.0609895587 0.7424045801
vt 0.05802825838 0.7424045801
vt 0.05659530312 0.7424045801
vt 0.05517865345 0.7424045801
vt 0.05376200378 0.7424045801
vt 0.05234535038 0.7424045801
vt 0.05092870072 0.7424045801
vt 0.04951205105 0.7424045801
vt 0.04800720513 0.7424045801
vt 0.04655075073 0.7424045801
vt 0.04511779547 0.7424045801
vt 0.0437011458 0.7424045801
vt 0.04228449613 0.7424045801
vt 0.04086784646 0.7424045801
vt 0.03945119306 0.7424045801
vt 0.0380345434 0.7424045801
vt 0.03652969748 0.7424045801
vt 0.03507324681 0.7424045801
vt 0.03364028782 0.7424045801
vt 0.03222363815 0.7424045801
vt 0.03080698848 0.7424045801
vt 0.02939033695 0.7424045801
vt 0.02797368728 0.7424045801
vt 0.02655703761 0.7424045801
vt 0.02505218983 0.7424045801
vt 0.02359573729 0.7424045801
vt 0.02216278203 0.7424045801
vt 0.02074613236 0.7424045801
vt 0.01932948269 0.7424045801
vt 0.01791282929 0.7424045801
vt 0.01649617963 0.7424045801
vt 0.01507952996 0.7424045801
vt 0.05948471278 0.7503670454
vt 0.0609895587 0.7503670454
vt 0.05802825838 0.7503670454
vt 0.05659530312 0.7503670454
vt 0.05517865345 0.7503670454
vt 0.05376200378 0.7503670454
vt 0.05234535038 0.7503670454
vt 0.05092870072 0.7503670454
vt 0.04951205105 0.7503670454
vt 0.04800720513 0.7503670454
vt 0.04655075073 0.7503670454
vt 0.04511779547 0.7503670454
vt 0.0437011458 0.7503670454
vt 0.04228449613 0.7503670454
vt 0.04086784646 0.7503670454
vt 0.03945119306 0.7503670454
vt 0.0380345434 0.7503670454
vt 0.03652969748 0.7503670454
vt 0.03507324681 0.7503670454
vt 0.03364028782 0.7503670454
vt 0.03222363815 0.7503670454
vt 0.03080698848 0.7503670454
vt 0.02939033695 0.7503670454
vt 0.02797368728 0.7503670454
vt 0.02655703761 0.7503670454
vt 0.02505218983 0.7503670454
vt 0.02359573729 0.7503670454
vt 0.02216278203 0.7503670454
vt 0.02074613236 0.7503670454
vt 0.01932948269 0.7503670454
vt 0.01791282929 0.7503670454
vt 0.01649617963 0.7503670454
vt 0.01507952996 0.7503670454
vt 0.05948471278 0.7583383322
vt 0.0609895587 0.7583383322
vt 0.05802825838 0.7583383322
vt 0.05659530312 0.7583383322
vt 0.05517865345 0.7583383322
vt 0.05376200378 0.7583383322
vt 0.05234535038 0.7583383322
vt 0.05092870072 0.7583383322
vt 0.04951205105 0.7583383322
vt 0.04800720513 0.7583383322
vt 0.04655075073 0.7583383322
vt 0.04511779547 0.7583383322
vt 0.0437011458 0.7583383322
vt 0.04228449613 0.7583383322
vt 0.04086784646 0.7583383322
vt 0.03945119306 0.7583383322
vt 0.0380345434 0.7583383322
vt 0.03652969748 0.7583383322
vt 0.03507324681 0.7583383322
vt 0.03364028782 0.7583383322
vt 0.03222363815 0.7583383322
vt 0.03080698848 0.7583383322
vt 0.02939033695 0.7583383322
vt 0.02797368728 0.7583383322
vt 0.02655703761 0.7583383322
vt 0.02505218983 0.7583383322
vt 0.02359573729 0.7583383322
vt 0.02216278203 0.7583383322
vt 0.02074613236 0.7583383322
vt 0.01932948269 0.7583383322
vt 0.01791282929 0.7583383322
vt 0.01649617963 0.7583383322
vt 0.01507952996 0.7583383322
vt 0.05948471278 0.7664809823
vt 0.0609895587 0.7664809823
vt 0.05802825838 0.7664809823
vt 0.05659530312 0.7664809823
vt 0.05517865345 0.7664809823
vt 0.05376200378 0.7664809823
vt 0.05234535038 0.7664809823
vt 0.05092870072 0.7664809823
vt 0.04951205105 0.7664809823
vt 0.04800720513 0.7664809823
vt 0.04655075073 0.7664809823
vt 0.04511779547 0.7664809823
vt 0.0437011458 0.7664809823
vt 0.04228449613 0.7664809823
vt 0.04086784646 0.7664809823
vt 0.03945119306 0.7664809823
vt 0.0380345434 0.7664809823
vt 0.03652969748 0.7664809823
vt 0.03507324681 0.7664809823
vt 0.03364028782 0.7664809823
vt 0.03222363815 0.7664809823
vt 0.03080698848 0.7664809823
vt 0.02939033695 0.7664809823
vt 0.02797368728 0.7664809823
vt 0.02655703761 0.7664809823
vt 0.02505218983 0.7664809823
vt 0.02359573729 0.7664809823
vt 0.02216278203 0.7664809823
vt 0.02074613236 0.7664809823
vt 0.01932948269 0.7664809823
vt 0.01791282929 0.7664809823
vt 0.01649617963 0.7664809823
vt 0.01507952996 0.7664809823
vt 0.05948471278 0.7742770314
vt 0.0609895587 0.7742770314
vt 0.05802825838 0.7742770314
vt 0.05659530312 0.7742770314
vt 0.05517865345 0.7742770314
vt 0.05376200378 0.7742770314
vt 0.05234535038 0.7742770314
vt 0.05092870072 0.7742770314
vt 0.04951205105 0.7742770314
vt 0.04800720513 0.7742770314
vt 0.04655075073 0.7742770314
vt 0.04511779547 0.7742770314
vt 0.0437011458 0.7742770314
vt 0.04228449613 0.7742770314
vt 0.04086784646 0.7742770314
vt 0.03945119306 0.7742770314
vt 0.0380345434 0.7742770314
vt 0.03652969748 0.7742770314
vt 0.03507324681 0.7742770314
vt 0.03364028782 0.7742770314
vt 0.03222363815 0.7742770314
vt 0.03080698848 0.7742770314
vt 0.02939033695 0.7742770314
vt 0.02797368728 0.7742770314
vt 0.02655703761 0.7742770314
vt 0.02505218983 0.7742770314
vt 0.02359573729 0.7742770314
vt 0.02216278203 0.7742770314
vt 0.02074613236 0.7742770314
vt 0.01932948269 0.7742770314
vt 0.01791282929 0.7742770314
vt 0.01649617963 0.7742770314
vt 0.01507952996 0.7742770314
vt 0.05948471278 0.7822372317
vt 0.0609895587 0.7822372317
vt 0.05802825838 0.7822372317
vt 0.05659530312 0.7822372317
vt 0.05517865345 0.7822372317
vt 0.05376200378 0.7822372317
vt 0.05234535038 0.7822372317
vt 0.05092870072 0.7822372317
vt 0.04951205105 0.7822372317
vt 0.04800720513 0.7822372317
vt 0.04655075073 0.7822372317
vt 0.04511779547 0.7822372317
vt 0.0437011458 0.7822372317
vt 0.04228449613 0.7822372317
vt 0.04086784646 0.7822372317
vt 0.03945119306 0.7822372317
vt 0.0380345434 0.7822372317
vt 0.03652969748 0.7822372317
vt 0.03507324681 0.7822372317
vt 0.03364028782 0.7822372317
vt 0.03222363815 0.7822372317
vt 0.03080698848 0.7822372317
vt 0.02939033695 0.7822372317
vt 0.02797368728 0.7822372317
vt 0.02655703761 0.7822372317
vt 0.02505218983 0.7822372317
vt 0.02359573729 0.7822372317
vt 0.02216278203 0.7822372317
vt 0.02074613236 0.7822372317
vt 0.01932948269 0.7822372317
vt 0.01791282929 0.7822372317
vt 0.01649617963 0.7822372317
vt 0.01507952996 0.7822372317
vt 0.05948471278 0.7901940942
vt 0.0609895587 0.7901940942
vt 0.05802825838 0.7901940942
vt 0.05659530312 0.7901940942
vt 0.05517865345 0.7901940942
vt 0.05376200378 0.7901940942
vt 0.05234535038 0.7901940942
vt 0.05092870072 0.7901940942
vt 0.04951205105 0.7901940942
vt 0.04800720513 0.7901940942
vt 0.04655075073 0.7901940942
vt 0.04511779547 0.7901940942
vt 0.0437011458 0.7901940942
vt 0.04228449613 0.7901940942
vt 0.04086784646 0.7901940942
vt 0.03945119306 0.7901940942
vt 0.0380345434 0.7901940942
vt 0.03652969748 0.7901940942
vt 0.03507324681 0.7901940942
vt 0.03364028782 0.7901940942
vt 0.03222363815 0.7901940942
vt 0.03080698848 0.7901940942
vt 0.02939033695 0.7901940942
vt 0.02797368728 0.7901940942
vt 0.02655703761 0.7901940942
vt 0.02505218983 0.7901940942
vt 0.02359573729 0.7901940942
vt 0.02216278203 0.7901940942
vt 0.02074613236 0.7901940942
vt 0.01932948269 0.7901940942
vt 0.01791282929 0.7901940942
vt 0.01649617963 0.7901940942
vt 0.01507952996 0.7901940942
vt 0.05948471278 0.7981526256
vt 0.0609895587 0.7981526256
vt 0.05802825838 0.7981526256
vt 0.05659530312 0.7981526256
vt 0.05517865345 0.7981526256
vt 0.05376200378 0.7981526256
vt 0.05234535038 0.7981526256
vt 0.05092870072 0.7981526256
vt 0.04951205105 0.7981526256
vt 0.04800720513 0.7981526256
vt 0.04655075073 0.7981526256
vt 0.04511779547 0.7981526256
vt 0.0437011458 0.7981526256
vt 0.04228449613 0.7981526256
vt 0.04086784646 0.7981526256
vt 0.03945119306 0.7981526256
vt 0.0380345434 0.7981526256
vt 0.03652969748 0.7981526256
vt 0.03507324681 0.7981526256
vt 0.03364028782 0.7981526256
vt 0.03222363815 0.7981526256
vt 0.03080698848 0.7981526256
vt 0.02939033695 0.7981526256
vt 0.02797368728 0.7981526256
vt 0.02655703761 0.7981526256
vt 0.02505218983 0.7981526256
vt 0.02359573729 0.7981526256
vt 0.02216278203 0.7981526256
vt 0.02074613236 0.7981526256
vt 0.01932948269 0.7981526256
vt 0.01791282929 0.7981526256
vt 0.01649617963 0.7981526256
vt 0.01507952996 0.7981526256
vt 0.05948471278 0.8061246872
vt 0.0609895587 0.8061246872
vt 0.05802825838 0.8061246872
vt 0.05659530312 0.8061246872
vt 0.05517865345 0.8061246872
vt 0.05376200378 0.8061246872
vt 0.05234535038 0.8061246872
vt 0.05092870072 0.8061246872
vt 0.04951205105 0.8061246872
vt 0.04800720513 0.8061246872
vt 0.04655075073 0.8061246872
vt 0.04511779547 0.8061246872
vt 0.0437011458 0.8061246872
vt 0.04228449613 0.8061246872
vt 0.04086784646 0.8061246872
vt 0.03945119306 0.8061246872
vt 0.0380345434 0.8061246872
vt 0.03652969748 0.8061246872
vt 0.03507324681 0.8061246872
vt 0.03364028782 0.8061246872
vt 0.03222363815 0.8061246872
vt 0.03080698848 0.8061246872
vt 0.02939033695 0.8061246872
vt 0.02797368728 0.8061246872
vt 0.02655703761 0.8061246872
vt 0.02505218983 0.8061246872
vt 0.02359573729 0.8061246872
vt 0.02216278203 0.8061246872
vt 0.02074613236 0.8061246872
vt 0.01932948269 0.8061246872
vt 0.01791282929 0.8061246872
vt 0.01649617963 0.8061246872
vt 0.01507952996 0.8061246872
vt 0.05948471278 0.8141310811
vt 0.0609895587 0.8141310811
vt 0.05802825838 0.8141310811
vt 0.05659530312 0.8141310811
vt 0.05517865345 0.8141310811
vt 0.05376200378 0.8141310811
vt 0.05234535038 0.8141310811
vt 0.05092870072 0.8141310811
vt 0.04951205105 0.8141310811
vt 0.04800720513 0.8141310811
vt 0.04655075073 0.8141310811
vt 0.04511779547 0.8141310811
vt 0.0437011458 0.8141310811
vt 0.04228449613 0.8141310811
vt 0.04086784646 0.8141310811
vt 0.03945119306 0.8141310811
vt 0.0380345434 0.8141310811
vt 0.03652969748 0.8141310811
vt 0.03507324681 0.8141310811
vt 0.03364028782 0.8141310811
vt 0.03222363815 0.8141310811
vt 0.03080698848 0.8141310811
vt 0.02939033695 0.8141310811
vt 0.02797368728 0.8141310811
vt 0.02655703761 0.8141310811
vt 0.02505218983 0.8141310811
vt 0.02359573729 0.8141310811
vt 0.02216278203 0.8141310811
vt 0.02074613236 0.8141310811
vt 0.01932948269 0.8141310811
vt 0.01791282929 0.8141310811
vt 0.01649617963 0.8141310811
vt 0.01507952996 0.8141310811
vt 0.05948471278 0.8221771717
vt 0.0609895587 0.8221771717
vt 0.05802825838 0.8221771717
vt 0.05659530312 0.8221771717
vt 0.05517865345 0.8221771717
vt 0.05376200378 0.8221771717
vt 0.05234535038 0.8221771717
vt 0.05092870072 0.8221771717
vt 0.04951205105 0.8221771717
vt 0.04800720513 0.8221771717
vt 0.04655075073 0.8221771717
vt 0.04511779547 0.8221771717
vt 0.0437011458 0.8221771717
vt 0.04228449613 0.8221771717
vt 0.04086784646 0.8221771717
vt 0.03945119306 0.8221771717
vt 0.0380345434 0.8221771717
vt 0.03652969748 0.8221771717
vt 0.03507324681 0.8221771717
vt 0.03364028782 0.8221771717
vt 0.03222363815 0.8221771717
vt 0.03080698848 0.8221771717
vt 0.02939033695 0.8221771717
vt 0.02797368728 0.8221771717
vt 0.02655703761 0.8221771717
vt 0.02505218983 0.8221771717
vt 0.02359573729 0.8221771717
vt 0.02216278203 0.8221771717
vt 0.02074613236 0.8221771717
vt 0.01932948269 0.8221771717
vt 0.01791282929 0.8221771717
vt 0.01649617963 0.8221771717
vt 0.01507952996 0.8221771717
vt 0.05948471278 0.8302512169
vt 0.0609895587 0.8302512169
vt 0.05802825838 0.8302512169
vt 0.05659530312 0.8302512169
vt 0.05517865345 0.8302512169
vt 0.05376200378 0.8302512169
vt 0.05234535038 0.8302512169
vt 0.05092870072 0.8302512169
vt 0.04951205105 0.8302512169
vt 0.04800720513 0.8302512169
vt 0.04655075073 0.8302512169
vt 0.04511779547 0.8302512169
vt 0.0437011458 0.8302512169
vt 0.04228449613 0.8302512169
vt 0.04086784646 0.8302512169
vt 0.03945119306 0.8302512169
vt 0.0380345434 0.8302512169
vt 0.03652969748 0.8302512169
vt 0.03507324681 0.8302512169
vt 0.03364028782 0.8302512169
vt 0.03222363815 0.8302512169
vt 0.03080698848 0.8302512169
vt 0.02939033695 0.8302512169
vt 0.02797368728 0.8302512169
vt 0.02655703761 0.8302512169
vt 0.02505218983 0.8302512169
vt 0.02359573729 0.8302512169
vt 0.02216278203 0.8302512169
vt 0.02074613236 0.8302512169
vt 0.01932948269 0.8302512169
vt 0.01791282929 0.8302512169
vt 0.01649617963 0.8302512169
vt 0.01507952996 0.8302512169
vt 0.05948471278 0.8383924961
vt 0.0609895587 0.8383924961
vt 0.05802825838 0.8383924961
vt 0.05659530312 0.8383924961
vt 0.05517865345 0.8383924961
vt 0.05376200378 0.8383924961
vt 0.05234535038 0.8383924961
vt 0.05092870072 0.8383924961
vt 0.04951205105 0.8383924961
vt 0.04800720513 0.8383924961
vt 0.04655075073 0.8383924961
vt 0.04511779547 0.8383924961
vt 0.0437011458 0.8383924961
vt 0.04228449613 0.8383924961
vt 0.04086784646 0.8383924961
vt 0.03945119306 0.8383924961
vt 0.0380345434 0.8383924961
vt 0.03652969748 0.8383924961
vt 0.03507324681 0.8383924961
vt 0.03364028782 0.8383924961
vt 0.03222363815 0.8383924961
vt 0.03080698848 0.8383924961
vt 0.02939033695 0.8383924961
vt 0.02797368728 0.8383924961
vt 0.02655703761 0.8383924961
vt 0.02505218983 0.8383924961
vt 0.02359573729 0.8383924961
vt 0.02216278203 0.8383924961
vt 0.02074613236 0.8383924961
vt 0.01932948269 0.8383924961
vt 0.01791282929 0.8383924961
vt 0.01649617963 0.8383924961
vt 0.01507952996 0.8383924961
vt 0.05948471278 0.8468321562
vt 0.0609895587 0.8468321562
vt 0.05802825838 0.8468321562
vt 0.05659530312 0.8468321562
vt 0.05517865345 0.8468321562
vt 0.05376200378 0.8468321562
vt 0.05234535038 0.8468321562
vt 0.05092870072 0.8468321562
vt 0.04951205105 0.8468321562
vt 0.04800720513 0.8468321562
vt 0.04655075073 0.8468321562
vt 0.04511779547 0.8468321562
vt 0.0437011458 0.8468321562
vt 0.04228449613 0.8468321562
vt 0.04086784646 0.8468321562
vt 0.03945119306 0.8468321562
vt 0.0380345434 0.8468321562
vt 0.03652969748 0.8468321562
vt 0.03507324681 0.8468321562
vt 0.03364028782 0.8468321562
vt 0.03222363815 0.8468321562
vt 0.03080698848 0.8468321562
vt 0.02939033695 0.8468321562
vt 0.02797368728 0.8468321562
vt 0.02655703761 0.8468321562
vt 0.02505218983 0.8468321562
vt 0.02359573729 0.8468321562
vt 0.02216278203 0.8468321562
vt 0.02074613236 0.8468321562
vt 0.01932948269 0.8468321562
vt 0.01791282929 0.8468321562
vt 0.01649617963 0.8468321562
vt 0.01507952996 0.8468321562
vt 0.05948471278 0.8544166088
vt 0.0609895587 0.8544166088
vt 0.05802825838 0.8544166088
vt 0.05659530312 0.8544166088
vt 0.05517865345 0.8544166088
vt 0.05376200378 0.8544166088
vt 0.05234535038 0.8544166088
vt 0.05092870072 0.8544166088
vt 0.04951205105 0.8544166088
vt 0.04800720513 0.8544166088
vt 0.04655075073 0.8544166088
vt 0.04511779547 0.8544166088
vt 0.0437011458 0.8544166088
vt 0.04228449613 0.8544166088
vt 0.04086784646 0.8544166088
vt 0.03945119306 0.8544166088
vt 0.0380345434 0.8544166088
vt 0.03652969748 0.8544166088
vt 0.03507324681 0.8544166088
vt 0.03364028782 0.8544166088
vt 0.03222363815 0.8544166088
vt 0.03080698848 0.8544166088
vt 0.02939033695 0.8544166088
vt 0.02797368728 0.8544166088
vt 0.02655703761 0.8544166088
vt 0.02505218983 0.8544166088
vt 0.02359573729 0.8544166088
vt 0.02216278203 0.8544166088
vt 0.02074613236 0.8544166088
vt 0.01932948269 0.8544166088
vt 0.01791282929 0.8544166088
vt 0.01649617963 0.8544166088
vt 0.01507952996 0.8544166088
vt 0.05948471278 0.8625407219
vt 0.0609895587 0.8625407219
vt 0.05802825838 0.8625407219
vt 0.05659530312 0.8625407219
vt 0.05517865345 0.8625407219
vt 0.05376200378 0.8625407219
vt 0.05234535038 0.8625407219
vt 0.05092870072 0.8625407219
vt 0.04951205105 0.8625407219
vt 0.04800720513 0.8625407219
vt 0.04655075073 0.8625407219
vt 0.04511779547 0.8625407219
vt 0.0437011458 0.8625407219
vt 0.04228449613 0.8625407219
vt 0.04086784646 0.8625407219
vt 0.03945119306 0.8625407219
vt 0.0380345434 0.8625407219
vt 0.03652969748 0.8625407219
vt 0.03507324681 0.8625407219
vt 0.03364028782 0.8625407219
vt 0.03222363815 0.8625407219
vt 0.03080698848 0.8625407219
vt 0.02939033695 0.8625407219
vt 0.02797368728 0.8625407219
vt 0.02655703761 0.8625407219
vt 0.02505218983 0.8625407219
vt 0.02359573729 0.8625407219
vt 0.02216278203 0.8625407219
vt 0.02074613236 0.8625407219
vt 0.01932948269 0.8625407219
vt 0.01791282929 0.8625407219
vt 0.01649617963 0.8625407219
vt 0.01507952996 0.8625407219
vt 0.05948471278 0.8702857494
vt 0.0609895587 0.8702857494
vt 0.05802825838 0.8702857494
vt 0.05659530312 0.8702857494
vt 0.05517865345 0.8702857494
vt 0.05376200378 0.8702857494
vt 0.05234535038 0.8702857494
vt 0.05092870072 0.8702857494
vt 0.04951205105 0.8702857494
vt 0.04800720513 0.8702857494
vt 0.04655075073 0.8702857494
vt 0.04511779547 0.8702857494
vt 0.0437011458 0.8702857494
vt 0.04228449613 0.8702857494
vt 0.04086784646 0.8702857494
vt 0.03945119306 0.8702857494
vt 0.0380345434 0.8702857494
vt 0.03652969748 0.8702857494
vt 0.03507324681 0.8702857494
vt 0.03364028782 0.8702857494
vt 0.03222363815 0.8702857494
vt 0.03080698848 0.8702857494
vt 0.02939033695 0.8702857494
vt 0.02797368728 0.8702857494
vt 0.02655703761 0.8702857494
vt 0.02505218983 0.8702857494
vt 0.02359573729 0.8702857494
vt 0.02216278203 0.8702857494
vt 0.02074613236 0.8702857494
vt 0.01932948269 0.8702857494
vt 0.01791282929 0.8702857494
vt 0.01649617963 0.8702857494
vt 0.01507952996 0.8702857494
vt 0.05948471278 0.8781586289
vt 0.0609895587 0.8781586289
vt 0.05802825838 0.8781586289
vt 0.05659530312 0.8781586289
vt 0.05517865345 0.8781586289
vt 0.05376200378 0.8781586289
vt 0.05234535038 0.8781586289
vt 0.05092870072 0.8781586289
vt 0.04951205105 0.8781586289
vt 0.04800720513 0.8781586289
vt 0.04655075073 0.8781586289
vt 0.04511779547 0.8781586289
vt 0.0437011458 0.8781586289
vt 0.04228449613 0.8781586289
vt 0.04086784646 0.8781586289
vt 0.03945119306 0.8781586289
vt 0.0380345434 0.8781586289
vt 0.03652969748 0.8781586289
vt 0.03507324681 0.8781586289
vt 0.03364028782 0.8781586289
vt 0.03222363815 0.8781586289
vt 0.03080698848 0.8781586289
vt 0.02939033695 0.8781586289
vt 0.02797368728 0.8781586289
vt 0.02655703761 0.8781586289
vt 0.02505218983 0.8781586289
vt 0.02359573729 0.8781586289
vt 0.02216278203 0.8781586289
vt 0.02074613236 0.8781586289
vt 0.01932948269 0.8781586289
vt 0.01791282929 0.8781586289
vt 0.01649617963 0.8781586289
vt 0.01507952996 0.8781586289
vt 0.05948471278 0.8856903315
vt 0.0609895587 0.8856903315
vt 0.05802825838 0.8856903315
vt 0.05659530312 0.8856903315
vt 0.05517865345 0.8856903315
vt 0.05376200378 0.8856903315
vt 0.05234535038 0.8856903315
vt 0.05092870072 0.8856903315
vt 0.04951205105 0.8856903315
vt 0.04800720513 0.8856903315
vt 0.04655075073 0.8856903315
vt 0.04511779547 0.8856903315
vt 0.0437011458 0.8856903315
vt 0.04228449613 0.8856903315
vt 0.04086784646 0.8856903315
vt 0.03945119306 0.8856903315
vt 0.0380345434 0.8856903315
vt 0.03652969748 0.8856903315
vt 0.03507324681 0.8856903315
vt 0.03364028782 0.8856903315
vt 0.03222363815 0.8856903315
vt 0.03080698848 0.8856903315
vt 0.02939033695 0.8856903315
vt 0.02797368728 0.8856903315
vt 0.02655703761 0.8856903315
vt 0.02505218983 0.8856903315
vt 0.02359573729 0.8856903315
vt 0.02216278203 0.8856903315
vt 0.02074613236 0.8856903315
vt 0.01932948269 0.8856903315
vt 0.01791282929 0.8856903315
vt 0.01649617963 0.8856903315
vt 0.01507952996 0.8856903315
vt 0.05948471278 0.8940259814
vt 0.0609895587 0.8940259814
vt 0.05802825838 0.8940259814
vt 0.05659530312 0.8940259814
vt 0.05517865345 0.8940259814
vt 0.05376200378 0.8940259814
vt 0.05234535038 0.8940259814
vt 0.05092870072 0.8940259814
vt 0.04951205105 0.8940259814
vt 0.04800720513 0.8940259814
vt 0.04655075073 0.8940259814
vt 0.04511779547 0.8940259814
vt 0.0437011458 0.8940259814
vt 0.04228449613 0.8940259814
vt 0.04086784646 0.8940259814
vt 0.03945119306 0.8940259814
vt 0.0380345434 0.8940259814
vt 0.03652969748 0.8940259814
vt 0.03507324681 0.8940259814
vt 0.03364028782 0.8940259814
vt 0.03222363815 0.8940259814
vt 0.03080698848 0.8940259814
vt 0.02939033695 0.8940259814
vt 0.02797368728 0.8940259814
vt 0.02655703761 0.8940259814
vt 0.02505218983 0.8940259814
vt 0.02359573729 0.8940259814
vt 0.02216278203 0.8940259814
vt 0.02074613236 0.8940259814
vt 0.01932948269 0.8940259814
vt 0.01791282929 0.8940259814
vt 0.01649617963 0.8940259814
vt 0.01507952996 0.8940259814
vt 0.05948471278 0.9020067453
vt 0.0609895587 0.9020067453
vt 0.05802825838 0.9020067453
vt 0.05659530312 0.9020067453
vt 0.05517865345 0.9020067453
vt 0.05376200378 0.9020067453
vt 0.05234535038 0.9020067453
vt 0.05092870072 0.9020067453
vt 0.04951205105 0.9020067453
vt 0.04800720513 0.9020067453
vt 0.04655075073 0.9020067453
vt 0.04511779547 0.9020067453
vt 0.0437011458 0.9020067453
vt 0.04228449613 0.9020067453
vt 0.04086784646 0.9020067453
vt 0.03945119306 0.9020067453
vt 0.0380345434 0.9020067453
vt 0.03652969748 0.9020067453
vt 0.03507324681 0.9020067453
vt 0.03364028782 0.9020067453
vt 0.03222363815 0.9020067453
vt 0.03080698848 0.9020067453
vt 0.02939033695 0.9020067453
vt 0.02797368728 0.9020067453
vt 0.02655703761 0.9020067453
vt 0.02505218983 0.9020067453
vt 0.02359573729 0.9020067453
vt 0.02216278203 0.9020067453
vt 0.02074613236 0.9020067453
vt 0.01932948269 0.9020067453
vt 0.01791282929 0.9020067453
vt 0.01649617963 0.9020067453
vt 0.01507952996 0.9020067453
vt 0.05948471278 0.9099355936
vt 0.0609895587 0.9099355936
vt 0.05802825838 0.9099355936
vt 0.05659530312 0.9099355936
vt 0.05517865345 0.9099355936
vt 0.05376200378 0.9099355936
vt 0.05234535038 0.9099355936
vt 0.05092870072 0.9099355936
vt 0.04951205105 0.9099355936
vt 0.04800720513 0.9099355936
vt 0.04655075073 0.9099355936
vt 0.04511779547 0.9099355936
vt 0.0437011458 0.9099355936
vt 0.04228449613 0.9099355936
vt 0.04086784646 0.9099355936
vt 0.03945119306 0.9099355936
vt 0.0380345434 0.9099355936
vt 0.03652969748 0.9099355936
vt 0.03507324681 0.9099355936
vt 0.03364028782 0.9099355936
vt 0.03222363815 0.9099355936
vt 0.03080698848 0.9099355936
vt 0.02939033695 0.9099355936
vt 0.02797368728 0.9099355936
vt 0.02655703761 0.9099355936
vt 0.02505218983 0.9099355936
vt 0.02359573729 0.9099355936
vt 0.02216278203 0.9099355936
vt 0.02074613236 0.9099355936
vt 0.01932948269 0.9099355936
vt 0.01791282929 0.9099355936
vt 0.01649617963 0.9099355936
vt 0.01507952996 0.9099355936
vt 0.05948471278 0.9179042578
vt 0.0609895587 0.9179042578
vt 0.05802825838 0.9179042578
vt 0.05659530312 0.9179042578
vt 0.05517865345 0.9179042578
vt 0.05376200378 0.9179042578
vt 0.05234535038 0.9179042578
vt 0.05092870072 0.9179042578
vt 0.04951205105 0.9179042578
vt 0.04800720513 0.9179042578
vt 0.04655075073 0.9179042578
vt 0.04511779547 0.9179042578
vt 0.0437011458 0.9179042578
vt 0.04228449613 0.9179042578
vt 0.04086784646 0.9179042578
vt 0.03945119306 0.9179042578
vt 0.0380345434 0.9179042578
vt 0.03652969748 0.9179042578
vt 0.03507324681 0.9179042578
vt 0.03364028782 0.9179042578
vt 0.03222363815 0.9179042578
vt 0.03080698848 0.9179042578
vt 0.02939033695 0.9179042578
vt 0.02797368728 0.9179042578
vt 0.02655703761 0.9179042578
vt 0.02505218983 0.9179042578
vt 0.02359573729 0.9179042578
vt 0.02216278203 0.9179042578
vt 0.02074613236 0.9179042578
vt 0.01932948269 0.9179042578
vt 0.01791282929 0.9179042578
vt 0.01649617963 0.9179042578
vt 0.01507952996 0.9179042578
vt 0.05948471278 0.9258419871
vt 0.0609895587 0.9258419871
vt 0.05802825838 0.9258419871
vt 0.05659530312 0.9258419871
vt 0.05517865345 0.9258419871
vt 0.05376200378 0.9258419871
vt 0.05234535038 0.9258419871
vt 0.05092870072 0.9258419871
vt 0.04951205105 0.9258419871
vt 0.04800720513 0.9258419871
vt 0.04655075073 0.9258419871
vt 0.04511779547 0.9258419871
vt 0.0437011458 0.9258419871
vt 0.04228449613 0.9258419871
vt 0.04086784646 0.9258419871
vt 0.03945119306 0.9258419871
vt 0.0380345434 0.9258419871
vt 0.03652969748 0.9258419871
vt 0.03507324681 0.9258419871
vt 0.03364028782 0.9258419871
vt 0.03222363815 0.9258419871
vt 0.03080698848 0.9258419871
vt 0.02939033695 0.9258419871
vt 0.02797368728 0.9258419871
vt 0.02655703761 0.9258419871
vt 0.02505218983 0.9258419871
vt 0.02359573729 0.9258419871
vt 0.02216278203 0.9258419871
vt 0.02074613236 0.9258419871
vt 0.01932948269 0.9258419871
vt 0.01791282929 0.9258419871
vt 0.01649617963 0.9258419871
vt 0.01507952996 0.9258419871
vt 0.05948471278 0.9338020086
vt 0.0609895587 0.9338020086
vt 0.05802825838 0.9338020086
vt 0.05659530312 0.9338020086
vt 0.05517865345 0.9338020086
vt 0.05376200378 0.9338020086
vt 0.05234535038 0.9338020086
vt 0.05092870072 0.9338020086
vt 0.04951205105 0.9338020086
vt 0.04800720513 0.9338020086
vt 0.04655075073 0.9338020086
vt 0.04511779547 0.9338020086
vt 0.0437011458 0.9338020086
vt 0.04228449613 0.9338020086
vt 0.04086784646 0.9338020086
vt 0.03945119306 0.9338020086
vt 0.0380345434 0.9338020086
vt 0.03652969748 0.9338020086
vt 0.03507324681 0.9338020086
vt 0.03364028782 0.9338020086
vt 0.03222363815 0.9338020086
vt 0.03080698848 0.9338020086
vt 0.02939033695 0.9338020086
vt 0.02797368728 0.9338020086
vt 0.02655703761 0.9338020086
vt 0.02505218983 0.9338020086
vt 0.02359573729 0.9338020086
vt 0.02216278203 0.9338020086
vt 0.02074613236 0.9338020086
vt 0.01932948269 0.9338020086
vt 0.01791282929 0.9338020086
vt 0.01649617963 0.9338020086
vt 0.01507952996 0.9338020086
vt 0.05948471278 0.9418612719
vt 0.0609895587 0.9418612719
vt 0.05802825838 0.9418612719
vt 0.05659530312 0.9418612719
vt 0.05517865345 0.9418612719
vt 0.05376200378 0.9418612719
vt 0.05234535038 0.9418612719
vt 0.05092870072 0.9418612719
vt 0.04951205105 0.9418612719
vt 0.04800720513 0.9418612719
vt 0.04655075073 0.9418612719
vt 0.04511779547 0.9418612719
vt 0.0437011458 0.9418612719
vt 0.04228449613 0.9418612719
vt 0.04086784646 0.9418612719
vt 0.03945119306 0.9418612719
vt 0.0380345434 0.9418612719
vt 0.03652969748 0.9418612719
vt 0.03507324681 0.9418612719
vt 0.03364028782 0.9418612719
vt 0.03222363815 0.9418612719
vt 0.03080698848 0.9418612719
vt 0.02939033695 0.9418612719
vt 0.02797368728 0.9418612719
vt 0.02655703761 0.9418612719
vt 0.02505218983 0.9418612719
vt 0.02359573729 0.9418612719
vt 0.02216278203 0.9418612719
vt 0.02074613236 0.9418612719
vt 0.01932948269 0.9418612719
vt 0.01791282929 0.9418612719
vt 0.01649617963 0.9418612719
vt 0.01507952996 0.9418612719
vt 0.05948471278 0.9503623843
vt 0.0609895587 0.9503623843
vt 0.05802825838 0.9503623843
vt 0.05659530312 0.9503623843
vt 0.05517865345 0.9503623843
vt 0.05376200378 0.9503623843
vt 0.05234535038 0.9503623843
vt 0.05092870072 0.9503623843
vt 0.04951205105 0.9503623843
vt 0.04800720513 0.9503623843
vt 0.04655075073 0.9503623843
vt 0.04511779547 0.9503623843
vt 0.0437011458 0.9503623843
vt 0.04228449613 0.9503623843
vt 0.04086784646 0.9503623843
vt 0.03945119306 0.9503623843
vt 0.0380345434 0.9503623843
vt 0.03652969748 0.9503623843
vt 0.03507324681 0.9503623843
vt 0.03364028782 0.9503623843
vt 0.03222363815 0.9503623843
vt 0.03080698848 0.9503623843
vt 0.02939033695 0.9503623843
vt 0.02797368728 0.9503623843
vt 0.02655703761 0.9503623843
vt 0.02505218983 0.9503623843
vt 0.02359573729 0.9503623843
vt 0.02216278203 0.9503623843
vt 0.02074613236 0.9503623843
vt 0.01932948269 0.9503623843
vt 0.01791282929 0.9503623843
vt 0.01649617963 0.9503623843
vt 0.01507952996 0.9503623843
vt 0.05948471278 0.9580928683
vt 0.0609895587 0.9580928683
vt 0.05802825838 0.9580928683
vt 0.05659530312 0.9580928683
vt 0.05517865345 0.9580928683
vt 0.05376200378 0.9580928683
vt 0.05234535038 0.9580928683
vt 0.05092870072 0.9580928683
vt 0.04951205105 0.9580928683
vt 0.04800720513 0.9580928683
vt 0.04655075073 0.9580928683
vt 0.04511779547 0.9580928683
vt 0.0437011458 0.9580928683
vt 0.04228449613 0.9580928683
vt 0.04086784646 0.9580928683
vt 0.03945119306 0.9580928683
vt 0.0380345434 0.9580928683
vt 0.03652969748 0.9580928683
vt 0.03507324681 0.9580928683
vt 0.03364028782 0.9580928683
vt 0.03222363815 0.9580928683
vt 0.03080698848 0.9580928683
vt 0.02939033695 0.9580928683
vt 0.02797368728 0.9580928683
vt 0.02655703761 0.9580928683
vt 0.02505218983 0.9580928683
vt 0.02359573729 0.9580928683
vt 0.02216278203 0.9580928683
vt 0.02074613236 0.9580928683
vt 0.01932948269 0.9580928683
vt 0.01791282929 0.9580928683
vt 0.01649617963 0.9580928683
vt 0.01507952996 0.9580928683
vt 0.05948471278 0.9662081003
vt 0.0609895587 0.9662081003
vt 0.05802825838 0.9662081003
vt 0.05659530312 0.9662081003
vt 0.05517865345 0.9662081003
vt 0.05376200378 0.9662081003
vt 0.05234535038 0.9662081003
vt 0.05092870072 0.9662081003
vt 0.04951205105 0.9662081003
vt 0.04800720513 0.9662081003
vt 0.04655075073 0.9662081003
vt 0.04511779547 0.9662081003
vt 0.0437011458 0.9662081003
vt 0.04228449613 0.9662081003
vt 0.04086784646 0.9662081003
vt 0.03945119306 0.9662081003
vt 0.0380345434 0.9662081003
vt 0.03652969748 0.9662081003
vt 0.03507324681 0.9662081003
vt 0.03364028782 0.9662081003
vt 0.03222363815 0.9662081003
vt 0.03080698848 0.9662081003
vt 0.02939033695 0.9662081003
vt 0.02797368728 0.9662081003
vt 0.02655703761 0.9662081003
vt 0.02505218983 0.9662081003
vt 0.02359573729 0.9662081003
vt 0.02216278203 0.9662081003
vt 0.02074613236 0.9662081003
vt 0.01932948269 0.9662081003
vt 0.01791282929 0.9662081003
vt 0.01649617963 0.9662081003
vt 0.01507952996 0.9662081003
vt 0.05948471278 0.9743059278
vt 0.0609895587 0.9743059278
vt 0.05802825838 0.9743059278
vt 0.05659530312 0.9743059278
vt 0.05517865345 0.9743059278
vt 0.05376200378 0.9743059278
vt 0.05234535038 0.9743059278
vt 0.05092870072 0.9743059278
vt 0.04951205105 0.9743059278
vt 0.04800720513 0.9743059278
vt 0.04655075073 0.9743059278
vt 0.04511779547 0.9743059278
vt 0.0437011458 0.9743059278
vt 0.04228449613 0.9743059278
vt 0.04086784646 0.9743059278
vt 0.03945119306 0.9743059278
vt 0.0380345434 0.9743059278
vt 0.03652969748 0.9743059278
vt 0.03507324681 0.9743059278
vt 0.03364028782 0.9743059278
vt 0.03222363815 0.9743059278
vt 0.03080698848 0.9743059278
vt 0.02939033695 0.9743059278
vt 0.02797368728 0.9743059278
vt 0.02655703761 0.9743059278
vt 0.02505218983 0.9743059278
vt 0.02359573729 0.9743059278
vt 0.02216278203 0.9743059278
vt 0.02074613236 0.9743059278
vt 0.01932948269 0.9743059278
vt 0.01791282929 0.9743059278
vt 0.01649617963 0.9743059278
vt 0.01507952996 0.9743059278
vt 0.003615465015 0.003615465015
vt 0.004519331269 0.003615465015
vt 0.005423197523 0.003615465015
vt 0.001807732508 0.003615465015
vt 0.002711598761 0.003615465015
vt 0.03507324681 0.5916241407
vt 0.04951205105 0.5916241407
vt 0.01507952996 0.5993199944
vt 0.01649617963 0.5993199944
vt 0.01791282929 0.5993199944
vt 0.01932948269 0.5993199944
vt 0.02074613236 0.5993199944
vt 0.02216278203 0.5993199944
vt 0.02359573729 0.5993199944
vt 0.02505218983 0.5993199944
vt 0.02655703761 0.5993199944
vt 0.02797368728 0.5993199944
vt 0.02939033695 0.5993199944
vt 0.03080698848 0.5993199944
vt 0.03222363815 0.5993199944
vt 0.03507324681 0.5993199944
vt 0.03364028782 0.5993199944
vt 0.0380345434 0.5993199944
vt 0.03652969748 0.5993199944
vt 0.03945119306 0.5993199944
vt 0.04086784646 0.5993199944
vt 0.04228449613 0.5993199944
vt 0.0437011458 0.5993199944
vt 0.04511779547 0.5993199944
vt 0.04655075073 0.5993199944
vt 0.04800720513 0.5993199944
vt 0.04951205105 0.5993199944
vt 0.05092870072 0.5993199944
vt 0.05234535038 0.5993199944
vt 0.05376200378 0.5993199944
vt 0.05517865345 0.5993199944
vt 0.05659530312 0.5993199944
vt 0.05802825838 0.5993199944
vt 0.0609895587 0.5993199944
vt 0.05948471278 0.5993199944
vt 0.015837349 0.5875320435
vt 0.01507952996 0.5876738429
vt 0.01507952996 0.5916241407
vt 0.01730460301 0.5872588158
vt 0.01649617963 0.5874121785
vt 0.01649617963 0.5916241407
vt 0.01876987144 0.5869963169
vt 0.01791282929 0.587151587
vt 0.01791282929 0.5916241407
vt 0.02022977732 0.5867627263
vt 0.01932948269 0.5869073868
vt 0.01932948269 0.5916241407
vt 0.02168124542 0.5865746737
vt 0.02074613236 0.5916241407
vt 0.02074613236 0.5866957307
vt 0.02313337848 0.586442709
vt 0.02216278203 0.586530745
vt 0.02216278203 0.5916241407
vt 0.02459574305 0.586371839
vt 0.02359573729 0.5864207745
vt 0.02359573729 0.5916241407
vt 0.02608748898 0.5863613486
vt 0.02505218983 0.5863702297
vt 0.02505218983 0.5916241407
vt 0.02752346545 0.5864056349
vt 0.02655703947 0.5863783956
vt 0.02655703761 0.5916241407
vt 0.001929061138 0.005180540029
vt 0.001422379981 0.004386170767
vt 0.02833245695 0.9955227375
vt 0.02797368728 0.9962127805
vt 0.02868201211 0.9948512316
vt 0.05629261583 0.9921908975
vt 0.05527925491 0.9939280748
vt 0.05731613934 0.9944429994
vt 0.05831252784 0.9949433804
vt 0.03222363815 0.9743059278
vt 0.03507324681 0.9755315781
vt 0.03621104732 0.9760756493
vt 0.03710673004 0.9792932272
vt 0.04517884925 0.9820503592
vt 0.03819603473 0.9814729095
vt 0.05517865345 0.9832125902
vt 0.03222363815 0.5916241407
vt 0.04655075073 0.5894793272
vt 0.05402896181 0.9854372144
vt 0.05376200378 0.5916241407
vt 0.05517865345 0.5888152122
vt 0.0609895587 0.5876738429
vt 0.05948471278 0.5916241407
vt 0.05802825838 0.5882546306
vt 0.05731178075 0.9904669523
# mm_gid 0
g mmGroup0
usemtl diffuse_0_0_0_255
f 1687/1/1687 1621/2/1621 1588/3/1588 
f 1587/4/1587 1620/5/1620 1687/1/1687 
f 1588/3/1588 1587/4/1587 1687/1/1687 
f 1702/6/1702 1622/7/1622 1589/8/1589 
f 1588/3/1588 1621/2/1621 1702/6/1702 
f 1589/8/1589 1588/3/1588 1702/6/1702 
f 1709/9/1709 1623/10/1623 1590/11/1590 
f 1589/8/1589 1622/7/1622 1709/9/1709 
f 1590/11/1590 1589/8/1589 1709/9/1709 
f 1716/12/1716 1624/13/1624 1591/14/1591 
f 1590/11/1590 1623/10/1623 1716/12/1716 
f 1591/14/1591 1590/11/1590 1716/12/1716 
f 1719/15/1719 1625/16/1625 1592/17/1592 
f 1591/14/1591 1624/13/1624 1719/15/1719 
f 1592/17/1592 1591/14/1591 1719/15/1719 
f 1726/18/1726 1626/19/1626 1593/20/1593 
f 1592/17/1592 1625/16/1625 1726/18/1726 
f 1593/20/1593 1592/17/1592 1726/18/1726 
f 1733/21/1733 1627/22/1627 1594/23/1594 
f 1593/20/1593 1626/19/1626 1733/21/1733 
f 1594/23/1594 1593/20/1593 1733/21/1733 
f 1740/24/1740 1628/25/1628 1595/26/1595 
f 1594/23/1594 1627/22/1627 1740/24/1740 
f 1595/26/1595 1594/23/1594 1740/24/1740 
f 1750/27/1750 1629/28/1629 1596/29/1596 
f 1595/26/1595 1628/25/1628 1750/27/1750 
f 1596/29/1596 1595/26/1595 1750/27/1750 
f 1757/30/1757 1630/31/1630 1597/32/1597 
f 1596/29/1596 1629/28/1629 1757/30/1757 
f 1597/32/1597 1596/29/1596 1757/30/1757 
f 1764/33/1764 1631/34/1631 1598/35/1598 
f 1597/32/1597 1630/31/1630 1764/33/1764 
f 1598/35/1598 1597/32/1597 1764/33/1764 
f 1771/36/1771 1632/37/1632 1599/38/1599 
f 1598/35/1598 1631/34/1631 1771/36/1771 
f 1599/38/1599 1598/35/1598 1771/36/1771 
f 1774/39/1774 1633/40/1633 1600/41/1600 
f 1599/38/1599 1632/37/1632 1774/39/1774 
f 1600/41/1600 1599/38/1599 1774/39/1774 
f 1781/42/1781 1634/43/1634 1601/44/1601 
f 1600/41/1600 1633/40/1633 1781/42/1781 
f 1601/44/1601 1600/41/1600 1781/42/1781 
f 1788/45/1788 1635/46/1635 1602/47/1602 
f 1601/44/1601 1634/43/1634 1788/45/1788 
f 1602/47/1602 1601/44/1601 1788/45/1788 
f 1795/48/1795 1636/49/1636 1603/50/1603 
f 1602/47/1602 1635/46/1635 1795/48/1795 
f 1603/50/1603 1602/47/1602 1795/48/1795 
f 1805/51/1805 1637/52/1637 1604/53/1604 
f 1603/50/1603 1636/49/1636 1805/51/1805 
f 1604/53/1604 1603/50/1603 1805/51/1805 
f 1812/54/1812 1638/55/1638 1605/56/1605 
f 1604/53/1604 1637/52/1637 1812/54/1812 
f 1605/56/1605 1604/53/1604 1812/54/1812 
f 1819/57/1819 1639/58/1639 1606/59/1606 
f 1605/56/1605 1638/55/1638 1819/57/1819 
f 1606/59/1606 1605/56/1605 1819/57/1819 
f 1826/60/1826 1640/61/1640 1607/62/1607 
f 1606/59/1606 1639/58/1639 1826/60/1826 
f 1607/62/1607 1606/59/1606 1826/60/1826 
f 1829/63/1829 1641/64/1641 1608/65/1608 
f 1607/62/1607 1640/61/1640 1829/63/1829 
f 1608/65/1608 1607/62/1607 1829/63/1829 
f 1836/66/1836 1642/67/1642 1609/68/1609 
f 1608/65/1608 1641/64/1641 1836/66/1836 
f 1609/68/1609 1608/65/1608 1836/66/1836 
f 1843/69/1843 1643/70/1643 1610/71/1610 
f 1609/68/1609 1642/67/1642 1843/69/1843 
f 1610/71/1610 1609/68/1609 1843/69/1843 
f 1850/72/1850 1644/73/1644 1611/74/1611 
f 1610/71/1610 1643/70/1643 1850/72/1850 
f 1611/74/1611 1610/71/1610 1850/72/1850 
f 1860/75/1860 1645/76/1645 1612/77/1612 
f 1611/74/1611 1644/73/1644 1860/75/1860 
f 1612/77/1612 1611/74/1611 1860/75/1860 
f 1867/78/1867 1646/79/1646 1613/80/1613 
f 1612/77/1612 1645/76/1645 1867/78/1867 
f 1613/80/1613 1612/77/1612 1867/78/1867 
f 1874/81/1874 1647/82/1647 1614/83/1614 
f 1613/80/1613 1646/79/1646 1874/81/1874 
f 1614/83/1614 1613/80/1613 1874/81/1874 
f 1881/84/1881 1648/85/1648 1615/86/1615 
f 1614/83/1614 1647/82/1647 1881/84/1881 
f 1615/86/1615 1614/83/1614 1881/84/1881 
f 1884/87/1884 1649/88/1649 1616/89/1616 
f 1615/86/1615 1648/85/1648 1884/87/1884 
f 1616/89/1616 1615/86/1615 1884/87/1884 
f 1891/90/1891 1650/91/1650 1617/92/1617 
f 1616/89/1616 1649/88/1649 1891/90/1891 
f 1617/92/1617 1616/89/1616 1891/90/1891 
f 1897/93/1897 1651/94/1651 1618/95/1618 
f 1617/92/1617 1650/91/1650 1897/93/1897 
f 1618/95/1618 1617/92/1617 1897/93/1897 
f 1695/96/1695 1652/97/1652 1619/98/1619 
f 1618/95/1618 1651/94/1651 1695/96/1695 
f 1619/98/1619 1618/95/1618 1695/96/1695 
f 1699/99/1699 1686/100/1686 1621/2/1621 
f 1687/1/1687 1689/101/1689 1699/99/1699 
f 1621/2/1621 1687/1/1687 1699/99/1699 
f 1691/102/1691 1689/101/1689 1687/1/1687 
f 1620/5/1620 1688/103/1688 1691/102/1691 
f 1687/1/1687 1620/5/1620 1691/102/1691 
f 1705/104/1705 1701/105/1701 1622/7/1622 
f 1702/6/1702 1703/106/1703 1705/104/1705 
f 1622/7/1622 1702/6/1702 1705/104/1705 
f 1712/107/1712 1708/108/1708 1623/10/1623 
f 1709/9/1709 1710/109/1710 1712/107/1712 
f 1623/10/1623 1709/9/1709 1712/107/1712 
f 1722/110/1722 1720/111/1720 1719/15/1719 
f 1624/13/1624 1715/112/1715 1722/110/1722 
f 1719/15/1719 1624/13/1624 1722/110/1722 
f 1729/113/1729 1727/114/1727 1726/18/1726 
f 1625/16/1625 1718/115/1718 1729/113/1729 
f 1726/18/1726 1625/16/1625 1729/113/1729 
f 1736/116/1736 1734/117/1734 1733/21/1733 
f 1626/19/1626 1725/118/1725 1736/116/1736 
f 1733/21/1733 1626/19/1626 1736/116/1736 
f 1747/119/1747 1739/120/1739 1628/25/1628 
f 1740/24/1740 1741/121/1741 1747/119/1747 
f 1628/25/1628 1740/24/1740 1747/119/1747 
f 1743/122/1743 1741/121/1741 1740/24/1740 
f 1627/22/1627 1732/123/1732 1743/122/1743 
f 1740/24/1740 1627/22/1627 1743/122/1743 
f 1753/124/1753 1749/125/1749 1629/28/1629 
f 1750/27/1750 1751/126/1751 1753/124/1753 
f 1629/28/1629 1750/27/1750 1753/124/1753 
f 1760/127/1760 1756/128/1756 1630/31/1630 
f 1757/30/1757 1758/129/1758 1760/127/1760 
f 1630/31/1630 1757/30/1757 1760/127/1760 
f 1767/130/1767 1763/131/1763 1631/34/1631 
f 1764/33/1764 1765/132/1765 1767/130/1767 
f 1631/34/1631 1764/33/1764 1767/130/1767 
f 1777/133/1777 1775/134/1775 1774/39/1774 
f 1632/37/1632 1770/135/1770 1777/133/1777 
f 1774/39/1774 1632/37/1632 1777/133/1777 
f 1784/136/1784 1782/137/1782 1781/42/1781 
f 1633/40/1633 1773/138/1773 1784/136/1784 
f 1781/42/1781 1633/40/1633 1784/136/1784 
f 1791/139/1791 1789/140/1789 1788/45/1788 
f 1634/43/1634 1780/141/1780 1791/139/1791 
f 1788/45/1788 1634/43/1634 1791/139/1791 
f 1802/142/1802 1794/143/1794 1636/49/1636 
f 1795/48/1795 1796/144/1796 1802/142/1802 
f 1636/49/1636 1795/48/1795 1802/142/1802 
f 1798/145/1798 1796/144/1796 1795/48/1795 
f 1635/46/1635 1787/146/1787 1798/145/1798 
f 1795/48/1795 1635/46/1635 1798/145/1798 
f 1808/147/1808 1804/148/1804 1637/52/1637 
f 1805/51/1805 1806/149/1806 1808/147/1808 
f 1637/52/1637 1805/51/1805 1808/147/1808 
f 1815/150/1815 1811/151/1811 1638/55/1638 
f 1812/54/1812 1813/152/1813 1815/150/1815 
f 1638/55/1638 1812/54/1812 1815/150/1815 
f 1822/153/1822 1818/154/1818 1639/58/1639 
f 1819/57/1819 1820/155/1820 1822/153/1822 
f 1639/58/1639 1819/57/1819 1822/153/1822 
f 1832/156/1832 1830/157/1830 1829/63/1829 
f 1640/61/1640 1825/158/1825 1832/156/1832 
f 1829/63/1829 1640/61/1640 1832/156/1832 
f 1839/159/1839 1837/160/1837 1836/66/1836 
f 1641/64/1641 1828/161/1828 1839/159/1839 
f 1836/66/1836 1641/64/1641 1839/159/1839 
f 1846/162/1846 1844/163/1844 1843/69/1843 
f 1642/67/1642 1835/164/1835 1846/162/1846 
f 1843/69/1843 1642/67/1642 1846/162/1846 
f 1857/165/1857 1849/166/1849 1644/73/1644 
f 1850/72/1850 1851/167/1851 1857/165/1857 
f 1644/73/1644 1850/72/1850 1857/165/1857 
f 1853/168/1853 1851/167/1851 1850/72/1850 
f 1643/70/1643 1842/169/1842 1853/168/1853 
f 1850/72/1850 1643/70/1643 1853/168/1853 
f 1863/170/1863 1859/171/1859 1645/76/1645 
f 1860/75/1860 1861/172/1861 1863/170/1863 
f 1645/76/1645 1860/75/1860 1863/170/1863 
f 1870/173/1870 1866/174/1866 1646/79/1646 
f 1867/78/1867 1868/175/1868 1870/173/1870 
f 1646/79/1646 1867/78/1867 1870/173/1870 
f 1877/176/1877 1873/177/1873 1647/82/1647 
f 1874/81/1874 1875/178/1875 1877/176/1877 
f 1647/82/1647 1874/81/1874 1877/176/1877 
f 1887/179/1887 1885/180/1885 1884/87/1884 
f 1648/85/1648 1880/181/1880 1887/179/1887 
f 1884/87/1884 1648/85/1648 1887/179/1887 
f 1894/182/1894 1892/183/1892 1891/90/1891 
f 1649/88/1649 1883/184/1883 1894/182/1894 
f 1891/90/1891 1649/88/1649 1894/182/1894 
f 1900/185/1900 1898/186/1898 1897/93/1897 
f 1650/91/1650 1890/187/1890 1900/185/1900 
f 1897/93/1897 1650/91/1650 1900/185/1900 
f 1908/188/1908 1694/189/1694 1652/97/1652 
f 1695/96/1695 1697/190/1697 1908/188/1908 
f 1652/97/1652 1695/96/1695 1908/188/1908 
f 1904/191/1904 1697/190/1697 1695/96/1695 
f 1651/94/1651 1696/192/1696 1904/191/1904 
f 1695/96/1695 1651/94/1651 1904/191/1904 
f 1711/193/1711 1717/194/1717 1708/108/1708 
f 1723/195/1723 1715/112/1715 1717/194/1717 
f 1778/196/1778 1770/135/1770 1772/197/1772 
f 1772/197/1772 1763/131/1763 1766/198/1766 
f 1821/199/1821 1827/200/1827 1818/154/1818 
f 1825/158/1825 1827/200/1827 1833/201/1833 
f 1653/202/1653 1693/203/1693 1692/204/1692 
f 1654/205/1654 1700/206/1700 1690/207/1690 
f 1690/207/1690 1693/203/1693 1653/202/1653 
f 1654/205/1654 1706/208/1706 1698/209/1698 
f 1655/210/1655 1704/211/1704 1707/212/1707 
f 1655/210/1655 1713/213/1713 1704/211/1704 
f 1707/212/1707 1706/208/1706 1655/210/1655 
f 1698/209/1698 1700/206/1700 1654/205/1654 
f 1656/214/1656 1717/194/1717 1711/193/1711 
f 1656/214/1656 1711/193/1711 1714/215/1714 
f 1657/216/1657 1724/217/1724 1723/195/1723 
f 1656/214/1656 1657/216/1657 1717/194/1717 
f 1658/218/1658 1730/219/1730 1721/220/1721 
f 1658/218/1658 1728/221/1728 1731/222/1731 
f 1659/223/1659 1737/224/1737 1728/221/1728 
f 1731/222/1731 1730/219/1730 1658/218/1658 
f 1721/220/1721 1724/217/1724 1657/216/1657 
f 1714/215/1714 1713/213/1713 1656/214/1656 
f 1659/223/1659 1735/225/1735 1738/226/1738 
f 1660/227/1660 1745/228/1745 1744/229/1744 
f 1744/229/1744 1735/225/1735 1660/227/1660 
f 1661/230/1661 1748/231/1748 1742/232/1742 
f 1661/230/1661 1754/233/1754 1746/234/1746 
f 1662/235/1662 1755/236/1755 1754/233/1754 
f 1746/234/1746 1748/231/1748 1661/230/1661 
f 1742/232/1742 1745/228/1745 1660/227/1660 
f 1662/235/1662 1761/237/1761 1752/238/1752 
f 1663/239/1663 1759/240/1759 1762/241/1762 
f 1762/241/1762 1761/237/1761 1663/239/1663 
f 1664/242/1664 1769/243/1769 1768/244/1768 
f 1772/197/1772 1664/242/1664 1665/245/1665 
f 1665/245/1665 1779/246/1779 1778/196/1778 
f 1766/198/1766 1769/243/1769 1664/242/1664 
f 1664/242/1664 1772/197/1772 1766/198/1766 
f 1768/244/1768 1759/240/1759 1663/239/1663 
f 1752/238/1752 1755/236/1755 1662/235/1662 
f 1738/226/1738 1737/224/1737 1659/223/1659 
f 1654/205/1654 1655/210/1655 1706/208/1706 
f 1657/216/1657 1723/195/1723 1717/194/1717 
f 1655/210/1655 1656/214/1656 1713/213/1713 
f 1776/247/1776 1666/248/1666 1785/249/1785 
f 1666/248/1666 1783/250/1783 1786/251/1786 
f 1786/251/1786 1785/249/1785 1666/248/1666 
f 1728/221/1728 1658/218/1658 1659/223/1659 
f 1721/220/1721 1657/216/1657 1658/218/1658 
f 1653/202/1653 1654/205/1654 1690/207/1690 
f 1659/223/1659 1660/227/1660 1735/225/1735 
f 1661/230/1661 1662/235/1662 1754/233/1754 
f 1660/227/1660 1661/230/1661 1742/232/1742 
f 1663/239/1663 1664/242/1664 1768/244/1768 
f 1779/246/1779 1665/245/1665 1776/247/1776 
f 1776/247/1776 1665/245/1665 1666/248/1666 
f 1665/245/1665 1778/196/1778 1772/197/1772 
f 1662/235/1662 1663/239/1663 1761/237/1761 
f 1667/252/1667 1783/250/1783 1666/248/1666 
f 1667/252/1667 1793/253/1793 1792/254/1792 
f 1668/255/1668 1799/256/1799 1790/257/1790 
f 1790/257/1790 1793/253/1793 1667/252/1667 
f 1668/255/1668 1797/258/1797 1800/259/1800 
f 1669/260/1669 1801/261/1801 1803/262/1803 
f 1669/260/1669 1809/263/1809 1801/261/1801 
f 1803/262/1803 1797/258/1797 1669/260/1669 
f 1800/259/1800 1799/256/1799 1668/255/1668 
f 1797/258/1797 1668/255/1668 1669/260/1669 
f 1667/252/1667 1668/255/1668 1790/257/1790 
f 1669/260/1669 1670/264/1670 1809/263/1809 
f 1810/265/1810 1809/263/1809 1670/264/1670 
f 1670/264/1670 1816/266/1816 1807/267/1807 
f 1671/268/1671 1814/269/1814 1817/270/1817 
f 1817/270/1817 1816/266/1816 1671/268/1671 
f 1816/266/1816 1670/264/1670 1671/268/1671 
f 1670/264/1670 1807/267/1807 1810/265/1810 
f 1667/252/1667 1792/254/1792 1783/250/1783 
f 1672/271/1672 1824/272/1824 1823/273/1823 
f 1827/200/1827 1672/271/1672 1673/274/1673 
f 1821/199/1821 1824/272/1824 1672/271/1672 
f 1672/271/1672 1827/200/1827 1821/199/1821 
f 1673/274/1673 1831/275/1831 1834/276/1834 
f 1674/277/1674 1840/278/1840 1831/275/1831 
f 1834/276/1834 1833/201/1833 1673/274/1673 
f 1674/277/1674 1838/279/1838 1841/280/1841 
f 1675/281/1675 1848/282/1848 1847/283/1847 
f 1847/283/1847 1838/279/1838 1675/281/1675 
f 1676/284/1676 1854/285/1854 1845/286/1845 
f 1676/284/1676 1852/287/1852 1855/288/1855 
f 1677/289/1677 1858/290/1858 1852/287/1852 
f 1855/288/1855 1854/285/1854 1676/284/1676 
f 1845/286/1845 1848/282/1848 1675/281/1675 
f 1841/280/1841 1840/278/1840 1674/277/1674 
f 1873/177/1873 1876/291/1876 1882/292/1882 
f 1882/292/1882 1888/293/1888 1880/181/1880 
f 1678/294/1678 1865/295/1865 1864/296/1864 
f 1864/296/1864 1856/297/1856 1677/289/1677 
f 1856/297/1856 1858/290/1858 1677/289/1677 
f 1862/298/1862 1678/294/1678 1871/299/1871 
f 1679/300/1679 1869/301/1869 1872/302/1872 
f 1872/302/1872 1871/299/1871 1679/300/1679 
f 1672/271/1672 1823/273/1823 1671/268/1671 
f 1869/301/1869 1679/300/1679 1878/303/1878 
f 1879/304/1879 1680/305/1680 1876/291/1876 
f 1681/306/1681 1882/292/1882 1680/305/1680 
f 1876/291/1876 1680/305/1680 1882/292/1882 
f 1680/305/1680 1879/304/1879 1878/303/1878 
f 1827/200/1827 1673/274/1673 1833/201/1833 
f 1673/274/1673 1674/277/1674 1831/275/1831 
f 1675/281/1675 1676/284/1676 1845/286/1845 
f 1674/277/1674 1675/281/1675 1838/279/1838 
f 1677/289/1677 1678/294/1678 1864/296/1864 
f 1871/299/1871 1678/294/1678 1679/300/1679 
f 1878/303/1878 1679/300/1679 1680/305/1680 
f 1865/295/1865 1678/294/1678 1862/298/1862 
f 1676/284/1676 1677/289/1677 1852/287/1852 
f 1888/293/1888 1882/292/1882 1681/306/1681 
f 1681/306/1681 1886/307/1886 1889/308/1889 
f 1682/309/1682 1896/310/1896 1895/311/1895 
f 1895/311/1895 1886/307/1886 1682/309/1682 
f 1683/312/1683 1901/313/1901 1893/314/1893 
f 1683/312/1683 1899/315/1899 1902/316/1902 
f 1684/317/1684 1905/318/1905 1899/315/1899 
f 1902/316/1902 1901/313/1901 1683/312/1683 
f 1893/314/1893 1896/310/1896 1682/309/1682 
f 1682/309/1682 1683/312/1683 1893/314/1893 
f 1905/318/1905 1684/317/1684 1906/319/1906 
f 1683/312/1683 1684/317/1684 1899/315/1899 
f 1903/320/1903 1906/319/1906 1684/317/1684 
f 1907/321/1907 1909/322/1909 1685/323/1685 
f 1903/320/1903 1685/323/1685 1909/322/1909 
f 1903/320/1903 1684/317/1684 1685/323/1685 
f 1681/306/1681 1682/309/1682 1886/307/1886 
f 1681/306/1681 1889/308/1889 1888/293/1888 
f 1671/268/1671 1823/273/1823 1814/269/1814 
f 1930/324/1930 1958/325/1958 1929/326/1929 
f 1958/325/1958 1928/327/1928 1929/326/1929 
f 1928/327/1928 1959/328/1959 1927/329/1927 
f 1927/329/1927 1956/330/1956 1926/331/1926 
f 1961/332/1961 1930/324/1930 1931/333/1931 
f 1932/334/1932 1960/335/1960 1961/332/1961 
f 1931/333/1931 1932/334/1932 1961/332/1961 
f 1933/336/1933 1960/335/1960 1932/334/1932 
f 1928/327/1928 1958/325/1958 1959/328/1959 
f 1960/335/1960 1933/336/1933 1934/337/1934 
f 1930/324/1930 1961/332/1961 1958/325/1958 
f 1959/328/1959 1956/330/1956 1927/329/1927 
f 1957/338/1957 1924/339/1924 1925/340/1925 
f 1926/331/1926 1956/330/1956 1925/340/1925 
f 1954/341/1954 1923/342/1923 1924/339/1924 
f 1922/343/1922 1923/342/1923 1954/341/1954 
f 1955/344/1955 1921/345/1921 1922/343/1922 
f 1957/338/1957 1925/340/1925 1956/330/1956 
f 1924/339/1924 1957/338/1957 1954/341/1954 
f 1920/346/1920 1955/344/1955 1952/347/1952 
f 1922/343/1922 1954/341/1954 1955/344/1955 
f 1919/348/1919 1920/346/1920 1952/347/1952 
f 1952/347/1952 1918/349/1918 1919/348/1919 
f 1921/345/1921 1955/344/1955 1920/346/1920 
f 1960/335/1960 1935/350/1935 1936/351/1936 
f 1962/352/1962 1960/335/1960 1936/351/1936 
f 1938/353/1938 1950/354/1950 1962/352/1962 
f 1940/355/1940 1951/356/1951 1950/354/1950 
f 1962/352/1962 1936/351/1936 1937/357/1937 
f 1950/354/1950 1938/353/1938 1939/358/1939 
f 1950/354/1950 1939/358/1939 1940/355/1940 
f 1946/359/1946 1951/356/1951 1941/360/1941 
f 1941/360/1941 1951/356/1951 1940/355/1940 
f 1910/361/1910 1946/359/1946 1941/360/1941 
f 1937/357/1937 1938/353/1938 1962/352/1962 
f 1912/362/1912 1944/363/1944 1947/364/1947 
f 1917/365/1917 1952/347/1952 1916/366/1916 
f 1953/367/1953 1916/366/1916 1952/347/1952 
f 1915/368/1915 1916/366/1916 1953/367/1953 
f 1953/367/1953 1944/363/1944 1914/369/1914 
f 1918/349/1918 1952/347/1952 1917/365/1917 
f 1912/362/1912 1947/364/1947 1911/370/1911 
f 1944/363/1944 1912/362/1912 1913/371/1913 
f 1915/368/1915 1953/367/1953 1914/369/1914 
f 1914/369/1914 1944/363/1944 1913/371/1913 
f 1911/370/1911 1947/364/1947 1946/359/1946 
f 1911/370/1911 1946/359/1946 1910/361/1910 
f 1934/337/1934 1935/350/1935 1960/335/1960 
f 37/623/37 4/590/4 3/591/3 
f 37/623/37 3/591/3 36/624/36 
f 38/625/38 5/592/5 4/590/4 
f 38/625/38 4/590/4 37/623/37 
f 39/626/39 6/593/6 5/592/5 
f 39/626/39 5/592/5 38/625/38 
f 40/627/40 7/594/7 6/593/6 
f 40/627/40 6/593/6 39/626/39 
f 41/628/41 8/595/8 7/594/7 
f 41/628/41 7/594/7 40/627/40 
f 42/629/42 9/596/9 8/595/8 
f 42/629/42 8/595/8 41/628/41 
f 43/630/43 10/597/10 9/596/9 
f 43/630/43 9/596/9 42/629/42 
f 44/631/44 11/598/11 10/597/10 
f 44/631/44 10/597/10 43/630/43 
f 45/632/45 12/599/12 11/598/11 
f 45/632/45 11/598/11 44/631/44 
f 46/633/46 13/600/13 12/599/12 
f 46/633/46 12/599/12 45/632/45 
f 47/634/47 14/601/14 13/600/13 
f 47/634/47 13/600/13 46/633/46 
f 48/635/48 15/602/15 14/601/14 
f 48/635/48 14/601/14 47/634/47 
f 49/636/49 16/603/16 15/602/15 
f 49/636/49 15/602/15 48/635/48 
f 50/637/50 17/604/17 16/603/16 
f 50/637/50 16/603/16 49/636/49 
f 51/638/51 18/605/18 17/604/17 
f 51/638/51 17/604/17 50/637/50 
f 52/639/52 19/606/19 18/605/18 
f 52/639/52 18/605/18 51/638/51 
f 53/640/53 20/607/20 19/606/19 
f 53/640/53 19/606/19 52/639/52 
f 54/641/54 21/608/21 20/607/20 
f 54/641/54 20/607/20 53/640/53 
f 55/642/55 22/609/22 21/608/21 
f 55/642/55 21/608/21 54/641/54 
f 56/643/56 23/610/23 22/609/22 
f 56/643/56 22/609/22 55/642/55 
f 57/644/57 24/611/24 23/610/23 
f 57/644/57 23/610/23 56/643/56 
f 58/645/58 25/612/25 24/611/24 
f 58/645/58 24/611/24 57/644/57 
f 59/646/59 26/613/26 25/612/25 
f 59/646/59 25/612/25 58/645/58 
f 60/647/60 27/614/27 26/613/26 
f 60/647/60 26/613/26 59/646/59 
f 61/648/61 28/615/28 27/614/27 
f 61/648/61 27/614/27 60/647/60 
f 62/649/62 29/616/29 28/615/28 
f 62/649/62 28/615/28 61/648/61 
f 63/650/63 30/617/30 29/616/29 
f 63/650/63 29/616/29 62/649/62 
f 64/651/64 31/618/31 30/617/30 
f 64/651/64 30/617/30 63/650/63 
f 65/652/65 32/619/32 31/618/31 
f 65/652/65 31/618/31 64/651/64 
f 66/653/66 33/620/33 32/619/32 
f 66/653/66 32/619/32 65/652/65 
f 67/654/67 34/621/34 33/620/33 
f 67/654/67 33/620/33 66/653/66 
f 68/655/68 35/622/35 34/621/34 
f 68/655/68 34/621/34 67/654/67 
f 70/656/70 37/623/37 36/624/36 
f 70/656/70 36/624/36 69/657/69 
f 71/658/71 38/625/38 37/623/37 
f 71/658/71 37/623/37 70/656/70 
f 72/659/72 39/626/39 38/625/38 
f 72/659/72 38/625/38 71/658/71 
f 73/660/73 40/627/40 39/626/39 
f 73/660/73 39/626/39 72/659/72 
f 74/661/74 41/628/41 40/627/40 
f 74/661/74 40/627/40 73/660/73 
f 75/662/75 42/629/42 41/628/41 
f 75/662/75 41/628/41 74/661/74 
f 76/663/76 43/630/43 42/629/42 
f 76/663/76 42/629/42 75/662/75 
f 77/664/77 44/631/44 43/630/43 
f 77/664/77 43/630/43 76/663/76 
f 78/665/78 45/632/45 44/631/44 
f 78/665/78 44/631/44 77/664/77 
f 79/666/79 46/633/46 45/632/45 
f 79/666/79 45/632/45 78/665/78 
f 80/667/80 47/634/47 46/633/46 
f 80/667/80 46/633/46 79/666/79 
f 81/668/81 48/635/48 47/634/47 
f 81/668/81 47/634/47 80/667/80 
f 82/669/82 49/636/49 48/635/48 
f 82/669/82 48/635/48 81/668/81 
f 83/670/83 50/637/50 49/636/49 
f 83/670/83 49/636/49 82/669/82 
f 84/671/84 51/638/51 50/637/50 
f 84/671/84 50/637/50 83/670/83 
f 85/672/85 52/639/52 51/638/51 
f 85/672/85 51/638/51 84/671/84 
f 86/673/86 53/640/53 52/639/52 
f 86/673/86 52/639/52 85/672/85 
f 87/674/87 54/641/54 53/640/53 
f 87/674/87 53/640/53 86/673/86 
f 88/675/88 55/642/55 54/641/54 
f 88/675/88 54/641/54 87/674/87 
f 89/676/89 56/643/56 55/642/55 
f 89/676/89 55/642/55 88/675/88 
f 90/677/90 57/644/57 56/643/56 
f 90/677/90 56/643/56 89/676/89 
f 91/678/91 58/645/58 57/644/57 
f 91/678/91 57/644/57 90/677/90 
f 92/679/92 59/646/59 58/645/58 
f 92/679/92 58/645/58 91/678/91 
f 93/680/93 60/647/60 59/646/59 
f 93/680/93 59/646/59 92/679/92 
f 94/681/94 61/648/61 60/647/60 
f 94/681/94 60/647/60 93/680/93 
f 95/682/95 62/649/62 61/648/61 
f 95/682/95 61/648/61 94/681/94 
f 96/683/96 63/650/63 62/649/62 
f 96/683/96 62/649/62 95/682/95 
f 97/684/97 64/651/64 63/650/63 
f 97/684/97 63/650/63 96/683/96 
f 98/685/98 65/652/65 64/651/64 
f 98/685/98 64/651/64 97/684/97 
f 99/686/99 66/653/66 65/652/65 
f 99/686/99 65/652/65 98/685/98 
f 100/687/100 67/654/67 66/653/66 
f 100/687/100 66/653/66 99/686/99 
f 101/688/101 68/655/68 67/654/67 
f 101/688/101 67/654/67 100/687/100 
f 103/689/103 70/656/70 69/657/69 
f 103/689/103 69/657/69 102/690/102 
f 104/691/104 71/658/71 70/656/70 
f 104/691/104 70/656/70 103/689/103 
f 105/692/105 72/659/72 71/658/71 
f 105/692/105 71/658/71 104/691/104 
f 106/693/106 73/660/73 72/659/72 
f 106/693/106 72/659/72 105/692/105 
f 107/694/107 74/661/74 73/660/73 
f 107/694/107 73/660/73 106/693/106 
f 108/695/108 75/662/75 74/661/74 
f 108/695/108 74/661/74 107/694/107 
f 109/696/109 76/663/76 75/662/75 
f 109/696/109 75/662/75 108/695/108 
f 110/697/110 77/664/77 76/663/76 
f 110/697/110 76/663/76 109/696/109 
f 111/698/111 78/665/78 77/664/77 
f 111/698/111 77/664/77 110/697/110 
f 112/699/112 79/666/79 78/665/78 
f 112/699/112 78/665/78 111/698/111 
f 113/700/113 80/667/80 79/666/79 
f 113/700/113 79/666/79 112/699/112 
f 114/701/114 81/668/81 80/667/80 
f 114/701/114 80/667/80 113/700/113 
f 115/702/115 82/669/82 81/668/81 
f 115/702/115 81/668/81 114/701/114 
f 116/703/116 83/670/83 82/669/82 
f 116/703/116 82/669/82 115/702/115 
f 117/704/117 84/671/84 83/670/83 
f 117/704/117 83/670/83 116/703/116 
f 118/705/118 85/672/85 84/671/84 
f 118/705/118 84/671/84 117/704/117 
f 119/706/119 86/673/86 85/672/85 
f 119/706/119 85/672/85 118/705/118 
f 120/707/120 87/674/87 86/673/86 
f 120/707/120 86/673/86 119/706/119 
f 121/708/121 88/675/88 87/674/87 
f 121/708/121 87/674/87 120/707/120 
f 122/709/122 89/676/89 88/675/88 
f 122/709/122 88/675/88 121/708/121 
f 123/710/123 90/677/90 89/676/89 
f 123/710/123 89/676/89 122/709/122 
f 124/711/124 91/678/91 90/677/90 
f 124/711/124 90/677/90 123/710/123 
f 125/712/125 92/679/92 91/678/91 
f 125/712/125 91/678/91 124/711/124 
f 126/713/126 93/680/93 92/679/92 
f 126/713/126 92/679/92 125/712/125 
f 127/714/127 94/681/94 93/680/93 
f 127/714/127 93/680/93 126/713/126 
f 128/715/128 95/682/95 94/681/94 
f 128/715/128 94/681/94 127/714/127 
f 129/716/129 96/683/96 95/682/95 
f 129/716/129 95/682/95 128/715/128 
f 130/717/130 97/684/97 96/683/96 
f 130/717/130 96/683/96 129/716/129 
f 131/718/131 98/685/98 97/684/97 
f 131/718/131 97/684/97 130/717/130 
f 132/719/132 99/686/99 98/685/98 
f 132/719/132 98/685/98 131/718/131 
f 133/720/133 100/687/100 99/686/99 
f 133/720/133 99/686/99 132/719/132 
f 134/721/134 101/688/101 100/687/100 
f 134/721/134 100/687/100 133/720/133 
f 136/722/136 103/689/103 102/690/102 
f 136/722/136 102/690/102 135/723/135 
f 137/724/137 104/691/104 103/689/103 
f 137/724/137 103/689/103 136/722/136 
f 138/725/138 105/692/105 104/691/104 
f 138/725/138 104/691/104 137/724/137 
f 139/726/139 106/693/106 105/692/105 
f 139/726/139 105/692/105 138/725/138 
f 140/727/140 107/694/107 106/693/106 
f 140/727/140 106/693/106 139/726/139 
f 141/728/141 108/695/108 107/694/107 
f 141/728/141 107/694/107 140/727/140 
f 142/729/142 109/696/109 108/695/108 
f 142/729/142 108/695/108 141/728/141 
f 143/730/143 110/697/110 109/696/109 
f 143/730/143 109/696/109 142/729/142 
f 144/731/144 111/698/111 110/697/110 
f 144/731/144 110/697/110 143/730/143 
f 145/732/145 112/699/112 111/698/111 
f 145/732/145 111/698/111 144/731/144 
f 146/733/146 113/700/113 112/699/112 
f 146/733/146 112/699/112 145/732/145 
f 147/734/147 114/701/114 113/700/113 
f 147/734/147 113/700/113 146/733/146 
f 148/735/148 115/702/115 114/701/114 
f 148/735/148 114/701/114 147/734/147 
f 149/736/149 116/703/116 115/702/115 
f 149/736/149 115/702/115 148/735/148 
f 150/737/150 117/704/117 116/703/116 
f 150/737/150 116/703/116 149/736/149 
f 151/738/151 118/705/118 117/704/117 
f 151/738/151 117/704/117 150/737/150 
f 152/739/152 119/706/119 118/705/118 
f 152/739/152 118/705/118 151/738/151 
f 153/740/153 120/707/120 119/706/119 
f 153/740/153 119/706/119 152/739/152 
f 154/741/154 121/708/121 120/707/120 
f 154/741/154 120/707/120 153/740/153 
f 155/742/155 122/709/122 121/708/121 
f 155/742/155 121/708/121 154/741/154 
f 156/743/156 123/710/123 122/709/122 
f 156/743/156 122/709/122 155/742/155 
f 157/744/157 124/711/124 123/710/123 
f 157/744/157 123/710/123 156/743/156 
f 158/745/158 125/712/125 124/711/124 
f 158/745/158 124/711/124 157/744/157 
f 159/746/159 126/713/126 125/712/125 
f 159/746/159 125/712/125 158/745/158 
f 160/747/160 127/714/127 126/713/126 
f 160/747/160 126/713/126 159/746/159 
f 161/748/161 128/715/128 127/714/127 
f 161/748/161 127/714/127 160/747/160 
f 162/749/162 129/716/129 128/715/128 
f 162/749/162 128/715/128 161/748/161 
f 163/750/163 130/717/130 129/716/129 
f 163/750/163 129/716/129 162/749/162 
f 164/751/164 131/718/131 130/717/130 
f 164/751/164 130/717/130 163/750/163 
f 165/752/165 132/719/132 131/718/131 
f 165/752/165 131/718/131 164/751/164 
f 166/753/166 133/720/133 132/719/132 
f 166/753/166 132/719/132 165/752/165 
f 167/754/167 134/721/134 133/720/133 
f 167/754/167 133/720/133 166/753/166 
f 169/755/169 136/722/136 135/723/135 
f 169/755/169 135/723/135 168/756/168 
f 170/757/170 137/724/137 136/722/136 
f 170/757/170 136/722/136 169/755/169 
f 171/758/171 138/725/138 137/724/137 
f 171/758/171 137/724/137 170/757/170 
f 172/759/172 139/726/139 138/725/138 
f 172/759/172 138/725/138 171/758/171 
f 173/760/173 140/727/140 139/726/139 
f 173/760/173 139/726/139 172/759/172 
f 174/761/174 141/728/141 140/727/140 
f 174/761/174 140/727/140 173/760/173 
f 175/762/175 142/729/142 141/728/141 
f 175/762/175 141/728/141 174/761/174 
f 176/763/176 143/730/143 142/729/142 
f 176/763/176 142/729/142 175/762/175 
f 177/764/177 144/731/144 143/730/143 
f 177/764/177 143/730/143 176/763/176 
f 178/765/178 145/732/145 144/731/144 
f 178/765/178 144/731/144 177/764/177 
f 179/766/179 146/733/146 145/732/145 
f 179/766/179 145/732/145 178/765/178 
f 180/767/180 147/734/147 146/733/146 
f 180/767/180 146/733/146 179/766/179 
f 181/768/181 148/735/148 147/734/147 
f 181/768/181 147/734/147 180/767/180 
f 182/769/182 149/736/149 148/735/148 
f 182/769/182 148/735/148 181/768/181 
f 183/770/183 150/737/150 149/736/149 
f 183/770/183 149/736/149 182/769/182 
f 184/771/184 151/738/151 150/737/150 
f 184/771/184 150/737/150 183/770/183 
f 185/772/185 152/739/152 151/738/151 
f 185/772/185 151/738/151 184/771/184 
f 186/773/186 153/740/153 152/739/152 
f 186/773/186 152/739/152 185/772/185 
f 187/774/187 154/741/154 153/740/153 
f 187/774/187 153/740/153 186/773/186 
f 188/775/188 155/742/155 154/741/154 
f 188/775/188 154/741/154 187/774/187 
f 189/776/189 156/743/156 155/742/155 
f 189/776/189 155/742/155 188/775/188 
f 190/777/190 157/744/157 156/743/156 
f 190/777/190 156/743/156 189/776/189 
f 191/778/191 158/745/158 157/744/157 
f 191/778/191 157/744/157 190/777/190 
f 192/779/192 159/746/159 158/745/158 
f 192/779/192 158/745/158 191/778/191 
f 193/780/193 160/747/160 159/746/159 
f 193/780/193 159/746/159 192/779/192 
f 194/781/194 161/748/161 160/747/160 
f 194/781/194 160/747/160 193/780/193 
f 195/782/195 162/749/162 161/748/161 
f 195/782/195 161/748/161 194/781/194 
f 196/783/196 163/750/163 162/749/162 
f 196/783/196 162/749/162 195/782/195 
f 197/784/197 164/751/164 163/750/163 
f 197/784/197 163/750/163 196/783/196 
f 198/785/198 165/752/165 164/751/164 
f 198/785/198 164/751/164 197/784/197 
f 199/786/199 166/753/166 165/752/165 
f 199/786/199 165/752/165 198/785/198 
f 200/787/200 167/754/167 166/753/166 
f 200/787/200 166/753/166 199/786/199 
f 202/788/202 169/755/169 168/756/168 
f 202/788/202 168/756/168 201/789/201 
f 203/790/203 170/757/170 169/755/169 
f 203/790/203 169/755/169 202/788/202 
f 204/791/204 171/758/171 170/757/170 
f 204/791/204 170/757/170 203/790/203 
f 205/792/205 172/759/172 171/758/171 
f 205/792/205 171/758/171 204/791/204 
f 206/793/206 173/760/173 172/759/172 
f 206/793/206 172/759/172 205/792/205 
f 207/794/207 174/761/174 173/760/173 
f 207/794/207 173/760/173 206/793/206 
f 208/795/208 175/762/175 174/761/174 
f 208/795/208 174/761/174 207/794/207 
f 209/796/209 176/763/176 175/762/175 
f 209/796/209 175/762/175 208/795/208 
f 210/797/210 177/764/177 176/763/176 
f 210/797/210 176/763/176 209/796/209 
f 211/798/211 178/765/178 177/764/177 
f 211/798/211 177/764/177 210/797/210 
f 212/799/212 179/766/179 178/765/178 
f 212/799/212 178/765/178 211/798/211 
f 213/800/213 180/767/180 179/766/179 
f 213/800/213 179/766/179 212/799/212 
f 214/801/214 181/768/181 180/767/180 
f 214/801/214 180/767/180 213/800/213 
f 215/802/215 182/769/182 181/768/181 
f 215/802/215 181/768/181 214/801/214 
f 216/803/216 183/770/183 182/769/182 
f 216/803/216 182/769/182 215/802/215 
f 217/804/217 184/771/184 183/770/183 
f 217/804/217 183/770/183 216/803/216 
f 218/805/218 185/772/185 184/771/184 
f 218/805/218 184/771/184 217/804/217 
f 219/806/219 186/773/186 185/772/185 
f 219/806/219 185/772/185 218/805/218 
f 220/807/220 187/774/187 186/773/186 
f 220/807/220 186/773/186 219/806/219 
f 221/808/221 188/775/188 187/774/187 
f 221/808/221 187/774/187 220/807/220 
f 222/809/222 189/776/189 188/775/188 
f 222/809/222 188/775/188 221/808/221 
f 223/810/223 190/777/190 189/776/189 
f 223/810/223 189/776/189 222/809/222 
f 224/811/224 191/778/191 190/777/190 
f 224/811/224 190/777/190 223/810/223 
f 225/812/225 192/779/192 191/778/191 
f 225/812/225 191/778/191 224/811/224 
f 226/813/226 193/780/193 192/779/192 
f 226/813/226 192/779/192 225/812/225 
f 227/814/227 194/781/194 193/780/193 
f 227/814/227 193/780/193 226/813/226 
f 228/815/228 195/782/195 194/781/194 
f 228/815/228 194/781/194 227/814/227 
f 229/816/229 196/783/196 195/782/195 
f 229/816/229 195/782/195 228/815/228 
f 230/817/230 197/784/197 196/783/196 
f 230/817/230 196/783/196 229/816/229 
f 231/818/231 198/785/198 197/784/197 
f 231/818/231 197/784/197 230/817/230 
f 232/819/232 199/786/199 198/785/198 
f 232/819/232 198/785/198 231/818/231 
f 233/820/233 200/787/200 199/786/199 
f 233/820/233 199/786/199 232/819/232 
f 235/821/235 202/788/202 201/789/201 
f 235/821/235 201/789/201 234/822/234 
f 236/823/236 203/790/203 202/788/202 
f 236/823/236 202/788/202 235/821/235 
f 237/824/237 204/791/204 203/790/203 
f 237/824/237 203/790/203 236/823/236 
f 238/825/238 205/792/205 204/791/204 
f 238/825/238 204/791/204 237/824/237 
f 239/826/239 206/793/206 205/792/205 
f 239/826/239 205/792/205 238/825/238 
f 240/827/240 207/794/207 206/793/206 
f 240/827/240 206/793/206 239/826/239 
f 241/828/241 208/795/208 207/794/207 
f 241/828/241 207/794/207 240/827/240 
f 242/829/242 209/796/209 208/795/208 
f 242/829/242 208/795/208 241/828/241 
f 243/830/243 210/797/210 209/796/209 
f 243/830/243 209/796/209 242/829/242 
f 244/831/244 211/798/211 210/797/210 
f 244/831/244 210/797/210 243/830/243 
f 245/832/245 212/799/212 211/798/211 
f 245/832/245 211/798/211 244/831/244 
f 246/833/246 213/800/213 212/799/212 
f 246/833/246 212/799/212 245/832/245 
f 247/834/247 214/801/214 213/800/213 
f 247/834/247 213/800/213 246/833/246 
f 248/835/248 215/802/215 214/801/214 
f 248/835/248 214/801/214 247/834/247 
f 249/836/249 216/803/216 215/802/215 
f 249/836/249 215/802/215 248/835/248 
f 250/837/250 217/804/217 216/803/216 
f 250/837/250 216/803/216 249/836/249 
f 251/838/251 218/805/218 217/804/217 
f 251/838/251 217/804/217 250/837/250 
f 252/839/252 219/806/219 218/805/218 
f 252/839/252 218/805/218 251/838/251 
f 253/840/253 220/807/220 219/806/219 
f 253/840/253 219/806/219 252/839/252 
f 254/841/254 221/808/221 220/807/220 
f 254/841/254 220/807/220 253/840/253 
f 255/842/255 222/809/222 221/808/221 
f 255/842/255 221/808/221 254/841/254 
f 256/843/256 223/810/223 222/809/222 
f 256/843/256 222/809/222 255/842/255 
f 257/844/257 224/811/224 223/810/223 
f 257/844/257 223/810/223 256/843/256 
f 258/845/258 225/812/225 224/811/224 
f 258/845/258 224/811/224 257/844/257 
f 259/846/259 226/813/226 225/812/225 
f 259/846/259 225/812/225 258/845/258 
f 260/847/260 227/814/227 226/813/226 
f 260/847/260 226/813/226 259/846/259 
f 261/848/261 228/815/228 227/814/227 
f 261/848/261 227/814/227 260/847/260 
f 262/849/262 229/816/229 228/815/228 
f 262/849/262 228/815/228 261/848/261 
f 263/850/263 230/817/230 229/816/229 
f 263/850/263 229/816/229 262/849/262 
f 264/851/264 231/818/231 230/817/230 
f 264/851/264 230/817/230 263/850/263 
f 265/852/265 232/819/232 231/818/231 
f 265/852/265 231/818/231 264/851/264 
f 266/853/266 233/820/233 232/819/232 
f 266/853/266 232/819/232 265/852/265 
f 268/854/268 235/821/235 234/822/234 
f 268/854/268 234/822/234 267/855/267 
f 269/856/269 236/823/236 235/821/235 
f 269/856/269 235/821/235 268/854/268 
f 270/857/270 237/824/237 236/823/236 
f 270/857/270 236/823/236 269/856/269 
f 271/858/271 238/825/238 237/824/237 
f 271/858/271 237/824/237 270/857/270 
f 272/859/272 239/826/239 238/825/238 
f 272/859/272 238/825/238 271/858/271 
f 273/860/273 240/827/240 239/826/239 
f 273/860/273 239/826/239 272/859/272 
f 274/861/274 241/828/241 240/827/240 
f 274/861/274 240/827/240 273/860/273 
f 275/862/275 242/829/242 241/828/241 
f 275/862/275 241/828/241 274/861/274 
f 276/863/276 243/830/243 242/829/242 
f 276/863/276 242/829/242 275/862/275 
f 277/864/277 244/831/244 243/830/243 
f 277/864/277 243/830/243 276/863/276 
f 278/865/278 245/832/245 244/831/244 
f 278/865/278 244/831/244 277/864/277 
f 279/866/279 246/833/246 245/832/245 
f 279/866/279 245/832/245 278/865/278 
f 280/867/280 247/834/247 246/833/246 
f 280/867/280 246/833/246 279/866/279 
f 281/868/281 248/835/248 247/834/247 
f 281/868/281 247/834/247 280/867/280 
f 282/869/282 249/836/249 248/835/248 
f 282/869/282 248/835/248 281/868/281 
f 283/870/283 250/837/250 249/836/249 
f 283/870/283 249/836/249 282/869/282 
f 284/871/284 251/838/251 250/837/250 
f 284/871/284 250/837/250 283/870/283 
f 285/872/285 252/839/252 251/838/251 
f 285/872/285 251/838/251 284/871/284 
f 286/873/286 253/840/253 252/839/252 
f 286/873/286 252/839/252 285/872/285 
f 287/874/287 254/841/254 253/840/253 
f 287/874/287 253/840/253 286/873/286 
f 288/875/288 255/842/255 254/841/254 
f 288/875/288 254/841/254 287/874/287 
f 289/876/289 256/843/256 255/842/255 
f 289/876/289 255/842/255 288/875/288 
f 290/877/290 257/844/257 256/843/256 
f 290/877/290 256/843/256 289/876/289 
f 291/878/291 258/845/258 257/844/257 
f 291/878/291 257/844/257 290/877/290 
f 292/879/292 259/846/259 258/845/258 
f 292/879/292 258/845/258 291/878/291 
f 293/880/293 260/847/260 259/846/259 
f 293/880/293 259/846/259 292/879/292 
f 294/881/294 261/848/261 260/847/260 
f 294/881/294 260/847/260 293/880/293 
f 295/882/295 262/849/262 261/848/261 
f 295/882/295 261/848/261 294/881/294 
f 296/883/296 263/850/263 262/849/262 
f 296/883/296 262/849/262 295/882/295 
f 297/884/297 264/851/264 263/850/263 
f 297/884/297 263/850/263 296/883/296 
f 298/885/298 265/852/265 264/851/264 
f 298/885/298 264/851/264 297/884/297 
f 299/886/299 266/853/266 265/852/265 
f 299/886/299 265/852/265 298/885/298 
f 301/887/301 268/854/268 267/855/267 
f 301/887/301 267/855/267 300/888/300 
f 302/889/302 269/856/269 268/854/268 
f 302/889/302 268/854/268 301/887/301 
f 303/890/303 270/857/270 269/856/269 
f 303/890/303 269/856/269 302/889/302 
f 304/891/304 271/858/271 270/857/270 
f 304/891/304 270/857/270 303/890/303 
f 305/892/305 272/859/272 271/858/271 
f 305/892/305 271/858/271 304/891/304 
f 306/893/306 273/860/273 272/859/272 
f 306/893/306 272/859/272 305/892/305 
f 307/894/307 274/861/274 273/860/273 
f 307/894/307 273/860/273 306/893/306 
f 308/895/308 275/862/275 274/861/274 
f 308/895/308 274/861/274 307/894/307 
f 309/896/309 276/863/276 275/862/275 
f 309/896/309 275/862/275 308/895/308 
f 310/897/310 277/864/277 276/863/276 
f 310/897/310 276/863/276 309/896/309 
f 311/898/311 278/865/278 277/864/277 
f 311/898/311 277/864/277 310/897/310 
f 312/899/312 279/866/279 278/865/278 
f 312/899/312 278/865/278 311/898/311 
f 313/900/313 280/867/280 279/866/279 
f 313/900/313 279/866/279 312/899/312 
f 314/901/314 281/868/281 280/867/280 
f 314/901/314 280/867/280 313/900/313 
f 315/902/315 282/869/282 281/868/281 
f 315/902/315 281/868/281 314/901/314 
f 316/903/316 283/870/283 282/869/282 
f 316/903/316 282/869/282 315/902/315 
f 317/904/317 284/871/284 283/870/283 
f 317/904/317 283/870/283 316/903/316 
f 318/905/318 285/872/285 284/871/284 
f 318/905/318 284/871/284 317/904/317 
f 319/906/319 286/873/286 285/872/285 
f 319/906/319 285/872/285 318/905/318 
f 320/907/320 287/874/287 286/873/286 
f 320/907/320 286/873/286 319/906/319 
f 321/908/321 288/875/288 287/874/287 
f 321/908/321 287/874/287 320/907/320 
f 322/909/322 289/876/289 288/875/288 
f 322/909/322 288/875/288 321/908/321 
f 323/910/323 290/877/290 289/876/289 
f 323/910/323 289/876/289 322/909/322 
f 324/911/324 291/878/291 290/877/290 
f 324/911/324 290/877/290 323/910/323 
f 325/912/325 292/879/292 291/878/291 
f 325/912/325 291/878/291 324/911/324 
f 326/913/326 293/880/293 292/879/292 
f 326/913/326 292/879/292 325/912/325 
f 327/914/327 294/881/294 293/880/293 
f 327/914/327 293/880/293 326/913/326 
f 328/915/328 295/882/295 294/881/294 
f 328/915/328 294/881/294 327/914/327 
f 329/916/329 296/883/296 295/882/295 
f 329/916/329 295/882/295 328/915/328 
f 330/917/330 297/884/297 296/883/296 
f 330/917/330 296/883/296 329/916/329 
f 331/918/331 298/885/298 297/884/297 
f 331/918/331 297/884/297 330/917/330 
f 332/919/332 299/886/299 298/885/298 
f 332/919/332 298/885/298 331/918/331 
f 334/920/334 301/887/301 300/888/300 
f 334/920/334 300/888/300 333/921/333 
f 335/922/335 302/889/302 301/887/301 
f 335/922/335 301/887/301 334/920/334 
f 336/923/336 303/890/303 302/889/302 
f 336/923/336 302/889/302 335/922/335 
f 337/924/337 304/891/304 303/890/303 
f 337/924/337 303/890/303 336/923/336 
f 338/925/338 305/892/305 304/891/304 
f 338/925/338 304/891/304 337/924/337 
f 339/926/339 306/893/306 305/892/305 
f 339/926/339 305/892/305 338/925/338 
f 340/927/340 307/894/307 306/893/306 
f 340/927/340 306/893/306 339/926/339 
f 341/928/341 308/895/308 307/894/307 
f 341/928/341 307/894/307 340/927/340 
f 342/929/342 309/896/309 308/895/308 
f 342/929/342 308/895/308 341/928/341 
f 343/930/343 310/897/310 309/896/309 
f 343/930/343 309/896/309 342/929/342 
f 344/931/344 311/898/311 310/897/310 
f 344/931/344 310/897/310 343/930/343 
f 345/932/345 312/899/312 311/898/311 
f 345/932/345 311/898/311 344/931/344 
f 346/933/346 313/900/313 312/899/312 
f 346/933/346 312/899/312 345/932/345 
f 347/934/347 314/901/314 313/900/313 
f 347/934/347 313/900/313 346/933/346 
f 348/935/348 315/902/315 314/901/314 
f 348/935/348 314/901/314 347/934/347 
f 349/936/349 316/903/316 315/902/315 
f 349/936/349 315/902/315 348/935/348 
f 350/937/350 317/904/317 316/903/316 
f 350/937/350 316/903/316 349/936/349 
f 351/938/351 318/905/318 317/904/317 
f 351/938/351 317/904/317 350/937/350 
f 352/939/352 319/906/319 318/905/318 
f 352/939/352 318/905/318 351/938/351 
f 353/940/353 320/907/320 319/906/319 
f 353/940/353 319/906/319 352/939/352 
f 354/941/354 321/908/321 320/907/320 
f 354/941/354 320/907/320 353/940/353 
f 355/942/355 322/909/322 321/908/321 
f 355/942/355 321/908/321 354/941/354 
f 356/943/356 323/910/323 322/909/322 
f 356/943/356 322/909/322 355/942/355 
f 357/944/357 324/911/324 323/910/323 
f 357/944/357 323/910/323 356/943/356 
f 358/945/358 325/912/325 324/911/324 
f 358/945/358 324/911/324 357/944/357 
f 359/946/359 326/913/326 325/912/325 
f 359/946/359 325/912/325 358/945/358 
f 360/947/360 327/914/327 326/913/326 
f 360/947/360 326/913/326 359/946/359 
f 361/948/361 328/915/328 327/914/327 
f 361/948/361 327/914/327 360/947/360 
f 362/949/362 329/916/329 328/915/328 
f 362/949/362 328/915/328 361/948/361 
f 363/950/363 330/917/330 329/916/329 
f 363/950/363 329/916/329 362/949/362 
f 364/951/364 331/918/331 330/917/330 
f 364/951/364 330/917/330 363/950/363 
f 365/952/365 332/919/332 331/918/331 
f 365/952/365 331/918/331 364/951/364 
f 367/953/367 334/920/334 333/921/333 
f 367/953/367 333/921/333 366/954/366 
f 368/955/368 335/922/335 334/920/334 
f 368/955/368 334/920/334 367/953/367 
f 369/956/369 336/923/336 335/922/335 
f 369/956/369 335/922/335 368/955/368 
f 370/957/370 337/924/337 336/923/336 
f 370/957/370 336/923/336 369/956/369 
f 371/958/371 338/925/338 337/924/337 
f 371/958/371 337/924/337 370/957/370 
f 372/959/372 339/926/339 338/925/338 
f 372/959/372 338/925/338 371/958/371 
f 373/960/373 340/927/340 339/926/339 
f 373/960/373 339/926/339 372/959/372 
f 374/961/374 341/928/341 340/927/340 
f 374/961/374 340/927/340 373/960/373 
f 375/962/375 342/929/342 341/928/341 
f 375/962/375 341/928/341 374/961/374 
f 376/963/376 343/930/343 342/929/342 
f 376/963/376 342/929/342 375/962/375 
f 377/964/377 344/931/344 343/930/343 
f 377/964/377 343/930/343 376/963/376 
f 378/965/378 345/932/345 344/931/344 
f 378/965/378 344/931/344 377/964/377 
f 379/966/379 346/933/346 345/932/345 
f 379/966/379 345/932/345 378/965/378 
f 380/967/380 347/934/347 346/933/346 
f 380/967/380 346/933/346 379/966/379 
f 381/968/381 348/935/348 347/934/347 
f 381/968/381 347/934/347 380/967/380 
f 382/969/382 349/936/349 348/935/348 
f 382/969/382 348/935/348 381/968/381 
f 383/970/383 350/937/350 349/936/349 
f 383/970/383 349/936/349 382/969/382 
f 384/971/384 351/938/351 350/937/350 
f 384/971/384 350/937/350 383/970/383 
f 385/972/385 352/939/352 351/938/351 
f 385/972/385 351/938/351 384/971/384 
f 386/973/386 353/940/353 352/939/352 
f 386/973/386 352/939/352 385/972/385 
f 387/974/387 354/941/354 353/940/353 
f 387/974/387 353/940/353 386/973/386 
f 388/975/388 355/942/355 354/941/354 
f 388/975/388 354/941/354 387/974/387 
f 389/976/389 356/943/356 355/942/355 
f 389/976/389 355/942/355 388/975/388 
f 390/977/390 357/944/357 356/943/356 
f 390/977/390 356/943/356 389/976/389 
f 391/978/391 358/945/358 357/944/357 
f 391/978/391 357/944/357 390/977/390 
f 392/979/392 359/946/359 358/945/358 
f 392/979/392 358/945/358 391/978/391 
f 393/980/393 360/947/360 359/946/359 
f 393/980/393 359/946/359 392/979/392 
f 394/981/394 361/948/361 360/947/360 
f 394/981/394 360/947/360 393/980/393 
f 395/982/395 362/949/362 361/948/361 
f 395/982/395 361/948/361 394/981/394 
f 396/983/396 363/950/363 362/949/362 
f 396/983/396 362/949/362 395/982/395 
f 397/984/397 364/951/364 363/950/363 
f 397/984/397 363/950/363 396/983/396 
f 398/985/398 365/952/365 364/951/364 
f 398/985/398 364/951/364 397/984/397 
f 400/986/400 367/953/367 366/954/366 
f 400/986/400 366/954/366 399/987/399 
f 401/988/401 368/955/368 367/953/367 
f 401/988/401 367/953/367 400/986/400 
f 402/989/402 369/956/369 368/955/368 
f 402/989/402 368/955/368 401/988/401 
f 403/990/403 370/957/370 369/956/369 
f 403/990/403 369/956/369 402/989/402 
f 404/991/404 371/958/371 370/957/370 
f 404/991/404 370/957/370 403/990/403 
f 405/992/405 372/959/372 371/958/371 
f 405/992/405 371/958/371 404/991/404 
f 406/993/406 373/960/373 372/959/372 
f 406/993/406 372/959/372 405/992/405 
f 407/994/407 374/961/374 373/960/373 
f 407/994/407 373/960/373 406/993/406 
f 408/995/408 375/962/375 374/961/374 
f 408/995/408 374/961/374 407/994/407 
f 409/996/409 376/963/376 375/962/375 
f 409/996/409 375/962/375 408/995/408 
f 410/997/410 377/964/377 376/963/376 
f 410/997/410 376/963/376 409/996/409 
f 411/998/411 378/965/378 377/964/377 
f 411/998/411 377/964/377 410/997/410 
f 412/999/412 379/966/379 378/965/378 
f 412/999/412 378/965/378 411/998/411 
f 413/1000/413 380/967/380 379/966/379 
f 413/1000/413 379/966/379 412/999/412 
f 414/1001/414 381/968/381 380/967/380 
f 414/1001/414 380/967/380 413/1000/413 
f 415/1002/415 382/969/382 381/968/381 
f 415/1002/415 381/968/381 414/1001/414 
f 416/1003/416 383/970/383 382/969/382 
f 416/1003/416 382/969/382 415/1002/415 
f 417/1004/417 384/971/384 383/970/383 
f 417/1004/417 383/970/383 416/1003/416 
f 418/1005/418 385/972/385 384/971/384 
f 418/1005/418 384/971/384 417/1004/417 
f 419/1006/419 386/973/386 385/972/385 
f 419/1006/419 385/972/385 418/1005/418 
f 420/1007/420 387/974/387 386/973/386 
f 420/1007/420 386/973/386 419/1006/419 
f 421/1008/421 388/975/388 387/974/387 
f 421/1008/421 387/974/387 420/1007/420 
f 422/1009/422 389/976/389 388/975/388 
f 422/1009/422 388/975/388 421/1008/421 
f 423/1010/423 390/977/390 389/976/389 
f 423/1010/423 389/976/389 422/1009/422 
f 424/1011/424 391/978/391 390/977/390 
f 424/1011/424 390/977/390 423/1010/423 
f 425/1012/425 392/979/392 391/978/391 
f 425/1012/425 391/978/391 424/1011/424 
f 426/1013/426 393/980/393 392/979/392 
f 426/1013/426 392/979/392 425/1012/425 
f 427/1014/427 394/981/394 393/980/393 
f 427/1014/427 393/980/393 426/1013/426 
f 428/1015/428 395/982/395 394/981/394 
f 428/1015/428 394/981/394 427/1014/427 
f 429/1016/429 396/983/396 395/982/395 
f 429/1016/429 395/982/395 428/1015/428 
f 430/1017/430 397/984/397 396/983/396 
f 430/1017/430 396/983/396 429/1016/429 
f 431/1018/431 398/985/398 397/984/397 
f 431/1018/431 397/984/397 430/1017/430 
f 433/1019/433 400/986/400 399/987/399 
f 433/1019/433 399/987/399 432/1020/432 
f 434/1021/434 401/988/401 400/986/400 
f 434/1021/434 400/986/400 433/1019/433 
f 435/1022/435 402/989/402 401/988/401 
f 435/1022/435 401/988/401 434/1021/434 
f 436/1023/436 403/990/403 402/989/402 
f 436/1023/436 402/989/402 435/1022/435 
f 437/1024/437 404/991/404 403/990/403 
f 437/1024/437 403/990/403 436/1023/436 
f 438/1025/438 405/992/405 404/991/404 
f 438/1025/438 404/991/404 437/1024/437 
f 439/1026/439 406/993/406 405/992/405 
f 439/1026/439 405/992/405 438/1025/438 
f 440/1027/440 407/994/407 406/993/406 
f 440/1027/440 406/993/406 439/1026/439 
f 441/1028/441 408/995/408 407/994/407 
f 441/1028/441 407/994/407 440/1027/440 
f 442/1029/442 409/996/409 408/995/408 
f 442/1029/442 408/995/408 441/1028/441 
f 443/1030/443 410/997/410 409/996/409 
f 443/1030/443 409/996/409 442/1029/442 
f 444/1031/444 411/998/411 410/997/410 
f 444/1031/444 410/997/410 443/1030/443 
f 445/1032/445 412/999/412 411/998/411 
f 445/1032/445 411/998/411 444/1031/444 
f 446/1033/446 413/1000/413 412/999/412 
f 446/1033/446 412/999/412 445/1032/445 
f 447/1034/447 414/1001/414 413/1000/413 
f 447/1034/447 413/1000/413 446/1033/446 
f 448/1035/448 415/1002/415 414/1001/414 
f 448/1035/448 414/1001/414 447/1034/447 
f 449/1036/449 416/1003/416 415/1002/415 
f 449/1036/449 415/1002/415 448/1035/448 
f 450/1037/450 417/1004/417 416/1003/416 
f 450/1037/450 416/1003/416 449/1036/449 
f 451/1038/451 418/1005/418 417/1004/417 
f 451/1038/451 417/1004/417 450/1037/450 
f 452/1039/452 419/1006/419 418/1005/418 
f 452/1039/452 418/1005/418 451/1038/451 
f 453/1040/453 420/1007/420 419/1006/419 
f 453/1040/453 419/1006/419 452/1039/452 
f 454/1041/454 421/1008/421 420/1007/420 
f 454/1041/454 420/1007/420 453/1040/453 
f 455/1042/455 422/1009/422 421/1008/421 
f 455/1042/455 421/1008/421 454/1041/454 
f 456/1043/456 423/1010/423 422/1009/422 
f 456/1043/456 422/1009/422 455/1042/455 
f 457/1044/457 424/1011/424 423/1010/423 
f 457/1044/457 423/1010/423 456/1043/456 
f 458/1045/458 425/1012/425 424/1011/424 
f 458/1045/458 424/1011/424 457/1044/457 
f 459/1046/459 426/1013/426 425/1012/425 
f 459/1046/459 425/1012/425 458/1045/458 
f 460/1047/460 427/1014/427 426/1013/426 
f 460/1047/460 426/1013/426 459/1046/459 
f 461/1048/461 428/1015/428 427/1014/427 
f 461/1048/461 427/1014/427 460/1047/460 
f 462/1049/462 429/1016/429 428/1015/428 
f 462/1049/462 428/1015/428 461/1048/461 
f 463/1050/463 430/1017/430 429/1016/429 
f 463/1050/463 429/1016/429 462/1049/462 
f 464/1051/464 431/1018/431 430/1017/430 
f 464/1051/464 430/1017/430 463/1050/463 
f 466/1052/466 433/1019/433 432/1020/432 
f 466/1052/466 432/1020/432 465/1053/465 
f 467/1054/467 434/1021/434 433/1019/433 
f 467/1054/467 433/1019/433 466/1052/466 
f 468/1055/468 435/1022/435 434/1021/434 
f 468/1055/468 434/1021/434 467/1054/467 
f 469/1056/469 436/1023/436 435/1022/435 
f 469/1056/469 435/1022/435 468/1055/468 
f 470/1057/470 437/1024/437 436/1023/436 
f 470/1057/470 436/1023/436 469/1056/469 
f 471/1058/471 438/1025/438 437/1024/437 
f 471/1058/471 437/1024/437 470/1057/470 
f 472/1059/472 439/1026/439 438/1025/438 
f 472/1059/472 438/1025/438 471/1058/471 
f 473/1060/473 440/1027/440 439/1026/439 
f 473/1060/473 439/1026/439 472/1059/472 
f 474/1061/474 441/1028/441 440/1027/440 
f 474/1061/474 440/1027/440 473/1060/473 
f 475/1062/475 442/1029/442 441/1028/441 
f 475/1062/475 441/1028/441 474/1061/474 
f 476/1063/476 443/1030/443 442/1029/442 
f 476/1063/476 442/1029/442 475/1062/475 
f 477/1064/477 444/1031/444 443/1030/443 
f 477/1064/477 443/1030/443 476/1063/476 
f 478/1065/478 445/1032/445 444/1031/444 
f 478/1065/478 444/1031/444 477/1064/477 
f 479/1066/479 446/1033/446 445/1032/445 
f 479/1066/479 445/1032/445 478/1065/478 
f 480/1067/480 447/1034/447 446/1033/446 
f 480/1067/480 446/1033/446 479/1066/479 
f 481/1068/481 448/1035/448 447/1034/447 
f 481/1068/481 447/1034/447 480/1067/480 
f 482/1069/482 449/1036/449 448/1035/448 
f 482/1069/482 448/1035/448 481/1068/481 
f 483/1070/483 450/1037/450 449/1036/449 
f 483/1070/483 449/1036/449 482/1069/482 
f 484/1071/484 451/1038/451 450/1037/450 
f 484/1071/484 450/1037/450 483/1070/483 
f 485/1072/485 452/1039/452 451/1038/451 
f 485/1072/485 451/1038/451 484/1071/484 
f 486/1073/486 453/1040/453 452/1039/452 
f 486/1073/486 452/1039/452 485/1072/485 
f 487/1074/487 454/1041/454 453/1040/453 
f 487/1074/487 453/1040/453 486/1073/486 
f 488/1075/488 455/1042/455 454/1041/454 
f 488/1075/488 454/1041/454 487/1074/487 
f 489/1076/489 456/1043/456 455/1042/455 
f 489/1076/489 455/1042/455 488/1075/488 
f 490/1077/490 457/1044/457 456/1043/456 
f 490/1077/490 456/1043/456 489/1076/489 
f 491/1078/491 458/1045/458 457/1044/457 
f 491/1078/491 457/1044/457 490/1077/490 
f 492/1079/492 459/1046/459 458/1045/458 
f 492/1079/492 458/1045/458 491/1078/491 
f 493/1080/493 460/1047/460 459/1046/459 
f 493/1080/493 459/1046/459 492/1079/492 
f 494/1081/494 461/1048/461 460/1047/460 
f 494/1081/494 460/1047/460 493/1080/493 
f 495/1082/495 462/1049/462 461/1048/461 
f 495/1082/495 461/1048/461 494/1081/494 
f 496/1083/496 463/1050/463 462/1049/462 
f 496/1083/496 462/1049/462 495/1082/495 
f 497/1084/497 464/1051/464 463/1050/463 
f 497/1084/497 463/1050/463 496/1083/496 
f 499/1085/499 466/1052/466 465/1053/465 
f 499/1085/499 465/1053/465 498/1086/498 
f 500/1087/500 467/1054/467 466/1052/466 
f 500/1087/500 466/1052/466 499/1085/499 
f 501/1088/501 468/1055/468 467/1054/467 
f 501/1088/501 467/1054/467 500/1087/500 
f 502/1089/502 469/1056/469 468/1055/468 
f 502/1089/502 468/1055/468 501/1088/501 
f 503/1090/503 470/1057/470 469/1056/469 
f 503/1090/503 469/1056/469 502/1089/502 
f 504/1091/504 471/1058/471 470/1057/470 
f 504/1091/504 470/1057/470 503/1090/503 
f 505/1092/505 472/1059/472 471/1058/471 
f 505/1092/505 471/1058/471 504/1091/504 
f 506/1093/506 473/1060/473 472/1059/472 
f 506/1093/506 472/1059/472 505/1092/505 
f 507/1094/507 474/1061/474 473/1060/473 
f 507/1094/507 473/1060/473 506/1093/506 
f 508/1095/508 475/1062/475 474/1061/474 
f 508/1095/508 474/1061/474 507/1094/507 
f 509/1096/509 476/1063/476 475/1062/475 
f 509/1096/509 475/1062/475 508/1095/508 
f 510/1097/510 477/1064/477 476/1063/476 
f 510/1097/510 476/1063/476 509/1096/509 
f 511/1098/511 478/1065/478 477/1064/477 
f 511/1098/511 477/1064/477 510/1097/510 
f 512/1099/512 479/1066/479 478/1065/478 
f 512/1099/512 478/1065/478 511/1098/511 
f 513/1100/513 480/1067/480 479/1066/479 
f 513/1100/513 479/1066/479 512/1099/512 
f 514/1101/514 481/1068/481 480/1067/480 
f 514/1101/514 480/1067/480 513/1100/513 
f 515/1102/515 482/1069/482 481/1068/481 
f 515/1102/515 481/1068/481 514/1101/514 
f 516/1103/516 483/1070/483 482/1069/482 
f 516/1103/516 482/1069/482 515/1102/515 
f 517/1104/517 484/1071/484 483/1070/483 
f 517/1104/517 483/1070/483 516/1103/516 
f 518/1105/518 485/1072/485 484/1071/484 
f 518/1105/518 484/1071/484 517/1104/517 
f 519/1106/519 486/1073/486 485/1072/485 
f 519/1106/519 485/1072/485 518/1105/518 
f 520/1107/520 487/1074/487 486/1073/486 
f 520/1107/520 486/1073/486 519/1106/519 
f 521/1108/521 488/1075/488 487/1074/487 
f 521/1108/521 487/1074/487 520/1107/520 
f 522/1109/522 489/1076/489 488/1075/488 
f 522/1109/522 488/1075/488 521/1108/521 
f 523/1110/523 490/1077/490 489/1076/489 
f 523/1110/523 489/1076/489 522/1109/522 
f 524/1111/524 491/1078/491 490/1077/490 
f 524/1111/524 490/1077/490 523/1110/523 
f 525/1112/525 492/1079/492 491/1078/491 
f 525/1112/525 491/1078/491 524/1111/524 
f 526/1113/526 493/1080/493 492/1079/492 
f 526/1113/526 492/1079/492 525/1112/525 
f 527/1114/527 494/1081/494 493/1080/493 
f 527/1114/527 493/1080/493 526/1113/526 
f 528/1115/528 495/1082/495 494/1081/494 
f 528/1115/528 494/1081/494 527/1114/527 
f 529/1116/529 496/1083/496 495/1082/495 
f 529/1116/529 495/1082/495 528/1115/528 
f 530/1117/530 497/1084/497 496/1083/496 
f 530/1117/530 496/1083/496 529/1116/529 
f 532/1118/532 499/1085/499 498/1086/498 
f 532/1118/532 498/1086/498 531/1119/531 
f 533/1120/533 500/1087/500 499/1085/499 
f 533/1120/533 499/1085/499 532/1118/532 
f 534/1121/534 501/1088/501 500/1087/500 
f 534/1121/534 500/1087/500 533/1120/533 
f 535/1122/535 502/1089/502 501/1088/501 
f 535/1122/535 501/1088/501 534/1121/534 
f 536/1123/536 503/1090/503 502/1089/502 
f 536/1123/536 502/1089/502 535/1122/535 
f 537/1124/537 504/1091/504 503/1090/503 
f 537/1124/537 503/1090/503 536/1123/536 
f 538/1125/538 505/1092/505 504/1091/504 
f 538/1125/538 504/1091/504 537/1124/537 
f 539/1126/539 506/1093/506 505/1092/505 
f 539/1126/539 505/1092/505 538/1125/538 
f 540/1127/540 507/1094/507 506/1093/506 
f 540/1127/540 506/1093/506 539/1126/539 
f 541/1128/541 508/1095/508 507/1094/507 
f 541/1128/541 507/1094/507 540/1127/540 
f 542/1129/542 509/1096/509 508/1095/508 
f 542/1129/542 508/1095/508 541/1128/541 
f 543/1130/543 510/1097/510 509/1096/509 
f 543/1130/543 509/1096/509 542/1129/542 
f 544/1131/544 511/1098/511 510/1097/510 
f 544/1131/544 510/1097/510 543/1130/543 
f 545/1132/545 512/1099/512 511/1098/511 
f 545/1132/545 511/1098/511 544/1131/544 
f 546/1133/546 513/1100/513 512/1099/512 
f 546/1133/546 512/1099/512 545/1132/545 
f 547/1134/547 514/1101/514 513/1100/513 
f 547/1134/547 513/1100/513 546/1133/546 
f 548/1135/548 515/1102/515 514/1101/514 
f 548/1135/548 514/1101/514 547/1134/547 
f 549/1136/549 516/1103/516 515/1102/515 
f 549/1136/549 515/1102/515 548/1135/548 
f 550/1137/550 517/1104/517 516/1103/516 
f 550/1137/550 516/1103/516 549/1136/549 
f 551/1138/551 518/1105/518 517/1104/517 
f 551/1138/551 517/1104/517 550/1137/550 
f 552/1139/552 519/1106/519 518/1105/518 
f 552/1139/552 518/1105/518 551/1138/551 
f 553/1140/553 520/1107/520 519/1106/519 
f 553/1140/553 519/1106/519 552/1139/552 
f 554/1141/554 521/1108/521 520/1107/520 
f 554/1141/554 520/1107/520 553/1140/553 
f 555/1142/555 522/1109/522 521/1108/521 
f 555/1142/555 521/1108/521 554/1141/554 
f 556/1143/556 523/1110/523 522/1109/522 
f 556/1143/556 522/1109/522 555/1142/555 
f 557/1144/557 524/1111/524 523/1110/523 
f 557/1144/557 523/1110/523 556/1143/556 
f 558/1145/558 525/1112/525 524/1111/524 
f 558/1145/558 524/1111/524 557/1144/557 
f 559/1146/559 526/1113/526 525/1112/525 
f 559/1146/559 525/1112/525 558/1145/558 
f 560/1147/560 527/1114/527 526/1113/526 
f 560/1147/560 526/1113/526 559/1146/559 
f 561/1148/561 528/1115/528 527/1114/527 
f 561/1148/561 527/1114/527 560/1147/560 
f 562/1149/562 529/1116/529 528/1115/528 
f 562/1149/562 528/1115/528 561/1148/561 
f 563/1150/563 530/1117/530 529/1116/529 
f 563/1150/563 529/1116/529 562/1149/562 
f 565/1151/565 532/1118/532 531/1119/531 
f 565/1151/565 531/1119/531 564/1152/564 
f 566/1153/566 533/1120/533 532/1118/532 
f 566/1153/566 532/1118/532 565/1151/565 
f 567/1154/567 534/1121/534 533/1120/533 
f 567/1154/567 533/1120/533 566/1153/566 
f 568/1155/568 535/1122/535 534/1121/534 
f 568/1155/568 534/1121/534 567/1154/567 
f 569/1156/569 536/1123/536 535/1122/535 
f 569/1156/569 535/1122/535 568/1155/568 
f 570/1157/570 537/1124/537 536/1123/536 
f 570/1157/570 536/1123/536 569/1156/569 
f 571/1158/571 538/1125/538 537/1124/537 
f 571/1158/571 537/1124/537 570/1157/570 
f 572/1159/572 539/1126/539 538/1125/538 
f 572/1159/572 538/1125/538 571/1158/571 
f 573/1160/573 540/1127/540 539/1126/539 
f 573/1160/573 539/1126/539 572/1159/572 
f 574/1161/574 541/1128/541 540/1127/540 
f 574/1161/574 540/1127/540 573/1160/573 
f 575/1162/575 542/1129/542 541/1128/541 
f 575/1162/575 541/1128/541 574/1161/574 
f 576/1163/576 543/1130/543 542/1129/542 
f 576/1163/576 542/1129/542 575/1162/575 
f 577/1164/577 544/1131/544 543/1130/543 
f 577/1164/577 543/1130/543 576/1163/576 
f 578/1165/578 545/1132/545 544/1131/544 
f 578/1165/578 544/1131/544 577/1164/577 
f 579/1166/579 546/1133/546 545/1132/545 
f 579/1166/579 545/1132/545 578/1165/578 
f 580/1167/580 547/1134/547 546/1133/546 
f 580/1167/580 546/1133/546 579/1166/579 
f 581/1168/581 548/1135/548 547/1134/547 
f 581/1168/581 547/1134/547 580/1167/580 
f 582/1169/582 549/1136/549 548/1135/548 
f 582/1169/582 548/1135/548 581/1168/581 
f 583/1170/583 550/1137/550 549/1136/549 
f 583/1170/583 549/1136/549 582/1169/582 
f 584/1171/584 551/1138/551 550/1137/550 
f 584/1171/584 550/1137/550 583/1170/583 
f 585/1172/585 552/1139/552 551/1138/551 
f 585/1172/585 551/1138/551 584/1171/584 
f 586/1173/586 553/1140/553 552/1139/552 
f 586/1173/586 552/1139/552 585/1172/585 
f 587/1174/587 554/1141/554 553/1140/553 
f 587/1174/587 553/1140/553 586/1173/586 
f 588/1175/588 555/1142/555 554/1141/554 
f 588/1175/588 554/1141/554 587/1174/587 
f 589/1176/589 556/1143/556 555/1142/555 
f 589/1176/589 555/1142/555 588/1175/588 
f 590/1177/590 557/1144/557 556/1143/556 
f 590/1177/590 556/1143/556 589/1176/589 
f 591/1178/591 558/1145/558 557/1144/557 
f 591/1178/591 557/1144/557 590/1177/590 
f 592/1179/592 559/1146/559 558/1145/558 
f 592/1179/592 558/1145/558 591/1178/591 
f 593/1180/593 560/1147/560 559/1146/559 
f 593/1180/593 559/1146/559 592/1179/592 
f 594/1181/594 561/1148/561 560/1147/560 
f 594/1181/594 560/1147/560 593/1180/593 
f 595/1182/595 562/1149/562 561/1148/561 
f 595/1182/595 561/1148/561 594/1181/594 
f 596/1183/596 563/1150/563 562/1149/562 
f 596/1183/596 562/1149/562 595/1182/595 
f 598/1184/598 565/1151/565 564/1152/564 
f 598/1184/598 564/1152/564 597/1185/597 
f 599/1186/599 566/1153/566 565/1151/565 
f 599/1186/599 565/1151/565 598/1184/598 
f 600/1187/600 567/1154/567 566/1153/566 
f 600/1187/600 566/1153/566 599/1186/599 
f 601/1188/601 568/1155/568 567/1154/567 
f 601/1188/601 567/1154/567 600/1187/600 
f 602/1189/602 569/1156/569 568/1155/568 
f 602/1189/602 568/1155/568 601/1188/601 
f 603/1190/603 570/1157/570 569/1156/569 
f 603/1190/603 569/1156/569 602/1189/602 
f 604/1191/604 571/1158/571 570/1157/570 
f 604/1191/604 570/1157/570 603/1190/603 
f 605/1192/605 572/1159/572 571/1158/571 
f 605/1192/605 571/1158/571 604/1191/604 
f 606/1193/606 573/1160/573 572/1159/572 
f 606/1193/606 572/1159/572 605/1192/605 
f 607/1194/607 574/1161/574 573/1160/573 
f 607/1194/607 573/1160/573 606/1193/606 
f 608/1195/608 575/1162/575 574/1161/574 
f 608/1195/608 574/1161/574 607/1194/607 
f 609/1196/609 576/1163/576 575/1162/575 
f 609/1196/609 575/1162/575 608/1195/608 
f 610/1197/610 577/1164/577 576/1163/576 
f 610/1197/610 576/1163/576 609/1196/609 
f 611/1198/611 578/1165/578 577/1164/577 
f 611/1198/611 577/1164/577 610/1197/610 
f 612/1199/612 579/1166/579 578/1165/578 
f 612/1199/612 578/1165/578 611/1198/611 
f 613/1200/613 580/1167/580 579/1166/579 
f 613/1200/613 579/1166/579 612/1199/612 
f 614/1201/614 581/1168/581 580/1167/580 
f 614/1201/614 580/1167/580 613/1200/613 
f 615/1202/615 582/1169/582 581/1168/581 
f 615/1202/615 581/1168/581 614/1201/614 
f 616/1203/616 583/1170/583 582/1169/582 
f 616/1203/616 582/1169/582 615/1202/615 
f 617/1204/617 584/1171/584 583/1170/583 
f 617/1204/617 583/1170/583 616/1203/616 
f 618/1205/618 585/1172/585 584/1171/584 
f 618/1205/618 584/1171/584 617/1204/617 
f 619/1206/619 586/1173/586 585/1172/585 
f 619/1206/619 585/1172/585 618/1205/618 
f 620/1207/620 587/1174/587 586/1173/586 
f 620/1207/620 586/1173/586 619/1206/619 
f 621/1208/621 588/1175/588 587/1174/587 
f 621/1208/621 587/1174/587 620/1207/620 
f 622/1209/622 589/1176/589 588/1175/588 
f 622/1209/622 588/1175/588 621/1208/621 
f 623/1210/623 590/1177/590 589/1176/589 
f 623/1210/623 589/1176/589 622/1209/622 
f 624/1211/624 591/1178/591 590/1177/590 
f 624/1211/624 590/1177/590 623/1210/623 
f 625/1212/625 592/1179/592 591/1178/591 
f 625/1212/625 591/1178/591 624/1211/624 
f 626/1213/626 593/1180/593 592/1179/592 
f 626/1213/626 592/1179/592 625/1212/625 
f 627/1214/627 594/1181/594 593/1180/593 
f 627/1214/627 593/1180/593 626/1213/626 
f 628/1215/628 595/1182/595 594/1181/594 
f 628/1215/628 594/1181/594 627/1214/627 
f 629/1216/629 596/1183/596 595/1182/595 
f 629/1216/629 595/1182/595 628/1215/628 
f 631/1217/631 598/1184/598 597/1185/597 
f 631/1217/631 597/1185/597 630/1218/630 
f 632/1219/632 599/1186/599 598/1184/598 
f 632/1219/632 598/1184/598 631/1217/631 
f 633/1220/633 600/1187/600 599/1186/599 
f 633/1220/633 599/1186/599 632/1219/632 
f 634/1221/634 601/1188/601 600/1187/600 
f 634/1221/634 600/1187/600 633/1220/633 
f 635/1222/635 602/1189/602 601/1188/601 
f 635/1222/635 601/1188/601 634/1221/634 
f 636/1223/636 603/1190/603 602/1189/602 
f 636/1223/636 602/1189/602 635/1222/635 
f 637/1224/637 604/1191/604 603/1190/603 
f 637/1224/637 603/1190/603 636/1223/636 
f 638/1225/638 605/1192/605 604/1191/604 
f 638/1225/638 604/1191/604 637/1224/637 
f 639/1226/639 606/1193/606 605/1192/605 
f 639/1226/639 605/1192/605 638/1225/638 
f 640/1227/640 607/1194/607 606/1193/606 
f 640/1227/640 606/1193/606 639/1226/639 
f 641/1228/641 608/1195/608 607/1194/607 
f 641/1228/641 607/1194/607 640/1227/640 
f 642/1229/642 609/1196/609 608/1195/608 
f 642/1229/642 608/1195/608 641/1228/641 
f 643/1230/643 610/1197/610 609/1196/609 
f 643/1230/643 609/1196/609 642/1229/642 
f 644/1231/644 611/1198/611 610/1197/610 
f 644/1231/644 610/1197/610 643/1230/643 
f 645/1232/645 612/1199/612 611/1198/611 
f 645/1232/645 611/1198/611 644/1231/644 
f 646/1233/646 613/1200/613 612/1199/612 
f 646/1233/646 612/1199/612 645/1232/645 
f 647/1234/647 614/1201/614 613/1200/613 
f 647/1234/647 613/1200/613 646/1233/646 
f 648/1235/648 615/1202/615 614/1201/614 
f 648/1235/648 614/1201/614 647/1234/647 
f 649/1236/649 616/1203/616 615/1202/615 
f 649/1236/649 615/1202/615 648/1235/648 
f 650/1237/650 617/1204/617 616/1203/616 
f 650/1237/650 616/1203/616 649/1236/649 
f 651/1238/651 618/1205/618 617/1204/617 
f 651/1238/651 617/1204/617 650/1237/650 
f 652/1239/652 619/1206/619 618/1205/618 
f 652/1239/652 618/1205/618 651/1238/651 
f 653/1240/653 620/1207/620 619/1206/619 
f 653/1240/653 619/1206/619 652/1239/652 
f 654/1241/654 621/1208/621 620/1207/620 
f 654/1241/654 620/1207/620 653/1240/653 
f 655/1242/655 622/1209/622 621/1208/621 
f 655/1242/655 621/1208/621 654/1241/654 
f 656/1243/656 623/1210/623 622/1209/622 
f 656/1243/656 622/1209/622 655/1242/655 
f 657/1244/657 624/1211/624 623/1210/623 
f 657/1244/657 623/1210/623 656/1243/656 
f 658/1245/658 625/1212/625 624/1211/624 
f 658/1245/658 624/1211/624 657/1244/657 
f 659/1246/659 626/1213/626 625/1212/625 
f 659/1246/659 625/1212/625 658/1245/658 
f 660/1247/660 627/1214/627 626/1213/626 
f 660/1247/660 626/1213/626 659/1246/659 
f 661/1248/661 628/1215/628 627/1214/627 
f 661/1248/661 627/1214/627 660/1247/660 
f 662/1249/662 629/1216/629 628/1215/628 
f 662/1249/662 628/1215/628 661/1248/661 
f 664/1250/664 631/1217/631 630/1218/630 
f 664/1250/664 630/1218/630 663/1251/663 
f 665/1252/665 632/1219/632 631/1217/631 
f 665/1252/665 631/1217/631 664/1250/664 
f 666/1253/666 633/1220/633 632/1219/632 
f 666/1253/666 632/1219/632 665/1252/665 
f 667/1254/667 634/1221/634 633/1220/633 
f 667/1254/667 633/1220/633 666/1253/666 
f 668/1255/668 635/1222/635 634/1221/634 
f 668/1255/668 634/1221/634 667/1254/667 
f 669/1256/669 636/1223/636 635/1222/635 
f 669/1256/669 635/1222/635 668/1255/668 
f 670/1257/670 637/1224/637 636/1223/636 
f 670/1257/670 636/1223/636 669/1256/669 
f 671/1258/671 638/1225/638 637/1224/637 
f 671/1258/671 637/1224/637 670/1257/670 
f 672/1259/672 639/1226/639 638/1225/638 
f 672/1259/672 638/1225/638 671/1258/671 
f 673/1260/673 640/1227/640 639/1226/639 
f 673/1260/673 639/1226/639 672/1259/672 
f 674/1261/674 641/1228/641 640/1227/640 
f 674/1261/674 640/1227/640 673/1260/673 
f 675/1262/675 642/1229/642 641/1228/641 
f 675/1262/675 641/1228/641 674/1261/674 
f 676/1263/676 643/1230/643 642/1229/642 
f 676/1263/676 642/1229/642 675/1262/675 
f 677/1264/677 644/1231/644 643/1230/643 
f 677/1264/677 643/1230/643 676/1263/676 
f 678/1265/678 645/1232/645 644/1231/644 
f 678/1265/678 644/1231/644 677/1264/677 
f 679/1266/679 646/1233/646 645/1232/645 
f 679/1266/679 645/1232/645 678/1265/678 
f 680/1267/680 647/1234/647 646/1233/646 
f 680/1267/680 646/1233/646 679/1266/679 
f 681/1268/681 648/1235/648 647/1234/647 
f 681/1268/681 647/1234/647 680/1267/680 
f 682/1269/682 649/1236/649 648/1235/648 
f 682/1269/682 648/1235/648 681/1268/681 
f 683/1270/683 650/1237/650 649/1236/649 
f 683/1270/683 649/1236/649 682/1269/682 
f 684/1271/684 651/1238/651 650/1237/650 
f 684/1271/684 650/1237/650 683/1270/683 
f 685/1272/685 652/1239/652 651/1238/651 
f 685/1272/685 651/1238/651 684/1271/684 
f 686/1273/686 653/1240/653 652/1239/652 
f 686/1273/686 652/1239/652 685/1272/685 
f 687/1274/687 654/1241/654 653/1240/653 
f 687/1274/687 653/1240/653 686/1273/686 
f 688/1275/688 655/1242/655 654/1241/654 
f 688/1275/688 654/1241/654 687/1274/687 
f 689/1276/689 656/1243/656 655/1242/655 
f 689/1276/689 655/1242/655 688/1275/688 
f 690/1277/690 657/1244/657 656/1243/656 
f 690/1277/690 656/1243/656 689/1276/689 
f 691/1278/691 658/1245/658 657/1244/657 
f 691/1278/691 657/1244/657 690/1277/690 
f 692/1279/692 659/1246/659 658/1245/658 
f 692/1279/692 658/1245/658 691/1278/691 
f 693/1280/693 660/1247/660 659/1246/659 
f 693/1280/693 659/1246/659 692/1279/692 
f 694/1281/694 661/1248/661 660/1247/660 
f 694/1281/694 660/1247/660 693/1280/693 
f 695/1282/695 662/1249/662 661/1248/661 
f 695/1282/695 661/1248/661 694/1281/694 
f 697/1283/697 664/1250/664 663/1251/663 
f 697/1283/697 663/1251/663 696/1284/696 
f 698/1285/698 665/1252/665 664/1250/664 
f 698/1285/698 664/1250/664 697/1283/697 
f 699/1286/699 666/1253/666 665/1252/665 
f 699/1286/699 665/1252/665 698/1285/698 
f 700/1287/700 667/1254/667 666/1253/666 
f 700/1287/700 666/1253/666 699/1286/699 
f 701/1288/701 668/1255/668 667/1254/667 
f 701/1288/701 667/1254/667 700/1287/700 
f 702/1289/702 669/1256/669 668/1255/668 
f 702/1289/702 668/1255/668 701/1288/701 
f 703/1290/703 670/1257/670 669/1256/669 
f 703/1290/703 669/1256/669 702/1289/702 
f 704/1291/704 671/1258/671 670/1257/670 
f 704/1291/704 670/1257/670 703/1290/703 
f 705/1292/705 672/1259/672 671/1258/671 
f 705/1292/705 671/1258/671 704/1291/704 
f 706/1293/706 673/1260/673 672/1259/672 
f 706/1293/706 672/1259/672 705/1292/705 
f 707/1294/707 674/1261/674 673/1260/673 
f 707/1294/707 673/1260/673 706/1293/706 
f 708/1295/708 675/1262/675 674/1261/674 
f 708/1295/708 674/1261/674 707/1294/707 
f 709/1296/709 676/1263/676 675/1262/675 
f 709/1296/709 675/1262/675 708/1295/708 
f 710/1297/710 677/1264/677 676/1263/676 
f 710/1297/710 676/1263/676 709/1296/709 
f 711/1298/711 678/1265/678 677/1264/677 
f 711/1298/711 677/1264/677 710/1297/710 
f 712/1299/712 679/1266/679 678/1265/678 
f 712/1299/712 678/1265/678 711/1298/711 
f 713/1300/713 680/1267/680 679/1266/679 
f 713/1300/713 679/1266/679 712/1299/712 
f 714/1301/714 681/1268/681 680/1267/680 
f 714/1301/714 680/1267/680 713/1300/713 
f 715/1302/715 682/1269/682 681/1268/681 
f 715/1302/715 681/1268/681 714/1301/714 
f 716/1303/716 683/1270/683 682/1269/682 
f 716/1303/716 682/1269/682 715/1302/715 
f 717/1304/717 684/1271/684 683/1270/683 
f 717/1304/717 683/1270/683 716/1303/716 
f 718/1305/718 685/1272/685 684/1271/684 
f 718/1305/718 684/1271/684 717/1304/717 
f 719/1306/719 686/1273/686 685/1272/685 
f 719/1306/719 685/1272/685 718/1305/718 
f 720/1307/720 687/1274/687 686/1273/686 
f 720/1307/720 686/1273/686 719/1306/719 
f 721/1308/721 688/1275/688 687/1274/687 
f 721/1308/721 687/1274/687 720/1307/720 
f 722/1309/722 689/1276/689 688/1275/688 
f 722/1309/722 688/1275/688 721/1308/721 
f 723/1310/723 690/1277/690 689/1276/689 
f 723/1310/723 689/1276/689 722/1309/722 
f 724/1311/724 691/1278/691 690/1277/690 
f 724/1311/724 690/1277/690 723/1310/723 
f 725/1312/725 692/1279/692 691/1278/691 
f 725/1312/725 691/1278/691 724/1311/724 
f 726/1313/726 693/1280/693 692/1279/692 
f 726/1313/726 692/1279/692 725/1312/725 
f 727/1314/727 694/1281/694 693/1280/693 
f 727/1314/727 693/1280/693 726/1313/726 
f 728/1315/728 695/1282/695 694/1281/694 
f 728/1315/728 694/1281/694 727/1314/727 
f 730/1316/730 697/1283/697 696/1284/696 
f 730/1316/730 696/1284/696 729/1317/729 
f 731/1318/731 698/1285/698 697/1283/697 
f 731/1318/731 697/1283/697 730/1316/730 
f 732/1319/732 699/1286/699 698/1285/698 
f 732/1319/732 698/1285/698 731/1318/731 
f 733/1320/733 700/1287/700 699/1286/699 
f 733/1320/733 699/1286/699 732/1319/732 
f 734/1321/734 701/1288/701 700/1287/700 
f 734/1321/734 700/1287/700 733/1320/733 
f 735/1322/735 702/1289/702 701/1288/701 
f 735/1322/735 701/1288/701 734/1321/734 
f 736/1323/736 703/1290/703 702/1289/702 
f 736/1323/736 702/1289/702 735/1322/735 
f 737/1324/737 704/1291/704 703/1290/703 
f 737/1324/737 703/1290/703 736/1323/736 
f 738/1325/738 705/1292/705 704/1291/704 
f 738/1325/738 704/1291/704 737/1324/737 
f 739/1326/739 706/1293/706 705/1292/705 
f 739/1326/739 705/1292/705 738/1325/738 
f 740/1327/740 707/1294/707 706/1293/706 
f 740/1327/740 706/1293/706 739/1326/739 
f 741/1328/741 708/1295/708 707/1294/707 
f 741/1328/741 707/1294/707 740/1327/740 
f 742/1329/742 709/1296/709 708/1295/708 
f 742/1329/742 708/1295/708 741/1328/741 
f 743/1330/743 710/1297/710 709/1296/709 
f 743/1330/743 709/1296/709 742/1329/742 
f 744/1331/744 711/1298/711 710/1297/710 
f 744/1331/744 710/1297/710 743/1330/743 
f 745/1332/745 712/1299/712 711/1298/711 
f 745/1332/745 711/1298/711 744/1331/744 
f 746/1333/746 713/1300/713 712/1299/712 
f 746/1333/746 712/1299/712 745/1332/745 
f 747/1334/747 714/1301/714 713/1300/713 
f 747/1334/747 713/1300/713 746/1333/746 
f 748/1335/748 715/1302/715 714/1301/714 
f 748/1335/748 714/1301/714 747/1334/747 
f 749/1336/749 716/1303/716 715/1302/715 
f 749/1336/749 715/1302/715 748/1335/748 
f 750/1337/750 717/1304/717 716/1303/716 
f 750/1337/750 716/1303/716 749/1336/749 
f 751/1338/751 718/1305/718 717/1304/717 
f 751/1338/751 717/1304/717 750/1337/750 
f 752/1339/752 719/1306/719 718/1305/718 
f 752/1339/752 718/1305/718 751/1338/751 
f 753/1340/753 720/1307/720 719/1306/719 
f 753/1340/753 719/1306/719 752/1339/752 
f 754/1341/754 721/1308/721 720/1307/720 
f 754/1341/754 720/1307/720 753/1340/753 
f 755/1342/755 722/1309/722 721/1308/721 
f 755/1342/755 721/1308/721 754/1341/754 
f 756/1343/756 723/1310/723 722/1309/722 
f 756/1343/756 722/1309/722 755/1342/755 
f 757/1344/757 724/1311/724 723/1310/723 
f 757/1344/757 723/1310/723 756/1343/756 
f 758/1345/758 725/1312/725 724/1311/724 
f 758/1345/758 724/1311/724 757/1344/757 
f 759/1346/759 726/1313/726 725/1312/725 
f 759/1346/759 725/1312/725 758/1345/758 
f 760/1347/760 727/1314/727 726/1313/726 
f 760/1347/760 726/1313/726 759/1346/759 
f 761/1348/761 728/1315/728 727/1314/727 
f 761/1348/761 727/1314/727 760/1347/760 
f 763/1349/763 730/1316/730 729/1317/729 
f 763/1349/763 729/1317/729 762/1350/762 
f 764/1351/764 731/1318/731 730/1316/730 
f 764/1351/764 730/1316/730 763/1349/763 
f 765/1352/765 732/1319/732 731/1318/731 
f 765/1352/765 731/1318/731 764/1351/764 
f 766/1353/766 733/1320/733 732/1319/732 
f 766/1353/766 732/1319/732 765/1352/765 
f 767/1354/767 734/1321/734 733/1320/733 
f 767/1354/767 733/1320/733 766/1353/766 
f 768/1355/768 735/1322/735 734/1321/734 
f 768/1355/768 734/1321/734 767/1354/767 
f 769/1356/769 736/1323/736 735/1322/735 
f 769/1356/769 735/1322/735 768/1355/768 
f 770/1357/770 737/1324/737 736/1323/736 
f 770/1357/770 736/1323/736 769/1356/769 
f 771/1358/771 738/1325/738 737/1324/737 
f 771/1358/771 737/1324/737 770/1357/770 
f 772/1359/772 739/1326/739 738/1325/738 
f 772/1359/772 738/1325/738 771/1358/771 
f 773/1360/773 740/1327/740 739/1326/739 
f 773/1360/773 739/1326/739 772/1359/772 
f 774/1361/774 741/1328/741 740/1327/740 
f 774/1361/774 740/1327/740 773/1360/773 
f 775/1362/775 742/1329/742 741/1328/741 
f 775/1362/775 741/1328/741 774/1361/774 
f 776/1363/776 743/1330/743 742/1329/742 
f 776/1363/776 742/1329/742 775/1362/775 
f 777/1364/777 744/1331/744 743/1330/743 
f 777/1364/777 743/1330/743 776/1363/776 
f 778/1365/778 745/1332/745 744/1331/744 
f 778/1365/778 744/1331/744 777/1364/777 
f 779/1366/779 746/1333/746 745/1332/745 
f 779/1366/779 745/1332/745 778/1365/778 
f 780/1367/780 747/1334/747 746/1333/746 
f 780/1367/780 746/1333/746 779/1366/779 
f 781/1368/781 748/1335/748 747/1334/747 
f 781/1368/781 747/1334/747 780/1367/780 
f 782/1369/782 749/1336/749 748/1335/748 
f 782/1369/782 748/1335/748 781/1368/781 
f 783/1370/783 750/1337/750 749/1336/749 
f 783/1370/783 749/1336/749 782/1369/782 
f 784/1371/784 751/1338/751 750/1337/750 
f 784/1371/784 750/1337/750 783/1370/783 
f 785/1372/785 752/1339/752 751/1338/751 
f 785/1372/785 751/1338/751 784/1371/784 
f 786/1373/786 753/1340/753 752/1339/752 
f 786/1373/786 752/1339/752 785/1372/785 
f 787/1374/787 754/1341/754 753/1340/753 
f 787/1374/787 753/1340/753 786/1373/786 
f 788/1375/788 755/1342/755 754/1341/754 
f 788/1375/788 754/1341/754 787/1374/787 
f 789/1376/789 756/1343/756 755/1342/755 
f 789/1376/789 755/1342/755 788/1375/788 
f 790/1377/790 757/1344/757 756/1343/756 
f 790/1377/790 756/1343/756 789/1376/789 
f 791/1378/791 758/1345/758 757/1344/757 
f 791/1378/791 757/1344/757 790/1377/790 
f 792/1379/792 759/1346/759 758/1345/758 
f 792/1379/792 758/1345/758 791/1378/791 
f 793/1380/793 760/1347/760 759/1346/759 
f 793/1380/793 759/1346/759 792/1379/792 
f 794/1381/794 761/1348/761 760/1347/760 
f 794/1381/794 760/1347/760 793/1380/793 
f 796/1382/796 763/1349/763 762/1350/762 
f 796/1382/796 762/1350/762 795/1383/795 
f 797/1384/797 764/1351/764 763/1349/763 
f 797/1384/797 763/1349/763 796/1382/796 
f 798/1385/798 765/1352/765 764/1351/764 
f 798/1385/798 764/1351/764 797/1384/797 
f 799/1386/799 766/1353/766 765/1352/765 
f 799/1386/799 765/1352/765 798/1385/798 
f 800/1387/800 767/1354/767 766/1353/766 
f 800/1387/800 766/1353/766 799/1386/799 
f 801/1388/801 768/1355/768 767/1354/767 
f 801/1388/801 767/1354/767 800/1387/800 
f 802/1389/802 769/1356/769 768/1355/768 
f 802/1389/802 768/1355/768 801/1388/801 
f 803/1390/803 770/1357/770 769/1356/769 
f 803/1390/803 769/1356/769 802/1389/802 
f 804/1391/804 771/1358/771 770/1357/770 
f 804/1391/804 770/1357/770 803/1390/803 
f 805/1392/805 772/1359/772 771/1358/771 
f 805/1392/805 771/1358/771 804/1391/804 
f 806/1393/806 773/1360/773 772/1359/772 
f 806/1393/806 772/1359/772 805/1392/805 
f 807/1394/807 774/1361/774 773/1360/773 
f 807/1394/807 773/1360/773 806/1393/806 
f 808/1395/808 775/1362/775 774/1361/774 
f 808/1395/808 774/1361/774 807/1394/807 
f 809/1396/809 776/1363/776 775/1362/775 
f 809/1396/809 775/1362/775 808/1395/808 
f 810/1397/810 777/1364/777 776/1363/776 
f 810/1397/810 776/1363/776 809/1396/809 
f 811/1398/811 778/1365/778 777/1364/777 
f 811/1398/811 777/1364/777 810/1397/810 
f 812/1399/812 779/1366/779 778/1365/778 
f 812/1399/812 778/1365/778 811/1398/811 
f 813/1400/813 780/1367/780 779/1366/779 
f 813/1400/813 779/1366/779 812/1399/812 
f 814/1401/814 781/1368/781 780/1367/780 
f 814/1401/814 780/1367/780 813/1400/813 
f 815/1402/815 782/1369/782 781/1368/781 
f 815/1402/815 781/1368/781 814/1401/814 
f 816/1403/816 783/1370/783 782/1369/782 
f 816/1403/816 782/1369/782 815/1402/815 
f 817/1404/817 784/1371/784 783/1370/783 
f 817/1404/817 783/1370/783 816/1403/816 
f 818/1405/818 785/1372/785 784/1371/784 
f 818/1405/818 784/1371/784 817/1404/817 
f 819/1406/819 786/1373/786 785/1372/785 
f 819/1406/819 785/1372/785 818/1405/818 
f 820/1407/820 787/1374/787 786/1373/786 
f 820/1407/820 786/1373/786 819/1406/819 
f 821/1408/821 788/1375/788 787/1374/787 
f 821/1408/821 787/1374/787 820/1407/820 
f 822/1409/822 789/1376/789 788/1375/788 
f 822/1409/822 788/1375/788 821/1408/821 
f 823/1410/823 790/1377/790 789/1376/789 
f 823/1410/823 789/1376/789 822/1409/822 
f 824/1411/824 791/1378/791 790/1377/790 
f 824/1411/824 790/1377/790 823/1410/823 
f 825/1412/825 792/1379/792 791/1378/791 
f 825/1412/825 791/1378/791 824/1411/824 
f 826/1413/826 793/1380/793 792/1379/792 
f 826/1413/826 792/1379/792 825/1412/825 
f 827/1414/827 794/1381/794 793/1380/793 
f 827/1414/827 793/1380/793 826/1413/826 
f 829/1415/829 796/1382/796 795/1383/795 
f 829/1415/829 795/1383/795 828/1416/828 
f 830/1417/830 797/1384/797 796/1382/796 
f 830/1417/830 796/1382/796 829/1415/829 
f 831/1418/831 798/1385/798 797/1384/797 
f 831/1418/831 797/1384/797 830/1417/830 
f 832/1419/832 799/1386/799 798/1385/798 
f 832/1419/832 798/1385/798 831/1418/831 
f 833/1420/833 800/1387/800 799/1386/799 
f 833/1420/833 799/1386/799 832/1419/832 
f 834/1421/834 801/1388/801 800/1387/800 
f 834/1421/834 800/1387/800 833/1420/833 
f 835/1422/835 802/1389/802 801/1388/801 
f 835/1422/835 801/1388/801 834/1421/834 
f 836/1423/836 803/1390/803 802/1389/802 
f 836/1423/836 802/1389/802 835/1422/835 
f 837/1424/837 804/1391/804 803/1390/803 
f 837/1424/837 803/1390/803 836/1423/836 
f 838/1425/838 805/1392/805 804/1391/804 
f 838/1425/838 804/1391/804 837/1424/837 
f 839/1426/839 806/1393/806 805/1392/805 
f 839/1426/839 805/1392/805 838/1425/838 
f 840/1427/840 807/1394/807 806/1393/806 
f 840/1427/840 806/1393/806 839/1426/839 
f 841/1428/841 808/1395/808 807/1394/807 
f 841/1428/841 807/1394/807 840/1427/840 
f 842/1429/842 809/1396/809 808/1395/808 
f 842/1429/842 808/1395/808 841/1428/841 
f 843/1430/843 810/1397/810 809/1396/809 
f 843/1430/843 809/1396/809 842/1429/842 
f 844/1431/844 811/1398/811 810/1397/810 
f 844/1431/844 810/1397/810 843/1430/843 
f 845/1432/845 812/1399/812 811/1398/811 
f 845/1432/845 811/1398/811 844/1431/844 
f 846/1433/846 813/1400/813 812/1399/812 
f 846/1433/846 812/1399/812 845/1432/845 
f 847/1434/847 814/1401/814 813/1400/813 
f 847/1434/847 813/1400/813 846/1433/846 
f 848/1435/848 815/1402/815 814/1401/814 
f 848/1435/848 814/1401/814 847/1434/847 
f 849/1436/849 816/1403/816 815/1402/815 
f 849/1436/849 815/1402/815 848/1435/848 
f 850/1437/850 817/1404/817 816/1403/816 
f 850/1437/850 816/1403/816 849/1436/849 
f 851/1438/851 818/1405/818 817/1404/817 
f 851/1438/851 817/1404/817 850/1437/850 
f 852/1439/852 819/1406/819 818/1405/818 
f 852/1439/852 818/1405/818 851/1438/851 
f 853/1440/853 820/1407/820 819/1406/819 
f 853/1440/853 819/1406/819 852/1439/852 
f 854/1441/854 821/1408/821 820/1407/820 
f 854/1441/854 820/1407/820 853/1440/853 
f 855/1442/855 822/1409/822 821/1408/821 
f 855/1442/855 821/1408/821 854/1441/854 
f 856/1443/856 823/1410/823 822/1409/822 
f 856/1443/856 822/1409/822 855/1442/855 
f 857/1444/857 824/1411/824 823/1410/823 
f 857/1444/857 823/1410/823 856/1443/856 
f 858/1445/858 825/1412/825 824/1411/824 
f 858/1445/858 824/1411/824 857/1444/857 
f 859/1446/859 826/1413/826 825/1412/825 
f 859/1446/859 825/1412/825 858/1445/858 
f 860/1447/860 827/1414/827 826/1413/826 
f 860/1447/860 826/1413/826 859/1446/859 
f 862/1448/862 829/1415/829 828/1416/828 
f 862/1448/862 828/1416/828 861/1449/861 
f 863/1450/863 830/1417/830 829/1415/829 
f 863/1450/863 829/1415/829 862/1448/862 
f 864/1451/864 831/1418/831 830/1417/830 
f 864/1451/864 830/1417/830 863/1450/863 
f 865/1452/865 832/1419/832 831/1418/831 
f 865/1452/865 831/1418/831 864/1451/864 
f 866/1453/866 833/1420/833 832/1419/832 
f 866/1453/866 832/1419/832 865/1452/865 
f 867/1454/867 834/1421/834 833/1420/833 
f 867/1454/867 833/1420/833 866/1453/866 
f 868/1455/868 835/1422/835 834/1421/834 
f 868/1455/868 834/1421/834 867/1454/867 
f 869/1456/869 836/1423/836 835/1422/835 
f 869/1456/869 835/1422/835 868/1455/868 
f 870/1457/870 837/1424/837 836/1423/836 
f 870/1457/870 836/1423/836 869/1456/869 
f 871/1458/871 838/1425/838 837/1424/837 
f 871/1458/871 837/1424/837 870/1457/870 
f 872/1459/872 839/1426/839 838/1425/838 
f 872/1459/872 838/1425/838 871/1458/871 
f 873/1460/873 840/1427/840 839/1426/839 
f 873/1460/873 839/1426/839 872/1459/872 
f 874/1461/874 841/1428/841 840/1427/840 
f 874/1461/874 840/1427/840 873/1460/873 
f 875/1462/875 842/1429/842 841/1428/841 
f 875/1462/875 841/1428/841 874/1461/874 
f 876/1463/876 843/1430/843 842/1429/842 
f 876/1463/876 842/1429/842 875/1462/875 
f 877/1464/877 844/1431/844 843/1430/843 
f 877/1464/877 843/1430/843 876/1463/876 
f 878/1465/878 845/1432/845 844/1431/844 
f 878/1465/878 844/1431/844 877/1464/877 
f 879/1466/879 846/1433/846 845/1432/845 
f 879/1466/879 845/1432/845 878/1465/878 
f 880/1467/880 847/1434/847 846/1433/846 
f 880/1467/880 846/1433/846 879/1466/879 
f 881/1468/881 848/1435/848 847/1434/847 
f 881/1468/881 847/1434/847 880/1467/880 
f 882/1469/882 849/1436/849 848/1435/848 
f 882/1469/882 848/1435/848 881/1468/881 
f 883/1470/883 850/1437/850 849/1436/849 
f 883/1470/883 849/1436/849 882/1469/882 
f 884/1471/884 851/1438/851 850/1437/850 
f 884/1471/884 850/1437/850 883/1470/883 
f 885/1472/885 852/1439/852 851/1438/851 
f 885/1472/885 851/1438/851 884/1471/884 
f 886/1473/886 853/1440/853 852/1439/852 
f 886/1473/886 852/1439/852 885/1472/885 
f 887/1474/887 854/1441/854 853/1440/853 
f 887/1474/887 853/1440/853 886/1473/886 
f 888/1475/888 855/1442/855 854/1441/854 
f 888/1475/888 854/1441/854 887/1474/887 
f 889/1476/889 856/1443/856 855/1442/855 
f 889/1476/889 855/1442/855 888/1475/888 
f 890/1477/890 857/1444/857 856/1443/856 
f 890/1477/890 856/1443/856 889/1476/889 
f 891/1478/891 858/1445/858 857/1444/857 
f 891/1478/891 857/1444/857 890/1477/890 
f 892/1479/892 859/1446/859 858/1445/858 
f 892/1479/892 858/1445/858 891/1478/891 
f 893/1480/893 860/1447/860 859/1446/859 
f 893/1480/893 859/1446/859 892/1479/892 
f 895/1481/895 862/1448/862 861/1449/861 
f 895/1481/895 861/1449/861 894/1482/894 
f 896/1483/896 863/1450/863 862/1448/862 
f 896/1483/896 862/1448/862 895/1481/895 
f 897/1484/897 864/1451/864 863/1450/863 
f 897/1484/897 863/1450/863 896/1483/896 
f 898/1485/898 865/1452/865 864/1451/864 
f 898/1485/898 864/1451/864 897/1484/897 
f 899/1486/899 866/1453/866 865/1452/865 
f 899/1486/899 865/1452/865 898/1485/898 
f 900/1487/900 867/1454/867 866/1453/866 
f 900/1487/900 866/1453/866 899/1486/899 
f 901/1488/901 868/1455/868 867/1454/867 
f 901/1488/901 867/1454/867 900/1487/900 
f 902/1489/902 869/1456/869 868/1455/868 
f 902/1489/902 868/1455/868 901/1488/901 
f 903/1490/903 870/1457/870 869/1456/869 
f 903/1490/903 869/1456/869 902/1489/902 
f 904/1491/904 871/1458/871 870/1457/870 
f 904/1491/904 870/1457/870 903/1490/903 
f 905/1492/905 872/1459/872 871/1458/871 
f 905/1492/905 871/1458/871 904/1491/904 
f 906/1493/906 873/1460/873 872/1459/872 
f 906/1493/906 872/1459/872 905/1492/905 
f 907/1494/907 874/1461/874 873/1460/873 
f 907/1494/907 873/1460/873 906/1493/906 
f 908/1495/908 875/1462/875 874/1461/874 
f 908/1495/908 874/1461/874 907/1494/907 
f 909/1496/909 876/1463/876 875/1462/875 
f 909/1496/909 875/1462/875 908/1495/908 
f 910/1497/910 877/1464/877 876/1463/876 
f 910/1497/910 876/1463/876 909/1496/909 
f 911/1498/911 878/1465/878 877/1464/877 
f 911/1498/911 877/1464/877 910/1497/910 
f 912/1499/912 879/1466/879 878/1465/878 
f 912/1499/912 878/1465/878 911/1498/911 
f 913/1500/913 880/1467/880 879/1466/879 
f 913/1500/913 879/1466/879 912/1499/912 
f 914/1501/914 881/1468/881 880/1467/880 
f 914/1501/914 880/1467/880 913/1500/913 
f 915/1502/915 882/1469/882 881/1468/881 
f 915/1502/915 881/1468/881 914/1501/914 
f 916/1503/916 883/1470/883 882/1469/882 
f 916/1503/916 882/1469/882 915/1502/915 
f 917/1504/917 884/1471/884 883/1470/883 
f 917/1504/917 883/1470/883 916/1503/916 
f 918/1505/918 885/1472/885 884/1471/884 
f 918/1505/918 884/1471/884 917/1504/917 
f 919/1506/919 886/1473/886 885/1472/885 
f 919/1506/919 885/1472/885 918/1505/918 
f 920/1507/920 887/1474/887 886/1473/886 
f 920/1507/920 886/1473/886 919/1506/919 
f 921/1508/921 888/1475/888 887/1474/887 
f 921/1508/921 887/1474/887 920/1507/920 
f 922/1509/922 889/1476/889 888/1475/888 
f 922/1509/922 888/1475/888 921/1508/921 
f 923/1510/923 890/1477/890 889/1476/889 
f 923/1510/923 889/1476/889 922/1509/922 
f 924/1511/924 891/1478/891 890/1477/890 
f 924/1511/924 890/1477/890 923/1510/923 
f 925/1512/925 892/1479/892 891/1478/891 
f 925/1512/925 891/1478/891 924/1511/924 
f 926/1513/926 893/1480/893 892/1479/892 
f 926/1513/926 892/1479/892 925/1512/925 
f 928/1514/928 895/1481/895 894/1482/894 
f 928/1514/928 894/1482/894 927/1515/927 
f 929/1516/929 896/1483/896 895/1481/895 
f 929/1516/929 895/1481/895 928/1514/928 
f 930/1517/930 897/1484/897 896/1483/896 
f 930/1517/930 896/1483/896 929/1516/929 
f 931/1518/931 898/1485/898 897/1484/897 
f 931/1518/931 897/1484/897 930/1517/930 
f 932/1519/932 899/1486/899 898/1485/898 
f 932/1519/932 898/1485/898 931/1518/931 
f 933/1520/933 900/1487/900 899/1486/899 
f 933/1520/933 899/1486/899 932/1519/932 
f 934/1521/934 901/1488/901 900/1487/900 
f 934/1521/934 900/1487/900 933/1520/933 
f 935/1522/935 902/1489/902 901/1488/901 
f 935/1522/935 901/1488/901 934/1521/934 
f 936/1523/936 903/1490/903 902/1489/902 
f 936/1523/936 902/1489/902 935/1522/935 
f 937/1524/937 904/1491/904 903/1490/903 
f 937/1524/937 903/1490/903 936/1523/936 
f 938/1525/938 905/1492/905 904/1491/904 
f 938/1525/938 904/1491/904 937/1524/937 
f 939/1526/939 906/1493/906 905/1492/905 
f 939/1526/939 905/1492/905 938/1525/938 
f 940/1527/940 907/1494/907 906/1493/906 
f 940/1527/940 906/1493/906 939/1526/939 
f 941/1528/941 908/1495/908 907/1494/907 
f 941/1528/941 907/1494/907 940/1527/940 
f 942/1529/942 909/1496/909 908/1495/908 
f 942/1529/942 908/1495/908 941/1528/941 
f 943/1530/943 910/1497/910 909/1496/909 
f 943/1530/943 909/1496/909 942/1529/942 
f 944/1531/944 911/1498/911 910/1497/910 
f 944/1531/944 910/1497/910 943/1530/943 
f 945/1532/945 912/1499/912 911/1498/911 
f 945/1532/945 911/1498/911 944/1531/944 
f 946/1533/946 913/1500/913 912/1499/912 
f 946/1533/946 912/1499/912 945/1532/945 
f 947/1534/947 914/1501/914 913/1500/913 
f 947/1534/947 913/1500/913 946/1533/946 
f 948/1535/948 915/1502/915 914/1501/914 
f 948/1535/948 914/1501/914 947/1534/947 
f 949/1536/949 916/1503/916 915/1502/915 
f 949/1536/949 915/1502/915 948/1535/948 
f 950/1537/950 917/1504/917 916/1503/916 
f 950/1537/950 916/1503/916 949/1536/949 
f 951/1538/951 918/1505/918 917/1504/917 
f 951/1538/951 917/1504/917 950/1537/950 
f 952/1539/952 919/1506/919 918/1505/918 
f 952/1539/952 918/1505/918 951/1538/951 
f 953/1540/953 920/1507/920 919/1506/919 
f 953/1540/953 919/1506/919 952/1539/952 
f 954/1541/954 921/1508/921 920/1507/920 
f 954/1541/954 920/1507/920 953/1540/953 
f 955/1542/955 922/1509/922 921/1508/921 
f 955/1542/955 921/1508/921 954/1541/954 
f 956/1543/956 923/1510/923 922/1509/922 
f 956/1543/956 922/1509/922 955/1542/955 
f 957/1544/957 924/1511/924 923/1510/923 
f 957/1544/957 923/1510/923 956/1543/956 
f 958/1545/958 925/1512/925 924/1511/924 
f 958/1545/958 924/1511/924 957/1544/957 
f 959/1546/959 926/1513/926 925/1512/925 
f 959/1546/959 925/1512/925 958/1545/958 
f 961/1547/961 928/1514/928 927/1515/927 
f 961/1547/961 927/1515/927 960/1548/960 
f 962/1549/962 929/1516/929 928/1514/928 
f 962/1549/962 928/1514/928 961/1547/961 
f 963/1550/963 930/1517/930 929/1516/929 
f 963/1550/963 929/1516/929 962/1549/962 
f 964/1551/964 931/1518/931 930/1517/930 
f 964/1551/964 930/1517/930 963/1550/963 
f 965/1552/965 932/1519/932 931/1518/931 
f 965/1552/965 931/1518/931 964/1551/964 
f 966/1553/966 933/1520/933 932/1519/932 
f 966/1553/966 932/1519/932 965/1552/965 
f 967/1554/967 934/1521/934 933/1520/933 
f 967/1554/967 933/1520/933 966/1553/966 
f 968/1555/968 935/1522/935 934/1521/934 
f 968/1555/968 934/1521/934 967/1554/967 
f 969/1556/969 936/1523/936 935/1522/935 
f 969/1556/969 935/1522/935 968/1555/968 
f 970/1557/970 937/1524/937 936/1523/936 
f 970/1557/970 936/1523/936 969/1556/969 
f 971/1558/971 938/1525/938 937/1524/937 
f 971/1558/971 937/1524/937 970/1557/970 
f 972/1559/972 939/1526/939 938/1525/938 
f 972/1559/972 938/1525/938 971/1558/971 
f 973/1560/973 940/1527/940 939/1526/939 
f 973/1560/973 939/1526/939 972/1559/972 
f 974/1561/974 941/1528/941 940/1527/940 
f 974/1561/974 940/1527/940 973/1560/973 
f 975/1562/975 942/1529/942 941/1528/941 
f 975/1562/975 941/1528/941 974/1561/974 
f 976/1563/976 943/1530/943 942/1529/942 
f 976/1563/976 942/1529/942 975/1562/975 
f 977/1564/977 944/1531/944 943/1530/943 
f 977/1564/977 943/1530/943 976/1563/976 
f 978/1565/978 945/1532/945 944/1531/944 
f 978/1565/978 944/1531/944 977/1564/977 
f 979/1566/979 946/1533/946 945/1532/945 
f 979/1566/979 945/1532/945 978/1565/978 
f 980/1567/980 947/1534/947 946/1533/946 
f 980/1567/980 946/1533/946 979/1566/979 
f 981/1568/981 948/1535/948 947/1534/947 
f 981/1568/981 947/1534/947 980/1567/980 
f 982/1569/982 949/1536/949 948/1535/948 
f 982/1569/982 948/1535/948 981/1568/981 
f 983/1570/983 950/1537/950 949/1536/949 
f 983/1570/983 949/1536/949 982/1569/982 
f 984/1571/984 951/1538/951 950/1537/950 
f 984/1571/984 950/1537/950 983/1570/983 
f 985/1572/985 952/1539/952 951/1538/951 
f 985/1572/985 951/1538/951 984/1571/984 
f 986/1573/986 953/1540/953 952/1539/952 
f 986/1573/986 952/1539/952 985/1572/985 
f 987/1574/987 954/1541/954 953/1540/953 
f 987/1574/987 953/1540/953 986/1573/986 
f 988/1575/988 955/1542/955 954/1541/954 
f 988/1575/988 954/1541/954 987/1574/987 
f 989/1576/989 956/1543/956 955/1542/955 
f 989/1576/989 955/1542/955 988/1575/988 
f 990/1577/990 957/1544/957 956/1543/956 
f 990/1577/990 956/1543/956 989/1576/989 
f 991/1578/991 958/1545/958 957/1544/957 
f 991/1578/991 957/1544/957 990/1577/990 
f 992/1579/992 959/1546/959 958/1545/958 
f 992/1579/992 958/1545/958 991/1578/991 
f 994/1580/994 961/1547/961 960/1548/960 
f 994/1580/994 960/1548/960 993/1581/993 
f 995/1582/995 962/1549/962 961/1547/961 
f 995/1582/995 961/1547/961 994/1580/994 
f 996/1583/996 963/1550/963 962/1549/962 
f 996/1583/996 962/1549/962 995/1582/995 
f 997/1584/997 964/1551/964 963/1550/963 
f 997/1584/997 963/1550/963 996/1583/996 
f 998/1585/998 965/1552/965 964/1551/964 
f 998/1585/998 964/1551/964 997/1584/997 
f 999/1586/999 966/1553/966 965/1552/965 
f 999/1586/999 965/1552/965 998/1585/998 
f 1000/1587/1000 967/1554/967 966/1553/966 
f 1000/1587/1000 966/1553/966 999/1586/999 
f 1001/1588/1001 968/1555/968 967/1554/967 
f 1001/1588/1001 967/1554/967 1000/1587/1000 
f 1002/1589/1002 969/1556/969 968/1555/968 
f 1002/1589/1002 968/1555/968 1001/1588/1001 
f 1003/1590/1003 970/1557/970 969/1556/969 
f 1003/1590/1003 969/1556/969 1002/1589/1002 
f 1004/1591/1004 971/1558/971 970/1557/970 
f 1004/1591/1004 970/1557/970 1003/1590/1003 
f 1005/1592/1005 972/1559/972 971/1558/971 
f 1005/1592/1005 971/1558/971 1004/1591/1004 
f 1006/1593/1006 973/1560/973 972/1559/972 
f 1006/1593/1006 972/1559/972 1005/1592/1005 
f 1007/1594/1007 974/1561/974 973/1560/973 
f 1007/1594/1007 973/1560/973 1006/1593/1006 
f 1008/1595/1008 975/1562/975 974/1561/974 
f 1008/1595/1008 974/1561/974 1007/1594/1007 
f 1009/1596/1009 976/1563/976 975/1562/975 
f 1009/1596/1009 975/1562/975 1008/1595/1008 
f 1010/1597/1010 977/1564/977 976/1563/976 
f 1010/1597/1010 976/1563/976 1009/1596/1009 
f 1011/1598/1011 978/1565/978 977/1564/977 
f 1011/1598/1011 977/1564/977 1010/1597/1010 
f 1012/1599/1012 979/1566/979 978/1565/978 
f 1012/1599/1012 978/1565/978 1011/1598/1011 
f 1013/1600/1013 980/1567/980 979/1566/979 
f 1013/1600/1013 979/1566/979 1012/1599/1012 
f 1014/1601/1014 981/1568/981 980/1567/980 
f 1014/1601/1014 980/1567/980 1013/1600/1013 
f 1015/1602/1015 982/1569/982 981/1568/981 
f 1015/1602/1015 981/1568/981 1014/1601/1014 
f 1016/1603/1016 983/1570/983 982/1569/982 
f 1016/1603/1016 982/1569/982 1015/1602/1015 
f 1017/1604/1017 984/1571/984 983/1570/983 
f 1017/1604/1017 983/1570/983 1016/1603/1016 
f 1018/1605/1018 985/1572/985 984/1571/984 
f 1018/1605/1018 984/1571/984 1017/1604/1017 
f 1019/1606/1019 986/1573/986 985/1572/985 
f 1019/1606/1019 985/1572/985 1018/1605/1018 
f 1020/1607/1020 987/1574/987 986/1573/986 
f 1020/1607/1020 986/1573/986 1019/1606/1019 
f 1021/1608/1021 988/1575/988 987/1574/987 
f 1021/1608/1021 987/1574/987 1020/1607/1020 
f 1022/1609/1022 989/1576/989 988/1575/988 
f 1022/1609/1022 988/1575/988 1021/1608/1021 
f 1023/1610/1023 990/1577/990 989/1576/989 
f 1023/1610/1023 989/1576/989 1022/1609/1022 
f 1024/1611/1024 991/1578/991 990/1577/990 
f 1024/1611/1024 990/1577/990 1023/1610/1023 
f 1025/1612/1025 992/1579/992 991/1578/991 
f 1025/1612/1025 991/1578/991 1024/1611/1024 
f 1027/1613/1027 994/1580/994 993/1581/993 
f 1027/1613/1027 993/1581/993 1026/1614/1026 
f 1028/1615/1028 995/1582/995 994/1580/994 
f 1028/1615/1028 994/1580/994 1027/1613/1027 
f 1029/1616/1029 996/1583/996 995/1582/995 
f 1029/1616/1029 995/1582/995 1028/1615/1028 
f 1030/1617/1030 997/1584/997 996/1583/996 
f 1030/1617/1030 996/1583/996 1029/1616/1029 
f 1031/1618/1031 998/1585/998 997/1584/997 
f 1031/1618/1031 997/1584/997 1030/1617/1030 
f 1032/1619/1032 999/1586/999 998/1585/998 
f 1032/1619/1032 998/1585/998 1031/1618/1031 
f 1033/1620/1033 1000/1587/1000 999/1586/999 
f 1033/1620/1033 999/1586/999 1032/1619/1032 
f 1034/1621/1034 1001/1588/1001 1000/1587/1000 
f 1034/1621/1034 1000/1587/1000 1033/1620/1033 
f 1035/1622/1035 1002/1589/1002 1001/1588/1001 
f 1035/1622/1035 1001/1588/1001 1034/1621/1034 
f 1036/1623/1036 1003/1590/1003 1002/1589/1002 
f 1036/1623/1036 1002/1589/1002 1035/1622/1035 
f 1037/1624/1037 1004/1591/1004 1003/1590/1003 
f 1037/1624/1037 1003/1590/1003 1036/1623/1036 
f 1038/1625/1038 1005/1592/1005 1004/1591/1004 
f 1038/1625/1038 1004/1591/1004 1037/1624/1037 
f 1039/1626/1039 1006/1593/1006 1005/1592/1005 
f 1039/1626/1039 1005/1592/1005 1038/1625/1038 
f 1040/1627/1040 1007/1594/1007 1006/1593/1006 
f 1040/1627/1040 1006/1593/1006 1039/1626/1039 
f 1041/1628/1041 1008/1595/1008 1007/1594/1007 
f 1041/1628/1041 1007/1594/1007 1040/1627/1040 
f 1042/1629/1042 1009/1596/1009 1008/1595/1008 
f 1042/1629/1042 1008/1595/1008 1041/1628/1041 
f 1043/1630/1043 1010/1597/1010 1009/1596/1009 
f 1043/1630/1043 1009/1596/1009 1042/1629/1042 
f 1044/1631/1044 1011/1598/1011 1010/1597/1010 
f 1044/1631/1044 1010/1597/1010 1043/1630/1043 
f 1045/1632/1045 1012/1599/1012 1011/1598/1011 
f 1045/1632/1045 1011/1598/1011 1044/1631/1044 
f 1046/1633/1046 1013/1600/1013 1012/1599/1012 
f 1046/1633/1046 1012/1599/1012 1045/1632/1045 
f 1047/1634/1047 1014/1601/1014 1013/1600/1013 
f 1047/1634/1047 1013/1600/1013 1046/1633/1046 
f 1048/1635/1048 1015/1602/1015 1014/1601/1014 
f 1048/1635/1048 1014/1601/1014 1047/1634/1047 
f 1049/1636/1049 1016/1603/1016 1015/1602/1015 
f 1049/1636/1049 1015/1602/1015 1048/1635/1048 
f 1050/1637/1050 1017/1604/1017 1016/1603/1016 
f 1050/1637/1050 1016/1603/1016 1049/1636/1049 
f 1051/1638/1051 1018/1605/1018 1017/1604/1017 
f 1051/1638/1051 1017/1604/1017 1050/1637/1050 
f 1052/1639/1052 1019/1606/1019 1018/1605/1018 
f 1052/1639/1052 1018/1605/1018 1051/1638/1051 
f 1053/1640/1053 1020/1607/1020 1019/1606/1019 
f 1053/1640/1053 1019/1606/1019 1052/1639/1052 
f 1054/1641/1054 1021/1608/1021 1020/1607/1020 
f 1054/1641/1054 1020/1607/1020 1053/1640/1053 
f 1055/1642/1055 1022/1609/1022 1021/1608/1021 
f 1055/1642/1055 1021/1608/1021 1054/1641/1054 
f 1056/1643/1056 1023/1610/1023 1022/1609/1022 
f 1056/1643/1056 1022/1609/1022 1055/1642/1055 
f 1057/1644/1057 1024/1611/1024 1023/1610/1023 
f 1057/1644/1057 1023/1610/1023 1056/1643/1056 
f 1058/1645/1058 1025/1612/1025 1024/1611/1024 
f 1058/1645/1058 1024/1611/1024 1057/1644/1057 
f 1060/1646/1060 1027/1613/1027 1026/1614/1026 
f 1060/1646/1060 1026/1614/1026 1059/1647/1059 
f 1061/1648/1061 1028/1615/1028 1027/1613/1027 
f 1061/1648/1061 1027/1613/1027 1060/1646/1060 
f 1062/1649/1062 1029/1616/1029 1028/1615/1028 
f 1062/1649/1062 1028/1615/1028 1061/1648/1061 
f 1063/1650/1063 1030/1617/1030 1029/1616/1029 
f 1063/1650/1063 1029/1616/1029 1062/1649/1062 
f 1064/1651/1064 1031/1618/1031 1030/1617/1030 
f 1064/1651/1064 1030/1617/1030 1063/1650/1063 
f 1065/1652/1065 1032/1619/1032 1031/1618/1031 
f 1065/1652/1065 1031/1618/1031 1064/1651/1064 
f 1066/1653/1066 1033/1620/1033 1032/1619/1032 
f 1066/1653/1066 1032/1619/1032 1065/1652/1065 
f 1067/1654/1067 1034/1621/1034 1033/1620/1033 
f 1067/1654/1067 1033/1620/1033 1066/1653/1066 
f 1068/1655/1068 1035/1622/1035 1034/1621/1034 
f 1068/1655/1068 1034/1621/1034 1067/1654/1067 
f 1069/1656/1069 1036/1623/1036 1035/1622/1035 
f 1069/1656/1069 1035/1622/1035 1068/1655/1068 
f 1070/1657/1070 1037/1624/1037 1036/1623/1036 
f 1070/1657/1070 1036/1623/1036 1069/1656/1069 
f 1071/1658/1071 1038/1625/1038 1037/1624/1037 
f 1071/1658/1071 1037/1624/1037 1070/1657/1070 
f 1072/1659/1072 1039/1626/1039 1038/1625/1038 
f 1072/1659/1072 1038/1625/1038 1071/1658/1071 
f 1073/1660/1073 1040/1627/1040 1039/1626/1039 
f 1073/1660/1073 1039/1626/1039 1072/1659/1072 
f 1074/1661/1074 1041/1628/1041 1040/1627/1040 
f 1074/1661/1074 1040/1627/1040 1073/1660/1073 
f 1075/1662/1075 1042/1629/1042 1041/1628/1041 
f 1075/1662/1075 1041/1628/1041 1074/1661/1074 
f 1076/1663/1076 1043/1630/1043 1042/1629/1042 
f 1076/1663/1076 1042/1629/1042 1075/1662/1075 
f 1077/1664/1077 1044/1631/1044 1043/1630/1043 
f 1077/1664/1077 1043/1630/1043 1076/1663/1076 
f 1078/1665/1078 1045/1632/1045 1044/1631/1044 
f 1078/1665/1078 1044/1631/1044 1077/1664/1077 
f 1079/1666/1079 1046/1633/1046 1045/1632/1045 
f 1079/1666/1079 1045/1632/1045 1078/1665/1078 
f 1080/1667/1080 1047/1634/1047 1046/1633/1046 
f 1080/1667/1080 1046/1633/1046 1079/1666/1079 
f 1081/1668/1081 1048/1635/1048 1047/1634/1047 
f 1081/1668/1081 1047/1634/1047 1080/1667/1080 
f 1082/1669/1082 1049/1636/1049 1048/1635/1048 
f 1082/1669/1082 1048/1635/1048 1081/1668/1081 
f 1083/1670/1083 1050/1637/1050 1049/1636/1049 
f 1083/1670/1083 1049/1636/1049 1082/1669/1082 
f 1084/1671/1084 1051/1638/1051 1050/1637/1050 
f 1084/1671/1084 1050/1637/1050 1083/1670/1083 
f 1085/1672/1085 1052/1639/1052 1051/1638/1051 
f 1085/1672/1085 1051/1638/1051 1084/1671/1084 
f 1086/1673/1086 1053/1640/1053 1052/1639/1052 
f 1086/1673/1086 1052/1639/1052 1085/1672/1085 
f 1087/1674/1087 1054/1641/1054 1053/1640/1053 
f 1087/1674/1087 1053/1640/1053 1086/1673/1086 
f 1088/1675/1088 1055/1642/1055 1054/1641/1054 
f 1088/1675/1088 1054/1641/1054 1087/1674/1087 
f 1089/1676/1089 1056/1643/1056 1055/1642/1055 
f 1089/1676/1089 1055/1642/1055 1088/1675/1088 
f 1090/1677/1090 1057/1644/1057 1056/1643/1056 
f 1090/1677/1090 1056/1643/1056 1089/1676/1089 
f 1091/1678/1091 1058/1645/1058 1057/1644/1057 
f 1091/1678/1091 1057/1644/1057 1090/1677/1090 
f 1093/1679/1093 1060/1646/1060 1059/1647/1059 
f 1093/1679/1093 1059/1647/1059 1092/1680/1092 
f 1094/1681/1094 1061/1648/1061 1060/1646/1060 
f 1094/1681/1094 1060/1646/1060 1093/1679/1093 
f 1095/1682/1095 1062/1649/1062 1061/1648/1061 
f 1095/1682/1095 1061/1648/1061 1094/1681/1094 
f 1096/1683/1096 1063/1650/1063 1062/1649/1062 
f 1096/1683/1096 1062/1649/1062 1095/1682/1095 
f 1097/1684/1097 1064/1651/1064 1063/1650/1063 
f 1097/1684/1097 1063/1650/1063 1096/1683/1096 
f 1098/1685/1098 1065/1652/1065 1064/1651/1064 
f 1098/1685/1098 1064/1651/1064 1097/1684/1097 
f 1099/1686/1099 1066/1653/1066 1065/1652/1065 
f 1099/1686/1099 1065/1652/1065 1098/1685/1098 
f 1100/1687/1100 1067/1654/1067 1066/1653/1066 
f 1100/1687/1100 1066/1653/1066 1099/1686/1099 
f 1101/1688/1101 1068/1655/1068 1067/1654/1067 
f 1101/1688/1101 1067/1654/1067 1100/1687/1100 
f 1102/1689/1102 1069/1656/1069 1068/1655/1068 
f 1102/1689/1102 1068/1655/1068 1101/1688/1101 
f 1103/1690/1103 1070/1657/1070 1069/1656/1069 
f 1103/1690/1103 1069/1656/1069 1102/1689/1102 
f 1104/1691/1104 1071/1658/1071 1070/1657/1070 
f 1104/1691/1104 1070/1657/1070 1103/1690/1103 
f 1105/1692/1105 1072/1659/1072 1071/1658/1071 
f 1105/1692/1105 1071/1658/1071 1104/1691/1104 
f 1106/1693/1106 1073/1660/1073 1072/1659/1072 
f 1106/1693/1106 1072/1659/1072 1105/1692/1105 
f 1107/1694/1107 1074/1661/1074 1073/1660/1073 
f 1107/1694/1107 1073/1660/1073 1106/1693/1106 
f 1108/1695/1108 1075/1662/1075 1074/1661/1074 
f 1108/1695/1108 1074/1661/1074 1107/1694/1107 
f 1109/1696/1109 1076/1663/1076 1075/1662/1075 
f 1109/1696/1109 1075/1662/1075 1108/1695/1108 
f 1110/1697/1110 1077/1664/1077 1076/1663/1076 
f 1110/1697/1110 1076/1663/1076 1109/1696/1109 
f 1111/1698/1111 1078/1665/1078 1077/1664/1077 
f 1111/1698/1111 1077/1664/1077 1110/1697/1110 
f 1112/1699/1112 1079/1666/1079 1078/1665/1078 
f 1112/1699/1112 1078/1665/1078 1111/1698/1111 
f 1113/1700/1113 1080/1667/1080 1079/1666/1079 
f 1113/1700/1113 1079/1666/1079 1112/1699/1112 
f 1114/1701/1114 1081/1668/1081 1080/1667/1080 
f 1114/1701/1114 1080/1667/1080 1113/1700/1113 
f 1115/1702/1115 1082/1669/1082 1081/1668/1081 
f 1115/1702/1115 1081/1668/1081 1114/1701/1114 
f 1116/1703/1116 1083/1670/1083 1082/1669/1082 
f 1116/1703/1116 1082/1669/1082 1115/1702/1115 
f 1117/1704/1117 1084/1671/1084 1083/1670/1083 
f 1117/1704/1117 1083/1670/1083 1116/1703/1116 
f 1118/1705/1118 1085/1672/1085 1084/1671/1084 
f 1118/1705/1118 1084/1671/1084 1117/1704/1117 
f 1119/1706/1119 1086/1673/1086 1085/1672/1085 
f 1119/1706/1119 1085/1672/1085 1118/1705/1118 
f 1120/1707/1120 1087/1674/1087 1086/1673/1086 
f 1120/1707/1120 1086/1673/1086 1119/1706/1119 
f 1121/1708/1121 1088/1675/1088 1087/1674/1087 
f 1121/1708/1121 1087/1674/1087 1120/1707/1120 
f 1122/1709/1122 1089/1676/1089 1088/1675/1088 
f 1122/1709/1122 1088/1675/1088 1121/1708/1121 
f 1123/1710/1123 1090/1677/1090 1089/1676/1089 
f 1123/1710/1123 1089/1676/1089 1122/1709/1122 
f 1124/1711/1124 1091/1678/1091 1090/1677/1090 
f 1124/1711/1124 1090/1677/1090 1123/1710/1123 
f 1126/1712/1126 1093/1679/1093 1092/1680/1092 
f 1126/1712/1126 1092/1680/1092 1125/1713/1125 
f 1127/1714/1127 1094/1681/1094 1093/1679/1093 
f 1127/1714/1127 1093/1679/1093 1126/1712/1126 
f 1128/1715/1128 1095/1682/1095 1094/1681/1094 
f 1128/1715/1128 1094/1681/1094 1127/1714/1127 
f 1129/1716/1129 1096/1683/1096 1095/1682/1095 
f 1129/1716/1129 1095/1682/1095 1128/1715/1128 
f 1130/1717/1130 1097/1684/1097 1096/1683/1096 
f 1130/1717/1130 1096/1683/1096 1129/1716/1129 
f 1131/1718/1131 1098/1685/1098 1097/1684/1097 
f 1131/1718/1131 1097/1684/1097 1130/1717/1130 
f 1132/1719/1132 1099/1686/1099 1098/1685/1098 
f 1132/1719/1132 1098/1685/1098 1131/1718/1131 
f 1133/1720/1133 1100/1687/1100 1099/1686/1099 
f 1133/1720/1133 1099/1686/1099 1132/1719/1132 
f 1134/1721/1134 1101/1688/1101 1100/1687/1100 
f 1134/1721/1134 1100/1687/1100 1133/1720/1133 
f 1135/1722/1135 1102/1689/1102 1101/1688/1101 
f 1135/1722/1135 1101/1688/1101 1134/1721/1134 
f 1136/1723/1136 1103/1690/1103 1102/1689/1102 
f 1136/1723/1136 1102/1689/1102 1135/1722/1135 
f 1137/1724/1137 1104/1691/1104 1103/1690/1103 
f 1137/1724/1137 1103/1690/1103 1136/1723/1136 
f 1138/1725/1138 1105/1692/1105 1104/1691/1104 
f 1138/1725/1138 1104/1691/1104 1137/1724/1137 
f 1139/1726/1139 1106/1693/1106 1105/1692/1105 
f 1139/1726/1139 1105/1692/1105 1138/1725/1138 
f 1140/1727/1140 1107/1694/1107 1106/1693/1106 
f 1140/1727/1140 1106/1693/1106 1139/1726/1139 
f 1141/1728/1141 1108/1695/1108 1107/1694/1107 
f 1141/1728/1141 1107/1694/1107 1140/1727/1140 
f 1142/1729/1142 1109/1696/1109 1108/1695/1108 
f 1142/1729/1142 1108/1695/1108 1141/1728/1141 
f 1143/1730/1143 1110/1697/1110 1109/1696/1109 
f 1143/1730/1143 1109/1696/1109 1142/1729/1142 
f 1144/1731/1144 1111/1698/1111 1110/1697/1110 
f 1144/1731/1144 1110/1697/1110 1143/1730/1143 
f 1145/1732/1145 1112/1699/1112 1111/1698/1111 
f 1145/1732/1145 1111/1698/1111 1144/1731/1144 
f 1146/1733/1146 1113/1700/1113 1112/1699/1112 
f 1146/1733/1146 1112/1699/1112 1145/1732/1145 
f 1147/1734/1147 1114/1701/1114 1113/1700/1113 
f 1147/1734/1147 1113/1700/1113 1146/1733/1146 
f 1148/1735/1148 1115/1702/1115 1114/1701/1114 
f 1148/1735/1148 1114/1701/1114 1147/1734/1147 
f 1149/1736/1149 1116/1703/1116 1115/1702/1115 
f 1149/1736/1149 1115/1702/1115 1148/1735/1148 
f 1150/1737/1150 1117/1704/1117 1116/1703/1116 
f 1150/1737/1150 1116/1703/1116 1149/1736/1149 
f 1151/1738/1151 1118/1705/1118 1117/1704/1117 
f 1151/1738/1151 1117/1704/1117 1150/1737/1150 
f 1152/1739/1152 1119/1706/1119 1118/1705/1118 
f 1152/1739/1152 1118/1705/1118 1151/1738/1151 
f 1153/1740/1153 1120/1707/1120 1119/1706/1119 
f 1153/1740/1153 1119/1706/1119 1152/1739/1152 
f 1154/1741/1154 1121/1708/1121 1120/1707/1120 
f 1154/1741/1154 1120/1707/1120 1153/1740/1153 
f 1155/1742/1155 1122/1709/1122 1121/1708/1121 
f 1155/1742/1155 1121/1708/1121 1154/1741/1154 
f 1156/1743/1156 1123/1710/1123 1122/1709/1122 
f 1156/1743/1156 1122/1709/1122 1155/1742/1155 
f 1157/1744/1157 1124/1711/1124 1123/1710/1123 
f 1157/1744/1157 1123/1710/1123 1156/1743/1156 
f 1159/1745/1159 1126/1712/1126 1125/1713/1125 
f 1159/1745/1159 1125/1713/1125 1158/1746/1158 
f 1160/1747/1160 1127/1714/1127 1126/1712/1126 
f 1160/1747/1160 1126/1712/1126 1159/1745/1159 
f 1161/1748/1161 1128/1715/1128 1127/1714/1127 
f 1161/1748/1161 1127/1714/1127 1160/1747/1160 
f 1162/1749/1162 1129/1716/1129 1128/1715/1128 
f 1162/1749/1162 1128/1715/1128 1161/1748/1161 
f 1163/1750/1163 1130/1717/1130 1129/1716/1129 
f 1163/1750/1163 1129/1716/1129 1162/1749/1162 
f 1164/1751/1164 1131/1718/1131 1130/1717/1130 
f 1164/1751/1164 1130/1717/1130 1163/1750/1163 
f 1165/1752/1165 1132/1719/1132 1131/1718/1131 
f 1165/1752/1165 1131/1718/1131 1164/1751/1164 
f 1166/1753/1166 1133/1720/1133 1132/1719/1132 
f 1166/1753/1166 1132/1719/1132 1165/1752/1165 
f 1167/1754/1167 1134/1721/1134 1133/1720/1133 
f 1167/1754/1167 1133/1720/1133 1166/1753/1166 
f 1168/1755/1168 1135/1722/1135 1134/1721/1134 
f 1168/1755/1168 1134/1721/1134 1167/1754/1167 
f 1169/1756/1169 1136/1723/1136 1135/1722/1135 
f 1169/1756/1169 1135/1722/1135 1168/1755/1168 
f 1170/1757/1170 1137/1724/1137 1136/1723/1136 
f 1170/1757/1170 1136/1723/1136 1169/1756/1169 
f 1171/1758/1171 1138/1725/1138 1137/1724/1137 
f 1171/1758/1171 1137/1724/1137 1170/1757/1170 
f 1172/1759/1172 1139/1726/1139 1138/1725/1138 
f 1172/1759/1172 1138/1725/1138 1171/1758/1171 
f 1173/1760/1173 1140/1727/1140 1139/1726/1139 
f 1173/1760/1173 1139/1726/1139 1172/1759/1172 
f 1174/1761/1174 1141/1728/1141 1140/1727/1140 
f 1174/1761/1174 1140/1727/1140 1173/1760/1173 
f 1175/1762/1175 1142/1729/1142 1141/1728/1141 
f 1175/1762/1175 1141/1728/1141 1174/1761/1174 
f 1176/1763/1176 1143/1730/1143 1142/1729/1142 
f 1176/1763/1176 1142/1729/1142 1175/1762/1175 
f 1177/1764/1177 1144/1731/1144 1143/1730/1143 
f 1177/1764/1177 1143/1730/1143 1176/1763/1176 
f 1178/1765/1178 1145/1732/1145 1144/1731/1144 
f 1178/1765/1178 1144/1731/1144 1177/1764/1177 
f 1179/1766/1179 1146/1733/1146 1145/1732/1145 
f 1179/1766/1179 1145/1732/1145 1178/1765/1178 
f 1180/1767/1180 1147/1734/1147 1146/1733/1146 
f 1180/1767/1180 1146/1733/1146 1179/1766/1179 
f 1181/1768/1181 1148/1735/1148 1147/1734/1147 
f 1181/1768/1181 1147/1734/1147 1180/1767/1180 
f 1182/1769/1182 1149/1736/1149 1148/1735/1148 
f 1182/1769/1182 1148/1735/1148 1181/1768/1181 
f 1183/1770/1183 1150/1737/1150 1149/1736/1149 
f 1183/1770/1183 1149/1736/1149 1182/1769/1182 
f 1184/1771/1184 1151/1738/1151 1150/1737/1150 
f 1184/1771/1184 1150/1737/1150 1183/1770/1183 
f 1185/1772/1185 1152/1739/1152 1151/1738/1151 
f 1185/1772/1185 1151/1738/1151 1184/1771/1184 
f 1186/1773/1186 1153/1740/1153 1152/1739/1152 
f 1186/1773/1186 1152/1739/1152 1185/1772/1185 
f 1187/1774/1187 1154/1741/1154 1153/1740/1153 
f 1187/1774/1187 1153/1740/1153 1186/1773/1186 
f 1188/1775/1188 1155/1742/1155 1154/1741/1154 
f 1188/1775/1188 1154/1741/1154 1187/1774/1187 
f 1189/1776/1189 1156/1743/1156 1155/1742/1155 
f 1189/1776/1189 1155/1742/1155 1188/1775/1188 
f 1190/1777/1190 1157/1744/1157 1156/1743/1156 
f 1190/1777/1190 1156/1743/1156 1189/1776/1189 
f 1192/1778/1192 1159/1745/1159 1158/1746/1158 
f 1192/1778/1192 1158/1746/1158 1191/1779/1191 
f 1193/1780/1193 1160/1747/1160 1159/1745/1159 
f 1193/1780/1193 1159/1745/1159 1192/1778/1192 
f 1194/1781/1194 1161/1748/1161 1160/1747/1160 
f 1194/1781/1194 1160/1747/1160 1193/1780/1193 
f 1195/1782/1195 1162/1749/1162 1161/1748/1161 
f 1195/1782/1195 1161/1748/1161 1194/1781/1194 
f 1196/1783/1196 1163/1750/1163 1162/1749/1162 
f 1196/1783/1196 1162/1749/1162 1195/1782/1195 
f 1197/1784/1197 1164/1751/1164 1163/1750/1163 
f 1197/1784/1197 1163/1750/1163 1196/1783/1196 
f 1198/1785/1198 1165/1752/1165 1164/1751/1164 
f 1198/1785/1198 1164/1751/1164 1197/1784/1197 
f 1199/1786/1199 1166/1753/1166 1165/1752/1165 
f 1199/1786/1199 1165/1752/1165 1198/1785/1198 
f 1200/1787/1200 1167/1754/1167 1166/1753/1166 
f 1200/1787/1200 1166/1753/1166 1199/1786/1199 
f 1201/1788/1201 1168/1755/1168 1167/1754/1167 
f 1201/1788/1201 1167/1754/1167 1200/1787/1200 
f 1202/1789/1202 1169/1756/1169 1168/1755/1168 
f 1202/1789/1202 1168/1755/1168 1201/1788/1201 
f 1203/1790/1203 1170/1757/1170 1169/1756/1169 
f 1203/1790/1203 1169/1756/1169 1202/1789/1202 
f 1204/1791/1204 1171/1758/1171 1170/1757/1170 
f 1204/1791/1204 1170/1757/1170 1203/1790/1203 
f 1205/1792/1205 1172/1759/1172 1171/1758/1171 
f 1205/1792/1205 1171/1758/1171 1204/1791/1204 
f 1206/1793/1206 1173/1760/1173 1172/1759/1172 
f 1206/1793/1206 1172/1759/1172 1205/1792/1205 
f 1207/1794/1207 1174/1761/1174 1173/1760/1173 
f 1207/1794/1207 1173/1760/1173 1206/1793/1206 
f 1208/1795/1208 1175/1762/1175 1174/1761/1174 
f 1208/1795/1208 1174/1761/1174 1207/1794/1207 
f 1209/1796/1209 1176/1763/1176 1175/1762/1175 
f 1209/1796/1209 1175/1762/1175 1208/1795/1208 
f 1210/1797/1210 1177/1764/1177 1176/1763/1176 
f 1210/1797/1210 1176/1763/1176 1209/1796/1209 
f 1211/1798/1211 1178/1765/1178 1177/1764/1177 
f 1211/1798/1211 1177/1764/1177 1210/1797/1210 
f 1212/1799/1212 1179/1766/1179 1178/1765/1178 
f 1212/1799/1212 1178/1765/1178 1211/1798/1211 
f 1213/1800/1213 1180/1767/1180 1179/1766/1179 
f 1213/1800/1213 1179/1766/1179 1212/1799/1212 
f 1214/1801/1214 1181/1768/1181 1180/1767/1180 
f 1214/1801/1214 1180/1767/1180 1213/1800/1213 
f 1215/1802/1215 1182/1769/1182 1181/1768/1181 
f 1215/1802/1215 1181/1768/1181 1214/1801/1214 
f 1216/1803/1216 1183/1770/1183 1182/1769/1182 
f 1216/1803/1216 1182/1769/1182 1215/1802/1215 
f 1217/1804/1217 1184/1771/1184 1183/1770/1183 
f 1217/1804/1217 1183/1770/1183 1216/1803/1216 
f 1218/1805/1218 1185/1772/1185 1184/1771/1184 
f 1218/1805/1218 1184/1771/1184 1217/1804/1217 
f 1219/1806/1219 1186/1773/1186 1185/1772/1185 
f 1219/1806/1219 1185/1772/1185 1218/1805/1218 
f 1220/1807/1220 1187/1774/1187 1186/1773/1186 
f 1220/1807/1220 1186/1773/1186 1219/1806/1219 
f 1221/1808/1221 1188/1775/1188 1187/1774/1187 
f 1221/1808/1221 1187/1774/1187 1220/1807/1220 
f 1222/1809/1222 1189/1776/1189 1188/1775/1188 
f 1222/1809/1222 1188/1775/1188 1221/1808/1221 
f 1223/1810/1223 1190/1777/1190 1189/1776/1189 
f 1223/1810/1223 1189/1776/1189 1222/1809/1222 
f 1225/1811/1225 1192/1778/1192 1191/1779/1191 
f 1225/1811/1225 1191/1779/1191 1224/1812/1224 
f 1226/1813/1226 1193/1780/1193 1192/1778/1192 
f 1226/1813/1226 1192/1778/1192 1225/1811/1225 
f 1227/1814/1227 1194/1781/1194 1193/1780/1193 
f 1227/1814/1227 1193/1780/1193 1226/1813/1226 
f 1228/1815/1228 1195/1782/1195 1194/1781/1194 
f 1228/1815/1228 1194/1781/1194 1227/1814/1227 
f 1229/1816/1229 1196/1783/1196 1195/1782/1195 
f 1229/1816/1229 1195/1782/1195 1228/1815/1228 
f 1230/1817/1230 1197/1784/1197 1196/1783/1196 
f 1230/1817/1230 1196/1783/1196 1229/1816/1229 
f 1231/1818/1231 1198/1785/1198 1197/1784/1197 
f 1231/1818/1231 1197/1784/1197 1230/1817/1230 
f 1232/1819/1232 1199/1786/1199 1198/1785/1198 
f 1232/1819/1232 1198/1785/1198 1231/1818/1231 
f 1233/1820/1233 1200/1787/1200 1199/1786/1199 
f 1233/1820/1233 1199/1786/1199 1232/1819/1232 
f 1234/1821/1234 1201/1788/1201 1200/1787/1200 
f 1234/1821/1234 1200/1787/1200 1233/1820/1233 
f 1235/1822/1235 1202/1789/1202 1201/1788/1201 
f 1235/1822/1235 1201/1788/1201 1234/1821/1234 
f 1236/1823/1236 1203/1790/1203 1202/1789/1202 
f 1236/1823/1236 1202/1789/1202 1235/1822/1235 
f 1237/1824/1237 1204/1791/1204 1203/1790/1203 
f 1237/1824/1237 1203/1790/1203 1236/1823/1236 
f 1238/1825/1238 1205/1792/1205 1204/1791/1204 
f 1238/1825/1238 1204/1791/1204 1237/1824/1237 
f 1239/1826/1239 1206/1793/1206 1205/1792/1205 
f 1239/1826/1239 1205/1792/1205 1238/1825/1238 
f 1240/1827/1240 1207/1794/1207 1206/1793/1206 
f 1240/1827/1240 1206/1793/1206 1239/1826/1239 
f 1241/1828/1241 1208/1795/1208 1207/1794/1207 
f 1241/1828/1241 1207/1794/1207 1240/1827/1240 
f 1242/1829/1242 1209/1796/1209 1208/1795/1208 
f 1242/1829/1242 1208/1795/1208 1241/1828/1241 
f 1243/1830/1243 1210/1797/1210 1209/1796/1209 
f 1243/1830/1243 1209/1796/1209 1242/1829/1242 
f 1244/1831/1244 1211/1798/1211 1210/1797/1210 
f 1244/1831/1244 1210/1797/1210 1243/1830/1243 
f 1245/1832/1245 1212/1799/1212 1211/1798/1211 
f 1245/1832/1245 1211/1798/1211 1244/1831/1244 
f 1246/1833/1246 1213/1800/1213 1212/1799/1212 
f 1246/1833/1246 1212/1799/1212 1245/1832/1245 
f 1247/1834/1247 1214/1801/1214 1213/1800/1213 
f 1247/1834/1247 1213/1800/1213 1246/1833/1246 
f 1248/1835/1248 1215/1802/1215 1214/1801/1214 
f 1248/1835/1248 1214/1801/1214 1247/1834/1247 
f 1249/1836/1249 1216/1803/1216 1215/1802/1215 
f 1249/1836/1249 1215/1802/1215 1248/1835/1248 
f 1250/1837/1250 1217/1804/1217 1216/1803/1216 
f 1250/1837/1250 1216/1803/1216 1249/1836/1249 
f 1251/1838/1251 1218/1805/1218 1217/1804/1217 
f 1251/1838/1251 1217/1804/1217 1250/1837/1250 
f 1252/1839/1252 1219/1806/1219 1218/1805/1218 
f 1252/1839/1252 1218/1805/1218 1251/1838/1251 
f 1253/1840/1253 1220/1807/1220 1219/1806/1219 
f 1253/1840/1253 1219/1806/1219 1252/1839/1252 
f 1254/1841/1254 1221/1808/1221 1220/1807/1220 
f 1254/1841/1254 1220/1807/1220 1253/1840/1253 
f 1255/1842/1255 1222/1809/1222 1221/1808/1221 
f 1255/1842/1255 1221/1808/1221 1254/1841/1254 
f 1256/1843/1256 1223/1810/1223 1222/1809/1222 
f 1256/1843/1256 1222/1809/1222 1255/1842/1255 
f 1258/1844/1258 1225/1811/1225 1224/1812/1224 
f 1258/1844/1258 1224/1812/1224 1257/1845/1257 
f 1259/1846/1259 1226/1813/1226 1225/1811/1225 
f 1259/1846/1259 1225/1811/1225 1258/1844/1258 
f 1260/1847/1260 1227/1814/1227 1226/1813/1226 
f 1260/1847/1260 1226/1813/1226 1259/1846/1259 
f 1261/1848/1261 1228/1815/1228 1227/1814/1227 
f 1261/1848/1261 1227/1814/1227 1260/1847/1260 
f 1262/1849/1262 1229/1816/1229 1228/1815/1228 
f 1262/1849/1262 1228/1815/1228 1261/1848/1261 
f 1263/1850/1263 1230/1817/1230 1229/1816/1229 
f 1263/1850/1263 1229/1816/1229 1262/1849/1262 
f 1264/1851/1264 1231/1818/1231 1230/1817/1230 
f 1264/1851/1264 1230/1817/1230 1263/1850/1263 
f 1265/1852/1265 1232/1819/1232 1231/1818/1231 
f 1265/1852/1265 1231/1818/1231 1264/1851/1264 
f 1266/1853/1266 1233/1820/1233 1232/1819/1232 
f 1266/1853/1266 1232/1819/1232 1265/1852/1265 
f 1267/1854/1267 1234/1821/1234 1233/1820/1233 
f 1267/1854/1267 1233/1820/1233 1266/1853/1266 
f 1268/1855/1268 1235/1822/1235 1234/1821/1234 
f 1268/1855/1268 1234/1821/1234 1267/1854/1267 
f 1269/1856/1269 1236/1823/1236 1235/1822/1235 
f 1269/1856/1269 1235/1822/1235 1268/1855/1268 
f 1270/1857/1270 1237/1824/1237 1236/1823/1236 
f 1270/1857/1270 1236/1823/1236 1269/1856/1269 
f 1271/1858/1271 1238/1825/1238 1237/1824/1237 
f 1271/1858/1271 1237/1824/1237 1270/1857/1270 
f 1272/1859/1272 1239/1826/1239 1238/1825/1238 
f 1272/1859/1272 1238/1825/1238 1271/1858/1271 
f 1273/1860/1273 1240/1827/1240 1239/1826/1239 
f 1273/1860/1273 1239/1826/1239 1272/1859/1272 
f 1274/1861/1274 1241/1828/1241 1240/1827/1240 
f 1274/1861/1274 1240/1827/1240 1273/1860/1273 
f 1275/1862/1275 1242/1829/1242 1241/1828/1241 
f 1275/1862/1275 1241/1828/1241 1274/1861/1274 
f 1276/1863/1276 1243/1830/1243 1242/1829/1242 
f 1276/1863/1276 1242/1829/1242 1275/1862/1275 
f 1277/1864/1277 1244/1831/1244 1243/1830/1243 
f 1277/1864/1277 1243/1830/1243 1276/1863/1276 
f 1278/1865/1278 1245/1832/1245 1244/1831/1244 
f 1278/1865/1278 1244/1831/1244 1277/1864/1277 
f 1279/1866/1279 1246/1833/1246 1245/1832/1245 
f 1279/1866/1279 1245/1832/1245 1278/1865/1278 
f 1280/1867/1280 1247/1834/1247 1246/1833/1246 
f 1280/1867/1280 1246/1833/1246 1279/1866/1279 
f 1281/1868/1281 1248/1835/1248 1247/1834/1247 
f 1281/1868/1281 1247/1834/1247 1280/1867/1280 
f 1282/1869/1282 1249/1836/1249 1248/1835/1248 
f 1282/1869/1282 1248/1835/1248 1281/1868/1281 
f 1283/1870/1283 1250/1837/1250 1249/1836/1249 
f 1283/1870/1283 1249/1836/1249 1282/1869/1282 
f 1284/1871/1284 1251/1838/1251 1250/1837/1250 
f 1284/1871/1284 1250/1837/1250 1283/1870/1283 
f 1285/1872/1285 1252/1839/1252 1251/1838/1251 
f 1285/1872/1285 1251/1838/1251 1284/1871/1284 
f 1286/1873/1286 1253/1840/1253 1252/1839/1252 
f 1286/1873/1286 1252/1839/1252 1285/1872/1285 
f 1287/1874/1287 1254/1841/1254 1253/1840/1253 
f 1287/1874/1287 1253/1840/1253 1286/1873/1286 
f 1288/1875/1288 1255/1842/1255 1254/1841/1254 
f 1288/1875/1288 1254/1841/1254 1287/1874/1287 
f 1289/1876/1289 1256/1843/1256 1255/1842/1255 
f 1289/1876/1289 1255/1842/1255 1288/1875/1288 
f 1291/1877/1291 1258/1844/1258 1257/1845/1257 
f 1291/1877/1291 1257/1845/1257 1290/1878/1290 
f 1292/1879/1292 1259/1846/1259 1258/1844/1258 
f 1292/1879/1292 1258/1844/1258 1291/1877/1291 
f 1293/1880/1293 1260/1847/1260 1259/1846/1259 
f 1293/1880/1293 1259/1846/1259 1292/1879/1292 
f 1294/1881/1294 1261/1848/1261 1260/1847/1260 
f 1294/1881/1294 1260/1847/1260 1293/1880/1293 
f 1295/1882/1295 1262/1849/1262 1261/1848/1261 
f 1295/1882/1295 1261/1848/1261 1294/1881/1294 
f 1296/1883/1296 1263/1850/1263 1262/1849/1262 
f 1296/1883/1296 1262/1849/1262 1295/1882/1295 
f 1297/1884/1297 1264/1851/1264 1263/1850/1263 
f 1297/1884/1297 1263/1850/1263 1296/1883/1296 
f 1298/1885/1298 1265/1852/1265 1264/1851/1264 
f 1298/1885/1298 1264/1851/1264 1297/1884/1297 
f 1299/1886/1299 1266/1853/1266 1265/1852/1265 
f 1299/1886/1299 1265/1852/1265 1298/1885/1298 
f 1300/1887/1300 1267/1854/1267 1266/1853/1266 
f 1300/1887/1300 1266/1853/1266 1299/1886/1299 
f 1301/1888/1301 1268/1855/1268 1267/1854/1267 
f 1301/1888/1301 1267/1854/1267 1300/1887/1300 
f 1302/1889/1302 1269/1856/1269 1268/1855/1268 
f 1302/1889/1302 1268/1855/1268 1301/1888/1301 
f 1303/1890/1303 1270/1857/1270 1269/1856/1269 
f 1303/1890/1303 1269/1856/1269 1302/1889/1302 
f 1304/1891/1304 1271/1858/1271 1270/1857/1270 
f 1304/1891/1304 1270/1857/1270 1303/1890/1303 
f 1305/1892/1305 1272/1859/1272 1271/1858/1271 
f 1305/1892/1305 1271/1858/1271 1304/1891/1304 
f 1306/1893/1306 1273/1860/1273 1272/1859/1272 
f 1306/1893/1306 1272/1859/1272 1305/1892/1305 
f 1307/1894/1307 1274/1861/1274 1273/1860/1273 
f 1307/1894/1307 1273/1860/1273 1306/1893/1306 
f 1308/1895/1308 1275/1862/1275 1274/1861/1274 
f 1308/1895/1308 1274/1861/1274 1307/1894/1307 
f 1309/1896/1309 1276/1863/1276 1275/1862/1275 
f 1309/1896/1309 1275/1862/1275 1308/1895/1308 
f 1310/1897/1310 1277/1864/1277 1276/1863/1276 
f 1310/1897/1310 1276/1863/1276 1309/1896/1309 
f 1311/1898/1311 1278/1865/1278 1277/1864/1277 
f 1311/1898/1311 1277/1864/1277 1310/1897/1310 
f 1312/1899/1312 1279/1866/1279 1278/1865/1278 
f 1312/1899/1312 1278/1865/1278 1311/1898/1311 
f 1313/1900/1313 1280/1867/1280 1279/1866/1279 
f 1313/1900/1313 1279/1866/1279 1312/1899/1312 
f 1314/1901/1314 1281/1868/1281 1280/1867/1280 
f 1314/1901/1314 1280/1867/1280 1313/1900/1313 
f 1315/1902/1315 1282/1869/1282 1281/1868/1281 
f 1315/1902/1315 1281/1868/1281 1314/1901/1314 
f 1316/1903/1316 1283/1870/1283 1282/1869/1282 
f 1316/1903/1316 1282/1869/1282 1315/1902/1315 
f 1317/1904/1317 1284/1871/1284 1283/1870/1283 
f 1317/1904/1317 1283/1870/1283 1316/1903/1316 
f 1318/1905/1318 1285/1872/1285 1284/1871/1284 
f 1318/1905/1318 1284/1871/1284 1317/1904/1317 
f 1319/1906/1319 1286/1873/1286 1285/1872/1285 
f 1319/1906/1319 1285/1872/1285 1318/1905/1318 
f 1320/1907/1320 1287/1874/1287 1286/1873/1286 
f 1320/1907/1320 1286/1873/1286 1319/1906/1319 
f 1321/1908/1321 1288/1875/1288 1287/1874/1287 
f 1321/1908/1321 1287/1874/1287 1320/1907/1320 
f 1322/1909/1322 1289/1876/1289 1288/1875/1288 
f 1322/1909/1322 1288/1875/1288 1321/1908/1321 
f 1324/1910/1324 1291/1877/1291 1290/1878/1290 
f 1324/1910/1324 1290/1878/1290 1323/1911/1323 
f 1325/1912/1325 1292/1879/1292 1291/1877/1291 
f 1325/1912/1325 1291/1877/1291 1324/1910/1324 
f 1326/1913/1326 1293/1880/1293 1292/1879/1292 
f 1326/1913/1326 1292/1879/1292 1325/1912/1325 
f 1327/1914/1327 1294/1881/1294 1293/1880/1293 
f 1327/1914/1327 1293/1880/1293 1326/1913/1326 
f 1328/1915/1328 1295/1882/1295 1294/1881/1294 
f 1328/1915/1328 1294/1881/1294 1327/1914/1327 
f 1329/1916/1329 1296/1883/1296 1295/1882/1295 
f 1329/1916/1329 1295/1882/1295 1328/1915/1328 
f 1330/1917/1330 1297/1884/1297 1296/1883/1296 
f 1330/1917/1330 1296/1883/1296 1329/1916/1329 
f 1331/1918/1331 1298/1885/1298 1297/1884/1297 
f 1331/1918/1331 1297/1884/1297 1330/1917/1330 
f 1332/1919/1332 1299/1886/1299 1298/1885/1298 
f 1332/1919/1332 1298/1885/1298 1331/1918/1331 
f 1333/1920/1333 1300/1887/1300 1299/1886/1299 
f 1333/1920/1333 1299/1886/1299 1332/1919/1332 
f 1334/1921/1334 1301/1888/1301 1300/1887/1300 
f 1334/1921/1334 1300/1887/1300 1333/1920/1333 
f 1335/1922/1335 1302/1889/1302 1301/1888/1301 
f 1335/1922/1335 1301/1888/1301 1334/1921/1334 
f 1336/1923/1336 1303/1890/1303 1302/1889/1302 
f 1336/1923/1336 1302/1889/1302 1335/1922/1335 
f 1337/1924/1337 1304/1891/1304 1303/1890/1303 
f 1337/1924/1337 1303/1890/1303 1336/1923/1336 
f 1338/1925/1338 1305/1892/1305 1304/1891/1304 
f 1338/1925/1338 1304/1891/1304 1337/1924/1337 
f 1339/1926/1339 1306/1893/1306 1305/1892/1305 
f 1339/1926/1339 1305/1892/1305 1338/1925/1338 
f 1340/1927/1340 1307/1894/1307 1306/1893/1306 
f 1340/1927/1340 1306/1893/1306 1339/1926/1339 
f 1341/1928/1341 1308/1895/1308 1307/1894/1307 
f 1341/1928/1341 1307/1894/1307 1340/1927/1340 
f 1342/1929/1342 1309/1896/1309 1308/1895/1308 
f 1342/1929/1342 1308/1895/1308 1341/1928/1341 
f 1343/1930/1343 1310/1897/1310 1309/1896/1309 
f 1343/1930/1343 1309/1896/1309 1342/1929/1342 
f 1344/1931/1344 1311/1898/1311 1310/1897/1310 
f 1344/1931/1344 1310/1897/1310 1343/1930/1343 
f 1345/1932/1345 1312/1899/1312 1311/1898/1311 
f 1345/1932/1345 1311/1898/1311 1344/1931/1344 
f 1346/1933/1346 1313/1900/1313 1312/1899/1312 
f 1346/1933/1346 1312/1899/1312 1345/1932/1345 
f 1347/1934/1347 1314/1901/1314 1313/1900/1313 
f 1347/1934/1347 1313/1900/1313 1346/1933/1346 
f 1348/1935/1348 1315/1902/1315 1314/1901/1314 
f 1348/1935/1348 1314/1901/1314 1347/1934/1347 
f 1349/1936/1349 1316/1903/1316 1315/1902/1315 
f 1349/1936/1349 1315/1902/1315 1348/1935/1348 
f 1350/1937/1350 1317/1904/1317 1316/1903/1316 
f 1350/1937/1350 1316/1903/1316 1349/1936/1349 
f 1351/1938/1351 1318/1905/1318 1317/1904/1317 
f 1351/1938/1351 1317/1904/1317 1350/1937/1350 
f 1352/1939/1352 1319/1906/1319 1318/1905/1318 
f 1352/1939/1352 1318/1905/1318 1351/1938/1351 
f 1353/1940/1353 1320/1907/1320 1319/1906/1319 
f 1353/1940/1353 1319/1906/1319 1352/1939/1352 
f 1354/1941/1354 1321/1908/1321 1320/1907/1320 
f 1354/1941/1354 1320/1907/1320 1353/1940/1353 
f 1355/1942/1355 1322/1909/1322 1321/1908/1321 
f 1355/1942/1355 1321/1908/1321 1354/1941/1354 
f 1357/1943/1357 1324/1910/1324 1323/1911/1323 
f 1357/1943/1357 1323/1911/1323 1356/1944/1356 
f 1358/1945/1358 1325/1912/1325 1324/1910/1324 
f 1358/1945/1358 1324/1910/1324 1357/1943/1357 
f 1359/1946/1359 1326/1913/1326 1325/1912/1325 
f 1359/1946/1359 1325/1912/1325 1358/1945/1358 
f 1360/1947/1360 1327/1914/1327 1326/1913/1326 
f 1360/1947/1360 1326/1913/1326 1359/1946/1359 
f 1361/1948/1361 1328/1915/1328 1327/1914/1327 
f 1361/1948/1361 1327/1914/1327 1360/1947/1360 
f 1362/1949/1362 1329/1916/1329 1328/1915/1328 
f 1362/1949/1362 1328/1915/1328 1361/1948/1361 
f 1363/1950/1363 1330/1917/1330 1329/1916/1329 
f 1363/1950/1363 1329/1916/1329 1362/1949/1362 
f 1364/1951/1364 1331/1918/1331 1330/1917/1330 
f 1364/1951/1364 1330/1917/1330 1363/1950/1363 
f 1365/1952/1365 1332/1919/1332 1331/1918/1331 
f 1365/1952/1365 1331/1918/1331 1364/1951/1364 
f 1366/1953/1366 1333/1920/1333 1332/1919/1332 
f 1366/1953/1366 1332/1919/1332 1365/1952/1365 
f 1367/1954/1367 1334/1921/1334 1333/1920/1333 
f 1367/1954/1367 1333/1920/1333 1366/1953/1366 
f 1368/1955/1368 1335/1922/1335 1334/1921/1334 
f 1368/1955/1368 1334/1921/1334 1367/1954/1367 
f 1369/1956/1369 1336/1923/1336 1335/1922/1335 
f 1369/1956/1369 1335/1922/1335 1368/1955/1368 
f 1370/1957/1370 1337/1924/1337 1336/1923/1336 
f 1370/1957/1370 1336/1923/1336 1369/1956/1369 
f 1371/1958/1371 1338/1925/1338 1337/1924/1337 
f 1371/1958/1371 1337/1924/1337 1370/1957/1370 
f 1372/1959/1372 1339/1926/1339 1338/1925/1338 
f 1372/1959/1372 1338/1925/1338 1371/1958/1371 
f 1373/1960/1373 1340/1927/1340 1339/1926/1339 
f 1373/1960/1373 1339/1926/1339 1372/1959/1372 
f 1374/1961/1374 1341/1928/1341 1340/1927/1340 
f 1374/1961/1374 1340/1927/1340 1373/1960/1373 
f 1375/1962/1375 1342/1929/1342 1341/1928/1341 
f 1375/1962/1375 1341/1928/1341 1374/1961/1374 
f 1376/1963/1376 1343/1930/1343 1342/1929/1342 
f 1376/1963/1376 1342/1929/1342 1375/1962/1375 
f 1377/1964/1377 1344/1931/1344 1343/1930/1343 
f 1377/1964/1377 1343/1930/1343 1376/1963/1376 
f 1378/1965/1378 1345/1932/1345 1344/1931/1344 
f 1378/1965/1378 1344/1931/1344 1377/1964/1377 
f 1379/1966/1379 1346/1933/1346 1345/1932/1345 
f 1379/1966/1379 1345/1932/1345 1378/1965/1378 
f 1380/1967/1380 1347/1934/1347 1346/1933/1346 
f 1380/1967/1380 1346/1933/1346 1379/1966/1379 
f 1381/1968/1381 1348/1935/1348 1347/1934/1347 
f 1381/1968/1381 1347/1934/1347 1380/1967/1380 
f 1382/1969/1382 1349/1936/1349 1348/1935/1348 
f 1382/1969/1382 1348/1935/1348 1381/1968/1381 
f 1383/1970/1383 1350/1937/1350 1349/1936/1349 
f 1383/1970/1383 1349/1936/1349 1382/1969/1382 
f 1384/1971/1384 1351/1938/1351 1350/1937/1350 
f 1384/1971/1384 1350/1937/1350 1383/1970/1383 
f 1385/1972/1385 1352/1939/1352 1351/1938/1351 
f 1385/1972/1385 1351/1938/1351 1384/1971/1384 
f 1386/1973/1386 1353/1940/1353 1352/1939/1352 
f 1386/1973/1386 1352/1939/1352 1385/1972/1385 
f 1387/1974/1387 1354/1941/1354 1353/1940/1353 
f 1387/1974/1387 1353/1940/1353 1386/1973/1386 
f 1388/1975/1388 1355/1942/1355 1354/1941/1354 
f 1388/1975/1388 1354/1941/1354 1387/1974/1387 
f 1390/1976/1390 1357/1943/1357 1356/1944/1356 
f 1390/1976/1390 1356/1944/1356 1389/1977/1389 
f 1391/1978/1391 1358/1945/1358 1357/1943/1357 
f 1391/1978/1391 1357/1943/1357 1390/1976/1390 
f 1392/1979/1392 1359/1946/1359 1358/1945/1358 
f 1392/1979/1392 1358/1945/1358 1391/1978/1391 
f 1393/1980/1393 1360/1947/1360 1359/1946/1359 
f 1393/1980/1393 1359/1946/1359 1392/1979/1392 
f 1394/1981/1394 1361/1948/1361 1360/1947/1360 
f 1394/1981/1394 1360/1947/1360 1393/1980/1393 
f 1395/1982/1395 1362/1949/1362 1361/1948/1361 
f 1395/1982/1395 1361/1948/1361 1394/1981/1394 
f 1396/1983/1396 1363/1950/1363 1362/1949/1362 
f 1396/1983/1396 1362/1949/1362 1395/1982/1395 
f 1397/1984/1397 1364/1951/1364 1363/1950/1363 
f 1397/1984/1397 1363/1950/1363 1396/1983/1396 
f 1398/1985/1398 1365/1952/1365 1364/1951/1364 
f 1398/1985/1398 1364/1951/1364 1397/1984/1397 
f 1399/1986/1399 1366/1953/1366 1365/1952/1365 
f 1399/1986/1399 1365/1952/1365 1398/1985/1398 
f 1400/1987/1400 1367/1954/1367 1366/1953/1366 
f 1400/1987/1400 1366/1953/1366 1399/1986/1399 
f 1401/1988/1401 1368/1955/1368 1367/1954/1367 
f 1401/1988/1401 1367/1954/1367 1400/1987/1400 
f 1402/1989/1402 1369/1956/1369 1368/1955/1368 
f 1402/1989/1402 1368/1955/1368 1401/1988/1401 
f 1403/1990/1403 1370/1957/1370 1369/1956/1369 
f 1403/1990/1403 1369/1956/1369 1402/1989/1402 
f 1404/1991/1404 1371/1958/1371 1370/1957/1370 
f 1404/1991/1404 1370/1957/1370 1403/1990/1403 
f 1405/1992/1405 1372/1959/1372 1371/1958/1371 
f 1405/1992/1405 1371/1958/1371 1404/1991/1404 
f 1406/1993/1406 1373/1960/1373 1372/1959/1372 
f 1406/1993/1406 1372/1959/1372 1405/1992/1405 
f 1407/1994/1407 1374/1961/1374 1373/1960/1373 
f 1407/1994/1407 1373/1960/1373 1406/1993/1406 
f 1408/1995/1408 1375/1962/1375 1374/1961/1374 
f 1408/1995/1408 1374/1961/1374 1407/1994/1407 
f 1409/1996/1409 1376/1963/1376 1375/1962/1375 
f 1409/1996/1409 1375/1962/1375 1408/1995/1408 
f 1410/1997/1410 1377/1964/1377 1376/1963/1376 
f 1410/1997/1410 1376/1963/1376 1409/1996/1409 
f 1411/1998/1411 1378/1965/1378 1377/1964/1377 
f 1411/1998/1411 1377/1964/1377 1410/1997/1410 
f 1412/1999/1412 1379/1966/1379 1378/1965/1378 
f 1412/1999/1412 1378/1965/1378 1411/1998/1411 
f 1413/2000/1413 1380/1967/1380 1379/1966/1379 
f 1413/2000/1413 1379/1966/1379 1412/1999/1412 
f 1414/2001/1414 1381/1968/1381 1380/1967/1380 
f 1414/2001/1414 1380/1967/1380 1413/2000/1413 
f 1415/2002/1415 1382/1969/1382 1381/1968/1381 
f 1415/2002/1415 1381/1968/1381 1414/2001/1414 
f 1416/2003/1416 1383/1970/1383 1382/1969/1382 
f 1416/2003/1416 1382/1969/1382 1415/2002/1415 
f 1417/2004/1417 1384/1971/1384 1383/1970/1383 
f 1417/2004/1417 1383/1970/1383 1416/2003/1416 
f 1418/2005/1418 1385/1972/1385 1384/1971/1384 
f 1418/2005/1418 1384/1971/1384 1417/2004/1417 
f 1419/2006/1419 1386/1973/1386 1385/1972/1385 
f 1419/2006/1419 1385/1972/1385 1418/2005/1418 
f 1420/2007/1420 1387/1974/1387 1386/1973/1386 
f 1420/2007/1420 1386/1973/1386 1419/2006/1419 
f 1421/2008/1421 1388/1975/1388 1387/1974/1387 
f 1421/2008/1421 1387/1974/1387 1420/2007/1420 
f 1423/2009/1423 1390/1976/1390 1389/1977/1389 
f 1423/2009/1423 1389/1977/1389 1422/2010/1422 
f 1424/2011/1424 1391/1978/1391 1390/1976/1390 
f 1424/2011/1424 1390/1976/1390 1423/2009/1423 
f 1425/2012/1425 1392/1979/1392 1391/1978/1391 
f 1425/2012/1425 1391/1978/1391 1424/2011/1424 
f 1426/2013/1426 1393/1980/1393 1392/1979/1392 
f 1426/2013/1426 1392/1979/1392 1425/2012/1425 
f 1427/2014/1427 1394/1981/1394 1393/1980/1393 
f 1427/2014/1427 1393/1980/1393 1426/2013/1426 
f 1428/2015/1428 1395/1982/1395 1394/1981/1394 
f 1428/2015/1428 1394/1981/1394 1427/2014/1427 
f 1429/2016/1429 1396/1983/1396 1395/1982/1395 
f 1429/2016/1429 1395/1982/1395 1428/2015/1428 
f 1430/2017/1430 1397/1984/1397 1396/1983/1396 
f 1430/2017/1430 1396/1983/1396 1429/2016/1429 
f 1431/2018/1431 1398/1985/1398 1397/1984/1397 
f 1431/2018/1431 1397/1984/1397 1430/2017/1430 
f 1432/2019/1432 1399/1986/1399 1398/1985/1398 
f 1432/2019/1432 1398/1985/1398 1431/2018/1431 
f 1433/2020/1433 1400/1987/1400 1399/1986/1399 
f 1433/2020/1433 1399/1986/1399 1432/2019/1432 
f 1434/2021/1434 1401/1988/1401 1400/1987/1400 
f 1434/2021/1434 1400/1987/1400 1433/2020/1433 
f 1435/2022/1435 1402/1989/1402 1401/1988/1401 
f 1435/2022/1435 1401/1988/1401 1434/2021/1434 
f 1436/2023/1436 1403/1990/1403 1402/1989/1402 
f 1436/2023/1436 1402/1989/1402 1435/2022/1435 
f 1437/2024/1437 1404/1991/1404 1403/1990/1403 
f 1437/2024/1437 1403/1990/1403 1436/2023/1436 
f 1438/2025/1438 1405/1992/1405 1404/1991/1404 
f 1438/2025/1438 1404/1991/1404 1437/2024/1437 
f 1439/2026/1439 1406/1993/1406 1405/1992/1405 
f 1439/2026/1439 1405/1992/1405 1438/2025/1438 
f 1440/2027/1440 1407/1994/1407 1406/1993/1406 
f 1440/2027/1440 1406/1993/1406 1439/2026/1439 
f 1441/2028/1441 1408/1995/1408 1407/1994/1407 
f 1441/2028/1441 1407/1994/1407 1440/2027/1440 
f 1442/2029/1442 1409/1996/1409 1408/1995/1408 
f 1442/2029/1442 1408/1995/1408 1441/2028/1441 
f 1443/2030/1443 1410/1997/1410 1409/1996/1409 
f 1443/2030/1443 1409/1996/1409 1442/2029/1442 
f 1444/2031/1444 1411/1998/1411 1410/1997/1410 
f 1444/2031/1444 1410/1997/1410 1443/2030/1443 
f 1445/2032/1445 1412/1999/1412 1411/1998/1411 
f 1445/2032/1445 1411/1998/1411 1444/2031/1444 
f 1446/2033/1446 1413/2000/1413 1412/1999/1412 
f 1446/2033/1446 1412/1999/1412 1445/2032/1445 
f 1447/2034/1447 1414/2001/1414 1413/2000/1413 
f 1447/2034/1447 1413/2000/1413 1446/2033/1446 
f 1448/2035/1448 1415/2002/1415 1414/2001/1414 
f 1448/2035/1448 1414/2001/1414 1447/2034/1447 
f 1449/2036/1449 1416/2003/1416 1415/2002/1415 
f 1449/2036/1449 1415/2002/1415 1448/2035/1448 
f 1450/2037/1450 1417/2004/1417 1416/2003/1416 
f 1450/2037/1450 1416/2003/1416 1449/2036/1449 
f 1451/2038/1451 1418/2005/1418 1417/2004/1417 
f 1451/2038/1451 1417/2004/1417 1450/2037/1450 
f 1452/2039/1452 1419/2006/1419 1418/2005/1418 
f 1452/2039/1452 1418/2005/1418 1451/2038/1451 
f 1453/2040/1453 1420/2007/1420 1419/2006/1419 
f 1453/2040/1453 1419/2006/1419 1452/2039/1452 
f 1454/2041/1454 1421/2008/1421 1420/2007/1420 
f 1454/2041/1454 1420/2007/1420 1453/2040/1453 
f 1456/2042/1456 1423/2009/1423 1422/2010/1422 
f 1456/2042/1456 1422/2010/1422 1455/2043/1455 
f 1457/2044/1457 1424/2011/1424 1423/2009/1423 
f 1457/2044/1457 1423/2009/1423 1456/2042/1456 
f 1458/2045/1458 1425/2012/1425 1424/2011/1424 
f 1458/2045/1458 1424/2011/1424 1457/2044/1457 
f 1459/2046/1459 1426/2013/1426 1425/2012/1425 
f 1459/2046/1459 1425/2012/1425 1458/2045/1458 
f 1460/2047/1460 1427/2014/1427 1426/2013/1426 
f 1460/2047/1460 1426/2013/1426 1459/2046/1459 
f 1461/2048/1461 1428/2015/1428 1427/2014/1427 
f 1461/2048/1461 1427/2014/1427 1460/2047/1460 
f 1462/2049/1462 1429/2016/1429 1428/2015/1428 
f 1462/2049/1462 1428/2015/1428 1461/2048/1461 
f 1463/2050/1463 1430/2017/1430 1429/2016/1429 
f 1463/2050/1463 1429/2016/1429 1462/2049/1462 
f 1464/2051/1464 1431/2018/1431 1430/2017/1430 
f 1464/2051/1464 1430/2017/1430 1463/2050/1463 
f 1465/2052/1465 1432/2019/1432 1431/2018/1431 
f 1465/2052/1465 1431/2018/1431 1464/2051/1464 
f 1466/2053/1466 1433/2020/1433 1432/2019/1432 
f 1466/2053/1466 1432/2019/1432 1465/2052/1465 
f 1467/2054/1467 1434/2021/1434 1433/2020/1433 
f 1467/2054/1467 1433/2020/1433 1466/2053/1466 
f 1468/2055/1468 1435/2022/1435 1434/2021/1434 
f 1468/2055/1468 1434/2021/1434 1467/2054/1467 
f 1469/2056/1469 1436/2023/1436 1435/2022/1435 
f 1469/2056/1469 1435/2022/1435 1468/2055/1468 
f 1470/2057/1470 1437/2024/1437 1436/2023/1436 
f 1470/2057/1470 1436/2023/1436 1469/2056/1469 
f 1471/2058/1471 1438/2025/1438 1437/2024/1437 
f 1471/2058/1471 1437/2024/1437 1470/2057/1470 
f 1472/2059/1472 1439/2026/1439 1438/2025/1438 
f 1472/2059/1472 1438/2025/1438 1471/2058/1471 
f 1473/2060/1473 1440/2027/1440 1439/2026/1439 
f 1473/2060/1473 1439/2026/1439 1472/2059/1472 
f 1474/2061/1474 1441/2028/1441 1440/2027/1440 
f 1474/2061/1474 1440/2027/1440 1473/2060/1473 
f 1475/2062/1475 1442/2029/1442 1441/2028/1441 
f 1475/2062/1475 1441/2028/1441 1474/2061/1474 
f 1476/2063/1476 1443/2030/1443 1442/2029/1442 
f 1476/2063/1476 1442/2029/1442 1475/2062/1475 
f 1477/2064/1477 1444/2031/1444 1443/2030/1443 
f 1477/2064/1477 1443/2030/1443 1476/2063/1476 
f 1478/2065/1478 1445/2032/1445 1444/2031/1444 
f 1478/2065/1478 1444/2031/1444 1477/2064/1477 
f 1479/2066/1479 1446/2033/1446 1445/2032/1445 
f 1479/2066/1479 1445/2032/1445 1478/2065/1478 
f 1480/2067/1480 1447/2034/1447 1446/2033/1446 
f 1480/2067/1480 1446/2033/1446 1479/2066/1479 
f 1481/2068/1481 1448/2035/1448 1447/2034/1447 
f 1481/2068/1481 1447/2034/1447 1480/2067/1480 
f 1482/2069/1482 1449/2036/1449 1448/2035/1448 
f 1482/2069/1482 1448/2035/1448 1481/2068/1481 
f 1483/2070/1483 1450/2037/1450 1449/2036/1449 
f 1483/2070/1483 1449/2036/1449 1482/2069/1482 
f 1484/2071/1484 1451/2038/1451 1450/2037/1450 
f 1484/2071/1484 1450/2037/1450 1483/2070/1483 
f 1485/2072/1485 1452/2039/1452 1451/2038/1451 
f 1485/2072/1485 1451/2038/1451 1484/2071/1484 
f 1486/2073/1486 1453/2040/1453 1452/2039/1452 
f 1486/2073/1486 1452/2039/1452 1485/2072/1485 
f 1487/2074/1487 1454/2041/1454 1453/2040/1453 
f 1487/2074/1487 1453/2040/1453 1486/2073/1486 
f 1489/2075/1489 1456/2042/1456 1455/2043/1455 
f 1489/2075/1489 1455/2043/1455 1488/2076/1488 
f 1490/2077/1490 1457/2044/1457 1456/2042/1456 
f 1490/2077/1490 1456/2042/1456 1489/2075/1489 
f 1491/2078/1491 1458/2045/1458 1457/2044/1457 
f 1491/2078/1491 1457/2044/1457 1490/2077/1490 
f 1492/2079/1492 1459/2046/1459 1458/2045/1458 
f 1492/2079/1492 1458/2045/1458 1491/2078/1491 
f 1493/2080/1493 1460/2047/1460 1459/2046/1459 
f 1493/2080/1493 1459/2046/1459 1492/2079/1492 
f 1494/2081/1494 1461/2048/1461 1460/2047/1460 
f 1494/2081/1494 1460/2047/1460 1493/2080/1493 
f 1495/2082/1495 1462/2049/1462 1461/2048/1461 
f 1495/2082/1495 1461/2048/1461 1494/2081/1494 
f 1496/2083/1496 1463/2050/1463 1462/2049/1462 
f 1496/2083/1496 1462/2049/1462 1495/2082/1495 
f 1497/2084/1497 1464/2051/1464 1463/2050/1463 
f 1497/2084/1497 1463/2050/1463 1496/2083/1496 
f 1498/2085/1498 1465/2052/1465 1464/2051/1464 
f 1498/2085/1498 1464/2051/1464 1497/2084/1497 
f 1499/2086/1499 1466/2053/1466 1465/2052/1465 
f 1499/2086/1499 1465/2052/1465 1498/2085/1498 
f 1500/2087/1500 1467/2054/1467 1466/2053/1466 
f 1500/2087/1500 1466/2053/1466 1499/2086/1499 
f 1501/2088/1501 1468/2055/1468 1467/2054/1467 
f 1501/2088/1501 1467/2054/1467 1500/2087/1500 
f 1502/2089/1502 1469/2056/1469 1468/2055/1468 
f 1502/2089/1502 1468/2055/1468 1501/2088/1501 
f 1503/2090/1503 1470/2057/1470 1469/2056/1469 
f 1503/2090/1503 1469/2056/1469 1502/2089/1502 
f 1504/2091/1504 1471/2058/1471 1470/2057/1470 
f 1504/2091/1504 1470/2057/1470 1503/2090/1503 
f 1505/2092/1505 1472/2059/1472 1471/2058/1471 
f 1505/2092/1505 1471/2058/1471 1504/2091/1504 
f 1506/2093/1506 1473/2060/1473 1472/2059/1472 
f 1506/2093/1506 1472/2059/1472 1505/2092/1505 
f 1507/2094/1507 1474/2061/1474 1473/2060/1473 
f 1507/2094/1507 1473/2060/1473 1506/2093/1506 
f 1508/2095/1508 1475/2062/1475 1474/2061/1474 
f 1508/2095/1508 1474/2061/1474 1507/2094/1507 
f 1509/2096/1509 1476/2063/1476 1475/2062/1475 
f 1509/2096/1509 1475/2062/1475 1508/2095/1508 
f 1510/2097/1510 1477/2064/1477 1476/2063/1476 
f 1510/2097/1510 1476/2063/1476 1509/2096/1509 
f 1511/2098/1511 1478/2065/1478 1477/2064/1477 
f 1511/2098/1511 1477/2064/1477 1510/2097/1510 
f 1512/2099/1512 1479/2066/1479 1478/2065/1478 
f 1512/2099/1512 1478/2065/1478 1511/2098/1511 
f 1513/2100/1513 1480/2067/1480 1479/2066/1479 
f 1513/2100/1513 1479/2066/1479 1512/2099/1512 
f 1514/2101/1514 1481/2068/1481 1480/2067/1480 
f 1514/2101/1514 1480/2067/1480 1513/2100/1513 
f 1515/2102/1515 1482/2069/1482 1481/2068/1481 
f 1515/2102/1515 1481/2068/1481 1514/2101/1514 
f 1516/2103/1516 1483/2070/1483 1482/2069/1482 
f 1516/2103/1516 1482/2069/1482 1515/2102/1515 
f 1517/2104/1517 1484/2071/1484 1483/2070/1483 
f 1517/2104/1517 1483/2070/1483 1516/2103/1516 
f 1518/2105/1518 1485/2072/1485 1484/2071/1484 
f 1518/2105/1518 1484/2071/1484 1517/2104/1517 
f 1519/2106/1519 1486/2073/1486 1485/2072/1485 
f 1519/2106/1519 1485/2072/1485 1518/2105/1518 
f 1520/2107/1520 1487/2074/1487 1486/2073/1486 
f 1520/2107/1520 1486/2073/1486 1519/2106/1519 
f 1522/2108/1522 1489/2075/1489 1488/2076/1488 
f 1522/2108/1522 1488/2076/1488 1521/2109/1521 
f 1523/2110/1523 1490/2077/1490 1489/2075/1489 
f 1523/2110/1523 1489/2075/1489 1522/2108/1522 
f 1524/2111/1524 1491/2078/1491 1490/2077/1490 
f 1524/2111/1524 1490/2077/1490 1523/2110/1523 
f 1525/2112/1525 1492/2079/1492 1491/2078/1491 
f 1525/2112/1525 1491/2078/1491 1524/2111/1524 
f 1526/2113/1526 1493/2080/1493 1492/2079/1492 
f 1526/2113/1526 1492/2079/1492 1525/2112/1525 
f 1527/2114/1527 1494/2081/1494 1493/2080/1493 
f 1527/2114/1527 1493/2080/1493 1526/2113/1526 
f 1528/2115/1528 1495/2082/1495 1494/2081/1494 
f 1528/2115/1528 1494/2081/1494 1527/2114/1527 
f 1529/2116/1529 1496/2083/1496 1495/2082/1495 
f 1529/2116/1529 1495/2082/1495 1528/2115/1528 
f 1530/2117/1530 1497/2084/1497 1496/2083/1496 
f 1530/2117/1530 1496/2083/1496 1529/2116/1529 
f 1531/2118/1531 1498/2085/1498 1497/2084/1497 
f 1531/2118/1531 1497/2084/1497 1530/2117/1530 
f 1532/2119/1532 1499/2086/1499 1498/2085/1498 
f 1532/2119/1532 1498/2085/1498 1531/2118/1531 
f 1533/2120/1533 1500/2087/1500 1499/2086/1499 
f 1533/2120/1533 1499/2086/1499 1532/2119/1532 
f 1534/2121/1534 1501/2088/1501 1500/2087/1500 
f 1534/2121/1534 1500/2087/1500 1533/2120/1533 
f 1535/2122/1535 1502/2089/1502 1501/2088/1501 
f 1535/2122/1535 1501/2088/1501 1534/2121/1534 
f 1536/2123/1536 1503/2090/1503 1502/2089/1502 
f 1536/2123/1536 1502/2089/1502 1535/2122/1535 
f 1537/2124/1537 1504/2091/1504 1503/2090/1503 
f 1537/2124/1537 1503/2090/1503 1536/2123/1536 
f 1538/2125/1538 1505/2092/1505 1504/2091/1504 
f 1538/2125/1538 1504/2091/1504 1537/2124/1537 
f 1539/2126/1539 1506/2093/1506 1505/2092/1505 
f 1539/2126/1539 1505/2092/1505 1538/2125/1538 
f 1540/2127/1540 1507/2094/1507 1506/2093/1506 
f 1540/2127/1540 1506/2093/1506 1539/2126/1539 
f 1541/2128/1541 1508/2095/1508 1507/2094/1507 
f 1541/2128/1541 1507/2094/1507 1540/2127/1540 
f 1542/2129/1542 1509/2096/1509 1508/2095/1508 
f 1542/2129/1542 1508/2095/1508 1541/2128/1541 
f 1543/2130/1543 1510/2097/1510 1509/2096/1509 
f 1543/2130/1543 1509/2096/1509 1542/2129/1542 
f 1544/2131/1544 1511/2098/1511 1510/2097/1510 
f 1544/2131/1544 1510/2097/1510 1543/2130/1543 
f 1545/2132/1545 1512/2099/1512 1511/2098/1511 
f 1545/2132/1545 1511/2098/1511 1544/2131/1544 
f 1546/2133/1546 1513/2100/1513 1512/2099/1512 
f 1546/2133/1546 1512/2099/1512 1545/2132/1545 
f 1547/2134/1547 1514/2101/1514 1513/2100/1513 
f 1547/2134/1547 1513/2100/1513 1546/2133/1546 
f 1548/2135/1548 1515/2102/1515 1514/2101/1514 
f 1548/2135/1548 1514/2101/1514 1547/2134/1547 
f 1549/2136/1549 1516/2103/1516 1515/2102/1515 
f 1549/2136/1549 1515/2102/1515 1548/2135/1548 
f 1550/2137/1550 1517/2104/1517 1516/2103/1516 
f 1550/2137/1550 1516/2103/1516 1549/2136/1549 
f 1551/2138/1551 1518/2105/1518 1517/2104/1517 
f 1551/2138/1551 1517/2104/1517 1550/2137/1550 
f 1552/2139/1552 1519/2106/1519 1518/2105/1518 
f 1552/2139/1552 1518/2105/1518 1551/2138/1551 
f 1553/2140/1553 1520/2107/1520 1519/2106/1519 
f 1553/2140/1553 1519/2106/1519 1552/2139/1552 
f 1555/2141/1555 1522/2108/1522 1521/2109/1521 
f 1555/2141/1555 1521/2109/1521 1554/2142/1554 
f 1556/2143/1556 1523/2110/1523 1522/2108/1522 
f 1556/2143/1556 1522/2108/1522 1555/2141/1555 
f 1557/2144/1557 1524/2111/1524 1523/2110/1523 
f 1557/2144/1557 1523/2110/1523 1556/2143/1556 
f 1558/2145/1558 1525/2112/1525 1524/2111/1524 
f 1558/2145/1558 1524/2111/1524 1557/2144/1557 
f 1559/2146/1559 1526/2113/1526 1525/2112/1525 
f 1559/2146/1559 1525/2112/1525 1558/2145/1558 
f 1560/2147/1560 1527/2114/1527 1526/2113/1526 
f 1560/2147/1560 1526/2113/1526 1559/2146/1559 
f 1561/2148/1561 1528/2115/1528 1527/2114/1527 
f 1561/2148/1561 1527/2114/1527 1560/2147/1560 
f 1562/2149/1562 1529/2116/1529 1528/2115/1528 
f 1562/2149/1562 1528/2115/1528 1561/2148/1561 
f 1563/2150/1563 1530/2117/1530 1529/2116/1529 
f 1563/2150/1563 1529/2116/1529 1562/2149/1562 
f 1564/2151/1564 1531/2118/1531 1530/2117/1530 
f 1564/2151/1564 1530/2117/1530 1563/2150/1563 
f 1565/2152/1565 1532/2119/1532 1531/2118/1531 
f 1565/2152/1565 1531/2118/1531 1564/2151/1564 
f 1566/2153/1566 1533/2120/1533 1532/2119/1532 
f 1566/2153/1566 1532/2119/1532 1565/2152/1565 
f 1567/2154/1567 1534/2121/1534 1533/2120/1533 
f 1567/2154/1567 1533/2120/1533 1566/2153/1566 
f 1568/2155/1568 1535/2122/1535 1534/2121/1534 
f 1568/2155/1568 1534/2121/1534 1567/2154/1567 
f 1569/2156/1569 1536/2123/1536 1535/2122/1535 
f 1569/2156/1569 1535/2122/1535 1568/2155/1568 
f 1570/2157/1570 1537/2124/1537 1536/2123/1536 
f 1570/2157/1570 1536/2123/1536 1569/2156/1569 
f 1571/2158/1571 1538/2125/1538 1537/2124/1537 
f 1571/2158/1571 1537/2124/1537 1570/2157/1570 
f 1572/2159/1572 1539/2126/1539 1538/2125/1538 
f 1572/2159/1572 1538/2125/1538 1571/2158/1571 
f 1573/2160/1573 1540/2127/1540 1539/2126/1539 
f 1573/2160/1573 1539/2126/1539 1572/2159/1572 
f 1574/2161/1574 1541/2128/1541 1540/2127/1540 
f 1574/2161/1574 1540/2127/1540 1573/2160/1573 
f 1575/2162/1575 1542/2129/1542 1541/2128/1541 
f 1575/2162/1575 1541/2128/1541 1574/2161/1574 
f 1576/2163/1576 1543/2130/1543 1542/2129/1542 
f 1576/2163/1576 1542/2129/1542 1575/2162/1575 
f 1577/2164/1577 1544/2131/1544 1543/2130/1543 
f 1577/2164/1577 1543/2130/1543 1576/2163/1576 
f 1578/2165/1578 1545/2132/1545 1544/2131/1544 
f 1578/2165/1578 1544/2131/1544 1577/2164/1577 
f 1579/2166/1579 1546/2133/1546 1545/2132/1545 
f 1579/2166/1579 1545/2132/1545 1578/2165/1578 
f 1580/2167/1580 1547/2134/1547 1546/2133/1546 
f 1580/2167/1580 1546/2133/1546 1579/2166/1579 
f 1581/2168/1581 1548/2135/1548 1547/2134/1547 
f 1581/2168/1581 1547/2134/1547 1580/2167/1580 
f 1582/2169/1582 1549/2136/1549 1548/2135/1548 
f 1582/2169/1582 1548/2135/1548 1581/2168/1581 
f 1583/2170/1583 1550/2137/1550 1549/2136/1549 
f 1583/2170/1583 1549/2136/1549 1582/2169/1582 
f 1584/2171/1584 1551/2138/1551 1550/2137/1550 
f 1584/2171/1584 1550/2137/1550 1583/2170/1583 
f 1585/2172/1585 1552/2139/1552 1551/2138/1551 
f 1585/2172/1585 1551/2138/1551 1584/2171/1584 
f 1586/2173/1586 1553/2140/1553 1552/2139/1552 
f 1586/2173/1586 1552/2139/1552 1585/2172/1585 
f 1588/3/1588 1555/2141/1555 1554/2142/1554 
f 1588/3/1588 1554/2142/1554 1587/4/1587 
f 1589/8/1589 1556/2143/1556 1555/2141/1555 
f 1589/8/1589 1555/2141/1555 1588/3/1588 
f 1590/11/1590 1557/2144/1557 1556/2143/1556 
f 1590/11/1590 1556/2143/1556 1589/8/1589 
f 1591/14/1591 1558/2145/1558 1557/2144/1557 
f 1591/14/1591 1557/2144/1557 1590/11/1590 
f 1592/17/1592 1559/2146/1559 1558/2145/1558 
f 1592/17/1592 1558/2145/1558 1591/14/1591 
f 1593/20/1593 1560/2147/1560 1559/2146/1559 
f 1593/20/1593 1559/2146/1559 1592/17/1592 
f 1594/23/1594 1561/2148/1561 1560/2147/1560 
f 1594/23/1594 1560/2147/1560 1593/20/1593 
f 1595/26/1595 1562/2149/1562 1561/2148/1561 
f 1595/26/1595 1561/2148/1561 1594/23/1594 
f 1596/29/1596 1563/2150/1563 1562/2149/1562 
f 1596/29/1596 1562/2149/1562 1595/26/1595 
f 1597/32/1597 1564/2151/1564 1563/2150/1563 
f 1597/32/1597 1563/2150/1563 1596/29/1596 
f 1598/35/1598 1565/2152/1565 1564/2151/1564 
f 1598/35/1598 1564/2151/1564 1597/32/1597 
f 1599/38/1599 1566/2153/1566 1565/2152/1565 
f 1599/38/1599 1565/2152/1565 1598/35/1598 
f 1600/41/1600 1567/2154/1567 1566/2153/1566 
f 1600/41/1600 1566/2153/1566 1599/38/1599 
f 1601/44/1601 1568/2155/1568 1567/2154/1567 
f 1601/44/1601 1567/2154/1567 1600/41/1600 
f 1602/47/1602 1569/2156/1569 1568/2155/1568 
f 1602/47/1602 1568/2155/1568 1601/44/1601 
f 1603/50/1603 1570/2157/1570 1569/2156/1569 
f 1603/50/1603 1569/2156/1569 1602/47/1602 
f 1604/53/1604 1571/2158/1571 1570/2157/1570 
f 1604/53/1604 1570/2157/1570 1603/50/1603 
f 1605/56/1605 1572/2159/1572 1571/2158/1571 
f 1605/56/1605 1571/2158/1571 1604/53/1604 
f 1606/59/1606 1573/2160/1573 1572/2159/1572 
f 1606/59/1606 1572/2159/1572 1605/56/1605 
f 1607/62/1607 1574/2161/1574 1573/2160/1573 
f 1607/62/1607 1573/2160/1573 1606/59/1606 
f 1608/65/1608 1575/2162/1575 1574/2161/1574 
f 1608/65/1608 1574/2161/1574 1607/62/1607 
f 1609/68/1609 1576/2163/1576 1575/2162/1575 
f 1609/68/1609 1575/2162/1575 1608/65/1608 
f 1610/71/1610 1577/2164/1577 1576/2163/1576 
f 1610/71/1610 1576/2163/1576 1609/68/1609 
f 1611/74/1611 1578/2165/1578 1577/2164/1577 
f 1611/74/1611 1577/2164/1577 1610/71/1610 
f 1612/77/1612 1579/2166/1579 1578/2165/1578 
f 1612/77/1612 1578/2165/1578 1611/74/1611 
f 1613/80/1613 1580/2167/1580 1579/2166/1579 
f 1613/80/1613 1579/2166/1579 1612/77/1612 
f 1614/83/1614 1581/2168/1581 1580/2167/1580 
f 1614/83/1614 1580/2167/1580 1613/80/1613 
f 1615/86/1615 1582/2169/1582 1581/2168/1581 
f 1615/86/1615 1581/2168/1581 1614/83/1614 
f 1616/89/1616 1583/2170/1583 1582/2169/1582 
f 1616/89/1616 1582/2169/1582 1615/86/1615 
f 1617/92/1617 1584/2171/1584 1583/2170/1583 
f 1617/92/1617 1583/2170/1583 1616/89/1616 
f 1618/95/1618 1585/2172/1585 1584/2171/1584 
f 1618/95/1618 1584/2171/1584 1617/92/1617 
f 1619/98/1619 1586/2173/1586 1585/2172/1585 
f 1619/98/1619 1585/2172/1585 1618/95/1618 
f 1698/209/1698 1686/100/1686 1699/99/1699 
f 1698/209/1698 1699/99/1699 1700/206/1700 
f 1700/206/1700 1699/99/1699 1689/101/1689 
f 1700/206/1700 1689/101/1689 1690/207/1690 
f 1690/207/1690 1689/101/1689 1691/102/1691 
f 1690/207/1690 1691/102/1691 1693/203/1693 
f 1693/203/1693 1691/102/1691 1688/103/1688 
f 1693/203/1693 1688/103/1688 1692/204/1692 
f 1704/211/1704 1701/105/1701 1705/104/1705 
f 1704/211/1704 1705/104/1705 1707/212/1707 
f 1707/212/1707 1705/104/1705 1703/106/1703 
f 1707/212/1707 1703/106/1703 1706/208/1706 
f 1703/106/1703 1702/6/1702 1621/2/1621 
f 1703/106/1703 1621/2/1621 1686/100/1686 
f 1711/193/1711 1708/108/1708 1712/107/1712 
f 1711/193/1711 1712/107/1712 1714/215/1714 
f 1714/215/1714 1712/107/1712 1710/109/1710 
f 1714/215/1714 1710/109/1710 1713/213/1713 
f 1710/109/1710 1709/9/1709 1622/7/1622 
f 1710/109/1710 1622/7/1622 1701/105/1701 
f 1715/112/1715 1624/13/1624 1716/12/1716 
f 1715/112/1715 1716/12/1716 1717/194/1717 
f 1717/194/1717 1716/12/1716 1623/10/1623 
f 1717/194/1717 1623/10/1623 1708/108/1708 
f 1718/115/1718 1625/16/1625 1719/15/1719 
f 1718/115/1718 1719/15/1719 1720/111/1720 
f 1721/220/1721 1720/111/1720 1722/110/1722 
f 1721/220/1721 1722/110/1722 1724/217/1724 
f 1724/217/1724 1722/110/1722 1715/112/1715 
f 1724/217/1724 1715/112/1715 1723/195/1723 
f 1725/118/1725 1626/19/1626 1726/18/1726 
f 1725/118/1725 1726/18/1726 1727/114/1727 
f 1728/221/1728 1727/114/1727 1729/113/1729 
f 1728/221/1728 1729/113/1729 1731/222/1731 
f 1731/222/1731 1729/113/1729 1718/115/1718 
f 1731/222/1731 1718/115/1718 1730/219/1730 
f 1732/123/1732 1627/22/1627 1733/21/1733 
f 1732/123/1732 1733/21/1733 1734/117/1734 
f 1735/225/1735 1734/117/1734 1736/116/1736 
f 1735/225/1735 1736/116/1736 1738/226/1738 
f 1738/226/1738 1736/116/1736 1725/118/1725 
f 1738/226/1738 1725/118/1725 1737/224/1737 
f 1746/234/1746 1739/120/1739 1747/119/1747 
f 1746/234/1746 1747/119/1747 1748/231/1748 
f 1748/231/1748 1747/119/1747 1741/121/1741 
f 1748/231/1748 1741/121/1741 1742/232/1742 
f 1742/232/1742 1741/121/1741 1743/122/1743 
f 1742/232/1742 1743/122/1743 1745/228/1745 
f 1745/228/1745 1743/122/1743 1732/123/1732 
f 1745/228/1745 1732/123/1732 1744/229/1744 
f 1752/238/1752 1749/125/1749 1753/124/1753 
f 1752/238/1752 1753/124/1753 1755/236/1755 
f 1755/236/1755 1753/124/1753 1751/126/1751 
f 1755/236/1755 1751/126/1751 1754/233/1754 
f 1751/126/1751 1750/27/1750 1628/25/1628 
f 1751/126/1751 1628/25/1628 1739/120/1739 
f 1759/240/1759 1756/128/1756 1760/127/1760 
f 1759/240/1759 1760/127/1760 1762/241/1762 
f 1762/241/1762 1760/127/1760 1758/129/1758 
f 1762/241/1762 1758/129/1758 1761/237/1761 
f 1758/129/1758 1757/30/1757 1629/28/1629 
f 1758/129/1758 1629/28/1629 1749/125/1749 
f 1766/198/1766 1763/131/1763 1767/130/1767 
f 1766/198/1766 1767/130/1767 1769/243/1769 
f 1769/243/1769 1767/130/1767 1765/132/1765 
f 1769/243/1769 1765/132/1765 1768/244/1768 
f 1765/132/1765 1764/33/1764 1630/31/1630 
f 1765/132/1765 1630/31/1630 1756/128/1756 
f 1770/135/1770 1632/37/1632 1771/36/1771 
f 1770/135/1770 1771/36/1771 1772/197/1772 
f 1772/197/1772 1771/36/1771 1631/34/1631 
f 1772/197/1772 1631/34/1631 1763/131/1763 
f 1773/138/1773 1633/40/1633 1774/39/1774 
f 1773/138/1773 1774/39/1774 1775/134/1775 
f 1776/247/1776 1775/134/1775 1777/133/1777 
f 1776/247/1776 1777/133/1777 1779/246/1779 
f 1779/246/1779 1777/133/1777 1770/135/1770 
f 1779/246/1779 1770/135/1770 1778/196/1778 
f 1780/141/1780 1634/43/1634 1781/42/1781 
f 1780/141/1780 1781/42/1781 1782/137/1782 
f 1783/250/1783 1782/137/1782 1784/136/1784 
f 1783/250/1783 1784/136/1784 1786/251/1786 
f 1786/251/1786 1784/136/1784 1773/138/1773 
f 1786/251/1786 1773/138/1773 1785/249/1785 
f 1787/146/1787 1635/46/1635 1788/45/1788 
f 1787/146/1787 1788/45/1788 1789/140/1789 
f 1790/257/1790 1789/140/1789 1791/139/1791 
f 1790/257/1790 1791/139/1791 1793/253/1793 
f 1793/253/1793 1791/139/1791 1780/141/1780 
f 1793/253/1793 1780/141/1780 1792/254/1792 
f 1801/261/1801 1794/143/1794 1802/142/1802 
f 1801/261/1801 1802/142/1802 1803/262/1803 
f 1803/262/1803 1802/142/1802 1796/144/1796 
f 1803/262/1803 1796/144/1796 1797/258/1797 
f 1797/258/1797 1796/144/1796 1798/145/1798 
f 1797/258/1797 1798/145/1798 1800/259/1800 
f 1800/259/1800 1798/145/1798 1787/146/1787 
f 1800/259/1800 1787/146/1787 1799/256/1799 
f 1807/267/1807 1804/148/1804 1808/147/1808 
f 1807/267/1807 1808/147/1808 1810/265/1810 
f 1810/265/1810 1808/147/1808 1806/149/1806 
f 1810/265/1810 1806/149/1806 1809/263/1809 
f 1806/149/1806 1805/51/1805 1636/49/1636 
f 1806/149/1806 1636/49/1636 1794/143/1794 
f 1814/269/1814 1811/151/1811 1815/150/1815 
f 1814/269/1814 1815/150/1815 1817/270/1817 
f 1817/270/1817 1815/150/1815 1813/152/1813 
f 1817/270/1817 1813/152/1813 1816/266/1816 
f 1813/152/1813 1812/54/1812 1637/52/1637 
f 1813/152/1813 1637/52/1637 1804/148/1804 
f 1821/199/1821 1818/154/1818 1822/153/1822 
f 1821/199/1821 1822/153/1822 1824/272/1824 
f 1824/272/1824 1822/153/1822 1820/155/1820 
f 1824/272/1824 1820/155/1820 1823/273/1823 
f 1820/155/1820 1819/57/1819 1638/55/1638 
f 1820/155/1820 1638/55/1638 1811/151/1811 
f 1825/158/1825 1640/61/1640 1826/60/1826 
f 1825/158/1825 1826/60/1826 1827/200/1827 
f 1827/200/1827 1826/60/1826 1639/58/1639 
f 1827/200/1827 1639/58/1639 1818/154/1818 
f 1828/161/1828 1641/64/1641 1829/63/1829 
f 1828/161/1828 1829/63/1829 1830/157/1830 
f 1831/275/1831 1830/157/1830 1832/156/1832 
f 1831/275/1831 1832/156/1832 1834/276/1834 
f 1834/276/1834 1832/156/1832 1825/158/1825 
f 1834/276/1834 1825/158/1825 1833/201/1833 
f 1835/164/1835 1642/67/1642 1836/66/1836 
f 1835/164/1835 1836/66/1836 1837/160/1837 
f 1838/279/1838 1837/160/1837 1839/159/1839 
f 1838/279/1838 1839/159/1839 1841/280/1841 
f 1841/280/1841 1839/159/1839 1828/161/1828 
f 1841/280/1841 1828/161/1828 1840/278/1840 
f 1842/169/1842 1643/70/1643 1843/69/1843 
f 1842/169/1842 1843/69/1843 1844/163/1844 
f 1845/286/1845 1844/163/1844 1846/162/1846 
f 1845/286/1845 1846/162/1846 1848/282/1848 
f 1848/282/1848 1846/162/1846 1835/164/1835 
f 1848/282/1848 1835/164/1835 1847/283/1847 
f 1856/297/1856 1849/166/1849 1857/165/1857 
f 1856/297/1856 1857/165/1857 1858/290/1858 
f 1858/290/1858 1857/165/1857 1851/167/1851 
f 1858/290/1858 1851/167/1851 1852/287/1852 
f 1852/287/1852 1851/167/1851 1853/168/1853 
f 1852/287/1852 1853/168/1853 1855/288/1855 
f 1855/288/1855 1853/168/1853 1842/169/1842 
f 1855/288/1855 1842/169/1842 1854/285/1854 
f 1862/298/1862 1859/171/1859 1863/170/1863 
f 1862/298/1862 1863/170/1863 1865/295/1865 
f 1865/295/1865 1863/170/1863 1861/172/1861 
f 1865/295/1865 1861/172/1861 1864/296/1864 
f 1861/172/1861 1860/75/1860 1644/73/1644 
f 1861/172/1861 1644/73/1644 1849/166/1849 
f 1869/301/1869 1866/174/1866 1870/173/1870 
f 1869/301/1869 1870/173/1870 1872/302/1872 
f 1872/302/1872 1870/173/1870 1868/175/1868 
f 1872/302/1872 1868/175/1868 1871/299/1871 
f 1868/175/1868 1867/78/1867 1645/76/1645 
f 1868/175/1868 1645/76/1645 1859/171/1859 
f 1876/291/1876 1873/177/1873 1877/176/1877 
f 1876/291/1876 1877/176/1877 1879/304/1879 
f 1879/304/1879 1877/176/1877 1875/178/1875 
f 1879/304/1879 1875/178/1875 1878/303/1878 
f 1875/178/1875 1874/81/1874 1646/79/1646 
f 1875/178/1875 1646/79/1646 1866/174/1866 
f 1880/181/1880 1648/85/1648 1881/84/1881 
f 1880/181/1880 1881/84/1881 1882/292/1882 
f 1882/292/1882 1881/84/1881 1647/82/1647 
f 1882/292/1882 1647/82/1647 1873/177/1873 
f 1883/184/1883 1649/88/1649 1884/87/1884 
f 1883/184/1883 1884/87/1884 1885/180/1885 
f 1886/307/1886 1885/180/1885 1887/179/1887 
f 1886/307/1886 1887/179/1887 1889/308/1889 
f 1889/308/1889 1887/179/1887 1880/181/1880 
f 1889/308/1889 1880/181/1880 1888/293/1888 
f 1890/187/1890 1650/91/1650 1891/90/1891 
f 1890/187/1890 1891/90/1891 1892/183/1892 
f 1893/314/1893 1892/183/1892 1894/182/1894 
f 1893/314/1893 1894/182/1894 1896/310/1896 
f 1896/310/1896 1894/182/1894 1883/184/1883 
f 1896/310/1896 1883/184/1883 1895/311/1895 
f 1696/192/1696 1651/94/1651 1897/93/1897 
f 1696/192/1696 1897/93/1897 1898/186/1898 
f 1899/315/1899 1898/186/1898 1900/185/1900 
f 1899/315/1899 1900/185/1900 1902/316/1902 
f 1902/316/1902 1900/185/1900 1890/187/1890 
f 1902/316/1902 1890/187/1890 1901/313/1901 
f 1907/321/1907 1694/189/1694 1908/188/1908 
f 1907/321/1907 1908/188/1908 1909/322/1909 
f 1909/322/1909 1908/188/1908 1697/190/1697 
f 1909/322/1909 1697/190/1697 1903/320/1903 
f 1903/320/1903 1697/190/1697 1904/191/1904 
f 1903/320/1903 1904/191/1904 1906/319/1906 
f 1906/319/1906 1904/191/1904 1696/192/1696 
f 1906/319/1906 1696/192/1696 1905/318/1905 
f 1703/106/1703 1686/100/1686 1698/209/1698 
f 1703/106/1703 1698/209/1698 1706/208/1706 
f 1710/109/1710 1701/105/1701 1704/211/1704 
f 1710/109/1710 1704/211/1704 1713/213/1713 
f 1718/115/1718 1720/111/1720 1721/220/1721 
f 1718/115/1718 1721/220/1721 1730/219/1730 
f 1725/118/1725 1727/114/1727 1728/221/1728 
f 1725/118/1725 1728/221/1728 1737/224/1737 
f 1732/123/1732 1734/117/1734 1735/225/1735 
f 1732/123/1732 1735/225/1735 1744/229/1744 
f 1751/126/1751 1739/120/1739 1746/234/1746 
f 1751/126/1751 1746/234/1746 1754/233/1754 
f 1765/132/1765 1756/128/1756 1759/240/1759 
f 1765/132/1765 1759/240/1759 1768/244/1768 
f 1773/138/1773 1775/134/1775 1776/247/1776 
f 1773/138/1773 1776/247/1776 1785/249/1785 
f 1758/129/1758 1749/125/1749 1752/238/1752 
f 1758/129/1758 1752/238/1752 1761/237/1761 
f 1787/146/1787 1789/140/1789 1790/257/1790 
f 1787/146/1787 1790/257/1790 1799/256/1799 
f 1813/152/1813 1804/148/1804 1807/267/1807 
f 1813/152/1813 1807/267/1807 1816/266/1816 
f 1806/149/1806 1794/143/1794 1801/261/1801 
f 1806/149/1806 1801/261/1801 1809/263/1809 
f 1820/155/1820 1811/151/1811 1814/269/1814 
f 1820/155/1820 1814/269/1814 1823/273/1823 
f 1835/164/1835 1837/160/1837 1838/279/1838 
f 1835/164/1835 1838/279/1838 1847/283/1847 
f 1828/161/1828 1830/157/1830 1831/275/1831 
f 1828/161/1828 1831/275/1831 1840/278/1840 
f 1780/141/1780 1782/137/1782 1783/250/1783 
f 1780/141/1780 1783/250/1783 1792/254/1792 
f 1842/169/1842 1844/163/1844 1845/286/1845 
f 1842/169/1842 1845/286/1845 1854/285/1854 
f 1861/172/1861 1849/166/1849 1856/297/1856 
f 1861/172/1861 1856/297/1856 1864/296/1864 
f 1868/175/1868 1859/171/1859 1862/298/1862 
f 1868/175/1868 1862/298/1862 1871/299/1871 
f 1875/178/1875 1866/174/1866 1869/301/1869 
f 1875/178/1875 1869/301/1869 1878/303/1878 
f 1883/184/1883 1885/180/1885 1886/307/1886 
f 1883/184/1883 1886/307/1886 1895/311/1895 
f 1696/192/1696 1898/186/1898 1899/315/1899 
f 1696/192/1696 1899/315/1899 1905/318/1905 
f 1890/187/1890 1892/183/1892 1893/314/1893 
f 1890/187/1890 1893/314/1893 1901/313/1901 
f 1946/359/1946 1942/2174/1942 1949/2175/1949 
f 1946/359/1946 1949/2175/1949 1951/356/1951 
f 1951/356/1951 1949/2175/1949 1948/2176/1948 
f 1951/356/1951 1948/2176/1948 1950/354/1950 
f 1942/2174/1942 1956/330/1956 1959/328/1959 
f 1942/2174/1942 1959/328/1959 1949/2175/1949 
f 1949/2175/1949 1959/328/1959 1958/325/1958 
f 1949/2175/1949 1958/325/1958 1948/2176/1948 
f 1948/2176/1948 1958/325/1958 1961/332/1961 
f 1948/2176/1948 1961/332/1961 1960/335/1960 
f 1950/354/1950 1948/2176/1948 1960/335/1960 
f 1950/354/1950 1960/335/1960 1962/352/1962 
f 1953/367/1953 1952/347/1952 1943/2177/1943 
f 1953/367/1953 1943/2177/1943 1944/363/1944 
f 1952/347/1952 1955/344/1955 1954/341/1954 
f 1952/347/1952 1954/341/1954 1943/2177/1943 
f 1943/2177/1943 1954/341/1954 1957/338/1957 
f 1943/2177/1943 1957/338/1957 1945/2178/1945 
f 1945/2178/1945 1957/338/1957 1956/330/1956 
f 1945/2178/1945 1956/330/1956 1942/2174/1942 
f 1944/363/1944 1943/2177/1943 1945/2178/1945 
f 1944/363/1944 1945/2178/1945 1947/364/1947 
f 1947/364/1947 1945/2178/1945 1942/2174/1942 
f 1947/364/1947 1942/2174/1942 1946/359/1946 
f 35/2181/35 1969/2219/1969 34/2182/34 
f 35/2181/35 2/2216/2 1969/2219/1969 
f 34/2182/34 2197/2222/2197 33/2183/33 
f 34/2182/34 1969/2219/1969 2197/2222/2197 
f 33/2183/33 1970/2225/1970 32/2184/32 
f 33/2183/33 2197/2222/2197 1970/2225/1970 
f 32/2184/32 1971/2227/1971 31/2185/31 
f 32/2184/32 1970/2225/1970 1971/2227/1971 
f 31/2185/31 2194/2231/2194 30/2186/30 
f 31/2185/31 1971/2227/1971 2194/2231/2194 
f 30/2186/30 2195/2234/2195 29/2187/29 
f 30/2186/30 2194/2231/2194 2195/2234/2195 
f 29/2187/29 2198/2237/2198 28/2188/28 
f 29/2187/29 2195/2234/2195 2198/2237/2198 
f 28/2188/28 2196/2240/2196 27/2189/27 
f 28/2188/28 2198/2237/2198 2196/2240/2196 
f 27/2189/27 1972/467/1972 26/2190/26 
f 27/2189/27 2196/2240/2196 1972/467/1972 
f 26/2190/26 1973/470/1973 25/2191/25 
f 26/2190/26 1972/467/1972 1973/470/1973 
f 25/2191/25 2216/469/2216 24/2192/24 
f 25/2191/25 1973/470/1973 2216/469/2216 
f 24/2192/24 2214/2257/2214 23/2193/23 
f 24/2192/24 2216/469/2216 2214/2257/2214 
f 23/2193/23 2218/466/2218 22/2195/22 
f 23/2193/23 2214/2257/2214 2218/466/2218 
f 22/2195/22 2220/2179/2220 21/2194/21 
f 22/2195/22 2218/466/2218 2220/2179/2220 
f 21/2194/21 2217/375/2217 20/2197/20 
f 21/2194/21 2220/2179/2220 2217/375/2217 
f 20/2197/20 2222/478/2222 19/2196/19 
f 20/2197/20 2217/375/2217 2222/478/2222 
f 19/2196/19 2215/481/2215 18/2198/18 
f 19/2196/19 2222/478/2222 2215/481/2215 
f 18/2198/18 2219/376/2219 17/2199/17 
f 18/2198/18 2215/481/2215 2219/376/2219 
f 17/2199/17 2213/483/2213 16/2200/16 
f 17/2199/17 2219/376/2219 2213/483/2213 
f 16/2200/16 2209/484/2209 15/2201/15 
f 16/2200/16 2213/483/2213 2209/484/2209 
f 15/2201/15 2210/497/2210 14/2202/14 
f 15/2201/15 2209/484/2209 2210/497/2210 
f 14/2202/14 2208/494/2208 13/2203/13 
f 14/2202/14 2210/497/2210 2208/494/2208 
f 13/2203/13 2212/495/2212 12/2204/12 
f 13/2203/13 2208/494/2208 2212/495/2212 
f 12/2204/12 2223/2180/2223 11/2205/11 
f 12/2204/12 2212/495/2212 2223/2180/2223 
f 11/2205/11 2211/573/2211 10/2206/10 
f 11/2205/11 2223/2180/2223 2211/573/2211 
f 10/2206/10 2221/566/2221 9/2207/9 
f 10/2206/10 2211/573/2211 2221/566/2221 
f 9/2207/9 2203/2260/2203 8/2208/8 
f 9/2207/9 2221/566/2221 2203/2260/2203 
f 8/2208/8 2207/581/2207 7/2209/7 
f 8/2208/8 2203/2260/2203 2207/581/2207 
f 7/2209/7 2205/579/2205 6/2210/6 
f 7/2209/7 2207/581/2207 2205/579/2205 
f 6/2210/6 2206/570/2206 5/2211/5 
f 6/2210/6 2205/579/2205 2206/570/2206 
f 5/2211/5 2204/2263/2204 4/2213/4 
f 5/2211/5 2206/570/2206 2204/2263/2204 
f 4/2213/4 1/577/1 3/2212/3 
f 4/2213/4 2204/2263/2204 1/577/1 
f 1969/2219/1969 1974/2214/1974 2197/2222/2197 
f 1974/2214/1974 1969/2219/1969 1975/2215/1975 
f 2/2216/2 1975/2215/1975 1969/2219/1969 
f 2197/2222/2197 1976/2217/1976 1970/2225/1970 
f 1976/2217/1976 2197/2222/2197 1977/2218/1977 
f 1977/2218/1977 2197/2222/2197 1974/2214/1974 
f 1970/2225/1970 1978/2220/1978 1971/2227/1971 
f 1978/2220/1978 1970/2225/1970 1979/2221/1979 
f 1979/2221/1979 1970/2225/1970 1976/2217/1976 
f 1971/2227/1971 1980/2223/1980 2194/2231/2194 
f 1980/2223/1980 1971/2227/1971 1981/2224/1981 
f 1981/2224/1981 1971/2227/1971 1978/2220/1978 
f 2194/2231/2194 1982/2226/1982 1984/2230/1984 
f 1982/2226/1982 2194/2231/2194 1983/2228/1983 
f 1983/2228/1983 2194/2231/2194 1980/2223/1980 
f 2195/2234/2195 1985/2229/1985 1987/2233/1987 
f 1985/2229/1985 2195/2234/2195 1984/2230/1984 
f 2194/2231/2194 1984/2230/1984 2195/2234/2195 
f 2198/2237/2198 1986/2232/1986 1989/2236/1989 
f 1986/2232/1986 2198/2237/2198 1987/2233/1987 
f 2195/2234/2195 1987/2233/1987 2198/2237/2198 
f 2196/2240/2196 1988/2235/1988 1991/2239/1991 
f 2196/2240/2196 2198/2237/2198 1988/2235/1988 
f 2198/2237/2198 1989/2236/1989 1988/2235/1988 
f 1972/467/1972 1990/2238/1990 1993/465/1993 
f 1972/467/1972 2196/2240/2196 1990/2238/1990 
f 2196/2240/2196 1991/2239/1991 1990/2238/1990 
f 1992/460/1992 1995/471/1995 1972/467/1972 
f 1973/470/1973 1972/467/1972 1995/471/1995 
f 1972/467/1972 1993/465/1993 1992/460/1992 
f 1994/468/1994 1997/472/1997 1973/470/1973 
f 2216/469/2216 1973/470/1973 1997/472/1997 
f 1973/470/1973 1995/471/1995 1994/468/1994 
f 1996/463/1996 1999/462/1999 2216/469/2216 
f 2214/2257/2214 2216/469/2216 1999/462/1999 
f 2216/469/2216 1997/472/1997 1996/463/1996 
f 1998/464/1998 2001/461/2001 2214/2257/2214 
f 2218/466/2218 2214/2257/2214 2001/461/2001 
f 2214/2257/2214 1999/462/1999 1998/464/1998 
f 2000/473/2000 2003/373/2003 2218/466/2218 
f 2147/417/2147 2029/2241/2029 2109/532/2109 
f 2147/417/2147 2048/419/2048 2029/2241/2029 
f 2030/2242/2030 2048/419/2048 2079/530/2079 
f 2147/417/2147 2079/530/2079 2048/419/2048 
f 2113/413/2113 2030/2242/2030 2150/534/2150 
f 2171/556/2171 2031/2243/2031 2032/2244/2032 
f 2171/556/2171 2051/2245/2051 2031/2243/2031 
f 2171/556/2171 2163/560/2163 2051/2245/2051 
f 2177/458/2177 2055/439/2055 2035/436/2035 
f 2169/562/2169 2172/550/2172 2174/440/2174 
f 2159/434/2159 2032/2244/2032 2123/540/2123 
f 2159/434/2159 2171/556/2171 2032/2244/2032 
f 2159/434/2159 2167/443/2167 2171/556/2171 
f 2168/548/2168 2167/443/2167 2159/434/2159 
f 2168/548/2168 2085/425/2085 2167/443/2167 
f 2165/431/2165 2085/425/2085 2168/548/2168 
f 2163/560/2163 2071/446/2071 2051/2245/2051 
f 2171/556/2171 2170/455/2170 2163/560/2163 
f 2171/556/2171 2186/565/2186 2170/455/2170 
f 2187/391/2187 2132/558/2132 2170/455/2170 
f 2033/430/2033 2170/455/2170 2125/447/2125 
f 2125/447/2125 2170/455/2170 2132/558/2132 
f 2072/561/2072 2052/2246/2052 2173/2265/2173 
f 2052/2246/2052 2034/433/2034 2092/582/2092 
f 2166/585/2166 2092/582/2092 2053/2247/2053 
f 2034/433/2034 2053/2247/2053 2092/582/2092 
f 2166/585/2166 2053/2247/2053 2151/589/2151 
f 2181/584/2181 2035/436/2035 2054/2248/2054 
f 2181/584/2181 2177/458/2177 2035/436/2035 
f 2173/2265/2173 2181/584/2181 2072/561/2072 
f 2127/549/2127 2169/562/2169 2174/440/2174 
f 2127/549/2127 2087/564/2087 2169/562/2169 
f 2087/564/2087 2127/549/2127 2036/2249/2036 
f 2036/2249/2036 2055/439/2055 2087/564/2087 
f 2177/458/2177 2087/564/2087 2055/439/2055 
f 2190/386/2190 2066/442/2066 2093/403/2093 
f 2093/403/2093 2067/2250/2067 2185/525/2185 
f 2093/403/2093 2066/442/2066 2067/2250/2067 
f 2185/525/2185 2112/498/2112 2095/538/2095 
f 2185/525/2185 2067/2250/2067 2112/498/2112 
f 2095/538/2095 2056/2251/2056 2143/522/2143 
f 2095/538/2095 2117/499/2117 2056/2251/2056 
f 2095/538/2095 2112/498/2112 2117/499/2117 
f 2039/448/2039 2117/499/2117 2038/2253/2038 
f 2117/499/2117 2037/2252/2037 2056/2251/2056 
f 2037/2252/2037 2117/499/2117 2039/448/2039 
f 2059/453/2059 2096/501/2096 2040/2255/2040 
f 2038/2253/2038 2117/499/2117 2059/453/2059 
f 2096/501/2096 2059/453/2059 2117/499/2117 
f 2074/502/2074 2041/459/2041 2097/500/2097 
f 2097/500/2097 2040/2255/2040 2096/501/2096 
f 2040/2255/2040 2097/500/2097 2041/459/2041 
f 2074/502/2074 2050/385/2050 2041/459/2041 
f 2062/456/2062 2060/2254/2060 2099/393/2099 
f 2075/512/2075 2060/2254/2060 2107/389/2107 
f 2061/387/2061 2043/390/2043 2098/396/2098 
f 2043/390/2043 2062/456/2062 2099/393/2099 
f 2075/512/2075 2099/393/2099 2060/2254/2060 
f 2044/404/2044 2042/407/2042 2139/395/2139 
f 2042/407/2042 2061/387/2061 2139/395/2139 
f 2099/393/2099 2098/396/2098 2043/390/2043 
f 2046/422/2046 2045/426/2045 2134/397/2134 
f 2045/426/2045 2044/404/2044 2134/397/2134 
f 2098/396/2098 2139/395/2139 2061/387/2061 
f 2134/397/2134 2145/543/2145 2047/449/2047 
f 2134/397/2134 2191/555/2191 2145/543/2145 
f 2047/449/2047 2046/422/2046 2134/397/2134 
f 2139/395/2139 2134/397/2134 2044/404/2044 
f 2191/555/2191 2082/513/2082 2192/559/2192 
f 2191/555/2191 2134/397/2134 2082/513/2082 
f 2192/559/2192 2083/380/2083 2193/586/2193 
f 2192/559/2192 2082/513/2082 2083/380/2083 
f 2193/586/2193 2156/445/2156 2094/583/2094 
f 2193/586/2193 2083/380/2083 2156/445/2156 
f 2112/498/2112 2161/382/2161 2117/499/2117 
f 2117/499/2117 2100/383/2100 2096/501/2096 
f 2117/499/2117 2161/382/2161 2100/383/2100 
f 2096/501/2096 2101/381/2101 2097/500/2097 
f 2096/501/2096 2100/383/2100 2101/381/2101 
f 2097/500/2097 2090/514/2090 2074/502/2074 
f 2097/500/2097 2101/381/2101 2090/514/2090 
f 2074/502/2074 2058/384/2058 2050/385/2050 
f 2074/502/2074 2091/517/2091 2058/384/2058 
f 2074/502/2074 2090/514/2090 2091/517/2091 
f 2106/388/2106 2091/517/2091 2057/507/2057 
f 2091/517/2091 2049/503/2049 2058/384/2058 
f 2049/503/2049 2091/517/2091 2106/388/2106 
f 2102/519/2102 2063/392/2063 2178/518/2178 
f 2178/518/2178 2057/507/2057 2091/517/2091 
f 2057/507/2057 2178/518/2178 2063/392/2063 
f 2111/509/2111 2108/511/2108 2103/528/2103 
f 2108/511/2108 2063/392/2063 2103/528/2103 
f 2102/519/2102 2104/520/2104 2063/392/2063 
f 2103/528/2103 2107/389/2107 2110/394/2110 
f 2103/528/2103 2075/512/2075 2107/389/2107 
f 2110/394/2110 2111/509/2111 2103/528/2103 
f 2104/520/2104 2103/528/2103 2063/392/2063 
f 2075/512/2075 2184/405/2184 2099/393/2099 
f 2075/512/2075 2103/528/2103 2184/405/2184 
f 2099/393/2099 2183/510/2183 2098/396/2098 
f 2099/393/2099 2184/405/2184 2183/510/2183 
f 2098/396/2098 2227/515/2227 2139/395/2139 
f 2098/396/2098 2183/510/2183 2227/515/2227 
f 2139/395/2139 2231/516/2231 2134/397/2134 
f 2139/395/2139 2227/515/2227 2231/516/2231 
f 2134/397/2134 2225/398/2225 2082/513/2082 
f 2134/397/2134 2231/516/2231 2225/398/2225 
f 2090/514/2090 2230/400/2230 2091/517/2091 
f 2091/517/2091 2232/399/2232 2178/518/2178 
f 2091/517/2091 2230/400/2230 2232/399/2232 
f 2178/518/2178 2224/402/2224 2102/519/2102 
f 2178/518/2178 2232/399/2232 2224/402/2224 
f 2102/519/2102 2226/401/2226 2104/520/2104 
f 2102/519/2102 2224/402/2224 2226/401/2226 
f 2104/520/2104 2228/409/2228 2103/528/2103 
f 2104/520/2104 2226/401/2226 2228/409/2228 
f 2103/528/2103 2229/524/2229 2184/405/2184 
f 2103/528/2103 2228/409/2228 2229/524/2229 
f 2064/406/2064 2118/416/2118 2160/529/2160 
f 2162/533/2162 2160/529/2160 2118/416/2118 
f 2105/411/2105 2064/406/2064 2153/535/2153 
f 2158/410/2158 2147/417/2147 2081/526/2081 
f 2157/527/2157 2079/530/2079 2158/410/2158 
f 2147/417/2147 2153/535/2153 2081/526/2081 
f 2116/414/2116 2105/411/2105 2153/535/2153 
f 2160/529/2160 2153/535/2153 2064/406/2064 
f 2080/415/2080 2121/418/2121 2114/531/2114 
f 2080/415/2080 2155/423/2155 2121/418/2121 
f 2079/530/2079 2147/417/2147 2158/410/2158 
f 2157/527/2157 2150/534/2150 2079/530/2079 
f 2065/412/2065 2113/413/2113 2150/534/2150 
f 2079/530/2079 2150/534/2150 2030/2242/2030 
f 2150/534/2150 2114/531/2114 2065/412/2065 
f 2150/534/2150 2080/415/2080 2114/531/2114 
f 2153/535/2153 2109/532/2109 2116/414/2116 
f 2153/535/2153 2147/417/2147 2109/532/2109 
f 2118/416/2118 2120/420/2120 2162/533/2162 
f 2154/539/2154 2162/533/2162 2120/420/2120 
f 2155/423/2155 2068/536/2068 2121/418/2121 
f 2089/545/2089 2069/429/2069 2115/541/2115 
f 2089/545/2089 2168/548/2168 2069/429/2069 
f 2089/545/2089 2180/428/2180 2164/424/2164 
f 2084/542/2084 2165/431/2165 2089/545/2089 
f 2164/424/2164 2084/542/2084 2089/545/2089 
f 2159/434/2159 2123/540/2123 2124/546/2124 
f 2089/545/2089 2165/431/2165 2168/548/2168 
f 2168/548/2168 2124/546/2124 2069/429/2069 
f 2168/548/2168 2159/434/2159 2124/546/2124 
f 2182/432/2182 2175/551/2175 2179/553/2179 
f 2174/440/2174 2119/547/2119 2126/437/2126 
f 2174/440/2174 2175/551/2175 2119/547/2119 
f 2172/550/2172 2088/438/2088 2175/551/2175 
f 2126/437/2126 2070/435/2070 2174/440/2174 
f 2127/549/2127 2174/440/2174 2070/435/2070 
f 2175/551/2175 2174/440/2174 2172/550/2172 
f 2175/551/2175 2088/438/2088 2179/553/2179 
f 2186/565/2186 2171/556/2171 2167/443/2167 
f 2170/455/2170 2122/441/2122 2130/451/2130 
f 2122/441/2122 2170/455/2170 2129/552/2129 
f 2129/552/2129 2170/455/2170 2033/430/2033 
f 2163/560/2163 2130/451/2130 2071/446/2071 
f 2163/560/2163 2170/455/2170 2130/451/2130 
f 2086/505/2086 2135/563/2135 2132/558/2132 
f 2086/505/2086 2132/558/2132 2187/391/2187 
f 2133/454/2133 2128/452/2128 2181/584/2181 
f 2092/582/2092 2173/2265/2173 2052/2246/2052 
f 2054/2248/2054 2133/454/2133 2181/584/2181 
f 2128/452/2128 2072/561/2072 2181/584/2181 
f 2181/584/2181 2176/587/2176 2087/564/2087 
f 2176/587/2176 2169/562/2169 2087/564/2087 
f 2087/564/2087 2177/458/2177 2181/584/2181 
f 2189/457/2189 2190/386/2190 2170/455/2170 
f 2190/386/2190 2187/391/2187 2170/455/2170 
f 2170/455/2170 2186/565/2186 2189/457/2189 
f 2190/386/2190 2093/403/2093 2086/505/2086 
f 2086/505/2086 2073/504/2073 2135/563/2135 
f 2086/505/2086 2093/403/2093 2073/504/2073 
f 2086/505/2086 2187/391/2187 2190/386/2190 
f 2093/403/2093 2136/508/2136 2131/506/2131 
f 2136/508/2136 2093/403/2093 2140/523/2140 
f 2220/2179/2220 2218/466/2218 2003/373/2003 
f 2218/466/2218 2001/461/2001 2000/473/2000 
f 2002/372/2002 2005/374/2005 2220/2179/2220 
f 2217/375/2217 2220/2179/2220 2005/374/2005 
f 2220/2179/2220 2003/373/2003 2002/372/2002 
f 2004/474/2004 2007/476/2007 2217/375/2217 
f 2222/478/2222 2217/375/2217 2007/476/2007 
f 2217/375/2217 2005/374/2005 2004/474/2004 
f 2006/475/2006 2009/477/2009 2222/478/2222 
f 2215/481/2215 2222/478/2222 2009/477/2009 
f 2222/478/2222 2007/476/2007 2006/475/2006 
f 2008/480/2008 2011/482/2011 2215/481/2215 
f 2219/376/2219 2215/481/2215 2011/482/2011 
f 2215/481/2215 2009/477/2009 2008/480/2008 
f 2010/479/2010 2013/488/2013 2219/376/2219 
f 2213/483/2213 2219/376/2219 2013/488/2013 
f 2219/376/2219 2011/482/2011 2010/479/2010 
f 2012/377/2012 2015/490/2015 2213/483/2213 
f 2209/484/2209 2213/483/2213 2015/490/2015 
f 2213/483/2213 2013/488/2013 2012/377/2012 
f 2014/489/2014 2017/491/2017 2209/484/2209 
f 2210/497/2210 2209/484/2209 2017/491/2017 
f 2209/484/2209 2015/490/2015 2014/489/2014 
f 2016/486/2016 2019/2258/2019 2210/497/2210 
f 2208/494/2208 2210/497/2210 2019/2258/2019 
f 2210/497/2210 2017/491/2017 2016/486/2016 
f 2212/495/2212 2018/485/2018 2021/487/2021 
f 2212/495/2212 2208/494/2208 2018/485/2018 
f 2208/494/2208 2019/2258/2019 2018/485/2018 
f 2223/2180/2223 2020/493/2020 2023/492/2023 
f 2223/2180/2223 2212/495/2212 2020/493/2020 
f 2212/495/2212 2021/487/2021 2020/493/2020 
f 2140/523/2140 2093/403/2093 2142/521/2142 
f 2093/403/2093 2131/506/2131 2073/504/2073 
f 2138/408/2138 2093/403/2093 2076/421/2076 
f 2076/421/2076 2093/403/2093 2137/427/2137 
f 2185/525/2185 2137/427/2137 2093/403/2093 
f 2142/521/2142 2093/403/2093 2138/408/2138 
f 2095/538/2095 2143/522/2143 2137/427/2137 
f 2095/538/2095 2137/427/2137 2185/525/2185 
f 2191/555/2191 2146/537/2146 2145/543/2145 
f 2141/444/2141 2146/537/2146 2192/559/2192 
f 2077/544/2077 2148/450/2148 2192/559/2192 
f 2191/555/2191 2192/559/2192 2146/537/2146 
f 2078/557/2078 2077/544/2077 2193/586/2193 
f 2148/450/2148 2141/444/2141 2192/559/2192 
f 2149/554/2149 2144/2259/2144 2193/586/2193 
f 2192/559/2192 2193/586/2193 2077/544/2077 
f 2193/586/2193 2152/2256/2152 2149/554/2149 
f 2144/2259/2144 2078/557/2078 2193/586/2193 
f 2211/573/2211 2022/496/2022 2025/379/2025 
f 2211/573/2211 2223/2180/2223 2022/496/2022 
f 2223/2180/2223 2023/492/2023 2022/496/2022 
f 2221/566/2221 2024/378/2024 2027/571/2027 
f 2221/566/2221 2211/573/2211 2024/378/2024 
f 2211/573/2211 2025/379/2025 2024/378/2024 
f 2203/2260/2203 2026/572/2026 1963/569/1963 
f 2203/2260/2203 2221/566/2221 2026/572/2026 
f 2221/566/2221 2027/571/2027 2026/572/2026 
f 2207/581/2207 2028/567/2028 1965/2261/1965 
f 2028/567/2028 2207/581/2207 1963/569/1963 
f 2203/2260/2203 1963/569/1963 2207/581/2207 
f 2205/579/2205 1964/568/1964 2202/580/2202 
f 1964/568/1964 2205/579/2205 1965/2261/1965 
f 2207/581/2207 1965/2261/1965 2205/579/2205 
f 2206/570/2206 2201/574/2201 1967/2264/1967 
f 2201/574/2201 2206/570/2206 2202/580/2202 
f 2205/579/2205 2202/580/2202 2206/570/2206 
f 2204/2263/2204 1966/575/1966 1968/576/1968 
f 1966/575/1966 2204/2263/2204 1967/2264/1967 
f 2206/570/2206 1967/2264/1967 2204/2263/2204 
f 1/577/1 2200/578/2200 2199/2262/2199 
f 2200/578/2200 1/577/1 1968/576/1968 
f 2204/2263/2204 1968/576/1968 1/577/1 
f 2193/586/2193 2094/583/2094 2166/585/2166 
f 2094/583/2094 2092/582/2092 2166/585/2166 
f 2193/586/2193 2151/589/2151 2152/2256/2152 
f 2193/586/2193 2166/585/2166 2151/589/2151 
f 2094/583/2094 2188/588/2188 2173/2265/2173 
f 2188/588/2188 2181/584/2181 2173/2265/2173 
f 2173/2265/2173 2092/582/2092 2094/583/2094 
f 2176/587/2176 2181/584/2181 2188/588/2188 
