mtllib arteries_V2_1.mtl
v 72.63033295 -16.93201447 760.3427124
vn -0.3884159923 -0.2957478166 0.8727349043
v 71.87023163 -16.9328022 759.5153809
vn -0.9218402505 -0.182404846 0.3419635296
v 71.79360199 -16.93313789 759.2160645
vn -0.9793839455 -0.12961483 0.1549421102
v 71.97181702 -16.93268967 759.7241211
vn -0.8528956175 -0.2190085649 0.4739243984
v 72.18540192 -16.93235207 760.0254517
vn -0.702154696 -0.2607457042 0.6625635624
v 74.68860626 -16.93313789 759.2606812
vn 0.9755436778 0.001798542915 0.2197983861
v 72.80646515 -19.12494278 756.833374
vn -0.3797724247 0.2806396484 -0.8814841509
v 73.93624115 -19.12381935 756.8424683
vn 0.3897938132 0.2837990224 -0.8760815263
v 73.25489807 -17.60883713 760.269165
vn -0.01353802439 -0.2959128022 0.9551190138
v 74.32378387 -17.41590881 759.8699341
vn 0.7082141638 -0.1648792624 0.6864746809
v 71.92202759 -17.4260273 759.3723145
vn -0.922712326 -0.1725284606 0.3447258472
v 72.0573349 -17.01903534 758.0617676
vn -0.8276571631 0.10552264 -0.551224649
v 74.74562836 -17.09728432 758.9137573
vn 0.9980900884 0.0533933118 0.03106888011
v 71.92382812 -16.93403816 758.3113403
vn -0.9131552577 0.05086642131 -0.4044256508
v 71.82976532 -16.9338131 758.5784912
vn -0.9705579877 -0.005497790873 -0.2408047467
v 72.96762085 -17.61681938 760.2319946
vn -0.2087869942 -0.3016324639 0.9302826524
v 72.69948578 -17.60827446 760.1445923
vn -0.3884423971 -0.2962648869 0.8725477457
v 71.84545135 -17.17778397 758.5380249
vn -0.9753990769 -0.004404869396 -0.2204024196
v 73.66969299 -19.09807396 756.7612915
vn 0.209867537 0.3004639149 -0.9304176569
v 74.5946579 -16.9328022 759.5406494
vn 0.950758338 -0.03582159057 0.3078561723
v 74.67858124 -16.93302536 759.2905884
vn 0.9733613729 -0.002131360583 0.2292663753
v 74.7300415 -16.93336296 758.9609375
vn 0.9978256226 0.05747530237 0.03225860372
v 74.72712708 -16.93336296 758.9819946
vn 0.9975113273 0.05391081423 0.04543971643
v 74.7133255 -16.93370056 758.6583252
vn 0.9813849926 0.1113381088 -0.1564844251
v 74.63536835 -16.93403816 758.3536377
vn 0.9232903123 0.1633551717 -0.3476350307
v 72.23352814 -16.9344883 757.8590698
vn -0.7072764039 0.1555304229 -0.6896160841
v 72.26802826 -16.9344883 757.8301392
vn -0.6863672137 0.1630549878 -0.7087405324
v 72.5634079 -16.93201447 760.3043823
vn -0.4381366074 -0.2959040999 0.8488092422
v 72.89823151 -16.93190193 760.4326782
vn -0.209123686 -0.2975179553 0.9315311909
v 72.81970978 -16.93190193 760.4063721
vn -0.2620688379 -0.3006522357 0.9170213342
v 74.62654114 -17.26626587 759.4439697
vn 0.9512574077 -0.04471889511 0.3051386774
v 72.71295166 -16.9348259 757.5230103
vn -0.3876965642 0.2411004603 -0.8896976709
v 72.45806122 -16.93471336 757.6661377
vn -0.5578333735 0.202487722 -0.8048730493
v 72.99436951 -16.93493652 757.4327393
vn -0.1980341673 0.2703288496 -0.942180872
v 72.72584534 -16.9348259 757.5158081
vn -0.3786213696 0.2424102426 -0.8932430148
v 73.2864151 -16.93493652 757.4023438
vn -0.001061207382 0.2880717218 -0.957608223
v 73.01354218 -16.93493652 757.4267578
vn -0.1847315729 0.2712831199 -0.9446055889
v 73.57345581 -16.93493652 757.432251
vn 0.1941612661 0.2938696146 -0.9359177351
v 73.30931854 -16.93493652 757.4003296
vn 0.0145190917 0.2881703675 -0.9574691057
v 73.84371185 -16.9348259 757.5180664
vn 0.3759260178 0.288340807 -0.8806470633
v 73.59668732 -16.93493652 757.4349365
vn 0.2098192126 0.2929709852 -0.9328150153
v 74.08049011 -16.93471336 757.6481323
vn 0.5466142893 0.2721756101 -0.7919174433
v 73.86437225 -16.9348259 757.5250244
vn 0.3894373775 0.2866809964 -0.8753014207
v 74.30123901 -16.9344883 757.8330688
vn 0.6968426108 0.2460426837 -0.6737012267
v 74.09614563 -16.93471336 757.6571045
vn 0.5574446321 0.2700246871 -0.7850745916
v 74.31233978 -16.9344883 757.8425293
vn 0.7038229704 0.243970558 -0.6671668291
v 74.49449158 -16.93426323 758.0748901
vn 0.8274368048 0.2086354494 -0.5213631988
v 74.57571411 -16.9328022 759.5751343
vn 0.8699266315 -0.07340171933 0.4876882732
v 74.5946579 -16.9328022 759.5406494
vn 0.8763099909 -0.06822699308 0.4768918753
v 74.42906952 -16.93257713 759.8234253
vn 0.8087700605 -0.1129662097 0.5771738291
v 74.46121979 -16.93257713 759.7836914
vn 0.8274924159 -0.1037819609 0.5518021584
v 74.62654114 -17.26626587 759.4439697
vn 0.8770326972 -0.07726688683 0.4741766155
v 74.70116425 -19.7182312 758.6624756
vn 0.9525546432 -0.1026181281 0.2865470052
v 74.78630829 -19.63480949 758.4093018
vn 0.9777498841 -0.06394100189 0.1997917145
v 74.8190918 -19.54565239 758.1380005
vn 0.9998984337 -0.00302070193 0.01392679755
v 74.79396057 -19.45436096 757.859375
vn 0.982663095 0.05895495042 -0.1757769436
v 74.70950317 -19.36587906 757.5889893
vn 0.9251429439 0.1189817935 -0.3604911268
v 74.22923279 -16.93235207 760.0512085
vn 0.6783490777 -0.163340956 0.7163534164
v 74.27703094 -16.93235207 760.0109253
vn 0.7072643042 -0.1526155621 0.6902794242
v 73.98201752 -16.932127 760.2406006
vn 0.5159016848 -0.2095174789 0.8306310177
v 74.04543304 -16.932127 760.2059937
vn 0.5554136634 -0.1981777847 0.8076145053
v 73.70062256 -16.93201447 760.3759766
vn 0.3296718001 -0.2482411861 0.910874784
v 73.77636719 -16.93201447 760.3529663
vn 0.3783001006 -0.237497285 0.8946977854
v 73.40223694 -16.93190193 760.4488525
vn 0.1303486973 -0.2770721018 0.9519665241
v 73.48526001 -16.93190193 760.4415283
vn 0.184634313 -0.2681414485 0.9455211759
v 73.1034317 -16.93190193 760.4575195
vn -0.07031966746 -0.2946528792 0.9530135393
v 73.1869812 -16.93190193 760.4676514
vn -0.01423091162 -0.2883757651 0.9574115872
v 72.14673615 -19.29606056 757.3475952
vn -0.8297982216 0.1636419892 -0.5335318446
v 72.02168274 -19.36869049 757.5671997
vn -0.9209533334 0.1113193184 -0.3734340072
v 71.9365387 -19.45199966 757.8203735
vn -0.9777413011 0.0548847951 -0.2025082409
v 71.90376282 -19.54115677 758.0916748
vn -0.9998440742 -0.006083259825 -0.01657846384
v 71.92888641 -19.63256073 758.3702393
vn -0.9825395346 -0.06810327619 0.1731416881
v 72.01334381 -19.7209301 758.640625
vn -0.9249261618 -0.1281893849 0.3578813672
v 72.15346527 -19.80187988 758.8890381
vn -0.8300917149 -0.182868287 0.526789248
v 72.33899689 -19.87079811 759.1011353
vn -0.7045332193 -0.2293954045 0.6715732813
v 72.55530548 -19.92487717 759.2681274
vn -0.5578975081 -0.2658458948 0.7861782908
v 72.78661346 -19.96310234 759.387207
vn -0.3894829154 -0.2930527627 0.8731684685
v 73.05316162 -19.98873711 759.4683838
vn -0.2094415873 -0.3096964657 0.9274817109
v 73.33868408 -19.99806786 759.4998169
vn -0.01385315787 -0.3154244125 0.9488495588
v 73.63191223 -19.98918533 759.4761963
vn 0.1856516451 -0.3088395894 0.932819128
v 73.91638184 -19.96197891 759.3964233
vn 0.3798768818 -0.2897351384 0.8784914017
v 74.17759705 -19.91734314 759.2634888
vn 0.5573827028 -0.2591098547 0.7887880802
v 74.40063477 -19.85876846 759.0874634
vn 0.7094555497 -0.2190781832 0.6698339581
v 74.5761261 -19.7907486 758.8821411
vn 0.8297803998 -0.1726697236 0.5307067633
v 74.70116425 -19.7182312 758.6624756
vn 0.879658401 -0.1377827525 0.455210954
v 74.63466644 -22.06372833 757.8704834
vn 0.950933814 -0.1501979828 0.2704911232
v 74.71910095 -21.98221588 757.6190186
vn 0.9767020941 -0.1137178987 0.1819925755
v 74.75164795 -21.89216042 757.3504028
vn 0.9986551404 -0.05172115564 -0.003581533441
v 74.72680664 -21.79715729 757.0754395
vn 0.9812489748 0.013278272 -0.1922866553
v 74.64318085 -21.70238113 756.8096313
vn 0.9235889912 0.07824126631 -0.3753154278
v 74.5043869 -21.61254883 756.5663452
vn 0.8287758827 0.1394242644 -0.5419330597
v 74.32057953 -21.53294945 756.3596802
vn 0.7032202482 0.1937294453 -0.6840688586
v 74.10626221 -21.46729088 756.1981201
vn 0.556642592 0.2386445105 -0.7957372665
v 73.87708282 -21.41703606 756.0842285
vn 0.3883306682 0.2749977708 -0.8795314431
v 73.61296082 -21.37802315 756.0081177
vn 0.2084733397 0.301035434 -0.9305463433
v 73.33002472 -21.35497475 755.9815674
vn 0.01296889503 0.3165526092 -0.9484862685
v 73.0394516 -21.35002708 756.0095825
vn -0.1864707321 0.3195396066 -0.9290441871
v 72.75753784 -21.36453056 756.0930176
vn -0.3805093467 0.3093086481 -0.8715163469
v 72.49867249 -21.39792252 756.2285156
vn -0.5578277707 0.2863423228 -0.7789969444
v 72.27761841 -21.44739151 756.4060059
vn -0.7096412182 0.2523800731 -0.6578097343
v 72.10366821 -21.50900269 756.6117554
vn -0.8296850324 0.2102552056 -0.5171223283
v 71.97970581 -21.57747078 756.8307495
vn -0.9205917716 0.16037108 -0.3560785353
v 71.89527893 -21.65909576 757.0822754
vn -0.9771781564 0.1047623381 -0.1847909838
v 71.86273193 -21.7490387 757.3508911
vn -0.999086678 0.04272102192 0.0008411105955
v 71.88758087 -21.84404182 757.6258545
vn -0.9816223383 -0.02231285349 0.1895249337
v 71.97119904 -21.93881798 757.8916626
vn -0.9239036441 -0.08731984347 0.3725282848
v 72.10999298 -22.02865028 758.1348267
vn -0.828997314 -0.1485675871 0.5391578078
v 72.29380035 -22.10824966 758.3414917
vn -0.7034705281 -0.2028687298 0.6811559796
v 72.50811768 -22.17402077 758.5031738
vn -0.5569034219 -0.2477948517 0.7927523255
v 72.73730469 -22.22427559 758.6171265
vn -0.3885968924 -0.2841559052 0.8764975071
v 73.00140381 -22.2632885 758.6931763
vn -0.2087134421 -0.3101875782 0.9274817109
v 73.28435516 -22.2863369 758.7196655
vn -0.01320658904 -0.3256634176 0.9453935027
v 73.57492828 -22.29117203 758.6917114
vn 0.1861159801 -0.3286046088 0.9259480834
v 73.85682678 -22.27678108 758.6081543
vn 0.3800595701 -0.318338275 0.8684557676
v 74.11571503 -22.24338913 758.4727783
vn 0.5573071837 -0.2953301668 0.7760082483
v 74.3367691 -22.1938076 758.2952881
vn 0.7091400623 -0.2613257766 0.6548505425
v 74.51071167 -22.13230896 758.0895386
vn 0.8291704059 -0.2191954702 0.5142273307
v 74.63466644 -22.06372833 757.8704834
vn 0.8788157701 -0.1882106662 0.4384741783
v 74.45166779 -24.45453262 757.0474243
vn 0.9483515024 -0.1825307608 0.2594454885
v 74.53517151 -24.37684441 756.796936
vn 0.9739952087 -0.1497018933 0.1700668037
v 74.56735992 -24.28881073 756.5301514
vn 0.9959412217 -0.08860418946 -0.01582327485
v 74.54277039 -24.19358444 756.2576904
vn 0.9786267877 -0.02307039127 -0.2043462992
v 74.46004486 -24.09644508 755.9951782
vn 0.9211403728 0.04395179823 -0.3867410421
v 74.32275391 -24.00222969 755.7557373
vn 0.8265966177 0.1085627228 -0.5522247553
v 74.14095306 -23.91633415 755.5531006
vn 0.7014099956 0.167440787 -0.6928113699
v 73.92896271 -23.84314346 755.3956299
vn 0.5552070141 0.2177540362 -0.8027006388
v 73.70227051 -23.78479195 755.2855225
vn 0.3873073459 0.260247767 -0.8844569325
v 73.44102478 -23.73622322 755.213562
vn 0.2078547031 0.2929212451 -0.9332703352
v 73.16116333 -23.70283127 755.1908569
vn 0.01290761959 0.3156172335 -0.9487987757
v 72.87375641 -23.68709183 755.222229
vn -0.1859429181 0.3259800076 -0.9269100428
v 72.59490967 -23.69102669 755.3085938
vn -0.3795470297 0.3229627013 -0.8669712543
v 72.33885956 -23.71441078 755.446228
vn -0.5564021468 0.3066163361 -0.7722713947
v 72.120224 -23.75533485 755.625061
vn -0.7078704834 0.2783485949 -0.6491852403
v 71.94817352 -23.80986404 755.8313599
vn -0.8276592493 0.2407494187 -0.5069712996
v 71.82556915 -23.87327385 756.0501709
vn -0.9183565378 0.1941462457 -0.3448601365
v 71.74207306 -23.9510746 756.3006592
vn -0.9748385549 0.1407723129 -0.1728378683
v 71.70988464 -24.03910637 756.5674438
vn -0.9967367649 0.07965770364 0.01305868383
v 71.73447418 -24.13422203 756.8397827
vn -0.9793725014 0.01409657858 0.2015709281
v 71.81719208 -24.23135948 757.102417
vn -0.9218702912 -0.0529351756 0.3838659525
v 71.95448303 -24.32568741 757.3418579
vn -0.8272706866 -0.1176021025 0.5493568778
v 72.13629913 -24.41147232 757.5443726
vn -0.7020897269 -0.1765012294 0.6898676157
v 72.34828186 -24.48466301 757.7019653
vn -0.5559180379 -0.2268278748 0.7996900678
v 72.57497406 -24.54301453 757.8120728
vn -0.3880187869 -0.2693277001 0.881421566
v 72.83621979 -24.59158325 757.8840332
vn -0.2086552978 -0.3019866943 0.9301972985
v 73.11607361 -24.62508774 757.9067383
vn -0.01374587882 -0.3246825933 0.9457231164
v 73.40349579 -24.64071465 757.8753662
vn 0.1851945221 -0.3350231647 0.9238303304
v 73.68232727 -24.63689232 757.7888794
vn 0.3786632717 -0.3319676816 0.8639511466
v 73.93838501 -24.61339378 757.6513062
vn 0.5554688573 -0.3155960739 0.7693201303
v 74.15702057 -24.57246971 757.4724121
vn 0.7069451809 -0.2873007357 0.6462869048
v 74.32906342 -24.51794243 757.2662354
vn 0.8267767429 -0.2496655732 0.5040906072
v 74.45166779 -24.45453262 757.0474243
vn 0.8765361309 -0.2230191827 0.4265523255
v 74.18616486 -26.84320068 756.2420654
vn 0.9464459419 -0.1996451765 0.2537358999
v 74.2684021 -26.77124596 755.9919434
vn 0.9716913104 -0.1711360216 0.1628756225
v 74.29987335 -26.68815994 755.7260132
vn 0.9933382273 -0.1127274185 -0.02390944399
v 74.27516174 -26.59675598 755.454834
vn 0.9758215547 -0.04898392409 -0.2130090892
v 74.19296265 -26.50186539 755.1940308
vn 0.9182447195 0.01730115712 -0.3956353664
v 74.0568161 -26.4083252 754.956665
vn 0.8237121701 0.08227936178 -0.5610066056
v 73.87666321 -26.32164192 754.7562256
vn 0.6986788511 0.1425474435 -0.7010906339
v 73.66674805 -26.24608994 754.6010742
vn 0.5526949167 0.1951345801 -0.8102165461
v 73.44232941 -26.18447876 754.4931641
vn 0.385176897 0.2406707108 -0.8909075856
v 73.18380737 -26.13118744 754.4234619
vn 0.206096828 0.2770880759 -0.938480854
v 72.90693665 -26.09183693 754.4029541
vn 0.0115339933 0.3043062389 -0.9525043964
v 72.62265778 -26.06923866 754.4365845
vn -0.186763078 0.3196968138 -0.9289313555
v 72.34694672 -26.06541634 754.5247192
vn -0.3797162771 0.3220174909 -0.867248714
v 72.09385681 -26.08104324 754.6638184
vn -0.5560556054 0.3110570014 -0.7707436085
v 71.87781525 -26.11421013 754.843689
vn -0.7070206404 0.2878874838 -0.6459432244
v 71.70791626 -26.16165543 755.050354
vn -0.8263254762 0.2548421621 -0.5022366643
v 71.58694458 -26.21888161 755.2692261
vn -0.916613102 0.212146312 -0.3388427198
v 71.50469971 -26.29083633 755.5194092
vn -0.9727500677 0.1621927321 -0.165683046
v 71.47323608 -26.37392235 755.7854004
vn -0.9943748713 0.1037907451 0.02112154849
v 71.49794769 -26.46532631 756.0564575
vn -0.9768272638 0.04003793374 0.210250929
v 71.58014679 -26.5602169 756.3173218
vn -0.9192396998 -0.02623505704 0.3928232789
v 71.71630096 -26.6537571 756.5546265
vn -0.8246850371 -0.09122966975 0.5581861138
v 71.8964386 -26.74044037 756.7550049
vn -0.6996184587 -0.1515220702 0.6982657313
v 72.10636139 -26.81587982 756.9102783
vn -0.553684175 -0.2041090727 0.8073247671
v 72.3307724 -26.87760353 757.0181885
vn -0.3861229718 -0.2496728748 0.8880160451
v 72.58929443 -26.93089485 757.0878906
vn -0.2070765644 -0.2860878408 0.935560286
v 72.86617279 -26.97024536 757.1083374
vn -0.01263233274 -0.3132983148 0.9495707154
v 73.15044403 -26.99284363 757.0748291
vn 0.185778141 -0.3287076056 0.9259793758
v 73.42615509 -26.99666595 756.9865723
vn 0.378701359 -0.3310255706 0.8642958999
v 73.67925262 -26.98103905 756.8475342
vn 0.5549695492 -0.3200472593 0.7678402066
v 73.89528656 -26.94787216 756.6677246
vn 0.7059172392 -0.2968691587 0.643078208
v 74.06518555 -26.90042686 756.4609985
vn 0.825247705 -0.2638095319 0.4993703961
v 74.18616486 -26.84320068 756.2420654
vn 0.8746184111 -0.2418534309 0.420178026
v 73.87398529 -29.24097633 755.4779053
vn 0.9457781911 -0.2046961486 0.2521965802
v 73.95484161 -29.1750927 755.2280884
vn 0.9705643654 -0.1798624992 0.1601695418
v 73.98538208 -29.09796524 754.9627686
vn 0.9917509556 -0.125133723 -0.0277773682
v 73.96030426 -29.01195717 754.6925049
vn 0.9738249779 -0.06464500725 -0.2179127187
v 73.87832642 -28.92167664 754.4325562
vn 0.9159240723 -0.001011543907 -0.4013503492
v 73.74297333 -28.83162117 754.1963501
vn 0.8211513758 0.06209025532 -0.5673228502
v 73.56414795 -28.74718666 753.9971924
vn 0.6959753036 0.1213202924 -0.7077427506
v 73.35593414 -28.6727581 753.8432007
vn 0.5499821901 0.1736847758 -0.816916883
v 73.13349915 -28.61092377 753.7363892
vn 0.3825025856 0.2198037505 -0.8974285722
v 72.87735748 -28.55639458 753.6677856
vn 0.2036117464 0.2574931085 -0.9445843101
v 72.60316467 -28.51445961 753.6484375
vn 0.009353289381 0.2867830396 -0.9579498768
v 72.32176971 -28.48814964 753.6829834
vn -0.1887034029 0.3050177991 -0.9334640503
v 72.04898071 -28.47960663 753.7720337
vn -0.3811816275 0.3107974529 -0.8706925511
v 71.79869843 -28.48950005 753.9116821
vn -0.5569747686 0.3037363291 -0.772996366
v 71.58519745 -28.51659584 754.0917969
vn -0.7074465156 0.2846862078 -0.646895051
v 71.41745758 -28.55785561 754.298645
vn -0.8262855411 0.2557195723 -0.5018562675
v 71.298172 -28.60923576 754.517334
vn -0.9160687923 0.2169962674 -0.3372396827
v 71.21730804 -28.67500687 754.7671509
vn -0.9717289209 0.1709189415 -0.1628793031
v 71.18676758 -28.75224686 755.0324707
vn -0.9929091334 0.1162013337 0.02507466264
v 71.2118454 -28.83825493 755.3027344
vn -0.9749718904 0.05571656674 0.2152335048
v 71.29382324 -28.92853546 755.5626831
vn -0.9170688391 -0.007902105339 0.3986505866
v 71.42918396 -29.01859093 755.7988892
vn -0.8222785592 -0.07100244612 0.5646384954
v 71.60800934 -29.10302544 755.9981079
vn -0.697062254 -0.1302465349 0.7050815821
v 71.81621552 -29.17745399 756.1520386
vn -0.551099658 -0.18260777 0.8142134547
v 72.03865814 -29.23928833 756.2588501
vn -0.3836280107 -0.2287295759 0.894713521
v 72.29479218 -29.29381752 756.3274536
vn -0.2047361135 -0.2664308846 0.9418586493
v 72.56899261 -29.33575249 756.3467407
vn -0.01048416365 -0.2957343757 0.9552126527
v 72.85037994 -29.36206245 756.3122559
vn 0.1875013411 -0.3139697611 0.9307342172
v 73.12316895 -29.37060547 756.2232056
vn 0.3800364733 -0.3197606504 0.8679432273
v 73.37345123 -29.36071205 756.0836792
vn 0.5558125377 -0.3127057254 0.7702516317
v 73.58695221 -29.33350372 755.9034424
vn 0.7062990069 -0.2936474681 0.6441373229
v 73.75469208 -29.29224396 755.6965942
vn 0.8251025677 -0.2646837831 0.4991475642
v 73.87398529 -29.24097633 755.4779053
vn 0.8740147352 -0.2464522123 0.4187595546
v 73.5417099 -31.64988136 754.7630615
vn 0.9463146329 -0.200654313 0.2534294426
v 73.62120056 -31.58984375 754.5137329
vn 0.9706563354 -0.1791424751 0.160418883
v 73.65076447 -31.51867676 754.2490845
vn 0.9913176894 -0.1283221543 -0.02868288569
v 73.62517548 -31.43885231 753.9795532
vn 0.9728703499 -0.07168447971 -0.2199650407
v 73.54320526 -31.35430527 753.7203979
vn 0.9144916534 -0.01166729815 -0.4044364393
v 73.40841675 -31.26953316 753.4847412
vn 0.8193107843 0.04827213287 -0.5713139772
v 73.2306366 -31.18937111 753.2861938
vn 0.6937546134 0.1049862877 -0.712518394
v 73.02384186 -31.11820412 753.1327515
vn 0.5475041866 0.1555186063 -0.8222244978
v 72.80307007 -31.05839157 753.0263672
vn 0.3799125254 0.2004603297 -0.9030404687
v 72.54898834 -31.00510025 752.958252
vn 0.2009138018 0.2376624793 -0.9503421187
v 72.27716064 -30.96327591 752.9391479
vn 0.006710845977 0.2671951354 -0.9636190534
v 71.99833679 -30.93573189 752.9737549
vn -0.1911734194 0.2864649892 -0.938823998
v 71.72817993 -30.92482567 753.0628052
vn -0.3834637702 0.294056803 -0.8754919171
v 71.48046875 -30.93123436 753.2022095
vn -0.5588969588 0.2894794643 -0.7770687342
v 71.26934052 -30.95405769 753.382019
vn -0.7089579701 0.2734285593 -0.6500887871
v 71.10360718 -30.9903717 753.5884399
vn -0.8273670673 0.2477630526 -0.5040607452
v 70.98596954 -31.03658104 753.8067627
vn -0.9166748524 0.2125698775 -0.3384099305
v 70.90648651 -31.09661674 754.0560303
vn -0.9718373418 0.1702302247 -0.1629534513
v 70.87691498 -31.16778564 754.3206787
vn -0.9925000072 0.1194156036 0.02614624985
v 70.90250397 -31.24761009 754.590271
vn -0.9740573168 0.06278695166 0.2174169719
v 70.98446655 -31.33215714 754.8494263
vn -0.9156724811 0.00276373513 0.4019157887
v 71.11925507 -31.41703987 755.0849609
vn -0.8204785585 -0.05718286708 0.5688102245
v 71.29705048 -31.49708939 755.2835083
vn -0.6949455738 -0.1138801798 0.7099872828
v 71.50384521 -31.56837082 755.4370117
vn -0.5486741662 -0.1644230634 0.8197082877
v 71.72460938 -31.62807083 755.543335
vn -0.3811199069 -0.2093688399 0.9005066752
v 71.97868347 -31.68136215 755.6115723
vn -0.2021616697 -0.2465672195 0.9478055239
v 72.25051117 -31.72318459 755.6306763
vn -0.007890117355 -0.2761161327 0.961091876
v 72.52933502 -31.75073051 755.5960693
vn 0.1898914874 -0.2953827083 0.9363173842
v 72.79949951 -31.76163483 755.507019
vn 0.3822543919 -0.3029804528 0.8729744554
v 73.04720306 -31.75522804 755.3676147
vn 0.5577139854 -0.2984125614 0.774535358
v 73.25833893 -31.73251724 755.1877441
vn 0.7077512741 -0.2823658884 0.647578299
v 73.42407227 -31.69608879 754.9813232
vn 0.826146841 -0.2566969693 0.5015855432
v 73.5417099 -31.64988136 754.7630615
vn 0.8746368289 -0.2415928394 0.4202895761
v 73.21196747 -34.07407761 754.0991821
vn 0.9480301142 -0.1876193881 0.2569783628
v 73.29010773 -34.01943588 753.850708
vn 0.9719386101 -0.1695211083 0.1630886644
v 73.31869507 -33.95456314 753.5866089
vn 0.9920653105 -0.1227646545 -0.02711613663
v 73.29253387 -33.88137436 753.3178101
vn 0.9730412364 -0.07048909366 -0.2195951343
v 73.21045685 -33.80368423 753.059082
vn 0.9140641689 -0.0149186058 -0.4052951336
v 73.07602692 -33.72543335 752.8240356
vn 0.8183043599 0.04072028399 -0.5733409524
v 72.89904785 -33.6513443 752.6256714
vn 0.6922665834 0.09350115806 -0.7155588865
v 72.69339752 -33.5852356 752.472229
vn 0.5455544591 0.1407181025 -0.8261771798
v 72.47402954 -33.5296936 752.3657837
vn 0.3775629401 0.1828546375 -0.9077501893
v 72.22171783 -33.47977829 752.2974243
vn 0.1983285844 0.2178656161 -0.9556151628
v 71.95191956 -33.44031525 752.2779541
vn 0.00387539505 0.2458969802 -0.9692882299
v 71.67534637 -33.41389465 752.3120117
vn -0.1939893812 0.2644611895 -0.944684267
v 71.40752411 -33.40264893 752.4002686
vn -0.3863269687 0.2722769678 -0.8812586069
v 71.16212463 -33.40748596 752.5390015
vn -0.561635673 0.2688057721 -0.7825016379
v 70.95313263 -33.42738342 752.7181396
vn -0.7114433646 0.2546493411 -0.6549825072
v 70.78926849 -33.45987701 752.9237671
vn -0.8294506669 0.2315143496 -0.5083431005
v 70.67316437 -33.50158691 753.1412964
vn -0.9183855653 0.1993438452 -0.3418040574
v 70.59500885 -33.55622864 753.3897705
vn -0.9730653167 0.1605856866 -0.1653967649
v 70.56642151 -33.62110138 753.6537476
vn -0.9931889176 0.1138414219 0.02481837012
v 70.5925827 -33.69429016 753.9226685
vn -0.9741698503 0.0615908429 0.217254892
v 70.67465973 -33.77198029 754.1812744
vn -0.9151973724 0.006032885518 0.4029607475
v 70.80909729 -33.85023117 754.4164429
vn -0.819446981 -0.04960365966 0.5710044503
v 70.98606873 -33.92432022 754.6146851
vn -0.6934597492 -0.1023689806 0.7131859064
v 71.19171906 -33.99042892 754.7681274
vn -0.5467081666 -0.1495875269 0.8238530159
v 71.41108704 -34.04597092 754.8745117
vn -0.3786965013 -0.1917423457 0.9054412246
v 71.66339874 -34.09589005 754.9429932
vn -0.1996248066 -0.2267520428 0.9532751441
v 71.93320465 -34.13534927 754.9625244
vn -0.005113101564 -0.2548050284 0.9669789076
v 72.20977783 -34.16177368 754.9283447
vn 0.1928185672 -0.2734028399 0.9423756599
v 72.47759247 -34.17301559 754.8400879
vn 0.3850668073 -0.281224221 0.8789974451
v 72.72299957 -34.16817856 754.701355
vn 0.5604502559 -0.2777588069 0.7802214622
v 72.93199158 -34.1482811 754.5222778
vn 0.7102004886 -0.2636239827 0.652776897
v 73.09584808 -34.11578751 754.3166504
vn 0.8282669783 -0.2404868305 0.5061026812
v 73.21196747 -34.07407761 754.0991821
vn 0.8763970137 -0.2283556312 0.4240070879
v 72.90829468 -36.51704788 753.491272
vn 0.950750649 -0.1646187752 0.2626287937
v 72.98519897 -36.46769333 753.2437134
vn 0.9742873907 -0.1501705647 0.1679669768
v 73.01283264 -36.40922928 752.9805298
vn 0.9938954711 -0.1078284681 -0.02334087528
v 72.98606873 -36.34368134 752.7122803
vn 0.9742648005 -0.06064649671 -0.2170946747
v 72.90378571 -36.27420044 752.4539185
vn 0.9146372676 -0.01063538808 -0.4041356146
v 72.76957703 -36.20449448 752.2189331
vn 0.8181542754 0.03934396803 -0.573651135
v 72.59320068 -36.13861084 752.0203857
vn 0.6914967895 0.08659276366 -0.7171707153
v 72.38848877 -36.08003616 751.8665771
vn 0.5442095995 0.1287504435 -0.8290109634
v 72.17028046 -36.03090668 751.7595215
vn 0.3756108582 0.1662507504 -0.9117439985
v 71.91945648 -35.98705673 751.6903687
vn 0.1958642155 0.1972380579 -0.960590601
v 71.65142059 -35.95265579 751.6697998
vn 0.001042098622 0.2218491733 -0.9750804305
v 71.37679291 -35.92994308 751.7027588
vn -0.1971637011 0.2379219234 -0.9510623813
v 71.11102295 -35.92094803 751.789917
vn -0.3895892203 0.2442758083 -0.8880031109
v 70.86765289 -35.92612076 751.9273071
vn -0.5649253726 0.2405188978 -0.7893097997
v 70.66059113 -35.94478607 752.1051636
vn -0.7146545053 0.2272067815 -0.6615481973
v 70.49842834 -35.97457886 752.3096313
vn -0.8324276209 0.2058864981 -0.5144657493
v 70.3837204 -36.01246643 752.526062
vn -0.9210124016 0.1763708591 -0.3473175764
v 70.30680084 -36.0618248 752.7736816
vn -0.9752779603 0.1411757469 -0.1700067818
v 70.27918243 -36.12017441 753.0368652
vn -0.9948731065 0.09886731207 0.02127872594
v 70.30595398 -36.18583298 753.3052368
vn -0.9752497077 0.05173108354 0.2149695605
v 70.38821411 -36.25531387 753.5634766
vn -0.9156321883 0.001749002258 0.4020132422
v 70.52243805 -36.32501984 753.798584
vn -0.8191990256 -0.04818725586 0.5714813471
v 70.69879913 -36.39090347 753.9970093
vn -0.69258672 -0.09542748332 0.7149945498
v 70.90351105 -36.44947815 754.1508789
vn -0.545327723 -0.1375858039 0.8268541694
v 71.12173462 -36.49849701 754.2578125
vn -0.3766285181 -0.1751129329 0.9096627831
v 71.37255096 -36.54245758 754.3269653
vn -0.1970286667 -0.2061102241 0.9584875107
v 71.64059448 -36.57686234 754.3475342
vn -0.002302187262 -0.2307580411 0.9730084538
v 71.91522217 -36.59957123 754.3145752
vn 0.1960460693 -0.2468679696 0.949011147
v 72.18099213 -36.60856628 754.227478
vn 0.3884207606 -0.2532633841 0.8859949112
v 72.42434692 -36.60339355 754.0900879
vn 0.5637888908 -0.2495371103 0.7873203158
v 72.63142395 -36.58473206 753.9123535
vn 0.7135306001 -0.2362359762 0.6595958471
v 72.79358673 -36.55493546 753.7078247
vn 0.8313651681 -0.2149228156 0.5124842525
v 72.90829468 -36.51704788 753.491272
vn 0.8792161345 -0.2057215124 0.4297181368
v 72.65671539 -38.97789764 752.9478149
vn 0.9539364576 -0.1309236586 0.26993379
v 72.73248291 -38.93382263 752.7012329
vn 0.9772698879 -0.1203463078 0.1745288968
v 72.75921631 -38.88266754 752.4388428
vn 0.9963892102 -0.08300182968 -0.01786773466
v 72.73188019 -38.8258934 752.1710205
vn 0.976162672 -0.0418984592 -0.2129576057
v 72.64938354 -38.76652908 751.9129028
vn 0.915863812 0.001203351771 -0.4014872611
v 72.51532745 -38.70761871 751.6775513
vn 0.818705678 0.04382066801 -0.5725389123
v 72.33945465 -38.65275192 751.4784546
vn 0.6912847757 0.08373427391 -0.7177143693
v 72.13554382 -38.60451889 751.3238525
vn 0.543364346 0.1189190149 -0.8310315609
v 71.91833496 -38.56483078 751.2158203
vn 0.3741583824 0.1497371197 -0.9151962996
v 71.66881561 -38.52997971 751.1453247
vn 0.1938091964 0.1747428328 -0.9653512239
v 71.40231323 -38.50378418 751.123291
vn -0.001481286017 0.1939657629 -0.9810071588
v 71.12940216 -38.48781967 751.154541
vn -0.2000154257 0.2056764215 -0.9579619169
v 70.86547089 -38.48354721 751.2398682
vn -0.3927550912 0.2089620829 -0.8955882192
v 70.62393188 -38.49141693 751.3756104
vn -0.5682640672 0.2035974711 -0.797260344
v 70.41858673 -38.51052856 751.5516357
vn -0.7179460526 0.1901699454 -0.6696184278
v 70.25794983 -38.53863525 751.7546997
vn -0.8356816769 0.1700922251 -0.5222114325
v 70.14451599 -38.57326508 751.9700928
vn -0.9240218401 0.143010214 -0.3545866907
v 70.06874847 -38.61722565 752.2165527
vn -0.9779658914 0.1115441993 -0.1764670163
v 70.04200745 -38.66849136 752.4790039
vn -0.997115314 0.07422437519 0.0158669129
v 70.06934357 -38.72526932 752.7467651
vn -0.9769460559 0.03314130753 0.2108981758
v 70.15184784 -38.7845192 753.0050049
vn -0.9167163968 -0.009961212054 0.3994143307
v 70.2858963 -38.84342957 753.2403564
vn -0.81959939 -0.0525931716 0.5705179572
v 70.46177673 -38.8984108 753.4393311
vn -0.6922483444 -0.09251976013 0.7157040834
v 70.66568756 -38.94652939 753.5940552
vn -0.5443723202 -0.1277393699 0.8290605545
v 70.88288879 -38.98632812 753.7019653
vn -0.3751137555 -0.1586016417 0.9133099914
v 71.13241577 -39.02106857 753.7724609
vn -0.1948200166 -0.1836158335 0.9634990096
v 71.39891815 -39.04737854 753.7944946
vn 0.0004147238506 -0.2028630078 0.9792070389
v 71.67182159 -39.06334305 753.7632446
vn 0.1990684122 -0.2146001458 0.9562000632
v 71.9357605 -39.06750107 753.6780396
vn 0.3919383883 -0.2178753018 0.8938202858
v 72.17729187 -39.05974579 753.5423584
vn 0.5674538016 -0.2125083059 0.7955101728
v 72.38265228 -39.04063034 753.3661499
vn 0.7172002792 -0.1990604848 0.6678313017
v 72.54328156 -39.01241302 753.1630859
vn 0.8349606991 -0.1789501011 0.520401299
v 72.65671539 -38.97789764 752.9478149
vn 0.8826363683 -0.1726347655 0.437207371
v 72.4823761 -41.46089172 752.4794312
vn 0.9558281302 -0.1031899601 0.2752170861
v 72.55711365 -41.42322922 752.2338867
vn 0.979295969 -0.09277785569 0.1799213141
v 72.58311462 -41.38016891 751.972229
vn 0.9980406165 -0.06109699234 -0.01349289063
v 72.55538177 -41.33328629 751.704895
vn 0.9773870707 -0.02660925873 -0.2097772509
v 72.47290039 -41.28505325 751.4469604
vn 0.9166187048 0.009186828509 -0.3996570706
v 72.33924103 -41.23794556 751.2115479
vn 0.8189957738 0.04422527179 -0.5720927119
v 72.16412354 -41.19466019 751.012085
vn 0.6911057234 0.07670617849 -0.7186717391
v 71.96125031 -41.15744781 750.8568726
vn 0.5427456498 0.1050053909 -0.8333072662
v 71.7452774 -41.12742996 750.7480469
vn 0.3731510341 0.1292970628 -0.9187167883
v 71.49728394 -41.10202026 750.6763916
vn 0.1925598979 0.1487288773 -0.9699486494
v 71.23251343 -41.08380508 750.6531372
vn -0.003081937553 0.1631401032 -0.9865980744
v 70.96151733 -41.07435989 750.6828003
vn -0.2019190788 0.1711762249 -0.9643274546
v 70.69952393 -41.07458496 750.7665405
vn -0.394736588 0.1721243113 -0.9025276899
v 70.45990753 -41.08448029 750.9006958
vn -0.5703820586 0.1659339964 -0.804444015
v 70.25630951 -41.10325623 751.0754395
vn -0.7200306654 0.1531586796 -0.6768295765
v 70.0971756 -41.12900162 751.2769775
vn -0.8377105594 0.1350519657 -0.5291521549
v 69.98497009 -41.15935898 751.491272
vn -0.9259497523 0.1113842502 -0.3608470857
v 69.91023254 -41.19702148 751.7366943
vn -0.9796749949 0.08426982909 -0.1820315272
v 69.88423157 -41.24008179 751.9984741
vn -0.9985544086 0.05254489928 0.01132127456
v 69.91194916 -41.28696442 752.265686
vn -0.9780510664 0.01799383201 0.2075870186
v 69.99443817 -41.33519745 752.5236206
vn -0.9174181819 -0.01787898131 0.3975226283
v 70.12810516 -41.38230515 752.7590332
vn -0.8198868036 -0.053000696 0.5700671673
v 70.30321503 -41.42547607 752.9584961
vn -0.6920047402 -0.08554732054 0.7168061733
v 70.50608063 -41.46280289 753.1137695
vn -0.5436218381 -0.1138873696 0.8315677643
v 70.72206879 -41.49282455 753.2227173
vn -0.3739684522 -0.1381900012 0.9170883894
v 70.97005463 -41.51823044 753.2941895
vn -0.1932967603 -0.1576000899 0.9684000015
v 71.23482513 -41.53633118 753.3175659
vn 0.002472809516 -0.1719526947 0.9851021171
v 71.50582123 -41.54589081 753.2877808
vn 0.2013841122 -0.179925859 0.9628453255
v 71.76781464 -41.54566574 753.2040405
vn 0.3944367468 -0.1808058172 0.9009599686
v 72.00743103 -41.53577042 753.0698853
vn 0.5701456666 -0.1745335609 0.8027901053
v 72.21103668 -41.51699448 752.8953247
vn 0.719846487 -0.1617038846 0.6750354767
v 72.37015533 -41.49124908 752.6936035
vn 0.8374781013 -0.1435613036 0.527276516
v 72.4823761 -41.46089172 752.4794312
vn 0.8853794336 -0.1365019232 0.4443765283
v 72.34432983 -43.96210098 752.0925293
vn 0.9559301138 -0.09997312725 0.2760489285
v 72.41802979 -43.93275833 751.8479004
vn 0.9795393348 -0.08777103573 0.1811048537
v 72.44337463 -43.89846802 751.5871582
vn 0.9979802966 -0.06213274971 -0.0132240681
v 72.41544342 -43.86058044 751.3208618
vn 0.9770329595 -0.0337161012 -0.2104040235
v 72.33322906 -43.82100296 751.0638428
vn 0.9159924984 -0.003776610596 -0.4011776447
v 72.20030975 -43.78176498 750.8291626
vn 0.8181220293 0.02599918284 -0.5744566321
v 72.02635193 -43.74522781 750.6304321
vn 0.6900228858 0.05401132628 -0.7217695117
v 71.82492828 -43.71318436 750.4755859
vn 0.5415404439 0.07880339772 -0.8369730711
v 71.61058807 -43.68676376 750.3671265
vn 0.3718190193 0.1004202291 -0.9228577018
v 71.36456299 -43.66371536 750.2958374
vn 0.1911812723 0.1184120998 -0.974386096
v 71.10199738 -43.64640045 750.272583
vn -0.00442218408 0.1324188411 -0.9911839962
v 70.83331299 -43.63583374 750.3022461
vn -0.2033139914 0.1412540525 -0.9688708186
v 70.57366943 -43.63324738 750.3856812
vn -0.3960556984 0.1442001313 -0.9068330526
v 70.33628845 -43.63864517 750.5193481
vn -0.5715100765 0.1410803497 -0.8083764911
v 70.13468933 -43.65146255 750.6933594
vn -0.7210249305 0.1322656721 -0.6801682711
v 69.97723389 -43.67046356 750.8944092
vn -0.8384637237 0.1187264025 -0.5318671465
v 69.86631012 -43.69362259 751.1077881
vn -0.926464498 0.1006054357 -0.3626873195
v 69.79261017 -43.72307968 751.352417
vn -0.9799267054 0.07900643349 -0.1830344945
v 69.76725769 -43.75725555 751.6131592
vn -0.9985144138 0.05331005156 0.01127124857
v 69.7951889 -43.79514694 751.8795166
vn -0.9777089357 0.02484324574 0.2084899843
v 69.87741089 -43.83472061 752.1366577
vn -0.9167645574 -0.005132527556 0.3993950784
v 70.0103302 -43.87395859 752.3711548
vn -0.8189272285 -0.03492456302 0.5728337169
v 70.18428802 -43.91049957 752.5699463
vn -0.6908406019 -0.06292119622 0.720263958
v 70.38571167 -43.94253922 752.7246094
vn -0.5421988964 -0.08769335598 0.8356615305
v 70.60005188 -43.96895981 752.833252
vn -0.3724314868 -0.1092485934 0.9216070175
v 70.84607697 -43.99200821 752.904541
vn -0.1916689426 -0.1271804571 0.973184526
v 71.10865021 -44.00943375 752.9277954
vn 0.004123911262 -0.1411264539 0.9899829626
v 71.37731934 -44.01988983 752.8981323
vn 0.2030168921 -0.1498987079 0.9676334858
v 71.63696289 -44.0224762 752.8146973
vn 0.3959335983 -0.1528124809 0.9054749608
v 71.8743515 -44.01708221 752.6811523
vn 0.5714322329 -0.1496828347 0.8068830371
v 72.07595062 -44.00426483 752.506958
vn 0.7209983468 -0.1408721656 0.6784662008
v 72.23340607 -43.98526382 752.3059692
vn 0.8383209109 -0.1273821592 0.5300866365
v 72.34432983 -43.96210098 752.0925293
vn 0.8863418698 -0.1182653233 0.4476733208
v 72.16539001 -46.47185898 751.7827148
vn 0.9539490938 -0.1229569092 0.2736105323
v 72.23787689 -46.45173264 751.5389404
vn 0.9777259231 -0.1100092381 0.1787455678
v 72.26248932 -46.42576218 751.27948
vn 0.9957912564 -0.0901876986 -0.01630823128
v 72.23434448 -46.39472961 751.0143433
vn 0.9745497108 -0.0665461421 -0.2140664905
v 72.15249634 -46.36021423 750.7589111
vn 0.913305521 -0.04010761529 -0.4052954614
v 72.02050781 -46.32401276 750.5259399
vn 0.8153485656 -0.01233164314 -0.578839004
v 71.84796906 -46.28814697 750.3287964
vn 0.6872611642 0.01520519331 -0.7262512445
v 71.64833069 -46.25475693 750.1755371
vn 0.5388151407 0.04095075652 -0.8414281011
v 71.43598175 -46.22529984 750.0682983
vn 0.3693290353 0.06482698023 -0.9270347953
v 71.19237518 -46.19708252 749.9981079
vn 0.188952297 0.08643595129 -0.978174746
v 70.93245697 -46.17279434 749.9758301
vn -0.006251044571 0.1053882316 -0.9944115281
v 70.66659546 -46.15368271 750.0063477
vn -0.204689905 0.1203139424 -0.9714044333
v 70.40978241 -46.14109039 750.090332
vn -0.3970125914 0.1302702278 -0.9085211158
v 70.17508698 -46.1356926 750.2241211
vn -0.5719201565 0.1346503347 -0.8091827035
v 69.97589111 -46.1377182 750.3980103
vn -0.7209692001 0.1334320903 -0.6799994707
v 69.82041931 -46.14626312 750.5985718
vn -0.8379078507 0.1271590739 -0.5307928324
v 69.71105194 -46.15998077 750.8114014
vn -0.9253825545 0.1163684353 -0.3607291579
v 69.6385498 -46.1801033 751.0552979
vn -0.978412807 0.1011215076 -0.1802299321
v 69.61395264 -46.20607376 751.3147583
vn -0.9965806603 0.08128482848 0.01482368726
v 69.64209747 -46.23710632 751.5796509
vn -0.9754232168 0.05764716864 0.2126649618
v 69.72394562 -46.27150726 751.8353271
vn -0.9142233133 0.03123424761 0.4040051699
v 69.85593414 -46.30782318 752.0682983
vn -0.8162114024 0.003500525607 0.5777427554
v 70.0284729 -46.34368896 752.2653809
vn -0.6880770326 -0.02397456765 0.7252414823
v 70.22811127 -46.37707901 752.4187012
vn -0.5395774245 -0.04965704307 0.840470314
v 70.44044495 -46.4065361 752.526001
vn -0.3699501753 -0.07349219173 0.9261402488
v 70.68406677 -46.43475723 752.5960083
vn -0.1894446611 -0.09506318718 0.9772787094
v 70.94398499 -46.4590416 752.6182861
vn 0.005960306153 -0.1140027195 0.9934625626
v 71.20983124 -46.47815323 752.5878296
vn 0.2044183165 -0.1289259195 0.970356226
v 71.46665955 -46.49074554 752.5038452
vn 0.3967141807 -0.1389064044 0.9073714018
v 71.70135498 -46.49614334 752.3700562
vn 0.5716839433 -0.1433319449 0.807857275
v 71.90055084 -46.49411774 752.196106
vn 0.7206068039 -0.1421696991 0.678611517
v 72.05600739 -46.48557281 751.9955444
vn 0.8374798298 -0.1359481066 0.5292878747
v 72.16539001 -46.47185898 751.7827148
vn 0.8855925202 -0.1264910698 0.4469070435
v 71.88463593 -48.97936249 751.5373535
vn 0.9488443136 -0.163702175 0.2699927092
v 71.95559692 -48.96812057 751.2947388
vn 0.9728530645 -0.1514971703 0.1749444604
v 71.97927856 -48.94923401 751.0367432
vn 0.9903944135 -0.1367313415 -0.02057908289
v 71.95089722 -48.9228096 750.7734375
vn 0.9688370824 -0.1163626984 -0.2186650932
v 71.86954498 -48.89031982 750.5197754
vn 0.9074919224 -0.09121242166 -0.4100472033
v 71.73878479 -48.85299301 750.2888794
vn 0.8096629381 -0.06264496595 -0.5835422277
v 71.56808472 -48.81341934 750.093689
vn 0.6819543839 -0.03238502145 -0.7306773663
v 71.37076569 -48.77406693 749.9421387
vn 0.5339794755 -0.002268578159 -0.8454943895
v 71.16100311 -48.73696518 749.8365479
vn 0.3651475608 0.02761184052 -0.9305400848
v 70.92048645 -48.69896698 749.7679443
vn 0.1855553389 0.05649642274 -0.9810083508
v 70.66398621 -48.66287613 749.7470703
vn -0.008685565554 0.08415468782 -0.9964148402
v 70.40175629 -48.63049698 749.7785645
vn -0.2060247064 0.1087768674 -0.9724820852
v 70.14855957 -48.60385132 749.8632202
vn -0.3972668946 0.1290276051 -0.9085872769
v 69.91730499 -48.58440018 749.9973145
vn -0.5710509419 0.1436623335 -0.8082461953
v 69.72117615 -48.57304382 750.1710205
vn -0.7190563679 0.152153492 -0.6780908704
v 69.56825256 -48.56967163 750.3712769
vn -0.8350667357 0.1545476913 -0.5279948711
v 69.46083069 -48.57349396 750.5831909
vn -0.9216275811 0.1516794711 -0.3572057486
v 69.38986969 -48.58473587 750.8258057
vn -0.9739738107 0.1427916288 -0.1760271043
v 69.36619568 -48.60362625 751.0839844
vn -0.9915754795 0.1280458272 0.01955444738
v 69.39457703 -48.6299324 751.347168
vn -0.9700419903 0.107711941 0.217753768
v 69.475914 -48.66253662 751.600769
vn -0.9086871743 0.08260480314 0.4092237353
v 69.60668945 -48.69975281 751.8317261
vn -0.8107931018 0.05407621711 0.582829535
v 69.7773819 -48.73932648 752.0270386
vn -0.6829713583 0.02385190129 0.7300556302
v 69.97470856 -48.77867889 752.1784668
vn -0.5349314809 -0.006222019438 0.8448725343
v 70.18445587 -48.81578064 752.2839966
vn -0.3659737706 -0.03609493002 0.9299249053
v 70.42498779 -48.85389328 752.3526001
vn -0.1863393635 -0.06496888399 0.9803349972
v 70.68148041 -48.88998032 752.3735352
vn 0.008061557077 -0.09266866744 0.9956643581
v 70.94371033 -48.92236328 752.3419189
vn 0.2054414898 -0.1173232868 0.9716115594
v 71.19690704 -48.94900894 752.2573853
vn 0.3965339661 -0.1376047879 0.9076484442
v 71.42815399 -48.96845627 752.12323
vn 0.5703672767 -0.1522938311 0.8071479201
v 71.6242981 -48.97981262 751.9494629
vn 0.7182255983 -0.1608233005 0.6769695878
v 71.77721405 -48.98318481 751.7494507
vn 0.8341206908 -0.163244471 0.5268718004
v 71.88463593 -48.97936249 751.5373535
vn 0.8823541999 -0.1554281712 0.4441769421
v 71.46907043 -51.47281647 751.3413086
vn 0.9401272535 -0.2124917507 0.2664732933
v 71.53820801 -51.46932983 751.1001587
vn 0.9642785192 -0.2021686733 0.171157077
v 71.56082916 -51.45595169 750.843689
vn 0.981194675 -0.1914365143 -0.0246801991
v 71.5322876 -51.43234253 750.5822754
vn 0.9593644738 -0.1729959995 -0.2229174525
v 71.45170593 -51.39928818 750.3308105
vn 0.8981078863 -0.1474864185 -0.4143066406
v 71.32260895 -51.35858917 750.1019897
vn 0.8007475734 -0.1162835136 -0.5876065493
v 71.15436554 -51.31282806 749.9088745
vn 0.6737864614 -0.08132407814 -0.7344373465
v 70.96005249 -51.26504517 749.7593384
vn 0.5269078016 -0.04492478445 -0.8487343192
v 70.75364685 -51.21816254 749.6553345
vn 0.3593291044 -0.007068155799 -0.9331841469
v 70.51707458 -51.16802216 749.5881958
vn 0.1812762022 0.03087964095 -0.9829472899
v 70.26493835 -51.11810303 749.5686646
vn -0.01137577649 0.06901592761 -0.9975507259
v 70.0072937 -51.07077026 749.6010132
vn -0.2068491876 0.1048588157 -0.9727373719
v 69.75865173 -51.02883148 749.6860962
vn -0.3961423337 0.1366279274 -0.9079669714
v 69.53170013 -50.99443054 749.8203735
vn -0.5682524443 0.1624486595 -0.8066595197
v 69.33937073 -50.96947098 749.9937134
vn -0.7145417929 0.1811351478 -0.6757366657
v 69.18958282 -50.95451736 750.1931763
vn -0.8291562796 0.1923022866 -0.5248997211
v 69.08453369 -50.9488945 750.4042358
vn -0.9144526124 0.196970731 -0.3535236418
v 69.01539612 -50.95238113 750.6455078
vn -0.9658640623 0.1938098073 -0.1718847305
v 68.99276733 -50.96575928 750.9019165
vn -0.9827982187 0.1831128448 0.02402885444
v 69.0213089 -50.98948288 751.163208
vn -0.9609438181 0.1647090912 0.2223913968
v 69.10189056 -51.02242279 751.4147339
vn -0.899631083 0.1392259151 0.4138599634
v 69.23098755 -51.06312561 751.6434937
vn -0.8021755815 0.1080334038 0.5872334242
v 69.39923096 -51.1088829 751.8366699
vn -0.6751697063 0.07307571173 0.7340339422
v 69.59354401 -51.1566658 751.9863281
vn -0.5282279849 0.03665249422 0.8483111262
v 69.79994965 -51.20354843 752.090332
vn -0.3605653942 -0.001232878538 0.9327331185
v 70.03652191 -51.25380325 752.1572876
vn -0.1824245751 -0.0392139405 0.982437551
v 70.28865814 -51.30360794 752.177002
vn 0.01026959438 -0.07738361508 0.9969484806
v 70.5463028 -51.3509407 752.1444702
vn 0.2057748884 -0.1132764891 0.9720211625
v 70.79495239 -51.39287949 752.0593872
vn 0.3950126767 -0.1450758576 0.907148242
v 71.02189636 -51.42728043 751.925293
vn 0.5669460893 -0.1708882153 0.8058345914
v 71.21422577 -51.45223999 751.75177
vn 0.7132136822 -0.1895844191 0.6748214364
v 71.36401367 -51.4671936 751.5523071
vn 0.8276677728 -0.2007242292 0.5240952373
v 71.46907043 -51.47281647 751.3413086
vn 0.8758368492 -0.1959602386 0.4410322011
v 70.91051483 -53.94029617 751.1807861
vn 0.9294046164 -0.258266151 0.2636392415
v 70.97772217 -53.9431076 750.940918
vn 0.9532489777 -0.2511171401 0.1680969596
v 70.99932861 -53.93366241 750.6864014
vn 0.969556272 -0.2432703823 -0.0279306788
v 70.97077179 -53.91128922 750.427063
vn 0.9475589395 -0.2257183045 -0.2262373567
v 70.89126587 -53.87666321 750.1776733
vn 0.886607945 -0.1989574432 -0.4175431728
v 70.76425934 -53.83146667 749.9509888
vn 0.789983511 -0.1644215137 -0.5906704664
v 70.59896851 -53.77884674 749.7598877
vn 0.6641833782 -0.1243028268 -0.7371629477
v 70.40824127 -53.72229767 749.6120605
vn 0.5187026858 -0.08132457733 -0.8510780334
v 70.2057724 -53.66540909 749.5095825
vn 0.3528310657 -0.03540021181 -0.9350171685
v 69.97382355 -53.60334778 749.4438477
vn 0.1768281162 0.01135179214 -0.9841762781
v 69.72671509 -53.54016113 749.4251709
vn -0.01369285863 0.05951409787 -0.9981335402
v 69.47433472 -53.47877502 749.458252
vn -0.2069831342 0.1059624553 -0.972589314
v 69.23090363 -53.42256165 749.5437012
vn -0.3938981593 0.1483732313 -0.907099545
v 69.00883484 -53.37466431 749.6775513
vn -0.5637281537 0.1843091398 -0.8051339388
v 68.820755 -53.33756256 749.8505249
vn -0.7080700397 0.2121042013 -0.6735344529
v 68.67442322 -53.31249237 750.0489502
vn -0.8209670186 0.2308886349 -0.5222103
v 68.57196808 -53.29911423 750.2588501
vn -0.9048709869 0.2417687774 -0.350366056
v 68.50475311 -53.29619217 750.4985352
vn -0.9552450776 0.2431812584 -0.1684330851
v 68.48316193 -53.30574799 750.7531738
vn -0.9715116024 0.2353699654 0.02767979912
v 68.51171112 -53.32812119 751.0124512
vn -0.9494400024 0.217828393 0.226085186
v 68.59121704 -53.36263657 751.2618408
vn -0.8883978128 0.1910545677 0.417429626
v 68.71822357 -53.4078331 751.4884644
vn -0.7916840911 0.1564818174 0.5905503631
v 68.8835144 -53.46056366 751.6796875
vn -0.6658143401 0.1163162738 0.736995101
v 69.07422638 -53.51711273 751.8274536
vn -0.5202763677 0.07327843457 0.8508482575
v 69.27671814 -53.57400131 751.9299927
vn -0.3544929922 0.02731349319 0.9346596599
v 69.50865936 -53.63606262 751.9957275
vn -0.1783592105 -0.0195301678 0.9837716222
v 69.75576019 -53.69924927 752.0142822
vn 0.01210665144 -0.06771656126 0.9976311326
v 70.00813293 -53.76063538 751.9812622
vn 0.2052665353 -0.1141567826 0.9720256329
v 70.25157928 -53.81673813 751.8959351
vn 0.392166853 -0.1565795094 0.9064700603
v 70.47364807 -53.86463165 751.7619019
vn 0.5619014502 -0.1924767643 0.804499507
v 70.66171265 -53.9017334 751.5891113
vn 0.7061528563 -0.2202057093 0.6729469299
v 70.80804443 -53.92691803 751.390564
vn 0.8189911842 -0.2389249951 0.5216975212
v 70.91051483 -53.94029617 751.1807861
vn 0.8666043282 -0.2384719849 0.4383241534
v 70.23178864 -56.3783226 751.0407715
vn 0.9195820093 -0.2930175066 0.2617436051
v 70.29745483 -56.38484192 750.8027954
vn 0.9427619576 -0.289229095 0.1659711748
v 70.31835938 -56.37730789 750.5501709
vn 0.9586479664 -0.282994628 -0.03013524413
v 70.29005432 -56.35504913 750.2927856
vn 0.9366458654 -0.2655117214 -0.2284689695
v 70.21175385 -56.31862259 750.0455322
vn 0.8761237264 -0.2371855229 -0.4197025597
v 70.08688354 -56.26971436 749.8209229
vn 0.7803351283 -0.1995465159 -0.5926705003
v 69.92449951 -56.21170044 749.6315918
vn 0.6557784081 -0.1550129801 -0.7388678193
v 69.73721313 -56.14851761 749.4854126
vn 0.5117423534 -0.1066177413 -0.8524977565
v 69.53844452 -56.08454514 749.3841553
vn 0.347599566 -0.05417395756 -0.9360767603
v 69.31079102 -56.0139389 749.319519
vn 0.1733749509 -0.0004559496301 -0.9848557711
v 69.06834412 -55.94153595 749.3015137
vn -0.0149152223 0.05536682531 -0.9983546734
v 68.820755 -55.87036514 749.3348999
vn -0.2060631365 0.1098397225 -0.9723544717
v 68.58202362 -55.80459595 749.4202271
vn -0.3909060061 0.1602479517 -0.90637362
v 68.36429596 -55.74759293 749.5537109
vn -0.5586661696 0.203605637 -0.8040129542
v 68.17996979 -55.70251083 749.7255859
vn -0.7012196183 0.2379314601 -0.6720711589
v 68.03662872 -55.67091751 749.9227905
vn -0.8126795292 0.2620791197 -0.5204483867
v 67.9363327 -55.65259171 750.1312256
vn -0.8954724669 0.2770914733 -0.3483524323
v 67.8706665 -55.64607239 750.3693848
vn -0.9450639486 0.2814449966 -0.1662613899
v 67.84976196 -55.6536026 750.6220093
vn -0.9609161019 0.2752184868 0.02991708368
v 67.87807465 -55.67586517 750.8792114
vn -0.9388527274 0.2577348948 0.2283162475
v 67.95637512 -55.71229172 751.1265869
vn -0.8782612681 0.229385972 0.419570297
v 68.08123779 -55.76119995 751.3511963
vn -0.7824196219 0.1917172223 0.5925065875
v 68.2436142 -55.81932449 751.5404053
vn -0.6577769518 0.1471279263 0.7387034893
v 68.4309082 -55.8823967 751.6867065
vn -0.5136913061 0.09869148582 0.8522800207
v 68.62968445 -55.9464798 751.7879028
vn -0.3495969474 0.04623441771 0.9357587099
v 68.85732269 -56.0169754 751.8526611
vn -0.175441891 -0.007501584478 0.9844611883
v 69.09977722 -56.0894928 751.8706055
vn 0.01293894183 -0.06337989867 0.997905612
v 69.3473587 -56.16065979 751.8370972
vn 0.2040020078 -0.1178330183 0.971853137
v 69.58610535 -56.22642899 751.7518921
vn 0.3887135088 -0.1682016253 0.9058752656
v 69.80383301 -56.28331757 751.6184692
vn 0.5564668775 -0.2115412652 0.8034892082
v 69.98815918 -56.32840347 751.4465332
vn 0.6989346147 -0.2458236516 0.6716108322
v 70.13150024 -56.3599968 751.2493286
vn 0.8104012609 -0.2699314952 0.5199872851
v 70.23178864 -56.3783226 751.0407715
vn 0.8571420312 -0.2737474442 0.4363139868
v 69.47111511 -58.79307175 750.9069824
vn 0.9116873741 -0.3178025782 0.2604374886
v 69.53573608 -58.80128098 750.6708984
vn 0.9344072938 -0.3159109354 0.1645700485
v 69.55632019 -58.79431152 750.420166
vn 0.9501700997 -0.310128361 -0.03157852963
v 69.52850342 -58.77148819 750.164978
vn 0.9283711314 -0.2920408547 -0.2298678011
v 69.45153046 -58.73303604 749.9197388
vn 0.8683699369 -0.2619953752 -0.4210606813
v 69.32875061 -58.68098068 749.6971436
vn 0.7734234333 -0.221653372 -0.5938737392
v 69.16906738 -58.61891937 749.5095825
vn 0.6499353647 -0.1735829562 -0.7399006486
v 68.98487854 -58.55112457 749.3648071
vn 0.5072138309 -0.1211236641 -0.8532661796
v 68.78939056 -58.48209381 749.2647705
vn 0.3445025682 -0.06392865628 -0.9366061687
v 68.56549835 -58.40575409 749.2007446
vn 0.171792537 -0.005287624896 -0.9851189852
v 68.32704926 -58.32716751 749.1834717
vn -0.01491452102 0.05590384826 -0.9983247519
v 68.0835495 -58.24981689 749.21698
vn -0.2043005824 0.1157505885 -0.9720406532
v 67.84873199 -58.17808533 749.3018188
vn -0.3874754012 0.1713712364 -0.9058116078
v 67.63457489 -58.11557388 749.4345093
vn -0.5538284779 0.2195122987 -0.8031739593
v 67.45326996 -58.06588364 749.6054077
vn -0.6951794028 0.2579072416 -0.67097646
v 67.31226349 -58.03069305 749.8012695
vn -0.8056325316 0.2852054834 -0.5192437768
v 67.21360779 -58.00978088 750.0082397
vn -0.8877168298 0.3024822474 -0.347078234
v 67.14899445 -58.00157166 750.2443237
vn -0.9369052052 0.3082538843 -0.1648884118
v 67.12840271 -58.00854492 750.4951782
vn -0.9526436925 0.3024719954 0.03131591529
v 67.15621948 -58.03147888 750.7502441
vn -0.9308028221 0.2843717337 0.2296494097
v 67.23320007 -58.06981659 750.9954834
vn -0.8707529902 0.2543115914 0.4208501577
v 67.35597229 -58.12187195 751.2180786
vn -0.7757822275 0.2139507681 0.5936219692
v 67.51566315 -58.18404388 751.4057007
vn -0.6522526145 0.1658538878 0.7396343946
v 67.69984436 -58.25183868 751.550415
vn -0.5094400048 0.1133515537 0.8530077934
v 67.89533997 -58.32086945 751.6505737
vn -0.3467455804 0.05615374446 0.9362767935
v 68.11922455 -58.39720917 751.7144775
vn -0.1740639806 -0.002494973829 0.9847311974
v 68.35767365 -58.47568512 751.7318726
vn 0.01251075696 -0.06365998089 0.9978932142
v 68.60118103 -58.55315018 751.6983643
vn 0.2019403875 -0.1235237196 0.9715770483
v 68.83599854 -58.62487793 751.6135254
vn 0.3851336241 -0.1791449338 0.9053061008
v 69.05015564 -58.68738937 751.4807129
vn 0.5514294505 -0.2272551209 0.8026709557
v 69.23145294 -58.73708344 751.3099365
vn 0.6926560402 -0.2656001449 0.6705849767
v 69.37245941 -58.77227402 751.1140747
vn 0.8031581044 -0.2928984165 0.5187943578
v 69.47111511 -58.79307175 750.9069824
vn 0.8493058681 -0.2992873192 0.4348639548
v 68.65407562 -61.18871307 750.7686157
vn 0.9054342508 -0.3360494971 0.2593444586
v 68.71807098 -61.19714355 750.5343018
vn 0.9279077649 -0.3350496292 0.1634898633
v 68.73869324 -61.18972397 750.2854614
vn 0.9438274503 -0.3288232386 -0.03263463452
v 68.71162415 -61.16543961 750.0325317
vn 0.9224348068 -0.3095472455 -0.2308561206
v 68.63609314 -61.12485123 749.7893066
vn 0.8630868793 -0.2775808275 -0.4219359756
v 68.51538086 -61.06998825 749.5686646
vn 0.7690062523 -0.2346993983 -0.594596982
v 68.35825348 -61.00444031 749.3828125
vn 0.6464897394 -0.1835913956 -0.7405033708
v 68.17692566 -60.93304825 749.2394409
vn 0.5048889518 -0.1278696656 -0.8536606431
v 67.98439789 -60.86030579 749.1402588
vn 0.3433758318 -0.06704364717 -0.9368020892
v 67.76382446 -60.78003311 749.0772095
vn 0.1719561964 -0.004834942054 -0.9850927591
v 67.52883911 -60.69739914 749.0602417
vn -0.01356039569 0.06014271453 -0.9980976582
v 67.2888031 -60.61611176 749.09375
vn -0.2017228901 0.1236552373 -0.9716054797
v 67.05727386 -60.5406723 749.1781616
vn -0.3838018179 0.1826731861 -0.905166626
v 66.84603882 -60.47501373 749.3100586
vn -0.5491088629 0.233684212 -0.8024158478
v 66.66711426 -60.42284393 749.4796753
vn -0.6897010207 0.2743853927 -0.6700934172
v 66.52789307 -60.38596725 749.6740723
vn -0.7996544242 0.3033212423 -0.518217206
v 66.43038177 -60.36415863 749.8795166
vn -0.8814151883 0.3215044141 -0.3460378349
v 66.36637878 -60.35572433 750.1138306
vn -0.9305161238 0.3275505304 -0.1638609469
v 66.3457489 -60.36325836 750.3624878
vn -0.9464190006 0.3213189542 0.03232988715
v 66.37282562 -60.38754272 750.6156006
vn -0.9249904752 0.3020270169 0.2305912375
v 66.44836426 -60.42801666 750.8586426
vn -0.8656005263 0.2700409889 0.4216795266
v 66.56906128 -60.48299408 751.0794678
vn -0.7714891434 0.227142483 0.5943154097
v 66.72618866 -60.54842758 751.2653198
vn -0.6489958763 0.1760427952 0.7401441336
v 66.90753174 -60.61981964 751.4086304
vn -0.5073572397 0.1202896759 0.8532989025
v 67.10005951 -60.6925621 751.5078125
vn -0.3458119333 0.05945564061 0.9364182353
v 67.32062531 -60.77283859 751.5708618
vn -0.1742746085 -0.002803033916 0.98469311
v 67.55561829 -60.85547256 751.5878906
vn 0.01107627992 -0.06771997362 0.9976428747
v 67.79564667 -60.93687057 751.5544434
vn 0.1991381347 -0.1311995685 0.9711491466
v 68.0271759 -61.01231003 751.4699097
vn 0.3812860548 -0.1902289391 0.9046733379
v 68.23841858 -61.07785797 751.3380737
vn 0.5466219187 -0.2412501723 0.801874578
v 68.41733551 -61.13002396 751.168396
vn 0.6870892644 -0.2819060087 0.6696546674
v 68.55656433 -61.16690063 750.973999
vn 0.7970148325 -0.3108282685 0.5178350806
v 68.65407562 -61.18871307 750.7686157
vn 0.8427703977 -0.3186158836 0.4338455796
v 67.79814911 -63.56917191 750.6154785
vn 0.9004861116 -0.3497365117 0.2584746778
v 67.86196136 -63.57670593 750.3829346
vn 0.9229476452 -0.3488895595 0.1626153141
v 67.88299561 -63.56771088 750.1364136
vn 0.9393255115 -0.3413937986 -0.03343433142
v 67.85694885 -63.54129028 749.885437
vn 0.9185687304 -0.3203288615 -0.231561929
v 67.78301239 -63.49822998 749.6444092
vn 0.8600272536 -0.2861145735 -0.4224826396
v 67.66442108 -63.44055557 749.4255981
vn 0.7668628693 -0.2406530082 -0.5949852467
v 67.50977325 -63.37197113 749.2414551
vn 0.6453570127 -0.1867952049 -0.7406901717
v 67.33110809 -63.29765701 749.0994873
vn 0.5046717525 -0.1282513291 -0.853731811
v 67.1412735 -63.22221756 749.0013428
vn 0.3442770541 -0.06456486881 -0.9366454482
v 66.92366791 -63.13913345 748.9389038
vn 0.1737012863 0.0003755062644 -0.9847983122
v 66.69168854 -63.0539093 748.9221802
vn -0.01077159494 0.06792829931 -0.9976320267
v 66.45459747 -62.97014999 748.9556885
vn -0.1981643587 0.1338286996 -0.9709895849
v 66.22575378 -62.89279938 749.0396729
vn -0.3794986308 0.1948116869 -0.9044496417
v 66.01682281 -62.82590485 749.1705322
vn -0.5443897247 0.2473526448 -0.8015338182
v 65.83972168 -62.77306366 749.3389282
vn -0.6845805049 0.2889479101 -0.6692224145
v 65.70172882 -62.73596191 749.5318604
vn -0.7944350243 0.3182516992 -0.5172899365
v 65.60489655 -62.71459961 749.7357178
vn -0.876272738 0.3362170756 -0.3451147079
v 65.54109192 -62.70718002 749.9680786
vn -0.9256174564 0.3415523469 -0.1630163342
v 65.52005768 -62.71617508 750.2147827
vn -0.9419751167 0.3340478539 0.03308991715
v 65.54610443 -62.74248123 750.4655762
vn -0.9211850762 0.3129652739 0.2312375456
v 65.62003326 -62.78554153 750.706665
vn -0.862609148 0.2787347138 0.422152102
v 65.7386322 -62.84333038 750.925415
vn -0.769393146 0.2332455814 0.5946685672
v 65.89328003 -62.91180038 751.1096191
vn -0.6479029655 0.1793872267 0.7402985692
v 66.07194519 -62.98622894 751.251709
vn -0.5072149634 0.1208381727 0.8533059955
v 66.26177216 -63.0616684 751.3497314
vn -0.3467568159 0.05712452903 0.9362139106
v 66.47937775 -63.1447525 751.4121094
vn -0.1761779189 -0.007816419005 0.9843273163
v 66.71136475 -63.22997665 751.428894
vn 0.008278096095 -0.07535899431 0.9971221089
v 66.94845581 -63.31373596 751.3955078
vn 0.1954933107 -0.1411966383 0.9704874158
v 67.1772995 -63.39097214 751.3115234
vn 0.3769277334 -0.2022078931 0.9039012194
v 67.38622284 -63.45798111 751.180542
vn 0.541751802 -0.25471434 0.801015377
v 67.5633316 -63.5108223 751.012085
vn 0.6819333434 -0.2963013947 0.6687095165
v 67.70132446 -63.54781342 750.8192139
vn 0.7917345166 -0.3255833685 0.5168674588
v 67.79814911 -63.56917191 750.6154785
vn 0.8373222351 -0.3339336216 0.4328739047
v 66.91643524 -65.93917847 750.4372559
vn 0.8967155218 -0.3599018157 0.2576275468
v 66.98053741 -65.94446564 750.2067871
vn 0.9193652272 -0.3585510254 0.1618911624
v 67.00239563 -65.93288422 749.9622803
vn 0.9365466237 -0.3488903344 -0.03399923071
v 66.97769928 -65.90354156 749.7134399
vn 0.9167144299 -0.3253274262 -0.2319412529
v 66.9056015 -65.85744476 749.4746704
vn 0.8591879606 -0.2883803546 -0.4226498008
v 66.78923798 -65.7966156 749.2577515
vn 0.7670426369 -0.2401031852 -0.5949756503
v 66.63705444 -65.72522736 749.0753174
vn 0.6465718746 -0.1835287213 -0.7404471636
v 66.46094513 -65.64832306 748.9346313
vn 0.5067703724 -0.1224462241 -0.8533409238
v 66.27359009 -65.57063293 748.8375244
vn 0.3473220468 -0.05639746413 -0.9360484481
v 66.05862427 -65.48564148 748.7756958
vn 0.1774206907 0.01056269463 -0.9840784073
v 65.82923889 -65.3989563 748.7593994
vn -0.006440002937 0.07983674854 -0.9967871308
v 65.5945816 -65.31430054 748.7926636
vn -0.1933735609 0.1470030248 -0.9700498581
v 65.36787415 -65.23661041 748.8760986
vn -0.3743839562 0.208716169 -0.9034789205
v 65.16066742 -65.16993713 749.0059204
vn -0.5392292142 0.2614495158 -0.8005473018
v 64.9847641 -65.11799622 749.1729736
vn -0.679584682 0.3026958108 -0.6682364345
v 64.84745026 -65.08224487 749.3643799
vn -0.7897123694 0.331145674 -0.5164270997
v 64.75079346 -65.06256866 749.5664062
vn -0.8720744848 0.3477679491 -0.3443015218
v 64.68669128 -65.05739594 749.796875
vn -0.9220519662 0.3513795435 -0.1623348594
v 64.66483307 -65.06897736 750.0413818
vn -0.9392076135 0.341702342 0.03359460086
v 64.68952942 -65.09832001 750.2901001
vn -0.9193349481 0.3181162179 0.2315714657
v 64.76163483 -65.14441681 750.5289917
vn -0.8617865443 0.281152457 0.4222289026
v 64.87799835 -65.20523834 750.7459106
vn -0.7695859075 0.2328480929 0.5945748687
v 65.03017426 -65.27663422 750.9282227
vn -0.6491000056 0.1762582064 0.7400014997
v 65.2062912 -65.35353851 751.0690308
vn -0.5093525052 0.1152016819 0.852812171
v 65.39363861 -65.4311142 751.1662598
vn -0.3497779667 0.04909519479 0.9355453253
v 65.60861206 -65.51622009 751.2278442
vn -0.1799512804 -0.01782750711 0.9835139513
v 65.83798981 -65.60290527 751.2442627
vn 0.003847080516 -0.08707150072 0.9961946607
v 66.07264709 -65.68756104 751.2111206
vn 0.1907495707 -0.1542222202 0.969448328
v 66.29936218 -65.76525116 751.1275635
vn 0.3718408644 -0.2159660757 0.9028249979
v 66.50656891 -65.83192444 750.9977417
vn 0.5365859866 -0.2686532736 0.7999380827
v 66.68247223 -65.88386536 750.8306274
vn 0.6768885255 -0.3098764718 0.6676814556
v 66.81977844 -65.9196167 750.6392822
vn 0.7869874239 -0.3383141458 0.515940249
v 66.91643524 -65.93917847 750.4372559
vn 0.8326548934 -0.3464983106 0.4320008755
v 66.02127838 -68.30120087 750.2213135
vn 0.8941478133 -0.3667183518 0.2569383979
v 66.08630371 -68.30266571 749.9929199
vn 0.9172506332 -0.3641510904 0.1613854468
v 66.10952759 -68.28714752 749.7506714
vn 0.9357279539 -0.3510607481 -0.03419933096
v 66.0866394 -68.25375366 749.5042114
vn 0.9172409773 -0.3239325285 -0.2318118066
v 66.016716 -68.20361328 749.2675781
vn 0.8610513806 -0.2834350467 -0.4222026467
v 65.90277863 -68.13919067 749.0527954
vn 0.7701675296 -0.2318449318 -0.5942136645
v 65.75313568 -68.06465149 748.8720093
vn 0.6507890821 -0.1723334789 -0.7394421697
v 65.57951355 -67.98527527 748.732605
vn 0.5119301081 -0.1088537946 -0.8521023393
v 65.39447021 -67.90601349 748.6364746
vn 0.3531587422 -0.04070778936 -0.9346773624
v 65.18182373 -67.81989288 748.5753174
vn 0.1838396788 0.0275552664 -0.9825699329
v 64.9546051 -67.73275757 748.5592651
vn 0.0002501509152 0.09762360156 -0.995223403
v 64.72184753 -67.6484375 748.5921631
vn -0.1866526157 0.1648857147 -0.9684903026
v 64.49663544 -67.57198334 748.6749268
vn -0.3679915965 0.225996688 -0.9019466043
v 64.29045868 -67.50745392 748.8036499
vn -0.5332539678 0.2773684263 -0.7991914749
v 64.11506653 -67.45809174 748.9692993
vn -0.6743690372 0.3167164922 -0.6670210361
v 63.97776413 -67.42549133 749.1589355
vn -0.7853625417 0.3428126574 -0.5154466033
v 63.88069534 -67.40907288 749.3591919
vn -0.8687717319 0.3566022813 -0.3436138928
v 63.81568146 -67.40750122 749.5875244
vn -0.9199197292 0.3571300507 -0.1618821323
v 63.79245758 -67.42313385 749.829834
vn -0.938359499 0.3440121114 0.03372180462
v 63.81533813 -67.45652008 750.0762329
vn -0.9198275805 0.3168498576 0.2313512415
v 63.88526154 -67.50666809 750.3129272
vn -0.8635869026 0.2763133347 0.4217447639
v 63.9991951 -67.57108307 750.5276489
vn -0.7726765275 0.2246960402 0.5937024951
v 64.14883423 -67.64562988 750.708313
vn -0.6532458663 0.1651525199 0.7389144301
v 64.32247162 -67.72499847 750.8477173
vn -0.5144382715 0.1016890332 0.8514767289
v 64.50751495 -67.80426788 750.9439697
vn -0.3556421697 0.03353479877 0.9340204
v 64.72016144 -67.89038849 751.0050049
vn -0.1862954646 -0.03472914174 0.9818797708
v 64.94738007 -67.97751617 751.0212402
vn -0.002815379063 -0.1047427878 0.9944953322
v 65.18013763 -68.06183624 750.9881592
vn 0.1840869486 -0.1719744802 0.9677482843
v 65.4053421 -68.13829041 750.9053955
vn 0.365439266 -0.2330717295 0.901183486
v 65.61152649 -68.20282745 750.7766724
vn 0.5306203365 -0.2844069004 0.7984702587
v 65.78691101 -68.25218201 750.6112061
vn 0.6716561317 -0.3237124085 0.6663995385
v 65.92420959 -68.28479004 750.4215088
vn 0.7826762795 -0.3498120606 0.5148294568
v 66.02127838 -68.30120087 750.2213135
vn 0.8286654949 -0.3570683002 0.4310634732
v 65.12801361 -70.65715027 749.9472046
vn 0.8924760222 -0.3711807132 0.256342411
v 65.19474792 -70.652771 749.7213135
vn 0.9164360762 -0.3663364053 0.1610669494
v 65.22011566 -70.631073 749.4816284
vn 0.9367693067 -0.3482996523 -0.03392064944
v 65.19972992 -70.59172058 749.2377319
vn 0.9201295972 -0.3162482083 -0.230973199
v 65.13253021 -70.53617859 749.00354
vn 0.865683198 -0.2710769773 -0.4208442867
v 65.02140045 -70.46703339 748.7909546
vn 0.7763521671 -0.2153651416 -0.5923640728
v 64.8744812 -70.38889313 748.6120605
vn 0.6582309008 -0.1524419636 -0.7372201681
v 64.70334625 -70.30693817 748.4741211
vn 0.5203014612 -0.08640605211 -0.8496001363
v 64.52046204 -70.22632599 748.3789062
vn 0.3622422218 -0.01643178985 -0.9319391251
v 64.30983734 -70.13975525 748.3184204
vn 0.1932650357 0.0526721701 -0.9797317386
v 64.08430481 -70.05340576 748.3023682
vn 0.009646918625 0.1227005348 -0.9923968315
v 63.85280609 -69.97110748 748.3349609
vn -0.1775920093 0.1888847798 -0.9658072591
v 63.62833405 -69.8979187 748.4168091
vn -0.3598038852 0.2480105758 -0.8994620442
v 63.42232132 -69.8375473 748.5441895
vn -0.5261179805 0.2964623272 -0.7970633507
v 63.24654007 -69.7931366 748.7078857
vn -0.6685224771 0.3322022855 -0.6653715968
v 63.10836411 -69.76593018 748.8953857
vn -0.7810584903 0.3543017209 -0.5142158866
v 63.0100441 -69.7549057 749.0935059
vn -0.8661317825 0.3636078238 -0.3429359794
v 62.94330978 -69.7592926 749.319519
vn -0.9190325737 0.359467268 -0.1617480516
v 62.91793442 -69.7809906 749.5592041
vn -0.9393288493 0.3414000273 0.03327616304
v 62.93832779 -69.82034302 749.8030396
vn -0.9226467013 0.3093166351 0.2303178459
v 63.00553131 -69.87588501 750.0372314
vn -0.8681565523 0.2641150057 0.4201755524
v 63.11666107 -69.94503021 750.2497559
vn -0.7787931561 0.2083770484 0.5916588902
v 63.26357269 -70.02316284 750.4285889
vn -0.6606611609 0.1454515606 0.7364581823
v 63.43470764 -70.10512543 750.5665283
vn -0.5227407217 0.07941848785 0.8487843275
v 63.61758804 -70.18585205 750.6618042
vn -0.3646944761 0.00943937432 0.9310793877
v 63.82822418 -70.27230835 750.7224121
vn -0.1957365423 -0.05964671448 0.9788408875
v 64.05374908 -70.35865021 750.7383423
vn -0.01215225458 -0.1296442151 0.9914861321
v 64.2852478 -70.44094849 750.7058716
vn 0.1750403643 -0.1958008707 0.9648952484
v 64.50972748 -70.5141449 750.6240234
vn 0.3572131693 -0.2548858821 0.8985721469
v 64.71573639 -70.57463074 750.4966431
vn 0.5235174894 -0.303324759 0.7961931825
v 64.89151764 -70.618927 750.3329468
vn 0.6658694744 -0.3390457034 0.6645794511
v 65.02970123 -70.64624786 750.1452637
vn 0.7784302831 -0.3611430824 0.5134413242
v 65.12801361 -70.65715027 749.9472046
vn 0.8252076507 -0.366389513 0.4298732877
v 64.24746704 -73.00793457 749.5952759
vn 0.8910459876 -0.3751125038 0.2555927634
v 64.3164978 -72.99601746 749.3722534
vn 0.9159615636 -0.3672693372 0.1616405249
v 64.34453583 -72.96678162 749.135437
vn 0.9386565089 -0.3433239162 -0.0324440822
v 64.32713318 -72.92012787 748.8946533
vn 0.9243456721 -0.3054573536 -0.2286501676
v 64.26306152 -72.85784149 748.663269
vn 0.8720941544 -0.2548547685 -0.4177329838
v 64.15505981 -72.78307343 748.4532471
vn 0.7846527696 -0.1943773329 -0.5886743665
v 64.01106262 -72.70055389 748.2763672
vn 0.6680954099 -0.1276387572 -0.7330462933
v 63.84251022 -72.61577606 748.1400146
vn 0.5312482119 -0.05879477784 -0.8451736569
v 63.66176605 -72.53359222 748.0457764
vn 0.3738355935 0.01307575125 -0.9274027944
v 63.453022 -72.44691467 747.9858398
vn 0.205284968 0.0828287676 -0.9751909971
v 63.22894287 -72.36180115 747.9697876
vn 0.0215578638 0.1524611413 -0.9880743027
v 62.99835205 -72.28242493 748.0018311
vn -0.1663386375 0.2170850337 -0.9618760347
v 62.77416611 -72.21350861 748.0824585
vn -0.3495191932 0.2734253109 -0.8961444497
v 62.56781006 -72.15864563 748.2081299
vn -0.5173898339 0.3181549311 -0.7944087386
v 62.39108658 -72.12075806 748.369812
vn -0.6615582108 0.3493615687 -0.6635414362
v 62.25146866 -72.10040283 748.5549927
vn -0.7760826945 0.3664811254 -0.5132126808
v 62.15137482 -72.09624481 748.7506104
vn -0.8633374572 0.3703306317 -0.3427880704
v 62.08234024 -72.10827637 748.9736328
vn -0.9184599519 0.3605614305 -0.1625631899
v 62.0542984 -72.13750458 749.2104492
vn -0.9411201477 0.3365981281 0.031536486
v 62.07170486 -72.18416595 749.4512329
vn -0.9267737865 0.2987140715 0.227728501
v 62.13578033 -72.24633789 749.6826172
vn -0.874491632 0.2480967641 0.4167881906
v 62.24378967 -72.32121277 749.8926392
vn -0.7870207429 0.1876084358 0.587708652
v 62.38777542 -72.40362549 750.069519
vn -0.6704779863 0.1208750457 0.7320167422
v 62.55633545 -72.48839569 750.2058716
vn -0.5336440206 0.05205535516 0.8441056013
v 62.73707199 -72.57058716 750.3001099
vn -0.3762782514 -0.01977469958 0.9262956381
v 62.94581985 -72.65737915 750.3600464
vn -0.2076830715 -0.08956065774 0.9740875959
v 63.16989517 -72.74237823 750.3760986
vn -0.02403033152 -0.1591622233 0.9869599342
v 63.40048981 -72.82174683 750.3440552
vn 0.1637934148 -0.2237523645 0.9607843757
v 63.62467194 -72.89067078 750.2634277
vn 0.3470101953 -0.2801050544 0.8950558901
v 63.83102798 -72.94553375 750.1377563
vn 0.5148352981 -0.3248179257 0.7933712602
v 64.00775146 -72.98353577 749.9760742
vn 0.6590033174 -0.3560305238 0.6625382304
v 64.14736938 -73.00388336 749.7908936
vn 0.7735446095 -0.3731601834 0.5122306943
v 64.24746704 -73.00793457 749.5952759
vn 0.8217890263 -0.3756657541 0.4284133911
v 63.42547607 -75.2351532 749.1780396
vn 0.8891869187 -0.3802832067 0.2544234693
v 63.49670792 -75.21592712 748.9578247
vn 0.9157783985 -0.3686989248 0.1594084203
v 63.52735138 -75.17927551 748.7241821
vn 0.9405625463 -0.3379621506 -0.03352086991
v 63.5128479 -75.12531281 748.4863892
vn 0.928288281 -0.2933918536 -0.2284778059
v 63.45182037 -75.05638885 748.2580566
vn 0.8779278398 -0.2364955693 -0.416308254
v 63.34687424 -74.97577667 748.0505981
vn 0.7921506166 -0.1705286205 -0.5860182643
v 63.2057457 -74.88887024 747.8760376
vn 0.6769378185 -0.09934774786 -0.7293046117
v 63.03973007 -74.8009491 747.7412109
vn 0.5412127972 -0.02734342963 -0.8404409885
v 62.86111069 -74.71707916 747.6481323
vn 0.3843736947 0.04669611901 -0.9219958186
v 62.65424728 -74.62983704 747.5887451
vn 0.2158279121 0.1174549162 -0.9693413377
v 62.43161774 -74.54562378 747.5728149
vn 0.032072898 0.1866499335 -0.9819028378
v 62.20195389 -74.46872711 747.604248
vn -0.1564936787 0.2495744824 -0.9556266665
v 61.97810745 -74.40373993 747.6837769
vn -0.3406493068 0.3028346598 -0.8900838494
v 61.77145386 -74.35404968 747.8075562
vn -0.5098057985 0.3432950675 -0.7888260484
v 61.59384537 -74.32211304 747.96698
vn -0.6556117535 0.3693568707 -0.6585960388
v 61.4528656 -74.30828857 748.1496582
vn -0.7718143463 0.3807798326 -0.5092242956
v 61.35106277 -74.31087494 748.3425903
vn -0.8610372543 0.3784027696 -0.3397443295
v 61.27983093 -74.33010101 748.5628662
vn -0.9181805253 0.3621755242 -0.1605410129
v 61.24918747 -74.36675262 748.7965698
vn -0.9429276586 0.3314192295 0.03238398209
v 61.26369095 -74.42071533 749.0342407
vn -0.9306153655 0.2868331969 0.2273362875
v 61.32471848 -74.48963165 749.2626953
vn -0.8802358508 0.2299398184 0.4151054621
v 61.42966461 -74.57024384 749.4701538
vn -0.7944062352 0.1639500558 0.5848410726
v 61.57078934 -74.6571579 749.6447754
vn -0.6791838408 0.09276813269 0.7280820012
v 61.73680496 -74.74507141 749.7794189
vn -0.5435220599 0.02079686895 0.8391371965
v 61.91542816 -74.82894897 749.8726196
vn -0.3867683709 -0.05317597091 0.9206424356
v 62.12228775 -74.91630554 749.9318848
vn -0.2182143182 -0.1239301786 0.9679999352
v 62.34492111 -75.00040436 749.947876
vn -0.03434254229 -0.1931796819 0.9805622101
v 62.57458496 -75.07730103 749.9165039
vn 0.1539892107 -0.2560236752 0.95432657
v 62.7984314 -75.14239502 749.8369751
vn 0.3381936252 -0.3092969954 0.888797164
v 63.00508881 -75.1920929 749.7131348
vn 0.5073904991 -0.3497614861 0.7875416279
v 63.18269348 -75.22390747 749.5537109
vn 0.6531276703 -0.3758217096 0.6574057341
v 63.32367325 -75.23773956 749.3709717
vn 0.7693816423 -0.3872689009 0.5080105662
v 63.42547607 -75.2351532 749.1780396
vn 0.817856729 -0.3864149451 0.4263729155
v 62.56319427 -77.59638977 748.6428833
vn 0.8868365288 -0.3867909908 0.2528116107
v 62.63666153 -77.56963348 748.4260254
vn 0.9144744277 -0.3719292879 0.1593898386
v 62.66996765 -77.52522278 748.1958618
vn 0.9417022467 -0.3349146545 -0.03207937628
v 62.65846252 -77.46360779 747.9615479
vn 0.9318816662 -0.2840789557 -0.2256008387
v 62.6006279 -77.3877182 747.7366333
vn 0.8838552833 -0.2212055326 -0.4121504128
v 62.49889374 -77.30092621 747.5322266
vn 0.800144434 -0.1499067992 -0.5807726383
v 62.36082077 -77.2090683 747.3601685
vn 0.6866129041 -0.07429308444 -0.7232173085
v 62.19752502 -77.11766815 747.2272949
vn 0.5521492958 0.001048439532 -0.8337445855
v 62.02119446 -77.03165436 747.135437
vn 0.3963350058 0.07731492072 -0.9148447514
v 61.81639099 -76.94351196 747.0769653
vn 0.2281975746 0.1493095607 -0.9620980024
v 61.59539032 -76.86009216 747.0611572
vn 0.04441419616 0.2185716629 -0.9748096466
v 61.36683655 -76.7853241 747.0919189
vn -0.1444152296 0.2801890969 -0.9490196705
v 61.14345551 -76.72405243 747.170105
vn -0.32963413 0.3309983313 -0.8841840625
v 60.9366188 -76.67942047 747.2919312
vn -0.5001565814 0.3678311408 -0.7839283347
v 60.75820923 -76.65355682 747.4489136
vn -0.6477861404 0.3893992603 -0.6547834277
v 60.61590958 -76.64647675 747.6289062
vn -0.7659569383 0.3957536519 -0.5066449046
v 60.51239777 -76.6558075 747.8189087
vn -0.8573397398 0.3877321184 -0.3385740519
v 60.43893051 -76.68244934 748.0356445
vn -0.9167801738 0.3656058908 -0.160768345
v 60.40562439 -76.72686005 748.2659302
vn -0.9439781904 0.328576684 0.03070052341
v 60.4171257 -76.78847504 748.5001221
vn -0.9341265559 0.2777314782 0.224216029
v 60.47495651 -76.86447144 748.7252197
vn -0.8860836029 0.2148753256 0.4107121229
v 60.5766983 -76.95115662 748.9295044
vn -0.8023564816 0.1435867548 0.5793159008
v 60.71476746 -77.04312134 749.1016235
vn -0.6888159513 0.06798953563 0.7217409611
v 60.8780632 -77.13441467 749.234375
vn -0.5543980002 -0.007320095785 0.8322194815
v 61.05438995 -77.22042847 749.3262329
vn -0.398647368 -0.08355832845 0.9132897854
v 61.25920105 -77.30857086 749.3848267
vn -0.2305737883 -0.155516997 0.9605467916
v 61.48019409 -77.39199066 749.4006958
vn -0.0467056036 -0.2248123735 0.9732820392
v 61.70875549 -77.46675873 749.369751
vn 0.1421199292 -0.2864340544 0.9475006461
v 61.93213654 -77.52814484 749.291626
vn 0.3272140622 -0.3372161388 0.8827322721
v 62.13896942 -77.57266235 749.1697388
vn 0.4977919757 -0.3740809858 0.782474637
v 62.31738281 -77.598526 749.0128174
vn 0.6453467011 -0.3956564665 0.6534398198
v 62.45968246 -77.60560608 748.8328857
vn 0.7636134624 -0.402043581 0.5052281618
v 62.56319427 -77.59638977 748.6428833
vn 0.8136016726 -0.3982062638 0.4236556292
v 61.70129013 -79.96684265 748.0130615
vn 0.884077847 -0.3944213688 0.25067541
v 61.77658463 -79.93379211 747.7995605
vn 0.912586689 -0.3768819571 0.1585734636
v 61.81214142 -79.88274384 747.572937
vn 0.9419349432 -0.3343216479 -0.03142568469
v 61.80326462 -79.81461334 747.3423462
vn 0.9342657328 -0.2778591812 -0.2234767377
v 61.74830246 -79.7324295 747.1207275
vn 0.8883235455 -0.209550932 -0.4086192548
v 61.64953995 -79.64012146 746.9194946
vn 0.8065075874 -0.1333094686 -0.5759983659
v 61.51434326 -79.54366302 746.750061
vn 0.6945610046 -0.05347241834 -0.7174438834
v 61.35368729 -79.44888306 746.6192017
vn 0.5612870455 0.02519436926 -0.827237606
v 61.17965698 -79.36074066 746.5288086
vn 0.4063268006 0.1038350761 -0.9078087807
v 60.97698975 -79.27146912 746.4711914
vn 0.2389346212 0.1771975607 -0.9547309875
v 60.75777817 -79.18815613 746.4555664
vn 0.05525827408 0.2469455153 -0.9674525261
v 60.53056717 -79.11485291 746.4859619
vn -0.1337979585 0.3079017997 -0.9419631362
v 60.30797958 -79.05628204 746.5628662
vn -0.3196687996 0.3568999469 -0.8777438402
v 60.10133362 -79.01569366 746.6829224
vn -0.4913418591 0.3909189105 -0.7783094645
v 59.92253113 -78.99478149 746.8375244
vn -0.6403455138 0.4087945819 -0.650265038
v 59.77931595 -78.9930954 747.0147095
vn -0.760215342 0.4108939469 -0.503228426
v 59.6744957 -79.00804901 747.2017822
vn -0.8534154296 0.3980256617 -0.3365377784
v 59.59921265 -79.04109955 747.4154053
vn -0.9148120284 0.3707710505 -0.1601493061
v 59.56365585 -79.09214783 747.6419678
vn -0.9441355467 0.3282042742 0.02983391099
v 59.57253265 -79.16039276 747.8726196
vn -0.9364469051 0.2717445791 0.221860528
v 59.62748718 -79.2425766 748.0942383
vn -0.890496552 0.2034488767 0.4069698453
v 59.72625732 -79.33487701 748.2954712
vn -0.8086854815 0.1272319555 0.5743168592
v 59.86145401 -79.43134308 748.4649048
vn -0.6967506409 0.04743215442 0.7157434821
v 60.02209854 -79.52600861 748.5957031
vn -0.5635005236 -0.03120031394 0.8255262971
v 60.19614029 -79.614151 748.6860962
vn -0.408639133 -0.1097951233 0.9060679078
v 60.39880753 -79.70342255 748.7437744
vn -0.2412102669 -0.1831881255 0.9530265927
v 60.61800766 -79.78684235 748.7593994
vn -0.0575168319 -0.252938062 0.9657712579
v 60.8452301 -79.86014557 748.7288818
vn 0.1315145642 -0.3138985634 0.9403039813
v 61.06781769 -79.91860962 748.6519775
vn 0.3173384368 -0.3628953695 0.8761296868
v 61.27446365 -79.95931244 748.5319214
vn 0.4890213907 -0.3969374597 0.7767230868
v 61.45326614 -79.98011017 748.3774414
vn 0.6380053759 -0.4148394167 0.6487352252
v 61.59648132 -79.98179626 748.2002563
vn 0.7579299808 -0.416967839 0.5016770959
v 61.70129013 -79.96684265 748.0130615
vn 0.8091318011 -0.4106923342 0.4202826917
v 60.86439896 -82.25634766 747.3319702
vn 0.8811727166 -0.4024252594 0.2481704503
v 60.94071579 -82.21924591 747.1212769
vn 0.9103991985 -0.3830916286 0.156250149
v 60.97773361 -82.16381836 746.897522
vn 0.9411156774 -0.3365088999 -0.03260475397
v 60.97071457 -82.09119415 746.6699829
vn 0.9348669052 -0.2758553326 -0.2234451473
v 60.91790771 -82.00462341 746.4512939
vn 0.8903384805 -0.2033870518 -0.4073464274
v 60.82149124 -81.9083786 746.2528687
vn 0.8098459244 -0.123246327 -0.5735502839
v 60.68870544 -81.80854034 746.0858154
vn 0.6991203427 -0.0400207974 -0.7138831019
v 60.53037262 -81.71118164 745.9569702
vn 0.5668357611 0.04144762084 -0.8227875233
v 60.35844421 -81.62112427 745.8677979
vn 0.4125677943 0.1222515181 -0.9026861787
v 60.15787125 -81.53061676 745.8112793
vn 0.2456767261 0.1972149611 -0.949078083
v 59.94057465 -81.44674683 745.7959595
vn 0.06238597631 0.2677797973 -0.9614582658
v 59.71496582 -81.37389374 745.8262329
vn -0.1267444342 0.3288270533 -0.9358464479
v 59.49359894 -81.31678009 745.9023438
vn -0.312800467 0.3769965172 -0.8717967272
v 59.2877121 -81.27832794 746.0210571
vn -0.4849915504 0.4094083011 -0.7727664709
v 59.10916138 -81.26023102 746.173645
vn -0.6347507238 0.4249824882 -0.6453537345
v 58.96574783 -81.26191711 746.3485718
vn -0.7555828691 0.4242701828 -0.4990885258
v 58.86034393 -81.28046417 746.5333862
vn -0.8499417305 0.4080663621 -0.3332880437
v 58.78402328 -81.31756592 746.7442017
vn -0.9125674963 0.3771959543 -0.1579360515
v 58.74700546 -81.37299347 746.9678345
vn -0.9432612062 0.330612272 0.03088444099
v 58.75402832 -81.44562531 747.1954956
vn -0.9370020032 0.269962132 0.2216928601
v 58.80683517 -81.53219604 747.4140625
vn -0.8924717903 0.1975059658 0.4055681229
v 58.90324783 -81.62843323 747.6124878
vn -0.811994791 0.1173850521 0.5717387199
v 59.036026 -81.72827148 747.779541
vn -0.7013085485 0.03418866172 0.7120375037
v 59.19437027 -81.82563019 747.9085083
vn -0.5689967275 -0.04728210717 0.8209793568
v 59.36628723 -81.91568756 747.9975586
vn -0.4147794247 -0.1280439794 0.9008677602
v 59.56686783 -82.00619507 748.0541992
vn -0.2479513437 -0.2029820085 0.9472689629
v 59.78417206 -82.08995056 748.069397
vn -0.0646026507 -0.2735722959 0.9596794844
v 60.00977325 -82.16291809 748.0391235
vn 0.1244727001 -0.3346064687 0.9341012239
v 60.23114777 -82.22003174 747.9630127
vn 0.3105249405 -0.382802397 0.8700785041
v 60.43703461 -82.25848389 747.8444214
vn 0.4827288985 -0.4152339995 0.7710729837
v 60.6155777 -82.276474 747.6917725
vn 0.6325166225 -0.4308252037 0.6436710358
v 60.75898743 -82.27490234 747.5167847
vn 0.753366828 -0.430131197 0.4974189401
v 60.86439896 -82.25634766 747.3319702
vn 0.8048950434 -0.4224159122 0.4167838395
v 60.02381516 -84.52213287 746.6124268
vn 0.8791702986 -0.4078714848 0.2463746071
v 60.10037231 -84.48323059 746.4037476
vn 0.9085062742 -0.3882390857 0.154553473
v 60.13801575 -84.42578125 746.182251
vn 0.9400193095 -0.3394634426 -0.03359013051
v 60.1320076 -84.35101318 745.9570923
vn 0.93463099 -0.2764434218 -0.2237050831
v 60.08057022 -84.26230621 745.7409058
vn 0.8909944296 -0.2015722245 -0.4068139195
v 59.98581314 -84.16404724 745.5445557
vn 0.8113504052 -0.1190778539 -0.5723032355
v 59.85486984 -84.06229401 745.3795166
vn 0.7013617158 -0.03368175775 -0.7120093107
v 59.69842529 -83.96336365 745.2521362
vn 0.5698050261 0.04956861958 -0.8202835917
v 59.52833939 -83.87207031 745.1642456
vn 0.4161655903 0.131806761 -0.8996850252
v 59.32971191 -83.78066254 745.1084595
vn 0.2496290654 0.208012104 -0.9457358718
v 59.11433411 -83.69611359 745.09375
vn 0.06658022851 0.2794190943 -0.957858026
v 58.89052582 -83.62303925 745.1239624
vn -0.1223747209 0.3408387899 -0.9321230054
v 58.67072296 -83.56614685 745.199646
vn -0.3085375726 0.3889362514 -0.8680628538
v 58.46609497 -83.52825928 745.3174438
vn -0.4808852673 0.4207586944 -0.7692278624
v 58.28843689 -83.51128387 745.468689
vn -0.630995512 0.4353197515 -0.6421381235
v 58.14550781 -83.51420593 745.6420288
vn -0.7523044944 0.433255434 -0.4963141084
v 58.04022598 -83.53421783 745.8250732
vn -0.8473214507 0.4153107703 -0.3310035169
v 57.96367264 -83.57323456 746.0337524
vn -0.9106365442 0.3825354278 -0.1562297493
v 57.92603302 -83.63056946 746.255249
vn -0.9421217442 0.3337496817 0.03190247715
v 57.93203735 -83.70544434 746.4804077
vn -0.9367098808 0.2707268298 0.2219945788
v 57.98347092 -83.79415131 746.6966553
vn -0.8930630684 0.1958583593 0.4050652683
v 58.078228 -83.89241791 746.8929443
vn -0.8134144545 0.1133800372 0.5705277324
v 58.20917892 -83.99416351 747.0579834
vn -0.7035017014 0.02803752013 0.7101402879
v 58.36561966 -84.0931015 747.1853638
vn -0.5718759894 -0.0552688688 0.8184761405
v 58.53570175 -84.1842804 747.2731934
vn -0.4182180762 -0.1375039667 0.8978787661
v 58.73432541 -84.27580261 747.3290405
vn -0.2517715096 -0.2136484534 0.9439096451
v 58.94971085 -84.36023712 747.34375
vn -0.06878529489 -0.2850364149 0.9560453892
v 59.17351532 -84.4334259 747.3135376
vn 0.1201820597 -0.3464661241 0.9303319454
v 59.39331818 -84.4903183 747.237854
vn 0.3063314259 -0.394564271 0.8663025498
v 59.59794617 -84.52809143 747.1200562
vn 0.4786770046 -0.4264077842 0.7674924731
v 59.77560806 -84.54518127 746.968811
vn 0.6287977695 -0.4409853518 0.6404258609
v 59.91853333 -84.54214478 746.7954712
vn 0.7501485348 -0.438932538 0.4945861101
v 60.02381516 -84.52213287 746.6124268
vn 0.8016696572 -0.4311209619 0.414077878
v 59.18213654 -86.77217865 745.8751221
vn 0.8791463375 -0.4079082608 0.2463992238
v 59.25857925 -86.7323761 745.6681519
vn 0.9084296227 -0.3887371719 0.1537499279
v 59.29639053 -86.67424774 745.4485474
vn 0.9401913285 -0.3389347792 -0.03410894051
v 59.29086304 -86.59880829 745.2252808
vn 0.9350421429 -0.2748970687 -0.2238924354
v 59.24016953 -86.50954437 745.0107422
vn 0.8916341066 -0.1990483254 -0.4066551328
v 59.14641953 -86.41082764 744.8161621
vn 0.8122087717 -0.1156971231 -0.5717788339
v 59.0166626 -86.30896759 744.6523438
vn 0.7023572326 -0.02953569032 -0.7112116218
v 58.86149216 -86.21014404 744.5261841
vn 0.5709282756 0.05428451672 -0.8192033172
v 58.69270325 -86.11896515 744.4389648
vn 0.4174924195 0.1368117183 -0.8983221054
v 58.49550247 -86.02778625 744.383606
vn 0.2509524226 0.2132434845 -0.9442192912
v 58.28158188 -85.94390869 744.3690186
vn 0.06775835156 0.2847205698 -0.9562128186
v 58.05920029 -85.8713913 744.3990479
vn -0.1212028936 0.3459342122 -0.9303974509
v 57.84071732 -85.81517792 744.4741211
vn -0.3074141145 0.3936227858 -0.8663473129
v 57.63721848 -85.77830505 744.5908203
vn -0.4799449444 0.4248913825 -0.767541647
v 57.46044922 -85.76222229 744.7409058
vn -0.6301810741 0.4387304783 -0.6406148672
v 57.31814194 -85.76604462 744.9128418
vn -0.7516722679 0.4358543456 -0.4949947596
v 57.21320724 -85.78684998 745.0942993
vn -0.8469238877 0.4169289768 -0.3299850821
v 57.13676453 -85.82653809 745.3012695
vn -0.9104891419 0.383212626 -0.1554271877
v 57.09894943 -85.88477325 745.520874
vn -0.9422259927 0.3334060609 0.03241224587
v 57.10448837 -85.96021271 745.7441406
vn -0.9370564818 0.2693635523 0.2221901268
v 57.15517426 -86.04948425 745.9585571
vn -0.8936273456 0.1935112327 0.4049488604
v 57.24892426 -86.14807892 746.1532593
vn -0.8142235875 0.110192962 0.5699977279
v 57.37868881 -86.24993896 746.3169556
vn -0.7044457197 0.02409448661 0.7093487382
v 57.53385162 -86.34887695 746.4432373
vn -0.5730069876 -0.0597375147 0.8173704147
v 57.70264053 -86.43994904 746.5303345
vn -0.4194206595 -0.1423439384 0.8965626359
v 57.89984131 -86.53112793 746.5857544
vn -0.2530497015 -0.2186937332 0.9424112439
v 58.11376572 -86.6151123 746.6002808
vn -0.06996623427 -0.2901390493 0.9544234276
v 58.33614349 -86.68751526 746.5703735
vn 0.1189805791 -0.351372093 0.9286448359
v 58.55462646 -86.74372864 746.4953613
vn 0.3052287698 -0.3990784585 0.8646223545
v 58.75812149 -86.78072357 746.3786011
vn 0.4778274596 -0.4303641021 0.7658117414
v 58.93489456 -86.79679871 746.2284546
vn 0.628047049 -0.4442227781 0.638923347
v 59.07720566 -86.79297638 746.0565796
vn 0.74958992 -0.4413571954 0.4932735562
v 59.18213654 -86.77217865 745.8751221
vn 0.8005415797 -0.4342139661 0.4130271673
v 58.31935501 -89.10137177 745.1052246
vn 0.8817251921 -0.4008757174 0.2487153709
v 58.39539719 -89.06168365 744.8997803
vn 0.9103130102 -0.3831655383 0.1565707624
v 58.43297577 -89.00378418 744.6817017
vn 0.942247808 -0.3334528506 -0.03127723932
v 58.42739105 -88.92913055 744.4598389
vn 0.9371948838 -0.269726932 -0.2211631536
v 58.37687302 -88.84098053 744.2467041
vn 0.8938000798 -0.1943973899 -0.4041424096
v 58.2834816 -88.74362183 744.0531006
vn 0.8143007159 -0.1117458493 -0.5695850849
v 58.15424728 -88.64344788 743.8900757
vn 0.7043263316 -0.02643220313 -0.7093840837
v 57.99974823 -88.54619598 743.7643433
vn 0.5725781918 0.05656467378 -0.8178964853
v 57.83169174 -88.45681 743.6774902
vn 0.418836236 0.1380639672 -0.8975046277
v 57.6353569 -88.36754608 743.6220093
vn 0.2521031797 0.2133952677 -0.9438784122
v 57.42238998 -88.28546906 743.6071777
vn 0.06848575175 0.28381145 -0.9564312696
v 57.20101929 -88.2147522 743.6365356
vn -0.1208649278 0.3439736962 -0.9311679602
v 56.98353577 -88.16022491 743.7106323
vn -0.3074964583 0.3906826079 -0.8676480055
v 56.7809906 -88.12469482 743.8262329
vn -0.4804531336 0.4211058617 -0.7693079114
v 56.60506058 -88.1096344 743.9749756
vn -0.6310747862 0.4342753291 -0.6427671313
v 56.46344376 -88.11424255 744.1453857
vn -0.7529386282 0.4309171736 -0.497386992
v 56.35903549 -88.13537598 744.3255005
vn -0.8485170603 0.4115864933 -0.3325888515
v 56.28299713 -88.17517853 744.5310059
vn -0.9122744799 0.3777916133 -0.1582048982
v 56.24542236 -88.23296356 744.7490234
vn -0.9441828728 0.3280887604 0.02960478328
v 56.25099564 -88.30773163 744.9709473
vn -0.939119935 0.2643773258 0.2194501907
v 56.3015213 -88.39587402 745.1841431
vn -0.8957160711 0.1890470833 0.4024350047
v 56.39490891 -88.49312592 745.3777466
vn -0.8162180781 0.1064042598 0.5678610802
v 56.5241394 -88.59341431 745.5406494
vn -0.7063285112 0.02115027793 0.7075681686
v 56.6786499 -88.69055176 745.6664429
vn -0.5746514797 -0.06180175394 0.8160613775
v 56.84669876 -88.77993774 745.7533569
vn -0.4207455516 -0.1433966756 0.8957737088
v 57.04302979 -88.8693161 745.8087769
vn -0.2540745437 -0.2187052369 0.942132771
v 57.25600052 -88.9513855 745.8236084
vn -0.0705652386 -0.2890834212 0.9546995759
v 57.47737503 -89.02199554 745.7942505
vn 0.1187299192 -0.3492503762 0.9294769168
v 57.69485855 -89.07652283 745.7202148
vn 0.3053345382 -0.3959770799 0.8660097718
v 57.8973999 -89.11205292 745.6046143
vn 0.4783710241 -0.4264399111 0.7676653862
v 58.07332993 -89.12711334 745.4558716
vn 0.6290611625 -0.4396266043 0.6411010027
v 58.21494675 -89.12261963 745.2854004
vn 0.7509223223 -0.4362753034 0.4957615733
v 58.31935501 -89.10137177 745.1052246
vn 0.8020573258 -0.4301253259 0.4143624604
v 57.50228119 -91.38143158 744.3641968
vn 0.8874003291 -0.3848170936 0.2538433671
v 57.57760239 -91.34264374 744.15979
vn 0.9154226184 -0.369043529 0.1606496125
v 57.61450958 -91.28631592 743.942688
vn 0.9468500614 -0.3204909563 -0.0275779888
v 57.60831451 -91.21391296 743.7215576
vn 0.9410979152 -0.2584478259 -0.2180354744
v 57.55728531 -91.12869263 743.5090332
vn 0.8968234658 -0.1852585524 -0.4017299414
v 57.46351624 -91.03481293 743.3157959
vn 0.8163613081 -0.1051403731 -0.5678905845
v 57.33405685 -90.93823242 743.1529541
vn 0.7053607702 -0.02254652046 -0.7084898353
v 57.17947388 -90.8445816 743.0270386
vn 0.5726650357 0.05765169114 -0.8177597523
v 57.01147842 -90.75868988 742.9396973
vn 0.4177047014 0.1363904476 -0.8982874751
v 56.81533432 -90.67290497 742.883728
vn 0.2500267327 0.2089631259 -0.9454210997
v 56.60269928 -90.59431458 742.867981
vn 0.06553857028 0.276661098 -0.958730042
v 56.38180542 -90.52674866 742.8963013
vn -0.1246982887 0.3344166279 -0.9341390729
v 56.16490936 -90.47480011 742.9691772
vn -0.3120442629 0.3790718317 -0.8711675406
v 55.96304703 -90.44129944 743.0834961
vn -0.4855350554 0.4079449177 -0.7731989622
v 55.7878418 -90.42746735 743.230896
vn -0.6363979578 0.4200958014 -0.6469290257
v 55.64695358 -90.43241882 743.4000854
vn -0.7582913041 0.416285336 -0.5016979575
v 55.54323578 -90.45343781 743.5791016
vn -0.853818357 0.3969258368 -0.336814642
v 55.46790314 -90.49234009 743.7835083
vn -0.9172629118 0.3637657464 -0.1621827185
v 55.43100739 -90.54855347 744.0006104
vn -0.9486572146 0.3152346909 0.02601010166
v 55.43719482 -90.62096405 744.2216187
vn -0.9428896904 0.2532319427 0.2164085209
v 55.48822021 -90.70618439 744.4342041
vn -0.8986274004 0.1800818741 0.40004915
v 55.58198929 -90.80006409 744.6273804
vn -0.8181638718 0.09996911138 0.5662279129
v 55.71144867 -90.8967514 744.7902832
vn -0.7072207928 0.01741567999 0.7067782283
v 55.86603546 -90.99028778 744.9161987
vn -0.5746212602 -0.06274403632 0.8160107732
v 56.03403854 -91.07618713 745.00354
vn -0.4196473658 -0.1414987743 0.8965902925
v 56.23017502 -91.16197205 745.0594482
vn -0.2519894242 -0.2141066492 0.9437476993
v 56.44281006 -91.24066925 745.0753174
vn -0.06758061051 -0.2818098068 0.9570872784
v 56.66371155 -91.30812836 745.046936
vn 0.1226739213 -0.3395970464 0.9325368404
v 56.88059998 -91.36006927 744.9741211
vn 0.3099878132 -0.3842764199 0.8696201444
v 57.08246231 -91.39368439 744.8597412
vn 0.4834834039 -0.4131816626 0.7717024684
v 57.25766754 -91.40740204 744.7122803
vn 0.6344159245 -0.4253672361 0.6454294324
v 57.39855576 -91.40245819 744.5431519
vn 0.756364882 -0.4215711355 0.50018996
v 57.50228119 -91.38143158 744.3641968
vn 0.8067147732 -0.4170518816 0.4186633527
v 56.72694778 -93.68690491 743.6503906
vn 0.8964105248 -0.3573339581 0.2622224391
v 56.80117798 -93.65013885 743.4466553
vn 0.923537612 -0.3446786106 0.1681515723
v 56.8368454 -93.59729767 743.2299805
vn 0.9541010857 -0.2987563014 -0.020875955
v 56.82933044 -93.52938843 743.0090942
vn 0.9471827745 -0.2402665168 -0.2124070972
v 56.77695847 -93.44979095 742.7962646
vn 0.9014823437 -0.1713853329 -0.3974376321
v 56.68188477 -93.36220551 742.6025391
vn 0.8194368482 -0.09612710029 -0.565051198
v 56.55125046 -93.27214813 742.4388428
vn 0.7067548633 -0.01861952431 -0.7072134614
v 56.39566803 -93.18512726 742.3118896
vn 0.5724236369 0.05653908476 -0.8180063963
v 56.22687912 -93.10519409 742.2234497
vn 0.4157746732 0.1301933527 -0.9001005888
v 56.03009033 -93.02570343 742.1660767
vn 0.2464558929 0.1980491281 -0.9487022758
v 55.81702423 -92.95285034 742.1487427
vn 0.06055128574 0.2611638606 -0.9633934498
v 55.59593964 -92.89045715 742.175415
vn -0.1309721619 0.314909935 -0.9400414824
v 55.37913895 -92.84267426 742.2467041
vn -0.3193276227 0.3563128114 -0.8781065345
v 55.17763138 -92.81208801 742.359436
vn -0.4936196506 0.3829266727 -0.7808372378
v 55.00302505 -92.79983521 742.5054932
vn -0.6449605227 0.3938480318 -0.6549119353
v 54.86291885 -92.80512238 742.673584
vn -0.7669411302 0.3898035884 -0.5097592473
v 54.7600975 -92.82513428 742.8516846
vn -0.8622525334 0.3710308671 -0.3447559476
v 54.68586731 -92.86190033 743.0552979
vn -0.9251681566 0.3395529389 -0.1696104109
v 54.65019989 -92.91474152 743.2720337
vn -0.9557135105 0.2936603129 0.01937373355
v 54.65771484 -92.98264313 743.492981
vn -0.9487991333 0.2352069467 0.2108504772
v 54.71009445 -93.06224823 743.7056885
vn -0.9031284451 0.1663734764 0.3958268464
v 54.80516052 -93.14994049 743.8994141
vn -0.821079433 0.09110797942 0.5634961128
v 54.93579865 -93.23988342 744.0631104
vn -0.708453536 0.01362857781 0.7056258321
v 55.09137726 -93.32701874 744.1901245
vn -0.5742042661 -0.06151016802 0.8163981438
v 55.26016617 -93.40683746 744.2786255
vn -0.4176765978 -0.1351370364 0.8984899521
v 55.45695496 -93.48632812 744.3359375
vn -0.2482914627 -0.2030425519 0.9471668601
v 55.67002106 -93.55918121 744.3532715
vn -0.06241229549 -0.2661890686 0.9618981481
v 55.89110565 -93.62158203 744.3265381
vn 0.1291843504 -0.3199914694 0.9385716915
v 56.10790634 -93.66936493 744.255249
vn 0.3175797164 -0.3614321947 0.8766469359
v 56.30941391 -93.69994354 744.1425781
vn 0.491784811 -0.3880516589 0.7794636488
v 56.48402023 -93.71219635 743.996521
vn 0.6431708932 -0.3989880681 0.6535592675
v 56.62412643 -93.70691681 743.8284302
vn 0.7652099729 -0.3949570358 0.5083922744
v 56.72694778 -93.68690491 743.6503906
vn 0.8149150014 -0.3927680552 0.4262004197
v 56.01980209 -96.02857208 742.9882812
vn 0.9056055546 -0.3263957798 0.2708217204
v 56.09276962 -95.99484253 742.7849731
vn 0.9326076508 -0.3146826327 0.1766856313
v 56.1269455 -95.94650269 742.5684814
vn 0.9622232914 -0.2719401419 -0.0132267857
v 56.11776352 -95.88478088 742.34729
vn 0.9540325403 -0.2177640945 -0.2059142888
v 56.06362534 -95.81248474 742.1337891
vn 0.9067877531 -0.154160738 -0.3923906684
v 55.96678925 -95.73322296 741.9390869
vn 0.8229814768 -0.08480760455 -0.561702013
v 55.83449173 -95.65193939 741.7740479
vn 0.7084723115 -0.01355946716 -0.7056083679
v 55.67743301 -95.57357788 741.6456299
vn 0.572311759 0.05541380122 -0.818161726
v 55.50740814 -95.50173187 741.555481
vn 0.4139407873 0.1228567436 -0.9019752145
v 55.30952454 -95.43034363 741.4963379
vn 0.2429010421 0.1848888248 -0.9522684216
v 55.09560013 -95.36512756 741.4771118
vn 0.05534150079 0.2424492836 -0.9685843587
v 54.87396622 -95.30947876 741.5018311
vn -0.1376483887 0.2912895679 -0.9466801286
v 54.65694809 -95.26708984 741.571228
vn -0.3272471726 0.3286966681 -0.8859276175
v 54.45559692 -95.24021912 741.682312
vn -0.5023366213 0.3524443209 -0.7895827889
v 54.28147888 -95.22988129 741.8269043
vn -0.6542537212 0.3617849052 -0.6641263366
v 54.14213943 -95.23538971 741.9939575
vn -0.7764157653 0.3573866785 -0.5190889835
v 54.04029465 -95.25427246 742.1712646
vn -0.871514678 0.3394533098 -0.3538836241
v 53.9673233 -95.28800201 742.3743896
vn -0.9339119792 0.3099143505 -0.1782176346
v 53.93314743 -95.33634949 742.5909424
vn -0.9635803103 0.2671638131 0.01168304682
v 53.94233704 -95.39807129 742.8121948
vn -0.9554435611 0.2129657865 0.2043848336
v 53.99647522 -95.47036743 743.0255737
vn -0.9082657695 0.149359569 0.3908260763
v 54.09330368 -95.54962921 743.220459
vn -0.824473381 0.07997047156 0.5602216721
v 54.22560883 -95.63091278 743.385376
vn -0.7099483609 0.00868383795 0.7042002082
v 54.38266373 -95.70927429 743.513855
vn -0.573794961 -0.06030739844 0.81677562
v 54.55268478 -95.7811203 743.6039429
vn -0.4154290855 -0.1277480572 0.9006103873
v 54.75057602 -95.85250854 743.6630859
vn -0.2444024533 -0.1897654831 0.9509240389
v 54.96449661 -95.91771698 743.682312
vn -0.05670960248 -0.2473335415 0.9672694206
v 55.18613434 -95.97337341 743.6576538
vn 0.1363412142 -0.2961543798 0.9453589916
v 55.40315247 -96.0157547 743.5881958
vn 0.3260892928 -0.3335566819 0.8845369816
v 55.60450363 -96.04262543 743.4771118
vn 0.5011001825 -0.357268095 0.7881993055
v 55.77861786 -96.05297089 743.3325195
vn 0.6529916525 -0.3665776551 0.6627388
v 55.91795349 -96.04746246 743.1655884
vn 0.7751553059 -0.3621690273 0.5176561475
v 56.01980209 -96.02857208 742.9882812
vn 0.8249650598 -0.3600364923 0.4356677234
v 55.3793869 -98.40206909 742.3717041
vn 0.9105692506 -0.3080249727 0.2756524384
v 55.45166397 -98.36946106 742.1694336
vn 0.9384048581 -0.2935463488 0.1822824031
v 55.48511124 -98.32336426 741.9536743
vn 0.9676213264 -0.2522798777 -0.007989834994
v 55.47518158 -98.26501465 741.7330322
vn 0.9588244557 -0.2003759146 -0.201259017
v 55.42033005 -98.1969986 741.5198364
vn 0.9107789397 -0.1398047805 -0.38850528
v 55.32284546 -98.12268066 741.3250122
vn 0.8260275722 -0.07405888289 -0.558743
v 55.19000244 -98.04679108 741.1596069
vn 0.7104665041 -0.006772573106 -0.7036983967
v 55.03252411 -97.97382355 741.0306396
vn 0.5731137395 0.05817520246 -0.8174082637
v 54.86220932 -97.90715027 740.9399414
vn 0.4137426615 0.1214606613 -0.9022551179
v 54.66414261 -97.84115601 740.8797607
vn 0.2416245192 0.1794079691 -0.9536405802
v 54.45017624 -97.7811203 740.859436
vn 0.0530327484 0.2329361439 -0.9710449576
v 54.2286377 -97.73018646 740.8828125
vn -0.1410663277 0.2780675292 -0.9501466751
v 54.01187134 -97.69184875 740.9508057
vn -0.3315654993 0.3122510314 -0.8902603984
v 53.81090546 -97.66812897 741.0605469
vn -0.5073583126 0.3334357142 -0.7946119905
v 53.63729095 -97.6598053 741.2037964
vn -0.6597006321 0.3410101831 -0.6697067618
v 53.49852753 -97.66621399 741.3695068
vn -0.7822006941 0.3357025683 -0.5248484612
v 53.39728928 -97.68488312 741.5458984
vn -0.8773058653 0.3178549707 -0.3595867753
v 53.32500839 -97.71748352 741.7481689
vn -0.939542532 0.288920939 -0.1838056892
v 53.29156494 -97.76358032 741.9639282
vn -0.968827486 0.2476508319 0.006508205086
v 53.30149841 -97.82192993 742.1846313
vn -0.9600823522 0.1957297027 0.1998293102
v 53.35634995 -97.88995361 742.3978271
vn -0.9120724797 0.135133028 0.3871212304
v 53.4538269 -97.96426392 742.5926514
vn -0.8273316026 0.0693475157 0.5574166775
v 53.58667374 -98.0401535 742.7579956
vn -0.7116809487 0.001996783074 0.7024999857
v 53.74415588 -98.11312103 742.8869629
vn -0.5743883848 -0.06292765588 0.8161605597
v 53.91446304 -98.17979431 742.9777222
vn -0.4148548543 -0.1262853295 0.901081264
v 54.11253738 -98.24578857 743.0378418
vn -0.2427456528 -0.184223339 0.9524370432
v 54.32650757 -98.30582428 743.0582275
vn -0.05400191993 -0.2377690524 0.9698194265
v 54.5480423 -98.35664368 743.034729
vn 0.1400747895 -0.2828606367 0.9488776922
v 54.76480865 -98.39509583 742.9667969
vn 0.3306813538 -0.3170240223 0.8889013529
v 54.96577072 -98.41881561 742.8570557
vn 0.5064288974 -0.3381662369 0.7932044864
v 55.13938522 -98.42713928 742.7138062
vn 0.6587460637 -0.3457055986 0.6682374477
v 55.27814865 -98.42073059 742.5480957
vn 0.7811842561 -0.340362221 0.5233591199
v 55.3793869 -98.40206909 742.3717041
vn 0.8319739103 -0.3349509835 0.4422976971
v 54.77043152 -100.7861252 741.7593384
vn 0.9086725712 -0.3153083324 0.2736692429
v 54.84280777 -100.7517242 741.5587158
vn 0.9382392764 -0.2945966125 0.181438446
v 54.87657166 -100.7039413 741.3446655
vn 0.9679270983 -0.2510958016 -0.008244647644
v 54.86719131 -100.643898 741.1256714
vn 0.9596076608 -0.196949929 -0.2009076029
v 54.81309128 -100.5744171 740.9140625
vn 0.9120125771 -0.1342849135 -0.3875572383
v 54.71652985 -100.4990921 740.7208252
vn 0.8276443481 -0.06669415534 -0.5572761297
v 54.58472061 -100.4224167 740.5566406
vn 0.712469995 0.002008926589 -0.7016997337
v 54.42831421 -100.348999 740.4285889
vn 0.575327754 0.06801822037 -0.8150898814
v 54.25905228 -100.2823257 740.3384399
vn 0.4160650671 0.1322104931 -0.8996722698
v 54.06210327 -100.2165604 740.2787476
vn 0.2440580279 0.1904907525 -0.9508674741
v 53.84924316 -100.157196 740.2583618
vn 0.05548162386 0.2439603359 -0.9681968689
v 53.62875366 -100.1072769 740.2814331
vn -0.1387542337 0.2885784507 -0.9473487735
v 53.41291428 -100.0702896 740.348877
vn -0.3294652998 0.3218231201 -0.8876274228
v 53.2127037 -100.048027 740.4575195
vn -0.5056121945 0.3416703939 -0.7922232151
v 53.03962708 -100.0415039 740.5996094
vn -0.6583123207 0.3476121426 -0.6676756144
v 52.90118408 -100.0495987 740.7639771
vn -0.781160295 0.3405121267 -0.5232973695
v 52.80004501 -100.0699539 740.9387817
vn -0.8766500354 0.3210449219 -0.3583502173
v 52.72766876 -100.1044693 741.1394653
vn -0.9393649101 0.2899799943 -0.1830441952
v 52.69390488 -100.1522522 741.3535767
vn -0.9691103101 0.2465356886 0.006736936048
v 52.70328903 -100.2122879 741.5725708
vn -0.9608163238 0.1924254149 0.1995106041
v 52.75738907 -100.2816544 741.7840576
vn -0.9132018685 0.1297569573 0.3862971365
v 52.85394669 -100.3570938 741.977417
vn -0.8287864327 0.06213801354 0.5561042428
v 52.98575974 -100.4336624 742.1414795
vn -0.7134970427 -0.00664660614 0.7006267309
v 53.14216232 -100.5070724 742.2695312
vn -0.5763546824 -0.07267068326 0.8139620423
v 53.31142426 -100.5738602 742.3596802
vn -0.4170101285 -0.1369352043 0.8985272646
v 53.50837326 -100.6395187 742.4194946
vn -0.2448645234 -0.1953067929 0.9496823549
v 53.72123718 -100.6988831 742.4398193
vn -0.05617670715 -0.2488550544 0.9669101834
v 53.94172668 -100.7487946 742.416687
vn 0.1380513012 -0.293496877 0.9459394217
v 54.15756607 -100.7858963 742.3493652
vn 0.3287503719 -0.3267454505 0.8860929012
v 54.35778046 -100.8080444 742.2406006
vn 0.5048370361 -0.3465541601 0.7905945778
v 54.53085709 -100.8145676 742.0986328
vn 0.6574472785 -0.352445215 0.6659920812
v 54.66930008 -100.8064728 741.9341431
vn 0.7802287936 -0.3452746272 0.52156353
v 54.77043152 -100.7861252 741.7593384
vn 0.8322743773 -0.3339789212 0.4424674511
v 54.11484909 -103.2292099 741.0648193
vn 0.8991852999 -0.349522531 0.263248533
v 54.18846893 -103.1888428 740.8670654
vn 0.9303609133 -0.3219894171 0.175360769
v 54.22410202 -103.1336441 740.65625
vn 0.9619483352 -0.2729400992 -0.01261511259
v 54.21717834 -103.064949 740.4411011
vn 0.9558169842 -0.2122450322 -0.2033862621
v 54.16601944 -102.9861374 740.2335205
vn 0.9105827808 -0.1423398405 -0.3880442977
v 54.07273483 -102.9008026 740.0441895
vn 0.8286153078 -0.06722106785 -0.5557679534
v 53.94432449 -102.8145676 739.8837891
vn 0.715642333 0.008932442404 -0.6984097958
v 53.79124069 -102.7323837 739.7590942
vn 0.5805315375 0.08178976923 -0.8101194501
v 53.62505722 -102.657959 739.671814
vn 0.4231745899 0.152483657 -0.8931248784
v 53.43120956 -102.5850983 739.614502
vn 0.2529093921 0.2163583487 -0.94298774
v 53.22121811 -102.5195541 739.5960693
vn 0.06556496024 0.2747870088 -0.9592670798
v 53.00323486 -102.4651413 739.6204834
vn -0.1276318878 0.3231216073 -0.9377112985
v 52.78936386 -102.4253387 739.6883545
vn -0.3178685009 0.3587372601 -0.8776486516
v 52.59048843 -102.4022903 739.7967529
vn -0.4939239621 0.3793862164 -0.782371521
v 52.41805267 -102.3968964 739.9377441
vn -0.6471660733 0.3846473694 -0.6581963897
v 52.27957535 -102.4079132 740.1004028
vn -0.7708415389 0.3755271435 -0.514570415
v 52.17782974 -102.4325333 740.2730103
vn -0.8673924208 0.353081435 -0.3506620526
v 52.1042099 -102.4729004 740.4708862
vn -0.931604445 0.3175704777 -0.1768110991
v 52.06857681 -102.5280991 740.6815796
vn -0.9632012248 0.2685465515 0.01122993324
v 52.07549667 -102.5966797 740.8967285
vn -0.9570584297 0.2078804374 0.2020517737
v 52.12665558 -102.6756058 741.1043091
vn -0.9117929339 0.1379944831 0.386770159
v 52.219944 -102.7609406 741.2936401
vn -0.8297582865 0.06287852675 0.5545696616
v 52.34835434 -102.8471756 741.4540405
vn -0.7167689204 -0.01323916018 0.6971850991
v 52.50143433 -102.9293594 741.5787354
vn -0.5816978216 -0.0860580802 0.8088396788
v 52.6676178 -103.0037842 741.6661377
vn -0.4242534041 -0.1567965895 0.8918653727
v 52.86146927 -103.0766449 741.7233276
vn -0.2538623214 -0.2207334042 0.9417169094
v 53.07145691 -103.1420746 741.7417603
vn -0.06666601449 -0.2791396081 0.9579335451
v 53.28944778 -103.1966019 741.7173462
vn 0.1265719682 -0.3275201023 0.9363279939
v 53.50331497 -103.2364044 741.6494751
vn 0.316772759 -0.3631700277 0.8762205839
v 53.70218658 -103.2594528 741.5411987
vn 0.492854774 -0.3838461936 0.7808689475
v 53.87462616 -103.2648468 741.4002075
vn 0.6459925175 -0.3891114891 0.6567236185
v 54.01309967 -103.25383 741.2375488
vn 0.7696667314 -0.3799852133 0.5130539536
v 54.11484909 -103.2292099 741.0648193
vn 0.8245911598 -0.3625566661 0.4342834055
v 53.4403038 -105.3985291 740.333252
vn 0.8850800395 -0.3939095736 0.2479285747
v 53.51498032 -105.3536682 740.1378784
vn 0.9176422954 -0.3646911383 0.1579018682
v 53.5524559 -105.2921677 739.9302979
vn 0.9502680898 -0.3101245165 -0.02851909027
v 53.54815674 -105.2153778 739.7189331
vn 0.9456120729 -0.2423149943 -0.2170282453
v 53.50026703 -105.1268997 739.515686
vn 0.9022518992 -0.1639445275 -0.3988279104
v 53.41075516 -105.0312195 739.3308716
vn 0.8225060105 -0.07953099161 -0.5631684065
v 53.28637695 -104.9341965 739.1749268
vn 0.711977005 0.006239768583 -0.7021750808
v 53.13733292 -104.8415527 739.0543823
vn 0.5794302821 0.0884597376 -0.8102070093
v 52.97496796 -104.7575684 738.9708252
vn 0.4244736135 0.168207258 -0.8896788359
v 52.78505707 -104.6751556 738.9171143
vn 0.2565342188 0.2407374531 -0.9360746145
v 52.57883072 -104.6009521 738.9019165
vn 0.07156721503 0.3071729243 -0.9489588737
v 52.36424637 -104.5391159 738.928772
vn -0.1194732189 0.3624168038 -0.9243268967
v 52.15320206 -104.4935837 738.998291
vn -0.3078199625 0.4033897221 -0.861698091
v 51.95643234 -104.4669418 739.1074219
vn -0.4823652208 0.4275338054 -0.7645512819
v 51.78526688 -104.460083 739.24823
vn -0.6344782114 0.4343048334 -0.6393877864
v 51.64723969 -104.4717712 739.4099121
vn -0.7576423287 0.424816072 -0.4954890907
v 51.54521179 -104.4987564 739.5808716
vn -0.8542078733 0.400146544 -0.3319814205
v 51.47053528 -104.5436172 739.7763062
vn -0.9189714789 0.360830754 -0.1590364873
v 51.43305588 -104.6051178 739.9838257
vn -0.9515806437 0.3061826229 0.02732140943
v 51.43736267 -104.6819077 740.1951904
vn -0.9469229579 0.2383045256 0.2157496363
v 51.48524857 -104.7703857 740.3984985
vn -0.903581202 0.1599119753 0.3974533677
v 51.57475662 -104.8661728 740.583313
vn -0.8238441348 0.07547800988 0.5617685318
v 51.69913483 -104.9632034 740.7391357
vn -0.7134053707 -0.01021697465 0.7006770968
v 51.84818268 -105.0558472 740.8597412
vn -0.5809451938 -0.09234692901 0.8086870313
v 52.01054382 -105.1397171 740.9432983
vn -0.4259679615 -0.1720457524 0.8882294297
v 52.20045471 -105.2221298 740.9969482
vn -0.2579812706 -0.244527638 0.9346934557
v 52.40668106 -105.2963257 741.012207
vn -0.07311122119 -0.3108597994 0.9476396441
v 52.62126923 -105.3581619 740.9853516
vn 0.1178882867 -0.3660348654 0.9231039286
v 52.83230972 -105.4037018 740.9158936
vn 0.3062937856 -0.4069774747 0.8605541587
v 53.02908707 -105.4303436 740.8067017
vn 0.4808697701 -0.4311279655 0.763474226
v 53.20024872 -105.4372025 740.6659546
vn 0.6330581903 -0.4379393458 0.63831532
v 53.33827209 -105.4255142 740.5042725
vn 0.7562350035 -0.4285134971 0.494454056
v 53.4403038 -105.3985291 740.333252
vn 0.8099141717 -0.4111403227 0.4183332026
v 52.60606766 -107.7066956 739.4903564
vn 0.8734916449 -0.4255764782 0.2364255041
v 52.67965698 -107.6640854 739.2952271
vn 0.9046753645 -0.400041312 0.1467290819
v 52.71678162 -107.6032639 739.088562
vn 0.9374119043 -0.345944941 -0.03976253793
v 52.71292877 -107.5254593 738.8786621
vn 0.9333950281 -0.2771698534 -0.227926746
v 52.66631699 -107.4345093 738.6774292
vn 0.8911983371 -0.1964173019 -0.4088835716
v 52.57884598 -107.334671 738.4951782
vn 0.8130151033 -0.1082221717 -0.5720965266
v 52.45711517 -107.2323608 738.3421631
vn 0.7044017315 -0.01762459055 -0.7095826864
v 52.31112671 -107.1336441 738.2246704
vn 0.5739989281 0.07010705024 -0.8158493638
v 52.1520195 -107.043251 738.1439209
vn 0.4212627113 0.1557764709 -0.8934603333
v 51.96582794 -106.9534225 738.0933228
vn 0.2557481229 0.2349260002 -0.9377647042
v 51.76357269 -106.8713455 738.0811768
vn 0.07332980633 0.308416754 -0.9484207034
v 51.55304337 -106.8013077 738.1109619
vn -0.1150382459 0.3707812428 -0.9215679169
v 51.34590912 -106.7480164 738.1830444
vn -0.3009399176 0.4186546206 -0.8568333983
v 51.15270233 -106.7142868 738.2942505
vn -0.4734839797 0.4491077363 -0.7577038407
v 50.98457336 -106.7014694 738.4365845
vn -0.6239373684 0.4611756504 -0.6308876276
v 50.84889984 -106.7085495 738.5991821
vn -0.7459208965 0.4557679892 -0.4856722951
v 50.74851608 -106.7322769 738.7705078
vn -0.8417066932 0.4339152873 -0.3213213086
v 50.67492676 -106.7748871 738.9655762
vn -0.9060601592 0.3964505196 -0.1479255408
v 50.63779831 -106.8357086 739.1723022
vn -0.9387948513 0.342317462 0.0385100022
v 50.64165497 -106.9135132 739.3822021
vn -0.93479985 0.2735016644 0.2265967727
v 50.68826675 -107.0044632 739.583374
vn -0.8926412463 0.1926978827 0.4075035453
v 50.77573776 -107.1043015 739.765625
vn -0.8145077229 0.1044640765 0.5706701875
v 50.89746475 -107.2066116 739.9186401
vn -0.7059967518 0.01386678405 0.7080793381
v 51.0434494 -107.3053284 740.0361938
vn -0.5756531954 -0.07388082147 0.8143494725
v 51.20256424 -107.3957214 740.1169434
vn -0.4228958786 -0.1595637649 0.8920193315
v 51.3887558 -107.4855499 740.1674194
vn -0.257404685 -0.2386814505 0.9363620877
v 51.59100723 -107.5676193 740.1796875
vn -0.07515480369 -0.3120764196 0.9470797777
v 51.80154037 -107.6376648 740.1499023
vn 0.1133521646 -0.3744516373 0.9202919602
v 52.00867081 -107.6909561 740.0778198
vn 0.2993352413 -0.4222916663 0.8556098342
v 52.20187378 -107.7246857 739.9666138
vn 0.471875608 -0.4526893795 0.7565749884
v 52.37001038 -107.7375031 739.8242798
vn 0.6224586368 -0.4647419751 0.6297302246
v 52.5056839 -107.7305298 739.6616211
vn 0.744461894 -0.4593323171 0.484551698
v 52.60606766 -107.7066956 739.4903564
vn 0.7977663279 -0.4461315572 0.4056297839
v 51.69780731 -109.9413376 738.7085571
vn 0.8662746549 -0.4433013201 0.2303305566
v 51.76803207 -109.9063721 738.5117798
vn 0.8950977921 -0.4237515032 0.1386888921
v 51.80226517 -109.8525162 738.3037109
vn 0.9256233573 -0.3751725852 -0.04966792464
v 51.79616547 -109.7806778 738.0928955
vn 0.9198328853 -0.3108496964 -0.2393322885
v 51.74811172 -109.6941071 737.8911743
vn 0.876409173 -0.2332085669 -0.4213320911
v 51.66007614 -109.5970764 737.7089233
vn 0.7976430655 -0.1466138065 -0.5850384235
v 51.53868103 -109.4957809 737.5565186
vn 0.6890173554 -0.05599561334 -0.7225784063
v 51.3938179 -109.3962784 737.4398804
vn 0.5592321754 0.0331235677 -0.8283491135
v 51.23645401 -109.3037491 737.3604126
vn 0.4076244533 0.1212975532 -0.9050575495
v 51.05279541 -109.2102127 737.3115234
vn 0.2436482012 0.2044381946 -0.9480720162
v 50.85375595 -109.1228561 737.3013916
vn 0.06332805008 0.2831836045 -0.956972599
v 50.64704132 -109.0460663 737.3335571
vn -0.122513473 0.3519360721 -0.9279716611
v 50.44414139 -108.9849014 737.4082031
vn -0.3054461181 0.4069890678 -0.8608499169
v 50.25535583 -108.9425201 737.5218506
vn -0.4749234915 0.4451079667 -0.7591617703
v 50.09157562 -108.920929 737.666687
vn -0.6224304438 0.464864701 -0.6296674609
v 49.95994186 -108.9194717 737.8314819
vn -0.7415361404 0.4666910768 -0.4819995761
v 49.8631134 -108.9355469 738.0046387
vn -0.8346396685 0.451552242 -0.3154000342
v 49.79289246 -108.9705124 738.2014771
vn -0.8965173364 0.4203410149 -0.1398931593
v 49.75865555 -109.0243683 738.4094849
vn -0.9270612597 0.3717682362 0.04843375832
v 49.76475525 -109.0962067 738.6203003
vn -0.921307683 0.3074480295 0.2380501628
v 49.81281662 -109.1827774 738.8219604
vn -0.8779184222 0.2297707498 0.4200769663
v 49.90084839 -109.279808 739.0042114
vn -0.799174428 0.1431238353 0.5838114619
v 50.0222435 -109.3811035 739.1566772
vn -0.6906073689 0.05249575898 0.7213221788
v 50.167099 -109.4806061 739.2732544
vn -0.5608782768 -0.03664792329 0.8270867467
v 50.32447052 -109.5731354 739.3526611
vn -0.4091391563 -0.1249258891 0.9038797617
v 50.50812531 -109.6666718 739.4015503
vn -0.2452743202 -0.2080125213 0.9468744993
v 50.70716858 -109.7540283 739.4116821
vn -0.06505353749 -0.2867132425 0.9558051825
v 50.91387939 -109.8308182 739.3796387
vn 0.1208693907 -0.3554848433 0.9268339276
v 51.11678696 -109.891983 739.3049927
vn 0.3039897382 -0.4105616212 0.8596681952
v 51.30556107 -109.9342575 739.1912231
vn 0.4734687507 -0.4486416876 0.7579894066
v 51.46934128 -109.9558411 739.0465088
vn 0.6209231019 -0.4683524668 0.628570199
v 51.60097885 -109.9573059 738.8817749
vn 0.7400976419 -0.4701455235 0.4808520675
v 51.69780731 -109.9413376 738.7085571
vn 0.7911430597 -0.463191539 0.3994324505
v 50.75893784 -112.0864868 738.0595093
vn 0.8613655567 -0.4543763697 0.2271376401
v 50.82455063 -112.0615234 737.8604736
vn 0.888364017 -0.4397902191 0.1318860799
v 50.85443878 -112.0175629 737.6504517
vn 0.914650023 -0.3998953104 -0.05915304646
v 50.84446716 -111.9549408 737.4377441
vn 0.9049862027 -0.3434126973 -0.2511328757
v 50.79325485 -111.8764648 737.2346191
vn 0.858252883 -0.2723349929 -0.4350122213
v 50.70295334 -111.785965 737.0513306
vn 0.7769950628 -0.190705508 -0.5999251008
v 50.58028412 -111.6890488 736.8983154
vn 0.6667819619 -0.1032239795 -0.7380695343
v 50.43513107 -111.5921326 736.7816162
vn 0.5362776518 -0.01534541044 -0.8439021111
v 50.27833176 -111.5001678 736.7024536
vn 0.3847755194 0.07320541143 -0.9201025963
v 50.09615326 -111.4052734 736.6542358
vn 0.2216451168 0.1586306095 -0.9621381164
v 49.89952469 -111.3146591 736.6452637
vn 0.04308896139 0.2414449006 -0.9694574475
v 49.69611359 -111.2326965 736.6789551
vn -0.1401763707 0.3160127997 -0.9383423924
v 49.49725723 -111.1644516 736.7554321
vn -0.3198058009 0.3784082234 -0.868637681
v 49.31307983 -111.1135254 736.8713379
vn -0.4853307605 0.4249541759 -0.7641125321
v 49.15415192 -111.082489 737.0183105
vn -0.6285305023 0.4537604153 -0.6317047477
v 49.02732468 -111.0712509 737.1853638
vn -0.7433435321 0.4647294879 -0.4811100364
v 48.93501282 -111.077774 737.3606567
vn -0.8321024776 0.4588531554 -0.3115433753
v 48.86940002 -111.1026154 737.5596313
vn -0.8897630572 0.4365608096 -0.1331779361
v 48.83950806 -111.1466904 737.7696533
vn -0.9161376357 0.3966647387 0.05786983296
v 48.84947968 -111.209198 737.9823608
vn -0.9065555334 0.3401793838 0.2498700768
v 48.90069199 -111.287674 738.1855469
vn -0.8598915339 0.2691078484 0.4337828159
v 48.99098969 -111.3782959 738.3687744
vn -0.7786112428 0.1874197721 0.5988642573
v 49.11366272 -111.4750977 738.5217896
vn -0.6684004068 0.09994538873 0.7370561957
v 49.25881577 -111.5721207 738.6386108
vn -0.5379390121 0.01211403869 0.8428966999
v 49.4156189 -111.6640854 738.7177734
vn -0.3861318231 -0.07658077031 0.9192592502
v 49.59778976 -111.7588654 738.7658691
vn -0.2231159359 -0.1619074047 0.9612519145
v 49.79442215 -111.8494873 738.7749023
vn -0.04450699687 -0.2447034866 0.9685759544
v 49.99783325 -111.9315567 738.741272
vn 0.1388915628 -0.3192925155 0.9374227524
v 50.19668961 -111.9998016 738.6647949
vn 0.3186109364 -0.3816927075 0.867639184
v 50.38087463 -112.0507355 738.5488892
vn 0.4842366278 -0.4282451868 0.7629684806
v 50.53979492 -112.0817642 738.4017334
vn 0.6273389459 -0.4570261836 0.6305338144
v 50.66662216 -112.0930023 738.2348022
vn 0.7420374155 -0.4679776728 0.4799764752
v 50.75893784 -112.0864868 738.0595093
vn 0.7897582054 -0.4663363695 0.3985127211
v 49.66711044 -114.4193878 737.4921875
vn 0.8548125029 -0.4680109024 0.2241905183
v 49.72711945 -114.4060059 737.2913818
vn 0.8796275258 -0.4576125145 0.1297928989
v 49.75178528 -114.3730698 737.0794678
vn 0.9019553065 -0.4271472096 -0.06341859698
v 49.73722458 -114.3206787 736.8653564
vn 0.8887923956 -0.3791637719 -0.2574547529
v 49.68236923 -114.2508545 736.6610107
vn 0.8392024636 -0.3152325153 -0.4431339502
v 49.58955383 -114.1668701 736.4770508
vn 0.7558256388 -0.2388789356 -0.6096429229
v 49.46562195 -114.0743408 736.3237305
vn 0.6443679333 -0.154700458 -0.7489043474
v 49.32040787 -113.9792252 736.2070923
vn 0.5134494305 -0.06810310483 -0.8554131389
v 49.16459656 -113.8869247 736.128418
vn 0.3623520732 0.02104075067 -0.9318037629
v 48.98454666 -113.7896729 736.0811768
vn 0.2006117105 0.1088908985 -0.9736003876
v 48.79117584 -113.6942215 736.0734253
vn 0.02423278429 0.1961566061 -0.9802731276
v 48.59209824 -113.6050644 736.1088257
vn -0.1561173797 0.2770812213 -0.9480787516
v 48.39845657 -113.5278244 736.1871948
vn -0.3321642578 0.3474900723 -0.8768794537
v 48.22011185 -113.466217 736.3052368
vn -0.4936767817 0.4032730758 -0.7704895139
v 48.06727219 -113.4237137 736.4544678
vn -0.6325908899 0.441966027 -0.6359990835
v 47.94641495 -113.4008942 736.6236572
vn -0.7431329489 0.4628776908 -0.4832159877
v 47.85964966 -113.396286 736.8008423
vn -0.8275269866 0.467178762 -0.3113568723
v 47.79964066 -113.4096603 737.00177
vn -0.8810513616 0.4545669556 -0.1308334023
v 47.77497864 -113.4424896 737.213562
vn -0.9034596086 0.4241069853 0.0624018833
v 47.78953934 -113.4948807 737.4277344
vn -0.8903588057 0.3761297762 0.256490916
v 47.84439468 -113.5648117 737.632019
vn -0.8407946825 0.3121973276 0.4422636926
v 47.93720245 -113.6487961 737.815979
vn -0.7574124932 0.2358539253 0.6088507771
v 48.06113815 -113.7413254 737.9692993
vn -0.645927906 0.151683718 0.7481772304
v 48.20635605 -113.836441 738.0859375
vn -0.5150538683 0.06514319032 0.8546788096
v 48.36216354 -113.9286346 738.1646118
vn -0.3636406064 -0.0241400525 0.9312264919
v 48.54221344 -114.026001 738.211853
vn -0.2019257993 -0.1119339168 0.9729834199
v 48.73558426 -114.1214523 738.2196045
vn -0.02554436587 -0.1991713941 0.9796316624
v 48.93466187 -114.210495 738.1842651
vn 0.1549589634 -0.2801404595 0.9473695159
v 49.12830353 -114.2878494 738.105835
vn 0.3310412765 -0.3505576551 0.876082778
v 49.30664825 -114.3493423 737.987854
vn 0.4925355017 -0.4063400626 0.7696080208
v 49.45948792 -114.3919525 737.838562
vn 0.6314171553 -0.4450318217 0.6350268126
v 49.58034515 -114.4147797 737.6694946
vn 0.7418527603 -0.4659362435 0.4822425842
v 49.66711044 -114.4193878 737.4921875
vn 0.7887145281 -0.4683883786 0.3981729746
v 48.53517151 -116.6497574 737.0821533
vn 0.8455787897 -0.4858645201 0.2212061882
v 48.58955383 -116.6470566 736.880127
vn 0.8683158159 -0.4799430668 0.1252289265
v 48.60905457 -116.6243439 736.6672974
vn 0.8858374953 -0.4587268829 -0.06972489506
v 48.59007263 -116.5810623 736.4523315
vn 0.8684195876 -0.4188812673 -0.2653034627
v 48.53180695 -116.5186615 736.2474976
vn 0.8153626323 -0.3615745306 -0.4521588683
v 48.43679428 -116.4400787 736.0632324
vn 0.7295336723 -0.2899404764 -0.6194474697
v 48.31196213 -116.3505783 735.9099731
vn 0.6166602969 -0.2083329409 -0.7591623664
v 48.16707993 -116.2562561 735.7937012
vn 0.4854381979 -0.1222723871 -0.8656784892
v 48.01264572 -116.1628265 735.7156982
vn 0.3349712193 -0.03160898015 -0.9416980147
v 47.83515549 -116.062088 735.6692505
vn 0.1749663353 0.0595193319 -0.9827737212
v 47.64548111 -115.9611282 735.6625977
vn 0.001279875753 0.1521524191 -0.9883562326
v 47.45115662 -115.8645477 735.6992798
vn -0.1753997803 0.2402641624 -0.9547293186
v 47.26311874 -115.7778702 735.7791138
vn -0.3470250964 0.3194916248 -0.8817588687
v 47.09093475 -115.7056885 735.8987427
vn -0.5034306645 0.3851256669 -0.7734570503
v 46.94443893 -115.6518326 736.0494995
vn -0.6369984746 0.434217602 -0.6369364262
v 46.82972717 -115.6178818 736.2200317
vn -0.7422096133 0.4654240012 -0.4821881652
v 46.74860382 -115.6028137 736.3985596
vn -0.8212416768 0.4800644219 -0.3083833456
v 46.69421768 -115.6055145 736.6005249
vn -0.8697502017 0.4771403968 -0.1259826422
v 46.67472458 -115.6282272 736.8134155
vn -0.8873295784 0.4559430182 0.06900845468
v 46.69371033 -115.6715088 737.0283813
vn -0.869956255 0.4161253273 0.2646051049
v 46.75196457 -115.7339096 737.2332764
vn -0.8168956041 0.3588166833 0.4515884817
v 46.84697723 -115.8125 737.4175415
vn -0.7310316563 0.2871793509 0.6189674735
v 46.97181702 -115.9019928 737.5707397
vn -0.6181354523 0.2056039721 0.7587065101
v 47.1166954 -115.996315 737.6870117
vn -0.4868983626 0.1195608154 0.8652370572
v 47.27112579 -116.0897446 737.7651367
vn -0.3363370001 0.02886605822 0.9412992001
v 47.44861603 -116.1904831 737.8114624
vn -0.1761328429 -0.06234878302 0.9823898673
v 47.63829803 -116.2914429 737.8181152
vn -0.002498501912 -0.1549388468 0.9879208803
v 47.8326149 -116.3880234 737.7814331
vn 0.1743430197 -0.2431241274 0.9541987181
v 48.02065659 -116.4747009 737.7015381
vn 0.3458736837 -0.3223140538 0.8811838627
v 48.19283676 -116.5468826 737.5820312
vn 0.5022757053 -0.3879645467 0.7727888823
v 48.33933258 -116.6007385 737.4312134
vn 0.6357803941 -0.437050432 0.6362155676
v 48.45404816 -116.6346893 737.2606812
vn 0.7409083843 -0.4682473838 0.4814552665
v 48.53517151 -116.6497574 737.0821533
vn 0.785158217 -0.4753768444 0.3969174027
v 47.32041168 -118.8562927 736.7982788
vn 0.8349139094 -0.5049459338 0.2189711928
v 47.36916351 -118.8634872 736.5956421
vn 0.8553406596 -0.5034123063 0.1223454922
v 47.38355255 -118.8501053 736.3823853
vn 0.8682575822 -0.4906109571 -0.07368627191
v 47.36025238 -118.8149185 736.1671143
vn 0.8468592167 -0.4580535293 -0.2702155709
v 47.29874802 -118.7590408 735.9622192
vn 0.7906368971 -0.4064926803 -0.4578831792
v 47.20174789 -118.6849442 735.7780762
vn 0.7027024627 -0.3387781978 -0.6256505251
v 47.0762558 -118.597702 735.625061
vn 0.5888487101 -0.2591167986 -0.7655819058
v 46.93196869 -118.5036011 735.5092773
vn 0.4576376379 -0.1730036736 -0.8721453547
v 46.7791748 -118.4084854 735.4317017
vn 0.3081727326 -0.08036958426 -0.9479295015
v 46.60452652 -118.3041534 735.3859253
vn 0.1501799971 0.01436372288 -0.9885542989
v 46.41882324 -118.1975708 735.3800659
vn -0.02046404034 0.1124766618 -0.9934436083
v 46.22953415 -118.0932312 735.4176636
vn -0.193233341 0.2077676505 -0.9589022398
v 46.04733658 -117.9974442 735.4984741
vn -0.3601557016 0.2955887914 -0.8848249316
v 45.88153076 -117.9150314 735.6190186
vn -0.5113645196 0.3707418442 -0.7752785683
v 45.74153519 -117.850502 735.7705688
vn -0.6394883394 0.4297106564 -0.6374977827
v 45.6330719 -117.8059769 735.9418945
vn -0.7393840551 0.4706099629 -0.4814950824
v 45.55763626 -117.7811279 736.1210938
vn -0.8131484985 0.4948650002 -0.3064280748
v 45.50888062 -117.773819 736.3237305
vn -0.8567559123 0.5008670092 -0.1228885129
v 45.49448776 -117.7873154 736.5369873
vn -0.8697215319 0.4880837202 0.07320351154
v 45.51778793 -117.8223877 736.7522583
vn -0.8483557105 0.4555589855 0.2697380483
v 45.57929611 -117.8783798 736.9572144
vn -0.7921386957 0.4040192068 0.4574765265
v 45.67629242 -117.9524689 737.1412964
vn -0.7041255236 0.3362711072 0.6254030466
v 45.80178452 -118.0396042 737.2943115
vn -0.5902429223 0.2566204667 0.7653490901
v 45.94607544 -118.1338196 737.4100952
vn -0.4589730501 0.1705120057 0.8719342947
v 46.09886932 -118.2288208 737.4876709
vn -0.3094839156 0.07788991928 0.9477092624
v 46.27352142 -118.3332672 737.5334473
vn -0.1513034552 -0.01694410481 0.9883421063
v 46.45921707 -118.4398499 737.5391846
vn 0.01931308024 -0.1150407046 0.9931730032
v 46.64850616 -118.544075 737.501709
vn 0.1921527982 -0.2103763223 0.9585505128
v 46.83070374 -118.6399765 737.4208984
vn 0.3589713573 -0.2981548309 0.8844451904
v 46.99651337 -118.7223892 737.300354
vn 0.5101571679 -0.3733198047 0.7748367786
v 47.13650894 -118.7869186 737.1488037
vn 0.6382610798 -0.4323040843 0.6369740963
v 47.24497223 -118.8314438 736.977478
vn 0.7380853891 -0.4731899798 0.4809586704
v 47.32041168 -118.8562927 736.7982788
vn 0.779889524 -0.4849658906 0.3957024515
v 46.02712631 -121.0297699 736.6309814
vn 0.8246981502 -0.5219376087 0.2178396732
v 46.07040405 -121.0460739 736.4282837
vn 0.8425342441 -0.5249294639 0.1207689494
v 46.07987213 -121.0407867 736.2150879
vn 0.8510560393 -0.5195664763 -0.07585704327
v 46.05245209 -121.0129013 736
vn 0.8258718848 -0.493440479 -0.2728592157
v 45.98792648 -120.962532 735.7952881
vn 0.76666677 -0.4469204545 -0.4609600902
v 45.88915253 -120.8922653 735.6114502
vn 0.6767205596 -0.3825587332 -0.6290453672
v 45.76320267 -120.8067093 735.4589233
vn 0.561934948 -0.3044895232 -0.7691002488
v 45.61968994 -120.7123795 735.3434448
vn 0.4308420718 -0.2182631493 -0.8756347895
v 45.46869278 -120.6154709 735.2662964
vn 0.2824682891 -0.1237507463 -0.9512609839
v 45.29701233 -120.507309 735.2210083
vn 0.1263053864 -0.02561077289 -0.9916607738
v 45.11540604 -120.3952179 735.2156982
vn -0.04133683443 0.07747919112 -0.9961366653
v 44.93121338 -120.2836914 735.2537231
vn -0.2103320211 0.1793088764 -0.9610456824
v 44.75489044 -120.179245 735.3348999
vn -0.3725713193 0.2748191953 -0.8863774538
v 44.59544754 -120.0872726 735.4557495
vn -0.5187394023 0.3585501611 -0.7761129141
v 44.4618988 -120.0128479 735.607666
vn -0.6416174173 0.4264189005 -0.6375688314
v 44.35958862 -119.9586563 735.7792358
vn -0.7363340259 0.4759883881 -0.4808817208
v 44.28972626 -119.9249268 735.9584351
vn -0.8050088882 0.5087870955 -0.3051170111
v 44.24645615 -119.9087372 736.1611328
vn -0.8438768387 0.5227348804 -0.1209134981
v 44.23698425 -119.9139099 736.3743896
vn -0.8523770571 0.5174098611 0.07576546818
v 44.26440048 -119.9417953 736.5894775
vn -0.8271536827 0.4913089871 0.2728227973
v 44.32893372 -119.992157 736.7941284
vn -0.7679169178 0.4448168576 0.4609138668
v 44.42770386 -120.0624313 736.9780273
vn -0.6778848767 0.3804368973 0.629078567
v 44.5536499 -120.1479874 737.1306152
vn -0.5630254745 0.3023305833 0.7691544294
v 44.69717026 -120.2423172 737.2459717
vn -0.4319624007 0.2161058784 0.8756179214
v 44.8481636 -120.3392258 737.3231812
vn -0.2834964991 0.121526897 0.9512417912
v 45.01984406 -120.4473877 737.3684082
vn -0.127318725 0.02333850414 0.9915872216
v 45.20145416 -120.5594788 737.3737793
vn 0.04030412808 -0.07980098575 0.9959957004
v 45.38563919 -120.6710052 737.3358154
vn 0.209153384 -0.1815952808 0.9608735442
v 45.56196213 -120.7754517 737.2545166
vn 0.3714040816 -0.2771595418 0.8861385584
v 45.72140884 -120.867424 737.133728
vn 0.5174921155 -0.3608715236 0.7758696079
v 45.85495758 -120.9418488 736.9817505
vn 0.6403136253 -0.4287142158 0.6373402476
v 45.95726395 -120.9960403 736.8103027
vn 0.735013485 -0.4782651365 0.4806429446
v 46.02712631 -121.0297699 736.6309814
vn 0.7740814686 -0.494818151 0.3949086964
v 44.6707077 -123.1700821 736.5658569
vn 0.8234981298 -0.523905158 0.217656225
v 44.70975876 -123.1927948 736.3635864
vn 0.8375470638 -0.5329326987 0.1204061881
v 44.71526337 -123.1938019 736.1507568
vn 0.8425693512 -0.5331403613 -0.07640854269
v 44.6843605 -123.1715393 735.9361572
vn 0.8141474128 -0.5121716857 -0.2735766172
v 44.61702728 -123.1261215 735.7318726
vn 0.7521498203 -0.4700850248 -0.4618341029
v 44.5163002 -123.0595627 735.5485229
vn 0.660030067 -0.4092262983 -0.6299953461
v 44.38931656 -122.976593 735.3963013
vn 0.5436891317 -0.33345294 -0.7702021003
v 44.24567795 -122.8833847 735.28125
vn 0.4118374288 -0.2483982444 -0.8767486811
v 44.09534836 -122.7862473 735.2043457
vn 0.2635718286 -0.1537746489 -0.9523041844
v 43.92517853 -122.676857 735.1591797
vn 0.1079094112 -0.05465415493 -0.9926573038
v 43.74593735 -122.5620651 735.1539917
vn -0.05842803419 0.0505945608 -0.9970086813
v 43.56492996 -122.4467087 735.1920776
vn -0.2253787518 0.1556711942 -0.9617540836
v 43.39245987 -122.3373184 735.2732544
vn -0.3850024343 0.2554949224 -0.8868457675
v 43.23735046 -122.239502 735.3939209
vn -0.5279515982 0.344253242 -0.7763741612
v 43.10834122 -122.1586685 735.5455933
vn -0.6473824382 0.4176963568 -0.6375153065
v 43.01050186 -122.0980682 735.7169189
vn -0.7384889126 0.4729260802 -0.4805986583
v 42.94480515 -122.0580444 735.895813
vn -0.8035877347 0.5113334656 -0.3046059906
v 42.90575409 -122.0354462 736.0981445
vn -0.8388517499 0.5309317708 -0.1201630607
v 42.90024567 -122.0343246 736.3109131
vn -0.8438023329 0.531142652 0.07671441138
v 42.93115234 -122.0565796 736.5255127
vn -0.8152888417 0.5101724863 0.2739126682
v 42.99848175 -122.102005 736.7297974
vn -0.7532140613 0.4680982828 0.4621174634
v 43.09921265 -122.1685638 736.913147
vn -0.6609780192 0.4072100818 0.6303078532
v 43.22619247 -122.2515335 737.0653687
vn -0.5445982814 0.3314501345 0.7704242468
v 43.36983109 -122.3448486 737.1804199
vn -0.412771225 0.2464115918 0.8768701553
v 43.52016449 -122.4418793 737.2573242
vn -0.264446497 0.1517301798 0.9523895979
v 43.69032669 -122.5512695 737.3024902
vn -0.1088938713 0.05265175179 0.9926580191
v 43.86957169 -122.6660614 737.3076782
vn 0.05750298873 -0.05267299712 0.9969548583
v 44.05057526 -122.7814102 737.2695923
vn 0.2242487371 -0.1576837152 0.9616903663
v 44.22304535 -122.8908081 737.1884155
vn 0.3837799728 -0.2575074434 0.8867935538
v 44.37815857 -122.9887314 737.067749
vn 0.5266982913 -0.3462921679 0.7763186693
v 44.50717163 -123.069458 736.9160767
vn 0.6460050344 -0.419688046 0.637604475
v 44.60500717 -123.1301651 736.744873
vn 0.7371377349 -0.4749473929 0.4806796908
v 44.6707077 -123.1700821 736.5658569
vn 0.7724563479 -0.4975146651 0.3947028518
v 43.31459427 -125.3118515 736.5640869
vn 0.8336167932 -0.5076920986 0.2175587267
v 43.35216141 -125.336586 736.3623657
vn 0.8453208208 -0.5205178857 0.1203904524
v 43.35586166 -125.3405228 736.1500854
vn 0.848508656 -0.5236284137 -0.07646134496
v 43.32287598 -125.3217468 735.9360352
vn 0.8179571033 -0.5060106516 -0.2736775875
v 43.2532959 -125.2802658 735.7322998
vn 0.7536700368 -0.4675559998 -0.461923033
v 43.1502533 -125.2179794 735.5494995
vn 0.6591423154 -0.4103853405 -0.6301708221
v 43.02105331 -125.1392746 735.397644
vn 0.5405981541 -0.3382530212 -0.7702847123
v 42.87539291 -125.0501175 735.2828369
vn 0.4066183567 -0.2563890815 -0.8768843412
v 42.72332382 -124.9566879 735.2061768
vn 0.2566025555 -0.1645236313 -0.9524111748
v 42.55156326 -124.8507843 735.1611938
vn 0.09940909594 -0.06808312982 -0.9927147031
v 42.3710022 -124.7391434 735.1560059
vn -0.06829217821 0.03503804654 -0.9970499277
v 42.18903732 -124.6263733 735.1939087
vn -0.2361799031 0.1385224164 -0.961785078
v 42.01605225 -124.5187836 735.2749634
vn -0.3963533938 0.2374901026 -0.8868497014
v 41.86088181 -124.4219818 735.3953857
vn -0.5393073559 0.3261029124 -0.7764048576
v 41.7322731 -124.3413696 735.5465698
vn -0.6583012938 0.4001483023 -0.6375898123
v 41.6352272 -124.2799835 735.7174683
vn -0.7486593723 0.4566733539 -0.4805815518
v 41.57061386 -124.2387161 735.8959351
vn -0.8126665354 0.4967311323 -0.3046822846
v 41.53304672 -124.2139816 736.0975952
vn -0.8464733958 0.5186737776 -0.120251134
v 41.52934265 -124.2100525 736.3098755
vn -0.8496403098 0.5217661858 0.07662520558
v 41.56233215 -124.2288284 736.5239258
vn -0.8190616369 0.5041338801 0.2738376856
v 41.63191223 -124.2703094 736.7276611
vn -0.7547658682 0.4656908214 0.4620179236
v 41.73495102 -124.3325958 736.9105835
vn -0.6601886749 0.4085156918 0.6302902699
v 41.86415482 -124.4113007 737.0623779
vn -0.5416069627 0.336376518 0.7703977823
v 42.0098114 -124.5005646 737.177124
vn -0.4076735079 0.2545770109 0.876922369
v 42.16188431 -124.5939941 737.2538452
vn -0.25762254 0.1627109945 0.9524472356
v 42.33364487 -124.699791 737.2988281
vn -0.1004477516 0.06628645211 0.99273175
v 42.51420593 -124.8114319 737.3040771
vn 0.06723319739 -0.03681115806 0.9970579743
v 42.69616699 -124.924202 737.2661133
vn 0.2351675183 -0.1403235644 0.9617720842
v 42.8691597 -125.0317917 737.1851196
vn 0.395141691 -0.2391920388 0.8869330287
v 43.02432251 -125.1285934 737.0646973
vn 0.5381903052 -0.3278798163 0.7764316201
v 43.15293121 -125.2092056 736.9133911
vn 0.657146275 -0.4019260108 0.637663126
v 43.24998093 -125.2705917 736.7426147
vn 0.7474854589 -0.4584636092 0.4807043076
v 43.31459427 -125.3118515 736.5640869
vn 0.7807638049 -0.4843959808 0.394675076
v 42.01100159 -127.4854431 736.5869141
vn 0.8488687873 -0.4818993807 0.2172436267
v 42.04875183 -127.5097275 736.3856812
vn 0.8602238894 -0.4955650568 0.1201254874
v 42.05206299 -127.5142288 736.1739502
vn 0.8629371524 -0.4994499385 -0.07674136013
v 42.01810455 -127.4972534 735.9603271
vn 0.8313210607 -0.48358652 -0.2739514709
v 41.94699478 -127.4586868 735.7572021
vn 0.7654308677 -0.4478350282 -0.4621248543
v 41.8419342 -127.4003372 735.574707
vn 0.6687936187 -0.3941259682 -0.6303806901
v 41.71036911 -127.3262482 735.4232788
vn 0.5477956533 -0.3260111511 -0.770478189
v 41.56215286 -127.2420349 735.3088989
vn 0.4113025367 -0.2485312521 -0.8769620657
v 41.40751266 -127.1537781 735.2323608
vn 0.2585190833 -0.1611734033 -0.9524657726
v 41.23292542 -127.0534973 735.1876221
vn 0.09852350503 -0.06946377456 -0.9927073717
v 41.04948425 -126.9477005 735.1824341
vn -0.07206854224 0.02882233448 -0.9969831705
v 40.86471558 -126.8405533 735.2203369
vn -0.2427258939 0.1276246607 -0.9616631866
v 40.68914413 -126.7382431 735.3012695
vn -0.4054153562 0.2223175019 -0.8866866827
v 40.53176498 -126.6459351 735.4214478
vn -0.5505229235 0.3073248565 -0.7761932611
v 40.40143204 -126.5688095 735.5723267
vn -0.6711027026 0.3785361052 -0.6374414563
v 40.30319595 -126.5100098 735.7427979
vn -0.7625912428 0.4332049489 -0.480404079
v 40.23793793 -126.4702148 735.9208984
vn -0.8272566199 0.4721925259 -0.3044350445
v 40.2001915 -126.4459305 736.1221313
vn -0.8611443043 0.4939781725 -0.1200668961
v 40.19687653 -126.4414291 736.3339233
vn -0.8638544083 0.4978550375 0.07678485662
v 40.23083496 -126.4584045 736.5474243
vn -0.8322413564 0.4819884002 0.273973614
v 40.30194855 -126.4969711 736.7506104
vn -0.7663496733 0.4462338686 0.462150991
v 40.4070015 -126.5553207 736.9331665
vn -0.669749558 0.3925494552 0.6303494573
v 40.53857422 -126.6294098 737.0845337
vn -0.5487701297 0.3244542181 0.7704419494
v 40.68678284 -126.713623 737.1989746
vn -0.4122536182 0.2469751835 0.876955092
v 40.84142685 -126.8018799 737.2753906
vn -0.2594762146 0.1596359015 0.9524644017
v 41.0160141 -126.9021606 737.3202515
vn -0.09941025823 0.06789451092 0.9927275181
v 41.19945526 -127.0079575 737.3253174
vn 0.07104415447 -0.03031286597 0.997012496
v 41.38422394 -127.1151047 737.2874756
vn 0.2417775542 -0.1291572899 0.9616974592
v 41.55979156 -127.2174149 737.206604
vn 0.4043751359 -0.2237943709 0.8867901564
v 41.71717453 -127.3097229 737.0864258
vn 0.5495058298 -0.308824271 0.7763188481
v 41.84750748 -127.3868484 736.9354248
vn 0.6702205539 -0.380125463 0.6374237537
v 41.94573975 -127.4455338 736.7650757
vn 0.7616422772 -0.4347590804 0.4805055261
v 42.01100159 -127.4854431 736.5869141
vn 0.7949906588 -0.4608754814 0.394440949
v 40.77928925 -129.7004089 736.6113892
vn 0.8640087247 -0.4543527365 0.2169159055
v 40.81787109 -129.7229004 736.4105225
vn 0.8759465814 -0.4673010707 0.1197802126
v 40.82145309 -129.726944 736.1992188
vn 0.8788608909 -0.4708075225 -0.07709614933
v 40.78714752 -129.7107544 735.986084
vn 0.846819222 -0.4557015002 -0.2742870152
v 40.71507263 -129.6742096 735.7833862
vn 0.7798575759 -0.4218409061 -0.4624634385
v 40.60845566 -129.6191254 735.6012573
vn 0.6816105843 -0.3711037636 -0.6306259036
v 40.47486115 -129.5493011 735.4502563
vn 0.5584989786 -0.3067782819 -0.7706918716
v 40.32430267 -129.470047 735.3359985
vn 0.4195993841 -0.2336471826 -0.8771233559
v 40.16717148 -129.3869629 735.2597656
vn 0.2640511394 -0.1511501074 -0.9525915384
v 39.98973465 -129.2927399 735.2151489
vn 0.1010992378 -0.0646276474 -0.992775023
v 39.80325699 -129.1932373 735.210083
vn -0.07247303426 0.02797222696 -0.9969780445
v 39.61538315 -129.0926208 735.2479858
vn -0.246332854 0.1211427897 -0.9615843892
v 39.43682098 -128.9964905 735.3287354
vn -0.4119998515 0.2103496939 -0.8865715861
v 39.27671432 -128.9099274 735.4487915
vn -0.5599348545 0.290479362 -0.7759476304
v 39.14406204 -128.8376312 735.5994263
vn -0.6828082204 0.3575196266 -0.6371441483
v 39.04402161 -128.782547 735.7695312
vn -0.776014328 0.4089146554 -0.4801984727
v 38.97748947 -128.7453308 735.9472656
vn -0.8420004845 0.4455648065 -0.3041500151
v 38.93891144 -128.7227325 736.1481934
vn -0.8766568899 0.4659765363 -0.1197437644
v 38.93532181 -128.7187958 736.3595581
vn -0.8795698881 0.4694823623 0.07709165663
v 38.96962738 -128.7349854 736.5727539
vn -0.8475404382 0.4543807507 0.2742505968
v 39.0417099 -128.7714081 736.7755737
vn -0.7805830836 0.420525074 0.4624378085
v 39.14832687 -128.8265076 736.9574585
vn -0.6823556423 0.369787693 0.6305932403
v 39.2819252 -128.8963165 737.1085815
vn -0.5592911839 0.3054833114 0.7706317306
v 39.43247604 -128.9755859 737.2227783
vn -0.4204034805 0.2323583364 0.8770806789
v 39.58960342 -129.05867 737.2990112
vn -0.2649012506 0.1498884261 0.9525548816
v 39.76704025 -129.1529999 737.343689
vn -0.101971142 0.06338052452 0.9927662611
v 39.95351791 -129.2523804 737.3486938
vn 0.07176122814 -0.02930752747 0.9969911575
v 40.14139938 -129.3530121 737.3108521
vn 0.2454977036 -0.1224159598 0.9616367221
v 40.31996155 -129.4491272 737.2299805
vn 0.4111841917 -0.2116283178 0.8866459131
v 40.48007202 -129.5358124 737.1100464
vn 0.5590495467 -0.2917173505 0.7761214972
v 40.61272049 -129.6081085 736.9593506
vn 0.6820673943 -0.3588412106 0.6371946931
v 40.71276474 -129.6630859 736.7891846
vn 0.7753104568 -0.4102520347 0.4801947176
v 40.77928925 -129.7004089 736.6113892
vn 0.8095878363 -0.4349423051 0.3941988349
v 39.62019348 -131.954834 736.6272583
vn 0.8772680759 -0.4282828569 0.2167360485
v 39.65978622 -131.975296 736.4266968
vn 0.8899903297 -0.4400212467 0.1195763648
v 39.66390228 -131.9782257 736.2156372
vn 0.8933678269 -0.4426273108 -0.07729819417
v 39.62957001 -131.962265 736.0028076
vn 0.861220479 -0.4277170599 -0.274513036
v 39.55688095 -131.9272919 735.8004761
vn 0.7935665846 -0.3951955736 -0.462679714
v 39.44910049 -131.8747864 735.6186523
vn 0.6940734386 -0.3468620181 -0.6308318377
v 39.31386948 -131.8086853 735.4680176
vn 0.5692613125 -0.2858512104 -0.7708635926
v 39.16135406 -131.7339172 735.3540039
vn 0.428325057 -0.21668455 -0.8772602081
v 39.00208282 -131.6556702 735.2778931
vn 0.2705125511 -0.1388436705 -0.9526517987
v 38.82213593 -131.5669556 735.2333374
vn 0.1049240381 -0.05724062026 -0.9928315282
v 38.6329155 -131.4736481 735.2283936
vn -0.07150812447 0.02993187867 -0.9969907999
v 38.44218826 -131.3793182 735.2661743
vn -0.248173967 0.1174176708 -0.9615730643
v 38.26081085 -131.2893677 735.3469238
vn -0.4167192876 0.2011030316 -0.8865115047
v 38.09807587 -131.2085419 735.4667969
vn -0.5672675371 0.2760959268 -0.775872767
v 37.96313477 -131.1411896 735.6173096
vn -0.6924923062 0.3387306929 -0.6369583607
v 37.86123657 -131.0901489 735.7871704
vn -0.7874979973 0.3865132332 -0.4800566733
v 37.79333115 -131.0558624 735.9645996
vn -0.8548971415 0.4203853905 -0.3040180802
v 37.75373459 -131.0354004 736.1651611
vn -0.8905206919 0.4389490187 -0.1195686758
v 37.74962234 -131.0324707 736.3762207
vn -0.8938977122 0.4415603578 0.07727438211
v 37.78396225 -131.0485535 736.5890503
vn -0.861764431 0.4266603291 0.2744504511
v 37.85665131 -131.0835114 736.7913818
vn -0.7941363454 0.3941487074 0.462595135
v 37.96442795 -131.13591 736.9730835
vn -0.6946636438 0.3458191752 0.6307547092
v 38.09965897 -131.2020111 737.1239624
vn -0.5698968172 0.2848302424 0.7707719207
v 38.25217438 -131.2767792 737.237854
vn -0.4289327562 0.2156311572 0.877222836
v 38.41145325 -131.3551483 737.3139648
vn -0.2710860074 0.1377633512 0.9526455998
v 38.59140015 -131.4437408 737.3585205
vn -0.1056816429 0.05625471473 0.9928075075
v 38.78061295 -131.5371704 737.3635864
vn 0.0708315298 -0.03095929511 0.9970077276
v 38.97134018 -131.6315002 737.3256836
vn 0.2476249784 -0.1185024157 0.9615815282
v 39.15271759 -131.7214355 737.2449341
vn 0.4160646498 -0.2021467984 0.8865815401
v 39.31546021 -131.8022766 737.1251221
vn 0.566595912 -0.2771285772 0.7759953737
v 39.45039368 -131.8695068 736.9745483
vn 0.6918414235 -0.339764744 0.6371148825
v 39.55229187 -131.9205475 736.8048096
vn 0.7869763374 -0.3876045942 0.4800322354
v 39.62019348 -131.954834 736.6272583
vn 0.822386384 -0.4104374051 0.3939819634
v 38.53010559 -134.2425537 736.6296387
vn 0.8883267045 -0.4048493207 0.2167318761
v 38.57067871 -134.2607574 736.4291382
vn 0.9018551111 -0.4151829183 0.1195011064
v 38.57536697 -134.2624512 736.2184448
vn 0.9057586789 -0.4166733325 -0.07735978067
v 38.5411377 -134.2463684 736.0059814
vn 0.8736568689 -0.4016517699 -0.274589777
v 38.46806717 -134.2124176 735.803833
vn 0.8055468202 -0.3700790405 -0.4627481401
v 38.35941696 -134.1621552 735.6222534
vn 0.7051275969 -0.3237090111 -0.6308783889
v 38.22290802 -134.0991974 735.4717407
vn 0.578962028 -0.2655248642 -0.7709082365
v 38.06880951 -134.0282593 735.3579102
vn 0.436334461 -0.1997941285 -0.8773223758
v 37.90778351 -133.9541626 735.2819214
vn 0.2764831781 -0.1260292083 -0.9527190924
v 37.72573853 -133.8704071 735.2375488
vn 0.1089818105 -0.04905998707 -0.9928323627
v 37.53422928 -133.782486 735.2324829
vn -0.06992292404 0.03316984326 -0.9970007539
v 37.34107971 -133.6938934 735.2703247
vn -0.2491282523 0.1154753789 -0.961561501
v 37.15728378 -133.6096802 735.3508301
vn -0.4201509058 0.1939699948 -0.8864811659
v 36.99225998 -133.5341339 735.4705811
vn -0.5729514956 0.2640673518 -0.7758833766
v 36.8553009 -133.4716187 735.6209106
vn -0.7002549171 0.3224324286 -0.6369304657
v 36.7517395 -133.424408 735.7905884
vn -0.7969689369 0.3667108417 -0.4799621403
v 36.6825676 -133.3930359 735.9678955
vn -0.8656674027 0.3977714181 -0.3039701879
v 36.64198685 -133.3747101 736.1680908
vn -0.902233243 0.4143581688 -0.1195093542
v 36.63730621 -133.3730164 736.3789062
vn -0.9061376452 0.4158546925 0.07732704282
v 36.67152786 -133.3890991 736.5913696
vn -0.874052465 0.4008443356 0.2745107412
v 36.74460602 -133.4230499 736.7935181
vn -0.8059455156 0.3692744076 0.4626967013
v 36.85325623 -133.4733124 736.9749756
vn -0.7055502534 0.3229082227 0.6308162212
v 36.98975754 -133.5362701 737.1256714
vn -0.5794782043 0.2647625208 0.7707825899
v 37.14385605 -133.6073151 737.2394409
vn -0.4367691875 0.1989960223 0.8772874475
v 37.30488968 -133.6813049 737.3154297
vn -0.277061075 0.1252837479 0.9526495337
v 37.48693466 -133.7650604 737.3599854
vn -0.1094056517 0.04823490232 0.9928261638
v 37.67844391 -133.8529816 737.3649292
vn 0.06940563768 -0.03394838795 0.9970107079
v 37.87159729 -133.9415741 737.3271484
vn 0.2486602217 -0.1162763834 0.9615861177
v 38.0553894 -134.0257874 737.2463989
vn 0.4196976423 -0.194778651 0.886518538
v 38.22041321 -134.1013336 737.12677
vn 0.5725138783 -0.2648855448 0.7759275436
v 38.35737228 -134.1638489 736.9764404
vn 0.699767828 -0.3232264519 0.6370633245
v 38.46093369 -134.2110596 736.8068237
vn 0.7965495586 -0.3675315082 0.4800306261
v 38.53010559 -134.2425537 736.6296387
vn 0.8330514431 -0.3883914351 0.3939256072
v 37.50060654 -136.5596008 736.6171265
vn 0.8951278329 -0.384113133 0.2262813747
v 37.5420723 -136.5757904 736.4169922
vn 0.9098422527 -0.3919449747 0.1362579018
v 37.54730606 -136.5762329 736.206543
vn 0.9173403978 -0.3935266435 -0.0601943247
v 37.51324844 -136.5598297 735.9942017
vn 0.8885043859 -0.3795050681 -0.257945478
v 37.43991852 -136.5266571 735.7922363
vn 0.8230271935 -0.3498089612 -0.4475041032
v 37.33060074 -136.4781952 735.6109009
vn 0.7242923975 -0.3060047626 -0.6178686023
v 37.19307709 -136.4178314 735.4604492
vn 0.5986518264 -0.2508763075 -0.7607082725
v 37.03768921 -136.3501434 735.3466797
vn 0.4555194676 -0.188514784 -0.8700369
v 36.87520599 -136.2797546 735.270813
vn 0.2962659597 -0.1193142608 -0.9476236701
v 36.69143295 -136.2005005 735.2263794
vn 0.1281561852 -0.04662636667 -0.9906573296
v 36.49799347 -136.1173096 735.2213135
vn -0.05216269568 0.03099350259 -0.9981575012
v 36.30279541 -136.0338745 735.2590942
vn -0.2339792699 0.108926639 -0.9661204219
v 36.11695099 -135.9547272 735.3395996
vn -0.4083718061 0.1833360046 -0.8942149282
v 35.94997025 -135.8840179 735.4591064
vn -0.5651789904 0.2498749495 -0.7862157822
v 35.81126404 -135.8256683 735.609314
vn -0.6967357993 0.3053095937 -0.6491111517
v 35.70624542 -135.7820435 735.7787476
vn -0.7977067232 0.3474205732 -0.4929127097
v 35.63594437 -135.7533722 735.9558105
vn -0.8694801331 0.3768193722 -0.3193923533
v 35.59447861 -135.7371826 736.1559448
vn -0.9095616341 0.3926095366 -0.1362181008
v 35.58924103 -135.7367249 736.3665161
vn -0.9170259833 0.3942564428 0.06020995975
v 35.62331009 -135.7531433 736.5787964
vn -0.8881759048 0.3802785575 0.2579375505
v 35.69663239 -135.7863159 736.7808228
vn -0.8227098584 0.3505974114 0.4474706054
v 35.80594254 -135.8347626 736.9621582
vn -0.7239858508 0.3067641854 0.6178513169
v 35.94347763 -135.8951416 737.1126099
vn -0.5985037088 0.2516032457 0.760584712
v 36.09886169 -135.9628296 737.2263794
vn -0.45532161 0.1890752465 0.8700188398
v 36.26133728 -136.0332031 737.3023071
vn -0.2961464524 0.1199354231 0.9475826025
v 36.44511795 -136.1124725 737.3466797
vn -0.1280626953 0.04736482352 0.9906343818
v 36.63855743 -136.1956635 737.3517456
vn 0.05249277502 -0.03028460033 0.9981619716
v 36.83375549 -136.2790833 737.3139648
vn 0.234233588 -0.1081487238 0.9661461711
v 37.01959991 -136.3582306 737.2334595
vn 0.4085682631 -0.1825249493 0.8942911029
v 37.18658447 -136.4289551 737.1139526
vn 0.5653903484 -0.2491035312 0.7863085866
v 37.32529449 -136.4873047 736.9637451
vn 0.6970197558 -0.3046521842 0.6491152048
v 37.43031311 -136.5309296 736.7941895
vn 0.7979059219 -0.3468629122 0.4929830134
v 37.50060654 -136.5596008 736.6171265
vn 0.8449985981 -0.3679350019 0.3880737126
v 36.52589798 -138.8988037 736.5901489
vn 0.8906745315 -0.3675093353 0.2676485777
v 36.56814957 -138.9129639 736.3901367
vn 0.9189062715 -0.3765144944 0.1176779494
v 36.57388306 -138.9121704 736.1798096
vn 0.9233175516 -0.3756380677 -0.07987953722
v 36.53999329 -138.8954315 735.9675293
vn 0.8906357884 -0.3596194088 -0.2782836258
v 36.46647644 -138.8628235 735.7657471
vn 0.8217570782 -0.3303744495 -0.4642930329
v 36.35663605 -138.8158264 735.5843506
vn 0.7189972997 -0.2860846221 -0.633402288
v 36.21826935 -138.7577057 735.434082
vn 0.5896411538 -0.2312791944 -0.7738431692
v 36.06180954 -138.6928253 735.3203735
vn 0.4436548054 -0.1701179892 -0.8799035549
v 35.89812088 -138.6255951 735.2445068
vn 0.2848228812 -0.1033776402 -0.9529895186
v 35.71288681 -138.5500488 735.1999512
vn 0.1136722118 -0.03299189359 -0.9929703474
v 35.51782227 -138.4711151 735.1948853
vn -0.06923889369 0.04168315604 -0.9967288971
v 35.32088852 -138.3920746 735.232605
vn -0.2531864643 0.116235517 -0.960409224
v 35.13329315 -138.3174286 735.3129883
vn -0.425650239 0.1859340668 -0.8855791092
v 34.96464157 -138.2510986 735.4324951
vn -0.5827082992 0.2487587184 -0.7736731768
v 34.82443619 -138.1965637 735.5824585
vn -0.7131521702 0.3003078997 -0.6334264874
v 34.71816254 -138.1560974 735.75177
vn -0.8122003675 0.3387666941 -0.4749396741
v 34.64688873 -138.129776 735.9287109
vn -0.8810688257 0.3634532392 -0.3026871383
v 34.60463715 -138.1156158 736.1287231
vn -0.9189379811 0.3764370978 -0.1176779568
v 34.59889603 -138.1164093 736.3392334
vn -0.9233458042 0.3755687475 0.07987888157
v 34.63279343 -138.1331482 736.5513916
vn -0.8906599879 0.3595635593 0.2782784104
v 34.70631027 -138.1657562 736.7531738
vn -0.8217821121 0.3303502798 0.4642659128
v 34.81615067 -138.2127533 736.9345093
vn -0.7190506458 0.2860487998 0.6333579421
v 34.95451736 -138.270874 737.0848389
vn -0.5896869302 0.231215775 0.7738272548
v 35.11096954 -138.3357544 737.1986084
vn -0.4436999559 0.1700181812 0.8799000978
v 35.27466583 -138.4029846 737.2745361
vn -0.2848846614 0.1032543108 0.9529843926
v 35.4598999 -138.4785309 737.3189087
vn -0.1136441156 0.03288643435 0.9929770827
v 35.65496445 -138.5574646 737.3239746
vn 0.0692654103 -0.04178008437 0.9967229962
v 35.85189819 -138.6365051 737.2863159
vn 0.2531512976 -0.1162993908 0.9604107738
v 36.03948593 -138.7110443 737.2059326
vn 0.4255709946 -0.1859368831 0.8856166005
v 36.20814514 -138.7774811 737.0865479
vn 0.5825378299 -0.2487529665 0.7738033533
v 36.34835052 -138.832016 736.9364624
vn 0.7131866217 -0.300409615 0.6333394647
v 36.45461655 -138.8724823 736.7671509
vn 0.8121806979 -0.3388690948 0.4749002457
v 36.52589798 -138.8988037 736.5901489
vn 0.8659930825 -0.3585007787 0.3486160934
v 35.59845352 -141.2584534 736.5492554
vn 0.9039078951 -0.3587669134 0.232888028
v 35.64139557 -141.2708282 736.3492432
vn 0.9235286713 -0.3639839888 0.1208737195
v 35.64757919 -141.2690277 736.138855
vn 0.928858757 -0.3625240922 -0.07614246756
v 35.61384964 -141.2518311 735.9266968
vn 0.8915741444 -0.3437467813 -0.2948452532
v 35.54018784 -141.2195587 735.7249146
vn 0.837636888 -0.3201450408 -0.4425738752
v 35.42989731 -141.1737976 735.5436401
vn 0.7259986401 -0.2737576962 -0.6308587193
v 35.29081345 -141.1175842 735.3932495
vn 0.5971842408 -0.2209985107 -0.7710581422
v 35.13344955 -141.055069 735.2796021
vn 0.4511052966 -0.1621238589 -0.8776217103
v 34.96871185 -140.9905396 735.2035522
vn 0.289237529 -0.09838232398 -0.952188313
v 34.78221893 -140.9183655 735.1591797
vn 0.1173163205 -0.0319638364 -0.9925800562
v 34.58575058 -140.8431396 735.1539917
vn -0.06658739597 0.03861815482 -0.997033
v 34.38732147 -140.7680511 735.1915283
vn -0.2736493945 0.1190639883 -0.954431653
v 34.19821548 -140.6973267 735.2719116
vn -0.4055779576 0.1687489599 -0.8983486295
v 34.0281105 -140.6347046 735.3913574
vn -0.5858570933 0.2341685295 -0.7758457065
v 33.88658905 -140.5836639 735.5411987
vn -0.717502892 0.2825566828 -0.6366720796
v 33.7792244 -140.54599 735.7105103
vn -0.8178060651 0.3186392784 -0.4792308807
v 33.70708847 -140.5219421 735.8873901
vn -0.8885009885 0.3424658179 -0.3054228723
v 33.66414642 -140.5095673 736.0874023
vn -0.9275957346 0.3534304798 -0.1210497618
v 33.6579628 -140.5114746 736.2976074
vn -0.9331282973 0.3514297605 0.07595198601
v 33.69169235 -140.5285645 736.5097656
vn -0.8930098414 0.3342757523 0.3013190627
v 33.76535416 -140.5608368 736.7116089
vn -0.8437728286 0.3126531839 0.4362286329
v 33.87564087 -140.6065979 736.8929443
vn -0.7303836346 0.2625101805 0.6305776238
v 34.01472855 -140.6628113 737.0432739
vn -0.6011761427 0.2104198635 0.7709155083
v 34.17209625 -140.7253265 737.1570435
vn -0.4549059272 0.1525808573 0.877370894
v 34.33683395 -140.789856 737.2329102
vn -0.2930904627 0.08878274262 0.9519535899
v 34.52332306 -140.86203 737.2774658
vn -0.1214539111 0.02140691504 0.9923661947
v 34.71979523 -140.9372559 737.2824707
vn 0.06240615994 -0.04979545623 0.9968078732
v 34.91822433 -141.0123444 737.2449341
vn 0.2701710165 -0.1276106387 0.9543181658
v 35.10733032 -141.0830688 737.1645508
vn 0.4030106068 -0.1777489036 0.8977681994
v 35.2774353 -141.1456909 737.0452881
vn 0.5814586282 -0.2454122305 0.7756795287
v 35.41895676 -141.1967316 736.8952637
vn 0.7134412527 -0.2931271493 0.6364574432
v 35.5263176 -141.2344055 736.7260742
vn 0.8140399456 -0.3282216489 0.4791758955
v 35.59845352 -141.2584534 736.5492554
vn 0.8586919308 -0.3434934318 0.3803425133
v 36.09928513 -140.0895386 736.3713989
vn 0.9247503281 -0.3675991595 0.09852768481
v 36.55110931 -138.9075623 736.4929199
vn 0.9019964337 -0.373178035 0.2171188295
v 36.05668259 -140.0762634 736.5714111
vn 0.8893250823 -0.3555943072 0.2874953449
v 36.08208466 -140.0844727 736.4741211
vn 0.9070795774 -0.3618562818 0.2150969058
v 35.85173035 -140.6748352 736.4634399
vn 0.9067293406 -0.3594721556 0.2205032557
v 36.07033539 -140.0807648 736.5234985
vn 0.8957077265 -0.3588712811 0.262524426
v 35.82623672 -140.666748 736.56073
vn 0.891131103 -0.3507934511 0.2878008783
v 35.83993149 -140.6712494 736.5129395
vn 0.8958499432 -0.3535023034 0.2692378461
v 36.05668259 -140.0762634 736.5714111
vn 0.8756681085 -0.3520411551 0.330563724
v 36.49454117 -138.8873291 736.678894
vn 0.8483826518 -0.3534754813 0.3940837085
v 35.98495865 -140.0510864 736.74823
vn 0.8016151786 -0.3253521025 0.5015566945
v 36.02511597 -140.0653687 736.6600952
vn 0.8539943695 -0.3438546956 0.3904581368
v 35.86901474 -140.6795654 736.3607178
vn 0.9269739389 -0.3619298935 0.09862088412
v 36.09178162 -140.0874023 736.4234009
vn 0.9155418873 -0.3651534319 0.1686595082
v 35.86146927 -140.6776581 736.4127197
vn 0.9163400531 -0.3597813547 0.1757222414
v 36.10525131 -140.0881805 736.1610107
vn 0.925786078 -0.3647130728 -0.09952134639
v 36.57580185 -138.9145355 736.286377
vn 0.924485147 -0.3805378973 0.02276243642
v 36.10706329 -140.0907745 736.2675781
vn 0.9282070994 -0.3679220974 0.05536175892
v 35.87509537 -140.6779938 736.1503296
vn 0.9281389117 -0.3587158918 -0.09940363467
v 36.10740662 -140.0899811 736.2146606
vn 0.9296344519 -0.3674965799 -0.02694481984
v 35.87685776 -140.6806793 736.257019
vn 0.9304223061 -0.364387542 0.03919247538
v 35.87722397 -140.6799011 736.2039795
vn 0.9318863153 -0.3622228801 -0.01955795847
v 36.07144547 -140.0712128 735.9488525
vn 0.8894129395 -0.3470329642 -0.2975109518
v 36.56204987 -138.9058838 736.0734253
vn 0.9111565351 -0.3725096285 -0.1761543751
v 36.09347153 -140.081665 736.0547485
vn 0.9211599231 -0.3618169725 -0.1433627307
v 35.84131622 -140.6610107 735.9381714
vn 0.8959645629 -0.3423392475 -0.2829335332
v 36.08374786 -140.0769348 736.001709
vn 0.9069965482 -0.3552301824 -0.2262052298
v 35.86333847 -140.671463 736.0440674
vn 0.9203926325 -0.3569163382 -0.1596500725
v 35.85362625 -140.666748 735.9910278
vn 0.9106844068 -0.3503161967 -0.2189349234
v 35.99785233 -140.0388336 735.7470703
vn 0.8389617801 -0.3251423538 -0.4363777936
v 36.50810623 -138.8810272 735.8647461
vn 0.8594343662 -0.3482539058 -0.3742883801
v 36.03953552 -140.0569305 735.8461304
vn 0.8691381216 -0.3359183371 -0.3629845679
v 35.88777542 -139.9924011 735.5657959
vn 0.7423688769 -0.2834047973 -0.6070997715
v 36.41569519 -138.8408966 735.6717529
vn 0.7733456492 -0.3099841774 -0.5530337095
v 35.94697189 -140.0172424 735.6531982
vn 0.7664077282 -0.2938080132 -0.571223259
v 35.71677399 -140.6071625 735.6425171
vn 0.7720140219 -0.291706115 -0.5647139549
v 35.97351074 -140.0283661 735.6994019
vn 0.80314821 -0.3094275296 -0.509124279
v 35.76769638 -140.6286316 735.7363892
vn 0.8365696669 -0.3158767223 -0.4476305246
v 35.74333572 -140.6182861 735.6887207
vn 0.8087688088 -0.3054987788 -0.5025569797
v 35.7490387 -139.9352875 735.4154053
vn 0.6162182093 -0.2311200947 -0.7529001236
v 36.29040146 -138.7878265 735.5048828
vn 0.6560522318 -0.2598365247 -0.7085763812
v 35.82137299 -139.9649658 735.4862061
vn 0.6457787752 -0.2435686886 -0.7236325741
v 35.59102631 -140.5553284 735.475647
vn 0.6522061229 -0.242274642 -0.7182828188
v 35.85539627 -139.9790192 735.5250244
vn 0.6923287511 -0.262863338 -0.6719998121
v 35.65750885 -140.5825348 735.5551147
vn 0.7411848307 -0.2758308053 -0.6120150089
v 35.62509537 -140.5692749 735.5143433
vn 0.698779285 -0.2597382367 -0.666516006
v 35.59210968 -139.8716431 735.3016968
vn 0.4715231955 -0.1720313728 -0.8649110198
v 36.14160538 -138.725769 735.3724365
vn 0.5169450641 -0.2011643052 -0.8320460916
v 35.67215347 -139.9040222 735.3537598
vn 0.5042776465 -0.1855699718 -0.8433669806
v 35.44160843 -140.4948425 735.3430786
vn 0.5112072229 -0.1851194948 -0.8392841816
v 35.71108246 -139.9198761 735.3834839
vn 0.5570549369 -0.207126677 -0.8042315245
v 35.51860046 -140.5258789 735.4048462
vn 0.6141148806 -0.2238403112 -0.7568080425
v 35.48058701 -140.5105743 735.3728027
vn 0.5642464161 -0.2049642503 -0.7997597456
v 35.42788696 -139.8058777 735.225708
vn 0.2712994516 -0.09150272608 -0.9581356049
v 35.98023605 -138.6592102 735.277771
vn 0.3688188493 -0.1394716501 -0.9189778566
v 35.51027679 -139.8388214 735.2590942
vn 0.3681696951 -0.1299835443 -0.9206277132
v 35.27947998 -140.4303131 735.2484131
vn 0.3738891482 -0.1312349439 -0.9181417823
v 35.55134201 -139.8552246 735.2792358
vn 0.4075777233 -0.1463424116 -0.901368022
v 35.36144638 -140.4629059 735.2910156
vn 0.4685327709 -0.1653470844 -0.867834866
v 35.32060623 -140.4466095 735.2686768
vn 0.4147041142 -0.1450226605 -0.8983256221
v 35.19696426 -140.3977051 735.2151489
vn 0.2725428939 -0.08819279075 -0.9580931067
v 35.46907043 -139.8222961 735.241333
vn 0.3308469653 -0.1154068261 -0.9366010427
v 35.2382164 -140.4140015 735.2306519
vn 0.3374279141 -0.1142966747 -0.9343867898
v 35.24199677 -139.7320099 735.1813354
vn 0.0973181352 -0.02207655273 -0.9950084686
v 35.80812073 -138.5888367 735.2177124
vn 0.2041702271 -0.07121676207 -0.976341486
v 35.33757782 -139.7698975 735.1990967
vn 0.2351713479 -0.0768750906 -0.9689090252
v 35.01077271 -140.3247375 735.1706543
vn 0.09816353023 -0.01976622082 -0.9949739575
v 35.2903862 -139.751236 735.1890869
vn 0.1623931676 -0.04778860509 -0.9855682254
v 35.10650635 -140.3621674 735.1884766
vn 0.2210600525 -0.07077758014 -0.9726885557
v 35.05923843 -140.3436279 735.1784058
vn 0.1695615053 -0.04841773584 -0.9843295217
v 35.04621124 -139.6549988 735.1762695
vn -0.08664909005 0.05071296915 -0.9949473143
v 35.61671829 -138.5111389 735.1921997
vn 0.02574661933 0.002653407631 -0.9996649623
v 35.14547729 -139.6940155 735.173584
vn 0.05705157667 -0.005980785005 -0.9983533025
v 34.81463623 -140.2486267 735.1655884
vn -0.08625888824 0.05187296495 -0.9949213862
v 35.09609985 -139.6745605 735.173584
vn -0.01920156181 0.02437515743 -0.9995184541
v 34.91407776 -140.2870789 735.1629028
vn 0.04172897339 -0.001139861066 -0.9991283417
v 34.86461639 -140.2679596 735.1629028
vn -0.012410664 0.02248514444 -0.9996701479
v 34.84850311 -139.5780945 735.2139282
vn -0.271217078 0.1230644807 -0.954618454
v 35.41923523 -138.4315491 735.208313
vn -0.1582615525 0.07833007723 -0.9842853546
v 34.94724655 -139.6164398 735.1895142
vn -0.1277980059 0.06694176793 -0.9895384908
v 34.61656189 -140.1726227 735.2032471
vn -0.2646639645 0.1204599142 -0.9567875266
v 34.89774704 -139.5972137 735.2003174
vn -0.2047795653 0.09748983383 -0.9739409685
v 34.71548462 -140.2103882 735.178833
vn -0.1439764947 0.07023754716 -0.9870853424
v 34.66589737 -140.191391 735.1896362
vn -0.1985162497 0.0942267552 -0.9755575657
v 34.66012955 -139.5054626 735.2941895
vn -0.4007533491 0.1734372377 -0.8996200562
v 35.22543716 -138.3540802 735.2675171
vn -0.3418411016 0.153018117 -0.927216351
v 34.75265884 -139.5409851 735.2487793
vn -0.3329001963 0.1454499215 -0.9316768646
v 34.49072647 -139.4409332 735.4135742
vn -0.5601677895 0.2345841229 -0.7944698334
v 35.04592896 -138.2829132 735.3682861
vn -0.5076454878 0.2199577689 -0.8330153823
v 34.57237625 -139.4719543 735.3494873
vn -0.526673913 0.2219123691 -0.8205909133
v 34.3398819 -140.0679474 735.3386841
vn -0.5225868225 0.2147072107 -0.8251083493
v 34.61557007 -139.4883728 735.3207397
vn -0.4685822129 0.20012559 -0.8604536057
v 34.42781448 -140.1008911 735.2835083
vn -0.4030259848 0.1729854494 -0.8986912966
v 34.38315964 -140.084137 735.3099365
vn -0.4635478258 0.1949891299 -0.8643509746
v 34.34983826 -139.3881989 735.5635986
vn -0.6964784861 0.286188513 -0.6580379009
v 34.89052963 -138.2220917 735.5043335
vn -0.6520143151 0.2776149213 -0.7055546045
v 34.41626358 -139.4129333 735.4854126
vn -0.669098556 0.2760833502 -0.6899892092
v 34.18342972 -140.0098267 735.4747314
vn -0.6664173007 0.2681236267 -0.6956994534
v 34.45253754 -139.4265442 735.4486694
vn -0.6205928922 0.2583355606 -0.7403561473
v 34.25805283 -140.0373688 735.4028931
vn -0.5658325553 0.2340701967 -0.7905976772
v 34.2197876 -140.0231934 735.4378662
vn -0.6170451641 0.2523679435 -0.7453628182
v 34.24301147 -139.3491821 735.7329102
vn -0.8016387224 0.325155586 -0.5016465187
v 34.76688766 -138.17453 735.6654053
vn -0.7669376135 0.3228423297 -0.5545985699
v 34.29199982 -139.3669586 735.6466675
vn -0.7813085914 0.3179298043 -0.53710109
v 34.05886459 -139.9646301 735.6357422
vn -0.7802451253 0.3095831573 -0.5434849262
v 34.31982803 -139.377182 735.6046143
vn -0.7443163991 0.3049053252 -0.5941597819
v 34.11685181 -139.9854279 735.5529175
vn -0.7015469074 0.2841131985 -0.6535377502
v 34.08676147 -139.9746246 735.593811
vn -0.7422949672 0.2983691692 -0.5999783874
v 34.17128754 -139.3241119 735.909729
vn -0.8895064592 0.3565529585 -0.2857415974
v 34.67824554 -138.1412506 735.8400269
vn -0.8479486704 0.3545425236 -0.3940591812
v 34.20285034 -139.3349152 735.821167
vn -0.8541249037 0.3437099755 -0.3903000355
v 33.96947861 -139.9332581 735.8103638
vn -0.855220437 0.3341554105 -0.3961541951
v 34.2218399 -139.3416595 735.7768555
vn -0.8355634809 0.338359803 -0.4328352213
v 34.00974655 -139.9472046 735.7221069
vn -0.8060935736 0.321675837 -0.496727109
v 33.98851395 -139.9397736 735.7660522
vn -0.8351725936 0.3314788342 -0.4388718605
v 33.93781281 -139.9225769 735.8990479
vn -0.8914858699 0.3515088856 -0.2858223915
v 34.18602371 -139.329071 735.8654175
vn -0.8689019084 0.3501696885 -0.3498437703
v 33.95259094 -139.9275208 735.8546753
vn -0.869238019 0.3432051241 -0.3558588326
v 34.128685 -139.3108521 736.1097412
vn -0.9248235226 0.3674141169 -0.09853092581
v 34.6216774 -138.1210175 736.026001
vn -0.9015575647 0.3749193251 -0.2159385681
v 34.14588547 -139.3157959 736.007019
vn -0.8997900486 0.3596816659 -0.2469959408
v 33.89503479 -139.9097595 736.098938
vn -0.9270073175 0.3618452847 -0.09861768782
v 34.13618088 -139.3128815 736.0576782
vn -0.9153448939 0.3656410277 -0.1686723828
v 33.91231918 -139.9145966 735.9962158
vn -0.9071446657 0.3512552381 -0.2317505628
v 33.90258026 -139.9116669 736.046875
vn -0.9169376493 0.3582013547 -0.1758327186
v 34.12271118 -139.312088 736.3201294
vn -0.9258615375 0.3645325899 0.09948061407
v 34.59698486 -138.1140442 736.2325439
vn -0.9239714742 0.3817847371 -0.02274088375
v 34.1208992 -139.3096161 736.213501
vn -0.928278327 0.3677427471 -0.05535900593
v 33.88896561 -139.9113312 736.3093262
vn -0.9281714559 0.3586319983 0.09940252453
v 34.12055969 -139.3103943 736.2666016
vn -0.9294304848 0.3680123687 0.02694097534
v 33.88719177 -139.9086304 736.2027588
vn -0.9331080914 0.3574423492 -0.03929702193
v 33.88682938 -139.9095306 736.2556763
vn -0.9325223565 0.3605839312 0.01952745952
v 34.15652466 -139.329071 736.5322876
vn -0.8894560337 0.3468337953 0.2976143062
v 34.61073685 -138.1226959 736.4454346
vn -0.9106078148 0.3738295138 0.1761956811
v 34.13448715 -139.3186035 736.4263306
vn -0.9212312102 0.3616394699 0.1433525085
v 33.92273331 -139.928421 736.5214844
vn -0.8918254375 0.340360105 0.2979972959
v 34.14421463 -139.3233337 736.4795532
vn -0.9067770243 0.3557679355 0.2262402326
v 33.90070724 -139.9179688 736.4155273
vn -0.9231917262 0.3496566117 0.1595534533
v 33.91042328 -139.9226837 736.4686279
vn -0.9113584161 0.348623842 0.2188316137
v 34.23011398 -139.361557 736.7341919
vn -0.8390701413 0.3249745667 0.4362944067
v 34.66468048 -138.1475525 736.6541138
vn -0.8589808345 0.3493480682 0.3743098378
v 34.18842697 -139.3434601 736.6350098
vn -0.8701000214 0.3334732056 0.3629346788
v 34.34019089 -139.4078827 736.9152832
vn -0.7424460053 0.2832241058 0.6070898175
v 34.75709152 -138.1876831 736.847168
vn -0.7728483081 0.3111938834 0.5530495644
v 34.28099823 -139.3831482 736.828064
vn -0.7663568258 0.2935757041 0.571410954
v 34.04728317 -139.9822693 736.8171387
vn -0.7742018104 0.2860399485 0.5646172762
v 34.25444794 -139.3719025 736.7818604
vn -0.8029922843 0.3100004196 0.509021759
v 33.99635315 -139.9606934 736.7232666
vn -0.843934238 0.3189435601 0.4313351512
v 34.02071762 -139.9710388 736.7709351
vn -0.8093978763 0.3037702441 0.5025919676
v 34.47892761 -139.4649963 737.0657349
vn -0.616301775 0.2309334278 0.7528890371
v 34.88238907 -138.2407532 737.0140381
vn -0.6555593014 0.2609727681 0.708615005
v 34.40659332 -139.4353027 736.9949341
vn -0.6456601024 0.243290484 0.7238320112
v 34.17302322 -140.0341034 736.9841309
vn -0.6543137431 0.2368488312 0.71817559
v 34.37256241 -139.4213715 736.9562378
vn -0.6921722889 0.2633902133 0.6719546914
v 34.10654068 -140.0067902 736.904541
vn -0.7411934137 0.2757647634 0.61203444
v 34.13895798 -140.0201721 736.9453125
vn -0.699516058 0.2581397295 0.6663641334
v 34.63585281 -139.5286255 737.1793823
vn -0.4715972841 0.1718597263 0.8649047613
v 35.03118134 -138.3028107 737.1464844
vn -0.5167069435 0.2022703886 0.831925869
v 34.55580902 -139.4962463 737.1273193
vn -0.5043470263 0.185393706 0.8433642387
v 34.3224411 -140.0944824 737.1165771
vn -0.5131514072 0.1801045835 0.8391888738
v 34.51688766 -139.4804993 737.0976562
vn -0.5570194125 0.2076533735 0.8041203022
v 34.2454567 -140.063446 737.0549316
vn -0.6141288877 0.2238043249 0.7568073273
v 34.28346252 -140.0788574 737.086853
vn -0.5645558238 0.2033536881 0.799952507
v 34.80008316 -139.5945129 737.2554321
vn -0.271361202 0.09132725745 0.9581348896
v 35.19255066 -138.3693695 737.2411499
vn -0.3681665957 0.1404406279 0.9190918207
v 34.71769333 -139.5615692 737.2219849
vn -0.3682330549 0.1298284233 0.9206242561
v 34.48456955 -140.1591339 737.2112427
vn -0.3767243624 0.1241975054 0.9179617167
v 34.67662811 -139.5450439 737.2019043
vn -0.4075036347 0.1467876285 0.9013291001
v 34.40260315 -140.1265259 737.1685791
vn -0.4688242376 0.1654020995 0.8676669598
v 34.4434433 -140.1427155 737.1911011
vn -0.4152319729 0.143665418 0.8982998729
v 34.56708527 -140.1916199 737.2446289
vn -0.2725938261 0.08809684962 0.9580874443
v 34.75889206 -139.5779877 737.2397461
vn -0.3304120004 0.1156530157 0.9367242455
v 34.52583313 -140.1754303 737.2290039
vn -0.337723881 0.1129586026 0.9344425797
v 34.98596191 -139.6682587 737.2998047
vn -0.09703990817 0.0217289757 0.9950432777
v 35.36465836 -138.439743 737.3011475
vn -0.2038554102 0.07245194167 0.9763163924
v 34.8903923 -139.6303711 737.2820435
vn -0.2354515195 0.07678571343 0.9688480496
v 34.75327682 -140.2646942 737.2890015
vn -0.09807886183 0.01966121793 0.9949843884
v 34.93757629 -139.6491547 737.2921753
vn -0.1622038484 0.04828583822 0.9855751395
v 34.65754318 -140.2272644 737.2712402
vn -0.2237180471 0.06418897957 0.9725379348
v 34.7048111 -140.245697 737.2813721
vn -0.1703892946 0.04691493511 0.984259367
v 35.18175888 -139.7452698 737.3049927
vn 0.08692461252 -0.05104052648 0.9949065447
v 35.55606842 -138.5174408 737.3266602
vn -0.02530034259 -0.001382283051 0.9996789098
v 35.08248901 -139.7062683 737.3075562
vn -0.05733665079 0.005888871383 0.9983375072
v 34.94941711 -140.3408203 737.2941895
vn 0.08656144887 -0.05210528523 0.9948830009
v 35.13185883 -139.725708 737.3075562
vn 0.01939642988 -0.02387571149 0.9995267391
v 34.84997177 -140.3022461 737.2967529
vn -0.04429533705 -0.00584047148 0.9990013838
v 34.89943314 -140.3214722 737.2967529
vn 0.01156323869 -0.02402501181 0.9996444583
v 35.3794632 -139.8222961 737.267334
vn 0.2711443603 -0.1232495159 0.9546152353
v 35.75354385 -138.5970306 737.31073
vn 0.158883065 -0.07704502344 0.9842866659
v 35.28071594 -139.783844 737.291626
vn 0.1277120411 -0.06711640954 0.9895377755
v 35.14748764 -140.4168091 737.2565308
vn 0.2646945119 -0.1205324829 0.9567699432
v 35.33021927 -139.8031769 737.2808228
vn 0.2049939185 -0.09694433212 0.9739503264
v 35.04856491 -140.3789215 737.2808228
vn 0.1411718577 -0.07752023637 0.9869453311
v 35.09815216 -140.397934 737.2701416
vn 0.1974506527 -0.0957499072 0.975625515
v 35.56784058 -139.8949127 737.1869507
vn 0.4004890323 -0.1735378653 0.8997183442
v 35.94734955 -138.6744995 737.2513428
vn 0.3422789276 -0.1519224942 0.9272349477
v 35.47531128 -139.8592834 737.2323608
vn 0.3319383264 -0.1478866339 0.9316364527
v 35.73724365 -139.9593353 737.0675049
vn 0.5600807071 -0.2347570658 0.794480145
v 36.12685776 -138.7455597 737.1506348
vn 0.5080567002 -0.2187193036 0.8330907822
v 35.65558243 -139.928421 737.1317139
vn 0.5266084671 -0.2220787406 0.8205879331
v 35.42416763 -140.5214844 737.1209106
vn 0.5203249454 -0.2203633636 0.8250465989
v 35.61239624 -139.9118958 737.1605225
vn 0.4685956836 -0.199480474 0.8605960608
v 35.33623505 -140.4884338 737.1762695
vn 0.4053766727 -0.1739891022 0.8974394202
v 35.38088989 -140.5052948 737.1498413
vn 0.4627229273 -0.1966506839 0.8644165397
v 35.87812424 -140.0120697 736.9175415
vn 0.6964572072 -0.2863942683 0.6579709053
v 36.28225708 -138.8063812 737.0147095
vn 0.6525458694 -0.2764992714 0.7055012584
v 35.81169891 -139.9873352 736.9956665
vn 0.6691939831 -0.2763401568 0.6897938251
v 35.58061981 -140.5796051 736.9849854
vn 0.6644014716 -0.2735969722 0.6954964995
v 35.77542496 -139.9737396 737.0325928
vn 0.6206945777 -0.2577806115 0.7404643297
v 35.5059967 -140.5519562 737.0568237
vn 0.5657879114 -0.2341370881 0.790609777
v 35.54426956 -140.5661163 737.0217896
vn 0.616399467 -0.2540310025 0.7453321218
v 36.40589142 -138.8540497 736.8534546
vn 0.767344296 -0.3218043745 0.5546392798
v 35.93595886 -140.033432 736.8345947
vn 0.781231463 -0.3181252182 0.5370975137
v 35.70518494 -140.6248016 736.8239136
vn 0.7783259749 -0.3146391511 0.5433331728
v 35.90813446 -140.0231934 736.8766479
vn 0.7444287539 -0.3044120967 0.5942719579
v 35.64720154 -140.6038971 736.9068604
vn 0.7015277743 -0.2841624916 0.6535368562
v 35.67728806 -140.6148071 736.8659668
vn 0.7417660952 -0.299908191 0.5998651385
v 35.79457474 -140.6561737 736.6494141
vn 0.8523949981 -0.3412409425 0.3962036967
v 36.00613022 -140.0587311 736.7042847
vn 0.8357113004 -0.3379458189 0.4328732193
v 35.75430298 -140.6422424 736.7375488
vn 0.806078136 -0.3217604756 0.4966973066
v 35.7755394 -140.6496582 736.6936035
vn 0.8345863223 -0.3328386843 0.4389579594
v 35.82623672 -140.666748 736.56073
vn 0.8776347041 -0.3470549881 0.3306208849
v 36.04194641 -140.0712128 736.6156616
vn 0.8690812588 -0.3498133123 0.3497548103
v 35.81145859 -140.661911 736.6049805
vn 0.8687315583 -0.3445034325 0.3558410406
v 71.8372879 -17.34788895 759.0961914
vn -0.9802021384 -0.119639799 0.1577660441
v 74.72058105 -17.01296234 758.6303101
vn 0.9808961749 0.110351868 -0.1602035314
v 72.06282043 -17.49393463 759.6270752
vn -0.8280795217 -0.2182524502 0.5163818002
v 71.81223297 -17.26356697 758.8128662
vn -0.9974712729 -0.06264064461 -0.03357418999
v 73.83626556 -17.54115486 760.1746216
vn 0.3793734908 -0.2496088445 0.8909383416
v 72.46684265 -17.58590126 760.0193481
vn -0.5565056205 -0.280331552 0.7821225524
v 74.16754913 -19.16204453 756.9616089
vn 0.5581996441 0.2565797567 -0.7890374064
v 74.56938171 -19.28492928 757.3406372
vn 0.8303723931 0.1736310124 -0.529465735
v 73.09093475 -19.09762383 756.753418
vn -0.1854438037 0.2996943593 -0.9358385801
v 73.3841629 -19.08885384 756.7297974
vn 0.01418417413 0.3062305748 -0.951851666
v 72.05187225 -16.93426323 758.081665
vn -0.8255479336 0.104107976 -0.5546459556
v 72.32221222 -19.2280407 757.1422119
vn -0.709436059 0.2100394368 -0.6727435589
v 71.7774353 -16.93347549 758.9078979
vn -0.9967806339 -0.07156677544 -0.03614638746
v 71.79070282 -16.93325043 759.1609497
vn -0.9852787852 -0.120691359 0.1210755184
v 72.13748932 -16.93235207 759.9633789
vn -0.7375591993 -0.2551600337 0.6252197623
v 72.39945221 -16.932127 760.2105103
vn -0.5561420918 -0.2833793759 0.7812823653
v 74.7124176 -17.1829567 759.1885376
vn 0.975974381 -0.004812449683 0.2178322673
v 74.09921265 -17.48404121 760.0446777
vn 0.5564581752 -0.2109324634 0.8036552668
v 74.50052643 -17.34181786 759.6647949
vn 0.8282802701 -0.1146866903 0.5484512448
v 71.93132782 -17.09447479 758.2824707
vn -0.918710053 0.05159869045 -0.3915475011
v 73.5499649 -17.58342934 760.2506104
vn 0.1855905503 -0.2784512639 0.942348659
v 72.24932861 -17.54778862 759.8458862
vn -0.7027979493 -0.2545990348 0.664269805
v 72.33939362 -16.93223953 760.1586914
vn -0.598765552 -0.2805845439 0.7501680851
v 71.85395813 -16.93291283 759.4518433
vn -0.9370375872 -0.1734356731 0.3031181991
v 71.78346252 -16.93347549 758.8651733
vn -0.9959865212 -0.06373698264 -0.06283643097
v 71.91448975 -16.93403816 758.3283081
vn -0.9183538556 0.0468637757 -0.3929758072
v 71.81976318 -16.93370056 758.6079102
vn -0.9748693109 -0.01144925598 -0.2224830091
v 72.54524994 -19.16946602 756.9662476
vn -0.5573213696 0.2500516176 -0.7917493582
v 74.38385773 -19.21601105 757.1286011
vn 0.7048608065 0.2201308608 -0.6743245721
v 72.00413513 -16.93257713 759.7904663
vn -0.827256918 -0.2268017828 0.5140106082
v 35.59845352 -141.2584534 736.5492554
vn -0.3570883572 -0.9338817 -0.01878412627
v 35.5263176 -141.2344055 736.7260742
vn -0.357080996 -0.9338847399 -0.01877300069
v 35.41895676 -141.1967316 736.8952637
vn -0.3570801616 -0.9338846803 -0.01879318245
v 35.2774353 -141.1456909 737.0452881
vn -0.3570994735 -0.9338771701 -0.0187977124
v 35.10733032 -141.0830688 737.1645508
vn -0.3570756614 -0.933886528 -0.01878598146
v 34.91822433 -141.0123444 737.2449341
vn -0.357067287 -0.9338891506 -0.01881386898
v 34.71979523 -140.9372559 737.2824707
vn -0.3570738733 -0.9338870645 -0.01879278943
v 34.52332306 -140.86203 737.2774658
vn -0.3570878208 -0.9338820577 -0.01877813041
v 34.33683395 -140.789856 737.2329102
vn -0.3570828438 -0.933883965 -0.01877730526
v 34.17209625 -140.7253265 737.1570435
vn -0.3570746779 -0.9338871837 -0.01877177693
v 34.01472855 -140.6628113 737.0432739
vn -0.3570668995 -0.9338902831 -0.01876548305
v 33.87564087 -140.6065979 736.8929443
vn -0.3570829928 -0.9338839054 -0.01877702773
v 33.76535416 -140.5608368 736.7116089
vn -0.3571086228 -0.9338738918 -0.01878795959
v 33.69169235 -140.5285645 736.5097656
vn -0.3571118116 -0.9338733554 -0.01875358261
v 33.6579628 -140.5114746 736.2976074
vn -0.3570793867 -0.9338849187 -0.01879570074
v 33.66414642 -140.5095673 736.0874023
vn -0.3570783436 -0.9338854551 -0.01879015751
v 33.70708847 -140.5219421 735.8873901
vn -0.3570675552 -0.9338898659 -0.0187733788
v 33.7792244 -140.54599 735.7105103
vn -0.3570609093 -0.9338918924 -0.01879918389
v 33.88658905 -140.5836639 735.5411987
vn -0.3570821285 -0.9338842034 -0.01877812482
v 34.0281105 -140.6347046 735.3913574
vn -0.357080102 -0.9338852167 -0.01876683533
v 34.19821548 -140.6973267 735.2719116
vn -0.3570778668 -0.9338856936 -0.01878469437
v 34.38732147 -140.7680511 735.1915283
vn -0.3570542037 -0.9338949323 -0.01877543703
v 34.58575058 -140.8431396 735.1539917
vn -0.3570589423 -0.9338929057 -0.01878621057
v 34.78221893 -140.9183655 735.1591797
vn -0.3570875525 -0.9338821173 -0.01878022216
v 34.96871185 -140.9905396 735.2035522
vn -0.3570884764 -0.9338817596 -0.01877927035
v 35.13344955 -141.055069 735.2796021
vn -0.3570757806 -0.933886826 -0.01876957715
v 35.29081345 -141.1175842 735.3932495
vn -0.357086122 -0.9338825345 -0.01878588088
v 35.42989731 -141.1737976 735.5436401
vn -0.3570864797 -0.9338825345 -0.0187781062
v 35.54018784 -141.2195587 735.7249146
vn -0.3570593894 -0.9338929057 -0.01877771132
v 35.61384964 -141.2518311 735.9266968
vn -0.3570684493 -0.933889091 -0.01879508607
v 35.64757919 -141.2690277 736.138855
vn -0.3570767939 -0.9338862896 -0.01877607219
v 35.64139557 -141.2708282 736.3492432
vn -0.3570763767 -0.9338861704 -0.01878990605
v 34.652771 -140.8902588 736.2182617
vn -0.3570698202 -0.933888793 -0.01878346689
v 34.49480057 -140.8399963 736.725647
vn -0.3570717573 -0.9338881373 -0.01877959631
v 35.12561417 -141.074295 736.383728
vn -0.3570753932 -0.9338867068 -0.01878186129
v 34.96763611 -141.0241547 736.8909912
vn -0.3570715487 -0.9338881373 -0.0187845286
v 34.17993164 -140.7061005 736.0527344
vn -0.3570766449 -0.9338861108 -0.0187888369
v 34.02196121 -140.655838 736.5601196
vn -0.3570732176 -0.9338875413 -0.01878169924
v 34.81074142 -140.9403992 735.7109375
vn -0.3570716083 -0.9338880181 -0.01878845505
v 34.33790207 -140.7562408 735.5454712
vn -0.3570714891 -0.9338881373 -0.01878433302
v 35.28358459 -141.1245575 735.8763428
vn -0.3570832014 -0.933883667 -0.01878420077
vt 0.01571549475 0.5888766646
vt 0.01571549475 0.5873882771
vt 0.02195567638 0.5867028236
vt 0.02362779528 0.5867173076
vt 0.03071461618 0.5877777934
vt 0.03212553635 0.5880909562
vt 0.05270920321 0.990724802
vt 0.05205154419 0.990724802
vt 0.05205154419 0.9829118252
vt 0.05336685851 0.9829118252
vt 0.05336685851 0.990724802
vt 0.05141503364 0.990724802
vt 0.05077852681 0.990724802
vt 0.05077852681 0.9829118252
vt 0.05015228689 0.990724802
vt 0.04952604696 0.990724802
vt 0.04952604696 0.9829118252
vt 0.04890692979 0.990724802
vt 0.04828781635 0.990724802
vt 0.04828781635 0.9829118252
vt 0.0476687029 0.990724802
vt 0.04704958946 0.990724802
vt 0.04704958946 0.9829118252
vt 0.04643047601 0.990724802
vt 0.04581136256 0.990724802
vt 0.04581136256 0.9829118252
vt 0.04519224912 0.990724802
vt 0.04457313195 0.990724802
vt 0.04457313195 0.9829118252
vt 0.0439540185 0.990724802
vt 0.04333490506 0.990724802
vt 0.04333490506 0.9829118252
vt 0.04267724603 0.990724802
vt 0.04201958701 0.990724802
vt 0.04201958701 0.9829118252
vt 0.04138308018 0.990724802
vt 0.04074656963 0.990724802
vt 0.04074656963 0.9829118252
vt 0.04012032971 0.990724802
vt 0.03949408978 0.990724802
vt 0.03949408978 0.9829118252
vt 0.03887497634 0.990724802
vt 0.03825586289 0.990724802
vt 0.03825586289 0.9829118252
vt 0.03763674945 0.990724802
vt 0.037017636 0.990724802
vt 0.037017636 0.9829118252
vt 0.03639851883 0.990724802
vt 0.03577940539 0.990724802
vt 0.03577940539 0.9829118252
vt 0.03516029194 0.990724802
vt 0.03454117849 0.990724802
vt 0.03454117849 0.9829118252
vt 0.03392206505 0.990724802
vt 0.0333029516 0.990724802
vt 0.0333029516 0.9829118252
vt 0.03264529258 0.990724802
vt 0.03198763356 0.990724802
vt 0.03198763356 0.9829118252
vt 0.03135112673 0.990724802
vt 0.03071461618 0.990724802
vt 0.03071461618 0.9829118252
vt 0.03008837625 0.990724802
vt 0.02946213633 0.990724802
vt 0.02946213633 0.9829118252
vt 0.02884302102 0.990724802
vt 0.02822390758 0.990724802
vt 0.02822390758 0.9829118252
vt 0.02760479413 0.990724802
vt 0.02698568068 0.990724802
vt 0.02698568068 0.9829118252
vt 0.02636656351 0.990724802
vt 0.02574745007 0.990724802
vt 0.02574745007 0.9829118252
vt 0.02512833662 0.990724802
vt 0.02450922318 0.990724802
vt 0.02450922318 0.9829118252
vt 0.02389010973 0.990724802
vt 0.02327099442 0.990724802
vt 0.02327099442 0.9829118252
vt 0.02261333726 0.990724802
vt 0.02195567638 0.990724802
vt 0.02195567638 0.9829118252
vt 0.02131916955 0.990724802
vt 0.02068266086 0.990724802
vt 0.02068266086 0.9829118252
vt 0.02005642094 0.990724802
vt 0.01943018101 0.990724802
vt 0.01943018101 0.9829118252
vt 0.01881106757 0.990724802
vt 0.01819195226 0.990724802
vt 0.01819195226 0.9829118252
vt 0.01757283881 0.990724802
vt 0.01695372537 0.990724802
vt 0.01695372537 0.9829118252
vt 0.0163346082 0.990724802
vt 0.01571549475 0.990724802
vt 0.01571549475 0.9829118252
vt 0.01509638131 0.990724802
vt 0.01447726786 0.990724802
vt 0.01447726786 0.9829118252
vt 0.01385815348 0.990724802
vt 0.01323904004 0.990724802
vt 0.01323904004 0.9829118252
vt 0.05238037184 0.9946299791
vt 0.05205154419 0.9946299791
vt 0.05270920321 0.9946299791
vt 0.05303803086 0.9946299791
vt 0.05336685851 0.9946299791
vt 0.05109678209 0.9946299791
vt 0.05077852681 0.9946299791
vt 0.05141503364 0.9946299791
vt 0.04983916506 0.9946299791
vt 0.04952604696 0.9946299791
vt 0.05015228689 0.9946299791
vt 0.04797825962 0.9946299791
vt 0.0476687029 0.9946299791
vt 0.04828781635 0.9946299791
vt 0.04674003273 0.9946299791
vt 0.04643047601 0.9946299791
vt 0.04704958946 0.9946299791
vt 0.04550180584 0.9946299791
vt 0.04519224912 0.9946299791
vt 0.04581136256 0.9946299791
vt 0.04364446178 0.9946299791
vt 0.04333490506 0.9946299791
vt 0.0439540185 0.9946299791
vt 0.04426357523 0.9946299791
vt 0.04457313195 0.9946299791
vt 0.04234841838 0.9946299791
vt 0.04201958701 0.9946299791
vt 0.04267724603 0.9946299791
vt 0.04106482491 0.9946299791
vt 0.04074656963 0.9946299791
vt 0.04138308018 0.9946299791
vt 0.03980721161 0.9946299791
vt 0.03949408978 0.9946299791
vt 0.04012032971 0.9946299791
vt 0.03794630617 0.9946299791
vt 0.03763674945 0.9946299791
vt 0.03825586289 0.9946299791
vt 0.03670807555 0.9946299791
vt 0.03639851883 0.9946299791
vt 0.037017636 0.9946299791
vt 0.03546984866 0.9946299791
vt 0.03516029194 0.9946299791
vt 0.03577940539 0.9946299791
vt 0.03361250833 0.9946299791
vt 0.0333029516 0.9946299791
vt 0.03392206505 0.9946299791
vt 0.03423162177 0.9946299791
vt 0.03454117849 0.9946299791
vt 0.03231646121 0.9946299791
vt 0.03198763356 0.9946299791
vt 0.03264529258 0.9946299791
vt 0.03103286959 0.9946299791
vt 0.03071461618 0.9946299791
vt 0.03135112673 0.9946299791
vt 0.02977525629 0.9946299791
vt 0.02946213633 0.9946299791
vt 0.03008837625 0.9946299791
vt 0.02791435085 0.9946299791
vt 0.02760479413 0.9946299791
vt 0.02822390758 0.9946299791
vt 0.02667612024 0.9946299791
vt 0.02636656351 0.9946299791
vt 0.02698568068 0.9946299791
vt 0.02543789335 0.9946299791
vt 0.02512833662 0.9946299791
vt 0.02574745007 0.9946299791
vt 0.02358055115 0.9946299791
vt 0.02327099442 0.9946299791
vt 0.02389010973 0.9946299791
vt 0.02419966646 0.9946299791
vt 0.02450922318 0.9946299791
vt 0.02228450775 0.9946299791
vt 0.02195567638 0.9946299791
vt 0.02261333726 0.9946299791
vt 0.02100091428 0.9946299791
vt 0.02068266086 0.9946299791
vt 0.02131916955 0.9946299791
vt 0.01974330097 0.9946299791
vt 0.01943018101 0.9946299791
vt 0.02005642094 0.9946299791
vt 0.01788239554 0.9946299791
vt 0.01757283881 0.9946299791
vt 0.01819195226 0.9946299791
vt 0.01664416678 0.9946299791
vt 0.0163346082 0.9946299791
vt 0.01695372537 0.9946299791
vt 0.01540593803 0.9946299791
vt 0.01509638131 0.9946299791
vt 0.01571549475 0.9946299791
vt 0.01354859676 0.9946299791
vt 0.01323904004 0.9946299791
vt 0.01385815348 0.9946299791
vt 0.01416771114 0.9946299791
vt 0.01447726786 0.9946299791
vt 0.01596950553 0.5873394012
vt 0.04952604696 0.9965825677
vt 0.04890692979 0.9946299791
vt 0.04828781635 0.9965825677
vt 0.01977678947 0.5868028402
vt 0.01724381372 0.5871210098
vt 0.03825586289 0.9965825677
vt 0.03887497634 0.9946299791
vt 0.03949408978 0.9965825677
vt 0.01851223782 0.586938262
vt 0.01695372537 0.5871716142
vt 0.01695372537 0.5888766646
vt 0.01819195226 0.5869848728
vt 0.01819195226 0.5888766646
vt 0.02104888856 0.5867208242
vt 0.02233891189 0.5866932273
vt 0.02068266086 0.5867449045
vt 0.01943018101 0.5888766646
vt 0.01943018101 0.5868400931
vt 0.02068266086 0.5888766646
vt 0.02195567638 0.5888766646
vt 0.02698568068 0.5888766646
vt 0.02848500945 0.5872964859
vt 0.02574745007 0.5888766646
vt 0.02327099442 0.5867128372
vt 0.02450922132 0.5867689252
vt 0.02607273124 0.586908102
vt 0.02450922318 0.5888766646
vt 0.02574745007 0.58687675
vt 0.02485450357 0.5867869854
vt 0.02327099442 0.5888766646
vt 0.02946213633 0.9965825677
vt 0.02884302102 0.9946299791
vt 0.02822390758 0.9965825677
vt 0.02822390758 0.5888766646
vt 0.02968452498 0.5875460505
vt 0.02728256769 0.5870798826
vt 0.03089485131 0.5878156424
vt 0.02822390758 0.5872507691
vt 0.02698567882 0.5870386362
vt 0.05336685851 0.9985351562
vt 0.05303803086 0.9965825677
vt 0.05336685851 0.9965825677
vt 0.05205154419 0.9985351562
vt 0.05238037184 0.9965825677
vt 0.05270920321 0.9965825677
vt 0.05141503364 0.9965825677
vt 0.05205154419 0.9965825677
vt 0.05077852681 0.9985351562
vt 0.05077852681 0.9965825677
vt 0.05109678209 0.9965825677
vt 0.05015228689 0.9965825677
vt 0.04952604696 0.9985351562
vt 0.04983916506 0.9965825677
vt 0.04828781635 0.9985351562
vt 0.04797825962 0.9965825677
vt 0.04704958946 0.9985351562
vt 0.04704958946 0.9965825677
vt 0.0476687029 0.9965825677
vt 0.04643047601 0.9965825677
vt 0.04674003273 0.9965825677
vt 0.04581136256 0.9985351562
vt 0.04581136256 0.9965825677
vt 0.04519224912 0.9965825677
vt 0.04550180584 0.9965825677
vt 0.04457313195 0.9985351562
vt 0.04426357523 0.9965825677
vt 0.04457313195 0.9965825677
vt 0.04333490506 0.9985351562
vt 0.04364446178 0.9965825677
vt 0.0439540185 0.9965825677
vt 0.04267724603 0.9965825677
vt 0.04333490506 0.9965825677
vt 0.04201958701 0.9985351562
vt 0.04234841838 0.9965825677
vt 0.04138308018 0.9965825677
vt 0.04201958701 0.9965825677
vt 0.04074656963 0.9985351562
vt 0.04074656963 0.9965825677
vt 0.04106482491 0.9965825677
vt 0.03949408978 0.9985351562
vt 0.03980721161 0.9965825677
vt 0.04012032971 0.9965825677
vt 0.03825586289 0.9985351562
vt 0.03794630617 0.9965825677
vt 0.03763674945 0.9965825677
vt 0.037017636 0.9985351562
vt 0.037017636 0.9965825677
vt 0.03639851883 0.9965825677
vt 0.03670807555 0.9965825677
vt 0.03577940539 0.9985351562
vt 0.03546984866 0.9965825677
vt 0.03577940539 0.9965825677
vt 0.03454117849 0.9985351562
vt 0.03454117849 0.9965825677
vt 0.03516029194 0.9965825677
vt 0.03392206505 0.9965825677
vt 0.03423162177 0.9965825677
vt 0.0333029516 0.9985351562
vt 0.0333029516 0.9965825677
vt 0.03361250833 0.9965825677
vt 0.03264529258 0.9965825677
vt 0.03198763356 0.9985351562
vt 0.03231646121 0.9965825677
vt 0.03135112673 0.9965825677
vt 0.03198763356 0.9965825677
vt 0.03071461618 0.9985351562
vt 0.03071461618 0.9965825677
vt 0.03103286959 0.9965825677
vt 0.02946213633 0.9985351562
vt 0.02977525629 0.9965825677
vt 0.03008837625 0.9965825677
vt 0.02822390758 0.9985351562
vt 0.02760479413 0.9965825677
vt 0.02791435085 0.9965825677
vt 0.02698568068 0.9985351562
vt 0.02698568068 0.9965825677
vt 0.02636656351 0.9965825677
vt 0.02667612024 0.9965825677
vt 0.02574745007 0.9985351562
vt 0.02543789335 0.9965825677
vt 0.02574745007 0.9965825677
vt 0.02450922318 0.9985351562
vt 0.02450922318 0.9965825677
vt 0.02512833662 0.9965825677
vt 0.02389010973 0.9965825677
vt 0.02419966646 0.9965825677
vt 0.02327099442 0.9985351562
vt 0.02358055115 0.9965825677
vt 0.01943018101 0.9965825677
vt 0.01881106757 0.9946299791
vt 0.01819195226 0.9965825677
vt 0.02195567638 0.9985351562
vt 0.02228450775 0.9965825677
vt 0.02261333726 0.9965825677
vt 0.02327099442 0.9965825677
vt 0.02195567638 0.9965825677
vt 0.02131916955 0.9965825677
vt 0.02068266086 0.9985351562
vt 0.02068266086 0.9965825677
vt 0.02100091428 0.9965825677
vt 0.02005642094 0.9965825677
vt 0.01974330097 0.9965825677
vt 0.01943018101 0.9985351562
vt 0.01819195226 0.9985351562
vt 0.01757283881 0.9965825677
vt 0.01788239554 0.9965825677
vt 0.01695372537 0.9985351562
vt 0.01664416678 0.9965825677
vt 0.01695372537 0.9965825677
vt 0.01571549475 0.9985351562
vt 0.01571549475 0.9965825677
vt 0.0163346082 0.9965825677
vt 0.01509638131 0.9965825677
vt 0.01540593803 0.9965825677
vt 0.01447726786 0.9985351562
vt 0.01447726786 0.9965825677
vt 0.01416771114 0.9965825677
vt 0.01385815348 0.9965825677
vt 0.01323904004 0.9965825677
vt 0.01354859676 0.9965825677
vt 0.01323904004 0.9985351562
vt 0.03198763356 0.5880622864
vt 0.03578215092 0.5888428688
vt 0.03198763356 0.5888766646
vt 0.03454117849 0.5888766646
vt 0.05077853054 0.5883722305
vt 0.0482843183 0.5888746977
vt 0.05086715147 0.5883549452
vt 0.04954716563 0.5886278749
vt 0.04952604696 0.5888766646
vt 0.0333029516 0.5883408189
vt 0.0333885327 0.5883587599
vt 0.03071461618 0.5888766646
vt 0.05077852681 0.5888766646
vt 0.05205154419 0.5881093144
vt 0.05205154419 0.5888766646
vt 0.0333029516 0.5888766646
vt 0.005548248533 0.0009321597754
vt 0.004896367434 0.001632122439
vt 0.005029310472 0.0005183682078
vt 0.004450633191 0.0002232289553
vt 0.003264244879 0.001632122439
vt 0.00385059556 5.309439803e-05
vt 0.005973152351 0.001442950219
vt 0.004896367434 0.003264244879
vt 0.006283747498 0.002024124376
vt 0.006468363106 0.002640609397
vt 0.006528489757 0.003264244879
vt 0.003264244879 0
vt 0.002024124144 0.0002447423758
vt 0.002640609164 6.012670201e-05
vt 0.0009321596008 0.0009802411078
vt 0.001442949986 0.0005553372903
vt 0.001632122439 0.001632122439
vt 0.0002232288971 0.002077856567
vt 0.0005183683243 0.001499179518
vt 5.30942234e-05 0.002677893965
vt 0.001632122439 0.003264244879
vt 0 0.003264244879
vt 0.006475395523 0.00385059556
vt 0.006305260584 0.004450632725
vt 0.006010121666 0.005029310472
vt 0.004896367434 0.004896367434
vt 0.004504365381 0.006283747498
vt 0.003264244879 0.004896367434
vt 0.005596329924 0.005548248533
vt 0.005085539538 0.005973152351
vt 0.003887880361 0.006468363106
vt 0.003264244879 0.006528489757
vt 0.0002447422594 0.004504365847
vt 0.001632122439 0.004896367434
vt 6.012654922e-05 0.003887880594
vt 0.0005553374649 0.005085539538
vt 0.0009802411078 0.005596329924
vt 0.0020778568 0.006305261049
vt 0.001499179518 0.0060101212
vt 0.002677894197 0.006475395523
vt 0.02946213633 0.5875017047
vt 0.03454117849 0.6038157344
vt 0.03577940539 0.6038157344
vt 0.037017636 0.6038157344
vt 0.03825586289 0.6038157344
vt 0.03949408978 0.6038157344
vt 0.04074656963 0.6038157344
vt 0.04201958701 0.6038157344
vt 0.04333490506 0.6038157344
vt 0.04457313195 0.6038157344
vt 0.04581136256 0.6038157344
vt 0.04704958946 0.6038157344
vt 0.01323904004 0.5964646339
vt 0.01447726786 0.5964646339
vt 0.01571549475 0.5964646339
vt 0.01695372537 0.5964646339
vt 0.01819195226 0.5964646339
vt 0.01943018101 0.5964646339
vt 0.02068266086 0.5964646339
vt 0.02195567638 0.5964646339
vt 0.02327099442 0.5964646339
vt 0.02450922318 0.5964646339
vt 0.02698568068 0.5964646339
vt 0.02574745007 0.5964646339
vt 0.02946213633 0.5964646339
vt 0.02822390758 0.5964646339
vt 0.03071461618 0.5964646339
vt 0.03198763356 0.5964646339
vt 0.0333029516 0.5964646339
vt 0.03454117849 0.5964646339
vt 0.03577940539 0.5964646339
vt 0.03819512948 0.589248836
vt 0.03700236604 0.5890662074
vt 0.037017636 0.5964646339
vt 0.0394109562 0.5893861055
vt 0.03825586662 0.5892560482
vt 0.03825586289 0.5964646339
vt 0.04064882547 0.5894688368
vt 0.03949408978 0.5893921256
vt 0.03949408978 0.5964646339
vt 0.04191589355 0.5894947648
vt 0.04074656963 0.5894710422
vt 0.04074656963 0.5964646339
vt 0.04323263466 0.5894666314
vt 0.04201958328 0.589492321
vt 0.04201958701 0.5964646339
vt 0.04448885471 0.5893931389
vt 0.04333490506 0.5894601941
vt 0.04333490506 0.5964646339
vt 0.0457472764 0.5892693996
vt 0.04457313195 0.5893847942
vt 0.04457313195 0.5964646339
vt 0.04581136256 0.5892605782
vt 0.04581136256 0.5964646339
vt 0.04703183472 0.5890911818
vt 0.04828781635 0.5964646339
vt 0.04704958946 0.5964646339
vt 0.05205154419 0.5964646339
vt 0.05336685851 0.5964646339
vt 0.05077852681 0.5964646339
vt 0.04952604696 0.5964646339
vt 0.04828781635 0.5964646339
vt 0.04952604696 0.5964646339
vt 0.05077852681 0.5964646339
vt 0.05336685851 0.5964646339
vt 0.05205154419 0.5964646339
vt 0.01341367513 0.5878197551
vt 0.01323904004 0.5878532529
vt 0.01323904004 0.5888766646
vt 0.01469195448 0.587577343
vt 0.01447726786 0.5876198411
vt 0.01447726786 0.5888766646
vt 0.03454117849 0.5964646339
vt 0.0333029516 0.5964646339
vt 0.03198763356 0.5964646339
vt 0.03071461618 0.5964646339
vt 0.02946213633 0.5964646339
vt 0.02822390758 0.5964646339
vt 0.02698568068 0.5964646339
vt 0.02574745007 0.5964646339
vt 0.02450922318 0.5964646339
vt 0.02327099442 0.5964646339
vt 0.02195567638 0.5964646339
vt 0.02068266086 0.5964646339
vt 0.01943018101 0.5964646339
vt 0.01819195226 0.5964646339
vt 0.01695372537 0.5964646339
vt 0.01571549475 0.5964646339
vt 0.01447726786 0.5964646339
vt 0.01323904004 0.5964646339
vt 0.05205154419 0.6038157344
vt 0.05336685851 0.6038157344
vt 0.05077852681 0.6038157344
vt 0.04952604696 0.6038157344
vt 0.04828781635 0.6038157344
vt 0.04704958946 0.6038157344
vt 0.04581136256 0.6038157344
vt 0.04457313195 0.6038157344
vt 0.04333490506 0.6038157344
vt 0.04201958701 0.6038157344
vt 0.04074656963 0.6038157344
vt 0.03949408978 0.6038157344
vt 0.03825586289 0.6038157344
vt 0.037017636 0.6038157344
vt 0.03577940539 0.6038157344
vt 0.03454117849 0.6038157344
vt 0.0333029516 0.6038157344
vt 0.03198763356 0.6038157344
vt 0.03071461618 0.6038157344
vt 0.02946213633 0.6038157344
vt 0.02822390758 0.6038157344
vt 0.02698568068 0.6038157344
vt 0.02574745007 0.6038157344
vt 0.02450922318 0.6038157344
vt 0.02327099442 0.6038157344
vt 0.02195567638 0.6038157344
vt 0.02068266086 0.6038157344
vt 0.01943018101 0.6038157344
vt 0.01819195226 0.6038157344
vt 0.01695372537 0.6038157344
vt 0.01571549475 0.6038157344
vt 0.01447726786 0.6038157344
vt 0.01323904004 0.6038157344
vt 0.05205154419 0.6114103794
vt 0.05336685851 0.6114103794
vt 0.05077852681 0.6114103794
vt 0.04952604696 0.6114103794
vt 0.04828781635 0.6114103794
vt 0.04704958946 0.6114103794
vt 0.04581136256 0.6114103794
vt 0.04457313195 0.6114103794
vt 0.04333490506 0.6114103794
vt 0.04201958701 0.6114103794
vt 0.04074656963 0.6114103794
vt 0.03949408978 0.6114103794
vt 0.03825586289 0.6114103794
vt 0.037017636 0.6114103794
vt 0.03577940539 0.6114103794
vt 0.03454117849 0.6114103794
vt 0.0333029516 0.6114103794
vt 0.03198763356 0.6114103794
vt 0.03071461618 0.6114103794
vt 0.02946213633 0.6114103794
vt 0.02822390758 0.6114103794
vt 0.02698568068 0.6114103794
vt 0.02574745007 0.6114103794
vt 0.02450922318 0.6114103794
vt 0.02327099442 0.6114103794
vt 0.02195567638 0.6114103794
vt 0.02068266086 0.6114103794
vt 0.01943018101 0.6114103794
vt 0.01819195226 0.6114103794
vt 0.01695372537 0.6114103794
vt 0.01571549475 0.6114103794
vt 0.01447726786 0.6114103794
vt 0.01323904004 0.6114103794
vt 0.05205154419 0.619086206
vt 0.05336685851 0.619086206
vt 0.05077852681 0.619086206
vt 0.04952604696 0.619086206
vt 0.04828781635 0.619086206
vt 0.04704958946 0.619086206
vt 0.04581136256 0.619086206
vt 0.04457313195 0.619086206
vt 0.04333490506 0.619086206
vt 0.04201958701 0.619086206
vt 0.04074656963 0.619086206
vt 0.03949408978 0.619086206
vt 0.03825586289 0.619086206
vt 0.037017636 0.619086206
vt 0.03577940539 0.619086206
vt 0.03454117849 0.619086206
vt 0.0333029516 0.619086206
vt 0.03198763356 0.619086206
vt 0.03071461618 0.619086206
vt 0.02946213633 0.619086206
vt 0.02822390758 0.619086206
vt 0.02698568068 0.619086206
vt 0.02574745007 0.619086206
vt 0.02450922318 0.619086206
vt 0.02327099442 0.619086206
vt 0.02195567638 0.619086206
vt 0.02068266086 0.619086206
vt 0.01943018101 0.619086206
vt 0.01819195226 0.619086206
vt 0.01695372537 0.619086206
vt 0.01571549475 0.619086206
vt 0.01447726786 0.619086206
vt 0.01323904004 0.619086206
vt 0.05205154419 0.6268233061
vt 0.05336685851 0.6268233061
vt 0.05077852681 0.6268233061
vt 0.04952604696 0.6268233061
vt 0.04828781635 0.6268233061
vt 0.04704958946 0.6268233061
vt 0.04581136256 0.6268233061
vt 0.04457313195 0.6268233061
vt 0.04333490506 0.6268233061
vt 0.04201958701 0.6268233061
vt 0.04074656963 0.6268233061
vt 0.03949408978 0.6268233061
vt 0.03825586289 0.6268233061
vt 0.037017636 0.6268233061
vt 0.03577940539 0.6268233061
vt 0.03454117849 0.6268233061
vt 0.0333029516 0.6268233061
vt 0.03198763356 0.6268233061
vt 0.03071461618 0.6268233061
vt 0.02946213633 0.6268233061
vt 0.02822390758 0.6268233061
vt 0.02698568068 0.6268233061
vt 0.02574745007 0.6268233061
vt 0.02450922318 0.6268233061
vt 0.02327099442 0.6268233061
vt 0.02195567638 0.6268233061
vt 0.02068266086 0.6268233061
vt 0.01943018101 0.6268233061
vt 0.01819195226 0.6268233061
vt 0.01695372537 0.6268233061
vt 0.01571549475 0.6268233061
vt 0.01447726786 0.6268233061
vt 0.01323904004 0.6268233061
vt 0.05205154419 0.6345980763
vt 0.05336685851 0.6345980763
vt 0.05077852681 0.6345980763
vt 0.04952604696 0.6345980763
vt 0.04828781635 0.6345980763
vt 0.04704958946 0.6345980763
vt 0.04581136256 0.6345980763
vt 0.04457313195 0.6345980763
vt 0.04333490506 0.6345980763
vt 0.04201958701 0.6345980763
vt 0.04074656963 0.6345980763
vt 0.03949408978 0.6345980763
vt 0.03825586289 0.6345980763
vt 0.037017636 0.6345980763
vt 0.03577940539 0.6345980763
vt 0.03454117849 0.6345980763
vt 0.0333029516 0.6345980763
vt 0.03198763356 0.6345980763
vt 0.03071461618 0.6345980763
vt 0.02946213633 0.6345980763
vt 0.02822390758 0.6345980763
vt 0.02698568068 0.6345980763
vt 0.02574745007 0.6345980763
vt 0.02450922318 0.6345980763
vt 0.02327099442 0.6345980763
vt 0.02195567638 0.6345980763
vt 0.02068266086 0.6345980763
vt 0.01943018101 0.6345980763
vt 0.01819195226 0.6345980763
vt 0.01695372537 0.6345980763
vt 0.01571549475 0.6345980763
vt 0.01447726786 0.6345980763
vt 0.01323904004 0.6345980763
vt 0.05205154419 0.6424098015
vt 0.05336685851 0.6424098015
vt 0.05077852681 0.6424098015
vt 0.04952604696 0.6424098015
vt 0.04828781635 0.6424098015
vt 0.04704958946 0.6424098015
vt 0.04581136256 0.6424098015
vt 0.04457313195 0.6424098015
vt 0.04333490506 0.6424098015
vt 0.04201958701 0.6424098015
vt 0.04074656963 0.6424098015
vt 0.03949408978 0.6424098015
vt 0.03825586289 0.6424098015
vt 0.037017636 0.6424098015
vt 0.03577940539 0.6424098015
vt 0.03454117849 0.6424098015
vt 0.0333029516 0.6424098015
vt 0.03198763356 0.6424098015
vt 0.03071461618 0.6424098015
vt 0.02946213633 0.6424098015
vt 0.02822390758 0.6424098015
vt 0.02698568068 0.6424098015
vt 0.02574745007 0.6424098015
vt 0.02450922318 0.6424098015
vt 0.02327099442 0.6424098015
vt 0.02195567638 0.6424098015
vt 0.02068266086 0.6424098015
vt 0.01943018101 0.6424098015
vt 0.01819195226 0.6424098015
vt 0.01695372537 0.6424098015
vt 0.01571549475 0.6424098015
vt 0.01447726786 0.6424098015
vt 0.01323904004 0.6424098015
vt 0.05205154419 0.6502674222
vt 0.05336685851 0.6502674222
vt 0.05077852681 0.6502674222
vt 0.04952604696 0.6502674222
vt 0.04828781635 0.6502674222
vt 0.04704958946 0.6502674222
vt 0.04581136256 0.6502674222
vt 0.04457313195 0.6502674222
vt 0.04333490506 0.6502674222
vt 0.04201958701 0.6502674222
vt 0.04074656963 0.6502674222
vt 0.03949408978 0.6502674222
vt 0.03825586289 0.6502674222
vt 0.037017636 0.6502674222
vt 0.03577940539 0.6502674222
vt 0.03454117849 0.6502674222
vt 0.0333029516 0.6502674222
vt 0.03198763356 0.6502674222
vt 0.03071461618 0.6502674222
vt 0.02946213633 0.6502674222
vt 0.02822390758 0.6502674222
vt 0.02698568068 0.6502674222
vt 0.02574745007 0.6502674222
vt 0.02450922318 0.6502674222
vt 0.02327099442 0.6502674222
vt 0.02195567638 0.6502674222
vt 0.02068266086 0.6502674222
vt 0.01943018101 0.6502674222
vt 0.01819195226 0.6502674222
vt 0.01695372537 0.6502674222
vt 0.01571549475 0.6502674222
vt 0.01447726786 0.6502674222
vt 0.01323904004 0.6502674222
vt 0.05205154419 0.6581659317
vt 0.05336685851 0.6581659317
vt 0.05077852681 0.6581659317
vt 0.04952604696 0.6581659317
vt 0.04828781635 0.6581659317
vt 0.04704958946 0.6581659317
vt 0.04581136256 0.6581659317
vt 0.04457313195 0.6581659317
vt 0.04333490506 0.6581659317
vt 0.04201958701 0.6581659317
vt 0.04074656963 0.6581659317
vt 0.03949408978 0.6581659317
vt 0.03825586289 0.6581659317
vt 0.037017636 0.6581659317
vt 0.03577940539 0.6581659317
vt 0.03454117849 0.6581659317
vt 0.0333029516 0.6581659317
vt 0.03198763356 0.6581659317
vt 0.03071461618 0.6581659317
vt 0.02946213633 0.6581659317
vt 0.02822390758 0.6581659317
vt 0.02698568068 0.6581659317
vt 0.02574745007 0.6581659317
vt 0.02450922318 0.6581659317
vt 0.02327099442 0.6581659317
vt 0.02195567638 0.6581659317
vt 0.02068266086 0.6581659317
vt 0.01943018101 0.6581659317
vt 0.01819195226 0.6581659317
vt 0.01695372537 0.6581659317
vt 0.01571549475 0.6581659317
vt 0.01447726786 0.6581659317
vt 0.01323904004 0.6581659317
vt 0.05205154419 0.6660695672
vt 0.05336685851 0.6660695672
vt 0.05077852681 0.6660695672
vt 0.04952604696 0.6660695672
vt 0.04828781635 0.6660695672
vt 0.04704958946 0.6660695672
vt 0.04581136256 0.6660695672
vt 0.04457313195 0.6660695672
vt 0.04333490506 0.6660695672
vt 0.04201958701 0.6660695672
vt 0.04074656963 0.6660695672
vt 0.03949408978 0.6660695672
vt 0.03825586289 0.6660695672
vt 0.037017636 0.6660695672
vt 0.03577940539 0.6660695672
vt 0.03454117849 0.6660695672
vt 0.0333029516 0.6660695672
vt 0.03198763356 0.6660695672
vt 0.03071461618 0.6660695672
vt 0.02946213633 0.6660695672
vt 0.02822390758 0.6660695672
vt 0.02698568068 0.6660695672
vt 0.02574745007 0.6660695672
vt 0.02450922318 0.6660695672
vt 0.02327099442 0.6660695672
vt 0.02195567638 0.6660695672
vt 0.02068266086 0.6660695672
vt 0.01943018101 0.6660695672
vt 0.01819195226 0.6660695672
vt 0.01695372537 0.6660695672
vt 0.01571549475 0.6660695672
vt 0.01447726786 0.6660695672
vt 0.01323904004 0.6660695672
vt 0.05205154419 0.6738717556
vt 0.05336685851 0.6738717556
vt 0.05077852681 0.6738717556
vt 0.04952604696 0.6738717556
vt 0.04828781635 0.6738717556
vt 0.04704958946 0.6738717556
vt 0.04581136256 0.6738717556
vt 0.04457313195 0.6738717556
vt 0.04333490506 0.6738717556
vt 0.04201958701 0.6738717556
vt 0.04074656963 0.6738717556
vt 0.03949408978 0.6738717556
vt 0.03825586289 0.6738717556
vt 0.037017636 0.6738717556
vt 0.03577940539 0.6738717556
vt 0.03454117849 0.6738717556
vt 0.0333029516 0.6738717556
vt 0.03198763356 0.6738717556
vt 0.03071461618 0.6738717556
vt 0.02946213633 0.6738717556
vt 0.02822390758 0.6738717556
vt 0.02698568068 0.6738717556
vt 0.02574745007 0.6738717556
vt 0.02450922318 0.6738717556
vt 0.02327099442 0.6738717556
vt 0.02195567638 0.6738717556
vt 0.02068266086 0.6738717556
vt 0.01943018101 0.6738717556
vt 0.01819195226 0.6738717556
vt 0.01695372537 0.6738717556
vt 0.01571549475 0.6738717556
vt 0.01447726786 0.6738717556
vt 0.01323904004 0.6738717556
vt 0.05205154419 0.6815575361
vt 0.05336685851 0.6815575361
vt 0.05077852681 0.6815575361
vt 0.04952604696 0.6815575361
vt 0.04828781635 0.6815575361
vt 0.04704958946 0.6815575361
vt 0.04581136256 0.6815575361
vt 0.04457313195 0.6815575361
vt 0.04333490506 0.6815575361
vt 0.04201958701 0.6815575361
vt 0.04074656963 0.6815575361
vt 0.03949408978 0.6815575361
vt 0.03825586289 0.6815575361
vt 0.037017636 0.6815575361
vt 0.03577940539 0.6815575361
vt 0.03454117849 0.6815575361
vt 0.0333029516 0.6815575361
vt 0.03198763356 0.6815575361
vt 0.03071461618 0.6815575361
vt 0.02946213633 0.6815575361
vt 0.02822390758 0.6815575361
vt 0.02698568068 0.6815575361
vt 0.02574745007 0.6815575361
vt 0.02450922318 0.6815575361
vt 0.02327099442 0.6815575361
vt 0.02195567638 0.6815575361
vt 0.02068266086 0.6815575361
vt 0.01943018101 0.6815575361
vt 0.01819195226 0.6815575361
vt 0.01695372537 0.6815575361
vt 0.01571549475 0.6815575361
vt 0.01447726786 0.6815575361
vt 0.01323904004 0.6815575361
vt 0.05205154419 0.6891636848
vt 0.05336685851 0.6891636848
vt 0.05077852681 0.6891636848
vt 0.04952604696 0.6891636848
vt 0.04828781635 0.6891636848
vt 0.04704958946 0.6891636848
vt 0.04581136256 0.6891636848
vt 0.04457313195 0.6891636848
vt 0.04333490506 0.6891636848
vt 0.04201958701 0.6891636848
vt 0.04074656963 0.6891636848
vt 0.03949408978 0.6891636848
vt 0.03825586289 0.6891636848
vt 0.037017636 0.6891636848
vt 0.03577940539 0.6891636848
vt 0.03454117849 0.6891636848
vt 0.0333029516 0.6891636848
vt 0.03198763356 0.6891636848
vt 0.03071461618 0.6891636848
vt 0.02946213633 0.6891636848
vt 0.02822390758 0.6891636848
vt 0.02698568068 0.6891636848
vt 0.02574745007 0.6891636848
vt 0.02450922318 0.6891636848
vt 0.02327099442 0.6891636848
vt 0.02195567638 0.6891636848
vt 0.02068266086 0.6891636848
vt 0.01943018101 0.6891636848
vt 0.01819195226 0.6891636848
vt 0.01695372537 0.6891636848
vt 0.01571549475 0.6891636848
vt 0.01447726786 0.6891636848
vt 0.01323904004 0.6891636848
vt 0.05205154419 0.6967312694
vt 0.05336685851 0.6967312694
vt 0.05077852681 0.6967312694
vt 0.04952604696 0.6967312694
vt 0.04828781635 0.6967312694
vt 0.04704958946 0.6967312694
vt 0.04581136256 0.6967312694
vt 0.04457313195 0.6967312694
vt 0.04333490506 0.6967312694
vt 0.04201958701 0.6967312694
vt 0.04074656963 0.6967312694
vt 0.03949408978 0.6967312694
vt 0.03825586289 0.6967312694
vt 0.037017636 0.6967312694
vt 0.03577940539 0.6967312694
vt 0.03454117849 0.6967312694
vt 0.0333029516 0.6967312694
vt 0.03198763356 0.6967312694
vt 0.03071461618 0.6967312694
vt 0.02946213633 0.6967312694
vt 0.02822390758 0.6967312694
vt 0.02698568068 0.6967312694
vt 0.02574745007 0.6967312694
vt 0.02450922318 0.6967312694
vt 0.02327099442 0.6967312694
vt 0.02195567638 0.6967312694
vt 0.02068266086 0.6967312694
vt 0.01943018101 0.6967312694
vt 0.01819195226 0.6967312694
vt 0.01695372537 0.6967312694
vt 0.01571549475 0.6967312694
vt 0.01447726786 0.6967312694
vt 0.01323904004 0.6967312694
vt 0.05205154419 0.7042953968
vt 0.05336685851 0.7042953968
vt 0.05077852681 0.7042953968
vt 0.04952604696 0.7042953968
vt 0.04828781635 0.7042953968
vt 0.04704958946 0.7042953968
vt 0.04581136256 0.7042953968
vt 0.04457313195 0.7042953968
vt 0.04333490506 0.7042953968
vt 0.04201958701 0.7042953968
vt 0.04074656963 0.7042953968
vt 0.03949408978 0.7042953968
vt 0.03825586289 0.7042953968
vt 0.037017636 0.7042953968
vt 0.03577940539 0.7042953968
vt 0.03454117849 0.7042953968
vt 0.0333029516 0.7042953968
vt 0.03198763356 0.7042953968
vt 0.03071461618 0.7042953968
vt 0.02946213633 0.7042953968
vt 0.02822390758 0.7042953968
vt 0.02698568068 0.7042953968
vt 0.02574745007 0.7042953968
vt 0.02450922318 0.7042953968
vt 0.02327099442 0.7042953968
vt 0.02195567638 0.7042953968
vt 0.02068266086 0.7042953968
vt 0.01943018101 0.7042953968
vt 0.01819195226 0.7042953968
vt 0.01695372537 0.7042953968
vt 0.01571549475 0.7042953968
vt 0.01447726786 0.7042953968
vt 0.01323904004 0.7042953968
vt 0.05205154419 0.7119069695
vt 0.05336685851 0.7119069695
vt 0.05077852681 0.7119069695
vt 0.04952604696 0.7119069695
vt 0.04828781635 0.7119069695
vt 0.04704958946 0.7119069695
vt 0.04581136256 0.7119069695
vt 0.04457313195 0.7119069695
vt 0.04333490506 0.7119069695
vt 0.04201958701 0.7119069695
vt 0.04074656963 0.7119069695
vt 0.03949408978 0.7119069695
vt 0.03825586289 0.7119069695
vt 0.037017636 0.7119069695
vt 0.03577940539 0.7119069695
vt 0.03454117849 0.7119069695
vt 0.0333029516 0.7119069695
vt 0.03198763356 0.7119069695
vt 0.03071461618 0.7119069695
vt 0.02946213633 0.7119069695
vt 0.02822390758 0.7119069695
vt 0.02698568068 0.7119069695
vt 0.02574745007 0.7119069695
vt 0.02450922318 0.7119069695
vt 0.02327099442 0.7119069695
vt 0.02195567638 0.7119069695
vt 0.02068266086 0.7119069695
vt 0.01943018101 0.7119069695
vt 0.01819195226 0.7119069695
vt 0.01695372537 0.7119069695
vt 0.01571549475 0.7119069695
vt 0.01447726786 0.7119069695
vt 0.01323904004 0.7119069695
vt 0.05205154419 0.719561398
vt 0.05336685851 0.719561398
vt 0.05077852681 0.719561398
vt 0.04952604696 0.719561398
vt 0.04828781635 0.719561398
vt 0.04704958946 0.719561398
vt 0.04581136256 0.719561398
vt 0.04457313195 0.719561398
vt 0.04333490506 0.719561398
vt 0.04201958701 0.719561398
vt 0.04074656963 0.719561398
vt 0.03949408978 0.719561398
vt 0.03825586289 0.719561398
vt 0.037017636 0.719561398
vt 0.03577940539 0.719561398
vt 0.03454117849 0.719561398
vt 0.0333029516 0.719561398
vt 0.03198763356 0.719561398
vt 0.03071461618 0.719561398
vt 0.02946213633 0.719561398
vt 0.02822390758 0.719561398
vt 0.02698568068 0.719561398
vt 0.02574745007 0.719561398
vt 0.02450922318 0.719561398
vt 0.02327099442 0.719561398
vt 0.02195567638 0.719561398
vt 0.02068266086 0.719561398
vt 0.01943018101 0.719561398
vt 0.01819195226 0.719561398
vt 0.01695372537 0.719561398
vt 0.01571549475 0.719561398
vt 0.01447726786 0.719561398
vt 0.01323904004 0.719561398
vt 0.05205154419 0.7272385955
vt 0.05336685851 0.7272385955
vt 0.05077852681 0.7272385955
vt 0.04952604696 0.7272385955
vt 0.04828781635 0.7272385955
vt 0.04704958946 0.7272385955
vt 0.04581136256 0.7272385955
vt 0.04457313195 0.7272385955
vt 0.04333490506 0.7272385955
vt 0.04201958701 0.7272385955
vt 0.04074656963 0.7272385955
vt 0.03949408978 0.7272385955
vt 0.03825586289 0.7272385955
vt 0.037017636 0.7272385955
vt 0.03577940539 0.7272385955
vt 0.03454117849 0.7272385955
vt 0.0333029516 0.7272385955
vt 0.03198763356 0.7272385955
vt 0.03071461618 0.7272385955
vt 0.02946213633 0.7272385955
vt 0.02822390758 0.7272385955
vt 0.02698568068 0.7272385955
vt 0.02574745007 0.7272385955
vt 0.02450922318 0.7272385955
vt 0.02327099442 0.7272385955
vt 0.02195567638 0.7272385955
vt 0.02068266086 0.7272385955
vt 0.01943018101 0.7272385955
vt 0.01819195226 0.7272385955
vt 0.01695372537 0.7272385955
vt 0.01571549475 0.7272385955
vt 0.01447726786 0.7272385955
vt 0.01323904004 0.7272385955
vt 0.05205154419 0.7349314094
vt 0.05336685851 0.7349314094
vt 0.05077852681 0.7349314094
vt 0.04952604696 0.7349314094
vt 0.04828781635 0.7349314094
vt 0.04704958946 0.7349314094
vt 0.04581136256 0.7349314094
vt 0.04457313195 0.7349314094
vt 0.04333490506 0.7349314094
vt 0.04201958701 0.7349314094
vt 0.04074656963 0.7349314094
vt 0.03949408978 0.7349314094
vt 0.03825586289 0.7349314094
vt 0.037017636 0.7349314094
vt 0.03577940539 0.7349314094
vt 0.03454117849 0.7349314094
vt 0.0333029516 0.7349314094
vt 0.03198763356 0.7349314094
vt 0.03071461618 0.7349314094
vt 0.02946213633 0.7349314094
vt 0.02822390758 0.7349314094
vt 0.02698568068 0.7349314094
vt 0.02574745007 0.7349314094
vt 0.02450922318 0.7349314094
vt 0.02327099442 0.7349314094
vt 0.02195567638 0.7349314094
vt 0.02068266086 0.7349314094
vt 0.01943018101 0.7349314094
vt 0.01819195226 0.7349314094
vt 0.01695372537 0.7349314094
vt 0.01571549475 0.7349314094
vt 0.01447726786 0.7349314094
vt 0.01323904004 0.7349314094
vt 0.05205154419 0.7426393628
vt 0.05336685851 0.7426393628
vt 0.05077852681 0.7426393628
vt 0.04952604696 0.7426393628
vt 0.04828781635 0.7426393628
vt 0.04704958946 0.7426393628
vt 0.04581136256 0.7426393628
vt 0.04457313195 0.7426393628
vt 0.04333490506 0.7426393628
vt 0.04201958701 0.7426393628
vt 0.04074656963 0.7426393628
vt 0.03949408978 0.7426393628
vt 0.03825586289 0.7426393628
vt 0.037017636 0.7426393628
vt 0.03577940539 0.7426393628
vt 0.03454117849 0.7426393628
vt 0.0333029516 0.7426393628
vt 0.03198763356 0.7426393628
vt 0.03071461618 0.7426393628
vt 0.02946213633 0.7426393628
vt 0.02822390758 0.7426393628
vt 0.02698568068 0.7426393628
vt 0.02574745007 0.7426393628
vt 0.02450922318 0.7426393628
vt 0.02327099442 0.7426393628
vt 0.02195567638 0.7426393628
vt 0.02068266086 0.7426393628
vt 0.01943018101 0.7426393628
vt 0.01819195226 0.7426393628
vt 0.01695372537 0.7426393628
vt 0.01571549475 0.7426393628
vt 0.01447726786 0.7426393628
vt 0.01323904004 0.7426393628
vt 0.05205154419 0.7503578663
vt 0.05336685851 0.7503578663
vt 0.05077852681 0.7503578663
vt 0.04952604696 0.7503578663
vt 0.04828781635 0.7503578663
vt 0.04704958946 0.7503578663
vt 0.04581136256 0.7503578663
vt 0.04457313195 0.7503578663
vt 0.04333490506 0.7503578663
vt 0.04201958701 0.7503578663
vt 0.04074656963 0.7503578663
vt 0.03949408978 0.7503578663
vt 0.03825586289 0.7503578663
vt 0.037017636 0.7503578663
vt 0.03577940539 0.7503578663
vt 0.03454117849 0.7503578663
vt 0.0333029516 0.7503578663
vt 0.03198763356 0.7503578663
vt 0.03071461618 0.7503578663
vt 0.02946213633 0.7503578663
vt 0.02822390758 0.7503578663
vt 0.02698568068 0.7503578663
vt 0.02574745007 0.7503578663
vt 0.02450922318 0.7503578663
vt 0.02327099442 0.7503578663
vt 0.02195567638 0.7503578663
vt 0.02068266086 0.7503578663
vt 0.01943018101 0.7503578663
vt 0.01819195226 0.7503578663
vt 0.01695372537 0.7503578663
vt 0.01571549475 0.7503578663
vt 0.01447726786 0.7503578663
vt 0.01323904004 0.7503578663
vt 0.05205154419 0.7580835819
vt 0.05336685851 0.7580835819
vt 0.05077852681 0.7580835819
vt 0.04952604696 0.7580835819
vt 0.04828781635 0.7580835819
vt 0.04704958946 0.7580835819
vt 0.04581136256 0.7580835819
vt 0.04457313195 0.7580835819
vt 0.04333490506 0.7580835819
vt 0.04201958701 0.7580835819
vt 0.04074656963 0.7580835819
vt 0.03949408978 0.7580835819
vt 0.03825586289 0.7580835819
vt 0.037017636 0.7580835819
vt 0.03577940539 0.7580835819
vt 0.03454117849 0.7580835819
vt 0.0333029516 0.7580835819
vt 0.03198763356 0.7580835819
vt 0.03071461618 0.7580835819
vt 0.02946213633 0.7580835819
vt 0.02822390758 0.7580835819
vt 0.02698568068 0.7580835819
vt 0.02574745007 0.7580835819
vt 0.02450922318 0.7580835819
vt 0.02327099442 0.7580835819
vt 0.02195567638 0.7580835819
vt 0.02068266086 0.7580835819
vt 0.01943018101 0.7580835819
vt 0.01819195226 0.7580835819
vt 0.01695372537 0.7580835819
vt 0.01571549475 0.7580835819
vt 0.01447726786 0.7580835819
vt 0.01323904004 0.7580835819
vt 0.05205154419 0.7658116817
vt 0.05336685851 0.7658116817
vt 0.05077852681 0.7658116817
vt 0.04952604696 0.7658116817
vt 0.04828781635 0.7658116817
vt 0.04704958946 0.7658116817
vt 0.04581136256 0.7658116817
vt 0.04457313195 0.7658116817
vt 0.04333490506 0.7658116817
vt 0.04201958701 0.7658116817
vt 0.04074656963 0.7658116817
vt 0.03949408978 0.7658116817
vt 0.03825586289 0.7658116817
vt 0.037017636 0.7658116817
vt 0.03577940539 0.7658116817
vt 0.03454117849 0.7658116817
vt 0.0333029516 0.7658116817
vt 0.03198763356 0.7658116817
vt 0.03071461618 0.7658116817
vt 0.02946213633 0.7658116817
vt 0.02822390758 0.7658116817
vt 0.02698568068 0.7658116817
vt 0.02574745007 0.7658116817
vt 0.02450922318 0.7658116817
vt 0.02327099442 0.7658116817
vt 0.02195567638 0.7658116817
vt 0.02068266086 0.7658116817
vt 0.01943018101 0.7658116817
vt 0.01819195226 0.7658116817
vt 0.01695372537 0.7658116817
vt 0.01571549475 0.7658116817
vt 0.01447726786 0.7658116817
vt 0.01323904004 0.7658116817
vt 0.05205154419 0.7731540203
vt 0.05336685851 0.7731540203
vt 0.05077852681 0.7731540203
vt 0.04952604696 0.7731540203
vt 0.04828781635 0.7731540203
vt 0.04704958946 0.7731540203
vt 0.04581136256 0.7731540203
vt 0.04457313195 0.7731540203
vt 0.04333490506 0.7731540203
vt 0.04201958701 0.7731540203
vt 0.04074656963 0.7731540203
vt 0.03949408978 0.7731540203
vt 0.03825586289 0.7731540203
vt 0.037017636 0.7731540203
vt 0.03577940539 0.7731540203
vt 0.03454117849 0.7731540203
vt 0.0333029516 0.7731540203
vt 0.03198763356 0.7731540203
vt 0.03071461618 0.7731540203
vt 0.02946213633 0.7731540203
vt 0.02822390758 0.7731540203
vt 0.02698568068 0.7731540203
vt 0.02574745007 0.7731540203
vt 0.02450922318 0.7731540203
vt 0.02327099442 0.7731540203
vt 0.02195567638 0.7731540203
vt 0.02068266086 0.7731540203
vt 0.01943018101 0.7731540203
vt 0.01819195226 0.7731540203
vt 0.01695372537 0.7731540203
vt 0.01571549475 0.7731540203
vt 0.01447726786 0.7731540203
vt 0.01323904004 0.7731540203
vt 0.05205154419 0.7809781432
vt 0.05336685851 0.7809781432
vt 0.05077852681 0.7809781432
vt 0.04952604696 0.7809781432
vt 0.04828781635 0.7809781432
vt 0.04704958946 0.7809781432
vt 0.04581136256 0.7809781432
vt 0.04457313195 0.7809781432
vt 0.04333490506 0.7809781432
vt 0.04201958701 0.7809781432
vt 0.04074656963 0.7809781432
vt 0.03949408978 0.7809781432
vt 0.03825586289 0.7809781432
vt 0.037017636 0.7809781432
vt 0.03577940539 0.7809781432
vt 0.03454117849 0.7809781432
vt 0.0333029516 0.7809781432
vt 0.03198763356 0.7809781432
vt 0.03071461618 0.7809781432
vt 0.02946213633 0.7809781432
vt 0.02822390758 0.7809781432
vt 0.02698568068 0.7809781432
vt 0.02574745007 0.7809781432
vt 0.02450922318 0.7809781432
vt 0.02327099442 0.7809781432
vt 0.02195567638 0.7809781432
vt 0.02068266086 0.7809781432
vt 0.01943018101 0.7809781432
vt 0.01819195226 0.7809781432
vt 0.01695372537 0.7809781432
vt 0.01571549475 0.7809781432
vt 0.01447726786 0.7809781432
vt 0.01323904004 0.7809781432
vt 0.05205154419 0.7888891101
vt 0.05336685851 0.7888891101
vt 0.05077852681 0.7888891101
vt 0.04952604696 0.7888891101
vt 0.04828781635 0.7888891101
vt 0.04704958946 0.7888891101
vt 0.04581136256 0.7888891101
vt 0.04457313195 0.7888891101
vt 0.04333490506 0.7888891101
vt 0.04201958701 0.7888891101
vt 0.04074656963 0.7888891101
vt 0.03949408978 0.7888891101
vt 0.03825586289 0.7888891101
vt 0.037017636 0.7888891101
vt 0.03577940539 0.7888891101
vt 0.03454117849 0.7888891101
vt 0.0333029516 0.7888891101
vt 0.03198763356 0.7888891101
vt 0.03071461618 0.7888891101
vt 0.02946213633 0.7888891101
vt 0.02822390758 0.7888891101
vt 0.02698568068 0.7888891101
vt 0.02574745007 0.7888891101
vt 0.02450922318 0.7888891101
vt 0.02327099442 0.7888891101
vt 0.02195567638 0.7888891101
vt 0.02068266086 0.7888891101
vt 0.01943018101 0.7888891101
vt 0.01819195226 0.7888891101
vt 0.01695372537 0.7888891101
vt 0.01571549475 0.7888891101
vt 0.01447726786 0.7888891101
vt 0.01323904004 0.7888891101
vt 0.05205154419 0.7965915203
vt 0.05336685851 0.7965915203
vt 0.05077852681 0.7965915203
vt 0.04952604696 0.7965915203
vt 0.04828781635 0.7965915203
vt 0.04704958946 0.7965915203
vt 0.04581136256 0.7965915203
vt 0.04457313195 0.7965915203
vt 0.04333490506 0.7965915203
vt 0.04201958701 0.7965915203
vt 0.04074656963 0.7965915203
vt 0.03949408978 0.7965915203
vt 0.03825586289 0.7965915203
vt 0.037017636 0.7965915203
vt 0.03577940539 0.7965915203
vt 0.03454117849 0.7965915203
vt 0.0333029516 0.7965915203
vt 0.03198763356 0.7965915203
vt 0.03071461618 0.7965915203
vt 0.02946213633 0.7965915203
vt 0.02822390758 0.7965915203
vt 0.02698568068 0.7965915203
vt 0.02574745007 0.7965915203
vt 0.02450922318 0.7965915203
vt 0.02327099442 0.7965915203
vt 0.02195567638 0.7965915203
vt 0.02068266086 0.7965915203
vt 0.01943018101 0.7965915203
vt 0.01819195226 0.7965915203
vt 0.01695372537 0.7965915203
vt 0.01571549475 0.7965915203
vt 0.01447726786 0.7965915203
vt 0.01323904004 0.7965915203
vt 0.05205154419 0.8042722344
vt 0.05336685851 0.8042722344
vt 0.05077852681 0.8042722344
vt 0.04952604696 0.8042722344
vt 0.04828781635 0.8042722344
vt 0.04704958946 0.8042722344
vt 0.04581136256 0.8042722344
vt 0.04457313195 0.8042722344
vt 0.04333490506 0.8042722344
vt 0.04201958701 0.8042722344
vt 0.04074656963 0.8042722344
vt 0.03949408978 0.8042722344
vt 0.03825586289 0.8042722344
vt 0.037017636 0.8042722344
vt 0.03577940539 0.8042722344
vt 0.03454117849 0.8042722344
vt 0.0333029516 0.8042722344
vt 0.03198763356 0.8042722344
vt 0.03071461618 0.8042722344
vt 0.02946213633 0.8042722344
vt 0.02822390758 0.8042722344
vt 0.02698568068 0.8042722344
vt 0.02574745007 0.8042722344
vt 0.02450922318 0.8042722344
vt 0.02327099442 0.8042722344
vt 0.02195567638 0.8042722344
vt 0.02068266086 0.8042722344
vt 0.01943018101 0.8042722344
vt 0.01819195226 0.8042722344
vt 0.01695372537 0.8042722344
vt 0.01571549475 0.8042722344
vt 0.01447726786 0.8042722344
vt 0.01323904004 0.8042722344
vt 0.05205154419 0.8119534254
vt 0.05336685851 0.8119534254
vt 0.05077852681 0.8119534254
vt 0.04952604696 0.8119534254
vt 0.04828781635 0.8119534254
vt 0.04704958946 0.8119534254
vt 0.04581136256 0.8119534254
vt 0.04457313195 0.8119534254
vt 0.04333490506 0.8119534254
vt 0.04201958701 0.8119534254
vt 0.04074656963 0.8119534254
vt 0.03949408978 0.8119534254
vt 0.03825586289 0.8119534254
vt 0.037017636 0.8119534254
vt 0.03577940539 0.8119534254
vt 0.03454117849 0.8119534254
vt 0.0333029516 0.8119534254
vt 0.03198763356 0.8119534254
vt 0.03071461618 0.8119534254
vt 0.02946213633 0.8119534254
vt 0.02822390758 0.8119534254
vt 0.02698568068 0.8119534254
vt 0.02574745007 0.8119534254
vt 0.02450922318 0.8119534254
vt 0.02327099442 0.8119534254
vt 0.02195567638 0.8119534254
vt 0.02068266086 0.8119534254
vt 0.01943018101 0.8119534254
vt 0.01819195226 0.8119534254
vt 0.01695372537 0.8119534254
vt 0.01571549475 0.8119534254
vt 0.01447726786 0.8119534254
vt 0.01323904004 0.8119534254
vt 0.05205154419 0.8199306726
vt 0.05336685851 0.8199306726
vt 0.05077852681 0.8199306726
vt 0.04952604696 0.8199306726
vt 0.04828781635 0.8199306726
vt 0.04704958946 0.8199306726
vt 0.04581136256 0.8199306726
vt 0.04457313195 0.8199306726
vt 0.04333490506 0.8199306726
vt 0.04201958701 0.8199306726
vt 0.04074656963 0.8199306726
vt 0.03949408978 0.8199306726
vt 0.03825586289 0.8199306726
vt 0.037017636 0.8199306726
vt 0.03577940539 0.8199306726
vt 0.03454117849 0.8199306726
vt 0.0333029516 0.8199306726
vt 0.03198763356 0.8199306726
vt 0.03071461618 0.8199306726
vt 0.02946213633 0.8199306726
vt 0.02822390758 0.8199306726
vt 0.02698568068 0.8199306726
vt 0.02574745007 0.8199306726
vt 0.02450922318 0.8199306726
vt 0.02327099442 0.8199306726
vt 0.02195567638 0.8199306726
vt 0.02068266086 0.8199306726
vt 0.01943018101 0.8199306726
vt 0.01819195226 0.8199306726
vt 0.01695372537 0.8199306726
vt 0.01571549475 0.8199306726
vt 0.01447726786 0.8199306726
vt 0.01323904004 0.8199306726
vt 0.05205154419 0.8277330399
vt 0.05336685851 0.8277330399
vt 0.05077852681 0.8277330399
vt 0.04952604696 0.8277330399
vt 0.04828781635 0.8277330399
vt 0.04704958946 0.8277330399
vt 0.04581136256 0.8277330399
vt 0.04457313195 0.8277330399
vt 0.04333490506 0.8277330399
vt 0.04201958701 0.8277330399
vt 0.04074656963 0.8277330399
vt 0.03949408978 0.8277330399
vt 0.03825586289 0.8277330399
vt 0.037017636 0.8277330399
vt 0.03577940539 0.8277330399
vt 0.03454117849 0.8277330399
vt 0.0333029516 0.8277330399
vt 0.03198763356 0.8277330399
vt 0.03071461618 0.8277330399
vt 0.02946213633 0.8277330399
vt 0.02822390758 0.8277330399
vt 0.02698568068 0.8277330399
vt 0.02574745007 0.8277330399
vt 0.02450922318 0.8277330399
vt 0.02327099442 0.8277330399
vt 0.02195567638 0.8277330399
vt 0.02068266086 0.8277330399
vt 0.01943018101 0.8277330399
vt 0.01819195226 0.8277330399
vt 0.01695372537 0.8277330399
vt 0.01571549475 0.8277330399
vt 0.01447726786 0.8277330399
vt 0.01323904004 0.8277330399
vt 0.05205154419 0.835588932
vt 0.05336685851 0.835588932
vt 0.05077852681 0.835588932
vt 0.04952604696 0.835588932
vt 0.04828781635 0.835588932
vt 0.04704958946 0.835588932
vt 0.04581136256 0.835588932
vt 0.04457313195 0.835588932
vt 0.04333490506 0.835588932
vt 0.04201958701 0.835588932
vt 0.04074656963 0.835588932
vt 0.03949408978 0.835588932
vt 0.03825586289 0.835588932
vt 0.037017636 0.835588932
vt 0.03577940539 0.835588932
vt 0.03454117849 0.835588932
vt 0.0333029516 0.835588932
vt 0.03198763356 0.835588932
vt 0.03071461618 0.835588932
vt 0.02946213633 0.835588932
vt 0.02822390758 0.835588932
vt 0.02698568068 0.835588932
vt 0.02574745007 0.835588932
vt 0.02450922318 0.835588932
vt 0.02327099442 0.835588932
vt 0.02195567638 0.835588932
vt 0.02068266086 0.835588932
vt 0.01943018101 0.835588932
vt 0.01819195226 0.835588932
vt 0.01695372537 0.835588932
vt 0.01571549475 0.835588932
vt 0.01447726786 0.835588932
vt 0.01323904004 0.835588932
vt 0.05205154419 0.8434778452
vt 0.05336685851 0.8434778452
vt 0.05077852681 0.8434778452
vt 0.04952604696 0.8434778452
vt 0.04828781635 0.8434778452
vt 0.04704958946 0.8434778452
vt 0.04581136256 0.8434778452
vt 0.04457313195 0.8434778452
vt 0.04333490506 0.8434778452
vt 0.04201958701 0.8434778452
vt 0.04074656963 0.8434778452
vt 0.03949408978 0.8434778452
vt 0.03825586289 0.8434778452
vt 0.037017636 0.8434778452
vt 0.03577940539 0.8434778452
vt 0.03454117849 0.8434778452
vt 0.0333029516 0.8434778452
vt 0.03198763356 0.8434778452
vt 0.03071461618 0.8434778452
vt 0.02946213633 0.8434778452
vt 0.02822390758 0.8434778452
vt 0.02698568068 0.8434778452
vt 0.02574745007 0.8434778452
vt 0.02450922318 0.8434778452
vt 0.02327099442 0.8434778452
vt 0.02195567638 0.8434778452
vt 0.02068266086 0.8434778452
vt 0.01943018101 0.8434778452
vt 0.01819195226 0.8434778452
vt 0.01695372537 0.8434778452
vt 0.01571549475 0.8434778452
vt 0.01447726786 0.8434778452
vt 0.01323904004 0.8434778452
vt 0.05205154419 0.8513177037
vt 0.05336685851 0.8513177037
vt 0.05077852681 0.8513177037
vt 0.04952604696 0.8513177037
vt 0.04828781635 0.8513177037
vt 0.04704958946 0.8513177037
vt 0.04581136256 0.8513177037
vt 0.04457313195 0.8513177037
vt 0.04333490506 0.8513177037
vt 0.04201958701 0.8513177037
vt 0.04074656963 0.8513177037
vt 0.03949408978 0.8513177037
vt 0.03825586289 0.8513177037
vt 0.037017636 0.8513177037
vt 0.03577940539 0.8513177037
vt 0.03454117849 0.8513177037
vt 0.0333029516 0.8513177037
vt 0.03198763356 0.8513177037
vt 0.03071461618 0.8513177037
vt 0.02946213633 0.8513177037
vt 0.02822390758 0.8513177037
vt 0.02698568068 0.8513177037
vt 0.02574745007 0.8513177037
vt 0.02450922318 0.8513177037
vt 0.02327099442 0.8513177037
vt 0.02195567638 0.8513177037
vt 0.02068266086 0.8513177037
vt 0.01943018101 0.8513177037
vt 0.01819195226 0.8513177037
vt 0.01695372537 0.8513177037
vt 0.01571549475 0.8513177037
vt 0.01447726786 0.8513177037
vt 0.01323904004 0.8513177037
vt 0.05205154419 0.8590690494
vt 0.05336685851 0.8590690494
vt 0.05077852681 0.8590690494
vt 0.04952604696 0.8590690494
vt 0.04828781635 0.8590690494
vt 0.04704958946 0.8590690494
vt 0.04581136256 0.8590690494
vt 0.04457313195 0.8590690494
vt 0.04333490506 0.8590690494
vt 0.04201958701 0.8590690494
vt 0.04074656963 0.8590690494
vt 0.03949408978 0.8590690494
vt 0.03825586289 0.8590690494
vt 0.037017636 0.8590690494
vt 0.03577940539 0.8590690494
vt 0.03454117849 0.8590690494
vt 0.0333029516 0.8590690494
vt 0.03198763356 0.8590690494
vt 0.03071461618 0.8590690494
vt 0.02946213633 0.8590690494
vt 0.02822390758 0.8590690494
vt 0.02698568068 0.8590690494
vt 0.02574745007 0.8590690494
vt 0.02450922318 0.8590690494
vt 0.02327099442 0.8590690494
vt 0.02195567638 0.8590690494
vt 0.02068266086 0.8590690494
vt 0.01943018101 0.8590690494
vt 0.01819195226 0.8590690494
vt 0.01695372537 0.8590690494
vt 0.01571549475 0.8590690494
vt 0.01447726786 0.8590690494
vt 0.01323904004 0.8590690494
vt 0.05205154419 0.8669554591
vt 0.05336685851 0.8669554591
vt 0.05077852681 0.8669554591
vt 0.04952604696 0.8669554591
vt 0.04828781635 0.8669554591
vt 0.04704958946 0.8669554591
vt 0.04581136256 0.8669554591
vt 0.04457313195 0.8669554591
vt 0.04333490506 0.8669554591
vt 0.04201958701 0.8669554591
vt 0.04074656963 0.8669554591
vt 0.03949408978 0.8669554591
vt 0.03825586289 0.8669554591
vt 0.037017636 0.8669554591
vt 0.03577940539 0.8669554591
vt 0.03454117849 0.8669554591
vt 0.0333029516 0.8669554591
vt 0.03198763356 0.8669554591
vt 0.03071461618 0.8669554591
vt 0.02946213633 0.8669554591
vt 0.02822390758 0.8669554591
vt 0.02698568068 0.8669554591
vt 0.02574745007 0.8669554591
vt 0.02450922318 0.8669554591
vt 0.02327099442 0.8669554591
vt 0.02195567638 0.8669554591
vt 0.02068266086 0.8669554591
vt 0.01943018101 0.8669554591
vt 0.01819195226 0.8669554591
vt 0.01695372537 0.8669554591
vt 0.01571549475 0.8669554591
vt 0.01447726786 0.8669554591
vt 0.01323904004 0.8669554591
vt 0.05205154419 0.8740780354
vt 0.05336685851 0.8740780354
vt 0.05077852681 0.8740780354
vt 0.04952604696 0.8740780354
vt 0.04828781635 0.8740780354
vt 0.04704958946 0.8740780354
vt 0.04581136256 0.8740780354
vt 0.04457313195 0.8740780354
vt 0.04333490506 0.8740780354
vt 0.04201958701 0.8740780354
vt 0.04074656963 0.8740780354
vt 0.03949408978 0.8740780354
vt 0.03825586289 0.8740780354
vt 0.037017636 0.8740780354
vt 0.03577940539 0.8740780354
vt 0.03454117849 0.8740780354
vt 0.0333029516 0.8740780354
vt 0.03198763356 0.8740780354
vt 0.03071461618 0.8740780354
vt 0.02946213633 0.8740780354
vt 0.02822390758 0.8740780354
vt 0.02698568068 0.8740780354
vt 0.02574745007 0.8740780354
vt 0.02450922318 0.8740780354
vt 0.02327099442 0.8740780354
vt 0.02195567638 0.8740780354
vt 0.02068266086 0.8740780354
vt 0.01943018101 0.8740780354
vt 0.01819195226 0.8740780354
vt 0.01695372537 0.8740780354
vt 0.01571549475 0.8740780354
vt 0.01447726786 0.8740780354
vt 0.01323904004 0.8740780354
vt 0.05205154419 0.8818802834
vt 0.05336685851 0.8818802834
vt 0.05077852681 0.8818802834
vt 0.04952604696 0.8818802834
vt 0.04828781635 0.8818802834
vt 0.04704958946 0.8818802834
vt 0.04581136256 0.8818802834
vt 0.04457313195 0.8818802834
vt 0.04333490506 0.8818802834
vt 0.04201958701 0.8818802834
vt 0.04074656963 0.8818802834
vt 0.03949408978 0.8818802834
vt 0.03825586289 0.8818802834
vt 0.037017636 0.8818802834
vt 0.03577940539 0.8818802834
vt 0.03454117849 0.8818802834
vt 0.0333029516 0.8818802834
vt 0.03198763356 0.8818802834
vt 0.03071461618 0.8818802834
vt 0.02946213633 0.8818802834
vt 0.02822390758 0.8818802834
vt 0.02698568068 0.8818802834
vt 0.02574745007 0.8818802834
vt 0.02450922318 0.8818802834
vt 0.02327099442 0.8818802834
vt 0.02195567638 0.8818802834
vt 0.02068266086 0.8818802834
vt 0.01943018101 0.8818802834
vt 0.01819195226 0.8818802834
vt 0.01695372537 0.8818802834
vt 0.01571549475 0.8818802834
vt 0.01447726786 0.8818802834
vt 0.01323904004 0.8818802834
vt 0.05205154419 0.8895765543
vt 0.05336685851 0.8895765543
vt 0.05077852681 0.8895765543
vt 0.04952604696 0.8895765543
vt 0.04828781635 0.8895765543
vt 0.04704958946 0.8895765543
vt 0.04581136256 0.8895765543
vt 0.04457313195 0.8895765543
vt 0.04333490506 0.8895765543
vt 0.04201958701 0.8895765543
vt 0.04074656963 0.8895765543
vt 0.03949408978 0.8895765543
vt 0.03825586289 0.8895765543
vt 0.037017636 0.8895765543
vt 0.03577940539 0.8895765543
vt 0.03454117849 0.8895765543
vt 0.0333029516 0.8895765543
vt 0.03198763356 0.8895765543
vt 0.03071461618 0.8895765543
vt 0.02946213633 0.8895765543
vt 0.02822390758 0.8895765543
vt 0.02698568068 0.8895765543
vt 0.02574745007 0.8895765543
vt 0.02450922318 0.8895765543
vt 0.02327099442 0.8895765543
vt 0.02195567638 0.8895765543
vt 0.02068266086 0.8895765543
vt 0.01943018101 0.8895765543
vt 0.01819195226 0.8895765543
vt 0.01695372537 0.8895765543
vt 0.01571549475 0.8895765543
vt 0.01447726786 0.8895765543
vt 0.01323904004 0.8895765543
vt 0.05205154419 0.896998167
vt 0.05336685851 0.896998167
vt 0.05077852681 0.896998167
vt 0.04952604696 0.896998167
vt 0.04828781635 0.896998167
vt 0.04704958946 0.896998167
vt 0.04581136256 0.896998167
vt 0.04457313195 0.896998167
vt 0.04333490506 0.896998167
vt 0.04201958701 0.896998167
vt 0.04074656963 0.896998167
vt 0.03949408978 0.896998167
vt 0.03825586289 0.896998167
vt 0.037017636 0.896998167
vt 0.03577940539 0.896998167
vt 0.03454117849 0.896998167
vt 0.0333029516 0.896998167
vt 0.03198763356 0.896998167
vt 0.03071461618 0.896998167
vt 0.02946213633 0.896998167
vt 0.02822390758 0.896998167
vt 0.02698568068 0.896998167
vt 0.02574745007 0.896998167
vt 0.02450922318 0.896998167
vt 0.02327099442 0.896998167
vt 0.02195567638 0.896998167
vt 0.02068266086 0.896998167
vt 0.01943018101 0.896998167
vt 0.01819195226 0.896998167
vt 0.01695372537 0.896998167
vt 0.01571549475 0.896998167
vt 0.01447726786 0.896998167
vt 0.01323904004 0.896998167
vt 0.05205154419 0.9050349593
vt 0.05336685851 0.9050349593
vt 0.05077852681 0.9050349593
vt 0.04952604696 0.9050349593
vt 0.04828781635 0.9050349593
vt 0.04704958946 0.9050349593
vt 0.04581136256 0.9050349593
vt 0.04457313195 0.9050349593
vt 0.04333490506 0.9050349593
vt 0.04201958701 0.9050349593
vt 0.04074656963 0.9050349593
vt 0.03949408978 0.9050349593
vt 0.03825586289 0.9050349593
vt 0.037017636 0.9050349593
vt 0.03577940539 0.9050349593
vt 0.03454117849 0.9050349593
vt 0.0333029516 0.9050349593
vt 0.03198763356 0.9050349593
vt 0.03071461618 0.9050349593
vt 0.02946213633 0.9050349593
vt 0.02822390758 0.9050349593
vt 0.02698568068 0.9050349593
vt 0.02574745007 0.9050349593
vt 0.02450922318 0.9050349593
vt 0.02327099442 0.9050349593
vt 0.02195567638 0.9050349593
vt 0.02068266086 0.9050349593
vt 0.01943018101 0.9050349593
vt 0.01819195226 0.9050349593
vt 0.01695372537 0.9050349593
vt 0.01571549475 0.9050349593
vt 0.01447726786 0.9050349593
vt 0.01323904004 0.9050349593
vt 0.05205154419 0.9127421379
vt 0.05336685851 0.9127421379
vt 0.05077852681 0.9127421379
vt 0.04952604696 0.9127421379
vt 0.04828781635 0.9127421379
vt 0.04704958946 0.9127421379
vt 0.04581136256 0.9127421379
vt 0.04457313195 0.9127421379
vt 0.04333490506 0.9127421379
vt 0.04201958701 0.9127421379
vt 0.04074656963 0.9127421379
vt 0.03949408978 0.9127421379
vt 0.03825586289 0.9127421379
vt 0.037017636 0.9127421379
vt 0.03577940539 0.9127421379
vt 0.03454117849 0.9127421379
vt 0.0333029516 0.9127421379
vt 0.03198763356 0.9127421379
vt 0.03071461618 0.9127421379
vt 0.02946213633 0.9127421379
vt 0.02822390758 0.9127421379
vt 0.02698568068 0.9127421379
vt 0.02574745007 0.9127421379
vt 0.02450922318 0.9127421379
vt 0.02327099442 0.9127421379
vt 0.02195567638 0.9127421379
vt 0.02068266086 0.9127421379
vt 0.01943018101 0.9127421379
vt 0.01819195226 0.9127421379
vt 0.01695372537 0.9127421379
vt 0.01571549475 0.9127421379
vt 0.01447726786 0.9127421379
vt 0.01323904004 0.9127421379
vt 0.05205154419 0.9204401374
vt 0.05336685851 0.9204401374
vt 0.05077852681 0.9204401374
vt 0.04952604696 0.9204401374
vt 0.04828781635 0.9204401374
vt 0.04704958946 0.9204401374
vt 0.04581136256 0.9204401374
vt 0.04457313195 0.9204401374
vt 0.04333490506 0.9204401374
vt 0.04201958701 0.9204401374
vt 0.04074656963 0.9204401374
vt 0.03949408978 0.9204401374
vt 0.03825586289 0.9204401374
vt 0.037017636 0.9204401374
vt 0.03577940539 0.9204401374
vt 0.03454117849 0.9204401374
vt 0.0333029516 0.9204401374
vt 0.03198763356 0.9204401374
vt 0.03071461618 0.9204401374
vt 0.02946213633 0.9204401374
vt 0.02822390758 0.9204401374
vt 0.02698568068 0.9204401374
vt 0.02574745007 0.9204401374
vt 0.02450922318 0.9204401374
vt 0.02327099442 0.9204401374
vt 0.02195567638 0.9204401374
vt 0.02068266086 0.9204401374
vt 0.01943018101 0.9204401374
vt 0.01819195226 0.9204401374
vt 0.01695372537 0.9204401374
vt 0.01571549475 0.9204401374
vt 0.01447726786 0.9204401374
vt 0.01323904004 0.9204401374
vt 0.05205154419 0.9281364679
vt 0.05336685851 0.9281364679
vt 0.05077852681 0.9281364679
vt 0.04952604696 0.9281364679
vt 0.04828781635 0.9281364679
vt 0.04704958946 0.9281364679
vt 0.04581136256 0.9281364679
vt 0.04457313195 0.9281364679
vt 0.04333490506 0.9281364679
vt 0.04201958701 0.9281364679
vt 0.04074656963 0.9281364679
vt 0.03949408978 0.9281364679
vt 0.03825586289 0.9281364679
vt 0.037017636 0.9281364679
vt 0.03577940539 0.9281364679
vt 0.03454117849 0.9281364679
vt 0.0333029516 0.9281364679
vt 0.03198763356 0.9281364679
vt 0.03071461618 0.9281364679
vt 0.02946213633 0.9281364679
vt 0.02822390758 0.9281364679
vt 0.02698568068 0.9281364679
vt 0.02574745007 0.9281364679
vt 0.02450922318 0.9281364679
vt 0.02327099442 0.9281364679
vt 0.02195567638 0.9281364679
vt 0.02068266086 0.9281364679
vt 0.01943018101 0.9281364679
vt 0.01819195226 0.9281364679
vt 0.01695372537 0.9281364679
vt 0.01571549475 0.9281364679
vt 0.01447726786 0.9281364679
vt 0.01323904004 0.9281364679
vt 0.05205154419 0.9358713627
vt 0.05336685851 0.9358713627
vt 0.05077852681 0.9358713627
vt 0.04952604696 0.9358713627
vt 0.04828781635 0.9358713627
vt 0.04704958946 0.9358713627
vt 0.04581136256 0.9358713627
vt 0.04457313195 0.9358713627
vt 0.04333490506 0.9358713627
vt 0.04201958701 0.9358713627
vt 0.04074656963 0.9358713627
vt 0.03949408978 0.9358713627
vt 0.03825586289 0.9358713627
vt 0.037017636 0.9358713627
vt 0.03577940539 0.9358713627
vt 0.03454117849 0.9358713627
vt 0.0333029516 0.9358713627
vt 0.03198763356 0.9358713627
vt 0.03071461618 0.9358713627
vt 0.02946213633 0.9358713627
vt 0.02822390758 0.9358713627
vt 0.02698568068 0.9358713627
vt 0.02574745007 0.9358713627
vt 0.02450922318 0.9358713627
vt 0.02327099442 0.9358713627
vt 0.02195567638 0.9358713627
vt 0.02068266086 0.9358713627
vt 0.01943018101 0.9358713627
vt 0.01819195226 0.9358713627
vt 0.01695372537 0.9358713627
vt 0.01571549475 0.9358713627
vt 0.01447726786 0.9358713627
vt 0.01323904004 0.9358713627
vt 0.05205154419 0.9436926842
vt 0.05336685851 0.9436926842
vt 0.05077852681 0.9436926842
vt 0.04952604696 0.9436926842
vt 0.04828781635 0.9436926842
vt 0.04704958946 0.9436926842
vt 0.04581136256 0.9436926842
vt 0.04457313195 0.9436926842
vt 0.04333490506 0.9436926842
vt 0.04201958701 0.9436926842
vt 0.04074656963 0.9436926842
vt 0.03949408978 0.9436926842
vt 0.03825586289 0.9436926842
vt 0.037017636 0.9436926842
vt 0.03577940539 0.9436926842
vt 0.03454117849 0.9436926842
vt 0.0333029516 0.9436926842
vt 0.03198763356 0.9436926842
vt 0.03071461618 0.9436926842
vt 0.02946213633 0.9436926842
vt 0.02822390758 0.9436926842
vt 0.02698568068 0.9436926842
vt 0.02574745007 0.9436926842
vt 0.02450922318 0.9436926842
vt 0.02327099442 0.9436926842
vt 0.02195567638 0.9436926842
vt 0.02068266086 0.9436926842
vt 0.01943018101 0.9436926842
vt 0.01819195226 0.9436926842
vt 0.01695372537 0.9436926842
vt 0.01571549475 0.9436926842
vt 0.01447726786 0.9436926842
vt 0.01323904004 0.9436926842
vt 0.05205154419 0.9515441656
vt 0.05336685851 0.9515441656
vt 0.05077852681 0.9515441656
vt 0.04952604696 0.9515441656
vt 0.04828781635 0.9515441656
vt 0.04704958946 0.9515441656
vt 0.04581136256 0.9515441656
vt 0.04457313195 0.9515441656
vt 0.04333490506 0.9515441656
vt 0.04201958701 0.9515441656
vt 0.04074656963 0.9515441656
vt 0.03949408978 0.9515441656
vt 0.03825586289 0.9515441656
vt 0.037017636 0.9515441656
vt 0.03577940539 0.9515441656
vt 0.03454117849 0.9515441656
vt 0.0333029516 0.9515441656
vt 0.03198763356 0.9515441656
vt 0.03071461618 0.9515441656
vt 0.02946213633 0.9515441656
vt 0.02822390758 0.9515441656
vt 0.02698568068 0.9515441656
vt 0.02574745007 0.9515441656
vt 0.02450922318 0.9515441656
vt 0.02327099442 0.9515441656
vt 0.02195567638 0.9515441656
vt 0.02068266086 0.9515441656
vt 0.01943018101 0.9515441656
vt 0.01819195226 0.9515441656
vt 0.01695372537 0.9515441656
vt 0.01571549475 0.9515441656
vt 0.01447726786 0.9515441656
vt 0.01323904004 0.9515441656
vt 0.05205154419 0.9593994021
vt 0.05336685851 0.9593994021
vt 0.05077852681 0.9593994021
vt 0.04952604696 0.9593994021
vt 0.04828781635 0.9593994021
vt 0.04704958946 0.9593994021
vt 0.04581136256 0.9593994021
vt 0.04457313195 0.9593994021
vt 0.04333490506 0.9593994021
vt 0.04201958701 0.9593994021
vt 0.04074656963 0.9593994021
vt 0.03949408978 0.9593994021
vt 0.03825586289 0.9593994021
vt 0.037017636 0.9593994021
vt 0.03577940539 0.9593994021
vt 0.03454117849 0.9593994021
vt 0.0333029516 0.9593994021
vt 0.03198763356 0.9593994021
vt 0.03071461618 0.9593994021
vt 0.02946213633 0.9593994021
vt 0.02822390758 0.9593994021
vt 0.02698568068 0.9593994021
vt 0.02574745007 0.9593994021
vt 0.02450922318 0.9593994021
vt 0.02327099442 0.9593994021
vt 0.02195567638 0.9593994021
vt 0.02068266086 0.9593994021
vt 0.01943018101 0.9593994021
vt 0.01819195226 0.9593994021
vt 0.01695372537 0.9593994021
vt 0.01571549475 0.9593994021
vt 0.01447726786 0.9593994021
vt 0.01323904004 0.9593994021
vt 0.05205154419 0.9672494531
vt 0.05336685851 0.9672494531
vt 0.05077852681 0.9672494531
vt 0.04952604696 0.9672494531
vt 0.04828781635 0.9672494531
vt 0.04704958946 0.9672494531
vt 0.04581136256 0.9672494531
vt 0.04457313195 0.9672494531
vt 0.04333490506 0.9672494531
vt 0.04201958701 0.9672494531
vt 0.04074656963 0.9672494531
vt 0.03949408978 0.9672494531
vt 0.03825586289 0.9672494531
vt 0.037017636 0.9672494531
vt 0.03577940539 0.9672494531
vt 0.03454117849 0.9672494531
vt 0.0333029516 0.9672494531
vt 0.03198763356 0.9672494531
vt 0.03071461618 0.9672494531
vt 0.02946213633 0.9672494531
vt 0.02822390758 0.9672494531
vt 0.02698568068 0.9672494531
vt 0.02574745007 0.9672494531
vt 0.02450922318 0.9672494531
vt 0.02327099442 0.9672494531
vt 0.02195567638 0.9672494531
vt 0.02068266086 0.9672494531
vt 0.01943018101 0.9672494531
vt 0.01819195226 0.9672494531
vt 0.01695372537 0.9672494531
vt 0.01571549475 0.9672494531
vt 0.01447726786 0.9672494531
vt 0.01323904004 0.9672494531
vt 0.05205154419 0.9750843048
vt 0.05336685851 0.9750843048
vt 0.05077852681 0.9750843048
vt 0.04952604696 0.9750843048
vt 0.04828781635 0.9750843048
vt 0.04704958946 0.9750843048
vt 0.04581136256 0.9750843048
vt 0.04457313195 0.9750843048
vt 0.04333490506 0.9750843048
vt 0.04201958701 0.9750843048
vt 0.04074656963 0.9750843048
vt 0.03949408978 0.9750843048
vt 0.03825586289 0.9750843048
vt 0.037017636 0.9750843048
vt 0.03577940539 0.9750843048
vt 0.03454117849 0.9750843048
vt 0.0333029516 0.9750843048
vt 0.03198763356 0.9750843048
vt 0.03071461618 0.9750843048
vt 0.02946213633 0.9750843048
vt 0.02822390758 0.9750843048
vt 0.02698568068 0.9750843048
vt 0.02574745007 0.9750843048
vt 0.02450922318 0.9750843048
vt 0.02327099442 0.9750843048
vt 0.02195567638 0.9750843048
vt 0.02068266086 0.9750843048
vt 0.01943018101 0.9750843048
vt 0.01819195226 0.9750843048
vt 0.01695372537 0.9750843048
vt 0.01571549475 0.9750843048
vt 0.01447726786 0.9750843048
vt 0.01323904004 0.9750843048
vt 0.02946213633 0.5888766646
vt 0.03456374258 0.5885986686
vt 0.05219091475 0.5880826116
vt 0.0359665975 0.5888766646
vt 0.05336685851 0.5888766646
vt 0.05336685851 0.5878532529
vt 0.003264244879 0.003264244879
# mm_gid 0
g mmGroup0
usemtl diffuse_0_0_0_255
f 1803/7/1803 1737/8/1737 1704/9/1704 
f 1703/10/1703 1736/11/1736 1803/7/1803 
f 1704/9/1704 1703/10/1703 1803/7/1803 
f 1818/12/1818 1738/13/1738 1705/14/1705 
f 1704/9/1704 1737/8/1737 1818/12/1818 
f 1705/14/1705 1704/9/1704 1818/12/1818 
f 1825/15/1825 1739/16/1739 1706/17/1706 
f 1705/14/1705 1738/13/1738 1825/15/1825 
f 1706/17/1706 1705/14/1705 1825/15/1825 
f 1832/18/1832 1740/19/1740 1707/20/1707 
f 1706/17/1706 1739/16/1739 1832/18/1832 
f 1707/20/1707 1706/17/1706 1832/18/1832 
f 1835/21/1835 1741/22/1741 1708/23/1708 
f 1707/20/1707 1740/19/1740 1835/21/1835 
f 1708/23/1708 1707/20/1707 1835/21/1835 
f 1842/24/1842 1742/25/1742 1709/26/1709 
f 1708/23/1708 1741/22/1741 1842/24/1842 
f 1709/26/1709 1708/23/1708 1842/24/1842 
f 1849/27/1849 1743/28/1743 1710/29/1710 
f 1709/26/1709 1742/25/1742 1849/27/1849 
f 1710/29/1710 1709/26/1709 1849/27/1849 
f 1856/30/1856 1744/31/1744 1711/32/1711 
f 1710/29/1710 1743/28/1743 1856/30/1856 
f 1711/32/1711 1710/29/1710 1856/30/1856 
f 1866/33/1866 1745/34/1745 1712/35/1712 
f 1711/32/1711 1744/31/1744 1866/33/1866 
f 1712/35/1712 1711/32/1711 1866/33/1866 
f 1873/36/1873 1746/37/1746 1713/38/1713 
f 1712/35/1712 1745/34/1745 1873/36/1873 
f 1713/38/1713 1712/35/1712 1873/36/1873 
f 1880/39/1880 1747/40/1747 1714/41/1714 
f 1713/38/1713 1746/37/1746 1880/39/1880 
f 1714/41/1714 1713/38/1713 1880/39/1880 
f 1887/42/1887 1748/43/1748 1715/44/1715 
f 1714/41/1714 1747/40/1747 1887/42/1887 
f 1715/44/1715 1714/41/1714 1887/42/1887 
f 1890/45/1890 1749/46/1749 1716/47/1716 
f 1715/44/1715 1748/43/1748 1890/45/1890 
f 1716/47/1716 1715/44/1715 1890/45/1890 
f 1897/48/1897 1750/49/1750 1717/50/1717 
f 1716/47/1716 1749/46/1749 1897/48/1897 
f 1717/50/1717 1716/47/1716 1897/48/1897 
f 1904/51/1904 1751/52/1751 1718/53/1718 
f 1717/50/1717 1750/49/1750 1904/51/1904 
f 1718/53/1718 1717/50/1717 1904/51/1904 
f 1911/54/1911 1752/55/1752 1719/56/1719 
f 1718/53/1718 1751/52/1751 1911/54/1911 
f 1719/56/1719 1718/53/1718 1911/54/1911 
f 1921/57/1921 1753/58/1753 1720/59/1720 
f 1719/56/1719 1752/55/1752 1921/57/1921 
f 1720/59/1720 1719/56/1719 1921/57/1921 
f 1928/60/1928 1754/61/1754 1721/62/1721 
f 1720/59/1720 1753/58/1753 1928/60/1928 
f 1721/62/1721 1720/59/1720 1928/60/1928 
f 1935/63/1935 1755/64/1755 1722/65/1722 
f 1721/62/1721 1754/61/1754 1935/63/1935 
f 1722/65/1722 1721/62/1721 1935/63/1935 
f 1942/66/1942 1756/67/1756 1723/68/1723 
f 1722/65/1722 1755/64/1755 1942/66/1942 
f 1723/68/1723 1722/65/1722 1942/66/1942 
f 1945/69/1945 1757/70/1757 1724/71/1724 
f 1723/68/1723 1756/67/1756 1945/69/1945 
f 1724/71/1724 1723/68/1723 1945/69/1945 
f 1952/72/1952 1758/73/1758 1725/74/1725 
f 1724/71/1724 1757/70/1757 1952/72/1952 
f 1725/74/1725 1724/71/1724 1952/72/1952 
f 1959/75/1959 1759/76/1759 1726/77/1726 
f 1725/74/1725 1758/73/1758 1959/75/1959 
f 1726/77/1726 1725/74/1725 1959/75/1959 
f 1966/78/1966 1760/79/1760 1727/80/1727 
f 1726/77/1726 1759/76/1759 1966/78/1966 
f 1727/80/1727 1726/77/1726 1966/78/1966 
f 1976/81/1976 1761/82/1761 1728/83/1728 
f 1727/80/1727 1760/79/1760 1976/81/1976 
f 1728/83/1728 1727/80/1727 1976/81/1976 
f 1983/84/1983 1762/85/1762 1729/86/1729 
f 1728/83/1728 1761/82/1761 1983/84/1983 
f 1729/86/1729 1728/83/1728 1983/84/1983 
f 1990/87/1990 1763/88/1763 1730/89/1730 
f 1729/86/1729 1762/85/1762 1990/87/1990 
f 1730/89/1730 1729/86/1729 1990/87/1990 
f 1997/90/1997 1764/91/1764 1731/92/1731 
f 1730/89/1730 1763/88/1763 1997/90/1997 
f 1731/92/1731 1730/89/1730 1997/90/1997 
f 2000/93/2000 1765/94/1765 1732/95/1732 
f 1731/92/1731 1764/91/1764 2000/93/2000 
f 1732/95/1732 1731/92/1731 2000/93/2000 
f 2007/96/2007 1766/97/1766 1733/98/1733 
f 1732/95/1732 1765/94/1765 2007/96/2007 
f 1733/98/1733 1732/95/1732 2007/96/2007 
f 2013/99/2013 1767/100/1767 1734/101/1734 
f 1733/98/1733 1766/97/1766 2013/99/2013 
f 1734/101/1734 1733/98/1733 2013/99/2013 
f 1811/102/1811 1768/103/1768 1735/104/1735 
f 1734/101/1734 1767/100/1767 1811/102/1811 
f 1735/104/1735 1734/101/1734 1811/102/1811 
f 1815/105/1815 1802/106/1802 1737/8/1737 
f 1803/7/1803 1805/107/1805 1815/105/1815 
f 1737/8/1737 1803/7/1803 1815/105/1815 
f 1807/108/1807 1805/107/1805 1803/7/1803 
f 1736/11/1736 1804/109/1804 1807/108/1807 
f 1803/7/1803 1736/11/1736 1807/108/1807 
f 1821/110/1821 1817/111/1817 1738/13/1738 
f 1818/12/1818 1819/112/1819 1821/110/1821 
f 1738/13/1738 1818/12/1818 1821/110/1821 
f 1828/113/1828 1824/114/1824 1739/16/1739 
f 1825/15/1825 1826/115/1826 1828/113/1828 
f 1739/16/1739 1825/15/1825 1828/113/1828 
f 1838/116/1838 1836/117/1836 1835/21/1835 
f 1740/19/1740 1831/118/1831 1838/116/1838 
f 1835/21/1835 1740/19/1740 1838/116/1838 
f 1845/119/1845 1843/120/1843 1842/24/1842 
f 1741/22/1741 1834/121/1834 1845/119/1845 
f 1842/24/1842 1741/22/1741 1845/119/1845 
f 1852/122/1852 1850/123/1850 1849/27/1849 
f 1742/25/1742 1841/124/1841 1852/122/1852 
f 1849/27/1849 1742/25/1742 1852/122/1852 
f 1863/125/1863 1855/126/1855 1744/31/1744 
f 1856/30/1856 1857/127/1857 1863/125/1863 
f 1744/31/1744 1856/30/1856 1863/125/1863 
f 1859/128/1859 1857/127/1857 1856/30/1856 
f 1743/28/1743 1848/129/1848 1859/128/1859 
f 1856/30/1856 1743/28/1743 1859/128/1859 
f 1869/130/1869 1865/131/1865 1745/34/1745 
f 1866/33/1866 1867/132/1867 1869/130/1869 
f 1745/34/1745 1866/33/1866 1869/130/1869 
f 1876/133/1876 1872/134/1872 1746/37/1746 
f 1873/36/1873 1874/135/1874 1876/133/1876 
f 1746/37/1746 1873/36/1873 1876/133/1876 
f 1883/136/1883 1879/137/1879 1747/40/1747 
f 1880/39/1880 1881/138/1881 1883/136/1883 
f 1747/40/1747 1880/39/1880 1883/136/1883 
f 1893/139/1893 1891/140/1891 1890/45/1890 
f 1748/43/1748 1886/141/1886 1893/139/1893 
f 1890/45/1890 1748/43/1748 1893/139/1893 
f 1900/142/1900 1898/143/1898 1897/48/1897 
f 1749/46/1749 1889/144/1889 1900/142/1900 
f 1897/48/1897 1749/46/1749 1900/142/1900 
f 1907/145/1907 1905/146/1905 1904/51/1904 
f 1750/49/1750 1896/147/1896 1907/145/1907 
f 1904/51/1904 1750/49/1750 1907/145/1907 
f 1918/148/1918 1910/149/1910 1752/55/1752 
f 1911/54/1911 1912/150/1912 1918/148/1918 
f 1752/55/1752 1911/54/1911 1918/148/1918 
f 1914/151/1914 1912/150/1912 1911/54/1911 
f 1751/52/1751 1903/152/1903 1914/151/1914 
f 1911/54/1911 1751/52/1751 1914/151/1914 
f 1924/153/1924 1920/154/1920 1753/58/1753 
f 1921/57/1921 1922/155/1922 1924/153/1924 
f 1753/58/1753 1921/57/1921 1924/153/1924 
f 1931/156/1931 1927/157/1927 1754/61/1754 
f 1928/60/1928 1929/158/1929 1931/156/1931 
f 1754/61/1754 1928/60/1928 1931/156/1931 
f 1938/159/1938 1934/160/1934 1755/64/1755 
f 1935/63/1935 1936/161/1936 1938/159/1938 
f 1755/64/1755 1935/63/1935 1938/159/1938 
f 1948/162/1948 1946/163/1946 1945/69/1945 
f 1756/67/1756 1941/164/1941 1948/162/1948 
f 1945/69/1945 1756/67/1756 1948/162/1948 
f 1955/165/1955 1953/166/1953 1952/72/1952 
f 1757/70/1757 1944/167/1944 1955/165/1955 
f 1952/72/1952 1757/70/1757 1955/165/1955 
f 1962/168/1962 1960/169/1960 1959/75/1959 
f 1758/73/1758 1951/170/1951 1962/168/1962 
f 1959/75/1959 1758/73/1758 1962/168/1962 
f 1973/171/1973 1965/172/1965 1760/79/1760 
f 1966/78/1966 1967/173/1967 1973/171/1973 
f 1760/79/1760 1966/78/1966 1973/171/1973 
f 1969/174/1969 1967/173/1967 1966/78/1966 
f 1759/76/1759 1958/175/1958 1969/174/1969 
f 1966/78/1966 1759/76/1759 1969/174/1969 
f 1979/176/1979 1975/177/1975 1761/82/1761 
f 1976/81/1976 1977/178/1977 1979/176/1979 
f 1761/82/1761 1976/81/1976 1979/176/1979 
f 1986/179/1986 1982/180/1982 1762/85/1762 
f 1983/84/1983 1984/181/1984 1986/179/1986 
f 1762/85/1762 1983/84/1983 1986/179/1986 
f 1993/182/1993 1989/183/1989 1763/88/1763 
f 1990/87/1990 1991/184/1991 1993/182/1993 
f 1763/88/1763 1990/87/1990 1993/182/1993 
f 2003/185/2003 2001/186/2001 2000/93/2000 
f 1764/91/1764 1996/187/1996 2003/185/2003 
f 2000/93/2000 1764/91/1764 2003/185/2003 
f 2010/188/2010 2008/189/2008 2007/96/2007 
f 1765/94/1765 1999/190/1999 2010/188/2010 
f 2007/96/2007 1765/94/1765 2010/188/2010 
f 2016/191/2016 2014/192/2014 2013/99/2013 
f 1766/97/1766 2006/193/2006 2016/191/2016 
f 2013/99/2013 1766/97/1766 2016/191/2016 
f 2024/194/2024 1810/195/1810 1768/103/1768 
f 1811/102/1811 1813/196/1813 2024/194/2024 
f 1768/103/1768 1811/102/1811 2024/194/2024 
f 2020/197/2020 1813/196/1813 1811/102/1811 
f 1767/100/1767 1812/198/1812 2020/197/2020 
f 1811/102/1811 1767/100/1767 2020/197/2020 
f 1827/200/1827 1833/201/1833 1824/114/1824 
f 1839/202/1839 1831/118/1831 1833/201/1833 
f 1894/205/1894 1886/141/1886 1888/206/1888 
f 1888/206/1888 1879/137/1879 1882/207/1882 
f 1937/230/1937 1943/231/1943 1934/160/1934 
f 1941/164/1941 1943/231/1943 1949/232/1949 
f 1769/239/1769 1809/240/1809 1808/241/1808 
f 1770/242/1770 1816/243/1816 1806/244/1806 
f 1806/244/1806 1809/240/1809 1769/239/1769 
f 1770/242/1770 1822/245/1822 1814/246/1814 
f 1771/247/1771 1820/248/1820 1823/249/1823 
f 1771/247/1771 1829/250/1829 1820/248/1820 
f 1823/249/1823 1822/245/1822 1771/247/1771 
f 1814/246/1814 1816/243/1816 1770/242/1770 
f 1772/251/1772 1833/201/1833 1827/200/1827 
f 1772/251/1772 1827/200/1827 1830/252/1830 
f 1773/253/1773 1840/254/1840 1839/202/1839 
f 1772/251/1772 1773/253/1773 1833/201/1833 
f 1774/255/1774 1846/256/1846 1837/257/1837 
f 1774/255/1774 1844/258/1844 1847/259/1847 
f 1775/260/1775 1853/261/1853 1844/258/1844 
f 1847/259/1847 1846/256/1846 1774/255/1774 
f 1837/257/1837 1840/254/1840 1773/253/1773 
f 1830/252/1830 1829/250/1829 1772/251/1772 
f 1775/260/1775 1851/262/1851 1854/263/1854 
f 1776/264/1776 1861/265/1861 1860/266/1860 
f 1860/266/1860 1851/262/1851 1776/264/1776 
f 1777/267/1777 1864/268/1864 1858/269/1858 
f 1777/267/1777 1870/270/1870 1862/271/1862 
f 1778/272/1778 1871/273/1871 1870/270/1870 
f 1862/271/1862 1864/268/1864 1777/267/1777 
f 1858/269/1858 1861/265/1861 1776/264/1776 
f 1778/272/1778 1877/274/1877 1868/275/1868 
f 1779/276/1779 1875/277/1875 1878/278/1878 
f 1878/278/1878 1877/274/1877 1779/276/1779 
f 1780/279/1780 1885/280/1885 1884/281/1884 
f 1888/206/1888 1780/279/1780 1781/282/1781 
f 1781/282/1781 1895/283/1895 1894/205/1894 
f 1882/207/1882 1885/280/1885 1780/279/1780 
f 1780/279/1780 1888/206/1888 1882/207/1882 
f 1884/281/1884 1875/277/1875 1779/276/1779 
f 1868/275/1868 1871/273/1871 1778/272/1778 
f 1854/263/1854 1853/261/1853 1775/260/1775 
f 1770/242/1770 1771/247/1771 1822/245/1822 
f 1773/253/1773 1839/202/1839 1833/201/1833 
f 1771/247/1771 1772/251/1772 1829/250/1829 
f 1892/284/1892 1782/285/1782 1901/286/1901 
f 1782/285/1782 1899/287/1899 1902/288/1902 
f 1902/288/1902 1901/286/1901 1782/285/1782 
f 1844/258/1844 1774/255/1774 1775/260/1775 
f 1837/257/1837 1773/253/1773 1774/255/1774 
f 1769/239/1769 1770/242/1770 1806/244/1806 
f 1775/260/1775 1776/264/1776 1851/262/1851 
f 1777/267/1777 1778/272/1778 1870/270/1870 
f 1776/264/1776 1777/267/1777 1858/269/1858 
f 1779/276/1779 1780/279/1780 1884/281/1884 
f 1895/283/1895 1781/282/1781 1892/284/1892 
f 1892/284/1892 1781/282/1781 1782/285/1782 
f 1781/282/1781 1894/205/1894 1888/206/1888 
f 1778/272/1778 1779/276/1779 1877/274/1877 
f 1783/289/1783 1899/287/1899 1782/285/1782 
f 1783/289/1783 1909/290/1909 1908/291/1908 
f 1784/292/1784 1915/293/1915 1906/294/1906 
f 1906/294/1906 1909/290/1909 1783/289/1783 
f 1784/292/1784 1913/295/1913 1916/296/1916 
f 1785/297/1785 1917/298/1917 1919/299/1919 
f 1785/297/1785 1925/300/1925 1917/298/1917 
f 1919/299/1919 1913/295/1913 1785/297/1785 
f 1916/296/1916 1915/293/1915 1784/292/1784 
f 1913/295/1913 1784/292/1784 1785/297/1785 
f 1783/289/1783 1784/292/1784 1906/294/1906 
f 1785/297/1785 1786/301/1786 1925/300/1925 
f 1926/302/1926 1925/300/1925 1786/301/1786 
f 1786/301/1786 1932/303/1932 1923/304/1923 
f 1787/305/1787 1930/306/1930 1933/307/1933 
f 1933/307/1933 1932/303/1932 1787/305/1787 
f 1932/303/1932 1786/301/1786 1787/305/1787 
f 1786/301/1786 1923/304/1923 1926/302/1926 
f 1783/289/1783 1908/291/1908 1899/287/1899 
f 1788/308/1788 1940/309/1940 1939/310/1939 
f 1943/231/1943 1788/308/1788 1789/311/1789 
f 1937/230/1937 1940/309/1940 1788/308/1788 
f 1788/308/1788 1943/231/1943 1937/230/1937 
f 1789/311/1789 1947/312/1947 1950/313/1950 
f 1790/314/1790 1956/315/1956 1947/312/1947 
f 1950/313/1950 1949/232/1949 1789/311/1789 
f 1790/314/1790 1954/316/1954 1957/317/1957 
f 1791/318/1791 1964/319/1964 1963/320/1963 
f 1963/320/1963 1954/316/1954 1791/318/1791 
f 1792/321/1792 1970/322/1970 1961/323/1961 
f 1792/321/1792 1968/324/1968 1971/325/1971 
f 1793/326/1793 1974/327/1974 1968/324/1968 
f 1971/325/1971 1970/322/1970 1792/321/1792 
f 1961/323/1961 1964/319/1964 1791/318/1791 
f 1957/317/1957 1956/315/1956 1790/314/1790 
f 1989/183/1989 1992/328/1992 1998/329/1998 
f 1998/329/1998 2004/330/2004 1996/187/1996 
f 1794/331/1794 1981/332/1981 1980/333/1980 
f 1980/333/1980 1972/334/1972 1793/326/1793 
f 1972/334/1972 1974/327/1974 1793/326/1793 
f 1978/335/1978 1794/331/1794 1987/336/1987 
f 1795/337/1795 1985/338/1985 1988/339/1988 
f 1988/339/1988 1987/336/1987 1795/337/1795 
f 1985/338/1985 1795/337/1795 1994/340/1994 
f 1995/341/1995 1796/342/1796 1992/328/1992 
f 1797/343/1797 1998/329/1998 1796/342/1796 
f 1992/328/1992 1796/342/1796 1998/329/1998 
f 1796/342/1796 1995/341/1995 1994/340/1994 
f 1943/231/1943 1789/311/1789 1949/232/1949 
f 1789/311/1789 1790/314/1790 1947/312/1947 
f 1791/318/1791 1792/321/1792 1961/323/1961 
f 1790/314/1790 1791/318/1791 1954/316/1954 
f 1793/326/1793 1794/331/1794 1980/333/1980 
f 1987/336/1987 1794/331/1794 1795/337/1795 
f 1994/340/1994 1795/337/1795 1796/342/1796 
f 1981/332/1981 1794/331/1794 1978/335/1978 
f 1792/321/1792 1793/326/1793 1968/324/1968 
f 2004/330/2004 1998/329/1998 1797/343/1797 
f 1797/343/1797 2002/344/2002 2005/345/2005 
f 1798/346/1798 2012/347/2012 2011/348/2011 
f 2011/348/2011 2002/344/2002 1798/346/1798 
f 1799/349/1799 2017/350/2017 2009/351/2009 
f 1799/349/1799 2015/352/2015 2018/353/2018 
f 1800/354/1800 2021/355/2021 2015/352/2015 
f 2018/353/2018 2017/350/2017 1799/349/1799 
f 2009/351/2009 2012/347/2012 1798/346/1798 
f 1798/346/1798 1799/349/1799 2009/351/2009 
f 2021/355/2021 1800/354/1800 2022/356/2022 
f 1799/349/1799 1800/354/1800 2015/352/2015 
f 2019/357/2019 2022/356/2022 1800/354/1800 
f 2023/358/2023 2025/359/2025 1801/360/1801 
f 2019/357/2019 1801/360/1801 2025/359/2025 
f 2019/357/2019 1800/354/1800 1801/360/1801 
f 1797/343/1797 1798/346/1798 2002/344/2002 
f 1797/343/1797 2005/345/2005 2004/330/2004 
f 2076/377/2076 2095/378/2095 2075/379/2075 
f 2074/380/2074 2092/381/2092 2073/382/2073 
f 2074/380/2074 2075/379/2075 2095/378/2095 
f 2095/378/2095 2076/377/2076 2077/383/2077 
f 2094/384/2094 2078/385/2078 2079/386/2079 
f 2078/385/2078 2094/384/2094 2095/378/2095 
f 2074/380/2074 2095/378/2095 2092/381/2092 
f 2094/384/2094 2079/386/2079 2080/387/2080 
f 2077/383/2077 2078/385/2078 2095/378/2095 
f 2072/388/2072 2073/382/2073 2092/381/2092 
f 2092/381/2092 2070/389/2070 2071/390/2071 
f 2068/391/2068 2069/392/2069 2093/393/2093 
f 2069/392/2069 2070/389/2070 2093/393/2093 
f 2071/390/2071 2072/388/2072 2092/381/2092 
f 2066/394/2066 2067/395/2067 2093/393/2093 
f 2068/391/2068 2093/393/2093 2067/395/2067 
f 2065/396/2065 2066/394/2066 2089/397/2089 
f 2089/397/2089 2064/398/2064 2065/396/2065 
f 2066/394/2066 2093/393/2093 2089/397/2089 
f 2092/381/2092 2093/393/2093 2070/389/2070 
f 2081/399/2081 2082/400/2082 2094/384/2094 
f 2083/401/2083 2096/402/2096 2082/400/2082 
f 2086/403/2086 2090/404/2090 2096/402/2096 
f 2096/402/2096 2094/384/2094 2082/400/2082 
f 2084/405/2084 2085/406/2085 2096/402/2096 
f 2090/404/2090 2086/403/2086 2087/407/2087 
f 2086/403/2086 2096/402/2096 2085/406/2085 
f 2083/401/2083 2084/405/2084 2096/402/2096 
f 2056/408/2056 2090/404/2090 2087/407/2087 
f 2062/409/2062 2089/397/2089 2091/410/2091 
f 2063/411/2063 2089/397/2089 2062/409/2062 
f 2061/412/2061 2062/409/2062 2091/410/2091 
f 2061/412/2061 2091/410/2091 2060/413/2060 
f 2064/398/2064 2089/397/2089 2063/411/2063 
f 2058/414/2058 2091/410/2091 2090/404/2090 
f 2091/410/2091 2059/415/2059 2060/413/2060 
f 2059/415/2059 2091/410/2091 2058/414/2058 
f 2090/404/2090 2057/416/2057 2058/414/2058 
f 2090/404/2090 2056/408/2056 2057/416/2057 
f 2081/399/2081 2094/384/2094 2080/387/2080 
f 101/418/101 2037/447/2037 100/419/100 
f 101/418/101 68/446/68 2037/447/2037 
f 100/419/100 2053/450/2053 99/420/99 
f 100/419/100 2037/447/2037 2053/450/2053 
f 99/420/99 7/453/7 98/421/98 
f 99/420/99 2053/450/2053 7/453/7 
f 98/421/98 2034/456/2034 97/422/97 
f 98/421/98 7/453/7 2034/456/2034 
f 97/422/97 2035/459/2035 96/423/96 
f 97/422/97 2034/456/2034 2035/459/2035 
f 96/423/96 19/462/19 95/424/95 
f 96/423/96 2035/459/2035 19/462/19 
f 95/424/95 8/465/8 94/425/94 
f 95/424/95 19/462/19 8/465/8 
f 94/425/94 2032/468/2032 93/426/93 
f 94/425/94 8/465/8 2032/468/2032 
f 93/426/93 2054/470/2054 92/427/92 
f 93/426/93 2032/468/2032 2054/470/2054 
f 92/427/92 2033/473/2033 91/428/91 
f 92/427/92 2054/470/2054 2033/473/2033 
f 91/428/91 2033/473/2033 57/472/57 
f 85/429/85 2044/488/2044 84/430/84 
f 85/429/85 52/485/52 2044/488/2044 
f 84/430/84 10/1/10 83/431/83 
f 84/430/84 2044/488/2044 10/1/10 
f 83/431/83 2043/210/2043 82/432/82 
f 83/431/83 10/1/10 2043/210/2043 
f 82/432/82 2030/212/2030 81/433/81 
f 82/432/82 2043/210/2043 2030/212/2030 
f 81/433/81 2046/216/2046 80/434/80 
f 81/433/81 2030/212/2030 2046/216/2046 
f 80/434/80 9/218/9 79/435/79 
f 80/434/80 2046/216/2046 9/218/9 
f 79/435/79 16/219/16 78/436/78 
f 79/435/79 9/218/9 16/219/16 
f 78/436/78 17/229/17 77/437/77 
f 78/436/78 16/219/16 17/229/17 
f 77/437/77 2031/226/2031 76/438/76 
f 77/437/77 17/229/17 2031/226/2031 
f 76/438/76 2047/222/2047 75/440/75 
f 76/438/76 2031/226/2031 2047/222/2047 
f 75/440/75 2028/220/2028 74/439/74 
f 75/440/75 2047/222/2047 2028/220/2028 
f 74/439/74 11/233/11 73/442/73 
f 74/439/74 2028/220/2028 11/233/11 
f 73/442/73 2026/2124/2026 72/441/72 
f 73/442/73 11/233/11 2026/2124/2026 
f 72/441/72 2029/372/2029 71/443/71 
f 72/441/72 2026/2124/2026 2029/372/2029 
f 71/443/71 18/363/18 70/444/70 
f 71/443/71 2029/372/2029 18/363/18 
f 70/444/70 2045/376/2045 69/445/69 
f 70/444/70 18/363/18 2045/376/2045 
f 69/445/69 12/364/12 68/446/68 
f 69/445/69 2045/376/2045 12/364/12 
f 68/446/68 26/362/26 2037/447/2037 
f 68/446/68 12/364/12 26/362/26 
f 2053/450/2053 2037/447/2037 33/449/33 
f 2037/447/2037 27/2127/27 33/449/33 
f 2037/447/2037 26/362/26 27/2127/27 
f 32/448/32 35/452/35 2053/450/2053 
f 7/453/7 2053/450/2053 35/452/35 
f 2053/450/2053 33/449/33 32/448/32 
f 34/451/34 37/455/37 7/453/7 
f 2034/456/2034 7/453/7 37/455/37 
f 7/453/7 35/452/35 34/451/34 
f 2035/459/2035 36/454/36 39/458/39 
f 2035/459/2035 2034/456/2034 36/454/36 
f 2034/456/2034 37/455/37 36/454/36 
f 87/507/87 54/474/54 53/475/53 
f 87/507/87 53/475/53 86/508/86 
f 88/509/88 55/476/55 54/474/54 
f 88/509/88 54/474/54 87/507/87 
f 89/510/89 56/477/56 55/476/55 
f 89/510/89 55/476/55 88/509/88 
f 90/511/90 57/478/57 56/477/56 
f 90/511/90 56/477/56 89/510/89 
f 19/462/19 38/457/38 41/461/41 
f 91/512/91 57/478/57 90/511/90 
f 19/462/19 2035/459/2035 38/457/38 
f 2035/459/2035 39/458/39 38/457/38 
f 8/465/8 40/460/40 43/464/43 
f 40/460/40 8/465/8 41/461/41 
f 19/462/19 41/461/41 8/465/8 
f 2032/468/2032 42/463/42 2054/470/2054 
f 42/463/42 2032/468/2032 43/464/43 
f 8/465/8 43/464/43 2032/468/2032 
f 2054/470/2054 44/466/44 2033/473/2033 
f 44/466/44 2054/470/2054 45/467/45 
f 45/467/45 2054/470/2054 42/463/42 
f 47/471/47 2033/473/2033 46/469/46 
f 46/469/46 2033/473/2033 44/466/44 
f 2033/473/2033 25/366/25 57/472/57 
f 25/366/25 2033/473/2033 47/471/47 
f 57/472/57 2027/369/2027 56/479/56 
f 57/472/57 25/366/25 2027/369/2027 
f 56/479/56 13/373/13 55/480/55 
f 56/479/56 2027/369/2027 13/373/13 
f 55/480/55 2042/375/2042 54/482/54 
f 102/523/102 69/490/69 68/489/68 
f 102/523/102 68/489/68 101/522/101 
f 103/524/103 70/491/70 69/490/69 
f 103/524/103 69/490/69 102/523/102 
f 104/525/104 71/492/71 70/491/70 
f 104/525/104 70/491/70 103/524/103 
f 105/526/105 72/493/72 71/492/71 
f 105/526/105 71/492/71 104/525/104 
f 106/527/106 73/494/73 72/493/72 
f 106/527/106 72/493/72 105/526/105 
f 107/528/107 74/495/74 73/494/73 
f 107/528/107 73/494/73 106/527/106 
f 108/529/108 75/496/75 74/495/74 
f 108/529/108 74/495/74 107/528/107 
f 109/530/109 76/497/76 75/496/75 
f 109/530/109 75/496/75 108/529/108 
f 110/531/110 77/498/77 76/497/76 
f 110/531/110 76/497/76 109/530/109 
f 111/532/111 78/499/78 77/498/77 
f 111/532/111 77/498/77 110/531/110 
f 112/533/112 79/500/79 78/499/78 
f 112/533/112 78/499/78 111/532/111 
f 113/534/113 80/501/80 79/500/79 
f 113/534/113 79/500/79 112/533/112 
f 114/535/114 81/502/81 80/501/80 
f 114/535/114 80/501/80 113/534/113 
f 115/536/115 82/503/82 81/502/81 
f 115/536/115 81/502/81 114/535/114 
f 116/537/116 83/504/83 82/503/82 
f 116/537/116 82/503/82 115/536/115 
f 117/538/117 84/505/84 83/504/83 
f 117/538/117 83/504/83 116/537/116 
f 118/539/118 85/506/85 84/505/84 
f 118/539/118 84/505/84 117/538/117 
f 120/540/120 87/507/87 86/508/86 
f 120/540/120 86/508/86 119/541/119 
f 121/542/121 88/509/88 87/507/87 
f 121/542/121 87/507/87 120/540/120 
f 122/543/122 89/510/89 88/509/88 
f 122/543/122 88/509/88 121/542/121 
f 123/544/123 90/511/90 89/510/89 
f 123/544/123 89/510/89 122/543/122 
f 124/545/124 91/512/91 90/511/90 
f 124/545/124 90/511/90 123/544/123 
f 125/546/125 92/513/92 91/512/91 
f 125/546/125 91/512/91 124/545/124 
f 126/547/126 93/514/93 92/513/92 
f 126/547/126 92/513/92 125/546/125 
f 127/548/127 94/515/94 93/514/93 
f 127/548/127 93/514/93 126/547/126 
f 128/549/128 95/516/95 94/515/94 
f 128/549/128 94/515/94 127/548/127 
f 129/550/129 96/517/96 95/516/95 
f 129/550/129 95/516/95 128/549/128 
f 130/551/130 97/518/97 96/517/96 
f 130/551/130 96/517/96 129/550/129 
f 131/552/131 98/519/98 97/518/97 
f 131/552/131 97/518/97 130/551/130 
f 132/553/132 99/520/99 98/519/98 
f 132/553/132 98/519/98 131/552/131 
f 133/554/133 100/521/100 99/520/99 
f 133/554/133 99/520/99 132/553/132 
f 134/555/134 101/522/101 100/521/100 
f 134/555/134 100/521/100 133/554/133 
f 135/556/135 102/523/102 101/522/101 
f 135/556/135 101/522/101 134/555/134 
f 136/557/136 103/524/103 102/523/102 
f 136/557/136 102/523/102 135/556/135 
f 137/558/137 104/525/104 103/524/103 
f 137/558/137 103/524/103 136/557/136 
f 138/559/138 105/526/105 104/525/104 
f 138/559/138 104/525/104 137/558/137 
f 139/560/139 106/527/106 105/526/105 
f 139/560/139 105/526/105 138/559/138 
f 140/561/140 107/528/107 106/527/106 
f 140/561/140 106/527/106 139/560/139 
f 141/562/141 108/529/108 107/528/107 
f 141/562/141 107/528/107 140/561/140 
f 142/563/142 109/530/109 108/529/108 
f 142/563/142 108/529/108 141/562/141 
f 143/564/143 110/531/110 109/530/109 
f 143/564/143 109/530/109 142/563/142 
f 144/565/144 111/532/111 110/531/110 
f 144/565/144 110/531/110 143/564/143 
f 145/566/145 112/533/112 111/532/111 
f 145/566/145 111/532/111 144/565/144 
f 146/567/146 113/534/113 112/533/112 
f 146/567/146 112/533/112 145/566/145 
f 147/568/147 114/535/114 113/534/113 
f 147/568/147 113/534/113 146/567/146 
f 148/569/148 115/536/115 114/535/114 
f 148/569/148 114/535/114 147/568/147 
f 149/570/149 116/537/116 115/536/115 
f 149/570/149 115/536/115 148/569/148 
f 150/571/150 117/538/117 116/537/116 
f 150/571/150 116/537/116 149/570/149 
f 151/572/151 118/539/118 117/538/117 
f 151/572/151 117/538/117 150/571/150 
f 153/573/153 120/540/120 119/541/119 
f 153/573/153 119/541/119 152/574/152 
f 154/575/154 121/542/121 120/540/120 
f 154/575/154 120/540/120 153/573/153 
f 155/576/155 122/543/122 121/542/121 
f 155/576/155 121/542/121 154/575/154 
f 156/577/156 123/544/123 122/543/122 
f 156/577/156 122/543/122 155/576/155 
f 157/578/157 124/545/124 123/544/123 
f 157/578/157 123/544/123 156/577/156 
f 158/579/158 125/546/125 124/545/124 
f 158/579/158 124/545/124 157/578/157 
f 159/580/159 126/547/126 125/546/125 
f 159/580/159 125/546/125 158/579/158 
f 160/581/160 127/548/127 126/547/126 
f 160/581/160 126/547/126 159/580/159 
f 161/582/161 128/549/128 127/548/127 
f 161/582/161 127/548/127 160/581/160 
f 162/583/162 129/550/129 128/549/128 
f 162/583/162 128/549/128 161/582/161 
f 163/584/163 130/551/130 129/550/129 
f 163/584/163 129/550/129 162/583/162 
f 164/585/164 131/552/131 130/551/130 
f 164/585/164 130/551/130 163/584/163 
f 165/586/165 132/553/132 131/552/131 
f 165/586/165 131/552/131 164/585/164 
f 166/587/166 133/554/133 132/553/132 
f 166/587/166 132/553/132 165/586/165 
f 167/588/167 134/555/134 133/554/133 
f 167/588/167 133/554/133 166/587/166 
f 168/589/168 135/556/135 134/555/134 
f 168/589/168 134/555/134 167/588/167 
f 169/590/169 136/557/136 135/556/135 
f 169/590/169 135/556/135 168/589/168 
f 170/591/170 137/558/137 136/557/136 
f 170/591/170 136/557/136 169/590/169 
f 171/592/171 138/559/138 137/558/137 
f 171/592/171 137/558/137 170/591/170 
f 172/593/172 139/560/139 138/559/138 
f 172/593/172 138/559/138 171/592/171 
f 173/594/173 140/561/140 139/560/139 
f 173/594/173 139/560/139 172/593/172 
f 174/595/174 141/562/141 140/561/140 
f 174/595/174 140/561/140 173/594/173 
f 175/596/175 142/563/142 141/562/141 
f 175/596/175 141/562/141 174/595/174 
f 176/597/176 143/564/143 142/563/142 
f 176/597/176 142/563/142 175/596/175 
f 177/598/177 144/565/144 143/564/143 
f 177/598/177 143/564/143 176/597/176 
f 178/599/178 145/566/145 144/565/144 
f 178/599/178 144/565/144 177/598/177 
f 179/600/179 146/567/146 145/566/145 
f 179/600/179 145/566/145 178/599/178 
f 180/601/180 147/568/147 146/567/146 
f 180/601/180 146/567/146 179/600/179 
f 181/602/181 148/569/148 147/568/147 
f 181/602/181 147/568/147 180/601/180 
f 182/603/182 149/570/149 148/569/148 
f 182/603/182 148/569/148 181/602/181 
f 183/604/183 150/571/150 149/570/149 
f 183/604/183 149/570/149 182/603/182 
f 184/605/184 151/572/151 150/571/150 
f 184/605/184 150/571/150 183/604/183 
f 186/606/186 153/573/153 152/574/152 
f 186/606/186 152/574/152 185/607/185 
f 187/608/187 154/575/154 153/573/153 
f 187/608/187 153/573/153 186/606/186 
f 188/609/188 155/576/155 154/575/154 
f 188/609/188 154/575/154 187/608/187 
f 189/610/189 156/577/156 155/576/155 
f 189/610/189 155/576/155 188/609/188 
f 190/611/190 157/578/157 156/577/156 
f 190/611/190 156/577/156 189/610/189 
f 191/612/191 158/579/158 157/578/157 
f 191/612/191 157/578/157 190/611/190 
f 192/613/192 159/580/159 158/579/158 
f 192/613/192 158/579/158 191/612/191 
f 193/614/193 160/581/160 159/580/159 
f 193/614/193 159/580/159 192/613/192 
f 194/615/194 161/582/161 160/581/160 
f 194/615/194 160/581/160 193/614/193 
f 195/616/195 162/583/162 161/582/161 
f 195/616/195 161/582/161 194/615/194 
f 196/617/196 163/584/163 162/583/162 
f 196/617/196 162/583/162 195/616/195 
f 197/618/197 164/585/164 163/584/163 
f 197/618/197 163/584/163 196/617/196 
f 198/619/198 165/586/165 164/585/164 
f 198/619/198 164/585/164 197/618/197 
f 199/620/199 166/587/166 165/586/165 
f 199/620/199 165/586/165 198/619/198 
f 200/621/200 167/588/167 166/587/166 
f 200/621/200 166/587/166 199/620/199 
f 201/622/201 168/589/168 167/588/167 
f 201/622/201 167/588/167 200/621/200 
f 202/623/202 169/590/169 168/589/168 
f 202/623/202 168/589/168 201/622/201 
f 203/624/203 170/591/170 169/590/169 
f 203/624/203 169/590/169 202/623/202 
f 204/625/204 171/592/171 170/591/170 
f 204/625/204 170/591/170 203/624/203 
f 205/626/205 172/593/172 171/592/171 
f 205/626/205 171/592/171 204/625/204 
f 206/627/206 173/594/173 172/593/172 
f 206/627/206 172/593/172 205/626/205 
f 207/628/207 174/595/174 173/594/173 
f 207/628/207 173/594/173 206/627/206 
f 208/629/208 175/596/175 174/595/174 
f 208/629/208 174/595/174 207/628/207 
f 209/630/209 176/597/176 175/596/175 
f 209/630/209 175/596/175 208/629/208 
f 210/631/210 177/598/177 176/597/176 
f 210/631/210 176/597/176 209/630/209 
f 211/632/211 178/599/178 177/598/177 
f 211/632/211 177/598/177 210/631/210 
f 212/633/212 179/600/179 178/599/178 
f 212/633/212 178/599/178 211/632/211 
f 213/634/213 180/601/180 179/600/179 
f 213/634/213 179/600/179 212/633/212 
f 214/635/214 181/602/181 180/601/180 
f 214/635/214 180/601/180 213/634/213 
f 215/636/215 182/603/182 181/602/181 
f 215/636/215 181/602/181 214/635/214 
f 216/637/216 183/604/183 182/603/182 
f 216/637/216 182/603/182 215/636/215 
f 217/638/217 184/605/184 183/604/183 
f 217/638/217 183/604/183 216/637/216 
f 219/639/219 186/606/186 185/607/185 
f 219/639/219 185/607/185 218/640/218 
f 220/641/220 187/608/187 186/606/186 
f 220/641/220 186/606/186 219/639/219 
f 221/642/221 188/609/188 187/608/187 
f 221/642/221 187/608/187 220/641/220 
f 222/643/222 189/610/189 188/609/188 
f 222/643/222 188/609/188 221/642/221 
f 223/644/223 190/611/190 189/610/189 
f 223/644/223 189/610/189 222/643/222 
f 224/645/224 191/612/191 190/611/190 
f 224/645/224 190/611/190 223/644/223 
f 225/646/225 192/613/192 191/612/191 
f 225/646/225 191/612/191 224/645/224 
f 226/647/226 193/614/193 192/613/192 
f 226/647/226 192/613/192 225/646/225 
f 227/648/227 194/615/194 193/614/193 
f 227/648/227 193/614/193 226/647/226 
f 228/649/228 195/616/195 194/615/194 
f 228/649/228 194/615/194 227/648/227 
f 229/650/229 196/617/196 195/616/195 
f 229/650/229 195/616/195 228/649/228 
f 230/651/230 197/618/197 196/617/196 
f 230/651/230 196/617/196 229/650/229 
f 231/652/231 198/619/198 197/618/197 
f 231/652/231 197/618/197 230/651/230 
f 232/653/232 199/620/199 198/619/198 
f 232/653/232 198/619/198 231/652/231 
f 233/654/233 200/621/200 199/620/199 
f 233/654/233 199/620/199 232/653/232 
f 234/655/234 201/622/201 200/621/200 
f 234/655/234 200/621/200 233/654/233 
f 235/656/235 202/623/202 201/622/201 
f 235/656/235 201/622/201 234/655/234 
f 236/657/236 203/624/203 202/623/202 
f 236/657/236 202/623/202 235/656/235 
f 237/658/237 204/625/204 203/624/203 
f 237/658/237 203/624/203 236/657/236 
f 238/659/238 205/626/205 204/625/204 
f 238/659/238 204/625/204 237/658/237 
f 239/660/239 206/627/206 205/626/205 
f 239/660/239 205/626/205 238/659/238 
f 240/661/240 207/628/207 206/627/206 
f 240/661/240 206/627/206 239/660/239 
f 241/662/241 208/629/208 207/628/207 
f 241/662/241 207/628/207 240/661/240 
f 242/663/242 209/630/209 208/629/208 
f 242/663/242 208/629/208 241/662/241 
f 243/664/243 210/631/210 209/630/209 
f 243/664/243 209/630/209 242/663/242 
f 244/665/244 211/632/211 210/631/210 
f 244/665/244 210/631/210 243/664/243 
f 245/666/245 212/633/212 211/632/211 
f 245/666/245 211/632/211 244/665/244 
f 246/667/246 213/634/213 212/633/212 
f 246/667/246 212/633/212 245/666/245 
f 247/668/247 214/635/214 213/634/213 
f 247/668/247 213/634/213 246/667/246 
f 248/669/248 215/636/215 214/635/214 
f 248/669/248 214/635/214 247/668/247 
f 249/670/249 216/637/216 215/636/215 
f 249/670/249 215/636/215 248/669/248 
f 250/671/250 217/638/217 216/637/216 
f 250/671/250 216/637/216 249/670/249 
f 252/672/252 219/639/219 218/640/218 
f 252/672/252 218/640/218 251/673/251 
f 253/674/253 220/641/220 219/639/219 
f 253/674/253 219/639/219 252/672/252 
f 254/675/254 221/642/221 220/641/220 
f 254/675/254 220/641/220 253/674/253 
f 255/676/255 222/643/222 221/642/221 
f 255/676/255 221/642/221 254/675/254 
f 256/677/256 223/644/223 222/643/222 
f 256/677/256 222/643/222 255/676/255 
f 257/678/257 224/645/224 223/644/223 
f 257/678/257 223/644/223 256/677/256 
f 258/679/258 225/646/225 224/645/224 
f 258/679/258 224/645/224 257/678/257 
f 259/680/259 226/647/226 225/646/225 
f 259/680/259 225/646/225 258/679/258 
f 260/681/260 227/648/227 226/647/226 
f 260/681/260 226/647/226 259/680/259 
f 261/682/261 228/649/228 227/648/227 
f 261/682/261 227/648/227 260/681/260 
f 262/683/262 229/650/229 228/649/228 
f 262/683/262 228/649/228 261/682/261 
f 263/684/263 230/651/230 229/650/229 
f 263/684/263 229/650/229 262/683/262 
f 264/685/264 231/652/231 230/651/230 
f 264/685/264 230/651/230 263/684/263 
f 265/686/265 232/653/232 231/652/231 
f 265/686/265 231/652/231 264/685/264 
f 266/687/266 233/654/233 232/653/232 
f 266/687/266 232/653/232 265/686/265 
f 267/688/267 234/655/234 233/654/233 
f 267/688/267 233/654/233 266/687/266 
f 268/689/268 235/656/235 234/655/234 
f 268/689/268 234/655/234 267/688/267 
f 269/690/269 236/657/236 235/656/235 
f 269/690/269 235/656/235 268/689/268 
f 270/691/270 237/658/237 236/657/236 
f 270/691/270 236/657/236 269/690/269 
f 271/692/271 238/659/238 237/658/237 
f 271/692/271 237/658/237 270/691/270 
f 272/693/272 239/660/239 238/659/238 
f 272/693/272 238/659/238 271/692/271 
f 273/694/273 240/661/240 239/660/239 
f 273/694/273 239/660/239 272/693/272 
f 274/695/274 241/662/241 240/661/240 
f 274/695/274 240/661/240 273/694/273 
f 275/696/275 242/663/242 241/662/241 
f 275/696/275 241/662/241 274/695/274 
f 276/697/276 243/664/243 242/663/242 
f 276/697/276 242/663/242 275/696/275 
f 277/698/277 244/665/244 243/664/243 
f 277/698/277 243/664/243 276/697/276 
f 278/699/278 245/666/245 244/665/244 
f 278/699/278 244/665/244 277/698/277 
f 279/700/279 246/667/246 245/666/245 
f 279/700/279 245/666/245 278/699/278 
f 280/701/280 247/668/247 246/667/246 
f 280/701/280 246/667/246 279/700/279 
f 281/702/281 248/669/248 247/668/247 
f 281/702/281 247/668/247 280/701/280 
f 282/703/282 249/670/249 248/669/248 
f 282/703/282 248/669/248 281/702/281 
f 283/704/283 250/671/250 249/670/249 
f 283/704/283 249/670/249 282/703/282 
f 285/705/285 252/672/252 251/673/251 
f 285/705/285 251/673/251 284/706/284 
f 286/707/286 253/674/253 252/672/252 
f 286/707/286 252/672/252 285/705/285 
f 287/708/287 254/675/254 253/674/253 
f 287/708/287 253/674/253 286/707/286 
f 288/709/288 255/676/255 254/675/254 
f 288/709/288 254/675/254 287/708/287 
f 289/710/289 256/677/256 255/676/255 
f 289/710/289 255/676/255 288/709/288 
f 290/711/290 257/678/257 256/677/256 
f 290/711/290 256/677/256 289/710/289 
f 291/712/291 258/679/258 257/678/257 
f 291/712/291 257/678/257 290/711/290 
f 292/713/292 259/680/259 258/679/258 
f 292/713/292 258/679/258 291/712/291 
f 293/714/293 260/681/260 259/680/259 
f 293/714/293 259/680/259 292/713/292 
f 294/715/294 261/682/261 260/681/260 
f 294/715/294 260/681/260 293/714/293 
f 295/716/295 262/683/262 261/682/261 
f 295/716/295 261/682/261 294/715/294 
f 296/717/296 263/684/263 262/683/262 
f 296/717/296 262/683/262 295/716/295 
f 297/718/297 264/685/264 263/684/263 
f 297/718/297 263/684/263 296/717/296 
f 298/719/298 265/686/265 264/685/264 
f 298/719/298 264/685/264 297/718/297 
f 299/720/299 266/687/266 265/686/265 
f 299/720/299 265/686/265 298/719/298 
f 300/721/300 267/688/267 266/687/266 
f 300/721/300 266/687/266 299/720/299 
f 301/722/301 268/689/268 267/688/267 
f 301/722/301 267/688/267 300/721/300 
f 302/723/302 269/690/269 268/689/268 
f 302/723/302 268/689/268 301/722/301 
f 303/724/303 270/691/270 269/690/269 
f 303/724/303 269/690/269 302/723/302 
f 304/725/304 271/692/271 270/691/270 
f 304/725/304 270/691/270 303/724/303 
f 305/726/305 272/693/272 271/692/271 
f 305/726/305 271/692/271 304/725/304 
f 306/727/306 273/694/273 272/693/272 
f 306/727/306 272/693/272 305/726/305 
f 307/728/307 274/695/274 273/694/273 
f 307/728/307 273/694/273 306/727/306 
f 308/729/308 275/696/275 274/695/274 
f 308/729/308 274/695/274 307/728/307 
f 309/730/309 276/697/276 275/696/275 
f 309/730/309 275/696/275 308/729/308 
f 310/731/310 277/698/277 276/697/276 
f 310/731/310 276/697/276 309/730/309 
f 311/732/311 278/699/278 277/698/277 
f 311/732/311 277/698/277 310/731/310 
f 312/733/312 279/700/279 278/699/278 
f 312/733/312 278/699/278 311/732/311 
f 313/734/313 280/701/280 279/700/279 
f 313/734/313 279/700/279 312/733/312 
f 314/735/314 281/702/281 280/701/280 
f 314/735/314 280/701/280 313/734/313 
f 315/736/315 282/703/282 281/702/281 
f 315/736/315 281/702/281 314/735/314 
f 316/737/316 283/704/283 282/703/282 
f 316/737/316 282/703/282 315/736/315 
f 318/738/318 285/705/285 284/706/284 
f 318/738/318 284/706/284 317/739/317 
f 319/740/319 286/707/286 285/705/285 
f 319/740/319 285/705/285 318/738/318 
f 320/741/320 287/708/287 286/707/286 
f 320/741/320 286/707/286 319/740/319 
f 321/742/321 288/709/288 287/708/287 
f 321/742/321 287/708/287 320/741/320 
f 322/743/322 289/710/289 288/709/288 
f 322/743/322 288/709/288 321/742/321 
f 323/744/323 290/711/290 289/710/289 
f 323/744/323 289/710/289 322/743/322 
f 324/745/324 291/712/291 290/711/290 
f 324/745/324 290/711/290 323/744/323 
f 325/746/325 292/713/292 291/712/291 
f 325/746/325 291/712/291 324/745/324 
f 326/747/326 293/714/293 292/713/292 
f 326/747/326 292/713/292 325/746/325 
f 327/748/327 294/715/294 293/714/293 
f 327/748/327 293/714/293 326/747/326 
f 328/749/328 295/716/295 294/715/294 
f 328/749/328 294/715/294 327/748/327 
f 329/750/329 296/717/296 295/716/295 
f 329/750/329 295/716/295 328/749/328 
f 330/751/330 297/718/297 296/717/296 
f 330/751/330 296/717/296 329/750/329 
f 331/752/331 298/719/298 297/718/297 
f 331/752/331 297/718/297 330/751/330 
f 332/753/332 299/720/299 298/719/298 
f 332/753/332 298/719/298 331/752/331 
f 333/754/333 300/721/300 299/720/299 
f 333/754/333 299/720/299 332/753/332 
f 334/755/334 301/722/301 300/721/300 
f 334/755/334 300/721/300 333/754/333 
f 335/756/335 302/723/302 301/722/301 
f 335/756/335 301/722/301 334/755/334 
f 336/757/336 303/724/303 302/723/302 
f 336/757/336 302/723/302 335/756/335 
f 337/758/337 304/725/304 303/724/303 
f 337/758/337 303/724/303 336/757/336 
f 338/759/338 305/726/305 304/725/304 
f 338/759/338 304/725/304 337/758/337 
f 339/760/339 306/727/306 305/726/305 
f 339/760/339 305/726/305 338/759/338 
f 340/761/340 307/728/307 306/727/306 
f 340/761/340 306/727/306 339/760/339 
f 341/762/341 308/729/308 307/728/307 
f 341/762/341 307/728/307 340/761/340 
f 342/763/342 309/730/309 308/729/308 
f 342/763/342 308/729/308 341/762/341 
f 343/764/343 310/731/310 309/730/309 
f 343/764/343 309/730/309 342/763/342 
f 344/765/344 311/732/311 310/731/310 
f 344/765/344 310/731/310 343/764/343 
f 345/766/345 312/733/312 311/732/311 
f 345/766/345 311/732/311 344/765/344 
f 346/767/346 313/734/313 312/733/312 
f 346/767/346 312/733/312 345/766/345 
f 347/768/347 314/735/314 313/734/313 
f 347/768/347 313/734/313 346/767/346 
f 348/769/348 315/736/315 314/735/314 
f 348/769/348 314/735/314 347/768/347 
f 349/770/349 316/737/316 315/736/315 
f 349/770/349 315/736/315 348/769/348 
f 351/771/351 318/738/318 317/739/317 
f 351/771/351 317/739/317 350/772/350 
f 352/773/352 319/740/319 318/738/318 
f 352/773/352 318/738/318 351/771/351 
f 353/774/353 320/741/320 319/740/319 
f 353/774/353 319/740/319 352/773/352 
f 354/775/354 321/742/321 320/741/320 
f 354/775/354 320/741/320 353/774/353 
f 355/776/355 322/743/322 321/742/321 
f 355/776/355 321/742/321 354/775/354 
f 356/777/356 323/744/323 322/743/322 
f 356/777/356 322/743/322 355/776/355 
f 357/778/357 324/745/324 323/744/323 
f 357/778/357 323/744/323 356/777/356 
f 358/779/358 325/746/325 324/745/324 
f 358/779/358 324/745/324 357/778/357 
f 359/780/359 326/747/326 325/746/325 
f 359/780/359 325/746/325 358/779/358 
f 360/781/360 327/748/327 326/747/326 
f 360/781/360 326/747/326 359/780/359 
f 361/782/361 328/749/328 327/748/327 
f 361/782/361 327/748/327 360/781/360 
f 362/783/362 329/750/329 328/749/328 
f 362/783/362 328/749/328 361/782/361 
f 363/784/363 330/751/330 329/750/329 
f 363/784/363 329/750/329 362/783/362 
f 364/785/364 331/752/331 330/751/330 
f 364/785/364 330/751/330 363/784/363 
f 365/786/365 332/753/332 331/752/331 
f 365/786/365 331/752/331 364/785/364 
f 366/787/366 333/754/333 332/753/332 
f 366/787/366 332/753/332 365/786/365 
f 367/788/367 334/755/334 333/754/333 
f 367/788/367 333/754/333 366/787/366 
f 368/789/368 335/756/335 334/755/334 
f 368/789/368 334/755/334 367/788/367 
f 369/790/369 336/757/336 335/756/335 
f 369/790/369 335/756/335 368/789/368 
f 370/791/370 337/758/337 336/757/336 
f 370/791/370 336/757/336 369/790/369 
f 371/792/371 338/759/338 337/758/337 
f 371/792/371 337/758/337 370/791/370 
f 372/793/372 339/760/339 338/759/338 
f 372/793/372 338/759/338 371/792/371 
f 373/794/373 340/761/340 339/760/339 
f 373/794/373 339/760/339 372/793/372 
f 374/795/374 341/762/341 340/761/340 
f 374/795/374 340/761/340 373/794/373 
f 375/796/375 342/763/342 341/762/341 
f 375/796/375 341/762/341 374/795/374 
f 376/797/376 343/764/343 342/763/342 
f 376/797/376 342/763/342 375/796/375 
f 377/798/377 344/765/344 343/764/343 
f 377/798/377 343/764/343 376/797/376 
f 378/799/378 345/766/345 344/765/344 
f 378/799/378 344/765/344 377/798/377 
f 379/800/379 346/767/346 345/766/345 
f 379/800/379 345/766/345 378/799/378 
f 380/801/380 347/768/347 346/767/346 
f 380/801/380 346/767/346 379/800/379 
f 381/802/381 348/769/348 347/768/347 
f 381/802/381 347/768/347 380/801/380 
f 382/803/382 349/770/349 348/769/348 
f 382/803/382 348/769/348 381/802/381 
f 384/804/384 351/771/351 350/772/350 
f 384/804/384 350/772/350 383/805/383 
f 385/806/385 352/773/352 351/771/351 
f 385/806/385 351/771/351 384/804/384 
f 386/807/386 353/774/353 352/773/352 
f 386/807/386 352/773/352 385/806/385 
f 387/808/387 354/775/354 353/774/353 
f 387/808/387 353/774/353 386/807/386 
f 388/809/388 355/776/355 354/775/354 
f 388/809/388 354/775/354 387/808/387 
f 389/810/389 356/777/356 355/776/355 
f 389/810/389 355/776/355 388/809/388 
f 390/811/390 357/778/357 356/777/356 
f 390/811/390 356/777/356 389/810/389 
f 391/812/391 358/779/358 357/778/357 
f 391/812/391 357/778/357 390/811/390 
f 392/813/392 359/780/359 358/779/358 
f 392/813/392 358/779/358 391/812/391 
f 393/814/393 360/781/360 359/780/359 
f 393/814/393 359/780/359 392/813/392 
f 394/815/394 361/782/361 360/781/360 
f 394/815/394 360/781/360 393/814/393 
f 395/816/395 362/783/362 361/782/361 
f 395/816/395 361/782/361 394/815/394 
f 396/817/396 363/784/363 362/783/362 
f 396/817/396 362/783/362 395/816/395 
f 397/818/397 364/785/364 363/784/363 
f 397/818/397 363/784/363 396/817/396 
f 398/819/398 365/786/365 364/785/364 
f 398/819/398 364/785/364 397/818/397 
f 399/820/399 366/787/366 365/786/365 
f 399/820/399 365/786/365 398/819/398 
f 400/821/400 367/788/367 366/787/366 
f 400/821/400 366/787/366 399/820/399 
f 401/822/401 368/789/368 367/788/367 
f 401/822/401 367/788/367 400/821/400 
f 402/823/402 369/790/369 368/789/368 
f 402/823/402 368/789/368 401/822/401 
f 403/824/403 370/791/370 369/790/369 
f 403/824/403 369/790/369 402/823/402 
f 404/825/404 371/792/371 370/791/370 
f 404/825/404 370/791/370 403/824/403 
f 405/826/405 372/793/372 371/792/371 
f 405/826/405 371/792/371 404/825/404 
f 406/827/406 373/794/373 372/793/372 
f 406/827/406 372/793/372 405/826/405 
f 407/828/407 374/795/374 373/794/373 
f 407/828/407 373/794/373 406/827/406 
f 408/829/408 375/796/375 374/795/374 
f 408/829/408 374/795/374 407/828/407 
f 409/830/409 376/797/376 375/796/375 
f 409/830/409 375/796/375 408/829/408 
f 410/831/410 377/798/377 376/797/376 
f 410/831/410 376/797/376 409/830/409 
f 411/832/411 378/799/378 377/798/377 
f 411/832/411 377/798/377 410/831/410 
f 412/833/412 379/800/379 378/799/378 
f 412/833/412 378/799/378 411/832/411 
f 413/834/413 380/801/380 379/800/379 
f 413/834/413 379/800/379 412/833/412 
f 414/835/414 381/802/381 380/801/380 
f 414/835/414 380/801/380 413/834/413 
f 415/836/415 382/803/382 381/802/381 
f 415/836/415 381/802/381 414/835/414 
f 417/837/417 384/804/384 383/805/383 
f 417/837/417 383/805/383 416/838/416 
f 418/839/418 385/806/385 384/804/384 
f 418/839/418 384/804/384 417/837/417 
f 419/840/419 386/807/386 385/806/385 
f 419/840/419 385/806/385 418/839/418 
f 420/841/420 387/808/387 386/807/386 
f 420/841/420 386/807/386 419/840/419 
f 421/842/421 388/809/388 387/808/387 
f 421/842/421 387/808/387 420/841/420 
f 422/843/422 389/810/389 388/809/388 
f 422/843/422 388/809/388 421/842/421 
f 423/844/423 390/811/390 389/810/389 
f 423/844/423 389/810/389 422/843/422 
f 424/845/424 391/812/391 390/811/390 
f 424/845/424 390/811/390 423/844/423 
f 425/846/425 392/813/392 391/812/391 
f 425/846/425 391/812/391 424/845/424 
f 426/847/426 393/814/393 392/813/392 
f 426/847/426 392/813/392 425/846/425 
f 427/848/427 394/815/394 393/814/393 
f 427/848/427 393/814/393 426/847/426 
f 428/849/428 395/816/395 394/815/394 
f 428/849/428 394/815/394 427/848/427 
f 429/850/429 396/817/396 395/816/395 
f 429/850/429 395/816/395 428/849/428 
f 430/851/430 397/818/397 396/817/396 
f 430/851/430 396/817/396 429/850/429 
f 431/852/431 398/819/398 397/818/397 
f 431/852/431 397/818/397 430/851/430 
f 432/853/432 399/820/399 398/819/398 
f 432/853/432 398/819/398 431/852/431 
f 433/854/433 400/821/400 399/820/399 
f 433/854/433 399/820/399 432/853/432 
f 434/855/434 401/822/401 400/821/400 
f 434/855/434 400/821/400 433/854/433 
f 435/856/435 402/823/402 401/822/401 
f 435/856/435 401/822/401 434/855/434 
f 436/857/436 403/824/403 402/823/402 
f 436/857/436 402/823/402 435/856/435 
f 437/858/437 404/825/404 403/824/403 
f 437/858/437 403/824/403 436/857/436 
f 438/859/438 405/826/405 404/825/404 
f 438/859/438 404/825/404 437/858/437 
f 439/860/439 406/827/406 405/826/405 
f 439/860/439 405/826/405 438/859/438 
f 440/861/440 407/828/407 406/827/406 
f 440/861/440 406/827/406 439/860/439 
f 441/862/441 408/829/408 407/828/407 
f 441/862/441 407/828/407 440/861/440 
f 442/863/442 409/830/409 408/829/408 
f 442/863/442 408/829/408 441/862/441 
f 443/864/443 410/831/410 409/830/409 
f 443/864/443 409/830/409 442/863/442 
f 444/865/444 411/832/411 410/831/410 
f 444/865/444 410/831/410 443/864/443 
f 445/866/445 412/833/412 411/832/411 
f 445/866/445 411/832/411 444/865/444 
f 446/867/446 413/834/413 412/833/412 
f 446/867/446 412/833/412 445/866/445 
f 447/868/447 414/835/414 413/834/413 
f 447/868/447 413/834/413 446/867/446 
f 448/869/448 415/836/415 414/835/414 
f 448/869/448 414/835/414 447/868/447 
f 450/870/450 417/837/417 416/838/416 
f 450/870/450 416/838/416 449/871/449 
f 451/872/451 418/839/418 417/837/417 
f 451/872/451 417/837/417 450/870/450 
f 452/873/452 419/840/419 418/839/418 
f 452/873/452 418/839/418 451/872/451 
f 453/874/453 420/841/420 419/840/419 
f 453/874/453 419/840/419 452/873/452 
f 454/875/454 421/842/421 420/841/420 
f 454/875/454 420/841/420 453/874/453 
f 455/876/455 422/843/422 421/842/421 
f 455/876/455 421/842/421 454/875/454 
f 456/877/456 423/844/423 422/843/422 
f 456/877/456 422/843/422 455/876/455 
f 457/878/457 424/845/424 423/844/423 
f 457/878/457 423/844/423 456/877/456 
f 458/879/458 425/846/425 424/845/424 
f 458/879/458 424/845/424 457/878/457 
f 459/880/459 426/847/426 425/846/425 
f 459/880/459 425/846/425 458/879/458 
f 460/881/460 427/848/427 426/847/426 
f 460/881/460 426/847/426 459/880/459 
f 461/882/461 428/849/428 427/848/427 
f 461/882/461 427/848/427 460/881/460 
f 462/883/462 429/850/429 428/849/428 
f 462/883/462 428/849/428 461/882/461 
f 463/884/463 430/851/430 429/850/429 
f 463/884/463 429/850/429 462/883/462 
f 464/885/464 431/852/431 430/851/430 
f 464/885/464 430/851/430 463/884/463 
f 465/886/465 432/853/432 431/852/431 
f 465/886/465 431/852/431 464/885/464 
f 466/887/466 433/854/433 432/853/432 
f 466/887/466 432/853/432 465/886/465 
f 467/888/467 434/855/434 433/854/433 
f 467/888/467 433/854/433 466/887/466 
f 468/889/468 435/856/435 434/855/434 
f 468/889/468 434/855/434 467/888/467 
f 469/890/469 436/857/436 435/856/435 
f 469/890/469 435/856/435 468/889/468 
f 470/891/470 437/858/437 436/857/436 
f 470/891/470 436/857/436 469/890/469 
f 471/892/471 438/859/438 437/858/437 
f 471/892/471 437/858/437 470/891/470 
f 472/893/472 439/860/439 438/859/438 
f 472/893/472 438/859/438 471/892/471 
f 473/894/473 440/861/440 439/860/439 
f 473/894/473 439/860/439 472/893/472 
f 474/895/474 441/862/441 440/861/440 
f 474/895/474 440/861/440 473/894/473 
f 475/896/475 442/863/442 441/862/441 
f 475/896/475 441/862/441 474/895/474 
f 476/897/476 443/864/443 442/863/442 
f 476/897/476 442/863/442 475/896/475 
f 477/898/477 444/865/444 443/864/443 
f 477/898/477 443/864/443 476/897/476 
f 478/899/478 445/866/445 444/865/444 
f 478/899/478 444/865/444 477/898/477 
f 479/900/479 446/867/446 445/866/445 
f 479/900/479 445/866/445 478/899/478 
f 480/901/480 447/868/447 446/867/446 
f 480/901/480 446/867/446 479/900/479 
f 481/902/481 448/869/448 447/868/447 
f 481/902/481 447/868/447 480/901/480 
f 483/903/483 450/870/450 449/871/449 
f 483/903/483 449/871/449 482/904/482 
f 484/905/484 451/872/451 450/870/450 
f 484/905/484 450/870/450 483/903/483 
f 485/906/485 452/873/452 451/872/451 
f 485/906/485 451/872/451 484/905/484 
f 486/907/486 453/874/453 452/873/452 
f 486/907/486 452/873/452 485/906/485 
f 487/908/487 454/875/454 453/874/453 
f 487/908/487 453/874/453 486/907/486 
f 488/909/488 455/876/455 454/875/454 
f 488/909/488 454/875/454 487/908/487 
f 489/910/489 456/877/456 455/876/455 
f 489/910/489 455/876/455 488/909/488 
f 490/911/490 457/878/457 456/877/456 
f 490/911/490 456/877/456 489/910/489 
f 491/912/491 458/879/458 457/878/457 
f 491/912/491 457/878/457 490/911/490 
f 492/913/492 459/880/459 458/879/458 
f 492/913/492 458/879/458 491/912/491 
f 493/914/493 460/881/460 459/880/459 
f 493/914/493 459/880/459 492/913/492 
f 494/915/494 461/882/461 460/881/460 
f 494/915/494 460/881/460 493/914/493 
f 495/916/495 462/883/462 461/882/461 
f 495/916/495 461/882/461 494/915/494 
f 496/917/496 463/884/463 462/883/462 
f 496/917/496 462/883/462 495/916/495 
f 497/918/497 464/885/464 463/884/463 
f 497/918/497 463/884/463 496/917/496 
f 498/919/498 465/886/465 464/885/464 
f 498/919/498 464/885/464 497/918/497 
f 499/920/499 466/887/466 465/886/465 
f 499/920/499 465/886/465 498/919/498 
f 500/921/500 467/888/467 466/887/466 
f 500/921/500 466/887/466 499/920/499 
f 501/922/501 468/889/468 467/888/467 
f 501/922/501 467/888/467 500/921/500 
f 502/923/502 469/890/469 468/889/468 
f 502/923/502 468/889/468 501/922/501 
f 503/924/503 470/891/470 469/890/469 
f 503/924/503 469/890/469 502/923/502 
f 504/925/504 471/892/471 470/891/470 
f 504/925/504 470/891/470 503/924/503 
f 505/926/505 472/893/472 471/892/471 
f 505/926/505 471/892/471 504/925/504 
f 506/927/506 473/894/473 472/893/472 
f 506/927/506 472/893/472 505/926/505 
f 507/928/507 474/895/474 473/894/473 
f 507/928/507 473/894/473 506/927/506 
f 508/929/508 475/896/475 474/895/474 
f 508/929/508 474/895/474 507/928/507 
f 509/930/509 476/897/476 475/896/475 
f 509/930/509 475/896/475 508/929/508 
f 510/931/510 477/898/477 476/897/476 
f 510/931/510 476/897/476 509/930/509 
f 511/932/511 478/899/478 477/898/477 
f 511/932/511 477/898/477 510/931/510 
f 512/933/512 479/900/479 478/899/478 
f 512/933/512 478/899/478 511/932/511 
f 513/934/513 480/901/480 479/900/479 
f 513/934/513 479/900/479 512/933/512 
f 514/935/514 481/902/481 480/901/480 
f 514/935/514 480/901/480 513/934/513 
f 516/936/516 483/903/483 482/904/482 
f 516/936/516 482/904/482 515/937/515 
f 517/938/517 484/905/484 483/903/483 
f 517/938/517 483/903/483 516/936/516 
f 518/939/518 485/906/485 484/905/484 
f 518/939/518 484/905/484 517/938/517 
f 519/940/519 486/907/486 485/906/485 
f 519/940/519 485/906/485 518/939/518 
f 520/941/520 487/908/487 486/907/486 
f 520/941/520 486/907/486 519/940/519 
f 521/942/521 488/909/488 487/908/487 
f 521/942/521 487/908/487 520/941/520 
f 522/943/522 489/910/489 488/909/488 
f 522/943/522 488/909/488 521/942/521 
f 523/944/523 490/911/490 489/910/489 
f 523/944/523 489/910/489 522/943/522 
f 524/945/524 491/912/491 490/911/490 
f 524/945/524 490/911/490 523/944/523 
f 525/946/525 492/913/492 491/912/491 
f 525/946/525 491/912/491 524/945/524 
f 526/947/526 493/914/493 492/913/492 
f 526/947/526 492/913/492 525/946/525 
f 527/948/527 494/915/494 493/914/493 
f 527/948/527 493/914/493 526/947/526 
f 528/949/528 495/916/495 494/915/494 
f 528/949/528 494/915/494 527/948/527 
f 529/950/529 496/917/496 495/916/495 
f 529/950/529 495/916/495 528/949/528 
f 530/951/530 497/918/497 496/917/496 
f 530/951/530 496/917/496 529/950/529 
f 531/952/531 498/919/498 497/918/497 
f 531/952/531 497/918/497 530/951/530 
f 532/953/532 499/920/499 498/919/498 
f 532/953/532 498/919/498 531/952/531 
f 533/954/533 500/921/500 499/920/499 
f 533/954/533 499/920/499 532/953/532 
f 534/955/534 501/922/501 500/921/500 
f 534/955/534 500/921/500 533/954/533 
f 535/956/535 502/923/502 501/922/501 
f 535/956/535 501/922/501 534/955/534 
f 536/957/536 503/924/503 502/923/502 
f 536/957/536 502/923/502 535/956/535 
f 537/958/537 504/925/504 503/924/503 
f 537/958/537 503/924/503 536/957/536 
f 538/959/538 505/926/505 504/925/504 
f 538/959/538 504/925/504 537/958/537 
f 539/960/539 506/927/506 505/926/505 
f 539/960/539 505/926/505 538/959/538 
f 540/961/540 507/928/507 506/927/506 
f 540/961/540 506/927/506 539/960/539 
f 541/962/541 508/929/508 507/928/507 
f 541/962/541 507/928/507 540/961/540 
f 542/963/542 509/930/509 508/929/508 
f 542/963/542 508/929/508 541/962/541 
f 543/964/543 510/931/510 509/930/509 
f 543/964/543 509/930/509 542/963/542 
f 544/965/544 511/932/511 510/931/510 
f 544/965/544 510/931/510 543/964/543 
f 545/966/545 512/933/512 511/932/511 
f 545/966/545 511/932/511 544/965/544 
f 546/967/546 513/934/513 512/933/512 
f 546/967/546 512/933/512 545/966/545 
f 547/968/547 514/935/514 513/934/513 
f 547/968/547 513/934/513 546/967/546 
f 549/969/549 516/936/516 515/937/515 
f 549/969/549 515/937/515 548/970/548 
f 550/971/550 517/938/517 516/936/516 
f 550/971/550 516/936/516 549/969/549 
f 551/972/551 518/939/518 517/938/517 
f 551/972/551 517/938/517 550/971/550 
f 552/973/552 519/940/519 518/939/518 
f 552/973/552 518/939/518 551/972/551 
f 553/974/553 520/941/520 519/940/519 
f 553/974/553 519/940/519 552/973/552 
f 554/975/554 521/942/521 520/941/520 
f 554/975/554 520/941/520 553/974/553 
f 555/976/555 522/943/522 521/942/521 
f 555/976/555 521/942/521 554/975/554 
f 556/977/556 523/944/523 522/943/522 
f 556/977/556 522/943/522 555/976/555 
f 557/978/557 524/945/524 523/944/523 
f 557/978/557 523/944/523 556/977/556 
f 558/979/558 525/946/525 524/945/524 
f 558/979/558 524/945/524 557/978/557 
f 559/980/559 526/947/526 525/946/525 
f 559/980/559 525/946/525 558/979/558 
f 560/981/560 527/948/527 526/947/526 
f 560/981/560 526/947/526 559/980/559 
f 561/982/561 528/949/528 527/948/527 
f 561/982/561 527/948/527 560/981/560 
f 562/983/562 529/950/529 528/949/528 
f 562/983/562 528/949/528 561/982/561 
f 563/984/563 530/951/530 529/950/529 
f 563/984/563 529/950/529 562/983/562 
f 564/985/564 531/952/531 530/951/530 
f 564/985/564 530/951/530 563/984/563 
f 565/986/565 532/953/532 531/952/531 
f 565/986/565 531/952/531 564/985/564 
f 566/987/566 533/954/533 532/953/532 
f 566/987/566 532/953/532 565/986/565 
f 567/988/567 534/955/534 533/954/533 
f 567/988/567 533/954/533 566/987/566 
f 568/989/568 535/956/535 534/955/534 
f 568/989/568 534/955/534 567/988/567 
f 569/990/569 536/957/536 535/956/535 
f 569/990/569 535/956/535 568/989/568 
f 570/991/570 537/958/537 536/957/536 
f 570/991/570 536/957/536 569/990/569 
f 571/992/571 538/959/538 537/958/537 
f 571/992/571 537/958/537 570/991/570 
f 572/993/572 539/960/539 538/959/538 
f 572/993/572 538/959/538 571/992/571 
f 573/994/573 540/961/540 539/960/539 
f 573/994/573 539/960/539 572/993/572 
f 574/995/574 541/962/541 540/961/540 
f 574/995/574 540/961/540 573/994/573 
f 575/996/575 542/963/542 541/962/541 
f 575/996/575 541/962/541 574/995/574 
f 576/997/576 543/964/543 542/963/542 
f 576/997/576 542/963/542 575/996/575 
f 577/998/577 544/965/544 543/964/543 
f 577/998/577 543/964/543 576/997/576 
f 578/999/578 545/966/545 544/965/544 
f 578/999/578 544/965/544 577/998/577 
f 579/1000/579 546/967/546 545/966/545 
f 579/1000/579 545/966/545 578/999/578 
f 580/1001/580 547/968/547 546/967/546 
f 580/1001/580 546/967/546 579/1000/579 
f 582/1002/582 549/969/549 548/970/548 
f 582/1002/582 548/970/548 581/1003/581 
f 583/1004/583 550/971/550 549/969/549 
f 583/1004/583 549/969/549 582/1002/582 
f 584/1005/584 551/972/551 550/971/550 
f 584/1005/584 550/971/550 583/1004/583 
f 585/1006/585 552/973/552 551/972/551 
f 585/1006/585 551/972/551 584/1005/584 
f 586/1007/586 553/974/553 552/973/552 
f 586/1007/586 552/973/552 585/1006/585 
f 587/1008/587 554/975/554 553/974/553 
f 587/1008/587 553/974/553 586/1007/586 
f 588/1009/588 555/976/555 554/975/554 
f 588/1009/588 554/975/554 587/1008/587 
f 589/1010/589 556/977/556 555/976/555 
f 589/1010/589 555/976/555 588/1009/588 
f 590/1011/590 557/978/557 556/977/556 
f 590/1011/590 556/977/556 589/1010/589 
f 591/1012/591 558/979/558 557/978/557 
f 591/1012/591 557/978/557 590/1011/590 
f 592/1013/592 559/980/559 558/979/558 
f 592/1013/592 558/979/558 591/1012/591 
f 593/1014/593 560/981/560 559/980/559 
f 593/1014/593 559/980/559 592/1013/592 
f 594/1015/594 561/982/561 560/981/560 
f 594/1015/594 560/981/560 593/1014/593 
f 595/1016/595 562/983/562 561/982/561 
f 595/1016/595 561/982/561 594/1015/594 
f 596/1017/596 563/984/563 562/983/562 
f 596/1017/596 562/983/562 595/1016/595 
f 597/1018/597 564/985/564 563/984/563 
f 597/1018/597 563/984/563 596/1017/596 
f 598/1019/598 565/986/565 564/985/564 
f 598/1019/598 564/985/564 597/1018/597 
f 599/1020/599 566/987/566 565/986/565 
f 599/1020/599 565/986/565 598/1019/598 
f 600/1021/600 567/988/567 566/987/566 
f 600/1021/600 566/987/566 599/1020/599 
f 601/1022/601 568/989/568 567/988/567 
f 601/1022/601 567/988/567 600/1021/600 
f 602/1023/602 569/990/569 568/989/568 
f 602/1023/602 568/989/568 601/1022/601 
f 603/1024/603 570/991/570 569/990/569 
f 603/1024/603 569/990/569 602/1023/602 
f 604/1025/604 571/992/571 570/991/570 
f 604/1025/604 570/991/570 603/1024/603 
f 605/1026/605 572/993/572 571/992/571 
f 605/1026/605 571/992/571 604/1025/604 
f 606/1027/606 573/994/573 572/993/572 
f 606/1027/606 572/993/572 605/1026/605 
f 607/1028/607 574/995/574 573/994/573 
f 607/1028/607 573/994/573 606/1027/606 
f 608/1029/608 575/996/575 574/995/574 
f 608/1029/608 574/995/574 607/1028/607 
f 609/1030/609 576/997/576 575/996/575 
f 609/1030/609 575/996/575 608/1029/608 
f 610/1031/610 577/998/577 576/997/576 
f 610/1031/610 576/997/576 609/1030/609 
f 611/1032/611 578/999/578 577/998/577 
f 611/1032/611 577/998/577 610/1031/610 
f 612/1033/612 579/1000/579 578/999/578 
f 612/1033/612 578/999/578 611/1032/611 
f 613/1034/613 580/1001/580 579/1000/579 
f 613/1034/613 579/1000/579 612/1033/612 
f 615/1035/615 582/1002/582 581/1003/581 
f 615/1035/615 581/1003/581 614/1036/614 
f 616/1037/616 583/1004/583 582/1002/582 
f 616/1037/616 582/1002/582 615/1035/615 
f 617/1038/617 584/1005/584 583/1004/583 
f 617/1038/617 583/1004/583 616/1037/616 
f 618/1039/618 585/1006/585 584/1005/584 
f 618/1039/618 584/1005/584 617/1038/617 
f 619/1040/619 586/1007/586 585/1006/585 
f 619/1040/619 585/1006/585 618/1039/618 
f 620/1041/620 587/1008/587 586/1007/586 
f 620/1041/620 586/1007/586 619/1040/619 
f 621/1042/621 588/1009/588 587/1008/587 
f 621/1042/621 587/1008/587 620/1041/620 
f 622/1043/622 589/1010/589 588/1009/588 
f 622/1043/622 588/1009/588 621/1042/621 
f 623/1044/623 590/1011/590 589/1010/589 
f 623/1044/623 589/1010/589 622/1043/622 
f 624/1045/624 591/1012/591 590/1011/590 
f 624/1045/624 590/1011/590 623/1044/623 
f 625/1046/625 592/1013/592 591/1012/591 
f 625/1046/625 591/1012/591 624/1045/624 
f 626/1047/626 593/1014/593 592/1013/592 
f 626/1047/626 592/1013/592 625/1046/625 
f 627/1048/627 594/1015/594 593/1014/593 
f 627/1048/627 593/1014/593 626/1047/626 
f 628/1049/628 595/1016/595 594/1015/594 
f 628/1049/628 594/1015/594 627/1048/627 
f 629/1050/629 596/1017/596 595/1016/595 
f 629/1050/629 595/1016/595 628/1049/628 
f 630/1051/630 597/1018/597 596/1017/596 
f 630/1051/630 596/1017/596 629/1050/629 
f 631/1052/631 598/1019/598 597/1018/597 
f 631/1052/631 597/1018/597 630/1051/630 
f 632/1053/632 599/1020/599 598/1019/598 
f 632/1053/632 598/1019/598 631/1052/631 
f 633/1054/633 600/1021/600 599/1020/599 
f 633/1054/633 599/1020/599 632/1053/632 
f 634/1055/634 601/1022/601 600/1021/600 
f 634/1055/634 600/1021/600 633/1054/633 
f 635/1056/635 602/1023/602 601/1022/601 
f 635/1056/635 601/1022/601 634/1055/634 
f 636/1057/636 603/1024/603 602/1023/602 
f 636/1057/636 602/1023/602 635/1056/635 
f 637/1058/637 604/1025/604 603/1024/603 
f 637/1058/637 603/1024/603 636/1057/636 
f 638/1059/638 605/1026/605 604/1025/604 
f 638/1059/638 604/1025/604 637/1058/637 
f 639/1060/639 606/1027/606 605/1026/605 
f 639/1060/639 605/1026/605 638/1059/638 
f 640/1061/640 607/1028/607 606/1027/606 
f 640/1061/640 606/1027/606 639/1060/639 
f 641/1062/641 608/1029/608 607/1028/607 
f 641/1062/641 607/1028/607 640/1061/640 
f 642/1063/642 609/1030/609 608/1029/608 
f 642/1063/642 608/1029/608 641/1062/641 
f 643/1064/643 610/1031/610 609/1030/609 
f 643/1064/643 609/1030/609 642/1063/642 
f 644/1065/644 611/1032/611 610/1031/610 
f 644/1065/644 610/1031/610 643/1064/643 
f 645/1066/645 612/1033/612 611/1032/611 
f 645/1066/645 611/1032/611 644/1065/644 
f 646/1067/646 613/1034/613 612/1033/612 
f 646/1067/646 612/1033/612 645/1066/645 
f 648/1068/648 615/1035/615 614/1036/614 
f 648/1068/648 614/1036/614 647/1069/647 
f 649/1070/649 616/1037/616 615/1035/615 
f 649/1070/649 615/1035/615 648/1068/648 
f 650/1071/650 617/1038/617 616/1037/616 
f 650/1071/650 616/1037/616 649/1070/649 
f 651/1072/651 618/1039/618 617/1038/617 
f 651/1072/651 617/1038/617 650/1071/650 
f 652/1073/652 619/1040/619 618/1039/618 
f 652/1073/652 618/1039/618 651/1072/651 
f 653/1074/653 620/1041/620 619/1040/619 
f 653/1074/653 619/1040/619 652/1073/652 
f 654/1075/654 621/1042/621 620/1041/620 
f 654/1075/654 620/1041/620 653/1074/653 
f 655/1076/655 622/1043/622 621/1042/621 
f 655/1076/655 621/1042/621 654/1075/654 
f 656/1077/656 623/1044/623 622/1043/622 
f 656/1077/656 622/1043/622 655/1076/655 
f 657/1078/657 624/1045/624 623/1044/623 
f 657/1078/657 623/1044/623 656/1077/656 
f 658/1079/658 625/1046/625 624/1045/624 
f 658/1079/658 624/1045/624 657/1078/657 
f 659/1080/659 626/1047/626 625/1046/625 
f 659/1080/659 625/1046/625 658/1079/658 
f 660/1081/660 627/1048/627 626/1047/626 
f 660/1081/660 626/1047/626 659/1080/659 
f 661/1082/661 628/1049/628 627/1048/627 
f 661/1082/661 627/1048/627 660/1081/660 
f 662/1083/662 629/1050/629 628/1049/628 
f 662/1083/662 628/1049/628 661/1082/661 
f 663/1084/663 630/1051/630 629/1050/629 
f 663/1084/663 629/1050/629 662/1083/662 
f 664/1085/664 631/1052/631 630/1051/630 
f 664/1085/664 630/1051/630 663/1084/663 
f 665/1086/665 632/1053/632 631/1052/631 
f 665/1086/665 631/1052/631 664/1085/664 
f 666/1087/666 633/1054/633 632/1053/632 
f 666/1087/666 632/1053/632 665/1086/665 
f 667/1088/667 634/1055/634 633/1054/633 
f 667/1088/667 633/1054/633 666/1087/666 
f 668/1089/668 635/1056/635 634/1055/634 
f 668/1089/668 634/1055/634 667/1088/667 
f 669/1090/669 636/1057/636 635/1056/635 
f 669/1090/669 635/1056/635 668/1089/668 
f 670/1091/670 637/1058/637 636/1057/636 
f 670/1091/670 636/1057/636 669/1090/669 
f 671/1092/671 638/1059/638 637/1058/637 
f 671/1092/671 637/1058/637 670/1091/670 
f 672/1093/672 639/1060/639 638/1059/638 
f 672/1093/672 638/1059/638 671/1092/671 
f 673/1094/673 640/1061/640 639/1060/639 
f 673/1094/673 639/1060/639 672/1093/672 
f 674/1095/674 641/1062/641 640/1061/640 
f 674/1095/674 640/1061/640 673/1094/673 
f 675/1096/675 642/1063/642 641/1062/641 
f 675/1096/675 641/1062/641 674/1095/674 
f 676/1097/676 643/1064/643 642/1063/642 
f 676/1097/676 642/1063/642 675/1096/675 
f 677/1098/677 644/1065/644 643/1064/643 
f 677/1098/677 643/1064/643 676/1097/676 
f 678/1099/678 645/1066/645 644/1065/644 
f 678/1099/678 644/1065/644 677/1098/677 
f 679/1100/679 646/1067/646 645/1066/645 
f 679/1100/679 645/1066/645 678/1099/678 
f 681/1101/681 648/1068/648 647/1069/647 
f 681/1101/681 647/1069/647 680/1102/680 
f 682/1103/682 649/1070/649 648/1068/648 
f 682/1103/682 648/1068/648 681/1101/681 
f 683/1104/683 650/1071/650 649/1070/649 
f 683/1104/683 649/1070/649 682/1103/682 
f 684/1105/684 651/1072/651 650/1071/650 
f 684/1105/684 650/1071/650 683/1104/683 
f 685/1106/685 652/1073/652 651/1072/651 
f 685/1106/685 651/1072/651 684/1105/684 
f 686/1107/686 653/1074/653 652/1073/652 
f 686/1107/686 652/1073/652 685/1106/685 
f 687/1108/687 654/1075/654 653/1074/653 
f 687/1108/687 653/1074/653 686/1107/686 
f 688/1109/688 655/1076/655 654/1075/654 
f 688/1109/688 654/1075/654 687/1108/687 
f 689/1110/689 656/1077/656 655/1076/655 
f 689/1110/689 655/1076/655 688/1109/688 
f 690/1111/690 657/1078/657 656/1077/656 
f 690/1111/690 656/1077/656 689/1110/689 
f 691/1112/691 658/1079/658 657/1078/657 
f 691/1112/691 657/1078/657 690/1111/690 
f 692/1113/692 659/1080/659 658/1079/658 
f 692/1113/692 658/1079/658 691/1112/691 
f 693/1114/693 660/1081/660 659/1080/659 
f 693/1114/693 659/1080/659 692/1113/692 
f 694/1115/694 661/1082/661 660/1081/660 
f 694/1115/694 660/1081/660 693/1114/693 
f 695/1116/695 662/1083/662 661/1082/661 
f 695/1116/695 661/1082/661 694/1115/694 
f 696/1117/696 663/1084/663 662/1083/662 
f 696/1117/696 662/1083/662 695/1116/695 
f 697/1118/697 664/1085/664 663/1084/663 
f 697/1118/697 663/1084/663 696/1117/696 
f 698/1119/698 665/1086/665 664/1085/664 
f 698/1119/698 664/1085/664 697/1118/697 
f 699/1120/699 666/1087/666 665/1086/665 
f 699/1120/699 665/1086/665 698/1119/698 
f 700/1121/700 667/1088/667 666/1087/666 
f 700/1121/700 666/1087/666 699/1120/699 
f 701/1122/701 668/1089/668 667/1088/667 
f 701/1122/701 667/1088/667 700/1121/700 
f 702/1123/702 669/1090/669 668/1089/668 
f 702/1123/702 668/1089/668 701/1122/701 
f 703/1124/703 670/1091/670 669/1090/669 
f 703/1124/703 669/1090/669 702/1123/702 
f 704/1125/704 671/1092/671 670/1091/670 
f 704/1125/704 670/1091/670 703/1124/703 
f 705/1126/705 672/1093/672 671/1092/671 
f 705/1126/705 671/1092/671 704/1125/704 
f 706/1127/706 673/1094/673 672/1093/672 
f 706/1127/706 672/1093/672 705/1126/705 
f 707/1128/707 674/1095/674 673/1094/673 
f 707/1128/707 673/1094/673 706/1127/706 
f 708/1129/708 675/1096/675 674/1095/674 
f 708/1129/708 674/1095/674 707/1128/707 
f 709/1130/709 676/1097/676 675/1096/675 
f 709/1130/709 675/1096/675 708/1129/708 
f 710/1131/710 677/1098/677 676/1097/676 
f 710/1131/710 676/1097/676 709/1130/709 
f 711/1132/711 678/1099/678 677/1098/677 
f 711/1132/711 677/1098/677 710/1131/710 
f 712/1133/712 679/1100/679 678/1099/678 
f 712/1133/712 678/1099/678 711/1132/711 
f 714/1134/714 681/1101/681 680/1102/680 
f 714/1134/714 680/1102/680 713/1135/713 
f 715/1136/715 682/1103/682 681/1101/681 
f 715/1136/715 681/1101/681 714/1134/714 
f 716/1137/716 683/1104/683 682/1103/682 
f 716/1137/716 682/1103/682 715/1136/715 
f 717/1138/717 684/1105/684 683/1104/683 
f 717/1138/717 683/1104/683 716/1137/716 
f 718/1139/718 685/1106/685 684/1105/684 
f 718/1139/718 684/1105/684 717/1138/717 
f 719/1140/719 686/1107/686 685/1106/685 
f 719/1140/719 685/1106/685 718/1139/718 
f 720/1141/720 687/1108/687 686/1107/686 
f 720/1141/720 686/1107/686 719/1140/719 
f 721/1142/721 688/1109/688 687/1108/687 
f 721/1142/721 687/1108/687 720/1141/720 
f 722/1143/722 689/1110/689 688/1109/688 
f 722/1143/722 688/1109/688 721/1142/721 
f 723/1144/723 690/1111/690 689/1110/689 
f 723/1144/723 689/1110/689 722/1143/722 
f 724/1145/724 691/1112/691 690/1111/690 
f 724/1145/724 690/1111/690 723/1144/723 
f 725/1146/725 692/1113/692 691/1112/691 
f 725/1146/725 691/1112/691 724/1145/724 
f 726/1147/726 693/1114/693 692/1113/692 
f 726/1147/726 692/1113/692 725/1146/725 
f 727/1148/727 694/1115/694 693/1114/693 
f 727/1148/727 693/1114/693 726/1147/726 
f 728/1149/728 695/1116/695 694/1115/694 
f 728/1149/728 694/1115/694 727/1148/727 
f 729/1150/729 696/1117/696 695/1116/695 
f 729/1150/729 695/1116/695 728/1149/728 
f 730/1151/730 697/1118/697 696/1117/696 
f 730/1151/730 696/1117/696 729/1150/729 
f 731/1152/731 698/1119/698 697/1118/697 
f 731/1152/731 697/1118/697 730/1151/730 
f 732/1153/732 699/1120/699 698/1119/698 
f 732/1153/732 698/1119/698 731/1152/731 
f 733/1154/733 700/1121/700 699/1120/699 
f 733/1154/733 699/1120/699 732/1153/732 
f 734/1155/734 701/1122/701 700/1121/700 
f 734/1155/734 700/1121/700 733/1154/733 
f 735/1156/735 702/1123/702 701/1122/701 
f 735/1156/735 701/1122/701 734/1155/734 
f 736/1157/736 703/1124/703 702/1123/702 
f 736/1157/736 702/1123/702 735/1156/735 
f 737/1158/737 704/1125/704 703/1124/703 
f 737/1158/737 703/1124/703 736/1157/736 
f 738/1159/738 705/1126/705 704/1125/704 
f 738/1159/738 704/1125/704 737/1158/737 
f 739/1160/739 706/1127/706 705/1126/705 
f 739/1160/739 705/1126/705 738/1159/738 
f 740/1161/740 707/1128/707 706/1127/706 
f 740/1161/740 706/1127/706 739/1160/739 
f 741/1162/741 708/1129/708 707/1128/707 
f 741/1162/741 707/1128/707 740/1161/740 
f 742/1163/742 709/1130/709 708/1129/708 
f 742/1163/742 708/1129/708 741/1162/741 
f 743/1164/743 710/1131/710 709/1130/709 
f 743/1164/743 709/1130/709 742/1163/742 
f 744/1165/744 711/1132/711 710/1131/710 
f 744/1165/744 710/1131/710 743/1164/743 
f 745/1166/745 712/1133/712 711/1132/711 
f 745/1166/745 711/1132/711 744/1165/744 
f 747/1167/747 714/1134/714 713/1135/713 
f 747/1167/747 713/1135/713 746/1168/746 
f 748/1169/748 715/1136/715 714/1134/714 
f 748/1169/748 714/1134/714 747/1167/747 
f 749/1170/749 716/1137/716 715/1136/715 
f 749/1170/749 715/1136/715 748/1169/748 
f 750/1171/750 717/1138/717 716/1137/716 
f 750/1171/750 716/1137/716 749/1170/749 
f 751/1172/751 718/1139/718 717/1138/717 
f 751/1172/751 717/1138/717 750/1171/750 
f 752/1173/752 719/1140/719 718/1139/718 
f 752/1173/752 718/1139/718 751/1172/751 
f 753/1174/753 720/1141/720 719/1140/719 
f 753/1174/753 719/1140/719 752/1173/752 
f 754/1175/754 721/1142/721 720/1141/720 
f 754/1175/754 720/1141/720 753/1174/753 
f 755/1176/755 722/1143/722 721/1142/721 
f 755/1176/755 721/1142/721 754/1175/754 
f 756/1177/756 723/1144/723 722/1143/722 
f 756/1177/756 722/1143/722 755/1176/755 
f 757/1178/757 724/1145/724 723/1144/723 
f 757/1178/757 723/1144/723 756/1177/756 
f 758/1179/758 725/1146/725 724/1145/724 
f 758/1179/758 724/1145/724 757/1178/757 
f 759/1180/759 726/1147/726 725/1146/725 
f 759/1180/759 725/1146/725 758/1179/758 
f 760/1181/760 727/1148/727 726/1147/726 
f 760/1181/760 726/1147/726 759/1180/759 
f 761/1182/761 728/1149/728 727/1148/727 
f 761/1182/761 727/1148/727 760/1181/760 
f 762/1183/762 729/1150/729 728/1149/728 
f 762/1183/762 728/1149/728 761/1182/761 
f 763/1184/763 730/1151/730 729/1150/729 
f 763/1184/763 729/1150/729 762/1183/762 
f 764/1185/764 731/1152/731 730/1151/730 
f 764/1185/764 730/1151/730 763/1184/763 
f 765/1186/765 732/1153/732 731/1152/731 
f 765/1186/765 731/1152/731 764/1185/764 
f 766/1187/766 733/1154/733 732/1153/732 
f 766/1187/766 732/1153/732 765/1186/765 
f 767/1188/767 734/1155/734 733/1154/733 
f 767/1188/767 733/1154/733 766/1187/766 
f 768/1189/768 735/1156/735 734/1155/734 
f 768/1189/768 734/1155/734 767/1188/767 
f 769/1190/769 736/1157/736 735/1156/735 
f 769/1190/769 735/1156/735 768/1189/768 
f 770/1191/770 737/1158/737 736/1157/736 
f 770/1191/770 736/1157/736 769/1190/769 
f 771/1192/771 738/1159/738 737/1158/737 
f 771/1192/771 737/1158/737 770/1191/770 
f 772/1193/772 739/1160/739 738/1159/738 
f 772/1193/772 738/1159/738 771/1192/771 
f 773/1194/773 740/1161/740 739/1160/739 
f 773/1194/773 739/1160/739 772/1193/772 
f 774/1195/774 741/1162/741 740/1161/740 
f 774/1195/774 740/1161/740 773/1194/773 
f 775/1196/775 742/1163/742 741/1162/741 
f 775/1196/775 741/1162/741 774/1195/774 
f 776/1197/776 743/1164/743 742/1163/742 
f 776/1197/776 742/1163/742 775/1196/775 
f 777/1198/777 744/1165/744 743/1164/743 
f 777/1198/777 743/1164/743 776/1197/776 
f 778/1199/778 745/1166/745 744/1165/744 
f 778/1199/778 744/1165/744 777/1198/777 
f 780/1200/780 747/1167/747 746/1168/746 
f 780/1200/780 746/1168/746 779/1201/779 
f 781/1202/781 748/1169/748 747/1167/747 
f 781/1202/781 747/1167/747 780/1200/780 
f 782/1203/782 749/1170/749 748/1169/748 
f 782/1203/782 748/1169/748 781/1202/781 
f 783/1204/783 750/1171/750 749/1170/749 
f 783/1204/783 749/1170/749 782/1203/782 
f 784/1205/784 751/1172/751 750/1171/750 
f 784/1205/784 750/1171/750 783/1204/783 
f 785/1206/785 752/1173/752 751/1172/751 
f 785/1206/785 751/1172/751 784/1205/784 
f 786/1207/786 753/1174/753 752/1173/752 
f 786/1207/786 752/1173/752 785/1206/785 
f 787/1208/787 754/1175/754 753/1174/753 
f 787/1208/787 753/1174/753 786/1207/786 
f 788/1209/788 755/1176/755 754/1175/754 
f 788/1209/788 754/1175/754 787/1208/787 
f 789/1210/789 756/1177/756 755/1176/755 
f 789/1210/789 755/1176/755 788/1209/788 
f 790/1211/790 757/1178/757 756/1177/756 
f 790/1211/790 756/1177/756 789/1210/789 
f 791/1212/791 758/1179/758 757/1178/757 
f 791/1212/791 757/1178/757 790/1211/790 
f 792/1213/792 759/1180/759 758/1179/758 
f 792/1213/792 758/1179/758 791/1212/791 
f 793/1214/793 760/1181/760 759/1180/759 
f 793/1214/793 759/1180/759 792/1213/792 
f 794/1215/794 761/1182/761 760/1181/760 
f 794/1215/794 760/1181/760 793/1214/793 
f 795/1216/795 762/1183/762 761/1182/761 
f 795/1216/795 761/1182/761 794/1215/794 
f 796/1217/796 763/1184/763 762/1183/762 
f 796/1217/796 762/1183/762 795/1216/795 
f 797/1218/797 764/1185/764 763/1184/763 
f 797/1218/797 763/1184/763 796/1217/796 
f 798/1219/798 765/1186/765 764/1185/764 
f 798/1219/798 764/1185/764 797/1218/797 
f 799/1220/799 766/1187/766 765/1186/765 
f 799/1220/799 765/1186/765 798/1219/798 
f 800/1221/800 767/1188/767 766/1187/766 
f 800/1221/800 766/1187/766 799/1220/799 
f 801/1222/801 768/1189/768 767/1188/767 
f 801/1222/801 767/1188/767 800/1221/800 
f 802/1223/802 769/1190/769 768/1189/768 
f 802/1223/802 768/1189/768 801/1222/801 
f 803/1224/803 770/1191/770 769/1190/769 
f 803/1224/803 769/1190/769 802/1223/802 
f 804/1225/804 771/1192/771 770/1191/770 
f 804/1225/804 770/1191/770 803/1224/803 
f 805/1226/805 772/1193/772 771/1192/771 
f 805/1226/805 771/1192/771 804/1225/804 
f 806/1227/806 773/1194/773 772/1193/772 
f 806/1227/806 772/1193/772 805/1226/805 
f 807/1228/807 774/1195/774 773/1194/773 
f 807/1228/807 773/1194/773 806/1227/806 
f 808/1229/808 775/1196/775 774/1195/774 
f 808/1229/808 774/1195/774 807/1228/807 
f 809/1230/809 776/1197/776 775/1196/775 
f 809/1230/809 775/1196/775 808/1229/808 
f 810/1231/810 777/1198/777 776/1197/776 
f 810/1231/810 776/1197/776 809/1230/809 
f 811/1232/811 778/1199/778 777/1198/777 
f 811/1232/811 777/1198/777 810/1231/810 
f 813/1233/813 780/1200/780 779/1201/779 
f 813/1233/813 779/1201/779 812/1234/812 
f 814/1235/814 781/1202/781 780/1200/780 
f 814/1235/814 780/1200/780 813/1233/813 
f 815/1236/815 782/1203/782 781/1202/781 
f 815/1236/815 781/1202/781 814/1235/814 
f 816/1237/816 783/1204/783 782/1203/782 
f 816/1237/816 782/1203/782 815/1236/815 
f 817/1238/817 784/1205/784 783/1204/783 
f 817/1238/817 783/1204/783 816/1237/816 
f 818/1239/818 785/1206/785 784/1205/784 
f 818/1239/818 784/1205/784 817/1238/817 
f 819/1240/819 786/1207/786 785/1206/785 
f 819/1240/819 785/1206/785 818/1239/818 
f 820/1241/820 787/1208/787 786/1207/786 
f 820/1241/820 786/1207/786 819/1240/819 
f 821/1242/821 788/1209/788 787/1208/787 
f 821/1242/821 787/1208/787 820/1241/820 
f 822/1243/822 789/1210/789 788/1209/788 
f 822/1243/822 788/1209/788 821/1242/821 
f 823/1244/823 790/1211/790 789/1210/789 
f 823/1244/823 789/1210/789 822/1243/822 
f 824/1245/824 791/1212/791 790/1211/790 
f 824/1245/824 790/1211/790 823/1244/823 
f 825/1246/825 792/1213/792 791/1212/791 
f 825/1246/825 791/1212/791 824/1245/824 
f 826/1247/826 793/1214/793 792/1213/792 
f 826/1247/826 792/1213/792 825/1246/825 
f 827/1248/827 794/1215/794 793/1214/793 
f 827/1248/827 793/1214/793 826/1247/826 
f 828/1249/828 795/1216/795 794/1215/794 
f 828/1249/828 794/1215/794 827/1248/827 
f 829/1250/829 796/1217/796 795/1216/795 
f 829/1250/829 795/1216/795 828/1249/828 
f 830/1251/830 797/1218/797 796/1217/796 
f 830/1251/830 796/1217/796 829/1250/829 
f 831/1252/831 798/1219/798 797/1218/797 
f 831/1252/831 797/1218/797 830/1251/830 
f 832/1253/832 799/1220/799 798/1219/798 
f 832/1253/832 798/1219/798 831/1252/831 
f 833/1254/833 800/1221/800 799/1220/799 
f 833/1254/833 799/1220/799 832/1253/832 
f 834/1255/834 801/1222/801 800/1221/800 
f 834/1255/834 800/1221/800 833/1254/833 
f 835/1256/835 802/1223/802 801/1222/801 
f 835/1256/835 801/1222/801 834/1255/834 
f 836/1257/836 803/1224/803 802/1223/802 
f 836/1257/836 802/1223/802 835/1256/835 
f 837/1258/837 804/1225/804 803/1224/803 
f 837/1258/837 803/1224/803 836/1257/836 
f 838/1259/838 805/1226/805 804/1225/804 
f 838/1259/838 804/1225/804 837/1258/837 
f 839/1260/839 806/1227/806 805/1226/805 
f 839/1260/839 805/1226/805 838/1259/838 
f 840/1261/840 807/1228/807 806/1227/806 
f 840/1261/840 806/1227/806 839/1260/839 
f 841/1262/841 808/1229/808 807/1228/807 
f 841/1262/841 807/1228/807 840/1261/840 
f 842/1263/842 809/1230/809 808/1229/808 
f 842/1263/842 808/1229/808 841/1262/841 
f 843/1264/843 810/1231/810 809/1230/809 
f 843/1264/843 809/1230/809 842/1263/842 
f 844/1265/844 811/1232/811 810/1231/810 
f 844/1265/844 810/1231/810 843/1264/843 
f 846/1266/846 813/1233/813 812/1234/812 
f 846/1266/846 812/1234/812 845/1267/845 
f 847/1268/847 814/1235/814 813/1233/813 
f 847/1268/847 813/1233/813 846/1266/846 
f 848/1269/848 815/1236/815 814/1235/814 
f 848/1269/848 814/1235/814 847/1268/847 
f 849/1270/849 816/1237/816 815/1236/815 
f 849/1270/849 815/1236/815 848/1269/848 
f 850/1271/850 817/1238/817 816/1237/816 
f 850/1271/850 816/1237/816 849/1270/849 
f 851/1272/851 818/1239/818 817/1238/817 
f 851/1272/851 817/1238/817 850/1271/850 
f 852/1273/852 819/1240/819 818/1239/818 
f 852/1273/852 818/1239/818 851/1272/851 
f 853/1274/853 820/1241/820 819/1240/819 
f 853/1274/853 819/1240/819 852/1273/852 
f 854/1275/854 821/1242/821 820/1241/820 
f 854/1275/854 820/1241/820 853/1274/853 
f 855/1276/855 822/1243/822 821/1242/821 
f 855/1276/855 821/1242/821 854/1275/854 
f 856/1277/856 823/1244/823 822/1243/822 
f 856/1277/856 822/1243/822 855/1276/855 
f 857/1278/857 824/1245/824 823/1244/823 
f 857/1278/857 823/1244/823 856/1277/856 
f 858/1279/858 825/1246/825 824/1245/824 
f 858/1279/858 824/1245/824 857/1278/857 
f 859/1280/859 826/1247/826 825/1246/825 
f 859/1280/859 825/1246/825 858/1279/858 
f 860/1281/860 827/1248/827 826/1247/826 
f 860/1281/860 826/1247/826 859/1280/859 
f 861/1282/861 828/1249/828 827/1248/827 
f 861/1282/861 827/1248/827 860/1281/860 
f 862/1283/862 829/1250/829 828/1249/828 
f 862/1283/862 828/1249/828 861/1282/861 
f 863/1284/863 830/1251/830 829/1250/829 
f 863/1284/863 829/1250/829 862/1283/862 
f 864/1285/864 831/1252/831 830/1251/830 
f 864/1285/864 830/1251/830 863/1284/863 
f 865/1286/865 832/1253/832 831/1252/831 
f 865/1286/865 831/1252/831 864/1285/864 
f 866/1287/866 833/1254/833 832/1253/832 
f 866/1287/866 832/1253/832 865/1286/865 
f 867/1288/867 834/1255/834 833/1254/833 
f 867/1288/867 833/1254/833 866/1287/866 
f 868/1289/868 835/1256/835 834/1255/834 
f 868/1289/868 834/1255/834 867/1288/867 
f 869/1290/869 836/1257/836 835/1256/835 
f 869/1290/869 835/1256/835 868/1289/868 
f 870/1291/870 837/1258/837 836/1257/836 
f 870/1291/870 836/1257/836 869/1290/869 
f 871/1292/871 838/1259/838 837/1258/837 
f 871/1292/871 837/1258/837 870/1291/870 
f 872/1293/872 839/1260/839 838/1259/838 
f 872/1293/872 838/1259/838 871/1292/871 
f 873/1294/873 840/1261/840 839/1260/839 
f 873/1294/873 839/1260/839 872/1293/872 
f 874/1295/874 841/1262/841 840/1261/840 
f 874/1295/874 840/1261/840 873/1294/873 
f 875/1296/875 842/1263/842 841/1262/841 
f 875/1296/875 841/1262/841 874/1295/874 
f 876/1297/876 843/1264/843 842/1263/842 
f 876/1297/876 842/1263/842 875/1296/875 
f 877/1298/877 844/1265/844 843/1264/843 
f 877/1298/877 843/1264/843 876/1297/876 
f 879/1299/879 846/1266/846 845/1267/845 
f 879/1299/879 845/1267/845 878/1300/878 
f 880/1301/880 847/1268/847 846/1266/846 
f 880/1301/880 846/1266/846 879/1299/879 
f 881/1302/881 848/1269/848 847/1268/847 
f 881/1302/881 847/1268/847 880/1301/880 
f 882/1303/882 849/1270/849 848/1269/848 
f 882/1303/882 848/1269/848 881/1302/881 
f 883/1304/883 850/1271/850 849/1270/849 
f 883/1304/883 849/1270/849 882/1303/882 
f 884/1305/884 851/1272/851 850/1271/850 
f 884/1305/884 850/1271/850 883/1304/883 
f 885/1306/885 852/1273/852 851/1272/851 
f 885/1306/885 851/1272/851 884/1305/884 
f 886/1307/886 853/1274/853 852/1273/852 
f 886/1307/886 852/1273/852 885/1306/885 
f 887/1308/887 854/1275/854 853/1274/853 
f 887/1308/887 853/1274/853 886/1307/886 
f 888/1309/888 855/1276/855 854/1275/854 
f 888/1309/888 854/1275/854 887/1308/887 
f 889/1310/889 856/1277/856 855/1276/855 
f 889/1310/889 855/1276/855 888/1309/888 
f 890/1311/890 857/1278/857 856/1277/856 
f 890/1311/890 856/1277/856 889/1310/889 
f 891/1312/891 858/1279/858 857/1278/857 
f 891/1312/891 857/1278/857 890/1311/890 
f 892/1313/892 859/1280/859 858/1279/858 
f 892/1313/892 858/1279/858 891/1312/891 
f 893/1314/893 860/1281/860 859/1280/859 
f 893/1314/893 859/1280/859 892/1313/892 
f 894/1315/894 861/1282/861 860/1281/860 
f 894/1315/894 860/1281/860 893/1314/893 
f 895/1316/895 862/1283/862 861/1282/861 
f 895/1316/895 861/1282/861 894/1315/894 
f 896/1317/896 863/1284/863 862/1283/862 
f 896/1317/896 862/1283/862 895/1316/895 
f 897/1318/897 864/1285/864 863/1284/863 
f 897/1318/897 863/1284/863 896/1317/896 
f 898/1319/898 865/1286/865 864/1285/864 
f 898/1319/898 864/1285/864 897/1318/897 
f 899/1320/899 866/1287/866 865/1286/865 
f 899/1320/899 865/1286/865 898/1319/898 
f 900/1321/900 867/1288/867 866/1287/866 
f 900/1321/900 866/1287/866 899/1320/899 
f 901/1322/901 868/1289/868 867/1288/867 
f 901/1322/901 867/1288/867 900/1321/900 
f 902/1323/902 869/1290/869 868/1289/868 
f 902/1323/902 868/1289/868 901/1322/901 
f 903/1324/903 870/1291/870 869/1290/869 
f 903/1324/903 869/1290/869 902/1323/902 
f 904/1325/904 871/1292/871 870/1291/870 
f 904/1325/904 870/1291/870 903/1324/903 
f 905/1326/905 872/1293/872 871/1292/871 
f 905/1326/905 871/1292/871 904/1325/904 
f 906/1327/906 873/1294/873 872/1293/872 
f 906/1327/906 872/1293/872 905/1326/905 
f 907/1328/907 874/1295/874 873/1294/873 
f 907/1328/907 873/1294/873 906/1327/906 
f 908/1329/908 875/1296/875 874/1295/874 
f 908/1329/908 874/1295/874 907/1328/907 
f 909/1330/909 876/1297/876 875/1296/875 
f 909/1330/909 875/1296/875 908/1329/908 
f 910/1331/910 877/1298/877 876/1297/876 
f 910/1331/910 876/1297/876 909/1330/909 
f 912/1332/912 879/1299/879 878/1300/878 
f 912/1332/912 878/1300/878 911/1333/911 
f 913/1334/913 880/1301/880 879/1299/879 
f 913/1334/913 879/1299/879 912/1332/912 
f 914/1335/914 881/1302/881 880/1301/880 
f 914/1335/914 880/1301/880 913/1334/913 
f 915/1336/915 882/1303/882 881/1302/881 
f 915/1336/915 881/1302/881 914/1335/914 
f 916/1337/916 883/1304/883 882/1303/882 
f 916/1337/916 882/1303/882 915/1336/915 
f 917/1338/917 884/1305/884 883/1304/883 
f 917/1338/917 883/1304/883 916/1337/916 
f 918/1339/918 885/1306/885 884/1305/884 
f 918/1339/918 884/1305/884 917/1338/917 
f 919/1340/919 886/1307/886 885/1306/885 
f 919/1340/919 885/1306/885 918/1339/918 
f 920/1341/920 887/1308/887 886/1307/886 
f 920/1341/920 886/1307/886 919/1340/919 
f 921/1342/921 888/1309/888 887/1308/887 
f 921/1342/921 887/1308/887 920/1341/920 
f 922/1343/922 889/1310/889 888/1309/888 
f 922/1343/922 888/1309/888 921/1342/921 
f 923/1344/923 890/1311/890 889/1310/889 
f 923/1344/923 889/1310/889 922/1343/922 
f 924/1345/924 891/1312/891 890/1311/890 
f 924/1345/924 890/1311/890 923/1344/923 
f 925/1346/925 892/1313/892 891/1312/891 
f 925/1346/925 891/1312/891 924/1345/924 
f 926/1347/926 893/1314/893 892/1313/892 
f 926/1347/926 892/1313/892 925/1346/925 
f 927/1348/927 894/1315/894 893/1314/893 
f 927/1348/927 893/1314/893 926/1347/926 
f 928/1349/928 895/1316/895 894/1315/894 
f 928/1349/928 894/1315/894 927/1348/927 
f 929/1350/929 896/1317/896 895/1316/895 
f 929/1350/929 895/1316/895 928/1349/928 
f 930/1351/930 897/1318/897 896/1317/896 
f 930/1351/930 896/1317/896 929/1350/929 
f 931/1352/931 898/1319/898 897/1318/897 
f 931/1352/931 897/1318/897 930/1351/930 
f 932/1353/932 899/1320/899 898/1319/898 
f 932/1353/932 898/1319/898 931/1352/931 
f 933/1354/933 900/1321/900 899/1320/899 
f 933/1354/933 899/1320/899 932/1353/932 
f 934/1355/934 901/1322/901 900/1321/900 
f 934/1355/934 900/1321/900 933/1354/933 
f 935/1356/935 902/1323/902 901/1322/901 
f 935/1356/935 901/1322/901 934/1355/934 
f 936/1357/936 903/1324/903 902/1323/902 
f 936/1357/936 902/1323/902 935/1356/935 
f 937/1358/937 904/1325/904 903/1324/903 
f 937/1358/937 903/1324/903 936/1357/936 
f 938/1359/938 905/1326/905 904/1325/904 
f 938/1359/938 904/1325/904 937/1358/937 
f 939/1360/939 906/1327/906 905/1326/905 
f 939/1360/939 905/1326/905 938/1359/938 
f 940/1361/940 907/1328/907 906/1327/906 
f 940/1361/940 906/1327/906 939/1360/939 
f 941/1362/941 908/1329/908 907/1328/907 
f 941/1362/941 907/1328/907 940/1361/940 
f 942/1363/942 909/1330/909 908/1329/908 
f 942/1363/942 908/1329/908 941/1362/941 
f 943/1364/943 910/1331/910 909/1330/909 
f 943/1364/943 909/1330/909 942/1363/942 
f 945/1365/945 912/1332/912 911/1333/911 
f 945/1365/945 911/1333/911 944/1366/944 
f 946/1367/946 913/1334/913 912/1332/912 
f 946/1367/946 912/1332/912 945/1365/945 
f 947/1368/947 914/1335/914 913/1334/913 
f 947/1368/947 913/1334/913 946/1367/946 
f 948/1369/948 915/1336/915 914/1335/914 
f 948/1369/948 914/1335/914 947/1368/947 
f 949/1370/949 916/1337/916 915/1336/915 
f 949/1370/949 915/1336/915 948/1369/948 
f 950/1371/950 917/1338/917 916/1337/916 
f 950/1371/950 916/1337/916 949/1370/949 
f 951/1372/951 918/1339/918 917/1338/917 
f 951/1372/951 917/1338/917 950/1371/950 
f 952/1373/952 919/1340/919 918/1339/918 
f 952/1373/952 918/1339/918 951/1372/951 
f 953/1374/953 920/1341/920 919/1340/919 
f 953/1374/953 919/1340/919 952/1373/952 
f 954/1375/954 921/1342/921 920/1341/920 
f 954/1375/954 920/1341/920 953/1374/953 
f 955/1376/955 922/1343/922 921/1342/921 
f 955/1376/955 921/1342/921 954/1375/954 
f 956/1377/956 923/1344/923 922/1343/922 
f 956/1377/956 922/1343/922 955/1376/955 
f 957/1378/957 924/1345/924 923/1344/923 
f 957/1378/957 923/1344/923 956/1377/956 
f 958/1379/958 925/1346/925 924/1345/924 
f 958/1379/958 924/1345/924 957/1378/957 
f 959/1380/959 926/1347/926 925/1346/925 
f 959/1380/959 925/1346/925 958/1379/958 
f 960/1381/960 927/1348/927 926/1347/926 
f 960/1381/960 926/1347/926 959/1380/959 
f 961/1382/961 928/1349/928 927/1348/927 
f 961/1382/961 927/1348/927 960/1381/960 
f 962/1383/962 929/1350/929 928/1349/928 
f 962/1383/962 928/1349/928 961/1382/961 
f 963/1384/963 930/1351/930 929/1350/929 
f 963/1384/963 929/1350/929 962/1383/962 
f 964/1385/964 931/1352/931 930/1351/930 
f 964/1385/964 930/1351/930 963/1384/963 
f 965/1386/965 932/1353/932 931/1352/931 
f 965/1386/965 931/1352/931 964/1385/964 
f 966/1387/966 933/1354/933 932/1353/932 
f 966/1387/966 932/1353/932 965/1386/965 
f 967/1388/967 934/1355/934 933/1354/933 
f 967/1388/967 933/1354/933 966/1387/966 
f 968/1389/968 935/1356/935 934/1355/934 
f 968/1389/968 934/1355/934 967/1388/967 
f 969/1390/969 936/1357/936 935/1356/935 
f 969/1390/969 935/1356/935 968/1389/968 
f 970/1391/970 937/1358/937 936/1357/936 
f 970/1391/970 936/1357/936 969/1390/969 
f 971/1392/971 938/1359/938 937/1358/937 
f 971/1392/971 937/1358/937 970/1391/970 
f 972/1393/972 939/1360/939 938/1359/938 
f 972/1393/972 938/1359/938 971/1392/971 
f 973/1394/973 940/1361/940 939/1360/939 
f 973/1394/973 939/1360/939 972/1393/972 
f 974/1395/974 941/1362/941 940/1361/940 
f 974/1395/974 940/1361/940 973/1394/973 
f 975/1396/975 942/1363/942 941/1362/941 
f 975/1396/975 941/1362/941 974/1395/974 
f 976/1397/976 943/1364/943 942/1363/942 
f 976/1397/976 942/1363/942 975/1396/975 
f 978/1398/978 945/1365/945 944/1366/944 
f 978/1398/978 944/1366/944 977/1399/977 
f 979/1400/979 946/1367/946 945/1365/945 
f 979/1400/979 945/1365/945 978/1398/978 
f 980/1401/980 947/1368/947 946/1367/946 
f 980/1401/980 946/1367/946 979/1400/979 
f 981/1402/981 948/1369/948 947/1368/947 
f 981/1402/981 947/1368/947 980/1401/980 
f 982/1403/982 949/1370/949 948/1369/948 
f 982/1403/982 948/1369/948 981/1402/981 
f 983/1404/983 950/1371/950 949/1370/949 
f 983/1404/983 949/1370/949 982/1403/982 
f 984/1405/984 951/1372/951 950/1371/950 
f 984/1405/984 950/1371/950 983/1404/983 
f 985/1406/985 952/1373/952 951/1372/951 
f 985/1406/985 951/1372/951 984/1405/984 
f 986/1407/986 953/1374/953 952/1373/952 
f 986/1407/986 952/1373/952 985/1406/985 
f 987/1408/987 954/1375/954 953/1374/953 
f 987/1408/987 953/1374/953 986/1407/986 
f 988/1409/988 955/1376/955 954/1375/954 
f 988/1409/988 954/1375/954 987/1408/987 
f 989/1410/989 956/1377/956 955/1376/955 
f 989/1410/989 955/1376/955 988/1409/988 
f 990/1411/990 957/1378/957 956/1377/956 
f 990/1411/990 956/1377/956 989/1410/989 
f 991/1412/991 958/1379/958 957/1378/957 
f 991/1412/991 957/1378/957 990/1411/990 
f 992/1413/992 959/1380/959 958/1379/958 
f 992/1413/992 958/1379/958 991/1412/991 
f 993/1414/993 960/1381/960 959/1380/959 
f 993/1414/993 959/1380/959 992/1413/992 
f 994/1415/994 961/1382/961 960/1381/960 
f 994/1415/994 960/1381/960 993/1414/993 
f 995/1416/995 962/1383/962 961/1382/961 
f 995/1416/995 961/1382/961 994/1415/994 
f 996/1417/996 963/1384/963 962/1383/962 
f 996/1417/996 962/1383/962 995/1416/995 
f 997/1418/997 964/1385/964 963/1384/963 
f 997/1418/997 963/1384/963 996/1417/996 
f 998/1419/998 965/1386/965 964/1385/964 
f 998/1419/998 964/1385/964 997/1418/997 
f 999/1420/999 966/1387/966 965/1386/965 
f 999/1420/999 965/1386/965 998/1419/998 
f 1000/1421/1000 967/1388/967 966/1387/966 
f 1000/1421/1000 966/1387/966 999/1420/999 
f 1001/1422/1001 968/1389/968 967/1388/967 
f 1001/1422/1001 967/1388/967 1000/1421/1000 
f 1002/1423/1002 969/1390/969 968/1389/968 
f 1002/1423/1002 968/1389/968 1001/1422/1001 
f 1003/1424/1003 970/1391/970 969/1390/969 
f 1003/1424/1003 969/1390/969 1002/1423/1002 
f 1004/1425/1004 971/1392/971 970/1391/970 
f 1004/1425/1004 970/1391/970 1003/1424/1003 
f 1005/1426/1005 972/1393/972 971/1392/971 
f 1005/1426/1005 971/1392/971 1004/1425/1004 
f 1006/1427/1006 973/1394/973 972/1393/972 
f 1006/1427/1006 972/1393/972 1005/1426/1005 
f 1007/1428/1007 974/1395/974 973/1394/973 
f 1007/1428/1007 973/1394/973 1006/1427/1006 
f 1008/1429/1008 975/1396/975 974/1395/974 
f 1008/1429/1008 974/1395/974 1007/1428/1007 
f 1009/1430/1009 976/1397/976 975/1396/975 
f 1009/1430/1009 975/1396/975 1008/1429/1008 
f 1011/1431/1011 978/1398/978 977/1399/977 
f 1011/1431/1011 977/1399/977 1010/1432/1010 
f 1012/1433/1012 979/1400/979 978/1398/978 
f 1012/1433/1012 978/1398/978 1011/1431/1011 
f 1013/1434/1013 980/1401/980 979/1400/979 
f 1013/1434/1013 979/1400/979 1012/1433/1012 
f 1014/1435/1014 981/1402/981 980/1401/980 
f 1014/1435/1014 980/1401/980 1013/1434/1013 
f 1015/1436/1015 982/1403/982 981/1402/981 
f 1015/1436/1015 981/1402/981 1014/1435/1014 
f 1016/1437/1016 983/1404/983 982/1403/982 
f 1016/1437/1016 982/1403/982 1015/1436/1015 
f 1017/1438/1017 984/1405/984 983/1404/983 
f 1017/1438/1017 983/1404/983 1016/1437/1016 
f 1018/1439/1018 985/1406/985 984/1405/984 
f 1018/1439/1018 984/1405/984 1017/1438/1017 
f 1019/1440/1019 986/1407/986 985/1406/985 
f 1019/1440/1019 985/1406/985 1018/1439/1018 
f 1020/1441/1020 987/1408/987 986/1407/986 
f 1020/1441/1020 986/1407/986 1019/1440/1019 
f 1021/1442/1021 988/1409/988 987/1408/987 
f 1021/1442/1021 987/1408/987 1020/1441/1020 
f 1022/1443/1022 989/1410/989 988/1409/988 
f 1022/1443/1022 988/1409/988 1021/1442/1021 
f 1023/1444/1023 990/1411/990 989/1410/989 
f 1023/1444/1023 989/1410/989 1022/1443/1022 
f 1024/1445/1024 991/1412/991 990/1411/990 
f 1024/1445/1024 990/1411/990 1023/1444/1023 
f 1025/1446/1025 992/1413/992 991/1412/991 
f 1025/1446/1025 991/1412/991 1024/1445/1024 
f 1026/1447/1026 993/1414/993 992/1413/992 
f 1026/1447/1026 992/1413/992 1025/1446/1025 
f 1027/1448/1027 994/1415/994 993/1414/993 
f 1027/1448/1027 993/1414/993 1026/1447/1026 
f 1028/1449/1028 995/1416/995 994/1415/994 
f 1028/1449/1028 994/1415/994 1027/1448/1027 
f 1029/1450/1029 996/1417/996 995/1416/995 
f 1029/1450/1029 995/1416/995 1028/1449/1028 
f 1030/1451/1030 997/1418/997 996/1417/996 
f 1030/1451/1030 996/1417/996 1029/1450/1029 
f 1031/1452/1031 998/1419/998 997/1418/997 
f 1031/1452/1031 997/1418/997 1030/1451/1030 
f 1032/1453/1032 999/1420/999 998/1419/998 
f 1032/1453/1032 998/1419/998 1031/1452/1031 
f 1033/1454/1033 1000/1421/1000 999/1420/999 
f 1033/1454/1033 999/1420/999 1032/1453/1032 
f 1034/1455/1034 1001/1422/1001 1000/1421/1000 
f 1034/1455/1034 1000/1421/1000 1033/1454/1033 
f 1035/1456/1035 1002/1423/1002 1001/1422/1001 
f 1035/1456/1035 1001/1422/1001 1034/1455/1034 
f 1036/1457/1036 1003/1424/1003 1002/1423/1002 
f 1036/1457/1036 1002/1423/1002 1035/1456/1035 
f 1037/1458/1037 1004/1425/1004 1003/1424/1003 
f 1037/1458/1037 1003/1424/1003 1036/1457/1036 
f 1038/1459/1038 1005/1426/1005 1004/1425/1004 
f 1038/1459/1038 1004/1425/1004 1037/1458/1037 
f 1039/1460/1039 1006/1427/1006 1005/1426/1005 
f 1039/1460/1039 1005/1426/1005 1038/1459/1038 
f 1040/1461/1040 1007/1428/1007 1006/1427/1006 
f 1040/1461/1040 1006/1427/1006 1039/1460/1039 
f 1041/1462/1041 1008/1429/1008 1007/1428/1007 
f 1041/1462/1041 1007/1428/1007 1040/1461/1040 
f 1042/1463/1042 1009/1430/1009 1008/1429/1008 
f 1042/1463/1042 1008/1429/1008 1041/1462/1041 
f 1044/1464/1044 1011/1431/1011 1010/1432/1010 
f 1044/1464/1044 1010/1432/1010 1043/1465/1043 
f 1045/1466/1045 1012/1433/1012 1011/1431/1011 
f 1045/1466/1045 1011/1431/1011 1044/1464/1044 
f 1046/1467/1046 1013/1434/1013 1012/1433/1012 
f 1046/1467/1046 1012/1433/1012 1045/1466/1045 
f 1047/1468/1047 1014/1435/1014 1013/1434/1013 
f 1047/1468/1047 1013/1434/1013 1046/1467/1046 
f 1048/1469/1048 1015/1436/1015 1014/1435/1014 
f 1048/1469/1048 1014/1435/1014 1047/1468/1047 
f 1049/1470/1049 1016/1437/1016 1015/1436/1015 
f 1049/1470/1049 1015/1436/1015 1048/1469/1048 
f 1050/1471/1050 1017/1438/1017 1016/1437/1016 
f 1050/1471/1050 1016/1437/1016 1049/1470/1049 
f 1051/1472/1051 1018/1439/1018 1017/1438/1017 
f 1051/1472/1051 1017/1438/1017 1050/1471/1050 
f 1052/1473/1052 1019/1440/1019 1018/1439/1018 
f 1052/1473/1052 1018/1439/1018 1051/1472/1051 
f 1053/1474/1053 1020/1441/1020 1019/1440/1019 
f 1053/1474/1053 1019/1440/1019 1052/1473/1052 
f 1054/1475/1054 1021/1442/1021 1020/1441/1020 
f 1054/1475/1054 1020/1441/1020 1053/1474/1053 
f 1055/1476/1055 1022/1443/1022 1021/1442/1021 
f 1055/1476/1055 1021/1442/1021 1054/1475/1054 
f 1056/1477/1056 1023/1444/1023 1022/1443/1022 
f 1056/1477/1056 1022/1443/1022 1055/1476/1055 
f 1057/1478/1057 1024/1445/1024 1023/1444/1023 
f 1057/1478/1057 1023/1444/1023 1056/1477/1056 
f 1058/1479/1058 1025/1446/1025 1024/1445/1024 
f 1058/1479/1058 1024/1445/1024 1057/1478/1057 
f 1059/1480/1059 1026/1447/1026 1025/1446/1025 
f 1059/1480/1059 1025/1446/1025 1058/1479/1058 
f 1060/1481/1060 1027/1448/1027 1026/1447/1026 
f 1060/1481/1060 1026/1447/1026 1059/1480/1059 
f 1061/1482/1061 1028/1449/1028 1027/1448/1027 
f 1061/1482/1061 1027/1448/1027 1060/1481/1060 
f 1062/1483/1062 1029/1450/1029 1028/1449/1028 
f 1062/1483/1062 1028/1449/1028 1061/1482/1061 
f 1063/1484/1063 1030/1451/1030 1029/1450/1029 
f 1063/1484/1063 1029/1450/1029 1062/1483/1062 
f 1064/1485/1064 1031/1452/1031 1030/1451/1030 
f 1064/1485/1064 1030/1451/1030 1063/1484/1063 
f 1065/1486/1065 1032/1453/1032 1031/1452/1031 
f 1065/1486/1065 1031/1452/1031 1064/1485/1064 
f 1066/1487/1066 1033/1454/1033 1032/1453/1032 
f 1066/1487/1066 1032/1453/1032 1065/1486/1065 
f 1067/1488/1067 1034/1455/1034 1033/1454/1033 
f 1067/1488/1067 1033/1454/1033 1066/1487/1066 
f 1068/1489/1068 1035/1456/1035 1034/1455/1034 
f 1068/1489/1068 1034/1455/1034 1067/1488/1067 
f 1069/1490/1069 1036/1457/1036 1035/1456/1035 
f 1069/1490/1069 1035/1456/1035 1068/1489/1068 
f 1070/1491/1070 1037/1458/1037 1036/1457/1036 
f 1070/1491/1070 1036/1457/1036 1069/1490/1069 
f 1071/1492/1071 1038/1459/1038 1037/1458/1037 
f 1071/1492/1071 1037/1458/1037 1070/1491/1070 
f 1072/1493/1072 1039/1460/1039 1038/1459/1038 
f 1072/1493/1072 1038/1459/1038 1071/1492/1071 
f 1073/1494/1073 1040/1461/1040 1039/1460/1039 
f 1073/1494/1073 1039/1460/1039 1072/1493/1072 
f 1074/1495/1074 1041/1462/1041 1040/1461/1040 
f 1074/1495/1074 1040/1461/1040 1073/1494/1073 
f 1075/1496/1075 1042/1463/1042 1041/1462/1041 
f 1075/1496/1075 1041/1462/1041 1074/1495/1074 
f 1077/1497/1077 1044/1464/1044 1043/1465/1043 
f 1077/1497/1077 1043/1465/1043 1076/1498/1076 
f 1078/1499/1078 1045/1466/1045 1044/1464/1044 
f 1078/1499/1078 1044/1464/1044 1077/1497/1077 
f 1079/1500/1079 1046/1467/1046 1045/1466/1045 
f 1079/1500/1079 1045/1466/1045 1078/1499/1078 
f 1080/1501/1080 1047/1468/1047 1046/1467/1046 
f 1080/1501/1080 1046/1467/1046 1079/1500/1079 
f 1081/1502/1081 1048/1469/1048 1047/1468/1047 
f 1081/1502/1081 1047/1468/1047 1080/1501/1080 
f 1082/1503/1082 1049/1470/1049 1048/1469/1048 
f 1082/1503/1082 1048/1469/1048 1081/1502/1081 
f 1083/1504/1083 1050/1471/1050 1049/1470/1049 
f 1083/1504/1083 1049/1470/1049 1082/1503/1082 
f 1084/1505/1084 1051/1472/1051 1050/1471/1050 
f 1084/1505/1084 1050/1471/1050 1083/1504/1083 
f 1085/1506/1085 1052/1473/1052 1051/1472/1051 
f 1085/1506/1085 1051/1472/1051 1084/1505/1084 
f 1086/1507/1086 1053/1474/1053 1052/1473/1052 
f 1086/1507/1086 1052/1473/1052 1085/1506/1085 
f 1087/1508/1087 1054/1475/1054 1053/1474/1053 
f 1087/1508/1087 1053/1474/1053 1086/1507/1086 
f 1088/1509/1088 1055/1476/1055 1054/1475/1054 
f 1088/1509/1088 1054/1475/1054 1087/1508/1087 
f 1089/1510/1089 1056/1477/1056 1055/1476/1055 
f 1089/1510/1089 1055/1476/1055 1088/1509/1088 
f 1090/1511/1090 1057/1478/1057 1056/1477/1056 
f 1090/1511/1090 1056/1477/1056 1089/1510/1089 
f 1091/1512/1091 1058/1479/1058 1057/1478/1057 
f 1091/1512/1091 1057/1478/1057 1090/1511/1090 
f 1092/1513/1092 1059/1480/1059 1058/1479/1058 
f 1092/1513/1092 1058/1479/1058 1091/1512/1091 
f 1093/1514/1093 1060/1481/1060 1059/1480/1059 
f 1093/1514/1093 1059/1480/1059 1092/1513/1092 
f 1094/1515/1094 1061/1482/1061 1060/1481/1060 
f 1094/1515/1094 1060/1481/1060 1093/1514/1093 
f 1095/1516/1095 1062/1483/1062 1061/1482/1061 
f 1095/1516/1095 1061/1482/1061 1094/1515/1094 
f 1096/1517/1096 1063/1484/1063 1062/1483/1062 
f 1096/1517/1096 1062/1483/1062 1095/1516/1095 
f 1097/1518/1097 1064/1485/1064 1063/1484/1063 
f 1097/1518/1097 1063/1484/1063 1096/1517/1096 
f 1098/1519/1098 1065/1486/1065 1064/1485/1064 
f 1098/1519/1098 1064/1485/1064 1097/1518/1097 
f 1099/1520/1099 1066/1487/1066 1065/1486/1065 
f 1099/1520/1099 1065/1486/1065 1098/1519/1098 
f 1100/1521/1100 1067/1488/1067 1066/1487/1066 
f 1100/1521/1100 1066/1487/1066 1099/1520/1099 
f 1101/1522/1101 1068/1489/1068 1067/1488/1067 
f 1101/1522/1101 1067/1488/1067 1100/1521/1100 
f 1102/1523/1102 1069/1490/1069 1068/1489/1068 
f 1102/1523/1102 1068/1489/1068 1101/1522/1101 
f 1103/1524/1103 1070/1491/1070 1069/1490/1069 
f 1103/1524/1103 1069/1490/1069 1102/1523/1102 
f 1104/1525/1104 1071/1492/1071 1070/1491/1070 
f 1104/1525/1104 1070/1491/1070 1103/1524/1103 
f 1105/1526/1105 1072/1493/1072 1071/1492/1071 
f 1105/1526/1105 1071/1492/1071 1104/1525/1104 
f 1106/1527/1106 1073/1494/1073 1072/1493/1072 
f 1106/1527/1106 1072/1493/1072 1105/1526/1105 
f 1107/1528/1107 1074/1495/1074 1073/1494/1073 
f 1107/1528/1107 1073/1494/1073 1106/1527/1106 
f 1108/1529/1108 1075/1496/1075 1074/1495/1074 
f 1108/1529/1108 1074/1495/1074 1107/1528/1107 
f 1110/1530/1110 1077/1497/1077 1076/1498/1076 
f 1110/1530/1110 1076/1498/1076 1109/1531/1109 
f 1111/1532/1111 1078/1499/1078 1077/1497/1077 
f 1111/1532/1111 1077/1497/1077 1110/1530/1110 
f 1112/1533/1112 1079/1500/1079 1078/1499/1078 
f 1112/1533/1112 1078/1499/1078 1111/1532/1111 
f 1113/1534/1113 1080/1501/1080 1079/1500/1079 
f 1113/1534/1113 1079/1500/1079 1112/1533/1112 
f 1114/1535/1114 1081/1502/1081 1080/1501/1080 
f 1114/1535/1114 1080/1501/1080 1113/1534/1113 
f 1115/1536/1115 1082/1503/1082 1081/1502/1081 
f 1115/1536/1115 1081/1502/1081 1114/1535/1114 
f 1116/1537/1116 1083/1504/1083 1082/1503/1082 
f 1116/1537/1116 1082/1503/1082 1115/1536/1115 
f 1117/1538/1117 1084/1505/1084 1083/1504/1083 
f 1117/1538/1117 1083/1504/1083 1116/1537/1116 
f 1118/1539/1118 1085/1506/1085 1084/1505/1084 
f 1118/1539/1118 1084/1505/1084 1117/1538/1117 
f 1119/1540/1119 1086/1507/1086 1085/1506/1085 
f 1119/1540/1119 1085/1506/1085 1118/1539/1118 
f 1120/1541/1120 1087/1508/1087 1086/1507/1086 
f 1120/1541/1120 1086/1507/1086 1119/1540/1119 
f 1121/1542/1121 1088/1509/1088 1087/1508/1087 
f 1121/1542/1121 1087/1508/1087 1120/1541/1120 
f 1122/1543/1122 1089/1510/1089 1088/1509/1088 
f 1122/1543/1122 1088/1509/1088 1121/1542/1121 
f 1123/1544/1123 1090/1511/1090 1089/1510/1089 
f 1123/1544/1123 1089/1510/1089 1122/1543/1122 
f 1124/1545/1124 1091/1512/1091 1090/1511/1090 
f 1124/1545/1124 1090/1511/1090 1123/1544/1123 
f 1125/1546/1125 1092/1513/1092 1091/1512/1091 
f 1125/1546/1125 1091/1512/1091 1124/1545/1124 
f 1126/1547/1126 1093/1514/1093 1092/1513/1092 
f 1126/1547/1126 1092/1513/1092 1125/1546/1125 
f 1127/1548/1127 1094/1515/1094 1093/1514/1093 
f 1127/1548/1127 1093/1514/1093 1126/1547/1126 
f 1128/1549/1128 1095/1516/1095 1094/1515/1094 
f 1128/1549/1128 1094/1515/1094 1127/1548/1127 
f 1129/1550/1129 1096/1517/1096 1095/1516/1095 
f 1129/1550/1129 1095/1516/1095 1128/1549/1128 
f 1130/1551/1130 1097/1518/1097 1096/1517/1096 
f 1130/1551/1130 1096/1517/1096 1129/1550/1129 
f 1131/1552/1131 1098/1519/1098 1097/1518/1097 
f 1131/1552/1131 1097/1518/1097 1130/1551/1130 
f 1132/1553/1132 1099/1520/1099 1098/1519/1098 
f 1132/1553/1132 1098/1519/1098 1131/1552/1131 
f 1133/1554/1133 1100/1521/1100 1099/1520/1099 
f 1133/1554/1133 1099/1520/1099 1132/1553/1132 
f 1134/1555/1134 1101/1522/1101 1100/1521/1100 
f 1134/1555/1134 1100/1521/1100 1133/1554/1133 
f 1135/1556/1135 1102/1523/1102 1101/1522/1101 
f 1135/1556/1135 1101/1522/1101 1134/1555/1134 
f 1136/1557/1136 1103/1524/1103 1102/1523/1102 
f 1136/1557/1136 1102/1523/1102 1135/1556/1135 
f 1137/1558/1137 1104/1525/1104 1103/1524/1103 
f 1137/1558/1137 1103/1524/1103 1136/1557/1136 
f 1138/1559/1138 1105/1526/1105 1104/1525/1104 
f 1138/1559/1138 1104/1525/1104 1137/1558/1137 
f 1139/1560/1139 1106/1527/1106 1105/1526/1105 
f 1139/1560/1139 1105/1526/1105 1138/1559/1138 
f 1140/1561/1140 1107/1528/1107 1106/1527/1106 
f 1140/1561/1140 1106/1527/1106 1139/1560/1139 
f 1141/1562/1141 1108/1529/1108 1107/1528/1107 
f 1141/1562/1141 1107/1528/1107 1140/1561/1140 
f 1143/1563/1143 1110/1530/1110 1109/1531/1109 
f 1143/1563/1143 1109/1531/1109 1142/1564/1142 
f 1144/1565/1144 1111/1532/1111 1110/1530/1110 
f 1144/1565/1144 1110/1530/1110 1143/1563/1143 
f 1145/1566/1145 1112/1533/1112 1111/1532/1111 
f 1145/1566/1145 1111/1532/1111 1144/1565/1144 
f 1146/1567/1146 1113/1534/1113 1112/1533/1112 
f 1146/1567/1146 1112/1533/1112 1145/1566/1145 
f 1147/1568/1147 1114/1535/1114 1113/1534/1113 
f 1147/1568/1147 1113/1534/1113 1146/1567/1146 
f 1148/1569/1148 1115/1536/1115 1114/1535/1114 
f 1148/1569/1148 1114/1535/1114 1147/1568/1147 
f 1149/1570/1149 1116/1537/1116 1115/1536/1115 
f 1149/1570/1149 1115/1536/1115 1148/1569/1148 
f 1150/1571/1150 1117/1538/1117 1116/1537/1116 
f 1150/1571/1150 1116/1537/1116 1149/1570/1149 
f 1151/1572/1151 1118/1539/1118 1117/1538/1117 
f 1151/1572/1151 1117/1538/1117 1150/1571/1150 
f 1152/1573/1152 1119/1540/1119 1118/1539/1118 
f 1152/1573/1152 1118/1539/1118 1151/1572/1151 
f 1153/1574/1153 1120/1541/1120 1119/1540/1119 
f 1153/1574/1153 1119/1540/1119 1152/1573/1152 
f 1154/1575/1154 1121/1542/1121 1120/1541/1120 
f 1154/1575/1154 1120/1541/1120 1153/1574/1153 
f 1155/1576/1155 1122/1543/1122 1121/1542/1121 
f 1155/1576/1155 1121/1542/1121 1154/1575/1154 
f 1156/1577/1156 1123/1544/1123 1122/1543/1122 
f 1156/1577/1156 1122/1543/1122 1155/1576/1155 
f 1157/1578/1157 1124/1545/1124 1123/1544/1123 
f 1157/1578/1157 1123/1544/1123 1156/1577/1156 
f 1158/1579/1158 1125/1546/1125 1124/1545/1124 
f 1158/1579/1158 1124/1545/1124 1157/1578/1157 
f 1159/1580/1159 1126/1547/1126 1125/1546/1125 
f 1159/1580/1159 1125/1546/1125 1158/1579/1158 
f 1160/1581/1160 1127/1548/1127 1126/1547/1126 
f 1160/1581/1160 1126/1547/1126 1159/1580/1159 
f 1161/1582/1161 1128/1549/1128 1127/1548/1127 
f 1161/1582/1161 1127/1548/1127 1160/1581/1160 
f 1162/1583/1162 1129/1550/1129 1128/1549/1128 
f 1162/1583/1162 1128/1549/1128 1161/1582/1161 
f 1163/1584/1163 1130/1551/1130 1129/1550/1129 
f 1163/1584/1163 1129/1550/1129 1162/1583/1162 
f 1164/1585/1164 1131/1552/1131 1130/1551/1130 
f 1164/1585/1164 1130/1551/1130 1163/1584/1163 
f 1165/1586/1165 1132/1553/1132 1131/1552/1131 
f 1165/1586/1165 1131/1552/1131 1164/1585/1164 
f 1166/1587/1166 1133/1554/1133 1132/1553/1132 
f 1166/1587/1166 1132/1553/1132 1165/1586/1165 
f 1167/1588/1167 1134/1555/1134 1133/1554/1133 
f 1167/1588/1167 1133/1554/1133 1166/1587/1166 
f 1168/1589/1168 1135/1556/1135 1134/1555/1134 
f 1168/1589/1168 1134/1555/1134 1167/1588/1167 
f 1169/1590/1169 1136/1557/1136 1135/1556/1135 
f 1169/1590/1169 1135/1556/1135 1168/1589/1168 
f 1170/1591/1170 1137/1558/1137 1136/1557/1136 
f 1170/1591/1170 1136/1557/1136 1169/1590/1169 
f 1171/1592/1171 1138/1559/1138 1137/1558/1137 
f 1171/1592/1171 1137/1558/1137 1170/1591/1170 
f 1172/1593/1172 1139/1560/1139 1138/1559/1138 
f 1172/1593/1172 1138/1559/1138 1171/1592/1171 
f 1173/1594/1173 1140/1561/1140 1139/1560/1139 
f 1173/1594/1173 1139/1560/1139 1172/1593/1172 
f 1174/1595/1174 1141/1562/1141 1140/1561/1140 
f 1174/1595/1174 1140/1561/1140 1173/1594/1173 
f 1176/1596/1176 1143/1563/1143 1142/1564/1142 
f 1176/1596/1176 1142/1564/1142 1175/1597/1175 
f 1177/1598/1177 1144/1565/1144 1143/1563/1143 
f 1177/1598/1177 1143/1563/1143 1176/1596/1176 
f 1178/1599/1178 1145/1566/1145 1144/1565/1144 
f 1178/1599/1178 1144/1565/1144 1177/1598/1177 
f 1179/1600/1179 1146/1567/1146 1145/1566/1145 
f 1179/1600/1179 1145/1566/1145 1178/1599/1178 
f 1180/1601/1180 1147/1568/1147 1146/1567/1146 
f 1180/1601/1180 1146/1567/1146 1179/1600/1179 
f 1181/1602/1181 1148/1569/1148 1147/1568/1147 
f 1181/1602/1181 1147/1568/1147 1180/1601/1180 
f 1182/1603/1182 1149/1570/1149 1148/1569/1148 
f 1182/1603/1182 1148/1569/1148 1181/1602/1181 
f 1183/1604/1183 1150/1571/1150 1149/1570/1149 
f 1183/1604/1183 1149/1570/1149 1182/1603/1182 
f 1184/1605/1184 1151/1572/1151 1150/1571/1150 
f 1184/1605/1184 1150/1571/1150 1183/1604/1183 
f 1185/1606/1185 1152/1573/1152 1151/1572/1151 
f 1185/1606/1185 1151/1572/1151 1184/1605/1184 
f 1186/1607/1186 1153/1574/1153 1152/1573/1152 
f 1186/1607/1186 1152/1573/1152 1185/1606/1185 
f 1187/1608/1187 1154/1575/1154 1153/1574/1153 
f 1187/1608/1187 1153/1574/1153 1186/1607/1186 
f 1188/1609/1188 1155/1576/1155 1154/1575/1154 
f 1188/1609/1188 1154/1575/1154 1187/1608/1187 
f 1189/1610/1189 1156/1577/1156 1155/1576/1155 
f 1189/1610/1189 1155/1576/1155 1188/1609/1188 
f 1190/1611/1190 1157/1578/1157 1156/1577/1156 
f 1190/1611/1190 1156/1577/1156 1189/1610/1189 
f 1191/1612/1191 1158/1579/1158 1157/1578/1157 
f 1191/1612/1191 1157/1578/1157 1190/1611/1190 
f 1192/1613/1192 1159/1580/1159 1158/1579/1158 
f 1192/1613/1192 1158/1579/1158 1191/1612/1191 
f 1193/1614/1193 1160/1581/1160 1159/1580/1159 
f 1193/1614/1193 1159/1580/1159 1192/1613/1192 
f 1194/1615/1194 1161/1582/1161 1160/1581/1160 
f 1194/1615/1194 1160/1581/1160 1193/1614/1193 
f 1195/1616/1195 1162/1583/1162 1161/1582/1161 
f 1195/1616/1195 1161/1582/1161 1194/1615/1194 
f 1196/1617/1196 1163/1584/1163 1162/1583/1162 
f 1196/1617/1196 1162/1583/1162 1195/1616/1195 
f 1197/1618/1197 1164/1585/1164 1163/1584/1163 
f 1197/1618/1197 1163/1584/1163 1196/1617/1196 
f 1198/1619/1198 1165/1586/1165 1164/1585/1164 
f 1198/1619/1198 1164/1585/1164 1197/1618/1197 
f 1199/1620/1199 1166/1587/1166 1165/1586/1165 
f 1199/1620/1199 1165/1586/1165 1198/1619/1198 
f 1200/1621/1200 1167/1588/1167 1166/1587/1166 
f 1200/1621/1200 1166/1587/1166 1199/1620/1199 
f 1201/1622/1201 1168/1589/1168 1167/1588/1167 
f 1201/1622/1201 1167/1588/1167 1200/1621/1200 
f 1202/1623/1202 1169/1590/1169 1168/1589/1168 
f 1202/1623/1202 1168/1589/1168 1201/1622/1201 
f 1203/1624/1203 1170/1591/1170 1169/1590/1169 
f 1203/1624/1203 1169/1590/1169 1202/1623/1202 
f 1204/1625/1204 1171/1592/1171 1170/1591/1170 
f 1204/1625/1204 1170/1591/1170 1203/1624/1203 
f 1205/1626/1205 1172/1593/1172 1171/1592/1171 
f 1205/1626/1205 1171/1592/1171 1204/1625/1204 
f 1206/1627/1206 1173/1594/1173 1172/1593/1172 
f 1206/1627/1206 1172/1593/1172 1205/1626/1205 
f 1207/1628/1207 1174/1595/1174 1173/1594/1173 
f 1207/1628/1207 1173/1594/1173 1206/1627/1206 
f 1209/1629/1209 1176/1596/1176 1175/1597/1175 
f 1209/1629/1209 1175/1597/1175 1208/1630/1208 
f 1210/1631/1210 1177/1598/1177 1176/1596/1176 
f 1210/1631/1210 1176/1596/1176 1209/1629/1209 
f 1211/1632/1211 1178/1599/1178 1177/1598/1177 
f 1211/1632/1211 1177/1598/1177 1210/1631/1210 
f 1212/1633/1212 1179/1600/1179 1178/1599/1178 
f 1212/1633/1212 1178/1599/1178 1211/1632/1211 
f 1213/1634/1213 1180/1601/1180 1179/1600/1179 
f 1213/1634/1213 1179/1600/1179 1212/1633/1212 
f 1214/1635/1214 1181/1602/1181 1180/1601/1180 
f 1214/1635/1214 1180/1601/1180 1213/1634/1213 
f 1215/1636/1215 1182/1603/1182 1181/1602/1181 
f 1215/1636/1215 1181/1602/1181 1214/1635/1214 
f 1216/1637/1216 1183/1604/1183 1182/1603/1182 
f 1216/1637/1216 1182/1603/1182 1215/1636/1215 
f 1217/1638/1217 1184/1605/1184 1183/1604/1183 
f 1217/1638/1217 1183/1604/1183 1216/1637/1216 
f 1218/1639/1218 1185/1606/1185 1184/1605/1184 
f 1218/1639/1218 1184/1605/1184 1217/1638/1217 
f 1219/1640/1219 1186/1607/1186 1185/1606/1185 
f 1219/1640/1219 1185/1606/1185 1218/1639/1218 
f 1220/1641/1220 1187/1608/1187 1186/1607/1186 
f 1220/1641/1220 1186/1607/1186 1219/1640/1219 
f 1221/1642/1221 1188/1609/1188 1187/1608/1187 
f 1221/1642/1221 1187/1608/1187 1220/1641/1220 
f 1222/1643/1222 1189/1610/1189 1188/1609/1188 
f 1222/1643/1222 1188/1609/1188 1221/1642/1221 
f 1223/1644/1223 1190/1611/1190 1189/1610/1189 
f 1223/1644/1223 1189/1610/1189 1222/1643/1222 
f 1224/1645/1224 1191/1612/1191 1190/1611/1190 
f 1224/1645/1224 1190/1611/1190 1223/1644/1223 
f 1225/1646/1225 1192/1613/1192 1191/1612/1191 
f 1225/1646/1225 1191/1612/1191 1224/1645/1224 
f 1226/1647/1226 1193/1614/1193 1192/1613/1192 
f 1226/1647/1226 1192/1613/1192 1225/1646/1225 
f 1227/1648/1227 1194/1615/1194 1193/1614/1193 
f 1227/1648/1227 1193/1614/1193 1226/1647/1226 
f 1228/1649/1228 1195/1616/1195 1194/1615/1194 
f 1228/1649/1228 1194/1615/1194 1227/1648/1227 
f 1229/1650/1229 1196/1617/1196 1195/1616/1195 
f 1229/1650/1229 1195/1616/1195 1228/1649/1228 
f 1230/1651/1230 1197/1618/1197 1196/1617/1196 
f 1230/1651/1230 1196/1617/1196 1229/1650/1229 
f 1231/1652/1231 1198/1619/1198 1197/1618/1197 
f 1231/1652/1231 1197/1618/1197 1230/1651/1230 
f 1232/1653/1232 1199/1620/1199 1198/1619/1198 
f 1232/1653/1232 1198/1619/1198 1231/1652/1231 
f 1233/1654/1233 1200/1621/1200 1199/1620/1199 
f 1233/1654/1233 1199/1620/1199 1232/1653/1232 
f 1234/1655/1234 1201/1622/1201 1200/1621/1200 
f 1234/1655/1234 1200/1621/1200 1233/1654/1233 
f 1235/1656/1235 1202/1623/1202 1201/1622/1201 
f 1235/1656/1235 1201/1622/1201 1234/1655/1234 
f 1236/1657/1236 1203/1624/1203 1202/1623/1202 
f 1236/1657/1236 1202/1623/1202 1235/1656/1235 
f 1237/1658/1237 1204/1625/1204 1203/1624/1203 
f 1237/1658/1237 1203/1624/1203 1236/1657/1236 
f 1238/1659/1238 1205/1626/1205 1204/1625/1204 
f 1238/1659/1238 1204/1625/1204 1237/1658/1237 
f 1239/1660/1239 1206/1627/1206 1205/1626/1205 
f 1239/1660/1239 1205/1626/1205 1238/1659/1238 
f 1240/1661/1240 1207/1628/1207 1206/1627/1206 
f 1240/1661/1240 1206/1627/1206 1239/1660/1239 
f 1242/1662/1242 1209/1629/1209 1208/1630/1208 
f 1242/1662/1242 1208/1630/1208 1241/1663/1241 
f 1243/1664/1243 1210/1631/1210 1209/1629/1209 
f 1243/1664/1243 1209/1629/1209 1242/1662/1242 
f 1244/1665/1244 1211/1632/1211 1210/1631/1210 
f 1244/1665/1244 1210/1631/1210 1243/1664/1243 
f 1245/1666/1245 1212/1633/1212 1211/1632/1211 
f 1245/1666/1245 1211/1632/1211 1244/1665/1244 
f 1246/1667/1246 1213/1634/1213 1212/1633/1212 
f 1246/1667/1246 1212/1633/1212 1245/1666/1245 
f 1247/1668/1247 1214/1635/1214 1213/1634/1213 
f 1247/1668/1247 1213/1634/1213 1246/1667/1246 
f 1248/1669/1248 1215/1636/1215 1214/1635/1214 
f 1248/1669/1248 1214/1635/1214 1247/1668/1247 
f 1249/1670/1249 1216/1637/1216 1215/1636/1215 
f 1249/1670/1249 1215/1636/1215 1248/1669/1248 
f 1250/1671/1250 1217/1638/1217 1216/1637/1216 
f 1250/1671/1250 1216/1637/1216 1249/1670/1249 
f 1251/1672/1251 1218/1639/1218 1217/1638/1217 
f 1251/1672/1251 1217/1638/1217 1250/1671/1250 
f 1252/1673/1252 1219/1640/1219 1218/1639/1218 
f 1252/1673/1252 1218/1639/1218 1251/1672/1251 
f 1253/1674/1253 1220/1641/1220 1219/1640/1219 
f 1253/1674/1253 1219/1640/1219 1252/1673/1252 
f 1254/1675/1254 1221/1642/1221 1220/1641/1220 
f 1254/1675/1254 1220/1641/1220 1253/1674/1253 
f 1255/1676/1255 1222/1643/1222 1221/1642/1221 
f 1255/1676/1255 1221/1642/1221 1254/1675/1254 
f 1256/1677/1256 1223/1644/1223 1222/1643/1222 
f 1256/1677/1256 1222/1643/1222 1255/1676/1255 
f 1257/1678/1257 1224/1645/1224 1223/1644/1223 
f 1257/1678/1257 1223/1644/1223 1256/1677/1256 
f 1258/1679/1258 1225/1646/1225 1224/1645/1224 
f 1258/1679/1258 1224/1645/1224 1257/1678/1257 
f 1259/1680/1259 1226/1647/1226 1225/1646/1225 
f 1259/1680/1259 1225/1646/1225 1258/1679/1258 
f 1260/1681/1260 1227/1648/1227 1226/1647/1226 
f 1260/1681/1260 1226/1647/1226 1259/1680/1259 
f 1261/1682/1261 1228/1649/1228 1227/1648/1227 
f 1261/1682/1261 1227/1648/1227 1260/1681/1260 
f 1262/1683/1262 1229/1650/1229 1228/1649/1228 
f 1262/1683/1262 1228/1649/1228 1261/1682/1261 
f 1263/1684/1263 1230/1651/1230 1229/1650/1229 
f 1263/1684/1263 1229/1650/1229 1262/1683/1262 
f 1264/1685/1264 1231/1652/1231 1230/1651/1230 
f 1264/1685/1264 1230/1651/1230 1263/1684/1263 
f 1265/1686/1265 1232/1653/1232 1231/1652/1231 
f 1265/1686/1265 1231/1652/1231 1264/1685/1264 
f 1266/1687/1266 1233/1654/1233 1232/1653/1232 
f 1266/1687/1266 1232/1653/1232 1265/1686/1265 
f 1267/1688/1267 1234/1655/1234 1233/1654/1233 
f 1267/1688/1267 1233/1654/1233 1266/1687/1266 
f 1268/1689/1268 1235/1656/1235 1234/1655/1234 
f 1268/1689/1268 1234/1655/1234 1267/1688/1267 
f 1269/1690/1269 1236/1657/1236 1235/1656/1235 
f 1269/1690/1269 1235/1656/1235 1268/1689/1268 
f 1270/1691/1270 1237/1658/1237 1236/1657/1236 
f 1270/1691/1270 1236/1657/1236 1269/1690/1269 
f 1271/1692/1271 1238/1659/1238 1237/1658/1237 
f 1271/1692/1271 1237/1658/1237 1270/1691/1270 
f 1272/1693/1272 1239/1660/1239 1238/1659/1238 
f 1272/1693/1272 1238/1659/1238 1271/1692/1271 
f 1273/1694/1273 1240/1661/1240 1239/1660/1239 
f 1273/1694/1273 1239/1660/1239 1272/1693/1272 
f 1275/1695/1275 1242/1662/1242 1241/1663/1241 
f 1275/1695/1275 1241/1663/1241 1274/1696/1274 
f 1276/1697/1276 1243/1664/1243 1242/1662/1242 
f 1276/1697/1276 1242/1662/1242 1275/1695/1275 
f 1277/1698/1277 1244/1665/1244 1243/1664/1243 
f 1277/1698/1277 1243/1664/1243 1276/1697/1276 
f 1278/1699/1278 1245/1666/1245 1244/1665/1244 
f 1278/1699/1278 1244/1665/1244 1277/1698/1277 
f 1279/1700/1279 1246/1667/1246 1245/1666/1245 
f 1279/1700/1279 1245/1666/1245 1278/1699/1278 
f 1280/1701/1280 1247/1668/1247 1246/1667/1246 
f 1280/1701/1280 1246/1667/1246 1279/1700/1279 
f 1281/1702/1281 1248/1669/1248 1247/1668/1247 
f 1281/1702/1281 1247/1668/1247 1280/1701/1280 
f 1282/1703/1282 1249/1670/1249 1248/1669/1248 
f 1282/1703/1282 1248/1669/1248 1281/1702/1281 
f 1283/1704/1283 1250/1671/1250 1249/1670/1249 
f 1283/1704/1283 1249/1670/1249 1282/1703/1282 
f 1284/1705/1284 1251/1672/1251 1250/1671/1250 
f 1284/1705/1284 1250/1671/1250 1283/1704/1283 
f 1285/1706/1285 1252/1673/1252 1251/1672/1251 
f 1285/1706/1285 1251/1672/1251 1284/1705/1284 
f 1286/1707/1286 1253/1674/1253 1252/1673/1252 
f 1286/1707/1286 1252/1673/1252 1285/1706/1285 
f 1287/1708/1287 1254/1675/1254 1253/1674/1253 
f 1287/1708/1287 1253/1674/1253 1286/1707/1286 
f 1288/1709/1288 1255/1676/1255 1254/1675/1254 
f 1288/1709/1288 1254/1675/1254 1287/1708/1287 
f 1289/1710/1289 1256/1677/1256 1255/1676/1255 
f 1289/1710/1289 1255/1676/1255 1288/1709/1288 
f 1290/1711/1290 1257/1678/1257 1256/1677/1256 
f 1290/1711/1290 1256/1677/1256 1289/1710/1289 
f 1291/1712/1291 1258/1679/1258 1257/1678/1257 
f 1291/1712/1291 1257/1678/1257 1290/1711/1290 
f 1292/1713/1292 1259/1680/1259 1258/1679/1258 
f 1292/1713/1292 1258/1679/1258 1291/1712/1291 
f 1293/1714/1293 1260/1681/1260 1259/1680/1259 
f 1293/1714/1293 1259/1680/1259 1292/1713/1292 
f 1294/1715/1294 1261/1682/1261 1260/1681/1260 
f 1294/1715/1294 1260/1681/1260 1293/1714/1293 
f 1295/1716/1295 1262/1683/1262 1261/1682/1261 
f 1295/1716/1295 1261/1682/1261 1294/1715/1294 
f 1296/1717/1296 1263/1684/1263 1262/1683/1262 
f 1296/1717/1296 1262/1683/1262 1295/1716/1295 
f 1297/1718/1297 1264/1685/1264 1263/1684/1263 
f 1297/1718/1297 1263/1684/1263 1296/1717/1296 
f 1298/1719/1298 1265/1686/1265 1264/1685/1264 
f 1298/1719/1298 1264/1685/1264 1297/1718/1297 
f 1299/1720/1299 1266/1687/1266 1265/1686/1265 
f 1299/1720/1299 1265/1686/1265 1298/1719/1298 
f 1300/1721/1300 1267/1688/1267 1266/1687/1266 
f 1300/1721/1300 1266/1687/1266 1299/1720/1299 
f 1301/1722/1301 1268/1689/1268 1267/1688/1267 
f 1301/1722/1301 1267/1688/1267 1300/1721/1300 
f 1302/1723/1302 1269/1690/1269 1268/1689/1268 
f 1302/1723/1302 1268/1689/1268 1301/1722/1301 
f 1303/1724/1303 1270/1691/1270 1269/1690/1269 
f 1303/1724/1303 1269/1690/1269 1302/1723/1302 
f 1304/1725/1304 1271/1692/1271 1270/1691/1270 
f 1304/1725/1304 1270/1691/1270 1303/1724/1303 
f 1305/1726/1305 1272/1693/1272 1271/1692/1271 
f 1305/1726/1305 1271/1692/1271 1304/1725/1304 
f 1306/1727/1306 1273/1694/1273 1272/1693/1272 
f 1306/1727/1306 1272/1693/1272 1305/1726/1305 
f 1308/1728/1308 1275/1695/1275 1274/1696/1274 
f 1308/1728/1308 1274/1696/1274 1307/1729/1307 
f 1309/1730/1309 1276/1697/1276 1275/1695/1275 
f 1309/1730/1309 1275/1695/1275 1308/1728/1308 
f 1310/1731/1310 1277/1698/1277 1276/1697/1276 
f 1310/1731/1310 1276/1697/1276 1309/1730/1309 
f 1311/1732/1311 1278/1699/1278 1277/1698/1277 
f 1311/1732/1311 1277/1698/1277 1310/1731/1310 
f 1312/1733/1312 1279/1700/1279 1278/1699/1278 
f 1312/1733/1312 1278/1699/1278 1311/1732/1311 
f 1313/1734/1313 1280/1701/1280 1279/1700/1279 
f 1313/1734/1313 1279/1700/1279 1312/1733/1312 
f 1314/1735/1314 1281/1702/1281 1280/1701/1280 
f 1314/1735/1314 1280/1701/1280 1313/1734/1313 
f 1315/1736/1315 1282/1703/1282 1281/1702/1281 
f 1315/1736/1315 1281/1702/1281 1314/1735/1314 
f 1316/1737/1316 1283/1704/1283 1282/1703/1282 
f 1316/1737/1316 1282/1703/1282 1315/1736/1315 
f 1317/1738/1317 1284/1705/1284 1283/1704/1283 
f 1317/1738/1317 1283/1704/1283 1316/1737/1316 
f 1318/1739/1318 1285/1706/1285 1284/1705/1284 
f 1318/1739/1318 1284/1705/1284 1317/1738/1317 
f 1319/1740/1319 1286/1707/1286 1285/1706/1285 
f 1319/1740/1319 1285/1706/1285 1318/1739/1318 
f 1320/1741/1320 1287/1708/1287 1286/1707/1286 
f 1320/1741/1320 1286/1707/1286 1319/1740/1319 
f 1321/1742/1321 1288/1709/1288 1287/1708/1287 
f 1321/1742/1321 1287/1708/1287 1320/1741/1320 
f 1322/1743/1322 1289/1710/1289 1288/1709/1288 
f 1322/1743/1322 1288/1709/1288 1321/1742/1321 
f 1323/1744/1323 1290/1711/1290 1289/1710/1289 
f 1323/1744/1323 1289/1710/1289 1322/1743/1322 
f 1324/1745/1324 1291/1712/1291 1290/1711/1290 
f 1324/1745/1324 1290/1711/1290 1323/1744/1323 
f 1325/1746/1325 1292/1713/1292 1291/1712/1291 
f 1325/1746/1325 1291/1712/1291 1324/1745/1324 
f 1326/1747/1326 1293/1714/1293 1292/1713/1292 
f 1326/1747/1326 1292/1713/1292 1325/1746/1325 
f 1327/1748/1327 1294/1715/1294 1293/1714/1293 
f 1327/1748/1327 1293/1714/1293 1326/1747/1326 
f 1328/1749/1328 1295/1716/1295 1294/1715/1294 
f 1328/1749/1328 1294/1715/1294 1327/1748/1327 
f 1329/1750/1329 1296/1717/1296 1295/1716/1295 
f 1329/1750/1329 1295/1716/1295 1328/1749/1328 
f 1330/1751/1330 1297/1718/1297 1296/1717/1296 
f 1330/1751/1330 1296/1717/1296 1329/1750/1329 
f 1331/1752/1331 1298/1719/1298 1297/1718/1297 
f 1331/1752/1331 1297/1718/1297 1330/1751/1330 
f 1332/1753/1332 1299/1720/1299 1298/1719/1298 
f 1332/1753/1332 1298/1719/1298 1331/1752/1331 
f 1333/1754/1333 1300/1721/1300 1299/1720/1299 
f 1333/1754/1333 1299/1720/1299 1332/1753/1332 
f 1334/1755/1334 1301/1722/1301 1300/1721/1300 
f 1334/1755/1334 1300/1721/1300 1333/1754/1333 
f 1335/1756/1335 1302/1723/1302 1301/1722/1301 
f 1335/1756/1335 1301/1722/1301 1334/1755/1334 
f 1336/1757/1336 1303/1724/1303 1302/1723/1302 
f 1336/1757/1336 1302/1723/1302 1335/1756/1335 
f 1337/1758/1337 1304/1725/1304 1303/1724/1303 
f 1337/1758/1337 1303/1724/1303 1336/1757/1336 
f 1338/1759/1338 1305/1726/1305 1304/1725/1304 
f 1338/1759/1338 1304/1725/1304 1337/1758/1337 
f 1339/1760/1339 1306/1727/1306 1305/1726/1305 
f 1339/1760/1339 1305/1726/1305 1338/1759/1338 
f 1341/1761/1341 1308/1728/1308 1307/1729/1307 
f 1341/1761/1341 1307/1729/1307 1340/1762/1340 
f 1342/1763/1342 1309/1730/1309 1308/1728/1308 
f 1342/1763/1342 1308/1728/1308 1341/1761/1341 
f 1343/1764/1343 1310/1731/1310 1309/1730/1309 
f 1343/1764/1343 1309/1730/1309 1342/1763/1342 
f 1344/1765/1344 1311/1732/1311 1310/1731/1310 
f 1344/1765/1344 1310/1731/1310 1343/1764/1343 
f 1345/1766/1345 1312/1733/1312 1311/1732/1311 
f 1345/1766/1345 1311/1732/1311 1344/1765/1344 
f 1346/1767/1346 1313/1734/1313 1312/1733/1312 
f 1346/1767/1346 1312/1733/1312 1345/1766/1345 
f 1347/1768/1347 1314/1735/1314 1313/1734/1313 
f 1347/1768/1347 1313/1734/1313 1346/1767/1346 
f 1348/1769/1348 1315/1736/1315 1314/1735/1314 
f 1348/1769/1348 1314/1735/1314 1347/1768/1347 
f 1349/1770/1349 1316/1737/1316 1315/1736/1315 
f 1349/1770/1349 1315/1736/1315 1348/1769/1348 
f 1350/1771/1350 1317/1738/1317 1316/1737/1316 
f 1350/1771/1350 1316/1737/1316 1349/1770/1349 
f 1351/1772/1351 1318/1739/1318 1317/1738/1317 
f 1351/1772/1351 1317/1738/1317 1350/1771/1350 
f 1352/1773/1352 1319/1740/1319 1318/1739/1318 
f 1352/1773/1352 1318/1739/1318 1351/1772/1351 
f 1353/1774/1353 1320/1741/1320 1319/1740/1319 
f 1353/1774/1353 1319/1740/1319 1352/1773/1352 
f 1354/1775/1354 1321/1742/1321 1320/1741/1320 
f 1354/1775/1354 1320/1741/1320 1353/1774/1353 
f 1355/1776/1355 1322/1743/1322 1321/1742/1321 
f 1355/1776/1355 1321/1742/1321 1354/1775/1354 
f 1356/1777/1356 1323/1744/1323 1322/1743/1322 
f 1356/1777/1356 1322/1743/1322 1355/1776/1355 
f 1357/1778/1357 1324/1745/1324 1323/1744/1323 
f 1357/1778/1357 1323/1744/1323 1356/1777/1356 
f 1358/1779/1358 1325/1746/1325 1324/1745/1324 
f 1358/1779/1358 1324/1745/1324 1357/1778/1357 
f 1359/1780/1359 1326/1747/1326 1325/1746/1325 
f 1359/1780/1359 1325/1746/1325 1358/1779/1358 
f 1360/1781/1360 1327/1748/1327 1326/1747/1326 
f 1360/1781/1360 1326/1747/1326 1359/1780/1359 
f 1361/1782/1361 1328/1749/1328 1327/1748/1327 
f 1361/1782/1361 1327/1748/1327 1360/1781/1360 
f 1362/1783/1362 1329/1750/1329 1328/1749/1328 
f 1362/1783/1362 1328/1749/1328 1361/1782/1361 
f 1363/1784/1363 1330/1751/1330 1329/1750/1329 
f 1363/1784/1363 1329/1750/1329 1362/1783/1362 
f 1364/1785/1364 1331/1752/1331 1330/1751/1330 
f 1364/1785/1364 1330/1751/1330 1363/1784/1363 
f 1365/1786/1365 1332/1753/1332 1331/1752/1331 
f 1365/1786/1365 1331/1752/1331 1364/1785/1364 
f 1366/1787/1366 1333/1754/1333 1332/1753/1332 
f 1366/1787/1366 1332/1753/1332 1365/1786/1365 
f 1367/1788/1367 1334/1755/1334 1333/1754/1333 
f 1367/1788/1367 1333/1754/1333 1366/1787/1366 
f 1368/1789/1368 1335/1756/1335 1334/1755/1334 
f 1368/1789/1368 1334/1755/1334 1367/1788/1367 
f 1369/1790/1369 1336/1757/1336 1335/1756/1335 
f 1369/1790/1369 1335/1756/1335 1368/1789/1368 
f 1370/1791/1370 1337/1758/1337 1336/1757/1336 
f 1370/1791/1370 1336/1757/1336 1369/1790/1369 
f 1371/1792/1371 1338/1759/1338 1337/1758/1337 
f 1371/1792/1371 1337/1758/1337 1370/1791/1370 
f 1372/1793/1372 1339/1760/1339 1338/1759/1338 
f 1372/1793/1372 1338/1759/1338 1371/1792/1371 
f 1374/1794/1374 1341/1761/1341 1340/1762/1340 
f 1374/1794/1374 1340/1762/1340 1373/1795/1373 
f 1375/1796/1375 1342/1763/1342 1341/1761/1341 
f 1375/1796/1375 1341/1761/1341 1374/1794/1374 
f 1376/1797/1376 1343/1764/1343 1342/1763/1342 
f 1376/1797/1376 1342/1763/1342 1375/1796/1375 
f 1377/1798/1377 1344/1765/1344 1343/1764/1343 
f 1377/1798/1377 1343/1764/1343 1376/1797/1376 
f 1378/1799/1378 1345/1766/1345 1344/1765/1344 
f 1378/1799/1378 1344/1765/1344 1377/1798/1377 
f 1379/1800/1379 1346/1767/1346 1345/1766/1345 
f 1379/1800/1379 1345/1766/1345 1378/1799/1378 
f 1380/1801/1380 1347/1768/1347 1346/1767/1346 
f 1380/1801/1380 1346/1767/1346 1379/1800/1379 
f 1381/1802/1381 1348/1769/1348 1347/1768/1347 
f 1381/1802/1381 1347/1768/1347 1380/1801/1380 
f 1382/1803/1382 1349/1770/1349 1348/1769/1348 
f 1382/1803/1382 1348/1769/1348 1381/1802/1381 
f 1383/1804/1383 1350/1771/1350 1349/1770/1349 
f 1383/1804/1383 1349/1770/1349 1382/1803/1382 
f 1384/1805/1384 1351/1772/1351 1350/1771/1350 
f 1384/1805/1384 1350/1771/1350 1383/1804/1383 
f 1385/1806/1385 1352/1773/1352 1351/1772/1351 
f 1385/1806/1385 1351/1772/1351 1384/1805/1384 
f 1386/1807/1386 1353/1774/1353 1352/1773/1352 
f 1386/1807/1386 1352/1773/1352 1385/1806/1385 
f 1387/1808/1387 1354/1775/1354 1353/1774/1353 
f 1387/1808/1387 1353/1774/1353 1386/1807/1386 
f 1388/1809/1388 1355/1776/1355 1354/1775/1354 
f 1388/1809/1388 1354/1775/1354 1387/1808/1387 
f 1389/1810/1389 1356/1777/1356 1355/1776/1355 
f 1389/1810/1389 1355/1776/1355 1388/1809/1388 
f 1390/1811/1390 1357/1778/1357 1356/1777/1356 
f 1390/1811/1390 1356/1777/1356 1389/1810/1389 
f 1391/1812/1391 1358/1779/1358 1357/1778/1357 
f 1391/1812/1391 1357/1778/1357 1390/1811/1390 
f 1392/1813/1392 1359/1780/1359 1358/1779/1358 
f 1392/1813/1392 1358/1779/1358 1391/1812/1391 
f 1393/1814/1393 1360/1781/1360 1359/1780/1359 
f 1393/1814/1393 1359/1780/1359 1392/1813/1392 
f 1394/1815/1394 1361/1782/1361 1360/1781/1360 
f 1394/1815/1394 1360/1781/1360 1393/1814/1393 
f 1395/1816/1395 1362/1783/1362 1361/1782/1361 
f 1395/1816/1395 1361/1782/1361 1394/1815/1394 
f 1396/1817/1396 1363/1784/1363 1362/1783/1362 
f 1396/1817/1396 1362/1783/1362 1395/1816/1395 
f 1397/1818/1397 1364/1785/1364 1363/1784/1363 
f 1397/1818/1397 1363/1784/1363 1396/1817/1396 
f 1398/1819/1398 1365/1786/1365 1364/1785/1364 
f 1398/1819/1398 1364/1785/1364 1397/1818/1397 
f 1399/1820/1399 1366/1787/1366 1365/1786/1365 
f 1399/1820/1399 1365/1786/1365 1398/1819/1398 
f 1400/1821/1400 1367/1788/1367 1366/1787/1366 
f 1400/1821/1400 1366/1787/1366 1399/1820/1399 
f 1401/1822/1401 1368/1789/1368 1367/1788/1367 
f 1401/1822/1401 1367/1788/1367 1400/1821/1400 
f 1402/1823/1402 1369/1790/1369 1368/1789/1368 
f 1402/1823/1402 1368/1789/1368 1401/1822/1401 
f 1403/1824/1403 1370/1791/1370 1369/1790/1369 
f 1403/1824/1403 1369/1790/1369 1402/1823/1402 
f 1404/1825/1404 1371/1792/1371 1370/1791/1370 
f 1404/1825/1404 1370/1791/1370 1403/1824/1403 
f 1405/1826/1405 1372/1793/1372 1371/1792/1371 
f 1405/1826/1405 1371/1792/1371 1404/1825/1404 
f 1407/1827/1407 1374/1794/1374 1373/1795/1373 
f 1407/1827/1407 1373/1795/1373 1406/1828/1406 
f 1408/1829/1408 1375/1796/1375 1374/1794/1374 
f 1408/1829/1408 1374/1794/1374 1407/1827/1407 
f 1409/1830/1409 1376/1797/1376 1375/1796/1375 
f 1409/1830/1409 1375/1796/1375 1408/1829/1408 
f 1410/1831/1410 1377/1798/1377 1376/1797/1376 
f 1410/1831/1410 1376/1797/1376 1409/1830/1409 
f 1411/1832/1411 1378/1799/1378 1377/1798/1377 
f 1411/1832/1411 1377/1798/1377 1410/1831/1410 
f 1412/1833/1412 1379/1800/1379 1378/1799/1378 
f 1412/1833/1412 1378/1799/1378 1411/1832/1411 
f 1413/1834/1413 1380/1801/1380 1379/1800/1379 
f 1413/1834/1413 1379/1800/1379 1412/1833/1412 
f 1414/1835/1414 1381/1802/1381 1380/1801/1380 
f 1414/1835/1414 1380/1801/1380 1413/1834/1413 
f 1415/1836/1415 1382/1803/1382 1381/1802/1381 
f 1415/1836/1415 1381/1802/1381 1414/1835/1414 
f 1416/1837/1416 1383/1804/1383 1382/1803/1382 
f 1416/1837/1416 1382/1803/1382 1415/1836/1415 
f 1417/1838/1417 1384/1805/1384 1383/1804/1383 
f 1417/1838/1417 1383/1804/1383 1416/1837/1416 
f 1418/1839/1418 1385/1806/1385 1384/1805/1384 
f 1418/1839/1418 1384/1805/1384 1417/1838/1417 
f 1419/1840/1419 1386/1807/1386 1385/1806/1385 
f 1419/1840/1419 1385/1806/1385 1418/1839/1418 
f 1420/1841/1420 1387/1808/1387 1386/1807/1386 
f 1420/1841/1420 1386/1807/1386 1419/1840/1419 
f 1421/1842/1421 1388/1809/1388 1387/1808/1387 
f 1421/1842/1421 1387/1808/1387 1420/1841/1420 
f 1422/1843/1422 1389/1810/1389 1388/1809/1388 
f 1422/1843/1422 1388/1809/1388 1421/1842/1421 
f 1423/1844/1423 1390/1811/1390 1389/1810/1389 
f 1423/1844/1423 1389/1810/1389 1422/1843/1422 
f 1424/1845/1424 1391/1812/1391 1390/1811/1390 
f 1424/1845/1424 1390/1811/1390 1423/1844/1423 
f 1425/1846/1425 1392/1813/1392 1391/1812/1391 
f 1425/1846/1425 1391/1812/1391 1424/1845/1424 
f 1426/1847/1426 1393/1814/1393 1392/1813/1392 
f 1426/1847/1426 1392/1813/1392 1425/1846/1425 
f 1427/1848/1427 1394/1815/1394 1393/1814/1393 
f 1427/1848/1427 1393/1814/1393 1426/1847/1426 
f 1428/1849/1428 1395/1816/1395 1394/1815/1394 
f 1428/1849/1428 1394/1815/1394 1427/1848/1427 
f 1429/1850/1429 1396/1817/1396 1395/1816/1395 
f 1429/1850/1429 1395/1816/1395 1428/1849/1428 
f 1430/1851/1430 1397/1818/1397 1396/1817/1396 
f 1430/1851/1430 1396/1817/1396 1429/1850/1429 
f 1431/1852/1431 1398/1819/1398 1397/1818/1397 
f 1431/1852/1431 1397/1818/1397 1430/1851/1430 
f 1432/1853/1432 1399/1820/1399 1398/1819/1398 
f 1432/1853/1432 1398/1819/1398 1431/1852/1431 
f 1433/1854/1433 1400/1821/1400 1399/1820/1399 
f 1433/1854/1433 1399/1820/1399 1432/1853/1432 
f 1434/1855/1434 1401/1822/1401 1400/1821/1400 
f 1434/1855/1434 1400/1821/1400 1433/1854/1433 
f 1435/1856/1435 1402/1823/1402 1401/1822/1401 
f 1435/1856/1435 1401/1822/1401 1434/1855/1434 
f 1436/1857/1436 1403/1824/1403 1402/1823/1402 
f 1436/1857/1436 1402/1823/1402 1435/1856/1435 
f 1437/1858/1437 1404/1825/1404 1403/1824/1403 
f 1437/1858/1437 1403/1824/1403 1436/1857/1436 
f 1438/1859/1438 1405/1826/1405 1404/1825/1404 
f 1438/1859/1438 1404/1825/1404 1437/1858/1437 
f 1440/1860/1440 1407/1827/1407 1406/1828/1406 
f 1440/1860/1440 1406/1828/1406 1439/1861/1439 
f 1441/1862/1441 1408/1829/1408 1407/1827/1407 
f 1441/1862/1441 1407/1827/1407 1440/1860/1440 
f 1442/1863/1442 1409/1830/1409 1408/1829/1408 
f 1442/1863/1442 1408/1829/1408 1441/1862/1441 
f 1443/1864/1443 1410/1831/1410 1409/1830/1409 
f 1443/1864/1443 1409/1830/1409 1442/1863/1442 
f 1444/1865/1444 1411/1832/1411 1410/1831/1410 
f 1444/1865/1444 1410/1831/1410 1443/1864/1443 
f 1445/1866/1445 1412/1833/1412 1411/1832/1411 
f 1445/1866/1445 1411/1832/1411 1444/1865/1444 
f 1446/1867/1446 1413/1834/1413 1412/1833/1412 
f 1446/1867/1446 1412/1833/1412 1445/1866/1445 
f 1447/1868/1447 1414/1835/1414 1413/1834/1413 
f 1447/1868/1447 1413/1834/1413 1446/1867/1446 
f 1448/1869/1448 1415/1836/1415 1414/1835/1414 
f 1448/1869/1448 1414/1835/1414 1447/1868/1447 
f 1449/1870/1449 1416/1837/1416 1415/1836/1415 
f 1449/1870/1449 1415/1836/1415 1448/1869/1448 
f 1450/1871/1450 1417/1838/1417 1416/1837/1416 
f 1450/1871/1450 1416/1837/1416 1449/1870/1449 
f 1451/1872/1451 1418/1839/1418 1417/1838/1417 
f 1451/1872/1451 1417/1838/1417 1450/1871/1450 
f 1452/1873/1452 1419/1840/1419 1418/1839/1418 
f 1452/1873/1452 1418/1839/1418 1451/1872/1451 
f 1453/1874/1453 1420/1841/1420 1419/1840/1419 
f 1453/1874/1453 1419/1840/1419 1452/1873/1452 
f 1454/1875/1454 1421/1842/1421 1420/1841/1420 
f 1454/1875/1454 1420/1841/1420 1453/1874/1453 
f 1455/1876/1455 1422/1843/1422 1421/1842/1421 
f 1455/1876/1455 1421/1842/1421 1454/1875/1454 
f 1456/1877/1456 1423/1844/1423 1422/1843/1422 
f 1456/1877/1456 1422/1843/1422 1455/1876/1455 
f 1457/1878/1457 1424/1845/1424 1423/1844/1423 
f 1457/1878/1457 1423/1844/1423 1456/1877/1456 
f 1458/1879/1458 1425/1846/1425 1424/1845/1424 
f 1458/1879/1458 1424/1845/1424 1457/1878/1457 
f 1459/1880/1459 1426/1847/1426 1425/1846/1425 
f 1459/1880/1459 1425/1846/1425 1458/1879/1458 
f 1460/1881/1460 1427/1848/1427 1426/1847/1426 
f 1460/1881/1460 1426/1847/1426 1459/1880/1459 
f 1461/1882/1461 1428/1849/1428 1427/1848/1427 
f 1461/1882/1461 1427/1848/1427 1460/1881/1460 
f 1462/1883/1462 1429/1850/1429 1428/1849/1428 
f 1462/1883/1462 1428/1849/1428 1461/1882/1461 
f 1463/1884/1463 1430/1851/1430 1429/1850/1429 
f 1463/1884/1463 1429/1850/1429 1462/1883/1462 
f 1464/1885/1464 1431/1852/1431 1430/1851/1430 
f 1464/1885/1464 1430/1851/1430 1463/1884/1463 
f 1465/1886/1465 1432/1853/1432 1431/1852/1431 
f 1465/1886/1465 1431/1852/1431 1464/1885/1464 
f 1466/1887/1466 1433/1854/1433 1432/1853/1432 
f 1466/1887/1466 1432/1853/1432 1465/1886/1465 
f 1467/1888/1467 1434/1855/1434 1433/1854/1433 
f 1467/1888/1467 1433/1854/1433 1466/1887/1466 
f 1468/1889/1468 1435/1856/1435 1434/1855/1434 
f 1468/1889/1468 1434/1855/1434 1467/1888/1467 
f 1469/1890/1469 1436/1857/1436 1435/1856/1435 
f 1469/1890/1469 1435/1856/1435 1468/1889/1468 
f 1470/1891/1470 1437/1858/1437 1436/1857/1436 
f 1470/1891/1470 1436/1857/1436 1469/1890/1469 
f 1471/1892/1471 1438/1859/1438 1437/1858/1437 
f 1471/1892/1471 1437/1858/1437 1470/1891/1470 
f 1473/1893/1473 1440/1860/1440 1439/1861/1439 
f 1473/1893/1473 1439/1861/1439 1472/1894/1472 
f 1474/1895/1474 1441/1862/1441 1440/1860/1440 
f 1474/1895/1474 1440/1860/1440 1473/1893/1473 
f 1475/1896/1475 1442/1863/1442 1441/1862/1441 
f 1475/1896/1475 1441/1862/1441 1474/1895/1474 
f 1476/1897/1476 1443/1864/1443 1442/1863/1442 
f 1476/1897/1476 1442/1863/1442 1475/1896/1475 
f 1477/1898/1477 1444/1865/1444 1443/1864/1443 
f 1477/1898/1477 1443/1864/1443 1476/1897/1476 
f 1478/1899/1478 1445/1866/1445 1444/1865/1444 
f 1478/1899/1478 1444/1865/1444 1477/1898/1477 
f 1479/1900/1479 1446/1867/1446 1445/1866/1445 
f 1479/1900/1479 1445/1866/1445 1478/1899/1478 
f 1480/1901/1480 1447/1868/1447 1446/1867/1446 
f 1480/1901/1480 1446/1867/1446 1479/1900/1479 
f 1481/1902/1481 1448/1869/1448 1447/1868/1447 
f 1481/1902/1481 1447/1868/1447 1480/1901/1480 
f 1482/1903/1482 1449/1870/1449 1448/1869/1448 
f 1482/1903/1482 1448/1869/1448 1481/1902/1481 
f 1483/1904/1483 1450/1871/1450 1449/1870/1449 
f 1483/1904/1483 1449/1870/1449 1482/1903/1482 
f 1484/1905/1484 1451/1872/1451 1450/1871/1450 
f 1484/1905/1484 1450/1871/1450 1483/1904/1483 
f 1485/1906/1485 1452/1873/1452 1451/1872/1451 
f 1485/1906/1485 1451/1872/1451 1484/1905/1484 
f 1486/1907/1486 1453/1874/1453 1452/1873/1452 
f 1486/1907/1486 1452/1873/1452 1485/1906/1485 
f 1487/1908/1487 1454/1875/1454 1453/1874/1453 
f 1487/1908/1487 1453/1874/1453 1486/1907/1486 
f 1488/1909/1488 1455/1876/1455 1454/1875/1454 
f 1488/1909/1488 1454/1875/1454 1487/1908/1487 
f 1489/1910/1489 1456/1877/1456 1455/1876/1455 
f 1489/1910/1489 1455/1876/1455 1488/1909/1488 
f 1490/1911/1490 1457/1878/1457 1456/1877/1456 
f 1490/1911/1490 1456/1877/1456 1489/1910/1489 
f 1491/1912/1491 1458/1879/1458 1457/1878/1457 
f 1491/1912/1491 1457/1878/1457 1490/1911/1490 
f 1492/1913/1492 1459/1880/1459 1458/1879/1458 
f 1492/1913/1492 1458/1879/1458 1491/1912/1491 
f 1493/1914/1493 1460/1881/1460 1459/1880/1459 
f 1493/1914/1493 1459/1880/1459 1492/1913/1492 
f 1494/1915/1494 1461/1882/1461 1460/1881/1460 
f 1494/1915/1494 1460/1881/1460 1493/1914/1493 
f 1495/1916/1495 1462/1883/1462 1461/1882/1461 
f 1495/1916/1495 1461/1882/1461 1494/1915/1494 
f 1496/1917/1496 1463/1884/1463 1462/1883/1462 
f 1496/1917/1496 1462/1883/1462 1495/1916/1495 
f 1497/1918/1497 1464/1885/1464 1463/1884/1463 
f 1497/1918/1497 1463/1884/1463 1496/1917/1496 
f 1498/1919/1498 1465/1886/1465 1464/1885/1464 
f 1498/1919/1498 1464/1885/1464 1497/1918/1497 
f 1499/1920/1499 1466/1887/1466 1465/1886/1465 
f 1499/1920/1499 1465/1886/1465 1498/1919/1498 
f 1500/1921/1500 1467/1888/1467 1466/1887/1466 
f 1500/1921/1500 1466/1887/1466 1499/1920/1499 
f 1501/1922/1501 1468/1889/1468 1467/1888/1467 
f 1501/1922/1501 1467/1888/1467 1500/1921/1500 
f 1502/1923/1502 1469/1890/1469 1468/1889/1468 
f 1502/1923/1502 1468/1889/1468 1501/1922/1501 
f 1503/1924/1503 1470/1891/1470 1469/1890/1469 
f 1503/1924/1503 1469/1890/1469 1502/1923/1502 
f 1504/1925/1504 1471/1892/1471 1470/1891/1470 
f 1504/1925/1504 1470/1891/1470 1503/1924/1503 
f 1506/1926/1506 1473/1893/1473 1472/1894/1472 
f 1506/1926/1506 1472/1894/1472 1505/1927/1505 
f 1507/1928/1507 1474/1895/1474 1473/1893/1473 
f 1507/1928/1507 1473/1893/1473 1506/1926/1506 
f 1508/1929/1508 1475/1896/1475 1474/1895/1474 
f 1508/1929/1508 1474/1895/1474 1507/1928/1507 
f 1509/1930/1509 1476/1897/1476 1475/1896/1475 
f 1509/1930/1509 1475/1896/1475 1508/1929/1508 
f 1510/1931/1510 1477/1898/1477 1476/1897/1476 
f 1510/1931/1510 1476/1897/1476 1509/1930/1509 
f 1511/1932/1511 1478/1899/1478 1477/1898/1477 
f 1511/1932/1511 1477/1898/1477 1510/1931/1510 
f 1512/1933/1512 1479/1900/1479 1478/1899/1478 
f 1512/1933/1512 1478/1899/1478 1511/1932/1511 
f 1513/1934/1513 1480/1901/1480 1479/1900/1479 
f 1513/1934/1513 1479/1900/1479 1512/1933/1512 
f 1514/1935/1514 1481/1902/1481 1480/1901/1480 
f 1514/1935/1514 1480/1901/1480 1513/1934/1513 
f 1515/1936/1515 1482/1903/1482 1481/1902/1481 
f 1515/1936/1515 1481/1902/1481 1514/1935/1514 
f 1516/1937/1516 1483/1904/1483 1482/1903/1482 
f 1516/1937/1516 1482/1903/1482 1515/1936/1515 
f 1517/1938/1517 1484/1905/1484 1483/1904/1483 
f 1517/1938/1517 1483/1904/1483 1516/1937/1516 
f 1518/1939/1518 1485/1906/1485 1484/1905/1484 
f 1518/1939/1518 1484/1905/1484 1517/1938/1517 
f 1519/1940/1519 1486/1907/1486 1485/1906/1485 
f 1519/1940/1519 1485/1906/1485 1518/1939/1518 
f 1520/1941/1520 1487/1908/1487 1486/1907/1486 
f 1520/1941/1520 1486/1907/1486 1519/1940/1519 
f 1521/1942/1521 1488/1909/1488 1487/1908/1487 
f 1521/1942/1521 1487/1908/1487 1520/1941/1520 
f 1522/1943/1522 1489/1910/1489 1488/1909/1488 
f 1522/1943/1522 1488/1909/1488 1521/1942/1521 
f 1523/1944/1523 1490/1911/1490 1489/1910/1489 
f 1523/1944/1523 1489/1910/1489 1522/1943/1522 
f 1524/1945/1524 1491/1912/1491 1490/1911/1490 
f 1524/1945/1524 1490/1911/1490 1523/1944/1523 
f 1525/1946/1525 1492/1913/1492 1491/1912/1491 
f 1525/1946/1525 1491/1912/1491 1524/1945/1524 
f 1526/1947/1526 1493/1914/1493 1492/1913/1492 
f 1526/1947/1526 1492/1913/1492 1525/1946/1525 
f 1527/1948/1527 1494/1915/1494 1493/1914/1493 
f 1527/1948/1527 1493/1914/1493 1526/1947/1526 
f 1528/1949/1528 1495/1916/1495 1494/1915/1494 
f 1528/1949/1528 1494/1915/1494 1527/1948/1527 
f 1529/1950/1529 1496/1917/1496 1495/1916/1495 
f 1529/1950/1529 1495/1916/1495 1528/1949/1528 
f 1530/1951/1530 1497/1918/1497 1496/1917/1496 
f 1530/1951/1530 1496/1917/1496 1529/1950/1529 
f 1531/1952/1531 1498/1919/1498 1497/1918/1497 
f 1531/1952/1531 1497/1918/1497 1530/1951/1530 
f 1532/1953/1532 1499/1920/1499 1498/1919/1498 
f 1532/1953/1532 1498/1919/1498 1531/1952/1531 
f 1533/1954/1533 1500/1921/1500 1499/1920/1499 
f 1533/1954/1533 1499/1920/1499 1532/1953/1532 
f 1534/1955/1534 1501/1922/1501 1500/1921/1500 
f 1534/1955/1534 1500/1921/1500 1533/1954/1533 
f 1535/1956/1535 1502/1923/1502 1501/1922/1501 
f 1535/1956/1535 1501/1922/1501 1534/1955/1534 
f 1536/1957/1536 1503/1924/1503 1502/1923/1502 
f 1536/1957/1536 1502/1923/1502 1535/1956/1535 
f 1537/1958/1537 1504/1925/1504 1503/1924/1503 
f 1537/1958/1537 1503/1924/1503 1536/1957/1536 
f 1539/1959/1539 1506/1926/1506 1505/1927/1505 
f 1539/1959/1539 1505/1927/1505 1538/1960/1538 
f 1540/1961/1540 1507/1928/1507 1506/1926/1506 
f 1540/1961/1540 1506/1926/1506 1539/1959/1539 
f 1541/1962/1541 1508/1929/1508 1507/1928/1507 
f 1541/1962/1541 1507/1928/1507 1540/1961/1540 
f 1542/1963/1542 1509/1930/1509 1508/1929/1508 
f 1542/1963/1542 1508/1929/1508 1541/1962/1541 
f 1543/1964/1543 1510/1931/1510 1509/1930/1509 
f 1543/1964/1543 1509/1930/1509 1542/1963/1542 
f 1544/1965/1544 1511/1932/1511 1510/1931/1510 
f 1544/1965/1544 1510/1931/1510 1543/1964/1543 
f 1545/1966/1545 1512/1933/1512 1511/1932/1511 
f 1545/1966/1545 1511/1932/1511 1544/1965/1544 
f 1546/1967/1546 1513/1934/1513 1512/1933/1512 
f 1546/1967/1546 1512/1933/1512 1545/1966/1545 
f 1547/1968/1547 1514/1935/1514 1513/1934/1513 
f 1547/1968/1547 1513/1934/1513 1546/1967/1546 
f 1548/1969/1548 1515/1936/1515 1514/1935/1514 
f 1548/1969/1548 1514/1935/1514 1547/1968/1547 
f 1549/1970/1549 1516/1937/1516 1515/1936/1515 
f 1549/1970/1549 1515/1936/1515 1548/1969/1548 
f 1550/1971/1550 1517/1938/1517 1516/1937/1516 
f 1550/1971/1550 1516/1937/1516 1549/1970/1549 
f 1551/1972/1551 1518/1939/1518 1517/1938/1517 
f 1551/1972/1551 1517/1938/1517 1550/1971/1550 
f 1552/1973/1552 1519/1940/1519 1518/1939/1518 
f 1552/1973/1552 1518/1939/1518 1551/1972/1551 
f 1553/1974/1553 1520/1941/1520 1519/1940/1519 
f 1553/1974/1553 1519/1940/1519 1552/1973/1552 
f 1554/1975/1554 1521/1942/1521 1520/1941/1520 
f 1554/1975/1554 1520/1941/1520 1553/1974/1553 
f 1555/1976/1555 1522/1943/1522 1521/1942/1521 
f 1555/1976/1555 1521/1942/1521 1554/1975/1554 
f 1556/1977/1556 1523/1944/1523 1522/1943/1522 
f 1556/1977/1556 1522/1943/1522 1555/1976/1555 
f 1557/1978/1557 1524/1945/1524 1523/1944/1523 
f 1557/1978/1557 1523/1944/1523 1556/1977/1556 
f 1558/1979/1558 1525/1946/1525 1524/1945/1524 
f 1558/1979/1558 1524/1945/1524 1557/1978/1557 
f 1559/1980/1559 1526/1947/1526 1525/1946/1525 
f 1559/1980/1559 1525/1946/1525 1558/1979/1558 
f 1560/1981/1560 1527/1948/1527 1526/1947/1526 
f 1560/1981/1560 1526/1947/1526 1559/1980/1559 
f 1561/1982/1561 1528/1949/1528 1527/1948/1527 
f 1561/1982/1561 1527/1948/1527 1560/1981/1560 
f 1562/1983/1562 1529/1950/1529 1528/1949/1528 
f 1562/1983/1562 1528/1949/1528 1561/1982/1561 
f 1563/1984/1563 1530/1951/1530 1529/1950/1529 
f 1563/1984/1563 1529/1950/1529 1562/1983/1562 
f 1564/1985/1564 1531/1952/1531 1530/1951/1530 
f 1564/1985/1564 1530/1951/1530 1563/1984/1563 
f 1565/1986/1565 1532/1953/1532 1531/1952/1531 
f 1565/1986/1565 1531/1952/1531 1564/1985/1564 
f 1566/1987/1566 1533/1954/1533 1532/1953/1532 
f 1566/1987/1566 1532/1953/1532 1565/1986/1565 
f 1567/1988/1567 1534/1955/1534 1533/1954/1533 
f 1567/1988/1567 1533/1954/1533 1566/1987/1566 
f 1568/1989/1568 1535/1956/1535 1534/1955/1534 
f 1568/1989/1568 1534/1955/1534 1567/1988/1567 
f 1569/1990/1569 1536/1957/1536 1535/1956/1535 
f 1569/1990/1569 1535/1956/1535 1568/1989/1568 
f 1570/1991/1570 1537/1958/1537 1536/1957/1536 
f 1570/1991/1570 1536/1957/1536 1569/1990/1569 
f 1572/1992/1572 1539/1959/1539 1538/1960/1538 
f 1572/1992/1572 1538/1960/1538 1571/1993/1571 
f 1573/1994/1573 1540/1961/1540 1539/1959/1539 
f 1573/1994/1573 1539/1959/1539 1572/1992/1572 
f 1574/1995/1574 1541/1962/1541 1540/1961/1540 
f 1574/1995/1574 1540/1961/1540 1573/1994/1573 
f 1575/1996/1575 1542/1963/1542 1541/1962/1541 
f 1575/1996/1575 1541/1962/1541 1574/1995/1574 
f 1576/1997/1576 1543/1964/1543 1542/1963/1542 
f 1576/1997/1576 1542/1963/1542 1575/1996/1575 
f 1577/1998/1577 1544/1965/1544 1543/1964/1543 
f 1577/1998/1577 1543/1964/1543 1576/1997/1576 
f 1578/1999/1578 1545/1966/1545 1544/1965/1544 
f 1578/1999/1578 1544/1965/1544 1577/1998/1577 
f 1579/2000/1579 1546/1967/1546 1545/1966/1545 
f 1579/2000/1579 1545/1966/1545 1578/1999/1578 
f 1580/2001/1580 1547/1968/1547 1546/1967/1546 
f 1580/2001/1580 1546/1967/1546 1579/2000/1579 
f 1581/2002/1581 1548/1969/1548 1547/1968/1547 
f 1581/2002/1581 1547/1968/1547 1580/2001/1580 
f 1582/2003/1582 1549/1970/1549 1548/1969/1548 
f 1582/2003/1582 1548/1969/1548 1581/2002/1581 
f 1583/2004/1583 1550/1971/1550 1549/1970/1549 
f 1583/2004/1583 1549/1970/1549 1582/2003/1582 
f 1584/2005/1584 1551/1972/1551 1550/1971/1550 
f 1584/2005/1584 1550/1971/1550 1583/2004/1583 
f 1585/2006/1585 1552/1973/1552 1551/1972/1551 
f 1585/2006/1585 1551/1972/1551 1584/2005/1584 
f 1586/2007/1586 1553/1974/1553 1552/1973/1552 
f 1586/2007/1586 1552/1973/1552 1585/2006/1585 
f 1587/2008/1587 1554/1975/1554 1553/1974/1553 
f 1587/2008/1587 1553/1974/1553 1586/2007/1586 
f 1588/2009/1588 1555/1976/1555 1554/1975/1554 
f 1588/2009/1588 1554/1975/1554 1587/2008/1587 
f 1589/2010/1589 1556/1977/1556 1555/1976/1555 
f 1589/2010/1589 1555/1976/1555 1588/2009/1588 
f 1590/2011/1590 1557/1978/1557 1556/1977/1556 
f 1590/2011/1590 1556/1977/1556 1589/2010/1589 
f 1591/2012/1591 1558/1979/1558 1557/1978/1557 
f 1591/2012/1591 1557/1978/1557 1590/2011/1590 
f 1592/2013/1592 1559/1980/1559 1558/1979/1558 
f 1592/2013/1592 1558/1979/1558 1591/2012/1591 
f 1593/2014/1593 1560/1981/1560 1559/1980/1559 
f 1593/2014/1593 1559/1980/1559 1592/2013/1592 
f 1594/2015/1594 1561/1982/1561 1560/1981/1560 
f 1594/2015/1594 1560/1981/1560 1593/2014/1593 
f 1595/2016/1595 1562/1983/1562 1561/1982/1561 
f 1595/2016/1595 1561/1982/1561 1594/2015/1594 
f 1596/2017/1596 1563/1984/1563 1562/1983/1562 
f 1596/2017/1596 1562/1983/1562 1595/2016/1595 
f 1597/2018/1597 1564/1985/1564 1563/1984/1563 
f 1597/2018/1597 1563/1984/1563 1596/2017/1596 
f 1598/2019/1598 1565/1986/1565 1564/1985/1564 
f 1598/2019/1598 1564/1985/1564 1597/2018/1597 
f 1599/2020/1599 1566/1987/1566 1565/1986/1565 
f 1599/2020/1599 1565/1986/1565 1598/2019/1598 
f 1600/2021/1600 1567/1988/1567 1566/1987/1566 
f 1600/2021/1600 1566/1987/1566 1599/2020/1599 
f 1601/2022/1601 1568/1989/1568 1567/1988/1567 
f 1601/2022/1601 1567/1988/1567 1600/2021/1600 
f 1602/2023/1602 1569/1990/1569 1568/1989/1568 
f 1602/2023/1602 1568/1989/1568 1601/2022/1601 
f 1603/2024/1603 1570/1991/1570 1569/1990/1569 
f 1603/2024/1603 1569/1990/1569 1602/2023/1602 
f 1605/2025/1605 1572/1992/1572 1571/1993/1571 
f 1605/2025/1605 1571/1993/1571 1604/2026/1604 
f 1606/2027/1606 1573/1994/1573 1572/1992/1572 
f 1606/2027/1606 1572/1992/1572 1605/2025/1605 
f 1607/2028/1607 1574/1995/1574 1573/1994/1573 
f 1607/2028/1607 1573/1994/1573 1606/2027/1606 
f 1608/2029/1608 1575/1996/1575 1574/1995/1574 
f 1608/2029/1608 1574/1995/1574 1607/2028/1607 
f 1609/2030/1609 1576/1997/1576 1575/1996/1575 
f 1609/2030/1609 1575/1996/1575 1608/2029/1608 
f 1610/2031/1610 1577/1998/1577 1576/1997/1576 
f 1610/2031/1610 1576/1997/1576 1609/2030/1609 
f 1611/2032/1611 1578/1999/1578 1577/1998/1577 
f 1611/2032/1611 1577/1998/1577 1610/2031/1610 
f 1612/2033/1612 1579/2000/1579 1578/1999/1578 
f 1612/2033/1612 1578/1999/1578 1611/2032/1611 
f 1613/2034/1613 1580/2001/1580 1579/2000/1579 
f 1613/2034/1613 1579/2000/1579 1612/2033/1612 
f 1614/2035/1614 1581/2002/1581 1580/2001/1580 
f 1614/2035/1614 1580/2001/1580 1613/2034/1613 
f 1615/2036/1615 1582/2003/1582 1581/2002/1581 
f 1615/2036/1615 1581/2002/1581 1614/2035/1614 
f 1616/2037/1616 1583/2004/1583 1582/2003/1582 
f 1616/2037/1616 1582/2003/1582 1615/2036/1615 
f 1617/2038/1617 1584/2005/1584 1583/2004/1583 
f 1617/2038/1617 1583/2004/1583 1616/2037/1616 
f 1618/2039/1618 1585/2006/1585 1584/2005/1584 
f 1618/2039/1618 1584/2005/1584 1617/2038/1617 
f 1619/2040/1619 1586/2007/1586 1585/2006/1585 
f 1619/2040/1619 1585/2006/1585 1618/2039/1618 
f 1620/2041/1620 1587/2008/1587 1586/2007/1586 
f 1620/2041/1620 1586/2007/1586 1619/2040/1619 
f 1621/2042/1621 1588/2009/1588 1587/2008/1587 
f 1621/2042/1621 1587/2008/1587 1620/2041/1620 
f 1622/2043/1622 1589/2010/1589 1588/2009/1588 
f 1622/2043/1622 1588/2009/1588 1621/2042/1621 
f 1623/2044/1623 1590/2011/1590 1589/2010/1589 
f 1623/2044/1623 1589/2010/1589 1622/2043/1622 
f 1624/2045/1624 1591/2012/1591 1590/2011/1590 
f 1624/2045/1624 1590/2011/1590 1623/2044/1623 
f 1625/2046/1625 1592/2013/1592 1591/2012/1591 
f 1625/2046/1625 1591/2012/1591 1624/2045/1624 
f 1626/2047/1626 1593/2014/1593 1592/2013/1592 
f 1626/2047/1626 1592/2013/1592 1625/2046/1625 
f 1627/2048/1627 1594/2015/1594 1593/2014/1593 
f 1627/2048/1627 1593/2014/1593 1626/2047/1626 
f 1628/2049/1628 1595/2016/1595 1594/2015/1594 
f 1628/2049/1628 1594/2015/1594 1627/2048/1627 
f 1629/2050/1629 1596/2017/1596 1595/2016/1595 
f 1629/2050/1629 1595/2016/1595 1628/2049/1628 
f 1630/2051/1630 1597/2018/1597 1596/2017/1596 
f 1630/2051/1630 1596/2017/1596 1629/2050/1629 
f 1631/2052/1631 1598/2019/1598 1597/2018/1597 
f 1631/2052/1631 1597/2018/1597 1630/2051/1630 
f 1632/2053/1632 1599/2020/1599 1598/2019/1598 
f 1632/2053/1632 1598/2019/1598 1631/2052/1631 
f 1633/2054/1633 1600/2021/1600 1599/2020/1599 
f 1633/2054/1633 1599/2020/1599 1632/2053/1632 
f 1634/2055/1634 1601/2022/1601 1600/2021/1600 
f 1634/2055/1634 1600/2021/1600 1633/2054/1633 
f 1635/2056/1635 1602/2023/1602 1601/2022/1601 
f 1635/2056/1635 1601/2022/1601 1634/2055/1634 
f 1636/2057/1636 1603/2024/1603 1602/2023/1602 
f 1636/2057/1636 1602/2023/1602 1635/2056/1635 
f 1638/2058/1638 1605/2025/1605 1604/2026/1604 
f 1638/2058/1638 1604/2026/1604 1637/2059/1637 
f 1639/2060/1639 1606/2027/1606 1605/2025/1605 
f 1639/2060/1639 1605/2025/1605 1638/2058/1638 
f 1640/2061/1640 1607/2028/1607 1606/2027/1606 
f 1640/2061/1640 1606/2027/1606 1639/2060/1639 
f 1641/2062/1641 1608/2029/1608 1607/2028/1607 
f 1641/2062/1641 1607/2028/1607 1640/2061/1640 
f 1642/2063/1642 1609/2030/1609 1608/2029/1608 
f 1642/2063/1642 1608/2029/1608 1641/2062/1641 
f 1643/2064/1643 1610/2031/1610 1609/2030/1609 
f 1643/2064/1643 1609/2030/1609 1642/2063/1642 
f 1644/2065/1644 1611/2032/1611 1610/2031/1610 
f 1644/2065/1644 1610/2031/1610 1643/2064/1643 
f 1645/2066/1645 1612/2033/1612 1611/2032/1611 
f 1645/2066/1645 1611/2032/1611 1644/2065/1644 
f 1646/2067/1646 1613/2034/1613 1612/2033/1612 
f 1646/2067/1646 1612/2033/1612 1645/2066/1645 
f 1647/2068/1647 1614/2035/1614 1613/2034/1613 
f 1647/2068/1647 1613/2034/1613 1646/2067/1646 
f 1648/2069/1648 1615/2036/1615 1614/2035/1614 
f 1648/2069/1648 1614/2035/1614 1647/2068/1647 
f 1649/2070/1649 1616/2037/1616 1615/2036/1615 
f 1649/2070/1649 1615/2036/1615 1648/2069/1648 
f 1650/2071/1650 1617/2038/1617 1616/2037/1616 
f 1650/2071/1650 1616/2037/1616 1649/2070/1649 
f 1651/2072/1651 1618/2039/1618 1617/2038/1617 
f 1651/2072/1651 1617/2038/1617 1650/2071/1650 
f 1652/2073/1652 1619/2040/1619 1618/2039/1618 
f 1652/2073/1652 1618/2039/1618 1651/2072/1651 
f 1653/2074/1653 1620/2041/1620 1619/2040/1619 
f 1653/2074/1653 1619/2040/1619 1652/2073/1652 
f 1654/2075/1654 1621/2042/1621 1620/2041/1620 
f 1654/2075/1654 1620/2041/1620 1653/2074/1653 
f 1655/2076/1655 1622/2043/1622 1621/2042/1621 
f 1655/2076/1655 1621/2042/1621 1654/2075/1654 
f 1656/2077/1656 1623/2044/1623 1622/2043/1622 
f 1656/2077/1656 1622/2043/1622 1655/2076/1655 
f 1657/2078/1657 1624/2045/1624 1623/2044/1623 
f 1657/2078/1657 1623/2044/1623 1656/2077/1656 
f 1658/2079/1658 1625/2046/1625 1624/2045/1624 
f 1658/2079/1658 1624/2045/1624 1657/2078/1657 
f 1659/2080/1659 1626/2047/1626 1625/2046/1625 
f 1659/2080/1659 1625/2046/1625 1658/2079/1658 
f 1660/2081/1660 1627/2048/1627 1626/2047/1626 
f 1660/2081/1660 1626/2047/1626 1659/2080/1659 
f 1661/2082/1661 1628/2049/1628 1627/2048/1627 
f 1661/2082/1661 1627/2048/1627 1660/2081/1660 
f 1662/2083/1662 1629/2050/1629 1628/2049/1628 
f 1662/2083/1662 1628/2049/1628 1661/2082/1661 
f 1663/2084/1663 1630/2051/1630 1629/2050/1629 
f 1663/2084/1663 1629/2050/1629 1662/2083/1662 
f 1664/2085/1664 1631/2052/1631 1630/2051/1630 
f 1664/2085/1664 1630/2051/1630 1663/2084/1663 
f 1665/2086/1665 1632/2053/1632 1631/2052/1631 
f 1665/2086/1665 1631/2052/1631 1664/2085/1664 
f 1666/2087/1666 1633/2054/1633 1632/2053/1632 
f 1666/2087/1666 1632/2053/1632 1665/2086/1665 
f 1667/2088/1667 1634/2055/1634 1633/2054/1633 
f 1667/2088/1667 1633/2054/1633 1666/2087/1666 
f 1668/2089/1668 1635/2056/1635 1634/2055/1634 
f 1668/2089/1668 1634/2055/1634 1667/2088/1667 
f 1669/2090/1669 1636/2057/1636 1635/2056/1635 
f 1669/2090/1669 1635/2056/1635 1668/2089/1668 
f 1671/2091/1671 1638/2058/1638 1637/2059/1637 
f 1671/2091/1671 1637/2059/1637 1670/2092/1670 
f 1672/2093/1672 1639/2060/1639 1638/2058/1638 
f 1672/2093/1672 1638/2058/1638 1671/2091/1671 
f 1673/2094/1673 1640/2061/1640 1639/2060/1639 
f 1673/2094/1673 1639/2060/1639 1672/2093/1672 
f 1674/2095/1674 1641/2062/1641 1640/2061/1640 
f 1674/2095/1674 1640/2061/1640 1673/2094/1673 
f 1675/2096/1675 1642/2063/1642 1641/2062/1641 
f 1675/2096/1675 1641/2062/1641 1674/2095/1674 
f 1676/2097/1676 1643/2064/1643 1642/2063/1642 
f 1676/2097/1676 1642/2063/1642 1675/2096/1675 
f 1677/2098/1677 1644/2065/1644 1643/2064/1643 
f 1677/2098/1677 1643/2064/1643 1676/2097/1676 
f 1678/2099/1678 1645/2066/1645 1644/2065/1644 
f 1678/2099/1678 1644/2065/1644 1677/2098/1677 
f 1679/2100/1679 1646/2067/1646 1645/2066/1645 
f 1679/2100/1679 1645/2066/1645 1678/2099/1678 
f 1680/2101/1680 1647/2068/1647 1646/2067/1646 
f 1680/2101/1680 1646/2067/1646 1679/2100/1679 
f 1681/2102/1681 1648/2069/1648 1647/2068/1647 
f 1681/2102/1681 1647/2068/1647 1680/2101/1680 
f 1682/2103/1682 1649/2070/1649 1648/2069/1648 
f 1682/2103/1682 1648/2069/1648 1681/2102/1681 
f 1683/2104/1683 1650/2071/1650 1649/2070/1649 
f 1683/2104/1683 1649/2070/1649 1682/2103/1682 
f 1684/2105/1684 1651/2072/1651 1650/2071/1650 
f 1684/2105/1684 1650/2071/1650 1683/2104/1683 
f 1685/2106/1685 1652/2073/1652 1651/2072/1651 
f 1685/2106/1685 1651/2072/1651 1684/2105/1684 
f 1686/2107/1686 1653/2074/1653 1652/2073/1652 
f 1686/2107/1686 1652/2073/1652 1685/2106/1685 
f 1687/2108/1687 1654/2075/1654 1653/2074/1653 
f 1687/2108/1687 1653/2074/1653 1686/2107/1686 
f 1688/2109/1688 1655/2076/1655 1654/2075/1654 
f 1688/2109/1688 1654/2075/1654 1687/2108/1687 
f 1689/2110/1689 1656/2077/1656 1655/2076/1655 
f 1689/2110/1689 1655/2076/1655 1688/2109/1688 
f 1690/2111/1690 1657/2078/1657 1656/2077/1656 
f 1690/2111/1690 1656/2077/1656 1689/2110/1689 
f 1691/2112/1691 1658/2079/1658 1657/2078/1657 
f 1691/2112/1691 1657/2078/1657 1690/2111/1690 
f 1692/2113/1692 1659/2080/1659 1658/2079/1658 
f 1692/2113/1692 1658/2079/1658 1691/2112/1691 
f 1693/2114/1693 1660/2081/1660 1659/2080/1659 
f 1693/2114/1693 1659/2080/1659 1692/2113/1692 
f 1694/2115/1694 1661/2082/1661 1660/2081/1660 
f 1694/2115/1694 1660/2081/1660 1693/2114/1693 
f 1695/2116/1695 1662/2083/1662 1661/2082/1661 
f 1695/2116/1695 1661/2082/1661 1694/2115/1694 
f 1696/2117/1696 1663/2084/1663 1662/2083/1662 
f 1696/2117/1696 1662/2083/1662 1695/2116/1695 
f 1697/2118/1697 1664/2085/1664 1663/2084/1663 
f 1697/2118/1697 1663/2084/1663 1696/2117/1696 
f 1698/2119/1698 1665/2086/1665 1664/2085/1664 
f 1698/2119/1698 1664/2085/1664 1697/2118/1697 
f 1699/2120/1699 1666/2087/1666 1665/2086/1665 
f 1699/2120/1699 1665/2086/1665 1698/2119/1698 
f 1700/2121/1700 1667/2088/1667 1666/2087/1666 
f 1700/2121/1700 1666/2087/1666 1699/2120/1699 
f 1701/2122/1701 1668/2089/1668 1667/2088/1667 
f 1701/2122/1701 1667/2088/1667 1700/2121/1700 
f 1702/2123/1702 1669/2090/1669 1668/2089/1668 
f 1702/2123/1702 1668/2089/1668 1701/2122/1701 
f 1704/9/1704 1671/2091/1671 1670/2092/1670 
f 1704/9/1704 1670/2092/1670 1703/10/1703 
f 1705/14/1705 1672/2093/1672 1671/2091/1671 
f 1705/14/1705 1671/2091/1671 1704/9/1704 
f 1706/17/1706 1673/2094/1673 1672/2093/1672 
f 1706/17/1706 1672/2093/1672 1705/14/1705 
f 1707/20/1707 1674/2095/1674 1673/2094/1673 
f 1707/20/1707 1673/2094/1673 1706/17/1706 
f 1708/23/1708 1675/2096/1675 1674/2095/1674 
f 1708/23/1708 1674/2095/1674 1707/20/1707 
f 1709/26/1709 1676/2097/1676 1675/2096/1675 
f 1709/26/1709 1675/2096/1675 1708/23/1708 
f 1710/29/1710 1677/2098/1677 1676/2097/1676 
f 1710/29/1710 1676/2097/1676 1709/26/1709 
f 1711/32/1711 1678/2099/1678 1677/2098/1677 
f 1711/32/1711 1677/2098/1677 1710/29/1710 
f 1712/35/1712 1679/2100/1679 1678/2099/1678 
f 1712/35/1712 1678/2099/1678 1711/32/1711 
f 1713/38/1713 1680/2101/1680 1679/2100/1679 
f 1713/38/1713 1679/2100/1679 1712/35/1712 
f 1714/41/1714 1681/2102/1681 1680/2101/1680 
f 1714/41/1714 1680/2101/1680 1713/38/1713 
f 1715/44/1715 1682/2103/1682 1681/2102/1681 
f 1715/44/1715 1681/2102/1681 1714/41/1714 
f 1716/47/1716 1683/2104/1683 1682/2103/1682 
f 1716/47/1716 1682/2103/1682 1715/44/1715 
f 1717/50/1717 1684/2105/1684 1683/2104/1683 
f 1717/50/1717 1683/2104/1683 1716/47/1716 
f 1718/53/1718 1685/2106/1685 1684/2105/1684 
f 1718/53/1718 1684/2105/1684 1717/50/1717 
f 1719/56/1719 1686/2107/1686 1685/2106/1685 
f 1719/56/1719 1685/2106/1685 1718/53/1718 
f 1720/59/1720 1687/2108/1687 1686/2107/1686 
f 1720/59/1720 1686/2107/1686 1719/56/1719 
f 1721/62/1721 1688/2109/1688 1687/2108/1687 
f 1721/62/1721 1687/2108/1687 1720/59/1720 
f 1722/65/1722 1689/2110/1689 1688/2109/1688 
f 1722/65/1722 1688/2109/1688 1721/62/1721 
f 1723/68/1723 1690/2111/1690 1689/2110/1689 
f 1723/68/1723 1689/2110/1689 1722/65/1722 
f 1724/71/1724 1691/2112/1691 1690/2111/1690 
f 1724/71/1724 1690/2111/1690 1723/68/1723 
f 1725/74/1725 1692/2113/1692 1691/2112/1691 
f 1725/74/1725 1691/2112/1691 1724/71/1724 
f 1726/77/1726 1693/2114/1693 1692/2113/1692 
f 1726/77/1726 1692/2113/1692 1725/74/1725 
f 1727/80/1727 1694/2115/1694 1693/2114/1693 
f 1727/80/1727 1693/2114/1693 1726/77/1726 
f 1728/83/1728 1695/2116/1695 1694/2115/1694 
f 1728/83/1728 1694/2115/1694 1727/80/1727 
f 1729/86/1729 1696/2117/1696 1695/2116/1695 
f 1729/86/1729 1695/2116/1695 1728/83/1728 
f 1730/89/1730 1697/2118/1697 1696/2117/1696 
f 1730/89/1730 1696/2117/1696 1729/86/1729 
f 1731/92/1731 1698/2119/1698 1697/2118/1697 
f 1731/92/1731 1697/2118/1697 1730/89/1730 
f 1732/95/1732 1699/2120/1699 1698/2119/1698 
f 1732/95/1732 1698/2119/1698 1731/92/1731 
f 1733/98/1733 1700/2121/1700 1699/2120/1699 
f 1733/98/1733 1699/2120/1699 1732/95/1732 
f 1734/101/1734 1701/2122/1701 1700/2121/1700 
f 1734/101/1734 1700/2121/1700 1733/98/1733 
f 1735/104/1735 1702/2123/1702 1701/2122/1701 
f 1735/104/1735 1701/2122/1701 1734/101/1734 
f 1814/246/1814 1802/106/1802 1815/105/1815 
f 1814/246/1814 1815/105/1815 1816/243/1816 
f 1816/243/1816 1815/105/1815 1805/107/1805 
f 1816/243/1816 1805/107/1805 1806/244/1806 
f 1806/244/1806 1805/107/1805 1807/108/1807 
f 1806/244/1806 1807/108/1807 1809/240/1809 
f 1809/240/1809 1807/108/1807 1804/109/1804 
f 1809/240/1809 1804/109/1804 1808/241/1808 
f 1820/248/1820 1817/111/1817 1821/110/1821 
f 1820/248/1820 1821/110/1821 1823/249/1823 
f 1823/249/1823 1821/110/1821 1819/112/1819 
f 1823/249/1823 1819/112/1819 1822/245/1822 
f 1819/112/1819 1818/12/1818 1737/8/1737 
f 1819/112/1819 1737/8/1737 1802/106/1802 
f 1827/200/1827 1824/114/1824 1828/113/1828 
f 1827/200/1827 1828/113/1828 1830/252/1830 
f 1830/252/1830 1828/113/1828 1826/115/1826 
f 1830/252/1830 1826/115/1826 1829/250/1829 
f 1826/115/1826 1825/15/1825 1738/13/1738 
f 1826/115/1826 1738/13/1738 1817/111/1817 
f 1831/118/1831 1740/19/1740 1832/18/1832 
f 1831/118/1831 1832/18/1832 1833/201/1833 
f 1833/201/1833 1832/18/1832 1739/16/1739 
f 1833/201/1833 1739/16/1739 1824/114/1824 
f 1834/121/1834 1741/22/1741 1835/21/1835 
f 1834/121/1834 1835/21/1835 1836/117/1836 
f 1837/257/1837 1836/117/1836 1838/116/1838 
f 1837/257/1837 1838/116/1838 1840/254/1840 
f 1840/254/1840 1838/116/1838 1831/118/1831 
f 1840/254/1840 1831/118/1831 1839/202/1839 
f 1841/124/1841 1742/25/1742 1842/24/1842 
f 1841/124/1841 1842/24/1842 1843/120/1843 
f 1844/258/1844 1843/120/1843 1845/119/1845 
f 1844/258/1844 1845/119/1845 1847/259/1847 
f 1847/259/1847 1845/119/1845 1834/121/1834 
f 1847/259/1847 1834/121/1834 1846/256/1846 
f 1848/129/1848 1743/28/1743 1849/27/1849 
f 1848/129/1848 1849/27/1849 1850/123/1850 
f 1851/262/1851 1850/123/1850 1852/122/1852 
f 1851/262/1851 1852/122/1852 1854/263/1854 
f 1854/263/1854 1852/122/1852 1841/124/1841 
f 1854/263/1854 1841/124/1841 1853/261/1853 
f 1862/271/1862 1855/126/1855 1863/125/1863 
f 1862/271/1862 1863/125/1863 1864/268/1864 
f 1864/268/1864 1863/125/1863 1857/127/1857 
f 1864/268/1864 1857/127/1857 1858/269/1858 
f 1858/269/1858 1857/127/1857 1859/128/1859 
f 1858/269/1858 1859/128/1859 1861/265/1861 
f 1861/265/1861 1859/128/1859 1848/129/1848 
f 1861/265/1861 1848/129/1848 1860/266/1860 
f 1868/275/1868 1865/131/1865 1869/130/1869 
f 1868/275/1868 1869/130/1869 1871/273/1871 
f 1871/273/1871 1869/130/1869 1867/132/1867 
f 1871/273/1871 1867/132/1867 1870/270/1870 
f 1867/132/1867 1866/33/1866 1744/31/1744 
f 1867/132/1867 1744/31/1744 1855/126/1855 
f 1875/277/1875 1872/134/1872 1876/133/1876 
f 1875/277/1875 1876/133/1876 1878/278/1878 
f 1878/278/1878 1876/133/1876 1874/135/1874 
f 1878/278/1878 1874/135/1874 1877/274/1877 
f 1874/135/1874 1873/36/1873 1745/34/1745 
f 1874/135/1874 1745/34/1745 1865/131/1865 
f 1882/207/1882 1879/137/1879 1883/136/1883 
f 1882/207/1882 1883/136/1883 1885/280/1885 
f 1885/280/1885 1883/136/1883 1881/138/1881 
f 1885/280/1885 1881/138/1881 1884/281/1884 
f 1881/138/1881 1880/39/1880 1746/37/1746 
f 1881/138/1881 1746/37/1746 1872/134/1872 
f 1886/141/1886 1748/43/1748 1887/42/1887 
f 1886/141/1886 1887/42/1887 1888/206/1888 
f 1888/206/1888 1887/42/1887 1747/40/1747 
f 1888/206/1888 1747/40/1747 1879/137/1879 
f 1889/144/1889 1749/46/1749 1890/45/1890 
f 1889/144/1889 1890/45/1890 1891/140/1891 
f 1892/284/1892 1891/140/1891 1893/139/1893 
f 1892/284/1892 1893/139/1893 1895/283/1895 
f 1895/283/1895 1893/139/1893 1886/141/1886 
f 1895/283/1895 1886/141/1886 1894/205/1894 
f 1896/147/1896 1750/49/1750 1897/48/1897 
f 1896/147/1896 1897/48/1897 1898/143/1898 
f 1899/287/1899 1898/143/1898 1900/142/1900 
f 1899/287/1899 1900/142/1900 1902/288/1902 
f 1902/288/1902 1900/142/1900 1889/144/1889 
f 1902/288/1902 1889/144/1889 1901/286/1901 
f 1903/152/1903 1751/52/1751 1904/51/1904 
f 1903/152/1903 1904/51/1904 1905/146/1905 
f 1906/294/1906 1905/146/1905 1907/145/1907 
f 1906/294/1906 1907/145/1907 1909/290/1909 
f 1909/290/1909 1907/145/1907 1896/147/1896 
f 1909/290/1909 1896/147/1896 1908/291/1908 
f 1917/298/1917 1910/149/1910 1918/148/1918 
f 1917/298/1917 1918/148/1918 1919/299/1919 
f 1919/299/1919 1918/148/1918 1912/150/1912 
f 1919/299/1919 1912/150/1912 1913/295/1913 
f 1913/295/1913 1912/150/1912 1914/151/1914 
f 1913/295/1913 1914/151/1914 1916/296/1916 
f 1916/296/1916 1914/151/1914 1903/152/1903 
f 1916/296/1916 1903/152/1903 1915/293/1915 
f 1923/304/1923 1920/154/1920 1924/153/1924 
f 1923/304/1923 1924/153/1924 1926/302/1926 
f 1926/302/1926 1924/153/1924 1922/155/1922 
f 1926/302/1926 1922/155/1922 1925/300/1925 
f 1922/155/1922 1921/57/1921 1752/55/1752 
f 1922/155/1922 1752/55/1752 1910/149/1910 
f 1930/306/1930 1927/157/1927 1931/156/1931 
f 1930/306/1930 1931/156/1931 1933/307/1933 
f 1933/307/1933 1931/156/1931 1929/158/1929 
f 1933/307/1933 1929/158/1929 1932/303/1932 
f 1929/158/1929 1928/60/1928 1753/58/1753 
f 1929/158/1929 1753/58/1753 1920/154/1920 
f 1937/230/1937 1934/160/1934 1938/159/1938 
f 1937/230/1937 1938/159/1938 1940/309/1940 
f 1940/309/1940 1938/159/1938 1936/161/1936 
f 1940/309/1940 1936/161/1936 1939/310/1939 
f 1936/161/1936 1935/63/1935 1754/61/1754 
f 1936/161/1936 1754/61/1754 1927/157/1927 
f 1941/164/1941 1756/67/1756 1942/66/1942 
f 1941/164/1941 1942/66/1942 1943/231/1943 
f 1943/231/1943 1942/66/1942 1755/64/1755 
f 1943/231/1943 1755/64/1755 1934/160/1934 
f 1944/167/1944 1757/70/1757 1945/69/1945 
f 1944/167/1944 1945/69/1945 1946/163/1946 
f 1947/312/1947 1946/163/1946 1948/162/1948 
f 1947/312/1947 1948/162/1948 1950/313/1950 
f 1950/313/1950 1948/162/1948 1941/164/1941 
f 1950/313/1950 1941/164/1941 1949/232/1949 
f 1951/170/1951 1758/73/1758 1952/72/1952 
f 1951/170/1951 1952/72/1952 1953/166/1953 
f 1954/316/1954 1953/166/1953 1955/165/1955 
f 1954/316/1954 1955/165/1955 1957/317/1957 
f 1957/317/1957 1955/165/1955 1944/167/1944 
f 1957/317/1957 1944/167/1944 1956/315/1956 
f 1958/175/1958 1759/76/1759 1959/75/1959 
f 1958/175/1958 1959/75/1959 1960/169/1960 
f 1961/323/1961 1960/169/1960 1962/168/1962 
f 1961/323/1961 1962/168/1962 1964/319/1964 
f 1964/319/1964 1962/168/1962 1951/170/1951 
f 1964/319/1964 1951/170/1951 1963/320/1963 
f 1972/334/1972 1965/172/1965 1973/171/1973 
f 1972/334/1972 1973/171/1973 1974/327/1974 
f 1974/327/1974 1973/171/1973 1967/173/1967 
f 1974/327/1974 1967/173/1967 1968/324/1968 
f 1968/324/1968 1967/173/1967 1969/174/1969 
f 1968/324/1968 1969/174/1969 1971/325/1971 
f 1971/325/1971 1969/174/1969 1958/175/1958 
f 1971/325/1971 1958/175/1958 1970/322/1970 
f 1978/335/1978 1975/177/1975 1979/176/1979 
f 1978/335/1978 1979/176/1979 1981/332/1981 
f 1981/332/1981 1979/176/1979 1977/178/1977 
f 1981/332/1981 1977/178/1977 1980/333/1980 
f 1977/178/1977 1976/81/1976 1760/79/1760 
f 1977/178/1977 1760/79/1760 1965/172/1965 
f 1985/338/1985 1982/180/1982 1986/179/1986 
f 1985/338/1985 1986/179/1986 1988/339/1988 
f 1988/339/1988 1986/179/1986 1984/181/1984 
f 1988/339/1988 1984/181/1984 1987/336/1987 
f 1984/181/1984 1983/84/1983 1761/82/1761 
f 1984/181/1984 1761/82/1761 1975/177/1975 
f 1992/328/1992 1989/183/1989 1993/182/1993 
f 1992/328/1992 1993/182/1993 1995/341/1995 
f 1995/341/1995 1993/182/1993 1991/184/1991 
f 1995/341/1995 1991/184/1991 1994/340/1994 
f 1991/184/1991 1990/87/1990 1762/85/1762 
f 1991/184/1991 1762/85/1762 1982/180/1982 
f 1996/187/1996 1764/91/1764 1997/90/1997 
f 1996/187/1996 1997/90/1997 1998/329/1998 
f 1998/329/1998 1997/90/1997 1763/88/1763 
f 1998/329/1998 1763/88/1763 1989/183/1989 
f 1999/190/1999 1765/94/1765 2000/93/2000 
f 1999/190/1999 2000/93/2000 2001/186/2001 
f 2002/344/2002 2001/186/2001 2003/185/2003 
f 2002/344/2002 2003/185/2003 2005/345/2005 
f 2005/345/2005 2003/185/2003 1996/187/1996 
f 2005/345/2005 1996/187/1996 2004/330/2004 
f 2006/193/2006 1766/97/1766 2007/96/2007 
f 2006/193/2006 2007/96/2007 2008/189/2008 
f 2009/351/2009 2008/189/2008 2010/188/2010 
f 2009/351/2009 2010/188/2010 2012/347/2012 
f 2012/347/2012 2010/188/2010 1999/190/1999 
f 2012/347/2012 1999/190/1999 2011/348/2011 
f 1812/198/1812 1767/100/1767 2013/99/2013 
f 1812/198/1812 2013/99/2013 2014/192/2014 
f 2015/352/2015 2014/192/2014 2016/191/2016 
f 2015/352/2015 2016/191/2016 2018/353/2018 
f 2018/353/2018 2016/191/2016 2006/193/2006 
f 2018/353/2018 2006/193/2006 2017/350/2017 
f 2023/358/2023 1810/195/1810 2024/194/2024 
f 2023/358/2023 2024/194/2024 2025/359/2025 
f 2025/359/2025 2024/194/2024 1813/196/1813 
f 2025/359/2025 1813/196/1813 2019/357/2019 
f 2019/357/2019 1813/196/1813 2020/197/2020 
f 2019/357/2019 2020/197/2020 2022/356/2022 
f 2022/356/2022 2020/197/2020 1812/198/1812 
f 2022/356/2022 1812/198/1812 2021/355/2021 
f 55/480/55 13/373/13 2042/375/2042 
f 54/482/54 31/2128/31 53/481/53 
f 54/482/54 2042/375/2042 31/2128/31 
f 2044/488/2044 48/483/48 51/487/51 
f 2044/488/2044 52/485/52 48/483/48 
f 52/485/52 49/484/49 48/483/48 
f 10/1/10 50/486/50 59/2/59 
f 10/1/10 2044/488/2044 50/486/50 
f 2044/488/2044 51/487/51 50/486/50 
f 2043/210/2043 58/199/58 61/209/61 
f 2043/210/2043 10/1/10 58/199/58 
f 10/1/10 59/2/59 58/199/58 
f 2030/212/2030 60/204/60 63/211/63 
f 2030/212/2030 2043/210/2043 60/204/60 
f 2043/210/2043 61/209/61 60/204/60 
f 2046/216/2046 62/208/62 65/217/65 
f 1819/112/1819 1802/106/1802 1814/246/1814 
f 1819/112/1819 1814/246/1814 1822/245/1822 
f 1826/115/1826 1817/111/1817 1820/248/1820 
f 1826/115/1826 1820/248/1820 1829/250/1829 
f 1834/121/1834 1836/117/1836 1837/257/1837 
f 1834/121/1834 1837/257/1837 1846/256/1846 
f 1841/124/1841 1843/120/1843 1844/258/1844 
f 1841/124/1841 1844/258/1844 1853/261/1853 
f 1848/129/1848 1850/123/1850 1851/262/1851 
f 1848/129/1848 1851/262/1851 1860/266/1860 
f 1867/132/1867 1855/126/1855 1862/271/1862 
f 1867/132/1867 1862/271/1862 1870/270/1870 
f 2046/216/2046 2030/212/2030 62/208/62 
f 2030/212/2030 63/211/63 62/208/62 
f 1881/138/1881 1872/134/1872 1875/277/1875 
f 1881/138/1881 1875/277/1875 1884/281/1884 
f 1889/144/1889 1891/140/1891 1892/284/1892 
f 1889/144/1889 1892/284/1892 1901/286/1901 
f 1874/135/1874 1865/131/1865 1868/275/1868 
f 1874/135/1874 1868/275/1868 1877/274/1877 
f 9/218/9 64/203/64 67/215/67 
f 9/218/9 2046/216/2046 64/203/64 
f 2046/216/2046 65/217/65 64/203/64 
f 16/219/16 66/213/66 29/3/29 
f 16/219/16 9/218/9 66/213/66 
f 9/218/9 67/215/67 66/213/66 
f 17/229/17 30/214/30 1/223/1 
f 17/229/17 16/219/16 30/214/30 
f 16/219/16 29/3/29 30/214/30 
f 2031/226/2031 28/4/28 2041/224/2041 
f 2031/226/2031 17/229/17 28/4/28 
f 17/229/17 1/223/1 28/4/28 
f 2047/222/2047 2048/228/2048 5/227/5 
f 2047/222/2047 2031/226/2031 2048/228/2048 
f 2031/226/2031 2041/224/2041 2048/228/2048 
f 2040/225/2040 2055/238/2055 2047/222/2047 
f 2028/220/2028 2047/222/2047 2055/238/2055 
f 2047/222/2047 5/227/5 2040/225/2040 
f 4/235/4 2/237/2 2028/220/2028 
f 11/233/11 2028/220/2028 2/237/2 
f 1903/152/1903 1905/146/1905 1906/294/1906 
f 1903/152/1903 1906/294/1906 1915/293/1915 
f 1929/158/1929 1920/154/1920 1923/304/1923 
f 1929/158/1929 1923/304/1923 1932/303/1932 
f 1922/155/1922 1910/149/1910 1917/298/1917 
f 1922/155/1922 1917/298/1917 1925/300/1925 
f 1936/161/1936 1927/157/1927 1930/306/1930 
f 1936/161/1936 1930/306/1930 1939/310/1939 
f 1951/170/1951 1953/166/1953 1954/316/1954 
f 1951/170/1951 1954/316/1954 1963/320/1963 
f 1944/167/1944 1946/163/1946 1947/312/1947 
f 1944/167/1944 1947/312/1947 1956/315/1956 
f 2028/220/2028 2055/238/2055 4/235/4 
f 2049/221/2049 3/417/3 11/233/11 
f 1896/147/1896 1898/143/1898 1899/287/1899 
f 1896/147/1896 1899/287/1899 1908/291/1908 
f 1958/175/1958 1960/169/1960 1961/323/1961 
f 1958/175/1958 1961/323/1961 1970/322/1970 
f 1977/178/1977 1965/172/1965 1972/334/1972 
f 1977/178/1977 1972/334/1972 1980/333/1980 
f 1984/181/1984 1975/177/1975 1978/335/1978 
f 1984/181/1984 1978/335/1978 1987/336/1987 
f 1991/184/1991 1982/180/1982 1985/338/1985 
f 1991/184/1991 1985/338/1985 1994/340/1994 
f 1999/190/1999 2001/186/2001 2002/344/2002 
f 1999/190/1999 2002/344/2002 2011/348/2011 
f 1812/198/1812 2014/192/2014 2015/352/2015 
f 1812/198/1812 2015/352/2015 2021/355/2021 
f 2006/193/2006 2008/189/2008 2009/351/2009 
f 2006/193/2006 2009/351/2009 2017/350/2017 
f 1787/305/1787 1788/308/1788 1939/310/1939 
f 1787/305/1787 1939/310/1939 1930/306/1930 
f 2026/2124/2026 11/233/11 3/417/3 
f 11/233/11 2/237/2 2049/221/2049 
f 2039/234/2039 2038/5/2038 2026/2124/2026 
f 2029/372/2029 2026/2124/2026 2038/5/2038 
f 2026/2124/2026 3/417/3 2039/234/2039 
f 2050/236/2050 2052/361/2052 2029/372/2029 
f 18/363/18 2029/372/2029 2052/361/2052 
f 2029/372/2029 2038/5/2038 2050/236/2050 
f 15/6/15 2051/370/2051 18/363/18 
f 2045/376/2045 18/363/18 2051/370/2051 
f 18/363/18 2052/361/2052 15/6/15 
f 14/371/14 2036/2125/2036 2045/376/2045 
f 12/364/12 2045/376/2045 2036/2125/2036 
f 2045/376/2045 2051/370/2051 14/371/14 
f 2036/2125/2036 26/362/26 12/364/12 
f 2027/369/2027 25/366/25 24/368/24 
f 13/373/13 24/368/24 22/365/22 
f 13/373/13 2027/369/2027 24/368/24 
f 2042/375/2042 23/367/23 6/374/6 
f 2042/375/2042 13/373/13 23/367/23 
f 13/373/13 22/365/22 23/367/23 
f 31/2128/31 21/2126/21 20/2129/20 
f 31/2128/31 2042/375/2042 21/2126/21 
f 2042/375/2042 6/374/6 21/2126/21 
f 2091/410/2091 2089/397/2089 2088/2130/2088 
f 2091/410/2091 2088/2130/2088 2090/404/2090 
f 2089/397/2089 2093/393/2093 2092/381/2092 
f 2089/397/2089 2092/381/2092 2088/2130/2088 
f 2088/2130/2088 2092/381/2092 2095/378/2095 
f 2088/2130/2088 2095/378/2095 2094/384/2094 
f 2090/404/2090 2088/2130/2088 2094/384/2094 
f 2090/404/2090 2094/384/2094 2096/402/2096 
