mtllib arteries_V2_3.mtl
v 74.08249664 -19.11755943 759.0128784
vn 0.9525916576 -0.09139087796 0.2902013958
v 71.18952942 -19.15732384 758.977417
vn -0.92448318 -0.1381884515 0.3552953303
v 71.34033203 -19.24143982 759.2456665
vn -0.829556644 -0.1910803765 0.5247133374
v 71.54001617 -19.31212616 759.4752197
vn -0.7039519548 -0.2355456203 0.6700521708
v 71.77282715 -19.36652946 759.656189
vn -0.5572047234 -0.2698167264 0.7853164077
v 72.02178192 -19.403965 759.7855225
vn -0.388831377 -0.2946884036 0.8729082942
v 72.30867004 -19.42757416 759.8742676
vn -0.2088299841 -0.3089880347 0.9278558493
v 72.61598969 -19.43351173 759.9094238
vn -0.01320766192 -0.3123130798 0.9498873949
v 72.93159485 -19.42012978 759.885376
vn 0.1862938553 -0.3034280539 0.9344656467
v 73.23777771 -19.3872509 759.8004761
vn 0.3804777861 -0.2822329402 0.8806709051
v 73.51893616 -19.33632851 759.6583862
vn 0.5579111576 -0.2498361468 0.7914019227
v 73.75900269 -19.2710228 759.4696045
vn 0.7097950578 -0.2084860057 0.6728481054
v 74.08249664 -19.11755943 759.0128784
vn 0.87940377 -0.1255431175 0.4592253268
v 74.04076385 -21.57868004 758.1890869
vn 0.9513845444 -0.1423282623 0.2731485069
v 74.13161469 -21.49050713 757.9185791
vn 0.9770365357 -0.1051333919 0.1853284389
v 74.16663361 -21.39380836 757.6295166
vn 0.999065578 -0.04321975634 -0.0002506508317
v 74.13986969 -21.29224586 757.3335571
vn 0.9817267656 0.02133911476 -0.1890958846
v 74.04985046 -21.19141197 757.0471191
vn 0.9241179228 0.08551084995 -0.3724163473
v 73.9004364 -21.09641647 756.7849121
vn 0.8293299079 0.145597294 -0.5394564867
v 73.70259094 -21.01277542 756.5617676
vn 0.7038034797 0.1985460073 -0.6820851564
v 73.47190094 -20.94426346 756.3872681
vn 0.5571675301 0.2419885397 -0.7943587899
v 73.2252121 -20.89248276 756.263855
vn 0.3887762725 0.2767288089 -0.8787913322
v 72.94093323 -20.85303688 756.1812134
vn 0.2089287043 0.3010725975 -0.9304322004
v 72.63639832 -20.8308239 756.1517334
vn 0.01333803684 0.3148182333 -0.9490582347
v 72.32364655 -20.82818794 756.1808472
vn -0.1861919761 0.3160577714 -0.9302902818
v 72.02022552 -20.84623528 756.2698975
vn -0.3802925944 0.3041821718 -0.8734132648
v 71.74159241 -20.88427544 756.414917
vn -0.5577017069 0.2797593176 -0.781475246
v 71.50367737 -20.93936157 756.6052856
vn -0.709676981 0.2445969284 -0.6607049108
v 71.31646729 -21.00683403 756.8262329
vn -0.8297880888 0.201609835 -0.5203894377
v 71.18305969 -21.08138466 757.0615234
vn -0.9207934737 0.1511971802 -0.3595535755
v 71.09220886 -21.16955948 757.3320923
vn -0.9774622917 0.09531778097 -0.1883665174
v 71.05718994 -21.26625824 757.6210938
vn -0.9994397163 0.03335741907 -0.002739639953
v 71.08395386 -21.36782074 757.9171753
vn -0.982032001 -0.03125075251 0.1861089617
v 71.17397308 -21.46865463 758.2035522
vn -0.9243447185 -0.09548326582 0.3694181144
v 71.32338715 -21.56365013 758.4657593
vn -0.8294922709 -0.1556219161 0.5363994837
v 71.5212326 -21.64729118 758.6888428
vn -0.7039620876 -0.2085911185 0.6789160967
v 71.75192261 -21.71580315 758.8634033
vn -0.5572987199 -0.2520506978 0.7911311984
v 71.99861145 -21.76758385 758.9867554
vn -0.3889525533 -0.2867739201 0.8754864931
v 72.28289032 -21.80702782 759.069397
vn -0.2091404945 -0.311108619 0.9270769358
v 72.58742523 -21.8292408 759.098938
vn -0.0135274874 -0.3248149753 0.9456808567
v 72.900177 -21.83187866 759.0697632
vn 0.1858840734 -0.3259967566 0.9269160032
v 73.20359802 -21.81383133 758.9807129
vn 0.3799460828 -0.3140628934 0.8700606227
v 73.48223114 -21.77579117 758.8357544
vn 0.5572698712 -0.2895956933 0.7781931758
v 73.72014618 -21.72070503 758.6453857
vn 0.70919168 -0.2544066608 0.6575137973
v 73.90735626 -21.65323257 758.4244995
vn 0.8293321729 -0.2113981247 0.5172223449
v 74.04076385 -21.57868004 758.1890869
vn 0.8791899681 -0.1792892665 0.4414525628
v 73.87126923 -24.0279007 757.3459473
vn 0.9487408996 -0.1785726845 0.2607729137
v 73.96114349 -23.94351196 757.0767822
vn 0.9744290709 -0.1449631304 0.1716791093
v 73.99580383 -23.8483696 756.789978
vn 0.9963995218 -0.08360087872 -0.01410182565
v 73.96937561 -23.74589348 756.4970093
vn 0.9790925384 -0.01800244488 -0.2026170939
v 73.88038635 -23.64160156 756.2145996
vn 0.9216125607 0.04883667827 -0.3850262761
v 73.73266602 -23.54075813 755.9569092
vn 0.827008009 0.1130940989 -0.5506972671
v 73.53704071 -23.44930458 755.7387085
vn 0.7018097043 0.1713823825 -0.6914414167
v 73.3089447 -23.37163925 755.5689087
vn 0.5555151105 0.2209954709 -0.8016008735
v 73.0650177 -23.31003571 755.4500732
vn 0.3875468671 0.262635231 -0.8836459517
v 72.78390503 -23.2592392 755.3721924
vn 0.2080321312 0.294372052 -0.9327741861
v 72.48275757 -23.22483635 755.347229
vn 0.01298568677 0.3160379231 -0.9486576915
v 72.1734848 -23.20964813 755.3803711
vn -0.1859757453 0.3253025115 -0.9271414876
v 71.87342834 -23.21548462 755.4727783
vn -0.3796405494 0.3211820722 -0.8675915599
v 71.5978775 -23.24228096 755.6201782
vn -0.5565900207 0.3037993908 -0.7732486725
v 71.36258698 -23.28772926 755.8121338
vn -0.7082111239 0.2745910287 -0.6504127979
v 71.17743683 -23.34757996 756.0335693
vn -0.8280231357 0.236223653 -0.5085037351
v 71.04548645 -23.41666031 756.2685547
vn -0.9187602401 0.189034909 -0.3466200531
v 70.95561218 -23.50104904 756.5377808
vn -0.9752914906 0.1351930946 -0.1747265607
v 70.92095184 -23.5961895 756.8245239
vn -0.9972112179 0.07380490005 0.01107383799
v 70.9473877 -23.69866753 757.1174927
vn -0.9798523188 0.008176214062 0.1995560378
v 71.03636932 -23.80295753 757.3999634
vn -0.9223217964 -0.05870363489 0.3819376528
v 71.18408966 -23.90380287 757.6576538
vn -0.827688098 -0.1229925677 0.5475447178
v 71.37971497 -23.99525642 757.8758545
vn -0.7025029063 -0.1813175082 0.6881958842
v 71.6078186 -24.07292175 758.0455933
vn -0.5562418103 -0.2309454083 0.7982851863
v 71.85174561 -24.1345253 758.1644287
vn -0.3882347047 -0.2726054192 0.8803181648
v 72.13285065 -24.1853199 758.2423706
vn -0.2088645101 -0.3043170571 0.9293905497
v 72.43399811 -24.21972466 758.267395
vn -0.01379888505 -0.3259686232 0.9452798963
v 72.7432785 -24.23491287 758.2341309
vn 0.1851739287 -0.3352051079 0.9237684608
v 73.04333496 -24.22907448 758.1417236
vn 0.3787409365 -0.3310394883 0.8642731905
v 73.31887817 -24.20228004 757.9943237
vn 0.5556582212 -0.313616246 0.7699927092
v 73.5541687 -24.15682983 757.8024292
vn 0.7072521448 -0.2843783796 0.6472428441
v 73.73931885 -24.09698105 757.5809326
vn 0.827093184 -0.2459943593 0.5053747892
v 73.87126923 -24.0279007 757.3459473
vn 0.8769214153 -0.2184415013 0.4281263053
v 73.60912323 -26.4727459 756.5163574
vn 0.9465959072 -0.1984049082 0.2541488409
v 73.69765472 -26.39448929 756.2477417
vn 0.9719190001 -0.1692385375 0.1634985954
v 73.73157501 -26.30434227 755.9620361
vn 0.9936217666 -0.1103661135 -0.02313307486
v 73.70508575 -26.20541382 755.6707764
vn 0.9761444926 -0.0462503396 -0.2121386528
v 73.61675262 -26.10294914 755.3905029
vn 0.9186099172 0.02025417797 -0.3946462274
v 73.47039032 -26.00209808 755.1352539
vn 0.8240913749 0.08532916009 -0.5599932075
v 73.27671051 -25.90886497 754.9198608
vn 0.6990433931 0.1455579102 -0.7001080513
v 73.05097961 -25.82790565 754.7529297
vn 0.5530612469 0.197969541 -0.8092782497
v 72.80966187 -25.76188087 754.6368408
vn 0.3853940666 0.2432476133 -0.8901134729
v 72.53163147 -25.70513916 754.5617676
vn 0.2063822895 0.2792440355 -0.9377788305
v 72.23384857 -25.66352272 754.5394897
vn 0.0118296016 0.3059466779 -0.9519751668
v 71.92810822 -25.64008331 754.5752563
vn -0.1866258234 0.3207577169 -0.9285931587
v 71.63155365 -25.63704872 754.6697998
vn -0.3796927929 0.322419107 -0.8671097159
v 71.35929108 -25.6547966 754.8189697
vn -0.5560591817 0.3107554615 -0.770862639
v 71.12689209 -25.69157028 755.0119629
vn -0.7071337104 0.2868932486 -0.646261692
v 70.94409943 -25.74358177 755.2339478
vn -0.8265219331 0.2532076836 -0.5027398467
v 70.8139267 -25.80596542 755.4689941
vn -0.9168604016 0.2099374831 -0.3395486474
v 70.7253952 -25.88422203 755.7376709
vn -0.973051548 0.1594472378 -0.1665749997
v 70.69147491 -25.97436905 756.0233765
vn -0.9947263598 0.100581035 0.02007209882
v 70.71796417 -26.0732975 756.3145752
vn -0.977219224 0.03646469489 0.2090763599
v 70.80628967 -26.17576218 756.5949097
vn -0.9196597934 -0.0300504826 0.391564548
v 70.95265198 -26.27661324 756.8500366
vn -0.8251127005 -0.09514799714 0.5568984747
v 71.14633942 -26.36984634 757.0654907
vn -0.7000203729 -0.155406177 0.6970081329
v 71.37207031 -26.45080376 757.2324219
vn -0.5541110039 -0.2078143209 0.8060857058
v 71.61338806 -26.51683044 757.3485718
vn -0.3864659667 -0.2530986965 0.8868963122
v 71.89141846 -26.57357216 757.423645
vn -0.2074363679 -0.289118439 0.934548378
v 72.18920135 -26.61518669 757.4459229
vn -0.01293932553 -0.3158277869 0.948728323
v 72.49494171 -26.63862801 757.4101562
vn 0.1855494231 -0.3306348324 0.9253388643
v 72.79149628 -26.6416626 757.3156128
vn 0.3785660565 -0.3322862983 0.8638712764
v 73.06375122 -26.62391472 757.1664429
vn 0.554905355 -0.3206135333 0.7676503062
v 73.29615784 -26.58713913 756.9734497
vn 0.7059633732 -0.2967295051 0.6430920362
v 73.4789505 -26.53512955 756.7514648
vn 0.8253583908 -0.2630187869 0.4996044636
v 73.60912323 -26.4727459 756.5163574
vn 0.8747897148 -0.2403797358 0.420666784
v 73.29312134 -28.92485428 755.7275391
vn 0.9457444549 -0.2049676478 0.2521026134
v 73.38011932 -28.85338402 755.4592896
vn 0.9705873132 -0.1797209829 0.1601892412
v 73.41304016 -28.76971436 755.1743164
vn 0.9918318987 -0.1245270446 -0.02761408687
v 73.38616943 -28.67663765 754.8840332
vn 0.9739605784 -0.06360317767 -0.2176130861
v 73.29812622 -28.5790329 754.6048584
vn 0.9161019325 0.0004168807354 -0.4009452164
v 73.15270996 -28.48179436 754.3510742
vn 0.8213722706 0.06380814314 -0.5668122172
v 72.96055603 -28.39074898 754.137146
vn 0.6962122321 0.1232537255 -0.7071754336
v 72.73679352 -28.31055832 753.9716187
vn 0.5502783656 0.1757141352 -0.816283226
v 72.49771881 -28.24402809 753.8568726
vn 0.3827399015 0.2218666226 -0.8968195915
v 72.22241211 -28.18546104 753.7832031
vn 0.2038380802 0.2595004737 -0.9439859986
v 71.92768097 -28.14065742 753.7622681
vn 0.009598958306 0.2886224687 -0.9573948979
v 71.62519073 -28.11269951 753.7993164
vn -0.188447684 0.3065968156 -0.9329982996
v 71.3319397 -28.10401535 753.8948364
vn -0.3810098767 0.3120474815 -0.8703205585
v 71.06285095 -28.11525345 754.0447388
vn -0.5569005013 0.3045837581 -0.7727163434
v 70.83330536 -28.14507675 754.2381592
vn -0.7074061036 0.2850818932 -0.6467649341
v 70.65291595 -28.19013405 754.4602661
vn -0.8262721896 0.2556625307 -0.5019073486
v 70.52462006 -28.24593163 754.6951294
vn -0.9161354303 0.2164718658 -0.3373955488
v 70.43762207 -28.31740189 754.9634399
vn -0.9718557596 0.1699231118 -0.1631639302
v 70.40470123 -28.40107155 755.2484131
vn -0.9930897951 0.1147402078 0.02464520745
v 70.43157196 -28.49414825 755.5386963
vn -0.9752051234 0.05382255465 0.2146581709
v 70.51961517 -28.59175301 755.8178101
vn -0.9173403978 -0.01017838251 0.3979735672
v 70.66503143 -28.68899155 756.0715942
vn -0.8225921392 -0.07357826084 0.5638514161
v 70.85718536 -28.78003693 756.2855225
vn -0.6974189878 -0.1330238879 0.7042098045
v 71.08095551 -28.86022949 756.4510498
vn -0.5514616966 -0.1854999512 0.8133140802
v 71.32002258 -28.92675781 756.5658569
vn -0.3839837611 -0.2316465676 0.8938100338
v 71.59532928 -28.98532486 756.6394653
vn -0.2050493509 -0.2692911923 0.9409766197
v 71.89006805 -29.03012848 756.6604004
vn -0.01082073152 -0.2984345853 0.9543687701
v 72.19255066 -29.0580864 756.6234131
vn 0.1872155815 -0.3164247572 0.929960072
v 72.48580933 -29.06677055 756.5278931
vn 0.379789263 -0.3218806982 0.8672674894
v 72.75489044 -29.05553246 756.3779907
vn 0.5556249619 -0.3144169748 0.7696900964
v 72.98444366 -29.02570915 756.1845703
vn 0.706127286 -0.2949159741 0.6437459588
v 73.16483307 -28.98065186 755.9624023
vn 0.8250008225 -0.2654856145 0.4988898337
v 73.29312134 -28.92485428 755.7275391
vn 0.8739557862 -0.2468487173 0.4186490476
v 72.95281982 -31.39112663 754.9892578
vn 0.9461572766 -0.2017617524 0.2531374097
v 73.0382843 -31.32606888 754.7216187
vn 0.9705389738 -0.1799615473 0.1602122486
v 73.07012939 -31.24907494 754.4373169
vn 0.991258204 -0.1287580431 -0.02878347039
v 73.04271698 -31.16265488 754.1479492
vn 0.9728711247 -0.07173584402 -0.2199447751
v 72.9547348 -31.07131004 753.8696289
vn 0.9145384431 -0.01133088395 -0.4043402672
v 72.8099823 -30.97961044 753.6167603
vn 0.8193770647 0.04896896333 -0.5711596012
v 72.61903381 -30.89307594 753.4035645
vn 0.6939319968 0.1059441119 -0.7122038007
v 72.39689636 -30.81619835 753.2387085
vn 0.5476814508 0.1567258239 -0.8218771219
v 72.15973663 -30.75177193 753.1245728
vn 0.3800711036 0.2018382698 -0.9026667476
v 71.88678741 -30.6942749 753.0513916
vn 0.2011275291 0.2391367853 -0.949927032
v 71.59474182 -30.64927101 753.0308228
vn 0.006948594004 0.2687080503 -0.9631965756
v 71.29517365 -30.61975861 753.0680542
vn -0.1909370869 0.287938714 -0.9384211898
v 71.00489807 -30.60818291 753.1636353
vn -0.3831914067 0.2954124808 -0.8751547337
v 70.73872375 -30.61532784 753.3133545
vn -0.5587413311 0.2906537056 -0.7767422795
v 70.51183319 -30.64014053 753.5065308
vn -0.7088454962 0.2743556798 -0.649820745
v 70.33372498 -30.67963791 753.7282104
vn -0.8272587657 0.2484055907 -0.503922224
v 70.20726013 -30.72970009 753.9625244
vn -0.9166139364 0.2128881961 -0.3383748233
v 70.12179565 -30.79475784 754.2302246
vn -0.9718405008 0.1701884717 -0.1629784107
v 70.08995819 -30.87175179 754.5144653
vn -0.9925541878 0.1189942583 0.02600998245
v 70.11737061 -30.95816994 754.803833
vn -0.9741643071 0.06197696552 0.2171699554
v 70.20535278 -31.04951477 755.0820923
vn -0.9158372283 0.001579067088 0.4015466571
v 70.35010529 -31.14121628 755.335083
vn -0.8207008839 -0.05870734155 0.5683339834
v 70.54105377 -31.22774887 755.5482178
vn -0.6952403784 -0.1156864315 0.7094064355
v 70.76318359 -31.30462837 755.7130737
vn -0.5489884615 -0.1664674878 0.8190850019
v 71.00034332 -31.36905289 755.8272705
vn -0.3813839555 -0.2115982175 0.8998736143
v 71.27329254 -31.42655182 755.9004517
vn -0.2024817765 -0.24889943 0.9471273422
v 71.56533813 -31.4715538 755.9209595
vn -0.008240967989 -0.278483063 0.960405767
v 71.86491394 -31.50106812 755.8837891
vn 0.1895816177 -0.2977112234 0.9356424809
v 72.15518188 -31.51264191 755.788147
vn 0.3819474876 -0.3051926196 0.872337997
v 72.42136383 -31.50549889 755.6384277
vn 0.5574243069 -0.3004351854 0.7739617825
v 72.64824677 -31.48068428 755.4453125
vn 0.7074972391 -0.2841408253 0.6470793486
v 72.82636261 -31.4411869 755.2236328
vn 0.8259463906 -0.25818488 0.5011518002
v 72.95281982 -31.39112663 754.9892578
vn 0.8744680882 -0.2428197414 0.4199334383
v 72.6131897 -33.87042236 754.3048706
vn 0.9478208423 -0.1891624779 0.2566187084
v 72.69717407 -33.811409 754.038147
vn 0.9717587829 -0.1708805561 0.162741214
v 72.72792816 -33.74121857 753.7546387
vn 0.9919260144 -0.1238213927 -0.02740512788
v 72.69989014 -33.66210938 753.4660645
vn 0.9729421735 -0.07121658325 -0.2197992057
v 72.61181641 -33.57818604 753.1884155
vn 0.9140110612 -0.01530447323 -0.405400455
v 72.46749878 -33.49365234 752.9360352
vn 0.8182615042 0.04069840163 -0.5734036565
v 72.27748871 -33.41359711 752.7231445
vn 0.6923235655 0.09377288073 -0.7154682279
v 72.0566864 -33.34220886 752.5584717
vn 0.5456308126 0.1412759721 -0.8260315657
v 71.82112122 -33.28212357 752.4442749
vn 0.3775746822 0.1836788505 -0.9075788856
v 71.55018616 -33.22817993 752.3708496
vn 0.1984095275 0.2188773751 -0.9553671479
v 71.2604599 -33.18556213 752.3500366
vn 0.004058873747 0.2470486164 -0.9689945579
v 70.96343994 -33.15705872 752.3865967
vn -0.1938740611 0.2657251954 -0.9443532228
v 70.6758194 -33.14499283 752.4815674
vn -0.3861702085 0.273555696 -0.8809312582
v 70.4122467 -33.15015793 752.6304932
vn -0.561435163 0.2700357139 -0.7822219729
v 70.18777466 -33.17166901 752.8227539
vn -0.7112745643 0.2557829916 -0.6547240019
v 70.01176453 -33.20684814 753.0435181
vn -0.8293524384 0.2324831486 -0.5080611706
v 69.88702393 -33.2519455 753.2770386
vn -0.9182866812 0.200104773 -0.3416250944
v 69.80303955 -33.31095505 753.5438232
vn -0.9730073214 0.1610863656 -0.1652511209
v 69.77228546 -33.38114929 753.8272705
vn -0.9931638241 0.1140481606 0.02487343922
v 69.80032349 -33.46025848 754.1159058
vn -0.9741796255 0.06146368384 0.2172470838
v 69.88839722 -33.54417801 754.3935547
vn -0.915255487 0.005569907371 0.4028353691
v 70.03271484 -33.62871552 754.645874
vn -0.8195519447 -0.05040307343 0.5707837939
v 70.22272491 -33.70876694 754.8588257
vn -0.6936053634 -0.1034904718 0.7128823996
v 70.44352722 -33.780159 755.0234985
vn -0.5469065309 -0.1509967744 0.8234641552
v 70.67909241 -33.84024429 755.1376343
vn -0.3789168 -0.1933964193 0.90499717
v 70.95002747 -33.89418411 755.2110596
vn -0.1998152137 -0.2286098897 0.9527913928
v 71.23975372 -33.93680573 755.2319946
vn -0.005414222833 -0.2568083405 0.9664471745
v 71.53677368 -33.96530914 755.1953125
vn 0.1925469041 -0.275503546 0.9418192506
v 71.82439423 -33.97737503 755.1004028
vn 0.3847989738 -0.2833536863 0.8784306645
v 72.08796692 -33.97220993 754.9514771
vn 0.5601893067 -0.2798458934 0.7796629071
v 72.31243896 -33.95069885 754.7592163
vn 0.7099550962 -0.2656051517 0.6522405148
v 72.4884491 -33.91551971 754.5383911
vn 0.828066349 -0.2422954142 0.5055680871
v 72.6131897 -33.87042236 754.3048706
vn 0.8762042522 -0.2300177962 0.4235067368
v 72.29881287 -36.37148666 753.6781616
vn 0.9505734444 -0.1661847234 0.2622837424
v 72.38140869 -36.31829834 753.4124146
vn 0.9741107225 -0.1516777873 0.1676369458
v 72.41110229 -36.25526047 753.1300049
vn 0.993747592 -0.1091199815 -0.02363260649
v 72.38240814 -36.18442154 752.842041
vn 0.9741492271 -0.06168675795 -0.217320025
v 72.29412842 -36.10946655 752.5648193
vn 0.9145550132 -0.01139556523 -0.4043009579
v 72.15009308 -36.03414154 752.3125
vn 0.8181082606 0.03887535632 -0.5737487078
v 71.96079254 -35.96298599 752.0996094
vn 0.6914563179 0.08642361313 -0.7172301412
v 71.74107361 -35.89970016 751.9345093
vn 0.5442349315 0.128831476 -0.8289818168
v 71.50684357 -35.84659576 751.8197632
vn 0.3756076097 0.1665942371 -0.9116826653
v 71.23761749 -35.79911804 751.7456055
vn 0.195890829 0.1978072673 -0.960468173
v 70.94989014 -35.76185226 751.7236938
vn 0.001154382713 0.2225988358 -0.9749094248
v 70.6550827 -35.73726654 751.7590332
vn -0.1969961375 0.2388115972 -0.9508740902
v 70.36978912 -35.72739029 751.8526001
vn -0.3895047009 0.2452759296 -0.8877645135
v 70.10852814 -35.73288345 752.0001831
vn -0.5648417473 0.2415515929 -0.7890542746
v 69.88622284 -35.7529068 752.190979
vn -0.7144870162 0.2282144129 -0.6613822579
v 69.71212006 -35.78502655 752.4105225
vn -0.8323171735 0.2068175822 -0.5142709017
v 69.58895874 -35.82587051 752.6429443
vn -0.9209303856 0.177176252 -0.3471250236
v 69.50636292 -35.87905502 752.9086304
vn -0.9752088785 0.1418203712 -0.1698663831
v 69.47666931 -35.9420929 753.1911621
vn -0.994828105 0.09930361062 0.02135120705
v 69.50536346 -36.01293182 753.4790649
vn -0.9752292037 0.05191210657 0.2150189877
v 69.59364319 -36.08789062 753.7562866
vn -0.9156485796 0.001655636355 0.4019762576
v 69.73767853 -36.16321564 754.0085449
vn -0.8192718029 -0.04856231436 0.5713452101
v 69.92697144 -36.23437119 754.2215576
vn -0.6926635504 -0.0960970521 0.7148304582
v 70.146698 -36.29765701 754.3865967
vn -0.5453817844 -0.1385366023 0.826659739
v 70.38092041 -36.35076141 754.5012817
vn -0.3768341839 -0.1762884706 0.9093505144
v 70.65015411 -36.39823914 754.5755615
vn -0.1972276121 -0.2075100988 0.958144486
v 70.93788147 -36.4355011 754.5974121
vn -0.002487976337 -0.2323568761 0.9726274014
v 71.23268127 -36.46008682 754.5620728
vn 0.1957856268 -0.2486213893 0.9486070871
v 71.51798248 -36.46996307 754.4684448
vn 0.388218224 -0.2551123798 0.8855531216
v 71.77923584 -36.46446991 754.3209839
vn 0.56359303 -0.2514255047 0.7868596315
v 72.00154877 -36.44445038 754.1300659
vn 0.7133078575 -0.2381076515 0.6591635942
v 72.17565155 -36.41233063 753.9105835
vn 0.8311566114 -0.2167198509 0.512065649
v 72.29881287 -36.37148666 753.6781616
vn 0.8790142536 -0.2074819803 0.4292845428
v 72.03792572 -38.88986206 753.1189575
vn 0.9538530111 -0.1319619715 0.2697229981
v 72.11924744 -38.84253693 752.8544922
vn 0.9771704078 -0.1214717329 0.174306199
v 72.14795685 -38.7873764 752.572876
vn 0.9963003993 -0.08401666582 -0.01807511784
v 72.11862946 -38.72624207 752.2855225
vn 0.9760853052 -0.04278003424 -0.2131369114
v 72.03012085 -38.6623497 752.0085449
vn 0.9157924056 0.0004804848286 -0.4016516209
v 71.88627625 -38.59890366 751.7561035
vn 0.8186346292 0.04326220229 -0.5726829767
v 71.6975708 -38.53970337 751.5424805
vn 0.6912528276 0.08333580196 -0.7177914977
v 71.4787674 -38.48775101 751.3766479
vn 0.5433157086 0.1186900064 -0.8310961127
v 71.24568939 -38.44484329 751.2607422
vn 0.3741848767 0.1496465951 -0.9152002931
v 70.97795105 -38.40730286 751.1850586
vn 0.1938245893 0.1747978032 -0.9653381705
v 70.69197083 -38.37888336 751.1615601
vn -0.001447807183 0.1941484809 -0.9809710979
v 70.39912415 -38.36157608 751.1950684
vn -0.2000049949 0.2059676498 -0.9579015374
v 70.11588287 -38.35691452 751.2866821
vn -0.3926680088 0.209323898 -0.8955419064
v 69.85669708 -38.36527252 751.4321899
vn -0.5682569146 0.2040156424 -0.7971585393
v 69.63632965 -38.38571548 751.6213379
vn -0.7179386616 0.1905984879 -0.6695045233
v 69.46394348 -38.41600037 751.8391724
vn -0.8356313109 0.1704988033 -0.5221593976
v 69.34220886 -38.45316696 752.0703125
vn -0.9240012169 0.1433548778 -0.3545012772
v 69.26088715 -38.50049591 752.3347778
vn -0.9779399633 0.1118221506 -0.1764349043
v 69.23218536 -38.55565262 752.616333
vn -0.997102201 0.07439495623 0.01589177921
v 69.26150513 -38.61678696 752.9037476
vn -0.9769507647 0.03318496794 0.2108696103
v 69.35001373 -38.68067932 753.1807251
vn -0.916714251 -0.01007933542 0.3994162679
v 69.49385834 -38.74412537 753.4331665
vn -0.8196414113 -0.05286828056 0.5704322457
v 69.68256378 -38.80332947 753.6467285
vn -0.6923257113 -0.0929639861 0.7155717015
v 69.90136719 -38.85527802 753.8126221
vn -0.5443860292 -0.1283577681 0.8289560676
v 70.13444519 -38.89818954 753.9285278
vn -0.3752384782 -0.1593543887 0.9131277204
v 70.40219116 -38.93572998 754.0041504
vn -0.1949955672 -0.1845069528 0.9632932544
v 70.68817139 -38.96414566 754.02771
vn 0.0003960877657 -0.2038958818 0.9789925218
v 70.98101044 -38.98145294 753.9941406
vn 0.1989674717 -0.2157438099 0.9559636712
v 71.26425171 -38.9861145 753.9025879
vn 0.3917787671 -0.21910128 0.8935905099
v 71.52344513 -38.9777565 753.756897
vn 0.5673437715 -0.213770628 0.7952503562
v 71.74380493 -38.95731735 753.5679321
vn 0.7170908451 -0.2003348023 0.6675677299
v 71.91619873 -38.92702866 753.3500366
vn 0.834841907 -0.1802086085 0.5201575756
v 72.03792572 -38.88986206 753.1189575
vn 0.882525146 -0.1739834845 0.436897099
v 71.85758209 -41.43185425 752.6382446
vn 0.9558052421 -0.103690125 0.2751085162
v 71.93775177 -41.39146042 752.3748779
vn 0.9792556763 -0.09338381886 0.1798271686
v 71.96563721 -41.34533691 752.0941772
vn 0.9980005026 -0.06172573194 -0.01359680854
v 71.93589783 -41.29509354 751.8074951
vn 0.9773477912 -0.02725575119 -0.209877044
v 71.84741211 -41.24341965 751.5308228
vn 0.9165740609 0.008532059379 -0.3997738957
v 71.70402527 -41.19290924 751.2782593
vn 0.818951726 0.04357758164 -0.5722054839
v 71.51618195 -41.14656067 751.0643311
vn 0.6910901666 0.07607035339 -0.7187542319
v 71.2985611 -41.10665512 750.8977051
vn 0.5427070856 0.1043976173 -0.8334087729
v 71.06687927 -41.07444763 750.7808838
vn 0.3731255531 0.1287073493 -0.9188099504
v 70.80085754 -41.04718781 750.7041016
vn 0.192573905 0.1481722146 -0.9700310826
v 70.51683807 -41.02775192 750.6791382
vn -0.003112333594 0.1626323462 -0.986681819
v 70.22613525 -41.0176239 750.7110596
vn -0.2018850148 0.1707112193 -0.9644169807
v 69.94509888 -41.01783371 750.8009033
vn -0.3946803808 0.1717204452 -0.9026291966
v 69.68804932 -41.02849197 750.9447021
vn -0.5703123808 0.165584296 -0.8045654893
v 69.46965027 -41.04860306 751.1320801
vn -0.7200595737 0.1528531611 -0.6768678427
v 69.29895782 -41.07618332 751.3484497
vn -0.8377143145 0.1347857565 -0.5292140245
v 69.17858887 -41.10873413 751.5782471
vn -0.9259372354 0.1111513376 -0.3609509766
v 69.09841919 -41.14912796 751.8415527
vn -0.9796736836 0.08406560868 -0.1821328998
v 69.07052612 -41.19525146 752.1222534
vn -0.9985652566 0.05235722661 0.01123313326
v 69.10027313 -41.24549484 752.4089966
vn -0.9780786037 0.01782120205 0.2074719369
v 69.18875885 -41.29716873 752.6856689
vn -0.9174492359 -0.01805897057 0.3974428177
v 69.33214569 -41.34767914 752.9381714
vn -0.8198974133 -0.05319764465 0.5700335503
v 69.51998138 -41.39402771 753.1521606
vn -0.6921092868 -0.08574655652 0.7166814208
v 69.73760986 -41.43393326 753.3187866
vn -0.5436615944 -0.114115797 0.8315104842
v 69.96929169 -41.46614075 753.4355469
vn -0.3740178049 -0.1384440213 0.9170299768
v 70.23531342 -41.49340057 753.5123901
vn -0.1934141219 -0.1578932106 0.9683288336
v 70.51932526 -41.51283646 753.5374146
vn 0.002413087292 -0.1722889543 0.9850435257
v 70.81003571 -41.52296448 753.5053711
vn 0.2014436126 -0.180298388 0.9627631903
v 71.09107208 -41.52275467 753.4155884
vn 0.394346416 -0.1812320799 0.9009138942
v 71.34812164 -41.51209641 753.2717896
vn 0.5700730681 -0.1750089228 0.8027381897
v 71.56652069 -41.49198532 753.0844116
vn 0.7198004127 -0.1622121185 0.6749626398
v 71.73721313 -41.46440506 752.868042
vn 0.8374550939 -0.1440993845 0.527166307
v 71.85758209 -41.43185425 752.6382446
vn 0.8853397965 -0.1371430606 0.4442580938
v 71.71495819 -43.99327469 752.243042
vn 0.9558665156 -0.1009466425 0.2759147584
v 71.79398346 -43.96198654 751.9806519
vn 0.979475677 -0.08870027214 0.1809964478
v 71.82115173 -43.92552567 751.7010498
vn 0.9979099035 -0.06322728097 -0.0133486744
v 71.7911911 -43.88512039 751.4154053
vn 0.9769585729 -0.03494692221 -0.2105485052
v 71.70301819 -43.84289932 751.1397705
vn 0.9159021974 -0.00510493014 -0.4013690054
v 71.56047821 -43.80097961 750.8882446
vn 0.8180404305 0.02459928207 -0.5746344328
v 71.37393188 -43.76187134 750.6749878
vn 0.6900007725 0.05257219076 -0.7218968272
v 71.15795135 -43.72755432 750.5090332
vn 0.5414676666 0.07739635557 -0.8371514678
v 70.92811584 -43.69921875 750.3927612
vn 0.3716900349 0.09906378388 -0.9230563045
v 70.66431427 -43.67443466 750.3162231
vn 0.1911853999 0.1171243563 -0.9745409489
v 70.38276672 -43.65568161 750.2912598
vn -0.004491863772 0.1312563121 -0.9913383126
v 70.09468842 -43.64427185 750.3231812
vn -0.2033115029 0.140234068 -0.9690195322
v 69.81627655 -43.64122009 750.4127197
vn -0.3959935009 0.1433516592 -0.90699476
v 69.56174469 -43.64677048 750.5559082
vn -0.5714473128 0.1404215246 -0.8085355759
v 69.34558868 -43.66030502 750.7426758
vn -0.7210239768 0.1317988932 -0.6802598834
v 69.17676544 -43.68034363 750.9581909
vn -0.8384829164 0.1184450015 -0.531899631
v 69.05784607 -43.70491791 751.1871948
vn -0.9264330268 0.1005229056 -0.3627905846
v 68.97882843 -43.73620987 751.4495239
vn -0.9799086452 0.07908955961 -0.1830953807
v 68.95165253 -43.77267075 751.729126
vn -0.9985019565 0.0535512194 0.01123054605
v 68.98162079 -43.8130722 752.0148315
vn -0.9777000546 0.02521391027 0.2084870487
v 69.0697937 -43.85529327 752.2904663
vn -0.9167596102 -0.004663033877 0.3994120955
v 69.21233368 -43.89721298 752.5419922
vn -0.8189172745 -0.03438586369 0.5728805661
v 69.39887238 -43.93632507 752.755127
vn -0.6908749938 -0.06234139949 0.7202813625
v 69.61485291 -43.97063828 752.9210815
vn -0.542276144 -0.08712333441 0.8356710672
v 69.84468842 -43.99897766 753.0374756
vn -0.3723649383 -0.1087228805 0.9216960669
v 70.10848999 -44.02376175 753.1138916
vn -0.1916498244 -0.1267305464 0.9732469916
v 70.39003754 -44.0425148 753.138855
vn 0.004052020609 -0.140787676 0.9900315404
v 70.67812347 -44.05392075 753.1070557
vn 0.203063339 -0.1497021317 0.9676541686
v 70.95652771 -44.0569725 753.0175171
vn 0.3959488273 -0.1527837217 0.9054731727
v 71.2110672 -44.05142212 752.8742065
vn 0.5714308619 -0.1498479247 0.806853354
v 71.42722321 -44.03788757 752.6875
vn 0.7209054232 -0.1412507296 0.678486228
v 71.59604645 -44.01785278 752.4719238
vn 0.8382716775 -0.1279413402 0.5300297737
v 71.71495819 -43.99327469 752.243042
vn 0.8863337636 -0.1187700853 0.4475557208
v 71.52748108 -46.56317139 751.9282227
vn 0.953700304 -0.1253555566 0.2733893692
v 71.60514832 -46.54202652 751.6669312
vn 0.9775079489 -0.112308763 0.1785076857
v 71.63148499 -46.51463318 751.3886719
vn 0.9955508709 -0.09275953472 -0.01655548252
v 71.60129547 -46.4817276 751.1046143
vn 0.9743008614 -0.06930451095 -0.214323923
v 71.5135498 -46.44493103 750.8306885
vn 0.9130476117 -0.04295272753 -0.4055849314
v 71.37207031 -46.40605927 750.5809937
vn 0.8150752187 -0.01516110171 -0.5791567564
v 71.18713379 -46.36751556 750.3696289
vn 0.6870596409 0.01246436127 -0.7264940739
v 70.97316742 -46.33148193 750.2053833
vn 0.538677454 0.03838245571 -0.8416373134
v 70.74559021 -46.29953766 750.0904541
vn 0.3691280484 0.06253042072 -0.9272725582
v 70.48449707 -46.26893234 750.0153198
vn 0.1888372302 0.08446444571 -0.9783691764
v 70.20594025 -46.24229813 749.9915161
vn -0.006421609782 0.1038329974 -0.9945740104
v 69.92102814 -46.22113419 750.024353
vn -0.2048210651 0.1192021221 -0.9715138674
v 69.64580536 -46.20692444 750.1144409
vn -0.3969881535 0.1296318918 -0.9086230993
v 69.39429474 -46.20046616 750.2578735
vn -0.5718907714 0.1344963014 -0.8092290759
v 69.18083191 -46.20188522 750.444397
vn -0.7208871245 0.1337363571 -0.6800267696
v 69.01425171 -46.21040344 750.6594849
vn -0.8378344774 0.1278881729 -0.5307334661
v 68.89705658 -46.22459793 750.8876953
vn -0.9252678156 0.1174996719 -0.3606567383
v 68.81939697 -46.24573898 751.1489868
vn -0.9782786369 0.1025757864 -0.1801364869
v 68.79305267 -46.27313232 751.4272461
vn -0.9964367747 0.08300838619 0.01494677272
v 68.82324219 -46.3060379 751.7112427
vn -0.9752682447 0.05955526605 0.2128498703
v 68.91099548 -46.34283829 751.9851074
vn -0.9140540361 0.03323604167 0.4042284489
v 69.05247498 -46.38171005 752.2349243
vn -0.8160932064 0.005507744849 0.577894032
v 69.2374115 -46.42024994 752.4462891
vn -0.68796736 -0.02206023224 0.7254062891
v 69.45137787 -46.45628738 752.6105957
vn -0.5394608974 -0.0479260236 0.8406456113
v 69.67895508 -46.48822784 752.7254639
vn -0.3697946668 -0.07201585919 0.9263182878
v 69.94004822 -46.51883316 752.8005981
vn -0.189356342 -0.09390613437 0.9774076939
v 70.21860504 -46.54546738 752.8242798
vn 0.005966842175 -0.1132417098 0.9935495257
v 70.50350952 -46.56663132 752.7915649
vn 0.2043670714 -0.1286174059 0.9704079628
v 70.77873993 -46.58084106 752.7015381
vn 0.3967344165 -0.1390862912 0.9073349833
v 71.03025055 -46.58730316 752.5580444
vn 0.5716038346 -0.1440061182 0.8077940941
v 71.24370575 -46.58588409 752.371521
vn 0.7204977274 -0.1433072984 0.6784880757
v 71.41029358 -46.57736206 752.1564331
vn 0.8373104334 -0.137521565 0.5291493535
v 71.52748108 -46.56317139 751.9282227
vn 0.8854880333 -0.1279993653 0.4466845691
v 71.23105621 -49.12985229 751.6802979
vn 0.9482218027 -0.1677625626 0.2696870863
v 71.30700684 -49.11844635 751.4202881
vn 0.9722823501 -0.1555045396 0.1746005863
v 71.33230591 -49.0986557 751.1436768
vn 0.9897799492 -0.1410576403 -0.0209387932
v 71.30186462 -49.07070923 750.8615112
vn 0.9682074785 -0.1208601967 -0.2190138102
v 71.21469879 -49.03581619 750.5898438
vn 0.9068587422 -0.09570625424 -0.4104236662
v 71.07460785 -48.99566269 750.3424072
vn 0.8090492487 -0.06697125733 -0.5839128494
v 70.89176941 -48.95284271 750.1333008
vn 0.6813966632 -0.03639630601 -0.7310088277
v 70.68041992 -48.91003418 749.9709473
vn 0.5335660577 -0.005865169223 -0.8457380533
v 70.4557724 -48.86952972 749.8578491
vn 0.36468032 0.02458416112 -0.9308081865
v 70.19816589 -48.82781982 749.7845459
vn 0.1852796525 0.05408634245 -0.9811962843
v 69.92347717 -48.78805542 749.762207
vn -0.008868454956 0.08249367028 -0.9965521097
v 69.64265442 -48.75217056 749.7960205
vn -0.2061855346 0.1079402417 -0.972541213
v 69.37151337 -48.72241592 749.8868408
vn -0.3971962035 0.1290085763 -0.908620894
v 69.12388611 -48.70036316 750.0306396
vn -0.5709329247 0.1444596648 -0.8081874847
v 68.91387177 -48.68708038 750.21698
vn -0.7188229561 0.1536943614 -0.6779908538
v 68.75014496 -48.68254852 750.4314575
vn -0.8347681165 0.1567351073 -0.5278222561
v 68.63514709 -48.68582153 750.6587524
vn -0.9212599993 0.1544410288 -0.3569705784
v 68.5592041 -48.69722748 750.9187012
vn -0.9735432267 0.1459909528 -0.1757845581
v 68.5338974 -48.71701813 751.1953125
vn -0.9911090136 0.1315667778 0.01982806809
v 68.56433868 -48.7449646 751.477417
vn -0.969558835 0.1114055812 0.218046993
v 68.65151215 -48.77985764 751.7491455
vn -0.9081858397 0.0863070786 0.4095723927
v 68.79159546 -48.82001114 751.996582
vn -0.810325563 0.05762059242 0.5831400752
v 68.9744339 -48.86283112 752.2056885
vn -0.6825940609 0.02708887309 0.7302955389
v 69.18579102 -48.90563965 752.367981
vn -0.5345787406 -0.003428335069 0.8451117277
v 69.41043854 -48.9461441 752.4810791
vn -0.3656918705 -0.03384637088 0.9301203489
v 69.66803741 -48.987854 752.5544434
vn -0.1861367226 -0.06336562335 0.980478406
v 69.94272614 -49.02761841 752.5767212
vn 0.008173644543 -0.09181076288 0.9957429171
v 70.22355652 -49.06350327 752.5429077
vn 0.2053613663 -0.1172733828 0.9716345072
v 70.49468994 -49.0932579 752.4521484
vn 0.3964549601 -0.138396278 0.9075626135
v 70.7423172 -49.11531067 752.3083496
vn 0.5701573491 -0.1538995206 0.8069916368
v 70.95233154 -49.12859344 752.1219482
vn 0.7178468108 -0.1631732136 0.6768090725
v 71.11605835 -49.13312531 751.9075317
vn 0.8336818218 -0.1662421525 0.5266290307
v 71.23105621 -49.12985229 751.6802979
vn 0.8819738626 -0.1584538072 0.4438632131
v 70.79217529 -51.68082809 751.4827881
vn 0.9390488267 -0.2176119089 0.2661435306
v 70.86608887 -51.67787552 751.2243042
vn 0.9632196426 -0.2073666751 0.1709004343
v 70.8902359 -51.66394806 750.949646
vn 0.9800975919 -0.1969408542 -0.02495930158
v 70.85961914 -51.6388092 750.6697388
vn 0.9582661986 -0.1786124408 -0.2232117206
v 70.77333832 -51.60335541 750.4003296
vn 0.8970643878 -0.1530097127 -0.4145642221
v 70.63515472 -51.55927277 750.1552124
vn 0.7997743487 -0.1214976162 -0.5878769755
v 70.45507812 -51.50949097 749.9484253
vn 0.6729573011 -0.08605182916 -0.7346587777
v 70.24713135 -51.45736313 749.788269
vn 0.52618891 -0.04901293293 -0.8489540219
v 70.02625275 -51.40600204 749.6769409
vn 0.3587334156 -0.01037967298 -0.9333823323
v 69.77311707 -51.3509407 749.6052246
vn 0.1808529645 0.02843697555 -0.9830989242
v 69.50332642 -51.29603958 749.5842896
vn -0.01150375046 0.06753006577 -0.9976509213
v 69.22766113 -51.24377441 749.6191406
vn -0.2068601847 0.1044327244 -0.9727808833
v 68.96164703 -51.19726944 749.7104492
vn -0.395968765 0.1372636557 -0.907946825
v 68.71885681 -51.15893936 749.854248
vn -0.5678300261 0.1640725732 -0.8066283464
v 68.5131073 -51.13082123 750.0401001
vn -0.7139890194 0.1836800724 -0.6756340265
v 68.35288239 -51.11361694 750.2537842
vn -0.8284735084 0.1956208348 -0.524751544
v 68.24053192 -51.1067543 750.4799194
vn -0.9136783481 0.2009432763 -0.3532897532
v 68.16661835 -51.10971069 750.7384033
vn -0.9649993181 0.1982562989 -0.1716705561
v 68.14247131 -51.12363815 751.0130615
vn -0.9818925261 0.1878761351 0.02428186312
v 68.17308807 -51.14877701 751.2930298
vn -0.960036397 0.1695838571 0.2226464301
v 68.2593689 -51.18422699 751.5623779
vn -0.8987682462 0.1440015882 0.4141004384
v 68.39755249 -51.22831345 751.8074951
vn -0.801369071 0.1124962643 0.5874965787
v 68.57762146 -51.27809525 752.0142212
vn -0.6745026112 0.07705383748 0.7342404127
v 68.78556824 -51.33021927 752.1744385
vn -0.527669847 0.03999197856 0.8485076427
v 69.00644684 -51.38158035 752.2857666
vn -0.3601232171 0.001320057665 0.9329038262
v 69.25959015 -51.43664551 752.3574829
vn -0.1821974814 -0.03753043711 0.9825454354
v 69.5293808 -51.49154663 752.378479
vn 0.01026890334 -0.07668565214 0.9970024228
v 69.80504608 -51.5438118 752.3436279
vn 0.205579266 -0.1136272177 0.9720216393
v 70.07106018 -51.59031677 752.2522583
vn 0.3945986927 -0.1464894116 0.9071012735
v 70.3138504 -51.62864304 752.1084595
vn 0.5664117932 -0.1733112335 0.8056927919
v 70.51959991 -51.65676117 751.9226074
vn 0.7124299407 -0.192897886 0.6747103333
v 70.67982483 -51.67396545 751.7089844
vn 0.8267990351 -0.204807952 0.5238864422
v 70.79217529 -51.68082809 751.4827881
vn 0.8750568032 -0.2002479881 0.4406544864
v 70.20811462 -54.18959808 751.3217773
vn 0.9280381203 -0.2633997798 0.263373822
v 70.27993011 -54.19322586 751.0651245
vn 0.9518849254 -0.2565564811 0.1676122993
v 70.30297852 -54.18339539 750.7924805
vn 0.9681009054 -0.2489426583 -0.02842908911
v 70.27239227 -54.15949631 750.5147705
vn 0.9460585117 -0.2314145565 -0.2267611176
v 70.18730927 -54.12220764 750.2477417
vn 0.8851251602 -0.2044671774 -0.4180271327
v 70.05146027 -54.07327652 750.0050049
vn 0.7885584235 -0.1695317626 -0.5911299586
v 69.87467957 -54.01602554 749.800415
vn 0.6629287601 -0.1288643181 -0.7375089526
v 69.67070007 -53.95446777 749.6422119
vn 0.5176061392 -0.08518158644 -0.8513683081
v 69.4541626 -53.89249039 749.5324707
vn 0.3519194722 -0.03840171546 -0.9352422357
v 69.20612335 -53.82468414 749.4620972
vn 0.1760419458 0.009301272221 -0.9843387008
v 68.94189453 -53.75563812 749.4423218
vn -0.01414096542 0.05846299231 -0.9981893897
v 68.67202759 -53.68833923 749.4778442
vn -0.2071569115 0.1059855968 -0.9725497961
v 68.41173553 -53.62673569 749.569397
vn -0.3938702345 0.149492085 -0.9069280028
v 68.17430115 -53.57401276 749.7129517
vn -0.5634047985 0.1864232868 -0.8048735261
v 67.97322845 -53.53303909 749.8981323
vn -0.7074590921 0.215093568 -0.6732283831
v 67.81679535 -53.50511551 750.1105957
vn -0.820130825 0.2346059382 -0.5218673348
v 67.70727539 -53.4899559 750.3354492
vn -0.9038805366 0.2460783124 -0.3499220312
v 67.6354599 -53.48633194 750.5921631
vn -0.9541141391 0.2479047626 -0.1679566801
v 67.6124115 -53.49616241 750.8647461
vn -0.9702831507 0.2403252423 0.02818519063
v 67.64299774 -53.52006149 751.1424561
vn -0.948161304 0.222811833 0.2265942991
v 67.72808075 -53.55735016 751.4094849
vn -0.8871206045 0.195840016 0.4179278612
v 67.86392975 -53.60628128 751.6522217
vn -0.7904741168 0.1608653218 0.5909932852
v 68.04071045 -53.66352844 751.8568726
vn -0.6647259593 0.1201189235 0.7373675108
v 68.24468994 -53.72508621 752.0150146
vn -0.5194430947 0.07639167458 0.8510835171
v 68.46122742 -53.78706741 752.1247559
vn -0.3537165523 0.02954397537 0.9348859787
v 68.70926666 -53.85487366 752.1951294
vn -0.1778192073 -0.01822615415 0.9838943481
v 68.97349548 -53.92391968 752.2149658
vn 0.01233651675 -0.06742298603 0.9976482391
v 69.24336243 -53.99121857 752.1793823
vn 0.2052903771 -0.1149472371 0.971927464
v 69.50365448 -54.0528183 752.0878906
vn 0.3919053078 -0.1584418416 0.9062595963
v 69.74108887 -54.10554504 751.9443359
vn 0.561332643 -0.1953319609 0.8042083383
v 69.94216156 -54.14651871 751.7591553
vn 0.7052949667 -0.2239388973 0.6726145744
v 70.09859467 -54.17444229 751.5466309
vn 0.8179089427 -0.2433834374 0.5213342905
v 70.20811462 -54.18959808 751.3217773
vn 0.8654443026 -0.2433166951 0.4379533827
v 69.49583435 -56.69648743 751.178894
vn 0.9181233048 -0.2977781296 0.2614914775
v 69.56600952 -56.70382309 750.9241333
vn 0.9413378835 -0.2941708863 0.1653676331
v 69.58834076 -56.69596863 750.6536255
vn 0.9571265578 -0.2880323231 -0.03075965121
v 69.55806732 -56.67208862 750.3782959
vn 0.935076952 -0.2704623044 -0.2290878594
v 69.4743576 -56.63277435 750.1137085
vn 0.8745628595 -0.2418568283 -0.4202916622
v 69.34087372 -56.57984161 749.87323
vn 0.7788452506 -0.2037660629 -0.5931943059
v 69.1672821 -56.51692581 749.6706543
vn 0.6543915868 -0.1586309373 -0.7393293381
v 68.96707153 -56.44850922 749.5141602
vn 0.5106012225 -0.1095814705 -0.8528061509
v 68.7545929 -56.37900925 749.4058838
vn 0.3466544747 -0.05633469298 -0.9362996817
v 68.51125336 -56.30235672 749.3366089
vn 0.1725953221 -0.001751685864 -0.9849912524
v 68.25208282 -56.22365952 749.3175049
vn -0.01542297751 0.05498740077 -0.9983679056
v 67.98744202 -56.14627075 749.3532715
vn -0.20622693 0.1103764027 -0.972258985
v 67.7322464 -56.07470322 749.4447021
vn -0.3908573687 0.1617073864 -0.9061353207
v 67.49951935 -56.01263809 749.5875854
vn -0.5583338737 0.2058880478 -0.8036624789
v 67.30249786 -55.96349335 749.7716064
vn -0.7006120086 0.2409250587 -0.6716382504
v 67.14928436 -55.92892838 749.9828491
vn -0.8118365407 0.2656229734 -0.5199671984
v 67.042099 -55.90880585 750.2059326
vn -0.8944351673 0.2810486853 -0.3478467762
v 66.97192383 -55.901474 750.4606934
vn -0.943898797 0.2856637537 -0.1656842828
v 66.94959259 -55.90932465 750.7312012
vn -0.9596506357 0.2795343697 0.03051472269
v 66.97986603 -55.93320465 751.0066528
vn -0.9375408888 0.2619585991 0.2288989425
v 67.06357574 -55.97252274 751.2713013
vn -0.8769521713 0.2333294004 0.4201336801
v 67.19705963 -56.02545547 751.5117188
vn -0.781163156 0.1952061057 0.5930250287
v 67.37065125 -56.08836746 751.7142944
vn -0.6566616297 0.1500315219 0.7391116619
v 67.57086182 -56.15678406 751.8706665
vn -0.5128002763 0.1009244323 0.8525550365
v 67.78334045 -56.22628784 751.9790649
vn -0.3489021361 0.04766533151 0.9359462261
v 68.02667999 -56.30293655 752.0482788
vn -0.1748319268 -0.006950276438 0.9845737815
v 68.28585052 -56.38163757 752.0673828
vn 0.01315885223 -0.06371629238 0.9978812933
v 68.55049133 -56.45902252 752.0315552
vn 0.2039137632 -0.1190980151 0.9717174768
v 68.80568695 -56.53059006 751.9402466
vn 0.3884459734 -0.1703891605 0.9055811763
v 69.038414 -56.59265518 751.7973633
vn 0.5558773279 -0.2145418972 0.8031015992
v 69.23543549 -56.64179993 751.6132812
vn 0.6980916262 -0.2495293468 0.6711208224
v 69.38864899 -56.6763649 751.4020996
vn 0.8092774749 -0.2741881907 0.51951015
v 69.49583435 -56.69648743 751.178894
vn 0.8558090925 -0.278229773 0.4360952079
v 68.68218994 -59.23625946 751.0375977
vn 0.9104251862 -0.3215841353 0.2602107525
v 68.75125122 -59.24518585 750.7849121
vn 0.9329568744 -0.3197956085 0.1652945727
v 68.77328491 -59.23773193 750.5167236
vn 0.9489061832 -0.3140497804 -0.03081781603
v 68.74362183 -59.21295166 750.2437134
vn 0.9273476005 -0.2958619297 -0.2291116714
v 68.66143799 -59.17141724 749.9815063
vn 0.8676431179 -0.2655816674 -0.4203115106
v 68.53032684 -59.11504745 749.7432861
vn 0.7730016112 -0.2248618305 -0.5932164192
v 68.35977936 -59.04772949 749.5427856
vn 0.6497668624 -0.1762881726 -0.7394089103
v 68.16305542 -58.97427368 749.3878784
vn 0.5073085427 -0.1232675463 -0.85290277
v 67.95425415 -58.89945984 749.2808838
vn 0.3449206948 -0.06545867771 -0.9363465309
v 67.71511078 -58.8167572 749.2125854
vn 0.1725070477 -0.006179806311 -0.9849888682
v 67.46038818 -58.73163986 749.1940308
vn -0.01395940129 0.05571993068 -0.9983488321
v 67.20027161 -58.64773178 749.2299194
vn -0.2030928731 0.1162576675 -0.9722332358
v 66.94942474 -58.56990814 749.3208618
vn -0.3862119615 0.1725941896 -0.906118989
v 66.72064209 -58.50217056 749.4628906
vn -0.5524912477 0.2213533223 -0.8035895228
v 66.52693939 -58.44825745 749.6456909
vn -0.6937046647 0.2602253854 -0.6716074944
v 66.37628174 -58.41002655 749.8552246
vn -0.8042760491 0.2879572511 -0.5198274851
v 66.27085876 -58.38737869 750.0766602
vn -0.8864223361 0.3055087626 -0.3477352858
v 66.20179749 -58.3784523 750.3293457
vn -0.9357197285 0.3114370704 -0.165636912
v 66.17976379 -58.38590622 750.5975342
vn -0.9516414404 0.3056909144 0.03052222542
v 66.20942688 -58.41069031 750.8704834
vn -0.9300346971 0.2874863744 0.2288821787
v 66.29161835 -58.45222473 751.1326904
vn -0.8702745438 0.257184118 0.420093447
v 66.42272949 -58.5085907 751.3707886
vn -0.7755770087 0.216443032 0.5929862857
v 66.59327698 -58.57591248 751.5714111
vn -0.6523405313 0.1678564847 0.739104867
v 66.79000092 -58.64936447 751.7261963
vn -0.5098228455 0.1148003563 0.8525851965
v 66.99880219 -58.72418213 751.833313
vn -0.3474914134 0.05699266493 0.935949564
v 67.23794556 -58.80688477 751.9016113
vn -0.1750017256 -0.002320073079 0.9845653772
v 67.49266815 -58.89200211 751.920166
vn 0.01141497307 -0.06420561671 0.9978713989
v 67.75278473 -58.97591019 751.8842773
vn 0.2004755735 -0.1247385591 0.9717251658
v 68.00363159 -59.05373383 751.793335
vn 0.3835481703 -0.1810486466 0.9056004882
v 68.23241425 -59.12147141 751.6513062
vn 0.5497604609 -0.2297728956 0.803098917
v 68.42610931 -59.17538452 751.4685059
vn 0.6909760237 -0.268640846 0.6711067557
v 68.57676697 -59.21361542 751.2590332
vn 0.8015174866 -0.2963422537 0.5193755627
v 68.68218994 -59.23625946 751.0375977
vn 0.8480193615 -0.3030945957 0.4347376525
v 67.86023712 -61.61541748 750.8974609
vn 0.9042011499 -0.3394743502 0.2591862082
v 67.92871857 -61.62435913 750.6468506
vn 0.9267507792 -0.3385490775 0.1628421396
v 67.9508667 -61.61613083 750.3808594
vn 0.9426569939 -0.33209759 -0.03330206126
v 67.92205048 -61.58975601 750.1101685
vn 0.9212803841 -0.3124717772 -0.231525138
v 67.84143829 -61.54586792 749.8502197
vn 0.8620061278 -0.280061096 -0.4225059152
v 67.71256256 -61.48649216 749.6141357
vn 0.768029511 -0.2366473675 -0.5950871706
v 67.5447464 -61.41571045 749.4154053
vn 0.6456596255 -0.1849609613 -0.7408866882
v 67.35105133 -61.3385849 749.262085
vn 0.5041722655 -0.1286137402 -0.8539723754
v 67.14537811 -61.26010895 749.1560669
vn 0.3428985178 -0.06717363745 -0.9369676113
v 66.90973663 -61.17343521 749.0886841
vn 0.1715913415 -0.004334459547 -0.9851586819
v 66.65865326 -61.08432007 749.0704956
vn -0.01365960762 0.06121367961 -0.998031199
v 66.40216827 -60.99655533 749.1063843
vn -0.2016664445 0.1253006011 -0.9714064002
v 66.15473175 -60.91524124 749.1968384
vn -0.3835013509 0.1847785115 -0.9048666358
v 65.92897034 -60.84457016 749.3378296
vn -0.548717916 0.2362112105 -0.8019431829
v 65.73773193 -60.78843307 749.5193481
vn -0.6890643239 0.2771493495 -0.6696107984
v 65.58887482 -60.74875259 749.7272949
vn -0.7988935709 0.3062207401 -0.5176851153
v 65.48460388 -60.72539902 749.9470215
vn -0.8805831075 0.3244235814 -0.3454311788
v 65.41612244 -60.71646118 750.1976318
vn -0.9296312332 0.3303714693 -0.1632189602
v 65.3939743 -60.72468948 750.463623
vn -0.9455124736 0.323913455 0.03295869008
v 65.42279053 -60.75106049 750.734314
vn -0.9240958095 0.3042730689 0.2312246561
v 65.50340271 -60.79495239 750.9942627
vn -0.864772737 0.271840483 0.422221303
v 65.63227844 -60.85432816 751.2303467
vn -0.7707626224 0.2284073681 0.5947731137
v 65.8000946 -60.92510605 751.4290771
vn -0.648360312 0.1767083853 0.7405424118
v 65.99378967 -61.00223541 751.5823975
vn -0.5068699121 0.1203525215 0.8535796404
v 66.19946289 -61.08071136 751.6882935
vn -0.3456258476 0.05891208351 0.9365212917
v 66.43510437 -61.16738129 751.7558594
vn -0.1743194908 -0.003937756643 0.9846812487
v 66.68618774 -61.25650024 751.7739868
vn 0.01102271117 -0.06951509416 0.9975200295
v 66.94267273 -61.34426498 751.7380981
vn 0.1988593191 -0.1335450709 0.9708865285
v 67.19010925 -61.42557526 751.6477051
vn 0.380715996 -0.1930307895 0.9043198824
v 67.41587067 -61.49624634 751.5066528
vn 0.5459089279 -0.2444429398 0.8013932109
v 67.6071167 -61.55238342 751.3251343
vn 0.6862039566 -0.2853519022 0.6691026688
v 67.75596619 -61.59206772 751.1171875
vn 0.7960156798 -0.3144103289 0.517209053
v 67.86023712 -61.61541748 750.8974609
vn 0.8415061831 -0.3222800195 0.4335930347
v 66.97677612 -64.05014801 750.7360229
vn 0.8994582295 -0.3525179625 0.2582750618
v 67.04514313 -64.05776978 750.4875488
vn 0.9219611883 -0.3515655994 0.162447691
v 67.06781006 -64.04763794 750.223877
vn 0.9384821653 -0.343691498 -0.03357642144
v 67.04018402 -64.01882935 749.9556274
vn 0.9178968072 -0.3221639097 -0.2316805124
v 66.96138763 -63.97208405 749.697998
vn 0.859554708 -0.2874203324 -0.4225580096
v 66.83486176 -63.90956497 749.4641113
vn 0.7665977478 -0.2413932979 -0.5950270295
v 66.66979218 -63.83555984 749.2672729
vn 0.6453139782 -0.186975196 -0.7406821847
v 66.47903442 -63.75531387 749.1153564
vn 0.5048140883 -0.1278781891 -0.8537036777
v 66.27629852 -63.6739769 749.0105591
vn 0.3446323574 -0.06366665661 -0.9365762472
v 66.04386139 -63.5844574 748.9437866
vn 0.1741848588 0.001763673266 -0.9847114086
v 65.79603577 -63.492733 748.9260254
vn -0.0101599656 0.06975191087 -0.9975126386
v 65.54271698 -63.40274048 748.961792
vn -0.1973664612 0.1359732598 -0.9708541632
v 65.29815674 -63.31972122 749.0516968
vn -0.3786753714 0.1972311437 -0.9042703509
v 65.07484436 -63.24795532 749.1917114
vn -0.5434392691 0.2498770207 -0.8013958335
v 64.88549042 -63.19138718 749.3717041
vn -0.6836621761 0.2915148437 -0.6690478921
v 64.73790741 -63.15189743 749.5780029
vn -0.7934997678 0.3207222223 -0.5171995163
v 64.6342926 -63.12927246 749.7958984
vn -0.8754438758 0.3385128081 -0.3449740708
v 64.5659256 -63.12165451 750.0443726
vn -0.9248934984 0.3435693085 -0.1628869474
v 64.54325867 -63.13178253 750.3080444
vn -0.9413903356 0.3356828392 0.03318586946
v 64.5708847 -63.16058731 750.5762939
vn -0.9207714796 0.3141354024 0.231298238
v 64.64968109 -63.20733643 750.8339844
vn -0.8623953462 0.2793758214 0.422165215
v 64.77619934 -63.2698555 751.0678101
vn -0.7693933845 0.2333226353 0.59463799
v 64.94126892 -63.34386063 751.2647095
vn -0.6480631232 0.1788721979 0.7402830124
v 65.1320343 -63.4241066 751.4165649
vn -0.5076041818 0.1197943687 0.8532217145
v 65.33476257 -63.50544357 751.5214233
vn -0.347329855 0.05555361137 0.9360960126
v 65.56719971 -63.59496307 751.5880127
vn -0.1769822389 -0.009837724268 0.9841648936
v 65.81502533 -63.68668747 751.605896
vn 0.0073379362 -0.0778259486 0.9969399571
v 66.06835175 -63.77668381 751.5701294
vn 0.1945466548 -0.1440404654 0.970259726
v 66.31291199 -63.85969925 751.4802856
vn 0.3757861257 -0.2052696645 0.9036864042
v 66.53622437 -63.93146515 751.34021
vn 0.5405810475 -0.2579221427 0.8007798195
v 66.72557831 -63.98803329 751.1602173
vn 0.6807133555 -0.2995217144 0.668517828
v 66.87316132 -64.02751923 750.9539185
vn 0.7905688286 -0.3287285864 0.5166608691
v 66.97677612 -64.05014801 750.7360229
vn 0.836197257 -0.3370521963 0.432631433
v 66.06904602 -66.47421265 750.5460205
vn 0.8958755136 -0.3621350527 0.2574203908
v 66.13786316 -66.47906494 750.2996826
vn 0.918613255 -0.3605343997 0.1617547125
v 66.1615448 -66.46578217 750.0383911
vn 0.9360588789 -0.3501876891 -0.03409269825
v 66.13550568 -66.43353271 749.7727051
vn 0.9165018201 -0.3258896768 -0.2319920957
v 66.05879974 -66.38323212 749.517395
vn 0.8592665792 -0.2882006466 -0.4226125479
v 65.93478394 -66.31725311 749.2857056
vn 0.7674046755 -0.2392082959 -0.594869256
v 65.77245331 -66.2400589 749.0908203
vn 0.6471711993 -0.18196702 -0.740309
v 65.58449554 -66.15706635 748.9404297
vn 0.5076318979 -0.1203418076 -0.8531281948
v 65.38448334 -66.07350922 748.8366699
vn 0.3482557535 -0.05373131856 -0.9358583689
v 65.1548996 -65.98210907 748.7706909
vn 0.1785946339 0.01354470197 -0.9838294983
v 64.9098587 -65.88903809 748.7532349
vn -0.005276366603 0.08312599361 -0.9965250492
v 64.65912628 -65.79833221 748.7887573
vn -0.1920901984 0.1503845751 -0.9697864652
v 64.41680145 -65.71531677 748.8779907
vn -0.3731965125 0.2120975852 -0.9031826854
v 64.19525146 -65.64427185 749.0168457
vn -0.5380138755 0.2646216154 -0.8003227711
v 64.00710297 -65.58906555 749.1953125
vn -0.6785152555 0.3055739999 -0.6680131555
v 63.86014175 -65.55146027 749.3998413
vn -0.7887910008 0.3336033821 -0.5162534118
v 63.75660706 -65.53105927 749.6156616
vn -0.8713415861 0.3496974707 -0.3442027569
v 63.68779373 -65.52620697 749.8619995
vn -0.9215599895 0.3527162671 -0.162229389
v 63.66411209 -65.53948975 750.123291
vn -0.9389694929 0.3423523307 0.03363257647
v 63.69015503 -65.57174683 750.3890991
vn -0.9193691015 0.3180296421 0.231554836
v 63.76685333 -65.62203979 750.6442871
vn -0.8620948792 0.2803100944 0.4221595228
v 63.89087677 -65.68802643 750.8760376
vn -0.7701861262 0.2312868983 0.594407022
v 64.0532074 -65.76521301 751.0709839
vn -0.6498782635 0.1740067154 0.7398512959
v 64.24115753 -65.84820557 751.2213135
vn -0.5103920102 0.1123989448 0.8525646329
v 64.44117737 -65.9317627 751.3251343
vn -0.3511185646 0.04583005235 0.9352087379
v 64.67076111 -66.02316284 751.3910522
vn -0.181291908 -0.02149979211 0.9831942916
v 64.915802 -66.11623383 751.4085693
vn 0.002445098944 -0.09102459997 0.9958456159
v 65.16653442 -66.2069397 751.3729248
vn 0.1892197579 -0.1582635045 0.9690967798
v 65.40885162 -66.28995514 751.2838135
vn 0.3703144491 -0.2199631184 0.9024873376
v 65.63040161 -66.36100006 751.1449585
vn 0.5351342559 -0.2724693418 0.7996197939
v 65.81855774 -66.41620636 750.9664307
vn 0.6755620241 -0.3133835196 0.6673879623
v 65.96552277 -66.45381165 750.7619629
vn 0.7858328819 -0.3414150476 0.5156573057
v 66.06904602 -66.47421265 750.5460205
vn 0.8315956593 -0.3494236767 0.4316847622
v 65.15063477 -68.89080811 750.3120728
vn 0.8935514688 -0.3683419228 0.2566904128
v 65.2206192 -68.89102173 750.0681763
vn 0.9168241024 -0.3652728498 0.1612741202
v 65.24598694 -68.87286377 749.8095093
vn 0.9357340336 -0.3510466218 -0.0341781415
v 65.2220993 -68.83569336 749.5463257
vn 0.9176830649 -0.3227740228 -0.2316781282
v 65.14792633 -68.78072357 749.2936401
vn 0.8619117737 -0.2811796665 -0.4219551086
v 65.02667236 -68.71054077 749.064209
vn 0.7714070678 -0.2286147177 -0.5938572884
v 64.86719513 -68.62986755 748.8712769
vn 0.6523314714 -0.1682787091 -0.7390168905
v 64.68199158 -68.54424286 748.7224121
vn 0.5137496591 -0.1041897908 -0.8515901566
v 64.48448944 -68.4589386 748.6196899
vn 0.3551022708 -0.03552873433 -0.9341520667
v 64.25741577 -68.36650848 748.5544434
vn 0.1859276891 0.03296469897 -0.9820103049
v 64.01467133 -68.27333069 748.5371704
vn 0.002268909477 0.103115581 -0.9946668148
v 63.76589584 -68.1835022 748.5724487
vn -0.1846813858 0.1701772809 -0.9679527283
v 63.52506638 -68.10234833 748.6608276
vn -0.3661704957 0.2308777422 -0.9014514089
v 63.30447388 -68.03408051 748.7983398
vn -0.5316551924 0.2816303968 -0.7987659574
v 63.11668777 -67.98235321 748.9750977
vn -0.6730155945 0.3201726079 -0.6667379737
v 62.96954727 -67.94867706 749.1776123
vn -0.784417212 0.3453966677 -0.5151609778
v 62.86537552 -67.93238068 749.3914185
vn -0.8681746125 0.3581634462 -0.3434993625
v 62.79538727 -67.93215942 749.6352539
vn -0.9197297692 0.3576238751 -0.1618712693
v 62.77002335 -67.95032501 749.8939209
vn -0.9386008978 0.3433630168 0.03361775726
v 62.79390717 -67.98748779 750.1571655
vn -0.920499444 0.3150493503 0.2311377674
v 62.86808014 -68.04245758 750.4098511
vn -0.8646698594 0.2734106779 0.4214174151
v 62.98933411 -68.11264038 750.6392212
vn -0.7741385102 0.2208147198 0.5932540894
v 63.14880753 -68.1933136 750.8321533
vn -0.6549879313 0.1604378372 0.7384107709
v 63.33402252 -68.27893829 750.9810181
vn -0.5163683891 0.09632796049 0.8509315848
v 63.53151703 -68.36425018 751.0837402
vn -0.3579099476 0.02774685062 0.9333437681
v 63.75859833 -68.45667267 751.1489868
vn -0.1886133701 -0.04078769311 0.9812040329
v 64.00133514 -68.54985809 751.1662598
vn -0.004987662658 -0.1109008491 0.9938189387
v 64.25011444 -68.63967896 751.1309814
vn 0.1818111986 -0.1778843105 0.9671100378
v 64.49093628 -68.72083282 751.0426636
vn 0.3632848263 -0.2385572493 0.9006189704
v 64.71153259 -68.78910828 750.9051514
vn 0.528755486 -0.2892858684 0.7979544401
v 64.89931488 -68.84082794 750.7283936
vn 0.6701008677 -0.327807337 0.6659633517
v 65.04645538 -68.87451172 750.5258789
vn 0.7814627886 -0.3530111313 0.5144891739
v 65.15063477 -68.89080811 750.3120728
vn 0.8276538849 -0.359831363 0.430709213
v 64.23797607 -71.3015213 750.0113525
vn 0.891972363 -0.3726013005 0.2560342252
v 64.31007385 -71.29458618 749.7702637
vn 0.9162252545 -0.3669044971 0.1609731615
v 64.33800507 -71.26917267 749.5145874
vn 0.9371722341 -0.3472267985 -0.03378951922
v 64.31705475 -71.2249527 749.2543335
vn 0.9211370349 -0.3135660589 -0.2306142002
v 64.24604034 -71.16355896 749.0045166
vn 0.8672596812 -0.2668888867 -0.4202748537
v 64.12800598 -71.08790588 748.777771
vn 0.7784100771 -0.2098538727 -0.5916410685
v 63.97161484 -71.00301361 748.5869141
vn 0.6606805325 -0.1458736956 -0.7363573313
v 63.7891922 -70.91455841 748.4396973
vn 0.5230779052 -0.07909100503 -0.8486071825
v 63.59407806 -70.82775879 748.3380737
vn 0.3651560843 -0.00856585335 -0.9309068918
v 63.36917877 -70.73506927 748.2733765
vn 0.1963035762 0.06069891155 -0.9786626101
v 63.12820053 -70.64304352 748.2562256
vn 0.01260581147 0.1306364834 -0.991350174
v 62.88068771 -70.55584717 748.2910156
vn -0.1749107242 0.1964225471 -0.9647924304
v 62.64050293 -70.47872925 748.3781738
vn -0.3572143316 0.2547109127 -0.8986213207
v 62.4199028 -70.41570282 748.5139771
vn -0.5239754915 0.3021464646 -0.7963398695
v 62.23148727 -70.37007904 748.6887207
vn -0.6668395996 0.3366256058 -0.6648369431
v 62.08317184 -70.34293365 748.8887939
vn -0.7799230814 0.3573487103 -0.5138306618
v 61.97741699 -70.33319092 749.1001587
vn -0.8655595779 0.3651403785 -0.3427522182
v 61.90530777 -70.34011841 749.3411255
vn -0.9190324545 0.3594329357 -0.1618247926
v 61.87738419 -70.36553955 749.5969238
vn -0.939945817 0.3397254348 0.03299166262
v 61.89833069 -70.40975952 749.8570557
vn -0.9238674641 0.3060320616 0.2298113704
v 61.96935272 -70.47115326 750.1068726
vn -0.8699409962 0.2593232393 0.4194687903
v 62.08737946 -70.54680634 750.3336792
vn -0.7810753584 0.2022740394 0.5907677412
v 62.24377441 -70.63169098 750.5245361
vn -0.6633728743 0.1383027732 0.7353970408
v 62.42620087 -70.72015381 750.671814
vn -0.525714457 0.0715007782 0.847650826
v 62.62131119 -70.80695343 750.7734375
vn -0.3678723574 0.001013805624 0.9298757315
v 62.84621429 -70.89964294 750.8380127
vn -0.198973 -0.06827453524 0.9776238203
v 63.08719254 -70.9916687 750.8552246
vn -0.01527474821 -0.1381894499 0.9902880192
v 63.33470535 -71.07886505 750.8204956
vn 0.1720247716 -0.2038808912 0.9637634754
v 63.57487869 -71.15598297 750.7332153
vn 0.3544193804 -0.2621869743 0.8975772262
v 63.79548645 -71.2190094 750.5974121
vn 0.5211772323 -0.3096020818 0.7953118086
v 63.98390579 -71.26462555 750.4227295
vn 0.6639947295 -0.3440723717 0.6638713479
v 64.13222504 -71.29177856 750.2226562
vn 0.7770302892 -0.3647870719 0.5129857659
v 64.23797607 -71.3015213 750.0113525
vn 0.8241190314 -0.3692513406 0.4295128584
v 63.34054947 -73.70597076 749.6246338
vn 0.8903657198 -0.3770160079 0.2551622689
v 63.41518784 -73.69070435 749.3867798
vn 0.9158783555 -0.3678942919 0.160688132
v 63.44609451 -73.65683746 749.1343994
vn 0.9392166138 -0.3417313695 -0.03304220363
v 63.42846298 -73.60441589 748.8776855
vn 0.9255318642 -0.3016823828 -0.2288634181
v 63.36093521 -73.53554535 748.6310425
vn 0.8738583326 -0.2490372062 -0.4175548255
v 63.2463913 -73.45353699 748.4071045
vn 0.7869294882 -0.1867954433 -0.5880896449
v 63.09326172 -73.36375427 748.2186279
vn 0.670734942 -0.1186060831 -0.732152462
v 62.91374207 -73.27201843 748.0731812
vn 0.5342613459 -0.04878372326 -0.8439105153
v 62.72103119 -73.1835022 747.9727173
vn 0.3770290315 0.02377759106 -0.9258961678
v 62.4982605 -73.0905304 747.9088135
vn 0.2084222138 0.09384749085 -0.973526001
v 62.25893402 -72.9998703 747.8916626
vn 0.0246801544 0.1632946581 -0.98626858
v 62.01245499 -72.91577148 747.9257202
vn -0.1634443253 0.2273359001 -0.9600022435
v 61.77263641 -72.84338379 748.0116577
vn -0.3469743133 0.2826597691 -0.894266367
v 61.5516777 -72.78648376 748.1454468
vn -0.5151922703 0.3259356022 -0.7926808596
v 61.36223221 -72.74798584 748.317688
vn -0.659888804 0.3554432094 -0.6619719863
v 61.21234512 -72.72846222 748.5150757
vn -0.7749621272 0.3706927299 -0.5118795037
v 61.10462189 -72.72636414 748.7235718
vn -0.862826705 0.3725014031 -0.3417203128
v 61.02999115 -72.74163055 748.9613647
vn -0.9185723066 0.3606157303 -0.1618059427
v 60.99908829 -72.77549744 749.2137451
vn -0.941878438 0.334430784 0.03195343539
v 61.01671982 -72.82791901 749.47052
vn -0.9281563163 0.2943644226 0.2277618945
v 61.08424759 -72.89678955 749.7171631
vn -0.8764427304 0.2416997105 0.4164485931
v 61.1987915 -72.97879791 749.94104
vn -0.7894684672 0.1794389337 0.5869763494
v 61.35190964 -73.06858063 750.1295166
vn -0.6733286381 0.1112854779 0.7309200168
v 61.53144073 -73.16031647 750.2749634
vn -0.5368810296 0.04147727415 0.8426377773
v 61.72415161 -73.2488327 750.3753662
vn -0.3797091246 -0.03103928454 0.9245850444
v 61.9469223 -73.3418045 750.4393311
vn -0.2110968679 -0.1011145115 0.9722211361
v 62.18624878 -73.4324646 750.456543
vn -0.02728524245 -0.1705892533 0.9849643707
v 62.43272018 -73.51656342 750.4223633
vn 0.1607285738 -0.2345761508 0.9587180614
v 62.67253876 -73.58895111 750.3365479
vn 0.3441672921 -0.2898691893 0.8930423856
v 62.89349747 -73.64585114 750.2026978
vn 0.5124512315 -0.3331722915 0.7914479971
v 63.08293915 -73.68434143 750.0304565
vn 0.6571668386 -0.3626851439 0.6607505083
v 63.23283768 -73.70386505 749.8330078
vn 0.7722113729 -0.3779402077 0.5107355118
v 63.34054947 -73.70597076 749.6246338
vn 0.8204184175 -0.379275322 0.4278595746
v 62.46001816 -76.09964752 749.1430664
vn 0.8882789612 -0.3827805221 0.2538494468
v 62.53715897 -76.07602692 748.9088135
vn 0.915106535 -0.3700520992 0.1601297259
v 62.57103729 -76.03359985 748.6601562
vn 0.9409071207 -0.3371229768 -0.03227769211
v 62.55673599 -75.97277832 748.4071045
vn 0.9296577573 -0.2903717458 -0.2267612368
v 62.49273682 -75.89617157 748.1640015
vn 0.8802762628 -0.2314004451 -0.4142071009
v 62.38173294 -75.80747223 747.9432983
vn 0.795362711 -0.1635835469 -0.5836424828
v 62.23194885 -75.71242523 747.7574463
vn 0.6808262467 -0.09084675461 -0.7267891169
v 62.05540085 -75.61701202 747.6140137
vn 0.545548439 -0.01764820144 -0.837893486
v 61.86518478 -75.52639771 747.5148315
vn 0.3891830742 0.05713116378 -0.9193870425
v 61.64464188 -75.43271637 747.4517212
vn 0.2209527045 0.1282428354 -0.9668162465
v 61.40705872 -75.34301758 747.4346313
vn 0.03707481176 0.1975063682 -0.9796002507
v 61.16173935 -75.26161957 747.4680786
vn -0.1515350491 0.2599234283 -0.9536650181
v 60.92237091 -75.19360352 747.5524902
vn -0.3361420035 0.3123175204 -0.8885191679
v 60.70114899 -75.14254761 747.6842651
vn -0.5059489608 0.3515141308 -0.7876886725
v 60.51075363 -75.11096954 747.8538818
vn -0.65243119 0.3759753704 -0.6580091715
v 60.35934448 -75.09893799 748.0482178
vn -0.76950109 0.385628581 -0.5090762377
v 60.24969864 -75.10443115 748.2536011
vn -0.8596304655 0.3812730014 -0.3400975168
v 60.17255783 -75.12805176 748.487915
vn -0.9177011847 0.3629791439 -0.1614641249
v 60.13868332 -75.17047882 748.7365723
vn -0.9434622526 0.3300336897 0.03093118593
v 60.15297318 -75.23129272 748.989563
vn -0.9321762323 0.2832680047 0.2254034877
v 60.2169838 -75.3079071 749.232666
vn -0.8827633858 0.2242919803 0.4128219187
v 60.32798386 -75.39659882 749.4533691
vn -0.7978150249 0.1564667225 0.5822451115
v 60.47776031 -75.49165344 749.6391602
vn -0.6833072305 0.08376313001 0.725310266
v 60.65431595 -75.58706665 749.7826538
vn -0.5481014848 0.01060856692 0.8363445997
v 60.84453201 -75.67768097 749.8818359
vn -0.3918118179 -0.06413482875 0.917807281
v 61.06507111 -75.77135468 749.9450073
vn -0.223434329 -0.1353003532 0.9652827978
v 61.30265427 -75.86105347 749.9620361
vn -0.03966572508 -0.2045184523 0.9780586958
v 61.54798126 -75.94245148 749.9286499
vn 0.1489358246 -0.2669318616 0.952137351
v 61.78734207 -76.01047516 749.8441162
vn 0.3335117698 -0.3193160295 0.8870215416
v 62.00856781 -76.06152344 749.7124023
vn 0.5032503605 -0.3585063815 0.7862647772
v 62.19896698 -76.09310913 749.5427856
vn 0.6497637033 -0.3829942048 0.6565992236
v 62.35037231 -76.10514069 749.3484497
vn 0.7668847442 -0.3926629424 0.5076451302
v 62.46001816 -76.09964752 749.1430664
vn 0.8162999749 -0.390712291 0.4254389107
v 61.59302139 -78.47750854 748.5679321
vn 0.8857392073 -0.3898596168 0.2519435883
v 61.67242432 -78.44616699 748.3372803
vn 0.9137355685 -0.3738870323 0.1590465903
v 61.7090416 -78.39575195 748.0925293
vn 0.9418129325 -0.3346250653 -0.03185058758
v 61.69786835 -78.32702637 747.8433838
vn 0.9328475595 -0.2815146744 -0.224821955
v 61.63722229 -78.24303436 747.6040649
vn 0.8856430054 -0.2164678872 -0.410826087
v 61.52963257 -78.1478653 747.3866577
vn 0.8026865125 -0.1432173252 -0.5789500475
v 61.38312531 -78.04761505 747.2036133
vn 0.6897954345 -0.06595800817 -0.720993638
v 61.20951462 -77.94845581 747.0623779
vn 0.5557416081 0.01070451457 -0.8312861323
v 61.02179718 -77.85555267 746.9647217
vn 0.4002212286 0.08790398389 -0.9121928811
v 60.80354691 -77.76085663 746.9024658
vn 0.2324521691 0.1603440195 -0.959299624
v 60.56782532 -77.67166138 746.8855591
vn 0.04870312661 0.2297186404 -0.9720377326
v 60.32380295 -77.59239197 746.9182739
vn -0.1403841227 0.2910486162 -0.9463524818
v 60.08509445 -77.52809143 747.0014038
vn -0.3258321285 0.3410286903 -0.8817782402
v 59.86382675 -77.48216248 747.1309814
vn -0.4968852997 0.3766674995 -0.7818098068
v 59.67272568 -77.45676422 747.2979736
vn -0.6449998617 0.3966813982 -0.6531608105
v 59.52004623 -77.45152283 747.4891968
vn -0.7638475299 0.4012759328 -0.5054845214
v 59.40870667 -77.46396637 747.6913452
vn -0.8560036421 0.3912670314 -0.3378874063
v 59.32929993 -77.49530792 747.921936
vn -0.9162307382 0.3670456409 -0.1606199592
v 59.29268646 -77.54573059 748.1668091
vn -0.9442722201 0.3277726173 0.0302506052
v 59.30385208 -77.61445618 748.4158325
vn -0.9352788329 0.2746664584 0.2231855989
v 59.36450195 -77.69844818 748.6552734
vn -0.8880634904 0.2096404731 0.4091382921
v 59.47209549 -77.79360962 748.8726196
vn -0.8050563335 0.1363760382 0.5773091912
v 59.61860657 -77.89386749 749.055542
vn -0.6921964884 0.05916205421 0.7192800641
v 59.79221725 -77.99302673 749.1968994
vn -0.5581825972 -0.01745363139 0.8295345306
v 59.97992706 -78.08592987 749.2945557
vn -0.4027585089 -0.09460136294 0.9104043841
v 60.19817734 -78.18062592 749.3568726
vn -0.2349874526 -0.1670463681 0.9575366378
v 60.43390656 -78.26982117 749.3737183
vn -0.0511235185 -0.2364633381 0.9702945352
v 60.67792892 -78.34908295 749.3408813
vn 0.1377831399 -0.2977466285 0.9446495175
v 60.91663361 -78.41339111 749.2578125
vn 0.32326895 -0.3477613032 0.8800904751
v 61.13789368 -78.45932007 749.1281738
vn 0.49424389 -0.3834114969 0.7802042365
v 61.32899857 -78.48471832 748.9613647
vn 0.6423933506 -0.4034494758 0.6515821815
v 61.48168182 -78.48995972 748.7700806
vn 0.7613295317 -0.4080778956 0.5038350821
v 61.59302139 -78.47750854 748.5679321
vn 0.81181252 -0.4032213688 0.4223422706
v 60.73389053 -80.83660126 747.9095459
vn 0.8828057051 -0.3979606032 0.2495624274
v 60.81494904 -80.79927063 747.682373
vn 0.9117183685 -0.3794903457 0.1573425084
v 60.85369492 -80.74255371 747.4412231
vn 0.9416278601 -0.3351158202 -0.03216227889
v 60.8450737 -80.6674881 747.1957397
vn 0.934535563 -0.2767783701 -0.2236896008
v 60.78726578 -80.5774765 746.960083
vn 0.8891510963 -0.2066166252 -0.4083134532
v 60.68267059 -80.47691345 746.7460327
vn 0.807869792 -0.1286832839 -0.5751408935
v 60.53911972 -80.37219238 746.5657959
vn 0.6964256167 -0.04740305245 -0.7160616517
v 60.36827087 -80.26966858 746.4266968
vn 0.5635225773 0.03245725855 -0.8254628181
v 60.18299866 -80.17453766 746.3305054
vn 0.4088692069 0.1119723842 -0.9056975842
v 59.96707916 -80.07855225 746.2692261
vn 0.2416546345 0.1859757304 -0.9523739219
v 59.73338318 -79.98925018 746.2526855
vn 0.05802541226 0.2560306191 -0.9649255872
v 59.49095535 -79.9111557 746.2851562
vn -0.1310953945 0.3169220686 -0.9393478632
v 59.25330353 -79.84929657 746.3670654
vn -0.3171080053 0.3654656112 -0.8751442432
v 59.03250122 -79.80698395 746.494873
vn -0.4889706075 0.3986591101 -0.7758728266
v 58.841259 -79.78610229 746.6592407
vn -0.6382411122 0.4154167175 -0.6481336951
v 58.68788528 -79.78594971 746.8477783
vn -0.7584944963 0.4162001312 -0.5014613867
v 58.57542419 -79.80371094 747.046936
vn -0.8522188067 0.4017973244 -0.3350850344
v 58.49436188 -79.84104156 747.2741089
vn -0.9141272902 0.372890383 -0.1591353267
v 58.45561981 -79.89775085 747.5152588
vn -0.9440119267 0.3285125196 0.03034745902
v 58.46424103 -79.97281647 747.7606201
vn -0.9369029999 0.2701816261 0.221843794
v 58.52204514 -80.06282806 747.9963989
vn -0.8915330172 0.2000583112 0.4063810706
v 58.62664032 -80.16339111 748.2104492
vn -0.8102300167 0.1221214309 0.5732483268
v 58.77019501 -80.26811218 748.390625
vn -0.6987804174 0.0408587642 0.7141684294
v 58.94104385 -80.37063599 748.5297241
vn -0.5660004616 -0.03891847655 0.8234857917
v 59.12630844 -80.46577454 748.6258545
vn -0.4112843871 -0.1184480563 0.9037783146
v 59.34222794 -80.56175995 748.6871338
vn -0.244128257 -0.1924231946 0.9504602551
v 59.57593155 -80.65106201 748.7037354
vn -0.06055961549 -0.2624623179 0.9630399942
v 59.81835938 -80.72914886 748.6712646
vn 0.1285796165 -0.3233801723 0.9374926686
v 60.05600357 -80.791008 748.5894165
vn 0.3145805597 -0.3719356954 0.8733286262
v 60.27680969 -80.83332825 748.4616089
vn 0.4864512086 -0.4051615 0.7740861773
v 60.46805573 -80.8542099 748.2971802
vn 0.6357168555 -0.4219528139 0.6463899016
v 60.62142563 -80.85435486 748.1087036
vn 0.7560528517 -0.4227607846 0.4996572435
v 60.73389053 -80.83660126 747.9095459
vn 0.8072962761 -0.4157479107 0.4188393652
v 59.87267303 -83.17751312 747.1907959
vn 0.8800829649 -0.4054218829 0.2471579462
v 59.9544754 -83.13679504 746.9663696
vn 0.9094195962 -0.3857856393 0.1553237438
v 59.99442673 -83.07640076 746.7282715
vn 0.9405172467 -0.3381207883 -0.03319116309
v 59.98745728 -82.99749756 746.4859619
vn 0.9346803427 -0.2763127089 -0.2236604542
v 59.9316864 -82.90371704 746.2532959
vn 0.8905605674 -0.2026480138 -0.4072292447
v 59.82939148 -82.79962921 746.0421143
vn 0.8104837537 -0.1213782877 -0.5730474591
v 59.6882782 -82.69184113 745.8643799
vn 0.700114131 -0.03710282594 -0.7130663395
v 59.51983643 -82.58683777 745.7272339
vn 0.5681779981 0.04522353038 -0.8216620684
v 59.33683014 -82.48986053 745.6325684
vn 0.4141509235 0.1267419755 -0.9013409615
v 59.12322998 -82.39252472 745.5723877
vn 0.2475437969 0.2022253722 -0.947537303
v 58.89170456 -82.30253601 745.5563354
vn 0.06428252161 0.273221761 -0.9598008394
v 58.65122986 -82.22450256 745.5886841
vn -0.1248230264 0.3344489634 -0.9341108799
v 58.41516113 -82.16347504 745.6698608
vn -0.3108682334 0.382537663 -0.8700723648
v 58.19549561 -82.1227417 745.7963257
vn -0.4832210243 0.4146576822 -0.7710748911
v 58.00489426 -82.10406494 745.9589233
vn -0.6331083179 0.4297006428 -0.6438409686
v 57.85167313 -82.10656738 746.1453247
vn -0.7541245222 0.4283006191 -0.4978501201
v 57.73893356 -82.12721252 746.342041
vn -0.8488143682 0.4112385809 -0.3322604299
v 57.6571312 -82.1679306 746.5665283
vn -0.9117746353 0.3794218302 -0.1571816057
v 57.61717987 -82.22832489 746.8046875
vn -0.9428475499 0.3317506015 0.0313061662
v 57.62414551 -82.30722809 747.046936
vn -0.9369918108 0.2699322999 0.2217721641
v 57.67992401 -82.40100861 747.2796021
vn -0.8928818703 0.1962966472 0.4052524865
v 57.78221512 -82.50509644 747.4907837
vn -0.8128123283 0.1150384322 0.5710536838
v 57.92333221 -82.61288452 747.6685181
vn -0.7024310827 0.03076559491 0.7110865116
v 58.09177017 -82.71788788 747.8056641
vn -0.5705112219 -0.05154584348 0.8196706772
v 58.27477264 -82.81486511 747.9003296
vn -0.4166368544 -0.1329782754 0.899294436
v 58.48838043 -82.91220093 747.9605713
vn -0.2499192506 -0.208512187 0.9455490708
v 58.71990204 -83.00218964 747.9765625
vn -0.06664422154 -0.2795082927 0.9578275681
v 58.96037674 -83.08022308 747.9442139
vn 0.1223354787 -0.3407034576 0.9321776628
v 59.19644165 -83.14125061 747.8630371
vn 0.3084393442 -0.3888231516 0.8681484461
v 59.41611481 -83.18198395 747.7365723
vn 0.4807451069 -0.4209401608 0.7692161798
v 59.60670853 -83.20066071 747.5738525
vn 0.6306421161 -0.4360069036 0.642019093
v 59.75993729 -83.19815826 747.3876343
vn 0.7517259717 -0.4346343279 0.4959849119
v 59.87267303 -83.17751312 747.1907959
vn 0.803298533 -0.4267162979 0.4154812098
v 59.00391388 -85.50511932 746.4389038
vn 0.8787790537 -0.4089111388 0.2460469007
v 59.08575439 -85.46302032 746.2164917
vn 0.9080716372 -0.3894369006 0.1540936679
v 59.12613297 -85.40113831 745.9807129
vn 0.9397755861 -0.3401099145 -0.0338687636
v 59.11999893 -85.32067871 745.7408447
vn 0.9345902205 -0.2765169144 -0.2237844914
v 59.06542587 -85.22536469 745.5105591
vn 0.8911405802 -0.2010403723 -0.4067569375
v 58.96466446 -85.11985016 745.3015747
vn 0.8117134571 -0.1180340573 -0.5720045567
v 58.82529068 -85.01082611 745.1256714
vn 0.7019466758 -0.03217731044 -0.711502254
v 58.65869522 -84.9048233 744.9901123
vn 0.5704680085 0.051539395 -0.8197011352
v 58.47751999 -84.80711365 744.8965454
vn 0.416875124 0.1341175884 -0.899014771
v 58.2658844 -84.70923615 744.8372192
vn 0.2504704297 0.2105206996 -0.9449579716
v 58.03634262 -84.61898041 744.8215942
vn 0.06759107113 0.2820182443 -0.9570251703
v 57.79776764 -84.54098511 744.8538208
vn -0.1215162128 0.343534857 -0.9312452078
v 57.5634079 -84.48030853 744.9344482
vn -0.3076347411 0.3915163577 -0.8672230244
v 57.34516907 -84.44023132 745.0599365
vn -0.4800819755 0.4231478274 -0.7684186697
v 57.15563583 -84.42246246 745.2211914
vn -0.6302918792 0.4374120235 -0.6414069533
v 57.00309753 -84.42604828 745.4057617
vn -0.7517225146 0.4349706769 -0.4956952929
v 56.89066696 -84.44787598 745.600708
vn -0.8468709588 0.4165494442 -0.3305996358
v 56.80883026 -84.48997498 745.822998
vn -0.9103671908 0.3832860589 -0.1559594721
v 56.76844788 -84.55185699 746.0588989
vn -0.9420483112 0.3339471519 0.03200357035
v 56.77458572 -84.63231659 746.2987671
vn -0.9368380904 0.2703428566 0.2219213992
v 56.82915497 -84.72763062 746.5290527
vn -0.8933879733 0.1948871613 0.4048171639
v 56.92991638 -84.83314514 746.7380371
vn -0.8139598966 0.1118856296 0.5700446367
v 57.06929398 -84.94216919 746.9138794
vn -0.7041580677 0.02601095289 0.7095666528
v 57.23588562 -85.048172 747.0494995
vn -0.5727388859 -0.05766115338 0.8177073598
v 57.41706085 -85.14588165 747.1430054
vn -0.4192335606 -0.1401889473 0.896989584
v 57.62869644 -85.24375916 747.2023926
vn -0.2529004216 -0.2165740281 0.9429406524
v 57.85823822 -85.33401489 747.2180176
vn -0.06979795545 -0.2881653309 0.9550334811
v 58.0968132 -85.41201019 747.18573
vn 0.1191063747 -0.3496029973 0.9292961955
v 58.33117676 -85.47268677 747.1051636
vn 0.3052462637 -0.3976003528 0.8652969003
v 58.54941177 -85.51276398 746.9796753
vn 0.4776929915 -0.4292461276 0.7665227652
v 58.73894501 -85.53053284 746.8184814
vn 0.6278827786 -0.4435202777 0.6395725012
v 58.89148331 -85.52694702 746.6338501
vn 0.7493599653 -0.4410973787 0.4938549697
v 59.00391388 -85.50511932 746.4389038
vn 0.8007887006 -0.4334971011 0.4133010209
v 58.13584518 -87.82788086 745.6722412
vn 0.8799168468 -0.4058262408 0.2470857501
v 58.21741104 -87.78526306 745.4517822
vn 0.908876121 -0.3872881234 0.1547645926
v 58.25778198 -87.72306824 745.2177734
vn 0.9407739639 -0.3374219239 -0.03302767873
v 58.25191879 -87.64255524 744.9797974
vn 0.9357429147 -0.2733859718 -0.2228121758
v 58.19789886 -87.54743958 744.7512207
vn 0.8924099207 -0.1975883394 -0.4056641757
v 58.09793854 -87.44239044 744.5437622
vn 0.8130204678 -0.114361003 -0.5708934069
v 57.95956421 -87.33403778 744.3692017
vn 0.7032641768 -0.0284604039 -0.7103587389
v 57.79409409 -87.22887421 744.2344971
vn 0.5717746019 0.05515984073 -0.8185543418
v 57.61408615 -87.13209534 744.1415405
vn 0.4181210697 0.1374875456 -0.8979264498
v 57.40376663 -87.0353241 744.0824585
vn 0.2515512407 0.2135837972 -0.9439830184
v 57.17560577 -86.94628906 744.0667725
vn 0.0684722513 0.2846286595 -0.9561893344
v 56.93841934 -86.86956787 744.0984497
vn -0.1207216457 0.3455320001 -0.9306094646
v 56.70537186 -86.81018066 744.1783447
vn -0.3071907461 0.3929039538 -0.8667527437
v 56.48831177 -86.7713089 744.3026123
vn -0.4798149765 0.4238367379 -0.7682057023
v 56.29974747 -86.75461578 744.4624023
vn -0.6302736402 0.4374071956 -0.6414281726
v 56.14793396 -86.75907898 744.6454468
vn -0.751973629 0.4342991412 -0.4959031343
v 56.03598022 -86.78158569 744.8388062
vn -0.8473951221 0.4151422977 -0.3310262859
v 55.95441055 -86.82420349 745.0592651
vn -0.9110792279 0.3813206255 -0.1566182226
v 55.91404343 -86.88639069 745.2932129
vn -0.9429576397 0.3314495981 0.03117801063
v 55.91990662 -86.96690369 745.53125
vn -0.9379102588 0.2674221992 0.2209293097
v 55.97392654 -87.06201935 745.7597046
vn -0.8945612907 0.19162637 0.4037813544
v 56.07388687 -87.16706848 745.9672241
vn -0.8152270317 0.1084590629 0.5688950419
v 56.2122612 -87.27542114 746.1418457
vn -0.7054386735 0.02252507769 0.7084129453
v 56.37773132 -87.38058472 746.2764282
vn -0.5739964843 -0.06107323617 0.8165770769
v 56.55773926 -87.47737122 746.3695068
vn -0.4204366803 -0.1433515847 0.8959259391
v 56.76805496 -87.57413483 746.4285278
vn -0.253862381 -0.2194501162 0.9420167208
v 56.99621964 -87.66316986 746.4442749
vn -0.07070861757 -0.2905400395 0.9542466998
v 57.23340607 -87.73989105 746.4124756
vn 0.1184286401 -0.3514365554 0.9286910295
v 57.46645355 -87.79927826 746.3326416
vn 0.3047611117 -0.3987889886 0.864920795
v 57.68351364 -87.83815002 746.2084351
vn 0.4775186479 -0.4297593832 0.7663437724
v 57.87207794 -87.85485077 746.048645
vn 0.6279621124 -0.4433413446 0.6396186352
v 58.02389145 -87.85037994 745.8656006
vn 0.7497093081 -0.4402492344 0.4940815568
v 58.13584518 -87.82788086 745.6722412
vn 0.8007981777 -0.4335343242 0.413243562
v 57.28248596 -90.15836334 744.9050903
vn 0.8839353323 -0.3947388232 0.2506783307
v 57.3634491 -90.11617279 744.6860352
vn 0.9123265743 -0.3777939081 0.157898739
v 57.40333939 -90.05497742 744.4534912
vn 0.9440402389 -0.3284555078 -0.03008323349
v 57.39714813 -89.97602844 744.2167969
vn 0.938687861 -0.2653164566 -0.22016415
v 57.34297943 -89.88299561 743.9892578
vn 0.8949097991 -0.1907429844 -0.4034273028
v 57.24306107 -89.78042603 743.7827148
vn 0.8149948716 -0.1090255529 -0.5691192746
v 57.10490799 -89.67481232 743.6085815
vn 0.7045978904 -0.02474198677 -0.7091753483
v 56.93981171 -89.5724411 743.4742432
vn 0.5724912882 0.0571500957 -0.8179166317
v 56.76029205 -89.47837067 743.3812256
vn 0.4182246923 0.1375845373 -0.8978633285
v 56.5506134 -89.38445282 743.3217773
vn 0.251075238 0.2118486762 -0.9445005655
v 56.3232193 -89.29820251 743.305481
vn 0.06716508418 0.2811559439 -0.9573088288
v 56.08689499 -89.22408295 743.3363647
vn -0.1225860268 0.3403386474 -0.9322779775
v 55.85477448 -89.16693115 743.414978
vn -0.3095363677 0.386194557 -0.8689309359
v 55.63864517 -89.12983704 743.5379639
vn -0.4826309681 0.4159373045 -0.7707551718
v 55.45096588 -89.11435699 743.6962891
vn -0.6333774328 0.4286393821 -0.6442835927
v 55.29994583 -89.11945343 743.8778687
vn -0.7552700639 0.425023973 -0.4989205599
v 55.18866348 -89.14205933 744.0697632
vn -0.850803256 0.4055968821 -0.3341032565
v 55.10770035 -89.18424988 744.2888794
vn -0.9144089222 0.3719758987 -0.1596568078
v 55.06781006 -89.24543762 744.5214233
vn -0.9460964799 0.3226459622 0.02830294706
v 55.07400513 -89.3243866 744.7580566
vn -0.940731287 0.2595305443 0.218331337
v 55.12817001 -89.41741943 744.9855957
vn -0.896951735 0.1849751472 0.4015741646
v 55.22809219 -89.51998901 745.1921387
vn -0.817061007 0.1032861173 0.5672241449
v 55.36624146 -89.62561035 745.366272
vn -0.7067161798 0.01904325001 0.7072408199
v 55.53133774 -89.72797394 745.5006714
vn -0.5745918751 -0.06286949664 0.8160218
v 55.71085739 -89.82204437 745.5936279
vn -0.4204624593 -0.1432593614 0.8959286213
v 55.92053604 -89.91596222 745.6531372
vn -0.2532501221 -0.2175629139 0.9426190853
v 56.14793396 -90.00221252 745.6694336
vn -0.06941363961 -0.2868565321 0.9554554224
v 56.38425446 -90.07633972 745.6384888
vn 0.1203192994 -0.3460623622 0.9304644465
v 56.61637878 -90.13348389 745.5598755
vn 0.3072725534 -0.3919413984 0.8671594858
v 56.83250809 -90.17058563 745.4369507
vn 0.4803891778 -0.4217152596 0.7690140009
v 57.02018356 -90.18606567 745.2786255
vn 0.6311791539 -0.434442848 0.6425513625
v 57.17120361 -90.18096161 745.0970459
vn 0.753100872 -0.4308411777 0.497207135
v 57.28248596 -90.15836334 744.9050903
vn 0.8037843108 -0.4253950417 0.4158964753
v 56.46278 -92.50322723 744.1564941
vn 0.8915218115 -0.3725492954 0.2576740682
v 56.54277039 -92.46257782 743.9384766
vn 0.9190415144 -0.3584293425 0.1639849097
v 56.58164597 -92.40395355 743.7067261
vn 0.9500847459 -0.3110200167 -0.02460732684
v 56.57444763 -92.32855988 743.4706421
vn 0.9438073039 -0.2505378127 -0.2155424356
v 56.5193367 -92.23991394 743.2435303
vn 0.8988924623 -0.1792504787 -0.3998269737
v 56.41858292 -92.1423645 743.0369263
vn 0.8176790476 -0.101242654 -0.5667017698
v 56.27975845 -92.04205322 742.8625488
vn 0.7059355378 -0.0209217649 -0.7079670429
v 56.11416626 -91.94497681 742.727478
vn 0.5724669695 0.05705937743 -0.8179399967
v 55.93433762 -91.85587311 742.6337891
vn 0.4167373478 0.1335297823 -0.8991661668
v 55.72450256 -91.7670517 742.5733643
vn 0.2483254522 0.2039846629 -0.946955502
v 55.49714661 -91.6856308 742.5557861
vn 0.0632141009 0.2696179748 -0.9608902931
v 55.26107025 -91.6158371 742.5852661
vn -0.12771447 0.3256012797 -0.9368419647
v 55.02939224 -91.5622406 742.6624146
vn -0.3155198395 0.3687801957 -0.8743274212
v 54.81388855 -91.52772522 742.7836914
vn -0.4892695546 0.3966048062 -0.7767367363
v 54.62697601 -91.51374054 742.9406128
vn -0.6404093504 0.4081939757 -0.6505793929
v 54.47680283 -91.51926422 743.1208496
vn -0.7623737454 0.4042540193 -0.5053365231
v 54.36639023 -91.54133606 743.3116455
vn -0.8577744365 0.3851177692 -0.3404515982
v 54.28639984 -91.58198547 743.529541
vn -0.9209661484 0.3526968062 -0.1656088531
v 54.24752426 -91.64060974 743.7612915
vn -0.9519733787 0.3053192198 0.0229530558
v 54.2547226 -91.71600342 743.9973755
vn -0.9456812739 0.2448856384 0.2138175517
v 54.30983353 -91.80464935 744.2245483
vn -0.9007784128 0.1736487895 0.3980506957
v 54.4105835 -91.90219879 744.4311523
vn -0.8195871115 0.09567908943 0.5649092793
v 54.54941177 -92.00251007 744.6055298
vn -0.7079234719 0.01540229004 0.7061211467
v 54.71500397 -92.09958649 744.7405396
vn -0.5744529963 -0.06259243935 0.8161408901
v 54.89483261 -92.18869019 744.8342896
vn -0.4188770354 -0.1390121132 0.8973392248
v 55.10466766 -92.2775116 744.8947754
vn -0.2505072057 -0.2095071822 0.9451734424
v 55.33202362 -92.3589325 744.9122925
vn -0.06529574841 -0.2752230465 0.9591604471
v 55.56809998 -92.4287262 744.8827515
vn 0.125417918 -0.3312006295 0.9351879358
v 55.79977798 -92.48232269 744.8057251
vn 0.3133093417 -0.3744461238 0.8727126718
v 56.01528168 -92.51683807 744.6843262
vn 0.4871504903 -0.4023210108 0.7751272321
v 56.20219421 -92.53082275 744.5274658
vn 0.6383014321 -0.4139410853 0.6490177512
v 56.3523674 -92.52529907 744.347229
vn 0.7602929473 -0.4100238085 0.5038205385
v 56.46278 -92.50322723 744.1564941
vn 0.810248971 -0.4068006277 0.4219121635
v 55.70152664 -94.88070679 743.4503784
vn 0.9014704227 -0.3406890929 0.2669869661
v 55.78009796 -94.8431778 743.2329712
vn 0.9283544421 -0.3291630447 0.1726548076
v 55.81731796 -94.78939056 743.0014648
vn 0.9583893418 -0.2849659622 -0.01686045341
v 55.80828094 -94.72048187 742.7651367
vn 0.9507657886 -0.2287922204 -0.2090418935
v 55.75124359 -94.63964844 742.5373535
vn 0.9042259455 -0.1627466977 -0.3948277235
v 55.64857864 -94.5508728 742.3295898
vn 0.8212094903 -0.09062169492 -0.5633850098
v 55.50796127 -94.45973969 742.1538696
vn 0.7075526118 -0.01643844508 -0.7064694166
v 55.34080124 -94.37167358 742.0172729
vn 0.5722126961 0.05546920374 -0.8182272315
v 55.15967178 -94.29097748 741.921814
vn 0.4147213399 0.1257976294 -0.9012109637
v 54.94869995 -94.21065521 741.859436
vn 0.2443719357 0.190641284 -0.950756669
v 54.72047806 -94.13718414 741.8398438
vn 0.05762050673 0.250821352 -0.966316998
v 54.48386765 -94.07437897 741.8671875
vn -0.1346806437 0.3020074368 -0.9437439442
v 54.25203705 -94.02636719 741.9422607
vn -0.3237479627 0.3413668871 -0.8824148178
v 54.0367775 -93.9957428 742.0617676
vn -0.498411715 0.3665110767 -0.7856560349
v 53.8504715 -93.98376465 742.217041
vn -0.6500511765 0.376648277 -0.6599768996
v 53.70120239 -93.98946381 742.3960571
vn -0.7721409798 0.3724708855 -0.5148434639
v 53.59190369 -94.01012421 742.5859375
vn -0.8673334122 0.354152441 -0.349726826
v 53.51333237 -94.0476532 742.8034058
vn -0.929942131 0.3237585723 -0.1743216366
v 53.47611237 -94.1014328 743.0348511
vn -0.9600052834 0.2795703113 0.0151754925
v 53.4851532 -94.17034912 743.2711792
vn -0.9524204731 0.2234113812 0.2073224783
v 53.54218674 -94.25118256 743.4989624
vn -0.905929625 0.1573741585 0.3930965364
v 53.6448555 -94.33995819 743.7067261
vn -0.8229368925 0.08523325622 0.5617029667
v 53.78546906 -94.43109131 743.8824463
vn -0.7092956305 0.0110416431 0.7048246264
v 53.95262909 -94.51914978 744.019043
vn -0.5739734769 -0.06088181213 0.8166075349
v 54.13376236 -94.59985352 744.114502
vn -0.4164146185 -0.1312434375 0.8996521831
v 54.34473038 -94.68017578 744.1768799
vn -0.2462489456 -0.1960177869 0.9491778016
v 54.57295609 -94.75364685 744.1964722
vn -0.059368141 -0.2562542856 0.964784503
v 54.80956268 -94.81645203 744.1691284
vn 0.1330792755 -0.3074733913 0.9422048926
v 55.04139328 -94.86446381 744.0940552
vn 0.3220432103 -0.3468054831 0.8809166551
v 55.25665283 -94.8950882 743.9745483
vn 0.4968101382 -0.3719547689 0.7841105461
v 55.44295883 -94.90706635 743.8192749
vn 0.648453176 -0.3820863068 0.658421278
v 55.59222794 -94.90136719 743.6402588
vn 0.7705289125 -0.3779039383 0.5132970214
v 55.70152664 -94.88070679 743.4503784
vn 0.8200668097 -0.3763707578 0.4310863912
v 55.0162735 -97.29830933 742.8007812
vn 0.908929944 -0.3142157793 0.2740707099
v 55.09374237 -97.26316833 742.5841675
vn 0.9362917542 -0.3014416099 0.1802516878
v 55.12971115 -97.21331787 742.3530884
vn 0.9656005502 -0.2598394752 -0.00994889345
v 55.1193161 -97.14984131 742.1168823
vn 0.9569681287 -0.207308054 -0.2030648738
v 55.0608902 -97.07570648 741.888916
vn 0.9091554284 -0.1458115876 -0.3900966048
v 54.95687103 -96.99455261 741.680542
vn 0.8247030377 -0.07891602069 -0.5600332022
v 54.8150177 -96.91149139 741.5039062
vn 0.7095116377 -0.01032464299 -0.7046180964
v 54.64679718 -96.83144379 741.3662109
vn 0.5725564361 0.05601587892 -0.8179494739
v 54.46482086 -96.75827789 741.2694702
vn 0.4135384858 0.1207425147 -0.9024450779
v 54.25313568 -96.68566895 741.2055054
vn 0.2417871505 0.1801629514 -0.9534569979
v 54.02441406 -96.61949158 741.1842041
vn 0.05345262587 0.2352145016 -0.9704725146
v 53.78755951 -96.56320953 741.2097778
vn -0.1401339918 0.28172943 -0.9492054582
v 53.55576324 -96.5205307 741.28302
vn -0.3302189708 0.317175895 -0.8890190721
v 53.3408165 -96.49377441 741.4006958
vn -0.5057653785 0.3394462764 -0.7930811048
v 53.15507507 -96.48400879 741.5545044
vn -0.6579937339 0.3478291929 -0.6678766012
v 53.00656891 -96.49028778 741.7322388
vn -0.7802680731 0.3430201411 -0.522990346
v 52.89816284 -96.51009369 741.9211426
vn -0.8753474951 0.32528916 -0.3577062786
v 52.82069397 -96.54522705 742.1377563
vn -0.9376020432 0.2963298857 -0.1819093823
v 52.78472519 -96.59507751 742.3687134
vn -0.9669805765 0.2547150552 0.008294148371
v 52.79512024 -96.65855408 742.6049194
vn -0.9584139585 0.2021598071 0.2014301568
v 52.85354614 -96.7326889 742.8330688
vn -0.9106573462 0.1406388134 0.3884893358
v 52.95756531 -96.81384277 743.0412598
vn -0.8261994123 0.0736784786 0.5585391521
v 53.09941864 -96.89690399 743.2180176
vn -0.7109903097 0.005047155079 0.7031837106
v 53.26763535 -96.9769516 743.3557129
vn -0.5739805102 -0.06132020056 0.8165698051
v 53.44961548 -97.05011749 743.4524536
vn -0.414935708 -0.1260626316 0.9010752439
v 53.66130066 -97.12272644 743.5164185
vn -0.243129313 -0.1854761541 0.9520959854
v 53.89002228 -97.18890381 743.5377197
vn -0.05480303243 -0.2404904217 0.9691031575
v 54.12687683 -97.24518585 743.512207
vn 0.1389636993 -0.2870106697 0.9477942586
v 54.35866928 -97.28786469 743.4389038
vn 0.3291243315 -0.3224251866 0.8875354528
v 54.57361984 -97.31462097 743.321106
vn 0.5046206713 -0.344640553 0.7915686369
v 54.75936127 -97.3243866 743.1674194
vn 0.6568341851 -0.3529816568 0.6663128138
v 54.90786743 -97.3181076 742.9896851
vn 0.7790640593 -0.3481524289 0.5213914514
v 55.0162735 -97.29830933 742.8007812
vn 0.8293377757 -0.3446016014 0.4398278594
v 54.38386536 -99.73641968 742.1783447
vn 0.9104368091 -0.3085679412 0.2754825354
v 54.46101761 -99.70091248 741.9630737
vn 0.9390233159 -0.2911096215 0.183003813
v 54.4967804 -99.65130615 741.7335205
vn 0.9684395194 -0.2491485029 -0.007067934144
v 54.48630905 -99.5887146 741.4985962
vn 0.9598215222 -0.1966675818 -0.2001611143
v 54.42794418 -99.51609802 741.2716064
vn 0.9119066 -0.1356723458 -0.3873233497
v 54.3241272 -99.43702698 741.064209
vn 0.8272342682 -0.06970254332 -0.5575168133
v 54.18259811 -99.35646057 740.8880615
vn 0.7117611766 -0.002437437419 -0.7024173141
v 54.0147934 -99.27914429 740.7505493
vn 0.5744164586 0.0623286739 -0.8161867857
v 53.83328629 -99.20877075 740.6538086
vn 0.4148461819 0.1254419684 -0.9012030363
v 53.62217712 -99.13925171 740.5895386
vn 0.2427203506 0.1828925312 -0.9526998997
v 53.39409637 -99.07626343 740.567688
vn 0.05398287624 0.2358115166 -0.9702982903
v 53.15792465 -99.02313232 740.5923462
vn -0.1402972043 0.2801915109 -0.9496364594
v 52.92681885 -98.98339081 740.6644897
vn -0.3310129941 0.3135162592 -0.8900213242
v 52.71253586 -98.95919037 740.7808838
vn -0.5070074797 0.3337723613 -0.7946945429
v 52.52738953 -98.95146942 740.9332275
vn -0.6597630382 0.3404429555 -0.6699338555
v 52.37938309 -98.95922089 741.1095581
vn -0.7824543715 0.3342693448 -0.5253847837
v 52.27136993 -98.97989655 741.2970581
vn -0.8777493238 0.3157883286 -0.3603247106
v 52.19421768 -99.01541138 741.5122681
vn -0.9402390122 0.2860715389 -0.1846989095
v 52.1584549 -99.0650177 741.7418213
vn -0.9697259068 0.2441354394 0.005438789725
v 52.16892624 -99.12760925 741.9768066
vn -0.9611546993 0.191659376 0.1986159682
v 52.22728729 -99.2002182 742.2037964
vn -0.9132663608 0.1306591779 0.3858402669
v 52.33110428 -99.27928925 742.4112549
vn -0.8285461068 0.06463112682 0.5561781526
v 52.47263336 -99.35985565 742.5872803
vn -0.7129772305 -0.002706868807 0.7011819482
v 52.64043808 -99.43717194 742.7247925
vn -0.5756013393 -0.06749945134 0.8149398565
v 52.82194519 -99.5075531 742.8215942
vn -0.4159765542 -0.1306435466 0.8999421
v 53.03305817 -99.57706451 742.8858643
vn -0.2438399643 -0.1881307513 0.9513931274
v 53.26113892 -99.6400528 742.9077148
vn -0.05478866026 -0.2411312759 0.9689447284
v 53.49731064 -99.6931839 742.8830566
vn 0.139463827 -0.2854886949 0.9481803775
v 53.72841644 -99.73293304 742.8109131
vn 0.3301490545 -0.3187908828 0.8884671926
v 53.94269943 -99.75713348 742.694458
vn 0.5061395168 -0.3390145302 0.7930270433
v 54.12784576 -99.7648468 742.5421753
vn 0.6587982178 -0.3456249535 0.6682277322
v 54.2758522 -99.75710297 742.3657837
vn 0.7813988924 -0.3393993378 0.5236638784
v 54.38386536 -99.73641968 742.1783447
vn 0.8329933882 -0.3310144842 0.4433411658
v 53.75688553 -102.1577377 741.5289917
vn 0.9036917686 -0.3337038159 0.268296361
v 53.8347702 -102.1179123 741.3162842
vn 0.9344887733 -0.308352828 0.177902475
v 53.8717308 -102.0631561 741.0894165
vn 0.9650816321 -0.2617235184 -0.01087507792
v 53.86290741 -101.9947662 740.8574829
vn 0.957803607 -0.2039708793 -0.2025045753
v 53.80656815 -101.9159851 740.6334839
vn 0.9113333821 -0.1373931766 -0.3880651593
v 53.70505142 -101.8306961 740.4290771
vn 0.8280725479 -0.06577543169 -0.5567490458
v 53.56595612 -101.7442474 740.2556152
vn 0.7139644027 0.00678922981 -0.7001491189
v 53.40056229 -101.6616669 740.1204834
vn 0.5778999925 0.07624791563 -0.8125379086
v 53.22132111 -101.5868607 740.0255737
vn 0.4194757342 0.1438085139 -0.8963031173
v 53.01252747 -101.5133667 739.9628906
vn 0.2482285947 0.2048812956 -0.9467872977
v 52.78663254 -101.4472198 739.9420776
vn 0.06024441868 0.2607320845 -0.9635296464
v 52.55241394 -101.3919754 739.9672241
vn -0.1334482133 0.307033062 -0.9422962666
v 52.32290268 -101.3513107 740.0393066
vn -0.3240509927 0.341276288 -0.8823386431
v 52.10976791 -101.3274689 740.1550903
vn -0.5001081824 0.3612480164 -0.7870144248
v 51.92527771 -101.3213043 740.3060913
vn -0.6531014442 0.3665550947 -0.662643075
v 51.77743149 -101.3316116 740.4807129
vn -0.776386261 0.3581481278 -0.5186080337
v 51.66914749 -101.3555908 740.6661987
vn -0.8723311424 0.3369604349 -0.3542542756
v 51.59126282 -101.3954163 740.8790283
vn -0.9357925057 0.3033411503 -0.1796568483
v 51.55430222 -101.4501724 741.105896
vn -0.9664233923 0.2567886114 0.009242292494
v 51.56312943 -101.5185623 741.3378296
vn -0.9591454268 0.1990919411 0.2010035068
v 51.61946869 -101.5973434 741.5617065
vn -0.9126389623 0.1325442195 0.3866809309
v 51.72098541 -101.6826248 741.7662354
vn -0.8293430805 0.06094634905 0.5554058552
v 51.86008072 -101.7690811 741.9396973
vn -0.7151224017 -0.01167504117 0.6989017129
v 52.02547073 -101.8516617 742.0748291
vn -0.5789604783 -0.08120247722 0.8113020062
v 52.20471191 -101.9264603 742.1697998
vn -0.4204834402 -0.1488152444 0.8950126767
v 52.41350937 -101.9999619 742.2324219
vn -0.2491850108 -0.2099675387 0.9454208016
v 52.63940048 -102.0661011 742.2532959
vn -0.06115186587 -0.2659075856 0.9620569944
v 52.87361908 -102.1213531 742.2280884
vn 0.1327455491 -0.3123068511 0.9406609535
v 53.10313034 -102.1620102 742.1560059
vn 0.323091507 -0.3465311229 0.8806407452
v 53.31626511 -102.1858597 742.0402832
vn 0.4991351962 -0.3665088117 0.7851976752
v 53.50075912 -102.1920242 741.8892212
vn 0.6520572305 -0.371784091 0.6607556343
v 53.64860153 -102.1817169 741.7145996
vn 0.7752329707 -0.363317281 0.5167344213
v 53.75688553 -102.1577377 741.5289917
vn 0.8286108971 -0.3478509486 0.4386384487
v 53.05886841 -104.5544891 740.7733765
vn 0.890504539 -0.3775903285 0.2538250983
v 53.13840485 -104.5076675 740.5640259
vn 0.9228287339 -0.3479848206 0.1652079821
v 53.17790222 -104.4437027 740.3413086
vn 0.9551960826 -0.2951758206 -0.02171774209
v 53.17245865 -104.3641052 740.1142578
vn 0.9500935078 -0.2297527343 -0.2110356688
v 53.12018585 -104.2726822 739.8956299
vn 0.9061142206 -0.1543488503 -0.3938698471
v 53.02323151 -104.1739349 739.6965942
vn 0.8255315423 -0.07321957499 -0.5595861077
v 52.88889313 -104.0740356 739.5285034
vn 0.7140683532 0.009035944007 -0.7000176907
v 52.7281723 -103.9788055 739.3981934
vn 0.5806100965 0.08770176023 -0.8094444275
v 52.55327225 -103.8926926 739.307373
vn 0.4247512519 0.1640155613 -0.8903287649
v 52.34886932 -103.8082809 739.2485962
vn 0.2557339072 0.2332349122 -0.938190639
v 52.12707138 -103.7325211 739.2310791
vn 0.06973682344 0.2964869738 -0.9524874091
v 51.89644623 -103.6694946 739.258728
vn -0.1221591383 0.3488351703 -0.9291884303
v 51.66979599 -103.623436 739.3321533
vn -0.3113161922 0.387452215 -0.8677344322
v 51.45864105 -103.5968628 739.4481812
vn -0.4866647422 0.4099229872 -0.7714405656
v 51.2751503 -103.5907288 739.5984497
vn -0.6393928528 0.4157260358 -0.6467987895
v 51.1273613 -103.6035614 739.7713623
vn -0.7629159689 0.4059721828 -0.5031359792
v 51.01831436 -103.6320953 739.9544067
vn -0.8595713973 0.3818122447 -0.339641571
v 50.93877792 -103.6789093 740.1638794
vn -0.9242572188 0.3435454369 -0.1665087938
v 50.89928055 -103.7428818 740.3864746
vn -0.9566081166 0.2906643152 0.02037459798
v 50.90472412 -103.8224792 740.6135864
vn -0.9514945149 0.2251969129 0.2096294314
v 50.95699692 -103.9139023 740.8321533
vn -0.90751791 0.1497831643 0.3923980892
v 51.05395126 -104.0126495 741.03125
vn -0.8269501328 0.06868947297 0.5580638051
v 51.18828964 -104.1125412 741.1993408
vn -0.7155717611 -0.01346923038 0.6984093189
v 51.34901047 -104.2077789 741.3296509
vn -0.5820629597 -0.09210507572 0.807910502
v 51.52391052 -104.2938843 741.4204102
vn -0.4262238443 -0.1683337092 0.8888177276
v 51.72831345 -104.3783035 741.479187
vn -0.2572200596 -0.2374635041 0.9367224574
v 51.95011139 -104.4540558 741.4967041
vn -0.0713923797 -0.3006046116 0.9510730505
v 52.18073654 -104.5170822 741.4691772
vn 0.1206386387 -0.3529620767 0.9278275967
v 52.40738678 -104.5631409 741.3956909
vn 0.309799403 -0.3915676773 0.8664289117
v 52.61854553 -104.5897141 741.2796631
vn 0.485119909 -0.4140594304 0.7702035308
v 52.80203247 -104.5958557 741.1293945
vn 0.6378644705 -0.4199244976 0.6455945969
v 52.94982147 -104.5830154 740.9564819
vn 0.7614430785 -0.4102447331 0.5019000769
v 53.05886841 -104.5544891 740.7733765
vn 0.8160632849 -0.3917691708 0.4249207079
v 52.25691986 -106.8891068 739.9330444
vn 0.8771076202 -0.4160631597 0.2399451584
v 52.33621979 -106.8419342 739.7249756
vn 0.9089177847 -0.388809979 0.1506495178
v 52.37633514 -106.7757874 739.5042725
vn 0.9419192076 -0.3339479864 -0.03559495136
v 52.37240219 -106.692131 739.2799683
vn 0.9379813671 -0.2648853958 -0.223666355
v 52.32249451 -106.5949097 739.0646973
vn 0.895663619 -0.1843412071 -0.404728353
v 52.22864532 -106.4888992 738.8694458
vn 0.8171885014 -0.09688913077 -0.5681685209
v 52.09794617 -106.3807678 738.7053223
vn 0.7080923319 -0.007443402894 -0.7060806155
v 51.94113922 -106.2768784 738.5788574
vn 0.5771017671 0.07878113538 -0.8128635287
v 51.77018356 -106.1822205 738.4918213
vn 0.423786819 0.1626552343 -0.8910375834
v 51.57009506 -106.0886002 738.4368286
vn 0.257445842 0.2397496849 -0.9360778332
v 51.35269165 -106.0036469 738.4227905
vn 0.0741680637 0.3109088838 -0.9475414157
v 51.12635422 -105.9318314 738.4534912
vn -0.1152589247 0.3708335161 -0.9215193391
v 50.90363312 -105.8779221 738.52948
vn -0.302063942 0.416156739 -0.8576543331
v 50.69583893 -105.8448334 738.6473999
vn -0.4754292071 0.4441501498 -0.7594061494
v 50.51496506 -105.8338776 738.798645
vn -0.6267330647 0.4540254772 -0.6332981586
v 50.36896133 -105.8437042 738.9716797
vn -0.7493425608 0.4467640817 -0.4887613058
v 50.26089096 -105.8709564 739.1542969
vn -0.8456500769 0.4234404564 -0.3249216378
v 50.18159103 -105.9181213 739.3623657
vn -0.9104173183 0.3847810328 -0.1519337595
v 50.14147568 -105.9842758 739.5830688
vn -0.9434090257 0.3298592865 0.03423796594
v 50.14540863 -106.0679321 739.807373
vn -0.9394873977 0.2607356608 0.2222167999
v 50.19531631 -106.1651535 740.022644
vn -0.8972180486 0.1801559627 0.4031669199
v 50.2891655 -106.2711563 740.2178345
vn -0.8187901378 0.09265746921 0.5665662885
v 50.41986084 -106.3792877 740.382019
vn -0.7097880244 0.00323373545 0.7044079304
v 50.5766716 -106.4831772 740.5083618
vn -0.5788648725 -0.08297212422 0.8111911416
v 50.74762726 -106.5778427 740.595459
vn -0.4255411327 -0.1668383479 0.8894266486
v 50.94771576 -106.6714554 740.6504517
vn -0.2592661083 -0.2438646406 0.9345111847
v 51.16511917 -106.7564087 740.6645508
vn -0.07595839351 -0.3149759471 0.9460552335
v 51.3914566 -106.8282242 740.6337891
vn 0.1133656353 -0.3748031259 0.9201471806
v 51.6141777 -106.8821411 740.5578003
vn 0.3002619147 -0.4200941324 0.8563665748
v 51.82197189 -106.9152222 740.4400024
vn 0.4737417698 -0.4480771422 0.7581527829
v 52.00284576 -106.9261856 740.2886963
vn 0.625104785 -0.4579486847 0.6320815086
v 52.14884949 -106.9163589 740.1156616
vn 0.7477513552 -0.4507090151 0.4875749052
v 52.25691986 -106.8891068 739.9330444
vn 0.8016403317 -0.4355933368 0.409427911
v 51.36196518 -109.16922 739.1124268
vn 0.8679401875 -0.4393469989 0.2316335291
v 51.43839264 -109.1286011 738.9031372
vn 0.897870481 -0.4175630808 0.1395336539
v 51.47625732 -109.0679855 738.6816406
vn 0.9290407896 -0.3668251038 -0.04819268733
v 51.47084045 -108.9885178 738.4570923
vn 0.9237525463 -0.3006457984 -0.2372621596
v 51.42034531 -108.893837 738.2421265
vn 0.8806564808 -0.2215453684 -0.4187622666
v 51.32683563 -108.7885818 738.0477295
vn 0.8020303249 -0.1339962482 -0.5820587873
v 51.19735718 -108.6794128 737.8850098
vn 0.6934493184 -0.04302245751 -0.7192198038
v 51.04249954 -108.5729294 737.760376
vn 0.5634373426 0.0460498035 -0.8248744011
v 50.87402344 -108.4744568 737.675293
vn 0.4114795923 0.1336946189 -0.9015599489
v 50.67715836 -108.3754883 737.6226196
vn 0.247064963 0.2158114016 -0.9446609616
v 50.46358109 -108.2838287 737.6112061
vn 0.06618586928 0.2930540442 -0.9538022876
v 50.24153519 -108.2041626 737.6447144
vn -0.120487012 0.359937042 -0.9251638651
v 50.02335358 -108.1416473 737.7235107
vn -0.3043925166 0.412770927 -0.8584668636
v 49.82012177 -108.0996246 737.8440552
vn -0.474683851 0.4483728707 -0.7573882937
v 49.64355469 -108.0799561 737.9976807
vn -0.623033762 0.465539366 -0.6285713911
v 49.50138474 -108.0817719 738.1727905
vn -0.7429164052 0.4648562372 -0.4816470742
v 49.39652634 -108.1020432 738.3569336
vn -0.836808145 0.4473075271 -0.3157025576
v 49.32009888 -108.142662 738.5662842
vn -0.899420917 0.4137742817 -0.1408291161
v 49.28223419 -108.2032852 738.7877197
vn -0.9305968285 0.3630337119 0.04686174169
v 49.28765106 -108.282753 739.0122681
vn -0.925337255 0.2968401611 0.2358747274
v 49.33814621 -108.3774261 739.2272339
vn -0.8822892308 0.2177062631 0.4173364639
v 49.43165588 -108.4826889 739.4216309
vn -0.8037238717 0.1301103234 0.5806025267
v 49.56113434 -108.5918503 739.5842896
vn -0.6951972842 0.03908770531 0.7177554369
v 49.71599197 -108.6983414 739.7089844
vn -0.565282464 -0.04999021813 0.8233812451
v 49.88446808 -108.7968063 739.7941284
vn -0.4133093357 -0.1376963258 0.9001194835
v 50.08133316 -108.8957825 739.8468018
vn -0.2489143461 -0.2198311836 0.9432474971
v 50.29491425 -108.987442 739.8582153
vn -0.06795162708 -0.2971009612 0.9524251223
v 50.51695633 -109.0671005 739.824646
vn 0.118676424 -0.3639323711 0.9238339663
v 50.73513794 -109.1296234 739.7458496
vn 0.3025634885 -0.416713804 0.8572076559
v 50.93836975 -109.1716385 739.6253662
vn 0.4730072916 -0.452293843 0.7561047673
v 51.11493683 -109.1913071 739.4716797
vn 0.6214023829 -0.4694084227 0.6273075938
v 51.25710678 -109.1894913 739.2966309
vn 0.7412832379 -0.468691498 0.4804450274
v 51.36196518 -109.16922 739.1124268
vn 0.7925550342 -0.4596972764 0.4006680548
v 50.35026169 -111.5239029 738.3617554
vn 0.8628361225 -0.4511552155 0.2279755175
v 50.42163849 -111.4944229 738.1499023
vn 0.8899633288 -0.4354842603 0.1353469342
v 50.45480728 -111.4446411 737.9262085
vn 0.9179494977 -0.3928914964 -0.05481791124
v 50.4452858 -111.375206 737.699646
vn 0.9098938704 -0.3339593112 -0.2460982651
v 50.39153671 -111.2891388 737.4831543
vn 0.8645918369 -0.2608008683 -0.429492563
v 50.29580307 -111.1906128 737.2877197
vn 0.7844220996 -0.1775077432 -0.5942835808
v 50.16522598 -111.0859604 737.1245728
vn 0.675044477 -0.08900053799 -0.7323890924
v 50.01036453 -110.9817123 736.9998779
vn 0.5449627042 -0.0006123002386 -0.8384600878
v 49.84282684 -110.8833923 736.9153442
vn 0.3934661448 0.08797909319 -0.9151197076
v 49.64793015 -110.7824783 736.8637695
vn 0.230367139 0.1727020741 -0.9576559663
v 49.43733597 -110.6866455 736.8538818
vn 0.05141850188 0.2543088794 -0.9657552242
v 49.2192421 -110.6005936 736.8894043
vn -0.1326733381 0.3271751702 -0.9356036782
v 49.00579834 -110.5297241 736.9705811
vn -0.3135407567 0.3874192834 -0.8669478297
v 48.80785751 -110.4777985 737.09375
vn -0.4804668725 0.4314329028 -0.7635556459
v 48.63680267 -110.4473114 737.2501221
vn -0.6252944469 0.45750314 -0.6322165728
v 48.5000267 -110.4380875 737.4277954
vn -0.7417488098 0.4656737447 -0.482655853
v 48.40016937 -110.4477386 737.6144409
vn -0.8322020173 0.4569258392 -0.3140996099
v 48.32879257 -110.4772186 737.8262329
vn -0.891505003 0.4318822622 -0.1367352754
v 48.29562759 -110.5269928 738.0499878
vn -0.9195634127 0.3892940879 0.05341542512
v 48.30514908 -110.5964279 738.2765503
vn -0.9115819335 0.330355078 0.2447119504
v 48.35889816 -110.6825027 738.493042
vn -0.8663312197 0.2571776211 0.4281704426
v 48.45463181 -110.7810287 738.6883545
vn -0.786210537 0.1738843471 0.5929901004
v 48.58520508 -110.8856735 738.8516235
vn -0.6768152118 0.08533429354 0.7311903238
v 48.74006653 -110.9899292 738.9762573
vn -0.5467003584 -0.003082307754 0.8373226523
v 48.90760803 -111.0882492 739.06073
vn -0.3951542675 -0.09167752415 0.9140286446
v 49.10250473 -111.1891632 739.1124268
vn -0.2319931239 -0.1764097065 0.9565870762
v 49.31309891 -111.2849884 739.1223145
vn -0.0529678911 -0.2580187321 0.9646868706
v 49.53119278 -111.371048 739.086792
vn 0.1312430501 -0.3308957219 0.9344962835
v 49.74463654 -111.4419098 739.0056152
vn 0.3120651841 -0.3910988867 0.865827322
v 49.94257355 -111.4938354 738.8824463
vn 0.4790766835 -0.4351091087 0.762342155
v 50.1136322 -111.5243301 738.7260132
vn 0.6239104867 -0.4611549079 0.6309293509
v 50.25040817 -111.5335464 738.5483398
vn 0.7403069139 -0.4693048894 0.4813507795
v 50.35026169 -111.5239029 738.3617554
vn 0.7898040414 -0.4662515521 0.3985210955
v 49.32697678 -113.7525406 737.7841797
vn 0.8567415476 -0.4641015828 0.2249525338
v 49.39274597 -113.7348022 737.5702515
vn 0.8822488785 -0.4525586963 0.1297211647
v 49.42065811 -113.6964264 737.3446045
vn 0.905528903 -0.4195808172 -0.06300262362
v 49.40649796 -113.6375351 737.116394
vn 0.8931812644 -0.3693547845 -0.2565233409
v 49.34902191 -113.5604858 736.8985596
vn 0.8442236185 -0.3035532236 -0.4417487085
v 49.25067139 -113.4690018 736.7022705
vn 0.761289537 -0.2258525789 -0.607806623
v 49.11871338 -113.3690491 736.5386353
vn 0.6500564218 -0.140854463 -0.7467172742
v 48.96366501 -113.2670898 736.4141235
vn 0.5192319155 -0.05404063687 -0.8529230952
v 48.79698944 -113.1688614 736.3299561
vn 0.367877543 0.03490079194 -0.9292190671
v 48.60408401 -113.065834 736.2791138
vn 0.2057026327 0.1220238358 -0.9709771276
v 48.39661407 -112.965538 736.2705688
vn 0.02870833874 0.2080058157 -0.9777061939
v 48.182724 -112.8726883 736.3078003
vn -0.1524869353 0.2871602476 -0.9456673265
v 47.97436905 -112.7929688 736.3909912
vn -0.3295881748 0.3553821445 -0.8746857643
v 47.78216553 -112.7305527 736.5164185
vn -0.4921008945 0.4086050391 -0.7686862946
v 47.61712265 -112.6886215 736.6751099
vn -0.6321404576 0.4446046054 -0.6346063018
v 47.48626709 -112.6677628 736.8551025
vn -0.7437421679 0.4628123939 -0.4823404253
v 47.39193726 -112.6661987 737.0437622
vn -0.8292401433 0.4643707573 -0.3109993041
v 47.32616806 -112.6839447 737.2576904
vn -0.8838064075 0.4491601586 -0.1309250295
v 47.29825592 -112.7223206 737.4833374
vn -0.9071755409 0.4161889851 0.06180019304
v 47.31241608 -112.7812119 737.7116089
vn -0.8949015141 0.3659593463 0.2553918362
v 47.36989212 -112.8582611 737.9293823
vn -0.8459809422 0.3001537025 0.4407085776
v 47.46824265 -112.9497452 738.1256714
vn -0.7630509138 0.2224573493 0.6068492532
v 47.60020065 -113.0496979 738.2893066
vn -0.6518096328 0.1374932081 0.7458148599
v 47.75524902 -113.1516571 738.4138794
vn -0.5208764672 0.0506436266 0.8521284461
v 47.92192459 -113.2498856 738.4979858
vn -0.3693651557 -0.03833532333 0.9284932613
v 48.11483002 -113.3529129 738.5487061
vn -0.2071642727 -0.1254184097 0.9702335596
v 48.32229996 -113.4532013 738.557373
vn -0.03003269807 -0.2114242166 0.9769328833
v 48.53619003 -113.5460587 738.5201416
vn 0.1512001008 -0.2905680835 0.944832623
v 48.74454117 -113.6257782 738.4369507
vn 0.3282829523 -0.3587683141 0.8737937808
v 48.9367485 -113.6881943 738.3115845
vn 0.4907982051 -0.4119975567 0.7677077055
v 49.10179138 -113.7301254 738.1528931
vn 0.6308326721 -0.4480047524 0.6335155368
v 49.23264694 -113.7509842 737.9728394
vn 0.7423751354 -0.466212064 0.4811709523
v 49.32697678 -113.7525406 737.7841797
vn 0.789170146 -0.4675076604 0.3983052969
v 48.19134903 -116.0407486 737.3268433
vn 0.8480972052 -0.4811470807 0.2218751162
v 48.25100708 -116.0349045 737.1114502
vn 0.8714503646 -0.4739854932 0.1261429787
v 48.27329636 -116.007843 736.8844604
vn 0.8902099729 -0.4503827393 -0.06842201948
v 48.25429153 -115.9591141 736.6552124
vn 0.8738825917 -0.4084579647 -0.2636120617
v 48.19306183 -115.8904648 736.4366455
vn 0.8216828108 -0.349445194 -0.450250417
v 48.09225464 -115.8051376 736.2399902
vn 0.7364519238 -0.276632905 -0.6173433661
v 47.95923615 -115.7088242 736.076416
vn 0.6239769459 -0.1944606304 -0.7568604946
v 47.80447006 -115.6079941 735.9522095
vn 0.4927859306 -0.1083024368 -0.863384366
v 47.63920975 -115.5086746 735.8687134
vn 0.3421043754 -0.01810207963 -0.9394875765
v 47.44899368 -115.4022217 735.8189087
vn 0.1815227419 0.0721700266 -0.9807349443
v 47.24544525 -115.2961044 735.8115234
vn 0.007144322153 0.1633113325 -0.9865487218
v 47.03663635 -115.1951141 735.8503418
vn -0.1705345362 0.2495016009 -0.9532402158
v 46.83428955 -115.105278 735.9351807
vn -0.3433714807 0.3264029026 -0.8806572556
v 46.64871597 -115.0312805 736.0625
vn -0.5011606812 0.3894524872 -0.7727643251
v 46.49051285 -114.9770355 736.2230225
vn -0.6361295581 0.4358044863 -0.636721015
v 46.36629868 -114.9438934 736.4047241
vn -0.7427715063 0.46432814 -0.4823794067
v 46.27807999 -114.930748 736.5949097
vn -0.8232109547 0.476280421 -0.3089994192
v 46.21842194 -114.9365921 736.8104248
vn -0.8730237484 0.470842272 -0.1270317286
v 46.19613266 -114.9636536 737.0373535
vn -0.8918504715 0.4472575784 0.06755245477
v 46.2151413 -115.0123749 737.2666626
vn -0.8755713701 0.4053503573 0.262803793
v 46.276371 -115.0810318 737.4851685
vn -0.823374927 0.3463437259 0.4495550096
v 46.37717819 -115.1663589 737.6817627
vn -0.7381575704 0.2735606134 0.6166749597
v 46.51019287 -115.2626724 737.845459
vn -0.6255941391 0.1913684607 0.7563135028
v 46.66496277 -115.3635025 737.9696045
vn -0.4943633378 0.1052263603 0.862862885
v 46.83021927 -115.462822 738.0531616
vn -0.3435022235 0.0149592841 0.9390327334
v 47.02043915 -115.5692749 738.1029663
vn -0.1829479188 -0.07527150214 0.9802368283
v 47.22398376 -115.6753845 738.1102295
vn -0.008372390643 -0.1664904207 0.9860075116
v 47.43279266 -115.7763824 738.0714722
vn 0.1693535745 -0.2526934147 0.9526097775
v 47.63513947 -115.8662109 737.9865723
vn 0.3421397805 -0.3295712471 0.8799563646
v 47.82071304 -115.9402161 737.859314
vn 0.4998649657 -0.3926168382 0.7720019817
v 47.97891617 -115.9944611 737.6987915
vn 0.634790957 -0.438980341 0.6358747482
v 48.10313034 -116.0275955 737.5170898
vn 0.7413464189 -0.46748963 0.4815173447
v 48.19134903 -116.0407486 737.3268433
vn 0.7862375975 -0.4733135104 0.39724648
v 46.96865845 -118.3070831 737.0038452
vn 0.8375072479 -0.5004420877 0.219406724
v 47.02214432 -118.3123398 736.7876587
vn 0.8585389256 -0.4978040159 0.1228905395
v 47.03881836 -118.2956772 736.5600586
vn 0.8725683093 -0.4830166698 -0.0729342401
v 47.01505661 -118.2561188 736.3303833
vn 0.8521330953 -0.4487558603 -0.2692348659
v 46.95024109 -118.1948318 736.1116333
vn 0.796666801 -0.395845145 -0.4567588568
v 46.84721375 -118.1146698 735.9151001
vn 0.7092022896 -0.3272036612 -0.6244757175
v 46.71343231 -118.02108 735.751709
vn 0.5956258774 -0.2471467704 -0.7642959356
v 46.55926514 -117.9206009 735.6279297
vn 0.464394331 -0.1610827148 -0.8708560467
v 46.39575577 -117.8195572 735.545105
vn 0.314693749 -0.06898993999 -0.9466827512
v 46.20860291 -117.709137 735.4960327
vn 0.1561057866 0.02492181212 -0.9874258637
v 46.00936508 -117.5968246 735.4897461
vn -0.01531250961 0.1217117757 -0.9924473763
v 45.80602646 -117.4874954 735.529541
vn -0.1890148818 0.2152475566 -0.9580928087
v 45.61004639 -117.3875732 735.6156616
vn -0.3570638597 0.3009774089 -0.8842612505
v 45.431427 -117.3022079 735.7440796
vn -0.5095690489 0.3738622069 -0.7749622464
v 45.28032684 -117.2360535 735.9057617
vn -0.6390502453 0.4304884374 -0.6374123096
v 45.16294479 -117.1911926 736.0884399
vn -0.7402414083 0.4690765142 -0.4816740155
v 45.08095932 -117.1671066 736.279541
vn -0.8153040409 0.4910619855 -0.3068182468
v 45.02747345 -117.16185 736.4957275
vn -0.8600987196 0.4949502051 -0.1235090047
v 45.01079941 -117.1785202 736.7233276
vn -0.8741764426 0.4801891446 0.0723457858
v 45.03456116 -117.218071 736.9530029
vn -0.8537707329 0.4459500015 0.2687083185
v 45.09937668 -117.2793655 737.1716919
vn -0.7982947826 0.393060714 0.4563208818
v 45.20240402 -117.3595276 737.3682861
vn -0.7107967734 0.3244233727 0.6241132617
v 45.33618546 -117.4531174 737.5316772
vn -0.5971855521 0.2443754822 0.7639699578
v 45.49035263 -117.5535965 737.6553955
vn -0.4658646584 0.1582861543 0.8705834746
v 45.653862 -117.6546402 737.7382202
vn -0.3159909248 0.0661142692 0.9464558363
v 45.84101868 -117.7650528 737.7872314
vn -0.1574380547 -0.02776137553 0.9871385694
v 46.04025269 -117.8773651 737.7936401
vn 0.01396627445 -0.1245363802 0.9921167493
v 46.24359512 -117.9866943 737.7537231
vn 0.1878130436 -0.2181577533 0.9576708674
v 46.43957138 -118.0866241 737.6677246
vn 0.3557965159 -0.303878963 0.883779645
v 46.61819077 -118.1719818 737.5393066
vn 0.5083152652 -0.3767893612 0.7743676901
v 46.76929092 -118.2381363 737.3776245
vn 0.6376931071 -0.4333949685 0.6368016005
v 46.88667297 -118.2830048 737.1949463
vn 0.7388070226 -0.4719695747 0.4810497761
v 46.96865845 -118.3070831 737.0038452
vn 0.7812499404 -0.4825690389 0.3959490955
v 45.66055298 -120.5439758 736.8054199
vn 0.8264508843 -0.5190937519 0.2179921716
v 45.70801544 -120.5592346 736.5891113
vn 0.8449816108 -0.5209226608 0.1210194379
v 45.71925735 -120.551857 736.3615112
vn 0.8544425368 -0.5140289068 -0.07551319152
v 45.69094467 -120.5203934 736.1318359
vn 0.830082953 -0.4865712523 -0.2724164426
v 45.6227684 -120.4654694 735.913269
vn 0.7715421319 -0.4389908314 -0.460445255
v 45.51774979 -120.3896179 735.7171021
vn 0.682028234 -0.3738830984 -0.628529191
v 45.38341904 -120.2980804 735.5541382
vn 0.5675053 -0.2954519391 -0.7685348988
v 45.23005295 -120.1974945 735.4309082
vn 0.4363847375 -0.2091705054 -0.8751091957
v 45.06846619 -120.0944748 735.3485107
vn 0.2878227234 -0.1150312573 -0.9507501721
v 44.8845253 -119.9800262 735.3000488
vn 0.1314407438 -0.01761687547 -0.9911674857
v 44.68972778 -119.8616638 735.2942505
vn -0.03690809757 0.08459500223 -0.9957316518
v 44.49194717 -119.7443771 735.3347168
vn -0.2066771835 0.185151279 -0.9607307315
v 44.30237961 -119.6349487 735.4213867
vn -0.3698818386 0.2791361809 -0.8861548305
v 44.13071442 -119.5390015 735.550354
vn -0.5170228481 0.3611093462 -0.7760717869
v 43.98667526 -119.461853 735.7123413
vn -0.6410114765 0.4271955192 -0.6376584172
v 43.87604523 -119.4062424 735.8953857
vn -0.7368360758 0.4750228226 -0.4810674787
v 43.80018234 -119.3722153 736.086731
vn -0.806596756 0.5061070323 -0.3053805828
v 43.75272369 -119.3569565 736.3031006
vn -0.8464722037 0.5184298754 -0.12130633
v 43.74147797 -119.3643341 736.5307007
vn -0.8559349775 0.5115767121 0.07526328415
v 43.76979065 -119.3957977 736.7603149
vn -0.8315511346 0.4841434658 0.2722641826
v 43.83796692 -119.4507217 736.9787598
vn -0.7729862332 0.4365911186 0.4603047967
v 43.94298553 -119.5265732 737.1750488
vn -0.6833950281 0.3714702725 0.6284751892
v 44.07731628 -119.6181107 737.3380127
vn -0.5688326955 0.2930304408 0.7684806585
v 44.23068237 -119.7186966 737.4613037
vn -0.4377326071 0.2067597657 0.8750088811
v 44.39227295 -119.8217163 737.5437012
vn -0.2890369892 0.112529248 0.9506812096
v 44.57621002 -119.9361649 737.5921021
vn -0.1325102448 0.01499283686 0.991068244
v 44.77100754 -120.0545273 737.5979004
vn 0.03566325083 -0.08714567125 0.9955570102
v 44.96879196 -120.171814 737.5574341
vn 0.2054244131 -0.1877377629 0.9604974389
v 45.15835571 -120.2812424 737.4707642
vn 0.3685917854 -0.2817532718 0.885864079
v 45.3300209 -120.3771896 737.3417969
vn 0.5157060027 -0.3637441099 0.7757174373
v 45.47406006 -120.4543381 737.1797485
vn 0.6396602988 -0.4298146963 0.6372550726
v 45.58469391 -120.5099487 736.9966431
vn 0.7353923321 -0.4775917232 0.4807330072
v 45.66055298 -120.5439758 736.8054199
vn 0.7752007246 -0.4929474294 0.3950527012
v 44.28282928 -122.7381668 736.7192383
vn 0.8227953911 -0.5250025988 0.2176694572
v 44.32513809 -122.7613907 736.5032959
vn 0.8375929594 -0.5328633785 0.1203938723
v 44.33165741 -122.7615356 736.276062
vn 0.8431970477 -0.5321489573 -0.07639548182
v 44.29929733 -122.7367859 736.046936
vn 0.8153437972 -0.5102783442 -0.2735517025
v 44.22801208 -122.6873474 735.8288574
vn 0.7538850904 -0.4673808515 -0.4617492557
v 44.12099075 -122.615448 735.6331177
vn 0.6621603966 -0.4057739079 -0.6299929619
v 43.98584747 -122.5261612 735.47052
vn 0.5462942123 -0.3295379281 -0.7700437903
v 43.83280182 -122.4261322 735.3477173
vn 0.4146206975 -0.2440553457 -0.8766565323
v 43.67248917 -122.3221817 735.265564
vn 0.2663615644 -0.1492009014 -0.952255547
v 43.49090576 -122.2052307 735.2175293
vn 0.1108769774 -0.05011413246 -0.9925698042
v 43.29950714 -122.0827637 735.2119141
vn -0.0555562228 0.05500597507 -0.9969392419
v 43.10609436 -121.959816 735.2525024
vn -0.2227836549 0.1598198116 -0.9616782665
v 42.92166901 -121.8434372 735.3392334
vn -0.3827303648 0.259164989 -0.8867643476
v 42.75566101 -121.7395859 735.4680786
vn -0.5260542035 0.34726125 -0.776322484
v 42.61743546 -121.6540756 735.6299438
vn -0.6459192634 0.4199171364 -0.6375405192
v 42.51243591 -121.5901794 735.8127441
vn -0.7375870943 0.4743631482 -0.4805673063
v 42.44173813 -121.5483704 736.0038452
vn -0.8032153249 0.5119466186 -0.3045583367
v 42.39942932 -121.5251465 736.2198486
vn -0.8390305042 0.5306539536 -0.120142363
v 42.39291 -121.5250015 736.4469604
vn -0.8445496559 0.5299547315 0.07670667022
v 42.42527008 -121.5497513 736.6762085
vn -0.8165925145 0.5080921054 0.2738960981
v 42.49655533 -121.5991898 736.8942261
vn -0.7550132275 0.4651868641 0.4621214271
v 42.60357666 -121.6710815 737.0900269
vn -0.6632159352 0.4035853148 0.6302884221
v 42.73871994 -121.7603683 737.2525024
vn -0.5471863151 0.3272703588 0.7703773379
v 42.89176559 -121.8603973 737.3753052
vn -0.4156211615 0.2418542355 0.8767927885
v 43.05207825 -121.9643478 737.4574585
vn -0.2674124837 0.1470117718 0.9523015022
v 43.23366165 -122.0813065 737.5056152
vn -0.111855045 0.0478333123 0.9925726056
v 43.42506027 -122.2037735 737.5111084
vn 0.05449648947 -0.05731296912 0.9968677759
v 43.61847305 -122.3267136 737.47052
vn 0.2215167731 -0.1620691717 0.9615944624
v 43.80289841 -122.4430923 737.3838501
vn 0.3814234436 -0.2614472806 0.8866574764
v 43.9689064 -122.5469513 737.2550049
vn 0.5246685147 -0.349553287 0.7762315869
v 44.10713196 -122.6324539 737.0930786
vn 0.6444606185 -0.4221940935 0.6375128627
v 44.2121315 -122.6963501 736.9102783
vn 0.7360907197 -0.4766153395 0.4806331992
v 44.28282928 -122.7381668 736.7192383
vn 0.7721057534 -0.4980360568 0.3947312534
v 42.88897324 -124.9273453 736.7088013
vn 0.8313278556 -0.5114210844 0.2175832987
v 42.9291687 -124.9536285 736.4934082
vn 0.8432143331 -0.5239099264 0.120449014
v 42.93331528 -124.9574814 736.2668457
vn 0.846617043 -0.5266909003 -0.07639559358
v 42.89839554 -124.9369659 736.0383301
vn 0.8163583875 -0.5086104274 -0.2736319005
v 42.8245163 -124.892067 735.8209229
vn 0.7524280548 -0.4695935547 -0.4618808627
v 42.71498489 -124.8248062 735.6256714
vn 0.6583144665 -0.4117795825 -0.6301266551
v 42.57757187 -124.7399597 735.463623
vn 0.5402177572 -0.3389743865 -0.7702344656
v 42.42259979 -124.6439285 735.3410034
vn 0.4067260027 -0.2564877272 -0.8768055439
v 42.26076508 -124.543396 735.2591553
vn 0.2570718825 -0.1639463454 -0.9523841739
v 42.07793427 -124.4295654 735.2111816
vn 0.100248076 -0.06682209671 -0.9927160144
v 41.88569641 -124.3096313 735.2056274
vn -0.06711774319 0.03694144636 -0.9970609546
v 41.69192123 -124.1884842 735.2461548
vn -0.234641701 0.1409522742 -0.9618085623
v 41.50765991 -124.0730133 735.3325806
vn -0.3945546448 0.2403849363 -0.8868718743
v 41.34233856 -123.9691315 735.4611206
vn -0.537339747 0.3293314576 -0.7764062881
v 41.20526505 -123.8826904 735.6226196
vn -0.6561830044 0.4035285115 -0.6376430392
v 41.10176849 -123.8170853 735.8048706
vn -0.7465004325 0.4600869417 -0.4806840122
v 41.0328064 -123.7729874 735.9954224
vn -0.8105906248 0.5001085401 -0.3046872914
v 40.99260712 -123.7467041 736.2107544
vn -0.8445198536 0.5218461156 -0.1202615872
v 40.98846436 -123.7428513 736.4373779
vn -0.8478922248 0.5246046185 0.07660783082
v 41.02338028 -123.7633667 736.6658936
vn -0.8176042438 0.5065167546 0.2737957239
v 41.09726334 -123.8082581 736.8833008
vn -0.7536274791 0.467494756 0.4620544016
v 41.20679092 -123.8755264 737.0786133
vn -0.6594775915 0.409691304 0.6302716732
v 41.34420776 -123.9603729 737.2406006
vn -0.5412729383 0.3368521631 0.7704247236
v 41.49917984 -124.0563965 737.3631592
vn -0.4077793658 0.2543857694 0.8769286871
v 41.66101074 -124.1569366 737.4450073
vn -0.2581827343 0.1619049609 0.9524329305
v 41.84384537 -124.2707672 737.493042
vn -0.1014094949 0.06483532488 0.9927298427
v 42.03608322 -124.3907013 737.4985962
vn 0.06592705846 -0.03890575841 0.9970656633
v 42.22985458 -124.5118484 737.4581299
vn 0.2333762795 -0.1428897381 0.9618305564
v 42.41411591 -124.6273193 737.3717041
vn 0.3932876587 -0.2423346639 0.8869040012
v 42.57943726 -124.7312012 737.2431641
vn 0.5360786915 -0.3313241899 0.7764302492
v 42.71651459 -124.8176422 737.081665
vn 0.6548753381 -0.4055263698 0.6377198696
v 42.82001114 -124.8832474 736.899353
vn 0.7451995015 -0.4621152282 0.4807569385
v 42.88897324 -124.9273453 736.7088013
vn 0.7786142826 -0.4878109097 0.3947155178
v 41.54679871 -127.1406403 736.7299805
vn 0.8465800285 -0.4858947098 0.2172754705
v 41.58697891 -127.1667099 736.5151367
vn 0.8578503728 -0.499671936 0.1200859696
v 41.59051895 -127.171524 736.2891235
vn 0.8605668545 -0.5035191774 -0.07676637918
v 41.55438995 -127.1531982 736.0612183
vn 0.8290473223 -0.4874595702 -0.2739776075
v 41.47872162 -127.1116638 735.8442383
vn 0.7633285522 -0.4513379931 -0.4621942639
v 41.36692429 -127.0487671 735.6495972
vn 0.6669784188 -0.3971500397 -0.6304059029
v 41.22690964 -126.9690018 735.4879761
vn 0.5463401079 -0.3284476101 -0.7704769373
v 41.06918335 -126.8784103 735.3658447
vn 0.4101899266 -0.25028494 -0.8769844174
v 40.90460968 -126.7833252 735.2842407
vn 0.2578635812 -0.1622358859 -0.9524630904
v 40.71881104 -126.6754456 735.2363281
vn 0.09828666598 -0.06976815313 -0.9927095175
v 40.52358627 -126.5615463 735.230896
vn -0.0718685016 0.02931902744 -0.9969831109
v 40.32694244 -126.4462585 735.2713013
vn -0.2420908362 0.1289237589 -0.9616500139
v 40.14009094 -126.3361282 735.357605
vn -0.4043103456 0.2243231535 -0.8866860867
v 39.97259521 -126.2367859 735.4859009
vn -0.549108088 0.3100202978 -0.7761235237
v 39.83388138 -126.1538467 735.6470337
vn -0.6693511605 0.3817383051 -0.6373733878
v 39.72932434 -126.0905991 735.8288574
vn -0.7605491281 0.4367442131 -0.4804367721
v 39.65986252 -126.0477371 736.0189209
vn -0.825083971 0.4759928286 -0.3044130504
v 39.6196785 -126.0216675 736.2337646
vn -0.8588950038 0.4978923202 -0.1200109795
v 39.61613846 -126.0168533 736.4597778
vn -0.8616079092 0.5017253757 0.0768339932
v 39.65227127 -126.0351715 736.6876831
vn -0.8300898671 0.4856590629 0.2740183771
v 39.72793579 -126.0767059 736.904541
vn -0.7643848658 0.4495457411 0.4621951878
v 39.83973312 -126.1396027 737.0993042
vn -0.6680279374 0.3953610361 0.6304191947
v 39.97975159 -126.2193756 737.2609253
vn -0.5473930836 0.3266762793 0.7704825997
v 40.13747787 -126.309967 737.3830566
vn -0.41121158 0.2485191524 0.8770081401
v 40.30205154 -126.4050522 737.4646606
vn -0.2588881552 0.1604837626 0.9524819851
v 40.48785019 -126.5129318 737.5124512
vn -0.09940911084 0.06807113439 0.9927155375
v 40.68307114 -126.6268311 737.5180054
vn 0.07081621885 -0.03104108199 0.9970062971
v 40.87971878 -126.7421188 737.477478
vn 0.2409248352 -0.1305749565 0.9617200494
v 41.06657028 -126.8522491 737.3912964
vn 0.4032204449 -0.2260182947 0.8867519498
v 41.23406601 -126.9515915 737.2630005
vn 0.5480473638 -0.3117377758 0.7761853337
v 41.37277985 -127.0345306 737.1018677
vn 0.6682646275 -0.3834660351 0.6374764442
v 41.47733307 -127.0977783 736.9200439
vn 0.7594865561 -0.438495636 0.480522424
v 41.54679871 -127.1406403 736.7299805
vn 0.7926572561 -0.4648099244 0.3945201635
v 40.27180862 -129.4085846 736.7555542
vn 0.8622357845 -0.4576953053 0.2169434428
v 40.31283951 -129.4329224 736.5410767
vn 0.8740155101 -0.4708843827 0.1198530793
v 40.31660843 -129.4372864 736.3156128
vn 0.8768925071 -0.4744786024 -0.07700388134
v 40.2800293 -129.4199371 736.0881958
vn 0.8448905349 -0.4593160152 -0.2742057741
v 40.20323181 -129.3807983 735.8717651
vn 0.7780460715 -0.4252573848 -0.4623856544
v 40.08966827 -129.3216095 735.6774902
vn 0.6799634695 -0.3741663992 -0.6305943131
v 39.94737625 -129.2465973 735.5163574
vn 0.5571509004 -0.309425801 -0.7706092
v 39.78704453 -129.161438 735.3944092
vn 0.4185077548 -0.2357586324 -0.8770799041
v 39.61971664 -129.072113 735.3131104
vn 0.2633382976 -0.1526854485 -0.9525440335
v 39.43077087 -128.9707794 735.2654419
vn 0.1007309556 -0.06551323086 -0.9927543998
v 39.23221207 -128.8638306 735.2600708
vn -0.07253876328 0.02782676555 -0.9969773293
v 39.03217316 -128.7556 735.300415
vn -0.2459690422 0.1216904148 -0.9616083503
v 38.84206009 -128.6522522 735.3866577
vn -0.4113019705 0.2116143703 -0.8865946531
v 38.67160416 -128.5590515 735.5147095
vn -0.5588709712 0.292368412 -0.7760051489
v 38.53039551 -128.4812927 735.6754761
vn -0.6814771295 0.3599823713 -0.6371825337
v 38.42391205 -128.4220123 735.8570557
vn -0.7744613886 0.4118123353 -0.4802292883
v 38.3531189 -128.381897 736.0467529
vn -0.8402634859 0.4487695992 -0.3042418063
v 38.31208801 -128.3575592 736.2611084
vn -0.8748188019 0.4693962634 -0.1198300645
v 38.30831909 -128.3531952 736.4866943
vn -0.8776965141 0.4729901552 0.07700122148
v 38.34489822 -128.3705444 736.7141113
vn -0.8456966877 0.4578312933 0.2742035389
v 38.42169571 -128.4096985 736.9304199
vn -0.7788758874 0.4237769246 0.4623477757
v 38.53525925 -128.4688873 737.1246948
vn -0.6808258891 0.3727016151 0.6305311918
v 38.67754745 -128.5438995 737.2859497
vn -0.5580375791 0.3079646826 0.7705529332
v 38.837883 -128.6290436 737.4077759
vn -0.4194028974 0.2343018949 0.8770426512
v 39.00521088 -128.7183838 737.4891968
vn -0.2641621232 0.1512084156 0.9525514841
v 39.19415283 -128.8197174 737.5367432
vn -0.101657398 0.06408651173 0.9927530885
v 39.39271164 -128.9266663 737.5422363
vn 0.07159934938 -0.02925875224 0.9970042706
v 39.59275436 -129.0348969 737.50177
vn 0.2450383008 -0.1231176034 0.961664319
v 39.78286743 -129.1382446 737.4156494
vn 0.410330236 -0.2130201012 0.8867082596
v 39.95332336 -129.2314301 737.2875977
vn 0.5580144525 -0.2938281596 0.7760701776
v 40.09453201 -129.3092041 737.126709
vn 0.6806451678 -0.3614505231 0.6372406483
v 40.20101166 -129.3684692 736.9451294
vn 0.7736046314 -0.4132789969 0.480350256
v 40.27180862 -129.4085846 736.7555542
vn 0.8077378869 -0.4383164048 0.3942565322
v 39.07669449 -131.7127533 736.7730103
vn 0.8760746121 -0.4307096899 0.2167542726
v 39.11882782 -131.7347717 736.55896
vn 0.8886685967 -0.4426825643 0.1195838898
v 39.1231575 -131.7380371 736.3337402
vn 0.8919942975 -0.4453909397 -0.07728610188
v 39.08652115 -131.7209473 736.1067505
vn 0.8598515987 -0.43048051 -0.2744846046
v 39.00902939 -131.6834717 735.8908081
vn 0.7922518849 -0.3978467584 -0.4626606703
v 38.89415359 -131.6273041 735.6968384
vn 0.692861259 -0.3492967188 -0.63082093
v 38.75003815 -131.556427 735.5359497
vn 0.5682247281 -0.287989676 -0.7708324194
v 38.58751678 -131.4761963 735.4144287
vn 0.4274522364 -0.2184350789 -0.8772518039
v 38.41780472 -131.3921814 735.333252
vn 0.2697992325 -0.1401252449 -0.9526664019
v 38.2260704 -131.2970581 735.2857056
vn 0.1045589894 -0.0581253767 -0.9928186536
v 38.02447891 -131.1968079 735.2803955
vn -0.07168089598 0.0296091903 -0.9969880581
v 37.82128525 -131.0955505 735.3208008
vn -0.2480780333 0.117636919 -0.9615710378
v 37.6280632 -130.9990082 735.4068604
vn -0.4163543582 0.2018571794 -0.8865115643
v 37.4547081 -130.9121552 735.534729
vn -0.5666694641 0.2773659229 -0.7758568525
v 37.31097794 -130.839859 735.6953735
vn -0.6916091442 0.340405345 -0.6370251179
v 37.20246124 -130.7849884 735.8765869
vn -0.7865012288 0.3885910213 -0.4800133705
v 37.13015747 -130.7480927 736.065979
vn -0.8537433743 0.4227255285 -0.3040154874
v 37.08802414 -130.7260742 736.2799072
vn -0.8892644644 0.4414799809 -0.1195998043
v 37.08369446 -130.7227936 736.505127
vn -0.8925938606 0.444196403 0.07723832875
v 37.120327 -130.7398834 736.7321777
vn -0.8604623079 0.4292945564 0.2744280994
v 37.19782257 -130.777359 736.9480591
vn -0.7928626537 0.3966625035 0.4626312256
v 37.31269836 -130.8335419 737.1420288
vn -0.6935400367 0.3481363058 0.6307165027
v 37.45681 -130.9044189 737.3029175
vn -0.5688935518 0.2868254483 0.7707731724
v 37.61933136 -130.9846497 737.4244995
vn -0.4281639159 0.2172785997 0.8771919012
v 37.78904724 -131.0686493 737.5056763
vn -0.2705278695 0.1389603764 0.9526304007
v 37.98077774 -131.1637878 737.5531616
vn -0.1052715331 0.05694454536 0.992811799
v 38.18236923 -131.2640228 737.5585327
vn 0.07088336349 -0.03074732795 0.9970105886
v 38.38556671 -131.3652954 737.5180664
vn 0.2473261654 -0.1188018024 0.9616215229
v 38.57878876 -131.4618225 737.4320679
vn 0.4156256318 -0.2030363977 0.8865842223
v 38.75214386 -131.5486908 737.3041382
vn 0.5659040809 -0.2785234749 0.7760007977
v 38.89587402 -131.6209717 737.1436157
vn 0.690988481 -0.3416193724 0.6370487809
v 39.00439072 -131.6758423 736.9623413
vn 0.7858650684 -0.3897863925 0.480086118
v 39.07669449 -131.7127533 736.7730103
vn 0.8211051822 -0.4129136503 0.3940666914
v 37.95465851 -134.0522614 736.7764893
vn 0.8875995874 -0.4064440727 0.2167261243
v 37.99786758 -134.0718842 736.5628052
vn 0.9010270238 -0.4169741273 0.1195110306
v 38.00282288 -134.0738373 736.3379517
vn 0.9048925638 -0.4185508192 -0.07736077905
v 37.96629715 -134.0566406 736.1112671
vn 0.8727898002 -0.4035456777 -0.2745702267
v 37.8883667 -134.0203552 735.8955078
vn 0.8046985865 -0.371909529 -0.4627564251
v 37.77252197 -133.9666138 735.7019043
vn 0.704313755 -0.3253947198 -0.6309202909
v 37.62698746 -133.8992004 735.5413208
vn 0.5782818198 -0.2670423388 -0.7708946466
v 37.46271133 -133.8232117 735.4197998
vn 0.4358142912 -0.2011010498 -0.8772823215
v 37.29104996 -133.7438812 735.3387451
vn 0.276034385 -0.1270058453 -0.9527195692
v 37.09700394 -133.6542664 735.2913818
vn 0.1086059436 -0.04967709258 -0.9928428531
v 36.89286804 -133.5600586 735.2860107
vn -0.07011310011 0.03288074583 -0.9969969988
v 36.68698883 -133.4651031 735.326416
vn -0.2490990162 0.1155295968 -0.9615625739
v 36.49110031 -133.3748322 735.4124146
vn -0.4199759364 0.1944115311 -0.8864673376
v 36.31521988 -133.293869 735.5401001
vn -0.5726274848 0.264859736 -0.7758525014
v 36.16925812 -133.2267456 735.7004395
vn -0.6997212172 0.3235016167 -0.6369748116
v 36.05890656 -133.1761017 735.8814697
vn -0.7963343263 0.3680444956 -0.4799947143
v 35.9852066 -133.1423798 736.0705566
vn -0.8649644256 0.3993208706 -0.3039397001
v 35.94199753 -133.122757 736.2843018
vn -0.9014533758 0.4160498083 -0.119517073
v 35.93704224 -133.1208038 736.5091553
vn -0.9053196311 0.4176333547 0.07732260227
v 35.97356796 -133.1380005 736.7358398
vn -0.8732280135 0.4026382565 0.2745091617
v 36.05149841 -133.1742859 736.9515381
vn -0.8051525354 0.3710103929 0.4626885951
v 36.16733932 -133.2280273 737.1451416
vn -0.7048299909 0.3245213926 0.6307935715
v 36.31287766 -133.2954407 737.3058472
vn -0.5788224936 0.2661711872 0.7707901597
v 36.47715378 -133.3714294 737.4272461
vn -0.4362750053 0.2001883686 0.8772620559
v 36.64881516 -133.4507599 737.5083008
vn -0.2765796781 0.1261359602 0.9526769519
v 36.84286118 -133.5403748 737.5557251
vn -0.1091295406 0.04878681898 0.9928295612
v 37.04699707 -133.6345825 737.5610352
vn 0.06949850917 -0.03373923153 0.9970113635
v 37.25287628 -133.729538 737.5206909
vn 0.2484935224 -0.116396524 0.9616146684
v 37.4487648 -133.819809 737.4347534
vn 0.419398874 -0.1952903271 0.8865473866
v 37.62464523 -133.9007721 737.3069458
vn 0.5721096992 -0.265766263 0.7759245038
v 37.77060699 -133.9678955 737.1466064
vn 0.6992248297 -0.3244130909 0.6370563507
v 37.88095856 -134.0185394 736.9656372
vn 0.795912385 -0.3689807355 0.47997576
v 37.95465851 -134.0522614 736.7764893
vn 0.8322508931 -0.3900591731 0.3939698637
v 36.89675903 -136.4232941 736.7648315
vn 0.8947433829 -0.385043323 0.2262209058
v 36.94094849 -136.4405975 736.5512695
vn 0.9094025493 -0.3929738998 0.1362297982
v 36.94651031 -136.4411774 736.3266602
vn 0.9168722034 -0.3946149051 -0.06020319462
v 36.91016006 -136.4236908 736.1002197
vn 0.8880258799 -0.3806124926 -0.2579615712
v 36.83194733 -136.3882446 735.8847046
vn 0.8225716949 -0.350897789 -0.447489202
v 36.71537018 -136.3364563 735.6912231
vn 0.7238289714 -0.307010144 -0.6179128885
v 36.56870651 -136.2719879 735.5307617
vn 0.5982922316 -0.2517953515 -0.76068753
v 36.40301132 -136.1996155 735.4094849
vn 0.4551481903 -0.1892659068 -0.8700681329
v 36.22975159 -136.1243286 735.3284912
vn 0.2960753441 -0.1199553385 -0.947602272
v 36.03379059 -136.0395203 735.2810669
vn 0.1279842407 -0.04705864564 -0.9906591177
v 35.82752991 -135.9506378 735.2756958
vn -0.05234652758 0.03082178161 -0.9981532097
v 35.61939621 -135.8612976 735.31604
vn -0.2340017855 0.1089452282 -0.9661129117
v 35.42124557 -135.7766266 735.4018555
vn -0.4082276523 0.1835469306 -0.8942375183
v 35.24320984 -135.7009735 735.5294189
vn -0.564996779 0.2503284216 -0.7862024903
v 35.09532547 -135.6385651 735.6896362
vn -0.6965023279 0.3059567213 -0.6490569711
v 34.98336792 -135.5917969 735.8704224
vn -0.797342658 0.3481939733 -0.4929560125
v 34.90843201 -135.5610504 736.0593262
vn -0.869089365 0.37773633 -0.3193727732
v 34.86424255 -135.5437469 736.2728271
vn -0.9091263413 0.3936213553 -0.1362039745
v 34.85868073 -135.5431671 736.4974365
vn -0.9165635109 0.3953306377 0.060208451
v 34.89503098 -135.5606537 736.723877
vn -0.8877058625 0.3813750744 0.2579366565
v 34.97324371 -135.5960999 736.9393921
vn -0.8222473264 0.3516704738 0.4474787116
v 35.08982086 -135.6478729 737.1328125
vn -0.7235546708 0.3077642024 0.6178590655
v 35.23648453 -135.7123566 737.293335
vn -0.5981194377 0.2524914145 0.7605926991
v 35.40217972 -135.7847137 737.4146729
vn -0.4550314248 0.1898331046 0.8700056076
v 35.57543945 -135.8600159 737.4956665
vn -0.2959320247 0.1205318347 0.9475739002
v 35.77140045 -135.944809 737.5430298
vn -0.1277746409 0.04772666469 0.9906542301
v 35.97766113 -136.0337067 737.5484009
vn 0.05257334188 -0.03008408099 0.9981638193
v 36.18579483 -136.1230469 737.5081177
vn 0.2341683209 -0.1081425175 0.9661627412
v 36.38394547 -136.2077026 737.4221802
vn 0.4084120393 -0.1827439219 0.8943177462
v 36.5619812 -136.283371 737.2946777
vn 0.5652265549 -0.2495750487 0.7862768173
v 36.70986557 -136.3457794 737.1344604
vn 0.6966855526 -0.3052822053 0.6491779685
v 36.82182312 -136.3925476 736.9536743
vn 0.7975613475 -0.3476742506 0.4929691255
v 36.89675903 -136.4232941 736.7648315
vn 0.8445930481 -0.3688700497 0.3880689144
v 35.89674377 -138.8175507 736.7376099
vn 0.8904492259 -0.368021965 0.2676939368
v 35.94179535 -138.8327179 736.524292
vn 0.9186833501 -0.3770593107 0.1176740676
v 35.94790268 -138.8319855 736.2998047
vn 0.9230826497 -0.3762137294 -0.07988511026
v 35.91174316 -138.8141022 736.0734863
vn 0.8903963566 -0.3602027595 -0.2782954276
v 35.83332443 -138.7792816 735.8580933
vn 0.821515739 -0.3309847414 -0.4642854631
v 35.71616364 -138.7290955 735.6647949
vn 0.7187273502 -0.2866249681 -0.633464396
v 35.56858063 -138.6670685 735.5043335
vn 0.5896052122 -0.2318647802 -0.7736952901
v 35.40171051 -138.5977936 735.3830566
vn 0.443421185 -0.1705273837 -0.8799420595
v 35.22712326 -138.5259705 735.302063
vn 0.2847507894 -0.1037375554 -0.9529719353
v 35.02956009 -138.445343 735.2546387
vn 0.1133423299 -0.03312353417 -0.993003726
v 34.82151794 -138.3610687 735.2492676
vn -0.06922499835 0.04153723642 -0.9967359304
v 34.61148071 -138.2766418 735.2894897
vn -0.2532049716 0.1162436232 -0.9604033828
v 34.41141129 -138.1968994 735.3751831
vn -0.4255244732 0.1860157847 -0.8856224418
v 34.23154068 -138.125946 735.5025635
vn -0.5824713707 0.2489346117 -0.7737950087
v 34.08201218 -138.0677185 735.6626587
vn -0.7131597996 0.3007162809 -0.6332241297
v 33.96868134 -138.0244446 735.8433228
vn -0.8119623065 0.339166373 -0.475061506
v 33.89266968 -137.9963837 736.0321045
vn -0.8808740973 0.3639135957 -0.3027007282
v 33.8476181 -137.9812164 736.2454834
vn -0.9187301397 0.376953125 -0.117648989
v 33.84151077 -137.9819641 736.4699097
vn -0.9231217504 0.3761166632 0.0798908025
v 33.87767029 -137.9998322 736.696228
vn -0.8904464245 0.3601220846 0.2782395184
v 33.95608902 -138.034668 736.9116211
vn -0.82154423 0.3309211433 0.4642803669
v 34.07324982 -138.0848541 737.1049805
vn -0.7187628746 0.2865645885 0.6334514022
v 34.22083282 -138.1468811 737.2653809
vn -0.5895029902 0.2316993475 0.7738227248
v 34.38770294 -138.2161407 737.3866577
vn -0.443471998 0.1703970283 0.8799417019
v 34.56229019 -138.2879639 737.4675903
vn -0.2848324776 0.1035661846 0.9529661536
v 34.75984955 -138.3685913 737.5151367
vn -0.1136016846 0.03309926391 0.9929748774
v 34.96789551 -138.4528656 737.5204468
vn 0.06936988235 -0.04170190543 0.9967190027
v 35.17792892 -138.5372925 737.4802856
vn 0.252977252 -0.1162573546 0.9604617357
v 35.37800217 -138.6170349 737.3945312
vn 0.4254853725 -0.1860808581 0.8856275082
v 35.55786896 -138.6880035 737.2670288
vn 0.582585156 -0.2490848899 0.7736609578
v 35.70740128 -138.7462158 737.1070557
vn 0.7130109668 -0.3007664084 0.6333678961
v 35.82073212 -138.7894897 736.9263916
vn 0.8119734526 -0.3393239081 0.4749299288
v 35.89674377 -138.8175507 736.7376099
vn 0.8657875657 -0.3589932323 0.3486198187
v 34.94649124 -141.2335205 736.6958008
vn 0.9037835002 -0.3590449095 0.2329422683
v 34.99229813 -141.2467499 736.4824829
vn 0.923420012 -0.3642606735 0.1208704188
v 34.99889374 -141.244751 736.2581787
vn 0.9287443161 -0.3628137112 -0.07615886629
v 34.96291351 -141.2264404 736.0318604
vn 0.8914732933 -0.3440029025 -0.2948515117
v 34.88433838 -141.1920776 735.8164673
vn 0.8375559449 -0.3203948736 -0.4425462782
v 34.7666893 -141.1432037 735.62323
vn 0.7258972526 -0.2740032077 -0.6308687925
v 34.61832428 -141.083252 735.4627686
vn 0.5970448852 -0.2212569565 -0.771091938
v 34.45045471 -141.0166168 735.3414917
vn 0.450937897 -0.162351951 -0.8776655793
v 34.27472687 -140.9477997 735.260498
vn 0.2892008424 -0.09866318852 -0.952170372
v 34.07579041 -140.8707733 735.2129517
vn 0.1172864512 -0.0322307907 -0.9925749898
v 33.86620712 -140.7905426 735.2075195
vn -0.06675615162 0.03845300898 -0.9970280528
v 33.65453339 -140.7104034 735.2476807
vn -0.2736713588 0.1188710853 -0.9544494152
v 33.45280457 -140.6349945 735.333252
vn -0.4055484831 0.1685723364 -0.8983951211
v 33.27134705 -140.5681763 735.4606323
vn -0.5859300494 0.2339688689 -0.7758508921
v 33.12038803 -140.5136719 735.6206055
vn -0.7176505923 0.2823726535 -0.6365872622
v 33.00585556 -140.473526 735.8012085
vn -0.8178585172 0.3184858859 -0.4792433381
v 32.9289093 -140.4478912 735.9898682
vn -0.8885443211 0.3423114419 -0.30546996
v 32.88310242 -140.4346619 736.203125
vn -0.9276553988 0.3532739878 -0.1210495234
v 32.87650299 -140.4366608 736.4275513
vn -0.933193922 0.3512565196 0.07594684511
v 32.91248703 -140.4549713 736.6538086
vn -0.8930627108 0.3341862559 0.3012615442
v 32.99106216 -140.4893494 736.8691406
vn -0.843776226 0.3125408888 0.4363024533
v 33.10871124 -140.5382233 737.062439
vn -0.7304295897 0.2622918189 0.630615294
v 33.25707626 -140.598175 737.2228394
vn -0.6012688279 0.2102332264 0.7708941698
v 33.42494583 -140.6647949 737.3441772
vn -0.4549743533 0.1524286121 0.8773618937
v 33.60067368 -140.7336121 737.4252319
vn -0.293196559 0.08867640048 0.9519308209
v 33.79961014 -140.8106384 737.4726562
vn -0.1215110496 0.02121244371 0.9923633933
v 34.00918961 -140.8908844 737.4781494
vn 0.06231648102 -0.05000412837 0.9968029857
v 34.22086716 -140.9710083 737.4379272
vn 0.2700724602 -0.1278166175 0.9543184638
v 34.42259598 -141.0464172 737.352356
vn 0.4028981328 -0.1779277027 0.8977832794
v 34.6040535 -141.1132355 737.2249756
vn 0.5814022422 -0.2457006127 0.7756304741
v 34.75501251 -141.1677399 737.0650635
vn 0.713326633 -0.2933799326 0.6364694238
v 34.86954117 -141.207901 736.8845215
vn 0.81395787 -0.3284853995 0.4791345894
v 34.94649124 -141.2335205 736.6958008
vn 0.8586192131 -0.3437543213 0.3802709579
v 35.46128464 -140.0372009 736.505188
vn 0.9246371984 -0.3678757548 0.09855720401
v 35.92362595 -138.8269501 736.6339111
vn 0.9017661214 -0.3737486601 0.217094034
v 35.41584396 -140.0230255 736.7185059
vn 0.8892354965 -0.3558299243 0.2874809504
v 35.44293594 -140.0318756 736.6148071
vn 0.9070094228 -0.362110883 0.2149643153
v 35.2069664 -140.6362915 736.6039429
vn 0.9066281319 -0.3597217202 0.220512405
v 35.43040466 -140.0278625 736.6674805
vn 0.8956168294 -0.3591303825 0.2624802887
v 35.17977142 -140.6276855 736.7075806
vn 0.8911569715 -0.3509274721 0.2875571847
v 35.19438553 -140.6323853 736.6565552
vn 0.8957726359 -0.3536467254 0.269305408
v 35.41584396 -140.0230255 736.7185059
vn 0.8755197525 -0.3522690833 0.3307138383
v 35.86330414 -138.8053741 736.8322754
vn 0.8481921554 -0.3539919853 0.3940300941
v 35.33934784 -139.9962158 736.9072266
vn 0.801435113 -0.3255185485 0.5017364025
v 35.38217926 -140.0114288 736.8131714
vn 0.8540043831 -0.3441120684 0.3902094364
v 35.22539902 -140.6413727 736.4943237
vn 0.9269231558 -0.3620516658 0.09865122288
v 35.4532814 -140.0350037 736.5606689
vn 0.9154256582 -0.3654197156 0.1687135994
v 35.21735764 -140.6392975 736.5498047
vn 0.9162838459 -0.3599175811 0.175736323
v 35.46764374 -140.0358124 736.2807617
vn 0.9256706834 -0.3650060594 -0.0995208323
v 35.94994736 -138.8344421 736.4135742
vn 0.9242261648 -0.3811661899 0.02276805229
v 35.4695816 -140.0385437 736.3944702
vn 0.9280983806 -0.3681952655 0.05536847934
v 35.23188019 -140.6396942 736.2698975
vn 0.9280860424 -0.3588484824 -0.09941847622
v 35.469944 -140.0377045 736.3379517
vn 0.9295223355 -0.3677816391 -0.02692457847
v 35.23376846 -140.6425476 736.383667
vn 0.930332005 -0.3646190166 0.03918359801
v 35.23415375 -140.6416473 736.3270874
vn 0.9318258762 -0.3623789251 -0.01954600029
v 35.43157578 -140.0177307 736.0545044
vn 0.889293313 -0.347327292 -0.2975251377
v 35.93527222 -138.8252411 736.1864624
vn 0.9108795524 -0.3731551766 -0.1762205809
v 35.45508194 -140.0289154 736.1674805
vn 0.9210435748 -0.3621038795 -0.1433859617
v 35.19585419 -140.6214905 736.0435791
vn 0.8958969116 -0.3424437642 -0.2830211818
v 35.44470596 -140.0238647 736.1108398
vn 0.9068662524 -0.355514884 -0.2262801975
v 35.21934891 -140.6327057 736.1565552
vn 0.9202934504 -0.3571586609 -0.1596799791
v 35.20898438 -140.6276398 736.0999756
vn 0.9106220007 -0.3504776061 -0.218936041
v 35.35307693 -139.983139 735.8391724
vn 0.838879168 -0.325462997 -0.4362976253
v 35.87772751 -138.7987671 735.9638672
vn 0.8591993451 -0.3489064276 -0.3742202222
v 35.39754486 -140.0024567 735.9448853
vn 0.869048655 -0.3361839354 -0.362952888
v 35.23566055 -139.9336395 735.645813
vn 0.7422448397 -0.2836680114 -0.6071285009
v 35.77915955 -138.7559204 735.7578735
vn 0.7730467916 -0.3105497956 -0.553134203
v 35.29880524 -139.960083 735.7388916
vn 0.7662778497 -0.2940910161 -0.5712518692
v 35.06299591 -140.5640869 735.7280884
vn 0.7718747258 -0.2919074893 -0.5648003817
v 35.32711411 -139.9720612 735.788269
vn 0.8030826449 -0.3097322285 -0.5090425014
v 35.1173172 -140.5870209 735.8283081
vn 0.8365980983 -0.3159901202 -0.4474973083
v 35.09133148 -140.5759888 735.7773438
vn 0.8086955547 -0.3056440353 -0.5025865436
v 35.08767319 -139.8726959 735.4853516
vn 0.6161495447 -0.2313604355 -0.7528825402
v 35.64551544 -138.6992798 735.5799561
vn 0.6558598876 -0.2603916228 -0.708550632
v 35.16482925 -139.9043274 735.5609131
vn 0.6455251575 -0.2437488735 -0.7237981558
v 34.92886353 -140.5087585 735.5501099
vn 0.6520905495 -0.2424686551 -0.7183222771
v 35.2011261 -139.9193115 735.6022949
vn 0.6922161579 -0.2631022334 -0.6720223427
v 34.99978256 -140.5378418 735.6350098
vn 0.7412503362 -0.2759731114 -0.6118715405
v 34.96520615 -140.5236206 735.5913696
vn 0.6987677813 -0.2599159479 -0.6664587259
v 34.92028809 -139.8047943 735.3641357
vn 0.4713929296 -0.1722355932 -0.8649413586
v 35.48681641 -138.6330261 735.4385986
vn 0.516784668 -0.201651305 -0.8320278525
v 35.00566483 -139.839325 735.4196777
vn 0.5040829778 -0.1857639849 -0.8434406519
v 34.76947784 -140.4443359 735.4088135
vn 0.5110384226 -0.1852842271 -0.8393506408
v 35.04718399 -139.8561859 735.4512939
vn 0.557144165 -0.20743303 -0.8040907383
v 34.85160446 -140.4774017 735.4745483
vn 0.6141908765 -0.2239755243 -0.756706357
v 34.81105804 -140.4610443 735.4404297
vn 0.5641073585 -0.2050567269 -0.7998341322
v 34.74511337 -139.7345276 735.2831421
vn 0.2711689472 -0.09165643901 -0.9581578374
v 35.31470108 -138.5619354 735.3376465
vn 0.3686215878 -0.1398481727 -0.9189997911
v 34.83299255 -139.7696991 735.3187256
vn 0.3681354225 -0.1301723719 -0.9206147194
v 34.59653854 -140.3753967 735.3078613
vn 0.3739073277 -0.1315322518 -0.9180918336
v 34.87679291 -139.7872925 735.3400879
vn 0.4074457884 -0.1465260237 -0.9013978243
v 34.68397141 -140.410141 735.3532715
vn 0.4686323702 -0.1654777229 -0.8677561879
v 34.64041138 -140.392807 735.3292847
vn 0.4145367444 -0.1451040506 -0.8983897567
v 34.50851822 -140.3406219 735.2722778
vn 0.272248894 -0.08813751489 -0.9581817985
v 34.78904724 -139.7520905 735.2997437
vn 0.3306407928 -0.115518637 -0.936660111
v 34.55252457 -140.3579865 735.2888184
vn 0.3375248611 -0.114476338 -0.9343298078
v 34.54684067 -139.655777 735.2356567
vn 0.096981287 -0.02206163667 -0.9950416684
v 35.13113403 -138.4867249 735.2736206
vn 0.2040454745 -0.07151218504 -0.9763459563
v 34.64878464 -139.6961823 735.2546997
vn 0.2352282405 -0.07709198445 -0.9688779712
v 34.30990601 -140.2627411 735.2247925
vn 0.09807372093 -0.01979073696 -0.9949823618
v 34.59844971 -139.6762085 735.2438965
vn 0.162450701 -0.04796734452 -0.985550046
v 34.41202927 -140.3026886 735.2438354
vn 0.2209697664 -0.07094753534 -0.9726966619
v 34.3616066 -140.2829285 735.2330322
vn 0.1699152589 -0.0486792624 -0.9842556119
v 34.33800125 -139.5735779 735.2302246
vn -0.08685702831 0.0507366322 -0.9949279428
v 34.92699051 -138.403717 735.24646
vn 0.02569759451 0.002457313938 -0.9996667504
v 34.44388199 -139.6151581 735.227478
vn 0.05704704672 -0.006087687332 -0.9983529449
v 34.10069275 -140.1815338 735.2193604
vn -0.08646985143 0.05189769343 -0.9949017763
v 34.39121628 -139.5944519 735.227417
vn -0.01902028359 0.02423399314 -0.9995253682
v 34.20676804 -140.2226105 735.2165527
vn 0.04161261767 -0.001276322058 -0.9991329908
v 34.15400696 -140.2021484 735.2165527
vn -0.01228428446 0.02235974371 -0.999674499
v 34.12711716 -139.4913788 735.2703857
vn -0.2712134123 0.1230681911 -0.95461905
v 34.71637344 -138.3187256 735.2634277
vn -0.1583999395 0.07833394408 -0.9842628241
v 34.23244095 -139.5323334 735.2444458
vn -0.1278338581 0.06689417362 -0.9895371199
v 33.8894043 -140.1003876 735.2595215
vn -0.2647863328 0.1205035076 -0.9567481875
v 34.17964554 -139.5117798 735.2559814
vn -0.2049510926 0.09755229205 -0.9738986492
v 33.99493408 -140.1408081 735.2335205
vn -0.1440519542 0.07008037716 -0.9870855212
v 33.94203568 -140.1205139 735.2449951
vn -0.1983338743 0.09406743199 -0.9756100774
v 33.92619324 -139.4138794 735.3560791
vn -0.4006673694 0.1734459251 -0.899656713
v 34.5096817 -138.2359772 735.3267212
vn -0.3417406082 0.1530780792 -0.9272434711
v 34.02488708 -139.451828 735.3076172
vn -0.3329017162 0.145413205 -0.9316820502
v 33.74550247 -139.345047 735.4834595
vn -0.5600515604 0.2346482575 -0.7945328355
v 34.31823349 -138.1600494 735.4342041
vn -0.5075219274 0.2201554179 -0.8330384493
v 33.83259583 -139.3780975 735.4151001
vn -0.5267246962 0.2220301032 -0.8205264807
v 33.59428024 -139.9886932 735.4041138
vn -0.5225397348 0.2146185935 -0.8251612782
v 33.87866592 -139.3956757 735.3842773
vn -0.4683637023 0.2001303583 -0.8605715036
v 33.6880722 -140.0239563 735.3451538
vn -0.4031741619 0.1730964035 -0.8986034989
v 33.64044571 -140.006012 735.3734131
vn -0.4632841647 0.1948872805 -0.8645153046
v 33.59523392 -139.2887421 735.6434326
vn -0.6964942813 0.2863617837 -0.6579457521
v 34.15250397 -138.095047 735.5792236
vn -0.6519687772 0.2779865861 -0.705450356
v 33.66608429 -139.315155 735.5601196
vn -0.6690894365 0.276230216 -0.6899392605
v 33.42739487 -139.9267273 735.5491333
vn -0.6665295362 0.2680879533 -0.6956056952
v 33.70477295 -139.3296814 735.520874
vn -0.6203793287 0.2584080994 -0.7405097485
v 33.50699234 -139.9561462 735.4725342
vn -0.565700829 0.2340941876 -0.7906848192
v 33.46617126 -139.9410095 735.5098877
vn -0.6168856621 0.2523526251 -0.7454999685
v 33.4812851 -139.2470703 735.8240967
vn -0.801527977 0.3253232539 -0.501714766
v 34.02064514 -138.0441589 735.7512817
vn -0.7667404413 0.3232646883 -0.5546251535
v 33.53354263 -139.2660217 735.7320557
vn -0.7813217044 0.3181561232 -0.5369479656
v 33.29452896 -139.8784332 735.7210083
vn -0.7803244591 0.3095602393 -0.5433840156
v 33.56322098 -139.2769012 735.6871948
vn -0.7442871332 0.3051237166 -0.5940843225
v 33.35637665 -139.9007568 735.6325073
vn -0.7016251683 0.2841953635 -0.6534180045
v 33.32427979 -139.8891296 735.6761475
vn -0.7422515154 0.298366338 -0.6000335217
v 33.40478897 -139.2202606 736.0127563
vn -0.8894166946 0.3567878902 -0.2857277989
v 33.92610931 -138.0085602 735.937439
vn -0.8477289081 0.3550615311 -0.394064784
v 33.43845367 -139.2318573 735.9180908
vn -0.8540533781 0.3439077735 -0.3902823329
v 33.19917679 -139.8449554 735.9071655
vn -0.8551998138 0.3340556622 -0.3962828815
v 33.45870209 -139.2389984 735.8709717
vn -0.8354333043 0.3385638297 -0.4329269826
v 33.24213028 -139.859848 735.8131104
vn -0.8061224222 0.3217574954 -0.4966274202
v 33.21948242 -139.851944 735.8599854
vn -0.8351098299 0.3315080106 -0.4389693141
v 33.16540527 -139.8336334 736.00177
vn -0.8914492726 0.3516200185 -0.2857998312
v 33.42050171 -139.2256165 735.9655151
vn -0.868825376 0.3504179716 -0.3497851789
v 33.1811676 -139.8388672 735.9544067
vn -0.8691585064 0.3432437778 -0.3560156822
v 33.3593483 -139.2060852 736.2261353
vn -0.9247190952 0.3676688671 -0.09856083244
v 33.86578369 -137.9869995 736.1358032
vn -0.9013183117 0.3755222261 -0.2158896327
v 33.37769699 -139.2113953 736.1165161
vn -0.8997101188 0.3599137962 -0.2469489872
v 33.11977768 -139.8199463 736.2150269
vn -0.9269589782 0.3619609177 -0.09864769876
v 33.36735153 -139.2082672 736.1706543
vn -0.9152402878 0.3659096658 -0.1686574817
v 33.1382103 -139.8250427 736.1054077
vn -0.9071793556 0.3512068987 -0.2316879481
v 33.12782288 -139.8220215 736.1596069
vn -0.9169100523 0.3582856655 -0.1758046895
v 33.3529892 -139.2074585 736.4505615
vn -0.9257509708 0.3648032248 0.09951738268
v 33.83946228 -137.9795074 736.3562012
vn -0.9237025976 0.3824349642 -0.02273762971
v 33.35105133 -139.2047272 736.336792
vn -0.9281773567 0.3679948151 -0.05537674949
v 33.11329651 -139.8216248 736.4394531
vn -0.9281253815 0.3587523401 0.0993982181
v 33.35068893 -139.2055664 736.3933716
vn -0.9293152094 0.3683032691 0.02694313228
v 33.11141205 -139.8187714 736.3257446
vn -0.9331294894 0.357385397 -0.03930744529
v 33.11102295 -139.8196869 736.3823242
vn -0.9324923754 0.3606630862 0.0194976218
v 33.38905716 -139.2255554 736.6767578
vn -0.8893762231 0.3471178412 0.2975216806
v 33.85414124 -137.9886932 736.583252
vn -0.9103321433 0.3745059073 0.1761838943
v 33.36555099 -139.2143555 736.5637817
vn -0.9211215973 0.3619041443 0.1433889121
v 33.14932251 -139.8398285 736.6657715
vn -0.8918193579 0.3404961228 0.2978601456
v 33.37592697 -139.2194214 736.6204834
vn -0.9066556096 0.3560664356 0.2262571603
v 33.12582779 -139.8286133 736.5527954
vn -0.9232150912 0.3495948017 0.1595537066
v 33.13619614 -139.8336945 736.609436
vn -0.9113051295 0.3487072885 0.2189205587
v 33.467556 -139.2601318 736.8921509
vn -0.8389260173 0.3252339959 0.4363783002
v 33.91168213 -138.0151825 736.8058472
vn -0.8587116599 0.3500015438 0.3743169606
v 33.42308807 -139.2408295 736.786377
vn -0.870051384 0.3336325586 0.3629048169
v 33.58497238 -139.3096313 737.0854492
vn -0.7423117757 0.2834526002 0.6071472764
v 34.01025391 -138.0580139 737.0118408
vn -0.772587955 0.3118070662 0.5530679822
v 33.5218277 -139.2832031 736.9923706
vn -0.766376853 0.2938808799 0.5712272525
v 33.28218079 -139.8972321 736.9812622
vn -0.7742125392 0.2860060632 0.5646197796
v 33.49351883 -139.271225 736.9429932
vn -0.802932322 0.3103061616 0.5089300871
v 33.2278595 -139.8743134 736.8810425
vn -0.8437929749 0.3190092742 0.4315628707
v 33.25384521 -139.8853302 736.9318848
vn -0.8093917966 0.3038743734 0.5025388598
v 33.73295593 -139.370575 737.2459106
vn -0.6161468625 0.2311368734 0.7529534101
v 34.1438942 -138.1146545 737.1898193
vn -0.655321002 0.2615350485 0.708628118
v 33.65580368 -139.3389435 737.1703491
vn -0.6456182003 0.2435419559 0.7237848043
v 33.41631317 -139.9525604 737.1592407
vn -0.6543694139 0.236808911 0.7181380391
v 33.61950684 -139.3239594 737.1289673
vn -0.692058444 0.2636635303 0.6719647646
v 33.34539413 -139.9234924 737.0744019
vn -0.7411682606 0.2758190632 0.6120404601
v 33.37997055 -139.9376984 737.1179199
vn -0.6994681358 0.2581651807 0.6664046049
v 33.90034485 -139.4384766 737.3671875
vn -0.471483469 0.1720384061 0.8649312854
v 34.30259705 -138.1809082 737.3311157
vn -0.5164408684 0.202727735 0.8319797516
v 33.81496811 -139.4039612 737.3116455
vn -0.5041671991 0.1855503023 0.843437314
v 33.57569885 -140.0169983 737.3005371
vn -0.51308918 0.1800297499 0.8392429948
v 33.77344894 -139.387085 737.2800293
vn -0.5568863153 0.2078880519 0.8041518331
v 33.49357224 -139.9839325 737.2348633
vn -0.614189744 0.2239067107 0.7567276955
v 33.53412247 -140.0002899 737.2689209
vn -0.564457655 0.2033576965 0.8000207543
v 34.07551956 -139.5087433 737.4481812
vn -0.2712455988 0.09143850207 0.9581570029
v 34.47470856 -138.2520142 737.4320679
vn -0.3681907058 0.1409236044 0.919008255
v 33.98764038 -139.473587 737.4125977
vn -0.3680886626 0.129946202 0.9206653833
v 33.74863815 -140.0859222 737.4014893
vn -0.3768657446 0.1241635159 0.9179083109
v 33.94384003 -139.4559937 737.3911743
vn -0.4073552191 0.1469629556 0.9013676643
v 33.66120529 -140.051178 737.3560791
vn -0.4686748385 0.1654060483 0.8677469492
v 33.70476532 -140.068512 737.3800049
vn -0.4151034355 0.143626228 0.8983655572
v 33.83665848 -140.1207123 737.4371338
vn -0.2724976242 0.08814460784 0.9581103921
v 34.03158569 -139.4911804 737.4315186
vn -0.3305938244 0.1159287319 0.9366260171
v 33.79265213 -140.1033325 737.4205322
vn -0.3380404115 0.1131390259 0.9343062639
v 34.27379227 -139.5875092 737.4956665
vn -0.09706832469 0.02184032463 0.9950380325
v 34.6582756 -138.3272247 737.4960327
vn -0.2037180215 0.07275473326 0.9763225317
v 34.1718483 -139.5471039 737.4766235
vn -0.2353233397 0.07687648386 0.9688720107
v 34.03527069 -140.1985779 737.4846191
vn -0.09812015295 0.01970377751 0.9949795008
v 34.22218323 -139.5670776 737.4874268
vn -0.1624468267 0.04852037877 0.9855236411
v 33.93315125 -140.1586456 737.4655762
vn -0.2236267328 0.06407047063 0.9725667238
v 33.9835701 -140.1783905 737.4763794
vn -0.1705822498 0.0469991006 0.9842219353
v 34.48263168 -139.669693 737.5010986
vn 0.08677024394 -0.05094508454 0.9949249029
v 34.86242294 -138.4102325 737.5232544
vn -0.02509892173 -0.00123248552 0.9996842146
v 34.37675095 -139.6281281 737.5038452
vn -0.05713884905 0.005894092843 0.9983488321
v 34.24448395 -140.2797852 737.4900513
vn 0.08639461547 -0.05204326287 0.994900763
v 34.42941666 -139.648819 737.5039062
vn 0.01921992935 -0.02372654527 0.9995337129
v 34.13840866 -140.2387238 737.4928589
vn -0.04429296404 -0.005976724904 0.9990007281
v 34.19116974 -140.2591705 737.4928589
vn 0.01162985153 -0.02404375374 0.9996432662
v 34.69351578 -139.7519073 737.4608765
vn 0.271140486 -0.1232819632 0.9546121955
v 35.07303619 -138.495224 737.5061646
vn 0.1588486433 -0.07694518566 0.9843000174
v 34.58819199 -139.7109528 737.4868164
vn 0.1278572381 -0.06713586301 0.9895176888
v 34.4557724 -140.3609314 737.4498291
vn 0.2647546828 -0.1205915436 0.956745863
v 34.6409874 -139.7315063 737.4753418
vn 0.2050059289 -0.09692199528 0.9739500284
v 34.35024643 -140.3205109 737.4758301
vn 0.1411232948 -0.07767987251 0.9869397283
v 34.40314102 -140.3408051 737.4643555
vn 0.197630614 -0.09588148445 0.9755761623
v 34.8944397 -139.8294067 737.3751831
vn 0.4005738497 -0.1736572981 0.8996575475
v 35.27973175 -138.5779572 737.4429932
vn 0.342256397 -0.1519960463 0.9272312522
v 34.79574585 -139.7914429 737.423645
vn 0.3318835795 -0.1479654312 0.9316434264
v 35.07513046 -139.8982391 737.2478027
vn 0.5600760579 -0.2348867059 0.7944450974
v 35.47117996 -138.6539001 737.3355713
vn 0.5080283284 -0.2189401835 0.8330500722
v 34.98803711 -139.8651733 737.3161621
vn 0.5266315937 -0.2222228646 0.8205340505
v 34.75090027 -140.4726257 737.3052368
vn 0.520257771 -0.2204945832 0.8250539303
v 34.94196701 -139.8475952 737.3469849
vn 0.4685806334 -0.199578464 0.8605815768
v 34.65710449 -140.4373779 737.3641968
vn 0.4055703282 -0.1740736216 0.8973355293
v 34.70473099 -140.455307 737.3359375
vn 0.4626106322 -0.1966654807 0.8644732833
v 35.22539902 -139.9545441 737.0878296
vn 0.6963604093 -0.2865439951 0.6580081582
v 35.63690567 -138.7188873 737.1904297
vn 0.6523732543 -0.2767956555 0.7055446506
v 35.15454865 -139.9281311 737.1712036
vn 0.669005692 -0.2764427662 0.6899353266
v 34.91778183 -140.5346069 737.1602173
vn 0.6642488837 -0.2737481892 0.6955827475
v 35.11585999 -139.9136047 737.2104492
vn 0.6205871701 -0.2578902841 0.7405161858
v 34.83818436 -140.5051727 737.2368774
vn 0.5658987164 -0.2342217565 0.7905054092
v 34.87900543 -140.5203094 737.1994629
vn 0.6164240837 -0.2541407943 0.7452743053
v 35.76876831 -138.7697906 737.0184326
vn 0.7671595216 -0.3222222626 0.5546522141
v 35.2870903 -139.9772644 736.9992065
vn 0.7812270522 -0.3183520734 0.5369695425
v 35.05065155 -140.5828857 736.9883423
vn 0.7782088518 -0.3147911131 0.5434128642
v 35.25741196 -139.9663696 737.0440674
vn 0.7444653511 -0.3046379685 0.5941102505
v 34.98880005 -140.5605621 737.0769043
vn 0.7016060352 -0.2842915356 0.6533967257
v 35.02089691 -140.5721893 737.0331421
vn 0.7417652011 -0.300052464 0.5997940898
v 35.14600372 -140.6163635 736.8022461
vn 0.8523914814 -0.3415034115 0.3959850371
v 35.36193085 -140.0042877 736.8603516
vn 0.8356299996 -0.338167578 0.432856977
v 35.10304642 -140.6014709 736.8962402
vn 0.8060068488 -0.321821779 0.4967733026
v 35.12569427 -140.609375 736.8494263
vn 0.8345300555 -0.3329719901 0.4389637709
v 35.17977142 -140.6276855 736.7075806
vn 0.8775190115 -0.3471607864 0.3308168352
v 35.40013123 -140.0176697 736.7658081
vn 0.8689706326 -0.3500508368 0.349792093
v 35.16400909 -140.6224518 736.7548828
vn 0.8686898351 -0.3446442485 0.3558065295
v 34.94649124 -141.2335205 736.6958008
vn -0.3570806086 -0.9338845015 -0.01879150793
v 34.86954117 -141.207901 736.8845215
vn -0.3570842147 -0.9338829517 -0.01880127937
v 34.75501251 -141.1677399 737.0650635
vn -0.357087791 -0.9338818192 -0.01878990233
v 34.6040535 -141.1132355 737.2249756
vn -0.3570814729 -0.9338842034 -0.01879095286
v 34.42259598 -141.0464172 737.352356
vn -0.3570780754 -0.9338853359 -0.01880037785
v 34.22086716 -140.9710083 737.4379272
vn -0.3570700586 -0.9338884354 -0.01879841462
v 34.00918961 -140.8908844 737.4781494
vn -0.3570744395 -0.9338867068 -0.01880150102
v 33.79961014 -140.8106384 737.4726562
vn -0.3570941985 -0.9338791966 -0.01879715547
v 33.60067368 -140.7336121 737.4252319
vn -0.3570815921 -0.9338842034 -0.01878963783
v 33.42494583 -140.6647949 737.3441772
vn -0.3570574522 -0.933893621 -0.01877978817
v 33.25707626 -140.598175 737.2228394
vn -0.3570566475 -0.933893919 -0.01878050715
v 33.10871124 -140.5382233 737.062439
vn -0.3570681512 -0.933889389 -0.01878673956
v 32.99106216 -140.4893494 736.8691406
vn -0.3570804 -0.9338845611 -0.01879423112
v 32.91248703 -140.4549713 736.6538086
vn -0.3570820391 -0.933883965 -0.01879125088
v 32.87650299 -140.4366608 736.4275513
vn -0.3570819795 -0.9338838458 -0.01879887097
v 32.88310242 -140.4346619 736.203125
vn -0.3570874333 -0.9338818789 -0.0187937431
v 32.9289093 -140.4478912 735.9898682
vn -0.3570889831 -0.9338819981 -0.01875831559
v 33.00585556 -140.473526 735.8012085
vn -0.3570622206 -0.933891654 -0.01878832839
v 33.12038803 -140.5136719 735.6206055
vn -0.3570707738 -0.9338881373 -0.01879882626
v 33.27134705 -140.5681763 735.4606323
vn -0.3570795655 -0.9338849783 -0.01878842153
v 33.45280457 -140.6349945 735.333252
vn -0.3570766151 -0.933885932 -0.0187973287
v 33.65453339 -140.7104034 735.2476807
vn -0.357103616 -0.9338755608 -0.0188004896
v 33.86620712 -140.7905426 735.2075195
vn -0.3570744991 -0.9338869452 -0.01878803596
v 34.07579041 -140.8707733 735.2129517
vn -0.357057631 -0.9338930845 -0.01880386099
v 34.27472687 -140.9477997 735.260498
vn -0.3570827246 -0.933883667 -0.01879467629
v 34.45045471 -141.0166168 735.3414917
vn -0.3570833802 -0.9338831902 -0.01880490594
v 34.61832428 -141.083252 735.4627686
vn -0.3570814133 -0.9338842034 -0.0187917389
v 34.7666893 -141.1432037 735.62323
vn -0.3570681512 -0.933889389 -0.01878673956
v 34.88433838 -141.1920776 735.8164673
vn -0.3570665717 -0.9338904023 -0.01876717806
v 34.96291351 -141.2264404 736.0318604
vn -0.3570498228 -0.9338967204 -0.01876934431
v 34.99889374 -141.244751 736.2581787
vn -0.3570701778 -0.9338887334 -0.01878180727
v 34.99229813 -141.2467499 736.4824829
vn -0.3570892215 -0.9338812232 -0.0187934842
v 33.93769836 -140.8407135 736.3428345
vn -0.3570736349 -0.9338874221 -0.01878058724
v 33.76918411 -140.7871552 736.8839722
vn -0.3570729196 -0.9338876605 -0.01878249645
v 34.44209671 -141.0371094 736.5193481
vn -0.3570732176 -0.9338875413 -0.01878224127
v 34.27358246 -140.9835663 737.0604858
vn -0.3570741117 -0.9338870645 -0.01878774539
v 33.43330383 -140.6443024 736.1663818
vn -0.3570765853 -0.9338861704 -0.01878711022
v 33.26478958 -140.5907593 736.7074585
vn -0.3570665419 -0.9338899851 -0.0187872313
v 34.10621262 -140.8942566 735.8016357
vn -0.3570749462 -0.933886826 -0.01878564432
v 33.60181808 -140.6978455 735.6251221
vn -0.3570843339 -0.9338831306 -0.01878936589
v 34.61061096 -141.0906677 735.9781494
vn -0.3570725024 -0.9338880181 -0.01877188496
v 71.36813354 -16.75173569 760.2503662
vn -0.7151720524 -0.2613845766 0.6482337713
v 71.38692474 -16.75171089 760.2747803
vn -0.7020804286 -0.2630449533 0.6617329121
v 71.04628754 -16.75227356 759.7127686
vn -0.924893558 -0.1843229085 0.3325613141
v 71.04988861 -16.7522583 759.7270508
vn -0.9216043353 -0.1860589832 0.3406281769
v 70.96463776 -16.75266457 759.3204956
vn -0.9873498678 -0.1192575842 0.1044887453
v 70.96868896 -16.75258064 759.4042969
vn -0.9792489409 -0.1334473938 0.152523309
v 73.94789886 -19.19633865 759.2490845
vn 0.8300077319 -0.1612009406 0.5339488983
v 71.33316803 -18.70414543 757.5841064
vn -0.8298920989 0.1512879282 -0.5370205045
v 71.52206421 -18.62946129 757.3635254
vn -0.7096783519 0.1985525489 -0.6759685874
v 72.34947205 -18.48035431 756.9478149
vn -0.1859716624 0.2933894098 -0.9377298355
v 72.66507721 -18.46697235 756.9237061
vn 0.01364999451 0.3022342324 -0.9531359673
v 73.25928497 -18.49651909 757.0476074
vn 0.3892942369 0.2845329344 -0.8760656714
v 73.50823975 -18.53395462 757.1769409
vn 0.5577241182 0.2596413493 -0.788371861
v 73.94073486 -18.65904427 757.5873413
vn 0.8300177455 0.1809239537 -0.5275766253
v 74.09153748 -18.74316025 757.8557129
vn 0.9248416424 0.1280790567 -0.3581392765
v 71.10691833 -18.8726902 758.0928345
vn -0.9776446223 0.04209331423 -0.2060077488
v 71.19857025 -18.78292465 757.8203125
vn -0.9209585786 0.09855416417 -0.3769911826
v 73.40383911 -16.88088226 760.4329224
vn 0.5554849505 -0.1982079744 0.8075581193
v 73.12096405 -16.94552612 760.5720825
vn 0.3785367906 -0.2388629168 0.8942340016
v 73.97622681 -16.7522316 759.7530518
vn 0.8759731054 -0.0645904243 0.4780158997
v 73.83772278 -16.75197029 760.0147095
vn 0.8274894357 -0.1002149805 0.5524655581
v 70.98664856 -16.75321579 758.7700195
vn -0.9770693183 -0.02017314732 -0.211963743
v 70.94872284 -16.7529068 759.0776978
vn -0.9964296222 -0.076813519 -0.03503760695
v 71.07665253 -16.75350761 758.477356
vn -0.9253525138 0.03621370718 -0.3773741424
v 70.98934174 -16.75323677 758.7487183
vn -0.9744620919 -0.01596881077 -0.223983556
v 71.20735168 -16.75376511 758.2199097
vn -0.8415541649 0.09108806401 -0.5324373841
v 71.08672333 -16.75354004 758.4460449
vn -0.9179245234 0.04230018333 -0.3944936693
v 71.38755035 -16.75400543 757.9805908
vn -0.7298284769 0.1428863555 -0.6685311198
v 71.22670746 -16.75380135 758.1836548
vn -0.8270193934 0.09853410721 -0.55347085
v 71.61621857 -16.75421333 757.7710571
vn -0.5884568691 0.1909001619 -0.7856689095
v 71.42105865 -16.75404739 757.9382935
vn -0.7070638537 0.1510553956 -0.6908277273
v 71.66631317 -16.7542572 757.7281494
vn -0.55529809 0.1990995407 -0.8074672818
v 71.885849 -16.75437927 757.6062012
vn -0.4210386872 0.2322432101 -0.876806438
v 72.18358612 -16.75448608 757.4981689
vn -0.2346422523 0.2641913295 -0.9354923368
v 71.95204163 -16.75441551 757.569458
vn -0.378092438 0.2391584814 -0.8943429589
v 72.49538422 -16.75453186 757.4532471
vn -0.03880960494 0.2848912477 -0.9577738643
v 72.26187897 -16.75451088 757.473999
vn -0.1843411028 0.2686435282 -0.9454358816
v 72.80503845 -16.75451279 757.4729004
vn 0.1571310014 0.2936608791 -0.9429067373
v 72.58013153 -16.75453949 757.4456787
vn 0.01483567897 0.286157608 -0.9580677152
v 73.09893799 -16.75443077 757.5535889
vn 0.3418967426 0.2908276021 -0.8936027884
v 72.88903809 -16.75450325 757.4830322
vn 0.2100568116 0.291587621 -0.9331949353
v 73.36027527 -16.75430107 757.6844482
vn 0.5151024461 0.2773630619 -0.8110112548
v 73.1765213 -16.75440598 757.5796509
vn 0.389542371 0.2859120965 -0.8755061626
v 73.59999847 -16.75411415 757.871582
vn 0.6697960496 0.2536814213 -0.6978675127
v 73.42520905 -16.75426483 757.7214355
vn 0.5575079322 0.269895196 -0.7850741744
v 73.81051636 -16.7538681 758.1170044
vn 0.8034943342 0.2196409702 -0.5533124804
v 73.65689087 -16.75406456 757.9204102
vn 0.7037957907 0.2445102334 -0.6669979095
v 73.97386169 -16.75357246 758.4124146
vn 0.9077917933 0.1757346392 -0.3808299601
v 73.85455322 -16.75381279 758.1733398
vn 0.828933537 0.2091703862 -0.5187647939
v 74.07585907 -16.7532444 758.7412109
vn 0.9740791321 0.1241177544 -0.1891152859
v 74.00247192 -16.75351524 758.4697266
vn 0.9233722091 0.1651981324 -0.3465448618
v 74.10979462 -16.75290108 759.085144
vn 0.9976454973 0.06785143167 0.009980711155
v 74.08973694 -16.7531929 758.7926025
vn 0.9806165099 0.114712581 -0.1588467956
v 74.07600403 -16.75256157 759.4230347
vn 0.9785818458 0.009999730624 0.2056151778
v 74.11257935 -16.75285912 759.1256104
vn 0.9976112843 0.06051965803 0.03330347314
v 73.97622681 -16.7522316 759.7530518
vn 0.9505503774 -0.03259651735 0.3088551164
v 73.9806366 -16.75224686 759.7391968
vn 0.9518923759 -0.03089514934 0.3048710823
v 74.07269287 -16.75253487 759.4500122
vn 0.9752699733 0.005120660644 0.2209575176
v 73.77075195 -16.75188446 760.1002808
vn 0.789367795 -0.1176086143 0.6025502086
v 73.63658905 -16.75172234 760.2631836
vn 0.7054386139 -0.1499911845 0.6927185059
v 73.37332153 -16.75150681 760.4783325
vn 0.546213448 -0.1979517788 0.8139201403
v 73.38917542 -16.75151634 760.4697876
vn 0.5552003384 -0.1952080727 0.8084840178
v 73.07303619 -16.7513504 760.6351929
vn 0.3630227447 -0.2385936528 0.9007150531
v 73.09876251 -16.75135803 760.6274414
vn 0.3781410158 -0.2349712104 0.8954316974
v 72.75180817 -16.75126076 760.7250366
vn 0.1645969152 -0.2699071765 0.9487138391
v 72.78487396 -16.75126266 760.722168
vn 0.1844908744 -0.266248107 0.9460840821
v 72.42735291 -16.75123978 760.7456055
vn -0.03683157638 -0.2902299464 0.9562478662
v 72.46353912 -16.75123596 760.75
vn -0.01438488904 -0.2872585058 0.9577450752
v 72.11752319 -16.75128555 760.7004395
vn -0.2312026471 -0.2990286648 0.9258116484
v 72.15271759 -16.7512722 760.7122192
vn -0.2091838717 -0.2972458899 0.9316045046
v 71.83473969 -16.75138664 760.5983276
vn -0.4091350436 -0.2969015837 0.8628197908
v 71.86463165 -16.75136948 760.6154175
vn -0.388463825 -0.2963460982 0.8725106716
v 71.59081268 -16.75153351 760.4511719
vn -0.5731845498 -0.2841921449 0.76856637
v 71.61659241 -16.75151253 760.4734497
vn -0.5560468435 -0.2848617435 0.7808109522
v 33.85400391 -140.0910339 737.4391479
vn -0.2705845833 0.08756494522 0.9587055445
v 33.92690659 -139.4993744 737.3903809
vn -0.4079051018 0.1467269957 0.9011573792
v 33.92417145 -139.519455 737.3922119
vn -0.4043147862 0.1446770579 0.9031047225
v 33.89981842 -139.6985931 737.4085083
vn -0.3713188767 0.1278231144 0.9196649194
v 33.87615204 -139.889389 737.4243164
vn -0.3354405761 0.1141148731 0.9351242781
v 33.85573959 -140.0718231 737.4380493
vn -0.272397697 0.08840779215 0.9581145644
v 35.89848709 -138.8447266 736.0701904
vn 0.8899376392 -0.3596206307 -0.2805066407
v 35.41772079 -140.1713867 736.3920898
vn 0.9286118746 -0.3674175441 0.05181025714
v 35.25305557 -140.5677795 736.5023804
vn 0.9257770777 -0.3625581264 0.1071836948
v 34.93431473 -135.4686737 736.7158203
vn -0.8889222145 0.3829799294 0.2512839437
v 34.92178345 -135.5005646 736.7241821
vn -0.8873568177 0.3819068372 0.2583506107
v 35.42754364 -134.2721863 736.3855591
vn -0.9123861194 0.4078902006 -0.03430886939
v 35.86569977 -133.398407 736.0921631
vn -0.8709227443 0.3992863595 -0.2864679992
v 35.8992424 -133.3354797 736.0696411
vn -0.865316689 0.3976081908 -0.305179894
v 37.01002502 -134.2570038 735.3258667
vn 0.2435715944 -0.1094187498 -0.9636910558
v 36.92879105 -134.8196869 735.380249
vn 0.3767408133 -0.1665980816 -0.9112142324
v 36.81835938 -135.4189911 735.4542236
vn 0.4986710548 -0.2164131403 -0.839340508
v 36.68037033 -136.0581512 735.5465698
vn 0.6089853048 -0.2589874566 -0.7497081757
v 36.70209122 -135.9729309 735.5321045
vn 0.5957943201 -0.2537273765 -0.7620049715
v 36.01603317 -133.1564941 735.9914551
vn -0.8400132656 0.3879731297 -0.3792816401
v 36.18109131 -132.9206238 735.8809814
vn -0.7953033447 0.3702490032 -0.4800086021
v 36.69278717 -132.5046844 735.5383301
vn -0.5706654191 0.2690093517 -0.7758704424
v 36.45250702 -132.6345825 735.6992188
vn -0.6977316141 0.3277060091 -0.6370081306
v 37.02668381 -132.8889923 735.3146973
vn -0.2048185021 0.09406582266 -0.9742694497
v 36.88366699 -132.5545197 735.4105225
vn -0.418728739 0.1969838589 -0.8864895105
v 35.32730103 -140.389801 736.4526367
vn 0.927629292 -0.3647003174 0.08060745895
v 37.06287384 -133.638504 735.2904663
vn 0.0789404884 -0.03597203642 -0.9962301254
v 37.01164627 -132.7868805 735.3247681
vn -0.2488069385 0.1161328107 -0.9615655541
v 33.88767624 -139.7964478 737.416626
vn -0.3527441323 0.1213503703 0.9278177023
v 33.85797501 -140.0518799 737.4365234
vn -0.2789129019 0.09120320529 0.9559757113
v 33.971035 -139.2174835 737.3607788
vn -0.4795244336 0.1774834841 0.8593927622
v 35.66785049 -139.5121613 736.2246094
vn 0.922403276 -0.3683870733 -0.1160307527
v 35.43077087 -140.13797 736.3833618
vn 0.9290749431 -0.367379576 0.04303494841
v 35.26252747 -140.5462799 736.4959717
vn 0.9265657067 -0.3629693985 0.0986366868
v 37.07083893 -133.188385 735.2851562
vn -0.07035972923 0.03236624971 -0.9969964623
v 37.06958771 -133.2601013 735.2860107
vn -0.04706533253 0.02086442895 -0.9986738563
v 35.25397491 -134.6551971 736.501709
vn -0.9125389457 0.4035491347 0.0664890781
v 35.58440018 -133.9260254 736.2804565
vn -0.9040834904 0.4086462259 -0.1250653714
v 37.06218719 -133.7172546 735.2909546
vn 0.1042364314 -0.04748971388 -0.9934180975
v 37.06204987 -133.7326813 735.2910156
vn 0.1092437357 -0.0495913066 -0.9927771688
v 36.99505615 -134.4077759 735.3358765
vn 0.2816372812 -0.1250454783 -0.9513380527
v 36.87823486 -135.1339111 735.4141235
vn 0.4465091228 -0.1945870072 -0.8733644485
v 34.31076431 -140.9992523 737.1333618
vn -0.357075125 -0.9338866472 -0.01879089884
v 34.66005325 -141.1280975 736.8994751
vn -0.3570833802 -0.9338835478 -0.01878757775
v 36.21494293 -132.8849487 735.8582764
vn -0.7848426104 0.3653258979 -0.5005587935
v 36.51772308 -132.5993042 735.6555176
vn -0.6662329435 0.3122039437 -0.6772461534
v 36.9254837 -132.6305084 735.3825073
vn -0.3654959798 0.1701103002 -0.9151366949
v 36.75711441 -132.5214233 735.4952393
vn -0.5224023461 0.244766444 -0.816814065
v 34.25852585 -140.9799805 737.168335
vn -0.3570729494 -0.9338874817 -0.01879079267
v 34.93984222 -141.2312927 736.7120972
vn -0.3570809066 -0.9338843822 -0.01879235171
v 33.80383301 -140.8122559 737.4727783
vn -0.1178507209 0.01978445798 0.9928342104
v 34.56229019 -138.2879639 737.4675903
vn -0.2848324776 0.1035661846 0.9529661536
v 34.38770294 -138.2161407 737.3866577
vn -0.443471998 0.1703970283 0.8799417019
v 35.14972687 -140.799057 736.5715332
vn 0.9120182991 -0.3612935841 0.1941380054
v 33.95812225 -139.2935638 737.3694458
vn -0.468187362 0.1718529165 0.8667566776
v 34.03158188 -138.860672 737.3202515
vn -0.5096555948 0.1931944788 0.8384074569
v 35.89280701 -138.8624115 736.0739136
vn 0.8907745481 -0.3598820567 -0.2774988115
v 35.50250626 -139.9555664 736.3353271
vn 0.9291696548 -0.3683902323 -0.03053566068
v 34.55324554 -136.6698303 736.9709473
vn -0.8020898104 0.3349111676 0.4944556952
v 35.23648453 -135.7123566 737.293335
vn -0.5981194377 0.2524914145 0.7605926991
v 35.08982086 -135.6478729 737.1328125
vn -0.7235546708 0.3077642024 0.6178590655
v 36.62009811 -136.2945709 735.5869751
vn 0.6451640725 -0.2723599672 -0.7138510942
v 36.43453217 -137.0622253 735.7112427
vn 0.739107728 -0.3082866669 -0.598898232
v 36.20059967 -137.8998871 735.8678589
vn 0.8219690323 -0.3383351862 -0.4581442773
v 34.22086716 -140.9710083 737.4379272
vn -0.3570700586 -0.9338884354 -0.01879841462
v 34.75501251 -141.1677399 737.0650635
vn -0.357087791 -0.9338818192 -0.01878990233
v 35.17977142 -140.6276855 736.7075806
vn 0.8775190115 -0.3471607864 0.3308168352
v 36.31287766 -133.2954407 737.3058472
vn -0.5788224936 0.2661711872 0.7707901597
v 36.16733932 -133.2280273 737.1451416
vn -0.7048299909 0.3245213926 0.6307935715
v 34.35024643 -140.3205109 737.4758301
vn 0.1411232948 -0.07767987251 0.9869397283
v 34.37675095 -139.6281281 737.5038452
vn -0.05713884905 0.005894092843 0.9983488321
v 34.03527069 -140.1985779 737.4846191
vn -0.09812015295 0.01970377751 0.9949795008
v 34.03158569 -139.4911804 737.4315186
vn -0.3305938244 0.1159287319 0.9366260171
v 34.07551956 -139.5087433 737.4481812
vn -0.2712455988 0.09143850207 0.9581570029
v 35.94994736 -138.8344421 736.4135742
vn 0.9242261648 -0.3811661899 0.02276805229
v 35.9852066 -133.1423798 736.0705566
vn -0.8649644256 0.3993208706 -0.3039397001
v 37.09700394 -133.6542664 735.2913818
vn 0.1086059436 -0.04967709258 -0.9928428531
v 35.19438553 -140.6323853 736.6565552
vn 0.8957726359 -0.3536467254 0.269305408
v 35.44293594 -140.0318756 736.6148071
vn 0.9070094228 -0.362110883 0.2149643153
v 34.22086716 -140.9710083 737.4379272
vn 0.2700724602 -0.1278166175 0.9543184638
v 35.92362595 -138.8269501 736.6339111
vn 0.9017661214 -0.3737486601 0.217094034
v 35.94179535 -138.8327179 736.524292
vn 0.9186833501 -0.3770593107 0.1176740676
v 35.40217972 -135.7847137 737.4146729
vn -0.4550314248 0.1898331046 0.8700056076
v 36.71537018 -136.3364563 735.6912231
vn 0.7238289714 -0.307010144 -0.6179128885
v 34.97324371 -135.5960999 736.9393921
vn -0.8222473264 0.3516704738 0.4474787116
v 36.94651031 -136.4411774 736.3266602
vn 0.9168722034 -0.3946149051 -0.06020319462
v 37.46271133 -133.8232117 735.4197998
vn 0.4358142912 -0.2011010498 -0.8772823215
v 37.29104996 -133.7438812 735.3387451
vn 0.276034385 -0.1270058453 -0.9527195692
v 35.93704224 -133.1208038 736.5091553
vn -0.9053196311 0.4176333547 0.07732260227
v 35.94199753 -133.122757 736.2843018
vn -0.9014533758 0.4160498083 -0.119517073
v 37.96629715 -134.0566406 736.1112671
vn 0.8727898002 -0.4035456777 -0.2745702267
v 37.120327 -130.7398834 736.7321777
vn -0.8604623079 0.4292945564 0.2744280994
v 38.00282288 -134.0738373 736.3379517
vn 0.9048925638 -0.4185508192 -0.07736077905
v 34.78730011 -141.1750336 736.814209
vn -0.3570820987 -0.9338838458 -0.01879761554
v 34.3572998 -141.0164185 737.1021729
vn -0.3570759892 -0.9338863492 -0.0187885575
v 33.80383301 -140.8122559 737.4727783
vn -0.357093811 -0.9338793755 -0.01879724301
v 34.41749191 -141.03862 737.0618286
vn -0.3570782244 -0.9338855147 -0.01878839172
v 33.80377579 -140.7998505 737.4728394
vn -0.1215548068 0.02131124027 0.9923559427
v 34.16618347 -140.9459229 737.2301636
vn -0.3570742607 -0.9338869452 -0.01879333332
v 33.96376801 -140.8712463 737.3657227
vn -0.3570741713 -0.9338868856 -0.01879790425
v 34.22083282 -138.1468811 737.2653809
vn -0.5895029902 0.2316993475 0.7738227248
v 34.93984222 -141.2312927 736.7120972
vn 0.8551644683 -0.3425970078 0.389000088
v 34.95868301 -141.1987457 736.6995239
vn 0.8589730859 -0.3437830806 0.3794448078
v 35.19306564 -140.7048645 736.5425415
vn 0.9171900749 -0.360439837 0.1698394865
v 33.83277512 -140.3322449 737.4533691
vn -0.2447817177 0.07154341042 0.9669350982
v 35.94790268 -138.8319855 736.2998047
vn 0.9230826497 -0.3762137294 -0.07988511026
v 33.85082245 -140.1262817 737.4412842
vn -0.2653776407 0.08462808281 0.9604232311
v 33.93391037 -139.4519958 737.3856812
vn -0.4222193658 0.1527685374 0.8935281634
v 35.22113419 -140.6402893 736.5237427
vn 0.9219765663 -0.3611925244 0.1396394521
v 34.98390198 -141.1477509 736.6825562
vn 0.9042010903 -0.3591457605 0.2311595082
v 34.05158997 -138.7530823 737.3068848
vn -0.5357896686 0.2052379698 0.8190279603
v 34.96295547 -141.1907654 736.6966553
vn 0.9029874206 -0.358509779 0.2368214577
v 34.96968079 -141.1772919 736.6921387
vn 0.9030883908 -0.3585614562 0.2363579571
v 35.46982193 -140.0379791 736.3571777
vn 0.9297446609 -0.3682031333 0.001148196752
v 34.10808945 -138.4594269 737.269043
vn -0.5814231038 0.2257529497 0.7816538811
v 34.11963654 -138.4007111 737.2612915
vn -0.5950856209 0.2316045016 0.7695664167
v 34.23460388 -137.8781128 737.1843262
vn -0.6622959971 0.2661416829 0.7003803253
v 35.7641983 -139.2432251 736.1600952
vn 0.9097727537 -0.3671217263 -0.1937398911
v 35.73653793 -139.3233948 736.1785889
vn 0.9152308106 -0.3686397076 -0.1626571715
v 34.34212875 -137.4402618 737.1123657
vn -0.7200803757 0.2921921611 0.6293711066
v 35.49316406 -139.9794922 736.3415527
vn 0.9293233752 -0.3684518337 -0.02452225797
v 35.57749939 -139.760437 736.2851562
vn 0.9251209497 -0.3675865233 -0.09503365308
v 36.91016006 -136.4236908 736.1002197
vn 0.8880258799 -0.3806124926 -0.2579615712
v 34.2162056 -137.9556732 737.1966553
vn -0.6516571045 0.2609853148 0.7122006416
v 34.17736053 -138.1286774 737.2226562
vn -0.6274219751 0.2488468289 0.7378461361
v 36.49814987 -136.8162079 735.6686401
vn 0.7108924389 -0.2979067862 -0.6370898485
v 34.42313385 -137.1362457 737.0581055
vn -0.7544250488 0.3105036616 0.5782994628
v 36.83194733 -136.3882446 735.8847046
vn 0.8225716949 -0.350897789 -0.447489202
v 34.90034866 -135.5630493 736.7385864
vn -0.8844079971 0.3798505366 0.2711754143
v 35.9086113 -138.8126984 736.0633545
vn 0.8879060745 -0.3593173027 -0.2872523367
v 34.61504364 -136.4548492 736.9295654
vn -0.8220666647 0.344391495 0.4534323812
v 34.6593895 -136.3113098 736.8999023
vn -0.8336085677 0.3514217436 0.4261449277
v 36.08261871 -138.2811737 735.9468994
vn 0.8518168926 -0.3495319188 -0.390173614
v 36.2755394 -137.6395721 735.817688
vn 0.7979139686 -0.3302011192 -0.5042821169
v 36.47393417 -136.9145813 735.6848145
vn 0.7226415277 -0.30210343 -0.6217095256
v 37.77252197 -133.9666138 735.7019043
vn 0.704313755 -0.3253947198 -0.6309202909
v 36.02767563 -138.4538116 735.9836426
vn 0.8642098308 -0.3538485765 -0.3576765656
v 36.94094849 -136.4405975 736.5512695
vn 0.9094025493 -0.3929738998 0.1362297982
v 34.86954117 -141.207901 736.8845215
vn -0.3570842147 -0.9338829517 -0.01880127937
v 34.00918961 -140.8908844 737.4781494
vn -0.3570744395 -0.9338867068 -0.01880150102
v 37.62698746 -133.8992004 735.5413208
vn 0.5782818198 -0.2670423388 -0.7708946466
v 35.12569427 -140.609375 736.8494263
vn 0.8345300555 -0.3329719901 0.4389637709
v 34.42259598 -141.0464172 737.352356
vn -0.3570780754 -0.9338853359 -0.01880037785
v 34.6040535 -141.1132355 737.2249756
vn -0.3570814729 -0.9338842034 -0.01879095286
v 36.05149841 -133.1742859 736.9515381
vn -0.8051525354 0.3710103929 0.4626885951
v 35.16400909 -140.6224518 736.7548828
vn 0.8686898351 -0.3446442485 0.3558065295
v 35.40013123 -140.0176697 736.7658081
vn 0.8689706326 -0.3500508368 0.349792093
v 34.19116974 -140.2591705 737.4928589
vn 0.01162985153 -0.02404375374 0.9996432662
v 35.10304642 -140.6014709 736.8962402
vn 0.8060068488 -0.321821779 0.4967733026
v 35.97356796 -133.1380005 736.7358398
vn -0.8732280135 0.4026382565 0.2745091617
v 35.36193085 -140.0042877 736.8603516
vn 0.8356299996 -0.338167578 0.432856977
v 33.9835701 -140.1783905 737.4763794
vn -0.1705822498 0.0469991006 0.9842219353
v 35.14600372 -140.6163635 736.8022461
vn 0.8523914814 -0.3415034115 0.3959850371
v 35.05065155 -140.5828857 736.9883423
vn 0.7782088518 -0.3147911131 0.5434128642
v 34.1718483 -139.5471039 737.4766235
vn -0.2353233397 0.07687648386 0.9688720107
v 34.13840866 -140.2387238 737.4928589
vn -0.04429296404 -0.005976724904 0.9990007281
v 34.24448395 -140.2797852 737.4900513
vn 0.08639461547 -0.05204326287 0.994900763
v 33.94384003 -139.4559937 737.3911743
vn -0.4073552191 0.1469629556 0.9013676643
v 33.93315125 -140.1586456 737.4655762
vn -0.2236267328 0.06407047063 0.9725667238
v 34.22218323 -139.5670776 737.4874268
vn -0.1624468267 0.04852037877 0.9855236411
v 34.30259705 -138.1809082 737.3311157
vn -0.5164408684 0.202727735 0.8319797516
v 34.6582756 -138.3272247 737.4960327
vn -0.2037180215 0.07275473326 0.9763225317
v 34.27379227 -139.5875092 737.4956665
vn -0.09706832469 0.02184032463 0.9950380325
v 35.21735764 -140.6392975 736.5498047
vn 0.9162838459 -0.3599175811 0.175736323
v 33.98764038 -139.473587 737.4125977
vn -0.3680886626 0.129946202 0.9206653833
v 34.47470856 -138.2520142 737.4320679
vn -0.3681907058 0.1409236044 0.919008255
v 37.8883667 -134.0203552 735.8955078
vn 0.8046985865 -0.371909529 -0.4627564251
v 35.93527222 -138.8252411 736.1864624
vn 0.9108795524 -0.3731551766 -0.1762205809
v 35.4695816 -140.0385437 736.3944702
vn 0.9280983806 -0.3681952655 0.05536847934
v 35.17977142 -140.6276855 736.7075806
vn 0.8911569715 -0.3509274721 0.2875571847
v 35.4532814 -140.0350037 736.5606689
vn 0.9154256582 -0.3654197156 0.1687135994
v 37.08802414 -130.7260742 736.2799072
vn -0.8892644644 0.4414799809 -0.1195998043
v 37.08369446 -130.7227936 736.505127
vn -0.8925938606 0.444196403 0.07723832875
v 35.41584396 -140.0230255 736.7185059
vn 0.8892354965 -0.3558299243 0.2874809504
v 35.38217926 -140.0114288 736.8131714
vn 0.8540043831 -0.3441120684 0.3902094364
v 35.41584396 -140.0230255 736.7185059
vn 0.8755197525 -0.3522690833 0.3307138383
v 34.00918961 -140.8908844 737.4781494
vn 0.06231648102 -0.05000412837 0.9968029857
v 35.43040466 -140.0278625 736.6674805
vn 0.8956168294 -0.3591303825 0.2624802887
v 35.2069664 -140.6362915 736.6039429
vn 0.9066281319 -0.3597217202 0.220512405
v 35.46128464 -140.0372009 736.505188
vn 0.9246371984 -0.3678757548 0.09855720401
v 34.86954117 -141.207901 736.8845215
vn 0.81395787 -0.3284853995 0.4791345894
v 34.75501251 -141.1677399 737.0650635
vn 0.713326633 -0.2933799326 0.6364694238
v 74.20944977 -18.93264008 758.447998
vn 0.999819994 0.008425197564 0.01700106636
v 74.18241119 -18.8359375 758.147583
vn 0.9824725389 0.06944985688 -0.172986865
v 73.64545441 -16.80534172 760.2456055
vn 0.7071025968 -0.1507493109 0.6908549666
v 73.74105072 -18.58835793 757.3579102
vn 0.7044283152 0.2253813446 -0.6730408669
v 74.17414856 -19.02779388 758.7402954
vn 0.977784574 -0.05203832313 0.2030500919
v 72.97239685 -18.47290993 756.9588623
vn 0.2093356401 0.2988619208 -0.9310532212
v 72.04328918 -18.51323318 757.0327148
vn -0.3801038563 0.272257328 -0.8839666247
v 71.76213074 -18.56415558 757.1747437
vn -0.5576351881 0.2399107367 -0.7946608663
v 71.07161713 -18.96784401 758.3850708
vn -0.9996327162 -0.01842108555 -0.01987794228
v 71.0986557 -19.06454659 758.6855469
vn -0.9822072983 -0.07950290293 0.1701414436
v 71.19281769 -16.75196266 760.0222778
vn -0.8271156549 -0.2298471928 0.5128839612
v 71.18224335 -16.75198555 760.0004883
vn -0.8351110816 -0.2277330309 0.5007266402
v 70.97156525 -16.77550697 759.3994751
vn -0.9791243076 -0.1331299692 0.1535967141
v 71.21385193 -16.92560387 759.9730835
vn -0.8274016976 -0.2272447348 0.5135817528
v 71.06256866 -16.85642433 759.6976318
vn -0.9218125343 -0.1839898676 0.3411882222
v 71.41432953 -16.97928047 760.210083
vn -0.7023478746 -0.2608401477 0.6623215675
v 72.49563599 -17.02664948 760.6712646
vn -0.01405596454 -0.2904054821 0.9568004608
v 72.81299591 -16.99488449 760.6526489
vn 0.1849022806 -0.2701607645 0.944893837
v 71.64818573 -17.01575661 760.3981934
vn -0.5562062263 -0.2837185264 0.781113565
v 72.18667603 -17.03989792 760.6298218
vn -0.2090016007 -0.2990736663 0.9310603142
v 71.89833832 -17.035429 760.5343628
vn -0.3884645104 -0.2966611385 0.872403264
v 39.43077087 -128.9707794 735.2654419
vn 0.1007309556 -0.06551323086 -0.9927543998
v 37.82128525 -131.0955505 735.3208008
vn -0.2480780333 0.117636919 -0.9615710378
v 39.61971664 -129.072113 735.3131104
vn 0.2633382976 -0.1526854485 -0.9525440335
v 37.31097794 -130.839859 735.6953735
vn -0.6916091442 0.340405345 -0.6370251179
v 38.02447891 -131.1968079 735.2803955
vn -0.07168089598 0.0296091903 -0.9969880581
v 37.13015747 -130.7480927 736.065979
vn -0.8537433743 0.4227255285 -0.3040154874
v 38.67160416 -128.5590515 735.5147095
vn -0.5588709712 0.292368412 -0.7760051489
v 38.84206009 -128.6522522 735.3866577
vn -0.4113019705 0.2116143703 -0.8865946531
v 39.03217316 -128.7556 735.300415
vn -0.2459690422 0.1216904148 -0.9616083503
v 39.23221207 -128.8638306 735.2600708
vn -0.07253876328 0.02782676555 -0.9969773293
v 38.89415359 -131.6273041 735.6968384
vn 0.692861259 -0.3492967188 -0.63082093
v 38.58751678 -131.4761963 735.4144287
vn 0.4274522364 -0.2184350789 -0.8772518039
v 39.00902939 -131.6834717 735.8908081
vn 0.7922518849 -0.3978467584 -0.4626606703
v 38.75003815 -131.556427 735.5359497
vn 0.5682247281 -0.287989676 -0.7708324194
v 38.53039551 -128.4812927 735.6754761
vn -0.6814771295 0.3599823713 -0.6371825337
v 38.42391205 -128.4220123 735.8570557
vn -0.7744613886 0.4118123353 -0.4802292883
v 37.4547081 -130.9121552 735.534729
vn -0.5666694641 0.2773659229 -0.7758568525
v 37.20246124 -130.7849884 735.8765869
vn -0.7865012288 0.3885910213 -0.4800133705
v 38.2260704 -131.2970581 735.2857056
vn 0.1045589894 -0.0581253767 -0.9928186536
v 37.6280632 -130.9990082 735.4068604
vn -0.4163543582 0.2018571794 -0.8865115643
v 38.41780472 -131.3921814 735.333252
vn 0.2697992325 -0.1401252449 -0.9526664019
vt 0.05709972605 0.9905340075
vt 0.05638679862 0.9905340075
vt 0.05638679862 0.9825294614
vt 0.05781265348 0.9825294614
vt 0.05781265348 0.9905340075
vt 0.05569679663 0.9905340075
vt 0.05500679836 0.9905340075
vt 0.05500679836 0.9825294614
vt 0.05432792753 0.9905340075
vt 0.0536490567 0.9905340075
vt 0.0536490567 0.9825294614
vt 0.05297791213 0.9905340075
vt 0.05230676755 0.9905340075
vt 0.05230676755 0.9825294614
vt 0.05163562298 0.9905340075
vt 0.0509644784 0.9905340075
vt 0.0509644784 0.9825294614
vt 0.05029333383 0.9905340075
vt 0.04962218925 0.9905340075
vt 0.04962218925 0.9825294614
vt 0.04895104468 0.9905340075
vt 0.0482799001 0.9905340075
vt 0.0482799001 0.9825294614
vt 0.0476087518 0.9905340075
vt 0.04693761095 0.9905340075
vt 0.04693761095 0.9825294614
vt 0.0462246798 0.9905340075
vt 0.04551175237 0.9905340075
vt 0.04551175237 0.9825294614
vt 0.04482175037 0.9905340075
vt 0.04413174838 0.9905340075
vt 0.04413174838 0.9825294614
vt 0.04345288128 0.9905340075
vt 0.04277401045 0.9905340075
vt 0.04277401045 0.9825294614
vt 0.04210286587 0.9905340075
vt 0.0414317213 0.9905340075
vt 0.0414317213 0.9825294614
vt 0.04076057673 0.9905340075
vt 0.04008943215 0.9905340075
vt 0.04008943215 0.9825294614
vt 0.03941828758 0.9905340075
vt 0.038747143 0.9905340075
vt 0.038747143 0.9825294614
vt 0.03807599843 0.9905340075
vt 0.03740485385 0.9905340075
vt 0.03740485385 0.9825294614
vt 0.03673370928 0.9905340075
vt 0.0360625647 0.9905340075
vt 0.0360625647 0.9825294614
vt 0.03534963727 0.9905340075
vt 0.03463670611 0.9905340075
vt 0.03463670611 0.9825294614
vt 0.03394670412 0.9905340075
vt 0.03325670213 0.9905340075
vt 0.03325670213 0.9825294614
vt 0.03257783502 0.9905340075
vt 0.0318989642 0.9905340075
vt 0.0318989642 0.9825294614
vt 0.03122781962 0.9905340075
vt 0.03055667505 0.9905340075
vt 0.03055667505 0.9825294614
vt 0.02988553047 0.9905340075
vt 0.0292143859 0.9905340075
vt 0.0292143859 0.9825294614
vt 0.02854323946 0.9905340075
vt 0.02787209488 0.9905340075
vt 0.02787209488 0.9825294614
vt 0.02720095031 0.9905340075
vt 0.02652980573 0.9905340075
vt 0.02652980573 0.9825294614
vt 0.02585866116 0.9905340075
vt 0.02518751658 0.9905340075
vt 0.02518751658 0.9825294614
vt 0.02447458915 0.9905340075
vt 0.02376165986 0.9905340075
vt 0.02376165986 0.9825294614
vt 0.02307165973 0.9905340075
vt 0.02238165773 0.9905340075
vt 0.02238165773 0.9825294614
vt 0.02170278877 0.9905340075
vt 0.02102391794 0.9905340075
vt 0.02102391794 0.9825294614
vt 0.02035277337 0.9905340075
vt 0.01968162879 0.9905340075
vt 0.01968162879 0.9825294614
vt 0.01901048422 0.9905340075
vt 0.01833933964 0.9905340075
vt 0.01833933964 0.9825294614
vt 0.01766819321 0.9905340075
vt 0.01699704863 0.9905340075
vt 0.01699704863 0.9825294614
vt 0.01632590406 0.9905340075
vt 0.01565475948 0.9905340075
vt 0.01565475948 0.9825294614
vt 0.01498361584 0.9905340075
vt 0.01431247126 0.9905340075
vt 0.01431247126 0.9825294614
vt 0.05674326047 0.9945345521
vt 0.05638679862 0.9945345521
vt 0.05709972605 0.9945345521
vt 0.05745619163 0.9945345521
vt 0.05781265348 0.9945345521
vt 0.05535179749 0.9945345521
vt 0.05500679836 0.9945345521
vt 0.05569679663 0.9945345521
vt 0.05398849025 0.9945345521
vt 0.0536490567 0.9945345521
vt 0.05432792753 0.9945345521
vt 0.0519711934 0.9945345521
vt 0.05163562298 0.9945345521
vt 0.05230676755 0.9945345521
vt 0.05062890425 0.9945345521
vt 0.05029333383 0.9945345521
vt 0.0509644784 0.9945345521
vt 0.0492866151 0.9945345521
vt 0.04895104468 0.9945345521
vt 0.04962218925 0.9945345521
vt 0.04727318138 0.9945345521
vt 0.04693761095 0.9945345521
vt 0.0476087518 0.9945345521
vt 0.04794432595 0.9945345521
vt 0.0482799001 0.9945345521
vt 0.04586821795 0.9945345521
vt 0.04551175237 0.9945345521
vt 0.0462246798 0.9945345521
vt 0.04447675124 0.9945345521
vt 0.04413174838 0.9945345521
vt 0.04482175037 0.9945345521
vt 0.043113444 0.9945345521
vt 0.04277401045 0.9945345521
vt 0.04345288128 0.9945345521
vt 0.04109614715 0.9945345521
vt 0.04076057673 0.9945345521
vt 0.0414317213 0.9945345521
vt 0.039753858 0.9945345521
vt 0.03941828758 0.9945345521
vt 0.04008943215 0.9945345521
vt 0.03841156885 0.9945345521
vt 0.03807599843 0.9945345521
vt 0.038747143 0.9945345521
vt 0.03639813513 0.9945345521
vt 0.0360625647 0.9945345521
vt 0.03673370928 0.9945345521
vt 0.0370692797 0.9945345521
vt 0.03740485385 0.9945345521
vt 0.03499317169 0.9945345521
vt 0.03463670611 0.9945345521
vt 0.03534963727 0.9945345521
vt 0.03360170498 0.9945345521
vt 0.03325670213 0.9945345521
vt 0.03394670412 0.9945345521
vt 0.03223840147 0.9945345521
vt 0.0318989642 0.9945345521
vt 0.03257783502 0.9945345521
vt 0.03022110276 0.9945345521
vt 0.02988553047 0.9945345521
vt 0.03055667505 0.9945345521
vt 0.02887881175 0.9945345521
vt 0.02854323946 0.9945345521
vt 0.0292143859 0.9945345521
vt 0.0275365226 0.9945345521
vt 0.02720095031 0.9945345521
vt 0.02787209488 0.9945345521
vt 0.02552308887 0.9945345521
vt 0.02518751658 0.9945345521
vt 0.02585866116 0.9945345521
vt 0.02619423345 0.9945345521
vt 0.02652980573 0.9945345521
vt 0.02411812358 0.9945345521
vt 0.02376165986 0.9945345521
vt 0.02447458915 0.9945345521
vt 0.02272665687 0.9945345521
vt 0.02238165773 0.9945345521
vt 0.02307165973 0.9945345521
vt 0.02136335336 0.9945345521
vt 0.02102391794 0.9945345521
vt 0.02170278877 0.9945345521
vt 0.01934605651 0.9945345521
vt 0.01901048422 0.9945345521
vt 0.01968162879 0.9945345521
vt 0.01800376549 0.9945345521
vt 0.01766819321 0.9945345521
vt 0.01833933964 0.9945345521
vt 0.01666147634 0.9945345521
vt 0.01632590406 0.9945345521
vt 0.01699704863 0.9945345521
vt 0.01464804355 0.9945345521
vt 0.01431247126 0.9945345521
vt 0.01498361584 0.9945345521
vt 0.01531918813 0.9945345521
vt 0.01565475948 0.9945345521
vt 0.0536490567 0.996534884
vt 0.05297791213 0.9945345521
vt 0.05230676755 0.996534884
vt 0.0414317213 0.996534884
vt 0.04210286587 0.9945345521
vt 0.04277401045 0.996534884
vt 0.0318989642 0.996534884
vt 0.03122781962 0.9945345521
vt 0.03055667505 0.996534884
vt 0.05781265348 0.9985351562
vt 0.05745619163 0.996534884
vt 0.05781265348 0.996534884
vt 0.05638679862 0.9985351562
vt 0.05674326047 0.996534884
vt 0.05709972605 0.996534884
vt 0.05569679663 0.996534884
vt 0.05638679862 0.996534884
vt 0.05500679836 0.9985351562
vt 0.05500679836 0.996534884
vt 0.05535179749 0.996534884
vt 0.05432792753 0.996534884
vt 0.0536490567 0.9985351562
vt 0.05398849025 0.996534884
vt 0.05230676755 0.9985351562
vt 0.0519711934 0.996534884
vt 0.0509644784 0.9985351562
vt 0.0509644784 0.996534884
vt 0.05163562298 0.996534884
vt 0.05029333383 0.996534884
vt 0.05062890425 0.996534884
vt 0.04962218925 0.9985351562
vt 0.04962218925 0.996534884
vt 0.04895104468 0.996534884
vt 0.0492866151 0.996534884
vt 0.0482799001 0.9985351562
vt 0.04794432595 0.996534884
vt 0.0482799001 0.996534884
vt 0.04693761095 0.9985351562
vt 0.04727318138 0.996534884
vt 0.0476087518 0.996534884
vt 0.0462246798 0.996534884
vt 0.04693761095 0.996534884
vt 0.04551175237 0.9985351562
vt 0.04586821795 0.996534884
vt 0.04482175037 0.996534884
vt 0.04551175237 0.996534884
vt 0.04413174838 0.9985351562
vt 0.04413174838 0.996534884
vt 0.04447675124 0.996534884
vt 0.04277401045 0.9985351562
vt 0.043113444 0.996534884
vt 0.04345288128 0.996534884
vt 0.0414317213 0.9985351562
vt 0.04109614715 0.996534884
vt 0.04076057673 0.996534884
vt 0.04008943215 0.9985351562
vt 0.04008943215 0.996534884
vt 0.03941828758 0.996534884
vt 0.039753858 0.996534884
vt 0.038747143 0.9985351562
vt 0.03841156885 0.996534884
vt 0.038747143 0.996534884
vt 0.03740485385 0.9985351562
vt 0.03740485385 0.996534884
vt 0.03807599843 0.996534884
vt 0.03673370928 0.996534884
vt 0.0370692797 0.996534884
vt 0.0360625647 0.9985351562
vt 0.0360625647 0.996534884
vt 0.03639813513 0.996534884
vt 0.03534963727 0.996534884
vt 0.03463670611 0.9985351562
vt 0.03499317169 0.996534884
vt 0.03394670412 0.996534884
vt 0.03463670611 0.996534884
vt 0.03325670213 0.9985351562
vt 0.03325670213 0.996534884
vt 0.03360170498 0.996534884
vt 0.0318989642 0.9985351562
vt 0.03223840147 0.996534884
vt 0.03257783502 0.996534884
vt 0.03055667505 0.9985351562
vt 0.02988553047 0.996534884
vt 0.03022110276 0.996534884
vt 0.0292143859 0.9985351562
vt 0.0292143859 0.996534884
vt 0.02854323946 0.996534884
vt 0.02887881175 0.996534884
vt 0.02787209488 0.9985351562
vt 0.0275365226 0.996534884
vt 0.02787209488 0.996534884
vt 0.02652980573 0.9985351562
vt 0.02652980573 0.996534884
vt 0.02720095031 0.996534884
vt 0.02585866116 0.996534884
vt 0.02619423345 0.996534884
vt 0.02518751658 0.9985351562
vt 0.02552308887 0.996534884
vt 0.02102391794 0.996534884
vt 0.02035277337 0.9945345521
vt 0.01968162879 0.996534884
vt 0.02376165986 0.9985351562
vt 0.02411812358 0.996534884
vt 0.02447458915 0.996534884
vt 0.02518751658 0.996534884
vt 0.02376165986 0.996534884
vt 0.02307165973 0.996534884
vt 0.02238165773 0.9985351562
vt 0.02238165773 0.996534884
vt 0.02272665687 0.996534884
vt 0.02170278877 0.996534884
vt 0.02136335336 0.996534884
vt 0.02102391794 0.9985351562
vt 0.01968162879 0.9985351562
vt 0.01901048422 0.996534884
vt 0.01934605651 0.996534884
vt 0.01833933964 0.9985351562
vt 0.01800376549 0.996534884
vt 0.01833933964 0.996534884
vt 0.01699704863 0.9985351562
vt 0.01699704863 0.996534884
vt 0.01766819321 0.996534884
vt 0.01632590406 0.996534884
vt 0.01666147634 0.996534884
vt 0.01565475948 0.9985351562
vt 0.01565475948 0.996534884
vt 0.01531918813 0.996534884
vt 0.01498361584 0.996534884
vt 0.01431247126 0.996534884
vt 0.01464804355 0.996534884
vt 0.01431247126 0.9985351562
vt 0.005222470034 0.001740823383
vt 0.005364267156 0.0005528920447
vt 0.005917767528 0.0009942424949
vt 0.004107049201 5.663053889e-05
vt 0.004747049417 0.0002380962105
vt 0.003481646767 0.001740823383
vt 0.006370970048 0.001539052115
vt 0.005222470034 0.003481646767
vt 0.006899162196 0.002816476393
vt 0.006963293534 0.003481646767
vt 0.006702250801 0.002158932853
vt 0.006906663068 0.004107048735
vt 0.002158932621 0.0002610424417
vt 0.002816476161 6.413119991e-05
vt 0.001539051882 0.0005923232529
vt 0.001740823383 0.001740823383
vt 0.0009942423785 0.001045526122
vt 0.003481646767 0
vt 0.0005528921611 0.001599026262
vt 0.0002380961669 0.002216243884
vt 0.001740823383 0.003481646767
vt 5.663034972e-05 0.002856244333
vt 0.006725197192 0.004747049417
vt 0.005222470034 0.005222470034
vt 0.00480436068 0.006702251267
vt 0.003481646767 0.005222470034
vt 0.006410401314 0.005364267156
vt 0.005969050806 0.005917767528
vt 0.005424241535 0.006370970048
vt 0.00414681714 0.006899162196
vt 0.003481646767 0.006963293534
vt 0.002856244566 0.006906663068
vt 0.0002610423253 0.00480436068
vt 0.001740823383 0.005222470034
vt 0 0.003481646767
vt 6.413103984e-05 0.00414681714
vt 0.0005923234858 0.005424241535
vt 0.002216244116 0.006725197192
vt 0.001599026262 0.006410401314
vt 0.001045526122 0.005969051272
vt 0.0536490567 0.5882694721
vt 0.0536490567 0.5947152376
vt 0.05500679836 0.5947152376
vt 0.05781265348 0.587433517
vt 0.01968162879 0.5864949226
vt 0.01968162879 0.5870957971
vt 0.02787209675 0.5863561034
vt 0.02787209488 0.5870957971
vt 0.03325670213 0.9745086432
vt 0.03757213429 0.97350806
vt 0.03463670611 0.9745086432
vt 0.0360625647 0.9745086432
vt 0.04054123908 0.9718061686
vt 0.03911101446 0.9723321199
vt 0.02518751658 0.9945345521
vt 0.05083997175 0.9752526879
vt 0.04187005758 0.9718866944
vt 0.04413174838 0.9732459188
vt 0.04962218925 0.9755195379
vt 0.02552308887 0.9945345521
vt 0.04311884567 0.972469449
vt 0.0482799001 0.9664795995
vt 0.04551175237 0.9745086432
vt 0.05230676755 0.9745086432
vt 0.04962218925 0.9664795995
vt 0.0360625647 0.9664795995
vt 0.0509644784 0.9664795995
vt 0.038747143 0.9664795995
vt 0.03740485385 0.9664795995
vt 0.0414317213 0.9664795995
vt 0.05598474294 0.9953693151
vt 0.04008943215 0.9664795995
vt 0.05420956016 0.9919291139
vt 0.0536490567 0.9745086432
vt 0.04277401045 0.9664795995
vt 0.04693761095 0.9584339261
vt 0.01431247126 0.9945345521
vt 0.05500679836 0.9745086432
vt 0.05432792753 0.9921897054
vt 0.04413174838 0.9664795995
vt 0.001219020574 0.005782760214
vt 0.02376165986 0.9945345521
vt 0.04551175237 0.9664795995
vt 0.001634947024 0.006109468639
vt 0.02589247376 0.9963333011
vt 0.002074129181 0.006275995634
vt 0.0009203834925 0.005366607103
vt 0.02568662167 0.9955601096
vt 0.002216244116 0.006725197192
vt 0.00113971415 0.005052627996
vt 0.02518751658 0.9963750839
vt 0.0005923234858 0.005424241535
vt 0.003361318959 0.005546509288
vt 0.02708300948 0.9912370443
vt 0.0002610423253 0.00480436068
vt 0.05709972605 0.9945345521
vt 0.0318989642 0.9664795995
vt 0.01442848518 0.9985351562
vt 0.01498361584 0.996534884
vt 0.05563991889 0.9948643446
vt 0.03055667505 0.9745086432
vt 0.05709972605 0.9905340075
vt 0.01464804355 0.996534884
vt 0.01565475948 0.996534884
vt 0.05745619163 0.9945345521
vt 0.01531918813 0.996534884
vt 0.02170278877 0.996534884
vt 0.05669999495 0.9947773218
vt 0.02102391794 0.9985351562
vt 0.02376176789 0.9984998703
vt 0.0292143859 0.9745086432
vt 0.02238165773 0.996534884
vt 0.02457922697 0.9965348244
vt 0.03320551664 0.9748110175
vt 0.02307165973 0.996534884
vt 0.0577102676 0.9982478619
vt 0.03391204774 0.9787204862
vt 0.02411812358 0.996534884
vt 0.02652980573 0.9905340075
vt 0.03325670213 0.9664795995
vt 0.05690962821 0.9970682263
vt 0.05777930841 0.9983480573
vt 0.04416960105 0.9823094606
vt 0.0318989642 0.9745086432
vt 0.02720095031 0.9905340075
vt 0.05709972605 0.996534884
vt 0.02411812358 0.9945345521
vt 0.04583046585 0.9807366133
vt 0.05781265348 0.996534884
vt 0.02585866116 0.9945345521
vt 0.04916669428 0.9772304296
vt 0.02652980573 0.9940602779
vt 0.02447458915 0.9905340075
vt 0.04751887545 0.9790561199
vt 0.0414317213 0.5947152376
vt 0.04376792908 0.589137435
vt 0.04513420537 0.5891803503
vt 0.04277401045 0.5890612602
vt 0.04277401045 0.5947152376
vt 0.05230676755 0.5947152376
vt 0.04655051231 0.5891643763
vt 0.04693761095 0.5891437531
vt 0.04792734236 0.5890970826
vt 0.0482799001 0.5890657306
vt 0.05066359788 0.5888037086
vt 0.05096448213 0.5887539983
vt 0.04413174838 0.5891491175
vt 0.05484063551 0.5880282521
vt 0.04413174838 0.5947152376
vt 0.04551175237 0.5891751051
vt 0.04551175237 0.5947152376
vt 0.04929059371 0.5889780521
vt 0.04693761095 0.5947152376
vt 0.05627121031 0.587733984
vt 0.0482799001 0.5947152376
vt 0.05500679836 0.5879916549
vt 0.04962218925 0.588935554
vt 0.0509644784 0.5947152376
vt 0.05204549432 0.5885789394
vt 0.05230676383 0.5885277987
vt 0.05343416706 0.5883156061
vt 0.04962218925 0.5947152376
vt 0.0161128547 0.5870957971
vt 0.01841204241 0.5866845846
vt 0.05638679862 0.5947152376
vt 0.05638679862 0.5877094269
vt 0.01701209694 0.5869284868
vt 0.01699704863 0.5870957971
vt 0.01833933964 0.5870957971
vt 0.01833933964 0.586697638
vt 0.01979082637 0.5864781737
vt 0.02116260119 0.5863203406
vt 0.02238165773 0.5862306952
vt 0.02102391794 0.5863366127
vt 0.02376165986 0.5870957971
vt 0.02518751658 0.5861878991
vt 0.02518751658 0.5870957971
vt 0.022541143 0.5862183571
vt 0.02102391794 0.5870957971
vt 0.02534801513 0.5861879587
vt 0.02652980387 0.5862442255
vt 0.02667931281 0.586250186
vt 0.02393457294 0.5861750841
vt 0.03463670611 0.9664795995
vt 0.03662405908 0.9745086432
vt 0.038747143 0.9725167155
vt 0.03740485385 0.9736507535
vt 0.04008943215 0.9718481898
vt 0.0414317213 0.9717364311
vt 0.02720095031 0.9927574396
vt 0.02778752707 0.9915421605
vt 0.02736013383 0.9924317598
vt 0.04277401045 0.9722105861
vt 0.02787209488 0.991363883
vt 0.04431466758 0.9734443426
vt 0.0482799001 0.9745086432
vt 0.04528104141 0.9745086432
vt 0.04693761095 0.9745086432
vt 0.05230676755 0.9664795995
vt 0.03740485385 0.9584339261
vt 0.04962218925 0.9745086432
vt 0.0509644784 0.9745086432
vt 0.038747143 0.9584339261
vt 0.04008943215 0.9584339261
vt 0.0414317213 0.9584339261
vt 0.04277401045 0.9584339261
vt 0.05536848679 0.9943410754
vt 0.05569679663 0.9945345521
vt 0.05365657061 0.9906941652
vt 0.04413174838 0.9584339261
vt 0.05557911098 0.9945345521
vt 0.04551175237 0.9584339261
vt 0.001045526122 0.005969051272
vt 0.04693761095 0.9664795995
vt 0.003097636858 0.005678500514
vt 0.05500679836 0.993619442
vt 0.05532829091 0.9942619801
vt 0.001599026262 0.006410401314
vt 0.02860759944 0.9897663593
vt 0.001460781554 0.003731964389
vt 0.02791651525 0.9830592275
vt 6.810037303e-05 0.004160072189
vt 0.002856244566 0.006906663068
vt 0.02585866116 0.9905340075
vt 0.05638679862 0.9945345521
vt 0.00342759327 0.006958398968
vt 0.01699704863 0.9985351562
vt 0.01471050456 0.99664855
vt 0.01431247126 0.996534884
vt 0.05674326047 0.9945345521
vt 0.02652980573 0.9825294614
vt 0.01632590406 0.996534884
vt 0.01565475948 0.9985351562
vt 0.02272665687 0.996534884
vt 0.02373384126 0.9985350966
vt 0.02238165773 0.9985351562
vt 0.02376165986 0.996534884
vt 0.02447458915 0.996534884
vt 0.05670478567 0.996750772
vt 0.02468982711 0.9971387386
vt 0.03026396409 0.9860206246
vt 0.02787209488 0.9905340075
vt 0.05655420572 0.9965349436
vt 0.0292143859 0.9846466184
vt 0.05781265721 0.9983940125
vt 0.0292143859 0.9825294614
vt 0.05674326047 0.996534884
vt 0.05745619163 0.996534884
vt 0.02447458915 0.9945345521
vt 0.02518751658 0.9905340075
vt 0.02645320445 0.9945345521
vt 0.02619423345 0.9945345521
vt 0.03061577864 0.5867614746
vt 0.03055667505 0.5867517591
vt 0.03190555423 0.587020874
vt 0.0292143859 0.5870957971
vt 0.0292143859 0.5865266323
vt 0.03055667505 0.5870957971
vt 0.03224949539 0.5870957971
vt 0.02931280062 0.5865391493
vt 0.05009252578 0.982529521
vt 0.0310293939 0.9881674647
vt 0.0536490567 0.9825294614
vt 0.05082821101 0.9841547012
vt 0.05143429711 0.9881328344
vt 0.05230676755 0.9825294614
vt 0.05245087668 0.9842482209
vt 0.05358725414 0.9905340075
vt 0.05230676383 0.9854733944
vt 0.0509644784 0.9825294614
vt 0.05096447468 0.9885998964
vt 0.03055667505 0.9877151251
vt 0.05569679663 0.9905340075
vt 0.05500679836 0.9825294614
vt 0.05638679862 0.9905340075
vt 0.05307538435 0.9893714786
vt 0.03055667505 0.5947152376
vt 0.0292143859 0.5947152376
vt 0.02787209488 0.5947152376
vt 0.02652980573 0.5947152376
vt 0.02518751658 0.5947152376
vt 0.02376165986 0.5947152376
vt 0.02238165773 0.5947152376
vt 0.02102391794 0.5947152376
vt 0.01968162879 0.5947152376
vt 0.01833933964 0.5947152376
vt 0.01699704863 0.5947152376
vt 0.05638679862 0.6023890376
vt 0.05781265348 0.6023890376
vt 0.05500679836 0.6023890376
vt 0.0536490567 0.6023890376
vt 0.05230676755 0.6023890376
vt 0.0509644784 0.6023890376
vt 0.04962218925 0.6023890376
vt 0.0482799001 0.6023890376
vt 0.04693761095 0.6023890376
vt 0.04551175237 0.6023890376
vt 0.04413174838 0.6023890376
vt 0.04277401045 0.6023890376
vt 0.0414317213 0.6023890376
vt 0.04008943215 0.6023890376
vt 0.038747143 0.6023890376
vt 0.03740485385 0.6023890376
vt 0.0360625647 0.6023890376
vt 0.03463670611 0.6023890376
vt 0.03325670213 0.6023890376
vt 0.0318989642 0.6023890376
vt 0.03055667505 0.6023890376
vt 0.0292143859 0.6023890376
vt 0.02787209488 0.6023890376
vt 0.02652980573 0.6023890376
vt 0.02518751658 0.6023890376
vt 0.02376165986 0.6023890376
vt 0.02238165773 0.6023890376
vt 0.02102391794 0.6023890376
vt 0.01968162879 0.6023890376
vt 0.01833933964 0.6023890376
vt 0.01699704863 0.6023890376
vt 0.01565475948 0.6023890376
vt 0.01431247126 0.6023890376
vt 0.05638679862 0.6101382375
vt 0.05781265348 0.6101382375
vt 0.05500679836 0.6101382375
vt 0.0536490567 0.6101382375
vt 0.05230676755 0.6101382375
vt 0.0509644784 0.6101382375
vt 0.04962218925 0.6101382375
vt 0.0482799001 0.6101382375
vt 0.04693761095 0.6101382375
vt 0.04551175237 0.6101382375
vt 0.04413174838 0.6101382375
vt 0.04277401045 0.6101382375
vt 0.0414317213 0.6101382375
vt 0.04008943215 0.6101382375
vt 0.038747143 0.6101382375
vt 0.03740485385 0.6101382375
vt 0.0360625647 0.6101382375
vt 0.03463670611 0.6101382375
vt 0.03325670213 0.6101382375
vt 0.0318989642 0.6101382375
vt 0.03055667505 0.6101382375
vt 0.0292143859 0.6101382375
vt 0.02787209488 0.6101382375
vt 0.02652980573 0.6101382375
vt 0.02518751658 0.6101382375
vt 0.02376165986 0.6101382375
vt 0.02238165773 0.6101382375
vt 0.02102391794 0.6101382375
vt 0.01968162879 0.6101382375
vt 0.01833933964 0.6101382375
vt 0.01699704863 0.6101382375
vt 0.01565475948 0.6101382375
vt 0.01431247126 0.6101382375
vt 0.05638679862 0.6179775596
vt 0.05781265348 0.6179775596
vt 0.05500679836 0.6179775596
vt 0.0536490567 0.6179775596
vt 0.05230676755 0.6179775596
vt 0.0509644784 0.6179775596
vt 0.04962218925 0.6179775596
vt 0.0482799001 0.6179775596
vt 0.04693761095 0.6179775596
vt 0.04551175237 0.6179775596
vt 0.04413174838 0.6179775596
vt 0.04277401045 0.6179775596
vt 0.0414317213 0.6179775596
vt 0.04008943215 0.6179775596
vt 0.038747143 0.6179775596
vt 0.03740485385 0.6179775596
vt 0.0360625647 0.6179775596
vt 0.03463670611 0.6179775596
vt 0.03325670213 0.6179775596
vt 0.0318989642 0.6179775596
vt 0.03055667505 0.6179775596
vt 0.0292143859 0.6179775596
vt 0.02787209488 0.6179775596
vt 0.02652980573 0.6179775596
vt 0.02518751658 0.6179775596
vt 0.02376165986 0.6179775596
vt 0.02238165773 0.6179775596
vt 0.02102391794 0.6179775596
vt 0.01968162879 0.6179775596
vt 0.01833933964 0.6179775596
vt 0.01699704863 0.6179775596
vt 0.01565475948 0.6179775596
vt 0.01431247126 0.6179775596
vt 0.05638679862 0.625887394
vt 0.05781265348 0.625887394
vt 0.05500679836 0.625887394
vt 0.0536490567 0.625887394
vt 0.05230676755 0.625887394
vt 0.0509644784 0.625887394
vt 0.04962218925 0.625887394
vt 0.0482799001 0.625887394
vt 0.04693761095 0.625887394
vt 0.04551175237 0.625887394
vt 0.04413174838 0.625887394
vt 0.04277401045 0.625887394
vt 0.0414317213 0.625887394
vt 0.04008943215 0.625887394
vt 0.038747143 0.625887394
vt 0.03740485385 0.625887394
vt 0.0360625647 0.625887394
vt 0.03463670611 0.625887394
vt 0.03325670213 0.625887394
vt 0.0318989642 0.625887394
vt 0.03055667505 0.625887394
vt 0.0292143859 0.625887394
vt 0.02787209488 0.625887394
vt 0.02652980573 0.625887394
vt 0.02518751658 0.625887394
vt 0.02376165986 0.625887394
vt 0.02238165773 0.625887394
vt 0.02102391794 0.625887394
vt 0.01968162879 0.625887394
vt 0.01833933964 0.625887394
vt 0.01699704863 0.625887394
vt 0.01565475948 0.625887394
vt 0.01431247126 0.625887394
vt 0.05638679862 0.6338498592
vt 0.05781265348 0.6338498592
vt 0.05500679836 0.6338498592
vt 0.0536490567 0.6338498592
vt 0.05230676755 0.6338498592
vt 0.0509644784 0.6338498592
vt 0.04962218925 0.6338498592
vt 0.0482799001 0.6338498592
vt 0.04693761095 0.6338498592
vt 0.04551175237 0.6338498592
vt 0.04413174838 0.6338498592
vt 0.04277401045 0.6338498592
vt 0.0414317213 0.6338498592
vt 0.04008943215 0.6338498592
vt 0.038747143 0.6338498592
vt 0.03740485385 0.6338498592
vt 0.0360625647 0.6338498592
vt 0.03463670611 0.6338498592
vt 0.03325670213 0.6338498592
vt 0.0318989642 0.6338498592
vt 0.03055667505 0.6338498592
vt 0.0292143859 0.6338498592
vt 0.02787209488 0.6338498592
vt 0.02652980573 0.6338498592
vt 0.02518751658 0.6338498592
vt 0.02376165986 0.6338498592
vt 0.02238165773 0.6338498592
vt 0.02102391794 0.6338498592
vt 0.01968162879 0.6338498592
vt 0.01833933964 0.6338498592
vt 0.01699704863 0.6338498592
vt 0.01565475948 0.6338498592
vt 0.01431247126 0.6338498592
vt 0.05638679862 0.6418454647
vt 0.05781265348 0.6418454647
vt 0.05500679836 0.6418454647
vt 0.0536490567 0.6418454647
vt 0.05230676755 0.6418454647
vt 0.0509644784 0.6418454647
vt 0.04962218925 0.6418454647
vt 0.0482799001 0.6418454647
vt 0.04693761095 0.6418454647
vt 0.04551175237 0.6418454647
vt 0.04413174838 0.6418454647
vt 0.04277401045 0.6418454647
vt 0.0414317213 0.6418454647
vt 0.04008943215 0.6418454647
vt 0.038747143 0.6418454647
vt 0.03740485385 0.6418454647
vt 0.0360625647 0.6418454647
vt 0.03463670611 0.6418454647
vt 0.03325670213 0.6418454647
vt 0.0318989642 0.6418454647
vt 0.03055667505 0.6418454647
vt 0.0292143859 0.6418454647
vt 0.02787209488 0.6418454647
vt 0.02652980573 0.6418454647
vt 0.02518751658 0.6418454647
vt 0.02376165986 0.6418454647
vt 0.02238165773 0.6418454647
vt 0.02102391794 0.6418454647
vt 0.01968162879 0.6418454647
vt 0.01833933964 0.6418454647
vt 0.01699704863 0.6418454647
vt 0.01565475948 0.6418454647
vt 0.01431247126 0.6418454647
vt 0.05638679862 0.6498990059
vt 0.05781265348 0.6498990059
vt 0.05500679836 0.6498990059
vt 0.0536490567 0.6498990059
vt 0.05230676755 0.6498990059
vt 0.0509644784 0.6498990059
vt 0.04962218925 0.6498990059
vt 0.0482799001 0.6498990059
vt 0.04693761095 0.6498990059
vt 0.04551175237 0.6498990059
vt 0.04413174838 0.6498990059
vt 0.04277401045 0.6498990059
vt 0.0414317213 0.6498990059
vt 0.04008943215 0.6498990059
vt 0.038747143 0.6498990059
vt 0.03740485385 0.6498990059
vt 0.0360625647 0.6498990059
vt 0.03463670611 0.6498990059
vt 0.03325670213 0.6498990059
vt 0.0318989642 0.6498990059
vt 0.03055667505 0.6498990059
vt 0.0292143859 0.6498990059
vt 0.02787209488 0.6498990059
vt 0.02652980573 0.6498990059
vt 0.02518751658 0.6498990059
vt 0.02376165986 0.6498990059
vt 0.02238165773 0.6498990059
vt 0.02102391794 0.6498990059
vt 0.01968162879 0.6498990059
vt 0.01833933964 0.6498990059
vt 0.01699704863 0.6498990059
vt 0.01565475948 0.6498990059
vt 0.01431247126 0.6498990059
vt 0.05638679862 0.6579951048
vt 0.05781265348 0.6579951048
vt 0.05500679836 0.6579951048
vt 0.0536490567 0.6579951048
vt 0.05230676755 0.6579951048
vt 0.0509644784 0.6579951048
vt 0.04962218925 0.6579951048
vt 0.0482799001 0.6579951048
vt 0.04693761095 0.6579951048
vt 0.04551175237 0.6579951048
vt 0.04413174838 0.6579951048
vt 0.04277401045 0.6579951048
vt 0.0414317213 0.6579951048
vt 0.04008943215 0.6579951048
vt 0.038747143 0.6579951048
vt 0.03740485385 0.6579951048
vt 0.0360625647 0.6579951048
vt 0.03463670611 0.6579951048
vt 0.03325670213 0.6579951048
vt 0.0318989642 0.6579951048
vt 0.03055667505 0.6579951048
vt 0.0292143859 0.6579951048
vt 0.02787209488 0.6579951048
vt 0.02652980573 0.6579951048
vt 0.02518751658 0.6579951048
vt 0.02376165986 0.6579951048
vt 0.02238165773 0.6579951048
vt 0.02102391794 0.6579951048
vt 0.01968162879 0.6579951048
vt 0.01833933964 0.6579951048
vt 0.01699704863 0.6579951048
vt 0.01565475948 0.6579951048
vt 0.01431247126 0.6579951048
vt 0.05638679862 0.6660996079
vt 0.05781265348 0.6660996079
vt 0.05500679836 0.6660996079
vt 0.0536490567 0.6660996079
vt 0.05230676755 0.6660996079
vt 0.0509644784 0.6660996079
vt 0.04962218925 0.6660996079
vt 0.0482799001 0.6660996079
vt 0.04693761095 0.6660996079
vt 0.04551175237 0.6660996079
vt 0.04413174838 0.6660996079
vt 0.04277401045 0.6660996079
vt 0.0414317213 0.6660996079
vt 0.04008943215 0.6660996079
vt 0.038747143 0.6660996079
vt 0.03740485385 0.6660996079
vt 0.0360625647 0.6660996079
vt 0.03463670611 0.6660996079
vt 0.03325670213 0.6660996079
vt 0.0318989642 0.6660996079
vt 0.03055667505 0.6660996079
vt 0.0292143859 0.6660996079
vt 0.02787209488 0.6660996079
vt 0.02652980573 0.6660996079
vt 0.02518751658 0.6660996079
vt 0.02376165986 0.6660996079
vt 0.02238165773 0.6660996079
vt 0.02102391794 0.6660996079
vt 0.01968162879 0.6660996079
vt 0.01833933964 0.6660996079
vt 0.01699704863 0.6660996079
vt 0.01565475948 0.6660996079
vt 0.01431247126 0.6660996079
vt 0.05638679862 0.6740903854
vt 0.05781265348 0.6740903854
vt 0.05500679836 0.6740903854
vt 0.0536490567 0.6740903854
vt 0.05230676755 0.6740903854
vt 0.0509644784 0.6740903854
vt 0.04962218925 0.6740903854
vt 0.0482799001 0.6740903854
vt 0.04693761095 0.6740903854
vt 0.04551175237 0.6740903854
vt 0.04413174838 0.6740903854
vt 0.04277401045 0.6740903854
vt 0.0414317213 0.6740903854
vt 0.04008943215 0.6740903854
vt 0.038747143 0.6740903854
vt 0.03740485385 0.6740903854
vt 0.0360625647 0.6740903854
vt 0.03463670611 0.6740903854
vt 0.03325670213 0.6740903854
vt 0.0318989642 0.6740903854
vt 0.03055667505 0.6740903854
vt 0.0292143859 0.6740903854
vt 0.02787209488 0.6740903854
vt 0.02652980573 0.6740903854
vt 0.02518751658 0.6740903854
vt 0.02376165986 0.6740903854
vt 0.02238165773 0.6740903854
vt 0.02102391794 0.6740903854
vt 0.01968162879 0.6740903854
vt 0.01833933964 0.6740903854
vt 0.01699704863 0.6740903854
vt 0.01565475948 0.6740903854
vt 0.01431247126 0.6740903854
vt 0.05638679862 0.6819511652
vt 0.05781265348 0.6819511652
vt 0.05500679836 0.6819511652
vt 0.0536490567 0.6819511652
vt 0.05230676755 0.6819511652
vt 0.0509644784 0.6819511652
vt 0.04962218925 0.6819511652
vt 0.0482799001 0.6819511652
vt 0.04693761095 0.6819511652
vt 0.04551175237 0.6819511652
vt 0.04413174838 0.6819511652
vt 0.04277401045 0.6819511652
vt 0.0414317213 0.6819511652
vt 0.04008943215 0.6819511652
vt 0.038747143 0.6819511652
vt 0.03740485385 0.6819511652
vt 0.0360625647 0.6819511652
vt 0.03463670611 0.6819511652
vt 0.03325670213 0.6819511652
vt 0.0318989642 0.6819511652
vt 0.03055667505 0.6819511652
vt 0.0292143859 0.6819511652
vt 0.02787209488 0.6819511652
vt 0.02652980573 0.6819511652
vt 0.02518751658 0.6819511652
vt 0.02376165986 0.6819511652
vt 0.02238165773 0.6819511652
vt 0.02102391794 0.6819511652
vt 0.01968162879 0.6819511652
vt 0.01833933964 0.6819511652
vt 0.01699704863 0.6819511652
vt 0.01565475948 0.6819511652
vt 0.01431247126 0.6819511652
vt 0.05638679862 0.6897241473
vt 0.05781265348 0.6897241473
vt 0.05500679836 0.6897241473
vt 0.0536490567 0.6897241473
vt 0.05230676755 0.6897241473
vt 0.0509644784 0.6897241473
vt 0.04962218925 0.6897241473
vt 0.0482799001 0.6897241473
vt 0.04693761095 0.6897241473
vt 0.04551175237 0.6897241473
vt 0.04413174838 0.6897241473
vt 0.04277401045 0.6897241473
vt 0.0414317213 0.6897241473
vt 0.04008943215 0.6897241473
vt 0.038747143 0.6897241473
vt 0.03740485385 0.6897241473
vt 0.0360625647 0.6897241473
vt 0.03463670611 0.6897241473
vt 0.03325670213 0.6897241473
vt 0.0318989642 0.6897241473
vt 0.03055667505 0.6897241473
vt 0.0292143859 0.6897241473
vt 0.02787209488 0.6897241473
vt 0.02652980573 0.6897241473
vt 0.02518751658 0.6897241473
vt 0.02376165986 0.6897241473
vt 0.02238165773 0.6897241473
vt 0.02102391794 0.6897241473
vt 0.01968162879 0.6897241473
vt 0.01833933964 0.6897241473
vt 0.01699704863 0.6897241473
vt 0.01565475948 0.6897241473
vt 0.01431247126 0.6897241473
vt 0.05638679862 0.6974573135
vt 0.05781265348 0.6974573135
vt 0.05500679836 0.6974573135
vt 0.0536490567 0.6974573135
vt 0.05230676755 0.6974573135
vt 0.0509644784 0.6974573135
vt 0.04962218925 0.6974573135
vt 0.0482799001 0.6974573135
vt 0.04693761095 0.6974573135
vt 0.04551175237 0.6974573135
vt 0.04413174838 0.6974573135
vt 0.04277401045 0.6974573135
vt 0.0414317213 0.6974573135
vt 0.04008943215 0.6974573135
vt 0.038747143 0.6974573135
vt 0.03740485385 0.6974573135
vt 0.0360625647 0.6974573135
vt 0.03463670611 0.6974573135
vt 0.03325670213 0.6974573135
vt 0.0318989642 0.6974573135
vt 0.03055667505 0.6974573135
vt 0.0292143859 0.6974573135
vt 0.02787209488 0.6974573135
vt 0.02652980573 0.6974573135
vt 0.02518751658 0.6974573135
vt 0.02376165986 0.6974573135
vt 0.02238165773 0.6974573135
vt 0.02102391794 0.6974573135
vt 0.01968162879 0.6974573135
vt 0.01833933964 0.6974573135
vt 0.01699704863 0.6974573135
vt 0.01565475948 0.6974573135
vt 0.01431247126 0.6974573135
vt 0.05638679862 0.705147624
vt 0.05781265348 0.705147624
vt 0.05500679836 0.705147624
vt 0.0536490567 0.705147624
vt 0.05230676755 0.705147624
vt 0.0509644784 0.705147624
vt 0.04962218925 0.705147624
vt 0.0482799001 0.705147624
vt 0.04693761095 0.705147624
vt 0.04551175237 0.705147624
vt 0.04413174838 0.705147624
vt 0.04277401045 0.705147624
vt 0.0414317213 0.705147624
vt 0.04008943215 0.705147624
vt 0.038747143 0.705147624
vt 0.03740485385 0.705147624
vt 0.0360625647 0.705147624
vt 0.03463670611 0.705147624
vt 0.03325670213 0.705147624
vt 0.0318989642 0.705147624
vt 0.03055667505 0.705147624
vt 0.0292143859 0.705147624
vt 0.02787209488 0.705147624
vt 0.02652980573 0.705147624
vt 0.02518751658 0.705147624
vt 0.02376165986 0.705147624
vt 0.02238165773 0.705147624
vt 0.02102391794 0.705147624
vt 0.01968162879 0.705147624
vt 0.01833933964 0.705147624
vt 0.01699704863 0.705147624
vt 0.01565475948 0.705147624
vt 0.01431247126 0.705147624
vt 0.05638679862 0.712982893
vt 0.05781265348 0.712982893
vt 0.05500679836 0.712982893
vt 0.0536490567 0.712982893
vt 0.05230676755 0.712982893
vt 0.0509644784 0.712982893
vt 0.04962218925 0.712982893
vt 0.0482799001 0.712982893
vt 0.04693761095 0.712982893
vt 0.04551175237 0.712982893
vt 0.04413174838 0.712982893
vt 0.04277401045 0.712982893
vt 0.0414317213 0.712982893
vt 0.04008943215 0.712982893
vt 0.038747143 0.712982893
vt 0.03740485385 0.712982893
vt 0.0360625647 0.712982893
vt 0.03463670611 0.712982893
vt 0.03325670213 0.712982893
vt 0.0318989642 0.712982893
vt 0.03055667505 0.712982893
vt 0.0292143859 0.712982893
vt 0.02787209488 0.712982893
vt 0.02652980573 0.712982893
vt 0.02518751658 0.712982893
vt 0.02376165986 0.712982893
vt 0.02238165773 0.712982893
vt 0.02102391794 0.712982893
vt 0.01968162879 0.712982893
vt 0.01833933964 0.712982893
vt 0.01699704863 0.712982893
vt 0.01565475948 0.712982893
vt 0.01431247126 0.712982893
vt 0.05638679862 0.7210438251
vt 0.05781265348 0.7210438251
vt 0.05500679836 0.7210438251
vt 0.0536490567 0.7210438251
vt 0.05230676755 0.7210438251
vt 0.0509644784 0.7210438251
vt 0.04962218925 0.7210438251
vt 0.0482799001 0.7210438251
vt 0.04693761095 0.7210438251
vt 0.04551175237 0.7210438251
vt 0.04413174838 0.7210438251
vt 0.04277401045 0.7210438251
vt 0.0414317213 0.7210438251
vt 0.04008943215 0.7210438251
vt 0.038747143 0.7210438251
vt 0.03740485385 0.7210438251
vt 0.0360625647 0.7210438251
vt 0.03463670611 0.7210438251
vt 0.03325670213 0.7210438251
vt 0.0318989642 0.7210438251
vt 0.03055667505 0.7210438251
vt 0.0292143859 0.7210438251
vt 0.02787209488 0.7210438251
vt 0.02652980573 0.7210438251
vt 0.02518751658 0.7210438251
vt 0.02376165986 0.7210438251
vt 0.02238165773 0.7210438251
vt 0.02102391794 0.7210438251
vt 0.01968162879 0.7210438251
vt 0.01833933964 0.7210438251
vt 0.01699704863 0.7210438251
vt 0.01565475948 0.7210438251
vt 0.01431247126 0.7210438251
vt 0.05638679862 0.7286775708
vt 0.05781265348 0.7286775708
vt 0.05500679836 0.7286775708
vt 0.0536490567 0.7286775708
vt 0.05230676755 0.7286775708
vt 0.0509644784 0.7286775708
vt 0.04962218925 0.7286775708
vt 0.0482799001 0.7286775708
vt 0.04693761095 0.7286775708
vt 0.04551175237 0.7286775708
vt 0.04413174838 0.7286775708
vt 0.04277401045 0.7286775708
vt 0.0414317213 0.7286775708
vt 0.04008943215 0.7286775708
vt 0.038747143 0.7286775708
vt 0.03740485385 0.7286775708
vt 0.0360625647 0.7286775708
vt 0.03463670611 0.7286775708
vt 0.03325670213 0.7286775708
vt 0.0318989642 0.7286775708
vt 0.03055667505 0.7286775708
vt 0.0292143859 0.7286775708
vt 0.02787209488 0.7286775708
vt 0.02652980573 0.7286775708
vt 0.02518751658 0.7286775708
vt 0.02376165986 0.7286775708
vt 0.02238165773 0.7286775708
vt 0.02102391794 0.7286775708
vt 0.01968162879 0.7286775708
vt 0.01833933964 0.7286775708
vt 0.01699704863 0.7286775708
vt 0.01565475948 0.7286775708
vt 0.01431247126 0.7286775708
vt 0.05638679862 0.7365536094
vt 0.05781265348 0.7365536094
vt 0.05500679836 0.7365536094
vt 0.0536490567 0.7365536094
vt 0.05230676755 0.7365536094
vt 0.0509644784 0.7365536094
vt 0.04962218925 0.7365536094
vt 0.0482799001 0.7365536094
vt 0.04693761095 0.7365536094
vt 0.04551175237 0.7365536094
vt 0.04413174838 0.7365536094
vt 0.04277401045 0.7365536094
vt 0.0414317213 0.7365536094
vt 0.04008943215 0.7365536094
vt 0.038747143 0.7365536094
vt 0.03740485385 0.7365536094
vt 0.0360625647 0.7365536094
vt 0.03463670611 0.7365536094
vt 0.03325670213 0.7365536094
vt 0.0318989642 0.7365536094
vt 0.03055667505 0.7365536094
vt 0.0292143859 0.7365536094
vt 0.02787209488 0.7365536094
vt 0.02652980573 0.7365536094
vt 0.02518751658 0.7365536094
vt 0.02376165986 0.7365536094
vt 0.02238165773 0.7365536094
vt 0.02102391794 0.7365536094
vt 0.01968162879 0.7365536094
vt 0.01833933964 0.7365536094
vt 0.01699704863 0.7365536094
vt 0.01565475948 0.7365536094
vt 0.01431247126 0.7365536094
vt 0.05638679862 0.7444445491
vt 0.05781265348 0.7444445491
vt 0.05500679836 0.7444445491
vt 0.0536490567 0.7444445491
vt 0.05230676755 0.7444445491
vt 0.0509644784 0.7444445491
vt 0.04962218925 0.7444445491
vt 0.0482799001 0.7444445491
vt 0.04693761095 0.7444445491
vt 0.04551175237 0.7444445491
vt 0.04413174838 0.7444445491
vt 0.04277401045 0.7444445491
vt 0.0414317213 0.7444445491
vt 0.04008943215 0.7444445491
vt 0.038747143 0.7444445491
vt 0.03740485385 0.7444445491
vt 0.0360625647 0.7444445491
vt 0.03463670611 0.7444445491
vt 0.03325670213 0.7444445491
vt 0.0318989642 0.7444445491
vt 0.03055667505 0.7444445491
vt 0.0292143859 0.7444445491
vt 0.02787209488 0.7444445491
vt 0.02652980573 0.7444445491
vt 0.02518751658 0.7444445491
vt 0.02376165986 0.7444445491
vt 0.02238165773 0.7444445491
vt 0.02102391794 0.7444445491
vt 0.01968162879 0.7444445491
vt 0.01833933964 0.7444445491
vt 0.01699704863 0.7444445491
vt 0.01565475948 0.7444445491
vt 0.01431247126 0.7444445491
vt 0.05638679862 0.7523477077
vt 0.05781265348 0.7523477077
vt 0.05500679836 0.7523477077
vt 0.0536490567 0.7523477077
vt 0.05230676755 0.7523477077
vt 0.0509644784 0.7523477077
vt 0.04962218925 0.7523477077
vt 0.0482799001 0.7523477077
vt 0.04693761095 0.7523477077
vt 0.04551175237 0.7523477077
vt 0.04413174838 0.7523477077
vt 0.04277401045 0.7523477077
vt 0.0414317213 0.7523477077
vt 0.04008943215 0.7523477077
vt 0.038747143 0.7523477077
vt 0.03740485385 0.7523477077
vt 0.0360625647 0.7523477077
vt 0.03463670611 0.7523477077
vt 0.03325670213 0.7523477077
vt 0.0318989642 0.7523477077
vt 0.03055667505 0.7523477077
vt 0.0292143859 0.7523477077
vt 0.02787209488 0.7523477077
vt 0.02652980573 0.7523477077
vt 0.02518751658 0.7523477077
vt 0.02376165986 0.7523477077
vt 0.02238165773 0.7523477077
vt 0.02102391794 0.7523477077
vt 0.01968162879 0.7523477077
vt 0.01833933964 0.7523477077
vt 0.01699704863 0.7523477077
vt 0.01565475948 0.7523477077
vt 0.01431247126 0.7523477077
vt 0.05638679862 0.7602581978
vt 0.05781265348 0.7602581978
vt 0.05500679836 0.7602581978
vt 0.0536490567 0.7602581978
vt 0.05230676755 0.7602581978
vt 0.0509644784 0.7602581978
vt 0.04962218925 0.7602581978
vt 0.0482799001 0.7602581978
vt 0.04693761095 0.7602581978
vt 0.04551175237 0.7602581978
vt 0.04413174838 0.7602581978
vt 0.04277401045 0.7602581978
vt 0.0414317213 0.7602581978
vt 0.04008943215 0.7602581978
vt 0.038747143 0.7602581978
vt 0.03740485385 0.7602581978
vt 0.0360625647 0.7602581978
vt 0.03463670611 0.7602581978
vt 0.03325670213 0.7602581978
vt 0.0318989642 0.7602581978
vt 0.03055667505 0.7602581978
vt 0.0292143859 0.7602581978
vt 0.02787209488 0.7602581978
vt 0.02652980573 0.7602581978
vt 0.02518751658 0.7602581978
vt 0.02376165986 0.7602581978
vt 0.02238165773 0.7602581978
vt 0.02102391794 0.7602581978
vt 0.01968162879 0.7602581978
vt 0.01833933964 0.7602581978
vt 0.01699704863 0.7602581978
vt 0.01565475948 0.7602581978
vt 0.01431247126 0.7602581978
vt 0.05638679862 0.7681670785
vt 0.05781265348 0.7681670785
vt 0.05500679836 0.7681670785
vt 0.0536490567 0.7681670785
vt 0.05230676755 0.7681670785
vt 0.0509644784 0.7681670785
vt 0.04962218925 0.7681670785
vt 0.0482799001 0.7681670785
vt 0.04693761095 0.7681670785
vt 0.04551175237 0.7681670785
vt 0.04413174838 0.7681670785
vt 0.04277401045 0.7681670785
vt 0.0414317213 0.7681670785
vt 0.04008943215 0.7681670785
vt 0.038747143 0.7681670785
vt 0.03740485385 0.7681670785
vt 0.0360625647 0.7681670785
vt 0.03463670611 0.7681670785
vt 0.03325670213 0.7681670785
vt 0.0318989642 0.7681670785
vt 0.03055667505 0.7681670785
vt 0.0292143859 0.7681670785
vt 0.02787209488 0.7681670785
vt 0.02652980573 0.7681670785
vt 0.02518751658 0.7681670785
vt 0.02376165986 0.7681670785
vt 0.02238165773 0.7681670785
vt 0.02102391794 0.7681670785
vt 0.01968162879 0.7681670785
vt 0.01833933964 0.7681670785
vt 0.01699704863 0.7681670785
vt 0.01565475948 0.7681670785
vt 0.01431247126 0.7681670785
vt 0.05638679862 0.7760689855
vt 0.05781265348 0.7760689855
vt 0.05500679836 0.7760689855
vt 0.0536490567 0.7760689855
vt 0.05230676755 0.7760689855
vt 0.0509644784 0.7760689855
vt 0.04962218925 0.7760689855
vt 0.0482799001 0.7760689855
vt 0.04693761095 0.7760689855
vt 0.04551175237 0.7760689855
vt 0.04413174838 0.7760689855
vt 0.04277401045 0.7760689855
vt 0.0414317213 0.7760689855
vt 0.04008943215 0.7760689855
vt 0.038747143 0.7760689855
vt 0.03740485385 0.7760689855
vt 0.0360625647 0.7760689855
vt 0.03463670611 0.7760689855
vt 0.03325670213 0.7760689855
vt 0.0318989642 0.7760689855
vt 0.03055667505 0.7760689855
vt 0.0292143859 0.7760689855
vt 0.02787209488 0.7760689855
vt 0.02652980573 0.7760689855
vt 0.02518751658 0.7760689855
vt 0.02376165986 0.7760689855
vt 0.02238165773 0.7760689855
vt 0.02102391794 0.7760689855
vt 0.01968162879 0.7760689855
vt 0.01833933964 0.7760689855
vt 0.01699704863 0.7760689855
vt 0.01565475948 0.7760689855
vt 0.01431247126 0.7760689855
vt 0.05638679862 0.7839662433
vt 0.05781265348 0.7839662433
vt 0.05500679836 0.7839662433
vt 0.0536490567 0.7839662433
vt 0.05230676755 0.7839662433
vt 0.0509644784 0.7839662433
vt 0.04962218925 0.7839662433
vt 0.0482799001 0.7839662433
vt 0.04693761095 0.7839662433
vt 0.04551175237 0.7839662433
vt 0.04413174838 0.7839662433
vt 0.04277401045 0.7839662433
vt 0.0414317213 0.7839662433
vt 0.04008943215 0.7839662433
vt 0.038747143 0.7839662433
vt 0.03740485385 0.7839662433
vt 0.0360625647 0.7839662433
vt 0.03463670611 0.7839662433
vt 0.03325670213 0.7839662433
vt 0.0318989642 0.7839662433
vt 0.03055667505 0.7839662433
vt 0.0292143859 0.7839662433
vt 0.02787209488 0.7839662433
vt 0.02652980573 0.7839662433
vt 0.02518751658 0.7839662433
vt 0.02376165986 0.7839662433
vt 0.02238165773 0.7839662433
vt 0.02102391794 0.7839662433
vt 0.01968162879 0.7839662433
vt 0.01833933964 0.7839662433
vt 0.01699704863 0.7839662433
vt 0.01565475948 0.7839662433
vt 0.01431247126 0.7839662433
vt 0.05638679862 0.7918612361
vt 0.05781265348 0.7918612361
vt 0.05500679836 0.7918612361
vt 0.0536490567 0.7918612361
vt 0.05230676755 0.7918612361
vt 0.0509644784 0.7918612361
vt 0.04962218925 0.7918612361
vt 0.0482799001 0.7918612361
vt 0.04693761095 0.7918612361
vt 0.04551175237 0.7918612361
vt 0.04413174838 0.7918612361
vt 0.04277401045 0.7918612361
vt 0.0414317213 0.7918612361
vt 0.04008943215 0.7918612361
vt 0.038747143 0.7918612361
vt 0.03740485385 0.7918612361
vt 0.0360625647 0.7918612361
vt 0.03463670611 0.7918612361
vt 0.03325670213 0.7918612361
vt 0.0318989642 0.7918612361
vt 0.03055667505 0.7918612361
vt 0.0292143859 0.7918612361
vt 0.02787209488 0.7918612361
vt 0.02652980573 0.7918612361
vt 0.02518751658 0.7918612361
vt 0.02376165986 0.7918612361
vt 0.02238165773 0.7918612361
vt 0.02102391794 0.7918612361
vt 0.01968162879 0.7918612361
vt 0.01833933964 0.7918612361
vt 0.01699704863 0.7918612361
vt 0.01565475948 0.7918612361
vt 0.01431247126 0.7918612361
vt 0.05638679862 0.7997590899
vt 0.05781265348 0.7997590899
vt 0.05500679836 0.7997590899
vt 0.0536490567 0.7997590899
vt 0.05230676755 0.7997590899
vt 0.0509644784 0.7997590899
vt 0.04962218925 0.7997590899
vt 0.0482799001 0.7997590899
vt 0.04693761095 0.7997590899
vt 0.04551175237 0.7997590899
vt 0.04413174838 0.7997590899
vt 0.04277401045 0.7997590899
vt 0.0414317213 0.7997590899
vt 0.04008943215 0.7997590899
vt 0.038747143 0.7997590899
vt 0.03740485385 0.7997590899
vt 0.0360625647 0.7997590899
vt 0.03463670611 0.7997590899
vt 0.03325670213 0.7997590899
vt 0.0318989642 0.7997590899
vt 0.03055667505 0.7997590899
vt 0.0292143859 0.7997590899
vt 0.02787209488 0.7997590899
vt 0.02652980573 0.7997590899
vt 0.02518751658 0.7997590899
vt 0.02376165986 0.7997590899
vt 0.02238165773 0.7997590899
vt 0.02102391794 0.7997590899
vt 0.01968162879 0.7997590899
vt 0.01833933964 0.7997590899
vt 0.01699704863 0.7997590899
vt 0.01565475948 0.7997590899
vt 0.01431247126 0.7997590899
vt 0.05638679862 0.8076746464
vt 0.05781265348 0.8076746464
vt 0.05500679836 0.8076746464
vt 0.0536490567 0.8076746464
vt 0.05230676755 0.8076746464
vt 0.0509644784 0.8076746464
vt 0.04962218925 0.8076746464
vt 0.0482799001 0.8076746464
vt 0.04693761095 0.8076746464
vt 0.04551175237 0.8076746464
vt 0.04413174838 0.8076746464
vt 0.04277401045 0.8076746464
vt 0.0414317213 0.8076746464
vt 0.04008943215 0.8076746464
vt 0.038747143 0.8076746464
vt 0.03740485385 0.8076746464
vt 0.0360625647 0.8076746464
vt 0.03463670611 0.8076746464
vt 0.03325670213 0.8076746464
vt 0.0318989642 0.8076746464
vt 0.03055667505 0.8076746464
vt 0.0292143859 0.8076746464
vt 0.02787209488 0.8076746464
vt 0.02652980573 0.8076746464
vt 0.02518751658 0.8076746464
vt 0.02376165986 0.8076746464
vt 0.02238165773 0.8076746464
vt 0.02102391794 0.8076746464
vt 0.01968162879 0.8076746464
vt 0.01833933964 0.8076746464
vt 0.01699704863 0.8076746464
vt 0.01565475948 0.8076746464
vt 0.01431247126 0.8076746464
vt 0.05638679862 0.8156216741
vt 0.05781265348 0.8156216741
vt 0.05500679836 0.8156216741
vt 0.0536490567 0.8156216741
vt 0.05230676755 0.8156216741
vt 0.0509644784 0.8156216741
vt 0.04962218925 0.8156216741
vt 0.0482799001 0.8156216741
vt 0.04693761095 0.8156216741
vt 0.04551175237 0.8156216741
vt 0.04413174838 0.8156216741
vt 0.04277401045 0.8156216741
vt 0.0414317213 0.8156216741
vt 0.04008943215 0.8156216741
vt 0.038747143 0.8156216741
vt 0.03740485385 0.8156216741
vt 0.0360625647 0.8156216741
vt 0.03463670611 0.8156216741
vt 0.03325670213 0.8156216741
vt 0.0318989642 0.8156216741
vt 0.03055667505 0.8156216741
vt 0.0292143859 0.8156216741
vt 0.02787209488 0.8156216741
vt 0.02652980573 0.8156216741
vt 0.02518751658 0.8156216741
vt 0.02376165986 0.8156216741
vt 0.02238165773 0.8156216741
vt 0.02102391794 0.8156216741
vt 0.01968162879 0.8156216741
vt 0.01833933964 0.8156216741
vt 0.01699704863 0.8156216741
vt 0.01565475948 0.8156216741
vt 0.01431247126 0.8156216741
vt 0.05638679862 0.8236072659
vt 0.05781265348 0.8236072659
vt 0.05500679836 0.8236072659
vt 0.0536490567 0.8236072659
vt 0.05230676755 0.8236072659
vt 0.0509644784 0.8236072659
vt 0.04962218925 0.8236072659
vt 0.0482799001 0.8236072659
vt 0.04693761095 0.8236072659
vt 0.04551175237 0.8236072659
vt 0.04413174838 0.8236072659
vt 0.04277401045 0.8236072659
vt 0.0414317213 0.8236072659
vt 0.04008943215 0.8236072659
vt 0.038747143 0.8236072659
vt 0.03740485385 0.8236072659
vt 0.0360625647 0.8236072659
vt 0.03463670611 0.8236072659
vt 0.03325670213 0.8236072659
vt 0.0318989642 0.8236072659
vt 0.03055667505 0.8236072659
vt 0.0292143859 0.8236072659
vt 0.02787209488 0.8236072659
vt 0.02652980573 0.8236072659
vt 0.02518751658 0.8236072659
vt 0.02376165986 0.8236072659
vt 0.02238165773 0.8236072659
vt 0.02102391794 0.8236072659
vt 0.01968162879 0.8236072659
vt 0.01833933964 0.8236072659
vt 0.01699704863 0.8236072659
vt 0.01565475948 0.8236072659
vt 0.01431247126 0.8236072659
vt 0.05638679862 0.8316242099
vt 0.05781265348 0.8316242099
vt 0.05500679836 0.8316242099
vt 0.0536490567 0.8316242099
vt 0.05230676755 0.8316242099
vt 0.0509644784 0.8316242099
vt 0.04962218925 0.8316242099
vt 0.0482799001 0.8316242099
vt 0.04693761095 0.8316242099
vt 0.04551175237 0.8316242099
vt 0.04413174838 0.8316242099
vt 0.04277401045 0.8316242099
vt 0.0414317213 0.8316242099
vt 0.04008943215 0.8316242099
vt 0.038747143 0.8316242099
vt 0.03740485385 0.8316242099
vt 0.0360625647 0.8316242099
vt 0.03463670611 0.8316242099
vt 0.03325670213 0.8316242099
vt 0.0318989642 0.8316242099
vt 0.03055667505 0.8316242099
vt 0.0292143859 0.8316242099
vt 0.02787209488 0.8316242099
vt 0.02652980573 0.8316242099
vt 0.02518751658 0.8316242099
vt 0.02376165986 0.8316242099
vt 0.02238165773 0.8316242099
vt 0.02102391794 0.8316242099
vt 0.01968162879 0.8316242099
vt 0.01833933964 0.8316242099
vt 0.01699704863 0.8316242099
vt 0.01565475948 0.8316242099
vt 0.01431247126 0.8316242099
vt 0.05638679862 0.8397023678
vt 0.05781265348 0.8397023678
vt 0.05500679836 0.8397023678
vt 0.0536490567 0.8397023678
vt 0.05230676755 0.8397023678
vt 0.0509644784 0.8397023678
vt 0.04962218925 0.8397023678
vt 0.0482799001 0.8397023678
vt 0.04693761095 0.8397023678
vt 0.04551175237 0.8397023678
vt 0.04413174838 0.8397023678
vt 0.04277401045 0.8397023678
vt 0.0414317213 0.8397023678
vt 0.04008943215 0.8397023678
vt 0.038747143 0.8397023678
vt 0.03740485385 0.8397023678
vt 0.0360625647 0.8397023678
vt 0.03463670611 0.8397023678
vt 0.03325670213 0.8397023678
vt 0.0318989642 0.8397023678
vt 0.03055667505 0.8397023678
vt 0.0292143859 0.8397023678
vt 0.02787209488 0.8397023678
vt 0.02652980573 0.8397023678
vt 0.02518751658 0.8397023678
vt 0.02376165986 0.8397023678
vt 0.02238165773 0.8397023678
vt 0.02102391794 0.8397023678
vt 0.01968162879 0.8397023678
vt 0.01833933964 0.8397023678
vt 0.01699704863 0.8397023678
vt 0.01565475948 0.8397023678
vt 0.01431247126 0.8397023678
vt 0.05638679862 0.8477695584
vt 0.05781265348 0.8477695584
vt 0.05500679836 0.8477695584
vt 0.0536490567 0.8477695584
vt 0.05230676755 0.8477695584
vt 0.0509644784 0.8477695584
vt 0.04962218925 0.8477695584
vt 0.0482799001 0.8477695584
vt 0.04693761095 0.8477695584
vt 0.04551175237 0.8477695584
vt 0.04413174838 0.8477695584
vt 0.04277401045 0.8477695584
vt 0.0414317213 0.8477695584
vt 0.04008943215 0.8477695584
vt 0.038747143 0.8477695584
vt 0.03740485385 0.8477695584
vt 0.0360625647 0.8477695584
vt 0.03463670611 0.8477695584
vt 0.03325670213 0.8477695584
vt 0.0318989642 0.8477695584
vt 0.03055667505 0.8477695584
vt 0.0292143859 0.8477695584
vt 0.02787209488 0.8477695584
vt 0.02652980573 0.8477695584
vt 0.02518751658 0.8477695584
vt 0.02376165986 0.8477695584
vt 0.02238165773 0.8477695584
vt 0.02102391794 0.8477695584
vt 0.01968162879 0.8477695584
vt 0.01833933964 0.8477695584
vt 0.01699704863 0.8477695584
vt 0.01565475948 0.8477695584
vt 0.01431247126 0.8477695584
vt 0.05638679862 0.8557504416
vt 0.05781265348 0.8557504416
vt 0.05500679836 0.8557504416
vt 0.0536490567 0.8557504416
vt 0.05230676755 0.8557504416
vt 0.0509644784 0.8557504416
vt 0.04962218925 0.8557504416
vt 0.0482799001 0.8557504416
vt 0.04693761095 0.8557504416
vt 0.04551175237 0.8557504416
vt 0.04413174838 0.8557504416
vt 0.04277401045 0.8557504416
vt 0.0414317213 0.8557504416
vt 0.04008943215 0.8557504416
vt 0.038747143 0.8557504416
vt 0.03740485385 0.8557504416
vt 0.0360625647 0.8557504416
vt 0.03463670611 0.8557504416
vt 0.03325670213 0.8557504416
vt 0.0318989642 0.8557504416
vt 0.03055667505 0.8557504416
vt 0.0292143859 0.8557504416
vt 0.02787209488 0.8557504416
vt 0.02652980573 0.8557504416
vt 0.02518751658 0.8557504416
vt 0.02376165986 0.8557504416
vt 0.02238165773 0.8557504416
vt 0.02102391794 0.8557504416
vt 0.01968162879 0.8557504416
vt 0.01833933964 0.8557504416
vt 0.01699704863 0.8557504416
vt 0.01565475948 0.8557504416
vt 0.01431247126 0.8557504416
vt 0.05638679862 0.8635733724
vt 0.05781265348 0.8635733724
vt 0.05500679836 0.8635733724
vt 0.0536490567 0.8635733724
vt 0.05230676755 0.8635733724
vt 0.0509644784 0.8635733724
vt 0.04962218925 0.8635733724
vt 0.0482799001 0.8635733724
vt 0.04693761095 0.8635733724
vt 0.04551175237 0.8635733724
vt 0.04413174838 0.8635733724
vt 0.04277401045 0.8635733724
vt 0.0414317213 0.8635733724
vt 0.04008943215 0.8635733724
vt 0.038747143 0.8635733724
vt 0.03740485385 0.8635733724
vt 0.0360625647 0.8635733724
vt 0.03463670611 0.8635733724
vt 0.03325670213 0.8635733724
vt 0.0318989642 0.8635733724
vt 0.03055667505 0.8635733724
vt 0.0292143859 0.8635733724
vt 0.02787209488 0.8635733724
vt 0.02652980573 0.8635733724
vt 0.02518751658 0.8635733724
vt 0.02376165986 0.8635733724
vt 0.02238165773 0.8635733724
vt 0.02102391794 0.8635733724
vt 0.01968162879 0.8635733724
vt 0.01833933964 0.8635733724
vt 0.01699704863 0.8635733724
vt 0.01565475948 0.8635733724
vt 0.01431247126 0.8635733724
vt 0.05638679862 0.871345818
vt 0.05781265348 0.871345818
vt 0.05500679836 0.871345818
vt 0.0536490567 0.871345818
vt 0.05230676755 0.871345818
vt 0.0509644784 0.871345818
vt 0.04962218925 0.871345818
vt 0.0482799001 0.871345818
vt 0.04693761095 0.871345818
vt 0.04551175237 0.871345818
vt 0.04413174838 0.871345818
vt 0.04277401045 0.871345818
vt 0.0414317213 0.871345818
vt 0.04008943215 0.871345818
vt 0.038747143 0.871345818
vt 0.03740485385 0.871345818
vt 0.0360625647 0.871345818
vt 0.03463670611 0.871345818
vt 0.03325670213 0.871345818
vt 0.0318989642 0.871345818
vt 0.03055667505 0.871345818
vt 0.0292143859 0.871345818
vt 0.02787209488 0.871345818
vt 0.02652980573 0.871345818
vt 0.02518751658 0.871345818
vt 0.02376165986 0.871345818
vt 0.02238165773 0.871345818
vt 0.02102391794 0.871345818
vt 0.01968162879 0.871345818
vt 0.01833933964 0.871345818
vt 0.01699704863 0.871345818
vt 0.01565475948 0.871345818
vt 0.01431247126 0.871345818
vt 0.05638679862 0.8791521192
vt 0.05781265348 0.8791521192
vt 0.05500679836 0.8791521192
vt 0.0536490567 0.8791521192
vt 0.05230676755 0.8791521192
vt 0.0509644784 0.8791521192
vt 0.04962218925 0.8791521192
vt 0.0482799001 0.8791521192
vt 0.04693761095 0.8791521192
vt 0.04551175237 0.8791521192
vt 0.04413174838 0.8791521192
vt 0.04277401045 0.8791521192
vt 0.0414317213 0.8791521192
vt 0.04008943215 0.8791521192
vt 0.038747143 0.8791521192
vt 0.03740485385 0.8791521192
vt 0.0360625647 0.8791521192
vt 0.03463670611 0.8791521192
vt 0.03325670213 0.8791521192
vt 0.0318989642 0.8791521192
vt 0.03055667505 0.8791521192
vt 0.0292143859 0.8791521192
vt 0.02787209488 0.8791521192
vt 0.02652980573 0.8791521192
vt 0.02518751658 0.8791521192
vt 0.02376165986 0.8791521192
vt 0.02238165773 0.8791521192
vt 0.02102391794 0.8791521192
vt 0.01968162879 0.8791521192
vt 0.01833933964 0.8791521192
vt 0.01699704863 0.8791521192
vt 0.01565475948 0.8791521192
vt 0.01431247126 0.8791521192
vt 0.05638679862 0.8869623542
vt 0.05781265348 0.8869623542
vt 0.05500679836 0.8869623542
vt 0.0536490567 0.8869623542
vt 0.05230676755 0.8869623542
vt 0.0509644784 0.8869623542
vt 0.04962218925 0.8869623542
vt 0.0482799001 0.8869623542
vt 0.04693761095 0.8869623542
vt 0.04551175237 0.8869623542
vt 0.04413174838 0.8869623542
vt 0.04277401045 0.8869623542
vt 0.0414317213 0.8869623542
vt 0.04008943215 0.8869623542
vt 0.038747143 0.8869623542
vt 0.03740485385 0.8869623542
vt 0.0360625647 0.8869623542
vt 0.03463670611 0.8869623542
vt 0.03325670213 0.8869623542
vt 0.0318989642 0.8869623542
vt 0.03055667505 0.8869623542
vt 0.0292143859 0.8869623542
vt 0.02787209488 0.8869623542
vt 0.02652980573 0.8869623542
vt 0.02518751658 0.8869623542
vt 0.02376165986 0.8869623542
vt 0.02238165773 0.8869623542
vt 0.02102391794 0.8869623542
vt 0.01968162879 0.8869623542
vt 0.01833933964 0.8869623542
vt 0.01699704863 0.8869623542
vt 0.01565475948 0.8869623542
vt 0.01431247126 0.8869623542
vt 0.05638679862 0.8951080441
vt 0.05781265348 0.8951080441
vt 0.05500679836 0.8951080441
vt 0.0536490567 0.8951080441
vt 0.05230676755 0.8951080441
vt 0.0509644784 0.8951080441
vt 0.04962218925 0.8951080441
vt 0.0482799001 0.8951080441
vt 0.04693761095 0.8951080441
vt 0.04551175237 0.8951080441
vt 0.04413174838 0.8951080441
vt 0.04277401045 0.8951080441
vt 0.0414317213 0.8951080441
vt 0.04008943215 0.8951080441
vt 0.038747143 0.8951080441
vt 0.03740485385 0.8951080441
vt 0.0360625647 0.8951080441
vt 0.03463670611 0.8951080441
vt 0.03325670213 0.8951080441
vt 0.0318989642 0.8951080441
vt 0.03055667505 0.8951080441
vt 0.0292143859 0.8951080441
vt 0.02787209488 0.8951080441
vt 0.02652980573 0.8951080441
vt 0.02518751658 0.8951080441
vt 0.02376165986 0.8951080441
vt 0.02238165773 0.8951080441
vt 0.02102391794 0.8951080441
vt 0.01968162879 0.8951080441
vt 0.01833933964 0.8951080441
vt 0.01699704863 0.8951080441
vt 0.01565475948 0.8951080441
vt 0.01431247126 0.8951080441
vt 0.05638679862 0.9027903676
vt 0.05781265348 0.9027903676
vt 0.05500679836 0.9027903676
vt 0.0536490567 0.9027903676
vt 0.05230676755 0.9027903676
vt 0.0509644784 0.9027903676
vt 0.04962218925 0.9027903676
vt 0.0482799001 0.9027903676
vt 0.04693761095 0.9027903676
vt 0.04551175237 0.9027903676
vt 0.04413174838 0.9027903676
vt 0.04277401045 0.9027903676
vt 0.0414317213 0.9027903676
vt 0.04008943215 0.9027903676
vt 0.038747143 0.9027903676
vt 0.03740485385 0.9027903676
vt 0.0360625647 0.9027903676
vt 0.03463670611 0.9027903676
vt 0.03325670213 0.9027903676
vt 0.0318989642 0.9027903676
vt 0.03055667505 0.9027903676
vt 0.0292143859 0.9027903676
vt 0.02787209488 0.9027903676
vt 0.02652980573 0.9027903676
vt 0.02518751658 0.9027903676
vt 0.02376165986 0.9027903676
vt 0.02238165773 0.9027903676
vt 0.02102391794 0.9027903676
vt 0.01968162879 0.9027903676
vt 0.01833933964 0.9027903676
vt 0.01699704863 0.9027903676
vt 0.01565475948 0.9027903676
vt 0.01431247126 0.9027903676
vt 0.05638679862 0.9106821418
vt 0.05781265348 0.9106821418
vt 0.05500679836 0.9106821418
vt 0.0536490567 0.9106821418
vt 0.05230676755 0.9106821418
vt 0.0509644784 0.9106821418
vt 0.04962218925 0.9106821418
vt 0.0482799001 0.9106821418
vt 0.04693761095 0.9106821418
vt 0.04551175237 0.9106821418
vt 0.04413174838 0.9106821418
vt 0.04277401045 0.9106821418
vt 0.0414317213 0.9106821418
vt 0.04008943215 0.9106821418
vt 0.038747143 0.9106821418
vt 0.03740485385 0.9106821418
vt 0.0360625647 0.9106821418
vt 0.03463670611 0.9106821418
vt 0.03325670213 0.9106821418
vt 0.0318989642 0.9106821418
vt 0.03055667505 0.9106821418
vt 0.0292143859 0.9106821418
vt 0.02787209488 0.9106821418
vt 0.02652980573 0.9106821418
vt 0.02518751658 0.9106821418
vt 0.02376165986 0.9106821418
vt 0.02238165773 0.9106821418
vt 0.02102391794 0.9106821418
vt 0.01968162879 0.9106821418
vt 0.01833933964 0.9106821418
vt 0.01699704863 0.9106821418
vt 0.01565475948 0.9106821418
vt 0.01431247126 0.9106821418
vt 0.05638679862 0.9185623527
vt 0.05781265348 0.9185623527
vt 0.05500679836 0.9185623527
vt 0.0536490567 0.9185623527
vt 0.05230676755 0.9185623527
vt 0.0509644784 0.9185623527
vt 0.04962218925 0.9185623527
vt 0.0482799001 0.9185623527
vt 0.04693761095 0.9185623527
vt 0.04551175237 0.9185623527
vt 0.04413174838 0.9185623527
vt 0.04277401045 0.9185623527
vt 0.0414317213 0.9185623527
vt 0.04008943215 0.9185623527
vt 0.038747143 0.9185623527
vt 0.03740485385 0.9185623527
vt 0.0360625647 0.9185623527
vt 0.03463670611 0.9185623527
vt 0.03325670213 0.9185623527
vt 0.0318989642 0.9185623527
vt 0.03055667505 0.9185623527
vt 0.0292143859 0.9185623527
vt 0.02787209488 0.9185623527
vt 0.02652980573 0.9185623527
vt 0.02518751658 0.9185623527
vt 0.02376165986 0.9185623527
vt 0.02238165773 0.9185623527
vt 0.02102391794 0.9185623527
vt 0.01968162879 0.9185623527
vt 0.01833933964 0.9185623527
vt 0.01699704863 0.9185623527
vt 0.01565475948 0.9185623527
vt 0.01431247126 0.9185623527
vt 0.05638679862 0.9264498949
vt 0.05781265348 0.9264498949
vt 0.05500679836 0.9264498949
vt 0.0536490567 0.9264498949
vt 0.05230676755 0.9264498949
vt 0.0509644784 0.9264498949
vt 0.04962218925 0.9264498949
vt 0.0482799001 0.9264498949
vt 0.04693761095 0.9264498949
vt 0.04551175237 0.9264498949
vt 0.04413174838 0.9264498949
vt 0.04277401045 0.9264498949
vt 0.0414317213 0.9264498949
vt 0.04008943215 0.9264498949
vt 0.038747143 0.9264498949
vt 0.03740485385 0.9264498949
vt 0.0360625647 0.9264498949
vt 0.03463670611 0.9264498949
vt 0.03325670213 0.9264498949
vt 0.0318989642 0.9264498949
vt 0.03055667505 0.9264498949
vt 0.0292143859 0.9264498949
vt 0.02787209488 0.9264498949
vt 0.02652980573 0.9264498949
vt 0.02518751658 0.9264498949
vt 0.02376165986 0.9264498949
vt 0.02238165773 0.9264498949
vt 0.02102391794 0.9264498949
vt 0.01968162879 0.9264498949
vt 0.01833933964 0.9264498949
vt 0.01699704863 0.9264498949
vt 0.01565475948 0.9264498949
vt 0.01431247126 0.9264498949
vt 0.05638679862 0.9343412519
vt 0.05781265348 0.9343412519
vt 0.05500679836 0.9343412519
vt 0.0536490567 0.9343412519
vt 0.05230676755 0.9343412519
vt 0.0509644784 0.9343412519
vt 0.04962218925 0.9343412519
vt 0.0482799001 0.9343412519
vt 0.04693761095 0.9343412519
vt 0.04551175237 0.9343412519
vt 0.04413174838 0.9343412519
vt 0.04277401045 0.9343412519
vt 0.0414317213 0.9343412519
vt 0.04008943215 0.9343412519
vt 0.038747143 0.9343412519
vt 0.03740485385 0.9343412519
vt 0.0360625647 0.9343412519
vt 0.03463670611 0.9343412519
vt 0.03325670213 0.9343412519
vt 0.0318989642 0.9343412519
vt 0.03055667505 0.9343412519
vt 0.0292143859 0.9343412519
vt 0.02787209488 0.9343412519
vt 0.02652980573 0.9343412519
vt 0.02518751658 0.9343412519
vt 0.02376165986 0.9343412519
vt 0.02238165773 0.9343412519
vt 0.02102391794 0.9343412519
vt 0.01968162879 0.9343412519
vt 0.01833933964 0.9343412519
vt 0.01699704863 0.9343412519
vt 0.01565475948 0.9343412519
vt 0.01431247126 0.9343412519
vt 0.05638679862 0.9423399568
vt 0.05781265348 0.9423399568
vt 0.05500679836 0.9423399568
vt 0.0536490567 0.9423399568
vt 0.05230676755 0.9423399568
vt 0.0509644784 0.9423399568
vt 0.04962218925 0.9423399568
vt 0.0482799001 0.9423399568
vt 0.04693761095 0.9423399568
vt 0.04551175237 0.9423399568
vt 0.04413174838 0.9423399568
vt 0.04277401045 0.9423399568
vt 0.0414317213 0.9423399568
vt 0.04008943215 0.9423399568
vt 0.038747143 0.9423399568
vt 0.03740485385 0.9423399568
vt 0.0360625647 0.9423399568
vt 0.03463670611 0.9423399568
vt 0.03325670213 0.9423399568
vt 0.0318989642 0.9423399568
vt 0.03055667505 0.9423399568
vt 0.0292143859 0.9423399568
vt 0.02787209488 0.9423399568
vt 0.02652980573 0.9423399568
vt 0.02518751658 0.9423399568
vt 0.02376165986 0.9423399568
vt 0.02238165773 0.9423399568
vt 0.02102391794 0.9423399568
vt 0.01968162879 0.9423399568
vt 0.01833933964 0.9423399568
vt 0.01699704863 0.9423399568
vt 0.01565475948 0.9423399568
vt 0.01431247126 0.9423399568
vt 0.05638679862 0.9503623843
vt 0.05781265348 0.9503623843
vt 0.05500679836 0.9503623843
vt 0.0536490567 0.9503623843
vt 0.05230676755 0.9503623843
vt 0.0509644784 0.9503623843
vt 0.04962218925 0.9503623843
vt 0.0482799001 0.9503623843
vt 0.04693761095 0.9503623843
vt 0.04551175237 0.9503623843
vt 0.04413174838 0.9503623843
vt 0.04277401045 0.9503623843
vt 0.0414317213 0.9503623843
vt 0.04008943215 0.9503623843
vt 0.038747143 0.9503623843
vt 0.03740485385 0.9503623843
vt 0.0360625647 0.9503623843
vt 0.03463670611 0.9503623843
vt 0.03325670213 0.9503623843
vt 0.0318989642 0.9503623843
vt 0.03055667505 0.9503623843
vt 0.0292143859 0.9503623843
vt 0.02787209488 0.9503623843
vt 0.02652980573 0.9503623843
vt 0.02518751658 0.9503623843
vt 0.02376165986 0.9503623843
vt 0.02238165773 0.9503623843
vt 0.02102391794 0.9503623843
vt 0.01968162879 0.9503623843
vt 0.01833933964 0.9503623843
vt 0.01699704863 0.9503623843
vt 0.01565475948 0.9503623843
vt 0.01431247126 0.9503623843
vt 0.05638679862 0.9584339261
vt 0.05781265348 0.9584339261
vt 0.05500679836 0.9584339261
vt 0.0536490567 0.9584339261
vt 0.05230676755 0.9584339261
vt 0.0509644784 0.9584339261
vt 0.04962218925 0.9584339261
vt 0.0482799001 0.9584339261
vt 0.04693761095 0.9584339261
vt 0.04551175237 0.9584339261
vt 0.04413174838 0.9584339261
vt 0.04277401045 0.9584339261
vt 0.0414317213 0.9584339261
vt 0.04008943215 0.9584339261
vt 0.038747143 0.9584339261
vt 0.03740485385 0.9584339261
vt 0.0360625647 0.9584339261
vt 0.03463670611 0.9584339261
vt 0.03325670213 0.9584339261
vt 0.0318989642 0.9584339261
vt 0.03055667505 0.9584339261
vt 0.0292143859 0.9584339261
vt 0.02787209488 0.9584339261
vt 0.02652980573 0.9584339261
vt 0.02518751658 0.9584339261
vt 0.02376165986 0.9584339261
vt 0.02238165773 0.9584339261
vt 0.02102391794 0.9584339261
vt 0.01968162879 0.9584339261
vt 0.01833933964 0.9584339261
vt 0.01699704863 0.9584339261
vt 0.01565475948 0.9584339261
vt 0.01431247126 0.9584339261
vt 0.05638679862 0.9664795995
vt 0.05781265348 0.9664795995
vt 0.05500679836 0.9664795995
vt 0.0536490567 0.9664795995
vt 0.05230676755 0.9664795995
vt 0.0509644784 0.9664795995
vt 0.04962218925 0.9664795995
vt 0.0482799001 0.9664795995
vt 0.04693761095 0.9664795995
vt 0.04551175237 0.9664795995
vt 0.04413174838 0.9664795995
vt 0.04277401045 0.9664795995
vt 0.0414317213 0.9664795995
vt 0.04008943215 0.9664795995
vt 0.038747143 0.9664795995
vt 0.03740485385 0.9664795995
vt 0.0360625647 0.9664795995
vt 0.03463670611 0.9664795995
vt 0.03325670213 0.9664795995
vt 0.0318989642 0.9664795995
vt 0.03055667505 0.9664795995
vt 0.0292143859 0.9664795995
vt 0.02787209488 0.9664795995
vt 0.02652980573 0.9664795995
vt 0.02518751658 0.9664795995
vt 0.02376165986 0.9664795995
vt 0.02238165773 0.9664795995
vt 0.02102391794 0.9664795995
vt 0.01968162879 0.9664795995
vt 0.01833933964 0.9664795995
vt 0.01699704863 0.9664795995
vt 0.01565475948 0.9664795995
vt 0.01431247126 0.9664795995
vt 0.05638679862 0.9745086432
vt 0.05781265348 0.9745086432
vt 0.05500679836 0.9745086432
vt 0.0536490567 0.9745086432
vt 0.05230676755 0.9745086432
vt 0.0509644784 0.9745086432
vt 0.04962218925 0.9745086432
vt 0.0482799001 0.9745086432
vt 0.04693761095 0.9745086432
vt 0.04551175237 0.9745086432
vt 0.04413174838 0.9745086432
vt 0.04277401045 0.9745086432
vt 0.0414317213 0.9745086432
vt 0.04008943215 0.9745086432
vt 0.038747143 0.9745086432
vt 0.03740485385 0.9745086432
vt 0.0360625647 0.9745086432
vt 0.03463670611 0.9745086432
vt 0.03325670213 0.9745086432
vt 0.0318989642 0.9745086432
vt 0.03055667505 0.9745086432
vt 0.0292143859 0.9745086432
vt 0.02787209488 0.9745086432
vt 0.02652980573 0.9745086432
vt 0.02518751658 0.9745086432
vt 0.02376165986 0.9745086432
vt 0.02238165773 0.9745086432
vt 0.02102391794 0.9745086432
vt 0.01968162879 0.9745086432
vt 0.01833933964 0.9745086432
vt 0.01699704863 0.9745086432
vt 0.01565475948 0.9745086432
vt 0.01431247126 0.9745086432
vt 0.003481646767 0.003481646767
vt 0.05774706975 0.5874462724
vt 0.02652980573 0.5870957971
vt 0.0280009713 0.5863668323
vt 0.01431247126 0.6023890376
vt 0.01565475948 0.6023890376
vt 0.03055667505 0.6023890376
vt 0.0318989642 0.6023890376
vt 0.03325670213 0.6023890376
vt 0.03463670611 0.6023890376
vt 0.0360625647 0.6023890376
vt 0.03740485385 0.6023890376
vt 0.038747143 0.6023890376
vt 0.04008943215 0.6023890376
vt 0.0414317213 0.6023890376
vt 0.04277401045 0.6023890376
vt 0.04413174838 0.6023890376
vt 0.04551175237 0.6023890376
vt 0.0482799001 0.6023890376
vt 0.04693761095 0.6023890376
vt 0.0509644784 0.6023890376
vt 0.04962218925 0.6023890376
vt 0.05230676755 0.6023890376
vt 0.0536490567 0.6023890376
vt 0.05500679836 0.6023890376
vt 0.05781265348 0.6023890376
vt 0.05638679862 0.6023890376
vt 0.01431247126 0.587433517
vt 0.01431247126 0.5947152376
vt 0.01564696804 0.5871828198
vt 0.01565475948 0.5947152376
vt 0.01699704863 0.5947152376
vt 0.01833933964 0.5947152376
vt 0.01968162879 0.5947152376
vt 0.02102391794 0.5947152376
vt 0.02238165773 0.5947152376
vt 0.02376165986 0.5947152376
vt 0.02518751658 0.5947152376
vt 0.02652980573 0.5947152376
vt 0.02787209488 0.5947152376
vt 0.0292143859 0.5947152376
vt 0.03055667505 0.5947152376
vt 0.0318989642 0.5947152376
vt 0.03454533592 0.5876002908
vt 0.03323789686 0.5873113871
vt 0.03325670213 0.5947152376
vt 0.03591394424 0.5878899693
vt 0.03463670611 0.5876214504
vt 0.03463670611 0.5947152376
vt 0.03721782938 0.5881574154
vt 0.0360625647 0.587921381
vt 0.03851401433 0.5884190798
vt 0.0360625647 0.5947152376
vt 0.03740485385 0.5881942511
vt 0.03740485385 0.5947152376
vt 0.03981332108 0.5886631012
vt 0.038747143 0.5884625316
vt 0.038747143 0.5947152376
vt 0.04111867771 0.5888727903
vt 0.04008942842 0.5887078643
vt 0.04008943215 0.5947152376
vt 0.04243260622 0.5890337229
vt 0.0414317213 0.5889120698
vt 0.02451148443 0.9946380258
vt 0.01531918813 0.9945345521
vt 0.01498361584 0.9945345521
vt 0.01464804355 0.9945345521
vt 0.02307165973 0.9945345521
vt 0.02619423345 0.9946762323
vt 0.02585866302 0.9952695966
vt 0.02552308887 0.9958357811
vt 0.02548639476 0.9947533011
vt 0.05363175645 0.9906371832
vt 0.05462101847 0.9928073883
vt 0.05569680035 0.994974494
vt 0.05781265348 0.9945345521
vt 0.05638679862 0.9962199926
vt 0.02787209488 0.9745086432
vt 0.0318989642 0.9747076035
vt 0.03325670213 0.9774488807
vt 0.03463670611 0.9798681736
vt 0.03478872031 0.9816743135
vt 0.0360625647 0.9818891287
vt 0.04551175237 0.9822657704
vt 0.0482799001 0.9781056046
vt 0.04693761468 0.9802924991
vt 0.02787209488 0.9825294614
vt 0.03180771321 0.9825294614
vt 0.05781265348 0.5947152376
vt 0.02376165986 0.5861813426
vt 0.02238165773 0.5870957971
vt 0.02816403285 0.9905340075
vt 0.02947106585 0.9855908155
vt 0.0318989642 0.5870957971
vt 0.05500679836 0.9905340075
vt 0.03055667505 0.9825294614
vt 0.05195206031 0.9867599607
vt 0.05432792753 0.9905340075
vt 0.05638679862 0.9825294614
# mm_gid 0
g mmGroup0
usemtl diffuse_0_0_0_255
f 1698/1/1698 1632/2/1632 1599/3/1599 
f 1598/4/1598 1631/5/1631 1698/1/1698 
f 1599/3/1599 1598/4/1598 1698/1/1698 
f 1713/6/1713 1633/7/1633 1600/8/1600 
f 1599/3/1599 1632/2/1632 1713/6/1713 
f 1600/8/1600 1599/3/1599 1713/6/1713 
f 1720/9/1720 1634/10/1634 1601/11/1601 
f 1600/8/1600 1633/7/1633 1720/9/1720 
f 1601/11/1601 1600/8/1600 1720/9/1720 
f 1727/12/1727 1635/13/1635 1602/14/1602 
f 1601/11/1601 1634/10/1634 1727/12/1727 
f 1602/14/1602 1601/11/1601 1727/12/1727 
f 1730/15/1730 1636/16/1636 1603/17/1603 
f 1602/14/1602 1635/13/1635 1730/15/1730 
f 1603/17/1603 1602/14/1602 1730/15/1730 
f 1737/18/1737 1637/19/1637 1604/20/1604 
f 1603/17/1603 1636/16/1636 1737/18/1737 
f 1604/20/1604 1603/17/1603 1737/18/1737 
f 1744/21/1744 1638/22/1638 1605/23/1605 
f 1604/20/1604 1637/19/1637 1744/21/1744 
f 1605/23/1605 1604/20/1604 1744/21/1744 
f 1751/24/1751 1639/25/1639 1606/26/1606 
f 1605/23/1605 1638/22/1638 1751/24/1751 
f 1606/26/1606 1605/23/1605 1751/24/1751 
f 1761/27/1761 1640/28/1640 1607/29/1607 
f 1606/26/1606 1639/25/1639 1761/27/1761 
f 1607/29/1607 1606/26/1606 1761/27/1761 
f 1768/30/1768 1641/31/1641 1608/32/1608 
f 1607/29/1607 1640/28/1640 1768/30/1768 
f 1608/32/1608 1607/29/1607 1768/30/1768 
f 1775/33/1775 1642/34/1642 1609/35/1609 
f 1608/32/1608 1641/31/1641 1775/33/1775 
f 1609/35/1609 1608/32/1608 1775/33/1775 
f 1782/36/1782 1643/37/1643 1610/38/1610 
f 1609/35/1609 1642/34/1642 1782/36/1782 
f 1610/38/1610 1609/35/1609 1782/36/1782 
f 1785/39/1785 1644/40/1644 1611/41/1611 
f 1610/38/1610 1643/37/1643 1785/39/1785 
f 1611/41/1611 1610/38/1610 1785/39/1785 
f 1792/42/1792 1645/43/1645 1612/44/1612 
f 1611/41/1611 1644/40/1644 1792/42/1792 
f 1612/44/1612 1611/41/1611 1792/42/1792 
f 1799/45/1799 1646/46/1646 1613/47/1613 
f 1612/44/1612 1645/43/1645 1799/45/1799 
f 1613/47/1613 1612/44/1612 1799/45/1799 
f 1806/48/1806 1647/49/1647 1614/50/1614 
f 1613/47/1613 1646/46/1646 1806/48/1806 
f 1614/50/1614 1613/47/1613 1806/48/1806 
f 1816/51/1816 1648/52/1648 1615/53/1615 
f 1614/50/1614 1647/49/1647 1816/51/1816 
f 1615/53/1615 1614/50/1614 1816/51/1816 
f 1823/54/1823 1649/55/1649 1616/56/1616 
f 1615/53/1615 1648/52/1648 1823/54/1823 
f 1616/56/1616 1615/53/1615 1823/54/1823 
f 1830/57/1830 1650/58/1650 1617/59/1617 
f 1616/56/1616 1649/55/1649 1830/57/1830 
f 1617/59/1617 1616/56/1616 1830/57/1830 
f 1837/60/1837 1651/61/1651 1618/62/1618 
f 1617/59/1617 1650/58/1650 1837/60/1837 
f 1618/62/1618 1617/59/1617 1837/60/1837 
f 1840/63/1840 1652/64/1652 1619/65/1619 
f 1618/62/1618 1651/61/1651 1840/63/1840 
f 1619/65/1619 1618/62/1618 1840/63/1840 
f 1847/66/1847 1653/67/1653 1620/68/1620 
f 1619/65/1619 1652/64/1652 1847/66/1847 
f 1620/68/1620 1619/65/1619 1847/66/1847 
f 1854/69/1854 1654/70/1654 1621/71/1621 
f 1620/68/1620 1653/67/1653 1854/69/1854 
f 1621/71/1621 1620/68/1620 1854/69/1854 
f 1861/72/1861 1655/73/1655 1622/74/1622 
f 1621/71/1621 1654/70/1654 1861/72/1861 
f 1622/74/1622 1621/71/1621 1861/72/1861 
f 1871/75/1871 1656/76/1656 1623/77/1623 
f 1622/74/1622 1655/73/1655 1871/75/1871 
f 1623/77/1623 1622/74/1622 1871/75/1871 
f 1878/78/1878 1657/79/1657 1624/80/1624 
f 1623/77/1623 1656/76/1656 1878/78/1878 
f 1624/80/1624 1623/77/1623 1878/78/1878 
f 1885/81/1885 1658/82/1658 1625/83/1625 
f 1624/80/1624 1657/79/1657 1885/81/1885 
f 1625/83/1625 1624/80/1624 1885/81/1885 
f 1892/84/1892 1659/85/1659 1626/86/1626 
f 1625/83/1625 1658/82/1658 1892/84/1892 
f 1626/86/1626 1625/83/1625 1892/84/1892 
f 1895/87/1895 1660/88/1660 1627/89/1627 
f 1626/86/1626 1659/85/1659 1895/87/1895 
f 1627/89/1627 1626/86/1626 1895/87/1895 
f 1902/90/1902 1661/91/1661 1628/92/1628 
f 1627/89/1627 1660/88/1660 1902/90/1902 
f 1628/92/1628 1627/89/1627 1902/90/1902 
f 1908/93/1908 1662/94/1662 1629/95/1629 
f 1628/92/1628 1661/91/1661 1908/93/1908 
f 1629/95/1629 1628/92/1628 1908/93/1908 
f 1706/96/1706 1663/97/1663 1630/98/1630 
f 1629/95/1629 1662/94/1662 1706/96/1706 
f 1630/98/1630 1629/95/1629 1706/96/1706 
f 1710/99/1710 1697/100/1697 1632/2/1632 
f 1698/1/1698 1700/101/1700 1710/99/1710 
f 1632/2/1632 1698/1/1698 1710/99/1710 
f 1702/102/1702 1700/101/1700 1698/1/1698 
f 1631/5/1631 1699/103/1699 1702/102/1702 
f 1698/1/1698 1631/5/1631 1702/102/1702 
f 1716/104/1716 1712/105/1712 1633/7/1633 
f 1713/6/1713 1714/106/1714 1716/104/1716 
f 1633/7/1633 1713/6/1713 1716/104/1716 
f 1723/107/1723 1719/108/1719 1634/10/1634 
f 1720/9/1720 1721/109/1721 1723/107/1723 
f 1634/10/1634 1720/9/1720 1723/107/1723 
f 1733/110/1733 1731/111/1731 1730/15/1730 
f 1635/13/1635 1726/112/1726 1733/110/1733 
f 1730/15/1730 1635/13/1635 1733/110/1733 
f 1740/113/1740 1738/114/1738 1737/18/1737 
f 1636/16/1636 1729/115/1729 1740/113/1740 
f 1737/18/1737 1636/16/1636 1740/113/1740 
f 1747/116/1747 1745/117/1745 1744/21/1744 
f 1637/19/1637 1736/118/1736 1747/116/1747 
f 1744/21/1744 1637/19/1637 1747/116/1747 
f 1758/119/1758 1750/120/1750 1639/25/1639 
f 1751/24/1751 1752/121/1752 1758/119/1758 
f 1639/25/1639 1751/24/1751 1758/119/1758 
f 1754/122/1754 1752/121/1752 1751/24/1751 
f 1638/22/1638 1743/123/1743 1754/122/1754 
f 1751/24/1751 1638/22/1638 1754/122/1754 
f 1764/124/1764 1760/125/1760 1640/28/1640 
f 1761/27/1761 1762/126/1762 1764/124/1764 
f 1640/28/1640 1761/27/1761 1764/124/1764 
f 1771/127/1771 1767/128/1767 1641/31/1641 
f 1768/30/1768 1769/129/1769 1771/127/1771 
f 1641/31/1641 1768/30/1768 1771/127/1771 
f 1778/130/1778 1774/131/1774 1642/34/1642 
f 1775/33/1775 1776/132/1776 1778/130/1778 
f 1642/34/1642 1775/33/1775 1778/130/1778 
f 1788/133/1788 1786/134/1786 1785/39/1785 
f 1643/37/1643 1781/135/1781 1788/133/1788 
f 1785/39/1785 1643/37/1643 1788/133/1788 
f 1795/136/1795 1793/137/1793 1792/42/1792 
f 1644/40/1644 1784/138/1784 1795/136/1795 
f 1792/42/1792 1644/40/1644 1795/136/1795 
f 1802/139/1802 1800/140/1800 1799/45/1799 
f 1645/43/1645 1791/141/1791 1802/139/1802 
f 1799/45/1799 1645/43/1645 1802/139/1802 
f 1813/142/1813 1805/143/1805 1647/49/1647 
f 1806/48/1806 1807/144/1807 1813/142/1813 
f 1647/49/1647 1806/48/1806 1813/142/1813 
f 1809/145/1809 1807/144/1807 1806/48/1806 
f 1646/46/1646 1798/146/1798 1809/145/1809 
f 1806/48/1806 1646/46/1646 1809/145/1809 
f 1819/147/1819 1815/148/1815 1648/52/1648 
f 1816/51/1816 1817/149/1817 1819/147/1819 
f 1648/52/1648 1816/51/1816 1819/147/1819 
f 1826/150/1826 1822/151/1822 1649/55/1649 
f 1823/54/1823 1824/152/1824 1826/150/1826 
f 1649/55/1649 1823/54/1823 1826/150/1826 
f 1833/153/1833 1829/154/1829 1650/58/1650 
f 1830/57/1830 1831/155/1831 1833/153/1833 
f 1650/58/1650 1830/57/1830 1833/153/1833 
f 1843/156/1843 1841/157/1841 1840/63/1840 
f 1651/61/1651 1836/158/1836 1843/156/1843 
f 1840/63/1840 1651/61/1651 1843/156/1843 
f 1850/159/1850 1848/160/1848 1847/66/1847 
f 1652/64/1652 1839/161/1839 1850/159/1850 
f 1847/66/1847 1652/64/1652 1850/159/1850 
f 1857/162/1857 1855/163/1855 1854/69/1854 
f 1653/67/1653 1846/164/1846 1857/162/1857 
f 1854/69/1854 1653/67/1653 1857/162/1857 
f 1868/165/1868 1860/166/1860 1655/73/1655 
f 1861/72/1861 1862/167/1862 1868/165/1868 
f 1655/73/1655 1861/72/1861 1868/165/1868 
f 1864/168/1864 1862/167/1862 1861/72/1861 
f 1654/70/1654 1853/169/1853 1864/168/1864 
f 1861/72/1861 1654/70/1654 1864/168/1864 
f 1874/170/1874 1870/171/1870 1656/76/1656 
f 1871/75/1871 1872/172/1872 1874/170/1874 
f 1656/76/1656 1871/75/1871 1874/170/1874 
f 1881/173/1881 1877/174/1877 1657/79/1657 
f 1878/78/1878 1879/175/1879 1881/173/1881 
f 1657/79/1657 1878/78/1878 1881/173/1881 
f 1888/176/1888 1884/177/1884 1658/82/1658 
f 1885/81/1885 1886/178/1886 1888/176/1888 
f 1658/82/1658 1885/81/1885 1888/176/1888 
f 1898/179/1898 1896/180/1896 1895/87/1895 
f 1659/85/1659 1891/181/1891 1898/179/1898 
f 1895/87/1895 1659/85/1659 1898/179/1898 
f 1905/182/1905 1903/183/1903 1902/90/1902 
f 1660/88/1660 1894/184/1894 1905/182/1905 
f 1902/90/1902 1660/88/1660 1905/182/1905 
f 1911/185/1911 1909/186/1909 1908/93/1908 
f 1661/91/1661 1901/187/1901 1911/185/1911 
f 1908/93/1908 1661/91/1661 1911/185/1911 
f 1919/188/1919 1705/189/1705 1663/97/1663 
f 1706/96/1706 1708/190/1708 1919/188/1919 
f 1663/97/1663 1706/96/1706 1919/188/1919 
f 1915/191/1915 1708/190/1708 1706/96/1706 
f 1662/94/1662 1707/192/1707 1915/191/1915 
f 1706/96/1706 1662/94/1662 1915/191/1915 
f 1722/193/1722 1728/194/1728 1719/108/1719 
f 1734/195/1734 1726/112/1726 1728/194/1728 
f 1789/196/1789 1781/135/1781 1783/197/1783 
f 1783/197/1783 1774/131/1774 1777/198/1777 
f 1832/199/1832 1838/200/1838 1829/154/1829 
f 1836/158/1836 1838/200/1838 1844/201/1844 
f 1664/202/1664 1704/203/1704 1703/204/1703 
f 1665/205/1665 1711/206/1711 1701/207/1701 
f 1701/207/1701 1704/203/1704 1664/202/1664 
f 1665/205/1665 1717/208/1717 1709/209/1709 
f 1666/210/1666 1715/211/1715 1718/212/1718 
f 1666/210/1666 1724/213/1724 1715/211/1715 
f 1718/212/1718 1717/208/1717 1666/210/1666 
f 1709/209/1709 1711/206/1711 1665/205/1665 
f 1667/214/1667 1728/194/1728 1722/193/1722 
f 1667/214/1667 1722/193/1722 1725/215/1725 
f 1668/216/1668 1735/217/1735 1734/195/1734 
f 1667/214/1667 1668/216/1668 1728/194/1728 
f 1669/218/1669 1741/219/1741 1732/220/1732 
f 1669/218/1669 1739/221/1739 1742/222/1742 
f 1670/223/1670 1748/224/1748 1739/221/1739 
f 1742/222/1742 1741/219/1741 1669/218/1669 
f 1732/220/1732 1735/217/1735 1668/216/1668 
f 1725/215/1725 1724/213/1724 1667/214/1667 
f 1670/223/1670 1746/225/1746 1749/226/1749 
f 1671/227/1671 1756/228/1756 1755/229/1755 
f 1755/229/1755 1746/225/1746 1671/227/1671 
f 1672/230/1672 1759/231/1759 1753/232/1753 
f 1672/230/1672 1765/233/1765 1757/234/1757 
f 1673/235/1673 1766/236/1766 1765/233/1765 
f 1757/234/1757 1759/231/1759 1672/230/1672 
f 1753/232/1753 1756/228/1756 1671/227/1671 
f 1673/235/1673 1772/237/1772 1763/238/1763 
f 1674/239/1674 1770/240/1770 1773/241/1773 
f 1773/241/1773 1772/237/1772 1674/239/1674 
f 1675/242/1675 1780/243/1780 1779/244/1779 
f 1783/197/1783 1675/242/1675 1676/245/1676 
f 1676/245/1676 1790/246/1790 1789/196/1789 
f 1777/198/1777 1780/243/1780 1675/242/1675 
f 1675/242/1675 1783/197/1783 1777/198/1777 
f 1779/244/1779 1770/240/1770 1674/239/1674 
f 1763/238/1763 1766/236/1766 1673/235/1673 
f 1749/226/1749 1748/224/1748 1670/223/1670 
f 1665/205/1665 1666/210/1666 1717/208/1717 
f 1668/216/1668 1734/195/1734 1728/194/1728 
f 1666/210/1666 1667/214/1667 1724/213/1724 
f 1787/247/1787 1677/248/1677 1796/249/1796 
f 1677/248/1677 1794/250/1794 1797/251/1797 
f 1797/251/1797 1796/249/1796 1677/248/1677 
f 1739/221/1739 1669/218/1669 1670/223/1670 
f 1732/220/1732 1668/216/1668 1669/218/1669 
f 1664/202/1664 1665/205/1665 1701/207/1701 
f 1670/223/1670 1671/227/1671 1746/225/1746 
f 1672/230/1672 1673/235/1673 1765/233/1765 
f 1671/227/1671 1672/230/1672 1753/232/1753 
f 1674/239/1674 1675/242/1675 1779/244/1779 
f 1790/246/1790 1676/245/1676 1787/247/1787 
f 1787/247/1787 1676/245/1676 1677/248/1677 
f 1676/245/1676 1789/196/1789 1783/197/1783 
f 1673/235/1673 1674/239/1674 1772/237/1772 
f 1678/252/1678 1794/250/1794 1677/248/1677 
f 1678/252/1678 1804/253/1804 1803/254/1803 
f 1679/255/1679 1810/256/1810 1801/257/1801 
f 1801/257/1801 1804/253/1804 1678/252/1678 
f 1679/255/1679 1808/258/1808 1811/259/1811 
f 1680/260/1680 1812/261/1812 1814/262/1814 
f 1680/260/1680 1820/263/1820 1812/261/1812 
f 1814/262/1814 1808/258/1808 1680/260/1680 
f 1811/259/1811 1810/256/1810 1679/255/1679 
f 1808/258/1808 1679/255/1679 1680/260/1680 
f 1678/252/1678 1679/255/1679 1801/257/1801 
f 1680/260/1680 1681/264/1681 1820/263/1820 
f 1821/265/1821 1820/263/1820 1681/264/1681 
f 1681/264/1681 1827/266/1827 1818/267/1818 
f 1682/268/1682 1825/269/1825 1828/270/1828 
f 1828/270/1828 1827/266/1827 1682/268/1682 
f 1827/266/1827 1681/264/1681 1682/268/1682 
f 1681/264/1681 1818/267/1818 1821/265/1821 
f 1678/252/1678 1803/254/1803 1794/250/1794 
f 1683/271/1683 1835/272/1835 1834/273/1834 
f 1838/200/1838 1683/271/1683 1684/274/1684 
f 1832/199/1832 1835/272/1835 1683/271/1683 
f 1683/271/1683 1838/200/1838 1832/199/1832 
f 1684/274/1684 1842/275/1842 1845/276/1845 
f 1685/277/1685 1851/278/1851 1842/275/1842 
f 1845/276/1845 1844/201/1844 1684/274/1684 
f 1685/277/1685 1849/279/1849 1852/280/1852 
f 1686/281/1686 1859/282/1859 1858/283/1858 
f 1858/283/1858 1849/279/1849 1686/281/1686 
f 1687/284/1687 1865/285/1865 1856/286/1856 
f 1687/284/1687 1863/287/1863 1866/288/1866 
f 1688/289/1688 1869/290/1869 1863/287/1863 
f 1866/288/1866 1865/285/1865 1687/284/1687 
f 1856/286/1856 1859/282/1859 1686/281/1686 
f 1852/280/1852 1851/278/1851 1685/277/1685 
f 1884/177/1884 1887/291/1887 1893/292/1893 
f 1893/292/1893 1899/293/1899 1891/181/1891 
f 1689/294/1689 1876/295/1876 1875/296/1875 
f 1875/296/1875 1867/297/1867 1688/289/1688 
f 1867/297/1867 1869/290/1869 1688/289/1688 
f 1873/298/1873 1689/294/1689 1882/299/1882 
f 1690/300/1690 1880/301/1880 1883/302/1883 
f 1883/302/1883 1882/299/1882 1690/300/1690 
f 1683/271/1683 1834/273/1834 1682/268/1682 
f 1880/301/1880 1690/300/1690 1889/303/1889 
f 1890/304/1890 1691/305/1691 1887/291/1887 
f 1692/306/1692 1893/292/1893 1691/305/1691 
f 1887/291/1887 1691/305/1691 1893/292/1893 
f 1691/305/1691 1890/304/1890 1889/303/1889 
f 1838/200/1838 1684/274/1684 1844/201/1844 
f 1684/274/1684 1685/277/1685 1842/275/1842 
f 1686/281/1686 1687/284/1687 1856/286/1856 
f 1685/277/1685 1686/281/1686 1849/279/1849 
f 1688/289/1688 1689/294/1689 1875/296/1875 
f 1882/299/1882 1689/294/1689 1690/300/1690 
f 1889/303/1889 1690/300/1690 1691/305/1691 
f 1876/295/1876 1689/294/1689 1873/298/1873 
f 1687/284/1687 1688/289/1688 1863/287/1863 
f 1899/293/1899 1893/292/1893 1692/306/1692 
f 1692/306/1692 1897/307/1897 1900/308/1900 
f 1693/309/1693 1907/310/1907 1906/311/1906 
f 1906/311/1906 1897/307/1897 1693/309/1693 
f 1694/312/1694 1912/313/1912 1904/314/1904 
f 1694/312/1694 1910/315/1910 1913/316/1913 
f 1695/317/1695 1916/318/1916 1910/315/1910 
f 1913/316/1913 1912/313/1912 1694/312/1694 
f 1904/314/1904 1907/310/1907 1693/309/1693 
f 1693/309/1693 1694/312/1694 1904/314/1904 
f 1916/318/1916 1695/317/1695 1917/319/1917 
f 1694/312/1694 1695/317/1695 1910/315/1910 
f 1914/320/1914 1917/319/1917 1695/317/1695 
f 1918/321/1918 1920/322/1920 1696/323/1696 
f 1914/320/1914 1696/323/1696 1920/322/1920 
f 1914/320/1914 1695/317/1695 1696/323/1696 
f 1692/306/1692 1693/309/1693 1897/307/1897 
f 1692/306/1692 1900/308/1900 1899/293/1899 
f 1682/268/1682 1834/273/1834 1825/269/1825 
f 1960/324/1960 1940/325/1940 1941/326/1941 
f 1938/327/1938 1939/328/1939 1957/329/1957 
f 1939/328/1939 1940/325/1940 1960/324/1960 
f 1942/330/1942 1960/324/1960 1941/326/1941 
f 1959/331/1959 1944/332/1944 1945/333/1945 
f 1959/331/1959 1960/324/1960 1943/334/1943 
f 1942/330/1942 1943/334/1943 1960/324/1960 
f 1944/332/1944 1959/331/1959 1943/334/1943 
f 1960/324/1960 1957/329/1957 1939/328/1939 
f 1959/331/1959 1945/333/1945 1946/335/1946 
f 1957/329/1957 1935/336/1935 1936/337/1936 
f 1934/338/1934 1935/336/1935 1958/339/1958 
f 1958/339/1958 1933/340/1933 1934/338/1934 
f 1936/337/1936 1937/341/1937 1957/329/1957 
f 1933/340/1933 1958/339/1958 1932/342/1932 
f 1932/342/1932 1958/339/1958 1931/343/1931 
f 1954/344/1954 1930/345/1930 1931/343/1931 
f 1954/344/1954 1931/343/1931 1958/339/1958 
f 1957/329/1957 1958/339/1958 1935/336/1935 
f 1957/329/1957 1937/341/1937 1938/327/1938 
f 1959/331/1959 1947/346/1947 1961/347/1961 
f 1951/348/1951 1955/349/1955 1961/347/1961 
f 1947/346/1947 1948/350/1948 1961/347/1961 
f 1948/350/1948 1949/351/1949 1961/347/1961 
f 1951/348/1951 1961/347/1961 1950/352/1950 
f 1952/353/1952 1921/354/1921 1955/349/1955 
f 1952/353/1952 1955/349/1955 1951/348/1951 
f 1949/351/1949 1950/352/1950 1961/347/1961 
f 1922/355/1922 1955/349/1955 1921/354/1921 
f 1927/356/1927 1954/344/1954 1956/357/1956 
f 1929/358/1929 1954/344/1954 1928/359/1928 
f 1927/356/1927 1928/359/1928 1954/344/1954 
f 1927/356/1927 1956/357/1956 1926/360/1926 
f 1930/345/1930 1954/344/1954 1929/358/1929 
f 1956/357/1956 1923/361/1923 1924/362/1924 
f 1926/360/1926 1956/357/1956 1925/363/1925 
f 1925/363/1925 1956/357/1956 1924/362/1924 
f 1956/357/1956 1955/349/1955 1923/361/1923 
f 1955/349/1955 1922/355/1922 1923/361/1923 
f 1947/346/1947 1959/331/1959 1946/335/1946 
f 35/632/35 3/601/3 2/600/2 
f 35/632/35 2/600/2 34/631/34 
f 36/633/36 4/602/4 3/601/3 
f 36/633/36 3/601/3 35/632/35 
f 37/634/37 5/603/5 4/602/4 
f 37/634/37 4/602/4 36/633/36 
f 38/635/38 6/604/6 5/603/5 
f 38/635/38 5/603/5 37/634/37 
f 39/636/39 7/605/7 6/604/6 
f 39/636/39 6/604/6 38/635/38 
f 40/637/40 8/606/8 7/605/7 
f 40/637/40 7/605/7 39/636/39 
f 41/638/41 9/607/9 8/606/8 
f 41/638/41 8/606/8 40/637/40 
f 42/639/42 10/608/10 9/607/9 
f 42/639/42 9/607/9 41/638/41 
f 43/640/43 11/609/11 10/608/10 
f 43/640/43 10/608/10 42/639/42 
f 44/641/44 12/610/12 11/609/11 
f 44/641/44 11/609/11 43/640/43 
f 45/642/45 12/610/12 44/641/44 
f 48/644/48 15/611/15 14/612/14 
f 48/644/48 14/612/14 47/645/47 
f 49/646/49 16/613/16 15/611/15 
f 49/646/49 15/611/15 48/644/48 
f 50/647/50 17/614/17 16/613/16 
f 50/647/50 16/613/16 49/646/49 
f 51/648/51 18/615/18 17/614/17 
f 51/648/51 17/614/17 50/647/50 
f 52/649/52 19/616/19 18/615/18 
f 52/649/52 18/615/18 51/648/51 
f 53/650/53 20/617/20 19/616/19 
f 53/650/53 19/616/19 52/649/52 
f 54/651/54 21/618/21 20/617/20 
f 54/651/54 20/617/20 53/650/53 
f 55/652/55 22/619/22 21/618/21 
f 55/652/55 21/618/21 54/651/54 
f 56/653/56 23/620/23 22/619/22 
f 56/653/56 22/619/22 55/652/55 
f 57/654/57 24/621/24 23/620/23 
f 57/654/57 23/620/23 56/653/56 
f 58/655/58 25/622/25 24/621/24 
f 58/655/58 24/621/24 57/654/57 
f 59/656/59 26/623/26 25/622/25 
f 59/656/59 25/622/25 58/655/58 
f 60/657/60 27/624/27 26/623/26 
f 60/657/60 26/623/26 59/656/59 
f 61/658/61 28/625/28 27/624/27 
f 61/658/61 27/624/27 60/657/60 
f 62/659/62 29/626/29 28/625/28 
f 62/659/62 28/625/28 61/658/61 
f 63/660/63 30/627/30 29/626/29 
f 63/660/63 29/626/29 62/659/62 
f 64/661/64 31/628/31 30/627/30 
f 64/661/64 30/627/30 63/660/63 
f 65/662/65 32/629/32 31/628/31 
f 65/662/65 31/628/31 64/661/64 
f 66/663/66 33/630/33 32/629/32 
f 66/663/66 32/629/32 65/662/65 
f 67/664/67 34/631/34 33/630/33 
f 67/664/67 33/630/33 66/663/66 
f 68/665/68 35/632/35 34/631/34 
f 68/665/68 34/631/34 67/664/67 
f 69/666/69 36/633/36 35/632/35 
f 69/666/69 35/632/35 68/665/68 
f 70/667/70 37/634/37 36/633/36 
f 70/667/70 36/633/36 69/666/69 
f 71/668/71 38/635/38 37/634/37 
f 71/668/71 37/634/37 70/667/70 
f 72/669/72 39/636/39 38/635/38 
f 72/669/72 38/635/38 71/668/71 
f 73/670/73 40/637/40 39/636/39 
f 73/670/73 39/636/39 72/669/72 
f 74/671/74 41/638/41 40/637/40 
f 74/671/74 40/637/40 73/670/73 
f 75/672/75 42/639/42 41/638/41 
f 75/672/75 41/638/41 74/671/74 
f 76/673/76 43/640/43 42/639/42 
f 76/673/76 42/639/42 75/672/75 
f 77/674/77 44/641/44 43/640/43 
f 77/674/77 43/640/43 76/673/76 
f 78/675/78 45/642/45 44/641/44 
f 78/675/78 44/641/44 77/674/77 
f 79/676/79 46/643/46 45/642/45 
f 79/676/79 45/642/45 78/675/78 
f 81/677/81 48/644/48 47/645/47 
f 81/677/81 47/645/47 80/678/80 
f 82/679/82 49/646/49 48/644/48 
f 82/679/82 48/644/48 81/677/81 
f 83/680/83 50/647/50 49/646/49 
f 83/680/83 49/646/49 82/679/82 
f 84/681/84 51/648/51 50/647/50 
f 84/681/84 50/647/50 83/680/83 
f 85/682/85 52/649/52 51/648/51 
f 85/682/85 51/648/51 84/681/84 
f 86/683/86 53/650/53 52/649/52 
f 86/683/86 52/649/52 85/682/85 
f 87/684/87 54/651/54 53/650/53 
f 87/684/87 53/650/53 86/683/86 
f 88/685/88 55/652/55 54/651/54 
f 88/685/88 54/651/54 87/684/87 
f 89/686/89 56/653/56 55/652/55 
f 89/686/89 55/652/55 88/685/88 
f 90/687/90 57/654/57 56/653/56 
f 90/687/90 56/653/56 89/686/89 
f 91/688/91 58/655/58 57/654/57 
f 91/688/91 57/654/57 90/687/90 
f 92/689/92 59/656/59 58/655/58 
f 92/689/92 58/655/58 91/688/91 
f 93/690/93 60/657/60 59/656/59 
f 93/690/93 59/656/59 92/689/92 
f 94/691/94 61/658/61 60/657/60 
f 94/691/94 60/657/60 93/690/93 
f 95/692/95 62/659/62 61/658/61 
f 95/692/95 61/658/61 94/691/94 
f 96/693/96 63/660/63 62/659/62 
f 96/693/96 62/659/62 95/692/95 
f 97/694/97 64/661/64 63/660/63 
f 97/694/97 63/660/63 96/693/96 
f 98/695/98 65/662/65 64/661/64 
f 98/695/98 64/661/64 97/694/97 
f 99/696/99 66/663/66 65/662/65 
f 99/696/99 65/662/65 98/695/98 
f 100/697/100 67/664/67 66/663/66 
f 100/697/100 66/663/66 99/696/99 
f 101/698/101 68/665/68 67/664/67 
f 101/698/101 67/664/67 100/697/100 
f 102/699/102 69/666/69 68/665/68 
f 102/699/102 68/665/68 101/698/101 
f 103/700/103 70/667/70 69/666/69 
f 103/700/103 69/666/69 102/699/102 
f 104/701/104 71/668/71 70/667/70 
f 104/701/104 70/667/70 103/700/103 
f 105/702/105 72/669/72 71/668/71 
f 105/702/105 71/668/71 104/701/104 
f 106/703/106 73/670/73 72/669/72 
f 106/703/106 72/669/72 105/702/105 
f 107/704/107 74/671/74 73/670/73 
f 107/704/107 73/670/73 106/703/106 
f 108/705/108 75/672/75 74/671/74 
f 108/705/108 74/671/74 107/704/107 
f 109/706/109 76/673/76 75/672/75 
f 109/706/109 75/672/75 108/705/108 
f 110/707/110 77/674/77 76/673/76 
f 110/707/110 76/673/76 109/706/109 
f 111/708/111 78/675/78 77/674/77 
f 111/708/111 77/674/77 110/707/110 
f 112/709/112 79/676/79 78/675/78 
f 112/709/112 78/675/78 111/708/111 
f 114/710/114 81/677/81 80/678/80 
f 114/710/114 80/678/80 113/711/113 
f 115/712/115 82/679/82 81/677/81 
f 115/712/115 81/677/81 114/710/114 
f 116/713/116 83/680/83 82/679/82 
f 116/713/116 82/679/82 115/712/115 
f 117/714/117 84/681/84 83/680/83 
f 117/714/117 83/680/83 116/713/116 
f 118/715/118 85/682/85 84/681/84 
f 118/715/118 84/681/84 117/714/117 
f 119/716/119 86/683/86 85/682/85 
f 119/716/119 85/682/85 118/715/118 
f 120/717/120 87/684/87 86/683/86 
f 120/717/120 86/683/86 119/716/119 
f 121/718/121 88/685/88 87/684/87 
f 121/718/121 87/684/87 120/717/120 
f 122/719/122 89/686/89 88/685/88 
f 122/719/122 88/685/88 121/718/121 
f 123/720/123 90/687/90 89/686/89 
f 123/720/123 89/686/89 122/719/122 
f 124/721/124 91/688/91 90/687/90 
f 124/721/124 90/687/90 123/720/123 
f 125/722/125 92/689/92 91/688/91 
f 125/722/125 91/688/91 124/721/124 
f 126/723/126 93/690/93 92/689/92 
f 126/723/126 92/689/92 125/722/125 
f 127/724/127 94/691/94 93/690/93 
f 127/724/127 93/690/93 126/723/126 
f 128/725/128 95/692/95 94/691/94 
f 128/725/128 94/691/94 127/724/127 
f 129/726/129 96/693/96 95/692/95 
f 129/726/129 95/692/95 128/725/128 
f 130/727/130 97/694/97 96/693/96 
f 130/727/130 96/693/96 129/726/129 
f 131/728/131 98/695/98 97/694/97 
f 131/728/131 97/694/97 130/727/130 
f 132/729/132 99/696/99 98/695/98 
f 132/729/132 98/695/98 131/728/131 
f 133/730/133 100/697/100 99/696/99 
f 133/730/133 99/696/99 132/729/132 
f 134/731/134 101/698/101 100/697/100 
f 134/731/134 100/697/100 133/730/133 
f 135/732/135 102/699/102 101/698/101 
f 135/732/135 101/698/101 134/731/134 
f 136/733/136 103/700/103 102/699/102 
f 136/733/136 102/699/102 135/732/135 
f 137/734/137 104/701/104 103/700/103 
f 137/734/137 103/700/103 136/733/136 
f 138/735/138 105/702/105 104/701/104 
f 138/735/138 104/701/104 137/734/137 
f 139/736/139 106/703/106 105/702/105 
f 139/736/139 105/702/105 138/735/138 
f 140/737/140 107/704/107 106/703/106 
f 140/737/140 106/703/106 139/736/139 
f 141/738/141 108/705/108 107/704/107 
f 141/738/141 107/704/107 140/737/140 
f 142/739/142 109/706/109 108/705/108 
f 142/739/142 108/705/108 141/738/141 
f 143/740/143 110/707/110 109/706/109 
f 143/740/143 109/706/109 142/739/142 
f 144/741/144 111/708/111 110/707/110 
f 144/741/144 110/707/110 143/740/143 
f 145/742/145 112/709/112 111/708/111 
f 145/742/145 111/708/111 144/741/144 
f 147/743/147 114/710/114 113/711/113 
f 147/743/147 113/711/113 146/744/146 
f 148/745/148 115/712/115 114/710/114 
f 148/745/148 114/710/114 147/743/147 
f 149/746/149 116/713/116 115/712/115 
f 149/746/149 115/712/115 148/745/148 
f 150/747/150 117/714/117 116/713/116 
f 150/747/150 116/713/116 149/746/149 
f 151/748/151 118/715/118 117/714/117 
f 151/748/151 117/714/117 150/747/150 
f 152/749/152 119/716/119 118/715/118 
f 152/749/152 118/715/118 151/748/151 
f 153/750/153 120/717/120 119/716/119 
f 153/750/153 119/716/119 152/749/152 
f 154/751/154 121/718/121 120/717/120 
f 154/751/154 120/717/120 153/750/153 
f 155/752/155 122/719/122 121/718/121 
f 155/752/155 121/718/121 154/751/154 
f 156/753/156 123/720/123 122/719/122 
f 156/753/156 122/719/122 155/752/155 
f 157/754/157 124/721/124 123/720/123 
f 157/754/157 123/720/123 156/753/156 
f 158/755/158 125/722/125 124/721/124 
f 158/755/158 124/721/124 157/754/157 
f 159/756/159 126/723/126 125/722/125 
f 159/756/159 125/722/125 158/755/158 
f 160/757/160 127/724/127 126/723/126 
f 160/757/160 126/723/126 159/756/159 
f 161/758/161 128/725/128 127/724/127 
f 161/758/161 127/724/127 160/757/160 
f 162/759/162 129/726/129 128/725/128 
f 162/759/162 128/725/128 161/758/161 
f 163/760/163 130/727/130 129/726/129 
f 163/760/163 129/726/129 162/759/162 
f 164/761/164 131/728/131 130/727/130 
f 164/761/164 130/727/130 163/760/163 
f 165/762/165 132/729/132 131/728/131 
f 165/762/165 131/728/131 164/761/164 
f 166/763/166 133/730/133 132/729/132 
f 166/763/166 132/729/132 165/762/165 
f 167/764/167 134/731/134 133/730/133 
f 167/764/167 133/730/133 166/763/166 
f 168/765/168 135/732/135 134/731/134 
f 168/765/168 134/731/134 167/764/167 
f 169/766/169 136/733/136 135/732/135 
f 169/766/169 135/732/135 168/765/168 
f 170/767/170 137/734/137 136/733/136 
f 170/767/170 136/733/136 169/766/169 
f 171/768/171 138/735/138 137/734/137 
f 171/768/171 137/734/137 170/767/170 
f 172/769/172 139/736/139 138/735/138 
f 172/769/172 138/735/138 171/768/171 
f 173/770/173 140/737/140 139/736/139 
f 173/770/173 139/736/139 172/769/172 
f 174/771/174 141/738/141 140/737/140 
f 174/771/174 140/737/140 173/770/173 
f 175/772/175 142/739/142 141/738/141 
f 175/772/175 141/738/141 174/771/174 
f 176/773/176 143/740/143 142/739/142 
f 176/773/176 142/739/142 175/772/175 
f 177/774/177 144/741/144 143/740/143 
f 177/774/177 143/740/143 176/773/176 
f 178/775/178 145/742/145 144/741/144 
f 178/775/178 144/741/144 177/774/177 
f 180/776/180 147/743/147 146/744/146 
f 180/776/180 146/744/146 179/777/179 
f 181/778/181 148/745/148 147/743/147 
f 181/778/181 147/743/147 180/776/180 
f 182/779/182 149/746/149 148/745/148 
f 182/779/182 148/745/148 181/778/181 
f 183/780/183 150/747/150 149/746/149 
f 183/780/183 149/746/149 182/779/182 
f 184/781/184 151/748/151 150/747/150 
f 184/781/184 150/747/150 183/780/183 
f 185/782/185 152/749/152 151/748/151 
f 185/782/185 151/748/151 184/781/184 
f 186/783/186 153/750/153 152/749/152 
f 186/783/186 152/749/152 185/782/185 
f 187/784/187 154/751/154 153/750/153 
f 187/784/187 153/750/153 186/783/186 
f 188/785/188 155/752/155 154/751/154 
f 188/785/188 154/751/154 187/784/187 
f 189/786/189 156/753/156 155/752/155 
f 189/786/189 155/752/155 188/785/188 
f 190/787/190 157/754/157 156/753/156 
f 190/787/190 156/753/156 189/786/189 
f 191/788/191 158/755/158 157/754/157 
f 191/788/191 157/754/157 190/787/190 
f 192/789/192 159/756/159 158/755/158 
f 192/789/192 158/755/158 191/788/191 
f 193/790/193 160/757/160 159/756/159 
f 193/790/193 159/756/159 192/789/192 
f 194/791/194 161/758/161 160/757/160 
f 194/791/194 160/757/160 193/790/193 
f 195/792/195 162/759/162 161/758/161 
f 195/792/195 161/758/161 194/791/194 
f 196/793/196 163/760/163 162/759/162 
f 196/793/196 162/759/162 195/792/195 
f 197/794/197 164/761/164 163/760/163 
f 197/794/197 163/760/163 196/793/196 
f 198/795/198 165/762/165 164/761/164 
f 198/795/198 164/761/164 197/794/197 
f 199/796/199 166/763/166 165/762/165 
f 199/796/199 165/762/165 198/795/198 
f 200/797/200 167/764/167 166/763/166 
f 200/797/200 166/763/166 199/796/199 
f 201/798/201 168/765/168 167/764/167 
f 201/798/201 167/764/167 200/797/200 
f 202/799/202 169/766/169 168/765/168 
f 202/799/202 168/765/168 201/798/201 
f 203/800/203 170/767/170 169/766/169 
f 203/800/203 169/766/169 202/799/202 
f 204/801/204 171/768/171 170/767/170 
f 204/801/204 170/767/170 203/800/203 
f 205/802/205 172/769/172 171/768/171 
f 205/802/205 171/768/171 204/801/204 
f 206/803/206 173/770/173 172/769/172 
f 206/803/206 172/769/172 205/802/205 
f 207/804/207 174/771/174 173/770/173 
f 207/804/207 173/770/173 206/803/206 
f 208/805/208 175/772/175 174/771/174 
f 208/805/208 174/771/174 207/804/207 
f 209/806/209 176/773/176 175/772/175 
f 209/806/209 175/772/175 208/805/208 
f 210/807/210 177/774/177 176/773/176 
f 210/807/210 176/773/176 209/806/209 
f 211/808/211 178/775/178 177/774/177 
f 211/808/211 177/774/177 210/807/210 
f 213/809/213 180/776/180 179/777/179 
f 213/809/213 179/777/179 212/810/212 
f 214/811/214 181/778/181 180/776/180 
f 214/811/214 180/776/180 213/809/213 
f 215/812/215 182/779/182 181/778/181 
f 215/812/215 181/778/181 214/811/214 
f 216/813/216 183/780/183 182/779/182 
f 216/813/216 182/779/182 215/812/215 
f 217/814/217 184/781/184 183/780/183 
f 217/814/217 183/780/183 216/813/216 
f 218/815/218 185/782/185 184/781/184 
f 218/815/218 184/781/184 217/814/217 
f 219/816/219 186/783/186 185/782/185 
f 219/816/219 185/782/185 218/815/218 
f 220/817/220 187/784/187 186/783/186 
f 220/817/220 186/783/186 219/816/219 
f 221/818/221 188/785/188 187/784/187 
f 221/818/221 187/784/187 220/817/220 
f 222/819/222 189/786/189 188/785/188 
f 222/819/222 188/785/188 221/818/221 
f 223/820/223 190/787/190 189/786/189 
f 223/820/223 189/786/189 222/819/222 
f 224/821/224 191/788/191 190/787/190 
f 224/821/224 190/787/190 223/820/223 
f 225/822/225 192/789/192 191/788/191 
f 225/822/225 191/788/191 224/821/224 
f 226/823/226 193/790/193 192/789/192 
f 226/823/226 192/789/192 225/822/225 
f 227/824/227 194/791/194 193/790/193 
f 227/824/227 193/790/193 226/823/226 
f 228/825/228 195/792/195 194/791/194 
f 228/825/228 194/791/194 227/824/227 
f 229/826/229 196/793/196 195/792/195 
f 229/826/229 195/792/195 228/825/228 
f 230/827/230 197/794/197 196/793/196 
f 230/827/230 196/793/196 229/826/229 
f 231/828/231 198/795/198 197/794/197 
f 231/828/231 197/794/197 230/827/230 
f 232/829/232 199/796/199 198/795/198 
f 232/829/232 198/795/198 231/828/231 
f 233/830/233 200/797/200 199/796/199 
f 233/830/233 199/796/199 232/829/232 
f 234/831/234 201/798/201 200/797/200 
f 234/831/234 200/797/200 233/830/233 
f 235/832/235 202/799/202 201/798/201 
f 235/832/235 201/798/201 234/831/234 
f 236/833/236 203/800/203 202/799/202 
f 236/833/236 202/799/202 235/832/235 
f 237/834/237 204/801/204 203/800/203 
f 237/834/237 203/800/203 236/833/236 
f 238/835/238 205/802/205 204/801/204 
f 238/835/238 204/801/204 237/834/237 
f 239/836/239 206/803/206 205/802/205 
f 239/836/239 205/802/205 238/835/238 
f 240/837/240 207/804/207 206/803/206 
f 240/837/240 206/803/206 239/836/239 
f 241/838/241 208/805/208 207/804/207 
f 241/838/241 207/804/207 240/837/240 
f 242/839/242 209/806/209 208/805/208 
f 242/839/242 208/805/208 241/838/241 
f 243/840/243 210/807/210 209/806/209 
f 243/840/243 209/806/209 242/839/242 
f 244/841/244 211/808/211 210/807/210 
f 244/841/244 210/807/210 243/840/243 
f 246/842/246 213/809/213 212/810/212 
f 246/842/246 212/810/212 245/843/245 
f 247/844/247 214/811/214 213/809/213 
f 247/844/247 213/809/213 246/842/246 
f 248/845/248 215/812/215 214/811/214 
f 248/845/248 214/811/214 247/844/247 
f 249/846/249 216/813/216 215/812/215 
f 249/846/249 215/812/215 248/845/248 
f 250/847/250 217/814/217 216/813/216 
f 250/847/250 216/813/216 249/846/249 
f 251/848/251 218/815/218 217/814/217 
f 251/848/251 217/814/217 250/847/250 
f 252/849/252 219/816/219 218/815/218 
f 252/849/252 218/815/218 251/848/251 
f 253/850/253 220/817/220 219/816/219 
f 253/850/253 219/816/219 252/849/252 
f 254/851/254 221/818/221 220/817/220 
f 254/851/254 220/817/220 253/850/253 
f 255/852/255 222/819/222 221/818/221 
f 255/852/255 221/818/221 254/851/254 
f 256/853/256 223/820/223 222/819/222 
f 256/853/256 222/819/222 255/852/255 
f 257/854/257 224/821/224 223/820/223 
f 257/854/257 223/820/223 256/853/256 
f 258/855/258 225/822/225 224/821/224 
f 258/855/258 224/821/224 257/854/257 
f 259/856/259 226/823/226 225/822/225 
f 259/856/259 225/822/225 258/855/258 
f 260/857/260 227/824/227 226/823/226 
f 260/857/260 226/823/226 259/856/259 
f 261/858/261 228/825/228 227/824/227 
f 261/858/261 227/824/227 260/857/260 
f 262/859/262 229/826/229 228/825/228 
f 262/859/262 228/825/228 261/858/261 
f 263/860/263 230/827/230 229/826/229 
f 263/860/263 229/826/229 262/859/262 
f 264/861/264 231/828/231 230/827/230 
f 264/861/264 230/827/230 263/860/263 
f 265/862/265 232/829/232 231/828/231 
f 265/862/265 231/828/231 264/861/264 
f 266/863/266 233/830/233 232/829/232 
f 266/863/266 232/829/232 265/862/265 
f 267/864/267 234/831/234 233/830/233 
f 267/864/267 233/830/233 266/863/266 
f 268/865/268 235/832/235 234/831/234 
f 268/865/268 234/831/234 267/864/267 
f 269/866/269 236/833/236 235/832/235 
f 269/866/269 235/832/235 268/865/268 
f 270/867/270 237/834/237 236/833/236 
f 270/867/270 236/833/236 269/866/269 
f 271/868/271 238/835/238 237/834/237 
f 271/868/271 237/834/237 270/867/270 
f 272/869/272 239/836/239 238/835/238 
f 272/869/272 238/835/238 271/868/271 
f 273/870/273 240/837/240 239/836/239 
f 273/870/273 239/836/239 272/869/272 
f 274/871/274 241/838/241 240/837/240 
f 274/871/274 240/837/240 273/870/273 
f 275/872/275 242/839/242 241/838/241 
f 275/872/275 241/838/241 274/871/274 
f 276/873/276 243/840/243 242/839/242 
f 276/873/276 242/839/242 275/872/275 
f 277/874/277 244/841/244 243/840/243 
f 277/874/277 243/840/243 276/873/276 
f 279/875/279 246/842/246 245/843/245 
f 279/875/279 245/843/245 278/876/278 
f 280/877/280 247/844/247 246/842/246 
f 280/877/280 246/842/246 279/875/279 
f 281/878/281 248/845/248 247/844/247 
f 281/878/281 247/844/247 280/877/280 
f 282/879/282 249/846/249 248/845/248 
f 282/879/282 248/845/248 281/878/281 
f 283/880/283 250/847/250 249/846/249 
f 283/880/283 249/846/249 282/879/282 
f 284/881/284 251/848/251 250/847/250 
f 284/881/284 250/847/250 283/880/283 
f 285/882/285 252/849/252 251/848/251 
f 285/882/285 251/848/251 284/881/284 
f 286/883/286 253/850/253 252/849/252 
f 286/883/286 252/849/252 285/882/285 
f 287/884/287 254/851/254 253/850/253 
f 287/884/287 253/850/253 286/883/286 
f 288/885/288 255/852/255 254/851/254 
f 288/885/288 254/851/254 287/884/287 
f 289/886/289 256/853/256 255/852/255 
f 289/886/289 255/852/255 288/885/288 
f 290/887/290 257/854/257 256/853/256 
f 290/887/290 256/853/256 289/886/289 
f 291/888/291 258/855/258 257/854/257 
f 291/888/291 257/854/257 290/887/290 
f 292/889/292 259/856/259 258/855/258 
f 292/889/292 258/855/258 291/888/291 
f 293/890/293 260/857/260 259/856/259 
f 293/890/293 259/856/259 292/889/292 
f 294/891/294 261/858/261 260/857/260 
f 294/891/294 260/857/260 293/890/293 
f 295/892/295 262/859/262 261/858/261 
f 295/892/295 261/858/261 294/891/294 
f 296/893/296 263/860/263 262/859/262 
f 296/893/296 262/859/262 295/892/295 
f 297/894/297 264/861/264 263/860/263 
f 297/894/297 263/860/263 296/893/296 
f 298/895/298 265/862/265 264/861/264 
f 298/895/298 264/861/264 297/894/297 
f 299/896/299 266/863/266 265/862/265 
f 299/896/299 265/862/265 298/895/298 
f 300/897/300 267/864/267 266/863/266 
f 300/897/300 266/863/266 299/896/299 
f 301/898/301 268/865/268 267/864/267 
f 301/898/301 267/864/267 300/897/300 
f 302/899/302 269/866/269 268/865/268 
f 302/899/302 268/865/268 301/898/301 
f 303/900/303 270/867/270 269/866/269 
f 303/900/303 269/866/269 302/899/302 
f 304/901/304 271/868/271 270/867/270 
f 304/901/304 270/867/270 303/900/303 
f 305/902/305 272/869/272 271/868/271 
f 305/902/305 271/868/271 304/901/304 
f 306/903/306 273/870/273 272/869/272 
f 306/903/306 272/869/272 305/902/305 
f 307/904/307 274/871/274 273/870/273 
f 307/904/307 273/870/273 306/903/306 
f 308/905/308 275/872/275 274/871/274 
f 308/905/308 274/871/274 307/904/307 
f 309/906/309 276/873/276 275/872/275 
f 309/906/309 275/872/275 308/905/308 
f 310/907/310 277/874/277 276/873/276 
f 310/907/310 276/873/276 309/906/309 
f 312/908/312 279/875/279 278/876/278 
f 312/908/312 278/876/278 311/909/311 
f 313/910/313 280/877/280 279/875/279 
f 313/910/313 279/875/279 312/908/312 
f 314/911/314 281/878/281 280/877/280 
f 314/911/314 280/877/280 313/910/313 
f 315/912/315 282/879/282 281/878/281 
f 315/912/315 281/878/281 314/911/314 
f 316/913/316 283/880/283 282/879/282 
f 316/913/316 282/879/282 315/912/315 
f 317/914/317 284/881/284 283/880/283 
f 317/914/317 283/880/283 316/913/316 
f 318/915/318 285/882/285 284/881/284 
f 318/915/318 284/881/284 317/914/317 
f 319/916/319 286/883/286 285/882/285 
f 319/916/319 285/882/285 318/915/318 
f 320/917/320 287/884/287 286/883/286 
f 320/917/320 286/883/286 319/916/319 
f 321/918/321 288/885/288 287/884/287 
f 321/918/321 287/884/287 320/917/320 
f 322/919/322 289/886/289 288/885/288 
f 322/919/322 288/885/288 321/918/321 
f 323/920/323 290/887/290 289/886/289 
f 323/920/323 289/886/289 322/919/322 
f 324/921/324 291/888/291 290/887/290 
f 324/921/324 290/887/290 323/920/323 
f 325/922/325 292/889/292 291/888/291 
f 325/922/325 291/888/291 324/921/324 
f 326/923/326 293/890/293 292/889/292 
f 326/923/326 292/889/292 325/922/325 
f 327/924/327 294/891/294 293/890/293 
f 327/924/327 293/890/293 326/923/326 
f 328/925/328 295/892/295 294/891/294 
f 328/925/328 294/891/294 327/924/327 
f 329/926/329 296/893/296 295/892/295 
f 329/926/329 295/892/295 328/925/328 
f 330/927/330 297/894/297 296/893/296 
f 330/927/330 296/893/296 329/926/329 
f 331/928/331 298/895/298 297/894/297 
f 331/928/331 297/894/297 330/927/330 
f 332/929/332 299/896/299 298/895/298 
f 332/929/332 298/895/298 331/928/331 
f 333/930/333 300/897/300 299/896/299 
f 333/930/333 299/896/299 332/929/332 
f 334/931/334 301/898/301 300/897/300 
f 334/931/334 300/897/300 333/930/333 
f 335/932/335 302/899/302 301/898/301 
f 335/932/335 301/898/301 334/931/334 
f 336/933/336 303/900/303 302/899/302 
f 336/933/336 302/899/302 335/932/335 
f 337/934/337 304/901/304 303/900/303 
f 337/934/337 303/900/303 336/933/336 
f 338/935/338 305/902/305 304/901/304 
f 338/935/338 304/901/304 337/934/337 
f 339/936/339 306/903/306 305/902/305 
f 339/936/339 305/902/305 338/935/338 
f 340/937/340 307/904/307 306/903/306 
f 340/937/340 306/903/306 339/936/339 
f 341/938/341 308/905/308 307/904/307 
f 341/938/341 307/904/307 340/937/340 
f 342/939/342 309/906/309 308/905/308 
f 342/939/342 308/905/308 341/938/341 
f 343/940/343 310/907/310 309/906/309 
f 343/940/343 309/906/309 342/939/342 
f 345/941/345 312/908/312 311/909/311 
f 345/941/345 311/909/311 344/942/344 
f 346/943/346 313/910/313 312/908/312 
f 346/943/346 312/908/312 345/941/345 
f 347/944/347 314/911/314 313/910/313 
f 347/944/347 313/910/313 346/943/346 
f 348/945/348 315/912/315 314/911/314 
f 348/945/348 314/911/314 347/944/347 
f 349/946/349 316/913/316 315/912/315 
f 349/946/349 315/912/315 348/945/348 
f 350/947/350 317/914/317 316/913/316 
f 350/947/350 316/913/316 349/946/349 
f 351/948/351 318/915/318 317/914/317 
f 351/948/351 317/914/317 350/947/350 
f 352/949/352 319/916/319 318/915/318 
f 352/949/352 318/915/318 351/948/351 
f 353/950/353 320/917/320 319/916/319 
f 353/950/353 319/916/319 352/949/352 
f 354/951/354 321/918/321 320/917/320 
f 354/951/354 320/917/320 353/950/353 
f 355/952/355 322/919/322 321/918/321 
f 355/952/355 321/918/321 354/951/354 
f 356/953/356 323/920/323 322/919/322 
f 356/953/356 322/919/322 355/952/355 
f 357/954/357 324/921/324 323/920/323 
f 357/954/357 323/920/323 356/953/356 
f 358/955/358 325/922/325 324/921/324 
f 358/955/358 324/921/324 357/954/357 
f 359/956/359 326/923/326 325/922/325 
f 359/956/359 325/922/325 358/955/358 
f 360/957/360 327/924/327 326/923/326 
f 360/957/360 326/923/326 359/956/359 
f 361/958/361 328/925/328 327/924/327 
f 361/958/361 327/924/327 360/957/360 
f 362/959/362 329/926/329 328/925/328 
f 362/959/362 328/925/328 361/958/361 
f 363/960/363 330/927/330 329/926/329 
f 363/960/363 329/926/329 362/959/362 
f 364/961/364 331/928/331 330/927/330 
f 364/961/364 330/927/330 363/960/363 
f 365/962/365 332/929/332 331/928/331 
f 365/962/365 331/928/331 364/961/364 
f 366/963/366 333/930/333 332/929/332 
f 366/963/366 332/929/332 365/962/365 
f 367/964/367 334/931/334 333/930/333 
f 367/964/367 333/930/333 366/963/366 
f 368/965/368 335/932/335 334/931/334 
f 368/965/368 334/931/334 367/964/367 
f 369/966/369 336/933/336 335/932/335 
f 369/966/369 335/932/335 368/965/368 
f 370/967/370 337/934/337 336/933/336 
f 370/967/370 336/933/336 369/966/369 
f 371/968/371 338/935/338 337/934/337 
f 371/968/371 337/934/337 370/967/370 
f 372/969/372 339/936/339 338/935/338 
f 372/969/372 338/935/338 371/968/371 
f 373/970/373 340/937/340 339/936/339 
f 373/970/373 339/936/339 372/969/372 
f 374/971/374 341/938/341 340/937/340 
f 374/971/374 340/937/340 373/970/373 
f 375/972/375 342/939/342 341/938/341 
f 375/972/375 341/938/341 374/971/374 
f 376/973/376 343/940/343 342/939/342 
f 376/973/376 342/939/342 375/972/375 
f 378/974/378 345/941/345 344/942/344 
f 378/974/378 344/942/344 377/975/377 
f 379/976/379 346/943/346 345/941/345 
f 379/976/379 345/941/345 378/974/378 
f 380/977/380 347/944/347 346/943/346 
f 380/977/380 346/943/346 379/976/379 
f 381/978/381 348/945/348 347/944/347 
f 381/978/381 347/944/347 380/977/380 
f 382/979/382 349/946/349 348/945/348 
f 382/979/382 348/945/348 381/978/381 
f 383/980/383 350/947/350 349/946/349 
f 383/980/383 349/946/349 382/979/382 
f 384/981/384 351/948/351 350/947/350 
f 384/981/384 350/947/350 383/980/383 
f 385/982/385 352/949/352 351/948/351 
f 385/982/385 351/948/351 384/981/384 
f 386/983/386 353/950/353 352/949/352 
f 386/983/386 352/949/352 385/982/385 
f 387/984/387 354/951/354 353/950/353 
f 387/984/387 353/950/353 386/983/386 
f 388/985/388 355/952/355 354/951/354 
f 388/985/388 354/951/354 387/984/387 
f 389/986/389 356/953/356 355/952/355 
f 389/986/389 355/952/355 388/985/388 
f 390/987/390 357/954/357 356/953/356 
f 390/987/390 356/953/356 389/986/389 
f 391/988/391 358/955/358 357/954/357 
f 391/988/391 357/954/357 390/987/390 
f 392/989/392 359/956/359 358/955/358 
f 392/989/392 358/955/358 391/988/391 
f 393/990/393 360/957/360 359/956/359 
f 393/990/393 359/956/359 392/989/392 
f 394/991/394 361/958/361 360/957/360 
f 394/991/394 360/957/360 393/990/393 
f 395/992/395 362/959/362 361/958/361 
f 395/992/395 361/958/361 394/991/394 
f 396/993/396 363/960/363 362/959/362 
f 396/993/396 362/959/362 395/992/395 
f 397/994/397 364/961/364 363/960/363 
f 397/994/397 363/960/363 396/993/396 
f 398/995/398 365/962/365 364/961/364 
f 398/995/398 364/961/364 397/994/397 
f 399/996/399 366/963/366 365/962/365 
f 399/996/399 365/962/365 398/995/398 
f 400/997/400 367/964/367 366/963/366 
f 400/997/400 366/963/366 399/996/399 
f 401/998/401 368/965/368 367/964/367 
f 401/998/401 367/964/367 400/997/400 
f 402/999/402 369/966/369 368/965/368 
f 402/999/402 368/965/368 401/998/401 
f 403/1000/403 370/967/370 369/966/369 
f 403/1000/403 369/966/369 402/999/402 
f 404/1001/404 371/968/371 370/967/370 
f 404/1001/404 370/967/370 403/1000/403 
f 405/1002/405 372/969/372 371/968/371 
f 405/1002/405 371/968/371 404/1001/404 
f 406/1003/406 373/970/373 372/969/372 
f 406/1003/406 372/969/372 405/1002/405 
f 407/1004/407 374/971/374 373/970/373 
f 407/1004/407 373/970/373 406/1003/406 
f 408/1005/408 375/972/375 374/971/374 
f 408/1005/408 374/971/374 407/1004/407 
f 409/1006/409 376/973/376 375/972/375 
f 409/1006/409 375/972/375 408/1005/408 
f 411/1007/411 378/974/378 377/975/377 
f 411/1007/411 377/975/377 410/1008/410 
f 412/1009/412 379/976/379 378/974/378 
f 412/1009/412 378/974/378 411/1007/411 
f 413/1010/413 380/977/380 379/976/379 
f 413/1010/413 379/976/379 412/1009/412 
f 414/1011/414 381/978/381 380/977/380 
f 414/1011/414 380/977/380 413/1010/413 
f 415/1012/415 382/979/382 381/978/381 
f 415/1012/415 381/978/381 414/1011/414 
f 416/1013/416 383/980/383 382/979/382 
f 416/1013/416 382/979/382 415/1012/415 
f 417/1014/417 384/981/384 383/980/383 
f 417/1014/417 383/980/383 416/1013/416 
f 418/1015/418 385/982/385 384/981/384 
f 418/1015/418 384/981/384 417/1014/417 
f 419/1016/419 386/983/386 385/982/385 
f 419/1016/419 385/982/385 418/1015/418 
f 420/1017/420 387/984/387 386/983/386 
f 420/1017/420 386/983/386 419/1016/419 
f 421/1018/421 388/985/388 387/984/387 
f 421/1018/421 387/984/387 420/1017/420 
f 422/1019/422 389/986/389 388/985/388 
f 422/1019/422 388/985/388 421/1018/421 
f 423/1020/423 390/987/390 389/986/389 
f 423/1020/423 389/986/389 422/1019/422 
f 424/1021/424 391/988/391 390/987/390 
f 424/1021/424 390/987/390 423/1020/423 
f 425/1022/425 392/989/392 391/988/391 
f 425/1022/425 391/988/391 424/1021/424 
f 426/1023/426 393/990/393 392/989/392 
f 426/1023/426 392/989/392 425/1022/425 
f 427/1024/427 394/991/394 393/990/393 
f 427/1024/427 393/990/393 426/1023/426 
f 428/1025/428 395/992/395 394/991/394 
f 428/1025/428 394/991/394 427/1024/427 
f 429/1026/429 396/993/396 395/992/395 
f 429/1026/429 395/992/395 428/1025/428 
f 430/1027/430 397/994/397 396/993/396 
f 430/1027/430 396/993/396 429/1026/429 
f 431/1028/431 398/995/398 397/994/397 
f 431/1028/431 397/994/397 430/1027/430 
f 432/1029/432 399/996/399 398/995/398 
f 432/1029/432 398/995/398 431/1028/431 
f 433/1030/433 400/997/400 399/996/399 
f 433/1030/433 399/996/399 432/1029/432 
f 434/1031/434 401/998/401 400/997/400 
f 434/1031/434 400/997/400 433/1030/433 
f 435/1032/435 402/999/402 401/998/401 
f 435/1032/435 401/998/401 434/1031/434 
f 436/1033/436 403/1000/403 402/999/402 
f 436/1033/436 402/999/402 435/1032/435 
f 437/1034/437 404/1001/404 403/1000/403 
f 437/1034/437 403/1000/403 436/1033/436 
f 438/1035/438 405/1002/405 404/1001/404 
f 438/1035/438 404/1001/404 437/1034/437 
f 439/1036/439 406/1003/406 405/1002/405 
f 439/1036/439 405/1002/405 438/1035/438 
f 440/1037/440 407/1004/407 406/1003/406 
f 440/1037/440 406/1003/406 439/1036/439 
f 441/1038/441 408/1005/408 407/1004/407 
f 441/1038/441 407/1004/407 440/1037/440 
f 442/1039/442 409/1006/409 408/1005/408 
f 442/1039/442 408/1005/408 441/1038/441 
f 444/1040/444 411/1007/411 410/1008/410 
f 444/1040/444 410/1008/410 443/1041/443 
f 445/1042/445 412/1009/412 411/1007/411 
f 445/1042/445 411/1007/411 444/1040/444 
f 446/1043/446 413/1010/413 412/1009/412 
f 446/1043/446 412/1009/412 445/1042/445 
f 447/1044/447 414/1011/414 413/1010/413 
f 447/1044/447 413/1010/413 446/1043/446 
f 448/1045/448 415/1012/415 414/1011/414 
f 448/1045/448 414/1011/414 447/1044/447 
f 449/1046/449 416/1013/416 415/1012/415 
f 449/1046/449 415/1012/415 448/1045/448 
f 450/1047/450 417/1014/417 416/1013/416 
f 450/1047/450 416/1013/416 449/1046/449 
f 451/1048/451 418/1015/418 417/1014/417 
f 451/1048/451 417/1014/417 450/1047/450 
f 452/1049/452 419/1016/419 418/1015/418 
f 452/1049/452 418/1015/418 451/1048/451 
f 453/1050/453 420/1017/420 419/1016/419 
f 453/1050/453 419/1016/419 452/1049/452 
f 454/1051/454 421/1018/421 420/1017/420 
f 454/1051/454 420/1017/420 453/1050/453 
f 455/1052/455 422/1019/422 421/1018/421 
f 455/1052/455 421/1018/421 454/1051/454 
f 456/1053/456 423/1020/423 422/1019/422 
f 456/1053/456 422/1019/422 455/1052/455 
f 457/1054/457 424/1021/424 423/1020/423 
f 457/1054/457 423/1020/423 456/1053/456 
f 458/1055/458 425/1022/425 424/1021/424 
f 458/1055/458 424/1021/424 457/1054/457 
f 459/1056/459 426/1023/426 425/1022/425 
f 459/1056/459 425/1022/425 458/1055/458 
f 460/1057/460 427/1024/427 426/1023/426 
f 460/1057/460 426/1023/426 459/1056/459 
f 461/1058/461 428/1025/428 427/1024/427 
f 461/1058/461 427/1024/427 460/1057/460 
f 462/1059/462 429/1026/429 428/1025/428 
f 462/1059/462 428/1025/428 461/1058/461 
f 463/1060/463 430/1027/430 429/1026/429 
f 463/1060/463 429/1026/429 462/1059/462 
f 464/1061/464 431/1028/431 430/1027/430 
f 464/1061/464 430/1027/430 463/1060/463 
f 465/1062/465 432/1029/432 431/1028/431 
f 465/1062/465 431/1028/431 464/1061/464 
f 466/1063/466 433/1030/433 432/1029/432 
f 466/1063/466 432/1029/432 465/1062/465 
f 467/1064/467 434/1031/434 433/1030/433 
f 467/1064/467 433/1030/433 466/1063/466 
f 468/1065/468 435/1032/435 434/1031/434 
f 468/1065/468 434/1031/434 467/1064/467 
f 469/1066/469 436/1033/436 435/1032/435 
f 469/1066/469 435/1032/435 468/1065/468 
f 470/1067/470 437/1034/437 436/1033/436 
f 470/1067/470 436/1033/436 469/1066/469 
f 471/1068/471 438/1035/438 437/1034/437 
f 471/1068/471 437/1034/437 470/1067/470 
f 472/1069/472 439/1036/439 438/1035/438 
f 472/1069/472 438/1035/438 471/1068/471 
f 473/1070/473 440/1037/440 439/1036/439 
f 473/1070/473 439/1036/439 472/1069/472 
f 474/1071/474 441/1038/441 440/1037/440 
f 474/1071/474 440/1037/440 473/1070/473 
f 475/1072/475 442/1039/442 441/1038/441 
f 475/1072/475 441/1038/441 474/1071/474 
f 477/1073/477 444/1040/444 443/1041/443 
f 477/1073/477 443/1041/443 476/1074/476 
f 478/1075/478 445/1042/445 444/1040/444 
f 478/1075/478 444/1040/444 477/1073/477 
f 479/1076/479 446/1043/446 445/1042/445 
f 479/1076/479 445/1042/445 478/1075/478 
f 480/1077/480 447/1044/447 446/1043/446 
f 480/1077/480 446/1043/446 479/1076/479 
f 481/1078/481 448/1045/448 447/1044/447 
f 481/1078/481 447/1044/447 480/1077/480 
f 482/1079/482 449/1046/449 448/1045/448 
f 482/1079/482 448/1045/448 481/1078/481 
f 483/1080/483 450/1047/450 449/1046/449 
f 483/1080/483 449/1046/449 482/1079/482 
f 484/1081/484 451/1048/451 450/1047/450 
f 484/1081/484 450/1047/450 483/1080/483 
f 485/1082/485 452/1049/452 451/1048/451 
f 485/1082/485 451/1048/451 484/1081/484 
f 486/1083/486 453/1050/453 452/1049/452 
f 486/1083/486 452/1049/452 485/1082/485 
f 487/1084/487 454/1051/454 453/1050/453 
f 487/1084/487 453/1050/453 486/1083/486 
f 488/1085/488 455/1052/455 454/1051/454 
f 488/1085/488 454/1051/454 487/1084/487 
f 489/1086/489 456/1053/456 455/1052/455 
f 489/1086/489 455/1052/455 488/1085/488 
f 490/1087/490 457/1054/457 456/1053/456 
f 490/1087/490 456/1053/456 489/1086/489 
f 491/1088/491 458/1055/458 457/1054/457 
f 491/1088/491 457/1054/457 490/1087/490 
f 492/1089/492 459/1056/459 458/1055/458 
f 492/1089/492 458/1055/458 491/1088/491 
f 493/1090/493 460/1057/460 459/1056/459 
f 493/1090/493 459/1056/459 492/1089/492 
f 494/1091/494 461/1058/461 460/1057/460 
f 494/1091/494 460/1057/460 493/1090/493 
f 495/1092/495 462/1059/462 461/1058/461 
f 495/1092/495 461/1058/461 494/1091/494 
f 496/1093/496 463/1060/463 462/1059/462 
f 496/1093/496 462/1059/462 495/1092/495 
f 497/1094/497 464/1061/464 463/1060/463 
f 497/1094/497 463/1060/463 496/1093/496 
f 498/1095/498 465/1062/465 464/1061/464 
f 498/1095/498 464/1061/464 497/1094/497 
f 499/1096/499 466/1063/466 465/1062/465 
f 499/1096/499 465/1062/465 498/1095/498 
f 500/1097/500 467/1064/467 466/1063/466 
f 500/1097/500 466/1063/466 499/1096/499 
f 501/1098/501 468/1065/468 467/1064/467 
f 501/1098/501 467/1064/467 500/1097/500 
f 502/1099/502 469/1066/469 468/1065/468 
f 502/1099/502 468/1065/468 501/1098/501 
f 503/1100/503 470/1067/470 469/1066/469 
f 503/1100/503 469/1066/469 502/1099/502 
f 504/1101/504 471/1068/471 470/1067/470 
f 504/1101/504 470/1067/470 503/1100/503 
f 505/1102/505 472/1069/472 471/1068/471 
f 505/1102/505 471/1068/471 504/1101/504 
f 506/1103/506 473/1070/473 472/1069/472 
f 506/1103/506 472/1069/472 505/1102/505 
f 507/1104/507 474/1071/474 473/1070/473 
f 507/1104/507 473/1070/473 506/1103/506 
f 508/1105/508 475/1072/475 474/1071/474 
f 508/1105/508 474/1071/474 507/1104/507 
f 510/1106/510 477/1073/477 476/1074/476 
f 510/1106/510 476/1074/476 509/1107/509 
f 511/1108/511 478/1075/478 477/1073/477 
f 511/1108/511 477/1073/477 510/1106/510 
f 512/1109/512 479/1076/479 478/1075/478 
f 512/1109/512 478/1075/478 511/1108/511 
f 513/1110/513 480/1077/480 479/1076/479 
f 513/1110/513 479/1076/479 512/1109/512 
f 514/1111/514 481/1078/481 480/1077/480 
f 514/1111/514 480/1077/480 513/1110/513 
f 515/1112/515 482/1079/482 481/1078/481 
f 515/1112/515 481/1078/481 514/1111/514 
f 516/1113/516 483/1080/483 482/1079/482 
f 516/1113/516 482/1079/482 515/1112/515 
f 517/1114/517 484/1081/484 483/1080/483 
f 517/1114/517 483/1080/483 516/1113/516 
f 518/1115/518 485/1082/485 484/1081/484 
f 518/1115/518 484/1081/484 517/1114/517 
f 519/1116/519 486/1083/486 485/1082/485 
f 519/1116/519 485/1082/485 518/1115/518 
f 520/1117/520 487/1084/487 486/1083/486 
f 520/1117/520 486/1083/486 519/1116/519 
f 521/1118/521 488/1085/488 487/1084/487 
f 521/1118/521 487/1084/487 520/1117/520 
f 522/1119/522 489/1086/489 488/1085/488 
f 522/1119/522 488/1085/488 521/1118/521 
f 523/1120/523 490/1087/490 489/1086/489 
f 523/1120/523 489/1086/489 522/1119/522 
f 524/1121/524 491/1088/491 490/1087/490 
f 524/1121/524 490/1087/490 523/1120/523 
f 525/1122/525 492/1089/492 491/1088/491 
f 525/1122/525 491/1088/491 524/1121/524 
f 526/1123/526 493/1090/493 492/1089/492 
f 526/1123/526 492/1089/492 525/1122/525 
f 527/1124/527 494/1091/494 493/1090/493 
f 527/1124/527 493/1090/493 526/1123/526 
f 528/1125/528 495/1092/495 494/1091/494 
f 528/1125/528 494/1091/494 527/1124/527 
f 529/1126/529 496/1093/496 495/1092/495 
f 529/1126/529 495/1092/495 528/1125/528 
f 530/1127/530 497/1094/497 496/1093/496 
f 530/1127/530 496/1093/496 529/1126/529 
f 531/1128/531 498/1095/498 497/1094/497 
f 531/1128/531 497/1094/497 530/1127/530 
f 532/1129/532 499/1096/499 498/1095/498 
f 532/1129/532 498/1095/498 531/1128/531 
f 533/1130/533 500/1097/500 499/1096/499 
f 533/1130/533 499/1096/499 532/1129/532 
f 534/1131/534 501/1098/501 500/1097/500 
f 534/1131/534 500/1097/500 533/1130/533 
f 535/1132/535 502/1099/502 501/1098/501 
f 535/1132/535 501/1098/501 534/1131/534 
f 536/1133/536 503/1100/503 502/1099/502 
f 536/1133/536 502/1099/502 535/1132/535 
f 537/1134/537 504/1101/504 503/1100/503 
f 537/1134/537 503/1100/503 536/1133/536 
f 538/1135/538 505/1102/505 504/1101/504 
f 538/1135/538 504/1101/504 537/1134/537 
f 539/1136/539 506/1103/506 505/1102/505 
f 539/1136/539 505/1102/505 538/1135/538 
f 540/1137/540 507/1104/507 506/1103/506 
f 540/1137/540 506/1103/506 539/1136/539 
f 541/1138/541 508/1105/508 507/1104/507 
f 541/1138/541 507/1104/507 540/1137/540 
f 543/1139/543 510/1106/510 509/1107/509 
f 543/1139/543 509/1107/509 542/1140/542 
f 544/1141/544 511/1108/511 510/1106/510 
f 544/1141/544 510/1106/510 543/1139/543 
f 545/1142/545 512/1109/512 511/1108/511 
f 545/1142/545 511/1108/511 544/1141/544 
f 546/1143/546 513/1110/513 512/1109/512 
f 546/1143/546 512/1109/512 545/1142/545 
f 547/1144/547 514/1111/514 513/1110/513 
f 547/1144/547 513/1110/513 546/1143/546 
f 548/1145/548 515/1112/515 514/1111/514 
f 548/1145/548 514/1111/514 547/1144/547 
f 549/1146/549 516/1113/516 515/1112/515 
f 549/1146/549 515/1112/515 548/1145/548 
f 550/1147/550 517/1114/517 516/1113/516 
f 550/1147/550 516/1113/516 549/1146/549 
f 551/1148/551 518/1115/518 517/1114/517 
f 551/1148/551 517/1114/517 550/1147/550 
f 552/1149/552 519/1116/519 518/1115/518 
f 552/1149/552 518/1115/518 551/1148/551 
f 553/1150/553 520/1117/520 519/1116/519 
f 553/1150/553 519/1116/519 552/1149/552 
f 554/1151/554 521/1118/521 520/1117/520 
f 554/1151/554 520/1117/520 553/1150/553 
f 555/1152/555 522/1119/522 521/1118/521 
f 555/1152/555 521/1118/521 554/1151/554 
f 556/1153/556 523/1120/523 522/1119/522 
f 556/1153/556 522/1119/522 555/1152/555 
f 557/1154/557 524/1121/524 523/1120/523 
f 557/1154/557 523/1120/523 556/1153/556 
f 558/1155/558 525/1122/525 524/1121/524 
f 558/1155/558 524/1121/524 557/1154/557 
f 559/1156/559 526/1123/526 525/1122/525 
f 559/1156/559 525/1122/525 558/1155/558 
f 560/1157/560 527/1124/527 526/1123/526 
f 560/1157/560 526/1123/526 559/1156/559 
f 561/1158/561 528/1125/528 527/1124/527 
f 561/1158/561 527/1124/527 560/1157/560 
f 562/1159/562 529/1126/529 528/1125/528 
f 562/1159/562 528/1125/528 561/1158/561 
f 563/1160/563 530/1127/530 529/1126/529 
f 563/1160/563 529/1126/529 562/1159/562 
f 564/1161/564 531/1128/531 530/1127/530 
f 564/1161/564 530/1127/530 563/1160/563 
f 565/1162/565 532/1129/532 531/1128/531 
f 565/1162/565 531/1128/531 564/1161/564 
f 566/1163/566 533/1130/533 532/1129/532 
f 566/1163/566 532/1129/532 565/1162/565 
f 567/1164/567 534/1131/534 533/1130/533 
f 567/1164/567 533/1130/533 566/1163/566 
f 568/1165/568 535/1132/535 534/1131/534 
f 568/1165/568 534/1131/534 567/1164/567 
f 569/1166/569 536/1133/536 535/1132/535 
f 569/1166/569 535/1132/535 568/1165/568 
f 570/1167/570 537/1134/537 536/1133/536 
f 570/1167/570 536/1133/536 569/1166/569 
f 571/1168/571 538/1135/538 537/1134/537 
f 571/1168/571 537/1134/537 570/1167/570 
f 572/1169/572 539/1136/539 538/1135/538 
f 572/1169/572 538/1135/538 571/1168/571 
f 573/1170/573 540/1137/540 539/1136/539 
f 573/1170/573 539/1136/539 572/1169/572 
f 574/1171/574 541/1138/541 540/1137/540 
f 574/1171/574 540/1137/540 573/1170/573 
f 576/1172/576 543/1139/543 542/1140/542 
f 576/1172/576 542/1140/542 575/1173/575 
f 577/1174/577 544/1141/544 543/1139/543 
f 577/1174/577 543/1139/543 576/1172/576 
f 578/1175/578 545/1142/545 544/1141/544 
f 578/1175/578 544/1141/544 577/1174/577 
f 579/1176/579 546/1143/546 545/1142/545 
f 579/1176/579 545/1142/545 578/1175/578 
f 580/1177/580 547/1144/547 546/1143/546 
f 580/1177/580 546/1143/546 579/1176/579 
f 581/1178/581 548/1145/548 547/1144/547 
f 581/1178/581 547/1144/547 580/1177/580 
f 582/1179/582 549/1146/549 548/1145/548 
f 582/1179/582 548/1145/548 581/1178/581 
f 583/1180/583 550/1147/550 549/1146/549 
f 583/1180/583 549/1146/549 582/1179/582 
f 584/1181/584 551/1148/551 550/1147/550 
f 584/1181/584 550/1147/550 583/1180/583 
f 585/1182/585 552/1149/552 551/1148/551 
f 585/1182/585 551/1148/551 584/1181/584 
f 586/1183/586 553/1150/553 552/1149/552 
f 586/1183/586 552/1149/552 585/1182/585 
f 587/1184/587 554/1151/554 553/1150/553 
f 587/1184/587 553/1150/553 586/1183/586 
f 588/1185/588 555/1152/555 554/1151/554 
f 588/1185/588 554/1151/554 587/1184/587 
f 589/1186/589 556/1153/556 555/1152/555 
f 589/1186/589 555/1152/555 588/1185/588 
f 590/1187/590 557/1154/557 556/1153/556 
f 590/1187/590 556/1153/556 589/1186/589 
f 591/1188/591 558/1155/558 557/1154/557 
f 591/1188/591 557/1154/557 590/1187/590 
f 592/1189/592 559/1156/559 558/1155/558 
f 592/1189/592 558/1155/558 591/1188/591 
f 593/1190/593 560/1157/560 559/1156/559 
f 593/1190/593 559/1156/559 592/1189/592 
f 594/1191/594 561/1158/561 560/1157/560 
f 594/1191/594 560/1157/560 593/1190/593 
f 595/1192/595 562/1159/562 561/1158/561 
f 595/1192/595 561/1158/561 594/1191/594 
f 596/1193/596 563/1160/563 562/1159/562 
f 596/1193/596 562/1159/562 595/1192/595 
f 597/1194/597 564/1161/564 563/1160/563 
f 597/1194/597 563/1160/563 596/1193/596 
f 598/1195/598 565/1162/565 564/1161/564 
f 598/1195/598 564/1161/564 597/1194/597 
f 599/1196/599 566/1163/566 565/1162/565 
f 599/1196/599 565/1162/565 598/1195/598 
f 600/1197/600 567/1164/567 566/1163/566 
f 600/1197/600 566/1163/566 599/1196/599 
f 601/1198/601 568/1165/568 567/1164/567 
f 601/1198/601 567/1164/567 600/1197/600 
f 602/1199/602 569/1166/569 568/1165/568 
f 602/1199/602 568/1165/568 601/1198/601 
f 603/1200/603 570/1167/570 569/1166/569 
f 603/1200/603 569/1166/569 602/1199/602 
f 604/1201/604 571/1168/571 570/1167/570 
f 604/1201/604 570/1167/570 603/1200/603 
f 605/1202/605 572/1169/572 571/1168/571 
f 605/1202/605 571/1168/571 604/1201/604 
f 606/1203/606 573/1170/573 572/1169/572 
f 606/1203/606 572/1169/572 605/1202/605 
f 607/1204/607 574/1171/574 573/1170/573 
f 607/1204/607 573/1170/573 606/1203/606 
f 609/1205/609 576/1172/576 575/1173/575 
f 609/1205/609 575/1173/575 608/1206/608 
f 610/1207/610 577/1174/577 576/1172/576 
f 610/1207/610 576/1172/576 609/1205/609 
f 611/1208/611 578/1175/578 577/1174/577 
f 611/1208/611 577/1174/577 610/1207/610 
f 612/1209/612 579/1176/579 578/1175/578 
f 612/1209/612 578/1175/578 611/1208/611 
f 613/1210/613 580/1177/580 579/1176/579 
f 613/1210/613 579/1176/579 612/1209/612 
f 614/1211/614 581/1178/581 580/1177/580 
f 614/1211/614 580/1177/580 613/1210/613 
f 615/1212/615 582/1179/582 581/1178/581 
f 615/1212/615 581/1178/581 614/1211/614 
f 616/1213/616 583/1180/583 582/1179/582 
f 616/1213/616 582/1179/582 615/1212/615 
f 617/1214/617 584/1181/584 583/1180/583 
f 617/1214/617 583/1180/583 616/1213/616 
f 618/1215/618 585/1182/585 584/1181/584 
f 618/1215/618 584/1181/584 617/1214/617 
f 619/1216/619 586/1183/586 585/1182/585 
f 619/1216/619 585/1182/585 618/1215/618 
f 620/1217/620 587/1184/587 586/1183/586 
f 620/1217/620 586/1183/586 619/1216/619 
f 621/1218/621 588/1185/588 587/1184/587 
f 621/1218/621 587/1184/587 620/1217/620 
f 622/1219/622 589/1186/589 588/1185/588 
f 622/1219/622 588/1185/588 621/1218/621 
f 623/1220/623 590/1187/590 589/1186/589 
f 623/1220/623 589/1186/589 622/1219/622 
f 624/1221/624 591/1188/591 590/1187/590 
f 624/1221/624 590/1187/590 623/1220/623 
f 625/1222/625 592/1189/592 591/1188/591 
f 625/1222/625 591/1188/591 624/1221/624 
f 626/1223/626 593/1190/593 592/1189/592 
f 626/1223/626 592/1189/592 625/1222/625 
f 627/1224/627 594/1191/594 593/1190/593 
f 627/1224/627 593/1190/593 626/1223/626 
f 628/1225/628 595/1192/595 594/1191/594 
f 628/1225/628 594/1191/594 627/1224/627 
f 629/1226/629 596/1193/596 595/1192/595 
f 629/1226/629 595/1192/595 628/1225/628 
f 630/1227/630 597/1194/597 596/1193/596 
f 630/1227/630 596/1193/596 629/1226/629 
f 631/1228/631 598/1195/598 597/1194/597 
f 631/1228/631 597/1194/597 630/1227/630 
f 632/1229/632 599/1196/599 598/1195/598 
f 632/1229/632 598/1195/598 631/1228/631 
f 633/1230/633 600/1197/600 599/1196/599 
f 633/1230/633 599/1196/599 632/1229/632 
f 634/1231/634 601/1198/601 600/1197/600 
f 634/1231/634 600/1197/600 633/1230/633 
f 635/1232/635 602/1199/602 601/1198/601 
f 635/1232/635 601/1198/601 634/1231/634 
f 636/1233/636 603/1200/603 602/1199/602 
f 636/1233/636 602/1199/602 635/1232/635 
f 637/1234/637 604/1201/604 603/1200/603 
f 637/1234/637 603/1200/603 636/1233/636 
f 638/1235/638 605/1202/605 604/1201/604 
f 638/1235/638 604/1201/604 637/1234/637 
f 639/1236/639 606/1203/606 605/1202/605 
f 639/1236/639 605/1202/605 638/1235/638 
f 640/1237/640 607/1204/607 606/1203/606 
f 640/1237/640 606/1203/606 639/1236/639 
f 642/1238/642 609/1205/609 608/1206/608 
f 642/1238/642 608/1206/608 641/1239/641 
f 643/1240/643 610/1207/610 609/1205/609 
f 643/1240/643 609/1205/609 642/1238/642 
f 644/1241/644 611/1208/611 610/1207/610 
f 644/1241/644 610/1207/610 643/1240/643 
f 645/1242/645 612/1209/612 611/1208/611 
f 645/1242/645 611/1208/611 644/1241/644 
f 646/1243/646 613/1210/613 612/1209/612 
f 646/1243/646 612/1209/612 645/1242/645 
f 647/1244/647 614/1211/614 613/1210/613 
f 647/1244/647 613/1210/613 646/1243/646 
f 648/1245/648 615/1212/615 614/1211/614 
f 648/1245/648 614/1211/614 647/1244/647 
f 649/1246/649 616/1213/616 615/1212/615 
f 649/1246/649 615/1212/615 648/1245/648 
f 650/1247/650 617/1214/617 616/1213/616 
f 650/1247/650 616/1213/616 649/1246/649 
f 651/1248/651 618/1215/618 617/1214/617 
f 651/1248/651 617/1214/617 650/1247/650 
f 652/1249/652 619/1216/619 618/1215/618 
f 652/1249/652 618/1215/618 651/1248/651 
f 653/1250/653 620/1217/620 619/1216/619 
f 653/1250/653 619/1216/619 652/1249/652 
f 654/1251/654 621/1218/621 620/1217/620 
f 654/1251/654 620/1217/620 653/1250/653 
f 655/1252/655 622/1219/622 621/1218/621 
f 655/1252/655 621/1218/621 654/1251/654 
f 656/1253/656 623/1220/623 622/1219/622 
f 656/1253/656 622/1219/622 655/1252/655 
f 657/1254/657 624/1221/624 623/1220/623 
f 657/1254/657 623/1220/623 656/1253/656 
f 658/1255/658 625/1222/625 624/1221/624 
f 658/1255/658 624/1221/624 657/1254/657 
f 659/1256/659 626/1223/626 625/1222/625 
f 659/1256/659 625/1222/625 658/1255/658 
f 660/1257/660 627/1224/627 626/1223/626 
f 660/1257/660 626/1223/626 659/1256/659 
f 661/1258/661 628/1225/628 627/1224/627 
f 661/1258/661 627/1224/627 660/1257/660 
f 662/1259/662 629/1226/629 628/1225/628 
f 662/1259/662 628/1225/628 661/1258/661 
f 663/1260/663 630/1227/630 629/1226/629 
f 663/1260/663 629/1226/629 662/1259/662 
f 664/1261/664 631/1228/631 630/1227/630 
f 664/1261/664 630/1227/630 663/1260/663 
f 665/1262/665 632/1229/632 631/1228/631 
f 665/1262/665 631/1228/631 664/1261/664 
f 666/1263/666 633/1230/633 632/1229/632 
f 666/1263/666 632/1229/632 665/1262/665 
f 667/1264/667 634/1231/634 633/1230/633 
f 667/1264/667 633/1230/633 666/1263/666 
f 668/1265/668 635/1232/635 634/1231/634 
f 668/1265/668 634/1231/634 667/1264/667 
f 669/1266/669 636/1233/636 635/1232/635 
f 669/1266/669 635/1232/635 668/1265/668 
f 670/1267/670 637/1234/637 636/1233/636 
f 670/1267/670 636/1233/636 669/1266/669 
f 671/1268/671 638/1235/638 637/1234/637 
f 671/1268/671 637/1234/637 670/1267/670 
f 672/1269/672 639/1236/639 638/1235/638 
f 672/1269/672 638/1235/638 671/1268/671 
f 673/1270/673 640/1237/640 639/1236/639 
f 673/1270/673 639/1236/639 672/1269/672 
f 675/1271/675 642/1238/642 641/1239/641 
f 675/1271/675 641/1239/641 674/1272/674 
f 676/1273/676 643/1240/643 642/1238/642 
f 676/1273/676 642/1238/642 675/1271/675 
f 677/1274/677 644/1241/644 643/1240/643 
f 677/1274/677 643/1240/643 676/1273/676 
f 678/1275/678 645/1242/645 644/1241/644 
f 678/1275/678 644/1241/644 677/1274/677 
f 679/1276/679 646/1243/646 645/1242/645 
f 679/1276/679 645/1242/645 678/1275/678 
f 680/1277/680 647/1244/647 646/1243/646 
f 680/1277/680 646/1243/646 679/1276/679 
f 681/1278/681 648/1245/648 647/1244/647 
f 681/1278/681 647/1244/647 680/1277/680 
f 682/1279/682 649/1246/649 648/1245/648 
f 682/1279/682 648/1245/648 681/1278/681 
f 683/1280/683 650/1247/650 649/1246/649 
f 683/1280/683 649/1246/649 682/1279/682 
f 684/1281/684 651/1248/651 650/1247/650 
f 684/1281/684 650/1247/650 683/1280/683 
f 685/1282/685 652/1249/652 651/1248/651 
f 685/1282/685 651/1248/651 684/1281/684 
f 686/1283/686 653/1250/653 652/1249/652 
f 686/1283/686 652/1249/652 685/1282/685 
f 687/1284/687 654/1251/654 653/1250/653 
f 687/1284/687 653/1250/653 686/1283/686 
f 688/1285/688 655/1252/655 654/1251/654 
f 688/1285/688 654/1251/654 687/1284/687 
f 689/1286/689 656/1253/656 655/1252/655 
f 689/1286/689 655/1252/655 688/1285/688 
f 690/1287/690 657/1254/657 656/1253/656 
f 690/1287/690 656/1253/656 689/1286/689 
f 691/1288/691 658/1255/658 657/1254/657 
f 691/1288/691 657/1254/657 690/1287/690 
f 692/1289/692 659/1256/659 658/1255/658 
f 692/1289/692 658/1255/658 691/1288/691 
f 693/1290/693 660/1257/660 659/1256/659 
f 693/1290/693 659/1256/659 692/1289/692 
f 694/1291/694 661/1258/661 660/1257/660 
f 694/1291/694 660/1257/660 693/1290/693 
f 695/1292/695 662/1259/662 661/1258/661 
f 695/1292/695 661/1258/661 694/1291/694 
f 696/1293/696 663/1260/663 662/1259/662 
f 696/1293/696 662/1259/662 695/1292/695 
f 697/1294/697 664/1261/664 663/1260/663 
f 697/1294/697 663/1260/663 696/1293/696 
f 698/1295/698 665/1262/665 664/1261/664 
f 698/1295/698 664/1261/664 697/1294/697 
f 699/1296/699 666/1263/666 665/1262/665 
f 699/1296/699 665/1262/665 698/1295/698 
f 700/1297/700 667/1264/667 666/1263/666 
f 700/1297/700 666/1263/666 699/1296/699 
f 701/1298/701 668/1265/668 667/1264/667 
f 701/1298/701 667/1264/667 700/1297/700 
f 702/1299/702 669/1266/669 668/1265/668 
f 702/1299/702 668/1265/668 701/1298/701 
f 703/1300/703 670/1267/670 669/1266/669 
f 703/1300/703 669/1266/669 702/1299/702 
f 704/1301/704 671/1268/671 670/1267/670 
f 704/1301/704 670/1267/670 703/1300/703 
f 705/1302/705 672/1269/672 671/1268/671 
f 705/1302/705 671/1268/671 704/1301/704 
f 706/1303/706 673/1270/673 672/1269/672 
f 706/1303/706 672/1269/672 705/1302/705 
f 708/1304/708 675/1271/675 674/1272/674 
f 708/1304/708 674/1272/674 707/1305/707 
f 709/1306/709 676/1273/676 675/1271/675 
f 709/1306/709 675/1271/675 708/1304/708 
f 710/1307/710 677/1274/677 676/1273/676 
f 710/1307/710 676/1273/676 709/1306/709 
f 711/1308/711 678/1275/678 677/1274/677 
f 711/1308/711 677/1274/677 710/1307/710 
f 712/1309/712 679/1276/679 678/1275/678 
f 712/1309/712 678/1275/678 711/1308/711 
f 713/1310/713 680/1277/680 679/1276/679 
f 713/1310/713 679/1276/679 712/1309/712 
f 714/1311/714 681/1278/681 680/1277/680 
f 714/1311/714 680/1277/680 713/1310/713 
f 715/1312/715 682/1279/682 681/1278/681 
f 715/1312/715 681/1278/681 714/1311/714 
f 716/1313/716 683/1280/683 682/1279/682 
f 716/1313/716 682/1279/682 715/1312/715 
f 717/1314/717 684/1281/684 683/1280/683 
f 717/1314/717 683/1280/683 716/1313/716 
f 718/1315/718 685/1282/685 684/1281/684 
f 718/1315/718 684/1281/684 717/1314/717 
f 719/1316/719 686/1283/686 685/1282/685 
f 719/1316/719 685/1282/685 718/1315/718 
f 720/1317/720 687/1284/687 686/1283/686 
f 720/1317/720 686/1283/686 719/1316/719 
f 721/1318/721 688/1285/688 687/1284/687 
f 721/1318/721 687/1284/687 720/1317/720 
f 722/1319/722 689/1286/689 688/1285/688 
f 722/1319/722 688/1285/688 721/1318/721 
f 723/1320/723 690/1287/690 689/1286/689 
f 723/1320/723 689/1286/689 722/1319/722 
f 724/1321/724 691/1288/691 690/1287/690 
f 724/1321/724 690/1287/690 723/1320/723 
f 725/1322/725 692/1289/692 691/1288/691 
f 725/1322/725 691/1288/691 724/1321/724 
f 726/1323/726 693/1290/693 692/1289/692 
f 726/1323/726 692/1289/692 725/1322/725 
f 727/1324/727 694/1291/694 693/1290/693 
f 727/1324/727 693/1290/693 726/1323/726 
f 728/1325/728 695/1292/695 694/1291/694 
f 728/1325/728 694/1291/694 727/1324/727 
f 729/1326/729 696/1293/696 695/1292/695 
f 729/1326/729 695/1292/695 728/1325/728 
f 730/1327/730 697/1294/697 696/1293/696 
f 730/1327/730 696/1293/696 729/1326/729 
f 731/1328/731 698/1295/698 697/1294/697 
f 731/1328/731 697/1294/697 730/1327/730 
f 732/1329/732 699/1296/699 698/1295/698 
f 732/1329/732 698/1295/698 731/1328/731 
f 733/1330/733 700/1297/700 699/1296/699 
f 733/1330/733 699/1296/699 732/1329/732 
f 734/1331/734 701/1298/701 700/1297/700 
f 734/1331/734 700/1297/700 733/1330/733 
f 735/1332/735 702/1299/702 701/1298/701 
f 735/1332/735 701/1298/701 734/1331/734 
f 736/1333/736 703/1300/703 702/1299/702 
f 736/1333/736 702/1299/702 735/1332/735 
f 737/1334/737 704/1301/704 703/1300/703 
f 737/1334/737 703/1300/703 736/1333/736 
f 738/1335/738 705/1302/705 704/1301/704 
f 738/1335/738 704/1301/704 737/1334/737 
f 739/1336/739 706/1303/706 705/1302/705 
f 739/1336/739 705/1302/705 738/1335/738 
f 741/1337/741 708/1304/708 707/1305/707 
f 741/1337/741 707/1305/707 740/1338/740 
f 742/1339/742 709/1306/709 708/1304/708 
f 742/1339/742 708/1304/708 741/1337/741 
f 743/1340/743 710/1307/710 709/1306/709 
f 743/1340/743 709/1306/709 742/1339/742 
f 744/1341/744 711/1308/711 710/1307/710 
f 744/1341/744 710/1307/710 743/1340/743 
f 745/1342/745 712/1309/712 711/1308/711 
f 745/1342/745 711/1308/711 744/1341/744 
f 746/1343/746 713/1310/713 712/1309/712 
f 746/1343/746 712/1309/712 745/1342/745 
f 747/1344/747 714/1311/714 713/1310/713 
f 747/1344/747 713/1310/713 746/1343/746 
f 748/1345/748 715/1312/715 714/1311/714 
f 748/1345/748 714/1311/714 747/1344/747 
f 749/1346/749 716/1313/716 715/1312/715 
f 749/1346/749 715/1312/715 748/1345/748 
f 750/1347/750 717/1314/717 716/1313/716 
f 750/1347/750 716/1313/716 749/1346/749 
f 751/1348/751 718/1315/718 717/1314/717 
f 751/1348/751 717/1314/717 750/1347/750 
f 752/1349/752 719/1316/719 718/1315/718 
f 752/1349/752 718/1315/718 751/1348/751 
f 753/1350/753 720/1317/720 719/1316/719 
f 753/1350/753 719/1316/719 752/1349/752 
f 754/1351/754 721/1318/721 720/1317/720 
f 754/1351/754 720/1317/720 753/1350/753 
f 755/1352/755 722/1319/722 721/1318/721 
f 755/1352/755 721/1318/721 754/1351/754 
f 756/1353/756 723/1320/723 722/1319/722 
f 756/1353/756 722/1319/722 755/1352/755 
f 757/1354/757 724/1321/724 723/1320/723 
f 757/1354/757 723/1320/723 756/1353/756 
f 758/1355/758 725/1322/725 724/1321/724 
f 758/1355/758 724/1321/724 757/1354/757 
f 759/1356/759 726/1323/726 725/1322/725 
f 759/1356/759 725/1322/725 758/1355/758 
f 760/1357/760 727/1324/727 726/1323/726 
f 760/1357/760 726/1323/726 759/1356/759 
f 761/1358/761 728/1325/728 727/1324/727 
f 761/1358/761 727/1324/727 760/1357/760 
f 762/1359/762 729/1326/729 728/1325/728 
f 762/1359/762 728/1325/728 761/1358/761 
f 763/1360/763 730/1327/730 729/1326/729 
f 763/1360/763 729/1326/729 762/1359/762 
f 764/1361/764 731/1328/731 730/1327/730 
f 764/1361/764 730/1327/730 763/1360/763 
f 765/1362/765 732/1329/732 731/1328/731 
f 765/1362/765 731/1328/731 764/1361/764 
f 766/1363/766 733/1330/733 732/1329/732 
f 766/1363/766 732/1329/732 765/1362/765 
f 767/1364/767 734/1331/734 733/1330/733 
f 767/1364/767 733/1330/733 766/1363/766 
f 768/1365/768 735/1332/735 734/1331/734 
f 768/1365/768 734/1331/734 767/1364/767 
f 769/1366/769 736/1333/736 735/1332/735 
f 769/1366/769 735/1332/735 768/1365/768 
f 770/1367/770 737/1334/737 736/1333/736 
f 770/1367/770 736/1333/736 769/1366/769 
f 771/1368/771 738/1335/738 737/1334/737 
f 771/1368/771 737/1334/737 770/1367/770 
f 772/1369/772 739/1336/739 738/1335/738 
f 772/1369/772 738/1335/738 771/1368/771 
f 774/1370/774 741/1337/741 740/1338/740 
f 774/1370/774 740/1338/740 773/1371/773 
f 775/1372/775 742/1339/742 741/1337/741 
f 775/1372/775 741/1337/741 774/1370/774 
f 776/1373/776 743/1340/743 742/1339/742 
f 776/1373/776 742/1339/742 775/1372/775 
f 777/1374/777 744/1341/744 743/1340/743 
f 777/1374/777 743/1340/743 776/1373/776 
f 778/1375/778 745/1342/745 744/1341/744 
f 778/1375/778 744/1341/744 777/1374/777 
f 779/1376/779 746/1343/746 745/1342/745 
f 779/1376/779 745/1342/745 778/1375/778 
f 780/1377/780 747/1344/747 746/1343/746 
f 780/1377/780 746/1343/746 779/1376/779 
f 781/1378/781 748/1345/748 747/1344/747 
f 781/1378/781 747/1344/747 780/1377/780 
f 782/1379/782 749/1346/749 748/1345/748 
f 782/1379/782 748/1345/748 781/1378/781 
f 783/1380/783 750/1347/750 749/1346/749 
f 783/1380/783 749/1346/749 782/1379/782 
f 784/1381/784 751/1348/751 750/1347/750 
f 784/1381/784 750/1347/750 783/1380/783 
f 785/1382/785 752/1349/752 751/1348/751 
f 785/1382/785 751/1348/751 784/1381/784 
f 786/1383/786 753/1350/753 752/1349/752 
f 786/1383/786 752/1349/752 785/1382/785 
f 787/1384/787 754/1351/754 753/1350/753 
f 787/1384/787 753/1350/753 786/1383/786 
f 788/1385/788 755/1352/755 754/1351/754 
f 788/1385/788 754/1351/754 787/1384/787 
f 789/1386/789 756/1353/756 755/1352/755 
f 789/1386/789 755/1352/755 788/1385/788 
f 790/1387/790 757/1354/757 756/1353/756 
f 790/1387/790 756/1353/756 789/1386/789 
f 791/1388/791 758/1355/758 757/1354/757 
f 791/1388/791 757/1354/757 790/1387/790 
f 792/1389/792 759/1356/759 758/1355/758 
f 792/1389/792 758/1355/758 791/1388/791 
f 793/1390/793 760/1357/760 759/1356/759 
f 793/1390/793 759/1356/759 792/1389/792 
f 794/1391/794 761/1358/761 760/1357/760 
f 794/1391/794 760/1357/760 793/1390/793 
f 795/1392/795 762/1359/762 761/1358/761 
f 795/1392/795 761/1358/761 794/1391/794 
f 796/1393/796 763/1360/763 762/1359/762 
f 796/1393/796 762/1359/762 795/1392/795 
f 797/1394/797 764/1361/764 763/1360/763 
f 797/1394/797 763/1360/763 796/1393/796 
f 798/1395/798 765/1362/765 764/1361/764 
f 798/1395/798 764/1361/764 797/1394/797 
f 799/1396/799 766/1363/766 765/1362/765 
f 799/1396/799 765/1362/765 798/1395/798 
f 800/1397/800 767/1364/767 766/1363/766 
f 800/1397/800 766/1363/766 799/1396/799 
f 801/1398/801 768/1365/768 767/1364/767 
f 801/1398/801 767/1364/767 800/1397/800 
f 802/1399/802 769/1366/769 768/1365/768 
f 802/1399/802 768/1365/768 801/1398/801 
f 803/1400/803 770/1367/770 769/1366/769 
f 803/1400/803 769/1366/769 802/1399/802 
f 804/1401/804 771/1368/771 770/1367/770 
f 804/1401/804 770/1367/770 803/1400/803 
f 805/1402/805 772/1369/772 771/1368/771 
f 805/1402/805 771/1368/771 804/1401/804 
f 807/1403/807 774/1370/774 773/1371/773 
f 807/1403/807 773/1371/773 806/1404/806 
f 808/1405/808 775/1372/775 774/1370/774 
f 808/1405/808 774/1370/774 807/1403/807 
f 809/1406/809 776/1373/776 775/1372/775 
f 809/1406/809 775/1372/775 808/1405/808 
f 810/1407/810 777/1374/777 776/1373/776 
f 810/1407/810 776/1373/776 809/1406/809 
f 811/1408/811 778/1375/778 777/1374/777 
f 811/1408/811 777/1374/777 810/1407/810 
f 812/1409/812 779/1376/779 778/1375/778 
f 812/1409/812 778/1375/778 811/1408/811 
f 813/1410/813 780/1377/780 779/1376/779 
f 813/1410/813 779/1376/779 812/1409/812 
f 814/1411/814 781/1378/781 780/1377/780 
f 814/1411/814 780/1377/780 813/1410/813 
f 815/1412/815 782/1379/782 781/1378/781 
f 815/1412/815 781/1378/781 814/1411/814 
f 816/1413/816 783/1380/783 782/1379/782 
f 816/1413/816 782/1379/782 815/1412/815 
f 817/1414/817 784/1381/784 783/1380/783 
f 817/1414/817 783/1380/783 816/1413/816 
f 818/1415/818 785/1382/785 784/1381/784 
f 818/1415/818 784/1381/784 817/1414/817 
f 819/1416/819 786/1383/786 785/1382/785 
f 819/1416/819 785/1382/785 818/1415/818 
f 820/1417/820 787/1384/787 786/1383/786 
f 820/1417/820 786/1383/786 819/1416/819 
f 821/1418/821 788/1385/788 787/1384/787 
f 821/1418/821 787/1384/787 820/1417/820 
f 822/1419/822 789/1386/789 788/1385/788 
f 822/1419/822 788/1385/788 821/1418/821 
f 823/1420/823 790/1387/790 789/1386/789 
f 823/1420/823 789/1386/789 822/1419/822 
f 824/1421/824 791/1388/791 790/1387/790 
f 824/1421/824 790/1387/790 823/1420/823 
f 825/1422/825 792/1389/792 791/1388/791 
f 825/1422/825 791/1388/791 824/1421/824 
f 826/1423/826 793/1390/793 792/1389/792 
f 826/1423/826 792/1389/792 825/1422/825 
f 827/1424/827 794/1391/794 793/1390/793 
f 827/1424/827 793/1390/793 826/1423/826 
f 828/1425/828 795/1392/795 794/1391/794 
f 828/1425/828 794/1391/794 827/1424/827 
f 829/1426/829 796/1393/796 795/1392/795 
f 829/1426/829 795/1392/795 828/1425/828 
f 830/1427/830 797/1394/797 796/1393/796 
f 830/1427/830 796/1393/796 829/1426/829 
f 831/1428/831 798/1395/798 797/1394/797 
f 831/1428/831 797/1394/797 830/1427/830 
f 832/1429/832 799/1396/799 798/1395/798 
f 832/1429/832 798/1395/798 831/1428/831 
f 833/1430/833 800/1397/800 799/1396/799 
f 833/1430/833 799/1396/799 832/1429/832 
f 834/1431/834 801/1398/801 800/1397/800 
f 834/1431/834 800/1397/800 833/1430/833 
f 835/1432/835 802/1399/802 801/1398/801 
f 835/1432/835 801/1398/801 834/1431/834 
f 836/1433/836 803/1400/803 802/1399/802 
f 836/1433/836 802/1399/802 835/1432/835 
f 837/1434/837 804/1401/804 803/1400/803 
f 837/1434/837 803/1400/803 836/1433/836 
f 838/1435/838 805/1402/805 804/1401/804 
f 838/1435/838 804/1401/804 837/1434/837 
f 840/1436/840 807/1403/807 806/1404/806 
f 840/1436/840 806/1404/806 839/1437/839 
f 841/1438/841 808/1405/808 807/1403/807 
f 841/1438/841 807/1403/807 840/1436/840 
f 842/1439/842 809/1406/809 808/1405/808 
f 842/1439/842 808/1405/808 841/1438/841 
f 843/1440/843 810/1407/810 809/1406/809 
f 843/1440/843 809/1406/809 842/1439/842 
f 844/1441/844 811/1408/811 810/1407/810 
f 844/1441/844 810/1407/810 843/1440/843 
f 845/1442/845 812/1409/812 811/1408/811 
f 845/1442/845 811/1408/811 844/1441/844 
f 846/1443/846 813/1410/813 812/1409/812 
f 846/1443/846 812/1409/812 845/1442/845 
f 847/1444/847 814/1411/814 813/1410/813 
f 847/1444/847 813/1410/813 846/1443/846 
f 848/1445/848 815/1412/815 814/1411/814 
f 848/1445/848 814/1411/814 847/1444/847 
f 849/1446/849 816/1413/816 815/1412/815 
f 849/1446/849 815/1412/815 848/1445/848 
f 850/1447/850 817/1414/817 816/1413/816 
f 850/1447/850 816/1413/816 849/1446/849 
f 851/1448/851 818/1415/818 817/1414/817 
f 851/1448/851 817/1414/817 850/1447/850 
f 852/1449/852 819/1416/819 818/1415/818 
f 852/1449/852 818/1415/818 851/1448/851 
f 853/1450/853 820/1417/820 819/1416/819 
f 853/1450/853 819/1416/819 852/1449/852 
f 854/1451/854 821/1418/821 820/1417/820 
f 854/1451/854 820/1417/820 853/1450/853 
f 855/1452/855 822/1419/822 821/1418/821 
f 855/1452/855 821/1418/821 854/1451/854 
f 856/1453/856 823/1420/823 822/1419/822 
f 856/1453/856 822/1419/822 855/1452/855 
f 857/1454/857 824/1421/824 823/1420/823 
f 857/1454/857 823/1420/823 856/1453/856 
f 858/1455/858 825/1422/825 824/1421/824 
f 858/1455/858 824/1421/824 857/1454/857 
f 859/1456/859 826/1423/826 825/1422/825 
f 859/1456/859 825/1422/825 858/1455/858 
f 860/1457/860 827/1424/827 826/1423/826 
f 860/1457/860 826/1423/826 859/1456/859 
f 861/1458/861 828/1425/828 827/1424/827 
f 861/1458/861 827/1424/827 860/1457/860 
f 862/1459/862 829/1426/829 828/1425/828 
f 862/1459/862 828/1425/828 861/1458/861 
f 863/1460/863 830/1427/830 829/1426/829 
f 863/1460/863 829/1426/829 862/1459/862 
f 864/1461/864 831/1428/831 830/1427/830 
f 864/1461/864 830/1427/830 863/1460/863 
f 865/1462/865 832/1429/832 831/1428/831 
f 865/1462/865 831/1428/831 864/1461/864 
f 866/1463/866 833/1430/833 832/1429/832 
f 866/1463/866 832/1429/832 865/1462/865 
f 867/1464/867 834/1431/834 833/1430/833 
f 867/1464/867 833/1430/833 866/1463/866 
f 868/1465/868 835/1432/835 834/1431/834 
f 868/1465/868 834/1431/834 867/1464/867 
f 869/1466/869 836/1433/836 835/1432/835 
f 869/1466/869 835/1432/835 868/1465/868 
f 870/1467/870 837/1434/837 836/1433/836 
f 870/1467/870 836/1433/836 869/1466/869 
f 871/1468/871 838/1435/838 837/1434/837 
f 871/1468/871 837/1434/837 870/1467/870 
f 873/1469/873 840/1436/840 839/1437/839 
f 873/1469/873 839/1437/839 872/1470/872 
f 874/1471/874 841/1438/841 840/1436/840 
f 874/1471/874 840/1436/840 873/1469/873 
f 875/1472/875 842/1439/842 841/1438/841 
f 875/1472/875 841/1438/841 874/1471/874 
f 876/1473/876 843/1440/843 842/1439/842 
f 876/1473/876 842/1439/842 875/1472/875 
f 877/1474/877 844/1441/844 843/1440/843 
f 877/1474/877 843/1440/843 876/1473/876 
f 878/1475/878 845/1442/845 844/1441/844 
f 878/1475/878 844/1441/844 877/1474/877 
f 879/1476/879 846/1443/846 845/1442/845 
f 879/1476/879 845/1442/845 878/1475/878 
f 880/1477/880 847/1444/847 846/1443/846 
f 880/1477/880 846/1443/846 879/1476/879 
f 881/1478/881 848/1445/848 847/1444/847 
f 881/1478/881 847/1444/847 880/1477/880 
f 882/1479/882 849/1446/849 848/1445/848 
f 882/1479/882 848/1445/848 881/1478/881 
f 883/1480/883 850/1447/850 849/1446/849 
f 883/1480/883 849/1446/849 882/1479/882 
f 884/1481/884 851/1448/851 850/1447/850 
f 884/1481/884 850/1447/850 883/1480/883 
f 885/1482/885 852/1449/852 851/1448/851 
f 885/1482/885 851/1448/851 884/1481/884 
f 886/1483/886 853/1450/853 852/1449/852 
f 886/1483/886 852/1449/852 885/1482/885 
f 887/1484/887 854/1451/854 853/1450/853 
f 887/1484/887 853/1450/853 886/1483/886 
f 888/1485/888 855/1452/855 854/1451/854 
f 888/1485/888 854/1451/854 887/1484/887 
f 889/1486/889 856/1453/856 855/1452/855 
f 889/1486/889 855/1452/855 888/1485/888 
f 890/1487/890 857/1454/857 856/1453/856 
f 890/1487/890 856/1453/856 889/1486/889 
f 891/1488/891 858/1455/858 857/1454/857 
f 891/1488/891 857/1454/857 890/1487/890 
f 892/1489/892 859/1456/859 858/1455/858 
f 892/1489/892 858/1455/858 891/1488/891 
f 893/1490/893 860/1457/860 859/1456/859 
f 893/1490/893 859/1456/859 892/1489/892 
f 894/1491/894 861/1458/861 860/1457/860 
f 894/1491/894 860/1457/860 893/1490/893 
f 895/1492/895 862/1459/862 861/1458/861 
f 895/1492/895 861/1458/861 894/1491/894 
f 896/1493/896 863/1460/863 862/1459/862 
f 896/1493/896 862/1459/862 895/1492/895 
f 897/1494/897 864/1461/864 863/1460/863 
f 897/1494/897 863/1460/863 896/1493/896 
f 898/1495/898 865/1462/865 864/1461/864 
f 898/1495/898 864/1461/864 897/1494/897 
f 899/1496/899 866/1463/866 865/1462/865 
f 899/1496/899 865/1462/865 898/1495/898 
f 900/1497/900 867/1464/867 866/1463/866 
f 900/1497/900 866/1463/866 899/1496/899 
f 901/1498/901 868/1465/868 867/1464/867 
f 901/1498/901 867/1464/867 900/1497/900 
f 902/1499/902 869/1466/869 868/1465/868 
f 902/1499/902 868/1465/868 901/1498/901 
f 903/1500/903 870/1467/870 869/1466/869 
f 903/1500/903 869/1466/869 902/1499/902 
f 904/1501/904 871/1468/871 870/1467/870 
f 904/1501/904 870/1467/870 903/1500/903 
f 906/1502/906 873/1469/873 872/1470/872 
f 906/1502/906 872/1470/872 905/1503/905 
f 907/1504/907 874/1471/874 873/1469/873 
f 907/1504/907 873/1469/873 906/1502/906 
f 908/1505/908 875/1472/875 874/1471/874 
f 908/1505/908 874/1471/874 907/1504/907 
f 909/1506/909 876/1473/876 875/1472/875 
f 909/1506/909 875/1472/875 908/1505/908 
f 910/1507/910 877/1474/877 876/1473/876 
f 910/1507/910 876/1473/876 909/1506/909 
f 911/1508/911 878/1475/878 877/1474/877 
f 911/1508/911 877/1474/877 910/1507/910 
f 912/1509/912 879/1476/879 878/1475/878 
f 912/1509/912 878/1475/878 911/1508/911 
f 913/1510/913 880/1477/880 879/1476/879 
f 913/1510/913 879/1476/879 912/1509/912 
f 914/1511/914 881/1478/881 880/1477/880 
f 914/1511/914 880/1477/880 913/1510/913 
f 915/1512/915 882/1479/882 881/1478/881 
f 915/1512/915 881/1478/881 914/1511/914 
f 916/1513/916 883/1480/883 882/1479/882 
f 916/1513/916 882/1479/882 915/1512/915 
f 917/1514/917 884/1481/884 883/1480/883 
f 917/1514/917 883/1480/883 916/1513/916 
f 918/1515/918 885/1482/885 884/1481/884 
f 918/1515/918 884/1481/884 917/1514/917 
f 919/1516/919 886/1483/886 885/1482/885 
f 919/1516/919 885/1482/885 918/1515/918 
f 920/1517/920 887/1484/887 886/1483/886 
f 920/1517/920 886/1483/886 919/1516/919 
f 921/1518/921 888/1485/888 887/1484/887 
f 921/1518/921 887/1484/887 920/1517/920 
f 922/1519/922 889/1486/889 888/1485/888 
f 922/1519/922 888/1485/888 921/1518/921 
f 923/1520/923 890/1487/890 889/1486/889 
f 923/1520/923 889/1486/889 922/1519/922 
f 924/1521/924 891/1488/891 890/1487/890 
f 924/1521/924 890/1487/890 923/1520/923 
f 925/1522/925 892/1489/892 891/1488/891 
f 925/1522/925 891/1488/891 924/1521/924 
f 926/1523/926 893/1490/893 892/1489/892 
f 926/1523/926 892/1489/892 925/1522/925 
f 927/1524/927 894/1491/894 893/1490/893 
f 927/1524/927 893/1490/893 926/1523/926 
f 928/1525/928 895/1492/895 894/1491/894 
f 928/1525/928 894/1491/894 927/1524/927 
f 929/1526/929 896/1493/896 895/1492/895 
f 929/1526/929 895/1492/895 928/1525/928 
f 930/1527/930 897/1494/897 896/1493/896 
f 930/1527/930 896/1493/896 929/1526/929 
f 931/1528/931 898/1495/898 897/1494/897 
f 931/1528/931 897/1494/897 930/1527/930 
f 932/1529/932 899/1496/899 898/1495/898 
f 932/1529/932 898/1495/898 931/1528/931 
f 933/1530/933 900/1497/900 899/1496/899 
f 933/1530/933 899/1496/899 932/1529/932 
f 934/1531/934 901/1498/901 900/1497/900 
f 934/1531/934 900/1497/900 933/1530/933 
f 935/1532/935 902/1499/902 901/1498/901 
f 935/1532/935 901/1498/901 934/1531/934 
f 936/1533/936 903/1500/903 902/1499/902 
f 936/1533/936 902/1499/902 935/1532/935 
f 937/1534/937 904/1501/904 903/1500/903 
f 937/1534/937 903/1500/903 936/1533/936 
f 939/1535/939 906/1502/906 905/1503/905 
f 939/1535/939 905/1503/905 938/1536/938 
f 940/1537/940 907/1504/907 906/1502/906 
f 940/1537/940 906/1502/906 939/1535/939 
f 941/1538/941 908/1505/908 907/1504/907 
f 941/1538/941 907/1504/907 940/1537/940 
f 942/1539/942 909/1506/909 908/1505/908 
f 942/1539/942 908/1505/908 941/1538/941 
f 943/1540/943 910/1507/910 909/1506/909 
f 943/1540/943 909/1506/909 942/1539/942 
f 944/1541/944 911/1508/911 910/1507/910 
f 944/1541/944 910/1507/910 943/1540/943 
f 945/1542/945 912/1509/912 911/1508/911 
f 945/1542/945 911/1508/911 944/1541/944 
f 946/1543/946 913/1510/913 912/1509/912 
f 946/1543/946 912/1509/912 945/1542/945 
f 947/1544/947 914/1511/914 913/1510/913 
f 947/1544/947 913/1510/913 946/1543/946 
f 948/1545/948 915/1512/915 914/1511/914 
f 948/1545/948 914/1511/914 947/1544/947 
f 949/1546/949 916/1513/916 915/1512/915 
f 949/1546/949 915/1512/915 948/1545/948 
f 950/1547/950 917/1514/917 916/1513/916 
f 950/1547/950 916/1513/916 949/1546/949 
f 951/1548/951 918/1515/918 917/1514/917 
f 951/1548/951 917/1514/917 950/1547/950 
f 952/1549/952 919/1516/919 918/1515/918 
f 952/1549/952 918/1515/918 951/1548/951 
f 953/1550/953 920/1517/920 919/1516/919 
f 953/1550/953 919/1516/919 952/1549/952 
f 954/1551/954 921/1518/921 920/1517/920 
f 954/1551/954 920/1517/920 953/1550/953 
f 955/1552/955 922/1519/922 921/1518/921 
f 955/1552/955 921/1518/921 954/1551/954 
f 956/1553/956 923/1520/923 922/1519/922 
f 956/1553/956 922/1519/922 955/1552/955 
f 957/1554/957 924/1521/924 923/1520/923 
f 957/1554/957 923/1520/923 956/1553/956 
f 958/1555/958 925/1522/925 924/1521/924 
f 958/1555/958 924/1521/924 957/1554/957 
f 959/1556/959 926/1523/926 925/1522/925 
f 959/1556/959 925/1522/925 958/1555/958 
f 960/1557/960 927/1524/927 926/1523/926 
f 960/1557/960 926/1523/926 959/1556/959 
f 961/1558/961 928/1525/928 927/1524/927 
f 961/1558/961 927/1524/927 960/1557/960 
f 962/1559/962 929/1526/929 928/1525/928 
f 962/1559/962 928/1525/928 961/1558/961 
f 963/1560/963 930/1527/930 929/1526/929 
f 963/1560/963 929/1526/929 962/1559/962 
f 964/1561/964 931/1528/931 930/1527/930 
f 964/1561/964 930/1527/930 963/1560/963 
f 965/1562/965 932/1529/932 931/1528/931 
f 965/1562/965 931/1528/931 964/1561/964 
f 966/1563/966 933/1530/933 932/1529/932 
f 966/1563/966 932/1529/932 965/1562/965 
f 967/1564/967 934/1531/934 933/1530/933 
f 967/1564/967 933/1530/933 966/1563/966 
f 968/1565/968 935/1532/935 934/1531/934 
f 968/1565/968 934/1531/934 967/1564/967 
f 969/1566/969 936/1533/936 935/1532/935 
f 969/1566/969 935/1532/935 968/1565/968 
f 970/1567/970 937/1534/937 936/1533/936 
f 970/1567/970 936/1533/936 969/1566/969 
f 972/1568/972 939/1535/939 938/1536/938 
f 972/1568/972 938/1536/938 971/1569/971 
f 973/1570/973 940/1537/940 939/1535/939 
f 973/1570/973 939/1535/939 972/1568/972 
f 974/1571/974 941/1538/941 940/1537/940 
f 974/1571/974 940/1537/940 973/1570/973 
f 975/1572/975 942/1539/942 941/1538/941 
f 975/1572/975 941/1538/941 974/1571/974 
f 976/1573/976 943/1540/943 942/1539/942 
f 976/1573/976 942/1539/942 975/1572/975 
f 977/1574/977 944/1541/944 943/1540/943 
f 977/1574/977 943/1540/943 976/1573/976 
f 978/1575/978 945/1542/945 944/1541/944 
f 978/1575/978 944/1541/944 977/1574/977 
f 979/1576/979 946/1543/946 945/1542/945 
f 979/1576/979 945/1542/945 978/1575/978 
f 980/1577/980 947/1544/947 946/1543/946 
f 980/1577/980 946/1543/946 979/1576/979 
f 981/1578/981 948/1545/948 947/1544/947 
f 981/1578/981 947/1544/947 980/1577/980 
f 982/1579/982 949/1546/949 948/1545/948 
f 982/1579/982 948/1545/948 981/1578/981 
f 983/1580/983 950/1547/950 949/1546/949 
f 983/1580/983 949/1546/949 982/1579/982 
f 984/1581/984 951/1548/951 950/1547/950 
f 984/1581/984 950/1547/950 983/1580/983 
f 985/1582/985 952/1549/952 951/1548/951 
f 985/1582/985 951/1548/951 984/1581/984 
f 986/1583/986 953/1550/953 952/1549/952 
f 986/1583/986 952/1549/952 985/1582/985 
f 987/1584/987 954/1551/954 953/1550/953 
f 987/1584/987 953/1550/953 986/1583/986 
f 988/1585/988 955/1552/955 954/1551/954 
f 988/1585/988 954/1551/954 987/1584/987 
f 989/1586/989 956/1553/956 955/1552/955 
f 989/1586/989 955/1552/955 988/1585/988 
f 990/1587/990 957/1554/957 956/1553/956 
f 990/1587/990 956/1553/956 989/1586/989 
f 991/1588/991 958/1555/958 957/1554/957 
f 991/1588/991 957/1554/957 990/1587/990 
f 992/1589/992 959/1556/959 958/1555/958 
f 992/1589/992 958/1555/958 991/1588/991 
f 993/1590/993 960/1557/960 959/1556/959 
f 993/1590/993 959/1556/959 992/1589/992 
f 994/1591/994 961/1558/961 960/1557/960 
f 994/1591/994 960/1557/960 993/1590/993 
f 995/1592/995 962/1559/962 961/1558/961 
f 995/1592/995 961/1558/961 994/1591/994 
f 996/1593/996 963/1560/963 962/1559/962 
f 996/1593/996 962/1559/962 995/1592/995 
f 997/1594/997 964/1561/964 963/1560/963 
f 997/1594/997 963/1560/963 996/1593/996 
f 998/1595/998 965/1562/965 964/1561/964 
f 998/1595/998 964/1561/964 997/1594/997 
f 999/1596/999 966/1563/966 965/1562/965 
f 999/1596/999 965/1562/965 998/1595/998 
f 1000/1597/1000 967/1564/967 966/1563/966 
f 1000/1597/1000 966/1563/966 999/1596/999 
f 1001/1598/1001 968/1565/968 967/1564/967 
f 1001/1598/1001 967/1564/967 1000/1597/1000 
f 1002/1599/1002 969/1566/969 968/1565/968 
f 1002/1599/1002 968/1565/968 1001/1598/1001 
f 1003/1600/1003 970/1567/970 969/1566/969 
f 1003/1600/1003 969/1566/969 1002/1599/1002 
f 1005/1601/1005 972/1568/972 971/1569/971 
f 1005/1601/1005 971/1569/971 1004/1602/1004 
f 1006/1603/1006 973/1570/973 972/1568/972 
f 1006/1603/1006 972/1568/972 1005/1601/1005 
f 1007/1604/1007 974/1571/974 973/1570/973 
f 1007/1604/1007 973/1570/973 1006/1603/1006 
f 1008/1605/1008 975/1572/975 974/1571/974 
f 1008/1605/1008 974/1571/974 1007/1604/1007 
f 1009/1606/1009 976/1573/976 975/1572/975 
f 1009/1606/1009 975/1572/975 1008/1605/1008 
f 1010/1607/1010 977/1574/977 976/1573/976 
f 1010/1607/1010 976/1573/976 1009/1606/1009 
f 1011/1608/1011 978/1575/978 977/1574/977 
f 1011/1608/1011 977/1574/977 1010/1607/1010 
f 1012/1609/1012 979/1576/979 978/1575/978 
f 1012/1609/1012 978/1575/978 1011/1608/1011 
f 1013/1610/1013 980/1577/980 979/1576/979 
f 1013/1610/1013 979/1576/979 1012/1609/1012 
f 1014/1611/1014 981/1578/981 980/1577/980 
f 1014/1611/1014 980/1577/980 1013/1610/1013 
f 1015/1612/1015 982/1579/982 981/1578/981 
f 1015/1612/1015 981/1578/981 1014/1611/1014 
f 1016/1613/1016 983/1580/983 982/1579/982 
f 1016/1613/1016 982/1579/982 1015/1612/1015 
f 1017/1614/1017 984/1581/984 983/1580/983 
f 1017/1614/1017 983/1580/983 1016/1613/1016 
f 1018/1615/1018 985/1582/985 984/1581/984 
f 1018/1615/1018 984/1581/984 1017/1614/1017 
f 1019/1616/1019 986/1583/986 985/1582/985 
f 1019/1616/1019 985/1582/985 1018/1615/1018 
f 1020/1617/1020 987/1584/987 986/1583/986 
f 1020/1617/1020 986/1583/986 1019/1616/1019 
f 1021/1618/1021 988/1585/988 987/1584/987 
f 1021/1618/1021 987/1584/987 1020/1617/1020 
f 1022/1619/1022 989/1586/989 988/1585/988 
f 1022/1619/1022 988/1585/988 1021/1618/1021 
f 1023/1620/1023 990/1587/990 989/1586/989 
f 1023/1620/1023 989/1586/989 1022/1619/1022 
f 1024/1621/1024 991/1588/991 990/1587/990 
f 1024/1621/1024 990/1587/990 1023/1620/1023 
f 1025/1622/1025 992/1589/992 991/1588/991 
f 1025/1622/1025 991/1588/991 1024/1621/1024 
f 1026/1623/1026 993/1590/993 992/1589/992 
f 1026/1623/1026 992/1589/992 1025/1622/1025 
f 1027/1624/1027 994/1591/994 993/1590/993 
f 1027/1624/1027 993/1590/993 1026/1623/1026 
f 1028/1625/1028 995/1592/995 994/1591/994 
f 1028/1625/1028 994/1591/994 1027/1624/1027 
f 1029/1626/1029 996/1593/996 995/1592/995 
f 1029/1626/1029 995/1592/995 1028/1625/1028 
f 1030/1627/1030 997/1594/997 996/1593/996 
f 1030/1627/1030 996/1593/996 1029/1626/1029 
f 1031/1628/1031 998/1595/998 997/1594/997 
f 1031/1628/1031 997/1594/997 1030/1627/1030 
f 1032/1629/1032 999/1596/999 998/1595/998 
f 1032/1629/1032 998/1595/998 1031/1628/1031 
f 1033/1630/1033 1000/1597/1000 999/1596/999 
f 1033/1630/1033 999/1596/999 1032/1629/1032 
f 1034/1631/1034 1001/1598/1001 1000/1597/1000 
f 1034/1631/1034 1000/1597/1000 1033/1630/1033 
f 1035/1632/1035 1002/1599/1002 1001/1598/1001 
f 1035/1632/1035 1001/1598/1001 1034/1631/1034 
f 1036/1633/1036 1003/1600/1003 1002/1599/1002 
f 1036/1633/1036 1002/1599/1002 1035/1632/1035 
f 1038/1634/1038 1005/1601/1005 1004/1602/1004 
f 1038/1634/1038 1004/1602/1004 1037/1635/1037 
f 1039/1636/1039 1006/1603/1006 1005/1601/1005 
f 1039/1636/1039 1005/1601/1005 1038/1634/1038 
f 1040/1637/1040 1007/1604/1007 1006/1603/1006 
f 1040/1637/1040 1006/1603/1006 1039/1636/1039 
f 1041/1638/1041 1008/1605/1008 1007/1604/1007 
f 1041/1638/1041 1007/1604/1007 1040/1637/1040 
f 1042/1639/1042 1009/1606/1009 1008/1605/1008 
f 1042/1639/1042 1008/1605/1008 1041/1638/1041 
f 1043/1640/1043 1010/1607/1010 1009/1606/1009 
f 1043/1640/1043 1009/1606/1009 1042/1639/1042 
f 1044/1641/1044 1011/1608/1011 1010/1607/1010 
f 1044/1641/1044 1010/1607/1010 1043/1640/1043 
f 1045/1642/1045 1012/1609/1012 1011/1608/1011 
f 1045/1642/1045 1011/1608/1011 1044/1641/1044 
f 1046/1643/1046 1013/1610/1013 1012/1609/1012 
f 1046/1643/1046 1012/1609/1012 1045/1642/1045 
f 1047/1644/1047 1014/1611/1014 1013/1610/1013 
f 1047/1644/1047 1013/1610/1013 1046/1643/1046 
f 1048/1645/1048 1015/1612/1015 1014/1611/1014 
f 1048/1645/1048 1014/1611/1014 1047/1644/1047 
f 1049/1646/1049 1016/1613/1016 1015/1612/1015 
f 1049/1646/1049 1015/1612/1015 1048/1645/1048 
f 1050/1647/1050 1017/1614/1017 1016/1613/1016 
f 1050/1647/1050 1016/1613/1016 1049/1646/1049 
f 1051/1648/1051 1018/1615/1018 1017/1614/1017 
f 1051/1648/1051 1017/1614/1017 1050/1647/1050 
f 1052/1649/1052 1019/1616/1019 1018/1615/1018 
f 1052/1649/1052 1018/1615/1018 1051/1648/1051 
f 1053/1650/1053 1020/1617/1020 1019/1616/1019 
f 1053/1650/1053 1019/1616/1019 1052/1649/1052 
f 1054/1651/1054 1021/1618/1021 1020/1617/1020 
f 1054/1651/1054 1020/1617/1020 1053/1650/1053 
f 1055/1652/1055 1022/1619/1022 1021/1618/1021 
f 1055/1652/1055 1021/1618/1021 1054/1651/1054 
f 1056/1653/1056 1023/1620/1023 1022/1619/1022 
f 1056/1653/1056 1022/1619/1022 1055/1652/1055 
f 1057/1654/1057 1024/1621/1024 1023/1620/1023 
f 1057/1654/1057 1023/1620/1023 1056/1653/1056 
f 1058/1655/1058 1025/1622/1025 1024/1621/1024 
f 1058/1655/1058 1024/1621/1024 1057/1654/1057 
f 1059/1656/1059 1026/1623/1026 1025/1622/1025 
f 1059/1656/1059 1025/1622/1025 1058/1655/1058 
f 1060/1657/1060 1027/1624/1027 1026/1623/1026 
f 1060/1657/1060 1026/1623/1026 1059/1656/1059 
f 1061/1658/1061 1028/1625/1028 1027/1624/1027 
f 1061/1658/1061 1027/1624/1027 1060/1657/1060 
f 1062/1659/1062 1029/1626/1029 1028/1625/1028 
f 1062/1659/1062 1028/1625/1028 1061/1658/1061 
f 1063/1660/1063 1030/1627/1030 1029/1626/1029 
f 1063/1660/1063 1029/1626/1029 1062/1659/1062 
f 1064/1661/1064 1031/1628/1031 1030/1627/1030 
f 1064/1661/1064 1030/1627/1030 1063/1660/1063 
f 1065/1662/1065 1032/1629/1032 1031/1628/1031 
f 1065/1662/1065 1031/1628/1031 1064/1661/1064 
f 1066/1663/1066 1033/1630/1033 1032/1629/1032 
f 1066/1663/1066 1032/1629/1032 1065/1662/1065 
f 1067/1664/1067 1034/1631/1034 1033/1630/1033 
f 1067/1664/1067 1033/1630/1033 1066/1663/1066 
f 1068/1665/1068 1035/1632/1035 1034/1631/1034 
f 1068/1665/1068 1034/1631/1034 1067/1664/1067 
f 1069/1666/1069 1036/1633/1036 1035/1632/1035 
f 1069/1666/1069 1035/1632/1035 1068/1665/1068 
f 1071/1667/1071 1038/1634/1038 1037/1635/1037 
f 1071/1667/1071 1037/1635/1037 1070/1668/1070 
f 1072/1669/1072 1039/1636/1039 1038/1634/1038 
f 1072/1669/1072 1038/1634/1038 1071/1667/1071 
f 1073/1670/1073 1040/1637/1040 1039/1636/1039 
f 1073/1670/1073 1039/1636/1039 1072/1669/1072 
f 1074/1671/1074 1041/1638/1041 1040/1637/1040 
f 1074/1671/1074 1040/1637/1040 1073/1670/1073 
f 1075/1672/1075 1042/1639/1042 1041/1638/1041 
f 1075/1672/1075 1041/1638/1041 1074/1671/1074 
f 1076/1673/1076 1043/1640/1043 1042/1639/1042 
f 1076/1673/1076 1042/1639/1042 1075/1672/1075 
f 1077/1674/1077 1044/1641/1044 1043/1640/1043 
f 1077/1674/1077 1043/1640/1043 1076/1673/1076 
f 1078/1675/1078 1045/1642/1045 1044/1641/1044 
f 1078/1675/1078 1044/1641/1044 1077/1674/1077 
f 1079/1676/1079 1046/1643/1046 1045/1642/1045 
f 1079/1676/1079 1045/1642/1045 1078/1675/1078 
f 1080/1677/1080 1047/1644/1047 1046/1643/1046 
f 1080/1677/1080 1046/1643/1046 1079/1676/1079 
f 1081/1678/1081 1048/1645/1048 1047/1644/1047 
f 1081/1678/1081 1047/1644/1047 1080/1677/1080 
f 1082/1679/1082 1049/1646/1049 1048/1645/1048 
f 1082/1679/1082 1048/1645/1048 1081/1678/1081 
f 1083/1680/1083 1050/1647/1050 1049/1646/1049 
f 1083/1680/1083 1049/1646/1049 1082/1679/1082 
f 1084/1681/1084 1051/1648/1051 1050/1647/1050 
f 1084/1681/1084 1050/1647/1050 1083/1680/1083 
f 1085/1682/1085 1052/1649/1052 1051/1648/1051 
f 1085/1682/1085 1051/1648/1051 1084/1681/1084 
f 1086/1683/1086 1053/1650/1053 1052/1649/1052 
f 1086/1683/1086 1052/1649/1052 1085/1682/1085 
f 1087/1684/1087 1054/1651/1054 1053/1650/1053 
f 1087/1684/1087 1053/1650/1053 1086/1683/1086 
f 1088/1685/1088 1055/1652/1055 1054/1651/1054 
f 1088/1685/1088 1054/1651/1054 1087/1684/1087 
f 1089/1686/1089 1056/1653/1056 1055/1652/1055 
f 1089/1686/1089 1055/1652/1055 1088/1685/1088 
f 1090/1687/1090 1057/1654/1057 1056/1653/1056 
f 1090/1687/1090 1056/1653/1056 1089/1686/1089 
f 1091/1688/1091 1058/1655/1058 1057/1654/1057 
f 1091/1688/1091 1057/1654/1057 1090/1687/1090 
f 1092/1689/1092 1059/1656/1059 1058/1655/1058 
f 1092/1689/1092 1058/1655/1058 1091/1688/1091 
f 1093/1690/1093 1060/1657/1060 1059/1656/1059 
f 1093/1690/1093 1059/1656/1059 1092/1689/1092 
f 1094/1691/1094 1061/1658/1061 1060/1657/1060 
f 1094/1691/1094 1060/1657/1060 1093/1690/1093 
f 1095/1692/1095 1062/1659/1062 1061/1658/1061 
f 1095/1692/1095 1061/1658/1061 1094/1691/1094 
f 1096/1693/1096 1063/1660/1063 1062/1659/1062 
f 1096/1693/1096 1062/1659/1062 1095/1692/1095 
f 1097/1694/1097 1064/1661/1064 1063/1660/1063 
f 1097/1694/1097 1063/1660/1063 1096/1693/1096 
f 1098/1695/1098 1065/1662/1065 1064/1661/1064 
f 1098/1695/1098 1064/1661/1064 1097/1694/1097 
f 1099/1696/1099 1066/1663/1066 1065/1662/1065 
f 1099/1696/1099 1065/1662/1065 1098/1695/1098 
f 1100/1697/1100 1067/1664/1067 1066/1663/1066 
f 1100/1697/1100 1066/1663/1066 1099/1696/1099 
f 1101/1698/1101 1068/1665/1068 1067/1664/1067 
f 1101/1698/1101 1067/1664/1067 1100/1697/1100 
f 1102/1699/1102 1069/1666/1069 1068/1665/1068 
f 1102/1699/1102 1068/1665/1068 1101/1698/1101 
f 1104/1700/1104 1071/1667/1071 1070/1668/1070 
f 1104/1700/1104 1070/1668/1070 1103/1701/1103 
f 1105/1702/1105 1072/1669/1072 1071/1667/1071 
f 1105/1702/1105 1071/1667/1071 1104/1700/1104 
f 1106/1703/1106 1073/1670/1073 1072/1669/1072 
f 1106/1703/1106 1072/1669/1072 1105/1702/1105 
f 1107/1704/1107 1074/1671/1074 1073/1670/1073 
f 1107/1704/1107 1073/1670/1073 1106/1703/1106 
f 1108/1705/1108 1075/1672/1075 1074/1671/1074 
f 1108/1705/1108 1074/1671/1074 1107/1704/1107 
f 1109/1706/1109 1076/1673/1076 1075/1672/1075 
f 1109/1706/1109 1075/1672/1075 1108/1705/1108 
f 1110/1707/1110 1077/1674/1077 1076/1673/1076 
f 1110/1707/1110 1076/1673/1076 1109/1706/1109 
f 1111/1708/1111 1078/1675/1078 1077/1674/1077 
f 1111/1708/1111 1077/1674/1077 1110/1707/1110 
f 1112/1709/1112 1079/1676/1079 1078/1675/1078 
f 1112/1709/1112 1078/1675/1078 1111/1708/1111 
f 1113/1710/1113 1080/1677/1080 1079/1676/1079 
f 1113/1710/1113 1079/1676/1079 1112/1709/1112 
f 1114/1711/1114 1081/1678/1081 1080/1677/1080 
f 1114/1711/1114 1080/1677/1080 1113/1710/1113 
f 1115/1712/1115 1082/1679/1082 1081/1678/1081 
f 1115/1712/1115 1081/1678/1081 1114/1711/1114 
f 1116/1713/1116 1083/1680/1083 1082/1679/1082 
f 1116/1713/1116 1082/1679/1082 1115/1712/1115 
f 1117/1714/1117 1084/1681/1084 1083/1680/1083 
f 1117/1714/1117 1083/1680/1083 1116/1713/1116 
f 1118/1715/1118 1085/1682/1085 1084/1681/1084 
f 1118/1715/1118 1084/1681/1084 1117/1714/1117 
f 1119/1716/1119 1086/1683/1086 1085/1682/1085 
f 1119/1716/1119 1085/1682/1085 1118/1715/1118 
f 1120/1717/1120 1087/1684/1087 1086/1683/1086 
f 1120/1717/1120 1086/1683/1086 1119/1716/1119 
f 1121/1718/1121 1088/1685/1088 1087/1684/1087 
f 1121/1718/1121 1087/1684/1087 1120/1717/1120 
f 1122/1719/1122 1089/1686/1089 1088/1685/1088 
f 1122/1719/1122 1088/1685/1088 1121/1718/1121 
f 1123/1720/1123 1090/1687/1090 1089/1686/1089 
f 1123/1720/1123 1089/1686/1089 1122/1719/1122 
f 1124/1721/1124 1091/1688/1091 1090/1687/1090 
f 1124/1721/1124 1090/1687/1090 1123/1720/1123 
f 1125/1722/1125 1092/1689/1092 1091/1688/1091 
f 1125/1722/1125 1091/1688/1091 1124/1721/1124 
f 1126/1723/1126 1093/1690/1093 1092/1689/1092 
f 1126/1723/1126 1092/1689/1092 1125/1722/1125 
f 1127/1724/1127 1094/1691/1094 1093/1690/1093 
f 1127/1724/1127 1093/1690/1093 1126/1723/1126 
f 1128/1725/1128 1095/1692/1095 1094/1691/1094 
f 1128/1725/1128 1094/1691/1094 1127/1724/1127 
f 1129/1726/1129 1096/1693/1096 1095/1692/1095 
f 1129/1726/1129 1095/1692/1095 1128/1725/1128 
f 1130/1727/1130 1097/1694/1097 1096/1693/1096 
f 1130/1727/1130 1096/1693/1096 1129/1726/1129 
f 1131/1728/1131 1098/1695/1098 1097/1694/1097 
f 1131/1728/1131 1097/1694/1097 1130/1727/1130 
f 1132/1729/1132 1099/1696/1099 1098/1695/1098 
f 1132/1729/1132 1098/1695/1098 1131/1728/1131 
f 1133/1730/1133 1100/1697/1100 1099/1696/1099 
f 1133/1730/1133 1099/1696/1099 1132/1729/1132 
f 1134/1731/1134 1101/1698/1101 1100/1697/1100 
f 1134/1731/1134 1100/1697/1100 1133/1730/1133 
f 1135/1732/1135 1102/1699/1102 1101/1698/1101 
f 1135/1732/1135 1101/1698/1101 1134/1731/1134 
f 1137/1733/1137 1104/1700/1104 1103/1701/1103 
f 1137/1733/1137 1103/1701/1103 1136/1734/1136 
f 1138/1735/1138 1105/1702/1105 1104/1700/1104 
f 1138/1735/1138 1104/1700/1104 1137/1733/1137 
f 1139/1736/1139 1106/1703/1106 1105/1702/1105 
f 1139/1736/1139 1105/1702/1105 1138/1735/1138 
f 1140/1737/1140 1107/1704/1107 1106/1703/1106 
f 1140/1737/1140 1106/1703/1106 1139/1736/1139 
f 1141/1738/1141 1108/1705/1108 1107/1704/1107 
f 1141/1738/1141 1107/1704/1107 1140/1737/1140 
f 1142/1739/1142 1109/1706/1109 1108/1705/1108 
f 1142/1739/1142 1108/1705/1108 1141/1738/1141 
f 1143/1740/1143 1110/1707/1110 1109/1706/1109 
f 1143/1740/1143 1109/1706/1109 1142/1739/1142 
f 1144/1741/1144 1111/1708/1111 1110/1707/1110 
f 1144/1741/1144 1110/1707/1110 1143/1740/1143 
f 1145/1742/1145 1112/1709/1112 1111/1708/1111 
f 1145/1742/1145 1111/1708/1111 1144/1741/1144 
f 1146/1743/1146 1113/1710/1113 1112/1709/1112 
f 1146/1743/1146 1112/1709/1112 1145/1742/1145 
f 1147/1744/1147 1114/1711/1114 1113/1710/1113 
f 1147/1744/1147 1113/1710/1113 1146/1743/1146 
f 1148/1745/1148 1115/1712/1115 1114/1711/1114 
f 1148/1745/1148 1114/1711/1114 1147/1744/1147 
f 1149/1746/1149 1116/1713/1116 1115/1712/1115 
f 1149/1746/1149 1115/1712/1115 1148/1745/1148 
f 1150/1747/1150 1117/1714/1117 1116/1713/1116 
f 1150/1747/1150 1116/1713/1116 1149/1746/1149 
f 1151/1748/1151 1118/1715/1118 1117/1714/1117 
f 1151/1748/1151 1117/1714/1117 1150/1747/1150 
f 1152/1749/1152 1119/1716/1119 1118/1715/1118 
f 1152/1749/1152 1118/1715/1118 1151/1748/1151 
f 1153/1750/1153 1120/1717/1120 1119/1716/1119 
f 1153/1750/1153 1119/1716/1119 1152/1749/1152 
f 1154/1751/1154 1121/1718/1121 1120/1717/1120 
f 1154/1751/1154 1120/1717/1120 1153/1750/1153 
f 1155/1752/1155 1122/1719/1122 1121/1718/1121 
f 1155/1752/1155 1121/1718/1121 1154/1751/1154 
f 1156/1753/1156 1123/1720/1123 1122/1719/1122 
f 1156/1753/1156 1122/1719/1122 1155/1752/1155 
f 1157/1754/1157 1124/1721/1124 1123/1720/1123 
f 1157/1754/1157 1123/1720/1123 1156/1753/1156 
f 1158/1755/1158 1125/1722/1125 1124/1721/1124 
f 1158/1755/1158 1124/1721/1124 1157/1754/1157 
f 1159/1756/1159 1126/1723/1126 1125/1722/1125 
f 1159/1756/1159 1125/1722/1125 1158/1755/1158 
f 1160/1757/1160 1127/1724/1127 1126/1723/1126 
f 1160/1757/1160 1126/1723/1126 1159/1756/1159 
f 1161/1758/1161 1128/1725/1128 1127/1724/1127 
f 1161/1758/1161 1127/1724/1127 1160/1757/1160 
f 1162/1759/1162 1129/1726/1129 1128/1725/1128 
f 1162/1759/1162 1128/1725/1128 1161/1758/1161 
f 1163/1760/1163 1130/1727/1130 1129/1726/1129 
f 1163/1760/1163 1129/1726/1129 1162/1759/1162 
f 1164/1761/1164 1131/1728/1131 1130/1727/1130 
f 1164/1761/1164 1130/1727/1130 1163/1760/1163 
f 1165/1762/1165 1132/1729/1132 1131/1728/1131 
f 1165/1762/1165 1131/1728/1131 1164/1761/1164 
f 1166/1763/1166 1133/1730/1133 1132/1729/1132 
f 1166/1763/1166 1132/1729/1132 1165/1762/1165 
f 1167/1764/1167 1134/1731/1134 1133/1730/1133 
f 1167/1764/1167 1133/1730/1133 1166/1763/1166 
f 1168/1765/1168 1135/1732/1135 1134/1731/1134 
f 1168/1765/1168 1134/1731/1134 1167/1764/1167 
f 1170/1766/1170 1137/1733/1137 1136/1734/1136 
f 1170/1766/1170 1136/1734/1136 1169/1767/1169 
f 1171/1768/1171 1138/1735/1138 1137/1733/1137 
f 1171/1768/1171 1137/1733/1137 1170/1766/1170 
f 1172/1769/1172 1139/1736/1139 1138/1735/1138 
f 1172/1769/1172 1138/1735/1138 1171/1768/1171 
f 1173/1770/1173 1140/1737/1140 1139/1736/1139 
f 1173/1770/1173 1139/1736/1139 1172/1769/1172 
f 1174/1771/1174 1141/1738/1141 1140/1737/1140 
f 1174/1771/1174 1140/1737/1140 1173/1770/1173 
f 1175/1772/1175 1142/1739/1142 1141/1738/1141 
f 1175/1772/1175 1141/1738/1141 1174/1771/1174 
f 1176/1773/1176 1143/1740/1143 1142/1739/1142 
f 1176/1773/1176 1142/1739/1142 1175/1772/1175 
f 1177/1774/1177 1144/1741/1144 1143/1740/1143 
f 1177/1774/1177 1143/1740/1143 1176/1773/1176 
f 1178/1775/1178 1145/1742/1145 1144/1741/1144 
f 1178/1775/1178 1144/1741/1144 1177/1774/1177 
f 1179/1776/1179 1146/1743/1146 1145/1742/1145 
f 1179/1776/1179 1145/1742/1145 1178/1775/1178 
f 1180/1777/1180 1147/1744/1147 1146/1743/1146 
f 1180/1777/1180 1146/1743/1146 1179/1776/1179 
f 1181/1778/1181 1148/1745/1148 1147/1744/1147 
f 1181/1778/1181 1147/1744/1147 1180/1777/1180 
f 1182/1779/1182 1149/1746/1149 1148/1745/1148 
f 1182/1779/1182 1148/1745/1148 1181/1778/1181 
f 1183/1780/1183 1150/1747/1150 1149/1746/1149 
f 1183/1780/1183 1149/1746/1149 1182/1779/1182 
f 1184/1781/1184 1151/1748/1151 1150/1747/1150 
f 1184/1781/1184 1150/1747/1150 1183/1780/1183 
f 1185/1782/1185 1152/1749/1152 1151/1748/1151 
f 1185/1782/1185 1151/1748/1151 1184/1781/1184 
f 1186/1783/1186 1153/1750/1153 1152/1749/1152 
f 1186/1783/1186 1152/1749/1152 1185/1782/1185 
f 1187/1784/1187 1154/1751/1154 1153/1750/1153 
f 1187/1784/1187 1153/1750/1153 1186/1783/1186 
f 1188/1785/1188 1155/1752/1155 1154/1751/1154 
f 1188/1785/1188 1154/1751/1154 1187/1784/1187 
f 1189/1786/1189 1156/1753/1156 1155/1752/1155 
f 1189/1786/1189 1155/1752/1155 1188/1785/1188 
f 1190/1787/1190 1157/1754/1157 1156/1753/1156 
f 1190/1787/1190 1156/1753/1156 1189/1786/1189 
f 1191/1788/1191 1158/1755/1158 1157/1754/1157 
f 1191/1788/1191 1157/1754/1157 1190/1787/1190 
f 1192/1789/1192 1159/1756/1159 1158/1755/1158 
f 1192/1789/1192 1158/1755/1158 1191/1788/1191 
f 1193/1790/1193 1160/1757/1160 1159/1756/1159 
f 1193/1790/1193 1159/1756/1159 1192/1789/1192 
f 1194/1791/1194 1161/1758/1161 1160/1757/1160 
f 1194/1791/1194 1160/1757/1160 1193/1790/1193 
f 1195/1792/1195 1162/1759/1162 1161/1758/1161 
f 1195/1792/1195 1161/1758/1161 1194/1791/1194 
f 1196/1793/1196 1163/1760/1163 1162/1759/1162 
f 1196/1793/1196 1162/1759/1162 1195/1792/1195 
f 1197/1794/1197 1164/1761/1164 1163/1760/1163 
f 1197/1794/1197 1163/1760/1163 1196/1793/1196 
f 1198/1795/1198 1165/1762/1165 1164/1761/1164 
f 1198/1795/1198 1164/1761/1164 1197/1794/1197 
f 1199/1796/1199 1166/1763/1166 1165/1762/1165 
f 1199/1796/1199 1165/1762/1165 1198/1795/1198 
f 1200/1797/1200 1167/1764/1167 1166/1763/1166 
f 1200/1797/1200 1166/1763/1166 1199/1796/1199 
f 1201/1798/1201 1168/1765/1168 1167/1764/1167 
f 1201/1798/1201 1167/1764/1167 1200/1797/1200 
f 1203/1799/1203 1170/1766/1170 1169/1767/1169 
f 1203/1799/1203 1169/1767/1169 1202/1800/1202 
f 1204/1801/1204 1171/1768/1171 1170/1766/1170 
f 1204/1801/1204 1170/1766/1170 1203/1799/1203 
f 1205/1802/1205 1172/1769/1172 1171/1768/1171 
f 1205/1802/1205 1171/1768/1171 1204/1801/1204 
f 1206/1803/1206 1173/1770/1173 1172/1769/1172 
f 1206/1803/1206 1172/1769/1172 1205/1802/1205 
f 1207/1804/1207 1174/1771/1174 1173/1770/1173 
f 1207/1804/1207 1173/1770/1173 1206/1803/1206 
f 1208/1805/1208 1175/1772/1175 1174/1771/1174 
f 1208/1805/1208 1174/1771/1174 1207/1804/1207 
f 1209/1806/1209 1176/1773/1176 1175/1772/1175 
f 1209/1806/1209 1175/1772/1175 1208/1805/1208 
f 1210/1807/1210 1177/1774/1177 1176/1773/1176 
f 1210/1807/1210 1176/1773/1176 1209/1806/1209 
f 1211/1808/1211 1178/1775/1178 1177/1774/1177 
f 1211/1808/1211 1177/1774/1177 1210/1807/1210 
f 1212/1809/1212 1179/1776/1179 1178/1775/1178 
f 1212/1809/1212 1178/1775/1178 1211/1808/1211 
f 1213/1810/1213 1180/1777/1180 1179/1776/1179 
f 1213/1810/1213 1179/1776/1179 1212/1809/1212 
f 1214/1811/1214 1181/1778/1181 1180/1777/1180 
f 1214/1811/1214 1180/1777/1180 1213/1810/1213 
f 1215/1812/1215 1182/1779/1182 1181/1778/1181 
f 1215/1812/1215 1181/1778/1181 1214/1811/1214 
f 1216/1813/1216 1183/1780/1183 1182/1779/1182 
f 1216/1813/1216 1182/1779/1182 1215/1812/1215 
f 1217/1814/1217 1184/1781/1184 1183/1780/1183 
f 1217/1814/1217 1183/1780/1183 1216/1813/1216 
f 1218/1815/1218 1185/1782/1185 1184/1781/1184 
f 1218/1815/1218 1184/1781/1184 1217/1814/1217 
f 1219/1816/1219 1186/1783/1186 1185/1782/1185 
f 1219/1816/1219 1185/1782/1185 1218/1815/1218 
f 1220/1817/1220 1187/1784/1187 1186/1783/1186 
f 1220/1817/1220 1186/1783/1186 1219/1816/1219 
f 1221/1818/1221 1188/1785/1188 1187/1784/1187 
f 1221/1818/1221 1187/1784/1187 1220/1817/1220 
f 1222/1819/1222 1189/1786/1189 1188/1785/1188 
f 1222/1819/1222 1188/1785/1188 1221/1818/1221 
f 1223/1820/1223 1190/1787/1190 1189/1786/1189 
f 1223/1820/1223 1189/1786/1189 1222/1819/1222 
f 1224/1821/1224 1191/1788/1191 1190/1787/1190 
f 1224/1821/1224 1190/1787/1190 1223/1820/1223 
f 1225/1822/1225 1192/1789/1192 1191/1788/1191 
f 1225/1822/1225 1191/1788/1191 1224/1821/1224 
f 1226/1823/1226 1193/1790/1193 1192/1789/1192 
f 1226/1823/1226 1192/1789/1192 1225/1822/1225 
f 1227/1824/1227 1194/1791/1194 1193/1790/1193 
f 1227/1824/1227 1193/1790/1193 1226/1823/1226 
f 1228/1825/1228 1195/1792/1195 1194/1791/1194 
f 1228/1825/1228 1194/1791/1194 1227/1824/1227 
f 1229/1826/1229 1196/1793/1196 1195/1792/1195 
f 1229/1826/1229 1195/1792/1195 1228/1825/1228 
f 1230/1827/1230 1197/1794/1197 1196/1793/1196 
f 1230/1827/1230 1196/1793/1196 1229/1826/1229 
f 1231/1828/1231 1198/1795/1198 1197/1794/1197 
f 1231/1828/1231 1197/1794/1197 1230/1827/1230 
f 1232/1829/1232 1199/1796/1199 1198/1795/1198 
f 1232/1829/1232 1198/1795/1198 1231/1828/1231 
f 1233/1830/1233 1200/1797/1200 1199/1796/1199 
f 1233/1830/1233 1199/1796/1199 1232/1829/1232 
f 1234/1831/1234 1201/1798/1201 1200/1797/1200 
f 1234/1831/1234 1200/1797/1200 1233/1830/1233 
f 1236/1832/1236 1203/1799/1203 1202/1800/1202 
f 1236/1832/1236 1202/1800/1202 1235/1833/1235 
f 1237/1834/1237 1204/1801/1204 1203/1799/1203 
f 1237/1834/1237 1203/1799/1203 1236/1832/1236 
f 1238/1835/1238 1205/1802/1205 1204/1801/1204 
f 1238/1835/1238 1204/1801/1204 1237/1834/1237 
f 1239/1836/1239 1206/1803/1206 1205/1802/1205 
f 1239/1836/1239 1205/1802/1205 1238/1835/1238 
f 1240/1837/1240 1207/1804/1207 1206/1803/1206 
f 1240/1837/1240 1206/1803/1206 1239/1836/1239 
f 1241/1838/1241 1208/1805/1208 1207/1804/1207 
f 1241/1838/1241 1207/1804/1207 1240/1837/1240 
f 1242/1839/1242 1209/1806/1209 1208/1805/1208 
f 1242/1839/1242 1208/1805/1208 1241/1838/1241 
f 1243/1840/1243 1210/1807/1210 1209/1806/1209 
f 1243/1840/1243 1209/1806/1209 1242/1839/1242 
f 1244/1841/1244 1211/1808/1211 1210/1807/1210 
f 1244/1841/1244 1210/1807/1210 1243/1840/1243 
f 1245/1842/1245 1212/1809/1212 1211/1808/1211 
f 1245/1842/1245 1211/1808/1211 1244/1841/1244 
f 1246/1843/1246 1213/1810/1213 1212/1809/1212 
f 1246/1843/1246 1212/1809/1212 1245/1842/1245 
f 1247/1844/1247 1214/1811/1214 1213/1810/1213 
f 1247/1844/1247 1213/1810/1213 1246/1843/1246 
f 1248/1845/1248 1215/1812/1215 1214/1811/1214 
f 1248/1845/1248 1214/1811/1214 1247/1844/1247 
f 1249/1846/1249 1216/1813/1216 1215/1812/1215 
f 1249/1846/1249 1215/1812/1215 1248/1845/1248 
f 1250/1847/1250 1217/1814/1217 1216/1813/1216 
f 1250/1847/1250 1216/1813/1216 1249/1846/1249 
f 1251/1848/1251 1218/1815/1218 1217/1814/1217 
f 1251/1848/1251 1217/1814/1217 1250/1847/1250 
f 1252/1849/1252 1219/1816/1219 1218/1815/1218 
f 1252/1849/1252 1218/1815/1218 1251/1848/1251 
f 1253/1850/1253 1220/1817/1220 1219/1816/1219 
f 1253/1850/1253 1219/1816/1219 1252/1849/1252 
f 1254/1851/1254 1221/1818/1221 1220/1817/1220 
f 1254/1851/1254 1220/1817/1220 1253/1850/1253 
f 1255/1852/1255 1222/1819/1222 1221/1818/1221 
f 1255/1852/1255 1221/1818/1221 1254/1851/1254 
f 1256/1853/1256 1223/1820/1223 1222/1819/1222 
f 1256/1853/1256 1222/1819/1222 1255/1852/1255 
f 1257/1854/1257 1224/1821/1224 1223/1820/1223 
f 1257/1854/1257 1223/1820/1223 1256/1853/1256 
f 1258/1855/1258 1225/1822/1225 1224/1821/1224 
f 1258/1855/1258 1224/1821/1224 1257/1854/1257 
f 1259/1856/1259 1226/1823/1226 1225/1822/1225 
f 1259/1856/1259 1225/1822/1225 1258/1855/1258 
f 1260/1857/1260 1227/1824/1227 1226/1823/1226 
f 1260/1857/1260 1226/1823/1226 1259/1856/1259 
f 1261/1858/1261 1228/1825/1228 1227/1824/1227 
f 1261/1858/1261 1227/1824/1227 1260/1857/1260 
f 1262/1859/1262 1229/1826/1229 1228/1825/1228 
f 1262/1859/1262 1228/1825/1228 1261/1858/1261 
f 1263/1860/1263 1230/1827/1230 1229/1826/1229 
f 1263/1860/1263 1229/1826/1229 1262/1859/1262 
f 1264/1861/1264 1231/1828/1231 1230/1827/1230 
f 1264/1861/1264 1230/1827/1230 1263/1860/1263 
f 1265/1862/1265 1232/1829/1232 1231/1828/1231 
f 1265/1862/1265 1231/1828/1231 1264/1861/1264 
f 1266/1863/1266 1233/1830/1233 1232/1829/1232 
f 1266/1863/1266 1232/1829/1232 1265/1862/1265 
f 1267/1864/1267 1234/1831/1234 1233/1830/1233 
f 1267/1864/1267 1233/1830/1233 1266/1863/1266 
f 1269/1865/1269 1236/1832/1236 1235/1833/1235 
f 1269/1865/1269 1235/1833/1235 1268/1866/1268 
f 1270/1867/1270 1237/1834/1237 1236/1832/1236 
f 1270/1867/1270 1236/1832/1236 1269/1865/1269 
f 1271/1868/1271 1238/1835/1238 1237/1834/1237 
f 1271/1868/1271 1237/1834/1237 1270/1867/1270 
f 1272/1869/1272 1239/1836/1239 1238/1835/1238 
f 1272/1869/1272 1238/1835/1238 1271/1868/1271 
f 1273/1870/1273 1240/1837/1240 1239/1836/1239 
f 1273/1870/1273 1239/1836/1239 1272/1869/1272 
f 1274/1871/1274 1241/1838/1241 1240/1837/1240 
f 1274/1871/1274 1240/1837/1240 1273/1870/1273 
f 1275/1872/1275 1242/1839/1242 1241/1838/1241 
f 1275/1872/1275 1241/1838/1241 1274/1871/1274 
f 1276/1873/1276 1243/1840/1243 1242/1839/1242 
f 1276/1873/1276 1242/1839/1242 1275/1872/1275 
f 1277/1874/1277 1244/1841/1244 1243/1840/1243 
f 1277/1874/1277 1243/1840/1243 1276/1873/1276 
f 1278/1875/1278 1245/1842/1245 1244/1841/1244 
f 1278/1875/1278 1244/1841/1244 1277/1874/1277 
f 1279/1876/1279 1246/1843/1246 1245/1842/1245 
f 1279/1876/1279 1245/1842/1245 1278/1875/1278 
f 1280/1877/1280 1247/1844/1247 1246/1843/1246 
f 1280/1877/1280 1246/1843/1246 1279/1876/1279 
f 1281/1878/1281 1248/1845/1248 1247/1844/1247 
f 1281/1878/1281 1247/1844/1247 1280/1877/1280 
f 1282/1879/1282 1249/1846/1249 1248/1845/1248 
f 1282/1879/1282 1248/1845/1248 1281/1878/1281 
f 1283/1880/1283 1250/1847/1250 1249/1846/1249 
f 1283/1880/1283 1249/1846/1249 1282/1879/1282 
f 1284/1881/1284 1251/1848/1251 1250/1847/1250 
f 1284/1881/1284 1250/1847/1250 1283/1880/1283 
f 1285/1882/1285 1252/1849/1252 1251/1848/1251 
f 1285/1882/1285 1251/1848/1251 1284/1881/1284 
f 1286/1883/1286 1253/1850/1253 1252/1849/1252 
f 1286/1883/1286 1252/1849/1252 1285/1882/1285 
f 1287/1884/1287 1254/1851/1254 1253/1850/1253 
f 1287/1884/1287 1253/1850/1253 1286/1883/1286 
f 1288/1885/1288 1255/1852/1255 1254/1851/1254 
f 1288/1885/1288 1254/1851/1254 1287/1884/1287 
f 1289/1886/1289 1256/1853/1256 1255/1852/1255 
f 1289/1886/1289 1255/1852/1255 1288/1885/1288 
f 1290/1887/1290 1257/1854/1257 1256/1853/1256 
f 1290/1887/1290 1256/1853/1256 1289/1886/1289 
f 1291/1888/1291 1258/1855/1258 1257/1854/1257 
f 1291/1888/1291 1257/1854/1257 1290/1887/1290 
f 1292/1889/1292 1259/1856/1259 1258/1855/1258 
f 1292/1889/1292 1258/1855/1258 1291/1888/1291 
f 1293/1890/1293 1260/1857/1260 1259/1856/1259 
f 1293/1890/1293 1259/1856/1259 1292/1889/1292 
f 1294/1891/1294 1261/1858/1261 1260/1857/1260 
f 1294/1891/1294 1260/1857/1260 1293/1890/1293 
f 1295/1892/1295 1262/1859/1262 1261/1858/1261 
f 1295/1892/1295 1261/1858/1261 1294/1891/1294 
f 1296/1893/1296 1263/1860/1263 1262/1859/1262 
f 1296/1893/1296 1262/1859/1262 1295/1892/1295 
f 1297/1894/1297 1264/1861/1264 1263/1860/1263 
f 1297/1894/1297 1263/1860/1263 1296/1893/1296 
f 1298/1895/1298 1265/1862/1265 1264/1861/1264 
f 1298/1895/1298 1264/1861/1264 1297/1894/1297 
f 1299/1896/1299 1266/1863/1266 1265/1862/1265 
f 1299/1896/1299 1265/1862/1265 1298/1895/1298 
f 1300/1897/1300 1267/1864/1267 1266/1863/1266 
f 1300/1897/1300 1266/1863/1266 1299/1896/1299 
f 1302/1898/1302 1269/1865/1269 1268/1866/1268 
f 1302/1898/1302 1268/1866/1268 1301/1899/1301 
f 1303/1900/1303 1270/1867/1270 1269/1865/1269 
f 1303/1900/1303 1269/1865/1269 1302/1898/1302 
f 1304/1901/1304 1271/1868/1271 1270/1867/1270 
f 1304/1901/1304 1270/1867/1270 1303/1900/1303 
f 1305/1902/1305 1272/1869/1272 1271/1868/1271 
f 1305/1902/1305 1271/1868/1271 1304/1901/1304 
f 1306/1903/1306 1273/1870/1273 1272/1869/1272 
f 1306/1903/1306 1272/1869/1272 1305/1902/1305 
f 1307/1904/1307 1274/1871/1274 1273/1870/1273 
f 1307/1904/1307 1273/1870/1273 1306/1903/1306 
f 1308/1905/1308 1275/1872/1275 1274/1871/1274 
f 1308/1905/1308 1274/1871/1274 1307/1904/1307 
f 1309/1906/1309 1276/1873/1276 1275/1872/1275 
f 1309/1906/1309 1275/1872/1275 1308/1905/1308 
f 1310/1907/1310 1277/1874/1277 1276/1873/1276 
f 1310/1907/1310 1276/1873/1276 1309/1906/1309 
f 1311/1908/1311 1278/1875/1278 1277/1874/1277 
f 1311/1908/1311 1277/1874/1277 1310/1907/1310 
f 1312/1909/1312 1279/1876/1279 1278/1875/1278 
f 1312/1909/1312 1278/1875/1278 1311/1908/1311 
f 1313/1910/1313 1280/1877/1280 1279/1876/1279 
f 1313/1910/1313 1279/1876/1279 1312/1909/1312 
f 1314/1911/1314 1281/1878/1281 1280/1877/1280 
f 1314/1911/1314 1280/1877/1280 1313/1910/1313 
f 1315/1912/1315 1282/1879/1282 1281/1878/1281 
f 1315/1912/1315 1281/1878/1281 1314/1911/1314 
f 1316/1913/1316 1283/1880/1283 1282/1879/1282 
f 1316/1913/1316 1282/1879/1282 1315/1912/1315 
f 1317/1914/1317 1284/1881/1284 1283/1880/1283 
f 1317/1914/1317 1283/1880/1283 1316/1913/1316 
f 1318/1915/1318 1285/1882/1285 1284/1881/1284 
f 1318/1915/1318 1284/1881/1284 1317/1914/1317 
f 1319/1916/1319 1286/1883/1286 1285/1882/1285 
f 1319/1916/1319 1285/1882/1285 1318/1915/1318 
f 1320/1917/1320 1287/1884/1287 1286/1883/1286 
f 1320/1917/1320 1286/1883/1286 1319/1916/1319 
f 1321/1918/1321 1288/1885/1288 1287/1884/1287 
f 1321/1918/1321 1287/1884/1287 1320/1917/1320 
f 1322/1919/1322 1289/1886/1289 1288/1885/1288 
f 1322/1919/1322 1288/1885/1288 1321/1918/1321 
f 1323/1920/1323 1290/1887/1290 1289/1886/1289 
f 1323/1920/1323 1289/1886/1289 1322/1919/1322 
f 1324/1921/1324 1291/1888/1291 1290/1887/1290 
f 1324/1921/1324 1290/1887/1290 1323/1920/1323 
f 1325/1922/1325 1292/1889/1292 1291/1888/1291 
f 1325/1922/1325 1291/1888/1291 1324/1921/1324 
f 1326/1923/1326 1293/1890/1293 1292/1889/1292 
f 1326/1923/1326 1292/1889/1292 1325/1922/1325 
f 1327/1924/1327 1294/1891/1294 1293/1890/1293 
f 1327/1924/1327 1293/1890/1293 1326/1923/1326 
f 1328/1925/1328 1295/1892/1295 1294/1891/1294 
f 1328/1925/1328 1294/1891/1294 1327/1924/1327 
f 1329/1926/1329 1296/1893/1296 1295/1892/1295 
f 1329/1926/1329 1295/1892/1295 1328/1925/1328 
f 1330/1927/1330 1297/1894/1297 1296/1893/1296 
f 1330/1927/1330 1296/1893/1296 1329/1926/1329 
f 1331/1928/1331 1298/1895/1298 1297/1894/1297 
f 1331/1928/1331 1297/1894/1297 1330/1927/1330 
f 1332/1929/1332 1299/1896/1299 1298/1895/1298 
f 1332/1929/1332 1298/1895/1298 1331/1928/1331 
f 1333/1930/1333 1300/1897/1300 1299/1896/1299 
f 1333/1930/1333 1299/1896/1299 1332/1929/1332 
f 1335/1931/1335 1302/1898/1302 1301/1899/1301 
f 1335/1931/1335 1301/1899/1301 1334/1932/1334 
f 1336/1933/1336 1303/1900/1303 1302/1898/1302 
f 1336/1933/1336 1302/1898/1302 1335/1931/1335 
f 1337/1934/1337 1304/1901/1304 1303/1900/1303 
f 1337/1934/1337 1303/1900/1303 1336/1933/1336 
f 1338/1935/1338 1305/1902/1305 1304/1901/1304 
f 1338/1935/1338 1304/1901/1304 1337/1934/1337 
f 1339/1936/1339 1306/1903/1306 1305/1902/1305 
f 1339/1936/1339 1305/1902/1305 1338/1935/1338 
f 1340/1937/1340 1307/1904/1307 1306/1903/1306 
f 1340/1937/1340 1306/1903/1306 1339/1936/1339 
f 1341/1938/1341 1308/1905/1308 1307/1904/1307 
f 1341/1938/1341 1307/1904/1307 1340/1937/1340 
f 1342/1939/1342 1309/1906/1309 1308/1905/1308 
f 1342/1939/1342 1308/1905/1308 1341/1938/1341 
f 1343/1940/1343 1310/1907/1310 1309/1906/1309 
f 1343/1940/1343 1309/1906/1309 1342/1939/1342 
f 1344/1941/1344 1311/1908/1311 1310/1907/1310 
f 1344/1941/1344 1310/1907/1310 1343/1940/1343 
f 1345/1942/1345 1312/1909/1312 1311/1908/1311 
f 1345/1942/1345 1311/1908/1311 1344/1941/1344 
f 1346/1943/1346 1313/1910/1313 1312/1909/1312 
f 1346/1943/1346 1312/1909/1312 1345/1942/1345 
f 1347/1944/1347 1314/1911/1314 1313/1910/1313 
f 1347/1944/1347 1313/1910/1313 1346/1943/1346 
f 1348/1945/1348 1315/1912/1315 1314/1911/1314 
f 1348/1945/1348 1314/1911/1314 1347/1944/1347 
f 1349/1946/1349 1316/1913/1316 1315/1912/1315 
f 1349/1946/1349 1315/1912/1315 1348/1945/1348 
f 1350/1947/1350 1317/1914/1317 1316/1913/1316 
f 1350/1947/1350 1316/1913/1316 1349/1946/1349 
f 1351/1948/1351 1318/1915/1318 1317/1914/1317 
f 1351/1948/1351 1317/1914/1317 1350/1947/1350 
f 1352/1949/1352 1319/1916/1319 1318/1915/1318 
f 1352/1949/1352 1318/1915/1318 1351/1948/1351 
f 1353/1950/1353 1320/1917/1320 1319/1916/1319 
f 1353/1950/1353 1319/1916/1319 1352/1949/1352 
f 1354/1951/1354 1321/1918/1321 1320/1917/1320 
f 1354/1951/1354 1320/1917/1320 1353/1950/1353 
f 1355/1952/1355 1322/1919/1322 1321/1918/1321 
f 1355/1952/1355 1321/1918/1321 1354/1951/1354 
f 1356/1953/1356 1323/1920/1323 1322/1919/1322 
f 1356/1953/1356 1322/1919/1322 1355/1952/1355 
f 1357/1954/1357 1324/1921/1324 1323/1920/1323 
f 1357/1954/1357 1323/1920/1323 1356/1953/1356 
f 1358/1955/1358 1325/1922/1325 1324/1921/1324 
f 1358/1955/1358 1324/1921/1324 1357/1954/1357 
f 1359/1956/1359 1326/1923/1326 1325/1922/1325 
f 1359/1956/1359 1325/1922/1325 1358/1955/1358 
f 1360/1957/1360 1327/1924/1327 1326/1923/1326 
f 1360/1957/1360 1326/1923/1326 1359/1956/1359 
f 1361/1958/1361 1328/1925/1328 1327/1924/1327 
f 1361/1958/1361 1327/1924/1327 1360/1957/1360 
f 1362/1959/1362 1329/1926/1329 1328/1925/1328 
f 1362/1959/1362 1328/1925/1328 1361/1958/1361 
f 1363/1960/1363 1330/1927/1330 1329/1926/1329 
f 1363/1960/1363 1329/1926/1329 1362/1959/1362 
f 1364/1961/1364 1331/1928/1331 1330/1927/1330 
f 1364/1961/1364 1330/1927/1330 1363/1960/1363 
f 1365/1962/1365 1332/1929/1332 1331/1928/1331 
f 1365/1962/1365 1331/1928/1331 1364/1961/1364 
f 1366/1963/1366 1333/1930/1333 1332/1929/1332 
f 1366/1963/1366 1332/1929/1332 1365/1962/1365 
f 1368/1964/1368 1335/1931/1335 1334/1932/1334 
f 1368/1964/1368 1334/1932/1334 1367/1965/1367 
f 1369/1966/1369 1336/1933/1336 1335/1931/1335 
f 1369/1966/1369 1335/1931/1335 1368/1964/1368 
f 1370/1967/1370 1337/1934/1337 1336/1933/1336 
f 1370/1967/1370 1336/1933/1336 1369/1966/1369 
f 1371/1968/1371 1338/1935/1338 1337/1934/1337 
f 1371/1968/1371 1337/1934/1337 1370/1967/1370 
f 1372/1969/1372 1339/1936/1339 1338/1935/1338 
f 1372/1969/1372 1338/1935/1338 1371/1968/1371 
f 1373/1970/1373 1340/1937/1340 1339/1936/1339 
f 1373/1970/1373 1339/1936/1339 1372/1969/1372 
f 1374/1971/1374 1341/1938/1341 1340/1937/1340 
f 1374/1971/1374 1340/1937/1340 1373/1970/1373 
f 1375/1972/1375 1342/1939/1342 1341/1938/1341 
f 1375/1972/1375 1341/1938/1341 1374/1971/1374 
f 1376/1973/1376 1343/1940/1343 1342/1939/1342 
f 1376/1973/1376 1342/1939/1342 1375/1972/1375 
f 1377/1974/1377 1344/1941/1344 1343/1940/1343 
f 1377/1974/1377 1343/1940/1343 1376/1973/1376 
f 1378/1975/1378 1345/1942/1345 1344/1941/1344 
f 1378/1975/1378 1344/1941/1344 1377/1974/1377 
f 1379/1976/1379 1346/1943/1346 1345/1942/1345 
f 1379/1976/1379 1345/1942/1345 1378/1975/1378 
f 1380/1977/1380 1347/1944/1347 1346/1943/1346 
f 1380/1977/1380 1346/1943/1346 1379/1976/1379 
f 1381/1978/1381 1348/1945/1348 1347/1944/1347 
f 1381/1978/1381 1347/1944/1347 1380/1977/1380 
f 1382/1979/1382 1349/1946/1349 1348/1945/1348 
f 1382/1979/1382 1348/1945/1348 1381/1978/1381 
f 1383/1980/1383 1350/1947/1350 1349/1946/1349 
f 1383/1980/1383 1349/1946/1349 1382/1979/1382 
f 1384/1981/1384 1351/1948/1351 1350/1947/1350 
f 1384/1981/1384 1350/1947/1350 1383/1980/1383 
f 1385/1982/1385 1352/1949/1352 1351/1948/1351 
f 1385/1982/1385 1351/1948/1351 1384/1981/1384 
f 1386/1983/1386 1353/1950/1353 1352/1949/1352 
f 1386/1983/1386 1352/1949/1352 1385/1982/1385 
f 1387/1984/1387 1354/1951/1354 1353/1950/1353 
f 1387/1984/1387 1353/1950/1353 1386/1983/1386 
f 1388/1985/1388 1355/1952/1355 1354/1951/1354 
f 1388/1985/1388 1354/1951/1354 1387/1984/1387 
f 1389/1986/1389 1356/1953/1356 1355/1952/1355 
f 1389/1986/1389 1355/1952/1355 1388/1985/1388 
f 1390/1987/1390 1357/1954/1357 1356/1953/1356 
f 1390/1987/1390 1356/1953/1356 1389/1986/1389 
f 1391/1988/1391 1358/1955/1358 1357/1954/1357 
f 1391/1988/1391 1357/1954/1357 1390/1987/1390 
f 1392/1989/1392 1359/1956/1359 1358/1955/1358 
f 1392/1989/1392 1358/1955/1358 1391/1988/1391 
f 1393/1990/1393 1360/1957/1360 1359/1956/1359 
f 1393/1990/1393 1359/1956/1359 1392/1989/1392 
f 1394/1991/1394 1361/1958/1361 1360/1957/1360 
f 1394/1991/1394 1360/1957/1360 1393/1990/1393 
f 1395/1992/1395 1362/1959/1362 1361/1958/1361 
f 1395/1992/1395 1361/1958/1361 1394/1991/1394 
f 1396/1993/1396 1363/1960/1363 1362/1959/1362 
f 1396/1993/1396 1362/1959/1362 1395/1992/1395 
f 1397/1994/1397 1364/1961/1364 1363/1960/1363 
f 1397/1994/1397 1363/1960/1363 1396/1993/1396 
f 1398/1995/1398 1365/1962/1365 1364/1961/1364 
f 1398/1995/1398 1364/1961/1364 1397/1994/1397 
f 1399/1996/1399 1366/1963/1366 1365/1962/1365 
f 1399/1996/1399 1365/1962/1365 1398/1995/1398 
f 1401/1997/1401 1368/1964/1368 1367/1965/1367 
f 1401/1997/1401 1367/1965/1367 1400/1998/1400 
f 1402/1999/1402 1369/1966/1369 1368/1964/1368 
f 1402/1999/1402 1368/1964/1368 1401/1997/1401 
f 1403/2000/1403 1370/1967/1370 1369/1966/1369 
f 1403/2000/1403 1369/1966/1369 1402/1999/1402 
f 1404/2001/1404 1371/1968/1371 1370/1967/1370 
f 1404/2001/1404 1370/1967/1370 1403/2000/1403 
f 1405/2002/1405 1372/1969/1372 1371/1968/1371 
f 1405/2002/1405 1371/1968/1371 1404/2001/1404 
f 1406/2003/1406 1373/1970/1373 1372/1969/1372 
f 1406/2003/1406 1372/1969/1372 1405/2002/1405 
f 1407/2004/1407 1374/1971/1374 1373/1970/1373 
f 1407/2004/1407 1373/1970/1373 1406/2003/1406 
f 1408/2005/1408 1375/1972/1375 1374/1971/1374 
f 1408/2005/1408 1374/1971/1374 1407/2004/1407 
f 1409/2006/1409 1376/1973/1376 1375/1972/1375 
f 1409/2006/1409 1375/1972/1375 1408/2005/1408 
f 1410/2007/1410 1377/1974/1377 1376/1973/1376 
f 1410/2007/1410 1376/1973/1376 1409/2006/1409 
f 1411/2008/1411 1378/1975/1378 1377/1974/1377 
f 1411/2008/1411 1377/1974/1377 1410/2007/1410 
f 1412/2009/1412 1379/1976/1379 1378/1975/1378 
f 1412/2009/1412 1378/1975/1378 1411/2008/1411 
f 1413/2010/1413 1380/1977/1380 1379/1976/1379 
f 1413/2010/1413 1379/1976/1379 1412/2009/1412 
f 1414/2011/1414 1381/1978/1381 1380/1977/1380 
f 1414/2011/1414 1380/1977/1380 1413/2010/1413 
f 1415/2012/1415 1382/1979/1382 1381/1978/1381 
f 1415/2012/1415 1381/1978/1381 1414/2011/1414 
f 1416/2013/1416 1383/1980/1383 1382/1979/1382 
f 1416/2013/1416 1382/1979/1382 1415/2012/1415 
f 1417/2014/1417 1384/1981/1384 1383/1980/1383 
f 1417/2014/1417 1383/1980/1383 1416/2013/1416 
f 1418/2015/1418 1385/1982/1385 1384/1981/1384 
f 1418/2015/1418 1384/1981/1384 1417/2014/1417 
f 1419/2016/1419 1386/1983/1386 1385/1982/1385 
f 1419/2016/1419 1385/1982/1385 1418/2015/1418 
f 1420/2017/1420 1387/1984/1387 1386/1983/1386 
f 1420/2017/1420 1386/1983/1386 1419/2016/1419 
f 1421/2018/1421 1388/1985/1388 1387/1984/1387 
f 1421/2018/1421 1387/1984/1387 1420/2017/1420 
f 1422/2019/1422 1389/1986/1389 1388/1985/1388 
f 1422/2019/1422 1388/1985/1388 1421/2018/1421 
f 1423/2020/1423 1390/1987/1390 1389/1986/1389 
f 1423/2020/1423 1389/1986/1389 1422/2019/1422 
f 1424/2021/1424 1391/1988/1391 1390/1987/1390 
f 1424/2021/1424 1390/1987/1390 1423/2020/1423 
f 1425/2022/1425 1392/1989/1392 1391/1988/1391 
f 1425/2022/1425 1391/1988/1391 1424/2021/1424 
f 1426/2023/1426 1393/1990/1393 1392/1989/1392 
f 1426/2023/1426 1392/1989/1392 1425/2022/1425 
f 1427/2024/1427 1394/1991/1394 1393/1990/1393 
f 1427/2024/1427 1393/1990/1393 1426/2023/1426 
f 1428/2025/1428 1395/1992/1395 1394/1991/1394 
f 1428/2025/1428 1394/1991/1394 1427/2024/1427 
f 1429/2026/1429 1396/1993/1396 1395/1992/1395 
f 1429/2026/1429 1395/1992/1395 1428/2025/1428 
f 1430/2027/1430 1397/1994/1397 1396/1993/1396 
f 1430/2027/1430 1396/1993/1396 1429/2026/1429 
f 1431/2028/1431 1398/1995/1398 1397/1994/1397 
f 1431/2028/1431 1397/1994/1397 1430/2027/1430 
f 1432/2029/1432 1399/1996/1399 1398/1995/1398 
f 1432/2029/1432 1398/1995/1398 1431/2028/1431 
f 1434/2030/1434 1401/1997/1401 1400/1998/1400 
f 1434/2030/1434 1400/1998/1400 1433/2031/1433 
f 1435/2032/1435 1402/1999/1402 1401/1997/1401 
f 1435/2032/1435 1401/1997/1401 1434/2030/1434 
f 1436/2033/1436 1403/2000/1403 1402/1999/1402 
f 1436/2033/1436 1402/1999/1402 1435/2032/1435 
f 1437/2034/1437 1404/2001/1404 1403/2000/1403 
f 1437/2034/1437 1403/2000/1403 1436/2033/1436 
f 1438/2035/1438 1405/2002/1405 1404/2001/1404 
f 1438/2035/1438 1404/2001/1404 1437/2034/1437 
f 1439/2036/1439 1406/2003/1406 1405/2002/1405 
f 1439/2036/1439 1405/2002/1405 1438/2035/1438 
f 1440/2037/1440 1407/2004/1407 1406/2003/1406 
f 1440/2037/1440 1406/2003/1406 1439/2036/1439 
f 1441/2038/1441 1408/2005/1408 1407/2004/1407 
f 1441/2038/1441 1407/2004/1407 1440/2037/1440 
f 1442/2039/1442 1409/2006/1409 1408/2005/1408 
f 1442/2039/1442 1408/2005/1408 1441/2038/1441 
f 1443/2040/1443 1410/2007/1410 1409/2006/1409 
f 1443/2040/1443 1409/2006/1409 1442/2039/1442 
f 1444/2041/1444 1411/2008/1411 1410/2007/1410 
f 1444/2041/1444 1410/2007/1410 1443/2040/1443 
f 1445/2042/1445 1412/2009/1412 1411/2008/1411 
f 1445/2042/1445 1411/2008/1411 1444/2041/1444 
f 1446/2043/1446 1413/2010/1413 1412/2009/1412 
f 1446/2043/1446 1412/2009/1412 1445/2042/1445 
f 1447/2044/1447 1414/2011/1414 1413/2010/1413 
f 1447/2044/1447 1413/2010/1413 1446/2043/1446 
f 1448/2045/1448 1415/2012/1415 1414/2011/1414 
f 1448/2045/1448 1414/2011/1414 1447/2044/1447 
f 1449/2046/1449 1416/2013/1416 1415/2012/1415 
f 1449/2046/1449 1415/2012/1415 1448/2045/1448 
f 1450/2047/1450 1417/2014/1417 1416/2013/1416 
f 1450/2047/1450 1416/2013/1416 1449/2046/1449 
f 1451/2048/1451 1418/2015/1418 1417/2014/1417 
f 1451/2048/1451 1417/2014/1417 1450/2047/1450 
f 1452/2049/1452 1419/2016/1419 1418/2015/1418 
f 1452/2049/1452 1418/2015/1418 1451/2048/1451 
f 1453/2050/1453 1420/2017/1420 1419/2016/1419 
f 1453/2050/1453 1419/2016/1419 1452/2049/1452 
f 1454/2051/1454 1421/2018/1421 1420/2017/1420 
f 1454/2051/1454 1420/2017/1420 1453/2050/1453 
f 1455/2052/1455 1422/2019/1422 1421/2018/1421 
f 1455/2052/1455 1421/2018/1421 1454/2051/1454 
f 1456/2053/1456 1423/2020/1423 1422/2019/1422 
f 1456/2053/1456 1422/2019/1422 1455/2052/1455 
f 1457/2054/1457 1424/2021/1424 1423/2020/1423 
f 1457/2054/1457 1423/2020/1423 1456/2053/1456 
f 1458/2055/1458 1425/2022/1425 1424/2021/1424 
f 1458/2055/1458 1424/2021/1424 1457/2054/1457 
f 1459/2056/1459 1426/2023/1426 1425/2022/1425 
f 1459/2056/1459 1425/2022/1425 1458/2055/1458 
f 1460/2057/1460 1427/2024/1427 1426/2023/1426 
f 1460/2057/1460 1426/2023/1426 1459/2056/1459 
f 1461/2058/1461 1428/2025/1428 1427/2024/1427 
f 1461/2058/1461 1427/2024/1427 1460/2057/1460 
f 1462/2059/1462 1429/2026/1429 1428/2025/1428 
f 1462/2059/1462 1428/2025/1428 1461/2058/1461 
f 1463/2060/1463 1430/2027/1430 1429/2026/1429 
f 1463/2060/1463 1429/2026/1429 1462/2059/1462 
f 1464/2061/1464 1431/2028/1431 1430/2027/1430 
f 1464/2061/1464 1430/2027/1430 1463/2060/1463 
f 1465/2062/1465 1432/2029/1432 1431/2028/1431 
f 1465/2062/1465 1431/2028/1431 1464/2061/1464 
f 1467/2063/1467 1434/2030/1434 1433/2031/1433 
f 1467/2063/1467 1433/2031/1433 1466/2064/1466 
f 1468/2065/1468 1435/2032/1435 1434/2030/1434 
f 1468/2065/1468 1434/2030/1434 1467/2063/1467 
f 1469/2066/1469 1436/2033/1436 1435/2032/1435 
f 1469/2066/1469 1435/2032/1435 1468/2065/1468 
f 1470/2067/1470 1437/2034/1437 1436/2033/1436 
f 1470/2067/1470 1436/2033/1436 1469/2066/1469 
f 1471/2068/1471 1438/2035/1438 1437/2034/1437 
f 1471/2068/1471 1437/2034/1437 1470/2067/1470 
f 1472/2069/1472 1439/2036/1439 1438/2035/1438 
f 1472/2069/1472 1438/2035/1438 1471/2068/1471 
f 1473/2070/1473 1440/2037/1440 1439/2036/1439 
f 1473/2070/1473 1439/2036/1439 1472/2069/1472 
f 1474/2071/1474 1441/2038/1441 1440/2037/1440 
f 1474/2071/1474 1440/2037/1440 1473/2070/1473 
f 1475/2072/1475 1442/2039/1442 1441/2038/1441 
f 1475/2072/1475 1441/2038/1441 1474/2071/1474 
f 1476/2073/1476 1443/2040/1443 1442/2039/1442 
f 1476/2073/1476 1442/2039/1442 1475/2072/1475 
f 1477/2074/1477 1444/2041/1444 1443/2040/1443 
f 1477/2074/1477 1443/2040/1443 1476/2073/1476 
f 1478/2075/1478 1445/2042/1445 1444/2041/1444 
f 1478/2075/1478 1444/2041/1444 1477/2074/1477 
f 1479/2076/1479 1446/2043/1446 1445/2042/1445 
f 1479/2076/1479 1445/2042/1445 1478/2075/1478 
f 1480/2077/1480 1447/2044/1447 1446/2043/1446 
f 1480/2077/1480 1446/2043/1446 1479/2076/1479 
f 1481/2078/1481 1448/2045/1448 1447/2044/1447 
f 1481/2078/1481 1447/2044/1447 1480/2077/1480 
f 1482/2079/1482 1449/2046/1449 1448/2045/1448 
f 1482/2079/1482 1448/2045/1448 1481/2078/1481 
f 1483/2080/1483 1450/2047/1450 1449/2046/1449 
f 1483/2080/1483 1449/2046/1449 1482/2079/1482 
f 1484/2081/1484 1451/2048/1451 1450/2047/1450 
f 1484/2081/1484 1450/2047/1450 1483/2080/1483 
f 1485/2082/1485 1452/2049/1452 1451/2048/1451 
f 1485/2082/1485 1451/2048/1451 1484/2081/1484 
f 1486/2083/1486 1453/2050/1453 1452/2049/1452 
f 1486/2083/1486 1452/2049/1452 1485/2082/1485 
f 1487/2084/1487 1454/2051/1454 1453/2050/1453 
f 1487/2084/1487 1453/2050/1453 1486/2083/1486 
f 1488/2085/1488 1455/2052/1455 1454/2051/1454 
f 1488/2085/1488 1454/2051/1454 1487/2084/1487 
f 1489/2086/1489 1456/2053/1456 1455/2052/1455 
f 1489/2086/1489 1455/2052/1455 1488/2085/1488 
f 1490/2087/1490 1457/2054/1457 1456/2053/1456 
f 1490/2087/1490 1456/2053/1456 1489/2086/1489 
f 1491/2088/1491 1458/2055/1458 1457/2054/1457 
f 1491/2088/1491 1457/2054/1457 1490/2087/1490 
f 1492/2089/1492 1459/2056/1459 1458/2055/1458 
f 1492/2089/1492 1458/2055/1458 1491/2088/1491 
f 1493/2090/1493 1460/2057/1460 1459/2056/1459 
f 1493/2090/1493 1459/2056/1459 1492/2089/1492 
f 1494/2091/1494 1461/2058/1461 1460/2057/1460 
f 1494/2091/1494 1460/2057/1460 1493/2090/1493 
f 1495/2092/1495 1462/2059/1462 1461/2058/1461 
f 1495/2092/1495 1461/2058/1461 1494/2091/1494 
f 1496/2093/1496 1463/2060/1463 1462/2059/1462 
f 1496/2093/1496 1462/2059/1462 1495/2092/1495 
f 1497/2094/1497 1464/2061/1464 1463/2060/1463 
f 1497/2094/1497 1463/2060/1463 1496/2093/1496 
f 1498/2095/1498 1465/2062/1465 1464/2061/1464 
f 1498/2095/1498 1464/2061/1464 1497/2094/1497 
f 1500/2096/1500 1467/2063/1467 1466/2064/1466 
f 1500/2096/1500 1466/2064/1466 1499/2097/1499 
f 1501/2098/1501 1468/2065/1468 1467/2063/1467 
f 1501/2098/1501 1467/2063/1467 1500/2096/1500 
f 1502/2099/1502 1469/2066/1469 1468/2065/1468 
f 1502/2099/1502 1468/2065/1468 1501/2098/1501 
f 1503/2100/1503 1470/2067/1470 1469/2066/1469 
f 1503/2100/1503 1469/2066/1469 1502/2099/1502 
f 1504/2101/1504 1471/2068/1471 1470/2067/1470 
f 1504/2101/1504 1470/2067/1470 1503/2100/1503 
f 1505/2102/1505 1472/2069/1472 1471/2068/1471 
f 1505/2102/1505 1471/2068/1471 1504/2101/1504 
f 1506/2103/1506 1473/2070/1473 1472/2069/1472 
f 1506/2103/1506 1472/2069/1472 1505/2102/1505 
f 1507/2104/1507 1474/2071/1474 1473/2070/1473 
f 1507/2104/1507 1473/2070/1473 1506/2103/1506 
f 1508/2105/1508 1475/2072/1475 1474/2071/1474 
f 1508/2105/1508 1474/2071/1474 1507/2104/1507 
f 1509/2106/1509 1476/2073/1476 1475/2072/1475 
f 1509/2106/1509 1475/2072/1475 1508/2105/1508 
f 1510/2107/1510 1477/2074/1477 1476/2073/1476 
f 1510/2107/1510 1476/2073/1476 1509/2106/1509 
f 1511/2108/1511 1478/2075/1478 1477/2074/1477 
f 1511/2108/1511 1477/2074/1477 1510/2107/1510 
f 1512/2109/1512 1479/2076/1479 1478/2075/1478 
f 1512/2109/1512 1478/2075/1478 1511/2108/1511 
f 1513/2110/1513 1480/2077/1480 1479/2076/1479 
f 1513/2110/1513 1479/2076/1479 1512/2109/1512 
f 1514/2111/1514 1481/2078/1481 1480/2077/1480 
f 1514/2111/1514 1480/2077/1480 1513/2110/1513 
f 1515/2112/1515 1482/2079/1482 1481/2078/1481 
f 1515/2112/1515 1481/2078/1481 1514/2111/1514 
f 1516/2113/1516 1483/2080/1483 1482/2079/1482 
f 1516/2113/1516 1482/2079/1482 1515/2112/1515 
f 1517/2114/1517 1484/2081/1484 1483/2080/1483 
f 1517/2114/1517 1483/2080/1483 1516/2113/1516 
f 1518/2115/1518 1485/2082/1485 1484/2081/1484 
f 1518/2115/1518 1484/2081/1484 1517/2114/1517 
f 1519/2116/1519 1486/2083/1486 1485/2082/1485 
f 1519/2116/1519 1485/2082/1485 1518/2115/1518 
f 1520/2117/1520 1487/2084/1487 1486/2083/1486 
f 1520/2117/1520 1486/2083/1486 1519/2116/1519 
f 1521/2118/1521 1488/2085/1488 1487/2084/1487 
f 1521/2118/1521 1487/2084/1487 1520/2117/1520 
f 1522/2119/1522 1489/2086/1489 1488/2085/1488 
f 1522/2119/1522 1488/2085/1488 1521/2118/1521 
f 1523/2120/1523 1490/2087/1490 1489/2086/1489 
f 1523/2120/1523 1489/2086/1489 1522/2119/1522 
f 1524/2121/1524 1491/2088/1491 1490/2087/1490 
f 1524/2121/1524 1490/2087/1490 1523/2120/1523 
f 1525/2122/1525 1492/2089/1492 1491/2088/1491 
f 1525/2122/1525 1491/2088/1491 1524/2121/1524 
f 1526/2123/1526 1493/2090/1493 1492/2089/1492 
f 1526/2123/1526 1492/2089/1492 1525/2122/1525 
f 1527/2124/1527 1494/2091/1494 1493/2090/1493 
f 1527/2124/1527 1493/2090/1493 1526/2123/1526 
f 1528/2125/1528 1495/2092/1495 1494/2091/1494 
f 1528/2125/1528 1494/2091/1494 1527/2124/1527 
f 1529/2126/1529 1496/2093/1496 1495/2092/1495 
f 1529/2126/1529 1495/2092/1495 1528/2125/1528 
f 1530/2127/1530 1497/2094/1497 1496/2093/1496 
f 1530/2127/1530 1496/2093/1496 1529/2126/1529 
f 1531/2128/1531 1498/2095/1498 1497/2094/1497 
f 1531/2128/1531 1497/2094/1497 1530/2127/1530 
f 1533/2129/1533 1500/2096/1500 1499/2097/1499 
f 1533/2129/1533 1499/2097/1499 1532/2130/1532 
f 1534/2131/1534 1501/2098/1501 1500/2096/1500 
f 1534/2131/1534 1500/2096/1500 1533/2129/1533 
f 1535/2132/1535 1502/2099/1502 1501/2098/1501 
f 1535/2132/1535 1501/2098/1501 1534/2131/1534 
f 1536/2133/1536 1503/2100/1503 1502/2099/1502 
f 1536/2133/1536 1502/2099/1502 1535/2132/1535 
f 1537/2134/1537 1504/2101/1504 1503/2100/1503 
f 1537/2134/1537 1503/2100/1503 1536/2133/1536 
f 1538/2135/1538 1505/2102/1505 1504/2101/1504 
f 1538/2135/1538 1504/2101/1504 1537/2134/1537 
f 1539/2136/1539 1506/2103/1506 1505/2102/1505 
f 1539/2136/1539 1505/2102/1505 1538/2135/1538 
f 1540/2137/1540 1507/2104/1507 1506/2103/1506 
f 1540/2137/1540 1506/2103/1506 1539/2136/1539 
f 1541/2138/1541 1508/2105/1508 1507/2104/1507 
f 1541/2138/1541 1507/2104/1507 1540/2137/1540 
f 1542/2139/1542 1509/2106/1509 1508/2105/1508 
f 1542/2139/1542 1508/2105/1508 1541/2138/1541 
f 1543/2140/1543 1510/2107/1510 1509/2106/1509 
f 1543/2140/1543 1509/2106/1509 1542/2139/1542 
f 1544/2141/1544 1511/2108/1511 1510/2107/1510 
f 1544/2141/1544 1510/2107/1510 1543/2140/1543 
f 1545/2142/1545 1512/2109/1512 1511/2108/1511 
f 1545/2142/1545 1511/2108/1511 1544/2141/1544 
f 1546/2143/1546 1513/2110/1513 1512/2109/1512 
f 1546/2143/1546 1512/2109/1512 1545/2142/1545 
f 1547/2144/1547 1514/2111/1514 1513/2110/1513 
f 1547/2144/1547 1513/2110/1513 1546/2143/1546 
f 1548/2145/1548 1515/2112/1515 1514/2111/1514 
f 1548/2145/1548 1514/2111/1514 1547/2144/1547 
f 1549/2146/1549 1516/2113/1516 1515/2112/1515 
f 1549/2146/1549 1515/2112/1515 1548/2145/1548 
f 1550/2147/1550 1517/2114/1517 1516/2113/1516 
f 1550/2147/1550 1516/2113/1516 1549/2146/1549 
f 1551/2148/1551 1518/2115/1518 1517/2114/1517 
f 1551/2148/1551 1517/2114/1517 1550/2147/1550 
f 1552/2149/1552 1519/2116/1519 1518/2115/1518 
f 1552/2149/1552 1518/2115/1518 1551/2148/1551 
f 1553/2150/1553 1520/2117/1520 1519/2116/1519 
f 1553/2150/1553 1519/2116/1519 1552/2149/1552 
f 1554/2151/1554 1521/2118/1521 1520/2117/1520 
f 1554/2151/1554 1520/2117/1520 1553/2150/1553 
f 1555/2152/1555 1522/2119/1522 1521/2118/1521 
f 1555/2152/1555 1521/2118/1521 1554/2151/1554 
f 1556/2153/1556 1523/2120/1523 1522/2119/1522 
f 1556/2153/1556 1522/2119/1522 1555/2152/1555 
f 1557/2154/1557 1524/2121/1524 1523/2120/1523 
f 1557/2154/1557 1523/2120/1523 1556/2153/1556 
f 1558/2155/1558 1525/2122/1525 1524/2121/1524 
f 1558/2155/1558 1524/2121/1524 1557/2154/1557 
f 1559/2156/1559 1526/2123/1526 1525/2122/1525 
f 1559/2156/1559 1525/2122/1525 1558/2155/1558 
f 1560/2157/1560 1527/2124/1527 1526/2123/1526 
f 1560/2157/1560 1526/2123/1526 1559/2156/1559 
f 1561/2158/1561 1528/2125/1528 1527/2124/1527 
f 1561/2158/1561 1527/2124/1527 1560/2157/1560 
f 1562/2159/1562 1529/2126/1529 1528/2125/1528 
f 1562/2159/1562 1528/2125/1528 1561/2158/1561 
f 1563/2160/1563 1530/2127/1530 1529/2126/1529 
f 1563/2160/1563 1529/2126/1529 1562/2159/1562 
f 1564/2161/1564 1531/2128/1531 1530/2127/1530 
f 1564/2161/1564 1530/2127/1530 1563/2160/1563 
f 1566/2162/1566 1533/2129/1533 1532/2130/1532 
f 1566/2162/1566 1532/2130/1532 1565/2163/1565 
f 1567/2164/1567 1534/2131/1534 1533/2129/1533 
f 1567/2164/1567 1533/2129/1533 1566/2162/1566 
f 1568/2165/1568 1535/2132/1535 1534/2131/1534 
f 1568/2165/1568 1534/2131/1534 1567/2164/1567 
f 1569/2166/1569 1536/2133/1536 1535/2132/1535 
f 1569/2166/1569 1535/2132/1535 1568/2165/1568 
f 1570/2167/1570 1537/2134/1537 1536/2133/1536 
f 1570/2167/1570 1536/2133/1536 1569/2166/1569 
f 1571/2168/1571 1538/2135/1538 1537/2134/1537 
f 1571/2168/1571 1537/2134/1537 1570/2167/1570 
f 1572/2169/1572 1539/2136/1539 1538/2135/1538 
f 1572/2169/1572 1538/2135/1538 1571/2168/1571 
f 1573/2170/1573 1540/2137/1540 1539/2136/1539 
f 1573/2170/1573 1539/2136/1539 1572/2169/1572 
f 1574/2171/1574 1541/2138/1541 1540/2137/1540 
f 1574/2171/1574 1540/2137/1540 1573/2170/1573 
f 1575/2172/1575 1542/2139/1542 1541/2138/1541 
f 1575/2172/1575 1541/2138/1541 1574/2171/1574 
f 1576/2173/1576 1543/2140/1543 1542/2139/1542 
f 1576/2173/1576 1542/2139/1542 1575/2172/1575 
f 1577/2174/1577 1544/2141/1544 1543/2140/1543 
f 1577/2174/1577 1543/2140/1543 1576/2173/1576 
f 1578/2175/1578 1545/2142/1545 1544/2141/1544 
f 1578/2175/1578 1544/2141/1544 1577/2174/1577 
f 1579/2176/1579 1546/2143/1546 1545/2142/1545 
f 1579/2176/1579 1545/2142/1545 1578/2175/1578 
f 1580/2177/1580 1547/2144/1547 1546/2143/1546 
f 1580/2177/1580 1546/2143/1546 1579/2176/1579 
f 1581/2178/1581 1548/2145/1548 1547/2144/1547 
f 1581/2178/1581 1547/2144/1547 1580/2177/1580 
f 1582/2179/1582 1549/2146/1549 1548/2145/1548 
f 1582/2179/1582 1548/2145/1548 1581/2178/1581 
f 1583/2180/1583 1550/2147/1550 1549/2146/1549 
f 1583/2180/1583 1549/2146/1549 1582/2179/1582 
f 1584/2181/1584 1551/2148/1551 1550/2147/1550 
f 1584/2181/1584 1550/2147/1550 1583/2180/1583 
f 1585/2182/1585 1552/2149/1552 1551/2148/1551 
f 1585/2182/1585 1551/2148/1551 1584/2181/1584 
f 1586/2183/1586 1553/2150/1553 1552/2149/1552 
f 1586/2183/1586 1552/2149/1552 1585/2182/1585 
f 1587/2184/1587 1554/2151/1554 1553/2150/1553 
f 1587/2184/1587 1553/2150/1553 1586/2183/1586 
f 1588/2185/1588 1555/2152/1555 1554/2151/1554 
f 1588/2185/1588 1554/2151/1554 1587/2184/1587 
f 1589/2186/1589 1556/2153/1556 1555/2152/1555 
f 1589/2186/1589 1555/2152/1555 1588/2185/1588 
f 1590/2187/1590 1557/2154/1557 1556/2153/1556 
f 1590/2187/1590 1556/2153/1556 1589/2186/1589 
f 1591/2188/1591 1558/2155/1558 1557/2154/1557 
f 1591/2188/1591 1557/2154/1557 1590/2187/1590 
f 1592/2189/1592 1559/2156/1559 1558/2155/1558 
f 1592/2189/1592 1558/2155/1558 1591/2188/1591 
f 1593/2190/1593 1560/2157/1560 1559/2156/1559 
f 1593/2190/1593 1559/2156/1559 1592/2189/1592 
f 1594/2191/1594 1561/2158/1561 1560/2157/1560 
f 1594/2191/1594 1560/2157/1560 1593/2190/1593 
f 1595/2192/1595 1562/2159/1562 1561/2158/1561 
f 1595/2192/1595 1561/2158/1561 1594/2191/1594 
f 1596/2193/1596 1563/2160/1563 1562/2159/1562 
f 1596/2193/1596 1562/2159/1562 1595/2192/1595 
f 1597/2194/1597 1564/2161/1564 1563/2160/1563 
f 1597/2194/1597 1563/2160/1563 1596/2193/1596 
f 1599/3/1599 1566/2162/1566 1565/2163/1565 
f 1599/3/1599 1565/2163/1565 1598/4/1598 
f 1600/8/1600 1567/2164/1567 1566/2162/1566 
f 1600/8/1600 1566/2162/1566 1599/3/1599 
f 1601/11/1601 1568/2165/1568 1567/2164/1567 
f 1601/11/1601 1567/2164/1567 1600/8/1600 
f 1602/14/1602 1569/2166/1569 1568/2165/1568 
f 1602/14/1602 1568/2165/1568 1601/11/1601 
f 1603/17/1603 1570/2167/1570 1569/2166/1569 
f 1603/17/1603 1569/2166/1569 1602/14/1602 
f 1604/20/1604 1571/2168/1571 1570/2167/1570 
f 1604/20/1604 1570/2167/1570 1603/17/1603 
f 1605/23/1605 1572/2169/1572 1571/2168/1571 
f 1605/23/1605 1571/2168/1571 1604/20/1604 
f 1606/26/1606 1573/2170/1573 1572/2169/1572 
f 1606/26/1606 1572/2169/1572 1605/23/1605 
f 1607/29/1607 1574/2171/1574 1573/2170/1573 
f 1607/29/1607 1573/2170/1573 1606/26/1606 
f 1608/32/1608 1575/2172/1575 1574/2171/1574 
f 1608/32/1608 1574/2171/1574 1607/29/1607 
f 1609/35/1609 1576/2173/1576 1575/2172/1575 
f 1609/35/1609 1575/2172/1575 1608/32/1608 
f 1610/38/1610 1577/2174/1577 1576/2173/1576 
f 1610/38/1610 1576/2173/1576 1609/35/1609 
f 1611/41/1611 1578/2175/1578 1577/2174/1577 
f 1611/41/1611 1577/2174/1577 1610/38/1610 
f 1612/44/1612 1579/2176/1579 1578/2175/1578 
f 1612/44/1612 1578/2175/1578 1611/41/1611 
f 1613/47/1613 1580/2177/1580 1579/2176/1579 
f 1613/47/1613 1579/2176/1579 1612/44/1612 
f 1614/50/1614 1581/2178/1581 1580/2177/1580 
f 1614/50/1614 1580/2177/1580 1613/47/1613 
f 1615/53/1615 1582/2179/1582 1581/2178/1581 
f 1615/53/1615 1581/2178/1581 1614/50/1614 
f 1616/56/1616 1583/2180/1583 1582/2179/1582 
f 1616/56/1616 1582/2179/1582 1615/53/1615 
f 1617/59/1617 1584/2181/1584 1583/2180/1583 
f 1617/59/1617 1583/2180/1583 1616/56/1616 
f 1618/62/1618 1585/2182/1585 1584/2181/1584 
f 1618/62/1618 1584/2181/1584 1617/59/1617 
f 1619/65/1619 1586/2183/1586 1585/2182/1585 
f 1619/65/1619 1585/2182/1585 1618/62/1618 
f 1620/68/1620 1587/2184/1587 1586/2183/1586 
f 1620/68/1620 1586/2183/1586 1619/65/1619 
f 1621/71/1621 1588/2185/1588 1587/2184/1587 
f 1621/71/1621 1587/2184/1587 1620/68/1620 
f 1622/74/1622 1589/2186/1589 1588/2185/1588 
f 1622/74/1622 1588/2185/1588 1621/71/1621 
f 1623/77/1623 1590/2187/1590 1589/2186/1589 
f 1623/77/1623 1589/2186/1589 1622/74/1622 
f 1624/80/1624 1591/2188/1591 1590/2187/1590 
f 1624/80/1624 1590/2187/1590 1623/77/1623 
f 1625/83/1625 1592/2189/1592 1591/2188/1591 
f 1625/83/1625 1591/2188/1591 1624/80/1624 
f 1626/86/1626 1593/2190/1593 1592/2189/1592 
f 1626/86/1626 1592/2189/1592 1625/83/1625 
f 1627/89/1627 1594/2191/1594 1593/2190/1593 
f 1627/89/1627 1593/2190/1593 1626/86/1626 
f 1628/92/1628 1595/2192/1595 1594/2191/1594 
f 1628/92/1628 1594/2191/1594 1627/89/1627 
f 1629/95/1629 1596/2193/1596 1595/2192/1595 
f 1629/95/1629 1595/2192/1595 1628/92/1628 
f 1630/98/1630 1597/2194/1597 1596/2193/1596 
f 1630/98/1630 1596/2193/1596 1629/95/1629 
f 1709/209/1709 1697/100/1697 1710/99/1710 
f 1709/209/1709 1710/99/1710 1711/206/1711 
f 1711/206/1711 1710/99/1710 1700/101/1700 
f 1711/206/1711 1700/101/1700 1701/207/1701 
f 1701/207/1701 1700/101/1700 1702/102/1702 
f 1701/207/1701 1702/102/1702 1704/203/1704 
f 1704/203/1704 1702/102/1702 1699/103/1699 
f 1704/203/1704 1699/103/1699 1703/204/1703 
f 1715/211/1715 1712/105/1712 1716/104/1716 
f 1715/211/1715 1716/104/1716 1718/212/1718 
f 1718/212/1718 1716/104/1716 1714/106/1714 
f 1718/212/1718 1714/106/1714 1717/208/1717 
f 1714/106/1714 1713/6/1713 1632/2/1632 
f 1714/106/1714 1632/2/1632 1697/100/1697 
f 1722/193/1722 1719/108/1719 1723/107/1723 
f 1722/193/1722 1723/107/1723 1725/215/1725 
f 1725/215/1725 1723/107/1723 1721/109/1721 
f 1725/215/1725 1721/109/1721 1724/213/1724 
f 1721/109/1721 1720/9/1720 1633/7/1633 
f 1721/109/1721 1633/7/1633 1712/105/1712 
f 1726/112/1726 1635/13/1635 1727/12/1727 
f 1726/112/1726 1727/12/1727 1728/194/1728 
f 1728/194/1728 1727/12/1727 1634/10/1634 
f 1728/194/1728 1634/10/1634 1719/108/1719 
f 1729/115/1729 1636/16/1636 1730/15/1730 
f 1729/115/1729 1730/15/1730 1731/111/1731 
f 1732/220/1732 1731/111/1731 1733/110/1733 
f 1732/220/1732 1733/110/1733 1735/217/1735 
f 1735/217/1735 1733/110/1733 1726/112/1726 
f 1735/217/1735 1726/112/1726 1734/195/1734 
f 1736/118/1736 1637/19/1637 1737/18/1737 
f 1736/118/1736 1737/18/1737 1738/114/1738 
f 1739/221/1739 1738/114/1738 1740/113/1740 
f 1739/221/1739 1740/113/1740 1742/222/1742 
f 1742/222/1742 1740/113/1740 1729/115/1729 
f 1742/222/1742 1729/115/1729 1741/219/1741 
f 1743/123/1743 1638/22/1638 1744/21/1744 
f 1743/123/1743 1744/21/1744 1745/117/1745 
f 1746/225/1746 1745/117/1745 1747/116/1747 
f 1746/225/1746 1747/116/1747 1749/226/1749 
f 1749/226/1749 1747/116/1747 1736/118/1736 
f 1749/226/1749 1736/118/1736 1748/224/1748 
f 1757/234/1757 1750/120/1750 1758/119/1758 
f 1757/234/1757 1758/119/1758 1759/231/1759 
f 1759/231/1759 1758/119/1758 1752/121/1752 
f 1759/231/1759 1752/121/1752 1753/232/1753 
f 1753/232/1753 1752/121/1752 1754/122/1754 
f 1753/232/1753 1754/122/1754 1756/228/1756 
f 1756/228/1756 1754/122/1754 1743/123/1743 
f 1756/228/1756 1743/123/1743 1755/229/1755 
f 1763/238/1763 1760/125/1760 1764/124/1764 
f 1763/238/1763 1764/124/1764 1766/236/1766 
f 1766/236/1766 1764/124/1764 1762/126/1762 
f 1766/236/1766 1762/126/1762 1765/233/1765 
f 1762/126/1762 1761/27/1761 1639/25/1639 
f 1762/126/1762 1639/25/1639 1750/120/1750 
f 1770/240/1770 1767/128/1767 1771/127/1771 
f 1770/240/1770 1771/127/1771 1773/241/1773 
f 1773/241/1773 1771/127/1771 1769/129/1769 
f 1773/241/1773 1769/129/1769 1772/237/1772 
f 1769/129/1769 1768/30/1768 1640/28/1640 
f 1769/129/1769 1640/28/1640 1760/125/1760 
f 1777/198/1777 1774/131/1774 1778/130/1778 
f 1777/198/1777 1778/130/1778 1780/243/1780 
f 1780/243/1780 1778/130/1778 1776/132/1776 
f 1780/243/1780 1776/132/1776 1779/244/1779 
f 1776/132/1776 1775/33/1775 1641/31/1641 
f 1776/132/1776 1641/31/1641 1767/128/1767 
f 1781/135/1781 1643/37/1643 1782/36/1782 
f 1781/135/1781 1782/36/1782 1783/197/1783 
f 1783/197/1783 1782/36/1782 1642/34/1642 
f 1783/197/1783 1642/34/1642 1774/131/1774 
f 1784/138/1784 1644/40/1644 1785/39/1785 
f 1784/138/1784 1785/39/1785 1786/134/1786 
f 1787/247/1787 1786/134/1786 1788/133/1788 
f 1787/247/1787 1788/133/1788 1790/246/1790 
f 1790/246/1790 1788/133/1788 1781/135/1781 
f 1790/246/1790 1781/135/1781 1789/196/1789 
f 1791/141/1791 1645/43/1645 1792/42/1792 
f 1791/141/1791 1792/42/1792 1793/137/1793 
f 1794/250/1794 1793/137/1793 1795/136/1795 
f 1794/250/1794 1795/136/1795 1797/251/1797 
f 1797/251/1797 1795/136/1795 1784/138/1784 
f 1797/251/1797 1784/138/1784 1796/249/1796 
f 1798/146/1798 1646/46/1646 1799/45/1799 
f 1798/146/1798 1799/45/1799 1800/140/1800 
f 1801/257/1801 1800/140/1800 1802/139/1802 
f 1801/257/1801 1802/139/1802 1804/253/1804 
f 1804/253/1804 1802/139/1802 1791/141/1791 
f 1804/253/1804 1791/141/1791 1803/254/1803 
f 1812/261/1812 1805/143/1805 1813/142/1813 
f 1812/261/1812 1813/142/1813 1814/262/1814 
f 1814/262/1814 1813/142/1813 1807/144/1807 
f 1814/262/1814 1807/144/1807 1808/258/1808 
f 1808/258/1808 1807/144/1807 1809/145/1809 
f 1808/258/1808 1809/145/1809 1811/259/1811 
f 1811/259/1811 1809/145/1809 1798/146/1798 
f 1811/259/1811 1798/146/1798 1810/256/1810 
f 1818/267/1818 1815/148/1815 1819/147/1819 
f 1818/267/1818 1819/147/1819 1821/265/1821 
f 1821/265/1821 1819/147/1819 1817/149/1817 
f 1821/265/1821 1817/149/1817 1820/263/1820 
f 1817/149/1817 1816/51/1816 1647/49/1647 
f 1817/149/1817 1647/49/1647 1805/143/1805 
f 1825/269/1825 1822/151/1822 1826/150/1826 
f 1825/269/1825 1826/150/1826 1828/270/1828 
f 1828/270/1828 1826/150/1826 1824/152/1824 
f 1828/270/1828 1824/152/1824 1827/266/1827 
f 1824/152/1824 1823/54/1823 1648/52/1648 
f 1824/152/1824 1648/52/1648 1815/148/1815 
f 1832/199/1832 1829/154/1829 1833/153/1833 
f 1832/199/1832 1833/153/1833 1835/272/1835 
f 1835/272/1835 1833/153/1833 1831/155/1831 
f 1835/272/1835 1831/155/1831 1834/273/1834 
f 1831/155/1831 1830/57/1830 1649/55/1649 
f 1831/155/1831 1649/55/1649 1822/151/1822 
f 1836/158/1836 1651/61/1651 1837/60/1837 
f 1836/158/1836 1837/60/1837 1838/200/1838 
f 1838/200/1838 1837/60/1837 1650/58/1650 
f 1838/200/1838 1650/58/1650 1829/154/1829 
f 1839/161/1839 1652/64/1652 1840/63/1840 
f 1839/161/1839 1840/63/1840 1841/157/1841 
f 1842/275/1842 1841/157/1841 1843/156/1843 
f 1842/275/1842 1843/156/1843 1845/276/1845 
f 1845/276/1845 1843/156/1843 1836/158/1836 
f 1845/276/1845 1836/158/1836 1844/201/1844 
f 1846/164/1846 1653/67/1653 1847/66/1847 
f 1846/164/1846 1847/66/1847 1848/160/1848 
f 1849/279/1849 1848/160/1848 1850/159/1850 
f 1849/279/1849 1850/159/1850 1852/280/1852 
f 1852/280/1852 1850/159/1850 1839/161/1839 
f 1852/280/1852 1839/161/1839 1851/278/1851 
f 1853/169/1853 1654/70/1654 1854/69/1854 
f 1853/169/1853 1854/69/1854 1855/163/1855 
f 1856/286/1856 1855/163/1855 1857/162/1857 
f 1856/286/1856 1857/162/1857 1859/282/1859 
f 1859/282/1859 1857/162/1857 1846/164/1846 
f 1859/282/1859 1846/164/1846 1858/283/1858 
f 1867/297/1867 1860/166/1860 1868/165/1868 
f 1867/297/1867 1868/165/1868 1869/290/1869 
f 1869/290/1869 1868/165/1868 1862/167/1862 
f 1869/290/1869 1862/167/1862 1863/287/1863 
f 1863/287/1863 1862/167/1862 1864/168/1864 
f 1863/287/1863 1864/168/1864 1866/288/1866 
f 1866/288/1866 1864/168/1864 1853/169/1853 
f 1866/288/1866 1853/169/1853 1865/285/1865 
f 1873/298/1873 1870/171/1870 1874/170/1874 
f 1873/298/1873 1874/170/1874 1876/295/1876 
f 1876/295/1876 1874/170/1874 1872/172/1872 
f 1876/295/1876 1872/172/1872 1875/296/1875 
f 1872/172/1872 1871/75/1871 1655/73/1655 
f 1872/172/1872 1655/73/1655 1860/166/1860 
f 1880/301/1880 1877/174/1877 1881/173/1881 
f 1880/301/1880 1881/173/1881 1883/302/1883 
f 1883/302/1883 1881/173/1881 1879/175/1879 
f 1883/302/1883 1879/175/1879 1882/299/1882 
f 1879/175/1879 1878/78/1878 1656/76/1656 
f 1879/175/1879 1656/76/1656 1870/171/1870 
f 1887/291/1887 1884/177/1884 1888/176/1888 
f 1887/291/1887 1888/176/1888 1890/304/1890 
f 1890/304/1890 1888/176/1888 1886/178/1886 
f 1890/304/1890 1886/178/1886 1889/303/1889 
f 1886/178/1886 1885/81/1885 1657/79/1657 
f 1886/178/1886 1657/79/1657 1877/174/1877 
f 1891/181/1891 1659/85/1659 1892/84/1892 
f 1891/181/1891 1892/84/1892 1893/292/1893 
f 1893/292/1893 1892/84/1892 1658/82/1658 
f 1893/292/1893 1658/82/1658 1884/177/1884 
f 1894/184/1894 1660/88/1660 1895/87/1895 
f 1894/184/1894 1895/87/1895 1896/180/1896 
f 1897/307/1897 1896/180/1896 1898/179/1898 
f 1897/307/1897 1898/179/1898 1900/308/1900 
f 1900/308/1900 1898/179/1898 1891/181/1891 
f 1900/308/1900 1891/181/1891 1899/293/1899 
f 1901/187/1901 1661/91/1661 1902/90/1902 
f 1901/187/1901 1902/90/1902 1903/183/1903 
f 1904/314/1904 1903/183/1903 1905/182/1905 
f 1904/314/1904 1905/182/1905 1907/310/1907 
f 1907/310/1907 1905/182/1905 1894/184/1894 
f 1907/310/1907 1894/184/1894 1906/311/1906 
f 1707/192/1707 1662/94/1662 1908/93/1908 
f 1707/192/1707 1908/93/1908 1909/186/1909 
f 1910/315/1910 1909/186/1909 1911/185/1911 
f 1910/315/1910 1911/185/1911 1913/316/1913 
f 1913/316/1913 1911/185/1911 1901/187/1901 
f 1913/316/1913 1901/187/1901 1912/313/1912 
f 1918/321/1918 1705/189/1705 1919/188/1919 
f 1918/321/1918 1919/188/1919 1920/322/1920 
f 1920/322/1920 1919/188/1919 1708/190/1708 
f 1920/322/1920 1708/190/1708 1914/320/1914 
f 1914/320/1914 1708/190/1708 1915/191/1915 
f 1914/320/1914 1915/191/1915 1917/319/1917 
f 1917/319/1917 1915/191/1915 1707/192/1707 
f 1917/319/1917 1707/192/1707 1916/318/1916 
f 1714/106/1714 1697/100/1697 1709/209/1709 
f 1714/106/1714 1709/209/1709 1717/208/1717 
f 1721/109/1721 1712/105/1712 1715/211/1715 
f 1721/109/1721 1715/211/1715 1724/213/1724 
f 1729/115/1729 1731/111/1731 1732/220/1732 
f 1729/115/1729 1732/220/1732 1741/219/1741 
f 1736/118/1736 1738/114/1738 1739/221/1739 
f 1736/118/1736 1739/221/1739 1748/224/1748 
f 1743/123/1743 1745/117/1745 1746/225/1746 
f 1743/123/1743 1746/225/1746 1755/229/1755 
f 1762/126/1762 1750/120/1750 1757/234/1757 
f 1762/126/1762 1757/234/1757 1765/233/1765 
f 1776/132/1776 1767/128/1767 1770/240/1770 
f 1776/132/1776 1770/240/1770 1779/244/1779 
f 1784/138/1784 1786/134/1786 1787/247/1787 
f 1784/138/1784 1787/247/1787 1796/249/1796 
f 1769/129/1769 1760/125/1760 1763/238/1763 
f 1769/129/1769 1763/238/1763 1772/237/1772 
f 1798/146/1798 1800/140/1800 1801/257/1801 
f 1798/146/1798 1801/257/1801 1810/256/1810 
f 1824/152/1824 1815/148/1815 1818/267/1818 
f 1824/152/1824 1818/267/1818 1827/266/1827 
f 1817/149/1817 1805/143/1805 1812/261/1812 
f 1817/149/1817 1812/261/1812 1820/263/1820 
f 1831/155/1831 1822/151/1822 1825/269/1825 
f 1831/155/1831 1825/269/1825 1834/273/1834 
f 1846/164/1846 1848/160/1848 1849/279/1849 
f 1846/164/1846 1849/279/1849 1858/283/1858 
f 1839/161/1839 1841/157/1841 1842/275/1842 
f 1839/161/1839 1842/275/1842 1851/278/1851 
f 1791/141/1791 1793/137/1793 1794/250/1794 
f 1791/141/1791 1794/250/1794 1803/254/1803 
f 1853/169/1853 1855/163/1855 1856/286/1856 
f 1853/169/1853 1856/286/1856 1865/285/1865 
f 1872/172/1872 1860/166/1860 1867/297/1867 
f 1872/172/1872 1867/297/1867 1875/296/1875 
f 1879/175/1879 1870/171/1870 1873/298/1873 
f 1879/175/1879 1873/298/1873 1882/299/1882 
f 1886/178/1886 1877/174/1877 1880/301/1880 
f 1886/178/1886 1880/301/1880 1889/303/1889 
f 1894/184/1894 1896/180/1896 1897/307/1897 
f 1894/184/1894 1897/307/1897 1906/311/1906 
f 1707/192/1707 1909/186/1909 1910/315/1910 
f 1707/192/1707 1910/315/1910 1916/318/1916 
f 1901/187/1901 1903/183/1903 1904/314/1904 
f 1901/187/1901 1904/314/1904 1912/313/1912 
f 1956/357/1956 1954/344/1954 1953/2195/1953 
f 1956/357/1956 1953/2195/1953 1955/349/1955 
f 1954/344/1954 1958/339/1958 1957/329/1957 
f 1954/344/1954 1957/329/1957 1953/2195/1953 
f 1953/2195/1953 1957/329/1957 1960/324/1960 
f 1953/2195/1953 1960/324/1960 1959/331/1959 
f 1955/349/1955 1953/2195/1953 1959/331/1959 
f 1955/349/1955 1959/331/1959 1961/347/1961 
f 46/2199/46 1968/2225/1968 45/2200/45 
f 46/2199/46 13/2223/13 1968/2225/1968 
f 45/2200/45 1968/2225/1968 12/2226/12 
f 34/2201/34 2227/2237/2227 33/2202/33 
f 34/2201/34 2/2236/2 2227/2237/2227 
f 33/2202/33 2226/2240/2226 32/2203/32 
f 33/2202/33 2227/2237/2227 2226/2240/2226 
f 32/2203/32 1977/2243/1977 31/2204/31 
f 32/2203/32 2226/2240/2226 1977/2243/1977 
f 31/2204/31 1978/2247/1978 30/2205/30 
f 31/2204/31 1977/2243/1977 1978/2247/1978 
f 30/2205/30 1969/2249/1969 29/2206/29 
f 30/2205/30 1978/2247/1978 1969/2249/1969 
f 29/2206/29 1970/2252/1970 28/2207/28 
f 29/2206/29 1969/2249/1969 1970/2252/1970 
f 28/2207/28 2225/2255/2225 27/2208/27 
f 28/2207/28 1970/2252/1970 2225/2255/2225 
f 27/2208/27 2224/458/2224 26/2209/26 
f 27/2208/27 2225/2255/2225 2224/458/2224 
f 26/2209/26 1971/462/1971 25/2210/25 
f 26/2209/26 2224/458/2224 1971/462/1971 
f 25/2210/25 1972/472/1972 24/2211/24 
f 25/2210/25 1971/462/1971 1972/472/1972 
f 24/2211/24 2223/474/2223 23/2212/23 
f 24/2211/24 1972/472/1972 2223/474/2223 
f 23/2212/23 1973/476/1973 22/2214/22 
f 23/2212/23 2223/474/2223 1973/476/1973 
f 22/2214/22 1974/478/1974 21/2213/21 
f 22/2214/22 1973/476/1973 1974/478/1974 
f 21/2213/21 2221/485/2221 20/2216/20 
f 21/2213/21 1974/478/1974 2221/485/2221 
f 20/2216/20 1975/481/1975 19/2215/19 
f 20/2216/20 2221/485/2221 1975/481/1975 
f 19/2215/19 1976/463/1976 18/2217/18 
f 19/2215/19 1975/481/1975 1976/463/1976 
f 18/2217/18 2219/365/2219 17/2218/17 
f 18/2217/18 1976/463/1976 2219/365/2219 
f 17/2218/17 2218/366/2218 16/2219/16 
f 17/2218/17 2219/365/2219 2218/366/2218 
f 16/2219/16 2222/488/2222 15/2221/15 
f 16/2219/16 2218/366/2218 2222/488/2222 
f 15/2221/15 1/2283/1 14/2220/14 
f 15/2221/15 2222/488/2222 1/2283/1 
f 1982/2224/1982 1968/2225/1968 1981/2222/1981 
f 13/2223/13 1981/2222/1981 1968/2225/1968 
f 1968/2225/1968 2220/491/2220 12/2226/12 
f 1982/2224/1982 2020/486/2020 1968/2225/1968 
f 2220/491/2220 1968/2225/1968 2020/486/2020 
f 12/2226/12 1979/492/1979 11/2227/11 
f 12/2226/12 2220/491/2220 1979/492/1979 
f 11/2227/11 1980/369/1980 10/2228/10 
f 11/2227/11 1979/492/1979 1980/369/1980 
f 10/2228/10 2235/502/2235 9/2229/9 
f 10/2228/10 1980/369/1980 2235/502/2235 
f 9/2229/9 2234/2285/2234 8/2230/8 
f 9/2229/9 2235/502/2235 2234/2285/2234 
f 8/2230/8 2237/498/2237 7/2231/7 
f 8/2230/8 2234/2285/2234 2237/498/2237 
f 7/2231/7 2238/500/2238 6/2232/6 
f 7/2231/7 2237/498/2237 2238/500/2238 
f 6/2232/6 2236/2197/2236 5/2233/5 
f 6/2232/6 2238/500/2238 2236/2197/2236 
f 5/2233/5 2233/371/2233 4/2234/4 
f 5/2233/5 2236/2197/2236 2233/371/2233 
f 4/2234/4 2231/579/2231 3/2235/3 
f 4/2234/4 2233/371/2233 2231/579/2231 
f 3/2235/3 2232/581/2232 2/2236/2 
f 3/2235/3 2231/579/2231 2232/581/2232 
f 2/2236/2 2230/2288/2230 2227/2237/2227 
f 2/2236/2 2232/581/2232 2230/2288/2230 
f 2226/2240/2226 2227/2237/2227 1983/2238/1983 
f 2227/2237/2227 1966/582/1966 1984/2239/1984 
f 2227/2237/2227 2230/2288/2230 1966/582/1966 
f 1983/2238/1983 1986/2242/1986 2226/2240/2226 
f 1977/2243/1977 2226/2240/2226 1985/2241/1985 
f 1984/2239/1984 1983/2238/1983 2227/2237/2227 
f 1985/2241/1985 1988/2245/1988 1977/2243/1977 
f 1978/2247/1978 1977/2243/1977 1987/2244/1987 
f 1986/2242/1986 1985/2241/1985 2226/2240/2226 
f 1987/2244/1987 1990/2248/1990 1978/2247/1978 
f 1969/2249/1969 1978/2247/1978 1989/2246/1989 
f 1988/2245/1988 1987/2244/1987 1977/2243/1977 
f 1989/2246/1989 1992/2251/1992 1969/2249/1969 
f 1970/2252/1970 1969/2249/1969 1992/2251/1992 
f 1990/2248/1990 1989/2246/1989 1978/2247/1978 
f 1991/2250/1991 1993/2254/1993 1970/2252/1970 
f 2225/2255/2225 1970/2252/1970 1993/2254/1993 
f 1970/2252/1970 1992/2251/1992 1991/2250/1991 
f 1994/2253/1994 1996/2257/1996 2225/2255/2225 
f 2224/458/2224 2225/2255/2225 1996/2257/1996 
f 2225/2255/2225 1993/2254/1993 1994/2253/1994 
f 1995/2256/1995 1998/461/1998 2224/458/2224 
f 1971/462/1971 2224/458/2224 1998/461/1998 
f 2224/458/2224 1996/2257/1996 1995/2256/1995 
f 1972/472/1972 1997/459/1997 2000/470/2000 
f 1972/472/1972 1971/462/1971 1997/459/1997 
f 1971/462/1971 1998/461/1998 1997/459/1997 
f 2223/474/2223 1999/460/1999 2002/473/2002 
f 2223/474/2223 1972/472/1972 1999/460/1999 
f 1972/472/1972 2000/470/2000 1999/460/1999 
f 1973/476/1973 2001/464/2001 2004/465/2004 
f 1973/476/1973 2223/474/2223 2001/464/2001 
f 2223/474/2223 2002/473/2002 2001/464/2001 
f 1974/478/1974 2003/466/2003 2006/467/2006 
f 2003/466/2003 1974/478/1974 2004/465/2004 
f 1973/476/1973 2004/465/2004 1974/478/1974 
f 2221/485/2221 2005/475/2005 2008/480/2008 
f 2005/475/2005 2221/485/2221 2006/467/2006 
f 1974/478/1974 2006/467/2006 2221/485/2221 
f 1975/481/1975 2007/468/2007 1976/463/1976 
f 2007/468/2007 1975/481/1975 2008/480/2008 
f 2221/485/2221 2008/480/2008 1975/481/1975 
f 1976/463/1976 2009/482/2009 2219/365/2219 
f 2106/2262/2106 2107/560/2107 2191/438/2191 
f 2106/2262/2106 2198/405/2198 2107/560/2107 
f 2194/561/2194 2036/2258/2036 2142/436/2142 
f 2194/561/2194 2190/572/2190 2036/2258/2036 
f 2190/572/2190 2041/414/2041 2036/2258/2036 
f 2041/414/2041 2190/572/2190 2065/2266/2065 
f 2061/394/2061 2043/2269/2043 2206/553/2206 
f 2069/2271/2069 2061/394/2061 2206/553/2206 
f 2204/531/2204 2215/548/2215 2068/423/2068 
f 2188/422/2188 2186/2259/2186 2177/429/2177 
f 2188/422/2188 2210/2260/2210 2186/2259/2186 
f 2181/426/2181 2210/2260/2210 2188/422/2188 
f 2181/426/2181 2182/2261/2182 2210/2260/2210 
f 2102/552/2102 2182/2261/2182 2181/426/2181 
f 2102/552/2102 2211/400/2211 2182/2261/2182 
f 2183/557/2183 2106/2262/2106 2191/438/2191 
f 2190/572/2190 2087/573/2087 2109/378/2109 
f 2190/572/2190 2197/456/2197 2087/573/2087 
f 2187/441/2187 2190/572/2190 2194/561/2194 
f 2187/441/2187 2195/450/2195 2190/572/2190 
f 2107/560/2107 2195/450/2195 2187/441/2187 
f 2107/560/2107 2198/405/2198 2195/450/2195 
f 2193/575/2193 2143/574/2143 2037/2263/2037 
f 2193/575/2193 2037/2263/2037 2200/453/2200 
f 2200/453/2200 2038/408/2038 2108/383/2108 
f 2038/408/2038 2200/453/2200 2037/2263/2037 
f 2039/2264/2039 2108/383/2108 2038/408/2038 
f 2064/411/2064 2109/378/2109 2039/2264/2039 
f 2108/383/2108 2039/2264/2039 2109/378/2109 
f 2109/378/2109 2064/411/2064 2190/572/2190 
f 2065/2266/2065 2190/572/2190 2040/2265/2040 
f 2040/2265/2040 2190/572/2190 2064/411/2064 
f 2091/513/2091 2088/442/2088 2146/515/2146 
f 2088/442/2088 2066/417/2066 2090/455/2090 
f 2066/417/2066 2088/442/2088 2091/513/2091 
f 2136/565/2136 2160/2286/2160 2151/517/2151 
f 2092/532/2092 2042/2267/2042 2203/2292/2203 
f 2157/539/2157 2067/2268/2067 2110/596/2110 
f 2067/2268/2067 2154/402/2154 2110/596/2110 
f 2203/2292/2203 2141/2289/2141 2153/396/2153 
f 2204/531/2204 2117/598/2117 2215/548/2215 
f 2204/531/2204 2110/596/2110 2117/598/2117 
f 2043/2269/2043 2068/423/2068 2215/548/2215 
f 2204/531/2204 2068/423/2068 2149/534/2149 
f 2113/571/2113 2209/2270/2209 2205/452/2205 
f 2113/571/2113 2213/428/2213 2209/2270/2209 
f 2214/449/2214 2213/428/2213 2113/571/2113 
f 2214/449/2214 2114/419/2114 2213/428/2213 
f 2199/570/2199 2114/419/2114 2214/449/2214 
f 2199/570/2199 2206/553/2206 2114/419/2114 
f 2206/553/2206 2144/566/2144 2044/431/2044 
f 2206/553/2206 2199/570/2199 2144/566/2144 
f 2044/431/2044 2069/2271/2069 2206/553/2206 
f 2215/548/2215 2206/553/2206 2043/2269/2043 
f 2118/554/2118 2103/2272/2103 2095/2281/2095 
f 2095/2281/2095 2104/434/2104 2096/569/2096 
f 2095/2281/2095 2103/2272/2103 2104/434/2104 
f 2096/569/2096 2180/424/2180 2120/2290/2120 
f 2096/569/2096 2104/434/2104 2180/424/2180 
f 2120/2290/2120 2046/2273/2046 2164/2282/2164 
f 2120/2290/2120 2185/447/2185 2046/2273/2046 
f 2120/2290/2120 2180/424/2180 2185/447/2185 
f 2072/2274/2072 2185/447/2185 2047/440/2047 
f 2185/447/2185 2045/437/2045 2046/2273/2046 
f 2045/437/2045 2185/447/2185 2072/2274/2072 
f 2073/2275/2073 2124/372/2124 2048/2276/2048 
f 2047/440/2047 2185/447/2185 2073/2275/2073 
f 2124/372/2124 2073/2275/2073 2185/447/2185 
f 2111/375/2111 2049/2277/2049 2125/374/2125 
f 2125/374/2125 2048/2276/2048 2124/372/2124 
f 2048/2276/2048 2125/374/2125 2049/2277/2049 
f 2111/375/2111 2055/508/2055 2049/2277/2049 
f 2075/2278/2075 2074/446/2074 2123/521/2123 
f 2112/386/2112 2074/446/2074 2062/520/2062 
f 2076/2280/2076 2050/451/2050 2176/524/2176 
f 2050/451/2050 2075/2278/2075 2123/521/2123 
f 2112/386/2112 2123/521/2123 2074/446/2074 
f 2077/2279/2077 2051/457/2051 2171/525/2171 
f 2051/457/2051 2076/2280/2076 2171/525/2171 
f 2123/521/2123 2122/519/2122 2050/451/2050 
f 2054/382/2054 2052/454/2052 2171/525/2171 
f 2052/454/2052 2077/2279/2077 2171/525/2171 
f 2122/519/2122 2176/524/2176 2050/451/2050 
f 2171/525/2171 2097/584/2097 2053/379/2053 
f 2171/525/2171 2119/593/2119 2097/584/2097 
f 2053/379/2053 2054/382/2054 2171/525/2171 
f 2176/524/2176 2171/525/2171 2076/2280/2076 
f 2119/593/2119 2202/387/2202 2163/589/2163 
f 2119/593/2119 2171/525/2171 2202/387/2202 
f 2163/589/2163 2126/397/2126 2158/586/2158 
f 2163/589/2163 2202/387/2202 2126/397/2126 
f 2158/586/2158 2128/401/2128 2121/597/2121 
f 2158/586/2158 2126/397/2126 2128/401/2128 
f 2180/424/2180 2127/420/2127 2185/447/2185 
f 2185/447/2185 2208/443/2208 2124/372/2124 
f 2185/447/2185 2127/420/2127 2208/443/2208 
f 2124/372/2124 2207/507/2207 2125/374/2125 
f 2124/372/2124 2208/443/2208 2207/507/2207 
f 2125/374/2125 2244/389/2244 2111/375/2111 
f 2125/374/2125 2207/507/2207 2244/389/2244 
f 2111/375/2111 2056/510/2056 2055/508/2055 
f 2111/375/2111 2256/392/2256 2056/510/2056 
f 2111/375/2111 2244/389/2244 2256/392/2256 
f 2058/509/2058 2256/392/2256 2081/377/2081 
f 2256/392/2256 2080/373/2080 2056/510/2056 
f 2080/373/2080 2256/392/2256 2058/509/2058 
f 2057/511/2057 2242/391/2242 2083/376/2083 
f 2081/377/2081 2256/392/2256 2057/511/2057 
f 2242/391/2242 2057/511/2057 2256/392/2256 
f 2258/393/2258 2060/512/2060 2255/395/2255 
f 2255/395/2255 2083/376/2083 2242/391/2242 
f 2083/376/2083 2255/395/2255 2060/512/2060 
f 2063/516/2063 2082/380/2082 2257/406/2257 
f 2082/380/2082 2060/512/2060 2257/406/2257 
f 2258/393/2258 2240/398/2240 2060/512/2060 
f 2070/381/2070 2059/384/2059 2257/406/2257 
f 2059/384/2059 2063/516/2063 2257/406/2257 
f 2240/398/2240 2243/403/2243 2060/512/2060 
f 2257/406/2257 2062/520/2062 2071/518/2071 
f 2257/406/2257 2112/386/2112 2062/520/2062 
f 2071/518/2071 2070/381/2070 2257/406/2257 
f 2243/403/2243 2257/406/2257 2060/512/2060 
f 2112/386/2112 2259/537/2259 2123/521/2123 
f 2112/386/2112 2257/406/2257 2259/537/2259 
f 2123/521/2123 2250/385/2250 2122/519/2122 
f 2123/521/2123 2259/537/2259 2250/385/2250 
f 2122/519/2122 2252/388/2252 2176/524/2176 
f 2122/519/2122 2250/385/2250 2252/388/2252 
f 2176/524/2176 2249/390/2249 2171/525/2171 
f 2176/524/2176 2252/388/2252 2249/390/2249 
f 2171/525/2171 2251/522/2251 2202/387/2202 
f 2171/525/2171 2249/390/2249 2251/522/2251 
f 2244/389/2244 2254/523/2254 2256/392/2256 
f 2256/392/2256 2253/526/2253 2242/391/2242 
f 2256/392/2256 2254/523/2254 2253/526/2253 
f 2242/391/2242 2245/527/2245 2255/395/2255 
f 2242/391/2242 2253/526/2253 2245/527/2245 
f 2255/395/2255 2246/528/2246 2258/393/2258 
f 2255/395/2255 2245/527/2245 2246/528/2246 
f 2258/393/2258 2247/529/2247 2240/398/2240 
f 2258/393/2258 2246/528/2246 2247/529/2247 
f 2240/398/2240 2248/533/2248 2243/403/2243 
f 2240/398/2240 2247/529/2247 2248/533/2248 
f 2243/403/2243 2239/535/2239 2257/406/2257 
f 2243/403/2243 2248/533/2248 2239/535/2239 
f 2257/406/2257 2241/399/2241 2259/537/2259 
f 2257/406/2257 2239/535/2239 2241/399/2241 
f 2079/538/2079 2129/416/2129 2101/412/2101 
f 2174/546/2174 2101/412/2101 2129/416/2129 
f 2132/409/2132 2079/538/2079 2179/541/2179 
f 2078/404/2078 2130/407/2130 2178/536/2178 
f 2179/541/2179 2178/536/2178 2132/409/2132 
f 2178/536/2178 2084/410/2084 2078/404/2078 
f 2178/536/2178 2100/415/2100 2084/410/2084 
f 2130/407/2130 2132/409/2132 2178/536/2178 
f 2101/412/2101 2179/541/2179 2079/538/2079 
f 2100/415/2100 2134/413/2134 2084/410/2084 
f 2134/413/2134 2100/415/2100 2135/543/2135 
f 2175/418/2175 2131/545/2131 2135/543/2135 
f 2175/418/2175 2135/543/2135 2100/415/2100 
f 2174/546/2174 2129/416/2129 2085/549/2085 
f 2188/422/2188 2137/421/2137 2138/551/2138 
f 2188/422/2188 2216/556/2216 2137/421/2137 
f 2181/426/2181 2188/422/2188 2138/551/2138 
f 2102/552/2102 2181/426/2181 2138/551/2138 
f 2188/422/2188 2177/429/2177 2216/556/2216 
f 2217/550/2217 2216/556/2216 2189/555/2189 
f 2184/427/2184 2216/556/2216 2177/429/2177 
f 2216/556/2216 2184/427/2184 2189/555/2189 
f 2107/560/2107 2140/563/2140 2191/438/2191 
f 2105/430/2105 2212/559/2212 2115/432/2115 
f 2212/559/2212 2133/433/2133 2086/558/2086 
f 2212/559/2212 2191/438/2191 2133/433/2133 
f 2194/561/2194 2140/563/2140 2187/441/2187 
f 2192/435/2192 2212/559/2212 2105/430/2105 
f 2183/557/2183 2191/438/2191 2212/559/2212 
f 2212/559/2212 2192/435/2192 2183/557/2183 
f 2133/433/2133 2191/438/2191 2140/563/2140 
f 2194/561/2194 2142/436/2142 2140/563/2140 
f 2187/441/2187 2140/563/2140 2107/560/2107 
f 2145/439/2145 2089/444/2089 2205/452/2205 
f 2199/570/2199 2139/562/2139 2144/566/2144 
f 2148/445/2148 2145/439/2145 2205/452/2205 
f 2214/449/2214 2113/571/2113 2089/444/2089 
f 2089/444/2089 2139/562/2139 2214/449/2214 
f 2199/570/2199 2214/449/2214 2139/562/2139 
f 2147/568/2147 2148/445/2148 2205/452/2205 
f 2113/571/2113 2205/452/2205 2089/444/2089 
f 2197/456/2197 2190/572/2190 2195/450/2195 
f 2201/547/2201 2088/442/2088 2193/575/2193 
f 2193/575/2193 2090/455/2090 2143/574/2143 
f 2193/575/2193 2088/442/2088 2090/455/2090 
f 2193/575/2193 2200/453/2200 2201/547/2201 
f 2087/573/2087 2201/547/2201 2108/383/2108 
f 2201/547/2201 2200/453/2200 2108/383/2108 
f 2108/383/2108 2109/378/2109 2087/573/2087 
f 2009/482/2009 1976/463/1976 2010/469/2010 
f 2010/469/2010 1976/463/1976 2007/468/2007 
f 2219/365/2219 2011/484/2011 2218/366/2218 
f 2011/484/2011 2219/365/2219 2012/483/2012 
f 2012/483/2012 2219/365/2219 2009/482/2009 
f 2013/471/2013 2222/488/2222 2014/364/2014 
f 2218/366/2218 2014/364/2014 2222/488/2222 
f 2014/364/2014 2218/366/2218 2011/484/2011 
f 2015/477/2015 1/2283/1 2016/479/2016 
f 2222/488/2222 2016/479/2016 1/2283/1 
f 2016/479/2016 2222/488/2222 2013/471/2013 
f 1/2283/1 2018/2196/2018 2017/367/2017 
f 2018/2196/2018 1/2283/1 2019/489/2019 
f 2019/489/2019 1/2283/1 2015/477/2015 
f 2220/491/2220 2020/486/2020 2021/490/2021 
f 1979/492/1979 2021/490/2021 2023/493/2023 
f 1979/492/1979 2220/491/2220 2021/490/2021 
f 1980/369/1980 2022/487/2022 2025/368/2025 
f 1980/369/1980 1979/492/1979 2022/487/2022 
f 1979/492/1979 2023/493/2023 2022/487/2022 
f 2235/502/2235 2024/494/2024 2027/497/2027 
f 2235/502/2235 1980/369/1980 2024/494/2024 
f 1980/369/1980 2025/368/2025 2024/494/2024 
f 2234/2285/2234 2026/495/2026 2029/496/2029 
f 2234/2285/2234 2235/502/2235 2026/495/2026 
f 2235/502/2235 2027/497/2027 2026/495/2026 
f 2237/498/2237 2028/501/2028 2031/2284/2031 
f 2237/498/2237 2234/2285/2234 2028/501/2028 
f 2234/2285/2234 2029/496/2029 2028/501/2028 
f 2238/500/2238 2030/506/2030 2033/499/2033 
f 2238/500/2238 2237/498/2237 2030/506/2030 
f 2237/498/2237 2031/2284/2031 2030/506/2030 
f 2236/2197/2236 2032/503/2032 2035/504/2035 
f 2236/2197/2236 2238/500/2238 2032/503/2032 
f 2238/500/2238 2033/499/2033 2032/503/2032 
f 2233/371/2233 2034/505/2034 1963/370/1963 
f 2233/371/2233 2236/2197/2236 2034/505/2034 
f 2236/2197/2236 2035/504/2035 2034/505/2034 
f 1962/2198/1962 2228/580/2228 2233/371/2233 
f 2231/579/2231 2233/371/2233 2228/580/2228 
f 2196/448/2196 2150/514/2150 2088/442/2088 
f 2150/514/2150 2196/448/2196 2151/517/2151 
f 2136/565/2136 2151/517/2151 2196/448/2196 
f 2146/515/2146 2088/442/2088 2150/514/2150 
f 2153/396/2153 2092/532/2092 2203/2292/2203 
f 2165/591/2165 2203/2292/2203 2042/2267/2042 
f 2154/402/2154 2153/396/2153 2110/596/2110 
f 2156/530/2156 2093/540/2093 2110/596/2110 
f 2141/2289/2141 2110/596/2110 2153/396/2153 
f 2110/596/2110 2149/534/2149 2156/530/2156 
f 2110/596/2110 2204/531/2204 2149/534/2149 
f 2093/540/2093 2157/539/2157 2110/596/2110 
f 2117/598/2117 2116/425/2116 2206/553/2206 
f 2116/425/2116 2114/419/2114 2206/553/2206 
f 2206/553/2206 2215/548/2215 2117/598/2117 
f 2118/554/2118 2088/442/2088 2201/547/2201 
f 2118/554/2118 2095/2281/2095 2196/448/2196 
f 2095/2281/2095 2136/565/2136 2196/448/2196 
f 2196/448/2196 2088/442/2088 2118/554/2118 
f 2095/2281/2095 2152/542/2152 2159/544/2159 
f 2152/542/2152 2095/2281/2095 2155/567/2155 
f 2155/567/2155 2095/2281/2095 2162/2287/2162 
f 2233/371/2233 1963/370/1963 1962/2198/1962 
f 2229/583/2229 1965/577/1965 2231/579/2231 
f 2232/581/2232 2231/579/2231 1965/577/1965 
f 2231/579/2231 2228/580/2228 2229/583/2229 
f 1964/576/1964 1967/578/1967 2232/581/2232 
f 2230/2288/2230 2232/581/2232 1967/578/1967 
f 2232/581/2232 1965/577/1965 1964/576/1964 
f 2230/2288/2230 1967/578/1967 1966/582/1966 
f 2136/565/2136 2159/544/2159 2160/2286/2160 
f 2136/565/2136 2095/2281/2095 2159/544/2159 
f 2096/569/2096 2094/564/2094 2095/2281/2095 
f 2094/564/2094 2096/569/2096 2166/595/2166 
f 2166/595/2166 2096/569/2096 2167/585/2167 
f 2162/2287/2162 2095/2281/2095 2094/564/2094 
f 2120/2290/2120 2164/2282/2164 2167/585/2167 
f 2120/2290/2120 2167/585/2167 2096/569/2096 
f 2119/593/2119 2161/587/2161 2097/584/2097 
f 2170/594/2170 2161/587/2161 2158/586/2158 
f 2169/2291/2169 2098/588/2098 2158/586/2158 
f 2119/593/2119 2163/589/2163 2161/587/2161 
f 2099/592/2099 2169/2291/2169 2158/586/2158 
f 2098/588/2098 2170/594/2170 2158/586/2158 
f 2172/599/2172 2168/590/2168 2158/586/2158 
f 2163/589/2163 2158/586/2158 2161/587/2161 
f 2158/586/2158 2165/591/2165 2172/599/2172 
f 2168/590/2168 2099/592/2099 2158/586/2158 
f 2158/586/2158 2121/597/2121 2203/2292/2203 
f 2121/597/2121 2141/2289/2141 2203/2292/2203 
f 2203/2292/2203 2165/591/2165 2158/586/2158 
f 2121/597/2121 2173/2293/2173 2110/596/2110 
f 2173/2293/2173 2117/598/2117 2110/596/2110 
f 2110/596/2110 2141/2289/2141 2121/597/2121 
