mtllib arteries_V2_2.mtl
v 73.74359131 -18.15732574 759.178772
vn 0.9521508813 -0.0662683323 0.2983575761
v 73.74359131 -18.15732574 759.178772
vn 0.8786011934 -0.1034722328 0.4662118256
v 73.76879883 -20.13681602 758.5349121
vn 0.9524182677 -0.1129718423 0.2830843627
v 73.84020233 -20.06694794 758.3225098
vn 0.9779025912 -0.07585994154 0.1948122233
v 73.8677063 -19.99172974 758.0952148
vn 0.9998548031 -0.01444265619 0.009044978768
v 73.84662628 -19.91411209 757.8618774
vn 0.9824069738 0.04851280898 -0.1803416014
v 73.77580261 -19.8384304 757.6355591
vn 0.9246785641 0.1100074723 -0.3645105064
v 73.65828705 -19.76853752 757.4279175
vn 0.829713285 0.1665179878 -0.5327735543
v 73.50268555 -19.70844078 757.2507324
vn 0.7041018009 0.21514979 -0.6767209768
v 73.32126617 -19.66070557 757.1115723
vn 0.557305038 0.2539178133 -0.7905294895
v 73.12727356 -19.62620354 757.0125122
vn 0.3888563514 0.2835705876 -0.8765720129
v 72.90372467 -19.60201645 756.9452515
vn 0.2087358385 0.302685976 -0.9299519062
v 72.66425323 -19.59153938 756.9197388
vn 0.01315981057 0.3109486401 -0.9503356218
v 72.41833496 -19.59631348 756.9404297
vn -0.1865195483 0.3068150282 -0.9333139658
v 72.17975616 -19.61681175 757.0082397
vn -0.3807250261 0.2899457812 -0.8780546188
v 71.9606781 -19.65216446 757.1203003
vn -0.5582554936 0.2612038255 -0.7874791026
v 71.77362823 -19.69975662 757.2684937
vn -0.7101401091 0.2226292789 -0.6679350138
v 71.62644196 -19.75578117 757.44104
vn -0.8303512931 0.1771818101 -0.5283212066
v 71.5215683 -19.81608772 757.6254272
vn -0.9213591218 0.1252253056 -0.3679891527
v 71.45016479 -19.88595581 757.8377686
vn -0.9779943228 0.06882275641 -0.1969532222
v 71.42266846 -19.96117401 758.0650635
vn -0.9999108315 0.007376658265 -0.01113326196
v 71.44374847 -20.03879166 758.2984619
vn -0.9824115038 -0.05560660362 0.1782569438
v 71.51456451 -20.11447334 758.5247803
vn -0.9246182442 -0.1171396971 0.3624353409
v 71.63208008 -20.18436623 758.7324219
vn -0.8295996189 -0.1736691743 0.5306632519
v 71.78768921 -20.24446297 758.9095459
vn -0.7039198875 -0.2223270983 0.6745868921
v 71.96910095 -20.29219818 759.0488281
vn -0.5571415424 -0.2610803246 0.7883085608
v 72.16309357 -20.32670021 759.1478271
vn -0.3886554241 -0.2907356024 0.8743110299
v 72.38664246 -20.3508873 759.2150879
vn -0.2085965723 -0.3098280132 0.9276282191
v 72.62611389 -20.36136436 759.2405396
vn -0.01300112531 -0.3180706203 0.9479779005
v 72.87203217 -20.35659027 759.2199707
vn 0.1866717786 -0.3138919771 0.930927217
v 73.11061096 -20.336092 759.1520996
vn 0.3807792962 -0.2969941497 0.875672102
v 73.32968903 -20.30073929 759.0400391
vn 0.5581837893 -0.2682319582 0.7851639986
v 73.51674652 -20.25314713 758.8918457
vn 0.7101551294 -0.2296152413 0.6655497551
v 73.66392517 -20.19712257 758.7192993
vn 0.8302490115 -0.1841962039 0.5260782838
v 73.76879883 -20.13681602 758.5349121
vn 0.8796850443 -0.1516073644 0.4507432282
v 73.6985321 -22.14630508 757.8535767
vn 0.9509191513 -0.1505925655 0.2703232765
v 73.76944733 -22.07789612 757.6422119
vn 0.9764182568 -0.1155849546 0.1823391467
v 73.79679871 -22.00230026 757.4165649
vn 0.9985611439 -0.05353148654 -0.003160374239
v 73.77593231 -21.92233467 757.18573
vn 0.9813594818 0.01164149307 -0.1918280125
v 73.70569611 -21.84237862 756.9624634
vn 0.9239220023 0.07687626034 -0.3747774959
v 73.58912659 -21.76647568 756.7583008
vn 0.8292529583 0.1384740025 -0.5414466262
v 73.43473816 -21.69905472 756.5849609
vn 0.7039377093 0.1931982189 -0.6834809184
v 73.25473022 -21.64321899 756.4493408
vn 0.5574174523 0.238638863 -0.795196414
v 73.06223297 -21.60037231 756.3538818
vn 0.3892143369 0.275547415 -0.8789685965
v 72.84039307 -21.56687737 756.2902832
vn 0.2094050795 0.3021232188 -0.9299844503
v 72.60273743 -21.54672623 756.2682495
vn 0.01408899203 0.3181706667 -0.9479287863
v 72.3586731 -21.54187012 756.2919312
vn -0.1853550524 0.3216991127 -0.9285220504
v 72.12188721 -21.55333519 756.3623047
vn -0.3793964982 0.311971277 -0.8710523844
v 71.90444183 -21.58071518 756.4763184
vn -0.5568087101 0.2894465923 -0.778578639
v 71.71876526 -21.62183952 756.6256714
vn -0.7087833285 0.2558314502 -0.6574013233
v 71.57265472 -21.67313576 756.798584
vn -0.8289633989 0.2139561921 -0.5167614818
v 71.46852875 -21.73047256 756.982666
vn -0.9200457335 0.1641389728 -0.3557727635
v 71.39761353 -21.79887962 757.1940308
vn -0.9768081307 0.1086017191 -0.1845305115
v 71.37026978 -21.87447548 757.4196777
vn -0.9989165664 0.04652593285 0.0009963270277
v 71.39112854 -21.95444107 757.6505737
vn -0.981672585 -0.01866449229 0.1896592081
v 71.46136475 -22.03439713 757.8737793
vn -0.9241737127 -0.08394166827 0.3726349175
v 71.57794189 -22.11030006 758.0778809
vn -0.8295066357 -0.1455376297 0.5392008424
v 71.73232269 -22.17772102 758.2513428
vn -0.7041122317 -0.2002976388 0.6812538505
v 71.91233063 -22.23355865 758.3869019
vn -0.5575803518 -0.2457431108 0.7929151654
v 72.10483551 -22.27640343 758.4824219
vn -0.3893807232 -0.2826420367 0.8766391277
v 72.32666779 -22.30990028 758.5460205
vn -0.2096475661 -0.3091927171 0.9276032448
v 72.56432343 -22.33004951 758.5680542
vn -0.01427005697 -0.3252350986 0.945525527
v 72.80838776 -22.33490562 758.5443726
vn 0.1850572377 -0.3287395537 0.9261123538
v 73.04517365 -22.32344055 758.473938
vn 0.3791220188 -0.3189801574 0.8686300516
v 73.26261902 -22.29606056 758.3599854
vn 0.5563719869 -0.2964440584 0.7762545347
v 73.44829559 -22.25493813 758.2106934
vn 0.7084109783 -0.2627834678 0.6550562978
v 73.59440613 -22.20363998 758.0377197
vn 0.8285866976 -0.2209054232 0.5144364238
v 73.6985321 -22.14630508 757.8535767
vn 0.878688097 -0.1910521835 0.4375
v 73.55461121 -24.07291412 757.1907959
vn 0.9487348795 -0.1786568016 0.2607372403
v 73.62493896 -24.00701523 756.9801025
vn 0.9744012356 -0.1460734606 0.1708940268
v 73.65206146 -23.93263817 756.7554932
vn 0.9962964654 -0.08468686789 -0.01488371473
v 73.63137054 -23.85244751 756.5262451
vn 0.9789187908 -0.01895783283 -0.2033680528
v 73.56172943 -23.77075958 756.3052368
vn 0.9213833213 0.04810363054 -0.385666728
v 73.44612122 -23.69169426 756.1035156
vn 0.8267651796 0.1126537323 -0.5511519909
v 73.29301453 -23.61991501 755.9328613
vn 0.7015150785 0.1713468879 -0.6917490959
v 73.11450195 -23.55888176 755.8000488
vn 0.5552816391 0.2213649005 -0.8016607165
v 72.92359924 -23.51039124 755.7070923
vn 0.3873093128 0.2635180354 -0.8834872842
v 72.70360565 -23.47031021 755.6462402
vn 0.2078505605 0.2957078516 -0.9323921204
v 72.4679184 -23.44302559 755.6268311
vn 0.01275303401 0.3178744018 -0.9480470419
v 72.22588348 -23.43076134 755.6528931
vn -0.1861051321 0.3276145458 -0.9263010025
v 71.99105835 -23.43495369 755.7254028
vn -0.3797329962 0.323952049 -0.8665205836
v 71.77541351 -23.45557213 755.8408813
vn -0.5565655828 0.3069730103 -0.7720118761
v 71.59127808 -23.49082947 755.9912109
vn -0.708081305 0.2781066298 -0.6490589976
v 71.44638062 -23.53741646 756.1645508
vn -0.8278570175 0.2399944067 -0.5070064068
v 71.34311676 -23.59128761 756.3486328
vn -0.9185499549 0.192893073 -0.3450481594
v 71.272789 -23.6571846 756.5593872
vn -0.9750273824 0.1391334087 -0.1730997711
v 71.2456665 -23.73156166 756.7839355
vn -0.9968938231 0.07772710919 0.01269631088
v 71.26635742 -23.81175423 757.0131836
vn -0.9794849157 0.01198516041 0.2011609077
v 71.33599854 -23.89344215 757.2341919
vn -0.9219145179 -0.05510349199 0.383454293
v 71.45160675 -23.97250748 757.4359131
vn -0.827270031 -0.1196710095 0.5489108562
v 71.60471344 -24.04428482 757.6065674
vn -0.7020385265 -0.1783668548 0.6894397736
v 71.78322601 -24.10531998 757.7394409
vn -0.5557330847 -0.2284217328 0.7993649244
v 71.97412872 -24.15380859 757.8323364
vn -0.3878353536 -0.270560056 0.8811248541
v 72.19412231 -24.19389153 757.8932495
vn -0.208429873 -0.3027350008 0.9300045967
v 72.42980957 -24.22117615 757.9125977
vn -0.01331193 -0.3248873949 0.9456590414
v 72.67184448 -24.2334404 757.8865356
vn 0.1855164319 -0.3346245885 0.9239102006
v 72.90666962 -24.22924614 757.8140869
vn 0.3791479468 -0.3309263885 0.8641380668
v 73.12231445 -24.20862961 757.6985474
vn 0.5558928847 -0.3139474988 0.7696883082
v 73.30644989 -24.17337036 757.5482178
vn 0.7074015737 -0.2850649953 0.6467773914
v 73.45134735 -24.12678528 757.3748779
vn 0.827211082 -0.246921435 0.5047292113
v 73.55461121 -24.07291412 757.1907959
vn 0.8767375946 -0.2206339687 0.4273778498
v 73.34976196 -26.03488541 756.5249023
vn 0.9469600916 -0.195373565 0.2551388144
v 73.41930389 -25.97276497 756.3143311
vn 0.9723116755 -0.1659822166 0.1644990593
v 73.44598389 -25.90141296 756.0903931
vn 0.9940637946 -0.1065628752 -0.02194417641
v 73.42526245 -25.82329941 755.8619995
vn 0.976626873 -0.0419851169 -0.2108012587
v 73.35599518 -25.74257851 755.6422119
vn 0.9191144705 0.02487716824 -0.3932044804
v 73.24118042 -25.66330528 755.4420776
vn 0.8246306777 0.09015613049 -0.5584408045
v 73.08921814 -25.59019661 755.2730103
vn 0.6995821595 0.1504665911 -0.6985303164
v 72.91208649 -25.52688408 755.1419067
vn 0.5535907149 0.2028228939 -0.8077129126
v 72.72270966 -25.47542191 755.0507202
vn 0.385938108 0.2479648292 -0.8885748386
v 72.5045166 -25.43140984 754.9915771
vn 0.2068761438 0.283670485 -0.9363403916
v 72.27081299 -25.39941025 754.973938
vn 0.01217090804 0.3099753559 -0.950666666
v 72.03083801 -25.38180161 755.0018311
vn -0.1862242967 0.324244976 -0.9274619818
v 71.79806519 -25.3802948 755.0756836
vn -0.3793258667 0.325294137 -0.8661960363
v 71.58435822 -25.39513969 755.1923828
vn -0.5558682084 0.312954396 -0.7701104283
v 71.4019165 -25.42490387 755.3435669
vn -0.7069358826 0.2884081304 -0.6458037496
v 71.25839996 -25.46656227 755.517395
vn -0.8263924718 0.2540653646 -0.5025199652
v 71.15618134 -25.51626015 755.7015381
vn -0.9168241024 0.2101390511 -0.3395218849
v 71.0866394 -25.57838058 755.9120483
vn -0.9730935097 0.1590450704 -0.1667144746
v 71.05995941 -25.64973259 756.1359863
vn -0.994828999 0.09962894768 0.01973268762
v 71.08068085 -25.72784615 756.3643799
vn -0.9773735404 0.03504458442 0.2085972279
v 71.14994812 -25.80856895 756.5842285
vn -0.9198547006 -0.0318174921 0.3909667134
v 71.26476288 -25.88784218 756.7843628
vn -0.8253400326 -0.09712024778 0.5562207103
v 71.41672516 -25.96095085 756.9533691
vn -0.7002882957 -0.1574383825 0.6962825656
v 71.59385681 -26.02426147 757.0844727
vn -0.5542361736 -0.2098248452 0.8054786325
v 71.78323364 -26.07572365 757.1756592
vn -0.3865779936 -0.254971087 0.8863109946
v 72.0014267 -26.11973763 757.2347412
vn -0.2076734453 -0.2906630635 0.9340164661
v 72.23513031 -26.15173531 757.2524414
vn -0.01297885086 -0.3169592023 0.9483503699
v 72.47510529 -26.16934395 757.2245483
vn 0.1854800135 -0.3312278688 0.9251406789
v 72.70787811 -26.17085266 757.1507568
vn 0.378634572 -0.3322606981 0.8638510704
v 72.92158508 -26.15600586 757.0339966
vn 0.5550642014 -0.3199142516 0.7678272128
v 73.10402679 -26.12624168 756.8828735
vn 0.7061244845 -0.2953744829 0.6435387731
v 73.24754333 -26.08458328 756.7090454
vn 0.8255951405 -0.2610217929 0.5002602339
v 73.34976196 -26.03488541 756.5249023
vn 0.8750269413 -0.2381753176 0.4214265347
v 73.10679626 -28.00026512 755.8834839
vn 0.9460115433 -0.202909261 0.2527647913
v 73.1754303 -27.94241333 755.6730347
vn 0.9710233212 -0.1765335053 0.1610889882
v 73.20153046 -27.8750267 755.4492798
vn 0.9924283028 -0.1199773997 -0.02629581094
v 73.18058014 -27.80037498 755.2214966
vn 0.9746994972 -0.05779117346 -0.2159190774
v 73.11148834 -27.72238541 755.0023804
vn 0.916970253 0.007309262175 -0.3988886178
v 72.99723816 -27.64497185 754.8030396
vn 0.8223531246 0.07155489922 -0.5644601583
v 72.84619141 -27.57276726 754.6349487
vn 0.6972535253 0.1315895766 -0.7046429515
v 72.67023468 -27.50943565 754.5048828
vn 0.551297009 0.1843819767 -0.8136798143
v 72.48220062 -27.45715904 754.4146118
vn 0.3837955296 0.230616644 -0.8941571116
v 72.265625 -27.41145706 754.3565674
vn 0.2049311399 0.2680168152 -0.9413661361
v 72.03373718 -27.37690735 754.3399048
vn 0.01061485521 0.2966673672 -0.9549219012
v 71.79570007 -27.35593224 754.3686523
vn -0.1874892563 0.3138944209 -0.9307621121
v 71.56489563 -27.35039711 754.4433594
vn -0.380248636 0.3183461726 -0.8683701158
v 71.35306549 -27.3607502 754.560791
vn -0.5563108921 0.3096725941 -0.7711167932
v 71.1723175 -27.38584137 754.7124634
vn -0.7069621086 0.2888612151 -0.6455724239
v 71.03022766 -27.42292976 754.8865967
vn -0.8259642124 0.2580989599 -0.5011667013
v 70.92913055 -27.46839333 755.0708618
vn -0.9160065055 0.2175257206 -0.3370677531
v 70.86049652 -27.52624512 755.281311
vn -0.9718955159 0.1695978343 -0.1632655412
v 70.83440399 -27.59363174 755.5049438
vn -0.9932960272 0.113052696 0.02412638254
v 70.85534668 -27.66828346 755.7328491
vn -0.9755608439 0.05087112635 0.2137595564
v 70.92443848 -27.74627304 755.9519653
vn -0.9178275466 -0.01422098931 0.3967245817
v 71.03868866 -27.8236866 756.1513062
vn -0.8231874108 -0.07847499102 0.5623203516
v 71.18974304 -27.89589119 756.319397
vn -0.6980828643 -0.1385173798 0.702490747
v 71.36569214 -27.95922279 756.4494629
vn -0.5521265268 -0.1913193464 0.8115129471
v 71.5537262 -28.0114994 756.5397339
vn -0.3845790029 -0.2375624925 0.8919994831
v 71.77030182 -28.05720139 756.5977783
vn -0.2057458907 -0.2749645412 0.9391821623
v 72.00219727 -28.0917511 756.6143799
vn -0.01147353463 -0.3036265671 0.952722013
v 72.24022675 -28.11272621 756.5856934
vn 0.1867065281 -0.3208581507 0.9285422564
v 72.47103882 -28.11826134 756.5109863
vn 0.379383713 -0.3253070116 0.8661658764
v 72.68286133 -28.10790825 756.3935547
vn 0.5554460883 -0.316631794 0.7689108849
v 72.86360931 -28.08281708 756.2419434
vn 0.7060858011 -0.2958115637 0.6433804035
v 73.00569916 -28.04572868 756.067749
vn 0.8251344562 -0.2650296092 0.4989112616
v 73.10679626 -28.00026512 755.8834839
vn 0.8741747141 -0.2453535646 0.4190706909
v 72.84244537 -29.97579956 755.2734375
vn 0.9458997846 -0.2036867291 0.2525576353
v 72.91015625 -29.92205429 755.0631714
vn 0.9706963897 -0.1797739118 0.1594674736
v 72.93560791 -29.85877991 754.8397827
vn 0.9915522933 -0.1264361888 -0.02894763276
v 72.91433716 -29.78806305 754.6123657
vn 0.9732887745 -0.06726964563 -0.2195080072
v 72.84529877 -29.71359825 754.3936768
vn 0.9150775671 -0.004838194232 -0.4032488465
v 72.73146057 -29.63911247 754.1948853
vn 0.820055306 0.05724675581 -0.5694138408
v 72.58114624 -29.56908607 754.0272827
vn 0.6946434975 0.1157420427 -0.7099817991
v 72.40618896 -29.50712395 753.8977661
vn 0.5485162139 0.1676267087 -0.8191649914
v 72.2193222 -29.45544243 753.8080444
vn 0.3809843659 0.213560015 -0.8995793462
v 72.00418854 -29.40961266 753.7504883
vn 0.2020124048 0.2512995005 -0.9465936422
v 71.77392578 -29.3741169 753.734314
vn 0.007820570841 0.2809015512 -0.9597046971
v 71.53765869 -29.35135841 753.7634888
vn -0.1900565475 0.29972139 -0.9349040389
v 71.30866241 -29.34325981 753.838501
vn -0.382453382 0.3063730597 -0.871702373
v 71.09859467 -29.3503933 753.9561157
vn -0.5581242442 0.300390929 -0.7734743953
v 70.91945648 -29.37182236 754.1079102
vn -0.7082134485 0.2825853527 -0.6469770074
v 70.77874756 -29.40505791 754.2820435
vn -0.8267350793 0.2549397945 -0.5015125871
v 70.67874908 -29.44670486 754.4661865
vn -0.9162548184 0.2175618261 -0.3363687694
v 70.61103821 -29.50045204 754.6764526
vn -0.9716127515 0.1728515178 -0.1615271866
v 70.58558655 -29.56372643 754.8998413
vn -0.992467761 0.1195194423 0.02688641101
v 70.6068573 -29.63444328 755.1273193
vn -0.9742099643 0.06036480889 0.2174191624
v 70.67589569 -29.70890808 755.3459473
vn -0.9159958959 -0.002065769862 0.4011822641
v 70.78973389 -29.78339195 755.5447388
vn -0.8209681511 -0.06415679306 0.5673580766
v 70.94004822 -29.85342026 755.7123413
vn -0.6955559254 -0.12264698 0.707926333
v 71.11500549 -29.91538239 755.8418579
vn -0.5494275689 -0.1745357662 0.8171086907
v 71.30187225 -29.9670639 755.9316406
vn -0.3818911016 -0.2204772681 0.8975238204
v 71.51700592 -30.01289368 755.9891968
vn -0.2029196918 -0.2582096756 0.9445376396
v 71.74726868 -30.04838753 756.0053711
vn -0.008727318607 -0.2878256142 0.9576430917
v 71.98353577 -30.07114792 755.9761353
vn 0.1892308742 -0.3066602349 0.9328189492
v 72.21253204 -30.07924461 755.901123
vn 0.3815432787 -0.313316226 0.869630754
v 72.42259979 -30.07211304 755.7835083
vn 0.5571382046 -0.3073340952 0.7714549899
v 72.60173798 -30.05068207 755.6317749
vn 0.7073068619 -0.2895200849 0.6448993087
v 72.7424469 -30.01744652 755.4576416
vn 0.8258556724 -0.26185745 0.4993927181
v 72.84244537 -29.97579956 755.2734375
vn 0.8742409945 -0.2448428869 0.4192309976
v 72.55792999 -32.04605103 754.6727295
vn 0.9465519786 -0.1988316327 0.2539789081
v 72.62469482 -31.99638367 754.4628296
vn 0.9705793858 -0.1779345274 0.1622188985
v 72.64944458 -31.93748093 754.2398682
vn 0.9914294481 -0.1278163344 -0.02703077346
v 72.62778473 -31.87125206 754.0127563
vn 0.9731836319 -0.07188020647 -0.2185105532
v 72.5586853 -31.80114174 753.7943115
vn 0.9149934649 -0.01250582747 -0.4032748342
v 72.44513702 -31.73065567 753.5958862
vn 0.8199696541 0.04686585069 -0.5704851747
v 72.29544067 -31.66404152 753.4285889
vn 0.6945576668 0.1031055972 -0.7120104432
v 72.12134552 -31.60476685 753.2993164
vn 0.5483523011 0.1533166468 -0.8220728636
v 71.93551636 -31.5549984 753.2097168
vn 0.3808153272 0.1980745345 -0.9031866789
v 71.72168732 -31.51047325 753.1522217
vn 0.202029705 0.2351350039 -0.9507341981
v 71.49292755 -31.47548103 753.1360474
vn 0.007783691864 0.2647117376 -0.9642961621
v 71.25832367 -31.45233536 753.1651611
vn -0.1899801046 0.2841252387 -0.9397767782
v 71.03102875 -31.44294548 753.2401733
vn -0.382324934 0.292028904 -0.8766679764
v 70.82265472 -31.4479332 753.3575439
vn -0.5579779744 0.2878836691 -0.7783209682
v 70.64507294 -31.46652222 753.5090942
vn -0.7081506848 0.2723570764 -0.6514171362
v 70.50571442 -31.49644661 753.6829834
vn -0.8266934752 0.2472663671 -0.505407989
v 70.40682983 -31.53455353 753.8668823
vn -0.916181922 0.2127058357 -0.3396570385
v 70.340065 -31.58421898 754.0768433
vn -0.9714971185 0.1710304767 -0.1641400903
v 70.31531525 -31.64312363 754.2998047
vn -0.9923454523 0.1209195778 0.02507839911
v 70.3369751 -31.70935059 754.5269165
vn -0.9741048217 0.0649824962 0.216557309
v 70.40607452 -31.77946281 754.7452393
vn -0.9159286022 0.005616358947 0.4013019502
v 70.51961517 -31.84994698 754.9437256
vn -0.8209089041 -0.05375999585 0.5685229897
v 70.66931915 -31.91656113 755.1110229
vn -0.6955015063 -0.1100009903 0.7100545168
v 70.84340668 -31.97583771 755.2403564
vn -0.5493011475 -0.1602110267 0.8201223612
v 71.02923584 -32.02560425 755.3299561
vn -0.3817560375 -0.2049714625 0.9012485743
v 71.24307251 -32.07012939 755.3874512
vn -0.2029792666 -0.2420284748 0.948800087
v 71.47182465 -32.10512161 755.4035645
vn -0.008731286973 -0.2716024816 0.9623699188
v 71.70643616 -32.1282692 755.3743896
vn 0.1890366375 -0.2910293341 0.9378523827
v 71.93372345 -32.13765717 755.2994995
vn 0.3814273179 -0.2989282608 0.8747314215
v 72.1421051 -32.13267136 755.1820679
vn 0.556964159 -0.2947887778 0.7764602304
v 72.31968689 -32.11407852 755.0305786
vn 0.7072376013 -0.2792530358 0.6494864821
v 72.45903778 -32.08415604 754.8566895
vn 0.8258003592 -0.2541655302 0.5034418106
v 72.55792999 -32.04605103 754.6727295
vn 0.875005424 -0.2390651852 0.4209671915
v 72.30198669 -33.949646 754.1565552
vn 0.9480222464 -0.1876266003 0.2570021152
v 72.36791229 -33.90354538 753.9470215
vn 0.972176373 -0.1687425822 0.1624777764
v 72.39202118 -33.84870911 753.7243652
vn 0.9921471477 -0.1219531745 -0.02777612582
v 72.3699646 -33.78690338 753.4976196
vn 0.9729580879 -0.06964379549 -0.2202323228
v 72.30075073 -33.72133636 753.27948
vn 0.9138314724 -0.01404446363 -0.4058506489
v 72.18737793 -33.65528488 753.0811768
vn 0.8179178834 0.04164718837 -0.5738255978
v 72.03810883 -33.59273148 752.9138794
vn 0.6917865276 0.09446058422 -0.7158970833
v 71.8646698 -33.53694534 752.7844849
vn 0.5450084805 0.1417002231 -0.8263696432
v 71.67964935 -33.48998642 752.6947632
vn 0.3769703209 0.1839155108 -0.907782197
v 71.46684265 -33.4478302 752.637085
vn 0.1977544725 0.2189601213 -0.955483973
v 71.23929596 -33.41451645 752.6206055
vn 0.003197270678 0.2470598668 -0.9689949155
v 71.00601959 -33.39223099 752.649353
vn -0.1946985722 0.2656701803 -0.9441990256
v 70.78013611 -33.38278961 752.723877
vn -0.3868790269 0.2734983265 -0.8806380033
v 70.57315063 -33.38680649 752.8408203
vn -0.562117219 0.2700423598 -0.7817297578
v 70.39687347 -33.40359879 752.9918823
vn -0.7118094563 0.2559075058 -0.6540937424
v 70.25866699 -33.43107224 753.1652832
vn -0.8297098279 0.232773155 -0.5073443651
v 70.16072845 -33.46629715 753.3487549
vn -0.9184888005 0.20063591 -0.3407690227
v 70.09480286 -33.51239395 753.5583496
vn -0.9730490446 0.1618372649 -0.1642687619
v 70.07069397 -33.56723404 753.7809448
vn -0.9930190444 0.1150602326 0.02596661076
v 70.09275055 -33.62903976 754.0077515
vn -0.9738358259 0.06276164949 0.218414098
v 70.16196442 -33.69460678 754.2258301
vn -0.9147185683 0.007168686017 0.4040278792
v 70.27533722 -33.76065826 754.4241943
vn -0.8188456297 -0.04850641638 0.5719606876
v 70.42460632 -33.82321167 754.5914917
vn -0.6927108765 -0.1013195589 0.7140629888
v 70.59804535 -33.8789978 754.7208252
vn -0.545942843 -0.1485641748 0.8245453835
v 70.7830658 -33.92595673 754.8106079
vn -0.3779105544 -0.1907880455 0.9059710503
v 70.9958725 -33.96811295 754.8682861
vn -0.1987122744 -0.2258449644 0.9536809921
v 71.22341919 -34.0014267 754.8847656
vn -0.004115712829 -0.2539510727 0.9672083259
v 71.45669556 -34.02371216 754.855957
vn 0.1936997324 -0.2725692391 0.9424364567
v 71.68257904 -34.03315353 754.7814941
vn 0.385940522 -0.2804085612 0.8788748384
v 71.88956451 -34.02913666 754.6644897
vn 0.5611864924 -0.2769634426 0.779974997
v 72.06584167 -34.01234436 754.5134277
vn 0.710903883 -0.2628269792 0.6523324847
v 72.20404816 -33.98487091 754.3400269
vn 0.8288180232 -0.2396916747 0.505577445
v 72.30198669 -33.949646 754.1565552
vn 0.8765758276 -0.2271486521 0.4242855906
v 72.05104828 -35.95617294 753.65271
vn 0.9501252174 -0.1702468693 0.2613007426
v 72.11614227 -35.91370773 753.4436646
vn 0.9738260508 -0.1542445272 0.1669473797
v 72.13960266 -35.86331558 753.2213745
vn 0.9935293794 -0.1109789088 -0.02414673567
v 72.11711884 -35.806633 752.9949341
vn 0.9740185738 -0.06269265711 -0.2176177502
v 72.04772949 -35.74659729 752.7769165
vn 0.9145320654 -0.01144396234 -0.4043515623
v 71.93444824 -35.68622208 752.5785522
vn 0.818200767 0.03983781114 -0.5735507607
v 71.78553009 -35.62913895 752.4111328
vn 0.6916512251 0.08838944137 -0.7168025374
v 71.61264801 -35.57832336 752.2813721
vn 0.5444635749 0.1317650974 -0.8283703327
v 71.4283371 -35.5356369 752.1912842
vn 0.3760493696 0.1704345793 -0.9107902646
v 71.21646881 -35.49742126 752.1330566
vn 0.1964749545 0.2024483681 -0.9593811631
v 70.99001312 -35.46735382 752.1159668
vn 0.001799657242 0.2279782593 -0.9736645818
v 70.75798035 -35.44742203 752.1439819
vn -0.1964526325 0.24479568 -0.9494637847
v 70.53340149 -35.4392662 752.2177124
vn -0.3887754977 0.2516416907 -0.8863013387
v 70.32772827 -35.44342041 752.3338623
vn -0.5641316772 0.2481058389 -0.7875270844
v 70.15270233 -35.45923233 752.4841919
vn -0.7137632966 0.2347568721 -0.6598721147
v 70.01560211 -35.4847641 752.6569214
vn -0.8316429257 0.2131560892 -0.512771368
v 69.91858673 -35.51732254 752.8398438
vn -0.9202889204 0.1832061112 -0.3456932604
v 69.85349274 -35.55978775 753.0488892
vn -0.9746213555 0.1472868323 -0.1685816944
v 69.83003235 -35.61017609 753.2711182
vn -0.9943183661 0.1040447652 0.02248685621
v 69.85251617 -35.66686249 753.4976196
vn -0.9748160839 0.05578869954 0.2159194648
v 69.92190552 -35.72689438 753.7156372
vn -0.9153258204 0.004553283099 0.4026884139
v 70.03518677 -35.78727341 753.9139404
vn -0.8190539479 -0.04668563604 0.5718138814
v 70.18410492 -35.84435272 754.0813599
vn -0.6925635338 -0.09522669017 0.7150437832
v 70.35697937 -35.89517212 754.2111206
vn -0.5453510284 -0.1386125386 0.8266673088
v 70.54129028 -35.93785858 754.3012695
vn -0.3769435287 -0.1772883087 0.9091107845
v 70.7531662 -35.97607422 754.3594971
vn -0.1974015832 -0.2093217522 0.957714498
v 70.97961426 -36.00614166 754.3765869
vn -0.002613973571 -0.2348965108 0.972016871
v 71.21165466 -36.02607346 754.3485107
vn 0.1954708993 -0.2517156005 0.9478556514
v 71.43623352 -36.03422928 754.2748413
vn 0.387786448 -0.2585897744 0.8847333193
v 71.64189911 -36.03007126 754.1586304
vn 0.563241303 -0.2550739348 0.7859367132
v 71.81693268 -36.01425934 754.0083618
vn 0.7129533887 -0.2417363673 0.6582256556
v 71.9540329 -35.98872757 753.8355713
vn 0.8308067322 -0.2201421261 0.5111728311
v 72.05104828 -35.95617294 753.65271
vn 0.878729105 -0.2096217722 0.4288285077
v 71.83170319 -37.97192001 753.1914673
vn 0.9527488947 -0.1447327882 0.2670617998
v 71.89602661 -37.93305969 752.9830322
vn 0.9762368798 -0.1317673624 0.1720434874
v 71.91886902 -37.88743973 752.7612915
vn 0.9955202341 -0.0924186185 -0.01995651983
v 71.89595032 -37.83657455 752.5349731
vn 0.975499332 -0.0488682799 -0.2145062983
v 71.82636261 -37.78312683 752.3170166
vn 0.9154280424 -0.002964840503 -0.4024707973
v 71.71311951 -37.72977448 752.1183472
vn 0.8185303807 0.04263016954 -0.5728792548
v 71.56446838 -37.67971802 751.9505615
vn 0.6913284659 0.08556303382 -0.7174565196
v 71.3920517 -37.63552856 751.8203125
vn 0.543638289 0.1235990822 -0.8301690817
v 71.20833588 -37.59877014 751.7294312
vn 0.374633193 0.1572065949 -0.9137483835
v 70.99726105 -37.56629562 751.6703491
vn 0.1946387589 0.1846659184 -0.9633349776
v 70.77176666 -37.54129791 751.6522217
vn -0.0005058552488 0.2061511576 -0.9785200357
v 70.54080963 -37.52548599 751.6791992
vn -0.1989953518 0.2196984887 -0.9550567865
v 70.31739044 -37.52021027 751.7518311
vn -0.3916371763 0.2242919207 -0.8923639655
v 70.11289978 -37.52585602 751.8669434
vn -0.5670492649 0.2196363807 -0.7938608527
v 69.9389801 -37.54171753 752.0162354
vn -0.7166874409 0.2063136697 -0.6661784649
v 69.80288696 -37.56599045 752.1880493
vn -0.8344185352 0.1857784986 -0.5188757181
v 69.70672607 -37.59621811 752.3703003
vn -0.9228495359 0.1578068584 -0.3513484299
v 69.64239502 -37.63507843 752.5787354
vn -0.9768778086 0.1248552054 -0.1735536456
v 69.61955261 -37.68069839 752.8005981
vn -0.9961650372 0.08553916961 0.01839357801
v 69.64247131 -37.73156357 753.0268555
vn -0.9761695862 0.04201563448 0.2129027992
v 69.71205902 -37.78501129 753.244873
vn -0.9161387086 -0.003874713089 0.4008426964
v 69.82530212 -37.83836365 753.4434204
vn -0.819271028 -0.0494681932 0.5712686181
v 69.97395325 -37.8884201 753.6113281
vn -0.6921814084 -0.09236976504 0.7157881856
v 70.14637756 -37.93260956 753.7415771
vn -0.5444475412 -0.1304337233 0.8285915256
v 70.33008575 -37.96936798 753.8324585
vn -0.3755033314 -0.1640493572 0.9121869802
v 70.54116058 -38.0018425 753.8915405
vn -0.1954454482 -0.1915421784 0.961827755
v 70.7666626 -38.02684021 753.9096069
vn -0.0002632361138 -0.2130506933 0.9770411253
v 70.997612 -38.04265213 753.8825684
vn 0.1982003599 -0.2266167402 0.9536044598
v 71.22103119 -38.04792786 753.8100586
vn 0.3907275498 -0.2312366068 0.8909891248
v 71.42552948 -38.0422821 753.6949463
vn 0.5663003922 -0.226592198 0.7924391627
v 71.59944153 -38.02642059 753.5456543
vn 0.7160209417 -0.2132598013 0.6647061706
v 71.7355423 -38.00214767 753.3737183
vn 0.8337809443 -0.1927153319 0.5173684955
v 71.83170319 -37.97192001 753.1914673
vn 0.8814917803 -0.1845051348 0.434660852
v 71.66020966 -40.0050354 752.7772827
vn 0.9550570846 -0.1157949567 0.2728689611
v 71.72382355 -39.97008133 752.569397
vn 0.9784463048 -0.1049003825 0.177872926
v 71.74611664 -39.92977524 752.3480225
vn 0.9974409342 -0.06990592927 -0.01499226131
v 71.72284698 -39.88550186 752.1219482
vn 0.9770565629 -0.03168180585 -0.2106104195
v 71.65312195 -39.83960724 751.9039307
vn 0.9165370464 0.008154798299 -0.3998666704
v 71.53997803 -39.79439926 751.7050781
vn 0.8191969991 0.0472471267 -0.571562767
v 71.39164734 -39.75256729 751.5366821
vn 0.6915856004 0.08362141997 -0.7174376845
v 71.21972656 -39.7162056 751.4057007
vn 0.5433829427 0.1154671758 -0.8315060735
v 71.03664398 -39.68651581 751.3140259
vn 0.3739280403 0.143087402 -0.9163535237
v 70.8263855 -39.66095734 751.2540283
vn 0.1934875846 0.1651835889 -0.9670971632
v 70.60185242 -39.64215088 751.2348022
vn -0.001902788761 0.181790784 -0.9833353758
v 70.37197876 -39.63146973 751.260498
vn -0.2007381469 0.1913839132 -0.96076864
v 70.14969635 -39.62992477 751.3319092
vn -0.3935926855 0.1931374371 -0.8987673521
v 69.94634247 -39.6376915 751.4459229
vn -0.5691970587 0.1869308203 -0.8006694913
v 69.77350616 -39.65399551 751.5941162
vn -0.7189125419 0.1733638942 -0.6731342673
v 69.63835907 -39.67714691 751.7650757
vn -0.836681366 0.1537964046 -0.5256528854
v 69.54299164 -39.70497513 751.9465942
vn -0.9250047803 0.1279543489 -0.3577623367
v 69.47937775 -39.7399292 752.1544189
vn -0.9788658023 0.09819544107 -0.1793860942
v 69.45708466 -39.78023529 752.3757935
vn -0.9979103208 0.06320978701 0.01339697465
v 69.48035431 -39.82450867 752.6019287
vn -0.9775964022 0.02497293986 0.2090014666
v 69.55007935 -39.87040329 752.8199463
vn -0.9171737432 -0.0148749901 0.3982098699
v 69.66322327 -39.91561127 753.0187988
vn -0.8198772669 -0.0540153496 0.5699856281
v 69.81155396 -39.95744324 753.1871948
vn -0.6923117638 -0.09042543173 0.7159103751
v 69.98347473 -39.99380493 753.3181763
vn -0.5441409945 -0.1222975031 0.8300324678
v 70.16655731 -40.02349472 753.4098511
vn -0.3746926188 -0.1499334723 0.9149455428
v 70.3768158 -40.04905319 753.4698486
vn -0.1942397505 -0.1720542312 0.9657475352
v 70.60134888 -40.06785965 753.4890747
vn 0.001326740836 -0.1886790544 0.9820379019
v 70.83122253 -40.0785408 753.4633179
vn 0.200185284 -0.1982509494 0.9594907165
v 71.05350494 -40.08008575 753.3919067
vn 0.3930428326 -0.1999752223 0.8975117207
v 71.25685883 -40.07231903 753.2779541
vn 0.568749547 -0.1937322021 0.7993696332
v 71.42969513 -40.05601501 753.1297607
vn 0.7185168862 -0.1801343709 0.6717775464
v 71.56484222 -40.0328598 752.9587402
vn 0.8363055587 -0.1605292857 0.5242359638
v 71.66020966 -40.0050354 752.7772827
vn 0.8842602968 -0.1533682644 0.4410916865
v 71.53935242 -42.01699829 752.4224854
vn 0.9561622143 -0.09733057022 0.2761894763
v 71.60231018 -41.98674393 752.2151489
vn 0.9798129797 -0.08579005301 0.1805729717
v 71.62415314 -41.95222473 751.9942017
vn 0.9983631372 -0.05566619709 -0.01312685106
v 71.60066223 -41.91465759 751.7683716
vn 0.9775015116 -0.02293350361 -0.2096778601
v 71.53097534 -41.87604141 751.5504761
vn 0.9164939523 0.01098497864 -0.3998977542
v 71.41812897 -41.8383255 751.3516235
vn 0.8186606765 0.04411548004 -0.5725805759
v 71.27032471 -41.80374146 751.1830444
vn 0.6906656623 0.07473212481 -0.7193024755
v 71.09912109 -41.77399445 751.0517578
vn 0.542137742 0.1013586521 -0.834154129
v 70.91687012 -41.75001144 750.9596558
vn 0.3723498583 0.1241592169 -0.9197500348
v 70.70762634 -41.72974777 750.8990479
vn 0.1915734559 0.1423300356 -0.9711033702
v 70.48425293 -41.71534348 750.8792725
vn -0.004031660035 0.1556795835 -0.9877994061
v 70.25563812 -41.70790482 750.9043579
vn -0.2029428184 0.1629743725 -0.9655327797
v 70.03464508 -41.70819855 750.9749756
vn -0.3957637548 0.1635462493 -0.9036723375
v 69.83253479 -41.71629333 751.0880737
vn -0.5712864399 0.1573583037 -0.8055247664
v 69.66083527 -41.7314415 751.2355347
vn -0.7209403515 0.1449559331 -0.677667141
v 69.52666473 -41.7521553 751.4057617
vn -0.8384653926 0.127540037 -0.5298200846
v 69.43208313 -41.77656555 751.5866699
vn -0.9265219569 0.1050139219 -0.3612881005
v 69.36911774 -41.80681992 751.7940674
vn -0.9800678492 0.0791535452 -0.1822135746
v 69.34728241 -41.84133911 752.0150146
vn -0.9987334609 0.04899036884 0.01146598905
v 69.37077332 -41.87890625 752.2407837
vn -0.9779912233 0.01621049456 0.2080154121
v 69.44045258 -41.91752243 752.4586792
vn -0.9171078801 -0.01774972863 0.3982437551
v 69.55330658 -41.95523834 752.6575928
vn -0.8193560243 -0.05092450604 0.5710187554
v 69.70110321 -41.98982239 752.8261719
vn -0.6913197041 -0.08158985525 0.7179276943
v 69.87231445 -42.0195694 752.9573975
vn -0.5427364707 -0.1082357466 0.8328998685
v 70.05456543 -42.0435524 753.0494995
vn -0.3729343116 -0.1310371608 0.9185582399
v 70.26380157 -42.06381607 753.1100464
vn -0.1921676099 -0.1491814852 0.9699569345
v 70.48717499 -42.07822037 753.1298828
vn 0.003637831192 -0.162499398 0.9867019653
v 70.71578979 -42.08565903 753.1047974
vn 0.202668637 -0.1697496772 0.9644223452
v 70.93679047 -42.0853653 753.0341797
vn 0.3955608308 -0.1702768505 0.9025172591
v 71.13889313 -42.07727051 752.9210815
vn 0.5712230802 -0.164027825 0.8042382002
v 71.31059265 -42.06212234 752.7736816
vn 0.7208557129 -0.1515871435 0.6763049364
v 71.44476318 -42.04140854 752.6033936
vn 0.8383250237 -0.1341694593 0.5284029841
v 71.53935242 -42.01699829 752.4224854
vn 0.8860191107 -0.1259862185 0.4462035596
v 71.42555237 -44.10808563 752.1116333
vn 0.9560319185 -0.09827599674 0.2763057053
v 71.48781586 -44.08385468 751.9047241
vn 0.9796007276 -0.08608646691 0.1815804988
v 71.50920105 -44.05553055 751.6842651
vn 0.9980579019 -0.06096376851 -0.01280215941
v 71.48556519 -44.02405548 751.4590454
vn 0.9771285057 -0.03308097646 -0.2100607157
v 71.41605377 -43.99108505 751.2418213
vn 0.9160895348 -0.00366908568 -0.4009570181
v 71.30369568 -43.95827103 751.0435181
vn 0.8182082772 0.02561076544 -0.5743511915
v 71.15665436 -43.92757797 750.8754272
vn 0.6901571751 0.05316732824 -0.7217037678
v 70.98641205 -43.90057755 750.7446899
vn 0.541641593 0.07760130614 -0.83701998
v 70.8052597 -43.87820816 750.6529541
vn 0.37184003 0.09900005162 -0.9230027199
v 70.59734344 -43.85855103 750.5927124
vn 0.1911399662 0.1167872325 -0.9745903015
v 70.37543488 -43.84356308 750.5731201
vn -0.004377594218 0.1306763738 -0.991415441
v 70.14838409 -43.83428192 750.5982056
vn -0.2031673938 0.1395104975 -0.9691541791
v 69.92896271 -43.83151245 750.6688232
vn -0.3960758746 0.1425881982 -0.9070791006
v 69.72836304 -43.83546829 750.7817993
vn -0.57146281 0.1396835744 -0.8086524606
v 69.55801392 -43.84569168 750.9289551
vn -0.7210339904 0.1311849207 -0.680367887
v 69.42497253 -43.86104202 751.098938
vn -0.8385262489 0.1180368364 -0.5319220424
v 69.33126831 -43.87999344 751.279541
vn -0.9264566302 0.1004044935 -0.3627630472
v 69.26900482 -43.90422058 751.4863892
vn -0.979901135 0.07929329574 -0.1830472797
v 69.247612 -43.93254852 751.7067871
vn -0.9984691143 0.05413334817 0.01136017032
v 69.27125549 -43.96402359 751.9319458
vn -0.9776362777 0.0262239594 0.2086615562
v 69.34076691 -43.99699402 752.149292
vn -0.9166715741 -0.003203260014 0.3996285796
v 69.453125 -44.02980804 752.3475952
vn -0.8188248277 -0.03248328716 0.5731236935
v 69.60016632 -44.06049728 752.515564
vn -0.6907889247 -0.06003436819 0.720559895
v 69.77040863 -44.08749771 752.6464233
vn -0.5420954227 -0.08446484804 0.8360611796
v 69.95156097 -44.10987091 752.7381592
vn -0.3722833693 -0.1058151796 0.9220674038
v 70.15947723 -44.12952423 752.7984009
vn -0.1915327013 -0.1235634238 0.973677218
v 70.3813858 -44.14451218 752.8179932
vn 0.004095329437 -0.1374288499 0.9905031919
v 70.60843658 -44.15379715 752.7929077
vn 0.2031198889 -0.1462242603 0.9681739211
v 70.82785797 -44.15656281 752.72229
vn 0.3959408104 -0.1492752135 0.9060617089
v 71.02845764 -44.15260696 752.609314
vn 0.571429193 -0.1463875771 0.807489574
v 71.19880676 -44.14238358 752.4620361
vn 0.7210030556 -0.1379023343 0.6790711284
v 71.33184814 -44.12703705 752.2920532
vn 0.8383588195 -0.1247857362 0.53064394
v 71.42555237 -44.10808563 752.1116333
vn 0.8864961267 -0.1156264991 0.4480570555
v 71.28133392 -46.1691246 751.8578491
vn 0.954500258 -0.1171229109 0.2742471397
v 71.3427887 -46.1513176 751.6515503
vn 0.978197813 -0.1049005166 0.1792343259
v 71.36367798 -46.12876129 751.4318848
vn 0.9962863326 -0.08464346081 -0.01578051224
v 71.3398819 -46.10208511 751.2074585
vn 0.9750472903 -0.06075660512 -0.2135213614
v 71.27058411 -46.07262421 750.9911499
vn 0.9137715697 -0.03426363692 -0.4047808647
v 71.15880585 -46.04184341 750.7938232
vn 0.8157752752 -0.006647587288 -0.5783308148
v 71.01266479 -46.0116272 750.6268311
vn 0.6876809597 0.02054298483 -0.7257223129
v 70.84356689 -45.98366165 750.4968872
vn 0.5391945243 0.04580746964 -0.8409345746
v 70.66369629 -45.95912933 750.4060669
vn 0.3695761859 0.06914806366 -0.9266240001
v 70.4573288 -45.93592072 750.3466187
vn 0.189038679 0.09001345187 -0.9778353572
v 70.23713684 -45.91607666 750.3276978
vn -0.006240785122 0.1081134304 -0.9941189885
v 70.01191711 -45.90074539 750.3534546
vn -0.2046208829 0.1220792755 -0.9711987376
v 69.79433441 -45.89102936 750.4243774
vn -0.3970589042 0.1310632229 -0.9083868265
v 69.5954895 -45.88748169 750.5375977
vn -0.5721345544 0.1345034093 -0.8090555668
v 69.42670441 -45.8901062 750.6848755
vn -0.7211792469 0.13240394 -0.679977715
v 69.29497528 -45.89821243 750.8546753
vn -0.8381841779 0.1253684759 -0.5307824612
v 69.20227814 -45.91061401 751.0348511
vn -0.9256495237 0.1138386428 -0.3608513772
v 69.14082336 -45.92842102 751.2411499
vn -0.9786919951 0.09805192798 -0.1804100722
v 69.11994171 -45.95097733 751.4608765
vn -0.9968628287 0.07778468728 0.0146292001
v 69.14373779 -45.9776535 751.6852417
vn -0.9756894112 0.05389899015 0.212426737
v 69.21303558 -46.0071106 751.9016113
vn -0.9144552946 0.02742327005 0.4037567377
v 69.32481384 -46.0378952 752.098938
vn -0.816429019 -0.000171080872 0.5774458051
v 69.4709549 -46.06811142 752.2659302
vn -0.6882554889 -0.02733340673 0.7249532938
v 69.6400528 -46.09607697 752.395813
vn -0.539701879 -0.05256905779 0.8402132988
v 69.81991577 -46.12060928 752.4866333
vn -0.3700291514 -0.07587952167 0.9259161353
v 70.02629089 -46.1438179 752.5461426
vn -0.1894318908 -0.09670634568 0.9771199822
v 70.24647522 -46.16366196 752.5650024
vn 0.00594454119 -0.1147933155 0.9933716059
v 70.47170258 -46.17899323 752.5393066
vn 0.2044830769 -0.1287754476 0.9703626037
v 70.68928528 -46.18870926 752.4683228
vn 0.3969121873 -0.1377677321 0.9074584246
v 70.88813019 -46.19225693 752.3551025
vn 0.5719429851 -0.1412249058 0.8080450296
v 71.05690765 -46.18963242 752.2078247
vn 0.720967412 -0.1391607672 0.6788521409
v 71.18864441 -46.18152618 752.0380859
vn 0.8378586173 -0.1321619749 0.5296472311
v 71.28133392 -46.1691246 751.8578491
vn 0.8858731985 -0.1233472452 0.4472293556
v 71.07057953 -48.23065567 751.6486206
vn 0.9509307146 -0.1488256603 0.2712595463
v 71.13104248 -48.21916199 751.4428711
vn 0.9747313261 -0.1374309957 0.1761008799
v 71.15131378 -48.20167542 751.2240601
vn 0.9924034476 -0.1214976162 -0.01933328807
v 71.12733459 -48.17850876 751.0007324
vn 0.9708999395 -0.1005272046 -0.2173650414
v 71.05832672 -48.15071487 750.7855835
vn 0.9095128179 -0.07536487281 -0.4087867737
v 70.94728851 -48.11964798 750.5895386
vn 0.8116026521 -0.04741391912 -0.5822826028
v 70.80228424 -48.08728409 750.4237061
vn 0.6837445498 -0.0183019992 -0.7294918895
v 70.6346283 -48.05559158 750.2950439
vn 0.5355897546 0.01023304276 -0.8444163203
v 70.45637512 -48.02616882 750.2052612
vn 0.3663454056 0.03819433972 -0.9296947122
v 70.25193024 -47.99647903 750.1467896
vn 0.186525628 0.0647014752 -0.980317235
v 70.0338974 -47.96884537 750.1287842
vn -0.00807750877 0.08966396749 -0.9959393144
v 69.81095123 -47.944664 750.1552124
vn -0.205779016 0.1113573164 -0.9722419977
v 69.59565735 -47.92549515 750.2268066
vn -0.3973504305 0.1285775751 -0.9086145759
v 69.39899445 -47.91236496 750.340271
vn -0.5715920925 0.1402877867 -0.8084564209
v 69.23215485 -47.90585709 750.4874878
vn -0.7198676467 0.1460764855 -0.6785663366
v 69.10204315 -47.9057579 750.6569824
vn -0.8361632228 0.1461422592 -0.5286524892
v 69.01060486 -47.91119766 750.836792
vn -0.9229800701 0.1411438882 -0.3580309451
v 68.95014191 -47.92269135 751.0424805
vn -0.9754928946 0.1306737661 -0.1770252585
v 68.92987061 -47.94017792 751.2612915
vn -0.9932233095 0.1147460788 0.01846111566
v 68.95384979 -47.96334457 751.4846802
vn -0.9717530608 0.09379652143 0.2165600359
v 69.02285767 -47.99113846 751.6998901
vn -0.9103859067 0.06866843253 0.4080222547
v 69.13389587 -48.02220535 751.8959351
vn -0.8124042153 0.04073419049 0.5816701055
v 69.27890015 -48.05456924 752.0617065
vn -0.6843931675 0.01163370069 0.7290203571
v 69.44656372 -48.08626175 752.1903076
vn -0.5361830592 -0.01687801629 0.8439329863
v 69.62480927 -48.11568451 752.2801514
vn -0.3670217693 -0.04479646683 0.9291331172
v 69.82925415 -48.1453743 752.338623
vn -0.1870587766 -0.07131356001 0.9797568321
v 70.04728699 -48.17300797 752.3565674
vn 0.007755540777 -0.09629625082 0.9953225255
v 70.27023315 -48.19718933 752.3301392
vn 0.2054085433 -0.1179993674 0.9715366364
v 70.48552704 -48.21635818 752.2585449
vn 0.3970135748 -0.1352558881 0.907791853
v 70.68218994 -48.22948837 752.1451416
vn 0.57113868 -0.146995604 0.8075845838
v 70.84902954 -48.23599625 751.9979248
vn 0.7193545699 -0.1528045386 0.6776280403
v 70.97914124 -48.23609543 751.8283691
vn 0.8355647922 -0.1528823227 0.5276916623
v 71.07057953 -48.23065567 751.6486206
vn 0.8836025 -0.145580709 0.4450312853
v 70.77235413 -50.28468704 751.4754639
vn 0.9448632002 -0.1878777295 0.2682079971
v 70.83164215 -50.27898026 751.2705078
vn 0.9687439203 -0.1779479831 0.1728286594
v 70.85121155 -50.26570129 751.0526733
vn 0.9859178066 -0.1656543911 -0.02290727012
v 70.82707214 -50.24485016 750.8305054
vn 0.964161396 -0.1466226578 -0.2211213112
v 70.75848389 -50.21725082 750.6166382
vn 0.9027944207 -0.1215515733 -0.4125377834
v 70.64842987 -50.18422699 750.4219971
vn 0.8051383495 -0.09179915488 -0.5859395266
v 70.50489807 -50.14794922 750.2575684
vn 0.6778116822 -0.05920193344 -0.7328481674
v 70.33907318 -50.11077499 750.130127
vn 0.53032583 -0.02581241913 -0.8474009037
v 70.16286469 -50.07481766 750.0414429
vn 0.3620342016 0.008379182778 -0.9321271777
v 69.96086121 -50.03695297 749.9840698
vn 0.1832063049 0.04212495685 -0.9821715355
v 69.74550629 -49.99993134 749.96698
vn -0.01023890823 0.07547561824 -0.997095108
v 69.52540588 -49.96547699 749.9941406
vn -0.2065944225 0.106243223 -0.9726412892
v 69.31295013 -49.93569183 750.0661011
vn -0.3968444765 0.1328826696 -0.9082161784
v 69.11897278 -49.91213226 750.1797485
vn -0.5697722435 0.1537742615 -0.8072874546
v 68.95452118 -49.89601135 750.3269043
vn -0.7168793678 0.1680378169 -0.6766441464
v 68.8263855 -49.8875885 750.4960938
vn -0.8320864439 0.175441727 -0.5261675715
v 68.73645782 -49.88626099 750.675293
vn -0.9179967642 0.1768643111 -0.3549660742
v 68.6771698 -49.89196777 750.880188
vn -0.9698089361 0.1713612527 -0.1735106111
v 68.6576004 -49.90524673 751.0981445
vn -0.9870127439 0.1590887159 0.02228464559
v 68.68173981 -49.92610168 751.3202515
vn -0.9652552009 0.1400829256 0.2205883712
v 68.75032806 -49.95370102 751.5340576
vn -0.9038800001 0.1150372177 0.4120283723
v 68.86038208 -49.98672104 751.7288208
vn -0.806176722 0.08530557901 0.5854930282
v 69.00390625 -50.02300262 751.8932495
vn -0.6786620021 0.0526882261 0.7325584292
v 69.16973877 -50.06017685 752.0206299
vn -0.5311165452 0.01929495297 0.8470790386
v 69.34594727 -50.09613419 752.109314
vn -0.362927705 -0.01487851795 0.9316985011
v 69.54795074 -50.13399887 752.166687
vn -0.1840663403 -0.04862621427 0.9817102551
v 69.76330566 -50.17101669 752.1837769
vn 0.009612251073 -0.0820268169 0.9965837598
v 69.98340607 -50.20547104 752.1566772
vn 0.2059354037 -0.1128274873 0.9720394015
v 70.19586182 -50.2352562 752.0847168
vn 0.3962275684 -0.1394891143 0.9074946046
v 70.38983917 -50.25881577 751.9709473
vn 0.5690504313 -0.1603918374 0.8065085411
v 70.55428314 -50.27493668 751.8239136
vn 0.7159618735 -0.1746526957 0.6759400964
v 70.68242645 -50.28336334 751.6547241
vn 0.8311786056 -0.1820580065 0.525354147
v 70.77235413 -50.28468704 751.4754639
vn 0.8791764379 -0.1771324575 0.4423492551
v 70.37747955 -52.32390213 751.3303223
vn 0.9365339279 -0.2289898694 0.2654577792
v 70.43546295 -52.32319641 751.1262817
vn 0.9603585601 -0.2210345268 0.1698682308
v 70.45429993 -52.31323624 750.9095459
vn 0.9769980311 -0.2116485089 -0.02607130259
v 70.43008423 -52.2937355 750.6885986
vn 0.9550498724 -0.1937497854 -0.2243674248
v 70.36209106 -52.26535416 750.4761353
vn 0.893848896 -0.1678995788 -0.4157450199
v 70.2532959 -52.22942352 750.2828369
vn 0.79671067 -0.1354946494 -0.5889765024
v 70.11158752 -52.18836212 750.1196899
vn 0.6702215672 -0.09858713299 -0.7355838418
v 69.94799042 -52.14496994 749.9935303
vn 0.523732841 -0.05956469104 -0.8497976065
v 69.77424622 -52.10188675 749.9059448
vn 0.3567994237 -0.01844782196 -0.9339988232
v 69.57515717 -52.0553627 749.8494873
vn 0.1795223504 0.02302926965 -0.9834843278
v 69.36299896 -52.0086174 749.8331909
vn -0.01234017033 0.06523661315 -0.9977934957
v 69.14625549 -51.96373367 749.8609619
vn -0.2069778442 0.105417639 -0.9726496339
v 68.93712616 -51.92337036 749.9331665
vn -0.3953593969 0.1415800303 -0.9075494409
v 68.74629211 -51.88962173 750.046936
vn -0.566529274 0.1715922058 -0.8059781194
v 68.58460236 -51.86429977 750.1937866
vn -0.7120635509 0.1941173673 -0.6747472882
v 68.45872498 -51.84809875 750.3625488
vn -0.8259803057 0.2085298151 -0.5237096548
v 68.37050629 -51.84064484 750.5410767
vn -0.9107375145 0.2158083618 -0.3521135747
v 68.31252289 -51.84135056 750.7451172
vn -0.9617201686 0.2146733552 -0.1703221351
v 68.29368591 -51.85131073 750.9619141
vn -0.9783605337 0.2053075433 0.02568138391
v 68.31790924 -51.87081146 751.1828003
vn -0.9563831687 0.1874310076 0.224055469
v 68.3859024 -51.89919662 751.3953247
vn -0.8951385021 0.161588788 0.415470928
v 68.49469757 -51.93512344 751.588623
vn -0.7979594469 0.1291814297 0.5887044072
v 68.63639832 -51.97618484 751.751709
vn -0.6712960601 0.09222269058 0.7354295254
v 68.80000305 -52.01957703 751.8778687
vn -0.5248238444 0.05321054533 0.8495460749
v 68.97374725 -52.06266403 751.9655151
vn -0.3578991294 0.0120717641 0.9336822033
v 69.1728363 -52.10918808 752.0219727
vn -0.1805743277 -0.02945376374 0.983120203
v 69.38498688 -52.15592957 752.038269
vn 0.01135808323 -0.07169540972 0.9973618984
v 69.60173798 -52.20081711 752.010498
vn 0.2059822232 -0.1118956655 0.9721371531
v 69.81085968 -52.24117661 751.9382324
vn 0.3942757547 -0.1480656564 0.9069857597
v 70.00170135 -52.27492523 751.8244629
vn 0.5654938817 -0.1780821085 0.8052971363
v 70.16338348 -52.30025101 751.6776123
vn 0.7108416557 -0.2005650103 0.6741497517
v 70.28926086 -52.31644821 751.5089111
vn 0.8247084618 -0.2149510235 0.5231176019
v 70.37747955 -52.32390213 751.3303223
vn 0.8724674582 -0.2129971683 0.4398098886
v 69.88759613 -54.34378433 751.2055664
vn 0.9275855422 -0.265054971 0.2633076906
v 69.94429779 -54.3470192 751.0025635
vn 0.9509963393 -0.2598747313 0.1675441712
v 69.96246338 -54.33945084 750.7869263
vn 0.9671584964 -0.2525663972 -0.02854237147
v 69.93827057 -54.3205719 750.5672607
vn 0.9451079369 -0.2351737618 -0.2268574685
v 69.87104034 -54.29091644 750.3561401
vn 0.8842057586 -0.2081393152 -0.4181605577
v 69.76369476 -54.2518692 750.1642456
vn 0.7877368927 -0.1729218662 -0.5912433267
v 69.62403107 -54.20608139 750.0025024
vn 0.6622152328 -0.1317751557 -0.7376356125
v 69.462883 -54.15677643 749.8773804
vn 0.5170782804 -0.08748751134 -0.8514552116
v 69.29182434 -54.10706711 749.7907104
vn 0.3515606225 -0.03987768665 -0.9353153706
v 69.09589386 -54.05262756 749.7351074
vn 0.175952673 0.008629027754 -0.9843608141
v 68.88716888 -53.99712753 749.7194824
vn -0.01404834073 0.05874065682 -0.9981744289
v 68.67399597 -53.94296265 749.7475586
vn -0.2067140043 0.1072308049 -0.9725075364
v 68.46839905 -53.89331055 749.8200684
vn -0.3931969106 0.1517669111 -0.906842351
v 68.28086853 -53.85073471 749.9336548
vn -0.5625379682 0.1896768063 -0.8047196865
v 68.12206268 -53.81755447 750.0801392
vn -0.7062990069 0.2191967517 -0.6731229424
v 67.99851227 -53.79483795 750.24823
vn -0.8188390136 0.2394616157 -0.5216903687
v 67.91203308 -53.78237152 750.4260254
vn -0.902458787 0.251441747 -0.3497787416
v 67.85533142 -53.77913666 750.6290283
vn -0.9526157379 0.2537323534 -0.1677592695
v 67.83716583 -53.78670502 750.8447266
vn -0.9687409997 0.246447131 0.02836771682
v 67.86135864 -53.80558395 751.064209
vn -0.9466320276 0.2290532142 0.2267652601
v 67.92858887 -53.83523941 751.2754517
vn -0.885668695 0.2020053267 0.4180727005
v 68.03593445 -53.87428665 751.4673462
vn -0.7891192436 0.1667580605 0.5911704898
v 68.17559814 -53.92007446 751.6291504
vn -0.6635488868 0.1255672276 0.7375199795
v 68.33674622 -53.96937943 751.7542114
vn -0.518350184 0.08123526722 0.8513013124
v 68.50780487 -54.01908875 751.8408813
vn -0.3528954983 0.03362080082 0.9350585341
v 68.70373535 -54.07352829 751.8964844
vn -0.1771354377 -0.01495583076 0.9840728641
v 68.91246033 -54.12902832 751.9120483
vn 0.01271346211 -0.06506139785 0.9978002906
v 69.12563324 -54.18319321 751.8839722
vn 0.2054219246 -0.1135683134 0.9720617533
v 69.33123016 -54.23284531 751.8115234
vn 0.39172405 -0.1580602527 0.9064045548
v 69.51876068 -54.27542114 751.697998
vn 0.5609955192 -0.1959487945 0.8042935133
v 69.67756653 -54.30860138 751.5515137
vn 0.7047681212 -0.2254545838 0.67266047
v 69.80111694 -54.3313179 751.3834229
vn 0.8172523975 -0.2456731647 0.5212900043
v 69.88759613 -54.34378433 751.2055664
vn 0.8644365668 -0.2474068105 0.4376520216
v 69.3219223 -56.34460449 751.0926514
vn 0.9196952581 -0.2926457822 0.2617616057
v 69.37762451 -56.35018921 750.890625
vn 0.9425837994 -0.2898486257 0.1659021378
v 69.39535522 -56.34386826 750.6762085
vn 0.958430171 -0.283718884 -0.03025220148
v 69.37133789 -56.32499313 750.4580078
vn 0.9363946915 -0.2662876844 -0.2285954058
v 69.30491638 -56.29402924 750.24823
vn 0.875859499 -0.2379345745 -0.4198301136
v 69.19900513 -56.25242233 750.0576172
vn 0.7800930142 -0.2002142668 -0.5927639604
v 69.06126404 -56.20301819 749.8969727
vn 0.6555408239 -0.1555165499 -0.7389728427
v 68.90238953 -56.14933395 749.7729492
vn 0.5116015077 -0.1069339812 -0.8525426984
v 68.73377991 -56.09482956 749.6870728
vn 0.3474905789 -0.05420582369 -0.9361153841
v 68.54068756 -56.03475189 749.6320801
vn 0.1734480709 -0.0002624861081 -0.9848429561
v 68.33502197 -55.97310257 749.6169434
vn -0.01493181009 0.0559422262 -0.9983223677
v 68.12501526 -55.91251373 749.6453247
vn -0.2058314234 0.1106908321 -0.9723070264
v 67.92250824 -55.85651779 749.7176514
vn -0.3905425668 0.1614077985 -0.9063244462
v 67.73782349 -55.80799866 749.8308716
vn -0.5583218932 0.2051258981 -0.8038656712
v 67.5814743 -55.76961899 749.9768066
vn -0.7007525563 0.2397446334 -0.6719139814
v 67.45988464 -55.74268341 750.144165
vn -0.8120962381 0.2641212344 -0.5203264952
v 67.37482452 -55.72706223 750.3210449
vn -0.894841671 0.2792727053 -0.348231405
v 67.31912231 -55.72147751 750.5230103
vn -0.9443851113 0.2837882936 -0.1661353707
v 67.30139923 -55.72779846 750.7373657
vn -0.9602079391 0.2776633799 0.03006214276
v 67.32540894 -55.7466774 750.9556885
vn -0.9381297231 0.2602277398 0.2284604162
v 67.39183044 -55.77763748 751.1654053
vn -0.8775529265 0.2318616509 0.4196916223
v 67.4977417 -55.81924438 751.3560791
vn -0.7817263603 0.1941133589 0.5926414728
v 67.63548279 -55.86864853 751.5166626
vn -0.657136023 0.1493894905 0.738820076
v 67.7943573 -55.92233276 751.6407471
vn -0.5131801367 0.1007915288 0.8523421884
v 67.96296692 -55.97683716 751.7266235
vn -0.3491019905 0.04804990813 0.9358520508
v 68.15605927 -56.03691483 751.7814941
vn -0.1749159098 -0.005960840266 0.9845653176
v 68.36172485 -56.09856796 751.7966919
vn 0.01323450543 -0.06208761036 0.9979829788
v 68.57173157 -56.15915298 751.7684326
vn 0.2042385638 -0.116868116 0.9719199538
v 68.77423859 -56.21514893 751.6960449
vn 0.3889686167 -0.1675962657 0.9058780074
v 68.95892334 -56.26367188 751.5828247
vn 0.5565912127 -0.2112614661 0.8034766912
v 69.11527252 -56.30204773 751.4368896
vn 0.6990017891 -0.2458562404 0.671528995
v 69.23686218 -56.32898331 751.2695312
vn 0.8103066087 -0.2702198029 0.5199850798
v 69.3219223 -56.34460449 751.0926514
vn 0.8567765355 -0.275051713 0.4362115264
v 68.70174408 -58.3300209 750.9835205
vn 0.9132479429 -0.3131057024 0.2606588304
v 68.7567215 -58.33684158 750.7827148
vn 0.9356707335 -0.3117285669 0.1653650254
v 68.77422333 -58.33094788 750.569519
vn 0.9515196085 -0.3060439527 -0.03078144044
v 68.75052643 -58.31161118 750.3526611
vn 0.9297633767 -0.2881872952 -0.2291029096
v 68.68498993 -58.27928162 750.144165
vn 0.8697903752 -0.2585078776 -0.4202837348
v 68.58046722 -58.23545456 749.954834
vn 0.7747722864 -0.2186022848 -0.5932461619
v 68.44454193 -58.18314743 749.7954102
vn 0.6511955857 -0.1710616648 -0.7393795848
v 68.28775787 -58.12609863 749.6722412
vn 0.5083645582 -0.1191705912 -0.8528562784
v 68.12136841 -58.06801224 749.5870972
vn 0.3454062045 -0.06254197657 -0.9363669753
v 67.93080139 -58.00382233 749.5327759
vn 0.172685802 -0.004597450141 -0.9849662185
v 67.72784424 -57.93778229 749.5178833
vn -0.01419985853 0.0559297353 -0.9983337522
v 67.52059174 -57.87269974 749.5463257
vn -0.2038962543 0.1151880696 -0.9721924067
v 67.32073975 -57.81235886 749.6184692
vn -0.387285769 0.1702284664 -0.9061081409
v 67.13847351 -57.75986862 749.7312622
vn -0.5538758039 0.2178761661 -0.8035867214
v 66.98417664 -57.71811676 749.8765259
vn -0.6953778267 0.2558720708 -0.6715497971
v 66.86417389 -57.68854141 750.0430298
vn -0.8060590029 0.2829332948 -0.5198246241
v 66.78022003 -57.67106247 750.2189941
vn -0.8883011341 0.3000189662 -0.3477207124
v 66.72524261 -57.66423798 750.4197998
vn -0.9375926256 0.3057614565 -0.1656201929
v 66.70774078 -57.67013168 750.6329346
vn -0.9534255266 0.3000749648 0.030575037
v 66.73143768 -57.68946838 750.8497925
vn -0.9316377044 0.2822092175 0.2289305031
v 66.79697418 -57.72179794 751.0582886
vn -0.8716027737 0.2525099814 0.4201753438
v 66.90149689 -57.765625 751.2476196
vn -0.7765967846 0.2126123011 0.5930374861
v 67.03742218 -57.81793213 751.4071045
vn -0.6529605389 0.165039897 0.7391917109
v 67.19420624 -57.87498093 751.5302124
vn -0.5101197958 0.1131344363 0.8526303172
v 67.3605957 -57.93306732 751.6154175
vn -0.3472325802 0.05653556436 0.9360733032
v 67.55116272 -57.99725723 751.6697388
vn -0.1743303388 -0.001485232962 0.9846860766
v 67.75411987 -58.06329727 751.6845703
vn 0.01241023 -0.06198004633 0.9980002046
v 67.96137238 -58.12837982 751.656189
vn 0.2019992471 -0.1212081462 0.9718564153
v 68.16122437 -58.1887207 751.5839844
vn 0.3855491579 -0.1762922108 0.9056891799
v 68.3434906 -58.24121475 751.4711914
vn 0.5520215631 -0.2239075154 0.803204596
v 68.49778748 -58.2829628 751.3259888
vn 0.693467617 -0.2618764639 0.6712104082
v 68.61779022 -58.31253815 751.1594238
vn 0.8041454554 -0.2889153063 0.519497931
v 68.70174408 -58.3300209 750.9835205
vn 0.8503851295 -0.2958248556 0.4351239204
v 68.06751251 -60.2259407 750.8766479
vn 0.9077000022 -0.3295849264 0.2597200274
v 68.12203217 -60.2331543 750.6768799
vn 0.930243969 -0.3289770782 0.1625429243
v 68.13950348 -60.22706985 750.4649658
vn 0.94581604 -0.3229536712 -0.03365900367
v 68.11625671 -60.20691299 750.2493286
vn 0.9239844084 -0.3040755689 -0.2319285125
v 68.05162811 -60.17315674 750.0422363
vn 0.8641715646 -0.2727247179 -0.4228815436
v 67.94844055 -60.12736511 749.8540649
vn 0.7695801854 -0.2306030095 -0.5954566598
v 67.81417847 -60.07268143 749.6956177
vn 0.6465621591 -0.1803683639 -0.7412318587
v 67.65926361 -60.01302719 749.5734253
vn 0.504584074 -0.125607729 -0.8541765809
v 67.49481964 -59.95227051 749.4888916
vn 0.3425887823 -0.06577566266 -0.9371800423
v 67.30645752 -59.88511658 749.4349976
vn 0.1705936641 -0.004496258684 -0.9853311777
v 67.10579681 -59.81600952 749.4204712
vn -0.01518544927 0.05940942094 -0.9981181622
v 66.90086365 -59.74789429 749.4489746
vn -0.2037483156 0.1219794899 -0.9713946581
v 66.70320129 -59.68471909 749.5209351
vn -0.3859461546 0.180078879 -0.9047746658
v 66.52290344 -59.62974548 749.6331787
vn -0.5514196754 0.230389744 -0.8017835617
v 66.37023163 -59.58599854 749.77771
vn -0.6919547915 0.2705157697 -0.6693428159
v 66.25144958 -59.55498505 749.9432983
vn -0.8017704487 0.2990657091 -0.5174204111
v 66.16829681 -59.53662872 750.1183472
vn -0.8833831549 0.3170523643 -0.3451260924
v 66.11377716 -59.52941513 750.3179932
vn -0.9322482347 0.3231162727 -0.1628163159
v 66.09630585 -59.53549957 750.5298462
vn -0.9478060007 0.3170900345 0.03343163058
v 66.11955261 -59.55565643 750.7454834
vn -0.9259512424 0.2982064188 0.2317049503
v 66.18418121 -59.58941269 750.9527588
vn -0.8660933971 0.2668311894 0.4227095544
v 66.28736877 -59.63520432 751.1408691
vn -0.7714483142 0.2246891707 0.595300138
v 66.42163086 -59.68988419 751.2991943
vn -0.6484561563 0.1744687706 0.740989387
v 66.57654572 -59.74954224 751.4215088
vn -0.5064111352 0.1196739078 0.8539472818
v 66.74098969 -59.8102951 751.5060425
vn -0.3444876075 0.05986889824 0.9368799329
v 66.92935181 -59.87744904 751.5598755
vn -0.1724419743 -0.001432095538 0.985018611
v 67.13001251 -59.94655609 751.5744019
vn 0.01327534486 -0.0653321892 0.9977752566
v 67.33494568 -60.01467514 751.5459595
vn 0.2017346174 -0.1278778017 0.9710563421
v 67.53260803 -60.07784653 751.473999
vn 0.3840985596 -0.1860305667 0.9043566585
v 67.71290588 -60.13282394 751.3616943
vn 0.5495199561 -0.2363037616 0.8013665676
v 67.8655777 -60.17657089 751.2172241
vn 0.6899324656 -0.2763849795 0.6690325737
v 67.98435974 -60.20758438 751.0516357
vn 0.7997395992 -0.3049356341 0.5171371698
v 68.06751251 -60.2259407 750.8766479
vn 0.8447781801 -0.3127466738 0.4342112243
v 67.35163879 -62.26224518 750.7531128
vn 0.9032592177 -0.3421201706 0.2589914203
v 67.40592194 -62.26913071 750.5546875
vn 0.9254581928 -0.3416888118 0.1636333466
v 67.42359161 -62.26223755 750.3441162
vn 0.9416454434 -0.3350380361 -0.03245515004
v 67.40097809 -62.24079514 750.1298218
vn 0.9206143618 -0.315049082 -0.2306800336
v 67.3374176 -62.20531464 749.9240723
vn 0.861730814 -0.2821071744 -0.4217055738
v 67.23568726 -62.15744781 749.7373047
vn 0.7681825161 -0.2380431294 -0.5943325162
v 67.10315704 -62.10047531 749.5800171
vn 0.6462206244 -0.1856065243 -0.7402358651
v 66.95014191 -62.03846741 749.4586182
vn 0.5051234961 -0.128463164 -0.8534327745
v 66.7876358 -61.97542953 749.3748169
vn 0.3442652225 -0.06618690491 -0.9365365505
v 66.60140991 -61.90586472 749.3214722
vn 0.1731808931 -0.002468940336 -0.9848869443
v 66.4029541 -61.83439255 749.3071899
vn -0.01166887209 0.063887842 -0.9978888631
v 66.20019531 -61.76406479 749.3356323
vn -0.199411422 0.1287676096 -0.9714185596
v 66.00455475 -61.69897461 749.4072266
vn -0.3810534775 0.1889611185 -0.9050369859
v 65.82601166 -61.6424675 749.5189819
vn -0.5461061001 0.2409605533 -0.8023129702
v 65.67473602 -61.59766006 749.6626587
vn -0.6865212321 0.2823655903 -0.6700434685
v 65.5569458 -61.56607819 749.8272705
vn -0.7964349389 0.3117301762 -0.5181849599
v 65.47438812 -61.54759979 750.0012817
vn -0.8782737255 0.3300184608 -0.3460102379
v 65.42010498 -61.54071045 750.199707
vn -0.9275134206 0.335932821 -0.1639144719
v 65.40244293 -61.54760361 750.4102173
vn -0.9436835647 0.3292779028 0.03220932186
v 65.42505646 -61.56904984 750.6245117
vn -0.9226243496 0.3092799783 0.2304564416
v 65.48861694 -61.60452652 750.8302612
vn -0.8637149334 0.2763220072 0.4214767814
v 65.59034729 -61.65239716 751.0170898
vn -0.7701272368 0.2322320044 0.5941147208
v 65.72286987 -61.70936584 751.1743774
vn -0.6481600404 0.1797921658 0.739975214
v 65.87588501 -61.77137375 751.2957153
vn -0.5070813298 0.1226583868 0.8531256914
v 66.03839874 -61.83441162 751.3795776
vn -0.346152693 0.06035052985 0.9362350702
v 66.224617 -61.90397644 751.4328613
vn -0.1751012057 -0.003348311642 0.984544754
v 66.42308044 -61.97544861 751.4471436
vn 0.009734746069 -0.06970401853 0.9975202084
v 66.62583923 -62.04577637 751.4187012
vn 0.1973685622 -0.1345476061 0.971052289
v 66.8214798 -62.11087036 751.3471069
vn 0.3790708184 -0.1947554499 0.9046411514
v 67.00001526 -62.16737366 751.2354126
vn 0.5441183448 -0.2467494756 0.8019039035
v 67.15129852 -62.21218109 751.0917358
vn 0.68448174 -0.2881292403 0.6696762443
v 67.26908112 -62.24376678 750.927063
vn 0.7943845391 -0.3174865544 0.5178373456
v 67.35163879 -62.26224518 750.7531128
vn 0.8401191831 -0.3261445463 0.4333930314
v 66.64006042 -64.21468353 750.6206665
vn 0.8994526267 -0.3525272906 0.258281827
v 66.69437408 -64.22055817 750.423584
vn 0.921921432 -0.351936698 0.1618684381
v 66.71244812 -64.21230316 750.2142334
vn 0.938403666 -0.3438476622 -0.03416629508
v 66.69062042 -64.18917084 750.0014038
vn 0.9177881479 -0.3220425844 -0.2322788984
v 66.62820435 -64.15177155 749.7970581
vn 0.8594425321 -0.2869804204 -0.4230848253
v 66.52791595 -64.10183716 749.6113892
vn 0.7665279508 -0.2406130582 -0.5954328775
v 66.39704132 -64.04278564 749.4552612
vn 0.6452646255 -0.1858195215 -0.7410159707
v 66.24577332 -63.97880936 749.3347168
vn 0.5048875809 -0.1264036447 -0.8538797498
v 66.08499146 -63.91399384 749.2515259
vn 0.3447229266 -0.06183860824 -0.9366654158
v 65.90062714 -63.84270096 749.1986694
vn 0.1744045615 0.003870424116 -0.9846664667
v 65.70404816 -63.76968765 749.1845093
vn -0.009866168723 0.07216689736 -0.9973437786
v 65.50308228 -63.6980896 749.2129517
vn -0.1970337629 0.1386658847 -0.9705408216
v 65.30905914 -63.63208771 749.2842407
vn -0.3782098591 0.2000947595 -0.9038359523
v 65.13186646 -63.57508087 749.3953857
vn -0.5428795815 0.2528586388 -0.8008397222
v 64.9815979 -63.53019714 749.538208
vn -0.6829442978 0.2945153415 -0.6684667468
v 64.86445618 -63.49892426 749.7019043
vn -0.7927166224 0.3237065673 -0.5165408254
v 64.78218842 -63.48108292 749.8748169
vn -0.874592185 0.3413724303 -0.3443157673
v 64.72787476 -63.4752121 750.0720215
vn -0.9240049124 0.3462925255 -0.162161544
v 64.70980835 -63.48347092 750.28125
vn -0.9404665232 0.3381918967 0.03389705718
v 64.73162842 -63.50659943 750.4940796
vn -0.9198284745 0.3163747191 0.2319970131
v 64.79405212 -63.54400253 750.6984863
vn -0.8614348173 0.2812888622 0.4228553772
v 64.89433289 -63.59393311 750.8840942
vn -0.7684778571 0.2349043489 0.5951988697
v 65.02520752 -63.6529808 751.0402832
vn -0.6472255588 0.1801153719 0.7407141924
v 65.17648315 -63.71696091 751.1607666
vn -0.5069108605 0.1207196563 0.8535034657
v 65.33726501 -63.78177643 751.2440186
vn -0.3466837704 0.05612760037 0.936301291
v 65.5216217 -63.85306931 751.296814
vn -0.1762778759 -0.00961981155 0.9842934608
v 65.71820831 -63.92608261 751.3109741
vn 0.007938120514 -0.07788300514 0.9969308972
v 65.91917419 -63.99768066 751.2825317
vn 0.1949524432 -0.1443198621 0.9701367617
v 66.11319733 -64.06368256 751.2113037
vn 0.376108855 -0.2057388425 0.9034454226
v 66.29039001 -64.12068939 751.1002197
vn 0.5407965779 -0.2585061193 0.8004459143
v 66.44065857 -64.16557312 750.9572754
vn 0.6808679104 -0.3001672328 0.6680707335
v 66.55779266 -64.19684601 750.7935791
vn 0.7906633019 -0.3293579817 0.5161151886
v 66.64006042 -64.21468353 750.6206665
vn 0.8358492851 -0.3380044103 0.4325609505
v 65.89157104 -66.21916199 750.4640503
vn 0.8965975046 -0.3602180183 0.257596463
v 65.94622803 -66.22319794 750.2682495
vn 0.9190057516 -0.3590782285 0.1627612561
v 65.96498871 -66.21283722 750.0604248
vn 0.9364798665 -0.3491595089 -0.03306279331
v 65.94419861 -66.18741608 749.8490601
vn 0.9169613123 -0.3252858818 -0.2310216725
v 65.88311768 -66.14764404 749.6460571
vn 0.8597573638 -0.2879935503 -0.4217546582
v 65.78440094 -66.09539032 749.461792
vn 0.7679403424 -0.2393714935 -0.5941119194
v 65.65523529 -66.03420258 749.3067017
vn 0.6477124691 -0.1824213266 -0.7397235632
v 65.50569153 -65.96837616 749.1871338
vn 0.5081331134 -0.1209983453 -0.8527368307
v 65.34657288 -65.90206146 749.1045532
vn 0.3487873375 -0.05460869521 -0.9356095791
v 65.16394806 -65.82949066 749.052063
vn 0.1791413277 0.0125822667 -0.9837428927
v 64.96904755 -65.7555542 749.038208
vn -0.004559690133 0.08207216859 -0.9966159463
v 64.76963043 -65.68345642 749.0664673
vn -0.1914088726 0.1494128704 -0.9700713754
v 64.57692719 -65.61743164 749.1373901
vn -0.3725781441 0.2113069892 -0.9036232233
v 64.40075684 -65.56087494 749.2478027
vn -0.5374828577 0.2640884221 -0.8008554578
v 64.25115967 -65.51688385 749.3898315
vn -0.677968204 0.3053090274 -0.6686894298
v 64.13433075 -65.48684692 749.5523682
vn -0.7882739902 0.3336697221 -0.5169996023
v 64.05205536 -65.47048187 749.7241821
vn -0.8708709478 0.3501164913 -0.344967097
v 63.99739456 -65.46643829 749.9200439
vn -0.9210934639 0.3535324335 -0.1631002724
v 63.97863388 -65.47679901 750.1278687
vn -0.9385436177 0.3436017632 0.03276813403
v 63.99943542 -65.50222778 750.3392334
vn -0.9189957976 0.319716543 0.2307120413
v 64.06051636 -65.54199219 750.5422363
vn -0.8617566824 0.2824093103 0.4214503765
v 64.15922546 -65.59424591 750.7265015
vn -0.7699008584 0.233763501 0.5938074589
v 64.28839874 -65.65543365 750.8815918
vn -0.6496691704 0.1768100411 0.7393701673
v 64.43793488 -65.72126007 751.0011597
vn -0.5100918412 0.115392074 0.8523443937
v 64.59705353 -65.78757477 751.0837402
vn -0.350793004 0.04900346324 0.9351699948
v 64.77967834 -65.86014557 751.1361694
vn -0.1810599267 -0.01820933074 0.9833034873
v 64.97457886 -65.93408203 751.1500854
vn 0.002667845227 -0.08769889176 0.9961434603
v 65.17399597 -66.00617981 751.1217651
vn 0.1894824952 -0.1550242603 0.9695689082
v 65.36669922 -66.07220459 751.0508423
vn 0.3704932928 -0.2168614119 0.9031643867
v 65.54286957 -66.12876129 750.9404297
vn 0.5353518724 -0.2696200013 0.8004395366
v 65.69246674 -66.17275238 750.7984619
vn 0.6758307219 -0.310845077 0.6683024764
v 65.80929565 -66.20278931 750.6358643
vn 0.7861744761 -0.3392126262 0.5165892839
v 65.89157104 -66.21916199 750.4640503
vn 0.8322242498 -0.3477677107 0.4318106174
v 65.17958832 -68.10069275 750.2904663
vn 0.8945013285 -0.3658007383 0.2570160329
v 65.23491669 -68.10211182 750.0959473
vn 0.9175792933 -0.3635545969 0.160861209
v 65.25463867 -68.08895874 749.8895874
vn 0.9358733892 -0.3506191671 -0.0347443074
v 65.23509216 -68.06067657 749.6796265
vn 0.917206049 -0.3236267865 -0.2323762774
v 65.17546844 -68.01815033 749.4780273
vn 0.8608440757 -0.2832413614 -0.4227549732
v 65.07836151 -67.96337128 749.2950439
vn 0.769800365 -0.2317291498 -0.5947344303
v 64.95084381 -67.9000473 749.1411133
vn 0.6503525376 -0.1722975522 -0.739834547
v 64.80290985 -67.83255005 749.0222778
vn 0.5113959312 -0.1088287681 -0.8524262309
v 64.64525604 -67.76506042 748.9404297
vn 0.3525593281 -0.04073414952 -0.9349024892
v 64.4641037 -67.69171143 748.8883667
vn 0.1832153797 0.02756602317 -0.9826862216
v 64.27054596 -67.61751556 748.8745728
vn -0.0003602373181 0.09768160433 -0.9952176809
v 64.07228088 -67.54572296 748.9026489
vn -0.1872098893 0.1650171578 -0.9683603644
v 63.88045502 -67.48056793 748.9731445
vn -0.368460834 0.2262419164 -0.9016935229
v 63.70485687 -67.42543793 749.0828857
vn -0.5336309671 0.2777657807 -0.7988017201
v 63.55548477 -67.38329315 749.223938
vn -0.6746084094 0.3172604442 -0.6665202975
v 63.43857574 -67.35540771 749.385498
vn -0.7853863239 0.3434837162 -0.5149633288
v 63.35593033 -67.34131622 749.5559692
vn -0.8686689734 0.3574205637 -0.3430229127
v 63.30060196 -67.33989716 749.7506104
vn -0.9196480513 0.3581124842 -0.1612540781
v 63.28088379 -67.35305023 749.9569702
vn -0.9379162788 0.3451523483 0.03439379856
v 63.30043411 -67.3813324 750.1669312
vn -0.9192122221 0.3181351125 0.2320320904
v 63.36005783 -67.42385864 750.3685303
vn -0.862813592 0.2777268887 0.4223985076
v 63.45716095 -67.4786377 750.5515137
vn -0.7717419863 0.2261972874 0.5943476558
v 63.58467484 -67.54196167 750.7054443
vn -0.6522496939 0.166731596 0.7394396067
v 63.73261261 -67.60945892 750.8242188
vn -0.5133579969 0.1032991707 0.8519347906
v 63.89026642 -67.67694855 750.9061279
vn -0.3544449508 0.03517445922 0.934415102
v 64.07141876 -67.75029755 750.9581909
vn -0.1851991862 -0.03308716416 0.9821438193
v 64.26498413 -67.82449341 750.9719849
vn -0.001605089987 -0.1031963229 0.9946597219
v 64.46324158 -67.89628601 750.9437866
vn 0.1852547079 -0.1705208719 0.9677826762
v 64.65506744 -67.96143341 750.873291
vn 0.3664617538 -0.2317177951 0.901117444
v 64.83066559 -68.01657104 750.7636719
vn 0.5315614343 -0.2832093537 0.7982699871
v 64.98003387 -68.05870819 750.6226196
vn 0.6724847555 -0.3226750195 0.6660668254
v 65.09694672 -68.08660126 750.4610596
vn 0.7832946777 -0.3489150703 0.5144975185
v 65.17958832 -68.10069275 750.2904663
vn 0.8289148808 -0.3564348221 0.4311082959
v 64.4463501 -70.03710175 750.0731812
vn 0.8931134343 -0.3694962561 0.2565559447
v 64.50284576 -70.03456879 749.880188
vn 0.9167744517 -0.3654691279 0.1611114144
v 64.5240097 -70.01734924 749.675415
vn 0.9366242886 -0.3486773968 -0.03404410556
v 64.50613403 -69.98506927 749.4671631
vn 0.9195098281 -0.3178452253 -0.2312489152
v 64.44832611 -69.93884277 749.2671509
vn 0.864620924 -0.2738078237 -0.4212599695
v 64.35309601 -69.88085938 749.0855713
vn 0.7749099731 -0.2190718651 -0.5928929448
v 64.2273941 -69.81499481 748.9328613
vn 0.6565032005 -0.1569351107 -0.7378176451
v 64.08111572 -69.74571228 748.8149414
vn 0.5184391141 -0.09149315953 -0.8502057791
v 63.92490005 -69.67719269 748.7337036
vn 0.3600711226 -0.02186471969 -0.9326686263
v 63.74507523 -69.60346222 748.6819458
vn 0.1910767257 0.04710356891 -0.9804442525
v 63.55262756 -69.52967072 748.668335
vn 0.007453946862 0.1172439605 -0.993075192
v 63.35518646 -69.45911407 748.696228
vn -0.1795996875 0.183770448 -0.9664224386
v 63.16383362 -69.39600372 748.7660522
vn -0.3614840806 0.2434642911 -0.9000301957
v 62.98832321 -69.34360504 748.8748779
vn -0.5275326967 0.2927443981 -0.7975023389
v 62.83868027 -69.30471802 749.0147705
vn -0.6696276069 0.3294704556 -0.6656185985
v 62.7211647 -69.28036499 749.1750488
vn -0.7817416191 0.3526161611 -0.5143363476
v 62.63768005 -69.26986694 749.3442383
vn -0.8663586974 0.3630565107 -0.3429469764
v 62.58118439 -69.27240753 749.5372314
vn -0.918802917 0.3601198494 -0.1616011411
v 62.56001663 -69.28962708 749.7419434
vn -0.9386235476 0.343303144 0.03359695897
v 62.57789993 -69.32190704 749.9502563
vn -0.9214733243 0.3124432862 0.2307944447
v 62.63569641 -69.36813354 750.1502686
vn -0.866558969 0.2683859169 0.4207666218
v 62.73093033 -69.42610931 750.3317261
vn -0.7767926455 0.2136166543 0.5924197435
v 62.85663605 -69.49197388 750.4845581
vn -0.6583399773 0.1514617354 0.7373247743
v 63.00291061 -69.56125641 750.602356
vn -0.5203309059 0.0860407725 0.8496191502
v 63.15912628 -69.62978363 750.6837158
vn -0.3619707823 0.0164294634 0.9320446253
v 63.33895493 -69.70350647 750.7353516
vn -0.192993477 -0.05253462866 0.9797926545
v 63.5314064 -69.77729797 750.7490845
vn -0.009543150663 -0.1226064265 0.9924094677
v 63.72884369 -69.84785461 750.7211914
vn 0.1776551902 -0.1891649961 0.9657407999
v 63.92020035 -69.9109726 750.6512451
vn 0.3595362008 -0.2488362938 0.8993409872
v 64.09570312 -69.96336365 750.5424194
vn 0.5255396962 -0.298098594 0.7968345284
v 64.24534607 -70.00225067 750.4025879
vn 0.6675255299 -0.3347887397 0.6650760174
v 64.36286163 -70.0266037 750.2423706
vn 0.7796430588 -0.3579309583 0.5138503313
v 64.4463501 -70.03710175 750.0731812
vn 0.8260912299 -0.3639293015 0.4302658737
v 63.72065735 -71.97029877 749.8056641
vn 0.8919516802 -0.3726601005 0.256020844
v 63.77872849 -71.96268463 749.6144409
vn 0.916518569 -0.36617589 0.1609627008
v 63.80171967 -71.94032288 749.4116211
vn 0.9381726384 -0.3445397019 -0.03353383765
v 63.78586578 -71.90306091 749.2052002
vn 0.9228286147 -0.3089404702 -0.230093658
v 63.73017883 -71.85230255 749.007019
vn 0.8696112633 -0.2604575157 -0.419449836
v 63.63703156 -71.79048157 748.8270874
vn 0.7813259363 -0.2018239647 -0.5905902982
v 63.51328278 -71.72166443 748.6755371
vn 0.6640815139 -0.1365697086 -0.7350812554
v 63.36870575 -71.65042114 748.5587158
vn 0.5268304944 -0.06885802746 -0.8471766114
v 63.21389008 -71.58088684 748.4780884
vn 0.3690493107 0.002262671944 -0.9294070601
v 63.03528214 -71.50701904 748.4268188
vn 0.2002157122 0.07182494551 -0.9771155715
v 62.84374619 -71.43409729 748.413147
vn 0.01652200334 0.1416176558 -0.9897835255
v 62.6468544 -71.36546326 748.4406738
vn -0.1709795892 0.2068249583 -0.963322103
v 62.45563507 -71.30525208 748.5097046
vn -0.3537590206 0.2642690837 -0.8972270489
v 62.2798233 -71.25661469 748.6174927
vn -0.5209762454 0.3104614317 -0.7951084375
v 62.12948608 -71.22209167 748.7560425
vn -0.6643880606 0.3434464633 -0.6638019681
v 62.01094437 -71.20239258 748.9146729
vn -0.7780213356 0.3625135422 -0.5130952597
v 61.92621231 -71.19655609 749.0823975
vn -0.8643352389 0.3684870303 -0.3422600329
v 61.86814499 -71.20417023 749.2735596
vn -0.9184828997 0.3609295189 -0.1616137624
v 61.84514618 -71.22653198 749.4763794
vn -0.9401109219 0.3392761648 0.03291059658
v 61.86099625 -71.26379395 749.6828003
vn -0.9247361422 0.3036637902 0.2294588536
v 61.91669083 -71.31455231 749.8810425
vn -0.8714803457 0.2551602125 0.4188260138
v 62.00983047 -71.37638092 750.0610352
vn -0.7832021713 0.1965411305 0.5898864269
v 62.13358688 -71.44519043 750.2124634
vn -0.6658854485 0.1312551498 0.7344172001
v 62.27816391 -71.51644135 750.3292847
vn -0.5286685228 0.06355722994 0.8464455605
v 62.43297958 -71.58597565 750.4099731
vn -0.370977968 -0.007515780628 0.9286112785
v 62.61158752 -71.65984344 750.4612427
vn -0.2020292133 -0.07711916417 0.9763385057
v 62.80312347 -71.73275757 750.4748535
vn -0.01860095933 -0.1468222439 0.9889879823
v 63.00001526 -71.80139923 750.4474487
vn 0.1690053493 -0.2120581418 0.9625323415
v 63.1912384 -71.86160278 750.3782959
vn 0.3518002033 -0.2694937885 0.8964428306
v 63.36704636 -71.91024017 750.2705688
vn 0.5190172791 -0.3156895339 0.7943306565
v 63.51739502 -71.94477081 750.131958
vn 0.6623458862 -0.348662436 0.66312325
v 63.63592911 -71.96446228 749.9733276
vn 0.7759940028 -0.3677328229 0.5124508739
v 63.72065735 -71.97029877 749.8056641
vn 0.823289752 -0.3714971542 0.4291664958
v 63.00593185 -73.89859772 749.4797363
vn 0.8906344175 -0.3762484193 0.2553575933
v 63.0656662 -73.88562012 749.2905273
vn 0.9160932302 -0.3670623302 0.1613644212
v 63.09059143 -73.85778809 749.0897217
vn 0.9397940636 -0.3402179778 -0.03223134577
v 63.07686996 -73.81519318 748.885437
vn 0.9264749289 -0.2994911671 -0.2279237807
v 63.02338028 -73.75955963 748.6891479
vn 0.8751528859 -0.2462039739 -0.4165225923
v 62.93242645 -73.69355011 748.5109863
vn 0.7885318995 -0.1833774298 -0.587018013
v 62.81069183 -73.62148285 748.3609619
vn 0.6725568771 -0.1146879047 -0.7311046124
v 62.66788101 -73.54801178 748.2453003
vn 0.5362424254 -0.0445016101 -0.8428900838
v 62.51451111 -73.47727203 748.1653442
vn 0.3792432547 0.02814972587 -0.9248687029
v 62.33715439 -73.40310669 748.1144409
vn 0.210654512 0.09837631136 -0.9725979567
v 62.14656067 -73.33095551 748.100769
vn 0.02693428472 0.1678115427 -0.9854511023
v 61.95021057 -73.2641983 748.1278687
vn -0.1612056196 0.2316865176 -0.9593404531
v 61.75908661 -73.2069397 748.196167
vn -0.3449058831 0.2867171168 -0.8937746882
v 61.58293152 -73.16217041 748.3027344
vn -0.5134255886 0.3296167254 -0.7923048735
v 61.43183517 -73.132164 748.4397583
vn -0.6583554745 0.3586120605 -0.6617895961
v 61.31221008 -73.11734009 748.5968018
vn -0.7736987472 0.3732846379 -0.5119071007
v 61.22615814 -73.1164093 748.7625732
vn -0.8619146347 0.3744464815 -0.3418961465
v 61.1664238 -73.1293869 748.9519043
vn -0.9180002213 0.3619244099 -0.1621305794
v 61.14149857 -73.15721893 749.15271
vn -0.941670537 0.3350617588 0.03146778047
v 61.15523148 -73.19981384 749.3569946
vn -0.9283213019 0.2943220437 0.2271433473
v 61.20871353 -73.25545502 749.5532837
vn -0.8769615293 0.2410182208 0.4157507718
v 61.29967499 -73.32146454 749.7314453
vn -0.7903376222 0.1781970561 0.5861845016
v 61.42139816 -73.39352417 749.8814697
vn -0.6744118929 0.1095401123 0.7301846147
v 61.5642128 -73.46699524 749.9971313
vn -0.5380629301 0.03933701664 0.8419862986
v 61.71757889 -73.53774261 750.0770874
vn -0.3810873926 -0.033311259 0.9239387512
v 61.89492798 -73.61190033 750.1280518
vn -0.2124196291 -0.103548266 0.9716767073
v 62.08553314 -73.68405151 750.1416016
vn -0.02868561633 -0.1729751974 0.9845083356
v 62.28188324 -73.75080872 750.114563
vn 0.1591940969 -0.2367636412 0.9584363103
v 62.47300339 -73.80807495 750.0462646
vn 0.342918843 -0.2918028533 0.8928928971
v 62.64915466 -73.85284424 749.9396973
vn 0.5114686489 -0.334708333 0.7914354801
v 62.80025864 -73.88284302 749.8026733
vn 0.6564177275 -0.3637138009 0.6609296799
v 62.91988373 -73.89766693 749.6456909
vn 0.7717517614 -0.3783995807 0.5110900402
v 63.00593185 -73.89859772 749.4797363
vn 0.8203164935 -0.3796722889 0.4277029634
v 62.32834244 -75.74705505 749.1082764
vn 0.8889225125 -0.3809834123 0.2542997897
v 62.38966751 -75.72891235 748.9210815
vn 0.9158483148 -0.3686442077 0.1591330469
v 62.41643906 -75.69578552 748.7224121
vn 0.9412336946 -0.3360972703 -0.0334322378
v 62.40476227 -75.64797974 748.5202637
vn 0.9295541644 -0.2897331715 -0.2279995382
v 62.35341644 -75.58752441 748.3261108
vn 0.8797582984 -0.2311381996 -0.4154520929
v 62.26458359 -75.51734924 748.1497192
vn 0.7945004702 -0.1636767685 -0.5847896338
v 62.14483261 -75.44197845 748.0012817
vn 0.6796376705 -0.09121063352 -0.7278552651
v 62.00375366 -75.36618805 747.8867188
vn 0.544154346 -0.01824340224 -0.8387867808
v 61.8518219 -75.29410553 747.8075562
vn 0.3876132965 0.05628981441 -0.9201018214
v 61.67572021 -75.21945953 747.7570801
vn 0.2192715257 0.1273090988 -0.9673222899
v 61.48607254 -75.14784241 747.7434692
vn 0.03534822538 0.1965344697 -0.9798595309
v 61.29029846 -75.08271027 747.7701416
vn -0.1532537192 0.2590185106 -0.9536365867
v 61.0993309 -75.02809906 747.8376465
vn -0.337757796 0.31154266 -0.8881784081
v 60.92289734 -74.98690033 747.9429321
vn -0.5072992444 0.350929141 -0.7870808244
v 60.77111053 -74.96114349 748.0784302
vn -0.6534516215 0.3756460845 -0.6571841836
v 60.65046692 -74.95092773 748.2337036
vn -0.7702106833 0.3855947256 -0.5080277324
v 60.56316376 -74.9546814 748.3977661
vn -0.8599695563 0.3815509379 -0.3389266431
v 60.5018425 -74.9728241 748.5849609
vn -0.9176967144 0.3636245131 -0.1600312442
v 60.47507095 -75.00595093 748.7836304
vn -0.9430477023 0.3310633302 0.03252848238
v 60.48674774 -75.05375671 748.9857178
vn -0.931334734 0.2846823633 0.2270938307
v 60.5381012 -75.11421204 749.1799927
vn -0.8815214634 0.2260892838 0.4144918919
v 60.62693405 -75.18439484 749.3563232
vn -0.7962007523 0.1586008519 0.5838751197
v 60.74668503 -75.259758 749.5046997
vn -0.6814105511 0.08619014919 0.7268086672
v 60.88775635 -75.3355484 749.6193848
vn -0.5459868908 0.01326274592 0.8376887441
v 61.03968811 -75.40763855 749.6985474
vn -0.3893949091 -0.06129080802 0.9190294147
v 61.21578598 -75.48228455 749.7490234
vn -0.221079275 -0.1323124468 0.9662387967
v 61.40543365 -75.55389404 749.7626343
vn -0.03704969585 -0.2015587687 0.9787754416
v 61.60120773 -75.61903381 749.7359009
vn 0.1513813585 -0.2639860511 0.9525728822
v 61.79217529 -75.67363739 749.668396
vn 0.3357823491 -0.3164930046 0.8871766329
v 61.96861267 -75.71483612 749.5631714
vn 0.5053597093 -0.3558937907 0.7860987186
v 62.1204071 -75.74059296 749.4276733
vn 0.651616931 -0.3806257844 0.6561397314
v 62.24105072 -75.75080872 749.2723389
vn 0.7683408856 -0.39057675 0.507052362
v 62.32834244 -75.74705505 749.1082764
vn 0.8168886304 -0.3891048729 0.4257820845
v 61.60670471 -77.73060608 748.6445312
vn 0.8869622946 -0.3864559829 0.2528827786
v 61.66962814 -77.70716095 748.4596558
vn 0.914434731 -0.3716946542 0.1601632535
v 61.69829941 -77.66855621 748.2633667
vn 0.942004323 -0.3341535628 -0.03113339469
v 61.68873596 -77.61533356 748.0637207
vn 0.9325347543 -0.2827745676 -0.2245384008
v 61.63962555 -77.54981995 747.8718872
vn 0.8848562837 -0.2193900496 -0.4109712839
v 61.55303192 -77.47520447 747.6976318
vn 0.8014719486 -0.1476268321 -0.5795248747
v 61.43539047 -77.39627838 747.5509033
vn 0.6881943345 -0.07159300894 -0.7219854593
v 61.29618073 -77.31793213 747.4376831
vn 0.5538255572 0.004139379598 -0.8326224685
v 61.14581299 -77.24427795 747.359375
vn 0.3981025517 0.08060200512 -0.9137930274
v 60.97110748 -77.16893768 747.3095093
vn 0.2302563488 0.1526520848 -0.9610823989
v 60.78252792 -77.09767914 747.2959595
vn 0.04647984356 0.2219646871 -0.9739462733
v 60.58745575 -77.03401184 747.3222656
vn -0.1424321085 0.2835445702 -0.948322475
v 60.39674759 -76.98196411 747.3887939
vn -0.3277550936 0.3341798484 -0.883685708
v 60.22010803 -76.94429016 747.4927979
vn -0.4984942675 0.3707624376 -0.7836061716
v 60.06769562 -76.92277527 747.6265869
vn -0.6462507248 0.3919674456 -0.6547682881
v 59.94607162 -76.91722107 747.7799072
vn -0.7647812963 0.397921741 -0.5067226887
v 59.8575325 -76.9257431 747.9419556
vn -0.8564897776 0.3894067109 -0.3388032913
v 59.79460144 -76.9491806 748.12677
vn -0.9162205458 0.3668028414 -0.161231339
v 59.76593781 -76.98778534 748.3230591
vn -0.9437639713 0.329248786 0.03007915244
v 59.77549362 -77.04101562 748.5227661
vn -0.9342663884 0.2778677642 0.2234632522
v 59.82460403 -77.10652924 748.7145996
vn -0.8865672946 0.2144866735 0.4098705351
v 59.91120148 -77.18113708 748.888855
vn -0.803181529 0.1427318752 0.5783830881
v 60.02883911 -77.26006317 749.0355835
vn -0.6898847818 0.06670279056 0.72083956
v 60.16804886 -77.33841705 749.1487427
vn -0.5556251407 -0.008956998587 0.8313846588
v 60.31841278 -77.4120636 749.2271118
vn -0.3998470604 -0.08543220907 0.9125917554
v 60.49312973 -77.48740387 749.2769165
vn -0.2320256978 -0.1574732214 0.9598782659
v 60.68170166 -77.55866241 749.2905273
vn -0.04828198254 -0.2267816216 0.9727481604
v 60.87677765 -77.62232971 749.2642212
vn 0.1406817138 -0.288380444 0.9471247792
v 61.06747818 -77.67438507 749.1976318
vn 0.3258647919 -0.3389925063 0.8825509548
v 61.24412155 -77.71205902 749.093689
vn 0.4966332614 -0.3755949736 0.7824856639
v 61.39653015 -77.73357391 748.9598999
vn 0.6443998814 -0.3968153894 0.6536714435
v 61.51816559 -77.73912811 748.8065186
vn 0.7629694939 -0.4027837813 0.5056113005
v 61.60670471 -77.73060608 748.6445312
vn 0.813341856 -0.3989650607 0.4234404862
v 60.91786575 -79.62974548 748.1400146
vn 0.8846791387 -0.3927818537 0.2511278689
v 60.98206711 -79.60194397 747.9573364
vn 0.9131341577 -0.3756187856 0.1584187746
v 61.01230621 -79.55878448 747.7633667
vn 0.9422784448 -0.3333301842 -0.0316602774
v 61.00453186 -79.50099182 747.565979
vn 0.9343986511 -0.2771484554 -0.2238032818
v 60.95737076 -79.43115997 747.3764038
vn 0.8882522583 -0.2091281265 -0.4089906812
v 60.87276077 -79.35270691 747.2042236
vn 0.8062265515 -0.1331438869 -0.5764299035
v 60.75702667 -79.27062988 747.0592651
vn 0.6941682696 -0.05360323191 -0.7178140879
v 60.61955643 -79.18993378 746.9473267
vn 0.5607360005 0.02487757616 -0.8276208043
v 60.47067261 -79.11475372 746.8699341
vn 0.4057033062 0.1032858342 -0.9081502557
v 60.29733276 -79.03858948 746.8206787
vn 0.2381456643 0.176578626 -0.9550427198
v 60.10988617 -78.96736145 746.807312
vn 0.05452816933 0.2461915165 -0.9676861167
v 59.91562271 -78.90465546 746.833313
vn -0.1346376389 0.3071580231 -0.942086339
v 59.72535706 -78.85448456 746.8990479
vn -0.3203968406 0.3561650515 -0.8777769208
v 59.54875183 -78.81951141 747.0018311
vn -0.4920085371 0.3902816474 -0.778208077
v 59.39598846 -78.80134583 747.1340332
vn -0.6408318877 0.4082840085 -0.6501066685
v 59.27366638 -78.79953766 747.2855835
vn -0.7605559826 0.4105575979 -0.5029881001
v 59.18418884 -78.81194305 747.4456787
vn -0.8536638021 0.3978759646 -0.3360845149
v 59.11998367 -78.83974457 747.628479
vn -0.9148663878 0.370867461 -0.1596146077
v 59.0897522 -78.88290405 747.8223267
vn -0.9439888 0.3285680115 0.03046613745
v 59.09751892 -78.94070435 748.0197144
vn -0.9360892773 0.2723875344 0.2225801647
v 59.14468384 -79.01052856 748.2092896
vn -0.8899289966 0.2043801397 0.4077439308
v 59.22929764 -79.08898163 748.3815308
vn -0.8079027534 0.1284127533 0.5751550198
v 59.34502411 -79.17106628 748.5264893
vn -0.6958631277 0.04888013378 0.7165090442
v 59.48249817 -79.25176239 748.6384277
vn -0.562512815 -0.02953989431 0.8262606859
v 59.63138199 -79.32693481 748.7158203
vn -0.4075153768 -0.1079297364 0.9067978859
v 59.80471802 -79.40310669 748.7651367
vn -0.2398920804 -0.1812402606 0.9537314773
v 59.99216461 -79.47432709 748.7785034
vn -0.05630234256 -0.2508541048 0.966386199
v 60.18642807 -79.53703308 748.7524414
vn 0.1329247504 -0.311840713 0.9407902956
v 60.37669373 -79.58721161 748.6866455
vn 0.3186648786 -0.3608493805 0.8764932752
v 60.55329132 -79.62217712 748.5839233
vn 0.4902073145 -0.39495942 0.7769837976
v 60.70606995 -79.64034271 748.4517212
vn 0.6390387416 -0.412987113 0.6488999128
v 60.8283844 -79.64215088 748.3001709
vn 0.7587856054 -0.4152829051 0.5017813444
v 60.91786575 -79.62974548 748.1400146
vn 0.8095854521 -0.4094333947 0.4206373096
v 60.23112869 -81.51657104 747.588501
vn 0.8822338581 -0.3995362222 0.249066636
v 60.29620361 -81.48557281 747.4077148
vn 0.9112936854 -0.3807152212 0.1568429619
v 60.32758331 -81.43900299 747.2157593
vn 0.94169873 -0.33491081 -0.03222271428
v 60.32122421 -81.37773132 747.0206299
vn 0.9351269603 -0.2750812769 -0.2233111411
v 60.27565002 -81.30455017 746.8330688
vn 0.8902818561 -0.2034637183 -0.4074318409
v 60.19273376 -81.22303772 746.6627197
vn 0.8094547391 -0.1241038293 -0.5739175081
v 60.07869339 -81.1383667 746.5194702
vn 0.6984416842 -0.04159924388 -0.7144569159
v 59.94282532 -81.05566406 746.4087524
vn 0.5659556389 0.0392274037 -0.8235019445
v 59.79536438 -80.9790802 746.3323975
vn 0.4115281403 0.1194852293 -0.9035307765
v 59.62341309 -80.9019928 746.2836914
vn 0.2444842607 0.1940644681 -0.950034976
v 59.43717957 -80.83047485 746.2705688
vn 0.06099269539 0.264402926 -0.9624816775
v 59.24390793 -80.76817322 746.2964478
vn -0.1280994862 0.3253109455 -0.9368902445
v 59.05433273 -80.71910095 746.3616333
vn -0.3141236007 0.3735470772 -0.8728052378
v 58.87808609 -80.6858902 746.4633789
vn -0.4862700403 0.4061954916 -0.7736579776
v 58.72532272 -80.6700058 746.5942993
vn -0.6358665824 0.4221371412 -0.6461222172
v 58.60269547 -80.67082977 746.7443237
vn -0.7564673424 0.4219093025 -0.4997496307
v 58.51264954 -80.68602753 746.902771
vn -0.8506140709 0.4062949419 -0.3337366283
v 58.4475708 -80.71702576 747.0835571
vn -0.9129824638 0.3761049509 -0.1581394225
v 58.41618729 -80.76359558 747.2754517
vn -0.9433716536 0.3302940428 0.03091490828
v 58.4225502 -80.82486725 747.4706421
vn -0.9367883205 0.27046597 0.221981436
v 58.4681282 -80.8980484 747.6582031
vn -0.8919404745 0.1988583654 0.4060757756
v 58.55104446 -80.97956085 747.8284912
vn -0.8111220002 0.1195147708 0.5725358725
v 58.66507721 -81.06422424 747.9717407
vn -0.7001224756 0.03702820092 0.7130619884
v 58.80095291 -81.14693451 748.0824585
vn -0.5676503181 -0.04378310218 0.8221046925
v 58.94841003 -81.22351837 748.1588135
vn -0.4132865071 -0.1240092665 0.9021174908
v 59.12036133 -81.30060577 748.2075806
vn -0.2462177575 -0.1985934377 0.9486503601
v 59.30659485 -81.37211609 748.2206421
vn -0.06274593621 -0.2689290047 0.9611139894
v 59.49986649 -81.43442535 748.1948242
vn 0.1263284236 -0.3298480213 0.9355433583
v 59.68944168 -81.48349762 748.1295776
vn 0.3123892248 -0.3780959547 0.871467948
v 59.86568832 -81.51670837 748.027832
vn 0.484510392 -0.4107456505 0.7723585367
v 60.01845169 -81.53259277 747.8969727
vn 0.6341230869 -0.4267062247 0.6448330879
v 60.14107895 -81.5317688 747.7468872
vn 0.7547456622 -0.4264982045 0.4984558821
v 60.23112869 -81.51657104 747.588501
vn 0.8060064912 -0.4192594588 0.4178217947
v 59.54049683 -83.39244843 747.0042725
vn 0.8800938725 -0.4053660333 0.2472106665
v 59.6059494 -83.35967255 746.8249512
vn 0.9094130993 -0.3858450949 0.1552138329
v 59.6379776 -83.31113434 746.6347656
vn 0.9406406879 -0.3377803862 -0.03315804899
v 59.6325264 -83.24777222 746.4413452
vn 0.9349473119 -0.275528729 -0.2235115618
v 59.58808136 -83.17250061 746.2554932
vn 0.8910014033 -0.2014493197 -0.4068595767
v 59.50647354 -83.08900452 746.086853
vn 0.8110454679 -0.119715184 -0.5726023912
v 59.39382553 -83.00256348 745.9449463
vn 0.7008180618 -0.03504348919 -0.7124788165
v 59.25933838 -82.91838837 745.8354492
vn 0.5690177083 0.04761846364 -0.8209453821
v 59.11320114 -82.84066772 745.7598877
vn 0.41511482 0.129377991 -0.9005226493
v 58.94259644 -82.76268768 745.711792
vn 0.2485652715 0.2051086873 -0.9466497302
v 58.75765991 -82.69062805 745.6990967
vn 0.06530164927 0.2762894332 -0.9588534236
v 58.56554794 -82.62818146 745.7249756
vn -0.1236718073 0.3375630379 -0.9331433177
v 58.37693787 -82.57938385 745.789856
vn -0.3097525537 0.3856562972 -0.8690929413
v 58.20140457 -82.54686737 745.8908691
vn -0.4821042418 0.4176692963 -0.7701479197
v 58.04907227 -82.53205109 746.020752
vn -0.6320744753 0.4325438142 -0.642952323
v 57.92658997 -82.53419495 746.1696167
vn -0.7532036304 0.4309110045 -0.4969909787
v 57.83643723 -82.55088043 746.3267822
vn -0.8479884863 0.4135236442 -0.3315324187
v 57.77098465 -82.58366394 746.5060425
vn -0.9110780954 0.3813617826 -0.1565244794
v 57.73895645 -82.63220215 746.696228
vn -0.9422855377 0.3332942128 0.03182651848
v 57.74440765 -82.69556427 746.8897095
vn -0.9365766644 0.2710359693 0.2221793979
v 57.78885269 -82.77082825 747.0755615
vn -0.8926258087 0.1969581544 0.4054955542
v 57.87046432 -82.85433197 747.2442017
vn -0.8126867414 0.1152475104 0.571190238
v 57.98310852 -82.94077301 747.3861084
vn -0.7024310231 0.03056431189 0.7110952735
v 58.11759186 -83.02494812 747.4956055
vn -0.5707018971 -0.05205816776 0.8195055127
v 58.26373291 -83.10266113 747.571167
vn -0.4167789519 -0.1338167489 0.8991042376
v 58.43433762 -83.18064117 747.6192017
vn -0.2502506673 -0.2095435262 0.945233345
v 58.61927414 -83.25270081 747.631958
vn -0.06695588678 -0.2807241976 0.9574501514
v 58.81138611 -83.31515503 747.6060791
vn 0.1219505221 -0.3419857621 0.9317584634
v 58.99999237 -83.36394501 747.5411377
vn 0.3079945743 -0.3900795281 0.8677426577
v 59.17552948 -83.39646149 747.4401855
vn 0.4803729951 -0.4221097827 0.76880759
v 59.3278656 -83.4112854 747.3102417
vn 0.6303603053 -0.4369995892 0.6416208148
v 59.45034027 -83.40913391 747.161438
vn 0.7515114546 -0.4353715777 0.4956633449
v 59.54049683 -83.39244843 747.0042725
vn 0.8029457331 -0.427641362 0.415212065
v 58.84515381 -85.25999451 746.4008789
vn 0.8790121675 -0.4082923532 0.2462417334
v 58.91065598 -85.22634888 746.2227783
vn 0.9083129168 -0.3888196945 0.1542300582
v 58.94296265 -85.17685699 746.0339966
vn 0.9400029182 -0.3394940794 -0.03373810649
v 58.93802643 -85.11250305 745.8419189
vn 0.9348075986 -0.27589342 -0.2236460894
v 58.89430618 -85.03625488 745.6574707
vn 0.8913641572 -0.200411588 -0.4065773189
v 58.81360626 -84.95183563 745.4901123
vn 0.8119231462 -0.1173548847 -0.571846664
v 58.70198822 -84.86458588 745.3493042
vn 0.7021299601 -0.03143286705 -0.7113547325
v 58.56858444 -84.77975464 745.2407227
vn 0.5707009435 0.05229292065 -0.8194912076
v 58.42350769 -84.70155334 745.1658325
vn 0.4171458483 0.1348983794 -0.8987723589
v 58.25404358 -84.62320709 745.1182861
vn 0.250810802 0.2113348395 -0.944685936
v 58.07024765 -84.5509491 745.1057739
vn 0.06783524901 0.2829377651 -0.9567364454
v 57.87922668 -84.48848724 745.1315918
vn -0.121127978 0.3444700837 -0.930950284
v 57.69158173 -84.43989563 745.196167
vn -0.3072860539 0.392531544 -0.8668876886
v 57.51685333 -84.40776825 745.2966309
vn -0.4797568619 0.4242165983 -0.7680323124
v 57.3651123 -84.39350128 745.4257812
vn -0.6299099326 0.4385117292 -0.641031146
v 57.2429924 -84.39632416 745.5736084
vn -0.7513016462 0.4361025989 -0.4953386486
v 57.15299225 -84.41374969 745.7296753
vn -0.8464632034 0.4177023768 -0.33018893
v 57.08748627 -84.44739532 745.9076538
vn -0.9099438787 0.3844558299 -0.1555502713
v 57.0551796 -84.49687958 746.0966187
vn -0.941616118 0.3351247311 0.03241090104
v 57.06011581 -84.56123352 746.2886963
vn -0.9363998771 0.2715075612 0.2223485261
v 57.10383606 -84.63748932 746.4730835
vn -0.8929412961 0.1960286647 0.4052512944
v 57.18453979 -84.72190857 746.6404419
vn -0.8135233521 0.1129985973 0.5704481602
v 57.29615402 -84.8091507 746.781311
vn -0.7037220597 0.02708077058 0.7099590898
v 57.4295578 -84.89398193 746.8898315
vn -0.5723420382 -0.0566194579 0.8180579543
v 57.57463455 -84.97219086 746.9647827
vn -0.4188077748 -0.1392139047 0.8973402381
v 57.74409866 -85.05053711 747.0122681
vn -0.2524957955 -0.2156417072 0.9432626963
v 57.92789459 -85.1227951 747.0248413
vn -0.06935215741 -0.2873035967 0.9553255439
v 58.11891556 -85.18524933 746.9989624
vn 0.1195383519 -0.3488044441 0.9295407534
v 58.30656052 -85.23384857 746.9343872
vn 0.3055244088 -0.39682886 0.8655528426
v 58.48128891 -85.26596832 746.8339844
vn 0.4779732525 -0.4285298288 0.766748786
v 58.63302994 -85.28024292 746.7047729
vn 0.6282467842 -0.4428471029 0.6396815181
v 58.75514984 -85.27742004 746.5570068
vn 0.7496166229 -0.4404539764 0.4940397143
v 58.84515381 -85.25999451 746.4008789
vn 0.8010327816 -0.4328716993 0.4134834707
v 58.14947891 -87.12429047 745.7875366
vn 0.8794718981 -0.4070409834 0.2466713786
v 58.21488571 -87.0901947 745.6105957
vn 0.9086079001 -0.3880402744 0.1544553638
v 58.24725342 -87.0403595 745.4228516
vn 0.9405025244 -0.3381476104 -0.03333515674
v 58.24254227 -86.97577667 745.2319336
vn 0.9354929328 -0.2740298212 -0.2230708897
v 58.19921875 -86.89942169 745.0484619
vn 0.8922129273 -0.1980943084 -0.4058506787
v 58.11905289 -86.81505585 744.8820801
vn 0.8128941655 -0.1146697477 -0.5710113049
v 58.00808334 -86.7279892 744.7420654
vn 0.7032356858 -0.02852877229 -0.7103841901
v 57.87538528 -86.64345551 744.6340942
vn 0.5717914104 0.05539803579 -0.8185265064
v 57.73102951 -86.56563568 744.5595093
vn 0.4182775915 0.1379945874 -0.8977757692
v 57.5623703 -86.48778534 744.512207
vn 0.2518854141 0.2143562287 -0.943718791
v 57.37939835 -86.41611481 744.4996948
vn 0.06885784119 0.2857496142 -0.9558272362
v 57.18919373 -86.35431671 744.5252075
vn -0.1201811507 0.3469597101 -0.9301480651
v 57.00231171 -86.306427 744.5892944
vn -0.3065392375 0.3946200013 -0.8662036657
v 56.82824707 -86.27500916 744.6891479
vn -0.4791723788 0.4258198142 -0.7675098181
v 56.67703629 -86.26140594 744.8174438
vn -0.6295295954 0.4395830631 -0.6406709552
v 56.55529785 -86.26482391 744.9643555
vn -0.7510955334 0.4366214871 -0.4951940477
v 56.46552658 -86.28274536 745.1195068
vn -0.8465204239 0.4175862372 -0.3301892281
v 56.40011978 -86.31684113 745.2964478
vn -0.9101856351 0.3837912679 -0.1557766199
v 56.36775208 -86.36667633 745.4841309
vn -0.9420663118 0.3338962197 0.03200623393
v 56.37245941 -86.43125916 745.6751099
vn -0.9370458722 0.2697702348 0.2217410505
v 56.41578293 -86.50760651 745.8583984
vn -0.8937581778 0.193838805 0.4045031965
v 56.49594879 -86.59197998 746.0249023
vn -0.8144481182 0.1104320511 0.5696306229
v 56.60691833 -86.679039 746.164917
vn -0.7047793865 0.02428385429 0.7090107799
v 56.73962021 -86.76357269 746.2728271
vn -0.5734049678 -0.05958687514 0.817102313
v 56.88397217 -86.84140015 746.3474731
vn -0.4199191332 -0.142173931 0.896356225
v 57.05263519 -86.91925049 746.3947754
vn -0.2535081506 -0.2185608298 0.9423188567
v 57.23560333 -86.99092102 746.4072876
vn -0.07045454532 -0.2899763584 0.9544369578
v 57.42580795 -87.05271912 746.3816528
vn 0.1186589152 -0.3511988521 0.9287515283
v 57.61269379 -87.10060883 746.3175659
vn 0.3048427701 -0.3988159597 0.8648796082
v 57.78675842 -87.13202667 746.2178345
vn 0.4774314165 -0.4300288856 0.7662469745
v 57.93796539 -87.14562988 746.0895996
vn 0.6278934479 -0.4438123405 0.639359355
v 58.05970383 -87.14221191 745.942627
vn 0.7494934797 -0.4408605099 0.4938638806
v 58.14947891 -87.12429047 745.7875366
vn 0.8006543517 -0.4337692261 0.4132758379
v 57.46046829 -88.99191284 745.1708984
vn 0.8817353249 -0.4008651376 0.2486965209
v 57.52560806 -88.9578476 744.9949341
vn 0.9105523825 -0.3827312291 0.1562407315
v 57.55780029 -88.90830231 744.8081055
vn 0.9424235225 -0.3329260945 -0.03159343079
v 57.55302048 -88.84428406 744.617981
vn 0.9373070002 -0.2690962851 -0.2214560062
v 57.50973892 -88.76876831 744.4354248
vn 0.893855989 -0.1936741918 -0.404365927
v 57.42972946 -88.68544006 744.2695923
vn 0.8142721057 -0.1108948216 -0.5697923303
v 57.3190155 -88.59957886 744.1300049
vn 0.7043552399 -0.02558640949 -0.7093864083
v 57.18665314 -88.51630402 744.0222168
vn 0.5726366639 0.05743925646 -0.8177945614
v 57.04268265 -88.43972778 743.9477539
vn 0.4187005758 0.1390979439 -0.897408247
v 56.87448502 -88.36322784 743.9003296
vn 0.2519231439 0.2144866139 -0.9436790943
v 56.69203949 -88.29291534 743.8875122
vn 0.06853852421 0.2848355472 -0.9561229944
v 56.50239182 -88.23241425 743.9125977
vn -0.1208134666 0.3450158536 -0.9307889938
v 56.31607819 -88.18569183 743.9761353
vn -0.3075830638 0.3917555511 -0.8671333194
v 56.14255905 -88.15524292 744.0751953
vn -0.4804954827 0.4221417606 -0.7687134743
v 55.99184036 -88.14237213 744.2026367
vn -0.6310581565 0.4352587461 -0.6421179175
v 55.87052155 -88.14625549 744.3486938
vn -0.7528131008 0.4318373203 -0.4967785776
v 55.78107452 -88.16439056 744.5029297
vn -0.848359108 0.4124527872 -0.3319179416
v 55.71593475 -88.19845581 744.6790161
vn -0.9120714664 0.3785720766 -0.1575081348
v 55.68374252 -88.2480011 744.8658447
vn -0.9439226985 0.3287731707 0.03030071594
v 55.68852615 -88.31201935 745.0559082
vn -0.9387963414 0.2649521828 0.2201403826
v 55.73180771 -88.3875351 745.2384644
vn -0.8953392506 0.1895301342 0.4030458033
v 55.81181335 -88.47086334 745.4042969
vn -0.8158062696 0.1068040952 0.5683774948
v 55.92252731 -88.55673218 745.5439453
vn -0.7058562636 0.02146030962 0.7080299258
v 56.05488968 -88.64000702 745.6517334
vn -0.5741755366 -0.06153668091 0.8164163828
v 56.19886017 -88.71657562 745.7261963
vn -0.4203047752 -0.1431666017 0.8960174322
v 56.3670578 -88.79307556 745.7736206
vn -0.25346452 -0.2185845524 0.9423250556
v 56.54950714 -88.86339569 745.786377
vn -0.07005288452 -0.2889563739 0.9547758102
v 56.739151 -88.92388916 745.7612305
vn 0.1193222702 -0.34915483 0.9294369817
v 56.92546844 -88.9706192 745.6977539
vn 0.3058421016 -0.3958414793 0.8658926487
v 57.09898758 -89.00106049 745.5986938
vn 0.4788345993 -0.4262601137 0.7674762011
v 57.24970245 -89.01393127 745.4713135
vn 0.6294527054 -0.4393965006 0.6408744454
v 57.37102509 -89.01004791 745.3252563
vn 0.7513024807 -0.4359770119 0.4954478741
v 57.46046829 -88.99191284 745.1708984
vn 0.8022238612 -0.4295754433 0.4146103859
v 56.78805923 -90.86444092 744.5612793
vn 0.8859598041 -0.3890056014 0.2524873018
v 56.85275269 -90.83091736 744.3859253
vn 0.9143390656 -0.3721660078 0.1596136391
v 56.88451004 -90.78239441 744.1997681
vn 0.9458994269 -0.3232059777 -0.0284981057
v 56.8793335 -90.71986389 744.0101929
vn 0.940330267 -0.2606295049 -0.2187492549
v 56.83571625 -90.6462326 743.8279419
vn 0.8962969184 -0.1867980063 -0.4021919072
v 56.75544739 -90.56510162 743.6622925
vn 0.8160579205 -0.1059009209 -0.5681852102
v 56.6445694 -90.48160553 743.5227661
vn 0.7053306699 -0.02253710665 -0.7085200548
v 56.51212692 -90.40071106 743.414856
vn 0.5729435086 0.05839085206 -0.8175122142
v 56.36816406 -90.32641602 743.3401489
vn 0.4182590842 0.1379094124 -0.8977974653
v 56.2000618 -90.25227356 743.2922974
vn 0.2507839799 0.2112541348 -0.9447110891
v 56.01779556 -90.18422699 743.2789307
vn 0.06663029641 0.2796289027 -0.957793355
v 55.82841873 -90.12579346 743.3033447
vn -0.1233985946 0.3379901946 -0.9330248833
v 55.64244843 -90.08081055 743.3659668
vn -0.3106497824 0.3831567168 -0.8698779345
v 55.46934128 -90.05168915 743.4642334
vn -0.4839994609 0.4123762548 -0.7718098164
v 55.31906509 -90.03964996 743.5908203
vn -0.6347897053 0.4247166812 -0.6454903483
v 55.1981926 -90.04387665 743.7359619
vn -0.7566996813 0.4209397733 -0.5002152324
v 55.10917664 -90.06192017 743.8895874
vn -0.8522359133 0.4015212059 -0.3353724182
v 55.04448318 -90.0954361 744.0649414
vn -0.9157730937 0.3680903912 -0.1608386934
v 55.01272202 -90.14395905 744.2510986
vn -0.9473150969 0.3191426098 0.02724182606
v 55.01789856 -90.20648956 744.4406738
vn -0.9417383671 0.2565784752 0.2174771726
v 55.06151962 -90.28012848 744.6229248
vn -0.8976987004 0.1827572584 0.4009200037
v 55.14178848 -90.36125183 744.7885132
vn -0.8174943328 0.1019016132 0.5668501258
v 55.25266647 -90.44475555 744.9280396
vn -0.7068414092 0.01858496666 0.7071278691
v 55.38510895 -90.5256424 745.0360107
vn -0.5744329691 -0.06237897649 0.8161713481
v 55.52907181 -90.59994507 745.1107178
vn -0.4197781384 -0.1418969035 0.896466136
v 55.69717407 -90.67408752 745.1585693
vn -0.252335906 -0.2152363956 0.9433980584
v 55.87944031 -90.74213409 745.171936
vn -0.06810843199 -0.2836417556 0.9565085173
v 56.06881714 -90.80056 745.1473999
vn 0.1219499782 -0.3420297205 0.9317423701
v 56.25478363 -90.84555054 745.0847778
vn 0.3089776337 -0.3871715069 0.8686950207
v 56.42789459 -90.87467194 744.9866333
vn 0.4823510647 -0.4164106548 0.7706747651
v 56.57817078 -90.88670349 744.8600464
vn 0.633271873 -0.428779304 0.6442942023
v 56.69904327 -90.88247681 744.7147827
vn 0.7552072406 -0.4250108898 0.4990268648
v 56.78805923 -90.86444092 744.5612793
vn 0.8058397174 -0.4195697606 0.4178320169
v 56.14054108 -92.75233459 743.9667969
vn 0.8926449418 -0.3691619635 0.258659035
v 56.2045784 -92.72000122 743.7919922
vn 0.9203424454 -0.3545472324 0.165124476
v 56.23561096 -92.67340851 743.6061401
vn 0.9512785077 -0.3074320257 -0.02355231717
v 56.22966003 -92.61351776 743.416748
vn 0.9448599815 -0.2473575026 -0.2146016806
v 56.18526077 -92.54312897 743.234436
vn 0.8997809291 -0.1765921712 -0.3990105987
v 56.10424423 -92.46568298 743.0684814
vn 0.8183900714 -0.09918335825 -0.566039145
v 55.99269485 -92.38606262 742.9285278
vn 0.7063879371 -0.01943750493 -0.7075579166
v 55.85969162 -92.309021 742.8200073
vn 0.5727697611 0.0578841418 -0.8176699877
v 55.71529007 -92.23833466 742.7446899
vn 0.4168618917 0.1337215453 -0.8990799189
v 55.54683304 -92.1678772 742.6959839
vn 0.2482259125 0.2036134005 -0.9470614791
v 55.36434555 -92.10330963 742.6817017
vn 0.06293759495 0.2686832845 -0.9611701965
v 55.17488861 -92.04798126 742.7051392
vn -0.1281522661 0.3241586685 -0.9372823238
v 54.98900223 -92.00551605 742.7668457
vn -0.3161408603 0.3669236898 -0.8748839498
v 54.81613159 -91.97821045 742.8640137
vn -0.4899851084 0.394431591 -0.7773919702
v 54.66622925 -91.9671936 742.9896851
vn -0.6411368847 0.4058345556 -0.6513385177
v 54.54583359 -91.9716568 743.1341553
vn -0.7631323934 0.4018358886 -0.5061193705
v 54.45735931 -91.98924255 743.2870483
vn -0.8585327268 0.3827884197 -0.3411664963
v 54.39331818 -92.02157593 743.4619751
vn -0.9216793776 0.3505203724 -0.1662604809
v 54.36228561 -92.06816864 743.6478271
vn -0.9525904655 0.3034318089 0.02237172797
v 54.36823654 -92.12805939 743.8371582
vn -0.9461659193 0.2433895767 0.2133813053
v 54.4126358 -92.19844818 744.0195312
vn -0.9011013508 0.172654137 0.397752285
v 54.49365234 -92.27590179 744.1854248
vn -0.8197284341 0.09526245296 0.5647746325
v 54.60520554 -92.35551453 744.3254395
vn -0.7078270912 0.01558541227 0.7062137723
v 54.73820496 -92.43255615 744.4338989
vn -0.5741644502 -0.06178387254 0.8164055347
v 54.88260651 -92.50325012 744.5092773
vn -0.4183312654 -0.1376112998 0.8978096247
v 55.05106354 -92.57369995 744.5579834
vn -0.2497868687 -0.207497552 0.9458072186
v 55.23355484 -92.63826752 744.5722046
vn -0.06444372982 -0.2726181746 0.9599616528
v 55.42300797 -92.69359589 744.5488281
vn 0.1266371161 -0.3281167448 0.9361102581
v 55.60889435 -92.7360611 744.4871216
vn 0.3145437241 -0.3708949983 0.8737843633
v 55.7817688 -92.76337433 744.3899536
vn 0.4884311855 -0.3984451592 0.7763223648
v 55.93166733 -92.77439117 744.2642822
vn 0.6397026777 -0.4098722637 0.6502193809
v 56.05206299 -92.76992798 744.119812
vn 0.7616987228 -0.4058844745 0.5050473809
v 56.14054108 -92.75233459 743.9667969
vn 0.8118365407 -0.4021065533 0.4233576655
v 55.53378677 -94.66190338 743.402832
vn 0.9008929729 -0.3426501453 0.2664259374
v 55.59693527 -94.63162994 743.2282104
vn 0.9281206131 -0.3299717009 0.1723683178
v 55.6268959 -94.58821106 743.0423584
vn 0.9581983685 -0.2855933905 -0.01709606685
v 55.61972427 -94.53256226 742.8526001
vn 0.9506410956 -0.2291778475 -0.2091866434
v 55.57402039 -94.46729279 742.6696777
vn 0.9041728377 -0.1628261656 -0.3949165344
v 55.49168015 -94.39559174 742.5030518
vn 0.8212460279 -0.09037879109 -0.5633707643
v 55.37886429 -94.32198334 742.3619995
vn 0.7076488733 -0.01584479026 -0.7063866258
v 55.24472809 -94.25083923 742.2524414
vn 0.5724390149 0.05636180192 -0.8180078864
v 55.09936142 -94.18563843 742.1757812
vn 0.4149529934 0.1270677149 -0.9009261131
v 54.93003082 -94.1207428 742.1258545
vn 0.2448247671 0.1921644956 -0.9503334165
v 54.74683762 -94.06136322 742.1102295
vn 0.05807082355 0.2526804805 -0.9658055305
v 54.5568924 -94.01060486 742.1322632
vn -0.1340834945 0.3041010797 -0.9431564808
v 54.3707695 -93.9717865 742.192627
vn -0.3232229352 0.343693316 -0.8817039728
v 54.19792938 -93.94700623 742.2886963
vn -0.4977945685 0.3689584732 -0.7849013805
v 54.04832077 -93.93729401 742.4134521
vn -0.6493353844 0.3791520298 -0.6592475772
v 53.92843246 -93.94185638 742.5571899
vn -0.7714236975 0.3749724925 -0.5141022205
v 53.84062958 -93.95851898 742.7097168
vn -0.8666015863 0.3566685319 -0.348983109
v 53.77748108 -93.98879242 742.8842163
vn -0.9292551279 0.3261362612 -0.1735512763
v 53.74752045 -94.0322113 743.0701904
vn -0.9593505263 0.281770438 0.01587458514
v 53.75469208 -94.08785248 743.2598267
vn -0.9518201351 0.2253596485 0.2079698294
v 53.80039597 -94.15312958 743.442749
vn -0.9053878784 0.1590253413 0.3936797082
v 53.88273621 -94.22483063 743.609375
vn -0.8224996924 0.08657897264 0.5621373057
v 53.99555206 -94.29843903 743.7504883
vn -0.7089717984 0.01206274796 0.7051336169
v 54.12968826 -94.36958313 743.8601074
vn -0.5737224817 -0.06018750742 0.8168353438
v 54.27505493 -94.43478394 743.9366455
vn -0.4161495566 -0.1309314519 0.8998202682
v 54.44438553 -94.49967957 743.9865723
vn -0.2462083846 -0.1959739625 0.9491973519
v 54.62757874 -94.55905151 744.0023193
vn -0.05935207754 -0.2565285861 0.9647126198
v 54.81752396 -94.6098175 743.9801636
vn 0.1329118758 -0.3079878092 0.9420604706
v 55.00364685 -94.64863586 743.9197998
vn 0.321924597 -0.3475359082 0.8806720972
v 55.17648697 -94.67341614 743.8238525
vn 0.4965723753 -0.3728167713 0.7838517427
v 55.32609558 -94.68312836 743.6990967
vn 0.6482123733 -0.3830180764 0.6581169367
v 55.44598389 -94.67855835 743.5552979
vn 0.7702828646 -0.3788354993 0.5129795074
v 55.53378677 -94.66190338 743.402832
vn 0.8200926185 -0.3762591779 0.4311347306
v 54.97693253 -96.59752655 742.8763428
vn 0.9077356458 -0.3185869753 0.272980541
v 55.03934097 -96.56897736 742.7022095
vn 0.9351577163 -0.3056471348 0.1790526211
v 55.06842422 -96.5283432 742.5164185
vn 0.9645364881 -0.2637173235 -0.01107033808
v 55.06026077 -96.47650909 742.3265991
vn 0.9560235739 -0.2106667012 -0.2040550411
v 55.01350784 -96.41588593 742.1433105
vn 0.9083855748 -0.14848423 -0.3908811808
v 54.93011475 -96.34946442 741.9760132
vn 0.8240991831 -0.08073001355 -0.5606632233
v 54.81629944 -96.28141022 741.8341064
vn 0.709115088 -0.01122119743 -0.7050034404
v 54.6812706 -96.21576691 741.7236938
vn 0.5724297166 0.05603738502 -0.8180366755
v 54.53515625 -96.15572357 741.6461182
vn 0.4136160314 0.1217385605 -0.9022757411
v 54.36515427 -96.09608459 741.5949707
vn 0.2421125472 0.1821084619 -0.9530047178
v 54.181427 -96.04165649 741.578125
vn 0.05405630544 0.2380798459 -0.9697400928
v 53.99113083 -95.99530029 741.598999
vn -0.1392954737 0.2854613066 -0.9482133985
v 53.80485916 -95.96006012 741.6581421
vn -0.3292569518 0.3216818273 -0.88775599
v 53.63208771 -95.93783569 741.7530518
vn -0.5046069026 0.3445450664 -0.7916189432
v 53.48274994 -95.92954254 741.8768311
vn -0.6566283107 0.3533380926 -0.6663268805
v 53.36330414 -95.9344101 742.0199585
vn -0.7788606882 0.3487493992 -0.5212963223
v 53.27606583 -95.95038605 742.1719971
vn -0.8738688827 0.3310648799 -0.3560185432
v 53.21365356 -95.97892761 742.3461304
vn -0.9361197352 0.301976949 -0.1802491248
v 53.18457413 -96.01956177 742.5319824
vn -0.9655467868 0.2600417435 0.009887115099
v 53.19273376 -96.07139587 742.7217407
vn -0.9570776224 0.2069752514 0.2028884441
v 53.23948669 -96.13201904 742.9050903
vn -0.9094777107 0.1447800696 0.3897294402
v 53.32288361 -96.19844818 743.0723877
vn -0.8252288699 0.07701998949 0.5595223308
v 53.4366951 -96.26649475 743.2141724
vn -0.7102320194 0.007482809946 0.7039279342
v 53.57172394 -96.33213806 743.324707
vn -0.5735615492 -0.05978032574 0.8169782758
v 53.71783829 -96.3921814 743.4022827
vn -0.4145978093 -0.1255373508 0.9013040662
v 53.88784409 -96.451828 743.4533081
vn -0.2431527078 -0.1858787537 0.952011466
v 54.07156754 -96.50624847 743.4702759
vn -0.05515393615 -0.2418234199 0.9687514901
v 54.26186371 -96.55260468 743.4494019
vn 0.1384265274 -0.2892411053 0.9471946359
v 54.44813538 -96.58785248 743.3902588
vn 0.3282926679 -0.3254218102 0.8867494464
v 54.62090683 -96.61006927 743.2952881
vn 0.5037752986 -0.3482685089 0.7905185223
v 54.77024841 -96.61837006 743.1714478
vn 0.6557039618 -0.3570406437 0.6652625799
v 54.8896904 -96.6135025 743.0284424
vn 0.7779360414 -0.3524355292 0.5201967955
v 54.97693253 -96.59752655 742.8763428
vn 0.8281738162 -0.3488961458 0.4386337996
v 54.46004486 -98.55130768 742.3746948
vn 0.9111379981 -0.305804193 0.2762450278
v 54.52209091 -98.52324677 742.2011108
vn 0.9389992356 -0.2908342183 0.1835642904
v 54.55079651 -98.48374176 742.0158081
vn 0.9682782888 -0.2497834563 -0.006734008901
v 54.54225922 -98.43367767 741.8264771
vn 0.9595268369 -0.1981646121 -0.2000975907
v 54.49515533 -98.37540436 741.6434326
vn 0.9115205407 -0.1379758716 -0.3874182999
v 54.41144943 -98.31178284 741.4761353
vn 0.8267114162 -0.07260020822 -0.5579224229
v 54.29738617 -98.24681854 741.3342896
vn 0.7111311555 -0.00577461021 -0.7030356526
v 54.16217804 -98.18434143 741.2235107
vn 0.5737502575 0.05870673433 -0.8169236183
v 54.01594925 -98.12734985 741.1455688
vn 0.4143024385 0.1215430796 -0.9019871354
v 53.84589005 -98.07093811 741.0938721
vn 0.2421075255 0.1790730655 -0.9535810351
v 53.66218185 -98.01966095 741.076355
vn 0.05324054509 0.2322300076 -0.9712026715
v 53.47198105 -97.97624207 741.0964355
vn -0.140838474 0.2769394815 -0.9505099058
v 53.28588104 -97.94353485 741.1547241
vn -0.3313820362 0.310795337 -0.8908379078
v 53.1133461 -97.92331696 741.2487793
vn -0.5073375106 0.3317552209 -0.7953283191
v 52.96429443 -97.91639709 741.3717041
vn -0.6598668098 0.3391873837 -0.6704682708
v 52.84516525 -97.92198944 741.513916
vn -0.7824320793 0.3338147104 -0.5257069468
v 52.75825119 -97.93807983 741.6652832
vn -0.8775835633 0.3160549402 -0.3604946733
v 52.69620895 -97.96614838 741.8388672
vn -0.9398776889 0.2872372866 -0.1847285628
v 52.66750336 -98.00564575 742.0240479
vn -0.9692066908 0.2461847812 0.005610190798
v 52.67604065 -98.05571747 742.2134399
vn -0.9604913592 0.1945616901 0.1990028918
v 52.72314453 -98.11399078 742.3964844
vn -0.9124953151 0.1343399733 0.3864001632
v 52.80684662 -98.17760468 742.5636597
vn -0.8277267814 0.06896948069 0.5568766594
v 52.92090988 -98.24256897 742.7056885
vn -0.7121430635 0.002121037338 0.7020311952
v 53.05612183 -98.30505371 742.8164062
vn -0.5746743679 -0.06240295246 0.8159995675
v 53.20235062 -98.36203766 742.8944092
vn -0.4151022434 -0.1252983809 0.9011051059
v 53.37240601 -98.41845703 742.9460449
vn -0.2428008169 -0.1828354299 0.9526903629
v 53.5561142 -98.46972656 742.963562
vn -0.05417578667 -0.2359176278 0.9702617526
v 53.74631882 -98.51315308 742.9435425
vn 0.140086785 -0.280656606 0.9495301843
v 53.93241882 -98.54585266 742.8851929
vn 0.3306535482 -0.3144982159 0.889808476
v 54.10495377 -98.56607056 742.7911987
vn 0.5066058636 -0.3354320228 0.79425174
v 54.25400543 -98.57299042 742.6682129
vn 0.6591337323 -0.3428320587 0.66933465
v 54.37313461 -98.56739807 742.526001
vn 0.7815870047 -0.33745417 0.5246393085
v 54.46004486 -98.55130768 742.3746948
vn 0.8329458237 -0.3313412964 0.4431864619
v 53.98097229 -100.434166 741.892395
vn 0.9099599719 -0.3103769422 0.2750253975
v 54.04310989 -100.4048843 741.7197876
vn 0.9393544793 -0.2908922434 0.1816448867
v 54.07203674 -100.3641968 741.5357056
vn 0.9687198997 -0.2480186224 -0.008275579661
v 54.06386185 -100.3130341 741.34729
vn 0.9600306749 -0.1946121603 -0.2011646032
v 54.01724243 -100.2538071 741.1654053
vn 0.9120559692 -0.1327697933 -0.3879768848
v 53.93412018 -100.1894379 740.9990845
vn 0.8273005486 -0.06601437181 -0.5578672886
v 53.8207016 -100.1239624 740.8579102
vn 0.7117484808 0.00189120369 -0.7024318576
v 53.68615341 -100.0612183 740.7476807
vn 0.5743902326 0.06710316986 -0.8158265948
v 53.54056931 -100.0041962 740.670166
vn 0.4148040116 0.1305503547 -0.9004966617
v 53.37119293 -99.94796753 740.6186523
vn 0.2427107245 0.1881548762 -0.951677084
v 53.18815613 -99.89713287 740.6011353
vn 0.05368251726 0.2411677092 -0.9689975977
v 52.99857712 -99.85438538 740.6210327
vn -0.1406058222 0.285359323 -0.9480506778
v 52.8130188 -99.8225708 740.678894
vn -0.3312666416 0.3183125556 -0.8882226944
v 52.64091873 -99.80342102 740.7723389
vn -0.5073070526 0.3380417824 -0.7926962376
v 52.49216843 -99.79766846 740.8944702
vn -0.6599203348 0.3440388143 -0.6679389477
v 52.37320709 -99.80445099 741.0358887
vn -0.7825796008 0.3371293843 -0.5233669877
v 52.28633118 -99.82169342 741.1862793
vn -0.8777630925 0.3179321885 -0.3584007323
v 52.22419357 -99.85097504 741.3587646
vn -0.940220654 0.2873343825 -0.1828225106
v 52.19526672 -99.8916626 741.5429688
vn -0.9696259499 0.2444879413 0.007154480089
v 52.20344162 -99.94283295 741.7313232
vn -0.9609566331 0.1910927296 0.2001148611
v 52.25006104 -100.0020523 741.913269
vn -0.9129629731 0.1292368174 0.3870353997
v 52.33318329 -100.0664215 742.0795898
vn -0.8281792402 0.06246824935 0.5569711328
v 52.44660187 -100.1319046 742.2207642
vn -0.7126002908 -0.005461235531 0.7015489936
v 52.58115005 -100.1946411 742.3309326
vn -0.5751639009 -0.07072144002 0.8149754405
v 52.72673416 -100.2516632 742.4085083
vn -0.4155205786 -0.1342164129 0.8996269107
v 52.89611053 -100.3078918 742.4598999
vn -0.2432207018 -0.1919147372 0.9507956505
v 53.07914734 -100.3587265 742.477478
vn -0.05428310111 -0.2449001819 0.9680275321
v 53.26872635 -100.4014816 742.4576416
vn 0.139885217 -0.2890727818 0.9470316768
v 53.45428467 -100.4332962 742.3997803
vn 0.3307286501 -0.322047323 0.8870761395
v 53.62638474 -100.452446 742.3063354
vn 0.5066527128 -0.3417514265 0.7915232182
v 53.77513504 -100.4581985 742.1842041
vn 0.6592600346 -0.3477098942 0.6666888595
v 53.89409637 -100.451416 742.0427856
vn 0.7818134427 -0.3407629132 0.5221574306
v 53.98097229 -100.434166 741.892395
vn 0.8331083655 -0.3307500184 0.4433225393
v 53.45091629 -102.455864 741.3357544
vn 0.902997613 -0.3361762166 0.2675460577
v 53.5137825 -102.4229279 741.164978
vn 0.9336269498 -0.3110118806 0.1777987033
v 53.5438118 -102.3777542 740.9828491
vn 0.9645504355 -0.263679117 -0.01075933315
v 53.53707886 -102.3214035 740.796814
vn 0.9576319456 -0.2050945908 -0.2021812797
v 53.49218369 -102.2565613 740.6171875
vn 0.9115582108 -0.1376254559 -0.3874543607
v 53.41098404 -102.1864243 740.453186
vn 0.8286861181 -0.06505113095 -0.5559206009
v 53.29955673 -102.1153717 740.314209
vn 0.7148607969 0.008510874584 -0.6992149949
v 53.16695786 -102.047554 740.2059326
vn 0.5790317655 0.07889344543 -0.8114789128
v 53.02317429 -101.9861679 740.1300049
vn 0.4208790362 0.147241503 -0.8950870037
v 52.85560989 -101.9258957 740.079895
vn 0.2499729693 0.2089952826 -0.9454281926
v 52.67425156 -101.8717041 740.0634766
vn 0.06212065369 0.2654806972 -0.9621127844
v 52.48613739 -101.8265076 740.0839233
vn -0.1315682083 0.3122877777 -0.9408326745
v 52.30173111 -101.7933273 740.1420288
vn -0.3219234347 0.3467824459 -0.8809694648
v 52.13040924 -101.7739792 740.2351685
vn -0.4981508851 0.3668788075 -0.7856498361
v 51.98202896 -101.769165 740.3565674
vn -0.6512251496 0.3720854521 -0.6614062786
v 51.86304474 -101.7778778 740.4967651
vn -0.774715066 0.3633911014 -0.5174586773
v 51.77580643 -101.7977905 740.645874
vn -0.8708586097 0.3417177796 -0.3533189297
v 51.71294022 -101.8307266 740.8166504
vn -0.9345567226 0.3075219691 -0.178980276
v 51.68291092 -101.8759003 740.9987793
vn -0.9654987454 0.2602285147 0.009657945484
v 51.68964005 -101.932251 741.1848145
vn -0.9585729837 0.2016717345 0.2011624873
v 51.73453522 -101.9970932 741.3643799
vn -0.9124536514 0.1341945529 0.3865490556
v 51.81573868 -102.0672302 741.5284424
vn -0.829533875 0.06162512675 0.5550459027
v 51.92716599 -102.1382828 741.6674194
vn -0.7156550884 -0.01195500232 0.6983515024
v 52.05976486 -102.2061005 741.7756958
vn -0.5798165798 -0.08234433085 0.8105751872
v 52.20354843 -102.2674866 741.8516235
vn -0.4215337932 -0.1507527381 0.8941939473
v 52.37111282 -102.3277588 741.9016724
vn -0.2506147027 -0.2125427425 0.9444669485
v 52.55247116 -102.3819504 741.9180908
vn -0.06268315762 -0.2690891922 0.9610732794
v 52.74058533 -102.4271469 741.897644
vn 0.130855903 -0.315890789 0.9397285581
v 52.92499161 -102.4603271 741.8395996
vn 0.3213146329 -0.3504258692 0.8797491789
v 53.09631348 -102.4796753 741.74646
vn 0.4974440932 -0.3705050945 0.7843948603
v 53.24468994 -102.4844894 741.625
vn 0.6504446864 -0.3756920993 0.6601341963
v 53.36367798 -102.4757767 741.4848022
vn 0.7738665938 -0.3669625223 0.5162063241
v 53.45091629 -102.455864 741.3357544
vn 0.8276258707 -0.35166803 0.4374528825
v 52.89081955 -104.3670883 740.7270508
vn 0.8916709423 -0.373947084 0.2551206648
v 52.95482254 -104.3295441 740.5584106
vn 0.9235533476 -0.3456926644 0.165969193
v 52.98656082 -104.2782593 740.3789673
vn 0.9559493661 -0.2927850187 -0.02092192881
v 52.98207855 -104.2144623 740.1959229
vn 0.9508501887 -0.2273337245 -0.2102457732
v 52.93986893 -104.1412048 740.0198364
vn 0.9068585634 -0.1519849896 -0.3930751681
v 52.86166382 -104.0620804 739.859314
vn 0.8262724876 -0.0710157752 -0.5587759614
v 52.75334549 -103.9820557 739.7238159
vn 0.7147260308 0.01108312886 -0.69931674
v 52.62378311 -103.9057693 739.6187134
vn 0.5811951756 0.08953311294 -0.8088238239
v 52.48281479 -103.8367996 739.5455933
vn 0.4251700938 0.1655975878 -0.8898358345
v 52.31808472 -103.7691956 739.4981079
vn 0.2561918199 0.2344327122 -0.9377670884
v 52.13935471 -103.7085342 739.4838257
vn 0.07008814067 0.2973368764 -0.9521966577
v 51.95353317 -103.6580811 739.5059814
vn -0.1220591739 0.3493772745 -0.9289978743
v 51.77093506 -103.6212311 739.5650635
vn -0.3112381399 0.3876264095 -0.8676846027
v 51.60083389 -103.5999908 739.6583862
vn -0.4866653979 0.4097772539 -0.7715175748
v 51.45304108 -103.5951157 739.7793579
vn -0.6394653916 0.415315181 -0.6469909549
v 51.33402634 -103.6054459 739.9186401
vn -0.7631028891 0.4053480327 -0.5033556819
v 51.24623489 -103.6283417 740.0661621
vn -0.8598715067 0.3809008598 -0.3399051428
v 51.1822319 -103.6658859 740.2348022
vn -0.9245680571 0.3425394297 -0.1668551266
v 51.15049362 -103.7171707 740.4142456
vn -0.9569437504 0.2895825803 0.02001602016
v 51.15497589 -103.7809601 740.597168
vn -0.9518280029 0.2241140902 0.2092757821
v 51.19718552 -103.8542252 740.7734375
vn -0.9078190923 0.1487433463 0.3920968175
v 51.27539444 -103.933342 740.9337769
vn -0.8272064924 0.06776281446 0.5577971339
v 51.38370895 -104.0133743 741.0692749
vn -0.7157059312 -0.01426905207 0.6982559562
v 51.51327133 -104.0896606 741.1743774
vn -0.5822717547 -0.09263383597 0.8076995611
v 51.65423965 -104.1586304 741.2476807
vn -0.4262364805 -0.1686469615 0.8887522817
v 51.81896973 -104.2262344 741.295105
vn -0.2571315765 -0.2374867201 0.9367408752
v 51.99769974 -104.2868958 741.3093872
vn -0.07114172727 -0.3003148735 0.9511833787
v 52.18352127 -104.3373489 741.2872314
vn 0.1208927184 -0.3523048162 0.9280443192
v 52.3661232 -104.3741989 741.2282104
vn 0.3101518154 -0.3905745745 0.8667510152
v 52.53622055 -104.3954391 741.1347046
vn 0.4856491685 -0.4127455354 0.7705751061
v 52.68401337 -104.4003143 741.0137329
vn 0.6384155154 -0.4183160961 0.6460938454
v 52.80302811 -104.3899841 740.8745728
vn 0.7620517015 -0.4083918333 0.5024871826
v 52.89081955 -104.3670883 740.7270508
vn 0.8162481189 -0.3912181556 0.425073415
v 52.26353455 -106.2374191 740.0602417
vn 0.8803137541 -0.4073616862 0.243113488
v 52.32765579 -106.1989212 739.8925781
vn 0.912073195 -0.3801434934 0.1536664665
v 52.36005783 -106.1454391 739.7145996
vn 0.9452352524 -0.3247778416 -0.03239937127
v 52.35681152 -106.0781784 739.5336304
vn 0.9413391352 -0.2555631995 -0.2203815728
v 52.31635666 -106.0003281 739.3598022
vn 0.8989294171 -0.175197795 -0.4015366137
v 52.240345 -105.9157181 739.2020264
vn 0.8202633858 -0.08832081407 -0.5651260614
v 52.13451767 -105.8296585 739.0691528
vn 0.7108766437 0.0002463348792 -0.7033166885
v 52.00757217 -105.7471924 738.9667358
vn 0.5795143247 0.08537667245 -0.8104776144
v 51.86918259 -105.6722488 738.8959961
vn 0.4256317914 0.1681028903 -0.8891450763
v 51.7072258 -105.5983582 738.8511353
vn 0.2587941289 0.2436685115 -0.9346931577
v 51.53126907 -105.5315475 738.8391113
vn 0.07499010116 0.3131213188 -0.9467478395
v 51.34809113 -105.4753647 738.8632812
vn -0.1150461733 0.3712680936 -0.9213709235
v 51.16785431 -105.4335632 738.9240112
vn -0.3025527894 0.4148386121 -0.858120501
v 50.99971008 -105.4084015 739.0184326
vn -0.476528734 0.4411458969 -0.7604674101
v 50.85336304 -105.400856 739.1400146
vn -0.6283240914 0.449516058 -0.6349363327
v 50.73524857 -105.4097824 739.2791748
vn -0.7514088154 0.4410116374 -0.490809083
v 50.64783096 -105.432457 739.4262085
vn -0.848118186 0.4166241288 -0.3272917569
v 50.58371353 -105.4709549 739.5939331
vn -0.9131388664 0.3772110045 -0.1545614004
v 50.55130768 -105.5244446 739.7718506
vn -0.9462813735 0.3218126595 0.03143594041
v 50.5545578 -105.5917053 739.9528198
vn -0.9423851371 0.2525594831 0.2193717957
v 50.59500885 -105.669548 740.1266479
vn -0.9000008106 0.1721882969 0.4004369676
v 50.67102051 -105.754158 740.2844238
vn -0.8213382363 0.08527217805 0.5640320182
v 50.77684784 -105.8402176 740.4171753
vn -0.7120008469 -0.003265634878 0.7021710277
v 50.90379715 -105.9226837 740.5195923
vn -0.5806707144 -0.08836374432 0.8093289733
v 51.04218292 -105.9976273 740.5903931
vn -0.4269516766 -0.1709970534 0.8879595995
v 51.20413971 -106.0715256 740.635376
vn -0.2600522637 -0.2465741336 0.9335812926
v 51.38010025 -106.1383362 740.6473389
vn -0.0762039721 -0.3160133064 0.9456894398
v 51.56327438 -106.1945114 740.6231689
vn 0.1138867959 -0.3741338253 0.9203552008
v 51.7435112 -106.2363129 740.562439
vn 0.3012697697 -0.4176508188 0.8572072983
v 51.91165543 -106.2614746 740.4680176
vn 0.4753944576 -0.4439685345 0.7595341206
v 52.05800247 -106.2690201 740.3464966
vn 0.6272319555 -0.4523495138 0.6340031624
v 52.17612076 -106.2600937 740.2072754
vn 0.7503370643 -0.4438642263 0.4898763299
v 52.26353455 -106.2374191 740.0602417
vn 0.8040814996 -0.4286553562 0.4119557142
v 51.56939316 -108.0810471 739.3865356
vn 0.8714586496 -0.4307078123 0.2346286774
v 51.63223648 -108.0454559 739.2184448
vn 0.9020973444 -0.4068498909 0.1438524723
v 51.66381454 -107.9940338 739.0404663
vn 0.9345247746 -0.3533076644 -0.04286186397
v 51.66025925 -107.9278183 738.8598022
vn 0.9303118587 -0.2848098874 -0.2310913205
v 51.62005997 -107.8499069 738.6867676
vn 0.8880441189 -0.2039732337 -0.4120346308
v 51.54485703 -107.7641068 738.5300903
vn 0.8099259734 -0.1153875887 -0.5750701427
v 51.44033051 -107.6758423 738.3986206
vn 0.7015851736 -0.02416886762 -0.7121756673
v 51.31505203 -107.5903625 738.2977905
vn 0.5715144277 0.06447608769 -0.8180550933
v 51.17856598 -107.5118866 738.2286377
vn 0.4191714525 0.1512922347 -0.8952127695
v 51.01890945 -107.4336014 738.1856079
vn 0.2540698051 0.2317535132 -0.9390094876
v 50.84552002 -107.3618011 738.1755981
vn 0.07235426456 0.3066677451 -0.9490625858
v 50.66509247 -107.3001938 738.2017212
vn -0.1154617593 0.3706560731 -0.9215653539
v 50.48763275 -107.2528076 738.2641602
vn -0.3006908298 0.4201574922 -0.8561849594
v 50.322155 -107.2222137 738.3604126
vn -0.4726378918 0.4522117972 -0.7563847899
v 50.17820358 -107.2096786 738.4832764
vn -0.622467339 0.4657336771 -0.6289885044
v 50.06210327 -107.214325 738.6235962
vn -0.7438944578 0.4615834653 -0.4832822978
v 49.97626495 -107.233551 738.7713623
vn -0.8392268419 0.440705508 -0.3185545504
v 49.91342163 -107.2691345 738.9393921
vn -0.9031862617 0.4040850103 -0.1448099464
v 49.88184738 -107.3205643 739.1173706
vn -0.9356136322 0.3505338728 0.04187080264
v 49.88540268 -107.3867798 739.2980957
vn -0.9314162731 0.2820113897 0.2300722897
v 49.92559814 -107.4646912 739.4711914
vn -0.8891817331 0.2011634856 0.4109612405
v 50.00080109 -107.5504913 739.6278076
vn -0.8111077547 0.1125689819 0.5739620924
v 50.10533142 -107.6387558 739.7592773
vn -0.7027667761 0.02128866874 0.7111017108
v 50.23060608 -107.7242279 739.8601685
vn -0.5727542043 -0.06735259295 0.8169554472
v 50.36709213 -107.8027115 739.9292603
vn -0.4204302132 -0.1541683376 0.8941311836
v 50.52675247 -107.8809891 739.97229
vn -0.255389601 -0.234603554 0.9379431605
v 50.70013809 -107.9527969 739.9822998
vn -0.07362731546 -0.3095282018 0.9480354786
v 50.88056564 -108.0144043 739.9562378
vn 0.1142621562 -0.373513341 0.920560658
v 51.05802536 -108.0617828 739.8936768
vn 0.2995117605 -0.4229868948 0.8552045226
v 51.22350693 -108.0923843 739.7975464
vn 0.4713512659 -0.4549904764 0.755520761
v 51.36745453 -108.1049194 739.6746216
vn 0.6213456988 -0.4685104191 0.6280346513
v 51.48355484 -108.1002731 739.5343628
vn 0.7427689433 -0.4643473029 0.482364893
v 51.56939316 -108.0810471 739.3865356
vn 0.795191884 -0.4530564845 0.4030008614
v 50.8153801 -109.9154358 738.753479
vn 0.8660563231 -0.4438028038 0.2301858068
v 50.87567902 -109.8856659 738.5839844
vn 0.8948220015 -0.4246738553 0.1376434416
v 50.90501022 -109.8396149 738.4047852
vn 0.9250687361 -0.3763827085 -0.0508319661
v 50.89963531 -109.7780838 738.2232666
vn 0.9190204144 -0.3122894168 -0.2405759543
v 50.85816574 -109.7038498 738.0495605
vn 0.8753862381 -0.2348213792 -0.4225611091
v 50.78231812 -109.6205215 737.8925781
vn 0.7964211106 -0.1482723355 -0.5862838626
v 50.67778015 -109.5334167 737.7614136
vn 0.6877329946 -0.05769485235 -0.7236675024
v 50.5530777 -109.4478455 737.6610107
vn 0.5579504371 0.03147104755 -0.8292773366
v 50.41764069 -109.3681793 737.5926514
vn 0.4062950015 0.1199123636 -0.905839622
v 50.25959778 -109.2875214 737.5505981
vn 0.2423731536 0.2032478154 -0.948654592
v 50.08834457 -109.2121658 737.5419312
vn 0.0622834228 0.2822248936 -0.957324326
v 49.91051483 -109.1458969 737.5695801
vn -0.1235176697 0.3513634801 -0.9280555248
v 49.73598862 -109.0929718 737.6339722
vn -0.3062169254 0.4067886472 -0.860670805
v 49.57363892 -109.0561981 737.7319336
vn -0.4754814804 0.4453242421 -0.7586854696
v 49.43281555 -109.0372543 737.8566895
vn -0.622640729 0.4654839635 -0.6290017366
v 49.31966019 -109.0356522 737.9985962
vn -0.7414595485 0.4677155018 -0.481123656
v 49.23645782 -109.0491028 738.1478271
vn -0.8343116641 0.4529290497 -0.3142918348
v 49.17615891 -109.0788803 738.3173218
vn -0.8959131241 0.4220451117 -0.1386276484
v 49.1468277 -109.1249237 738.49646
vn -0.9261859059 0.3737569451 0.04985361919
v 49.15220261 -109.1864548 738.6780396
vn -0.920167625 0.3096671104 0.2395783961
v 49.19366837 -109.2606888 738.8516846
vn -0.8765550256 0.2321647257 0.4216050506
v 49.26951981 -109.344017 739.0085449
vn -0.7976555228 0.1456432641 0.5852637887
v 49.37405396 -109.4311295 739.1398926
vn -0.6889523864 0.05502139404 0.722715199
v 49.49876022 -109.5167007 739.2402344
vn -0.5591114759 -0.03422218189 0.8283858895
v 49.63419724 -109.5963669 739.3085938
vn -0.4075314403 -0.1226440594 0.904918015
v 49.79224014 -109.6770172 739.350647
vn -0.2435964197 -0.2059915364 0.9477490783
v 49.96349335 -109.7523727 739.359314
vn -0.06349311024 -0.2849793434 0.9564284682
v 50.14132309 -109.8186417 739.331604
vn 0.1221999079 -0.3540683091 0.9272016287
v 50.3158493 -109.8715744 739.267334
vn 0.3051593304 -0.4095535278 0.8597346544
v 50.47819901 -109.9083405 739.1693115
vn 0.4743013084 -0.44803828 0.7578257918
v 50.61902237 -109.9272842 739.0446167
vn 0.6215693951 -0.468182534 0.6280577779
v 50.73217392 -109.9288864 738.9026489
vn 0.7403636575 -0.4703876674 0.4802052677
v 50.8153801 -109.9154358 738.753479
vn 0.7907714844 -0.4640470445 0.3991751671
v 50.01307678 -111.753624 738.1946411
vn 0.8624380231 -0.4520077705 0.2277929485
v 50.07000732 -111.7312469 738.0234375
vn 0.8893527985 -0.4371688962 0.1339213699
v 50.09614182 -111.6924667 737.8426514
vn 0.9164565206 -0.396092236 -0.05673091859
v 50.0879097 -111.6377487 737.659729
vn 0.9075587988 -0.3385531604 -0.2484325916
v 50.0440979 -111.5694504 737.4849243
vn 0.8615127206 -0.2666093707 -0.4321056008
v 49.96653748 -111.4908829 737.3271484
vn 0.7807836533 -0.1843254417 -0.5969933271
v 49.86101532 -111.4071045 737.1953735
vn 0.6709314585 -0.09642551094 -0.7352231741
v 49.73603439 -111.3233643 737.0947876
vn 0.5405833721 -0.00836527627 -0.8412488699
v 49.60094833 -111.2441483 737.0266724
vn 0.3891148865 0.08023738861 -0.9176881909
v 49.44392395 -111.1625824 736.9850464
vn 0.2259559929 0.1652778387 -0.9600141048
v 49.27436829 -111.0848389 736.9772949
vn 0.04722806811 0.2474778444 -0.967741847
v 49.0988884 -111.0147018 737.0061646
vn -0.1364298016 0.3212192357 -0.9371259809
v 48.92726898 -110.9565659 737.0718384
vn -0.3166306317 0.3826106787 -0.8679597378
v 48.76823044 -110.9134903 737.1714478
vn -0.4828292727 0.4280011952 -0.7639966607
v 48.63092041 -110.8875809 737.2979736
vn -0.6268382668 0.4555859864 -0.6320721507
v 48.52125931 -110.8787918 737.4415894
vn -0.742408216 0.465313226 -0.4819892943
v 48.44134521 -110.8852539 737.5924072
vn -0.8319945931 0.4581563473 -0.3128542006
v 48.38441467 -110.9076385 737.7635498
vn -0.8904294372 0.4346531928 -0.1349520087
v 48.35827637 -110.9464111 737.9443359
vn -0.9176004529 0.3935835063 0.05569076911
v 48.3665123 -111.0011292 738.1273193
vn -0.9087678194 0.3360460997 0.2474148124
v 48.4103241 -111.0694275 738.302124
vn -0.8627598286 0.2640891969 0.4311639667
v 48.48788071 -111.1480026 738.4598999
vn -0.7820526958 0.181790784 0.5961088538
v 48.59340668 -111.231781 738.5916748
vn -0.6722103357 0.09389785677 0.7343817353
v 48.7183876 -111.3155136 738.6921997
vn -0.5417986512 0.005814658478 0.8404881954
v 48.85346985 -111.3947296 738.7603149
vn -0.3902374506 -0.0828255713 0.9169812799
v 49.01049805 -111.4762955 738.8019409
vn -0.2270576209 -0.1678503603 0.959307611
v 49.18005371 -111.554039 738.8097534
vn -0.04830757901 -0.2500338256 0.9670312405
v 49.3555336 -111.624176 738.7808838
vn 0.135414511 -0.3237852454 0.9363898635
v 49.52715302 -111.6823196 738.71521
vn 0.3156685233 -0.3851767778 0.8671748638
v 49.68619156 -111.7253876 738.6155396
vn 0.4819654822 -0.430573374 0.7630962133
v 49.82350159 -111.751297 738.4891357
vn 0.6258830428 -0.4581342041 0.6311762333
v 49.93316269 -111.7600861 738.345459
vn 0.74147892 -0.467849195 0.4809637666
v 50.01307678 -111.753624 738.1946411
vn 0.7900057435 -0.4658032358 0.39864555
v 49.16482162 -113.5961151 737.7246094
vn 0.8576052189 -0.4623234272 0.2253227234
v 49.21800613 -113.5815735 737.552002
vn 0.8829554915 -0.4509306848 0.130580008
v 49.24063492 -113.5503922 737.3699341
vn 0.9064813256 -0.4176583588 -0.06207319722
v 49.22929382 -113.5026703 737.18573
vn 0.8943443894 -0.3672018647 -0.2555599809
v 49.18297958 -113.4403305 737.0100098
vn 0.8455643058 -0.3012445569 -0.4407637715
v 49.10365295 -113.3663788 736.8516235
vn 0.7627547979 -0.2234687656 -0.6068499088
v 48.99717712 -113.2856293 736.7194824
vn 0.6516211629 -0.1385107189 -0.745791316
v 48.87204742 -113.2033157 736.6190186
vn 0.5206624269 -0.05166948587 -0.8521977067
v 48.73751068 -113.124054 736.5510864
vn 0.3693083227 0.03724840283 -0.9285601377
v 48.58178711 -113.0409622 736.5101318
vn 0.2071769983 0.1240703166 -0.9704041481
v 48.41428375 -112.9601212 736.5031738
vn 0.02995729446 0.2098499238 -0.9772745371
v 48.24157715 -112.8853226 736.5332031
vn -0.1513503194 0.2886480987 -0.9453969598
v 48.07332611 -112.821167 736.6002808
vn -0.3285334706 0.3564641774 -0.8746422529
v 47.91809464 -112.7710037 736.701416
vn -0.4913548827 0.4093444943 -0.7687700987
v 47.78477859 -112.737381 736.8294678
vn -0.6317045093 0.4449908435 -0.6347696781
v 47.67905426 -112.7207718 736.9746704
vn -0.7435361147 0.4628489614 -0.4826229215
v 47.60281754 -112.7197266 737.1269531
vn -0.8292710185 0.464051038 -0.3113939762
v 47.54963303 -112.7342682 737.2995605
vn -0.884049952 0.4485276937 -0.1314480454
v 47.52700424 -112.7654495 737.4816284
vn -0.9076388478 0.4152682722 0.06118805334
v 47.53834534 -112.8131714 737.6657715
vn -0.8955588341 0.3648135364 0.2547262311
v 47.58465958 -112.8755112 737.8415527
vn -0.846803844 0.2988475263 0.4400151968
v 47.66398621 -112.9494629 737.999939
vn -0.7640021443 0.221075356 0.606157124
v 47.77046204 -113.0302124 738.132019
vn -0.6528352499 0.1361010373 0.7451729178
v 47.89559174 -113.1125259 738.2325439
vn -0.5219373703 0.04932345822 0.8515565395
v 48.03012848 -113.1917877 738.3004761
vn -0.3704127073 -0.03966505453 0.9280200005
v 48.18585205 -113.2748795 738.3414307
vn -0.2081104517 -0.1265464425 0.9698845744
v 48.35335541 -113.3557205 738.3483887
vn -0.03100446053 -0.2122279704 0.9767282009
v 48.52606201 -113.4305191 738.3183594
vn 0.1504629105 -0.2910768092 0.9447937608
v 48.69431305 -113.4946747 738.2512207
vn 0.3277534842 -0.3589303195 0.8739260435
v 48.84954453 -113.544838 738.1501465
vn 0.4905284643 -0.4117871225 0.7679929733
v 48.98286057 -113.5784531 738.0220947
vn 0.6307520866 -0.4474046826 0.6340196133
v 49.0885849 -113.5950699 737.8768311
vn 0.7425765395 -0.4652674794 0.4817741215
v 49.16482162 -113.5961151 737.7246094
vn 0.7895702124 -0.4666891694 0.3984721601
v 48.26311493 -115.43396 737.3447266
vn 0.8508582115 -0.4758567214 0.2227120847
v 48.31237411 -115.4271774 737.1710205
vn 0.8744578362 -0.4681202173 0.1272280067
v 48.33137131 -115.403389 736.9879761
vn 0.8942506313 -0.4425244331 -0.06699230522
v 48.31687927 -115.3623123 736.8029175
vn 0.8788098097 -0.3988734186 -0.2619033456
v 48.26810074 -115.3054657 736.6266479
vn 0.8273302913 -0.3385152221 -0.4482543766
v 48.18712997 -115.2355576 736.4678955
vn 0.7425667644 -0.2647737861 -0.6152149439
v 48.07990265 -115.1572189 736.3357544
vn 0.6303055286 -0.1821455508 -0.7546774149
v 47.95487213 -115.075676 736.2354126
vn 0.4990817606 -0.09597295523 -0.8612238765
v 47.82117081 -114.9957428 736.1679077
vn 0.3481041193 -0.006010183599 -0.9374366403
v 47.66708755 -114.9104538 736.1275635
vn 0.187272191 0.08328080922 -0.9787713885
v 47.50202179 -114.8258514 736.1213989
vn 0.01222547982 0.1731576771 -0.9848182201
v 47.33250046 -114.7457886 736.1524048
vn -0.1664040536 0.2577247918 -0.9517812729
v 47.1680336 -114.6750717 736.2207642
vn -0.3401736617 0.3325771093 -0.8795875907
v 47.01700211 -114.6173782 736.3231812
vn -0.4990966916 0.3933960795 -0.772102356
v 46.88803482 -114.5757599 736.4525146
vn -0.6353328824 0.4374737442 -0.6363716722
v 46.78654861 -114.5511551 736.598999
vn -0.7430878878 0.4637312293 -0.4824662805
v 46.71422577 -114.5425568 736.7523193
vn -0.8246614933 0.4734024704 -0.309553802
v 46.66496658 -114.5493393 736.9260254
vn -0.8755636811 0.4658617377 -0.1279104352
v 46.64597321 -114.5731354 737.1090698
vn -0.8954088688 0.4402806461 0.06630174816
v 46.66046143 -114.614212 737.2941284
vn -0.8800094724 0.3966443241 0.2612596452
v 46.70923996 -114.6710587 737.4703979
vn -0.8285198212 0.3362681866 0.447748363
v 46.79021072 -114.7409668 737.6291504
vn -0.7437335253 0.2625224888 0.614770174
v 46.89743805 -114.8192978 737.7612915
vn -0.6314697266 0.1799070239 0.7542409897
v 47.02246857 -114.9008408 737.8616333
vn -0.5002678037 0.09376876056 0.860778451
v 47.15616989 -114.9807816 737.9291992
vn -0.3493372798 0.003858130425 0.9369891286
v 47.31025314 -115.0660706 737.9694824
vn -0.1882080883 -0.0855801478 0.9783934355
v 47.47532272 -115.1506653 737.975708
vn -0.01314620767 -0.1754449904 0.9844014645
v 47.64484406 -115.2307358 737.9446411
vn 0.1655311286 -0.2600176036 0.9513098001
v 47.80931091 -115.3014526 737.8762817
vn 0.3394425809 -0.334923774 0.8789793849
v 47.96034241 -115.3591385 737.7738647
vn 0.4982589185 -0.3957138956 0.771458745
v 48.08930588 -115.4007645 737.6445312
vn 0.6343592405 -0.4397572279 0.6357687712
v 48.19079208 -115.4253693 737.4981079
vn 0.7420702577 -0.4660072327 0.4818392396
v 48.26311493 -115.43396 737.3447266
vn 0.7873178124 -0.4712205231 0.3975950778
v 47.30988693 -117.2507248 737.0537109
vn 0.8427073359 -0.4911693335 0.2204473019
v 47.3551712 -117.2513046 736.8792725
vn 0.8644707203 -0.4871404171 0.1240343899
v 47.37053299 -117.2344208 736.6955566
vn 0.8804029226 -0.4688279033 -0.07135166228
v 47.35293579 -117.1994705 736.5101929
vn 0.8615921736 -0.4315384626 -0.2672704458
v 47.30178452 -117.1475677 736.3335571
vn 0.8074017167 -0.3762715459 -0.4544471502
v 47.21929932 -117.0811691 736.1746826
vn 0.7207612991 -0.3060650527 -0.6219544411
v 47.11148071 -117.0047302 736.0426636
vn 0.6075071692 -0.2252682745 -0.7617015243
v 46.9867363 -116.9235153 735.9425049
vn 0.4761970639 -0.1392949522 -0.8682357073
v 46.85405731 -116.8425293 735.8753662
vn 0.3259607852 -0.04792687297 -0.9441676736
v 46.70183182 -116.754715 735.8355713
vn 0.1665022224 0.04433823004 -0.9850437045
v 46.53942871 -116.6661148 735.8302002
vn -0.006081572268 0.1386520416 -0.9903224707
v 46.37331772 -116.5806198 735.8619995
vn -0.1815728396 0.2291475087 -0.9563068151
v 46.21285248 -116.5032959 735.9311523
vn -0.3515934348 0.3111945689 -0.882915616
v 46.0662117 -116.4381485 736.0346069
vn -0.5063608289 0.3800666332 -0.7740465403
v 45.94175339 -116.3886795 736.164917
vn -0.6381310225 0.4325044155 -0.6369683743
v 45.84462738 -116.3563385 736.3121948
vn -0.7414886951 0.4669946134 -0.4817785621
v 45.77629852 -116.3405075 736.4663086
vn -0.8187338114 0.4849044979 -0.3074777722
v 45.73101044 -116.3399277 736.640686
vn -0.8655700684 0.4850429595 -0.124586232
v 45.71565247 -116.3568115 736.8244019
vn -0.8815507889 0.466746062 0.07082585245
v 45.73324585 -116.3917618 737.0098267
vn -0.8627710342 0.4294726849 0.2667945921
v 45.78440094 -116.4436569 737.1864014
vn -0.8085677624 0.3741998672 0.4540843666
v 45.86688232 -116.5100632 737.3452759
vn -0.7218655348 0.3039690554 0.6217016578
v 45.97470474 -116.5865021 737.4772949
vn -0.6086230874 0.2232024968 0.7614188194
v 46.09944916 -116.667717 737.5773315
vn -0.4772629738 0.1372221708 0.8679804802
v 46.23212814 -116.748703 737.6445312
vn -0.327157706 0.04594035447 0.943852365
v 46.38435364 -116.8365173 737.6843872
vn -0.1675018817 -0.04642056301 0.984778285
v 46.54675674 -116.9251175 737.6897583
vn 0.005181272049 -0.1407906413 0.9900258183
v 46.71286774 -117.0106125 737.657959
vn 0.180749923 -0.2313204557 0.9559394717
v 46.87333298 -117.0879364 737.5886841
vn 0.3508512974 -0.3134072423 0.88242805
v 47.01997375 -117.1530838 737.4853516
vn 0.5054585934 -0.3822089434 0.7735812068
v 47.14442825 -117.2025452 737.3550415
vn 0.6371320486 -0.4346247911 0.6365249753
v 47.24155807 -117.2348938 737.2077637
vn 0.7404795289 -0.4691268504 0.4812588394
v 47.30988693 -117.2507248 737.0537109
vn 0.7836310863 -0.4782165885 0.3965239227
v 46.29191589 -119.0662613 736.8435059
vn 0.8338590264 -0.5067379475 0.2188510746
v 46.33322906 -119.0737457 736.6687622
vn 0.8536154032 -0.5062648654 0.1226241291
v 46.34498215 -119.0632935 736.4847412
vn 0.8659635782 -0.4946735799 -0.07351938635
v 46.32433319 -119.0339661 736.2991333
vn 0.844085753 -0.4631969333 -0.2701256871
v 46.2708931 -118.9865341 736.1224976
vn 0.7874906063 -0.4124962986 -0.4579359591
v 46.18700409 -118.9231873 735.9637451
vn 0.6992844939 -0.3453779519 -0.6258715987
v 46.07871628 -118.8482742 735.8319092
vn 0.5853204131 -0.2660422623 -0.7659122348
v 45.95439148 -118.7670898 735.7320557
vn 0.4542001188 -0.1800155342 -0.872523129
v 45.82286835 -118.684845 735.6652832
vn 0.3048382103 -0.08697142452 -0.9484248161
v 45.67264557 -118.5943756 735.6259155
vn 0.1471596658 0.008186352439 -0.9890788794
v 45.51305008 -118.5017166 735.6209717
vn -0.0229716748 0.1069890112 -0.9939947724
v 45.35049057 -118.4108429 735.6533203
vn -0.1952579916 0.203291595 -0.9594513178
v 45.19415283 -118.3270721 735.7231445
vn -0.3614829183 0.2922630608 -0.8853882551
v 45.05201721 -118.2547073 735.8271484
vn -0.5119354725 0.3687149584 -0.7758681178
v 44.93215179 -118.1977234 735.9578857
vn -0.6394780278 0.4291742146 -0.6378694177
v 44.83943558 -118.1580124 736.1057739
vn -0.7386372685 0.4714486301 -0.4818206429
v 44.77512741 -118.1353455 736.2602539
vn -0.8117151856 0.4970419407 -0.3067047
v 44.73381424 -118.127861 736.4349365
vn -0.854703486 0.5043219924 -0.1230499968
v 44.72206116 -118.1383133 736.6189575
vn -0.8670927286 0.4927493036 0.0731324777
v 44.74271011 -118.1676407 736.8045654
vn -0.8452371955 0.461291343 0.2697858214
v 44.79615021 -118.2150803 736.9812622
vn -0.7886422276 0.4105989933 0.4576591253
v 44.88003922 -118.2784195 737.1400146
vn -0.7003970742 0.3434613645 0.6256822348
v 44.98832703 -118.3533401 737.2718506
vn -0.5864059925 0.2641300559 0.7657436728
v 45.11265182 -118.4345169 737.3717041
vn -0.4552403688 0.1780987829 0.8723743558
v 45.24417496 -118.5167618 737.4384766
vn -0.3059082925 0.08510702103 0.9482493997
v 45.39439774 -118.6072388 737.4779053
vn -0.1481374055 -0.01010821853 0.9889151454
v 45.55399323 -118.6998978 737.4827881
vn 0.02218547836 -0.1090170592 0.9937922955
v 45.71655273 -118.7907639 737.4503784
vn 0.19431144 -0.2052480876 0.9592269063
v 45.87289047 -118.8745422 737.3806152
vn 0.3606594801 -0.2942953408 0.8850508332
v 46.01502609 -118.946907 737.2766113
vn 0.5111045241 -0.3707566559 0.7754428983
v 46.13489151 -119.003891 737.145813
vn 0.6384895444 -0.4311379194 0.637535274
v 46.22760773 -119.0435944 736.9979858
vn 0.7376415133 -0.4734211862 0.4814118445
v 46.29191589 -119.0662613 736.8435059
vn 0.779065609 -0.4864223301 0.3955377638
v 45.25856018 -120.797348 736.7150879
vn 0.8249076605 -0.5216006637 0.2178533971
v 45.29611588 -120.8109589 736.5402832
vn 0.8427447677 -0.5248153806 0.1197918355
v 45.30448914 -120.80616 736.3563232
vn 0.8511388898 -0.5192848444 -0.07684950531
v 45.28101349 -120.7817383 736.1707153
vn 0.8258152604 -0.4929886758 -0.2738453448
v 45.22548294 -120.738121 735.9942017
vn 0.7664764524 -0.4463075101 -0.4618695676
v 45.14036179 -120.6773148 735.8356934
vn 0.6763747334 -0.3817878067 -0.6298851371
v 45.03174591 -120.6035538 735.7040405
vn 0.5615561008 -0.3036471903 -0.7697097659
v 44.90792465 -120.5221863 735.6044312
vn 0.430460304 -0.2173716277 -0.8760442138
v 44.77760696 -120.4386139 735.5379028
vn 0.2820406556 -0.1226941571 -0.9515246749
v 44.62939835 -120.3455505 735.4988403
vn 0.1258394122 -0.02451237105 -0.9917477369
v 44.47257614 -120.2490616 735.4941406
vn -0.04185724258 0.07863187045 -0.9960246086
v 44.31349182 -120.1531982 735.5269775
vn -0.2107793689 0.1803988665 -0.9607436061
v 44.16115952 -120.0634995 735.5970459
vn -0.3730451465 0.275904268 -0.8858409524
v 44.02336121 -119.9845657 735.7012329
vn -0.5190135241 0.359464556 -0.7755064368
v 43.90789795 -119.920784 735.8322144
vn -0.6418142319 0.4272202551 -0.6368338466
v 43.81938934 -119.8744507 735.9801636
vn -0.7364481091 0.4766786695 -0.4800225496
v 43.75889587 -119.8456802 736.1348267
vn -0.805005908 0.509303093 -0.3042627573
v 43.72134018 -119.8320694 736.3095703
vn -0.8437904716 0.5230949521 -0.1199554801
v 43.71296692 -119.8368683 736.4935913
vn -0.85218364 0.5175871253 0.07672405988
v 43.73644257 -119.8612976 736.6791382
vn -0.8268434405 0.4913091958 0.273761183
v 43.79197311 -119.9049072 736.8556519
vn -0.7674654722 0.4446286857 0.4618463516
v 43.87709427 -119.9657135 737.0141602
vn -0.6773527265 0.3801216781 0.6298418641
v 43.98571014 -120.0394745 737.145813
vn -0.56246984 0.3019531071 0.7697090507
v 44.1095314 -120.120842 737.2454224
vn -0.4313503504 0.2156539708 0.8760309815
v 44.23984909 -120.2044144 737.3120117
vn -0.2829040289 0.1209540665 0.9514911771
v 44.38805771 -120.2974777 737.3510132
vn -0.1266755462 0.02273893543 0.9916835427
v 44.54487991 -120.3939667 737.3557129
vn 0.04102284834 -0.08042886853 0.9959158301
v 44.70396423 -120.48983 737.322937
vn 0.2099799961 -0.1822497547 0.9605693221
v 44.85629654 -120.5795288 737.2528687
vn 0.3721302748 -0.2777189314 0.8856586814
v 44.99409485 -120.6584625 737.1486206
vn 0.5181156397 -0.3613054156 0.7752513289
v 45.10955811 -120.7222519 737.0176392
vn 0.6408209801 -0.4290158749 0.6366269588
v 45.19806671 -120.7685776 736.8696899
vn 0.7354276776 -0.4784506559 0.4798240662
v 45.25856018 -120.797348 736.7150879
vn 0.7739774585 -0.4949783683 0.3949117064
v 44.11524963 -122.6106491 736.651001
vn 0.8220704198 -0.5261492729 0.2176399827
v 44.1494751 -122.6294022 736.4763184
vn 0.8368490934 -0.5339235663 0.1208686605
v 44.15476608 -122.6294861 736.2927246
vn 0.8424791694 -0.5333524346 -0.07592123002
v 44.12862015 -122.6094513 736.1074219
vn 0.8146883845 -0.5115709305 -0.2730897665
v 44.07100296 -122.5694504 735.9311523
vn 0.753315568 -0.468691498 -0.4613501132
v 43.98448944 -122.5112991 735.7728271
vn 0.6617110968 -0.4070399702 -0.6296482086
v 43.8752327 -122.4390945 735.6414185
vn 0.5459274054 -0.3306578398 -0.7698237896
v 43.75149918 -122.3582153 735.5421143
vn 0.4144477546 -0.2450566739 -0.8764589429
v 43.62189102 -122.2741623 735.475769
vn 0.2664691508 -0.1500053406 -0.9520990252
v 43.47507858 -122.1796036 735.4368286
vn 0.1111305207 -0.0506519787 -0.9925141931
v 43.32032776 -122.0805893 735.432312
vn -0.05515936762 0.05480853841 -0.9969721437
v 43.16394424 -121.9812012 735.4651489
vn -0.2221163213 0.1598827988 -0.9618221521
v 43.01482391 -121.8871231 735.5351562
vn -0.381841898 0.2595243752 -0.8870422244
v 42.88059235 -121.8031769 735.6394043
vn -0.5250921845 0.3479887247 -0.776647985
v 42.76882172 -121.7340698 735.7702637
vn -0.6448687911 0.4209578931 -0.637917459
v 42.68391037 -121.6824341 735.9180908
vn -0.7364805341 0.4756767154 -0.4809657931
v 42.62673569 -121.6486511 736.0725708
vn -0.8020319939 0.5134713054 -0.3051097095
v 42.59251022 -121.6298981 736.2471924
vn -0.8378680348 0.5323578715 -0.1207154915
v 42.58721924 -121.6298141 736.4309082
vn -0.8434458375 0.5317949057 0.07611358166
v 42.61336517 -121.6498489 736.6162109
vn -0.8155840039 0.5100138187 0.2733287513
v 42.67098618 -121.6898499 736.7924805
vn -0.7541218996 0.4671155214 0.4616310596
v 42.75749969 -121.7480011 736.9507446
vn -0.6624742746 0.4054740369 0.62985605
v 42.86675262 -121.8202057 737.0821533
vn -0.5467067957 0.3291193247 0.7699300051
v 42.99048615 -121.9010849 737.1814575
vn -0.4151593149 0.2434652001 0.8765656948
v 43.1200943 -121.9851379 737.2478027
vn -0.2671926022 0.1483945847 0.9521487355
v 43.26690674 -122.0796967 737.2868042
vn -0.1117759794 0.04897421598 0.9925258756
v 43.42165756 -122.1787109 737.2911987
vn 0.05437437817 -0.05643654615 0.9969244599
v 43.57804108 -122.2780991 737.2584839
vn 0.2212652415 -0.1615140885 0.961745739
v 43.72716141 -122.3721771 737.1883545
vn 0.3809942603 -0.2611916065 0.8869172931
v 43.86139297 -122.4561234 737.0841064
vn 0.5241078734 -0.3496028483 0.7765879035
v 43.9731636 -122.5252304 736.9532471
vn 0.6437898278 -0.4225372672 0.6379631162
v 44.05807495 -122.5768661 736.805481
vn 0.7354001403 -0.4772548079 0.4810555577
v 44.11524963 -122.6106491 736.651001
vn 0.7716511488 -0.4987790585 0.3946820498
v 42.99516296 -124.3654709 736.638916
vn 0.8280550241 -0.5166820288 0.217633903
v 43.02784348 -124.3864975 736.4646606
vn 0.8406116962 -0.5280875564 0.1203971803
v 43.03144455 -124.3892136 736.28125
vn 0.844214797 -0.5305230618 -0.07646360993
v 43.00352859 -124.3720779 736.0963745
vn 0.8142707348 -0.5119333267 -0.2736557424
v 42.94415283 -124.3350983 735.9203491
vn 0.7507347465 -0.4722425938 -0.461935401
v 42.85599136 -124.2799301 735.7623901
vn 0.6571022868 -0.4136546254 -0.6301638484
v 42.74528503 -124.2104874 735.6312866
vn 0.5394772291 -0.3399701416 -0.7703146338
v 42.62036896 -124.1320114 735.5321655
vn 0.4065033495 -0.2566168308 -0.8768710494
v 42.48987198 -124.049942 735.4659424
vn 0.2574067712 -0.1632322669 -0.95241642
v 42.34238815 -123.9570999 735.427002
vn 0.1012200266 -0.06531418115 -0.9927177429
v 42.1872673 -123.8593597 735.4225464
vn -0.06562716514 0.0393088311 -0.9970696568
v 42.03085709 -123.7607117 735.4553223
vn -0.2327331752 0.1441560388 -0.9617974162
v 41.88206863 -123.6667786 735.5252686
vn -0.3921505511 0.2442056388 -0.8868943453
v 41.74851227 -123.5823669 735.6292725
vn -0.5346645713 0.3337005675 -0.7763876319
v 41.6377182 -123.5122223 735.7599487
vn -0.6532782316 0.4082293212 -0.6376334429
v 41.55399323 -123.4591064 735.9074097
vn -0.7434965372 0.4649651647 -0.4806457162
v 41.4981308 -123.4235229 736.0616455
vn -0.8075297475 0.5050466061 -0.3046697974
v 41.46544647 -123.4024963 736.2359009
vn -0.8415580392 0.5266038179 -0.120284982
v 41.4618454 -123.3997803 736.4191895
vn -0.8451386094 0.5290309191 0.07659649104
v 41.48976135 -123.4169159 736.604187
vn -0.8151663542 0.510427475 0.2738021016
v 41.54913712 -123.4538956 736.7800903
vn -0.7515969276 0.4707353413 0.4620717168
v 41.63729858 -123.5090637 736.9380493
vn -0.6579171419 0.4121423364 0.6303045154
v 41.74800491 -123.5785065 737.0692749
vn -0.5403239131 0.3384971321 0.7703698874
v 41.87292099 -123.6569748 737.168396
vn -0.4073120356 0.2551329732 0.8769288063
v 42.00341797 -123.7390518 737.2346191
vn -0.2582136393 0.161756292 0.9524497986
v 42.15090179 -123.8318939 737.2734375
vn -0.1020467728 0.06384557486 0.9927286506
v 42.30602264 -123.9296341 737.2780151
vn 0.06482888013 -0.04078676552 0.9970625043
v 42.46243286 -124.0282745 737.2452393
vn 0.2318201959 -0.1455643326 0.9618058205
v 42.61122513 -124.1222076 737.175293
vn 0.3913159668 -0.2456780672 0.8868563175
v 42.74477768 -124.2066269 737.0712891
vn 0.5337049961 -0.3351246119 0.7764344811
v 42.85557175 -124.2767639 736.9406128
vn 0.6523408294 -0.4096904993 0.6376559734
v 42.93929672 -124.3298874 736.7930298
vn 0.7425192595 -0.4664144516 0.4807522297
v 42.99516296 -124.3654709 736.638916
vn 0.7764977813 -0.4911653697 0.3947249055
v 41.90067291 -126.1368484 736.6517334
vn 0.8395685554 -0.4978403151 0.2174388766
v 41.93305206 -126.158226 736.4777832
vn 0.8513500094 -0.5106204152 0.1202912554
v 41.93599701 -126.1619949 736.2947388
vn 0.8541645408 -0.5143318176 -0.07658788562
v 41.90706253 -126.1466141 736.1102295
vn 0.8230042458 -0.4976865649 -0.2738102674
v 41.84636307 -126.1120224 735.9346313
vn 0.7579056621 -0.4605608284 -0.462020278
v 41.7566185 -126.0597763 735.7769165
vn 0.6623953581 -0.4049758017 -0.6302594543
v 41.64418793 -125.9935989 735.6460571
vn 0.5427643061 -0.3345996141 -0.7703570724
v 41.51750946 -125.9184952 735.5471191
vn 0.4076913893 -0.2545817792 -0.8769126534
v 41.38531113 -125.8397141 735.4810181
vn 0.2565756142 -0.1645684093 -0.9524107575
v 41.23604202 -125.7503738 735.4421997
vn 0.09820730239 -0.06996001303 -0.992703855
v 41.07918549 -125.6560974 735.4378052
vn -0.0705980882 0.03128900379 -0.9970139861
v 40.92116547 -125.5607071 735.47052
vn -0.2395173609 0.133038938 -0.9617338777
v 40.77099228 -125.469635 735.5403442
vn -0.4005627036 0.2304787338 -0.8868083358
v 40.63635635 -125.3875351 735.644104
vn -0.5443682671 0.3179641366 -0.7762486935
v 40.52482605 -125.319046 735.7746582
vn -0.6637867093 0.3911037147 -0.63751477
v 40.44073868 -125.2668686 735.921814
vn -0.754373908 0.447126478 -0.4806224406
v 40.38484192 -125.2315674 736.0757446
vn -0.8185021281 0.487131536 -0.3045606315
v 40.35246277 -125.2101974 736.2497559
vn -0.8521602154 0.5092883706 -0.1202011108
v 40.34951782 -125.2064285 736.4326782
vn -0.8549664617 0.5129889846 0.07664617896
v 40.37844849 -125.2218094 736.6173096
vn -0.823805511 0.4963410497 0.2738431394
v 40.43915176 -125.2564011 736.7929077
vn -0.75868994 0.4592031538 0.4620844126
v 40.52889633 -125.3086472 736.9506226
vn -0.663197279 0.4036319554 0.6302782297
v 40.6413269 -125.3748245 737.0814819
vn -0.5435651541 0.3332649767 0.7703709602
v 40.76800537 -125.4499283 737.1804199
vn -0.4085360467 0.253287971 0.8768942356
v 40.9002037 -125.5287018 737.24646
vn -0.2573277652 0.1632472128 0.9524351954
v 41.04947281 -125.6180496 737.2852783
vn -0.09901873767 0.06868231297 0.9927124381
v 41.20632935 -125.712326 737.2897339
vn 0.06976706535 -0.03256658465 0.9970315695
v 41.36434937 -125.8077164 737.257019
vn 0.2386816144 -0.1343108565 0.9617648721
v 41.51452255 -125.8987808 737.1871948
vn 0.3997980654 -0.2317852825 0.8868128657
v 41.64915848 -125.9808884 737.083313
vn 0.5435361266 -0.3192377388 0.776309073
v 41.76068497 -126.0493774 736.9528809
vn 0.662956953 -0.3924007416 0.6375811696
v 41.84477615 -126.1015549 736.805603
vn 0.7535752654 -0.4484503865 0.4806418717
v 41.90067291 -126.1368484 736.6517334
vn 0.7870833278 -0.4740744829 0.3946558535
v 40.84982681 -127.934288 736.6727295
vn 0.8525295854 -0.4754411578 0.2171382755
v 40.88256073 -127.9549255 736.4990234
vn 0.8644290566 -0.4882207513 0.1200120449
v 40.88544846 -127.9587708 736.3163452
vn 0.8671321273 -0.4921124279 -0.07685885578
v 40.85601425 -127.9443512 736.1320801
vn 0.8353446126 -0.4765360653 -0.2740670145
v 40.79437256 -127.9115906 735.9567871
vn 0.7691001296 -0.4413407743 -0.4622805715
v 40.70329666 -127.8619614 735.7993774
vn 0.6720320582 -0.3884870112 -0.6304369569
v 40.5892334 -127.798996 735.6687622
vn 0.5504524708 -0.321402669 -0.7705208659
v 40.46073914 -127.7274857 735.5700073
vn 0.4132490158 -0.2450483739 -0.8770270944
v 40.32666779 -127.6524124 735.5040283
vn 0.2597708702 -0.1590142101 -0.9524881244
v 40.17530441 -127.5672302 735.4653931
vn 0.09907595813 -0.06866665184 -0.9927078485
v 40.01626205 -127.4772797 735.4609985
vn -0.07240942121 0.0282674171 -0.996974349
v 39.85606384 -127.3862305 735.4937134
vn -0.243868202 0.1256562024 -0.9616333842
v 39.70384216 -127.2992401 735.5634766
vn -0.4072584212 0.2189687639 -0.8866754174
v 39.56739044 -127.2207642 735.6671753
vn -0.5531385541 0.3028479218 -0.7760933638
v 39.45438004 -127.1552353 735.7974854
vn -0.674300015 0.3731028438 -0.6372705102
v 39.36920166 -127.1052475 735.944519
vn -0.7661110163 0.4269647598 -0.4803904593
v 39.31261063 -127.0713577 736.0981445
vn -0.8310605884 0.4655137062 -0.3043604791
v 39.27987671 -127.0507278 736.2717896
vn -0.8650982976 0.4870479405 -0.1199549884
v 39.27698898 -127.0468826 736.4545288
vn -0.8677998185 0.4909314811 0.07687466592
v 39.30642319 -127.0613022 736.6387939
vn -0.8360282779 0.4753603041 0.2740243077
v 39.36806488 -127.0940552 736.8141479
vn -0.7697812319 0.4401718676 0.462261349
v 39.45914078 -127.143692 736.9714355
vn -0.6726717949 0.3872991502 0.6304855347
v 39.57320404 -127.2066498 737.1021118
vn -0.5511651039 0.3202508092 0.7704910636
v 39.7016983 -127.2781677 737.2008057
vn -0.414047569 0.2439481765 0.8769571781
v 39.83576965 -127.353241 737.2667847
vn -0.260553807 0.1579023153 0.9524592161
v 39.98713303 -127.4384232 737.305481
vn -0.0996792987 0.06746084243 0.9927300811
v 40.14617538 -127.5283737 737.3098755
vn 0.07165631652 -0.02937636711 0.9969967008
v 40.3063736 -127.6194229 737.2771606
vn 0.2430705279 -0.1267447621 0.961692512
v 40.45859528 -127.7064133 737.2073364
vn 0.406545639 -0.2201156616 0.8867185116
v 40.59505081 -127.7848892 737.1036987
vn 0.5524403453 -0.3039980829 0.7761409879
v 40.7080574 -127.8504181 736.9733887
vn 0.6735808253 -0.3742344379 0.6373676062
v 40.79323578 -127.9004059 736.8262939
vn 0.7654377222 -0.4281317592 0.4804251194
v 40.84982681 -127.934288 736.6727295
vn 0.7994051576 -0.4531848729 0.3944297731
v 39.8484993 -129.7595367 736.6923218
vn 0.8648132682 -0.45281443 0.2169264704
v 39.88187408 -129.7788849 736.5187988
vn 0.8772285581 -0.4649038613 0.119726643
v 39.88500214 -129.7822723 736.3364258
vn 0.8801631331 -0.4683614671 -0.07713887841
v 39.85537338 -129.7682953 736.1524048
vn 0.8480924368 -0.4532873631 -0.2743533552
v 39.79308701 -129.7369232 735.977356
vn 0.7810636759 -0.4195604026 -0.4625025094
v 39.70094681 -129.6895447 735.8202515
vn 0.6826972961 -0.3690316975 -0.6306663156
v 39.58547592 -129.6295319 735.6897583
vn 0.5594803095 -0.3050220609 -0.7706772089
v 39.45534515 -129.5614319 735.5912476
vn 0.4203086197 -0.2321905941 -0.8771705627
v 39.31952286 -129.4900208 735.5253906
vn 0.2645451128 -0.1501086056 -0.952619195
v 39.16614151 -129.4090271 735.4869385
vn 0.1015005484 -0.0640617758 -0.9927707314
v 39.00494003 -129.3235779 735.4825439
vn -0.07238370925 0.02812458761 -0.9969802499
v 38.84252167 -129.2371216 735.5152588
vn -0.2465226948 0.1208631992 -0.9615709186
v 38.6881485 -129.1545715 735.5849609
vn -0.4124535024 0.2096357793 -0.8865297437
v 38.54972458 -129.0801697 735.6885986
vn -0.5605076551 0.289290756 -0.7759780884
v 38.43503189 -129.0180969 735.8187256
vn -0.6836081743 0.3560127914 -0.6371301413
v 38.34852982 -128.9708252 735.9655762
vn -0.7769935727 0.40714252 -0.4801207781
v 38.29099655 -128.938858 736.1190186
vn -0.8430358171 0.4436130226 -0.3041350842
v 38.25762177 -128.9195099 736.2924805
vn -0.877767086 0.463891536 -0.1197064146
v 38.25449371 -128.9161224 736.4748535
vn -0.880700469 0.4673508704 0.07713519037
v 38.28412247 -128.9300995 736.6589355
vn -0.8486480713 0.4522867799 0.2742865086
v 38.34640503 -128.9614716 736.8339844
vn -0.7816315889 0.4185615778 0.4624481499
v 38.43854523 -129.0088501 736.9911499
vn -0.6832432151 0.3680209816 0.6306657791
v 38.55401611 -129.0688629 737.121521
vn -0.5600222945 0.3040147126 0.77068156
v 38.6841507 -129.1369629 737.2200317
vn -0.4209163189 0.2312170267 0.8771363497
v 38.81997299 -129.208374 737.2858887
vn -0.2652718127 0.1491883546 0.9525616765
v 38.97335434 -129.2893677 737.3244629
vn -0.1021573618 0.06308764964 0.9927657247
v 39.13455582 -129.3748169 737.3287354
vn 0.07181524485 -0.02915122174 0.9969918728
v 39.29697418 -129.4612732 737.2960205
vn 0.2457777113 -0.1217873544 0.9616450071
v 39.45134354 -129.5438232 737.2263184
vn 0.4118143916 -0.2106103748 0.8865958452
v 39.58977127 -129.6182251 737.1227417
vn 0.5599460006 -0.2903153598 0.776000917
v 39.70446014 -129.6802979 736.9926147
vn 0.6830220222 -0.3570132554 0.637198925
v 39.79096603 -129.7275696 736.8457642
vn 0.7764294744 -0.4081456959 0.4801816046
v 39.8484993 -129.7595367 736.6923218
vn 0.8112101555 -0.431938678 0.3941662908
v 38.89598083 -131.6112823 736.7055664
vn 0.8757655025 -0.4313150644 0.2167996168
v 38.93008423 -131.6291199 736.5322876
vn 0.8887801766 -0.442458123 0.1195850447
v 38.93358612 -131.6317596 736.3500977
vn 0.8921077251 -0.445161432 -0.07729906589
v 38.90393066 -131.6179352 736.1663208
vn 0.8599657416 -0.4302379787 -0.2745071948
v 38.8412056 -131.5875854 735.9915161
vn 0.7923691869 -0.3975965083 -0.4626749158
v 38.74822617 -131.5421143 735.8345337
vn 0.692968905 -0.349032253 -0.6308490634
v 38.63158035 -131.484726 735.7043457
vn 0.568339467 -0.2877396047 -0.7708411813
v 38.50003815 -131.4197693 735.605896
vn 0.4275379479 -0.2181855738 -0.8772721291
v 38.36267471 -131.3517609 735.5402222
vn 0.2699075043 -0.1399306208 -0.9526643753
v 38.2074852 -131.2747345 735.5016479
vn 0.1046019793 -0.05788136274 -0.9928283691
v 38.04431915 -131.193573 735.4973755
vn -0.07158786803 0.02981073037 -0.9969887137
v 37.87985611 -131.1115875 735.5301514
vn -0.2479982376 0.117828615 -0.9615681171
v 37.72346497 -131.033432 735.5997925
vn -0.4162917733 0.2020445317 -0.8864982724
v 37.58315659 -130.9631042 735.7032471
vn -0.5665830374 0.2775131464 -0.7758673429
v 37.46682358 -130.9045715 735.833313
vn -0.6915256977 0.3405208588 -0.6370539665
v 37.37899017 -130.8601379 735.9799805
vn -0.7864579558 0.388694495 -0.4800004959
v 37.32047272 -130.8302612 736.1333008
vn -0.8536852598 0.4228695333 -0.3039782941
v 37.28636932 -130.8124237 736.3065186
vn -0.8892076612 0.4416015446 -0.1195735782
v 37.28286743 -130.8097687 736.4887695
vn -0.8925329447 0.4443109035 0.07728329301
v 37.31252289 -130.8236084 736.6724854
vn -0.8604028821 0.4293978214 0.2744528353
v 37.37524796 -130.8539429 736.8473511
vn -0.792801559 0.3967595994 0.4626527131
v 37.46822739 -130.8994141 737.0042725
vn -0.6934443116 0.3482100666 0.6307810545
v 37.5848732 -130.9568024 737.1344604
vn -0.5688707829 0.2869302928 0.7707509398
v 37.71641541 -131.021759 737.2329712
vn -0.428045541 0.2173615396 0.8772291541
v 37.85377884 -131.0897827 737.298645
vn -0.2703340948 0.13906762 0.9526697397
v 38.00896835 -131.1668091 737.3370972
vn -0.10519775 0.05710282177 0.9928104877
v 38.1721344 -131.2479553 737.3414307
vn 0.0709849149 -0.03059631772 0.9970080256
v 38.33659744 -131.3299561 737.3087158
vn 0.2474458516 -0.1186447367 0.9616100788
v 38.49298859 -131.4081116 737.2390747
vn 0.4157213867 -0.2028547525 0.8865808845
v 38.63329697 -131.4784393 737.1355591
vn 0.5661091805 -0.2783582211 0.7759104967
v 38.74962997 -131.536972 737.0055542
vn 0.691051662 -0.3413678408 0.6371150613
v 38.83746338 -131.5814056 736.8588867
vn 0.7860072851 -0.3895445466 0.4800496101
v 38.89598083 -131.6112823 736.7055664
vn 0.8216999173 -0.4118691385 0.3939200938
v 37.99051285 -133.4855499 736.7097168
vn 0.8852363229 -0.4115782678 0.2167024463
v 38.02532196 -133.5018158 736.5366821
vn 0.8988535404 -0.421638608 0.1195122674
v 38.02922821 -133.5036316 736.3546753
vn 0.9026139379 -0.4234388471 -0.07737992704
v 37.9996376 -133.4897308 736.1710815
vn 0.8705028892 -0.4084617496 -0.2745609283
v 37.93660736 -133.4601898 735.9963379
vn 0.8025032878 -0.3766494393 -0.4627350271
v 37.84296799 -133.4163208 735.8395996
vn 0.7022972107 -0.3297549784 -0.6309043169
v 37.72536087 -133.3612213 735.7095337
vn 0.576436162 -0.2708123624 -0.7709617615
v 37.59263611 -133.2990417 735.6112061
vn 0.4343178868 -0.204227075 -0.877302289
v 37.45396423 -133.2340851 735.5455933
vn 0.2749321461 -0.1293887347 -0.9527176023
v 37.29722595 -133.160675 735.5071411
vn 0.1079524383 -0.05120249093 -0.9928366542
v 37.13235474 -133.0834503 735.5028687
vn -0.07037965953 0.03236413375 -0.9969950914
v 36.96609879 -133.0056 735.5355225
vn -0.248923257 0.1160378382 -0.9615468979
v 36.80792999 -132.9315338 735.6051025
vn -0.4192516804 0.1958804876 -0.8864868283
v 36.66593552 -132.8650513 735.7085571
vn -0.571536839 0.2673036158 -0.7758185267
v 36.54812241 -132.8098907 735.8383789
vn -0.6982141733 0.3267462552 -0.6369724274
v 36.45907211 -132.7682037 735.9849854
vn -0.7945227027 0.3719672859 -0.4799729884
v 36.3996315 -132.740387 736.1381226
vn -0.8628810644 0.4038361311 -0.3038957417
v 36.36482239 -132.7241058 736.3111572
vn -0.8991854787 0.4209392369 -0.1194808409
v 36.36091614 -132.7223053 736.4932861
vn -0.9029417038 0.4227425456 0.07736269385
v 36.39050674 -132.7361908 736.6767578
vn -0.870834291 0.407767117 0.2745424807
v 36.45353699 -132.7657318 736.8515015
vn -0.8028536439 0.3759633899 0.462685138
v 36.54717636 -132.8096161 737.0083008
vn -0.7026481032 0.3290763497 0.6308679581
v 36.66478348 -132.8647156 737.1383667
vn -0.5768892169 0.2701838315 0.7708433867
v 36.79750824 -132.9268951 737.2366943
vn -0.4346851707 0.2035443336 0.8772790432
v 36.93618011 -132.9918518 737.3023071
vn -0.2753546834 0.1287278384 0.9526851177
v 37.0929184 -133.0652618 737.3407593
vn -0.1083425283 0.05052557588 0.992828846
v 37.25778961 -133.1424713 737.3450317
vn 0.06988772005 -0.03298577666 0.9970093369
v 37.42404556 -133.2203369 737.3123779
vn 0.2484354079 -0.1166633442 0.961597383
v 37.58221436 -133.2944031 737.2427368
vn 0.4188673496 -0.1965593547 0.88651824
v 37.72420883 -133.3608856 737.1393433
vn 0.5711060762 -0.2679657638 0.7759073377
v 37.84202194 -133.4160461 737.0094604
vn 0.6978377104 -0.3274324834 0.6370325685
v 37.93107224 -133.4577332 736.862854
vn 0.7941734791 -0.3726683259 0.4800070822
v 37.99051285 -133.4855499 736.7097168
vn 0.8307099938 -0.393424958 0.3938752413
v 37.12701797 -135.3812103 736.7042847
vn 0.8932597041 -0.3938083351 0.2167996615
v 37.16249084 -135.3959656 736.531311
vn 0.9074462652 -0.4028015137 0.1195499972
v 37.16679764 -135.3968811 736.3493652
vn 0.9116376042 -0.4036591351 -0.07730554789
v 37.13731003 -135.3828278 736.1658936
vn 0.8796120882 -0.3885005116 -0.2744994462
v 37.07406616 -135.3538818 735.991394
vn 0.8113143444 -0.3573160172 -0.462703228
v 36.97990417 -135.3113556 735.8347778
vn 0.7104954123 -0.3118502796 -0.6308293343
v 36.8615036 -135.2582397 735.7047119
vn 0.5836856365 -0.2549872994 -0.7709037662
v 36.7277832 -135.1985321 735.6065674
vn 0.4403330088 -0.190956682 -0.8772926331
v 36.58799744 -135.1363068 735.5408936
vn 0.2796473801 -0.1192646995 -0.9526664019
v 36.42992783 -135.0661469 735.5025635
vn 0.111056447 -0.04444444552 -0.9928197861
v 36.26358795 -134.9925079 735.4981689
vn -0.06900312752 0.03530497104 -0.9969915152
v 36.09577179 -134.9184265 735.5308838
vn -0.2493566424 0.1149870679 -0.9615608454
v 35.93603897 -134.848114 735.6004639
vn -0.4215289652 0.1908679754 -0.886500299
v 35.79256439 -134.7851868 735.7037354
vn -0.5755019188 0.2585267723 -0.7758617401
v 35.67342758 -134.7331696 735.8335571
vn -0.7037584782 0.3146662414 -0.6369530559
v 35.58328247 -134.6940918 735.9799805
vn -0.8012838364 0.3571080863 -0.4800188243
v 35.522995 -134.6682434 736.1329956
vn -0.8706365824 0.3867514729 -0.3039987087
v 35.48752594 -134.6534882 736.3059082
vn -0.9076833129 0.4022705853 -0.1195384338
v 35.48321533 -134.6525879 736.487854
vn -0.9118729234 0.4031291306 0.07729580998
v 35.51270294 -134.6666412 736.6712646
vn -0.8798450232 0.3879763484 0.2744942605
v 35.57595062 -134.6955719 736.8457642
vn -0.8115696311 0.356803 0.4626514614
v 35.67011261 -134.7381134 737.0024414
vn -0.7107754946 0.3113355637 0.6307680607
v 35.78851318 -134.791214 737.1324463
vn -0.5840509534 0.2545164526 0.7707826495
v 35.92223358 -134.8509216 737.2307129
vn -0.4406442046 0.1904577017 0.8772448301
v 36.06201935 -134.913147 737.2962646
vn -0.2798718512 0.1187334955 0.9526668191
v 36.22008514 -134.9833069 737.3345947
vn -0.1113927141 0.04396370798 0.992803514
v 36.38642883 -135.0569458 737.3389893
vn 0.06865939498 -0.03578962758 0.9969980121
v 36.554245 -135.1310272 737.3063354
vn 0.2489165068 -0.1154463589 0.961619854
v 36.71397781 -135.2013397 737.2368164
vn 0.4212026894 -0.1913672239 0.8865477443
v 36.85745239 -135.264267 737.1334839
vn 0.5751984119 -0.2590318322 0.7759183645
v 36.9765892 -135.3162842 737.0037231
vn 0.7034307122 -0.3151695132 0.6370662451
v 37.06673431 -135.3553772 736.8572998
vn 0.8010255098 -0.3576450944 0.4800501168
v 37.12701797 -135.3812103 736.7042847
vn 0.8383211493 -0.3768932223 0.393915236
v 36.30249405 -137.2930603 736.6886597
vn 0.8979584575 -0.3773989379 0.2263640761
v 36.33856201 -137.306366 736.5158691
vn 0.9129889011 -0.3845430315 0.1363007724
v 36.34324646 -137.3063965 736.3339844
vn 0.9206710458 -0.385678798 -0.06013873965
v 36.31387711 -137.2921143 736.1506958
vn 0.8919059038 -0.3715150058 -0.2578379512
v 36.25047302 -137.2636414 735.9762573
vn 0.8263429999 -0.3419843912 -0.4474415481
v 36.15587997 -137.2222595 735.8197021
vn 0.7273739576 -0.2986521125 -0.6178463101
v 36.03681183 -137.1708832 735.6897583
vn 0.601491034 -0.2443214357 -0.7606021166
v 35.90224838 -137.113327 735.5914917
vn 0.4577994645 -0.1828623712 -0.870046556
v 35.76150894 -137.0535431 735.5259399
vn 0.2982558906 -0.1149481982 -0.9475390911
v 35.60229492 -136.9862823 735.4874878
vn 0.129559353 -0.04355226085 -0.9906147718
v 35.43468094 -136.9158478 735.4832153
vn -0.05161887407 0.03269345686 -0.9981315732
v 35.26551056 -136.8451538 735.5158691
vn -0.2340019047 0.1090227216 -0.9661040902
v 35.10441589 -136.7782593 735.5853271
vn -0.4089471996 0.1817978621 -0.8942660093
v 34.9596405 -136.7185669 735.6885376
vn -0.5664672852 0.2468555272 -0.7862424254
v 34.83934402 -136.6694336 735.8182373
vn -0.6986846924 0.3009631038 -0.649046123
v 34.74822998 -136.6327209 735.9645386
vn -0.8000546098 0.3418872952 -0.4929763675
v 34.68719101 -136.6087189 736.1174316
vn -0.8722214699 0.3703684807 -0.3194634914
v 34.65112305 -136.5954132 736.2902832
vn -0.9126001 0.3854754269 -0.1362706572
v 34.6464386 -136.5953827 736.4720459
vn -0.9202504754 0.3866796196 0.06014919281
v 34.67580795 -136.6096649 736.6553955
vn -0.8914642334 0.3725554347 0.2578641474
v 34.73921204 -136.6381378 736.829895
vn -0.8259137869 0.3430459797 0.4474213719
v 34.83380508 -136.6795197 736.9863892
vn -0.7269709706 0.2996857762 0.6178200841
v 34.95287323 -136.730896 737.116394
vn -0.601146102 0.245274514 0.7605680823
v 35.08743668 -136.7884521 737.2145996
vn -0.4575954974 0.1837350875 0.869969964
v 35.22817612 -136.8482361 737.2801514
vn -0.2979257703 0.1157822534 0.9475414157
v 35.38739014 -136.9154968 737.3186035
vn -0.129250735 0.04451650009 0.9906122088
v 35.55500412 -136.9859314 737.322937
vn 0.05194761232 -0.03166033328 0.9981478453
v 35.7241745 -137.0566101 737.2902832
vn 0.2343472689 -0.1079531983 0.9661405087
v 35.88526535 -137.1235199 737.2208252
vn 0.4092595279 -0.180708915 0.894343853
v 36.03004074 -137.1832123 737.1176147
vn 0.5668567419 -0.245836243 0.7862811089
v 36.15034103 -137.2323456 736.987854
vn 0.6990070343 -0.3000086844 0.649140954
v 36.24145508 -137.2690582 736.8414917
vn 0.8003676534 -0.3410711288 0.4930335581
v 36.30249405 -137.2930603 736.6886597
vn 0.8478470445 -0.3612631857 0.3881292939
v 35.51306152 -139.2191315 736.663269
vn 0.8921776414 -0.3637884259 0.2677257061
v 35.54966736 -139.2310944 736.4906006
vn 0.9204787612 -0.3726375997 0.1177287698
v 35.55469894 -139.2302856 736.3087769
vn 0.9249824882 -0.3715292811 -0.07983340323
v 35.52544785 -139.215744 736.1256104
vn 0.8923482895 -0.3554498851 -0.278154552
v 35.46192169 -139.1876221 735.9512329
vn 0.8235198855 -0.3260629475 -0.4642175436
v 35.36696625 -139.1472168 735.7946777
vn 0.7206197977 -0.282022953 -0.6333799362
v 35.24732971 -139.0973358 735.6646729
vn 0.5911826491 -0.2276952267 -0.7737299204
v 35.11203384 -139.0417023 735.5665283
vn 0.4447342753 -0.1669773012 -0.8799602389
v 34.97047043 -138.9840546 735.5009766
vn 0.2857306898 -0.1010715067 -0.9529651403
v 34.81026077 -138.9193878 735.4625244
vn 0.1142220348 -0.03135186061 -0.9929603934
v 34.64153671 -138.8518219 735.4581909
vn -0.06892573088 0.04250354692 -0.9967159629
v 34.47117996 -138.7841949 735.4907227
vn -0.2531138361 0.1162182689 -0.9604305029
v 34.30889511 -138.7203674 735.5601196
vn -0.4259552956 0.1850336939 -0.8856210113
v 34.16297531 -138.6636047 735.6633301
vn -0.5833308697 0.2470072359 -0.7737651467
v 34.04165268 -138.6170807 735.7928467
vn -0.7142403126 0.2978844345 -0.6333447695
v 33.94967651 -138.5825653 735.9391479
vn -0.8134411573 0.3356688619 -0.4750156999
v 33.88796997 -138.560257 736.0919189
vn -0.8824226856 0.3600558937 -0.3028035462
v 33.85136032 -138.5482941 736.2647095
vn -0.9204589725 0.3726880848 -0.1177238375
v 33.84633255 -138.5491028 736.4464111
vn -0.9249588251 0.3715942204 0.07980537415
v 33.87558365 -138.5636444 736.6297607
vn -0.8922973871 0.3555125892 0.2782376409
v 33.9391098 -138.5917664 736.8041382
vn -0.8234817982 0.3261606097 0.4642165899
v 34.03406143 -138.6321716 736.9606934
vn -0.7205464244 0.2821102142 0.6334245801
v 34.15370178 -138.6820526 737.0905151
vn -0.5912118554 0.2277899384 0.7736797333
v 34.28899384 -138.7376862 737.1887817
vn -0.444948405 0.167118907 0.8798251152
v 34.43055725 -138.7953339 737.2543335
vn -0.2856528759 0.1010521501 0.9529905319
v 34.59076691 -138.8600006 737.2927856
vn -0.1142958328 0.03143902868 0.9929491878
v 34.75949478 -138.9275665 737.2971802
vn 0.06893073022 -0.04245867208 0.9967175126
v 34.92984772 -138.9951935 737.2645874
vn 0.2531304657 -0.1161378622 0.9604358077
v 35.09213638 -139.059021 737.1951904
vn 0.4260597527 -0.1849530637 0.8855876327
v 35.23805237 -139.115799 737.09198
vn 0.5834292769 -0.2469518781 0.7737086415
v 35.35937881 -139.1623077 736.9623413
vn 0.7142603993 -0.2978084981 0.6333578825
v 35.45135117 -139.1968231 736.8161621
vn 0.813460052 -0.335626483 0.4750132561
v 35.51306152 -139.2191315 736.663269
vn 0.8674125075 -0.3549917638 0.348678112
v 34.75457764 -141.1587982 736.6286621
vn 0.9039129019 -0.3587034643 0.2329663187
v 34.79167175 -141.1695099 736.4559937
vn 0.9235639572 -0.3638932109 0.1208774075
v 34.79701614 -141.1678925 736.274292
vn 0.9288988113 -0.3624206781 -0.07614593953
v 34.76787949 -141.1530609 736.0910034
vn 0.8915142417 -0.3432684541 -0.2955826521
v 34.70425034 -141.1252289 735.916626
vn 0.8380854726 -0.3199175298 -0.441888541
v 34.60898209 -141.0856476 735.7601318
vn 0.7260413766 -0.2736781836 -0.6308440566
v 34.48884201 -141.0371094 735.630188
vn 0.5971566439 -0.2209440619 -0.7710950971
v 34.35290909 -140.9831543 735.5319824
vn 0.4511517286 -0.1621206999 -0.8775984049
v 34.21061325 -140.9274292 735.4663696
vn 0.2892884314 -0.09844005853 -0.9521668553
v 34.04951859 -140.8650665 735.4279175
vn 0.1172613874 -0.03204508126 -0.9925839305
v 33.87980652 -140.8000793 735.4235229
vn -0.06675613672 0.03847653419 -0.9970271587
v 33.70840073 -140.735199 735.4559937
vn -0.2737198472 0.1188277677 -0.9544408917
v 33.54505157 -140.6741333 735.5253906
vn -0.4057555497 0.1684651226 -0.8983217478
v 33.39811325 -140.6200256 735.628479
vn -0.5860478878 0.2337357551 -0.7758321166
v 33.27587128 -140.5758972 735.7579956
vn -0.7177212238 0.2820740044 -0.6366400123
v 33.18312836 -140.5433807 735.9042358
vn -0.8179694414 0.3181211948 -0.479296267
v 33.12081909 -140.5226288 736.0569458
vn -0.888708353 0.3419027627 -0.3054504693
v 33.08372498 -140.5119171 736.2297363
vn -0.9278315306 0.3528051376 -0.1210666895
v 33.0783844 -140.5135193 736.411438
vn -0.9333786368 0.3507705331 0.07592339069
v 33.10752106 -140.5283508 736.5946655
vn -0.8935331702 0.3335734308 0.3005449176
v 33.17115021 -140.5561829 736.769043
vn -0.8437303901 0.311724335 0.4369747639
v 33.26641846 -140.5957642 736.9254761
vn -0.7306178808 0.2618315518 0.6305884123
v 33.38655472 -140.6443176 737.0554199
vn -0.6014684439 0.2097979933 0.7708570361
v 33.52249146 -140.6982574 737.1536865
vn -0.4549892843 0.1519793123 0.8774320483
v 33.66478729 -140.7539825 737.2192383
vn -0.2933252752 0.08837441355 0.9519192576
v 33.82587814 -140.8163605 737.2576904
vn -0.121592015 0.02094687894 0.9923591018
v 33.99559021 -140.8813324 737.262085
vn 0.0621881336 -0.05017705262 0.99680233
v 34.166996 -140.9462128 737.2296753
vn 0.2700557113 -0.1277918369 0.95432657
v 34.33034897 -141.0072784 737.1603394
vn 0.4029200077 -0.1778089255 0.8977969885
v 34.47728729 -141.0613861 737.0571289
vn 0.5814339519 -0.2455780804 0.7756454945
v 34.59952545 -141.1055298 736.9276123
vn 0.7133681774 -0.293164432 0.6365221143
v 34.69226837 -141.1380463 736.7814331
vn 0.8140684962 -0.328223139 0.4791263342
v 34.75457764 -141.1587982 736.6286621
vn 0.8587432504 -0.3434557021 0.3802607059
v 35.16701126 -140.1987457 736.4744263
vn 0.925522387 -0.3656371534 0.09857883304
v 35.53490067 -139.2265625 736.5792847
vn 0.9037351012 -0.3689070046 0.2171875834
v 35.13015366 -140.1874237 736.6470947
vn 0.8899078369 -0.3540015519 0.2876576781
v 35.15212631 -140.194519 736.5631104
vn 0.9077883363 -0.3601182699 0.215023756
v 34.96351242 -140.6796722 736.5542603
vn 0.9068728089 -0.3590943217 0.2205287516
v 35.14196396 -140.1913147 736.605835
vn 0.8964681029 -0.3569848537 0.262501061
v 34.94147491 -140.6727448 736.6381836
vn 0.8914366364 -0.3501448929 0.2876443565
v 34.95331573 -140.6765442 736.5968628
vn 0.8960955739 -0.3527932763 0.2693503499
v 35.13015366 -140.1874237 736.6470947
vn 0.8762495518 -0.3502811193 0.3308924735
v 35.48590851 -139.2094574 736.7399902
vn 0.8499304652 -0.3496850431 0.3941301107
v 35.06813812 -140.1659241 736.7999268
vn 0.8021649718 -0.3238976896 0.5016189814
v 35.1028595 -140.1781311 736.7237549
vn 0.8546537757 -0.342325449 0.3903591037
v 34.97845459 -140.6837616 736.4653931
vn 0.9273138046 -0.3610531986 0.09863925725
v 35.16051865 -140.1970215 736.5193481
vn 0.9163211584 -0.3631610274 0.1687294245
v 34.97193146 -140.6820984 736.510376
vn 0.9166312814 -0.3590180278 0.1757645458
v 35.17219925 -140.1975403 736.2927246
vn 0.9266067743 -0.3626437485 -0.09944548458
v 35.55632019 -139.2323608 736.4008789
vn 0.926409781 -0.3758242726 0.02282662317
v 35.17375565 -140.1997833 736.3848267
vn 0.9289706945 -0.3659839928 0.05540032312
v 34.98371887 -140.6823425 736.2837524
vn 0.9284998775 -0.3577921987 -0.09936166555
v 35.17405319 -140.1990814 736.3389282
vn 0.9304775596 -0.3653610945 -0.02688530087
v 34.98524094 -140.6846771 736.3757935
vn 0.9305906296 -0.3639588356 0.03917942196
v 34.98555756 -140.6839294 736.3300781
vn 0.9322037697 -0.3614045978 -0.01956781931
v 35.14300919 -140.1828461 736.109436
vn 0.8902471066 -0.3449222744 -0.29747051
v 35.54449081 -139.2247772 736.217041
vn 0.9131466746 -0.367613703 -0.1761345267
v 35.1620369 -140.191925 736.2008667
vn 0.9219589233 -0.3597837985 -0.1433434337
v 34.95455551 -140.6675873 736.1004639
vn 0.8958465457 -0.341262728 -0.2846027315
v 35.15364075 -140.1878204 736.1550903
vn 0.9078584313 -0.3530159891 -0.2262139618
v 34.97357559 -140.6766815 736.1920166
vn 0.9205658436 -0.3564689755 -0.1596507579
v 34.96518326 -140.6725616 736.1461182
vn 0.9110100269 -0.3494741023 -0.2189259678
v 35.07942963 -140.1548767 735.9351196
vn 0.839763999 -0.3229744434 -0.4364446402
v 35.4978981 -139.2033386 736.0368042
vn 0.8613848686 -0.3434976935 -0.3741997182
v 35.115448 -140.1704865 736.0206299
vn 0.8697277308 -0.3344302177 -0.3629464805
v 34.98431396 -140.1148987 735.7785645
vn 0.7431229949 -0.2814987302 -0.6070640087
v 35.41802597 -139.168808 735.8700562
vn 0.7751330137 -0.3055049777 -0.553023994
v 35.03546906 -140.1362457 735.8540039
vn 0.7671915293 -0.2918236554 -0.5711883903
v 34.84695816 -140.6211395 735.8450317
vn 0.7721942067 -0.2910935879 -0.5647836924
v 35.0583992 -140.1459198 735.8939209
vn 0.8040768504 -0.307326138 -0.5089313388
v 34.89095306 -140.6396942 735.9260864
vn 0.8377339244 -0.3154358864 -0.4457600713
v 34.86990738 -140.6307678 735.8849487
vn 0.8090714812 -0.3046594858 -0.5025792718
v 34.86441803 -140.0657196 735.6486206
vn 0.6168705225 -0.2293681353 -0.7529017329
v 35.30970001 -139.1232452 735.7259521
vn 0.6577684879 -0.2557643056 -0.7084668279
v 34.92692947 -140.0912476 735.7097778
vn 0.6464226842 -0.2417127341 -0.7236799598
v 34.73831558 -140.5764008 735.7009277
vn 0.652428925 -0.2417610288 -0.7182534933
v 34.95633316 -140.1033325 735.7432861
vn 0.6932552457 -0.2609332502 -0.6717967987
v 34.79575729 -140.5999146 735.7695923
vn 0.7414587736 -0.2750575244 -0.6120312214
v 34.7677536 -140.5884247 735.734375
vn 0.6992764473 -0.2590717077 -0.6662539244
v 34.7287941 -140.0109406 735.550354
vn 0.4722273052 -0.1706151813 -0.8648073673
v 35.1810379 -139.0700073 735.6115112
vn 0.5184866786 -0.197642386 -0.8319309354
v 34.79796982 -140.0387878 735.595459
vn 0.5049785972 -0.1840411574 -0.8432825804
v 34.6092186 -140.5243225 735.5864258
vn 0.5113025904 -0.1846366674 -0.8393324614
v 34.83161163 -140.0523987 735.6210327
vn 0.5576268435 -0.2053178251 -0.8042989969
v 34.67573929 -140.5510559 735.6397095
vn 0.6144823432 -0.2232234776 -0.7566919923
v 34.64289474 -140.5378265 735.6120605
vn 0.5642625093 -0.2041914463 -0.7999460101
v 34.58685684 -139.9542847 735.4848022
vn 0.2718376219 -0.09037540108 -0.9580900669
v 35.04148483 -139.0129089 735.5297852
vn 0.3698792458 -0.1363911182 -0.9190140367
v 34.65806198 -139.9826355 735.5136719
vn 0.3685528636 -0.128656283 -0.9206608534
v 34.4691391 -140.4686279 735.5046997
vn 0.3741393387 -0.1310729533 -0.9180629849
v 34.69355392 -139.9968262 735.5310059
vn 0.4079473019 -0.1447810233 -0.9014529586
v 34.53995895 -140.4967041 735.5415039
vn 0.4688514173 -0.1648187637 -0.8677632809
v 34.504673 -140.4826965 735.5220947
vn 0.4149837196 -0.1444994956 -0.8982807994
v 34.39783859 -140.4405212 735.4758911
vn 0.2725807726 -0.08757654577 -0.9581388831
v 34.6224556 -139.9684448 735.498291
vn 0.3312511444 -0.114009209 -0.936629355
v 34.43348312 -140.4545441 735.4893188
vn 0.337752521 -0.1138252914 -0.9343270659
v 34.42619324 -139.8908081 735.4463501
vn 0.09738501161 -0.0211702399 -0.9950215816
v 34.89263153 -138.9525757 735.4779663
vn 0.2053135335 -0.06897755712 -0.9762625098
v 34.50880051 -139.9233704 735.461792
vn 0.2356626838 -0.07585091889 -0.9688703418
v 34.23695755 -140.377594 735.437439
vn 0.09834651649 -0.01940416172 -0.9949630499
v 34.46801376 -139.9072723 735.453064
vn 0.1629855186 -0.04688695818 -0.9855137467
v 34.31967926 -140.4098663 735.4528809
vn 0.2209389955 -0.07052844018 -0.9727341533
v 34.27883911 -140.3939056 735.4440918
vn 0.1701739281 -0.04826018959 -0.9842315912
v 34.25696182 -139.8245697 735.4419556
vn -0.08673142642 0.05123143271 -0.994913578
v 34.72707748 -138.8860016 735.4559326
vn 0.02617852576 0.004156362731 -0.9996486306
v 34.34276199 -139.8580627 735.4397583
vn 0.05715685338 -0.005200708751 -0.9983516932
v 34.06748581 -140.3119965 735.4330444
vn -0.08642822504 0.05215218663 -0.9948921204
v 34.30008698 -139.8413849 735.4397583
vn -0.01890140586 0.02495925315 -0.9995097518
v 34.15341187 -140.3451691 735.4307251
vn 0.04149189964 -0.001003084937 -0.9991383553
v 34.110672 -140.3286438 735.4307251
vn -0.01227570977 0.02266799472 -0.9996677041
v 34.0860672 -139.7583466 735.4745483
vn -0.2713184655 0.1230791658 -0.9545877576
v 34.55625916 -138.8179016 735.4697266
vn -0.1580719948 0.07885008305 -0.9842743278
v 34.17141724 -139.7913361 735.4535522
vn -0.1276196092 0.0672288537 -0.9895420671
v 33.89632797 -140.2464447 735.4655762
vn -0.2647967935 0.1205310747 -0.9567418098
v 34.12863159 -139.7747803 735.4627686
vn -0.2044388056 0.09754683077 -0.9740068913
v 33.98181152 -140.2790985 735.4445801
vn -0.1439552903 0.07013197243 -0.987095952
v 33.93896484 -140.2627106 735.4538574
vn -0.1980045438 0.09404592961 -0.97567904
v 33.92323303 -139.6959381 735.5439453
vn -0.400848031 0.1730922461 -0.8996443152
v 34.38860703 -138.7516327 735.520874
vn -0.3420671225 0.1525808573 -0.9272050261
v 34.0032196 -139.7265015 735.5046997
vn -0.3330511749 0.1453111917 -0.9316445589
v 33.77679062 -139.6405334 735.6470337
vn -0.5604021549 0.233877942 -0.7945127487
v 34.23330688 -138.6908722 735.6079102
vn -0.5081618428 0.2185866684 -0.8330614567
v 33.84737778 -139.6671295 735.5916138
vn -0.5270602107 0.2213406861 -0.820497334
v 33.65725327 -140.15625 735.5826416
vn -0.5226498246 0.214308843 -0.8251720667
v 33.88471603 -139.6812897 735.5667725
vn -0.4684970975 0.1995328069 -0.8606376052
v 33.73323441 -140.1847229 735.5349731
vn -0.4034251571 0.1730119288 -0.8985071182
v 33.69465256 -140.1702423 735.5578003
vn -0.4632239342 0.1945916861 -0.8646141887
v 33.65499496 -139.5952301 735.7765503
vn -0.6969112754 0.2851416767 -0.6580341458
v 34.09885025 -138.638916 735.7254028
vn -0.6529764533 0.2754472792 -0.705514431
v 33.71242142 -139.6164703 735.7091064
vn -0.6696087718 0.2751000226 -0.6898869872
v 33.52205658 -140.1062317 735.7001343
vn -0.6666222215 0.2676052451 -0.6957027316
v 33.74377823 -139.6281586 735.6773071
vn -0.620775044 0.2573724389 -0.7405388355
v 33.58654022 -140.1299744 735.6380615
vn -0.566024065 0.2338524908 -0.7905250192
v 33.55347061 -140.1177673 735.6682739
vn -0.6171945333 0.2519538403 -0.7453792095
v 33.5626297 -139.5617371 735.9228516
vn -0.8021056056 0.3237550855 -0.5018059611
v 33.99185181 -138.5982819 735.864624
vn -0.7680923343 0.3199010789 -0.554704845
v 33.6049881 -139.5769653 735.8482666
vn -0.7818856239 0.3166102469 -0.5370407701
v 33.41441345 -140.0672607 735.8392944
vn -0.780518651 0.3089712858 -0.5434402823
v 33.62904739 -139.5857239 735.8120117
vn -0.744912684 0.3036968708 -0.5940313935
v 33.46452332 -140.0852661 735.7675781
vn -0.701639533 0.2836600244 -0.6536351442
v 33.43851852 -140.075882 735.8029785
vn -0.7426717281 0.2978526354 -0.5997686982
v 33.50061035 -139.5402222 736.0756226
vn -0.8901759386 0.3548289239 -0.285802871
v 33.91511917 -138.569931 736.0153809
vn -0.8494207263 0.3509653509 -0.3940910399
v 33.52790451 -139.54953 735.9990234
vn -0.8547112346 0.3422341645 -0.3903133571
v 33.33716202 -140.0402527 735.9899292
vn -0.85545367 0.333467871 -0.396230042
v 33.54431915 -139.5552673 735.9608154
vn -0.8362195492 0.3368122578 -0.4327751398
v 33.3719635 -140.0522614 735.9138184
vn -0.8062832952 0.32112813 -0.4967736006
v 33.35361481 -140.0458984 735.9517212
vn -0.8354150057 0.3308042884 -0.438919425
v 33.30979919 -140.0311432 736.0666504
vn -0.8917688131 0.3507512212 -0.2858704627
v 33.51335144 -139.5445251 736.0373535
vn -0.8695725203 0.3484885395 -0.349856168
v 33.3225708 -140.0353546 736.0283203
vn -0.8695287108 0.3425023854 -0.3558256924
v 33.46375275 -139.5289001 736.2484131
vn -0.9255686402 0.3655203581 -0.09857772291
v 33.86613083 -138.5528259 736.1759033
vn -0.9032633901 0.3707758486 -0.2159642577
v 33.4786377 -139.5331421 736.1596069
vn -0.9004595876 0.3579684198 -0.2470448762
v 33.27282333 -140.0201263 736.2393188
vn -0.9273328185 0.3610022962 -0.09864694625
v 33.47024918 -139.5306396 736.2034302
vn -0.9160946012 0.3637565076 -0.1686768085
v 33.28776169 -140.0242157 736.1505737
vn -0.9074137807 0.3505505621 -0.2317638993
v 33.27934265 -140.0217896 736.1943359
vn -0.9172490835 0.357398361 -0.1758422405
v 33.45856476 -139.5301208 736.4301147
vn -0.9266505241 0.3625216186 0.09948302805
v 33.8447113 -138.5470276 736.3543701
vn -0.9258125424 0.3772945702 -0.02280153707
v 33.45701218 -139.5278625 736.3380127
vn -0.9290154576 0.3658683896 -0.05541333556
v 33.26755524 -140.0215454 736.4210205
vn -0.9285176992 0.3577419519 0.09937576205
v 33.45671082 -139.5285645 736.3837891
vn -0.9302331209 0.3659810424 0.02691112272
v 33.26603699 -140.0192108 736.3289185
vn -0.93339926 0.3566775024 -0.03933201358
v 33.26571655 -140.0199585 736.3747559
vn -0.9328581095 0.359716177 0.01949489675
v 33.48775864 -139.5447998 736.6133423
vn -0.89026618 0.3447991908 0.2975560427
v 33.85653687 -138.5546112 736.538269
vn -0.9125236273 0.3691660762 0.1761166602
v 33.46872711 -139.5357361 736.5218506
vn -0.9220061898 0.3596708179 0.1433231831
v 33.2967186 -140.0363007 736.604248
vn -0.8926344514 0.3397524655 0.2962634861
v 33.47712708 -139.5398407 736.567749
vn -0.9076071382 0.3536701798 0.2262005806
v 33.27769852 -140.0272064 736.5128174
vn -0.9234977365 0.3488614261 0.1595233232
v 33.28609085 -140.0313263 736.5585938
vn -0.9116939902 0.3477328718 0.2188513577
v 33.55133438 -139.5727692 736.7877197
vn -0.8398945332 0.3228946328 0.436252445
v 33.90312958 -138.5760498 736.7185059
vn -0.8608679771 0.3448023796 0.3741893768
v 33.51531982 -139.5571594 736.7020874
vn -0.870714426 0.3319192231 0.3628857434
v 33.64645386 -139.6127472 736.9442749
vn -0.7431544065 0.2813585699 0.6070905328
v 33.98300171 -138.6105804 736.8852539
vn -0.774564445 0.3069278598 0.5530327559
v 33.59529877 -139.5914001 736.8688354
vn -0.76723212 0.2916877568 0.5712032318
v 33.40431595 -140.0827484 736.8596802
vn -0.7745161057 0.2851650119 0.5646288395
v 33.57236481 -139.5817261 736.8289185
vn -0.8037636876 0.3079491854 0.5090492964
v 33.36032104 -140.0641937 736.7786255
vn -0.8433794379 0.3178193271 0.4332459271
v 33.38136673 -140.0731201 736.8198242
vn -0.8097475767 0.302913934 0.5025455356
v 33.76634598 -139.6619415 737.0740967
vn -0.617000401 0.2293004394 0.7528159022
v 34.09132767 -138.6561432 737.0293579
vn -0.6571362615 0.2570925057 0.7085728049
v 33.70383835 -139.6364136 737.0129395
vn -0.6464478374 0.2415953577 0.7236967087
v 33.51295853 -140.1274719 737.0039062
vn -0.6547352076 0.2360859215 0.7180426717
v 33.67443085 -139.6243134 736.9794312
vn -0.6928039789 0.2614735961 0.6720522642
v 33.45551682 -140.1039734 736.9351196
vn -0.7414725423 0.2749875486 0.6120460033
v 33.48352432 -140.1154633 736.9703979
vn -0.6998650432 0.2573122978 0.6663177013
v 33.90196991 -139.7167053 737.1723633
vn -0.4720798731 0.1704247594 0.8649254441
v 34.21998978 -138.7093811 737.1437988
vn -0.517965436 0.1988685578 0.8319634199
v 33.83279419 -139.688858 737.1273804
vn -0.5047450662 0.1838148236 0.8434717059
v 33.64205551 -140.1795654 737.1182861
vn -0.5134086609 0.1793939918 0.8391837478
v 33.79915619 -139.6752625 737.1017456
vn -0.5577158928 0.2060230523 0.8040568829
v 33.57553482 -140.152832 737.0651245
vn -0.6142599583 0.2230855078 0.7569131851
v 33.60837936 -140.1660461 737.0926514
vn -0.5650250316 0.2026862949 0.7997905612
v 34.04391098 -139.7733612 737.237915
vn -0.2714605927 0.09010524303 0.9582223892
v 34.35954285 -138.7664795 737.2255249
vn -0.369422406 0.1376994252 0.9190027118
v 33.97270203 -139.7450104 737.2091675
vn -0.3691181839 0.128742516 0.920422256
v 33.78213882 -140.23526 737.2000122
vn -0.3768897653 0.1235654578 0.9179791212
v 33.9372139 -139.730835 737.1917725
vn -0.4081438482 0.1454450488 0.9012570977
v 33.71131516 -140.2071838 737.1633301
vn -0.4688740969 0.1647600979 0.8677621484
v 33.7466011 -140.2211914 737.1827393
vn -0.4150862992 0.142865777 0.8984947205
v 33.85343552 -140.2633667 737.2288818
vn -0.2727446556 0.08757153153 0.9580926895
v 34.00831223 -139.759201 737.2245483
vn -0.330840528 0.1143876389 0.9367283583
v 33.81779099 -140.2493439 737.2154541
vn -0.3382779658 0.1124901474 0.9342986345
v 34.20457458 -139.836853 737.2763672
vn -0.0978558138 0.02119989134 0.994974792
v 34.50839615 -138.8268127 737.2774048
vn -0.2047649473 0.0703619197 0.9762789011
v 34.12196732 -139.8042908 737.2609863
vn -0.2357151657 0.07574092597 0.9688661695
v 34.01431656 -140.3262939 737.267334
vn -0.09852209687 0.01938908733 0.9949459434
v 34.16275024 -139.8203888 737.2697144
vn -0.1627591848 0.04747071862 0.9855232239
v 33.93159485 -140.2940216 737.2519531
vn -0.223847717 0.06370431185 0.9725399613
v 33.972435 -140.3099823 737.2606201
vn -0.1703277677 0.04642250389 0.9842933416
v 34.373806 -139.9030914 737.2807617
vn 0.08669350296 -0.05133498833 0.9949115515
v 34.67395401 -138.8933868 737.2994385
vn -0.02577835321 -0.002627091249 0.999664247
v 34.28800201 -139.8695831 737.2830811
vn -0.0574414283 0.005197877996 0.9983353615
v 34.18379211 -140.3918915 737.2717896
vn 0.08639243245 -0.05221499875 0.9948919415
v 34.33068085 -139.8862762 737.2830811
vn 0.01947892457 -0.02445995435 0.9995110035
v 34.09786606 -140.3587189 737.2739868
vn -0.04456070811 -0.006220115349 0.9989873171
v 34.14060211 -140.3752441 737.2739868
vn 0.01161349006 -0.02436509356 0.9996356964
v 34.54470062 -139.9693146 737.24823
vn 0.2712678611 -0.1231893003 0.9545879364
v 34.84476852 -138.9614868 737.2855835
vn 0.1589140743 -0.07739306986 0.9842543602
v 34.45934677 -139.9363251 737.2692871
vn 0.1275688559 -0.06733322144 0.9895415306
v 34.35494614 -140.457428 737.2392578
vn 0.2649406195 -0.1205888838 0.9566947222
v 34.50213242 -139.9528809 737.2599487
vn 0.2052193433 -0.09708387405 0.9738889933
v 34.26946259 -140.4247894 737.2602539
vn 0.1410094798 -0.07778660953 0.9869475961
v 34.31231308 -140.4411774 737.2509766
vn 0.1975665689 -0.09588793665 0.9755885005
v 34.70753479 -140.031723 737.178894
vn 0.4007856846 -0.1732126623 0.8996489644
v 35.01242065 -139.0277557 737.234436
vn 0.3423919678 -0.1511905044 0.927312851
v 34.62754822 -140.0011597 737.2180786
vn 0.3318315148 -0.1477333009 0.9316988587
v 34.85397339 -140.0871277 737.0757446
vn 0.5604457259 -0.2340246588 0.794438839
v 35.16772461 -139.0885162 737.1473999
vn 0.5086836219 -0.2171539217 0.8331177235
v 34.78339005 -140.0605164 737.1311035
vn 0.526751399 -0.2213594615 0.8206905127
v 34.59402084 -140.5476227 737.1221313
vn 0.5203554034 -0.2202513814 0.8250573277
v 34.74605179 -140.0463715 737.1559448
vn 0.4688548744 -0.1989100128 0.8605869412
v 34.5180397 -140.519165 737.1698608
vn 0.4051687419 -0.1737249345 0.8975844979
v 34.55662155 -140.5336456 737.1470337
vn 0.4631099105 -0.1965565979 0.8642306924
v 34.97576904 -140.1324158 736.946167
vn 0.6969465613 -0.2852792144 0.6579371095
v 35.30217743 -139.1404724 737.0299072
vn 0.65359658 -0.2741214931 0.7054565549
v 34.91834259 -140.1111755 737.0136108
vn 0.6695575118 -0.2752308846 0.6898845434
v 34.72921753 -140.5976562 737.0046997
vn 0.6644989252 -0.2733513415 0.6954999566
v 34.88698578 -140.0994873 737.0454712
vn 0.6212291121 -0.2568298876 0.7403464317
v 34.66473389 -140.5739136 737.0667725
vn 0.5657327175 -0.2337940186 0.7907508016
v 34.6978035 -140.5861206 737.036438
vn 0.6166722775 -0.2537428141 0.7452045679
v 35.40917587 -139.1811066 736.8907471
vn 0.7685934305 -0.318662256 0.5547237992
v 35.02577591 -140.1506958 736.8745117
vn 0.7818413377 -0.3167231679 0.5370386839
v 34.83686066 -140.6366272 736.8655396
vn 0.7783818245 -0.3142107129 0.5435010195
v 35.00172043 -140.1419373 736.9107666
vn 0.7448809743 -0.3030125499 0.5944204926
v 34.78675461 -140.6186218 736.9371948
vn 0.7018249035 -0.2837701142 0.6533883214
v 34.81275558 -140.6279907 736.9017334
vn 0.7418696284 -0.2993673384 0.6000071764
v 34.91411209 -140.66362 736.7147827
vn 0.8526018858 -0.340937078 0.3960201144
v 35.08644485 -140.1723938 736.7619629
vn 0.836386621 -0.3362891674 0.432859093
v 34.87931061 -140.6516266 736.7910156
vn 0.8062699437 -0.3211626112 0.4967729449
v 34.8976593 -140.6579895 736.7529907
vn 0.8348948359 -0.3322249651 0.4388362169
v 34.94147491 -140.6727448 736.6381836
vn 0.8779062033 -0.3462827504 0.330709815
v 35.11741638 -140.183136 736.6854248
vn 0.869745791 -0.3480217755 0.3498901129
v 34.92870331 -140.6685333 736.6765137
vn 0.868992269 -0.3438211083 0.3558643758
v 34.75457764 -141.1587982 736.6286621
vn -0.3570778966 -0.9338858724 -0.01877513528
v 34.69226837 -141.1380463 736.7814331
vn -0.3570687771 -0.9338891506 -0.01878686063
v 34.59952545 -141.1055298 736.9276123
vn -0.3570835292 -0.9338837862 -0.01877423376
v 34.47728729 -141.0613861 737.0571289
vn -0.3570817113 -0.9338849187 -0.01875027269
v 34.33034897 -141.0072784 737.1603394
vn -0.3570745289 -0.9338872433 -0.01877379604
v 34.166996 -140.9462128 737.2296753
vn -0.357065171 -0.9338908792 -0.01876919903
v 33.99559021 -140.8813324 737.262085
vn -0.3570617437 -0.9338918924 -0.01878339425
v 33.82587814 -140.8163605 737.2576904
vn -0.3570846021 -0.9338829517 -0.01879337803
v 33.66478729 -140.7539825 737.2192383
vn -0.3570998907 -0.9338774085 -0.01878048666
v 33.52249146 -140.6982574 737.1536865
vn -0.3570514917 -0.9338964224 -0.01875440776
v 33.38655472 -140.6443176 737.0554199
vn -0.357064873 -0.9338907003 -0.01878532209
v 33.26641846 -140.5957642 736.9254761
vn -0.3570995331 -0.9338770509 -0.01880400628
v 33.17115021 -140.5561829 736.769043
vn -0.3570931852 -0.9338799119 -0.01878304034
v 33.10752106 -140.5283508 736.5946655
vn -0.3570770323 -0.9338859916 -0.01878713816
v 33.0783844 -140.5135193 736.411438
vn -0.3570860624 -0.9338828325 -0.01877142861
v 33.08372498 -140.5119171 736.2297363
vn -0.3570762575 -0.9338870645 -0.01874885894
v 33.12081909 -140.5226288 736.0569458
vn -0.3570756912 -0.9338867664 -0.01877437718
v 33.18312836 -140.5433807 735.9042358
vn -0.3570687771 -0.9338891506 -0.01878686063
v 33.27587128 -140.5758972 735.7579956
vn -0.3570586443 -0.9338927865 -0.01879859529
v 33.39811325 -140.6200256 735.628479
vn -0.357062012 -0.9338915348 -0.01879670843
v 33.54505157 -140.6741333 735.5253906
vn -0.3570796549 -0.9338852167 -0.01877649873
v 33.70840073 -140.735199 735.4559937
vn -0.3570709825 -0.9338887334 -0.01876633428
v 33.87980652 -140.8000793 735.4235229
vn -0.3570832312 -0.9338839054 -0.01877262257
v 34.04951859 -140.8650665 735.4279175
vn -0.3570845723 -0.9338836074 -0.01876350865
v 34.21061325 -140.9274292 735.4663696
vn -0.3570585549 -0.9338934422 -0.01876914129
v 34.35290909 -140.9831543 735.5319824
vn -0.3570839763 -0.933883369 -0.018785825
v 34.48884201 -141.0371094 735.630188
vn -0.3570733666 -0.9338876605 -0.01877292246
v 34.60898209 -141.0856476 735.7601318
vn -0.3570563197 -0.9338939786 -0.01878323033
v 34.70425034 -141.1252289 735.916626
vn -0.3570889831 -0.9338814616 -0.01878537051
v 34.76787949 -141.1530609 736.0910034
vn -0.3570763469 -0.93388623 -0.01878734864
v 34.79701614 -141.1678925 736.274292
vn -0.3570761085 -0.933885932 -0.01880785637
v 34.79167175 -141.1695099 736.4559937
vn -0.3570787311 -0.9338851571 -0.01879648864
v 33.93769836 -140.8407135 736.3428345
vn -0.35707286 -0.9338876009 -0.01878732257
v 33.80124283 -140.797348 736.7810669
vn -0.3570737839 -0.9338874221 -0.01877834089
v 34.346138 -140.9997559 736.4857788
vn -0.3570747375 -0.9338867664 -0.01879156008
v 34.20968246 -140.9563904 736.9240112
vn -0.3570779562 -0.933885932 -0.01877238601
v 33.52925873 -140.6816711 736.1999512
vn -0.3570748568 -0.9338869452 -0.01878056303
v 33.39280319 -140.6383057 736.6381836
vn -0.3570829034 -0.9338837266 -0.01878691278
v 34.0741539 -140.8840637 735.9046021
vn -0.3570745885 -0.9338869452 -0.01878705993
v 33.66571426 -140.7250214 735.7617188
vn -0.3570676744 -0.9338894486 -0.01879330166
v 34.48259354 -141.0431061 736.0475464
vn -0.3570714891 -0.9338880777 -0.01878919266
v 73.62806702 -16.8266964 758.4724731
vn 0.8817801476 0.1905845702 -0.4314409196
v 73.56899261 -16.82681656 758.3530884
vn 0.8288114071 0.2104804218 -0.5184299946
v 73.72009277 -16.82644653 758.72229
vn 0.9593972564 0.1405691355 -0.2445347905
v 73.75027466 -16.826334 758.8358765
vn 0.98056072 0.1151936501 -0.1588428169
v 73.65738678 -16.82558441 759.5844116
vn 0.9504840374 -0.03149066865 0.3091737926
v 73.68354034 -16.82566643 759.5039062
vn 0.9600416422 -0.01917682588 0.2791994214
v 73.4900589 -18.28020668 759.5360718
vn 0.7092647552 -0.1869580746 0.6796985865
v 73.30194092 -18.33427811 759.6831665
vn 0.5574350357 -0.2305868864 0.7975561619
v 72.59447479 -18.42423248 759.8756104
vn -0.0133397216 -0.303847909 0.952627182
v 72.35369873 -18.42503929 759.8462524
vn -0.2088647485 -0.3048219681 0.929224968
v 71.59516907 -18.29965973 759.3469849
vn -0.8290961981 -0.2030928731 0.5209153295
v 71.47707367 -18.23801231 759.1352539
vn -0.9239341021 -0.1535096318 0.3504005373
v 71.75157166 -18.35019493 759.5284424
vn -0.703597188 -0.2437788844 0.6674749851
v 71.41252136 -18.02197266 758.4394531
vn -0.9769034386 0.0212825574 -0.2126188427
v 71.48438263 -17.95179176 758.225708
vn -0.9201998115 0.07760897279 -0.3836784959
v 73.63809204 -18.21985817 759.3637695
vn 0.8294138312 -0.1382240802 0.5412640572
v 72.3862381 -17.70059967 757.5462036
vn -0.1855105609 0.2837256491 -0.9407898784
v 72.63350677 -17.68488693 757.5289917
vn 0.01400886849 0.2966720164 -0.9548766613
v 73.58107758 -16.82544327 759.7265015
vn 0.8432157636 -0.09172723442 0.5296917558
v 73.65738678 -16.82558441 759.5844116
vn 0.8762302399 -0.06780027598 0.4770992398
v 73.43641663 -16.82524109 759.9286499
vn 0.7427686453 -0.1385887265 0.6550480127
v 73.54735565 -16.82538033 759.7893066
vn 0.8272863626 -0.1018381193 0.5524728298
v 73.24871063 -16.82506371 760.1056519
vn 0.5943822861 -0.187310338 0.7820642591
v 73.3946991 -16.82518959 759.980957
vn 0.7070749402 -0.1510577947 0.6908159256
v 73.02593231 -16.82492638 760.243042
vn 0.4179027975 -0.2298821956 0.8789262772
v 73.20213318 -16.82502365 760.1454468
vn 0.5553281307 -0.1969430298 0.8079752922
v 72.78158569 -16.82484055 760.3300171
vn 0.2228691131 -0.2635037601 0.9385601282
v 72.97784424 -16.82489967 760.2696533
vn 0.3782383502 -0.2365436852 0.8949764371
v 72.52960205 -16.82480621 760.3626709
vn 0.02150128782 -0.2862232029 0.9579216838
v 72.73471069 -16.82482529 760.3444824
vn 0.1845725626 -0.267377764 0.9457494617
v 72.28449249 -16.82482719 760.3424683
vn -0.1760878861 -0.2974511385 0.9383580685
v 72.48511505 -16.8248024 760.3666382
vn -0.01429632865 -0.2876716852 0.9576224089
v 72.05662537 -16.82489586 760.2747803
vn -0.3584673405 -0.2974573672 0.8848842978
v 72.24306488 -16.82483292 760.3374023
vn -0.2092375159 -0.2967951 0.9317361712
v 71.85832214 -16.82499886 760.1705933
vn -0.5275925994 -0.2870014906 0.7995474935
v 72.01807404 -16.8249073 760.2617798
vn -0.3885320127 -0.2949685454 0.8729469776
v 71.67764282 -16.82514572 760.0247803
vn -0.6760619879 -0.2664481401 0.6869829297
v 71.82376099 -16.82501984 760.1508179
vn -0.5562677383 -0.2825103104 0.7815076113
v 71.52200317 -16.82533073 759.8388672
vn -0.8033972383 -0.2354791909 0.546902597
v 71.64313507 -16.82517433 759.9950562
vn -0.7023500204 -0.2598157525 0.6627218127
v 71.4025116 -16.82555008 759.6204834
vn -0.9025879502 -0.1945810914 0.3840223849
v 71.48958588 -16.8253727 759.7971191
vn -0.827452302 -0.2259184867 0.514085114
v 71.32682037 -16.8257885 759.3811646
vn -0.9676913619 -0.1455102712 0.2059130818
v 71.37537384 -16.82560539 759.5653687
vn -0.9219686389 -0.1817309856 0.3419760764
v 71.29787445 -16.82603645 759.1325684
vn -0.9956201911 -0.09088172764 0.02192957886
v 71.30892181 -16.82585716 759.3132324
vn -0.9794348478 -0.1293143034 0.1548716575
v 71.31487274 -16.8262825 758.8869019
vn -0.9865887165 -0.03348496929 -0.1597542167
v 71.29303741 -16.82611656 759.0534058
vn -0.9967594743 -0.07177303731 -0.03632099181
v 71.32619476 -16.82636833 758.8006592
vn -0.9747885466 -0.01220777445 -0.2227964997
v 71.37421417 -16.8265152 758.6539917
vn -0.943647027 0.02349809185 -0.3301183283
v 71.46825409 -16.82672501 758.4446411
vn -0.8688505292 0.07889483869 -0.488747716
v 71.40342712 -16.82660484 758.5646973
vn -0.9181982279 0.0455615595 -0.3934922814
v 71.598526 -16.82691574 758.2542114
vn -0.7644230127 0.1315650791 -0.6311482191
v 71.51383209 -16.82680893 758.3601685
vn -0.8272711635 0.1014515758 -0.5525667667
v 71.76734924 -16.82708549 758.083374
vn -0.6313229799 0.1805011034 -0.7542218566
v 71.66671753 -16.82700157 758.1689453
vn -0.7072162628 0.1535137743 -0.6901295185
v 71.97015381 -16.82722473 757.9440308
vn -0.4706543386 0.2236657739 -0.8534975648
v 71.85929871 -16.8271637 758.005188
vn -0.555472672 0.201138258 -0.8068417311
v 72.19807434 -16.82732391 757.8463745
vn -0.2887018323 0.2582329512 -0.9219365716
v 72.08337402 -16.82728767 757.8815308
vn -0.3783701956 0.2409101278 -0.8937551975
v 72.43998718 -16.8273735 757.7971191
vn -0.09436093271 0.2820663154 -0.9547432065
v 72.32609558 -16.82736206 757.8071289
vn -0.1844973415 0.2702871561 -0.9449368119
v 72.68373108 -16.8273716 757.7983398
vn 0.1025458127 0.2941573858 -0.9502398372
v 72.57514191 -16.82738495 757.7851562
vn 0.01469986513 0.2877832055 -0.9575827718
v 72.9175415 -16.82732201 757.8483887
vn 0.2913799286 0.29450652 -0.9101448655
v 72.8166275 -16.82735443 757.8143921
vn 0.2099005431 0.2932621539 -0.9327052236
v 73.12960052 -16.82722855 757.9402466
vn 0.4677419364 0.2840922773 -0.83696419
v 73.04111481 -16.82728004 757.8897705
vn 0.3893512487 0.2876401544 -0.8750249743
v 73.31971741 -16.82709694 758.0733643
vn 0.6284822822 0.2631559968 -0.7319555283
v 73.23505402 -16.82716942 758.0004883
vn 0.5574066639 0.2715733349 -0.7845672369
v 73.49060822 -16.82691765 758.2523193
vn 0.7683064938 0.2320574671 -0.5965353847
v 73.41544342 -16.82701302 758.1557617
vn 0.7036142349 0.2460758686 -0.6666135788
v 34.15663528 -140.9338379 736.8106689
vn -0.3570769429 -0.93388623 -0.01877529919
v 33.69107819 -140.0922546 737.128479
vn -0.5057086945 0.1777357012 0.8441970944
v 33.71766663 -139.9368439 737.1102905
vn -0.5349946618 0.192304343 0.8226783872
v 35.25976562 -139.8344116 736.0575562
vn 0.8785063028 -0.3421469629 -0.333409816
v 35.34476089 -139.5515594 735.9995728
vn 0.853944838 -0.3361730874 -0.3971975744
v 35.08234787 -140.3864899 736.1787109
vn 0.9181839824 -0.3558651209 -0.1740638912
v 35.12744522 -140.2509613 736.1479492
vn 0.9064691067 -0.3515436351 -0.2339461148
v 35.01515579 -135.7907715 736.2246094
vn -0.8983508348 0.3874191344 -0.2070560306
v 34.91182327 -135.9901276 736.295166
vn -0.9111248851 0.3907348514 -0.131063655
v 35.31267548 -135.2722778 736.0214844
vn -0.8254062533 0.3622977138 -0.4329490364
v 35.56555557 -134.9546509 735.848877
vn -0.7161207795 0.3183445036 -0.621150434
v 35.92898941 -134.862915 735.600708
vn -0.422075361 0.1910645962 -0.886197865
v 35.7767868 -134.8187866 735.7045898
vn -0.5766441822 0.25885728 -0.7749028206
v 36.03293991 -135.0642395 735.5297852
vn -0.248197183 0.1145368814 -0.9619144797
v 36.07429123 -135.3438873 735.5015869
vn -0.100557372 0.04941430688 -0.9937034249
v 36.08394241 -135.4093475 735.4949341
vn -0.0652371943 0.03473989666 -0.9972648621
v 36.08265686 -135.7115631 735.4958496
vn 0.05449519679 -0.01759360544 -0.9983590245
v 36.08204651 -135.8732452 735.4962158
vn 0.1188388467 -0.04407130182 -0.9919350147
v 36.05862427 -136.129837 735.5122681
vn 0.1997814178 -0.07889508456 -0.9766590595
v 33.73473358 -139.8409882 737.0986938
vn -0.5601894259 0.2048981041 0.80262357
v 33.70183563 -140.0257721 737.1211548
vn -0.5106995702 0.180781737 0.8405378461
v 35.30233383 -139.6978912 736.0285034
vn 0.8656811118 -0.3388728201 -0.3684582114
v 35.05712509 -140.4617767 736.1959229
vn 0.9212151766 -0.3579508662 -0.152426362
v 35.11931229 -140.276123 736.1535034
vn 0.9084376097 -0.3523728251 -0.2248877287
v 34.6538353 -136.5782623 736.4712524
vn -0.9202337265 0.3868533373 0.0592819117
v 36.03136444 -136.4275513 735.5308838
vn 0.2921926081 -0.1163625866 -0.9492540359
v 36.00835037 -136.5796661 735.5465088
vn 0.3355379105 -0.1347616911 -0.9323377013
v 35.15924835 -135.5127563 736.1262207
vn -0.8713809848 0.3796453178 -0.3107485771
v 35.37901688 -135.1683044 735.9761963
vn -0.801012814 0.3533979654 -0.4832063019
v 36.02563095 -135.0500183 735.534729
vn -0.2609439194 0.119849965 -0.957885325
v 35.59017181 -134.9264526 735.8320312
vn -0.7032633424 0.3133034408 -0.6381705403
v 34.26882172 -140.975174 736.7340698
vn -0.3570765853 -0.9338862896 -0.01878069527
v 33.81483459 -140.8078308 737.0440063
vn -0.3570797443 -0.9338849783 -0.01878663525
v 34.79403687 -141.1687927 736.3755493
vn -0.3570775688 -0.9338855147 -0.01880152151
v 35.67011261 -134.7381134 737.0024414
vn -0.7107754946 0.3113355637 0.6307680607
v 35.57595062 -134.6955719 736.8457642
vn -0.8115696311 0.356803 0.4626514614
v 33.64500427 -140.3796234 737.1599731
vn -0.4640217721 0.1602799296 0.8712027073
v 34.97984314 -140.6801758 736.2487183
vn 0.925873518 -0.3574428558 -0.122445181
v 33.76831436 -139.662735 737.0757446
vn -0.6135632992 0.2279484868 0.7560287714
v 33.87434387 -139.1600494 737.003418
vn -0.6759218574 0.2594577372 0.6897907853
v 35.18147278 -140.0855865 736.1110229
vn 0.8904781342 -0.3459887803 -0.2955342531
v 34.34441757 -137.4530334 736.6824341
vn -0.8799857497 0.3613274992 0.3083302081
v 35.58328247 -134.6940918 735.9799805
vn -0.8012838364 0.3571080863 -0.4800188243
v 35.67342758 -134.7331696 735.8335571
vn -0.7037584782 0.3146662414 -0.6369530559
v 35.92169952 -137.1216431 735.6057129
vn 0.4796484113 -0.1921782792 -0.8561570644
v 35.77981949 -137.8609314 735.7025757
vn 0.621809423 -0.2485367209 -0.7426860332
v 35.54742432 -138.8274536 735.8612061
vn 0.7671199441 -0.3044469953 -0.5646583438
v 33.82587814 -140.8163605 737.2576904
vn -0.3570846021 -0.9338829517 -0.01879337803
v 34.47728729 -141.0613861 737.0571289
vn -0.3570817113 -0.9338849187 -0.01875027269
v 33.93159485 -140.2940216 737.2519531
vn -0.223847717 0.06370431185 0.9725399613
v 36.42992783 -135.0661469 735.5025635
vn 0.111056447 -0.04444444552 -0.9928197861
v 36.58799744 -135.1363068 735.5408936
vn 0.2796473801 -0.1192646995 -0.9526664019
v 33.78213882 -140.23526 737.2000122
vn -0.3768897653 0.1235654578 0.9179791212
v 34.21998978 -138.7093811 737.1437988
vn -0.517965436 0.1988685578 0.8319634199
v 35.15364075 -140.1878204 736.1550903
vn 0.9078584313 -0.3530159891 -0.2262139618
v 34.98524094 -140.6846771 736.3757935
vn 0.9305906296 -0.3639588356 0.03917942196
v 35.17219925 -140.1975403 736.2927246
vn 0.9266067743 -0.3626437485 -0.09944548458
v 33.82587814 -140.8163605 737.2576904
vn -0.121592015 0.02094687894 0.9923591018
v 37.13731003 -135.3828278 736.1658936
vn 0.8796120882 -0.3885005116 -0.2744994462
v 36.36091614 -132.7223053 736.4932861
vn -0.9029417038 0.4227425456 0.07736269385
v 34.03406143 -138.6321716 736.9606934
vn -0.7205464244 0.2821102142 0.6334245801
v 34.95287323 -136.730896 737.116394
vn -0.601146102 0.245274514 0.7605680823
v 36.25047302 -137.2636414 735.9762573
vn 0.8263429999 -0.3419843912 -0.4474415481
v 34.73921204 -136.6381378 736.829895
vn -0.8259137869 0.3430459797 0.4474213719
v 35.48752594 -134.6534882 736.3059082
vn -0.9076833129 0.4022705853 -0.1195384338
v 35.522995 -134.6682434 736.1329956
vn -0.8706365824 0.3867514729 -0.3039987087
v 35.93603897 -134.848114 735.6004639
vn -0.4215289652 0.1908679754 -0.886500299
v 35.79256439 -134.7851868 735.7037354
vn -0.5755019188 0.2585267723 -0.7758617401
v 36.97990417 -135.3113556 735.8347778
vn 0.7104954123 -0.3118502796 -0.6308293343
v 37.07406616 -135.3538818 735.991394
vn 0.8113143444 -0.3573160172 -0.462703228
v 36.45907211 -132.7682037 735.9849854
vn -0.7945227027 0.3719672859 -0.4799729884
v 36.54812241 -132.8098907 735.8383789
vn -0.6982141733 0.3267462552 -0.6369724274
v 33.88745117 -140.8345947 736.9944458
vn -0.3570684493 -0.933889389 -0.01878058165
v 35.93656921 -137.0469513 735.5955811
vn 0.4625497758 -0.1855416596 -0.86696136
v 34.42672348 -141.0333862 736.6262817
vn -0.357077539 -0.9338858128 -0.01878605038
v 35.94145584 -137.0223846 735.5922241
vn 0.4569743574 -0.1832485348 -0.8703989983
v 34.5355072 -141.0735016 736.552063
vn -0.3570762277 -0.9338863492 -0.01878394745
v 33.60110092 -140.7290344 737.1899414
vn -0.3570782542 -0.9338858724 -0.01876881346
v 33.69358444 -140.7631226 737.12677
vn -0.3570944071 -0.9338794947 -0.01878003404
v 35.51270294 -134.6666412 736.6712646
vn -0.8798450232 0.3879763484 0.2744942605
v 34.06485367 -140.8999939 736.873291
vn -0.3570764959 -0.9338864684 -0.01877449825
v 34.47335815 -141.0505981 736.5944214
vn -0.357072562 -0.9338876605 -0.01878983341
v 33.67481613 -140.1926117 737.1395874
vn -0.4925278425 0.1725366563 0.8530225158
v 34.66366196 -141.1207428 736.4645386
vn -0.3570775986 -0.9338856339 -0.01879507303
v 35.48321533 -134.6525879 736.487854
vn -0.9118729234 0.4031291306 0.07729580998
v 33.60110092 -140.7290344 737.1899414
vn -0.367307961 0.1173618883 0.9226651788
v 34.8984108 -140.9076233 736.3042603
vn 0.9310480952 -0.3620187938 -0.04573701695
v 33.63315582 -140.462677 737.1680298
vn -0.4354002476 0.1475180537 0.8880681396
v 33.62686539 -140.512146 737.1723022
vn -0.4240308106 0.1407021582 0.8946512341
v 33.92886734 -138.9223785 736.9661865
vn -0.7126297951 0.2761506736 0.6449027658
v 34.79403687 -141.1687927 736.3755493
vn 0.9303956032 -0.3649946749 0.03380713984
v 34.87820053 -140.9594879 736.3180542
vn 0.9311491847 -0.3636780381 -0.02644798532
v 35.42355347 -139.2787323 735.9458008
vn 0.8217677474 -0.3243196011 -0.4685237706
v 34.93231583 -140.8160248 736.2811279
vn 0.9286616445 -0.3590865433 -0.09297537059
v 33.77116776 -139.6481781 737.0738525
vn -0.617215693 0.2295326144 0.7525686026
v 34.05514908 -138.4223938 736.8799438
vn -0.779971838 0.3105761707 0.5433105826
v 33.94258499 -138.8635864 736.9567871
vn -0.7259607911 0.2819634378 0.6272779107
v 33.85118866 -139.2636566 737.019165
vn -0.6505569816 0.2475053817 0.7179949284
v 34.15599823 -138.0621948 736.8110962
vn -0.824187696 0.3307564855 0.4596898854
v 35.41827393 -139.2980042 735.9493408
vn 0.8254171014 -0.3257277012 -0.4610727429
v 35.14860535 -140.1854706 736.1334839
vn 0.9001328945 -0.349421829 -0.2601252198
v 36.26358795 -134.9925079 735.4981689
vn -0.06900312752 0.03530497104 -0.9969915152
v 34.03786087 -138.4860687 736.8917236
vn -0.7716472149 0.3065211177 0.5573198199
v 34.00335693 -138.6191864 736.9152832
vn -0.7539309859 0.2973894179 0.5857880116
v 35.82670212 -137.6371613 735.6705322
vn 0.5818755031 -0.2331668586 -0.7791367769
v 34.22819901 -137.8226013 736.7618408
vn -0.8479417562 0.3443891704 0.4029774964
v 36.09577179 -134.9184265 735.5308838
vn -0.2493566424 0.1149870679 -0.9615608454
v 34.64704895 -136.5956726 736.4758911
vn -0.9200270176 0.3865433931 0.06429968774
v 35.44942856 -139.1822662 735.9281006
vn 0.8106254339 -0.3205586374 -0.490029186
v 34.39714813 -137.2901001 736.6464844
vn -0.8918258548 0.3666500151 0.2649800181
v 34.43457413 -137.1823578 736.6209106
vn -0.8983315229 0.371833235 0.2339670211
v 34.20968246 -140.9563904 736.9240112
vn -0.3570779562 -0.933885932 -0.01877238601
v 35.68470001 -138.2807922 735.7675171
vn 0.6898846626 -0.2752772868 -0.6695383191
v 35.80915451 -137.7263947 735.6824951
vn 0.5985525846 -0.2395406812 -0.7644311786
v 33.99559021 -140.8813324 737.262085
vn -0.3570617437 -0.9338918924 -0.01878339425
v 35.51615143 -138.9442444 735.8825684
vn 0.7817831635 -0.3100483418 -0.5410038233
v 35.63257217 -138.4991455 735.8031006
vn 0.7229391932 -0.2876396179 -0.6281897426
v 34.59952545 -141.1055298 736.9276123
vn -0.3570835292 -0.9338837862 -0.01877423376
v 34.79167175 -141.1695099 736.4559937
vn -0.3570787311 -0.9338851571 -0.01879648864
v 33.66478729 -140.7539825 737.2192383
vn -0.3570998907 -0.9338774085 -0.01878048666
v 33.81779099 -140.2493439 737.2154541
vn -0.3382779658 0.1124901474 0.9342986345
v 34.166996 -140.9462128 737.2296753
vn -0.357065171 -0.9338908792 -0.01876919903
v 34.33034897 -141.0072784 737.1603394
vn -0.3570745289 -0.9338872433 -0.01877379604
v 36.7277832 -135.1985321 735.6065674
vn 0.4403330088 -0.190956682 -0.8772926331
v 34.69226837 -141.1380463 736.7814331
vn -0.3570687771 -0.9338891506 -0.01878686063
v 34.75457764 -141.1587982 736.6286621
vn -0.3570778966 -0.9338858724 -0.01877513528
v 33.97270203 -139.7450104 737.2091675
vn -0.3691181839 0.128742516 0.920422256
v 33.85343552 -140.2633667 737.2288818
vn -0.2727446556 0.08757153153 0.9580926895
v 36.8615036 -135.2582397 735.7047119
vn 0.5836856365 -0.2549872994 -0.7709037662
v 33.7466011 -140.2211914 737.1827393
vn -0.4150862992 0.142865777 0.8984947205
v 33.90196991 -139.7167053 737.1723633
vn -0.4720798731 0.1704247594 0.8649254441
v 33.71131516 -140.2071838 737.1633301
vn -0.4688740969 0.1647600979 0.8677621484
v 33.9372139 -139.730835 737.1917725
vn -0.4081438482 0.1454450488 0.9012570977
v 35.1620369 -140.191925 736.2008667
vn 0.9219589233 -0.3597837985 -0.1433434337
v 33.79915619 -139.6752625 737.1017456
vn -0.5577158928 0.2060230523 0.8040568829
v 33.83279419 -139.688858 737.1273804
vn -0.5047450662 0.1838148236 0.8434717059
v 35.17405319 -140.1990814 736.3389282
vn 0.9304775596 -0.3653610945 -0.02688530087
v 34.09132767 -138.6561432 737.0293579
vn -0.6571362615 0.2570925057 0.7085728049
v 35.4978981 -139.2033386 736.0368042
vn 0.8613848686 -0.3434976935 -0.3741997182
v 34.97193146 -140.6820984 736.510376
vn 0.9166312814 -0.3590180278 0.1757645458
v 35.54449081 -139.2247772 736.217041
vn 0.9131466746 -0.367613703 -0.1761345267
v 34.98555756 -140.6839294 736.3300781
vn 0.9322037697 -0.3614045978 -0.01956781931
v 33.66478729 -140.7539825 737.2192383
vn -0.2933252752 0.08837441355 0.9519192576
v 34.98371887 -140.6823425 736.2837524
vn 0.9284998775 -0.3577921987 -0.09936166555
v 35.17375565 -140.1997833 736.3848267
vn 0.9289706945 -0.3659839928 0.05540032312
v 36.36482239 -132.7241058 736.3111572
vn -0.8991854787 0.4209392369 -0.1194808409
v 34.97845459 -140.6837616 736.4653931
vn 0.9273138046 -0.3610531986 0.09863925725
v 34.96351242 -140.6796722 736.5542603
vn 0.9068728089 -0.3590943217 0.2205287516
v 35.46192169 -139.1876221 735.9512329
vn 0.8235198855 -0.3260629475 -0.4642175436
v 34.79167175 -141.1695099 736.4559937
vn 0.9235639572 -0.3638932109 0.1208774075
v 36.3996315 -132.740387 736.1381226
vn -0.8628810644 0.4038361311 -0.3038957417
v 34.75457764 -141.1587982 736.6286621
vn 0.9039129019 -0.3587034643 0.2329663187
v 34.83380508 -136.6795197 736.9863892
vn -0.7269709706 0.2996857762 0.6178200841
v 34.28899384 -138.7376862 737.1887817
vn -0.444948405 0.167118907 0.8798251152
v 34.15370178 -138.6820526 737.0905151
vn -0.5912118554 0.2277899384 0.7736797333
v 36.31387711 -137.2921143 736.1506958
vn 0.8919059038 -0.3715150058 -0.2578379512
v 35.52544785 -139.215744 736.1256104
vn 0.8923482895 -0.3554498851 -0.278154552
v 35.55469894 -139.2302856 736.3087769
vn 0.9249824882 -0.3715292811 -0.07983340323
v 34.67580795 -136.6096649 736.6553955
vn -0.8914642334 0.3725554347 0.2578641474
v 36.03681183 -137.1708832 735.6897583
vn 0.601491034 -0.2443214357 -0.7606021166
v 36.15587997 -137.2222595 735.8197021
vn 0.7273739576 -0.2986521125 -0.6178463101
v 71.5898819 -17.88925934 758.0407715
vn -0.8291627765 0.1311133206 -0.5434136987
v 71.73791504 -17.82891273 757.8684082
vn -0.7089360356 0.1798591167 -0.6819533706
v 72.14633942 -17.73104477 757.6112671
vn -0.379673034 0.2588873804 -0.8881586194
v 71.92603302 -17.7748394 757.7214355
vn -0.5570181012 0.2234890908 -0.7998646498
v 71.40593719 -18.16870499 758.9053345
vn -0.9815633893 -0.09748677164 0.164406836
v 71.3848114 -18.09528923 758.6690063
vn -0.9989244938 -0.03825549036 -0.02619838901
v 71.93393707 -18.38771439 759.671936
vn -0.5569730997 -0.2740715742 0.784006238
v 72.12895966 -18.41198921 759.7749634
vn -0.3887172043 -0.2947517037 0.8729377985
v 73.08163452 -18.37807465 759.7932129
vn 0.3800467253 -0.2660270929 0.8858860135
v 72.84174347 -18.40851974 759.8583374
vn 0.1861311197 -0.2908632755 0.9384848475
v 73.76669312 -16.8260746 759.0953979
vn 0.9976186752 0.06048008054 0.03315406665
v 73.7341156 -16.82582092 759.3482666
vn 0.975338757 0.004560823087 0.2206661254
v 73.75987244 -16.82618141 758.9876709
vn 0.9952978492 0.08482094109 -0.04677211866
v 73.74642181 -16.82591629 759.2526855
vn 0.9882670045 0.02653497458 0.1504134387
v 73.68341827 -16.82658577 758.5842285
vn 0.9232628942 0.1661558747 -0.3463781476
v 73.84317017 -18.01383018 758.7354736
vn 0.9992230535 0.03110497631 0.02420357615
v 73.81545258 -18.08714676 758.9650879
vn 0.9771692753 -0.02840399183 0.2105551511
v 73.75090027 -17.87110519 758.2693481
vn 0.924352169 0.146316573 -0.3523698151
v 73.82204437 -17.94041443 758.4992676
vn 0.9819181561 0.09031011164 -0.1663756818
v 73.09902191 -17.6971302 757.6295166
vn 0.3892595768 0.2875415683 -0.8750981688
v 73.29403687 -17.72140312 757.732605
vn 0.5576347113 0.266825974 -0.7860327363
v 73.63280487 -17.80945969 758.0576172
vn 0.8296195865 0.195859164 -0.5228484869
v 72.87427521 -17.68408012 757.5583496
vn 0.2094303668 0.2976223826 -0.9314289093
v 73.47640228 -17.75892258 757.8761597
vn 0.7041274905 0.2365561426 -0.6695115566
v 37.72536087 -133.3612213 735.7095337
vn 0.576436162 -0.2708123624 -0.7709617615
v 37.84296799 -133.4163208 735.8395996
vn 0.7022972107 -0.3297549784 -0.6309043169
v 37.13235474 -133.0834503 735.5028687
vn -0.07037965953 0.03236413375 -0.9969950914
v 37.29722595 -133.160675 735.5071411
vn 0.1079524383 -0.05120249093 -0.9928366542
v 37.45396423 -133.2340851 735.5455933
vn 0.2749321461 -0.1293887347 -0.9527176023
v 37.59263611 -133.2990417 735.6112061
vn 0.4343178868 -0.204227075 -0.877302289
v 36.96609879 -133.0056 735.5355225
vn -0.248923257 0.1160378382 -0.9615468979
v 36.80792999 -132.9315338 735.6051025
vn -0.4192516804 0.1958804876 -0.8864868283
v 36.66593552 -132.8650513 735.7085571
vn -0.571536839 0.2673036158 -0.7758185267
vt 0.04290761799 0.9921257496
vt 0.0423733443 0.9921257496
vt 0.0423733443 0.9857162833
vt 0.04344188794 0.9857162833
vt 0.04344188794 0.9921257496
vt 0.04185625538 0.9921257496
vt 0.04133916646 0.9921257496
vt 0.04133916646 0.9857162833
vt 0.04083041847 0.9921257496
vt 0.04032167047 0.9921257496
vt 0.04032167047 0.9857162833
vt 0.03981871158 0.9921257496
vt 0.03931575269 0.9921257496
vt 0.03931575269 0.9857162833
vt 0.03881279379 0.9921257496
vt 0.0383098349 0.9921257496
vt 0.0383098349 0.9857162833
vt 0.03780687973 0.9921257496
vt 0.03730392084 0.9921257496
vt 0.03730392084 0.9857162833
vt 0.03680096194 0.9921257496
vt 0.03629800305 0.9921257496
vt 0.03629800305 0.9857162833
vt 0.03579504415 0.9921257496
vt 0.03529208526 0.9921257496
vt 0.03529208526 0.9857162833
vt 0.03475781158 0.9921257496
vt 0.03422354162 0.9921257496
vt 0.03422354162 0.9857162833
vt 0.0337064527 0.9921257496
vt 0.03318936005 0.9921257496
vt 0.03318936005 0.9857162833
vt 0.03268061578 0.9921257496
vt 0.03217186779 0.9921257496
vt 0.03217186779 0.9857162833
vt 0.03166890889 0.9921257496
vt 0.03116594814 0.9921257496
vt 0.03116594814 0.9857162833
vt 0.03066298924 0.9921257496
vt 0.03016003221 0.9921257496
vt 0.03016003221 0.9857162833
vt 0.02965707332 0.9921257496
vt 0.02915411443 0.9921257496
vt 0.02915411443 0.9857162833
vt 0.02865115553 0.9921257496
vt 0.02814819664 0.9921257496
vt 0.02814819664 0.9857162833
vt 0.02764523774 0.9921257496
vt 0.02714227885 0.9921257496
vt 0.02714227885 0.9857162833
vt 0.02660800889 0.9921257496
vt 0.02607373521 0.9921257496
vt 0.02607373521 0.9857162833
vt 0.02555664815 0.9921257496
vt 0.02503955737 0.9921257496
vt 0.02503955737 0.9857162833
vt 0.02453080937 0.9921257496
vt 0.02402206138 0.9921257496
vt 0.02402206138 0.9857162833
vt 0.02351910248 0.9921257496
vt 0.02301614359 0.9921257496
vt 0.02301614359 0.9857162833
vt 0.02251318656 0.9921257496
vt 0.02201022767 0.9921257496
vt 0.02201022767 0.9857162833
vt 0.02150726691 0.9921257496
vt 0.02100430802 0.9921257496
vt 0.02100430802 0.9857162833
vt 0.02050134912 0.9921257496
vt 0.01999839209 0.9921257496
vt 0.01999839209 0.9857162833
vt 0.0194954332 0.9921257496
vt 0.0189924743 0.9921257496
vt 0.0189924743 0.9857162833
vt 0.01845820434 0.9921257496
vt 0.01792393066 0.9921257496
vt 0.01792393066 0.9857162833
vt 0.01740684174 0.9921257496
vt 0.01688975096 0.9921257496
vt 0.01688975096 0.9857162833
vt 0.01638100483 0.9921257496
vt 0.01587225683 0.9921257496
vt 0.01587225683 0.9857162833
vt 0.01536929794 0.9921257496
vt 0.01486633904 0.9921257496
vt 0.01486633904 0.9857162833
vt 0.01436338108 0.9921257496
vt 0.01386042219 0.9921257496
vt 0.01386042219 0.9857162833
vt 0.01335746143 0.9921257496
vt 0.01285450347 0.9921257496
vt 0.01285450347 0.9857162833
vt 0.01235154457 0.9921257496
vt 0.01184858661 0.9921257496
vt 0.01184858661 0.9857162833
vt 0.01134562772 0.9921257496
vt 0.01084266976 0.9921257496
vt 0.01084266976 0.9857162833
vt 0.04264048114 0.9953304529
vt 0.0423733443 0.9953304529
vt 0.04290761799 0.9953304529
vt 0.04317475483 0.9953304529
vt 0.04344188794 0.9953304529
vt 0.04159771279 0.9953304529
vt 0.04133916646 0.9953304529
vt 0.04185625538 0.9953304529
vt 0.04057604447 0.9953304529
vt 0.04032167047 0.9953304529
vt 0.04083041847 0.9953304529
vt 0.03906427324 0.9953304529
vt 0.03881279379 0.9953304529
vt 0.03931575269 0.9953304529
vt 0.03805835545 0.9953304529
vt 0.03780687973 0.9953304529
vt 0.0383098349 0.9953304529
vt 0.03705244139 0.9953304529
vt 0.03680096194 0.9953304529
vt 0.03730392084 0.9953304529
vt 0.03554356471 0.9953304529
vt 0.03529208526 0.9953304529
vt 0.03579504415 0.9953304529
vt 0.0360465236 0.9953304529
vt 0.03629800305 0.9953304529
vt 0.03449067846 0.9953304529
vt 0.03422354162 0.9953304529
vt 0.03475781158 0.9953304529
vt 0.03344790637 0.9953304529
vt 0.03318936005 0.9953304529
vt 0.0337064527 0.9953304529
vt 0.03242623806 0.9953304529
vt 0.03217186779 0.9953304529
vt 0.03268061578 0.9953304529
vt 0.03091446869 0.9953304529
vt 0.03066298924 0.9953304529
vt 0.03116594814 0.9953304529
vt 0.02990855277 0.9953304529
vt 0.02965707332 0.9953304529
vt 0.03016003221 0.9953304529
vt 0.02890263498 0.9953304529
vt 0.02865115553 0.9953304529
vt 0.02915411443 0.9953304529
vt 0.0273937583 0.9953304529
vt 0.02714227885 0.9953304529
vt 0.02764523774 0.9953304529
vt 0.02789671719 0.9953304529
vt 0.02814819664 0.9953304529
vt 0.02634087205 0.9953304529
vt 0.02607373521 0.9953304529
vt 0.02660800889 0.9953304529
vt 0.02529810183 0.9953304529
vt 0.02503955737 0.9953304529
vt 0.02555664815 0.9953304529
vt 0.02427643538 0.9953304529
vt 0.02402206138 0.9953304529
vt 0.02453080937 0.9953304529
vt 0.02276466414 0.9953304529
vt 0.02251318656 0.9953304529
vt 0.02301614359 0.9953304529
vt 0.02175874636 0.9953304529
vt 0.02150726691 0.9953304529
vt 0.02201022767 0.9953304529
vt 0.02075282857 0.9953304529
vt 0.02050134912 0.9953304529
vt 0.02100430802 0.9953304529
vt 0.01924395375 0.9953304529
vt 0.0189924743 0.9953304529
vt 0.0194954332 0.9953304529
vt 0.01974691264 0.9953304529
vt 0.01999839209 0.9953304529
vt 0.0181910675 0.9953304529
vt 0.01792393066 0.9953304529
vt 0.01845820434 0.9953304529
vt 0.01714829542 0.9953304529
vt 0.01688975096 0.9953304529
vt 0.01740684174 0.9953304529
vt 0.01612663083 0.9953304529
vt 0.01587225683 0.9953304529
vt 0.01638100483 0.9953304529
vt 0.0146148596 0.9953304529
vt 0.01436338108 0.9953304529
vt 0.01486633904 0.9953304529
vt 0.01360894088 0.9953304529
vt 0.01335746143 0.9953304529
vt 0.01386042219 0.9953304529
vt 0.01260302402 0.9953304529
vt 0.01235154457 0.9953304529
vt 0.01285450347 0.9953304529
vt 0.01109414827 0.9953304529
vt 0.01084266976 0.9953304529
vt 0.01134562772 0.9953304529
vt 0.01159710716 0.9953304529
vt 0.01184858661 0.9953304529
vt 0.04032167047 0.9969328046
vt 0.03981871158 0.9953304529
vt 0.03931575269 0.9969328046
vt 0.03116594814 0.9969328046
vt 0.03166890889 0.9953304529
vt 0.03217186779 0.9969328046
vt 0.02402206138 0.9969328046
vt 0.02351910248 0.9953304529
vt 0.02301614359 0.9969328046
vt 0.04344188794 0.9985351562
vt 0.04317475483 0.9969328046
vt 0.04344188794 0.9969328046
vt 0.0423733443 0.9985351562
vt 0.04264048114 0.9969328046
vt 0.04290761799 0.9969328046
vt 0.04185625538 0.9969328046
vt 0.0423733443 0.9969328046
vt 0.04133916646 0.9985351562
vt 0.04133916646 0.9969328046
vt 0.04159771279 0.9969328046
vt 0.04083041847 0.9969328046
vt 0.04032167047 0.9985351562
vt 0.04057604447 0.9969328046
vt 0.03931575269 0.9985351562
vt 0.03906427324 0.9969328046
vt 0.0383098349 0.9985351562
vt 0.0383098349 0.9969328046
vt 0.03881279379 0.9969328046
vt 0.03780687973 0.9969328046
vt 0.03805835545 0.9969328046
vt 0.03730392084 0.9985351562
vt 0.03730392084 0.9969328046
vt 0.03680096194 0.9969328046
vt 0.03705244139 0.9969328046
vt 0.03629800305 0.9985351562
vt 0.0360465236 0.9969328046
vt 0.03629800305 0.9969328046
vt 0.03529208526 0.9985351562
vt 0.03554356471 0.9969328046
vt 0.03579504415 0.9969328046
vt 0.03475781158 0.9969328046
vt 0.03529208526 0.9969328046
vt 0.03422354162 0.9985351562
vt 0.03449067846 0.9969328046
vt 0.0337064527 0.9969328046
vt 0.03422354162 0.9969328046
vt 0.03318936005 0.9985351562
vt 0.03318936005 0.9969328046
vt 0.03344790637 0.9969328046
vt 0.03217186779 0.9985351562
vt 0.03242623806 0.9969328046
vt 0.03268061578 0.9969328046
vt 0.03116594814 0.9985351562
vt 0.03091446869 0.9969328046
vt 0.03066298924 0.9969328046
vt 0.03016003221 0.9985351562
vt 0.03016003221 0.9969328046
vt 0.02965707332 0.9969328046
vt 0.02990855277 0.9969328046
vt 0.02915411443 0.9985351562
vt 0.02890263498 0.9969328046
vt 0.02915411443 0.9969328046
vt 0.02814819664 0.9985351562
vt 0.02814819664 0.9969328046
vt 0.02865115553 0.9969328046
vt 0.02764523774 0.9969328046
vt 0.02789671719 0.9969328046
vt 0.02714227885 0.9985351562
vt 0.02714227885 0.9969328046
vt 0.0273937583 0.9969328046
vt 0.02660800889 0.9969328046
vt 0.02607373521 0.9985351562
vt 0.02634087205 0.9969328046
vt 0.02555664815 0.9969328046
vt 0.02607373521 0.9969328046
vt 0.02503955737 0.9985351562
vt 0.02503955737 0.9969328046
vt 0.02529810183 0.9969328046
vt 0.02402206138 0.9985351562
vt 0.02427643538 0.9969328046
vt 0.02453080937 0.9969328046
vt 0.02301614359 0.9985351562
vt 0.02251318656 0.9969328046
vt 0.02276466414 0.9969328046
vt 0.02201022767 0.9985351562
vt 0.02201022767 0.9969328046
vt 0.02150726691 0.9969328046
vt 0.02175874636 0.9969328046
vt 0.02100430802 0.9985351562
vt 0.02075282857 0.9969328046
vt 0.02100430802 0.9969328046
vt 0.01999839209 0.9985351562
vt 0.01999839209 0.9969328046
vt 0.02050134912 0.9969328046
vt 0.0194954332 0.9969328046
vt 0.01974691264 0.9969328046
vt 0.0189924743 0.9985351562
vt 0.01924395375 0.9969328046
vt 0.01587225683 0.9969328046
vt 0.01536929794 0.9953304529
vt 0.01486633904 0.9969328046
vt 0.01792393066 0.9985351562
vt 0.0181910675 0.9969328046
vt 0.01845820434 0.9969328046
vt 0.0189924743 0.9969328046
vt 0.01792393066 0.9969328046
vt 0.01740684174 0.9969328046
vt 0.01688975096 0.9985351562
vt 0.01688975096 0.9969328046
vt 0.01714829542 0.9969328046
vt 0.01638100483 0.9969328046
vt 0.01612663083 0.9969328046
vt 0.01587225683 0.9985351562
vt 0.01486633904 0.9985351562
vt 0.01436338108 0.9969328046
vt 0.0146148596 0.9969328046
vt 0.01386042219 0.9985351562
vt 0.01360894088 0.9969328046
vt 0.01386042219 0.9969328046
vt 0.01285450347 0.9985351562
vt 0.01285450347 0.9969328046
vt 0.01335746143 0.9969328046
vt 0.01235154457 0.9969328046
vt 0.01260302402 0.9969328046
vt 0.01184858661 0.9985351562
vt 0.01184858661 0.9969328046
vt 0.01159710716 0.9969328046
vt 0.01134562772 0.9969328046
vt 0.01084266976 0.9969328046
vt 0.01109414827 0.9969328046
vt 0.01084266976 0.9985351562
vt 0.004345462192 0.0004478843766
vt 0.004793839063 0.0008054116624
vt 0.004230595659 0.001410198514
vt 0.003845469095 0.0001928759448
vt 0.002820397029 0.001410198514
vt 0.003327020211 4.587501826e-05
vt 0.005160967819 0.001246748609
vt 0.004230595659 0.002820397029
vt 0.005588843022 0.002281558933
vt 0.005640794057 0.002820397029
vt 0.005429330282 0.001748898881
vt 0.005594919436 0.003327020211
vt 0.0022815587 5.195111953e-05
vt 0.001748898765 0.0002114641247
vt 0.001246748376 0.0004798266455
vt 0.001410198514 0.001410198514
vt 0.0008054114878 0.0008469551685
vt 0.002820397029 0
vt 0.0004478844639 0.001295332215
vt 0.0001928759011 0.001795325195
vt 0.001410198514 0.002820397029
vt 4.587486546e-05 0.002313773846
vt 0.005447918549 0.003845468862
vt 0.004230595659 0.004230595659
vt 0.003891895292 0.005429330282
vt 0.002820397029 0.004230595659
vt 0.005192909855 0.004345462192
vt 0.00483538257 0.004793839063
vt 0.004394045565 0.005160967354
vt 0.003359235357 0.005588843487
vt 0.002820397029 0.005640794057
vt 0.002313774079 0.005594919436
vt 0.0002114640229 0.003891895525
vt 0.001410198514 0.004230595659
vt 0 0.002820397029
vt 5.195098856e-05 0.00335923559
vt 0.0004798268201 0.004394046031
vt 0.001795325312 0.005447918549
vt 0.001295332215 0.005192909855
vt 0.0008469551685 0.00483538257
vt 0.02814819664 0.5883177519
vt 0.02814819664 0.5918380618
vt 0.02915411443 0.5918380618
vt 0.03065608069 0.5888008475
vt 0.03365279734 0.5890780687
vt 0.03318936005 0.5890587568
vt 0.04091502726 0.5882463455
vt 0.04032167047 0.5883697271
vt 0.032364849 0.9844993949
vt 0.03604103252 0.9809392691
vt 0.03355021775 0.9834775329
vt 0.03479740396 0.9822705984
vt 0.03931575269 0.9793002605
vt 0.03726793453 0.9795298576
vt 0.02100430802 0.9857162833
vt 0.02814819664 0.9841468334
vt 0.02503955737 0.972874701
vt 0.02714227885 0.972874701
vt 0.02744605392 0.9837787151
vt 0.02100430802 0.9921257496
vt 0.02607373521 0.972874701
vt 0.02915411443 0.972874701
vt 0.02814819664 0.972874701
vt 0.03116594814 0.972874701
vt 0.03016003221 0.972874701
vt 0.03318936005 0.972874701
vt 0.03217186779 0.972874701
vt 0.03529208526 0.972874701
vt 0.03422354162 0.972874701
vt 0.0383098349 0.9793002605
vt 0.03629800305 0.972874701
vt 0.02201022767 0.9857162833
vt 0.02915411443 0.9850758314
vt 0.03730392084 0.972874701
vt 0.0008469551685 0.00483538257
vt 0.02826548181 0.984968245
vt 0.02201022767 0.9921257496
vt 0.002121326979 0.005060775671
vt 0.0004798268201 0.004394046031
vt 0.001795325312 0.005447918549
vt 5.195098856e-05 0.00335923559
vt 0.001112596365 0.002820397029
vt 0.001410198514 0.004230595659
vt 0.0007431909326 0.003416606924
vt 0.002975211712 0.004620836582
vt 0.002313774079 0.005594919436
vt 0.01944269612 0.9985351562
vt 0.002820397029 0.005640794057
vt 0.02501833253 0.9857162833
vt 0.03066692501 0.985666275
vt 0.0189924743 0.9969328046
vt 0.01979621127 0.9978910685
vt 0.0194954332 0.9953304529
vt 0.02966630831 0.9856033325
vt 0.02402206138 0.9898937941
vt 0.01924395375 0.9969328046
vt 0.01999839209 0.997495532
vt 0.02050134912 0.9964306355
vt 0.01974691264 0.9969328046
vt 0.04191546142 0.9985351562
vt 0.03999575227 0.9942023754
vt 0.01999839209 0.9969328046
vt 0.0414782092 0.9976733923
vt 0.03949981183 0.9941577315
vt 0.04114482924 0.9969328642
vt 0.04185625538 0.9969328046
vt 0.04083041847 0.9962224364
vt 0.04133916646 0.9969328046
vt 0.01974691264 0.9953304529
vt 0.04057604447 0.9956223369
vt 0.04264048114 0.9969328046
vt 0.03802977502 0.9892852306
vt 0.03217186779 0.9852307439
vt 0.01999839209 0.9921257496
vt 0.02075282857 0.9953304529
vt 0.04133916646 0.9953304529
vt 0.03123711981 0.9852623343
vt 0.03730392084 0.9902774692
vt 0.02125152946 0.9937381148
vt 0.02163815498 0.993793726
vt 0.02301614359 0.9793002605
vt 0.02201022953 0.9928820729
vt 0.04057604447 0.9953304529
vt 0.02714227885 0.9829239845
vt 0.04032167047 0.9950081706
vt 0.03931575269 0.9924914837
vt 0.02607373334 0.9812999964
vt 0.01899247244 0.5867469311
vt 0.02714227885 0.5918380618
vt 0.02201022767 0.5870212317
vt 0.02301614359 0.5871986151
vt 0.0189924743 0.5918380618
vt 0.02870387957 0.5884356499
vt 0.02081114054 0.5868617296
vt 0.01999839209 0.586794436
vt 0.02179676294 0.5869859457
vt 0.01999839209 0.5918380618
vt 0.02100430615 0.5868852139
vt 0.02374982275 0.5873458982
vt 0.02277588658 0.5871500969
vt 0.02100430802 0.5918380618
vt 0.02201022767 0.5918380618
vt 0.02967811562 0.5886297226
vt 0.02402206138 0.5874079466
vt 0.02472822741 0.5875635147
vt 0.02402206138 0.5918380618
vt 0.02607373521 0.5918380618
vt 0.02714227885 0.588106811
vt 0.02503955737 0.5918380618
vt 0.02607373521 0.5878747702
vt 0.02571908385 0.5877911448
vt 0.02773129568 0.5882315636
vt 0.02503955737 0.5876380801
vt 0.02673646249 0.5880181193
vt 0.03016003221 0.5887153149
vt 0.03016003221 0.5918380618
vt 0.03116594814 0.5918380618
vt 0.03163971007 0.5889372826
vt 0.03116595 0.5888738632
vt 0.03217186779 0.5889899731
vt 0.03263559565 0.5890310407
vt 0.03217186779 0.5918380618
vt 0.03470228612 0.5890786052
vt 0.03574956954 0.5890369415
vt 0.03529208526 0.589055419
vt 0.03629800305 0.5918380618
vt 0.03629800305 0.5889946818
vt 0.03882778436 0.5886667371
vt 0.0383098349 0.5887506008
vt 0.03422354162 0.5890794396
vt 0.03318936005 0.5918380618
vt 0.03422354162 0.5918380618
vt 0.03529208526 0.5918380618
vt 0.03730392084 0.5888929367
vt 0.03676865995 0.5889562964
vt 0.03779484704 0.58883214
vt 0.03730392084 0.5918380618
vt 0.03931575269 0.5885728598
vt 0.03931575269 0.5918380618
vt 0.03986620158 0.5884677172
vt 0.0383098349 0.5918380618
vt 0.03318936005 0.9843257666
vt 0.03422354162 0.9830194712
vt 0.03629800305 0.9796049595
vt 0.03529208526 0.9813951254
vt 0.04032167047 0.9793002605
vt 0.02402206138 0.9793002605
vt 0.0222107619 0.9921257496
vt 0.02150726691 0.9921257496
vt 0.02204266004 0.9861295819
vt 0.02503955737 0.9793002605
vt 0.02256117202 0.9915142059
vt 0.02714227885 0.9793002605
vt 0.02915411443 0.9793002605
vt 0.02607373521 0.9793002605
vt 0.02814819664 0.9793002605
vt 0.03116594814 0.9793002605
vt 0.03318936005 0.9793002605
vt 0.03016003221 0.9793002605
vt 0.03217186779 0.9793002605
vt 0.03422354162 0.9793002605
vt 0.03529208526 0.9793002605
vt 0.03629800305 0.9793002605
vt 0.0383098349 0.972874701
vt 0.02301614359 0.9874536991
vt 0.02301614359 0.9857162833
vt 0.02380635031 0.9884651899
vt 0.03730392084 0.9793002605
vt 0.02321169525 0.9882082939
vt 0.001295332215 0.005192909855
vt 0.0008012419567 0.003061980009
vt 0.002021368593 0.004230595659
vt 2.534244595e-05 0.002540525515
vt 0 0.002820397029
vt 0.001410198514 0.003730549943
vt 0.002499985043 0.005093457177
vt 0.002820396796 0.00498695951
vt 0.0002114640229 0.003891895525
vt 0.00359507231 0.005518218502
vt 0.01792393066 0.9985351562
vt 0.03644339368 0.9857162833
vt 0.024381008 0.9902384281
vt 0.003359235357 0.005588843487
vt 0.01987420954 0.9977439046
vt 0.01845820434 0.9969328046
vt 0.0189924743 0.9985351562
vt 0.02402206138 0.9857162833
vt 0.03718043864 0.9872899652
vt 0.0194954332 0.9969328046
vt 0.02023630217 0.996932745
vt 0.0416332297 0.9976239204
vt 0.04344188794 0.9985351562
vt 0.04133916646 0.9973739386
vt 0.04159771279 0.9969328046
vt 0.04290761799 0.9969328046
vt 0.01999839209 0.9953304529
vt 0.0423733443 0.9969328046
vt 0.03887207806 0.9913702607
vt 0.0376291126 0.9898603559
vt 0.0423733443 0.9985351562
vt 0.02193666808 0.9930631518
vt 0.02076789737 0.9953304529
vt 0.02050134912 0.9953304529
vt 0.02150726691 0.994111836
vt 0.03929184377 0.9924304485
vt 0.02050134912 0.9921257496
vt 0.04083041847 0.9953304529
vt 0.04044209421 0.9953304529
vt 0.0391725786 0.9921257496
vt 0.03730392084 0.9857162833
vt 0.04032167047 0.5918380618
vt 0.04198102653 0.5880154371
vt 0.04344189167 0.5877121687
vt 0.04133916646 0.5881510377
vt 0.0423733443 0.5918380618
vt 0.04133916646 0.5918380618
vt 0.04344188794 0.5918380618
vt 0.04307619482 0.5877867937
vt 0.0383098349 0.9878741503
vt 0.0383098349 0.9857162833
vt 0.03931575269 0.9857162833
vt 0.03839803487 0.9868403077
vt 0.03981871158 0.9921257496
vt 0.03931575269 0.9921257496
vt 0.04083041847 0.9921257496
vt 0.04032167047 0.9857162833
vt 0.0423733443 0.5980191231
vt 0.04344188794 0.5980191231
vt 0.04133916646 0.5980191231
vt 0.04032167047 0.5980191231
vt 0.03931575269 0.5980191231
vt 0.0383098349 0.5980191231
vt 0.03730392084 0.5980191231
vt 0.03629800305 0.5980191231
vt 0.03529208526 0.5980191231
vt 0.03422354162 0.5980191231
vt 0.03318936005 0.5980191231
vt 0.03217186779 0.5980191231
vt 0.03116594814 0.5980191231
vt 0.03016003221 0.5980191231
vt 0.02915411443 0.5980191231
vt 0.02814819664 0.5980191231
vt 0.02714227885 0.5980191231
vt 0.02607373521 0.5980191231
vt 0.02503955737 0.5980191231
vt 0.02402206138 0.5980191231
vt 0.02301614359 0.5980191231
vt 0.02201022767 0.5980191231
vt 0.02100430802 0.5980191231
vt 0.01999839209 0.5980191231
vt 0.0189924743 0.5980191231
vt 0.01792393066 0.5980191231
vt 0.01688975096 0.5980191231
vt 0.01587225683 0.5980191231
vt 0.01486633904 0.5980191231
vt 0.01386042219 0.5980191231
vt 0.01285450347 0.5980191231
vt 0.01184858661 0.5980191231
vt 0.01084266976 0.5980191231
vt 0.0423733443 0.6043570638
vt 0.04344188794 0.6043570638
vt 0.04133916646 0.6043570638
vt 0.04032167047 0.6043570638
vt 0.03931575269 0.6043570638
vt 0.0383098349 0.6043570638
vt 0.03730392084 0.6043570638
vt 0.03629800305 0.6043570638
vt 0.03529208526 0.6043570638
vt 0.03422354162 0.6043570638
vt 0.03318936005 0.6043570638
vt 0.03217186779 0.6043570638
vt 0.03116594814 0.6043570638
vt 0.03016003221 0.6043570638
vt 0.02915411443 0.6043570638
vt 0.02814819664 0.6043570638
vt 0.02714227885 0.6043570638
vt 0.02607373521 0.6043570638
vt 0.02503955737 0.6043570638
vt 0.02402206138 0.6043570638
vt 0.02301614359 0.6043570638
vt 0.02201022767 0.6043570638
vt 0.02100430802 0.6043570638
vt 0.01999839209 0.6043570638
vt 0.0189924743 0.6043570638
vt 0.01792393066 0.6043570638
vt 0.01688975096 0.6043570638
vt 0.01587225683 0.6043570638
vt 0.01486633904 0.6043570638
vt 0.01386042219 0.6043570638
vt 0.01285450347 0.6043570638
vt 0.01184858661 0.6043570638
vt 0.01084266976 0.6043570638
vt 0.0423733443 0.6104944348
vt 0.04344188794 0.6104944348
vt 0.04133916646 0.6104944348
vt 0.04032167047 0.6104944348
vt 0.03931575269 0.6104944348
vt 0.0383098349 0.6104944348
vt 0.03730392084 0.6104944348
vt 0.03629800305 0.6104944348
vt 0.03529208526 0.6104944348
vt 0.03422354162 0.6104944348
vt 0.03318936005 0.6104944348
vt 0.03217186779 0.6104944348
vt 0.03116594814 0.6104944348
vt 0.03016003221 0.6104944348
vt 0.02915411443 0.6104944348
vt 0.02814819664 0.6104944348
vt 0.02714227885 0.6104944348
vt 0.02607373521 0.6104944348
vt 0.02503955737 0.6104944348
vt 0.02402206138 0.6104944348
vt 0.02301614359 0.6104944348
vt 0.02201022767 0.6104944348
vt 0.02100430802 0.6104944348
vt 0.01999839209 0.6104944348
vt 0.0189924743 0.6104944348
vt 0.01792393066 0.6104944348
vt 0.01688975096 0.6104944348
vt 0.01587225683 0.6104944348
vt 0.01486633904 0.6104944348
vt 0.01386042219 0.6104944348
vt 0.01285450347 0.6104944348
vt 0.01184858661 0.6104944348
vt 0.01084266976 0.6104944348
vt 0.0423733443 0.6167984009
vt 0.04344188794 0.6167984009
vt 0.04133916646 0.6167984009
vt 0.04032167047 0.6167984009
vt 0.03931575269 0.6167984009
vt 0.0383098349 0.6167984009
vt 0.03730392084 0.6167984009
vt 0.03629800305 0.6167984009
vt 0.03529208526 0.6167984009
vt 0.03422354162 0.6167984009
vt 0.03318936005 0.6167984009
vt 0.03217186779 0.6167984009
vt 0.03116594814 0.6167984009
vt 0.03016003221 0.6167984009
vt 0.02915411443 0.6167984009
vt 0.02814819664 0.6167984009
vt 0.02714227885 0.6167984009
vt 0.02607373521 0.6167984009
vt 0.02503955737 0.6167984009
vt 0.02402206138 0.6167984009
vt 0.02301614359 0.6167984009
vt 0.02201022767 0.6167984009
vt 0.02100430802 0.6167984009
vt 0.01999839209 0.6167984009
vt 0.0189924743 0.6167984009
vt 0.01792393066 0.6167984009
vt 0.01688975096 0.6167984009
vt 0.01587225683 0.6167984009
vt 0.01486633904 0.6167984009
vt 0.01386042219 0.6167984009
vt 0.01285450347 0.6167984009
vt 0.01184858661 0.6167984009
vt 0.01084266976 0.6167984009
vt 0.0423733443 0.623139441
vt 0.04344188794 0.623139441
vt 0.04133916646 0.623139441
vt 0.04032167047 0.623139441
vt 0.03931575269 0.623139441
vt 0.0383098349 0.623139441
vt 0.03730392084 0.623139441
vt 0.03629800305 0.623139441
vt 0.03529208526 0.623139441
vt 0.03422354162 0.623139441
vt 0.03318936005 0.623139441
vt 0.03217186779 0.623139441
vt 0.03116594814 0.623139441
vt 0.03016003221 0.623139441
vt 0.02915411443 0.623139441
vt 0.02814819664 0.623139441
vt 0.02714227885 0.623139441
vt 0.02607373521 0.623139441
vt 0.02503955737 0.623139441
vt 0.02402206138 0.623139441
vt 0.02301614359 0.623139441
vt 0.02201022767 0.623139441
vt 0.02100430802 0.623139441
vt 0.01999839209 0.623139441
vt 0.0189924743 0.623139441
vt 0.01792393066 0.623139441
vt 0.01688975096 0.623139441
vt 0.01587225683 0.623139441
vt 0.01486633904 0.623139441
vt 0.01386042219 0.623139441
vt 0.01285450347 0.623139441
vt 0.01184858661 0.623139441
vt 0.01084266976 0.623139441
vt 0.0423733443 0.6295149922
vt 0.04344188794 0.6295149922
vt 0.04133916646 0.6295149922
vt 0.04032167047 0.6295149922
vt 0.03931575269 0.6295149922
vt 0.0383098349 0.6295149922
vt 0.03730392084 0.6295149922
vt 0.03629800305 0.6295149922
vt 0.03529208526 0.6295149922
vt 0.03422354162 0.6295149922
vt 0.03318936005 0.6295149922
vt 0.03217186779 0.6295149922
vt 0.03116594814 0.6295149922
vt 0.03016003221 0.6295149922
vt 0.02915411443 0.6295149922
vt 0.02814819664 0.6295149922
vt 0.02714227885 0.6295149922
vt 0.02607373521 0.6295149922
vt 0.02503955737 0.6295149922
vt 0.02402206138 0.6295149922
vt 0.02301614359 0.6295149922
vt 0.02201022767 0.6295149922
vt 0.02100430802 0.6295149922
vt 0.01999839209 0.6295149922
vt 0.0189924743 0.6295149922
vt 0.01792393066 0.6295149922
vt 0.01688975096 0.6295149922
vt 0.01587225683 0.6295149922
vt 0.01486633904 0.6295149922
vt 0.01386042219 0.6295149922
vt 0.01285450347 0.6295149922
vt 0.01184858661 0.6295149922
vt 0.01084266976 0.6295149922
vt 0.0423733443 0.6361889839
vt 0.04344188794 0.6361889839
vt 0.04133916646 0.6361889839
vt 0.04032167047 0.6361889839
vt 0.03931575269 0.6361889839
vt 0.0383098349 0.6361889839
vt 0.03730392084 0.6361889839
vt 0.03629800305 0.6361889839
vt 0.03529208526 0.6361889839
vt 0.03422354162 0.6361889839
vt 0.03318936005 0.6361889839
vt 0.03217186779 0.6361889839
vt 0.03116594814 0.6361889839
vt 0.03016003221 0.6361889839
vt 0.02915411443 0.6361889839
vt 0.02814819664 0.6361889839
vt 0.02714227885 0.6361889839
vt 0.02607373521 0.6361889839
vt 0.02503955737 0.6361889839
vt 0.02402206138 0.6361889839
vt 0.02301614359 0.6361889839
vt 0.02201022767 0.6361889839
vt 0.02100430802 0.6361889839
vt 0.01999839209 0.6361889839
vt 0.0189924743 0.6361889839
vt 0.01792393066 0.6361889839
vt 0.01688975096 0.6361889839
vt 0.01587225683 0.6361889839
vt 0.01486633904 0.6361889839
vt 0.01386042219 0.6361889839
vt 0.01285450347 0.6361889839
vt 0.01184858661 0.6361889839
vt 0.01084266976 0.6361889839
vt 0.0423733443 0.6423130631
vt 0.04344188794 0.6423130631
vt 0.04133916646 0.6423130631
vt 0.04032167047 0.6423130631
vt 0.03931575269 0.6423130631
vt 0.0383098349 0.6423130631
vt 0.03730392084 0.6423130631
vt 0.03629800305 0.6423130631
vt 0.03529208526 0.6423130631
vt 0.03422354162 0.6423130631
vt 0.03318936005 0.6423130631
vt 0.03217186779 0.6423130631
vt 0.03116594814 0.6423130631
vt 0.03016003221 0.6423130631
vt 0.02915411443 0.6423130631
vt 0.02814819664 0.6423130631
vt 0.02714227885 0.6423130631
vt 0.02607373521 0.6423130631
vt 0.02503955737 0.6423130631
vt 0.02402206138 0.6423130631
vt 0.02301614359 0.6423130631
vt 0.02201022767 0.6423130631
vt 0.02100430802 0.6423130631
vt 0.01999839209 0.6423130631
vt 0.0189924743 0.6423130631
vt 0.01792393066 0.6423130631
vt 0.01688975096 0.6423130631
vt 0.01587225683 0.6423130631
vt 0.01486633904 0.6423130631
vt 0.01386042219 0.6423130631
vt 0.01285450347 0.6423130631
vt 0.01184858661 0.6423130631
vt 0.01084266976 0.6423130631
vt 0.0423733443 0.6487542987
vt 0.04344188794 0.6487542987
vt 0.04133916646 0.6487542987
vt 0.04032167047 0.6487542987
vt 0.03931575269 0.6487542987
vt 0.0383098349 0.6487542987
vt 0.03730392084 0.6487542987
vt 0.03629800305 0.6487542987
vt 0.03529208526 0.6487542987
vt 0.03422354162 0.6487542987
vt 0.03318936005 0.6487542987
vt 0.03217186779 0.6487542987
vt 0.03116594814 0.6487542987
vt 0.03016003221 0.6487542987
vt 0.02915411443 0.6487542987
vt 0.02814819664 0.6487542987
vt 0.02714227885 0.6487542987
vt 0.02607373521 0.6487542987
vt 0.02503955737 0.6487542987
vt 0.02402206138 0.6487542987
vt 0.02301614359 0.6487542987
vt 0.02201022767 0.6487542987
vt 0.02100430802 0.6487542987
vt 0.01999839209 0.6487542987
vt 0.0189924743 0.6487542987
vt 0.01792393066 0.6487542987
vt 0.01688975096 0.6487542987
vt 0.01587225683 0.6487542987
vt 0.01486633904 0.6487542987
vt 0.01386042219 0.6487542987
vt 0.01285450347 0.6487542987
vt 0.01184858661 0.6487542987
vt 0.01084266976 0.6487542987
vt 0.0423733443 0.6552108526
vt 0.04344188794 0.6552108526
vt 0.04133916646 0.6552108526
vt 0.04032167047 0.6552108526
vt 0.03931575269 0.6552108526
vt 0.0383098349 0.6552108526
vt 0.03730392084 0.6552108526
vt 0.03629800305 0.6552108526
vt 0.03529208526 0.6552108526
vt 0.03422354162 0.6552108526
vt 0.03318936005 0.6552108526
vt 0.03217186779 0.6552108526
vt 0.03116594814 0.6552108526
vt 0.03016003221 0.6552108526
vt 0.02915411443 0.6552108526
vt 0.02814819664 0.6552108526
vt 0.02714227885 0.6552108526
vt 0.02607373521 0.6552108526
vt 0.02503955737 0.6552108526
vt 0.02402206138 0.6552108526
vt 0.02301614359 0.6552108526
vt 0.02201022767 0.6552108526
vt 0.02100430802 0.6552108526
vt 0.01999839209 0.6552108526
vt 0.0189924743 0.6552108526
vt 0.01792393066 0.6552108526
vt 0.01688975096 0.6552108526
vt 0.01587225683 0.6552108526
vt 0.01486633904 0.6552108526
vt 0.01386042219 0.6552108526
vt 0.01285450347 0.6552108526
vt 0.01184858661 0.6552108526
vt 0.01084266976 0.6552108526
vt 0.0423733443 0.6616943479
vt 0.04344188794 0.6616943479
vt 0.04133916646 0.6616943479
vt 0.04032167047 0.6616943479
vt 0.03931575269 0.6616943479
vt 0.0383098349 0.6616943479
vt 0.03730392084 0.6616943479
vt 0.03629800305 0.6616943479
vt 0.03529208526 0.6616943479
vt 0.03422354162 0.6616943479
vt 0.03318936005 0.6616943479
vt 0.03217186779 0.6616943479
vt 0.03116594814 0.6616943479
vt 0.03016003221 0.6616943479
vt 0.02915411443 0.6616943479
vt 0.02814819664 0.6616943479
vt 0.02714227885 0.6616943479
vt 0.02607373521 0.6616943479
vt 0.02503955737 0.6616943479
vt 0.02402206138 0.6616943479
vt 0.02301614359 0.6616943479
vt 0.02201022767 0.6616943479
vt 0.02100430802 0.6616943479
vt 0.01999839209 0.6616943479
vt 0.0189924743 0.6616943479
vt 0.01792393066 0.6616943479
vt 0.01688975096 0.6616943479
vt 0.01587225683 0.6616943479
vt 0.01486633904 0.6616943479
vt 0.01386042219 0.6616943479
vt 0.01285450347 0.6616943479
vt 0.01184858661 0.6616943479
vt 0.01084266976 0.6616943479
vt 0.0423733443 0.6680445075
vt 0.04344188794 0.6680445075
vt 0.04133916646 0.6680445075
vt 0.04032167047 0.6680445075
vt 0.03931575269 0.6680445075
vt 0.0383098349 0.6680445075
vt 0.03730392084 0.6680445075
vt 0.03629800305 0.6680445075
vt 0.03529208526 0.6680445075
vt 0.03422354162 0.6680445075
vt 0.03318936005 0.6680445075
vt 0.03217186779 0.6680445075
vt 0.03116594814 0.6680445075
vt 0.03016003221 0.6680445075
vt 0.02915411443 0.6680445075
vt 0.02814819664 0.6680445075
vt 0.02714227885 0.6680445075
vt 0.02607373521 0.6680445075
vt 0.02503955737 0.6680445075
vt 0.02402206138 0.6680445075
vt 0.02301614359 0.6680445075
vt 0.02201022767 0.6680445075
vt 0.02100430802 0.6680445075
vt 0.01999839209 0.6680445075
vt 0.0189924743 0.6680445075
vt 0.01792393066 0.6680445075
vt 0.01688975096 0.6680445075
vt 0.01587225683 0.6680445075
vt 0.01486633904 0.6680445075
vt 0.01386042219 0.6680445075
vt 0.01285450347 0.6680445075
vt 0.01184858661 0.6680445075
vt 0.01084266976 0.6680445075
vt 0.0423733443 0.6745385528
vt 0.04344188794 0.6745385528
vt 0.04133916646 0.6745385528
vt 0.04032167047 0.6745385528
vt 0.03931575269 0.6745385528
vt 0.0383098349 0.6745385528
vt 0.03730392084 0.6745385528
vt 0.03629800305 0.6745385528
vt 0.03529208526 0.6745385528
vt 0.03422354162 0.6745385528
vt 0.03318936005 0.6745385528
vt 0.03217186779 0.6745385528
vt 0.03116594814 0.6745385528
vt 0.03016003221 0.6745385528
vt 0.02915411443 0.6745385528
vt 0.02814819664 0.6745385528
vt 0.02714227885 0.6745385528
vt 0.02607373521 0.6745385528
vt 0.02503955737 0.6745385528
vt 0.02402206138 0.6745385528
vt 0.02301614359 0.6745385528
vt 0.02201022767 0.6745385528
vt 0.02100430802 0.6745385528
vt 0.01999839209 0.6745385528
vt 0.0189924743 0.6745385528
vt 0.01792393066 0.6745385528
vt 0.01688975096 0.6745385528
vt 0.01587225683 0.6745385528
vt 0.01486633904 0.6745385528
vt 0.01386042219 0.6745385528
vt 0.01285450347 0.6745385528
vt 0.01184858661 0.6745385528
vt 0.01084266976 0.6745385528
vt 0.0423733443 0.680858016
vt 0.04344188794 0.680858016
vt 0.04133916646 0.680858016
vt 0.04032167047 0.680858016
vt 0.03931575269 0.680858016
vt 0.0383098349 0.680858016
vt 0.03730392084 0.680858016
vt 0.03629800305 0.680858016
vt 0.03529208526 0.680858016
vt 0.03422354162 0.680858016
vt 0.03318936005 0.680858016
vt 0.03217186779 0.680858016
vt 0.03116594814 0.680858016
vt 0.03016003221 0.680858016
vt 0.02915411443 0.680858016
vt 0.02814819664 0.680858016
vt 0.02714227885 0.680858016
vt 0.02607373521 0.680858016
vt 0.02503955737 0.680858016
vt 0.02402206138 0.680858016
vt 0.02301614359 0.680858016
vt 0.02201022767 0.680858016
vt 0.02100430802 0.680858016
vt 0.01999839209 0.680858016
vt 0.0189924743 0.680858016
vt 0.01792393066 0.680858016
vt 0.01688975096 0.680858016
vt 0.01587225683 0.680858016
vt 0.01486633904 0.680858016
vt 0.01386042219 0.680858016
vt 0.01285450347 0.680858016
vt 0.01184858661 0.680858016
vt 0.01084266976 0.680858016
vt 0.0423733443 0.6871332526
vt 0.04344188794 0.6871332526
vt 0.04133916646 0.6871332526
vt 0.04032167047 0.6871332526
vt 0.03931575269 0.6871332526
vt 0.0383098349 0.6871332526
vt 0.03730392084 0.6871332526
vt 0.03629800305 0.6871332526
vt 0.03529208526 0.6871332526
vt 0.03422354162 0.6871332526
vt 0.03318936005 0.6871332526
vt 0.03217186779 0.6871332526
vt 0.03116594814 0.6871332526
vt 0.03016003221 0.6871332526
vt 0.02915411443 0.6871332526
vt 0.02814819664 0.6871332526
vt 0.02714227885 0.6871332526
vt 0.02607373521 0.6871332526
vt 0.02503955737 0.6871332526
vt 0.02402206138 0.6871332526
vt 0.02301614359 0.6871332526
vt 0.02201022767 0.6871332526
vt 0.02100430802 0.6871332526
vt 0.01999839209 0.6871332526
vt 0.0189924743 0.6871332526
vt 0.01792393066 0.6871332526
vt 0.01688975096 0.6871332526
vt 0.01587225683 0.6871332526
vt 0.01486633904 0.6871332526
vt 0.01386042219 0.6871332526
vt 0.01285450347 0.6871332526
vt 0.01184858661 0.6871332526
vt 0.01084266976 0.6871332526
vt 0.0423733443 0.6933793426
vt 0.04344188794 0.6933793426
vt 0.04133916646 0.6933793426
vt 0.04032167047 0.6933793426
vt 0.03931575269 0.6933793426
vt 0.0383098349 0.6933793426
vt 0.03730392084 0.6933793426
vt 0.03629800305 0.6933793426
vt 0.03529208526 0.6933793426
vt 0.03422354162 0.6933793426
vt 0.03318936005 0.6933793426
vt 0.03217186779 0.6933793426
vt 0.03116594814 0.6933793426
vt 0.03016003221 0.6933793426
vt 0.02915411443 0.6933793426
vt 0.02814819664 0.6933793426
vt 0.02714227885 0.6933793426
vt 0.02607373521 0.6933793426
vt 0.02503955737 0.6933793426
vt 0.02402206138 0.6933793426
vt 0.02301614359 0.6933793426
vt 0.02201022767 0.6933793426
vt 0.02100430802 0.6933793426
vt 0.01999839209 0.6933793426
vt 0.0189924743 0.6933793426
vt 0.01792393066 0.6933793426
vt 0.01688975096 0.6933793426
vt 0.01587225683 0.6933793426
vt 0.01486633904 0.6933793426
vt 0.01386042219 0.6933793426
vt 0.01285450347 0.6933793426
vt 0.01184858661 0.6933793426
vt 0.01084266976 0.6933793426
vt 0.0423733443 0.6996124387
vt 0.04344188794 0.6996124387
vt 0.04133916646 0.6996124387
vt 0.04032167047 0.6996124387
vt 0.03931575269 0.6996124387
vt 0.0383098349 0.6996124387
vt 0.03730392084 0.6996124387
vt 0.03629800305 0.6996124387
vt 0.03529208526 0.6996124387
vt 0.03422354162 0.6996124387
vt 0.03318936005 0.6996124387
vt 0.03217186779 0.6996124387
vt 0.03116594814 0.6996124387
vt 0.03016003221 0.6996124387
vt 0.02915411443 0.6996124387
vt 0.02814819664 0.6996124387
vt 0.02714227885 0.6996124387
vt 0.02607373521 0.6996124387
vt 0.02503955737 0.6996124387
vt 0.02402206138 0.6996124387
vt 0.02301614359 0.6996124387
vt 0.02201022767 0.6996124387
vt 0.02100430802 0.6996124387
vt 0.01999839209 0.6996124387
vt 0.0189924743 0.6996124387
vt 0.01792393066 0.6996124387
vt 0.01688975096 0.6996124387
vt 0.01587225683 0.6996124387
vt 0.01486633904 0.6996124387
vt 0.01386042219 0.6996124387
vt 0.01285450347 0.6996124387
vt 0.01184858661 0.6996124387
vt 0.01084266976 0.6996124387
vt 0.0423733443 0.7058544159
vt 0.04344188794 0.7058544159
vt 0.04133916646 0.7058544159
vt 0.04032167047 0.7058544159
vt 0.03931575269 0.7058544159
vt 0.0383098349 0.7058544159
vt 0.03730392084 0.7058544159
vt 0.03629800305 0.7058544159
vt 0.03529208526 0.7058544159
vt 0.03422354162 0.7058544159
vt 0.03318936005 0.7058544159
vt 0.03217186779 0.7058544159
vt 0.03116594814 0.7058544159
vt 0.03016003221 0.7058544159
vt 0.02915411443 0.7058544159
vt 0.02814819664 0.7058544159
vt 0.02714227885 0.7058544159
vt 0.02607373521 0.7058544159
vt 0.02503955737 0.7058544159
vt 0.02402206138 0.7058544159
vt 0.02301614359 0.7058544159
vt 0.02201022767 0.7058544159
vt 0.02100430802 0.7058544159
vt 0.01999839209 0.7058544159
vt 0.0189924743 0.7058544159
vt 0.01792393066 0.7058544159
vt 0.01688975096 0.7058544159
vt 0.01587225683 0.7058544159
vt 0.01486633904 0.7058544159
vt 0.01386042219 0.7058544159
vt 0.01285450347 0.7058544159
vt 0.01184858661 0.7058544159
vt 0.01084266976 0.7058544159
vt 0.0423733443 0.7121301293
vt 0.04344188794 0.7121301293
vt 0.04133916646 0.7121301293
vt 0.04032167047 0.7121301293
vt 0.03931575269 0.7121301293
vt 0.0383098349 0.7121301293
vt 0.03730392084 0.7121301293
vt 0.03629800305 0.7121301293
vt 0.03529208526 0.7121301293
vt 0.03422354162 0.7121301293
vt 0.03318936005 0.7121301293
vt 0.03217186779 0.7121301293
vt 0.03116594814 0.7121301293
vt 0.03016003221 0.7121301293
vt 0.02915411443 0.7121301293
vt 0.02814819664 0.7121301293
vt 0.02714227885 0.7121301293
vt 0.02607373521 0.7121301293
vt 0.02503955737 0.7121301293
vt 0.02402206138 0.7121301293
vt 0.02301614359 0.7121301293
vt 0.02201022767 0.7121301293
vt 0.02100430802 0.7121301293
vt 0.01999839209 0.7121301293
vt 0.0189924743 0.7121301293
vt 0.01792393066 0.7121301293
vt 0.01688975096 0.7121301293
vt 0.01587225683 0.7121301293
vt 0.01486633904 0.7121301293
vt 0.01386042219 0.7121301293
vt 0.01285450347 0.7121301293
vt 0.01184858661 0.7121301293
vt 0.01084266976 0.7121301293
vt 0.0423733443 0.7184299827
vt 0.04344188794 0.7184299827
vt 0.04133916646 0.7184299827
vt 0.04032167047 0.7184299827
vt 0.03931575269 0.7184299827
vt 0.0383098349 0.7184299827
vt 0.03730392084 0.7184299827
vt 0.03629800305 0.7184299827
vt 0.03529208526 0.7184299827
vt 0.03422354162 0.7184299827
vt 0.03318936005 0.7184299827
vt 0.03217186779 0.7184299827
vt 0.03116594814 0.7184299827
vt 0.03016003221 0.7184299827
vt 0.02915411443 0.7184299827
vt 0.02814819664 0.7184299827
vt 0.02714227885 0.7184299827
vt 0.02607373521 0.7184299827
vt 0.02503955737 0.7184299827
vt 0.02402206138 0.7184299827
vt 0.02301614359 0.7184299827
vt 0.02201022767 0.7184299827
vt 0.02100430802 0.7184299827
vt 0.01999839209 0.7184299827
vt 0.0189924743 0.7184299827
vt 0.01792393066 0.7184299827
vt 0.01688975096 0.7184299827
vt 0.01587225683 0.7184299827
vt 0.01486633904 0.7184299827
vt 0.01386042219 0.7184299827
vt 0.01285450347 0.7184299827
vt 0.01184858661 0.7184299827
vt 0.01084266976 0.7184299827
vt 0.0423733443 0.7244991064
vt 0.04344188794 0.7244991064
vt 0.04133916646 0.7244991064
vt 0.04032167047 0.7244991064
vt 0.03931575269 0.7244991064
vt 0.0383098349 0.7244991064
vt 0.03730392084 0.7244991064
vt 0.03629800305 0.7244991064
vt 0.03529208526 0.7244991064
vt 0.03422354162 0.7244991064
vt 0.03318936005 0.7244991064
vt 0.03217186779 0.7244991064
vt 0.03116594814 0.7244991064
vt 0.03016003221 0.7244991064
vt 0.02915411443 0.7244991064
vt 0.02814819664 0.7244991064
vt 0.02714227885 0.7244991064
vt 0.02607373521 0.7244991064
vt 0.02503955737 0.7244991064
vt 0.02402206138 0.7244991064
vt 0.02301614359 0.7244991064
vt 0.02201022767 0.7244991064
vt 0.02100430802 0.7244991064
vt 0.01999839209 0.7244991064
vt 0.0189924743 0.7244991064
vt 0.01792393066 0.7244991064
vt 0.01688975096 0.7244991064
vt 0.01587225683 0.7244991064
vt 0.01486633904 0.7244991064
vt 0.01386042219 0.7244991064
vt 0.01285450347 0.7244991064
vt 0.01184858661 0.7244991064
vt 0.01084266976 0.7244991064
vt 0.0423733443 0.7310643196
vt 0.04344188794 0.7310643196
vt 0.04133916646 0.7310643196
vt 0.04032167047 0.7310643196
vt 0.03931575269 0.7310643196
vt 0.0383098349 0.7310643196
vt 0.03730392084 0.7310643196
vt 0.03629800305 0.7310643196
vt 0.03529208526 0.7310643196
vt 0.03422354162 0.7310643196
vt 0.03318936005 0.7310643196
vt 0.03217186779 0.7310643196
vt 0.03116594814 0.7310643196
vt 0.03016003221 0.7310643196
vt 0.02915411443 0.7310643196
vt 0.02814819664 0.7310643196
vt 0.02714227885 0.7310643196
vt 0.02607373521 0.7310643196
vt 0.02503955737 0.7310643196
vt 0.02402206138 0.7310643196
vt 0.02301614359 0.7310643196
vt 0.02201022767 0.7310643196
vt 0.02100430802 0.7310643196
vt 0.01999839209 0.7310643196
vt 0.0189924743 0.7310643196
vt 0.01792393066 0.7310643196
vt 0.01688975096 0.7310643196
vt 0.01587225683 0.7310643196
vt 0.01486633904 0.7310643196
vt 0.01386042219 0.7310643196
vt 0.01285450347 0.7310643196
vt 0.01184858661 0.7310643196
vt 0.01084266976 0.7310643196
vt 0.0423733443 0.7373963594
vt 0.04344188794 0.7373963594
vt 0.04133916646 0.7373963594
vt 0.04032167047 0.7373963594
vt 0.03931575269 0.7373963594
vt 0.0383098349 0.7373963594
vt 0.03730392084 0.7373963594
vt 0.03629800305 0.7373963594
vt 0.03529208526 0.7373963594
vt 0.03422354162 0.7373963594
vt 0.03318936005 0.7373963594
vt 0.03217186779 0.7373963594
vt 0.03116594814 0.7373963594
vt 0.03016003221 0.7373963594
vt 0.02915411443 0.7373963594
vt 0.02814819664 0.7373963594
vt 0.02714227885 0.7373963594
vt 0.02607373521 0.7373963594
vt 0.02503955737 0.7373963594
vt 0.02402206138 0.7373963594
vt 0.02301614359 0.7373963594
vt 0.02201022767 0.7373963594
vt 0.02100430802 0.7373963594
vt 0.01999839209 0.7373963594
vt 0.0189924743 0.7373963594
vt 0.01792393066 0.7373963594
vt 0.01688975096 0.7373963594
vt 0.01587225683 0.7373963594
vt 0.01486633904 0.7373963594
vt 0.01386042219 0.7373963594
vt 0.01285450347 0.7373963594
vt 0.01184858661 0.7373963594
vt 0.01084266976 0.7373963594
vt 0.0423733443 0.7439275384
vt 0.04344188794 0.7439275384
vt 0.04133916646 0.7439275384
vt 0.04032167047 0.7439275384
vt 0.03931575269 0.7439275384
vt 0.0383098349 0.7439275384
vt 0.03730392084 0.7439275384
vt 0.03629800305 0.7439275384
vt 0.03529208526 0.7439275384
vt 0.03422354162 0.7439275384
vt 0.03318936005 0.7439275384
vt 0.03217186779 0.7439275384
vt 0.03116594814 0.7439275384
vt 0.03016003221 0.7439275384
vt 0.02915411443 0.7439275384
vt 0.02814819664 0.7439275384
vt 0.02714227885 0.7439275384
vt 0.02607373521 0.7439275384
vt 0.02503955737 0.7439275384
vt 0.02402206138 0.7439275384
vt 0.02301614359 0.7439275384
vt 0.02201022767 0.7439275384
vt 0.02100430802 0.7439275384
vt 0.01999839209 0.7439275384
vt 0.0189924743 0.7439275384
vt 0.01792393066 0.7439275384
vt 0.01688975096 0.7439275384
vt 0.01587225683 0.7439275384
vt 0.01486633904 0.7439275384
vt 0.01386042219 0.7439275384
vt 0.01285450347 0.7439275384
vt 0.01184858661 0.7439275384
vt 0.01084266976 0.7439275384
vt 0.0423733443 0.7500799894
vt 0.04344188794 0.7500799894
vt 0.04133916646 0.7500799894
vt 0.04032167047 0.7500799894
vt 0.03931575269 0.7500799894
vt 0.0383098349 0.7500799894
vt 0.03730392084 0.7500799894
vt 0.03629800305 0.7500799894
vt 0.03529208526 0.7500799894
vt 0.03422354162 0.7500799894
vt 0.03318936005 0.7500799894
vt 0.03217186779 0.7500799894
vt 0.03116594814 0.7500799894
vt 0.03016003221 0.7500799894
vt 0.02915411443 0.7500799894
vt 0.02814819664 0.7500799894
vt 0.02714227885 0.7500799894
vt 0.02607373521 0.7500799894
vt 0.02503955737 0.7500799894
vt 0.02402206138 0.7500799894
vt 0.02301614359 0.7500799894
vt 0.02201022767 0.7500799894
vt 0.02100430802 0.7500799894
vt 0.01999839209 0.7500799894
vt 0.0189924743 0.7500799894
vt 0.01792393066 0.7500799894
vt 0.01688975096 0.7500799894
vt 0.01587225683 0.7500799894
vt 0.01486633904 0.7500799894
vt 0.01386042219 0.7500799894
vt 0.01285450347 0.7500799894
vt 0.01184858661 0.7500799894
vt 0.01084266976 0.7500799894
vt 0.0423733443 0.7564290762
vt 0.04344188794 0.7564290762
vt 0.04133916646 0.7564290762
vt 0.04032167047 0.7564290762
vt 0.03931575269 0.7564290762
vt 0.0383098349 0.7564290762
vt 0.03730392084 0.7564290762
vt 0.03629800305 0.7564290762
vt 0.03529208526 0.7564290762
vt 0.03422354162 0.7564290762
vt 0.03318936005 0.7564290762
vt 0.03217186779 0.7564290762
vt 0.03116594814 0.7564290762
vt 0.03016003221 0.7564290762
vt 0.02915411443 0.7564290762
vt 0.02814819664 0.7564290762
vt 0.02714227885 0.7564290762
vt 0.02607373521 0.7564290762
vt 0.02503955737 0.7564290762
vt 0.02402206138 0.7564290762
vt 0.02301614359 0.7564290762
vt 0.02201022767 0.7564290762
vt 0.02100430802 0.7564290762
vt 0.01999839209 0.7564290762
vt 0.0189924743 0.7564290762
vt 0.01792393066 0.7564290762
vt 0.01688975096 0.7564290762
vt 0.01587225683 0.7564290762
vt 0.01486633904 0.7564290762
vt 0.01386042219 0.7564290762
vt 0.01285450347 0.7564290762
vt 0.01184858661 0.7564290762
vt 0.01084266976 0.7564290762
vt 0.0423733443 0.7627812028
vt 0.04344188794 0.7627812028
vt 0.04133916646 0.7627812028
vt 0.04032167047 0.7627812028
vt 0.03931575269 0.7627812028
vt 0.0383098349 0.7627812028
vt 0.03730392084 0.7627812028
vt 0.03629800305 0.7627812028
vt 0.03529208526 0.7627812028
vt 0.03422354162 0.7627812028
vt 0.03318936005 0.7627812028
vt 0.03217186779 0.7627812028
vt 0.03116594814 0.7627812028
vt 0.03016003221 0.7627812028
vt 0.02915411443 0.7627812028
vt 0.02814819664 0.7627812028
vt 0.02714227885 0.7627812028
vt 0.02607373521 0.7627812028
vt 0.02503955737 0.7627812028
vt 0.02402206138 0.7627812028
vt 0.02301614359 0.7627812028
vt 0.02201022767 0.7627812028
vt 0.02100430802 0.7627812028
vt 0.01999839209 0.7627812028
vt 0.0189924743 0.7627812028
vt 0.01792393066 0.7627812028
vt 0.01688975096 0.7627812028
vt 0.01587225683 0.7627812028
vt 0.01486633904 0.7627812028
vt 0.01386042219 0.7627812028
vt 0.01285450347 0.7627812028
vt 0.01184858661 0.7627812028
vt 0.01084266976 0.7627812028
vt 0.0423733443 0.7691296339
vt 0.04344188794 0.7691296339
vt 0.04133916646 0.7691296339
vt 0.04032167047 0.7691296339
vt 0.03931575269 0.7691296339
vt 0.0383098349 0.7691296339
vt 0.03730392084 0.7691296339
vt 0.03629800305 0.7691296339
vt 0.03529208526 0.7691296339
vt 0.03422354162 0.7691296339
vt 0.03318936005 0.7691296339
vt 0.03217186779 0.7691296339
vt 0.03116594814 0.7691296339
vt 0.03016003221 0.7691296339
vt 0.02915411443 0.7691296339
vt 0.02814819664 0.7691296339
vt 0.02714227885 0.7691296339
vt 0.02607373521 0.7691296339
vt 0.02503955737 0.7691296339
vt 0.02402206138 0.7691296339
vt 0.02301614359 0.7691296339
vt 0.02201022767 0.7691296339
vt 0.02100430802 0.7691296339
vt 0.01999839209 0.7691296339
vt 0.0189924743 0.7691296339
vt 0.01792393066 0.7691296339
vt 0.01688975096 0.7691296339
vt 0.01587225683 0.7691296339
vt 0.01486633904 0.7691296339
vt 0.01386042219 0.7691296339
vt 0.01285450347 0.7691296339
vt 0.01184858661 0.7691296339
vt 0.01084266976 0.7691296339
vt 0.0423733443 0.7752348781
vt 0.04344188794 0.7752348781
vt 0.04133916646 0.7752348781
vt 0.04032167047 0.7752348781
vt 0.03931575269 0.7752348781
vt 0.0383098349 0.7752348781
vt 0.03730392084 0.7752348781
vt 0.03629800305 0.7752348781
vt 0.03529208526 0.7752348781
vt 0.03422354162 0.7752348781
vt 0.03318936005 0.7752348781
vt 0.03217186779 0.7752348781
vt 0.03116594814 0.7752348781
vt 0.03016003221 0.7752348781
vt 0.02915411443 0.7752348781
vt 0.02814819664 0.7752348781
vt 0.02714227885 0.7752348781
vt 0.02607373521 0.7752348781
vt 0.02503955737 0.7752348781
vt 0.02402206138 0.7752348781
vt 0.02301614359 0.7752348781
vt 0.02201022767 0.7752348781
vt 0.02100430802 0.7752348781
vt 0.01999839209 0.7752348781
vt 0.0189924743 0.7752348781
vt 0.01792393066 0.7752348781
vt 0.01688975096 0.7752348781
vt 0.01587225683 0.7752348781
vt 0.01486633904 0.7752348781
vt 0.01386042219 0.7752348781
vt 0.01285450347 0.7752348781
vt 0.01184858661 0.7752348781
vt 0.01084266976 0.7752348781
vt 0.0423733443 0.7818180323
vt 0.04344188794 0.7818180323
vt 0.04133916646 0.7818180323
vt 0.04032167047 0.7818180323
vt 0.03931575269 0.7818180323
vt 0.0383098349 0.7818180323
vt 0.03730392084 0.7818180323
vt 0.03629800305 0.7818180323
vt 0.03529208526 0.7818180323
vt 0.03422354162 0.7818180323
vt 0.03318936005 0.7818180323
vt 0.03217186779 0.7818180323
vt 0.03116594814 0.7818180323
vt 0.03016003221 0.7818180323
vt 0.02915411443 0.7818180323
vt 0.02814819664 0.7818180323
vt 0.02714227885 0.7818180323
vt 0.02607373521 0.7818180323
vt 0.02503955737 0.7818180323
vt 0.02402206138 0.7818180323
vt 0.02301614359 0.7818180323
vt 0.02201022767 0.7818180323
vt 0.02100430802 0.7818180323
vt 0.01999839209 0.7818180323
vt 0.0189924743 0.7818180323
vt 0.01792393066 0.7818180323
vt 0.01688975096 0.7818180323
vt 0.01587225683 0.7818180323
vt 0.01486633904 0.7818180323
vt 0.01386042219 0.7818180323
vt 0.01285450347 0.7818180323
vt 0.01184858661 0.7818180323
vt 0.01084266976 0.7818180323
vt 0.0423733443 0.7881589532
vt 0.04344188794 0.7881589532
vt 0.04133916646 0.7881589532
vt 0.04032167047 0.7881589532
vt 0.03931575269 0.7881589532
vt 0.0383098349 0.7881589532
vt 0.03730392084 0.7881589532
vt 0.03629800305 0.7881589532
vt 0.03529208526 0.7881589532
vt 0.03422354162 0.7881589532
vt 0.03318936005 0.7881589532
vt 0.03217186779 0.7881589532
vt 0.03116594814 0.7881589532
vt 0.03016003221 0.7881589532
vt 0.02915411443 0.7881589532
vt 0.02814819664 0.7881589532
vt 0.02714227885 0.7881589532
vt 0.02607373521 0.7881589532
vt 0.02503955737 0.7881589532
vt 0.02402206138 0.7881589532
vt 0.02301614359 0.7881589532
vt 0.02201022767 0.7881589532
vt 0.02100430802 0.7881589532
vt 0.01999839209 0.7881589532
vt 0.0189924743 0.7881589532
vt 0.01792393066 0.7881589532
vt 0.01688975096 0.7881589532
vt 0.01587225683 0.7881589532
vt 0.01486633904 0.7881589532
vt 0.01386042219 0.7881589532
vt 0.01285450347 0.7881589532
vt 0.01184858661 0.7881589532
vt 0.01084266976 0.7881589532
vt 0.0423733443 0.7945004106
vt 0.04344188794 0.7945004106
vt 0.04133916646 0.7945004106
vt 0.04032167047 0.7945004106
vt 0.03931575269 0.7945004106
vt 0.0383098349 0.7945004106
vt 0.03730392084 0.7945004106
vt 0.03629800305 0.7945004106
vt 0.03529208526 0.7945004106
vt 0.03422354162 0.7945004106
vt 0.03318936005 0.7945004106
vt 0.03217186779 0.7945004106
vt 0.03116594814 0.7945004106
vt 0.03016003221 0.7945004106
vt 0.02915411443 0.7945004106
vt 0.02814819664 0.7945004106
vt 0.02714227885 0.7945004106
vt 0.02607373521 0.7945004106
vt 0.02503955737 0.7945004106
vt 0.02402206138 0.7945004106
vt 0.02301614359 0.7945004106
vt 0.02201022767 0.7945004106
vt 0.02100430802 0.7945004106
vt 0.01999839209 0.7945004106
vt 0.0189924743 0.7945004106
vt 0.01792393066 0.7945004106
vt 0.01688975096 0.7945004106
vt 0.01587225683 0.7945004106
vt 0.01486633904 0.7945004106
vt 0.01386042219 0.7945004106
vt 0.01285450347 0.7945004106
vt 0.01184858661 0.7945004106
vt 0.01084266976 0.7945004106
vt 0.0423733443 0.8008443713
vt 0.04344188794 0.8008443713
vt 0.04133916646 0.8008443713
vt 0.04032167047 0.8008443713
vt 0.03931575269 0.8008443713
vt 0.0383098349 0.8008443713
vt 0.03730392084 0.8008443713
vt 0.03629800305 0.8008443713
vt 0.03529208526 0.8008443713
vt 0.03422354162 0.8008443713
vt 0.03318936005 0.8008443713
vt 0.03217186779 0.8008443713
vt 0.03116594814 0.8008443713
vt 0.03016003221 0.8008443713
vt 0.02915411443 0.8008443713
vt 0.02814819664 0.8008443713
vt 0.02714227885 0.8008443713
vt 0.02607373521 0.8008443713
vt 0.02503955737 0.8008443713
vt 0.02402206138 0.8008443713
vt 0.02301614359 0.8008443713
vt 0.02201022767 0.8008443713
vt 0.02100430802 0.8008443713
vt 0.01999839209 0.8008443713
vt 0.0189924743 0.8008443713
vt 0.01792393066 0.8008443713
vt 0.01688975096 0.8008443713
vt 0.01587225683 0.8008443713
vt 0.01486633904 0.8008443713
vt 0.01386042219 0.8008443713
vt 0.01285450347 0.8008443713
vt 0.01184858661 0.8008443713
vt 0.01084266976 0.8008443713
vt 0.0423733443 0.8071982861
vt 0.04344188794 0.8071982861
vt 0.04133916646 0.8071982861
vt 0.04032167047 0.8071982861
vt 0.03931575269 0.8071982861
vt 0.0383098349 0.8071982861
vt 0.03730392084 0.8071982861
vt 0.03629800305 0.8071982861
vt 0.03529208526 0.8071982861
vt 0.03422354162 0.8071982861
vt 0.03318936005 0.8071982861
vt 0.03217186779 0.8071982861
vt 0.03116594814 0.8071982861
vt 0.03016003221 0.8071982861
vt 0.02915411443 0.8071982861
vt 0.02814819664 0.8071982861
vt 0.02714227885 0.8071982861
vt 0.02607373521 0.8071982861
vt 0.02503955737 0.8071982861
vt 0.02402206138 0.8071982861
vt 0.02301614359 0.8071982861
vt 0.02201022767 0.8071982861
vt 0.02100430802 0.8071982861
vt 0.01999839209 0.8071982861
vt 0.0189924743 0.8071982861
vt 0.01792393066 0.8071982861
vt 0.01688975096 0.8071982861
vt 0.01587225683 0.8071982861
vt 0.01486633904 0.8071982861
vt 0.01386042219 0.8071982861
vt 0.01285450347 0.8071982861
vt 0.01184858661 0.8071982861
vt 0.01084266976 0.8071982861
vt 0.0423733443 0.8135699034
vt 0.04344188794 0.8135699034
vt 0.04133916646 0.8135699034
vt 0.04032167047 0.8135699034
vt 0.03931575269 0.8135699034
vt 0.0383098349 0.8135699034
vt 0.03730392084 0.8135699034
vt 0.03629800305 0.8135699034
vt 0.03529208526 0.8135699034
vt 0.03422354162 0.8135699034
vt 0.03318936005 0.8135699034
vt 0.03217186779 0.8135699034
vt 0.03116594814 0.8135699034
vt 0.03016003221 0.8135699034
vt 0.02915411443 0.8135699034
vt 0.02814819664 0.8135699034
vt 0.02714227885 0.8135699034
vt 0.02607373521 0.8135699034
vt 0.02503955737 0.8135699034
vt 0.02402206138 0.8135699034
vt 0.02301614359 0.8135699034
vt 0.02201022767 0.8135699034
vt 0.02100430802 0.8135699034
vt 0.01999839209 0.8135699034
vt 0.0189924743 0.8135699034
vt 0.01792393066 0.8135699034
vt 0.01688975096 0.8135699034
vt 0.01587225683 0.8135699034
vt 0.01486633904 0.8135699034
vt 0.01386042219 0.8135699034
vt 0.01285450347 0.8135699034
vt 0.01184858661 0.8135699034
vt 0.01084266976 0.8135699034
vt 0.0423733443 0.8199621439
vt 0.04344188794 0.8199621439
vt 0.04133916646 0.8199621439
vt 0.04032167047 0.8199621439
vt 0.03931575269 0.8199621439
vt 0.0383098349 0.8199621439
vt 0.03730392084 0.8199621439
vt 0.03629800305 0.8199621439
vt 0.03529208526 0.8199621439
vt 0.03422354162 0.8199621439
vt 0.03318936005 0.8199621439
vt 0.03217186779 0.8199621439
vt 0.03116594814 0.8199621439
vt 0.03016003221 0.8199621439
vt 0.02915411443 0.8199621439
vt 0.02814819664 0.8199621439
vt 0.02714227885 0.8199621439
vt 0.02607373521 0.8199621439
vt 0.02503955737 0.8199621439
vt 0.02402206138 0.8199621439
vt 0.02301614359 0.8199621439
vt 0.02201022767 0.8199621439
vt 0.02100430802 0.8199621439
vt 0.01999839209 0.8199621439
vt 0.0189924743 0.8199621439
vt 0.01792393066 0.8199621439
vt 0.01688975096 0.8199621439
vt 0.01587225683 0.8199621439
vt 0.01486633904 0.8199621439
vt 0.01386042219 0.8199621439
vt 0.01285450347 0.8199621439
vt 0.01184858661 0.8199621439
vt 0.01084266976 0.8199621439
vt 0.0423733443 0.8263636231
vt 0.04344188794 0.8263636231
vt 0.04133916646 0.8263636231
vt 0.04032167047 0.8263636231
vt 0.03931575269 0.8263636231
vt 0.0383098349 0.8263636231
vt 0.03730392084 0.8263636231
vt 0.03629800305 0.8263636231
vt 0.03529208526 0.8263636231
vt 0.03422354162 0.8263636231
vt 0.03318936005 0.8263636231
vt 0.03217186779 0.8263636231
vt 0.03116594814 0.8263636231
vt 0.03016003221 0.8263636231
vt 0.02915411443 0.8263636231
vt 0.02814819664 0.8263636231
vt 0.02714227885 0.8263636231
vt 0.02607373521 0.8263636231
vt 0.02503955737 0.8263636231
vt 0.02402206138 0.8263636231
vt 0.02301614359 0.8263636231
vt 0.02201022767 0.8263636231
vt 0.02100430802 0.8263636231
vt 0.01999839209 0.8263636231
vt 0.0189924743 0.8263636231
vt 0.01792393066 0.8263636231
vt 0.01688975096 0.8263636231
vt 0.01587225683 0.8263636231
vt 0.01486633904 0.8263636231
vt 0.01386042219 0.8263636231
vt 0.01285450347 0.8263636231
vt 0.01184858661 0.8263636231
vt 0.01084266976 0.8263636231
vt 0.0423733443 0.8327941298
vt 0.04344188794 0.8327941298
vt 0.04133916646 0.8327941298
vt 0.04032167047 0.8327941298
vt 0.03931575269 0.8327941298
vt 0.0383098349 0.8327941298
vt 0.03730392084 0.8327941298
vt 0.03629800305 0.8327941298
vt 0.03529208526 0.8327941298
vt 0.03422354162 0.8327941298
vt 0.03318936005 0.8327941298
vt 0.03217186779 0.8327941298
vt 0.03116594814 0.8327941298
vt 0.03016003221 0.8327941298
vt 0.02915411443 0.8327941298
vt 0.02814819664 0.8327941298
vt 0.02714227885 0.8327941298
vt 0.02607373521 0.8327941298
vt 0.02503955737 0.8327941298
vt 0.02402206138 0.8327941298
vt 0.02301614359 0.8327941298
vt 0.02201022767 0.8327941298
vt 0.02100430802 0.8327941298
vt 0.01999839209 0.8327941298
vt 0.0189924743 0.8327941298
vt 0.01792393066 0.8327941298
vt 0.01688975096 0.8327941298
vt 0.01587225683 0.8327941298
vt 0.01486633904 0.8327941298
vt 0.01386042219 0.8327941298
vt 0.01285450347 0.8327941298
vt 0.01184858661 0.8327941298
vt 0.01084266976 0.8327941298
vt 0.0423733443 0.8392551541
vt 0.04344188794 0.8392551541
vt 0.04133916646 0.8392551541
vt 0.04032167047 0.8392551541
vt 0.03931575269 0.8392551541
vt 0.0383098349 0.8392551541
vt 0.03730392084 0.8392551541
vt 0.03629800305 0.8392551541
vt 0.03529208526 0.8392551541
vt 0.03422354162 0.8392551541
vt 0.03318936005 0.8392551541
vt 0.03217186779 0.8392551541
vt 0.03116594814 0.8392551541
vt 0.03016003221 0.8392551541
vt 0.02915411443 0.8392551541
vt 0.02814819664 0.8392551541
vt 0.02714227885 0.8392551541
vt 0.02607373521 0.8392551541
vt 0.02503955737 0.8392551541
vt 0.02402206138 0.8392551541
vt 0.02301614359 0.8392551541
vt 0.02201022767 0.8392551541
vt 0.02100430802 0.8392551541
vt 0.01999839209 0.8392551541
vt 0.0189924743 0.8392551541
vt 0.01792393066 0.8392551541
vt 0.01688975096 0.8392551541
vt 0.01587225683 0.8392551541
vt 0.01486633904 0.8392551541
vt 0.01386042219 0.8392551541
vt 0.01285450347 0.8392551541
vt 0.01184858661 0.8392551541
vt 0.01084266976 0.8392551541
vt 0.0423733443 0.8457116485
vt 0.04344188794 0.8457116485
vt 0.04133916646 0.8457116485
vt 0.04032167047 0.8457116485
vt 0.03931575269 0.8457116485
vt 0.0383098349 0.8457116485
vt 0.03730392084 0.8457116485
vt 0.03629800305 0.8457116485
vt 0.03529208526 0.8457116485
vt 0.03422354162 0.8457116485
vt 0.03318936005 0.8457116485
vt 0.03217186779 0.8457116485
vt 0.03116594814 0.8457116485
vt 0.03016003221 0.8457116485
vt 0.02915411443 0.8457116485
vt 0.02814819664 0.8457116485
vt 0.02714227885 0.8457116485
vt 0.02607373521 0.8457116485
vt 0.02503955737 0.8457116485
vt 0.02402206138 0.8457116485
vt 0.02301614359 0.8457116485
vt 0.02201022767 0.8457116485
vt 0.02100430802 0.8457116485
vt 0.01999839209 0.8457116485
vt 0.0189924743 0.8457116485
vt 0.01792393066 0.8457116485
vt 0.01688975096 0.8457116485
vt 0.01587225683 0.8457116485
vt 0.01486633904 0.8457116485
vt 0.01386042219 0.8457116485
vt 0.01285450347 0.8457116485
vt 0.01184858661 0.8457116485
vt 0.01084266976 0.8457116485
vt 0.0423733443 0.8521327376
vt 0.04344188794 0.8521327376
vt 0.04133916646 0.8521327376
vt 0.04032167047 0.8521327376
vt 0.03931575269 0.8521327376
vt 0.0383098349 0.8521327376
vt 0.03730392084 0.8521327376
vt 0.03629800305 0.8521327376
vt 0.03529208526 0.8521327376
vt 0.03422354162 0.8521327376
vt 0.03318936005 0.8521327376
vt 0.03217186779 0.8521327376
vt 0.03116594814 0.8521327376
vt 0.03016003221 0.8521327376
vt 0.02915411443 0.8521327376
vt 0.02814819664 0.8521327376
vt 0.02714227885 0.8521327376
vt 0.02607373521 0.8521327376
vt 0.02503955737 0.8521327376
vt 0.02402206138 0.8521327376
vt 0.02301614359 0.8521327376
vt 0.02201022767 0.8521327376
vt 0.02100430802 0.8521327376
vt 0.01999839209 0.8521327376
vt 0.0189924743 0.8521327376
vt 0.01792393066 0.8521327376
vt 0.01688975096 0.8521327376
vt 0.01587225683 0.8521327376
vt 0.01486633904 0.8521327376
vt 0.01386042219 0.8521327376
vt 0.01285450347 0.8521327376
vt 0.01184858661 0.8521327376
vt 0.01084266976 0.8521327376
vt 0.0423733443 0.858253181
vt 0.04344188794 0.858253181
vt 0.04133916646 0.858253181
vt 0.04032167047 0.858253181
vt 0.03931575269 0.858253181
vt 0.0383098349 0.858253181
vt 0.03730392084 0.858253181
vt 0.03629800305 0.858253181
vt 0.03529208526 0.858253181
vt 0.03422354162 0.858253181
vt 0.03318936005 0.858253181
vt 0.03217186779 0.858253181
vt 0.03116594814 0.858253181
vt 0.03016003221 0.858253181
vt 0.02915411443 0.858253181
vt 0.02814819664 0.858253181
vt 0.02714227885 0.858253181
vt 0.02607373521 0.858253181
vt 0.02503955737 0.858253181
vt 0.02402206138 0.858253181
vt 0.02301614359 0.858253181
vt 0.02201022767 0.858253181
vt 0.02100430802 0.858253181
vt 0.01999839209 0.858253181
vt 0.0189924743 0.858253181
vt 0.01792393066 0.858253181
vt 0.01688975096 0.858253181
vt 0.01587225683 0.858253181
vt 0.01486633904 0.858253181
vt 0.01386042219 0.858253181
vt 0.01285450347 0.858253181
vt 0.01184858661 0.858253181
vt 0.01084266976 0.858253181
vt 0.0423733443 0.8647912145
vt 0.04344188794 0.8647912145
vt 0.04133916646 0.8647912145
vt 0.04032167047 0.8647912145
vt 0.03931575269 0.8647912145
vt 0.0383098349 0.8647912145
vt 0.03730392084 0.8647912145
vt 0.03629800305 0.8647912145
vt 0.03529208526 0.8647912145
vt 0.03422354162 0.8647912145
vt 0.03318936005 0.8647912145
vt 0.03217186779 0.8647912145
vt 0.03116594814 0.8647912145
vt 0.03016003221 0.8647912145
vt 0.02915411443 0.8647912145
vt 0.02814819664 0.8647912145
vt 0.02714227885 0.8647912145
vt 0.02607373521 0.8647912145
vt 0.02503955737 0.8647912145
vt 0.02402206138 0.8647912145
vt 0.02301614359 0.8647912145
vt 0.02201022767 0.8647912145
vt 0.02100430802 0.8647912145
vt 0.01999839209 0.8647912145
vt 0.0189924743 0.8647912145
vt 0.01792393066 0.8647912145
vt 0.01688975096 0.8647912145
vt 0.01587225683 0.8647912145
vt 0.01486633904 0.8647912145
vt 0.01386042219 0.8647912145
vt 0.01285450347 0.8647912145
vt 0.01184858661 0.8647912145
vt 0.01084266976 0.8647912145
vt 0.0423733443 0.8710234761
vt 0.04344188794 0.8710234761
vt 0.04133916646 0.8710234761
vt 0.04032167047 0.8710234761
vt 0.03931575269 0.8710234761
vt 0.0383098349 0.8710234761
vt 0.03730392084 0.8710234761
vt 0.03629800305 0.8710234761
vt 0.03529208526 0.8710234761
vt 0.03422354162 0.8710234761
vt 0.03318936005 0.8710234761
vt 0.03217186779 0.8710234761
vt 0.03116594814 0.8710234761
vt 0.03016003221 0.8710234761
vt 0.02915411443 0.8710234761
vt 0.02814819664 0.8710234761
vt 0.02714227885 0.8710234761
vt 0.02607373521 0.8710234761
vt 0.02503955737 0.8710234761
vt 0.02402206138 0.8710234761
vt 0.02301614359 0.8710234761
vt 0.02201022767 0.8710234761
vt 0.02100430802 0.8710234761
vt 0.01999839209 0.8710234761
vt 0.0189924743 0.8710234761
vt 0.01792393066 0.8710234761
vt 0.01688975096 0.8710234761
vt 0.01587225683 0.8710234761
vt 0.01486633904 0.8710234761
vt 0.01386042219 0.8710234761
vt 0.01285450347 0.8710234761
vt 0.01184858661 0.8710234761
vt 0.01084266976 0.8710234761
vt 0.0423733443 0.8772773743
vt 0.04344188794 0.8772773743
vt 0.04133916646 0.8772773743
vt 0.04032167047 0.8772773743
vt 0.03931575269 0.8772773743
vt 0.0383098349 0.8772773743
vt 0.03730392084 0.8772773743
vt 0.03629800305 0.8772773743
vt 0.03529208526 0.8772773743
vt 0.03422354162 0.8772773743
vt 0.03318936005 0.8772773743
vt 0.03217186779 0.8772773743
vt 0.03116594814 0.8772773743
vt 0.03016003221 0.8772773743
vt 0.02915411443 0.8772773743
vt 0.02814819664 0.8772773743
vt 0.02714227885 0.8772773743
vt 0.02607373521 0.8772773743
vt 0.02503955737 0.8772773743
vt 0.02402206138 0.8772773743
vt 0.02301614359 0.8772773743
vt 0.02201022767 0.8772773743
vt 0.02100430802 0.8772773743
vt 0.01999839209 0.8772773743
vt 0.0189924743 0.8772773743
vt 0.01792393066 0.8772773743
vt 0.01688975096 0.8772773743
vt 0.01587225683 0.8772773743
vt 0.01486633904 0.8772773743
vt 0.01386042219 0.8772773743
vt 0.01285450347 0.8772773743
vt 0.01184858661 0.8772773743
vt 0.01084266976 0.8772773743
vt 0.0423733443 0.8835681081
vt 0.04344188794 0.8835681081
vt 0.04133916646 0.8835681081
vt 0.04032167047 0.8835681081
vt 0.03931575269 0.8835681081
vt 0.0383098349 0.8835681081
vt 0.03730392084 0.8835681081
vt 0.03629800305 0.8835681081
vt 0.03529208526 0.8835681081
vt 0.03422354162 0.8835681081
vt 0.03318936005 0.8835681081
vt 0.03217186779 0.8835681081
vt 0.03116594814 0.8835681081
vt 0.03016003221 0.8835681081
vt 0.02915411443 0.8835681081
vt 0.02814819664 0.8835681081
vt 0.02714227885 0.8835681081
vt 0.02607373521 0.8835681081
vt 0.02503955737 0.8835681081
vt 0.02402206138 0.8835681081
vt 0.02301614359 0.8835681081
vt 0.02201022767 0.8835681081
vt 0.02100430802 0.8835681081
vt 0.01999839209 0.8835681081
vt 0.0189924743 0.8835681081
vt 0.01792393066 0.8835681081
vt 0.01688975096 0.8835681081
vt 0.01587225683 0.8835681081
vt 0.01486633904 0.8835681081
vt 0.01386042219 0.8835681081
vt 0.01285450347 0.8835681081
vt 0.01184858661 0.8835681081
vt 0.01084266976 0.8835681081
vt 0.0423733443 0.8899003267
vt 0.04344188794 0.8899003267
vt 0.04133916646 0.8899003267
vt 0.04032167047 0.8899003267
vt 0.03931575269 0.8899003267
vt 0.0383098349 0.8899003267
vt 0.03730392084 0.8899003267
vt 0.03629800305 0.8899003267
vt 0.03529208526 0.8899003267
vt 0.03422354162 0.8899003267
vt 0.03318936005 0.8899003267
vt 0.03217186779 0.8899003267
vt 0.03116594814 0.8899003267
vt 0.03016003221 0.8899003267
vt 0.02915411443 0.8899003267
vt 0.02814819664 0.8899003267
vt 0.02714227885 0.8899003267
vt 0.02607373521 0.8899003267
vt 0.02503955737 0.8899003267
vt 0.02402206138 0.8899003267
vt 0.02301614359 0.8899003267
vt 0.02201022767 0.8899003267
vt 0.02100430802 0.8899003267
vt 0.01999839209 0.8899003267
vt 0.0189924743 0.8899003267
vt 0.01792393066 0.8899003267
vt 0.01688975096 0.8899003267
vt 0.01587225683 0.8899003267
vt 0.01486633904 0.8899003267
vt 0.01386042219 0.8899003267
vt 0.01285450347 0.8899003267
vt 0.01184858661 0.8899003267
vt 0.01084266976 0.8899003267
vt 0.0423733443 0.8962614536
vt 0.04344188794 0.8962614536
vt 0.04133916646 0.8962614536
vt 0.04032167047 0.8962614536
vt 0.03931575269 0.8962614536
vt 0.0383098349 0.8962614536
vt 0.03730392084 0.8962614536
vt 0.03629800305 0.8962614536
vt 0.03529208526 0.8962614536
vt 0.03422354162 0.8962614536
vt 0.03318936005 0.8962614536
vt 0.03217186779 0.8962614536
vt 0.03116594814 0.8962614536
vt 0.03016003221 0.8962614536
vt 0.02915411443 0.8962614536
vt 0.02814819664 0.8962614536
vt 0.02714227885 0.8962614536
vt 0.02607373521 0.8962614536
vt 0.02503955737 0.8962614536
vt 0.02402206138 0.8962614536
vt 0.02301614359 0.8962614536
vt 0.02201022767 0.8962614536
vt 0.02100430802 0.8962614536
vt 0.01999839209 0.8962614536
vt 0.0189924743 0.8962614536
vt 0.01792393066 0.8962614536
vt 0.01688975096 0.8962614536
vt 0.01587225683 0.8962614536
vt 0.01486633904 0.8962614536
vt 0.01386042219 0.8962614536
vt 0.01285450347 0.8962614536
vt 0.01184858661 0.8962614536
vt 0.01084266976 0.8962614536
vt 0.0423733443 0.9026125669
vt 0.04344188794 0.9026125669
vt 0.04133916646 0.9026125669
vt 0.04032167047 0.9026125669
vt 0.03931575269 0.9026125669
vt 0.0383098349 0.9026125669
vt 0.03730392084 0.9026125669
vt 0.03629800305 0.9026125669
vt 0.03529208526 0.9026125669
vt 0.03422354162 0.9026125669
vt 0.03318936005 0.9026125669
vt 0.03217186779 0.9026125669
vt 0.03116594814 0.9026125669
vt 0.03016003221 0.9026125669
vt 0.02915411443 0.9026125669
vt 0.02814819664 0.9026125669
vt 0.02714227885 0.9026125669
vt 0.02607373521 0.9026125669
vt 0.02503955737 0.9026125669
vt 0.02402206138 0.9026125669
vt 0.02301614359 0.9026125669
vt 0.02201022767 0.9026125669
vt 0.02100430802 0.9026125669
vt 0.01999839209 0.9026125669
vt 0.0189924743 0.9026125669
vt 0.01792393066 0.9026125669
vt 0.01688975096 0.9026125669
vt 0.01587225683 0.9026125669
vt 0.01486633904 0.9026125669
vt 0.01386042219 0.9026125669
vt 0.01285450347 0.9026125669
vt 0.01184858661 0.9026125669
vt 0.01084266976 0.9026125669
vt 0.0423733443 0.9089523554
vt 0.04344188794 0.9089523554
vt 0.04133916646 0.9089523554
vt 0.04032167047 0.9089523554
vt 0.03931575269 0.9089523554
vt 0.0383098349 0.9089523554
vt 0.03730392084 0.9089523554
vt 0.03629800305 0.9089523554
vt 0.03529208526 0.9089523554
vt 0.03422354162 0.9089523554
vt 0.03318936005 0.9089523554
vt 0.03217186779 0.9089523554
vt 0.03116594814 0.9089523554
vt 0.03016003221 0.9089523554
vt 0.02915411443 0.9089523554
vt 0.02814819664 0.9089523554
vt 0.02714227885 0.9089523554
vt 0.02607373521 0.9089523554
vt 0.02503955737 0.9089523554
vt 0.02402206138 0.9089523554
vt 0.02301614359 0.9089523554
vt 0.02201022767 0.9089523554
vt 0.02100430802 0.9089523554
vt 0.01999839209 0.9089523554
vt 0.0189924743 0.9089523554
vt 0.01792393066 0.9089523554
vt 0.01688975096 0.9089523554
vt 0.01587225683 0.9089523554
vt 0.01486633904 0.9089523554
vt 0.01386042219 0.9089523554
vt 0.01285450347 0.9089523554
vt 0.01184858661 0.9089523554
vt 0.01084266976 0.9089523554
vt 0.0423733443 0.9152553678
vt 0.04344188794 0.9152553678
vt 0.04133916646 0.9152553678
vt 0.04032167047 0.9152553678
vt 0.03931575269 0.9152553678
vt 0.0383098349 0.9152553678
vt 0.03730392084 0.9152553678
vt 0.03629800305 0.9152553678
vt 0.03529208526 0.9152553678
vt 0.03422354162 0.9152553678
vt 0.03318936005 0.9152553678
vt 0.03217186779 0.9152553678
vt 0.03116594814 0.9152553678
vt 0.03016003221 0.9152553678
vt 0.02915411443 0.9152553678
vt 0.02814819664 0.9152553678
vt 0.02714227885 0.9152553678
vt 0.02607373521 0.9152553678
vt 0.02503955737 0.9152553678
vt 0.02402206138 0.9152553678
vt 0.02301614359 0.9152553678
vt 0.02201022767 0.9152553678
vt 0.02100430802 0.9152553678
vt 0.01999839209 0.9152553678
vt 0.0189924743 0.9152553678
vt 0.01792393066 0.9152553678
vt 0.01688975096 0.9152553678
vt 0.01587225683 0.9152553678
vt 0.01486633904 0.9152553678
vt 0.01386042219 0.9152553678
vt 0.01285450347 0.9152553678
vt 0.01184858661 0.9152553678
vt 0.01084266976 0.9152553678
vt 0.0423733443 0.9216139913
vt 0.04344188794 0.9216139913
vt 0.04133916646 0.9216139913
vt 0.04032167047 0.9216139913
vt 0.03931575269 0.9216139913
vt 0.0383098349 0.9216139913
vt 0.03730392084 0.9216139913
vt 0.03629800305 0.9216139913
vt 0.03529208526 0.9216139913
vt 0.03422354162 0.9216139913
vt 0.03318936005 0.9216139913
vt 0.03217186779 0.9216139913
vt 0.03116594814 0.9216139913
vt 0.03016003221 0.9216139913
vt 0.02915411443 0.9216139913
vt 0.02814819664 0.9216139913
vt 0.02714227885 0.9216139913
vt 0.02607373521 0.9216139913
vt 0.02503955737 0.9216139913
vt 0.02402206138 0.9216139913
vt 0.02301614359 0.9216139913
vt 0.02201022767 0.9216139913
vt 0.02100430802 0.9216139913
vt 0.01999839209 0.9216139913
vt 0.0189924743 0.9216139913
vt 0.01792393066 0.9216139913
vt 0.01688975096 0.9216139913
vt 0.01587225683 0.9216139913
vt 0.01486633904 0.9216139913
vt 0.01386042219 0.9216139913
vt 0.01285450347 0.9216139913
vt 0.01184858661 0.9216139913
vt 0.01084266976 0.9216139913
vt 0.0423733443 0.9277540445
vt 0.04344188794 0.9277540445
vt 0.04133916646 0.9277540445
vt 0.04032167047 0.9277540445
vt 0.03931575269 0.9277540445
vt 0.0383098349 0.9277540445
vt 0.03730392084 0.9277540445
vt 0.03629800305 0.9277540445
vt 0.03529208526 0.9277540445
vt 0.03422354162 0.9277540445
vt 0.03318936005 0.9277540445
vt 0.03217186779 0.9277540445
vt 0.03116594814 0.9277540445
vt 0.03016003221 0.9277540445
vt 0.02915411443 0.9277540445
vt 0.02814819664 0.9277540445
vt 0.02714227885 0.9277540445
vt 0.02607373521 0.9277540445
vt 0.02503955737 0.9277540445
vt 0.02402206138 0.9277540445
vt 0.02301614359 0.9277540445
vt 0.02201022767 0.9277540445
vt 0.02100430802 0.9277540445
vt 0.01999839209 0.9277540445
vt 0.0189924743 0.9277540445
vt 0.01792393066 0.9277540445
vt 0.01688975096 0.9277540445
vt 0.01587225683 0.9277540445
vt 0.01486633904 0.9277540445
vt 0.01386042219 0.9277540445
vt 0.01285450347 0.9277540445
vt 0.01184858661 0.9277540445
vt 0.01084266976 0.9277540445
vt 0.0423733443 0.93429178
vt 0.04344188794 0.93429178
vt 0.04133916646 0.93429178
vt 0.04032167047 0.93429178
vt 0.03931575269 0.93429178
vt 0.0383098349 0.93429178
vt 0.03730392084 0.93429178
vt 0.03629800305 0.93429178
vt 0.03529208526 0.93429178
vt 0.03422354162 0.93429178
vt 0.03318936005 0.93429178
vt 0.03217186779 0.93429178
vt 0.03116594814 0.93429178
vt 0.03016003221 0.93429178
vt 0.02915411443 0.93429178
vt 0.02814819664 0.93429178
vt 0.02714227885 0.93429178
vt 0.02607373521 0.93429178
vt 0.02503955737 0.93429178
vt 0.02402206138 0.93429178
vt 0.02301614359 0.93429178
vt 0.02201022767 0.93429178
vt 0.02100430802 0.93429178
vt 0.01999839209 0.93429178
vt 0.0189924743 0.93429178
vt 0.01792393066 0.93429178
vt 0.01688975096 0.93429178
vt 0.01587225683 0.93429178
vt 0.01486633904 0.93429178
vt 0.01386042219 0.93429178
vt 0.01285450347 0.93429178
vt 0.01184858661 0.93429178
vt 0.01084266976 0.93429178
vt 0.0423733443 0.9406945109
vt 0.04344188794 0.9406945109
vt 0.04133916646 0.9406945109
vt 0.04032167047 0.9406945109
vt 0.03931575269 0.9406945109
vt 0.0383098349 0.9406945109
vt 0.03730392084 0.9406945109
vt 0.03629800305 0.9406945109
vt 0.03529208526 0.9406945109
vt 0.03422354162 0.9406945109
vt 0.03318936005 0.9406945109
vt 0.03217186779 0.9406945109
vt 0.03116594814 0.9406945109
vt 0.03016003221 0.9406945109
vt 0.02915411443 0.9406945109
vt 0.02814819664 0.9406945109
vt 0.02714227885 0.9406945109
vt 0.02607373521 0.9406945109
vt 0.02503955737 0.9406945109
vt 0.02402206138 0.9406945109
vt 0.02301614359 0.9406945109
vt 0.02201022767 0.9406945109
vt 0.02100430802 0.9406945109
vt 0.01999839209 0.9406945109
vt 0.0189924743 0.9406945109
vt 0.01792393066 0.9406945109
vt 0.01688975096 0.9406945109
vt 0.01587225683 0.9406945109
vt 0.01486633904 0.9406945109
vt 0.01386042219 0.9406945109
vt 0.01285450347 0.9406945109
vt 0.01184858661 0.9406945109
vt 0.01084266976 0.9406945109
vt 0.0423733443 0.9471267462
vt 0.04344188794 0.9471267462
vt 0.04133916646 0.9471267462
vt 0.04032167047 0.9471267462
vt 0.03931575269 0.9471267462
vt 0.0383098349 0.9471267462
vt 0.03730392084 0.9471267462
vt 0.03629800305 0.9471267462
vt 0.03529208526 0.9471267462
vt 0.03422354162 0.9471267462
vt 0.03318936005 0.9471267462
vt 0.03217186779 0.9471267462
vt 0.03116594814 0.9471267462
vt 0.03016003221 0.9471267462
vt 0.02915411443 0.9471267462
vt 0.02814819664 0.9471267462
vt 0.02714227885 0.9471267462
vt 0.02607373521 0.9471267462
vt 0.02503955737 0.9471267462
vt 0.02402206138 0.9471267462
vt 0.02301614359 0.9471267462
vt 0.02201022767 0.9471267462
vt 0.02100430802 0.9471267462
vt 0.01999839209 0.9471267462
vt 0.0189924743 0.9471267462
vt 0.01792393066 0.9471267462
vt 0.01688975096 0.9471267462
vt 0.01587225683 0.9471267462
vt 0.01486633904 0.9471267462
vt 0.01386042219 0.9471267462
vt 0.01285450347 0.9471267462
vt 0.01184858661 0.9471267462
vt 0.01084266976 0.9471267462
vt 0.0423733443 0.9535680413
vt 0.04344188794 0.9535680413
vt 0.04133916646 0.9535680413
vt 0.04032167047 0.9535680413
vt 0.03931575269 0.9535680413
vt 0.0383098349 0.9535680413
vt 0.03730392084 0.9535680413
vt 0.03629800305 0.9535680413
vt 0.03529208526 0.9535680413
vt 0.03422354162 0.9535680413
vt 0.03318936005 0.9535680413
vt 0.03217186779 0.9535680413
vt 0.03116594814 0.9535680413
vt 0.03016003221 0.9535680413
vt 0.02915411443 0.9535680413
vt 0.02814819664 0.9535680413
vt 0.02714227885 0.9535680413
vt 0.02607373521 0.9535680413
vt 0.02503955737 0.9535680413
vt 0.02402206138 0.9535680413
vt 0.02301614359 0.9535680413
vt 0.02201022767 0.9535680413
vt 0.02100430802 0.9535680413
vt 0.01999839209 0.9535680413
vt 0.0189924743 0.9535680413
vt 0.01792393066 0.9535680413
vt 0.01688975096 0.9535680413
vt 0.01587225683 0.9535680413
vt 0.01486633904 0.9535680413
vt 0.01386042219 0.9535680413
vt 0.01285450347 0.9535680413
vt 0.01184858661 0.9535680413
vt 0.01084266976 0.9535680413
vt 0.0423733443 0.9600088
vt 0.04344188794 0.9600088
vt 0.04133916646 0.9600088
vt 0.04032167047 0.9600088
vt 0.03931575269 0.9600088
vt 0.0383098349 0.9600088
vt 0.03730392084 0.9600088
vt 0.03629800305 0.9600088
vt 0.03529208526 0.9600088
vt 0.03422354162 0.9600088
vt 0.03318936005 0.9600088
vt 0.03217186779 0.9600088
vt 0.03116594814 0.9600088
vt 0.03016003221 0.9600088
vt 0.02915411443 0.9600088
vt 0.02814819664 0.9600088
vt 0.02714227885 0.9600088
vt 0.02607373521 0.9600088
vt 0.02503955737 0.9600088
vt 0.02402206138 0.9600088
vt 0.02301614359 0.9600088
vt 0.02201022767 0.9600088
vt 0.02100430802 0.9600088
vt 0.01999839209 0.9600088
vt 0.0189924743 0.9600088
vt 0.01792393066 0.9600088
vt 0.01688975096 0.9600088
vt 0.01587225683 0.9600088
vt 0.01486633904 0.9600088
vt 0.01386042219 0.9600088
vt 0.01285450347 0.9600088
vt 0.01184858661 0.9600088
vt 0.01084266976 0.9600088
vt 0.0423733443 0.9664466381
vt 0.04344188794 0.9664466381
vt 0.04133916646 0.9664466381
vt 0.04032167047 0.9664466381
vt 0.03931575269 0.9664466381
vt 0.0383098349 0.9664466381
vt 0.03730392084 0.9664466381
vt 0.03629800305 0.9664466381
vt 0.03529208526 0.9664466381
vt 0.03422354162 0.9664466381
vt 0.03318936005 0.9664466381
vt 0.03217186779 0.9664466381
vt 0.03116594814 0.9664466381
vt 0.03016003221 0.9664466381
vt 0.02915411443 0.9664466381
vt 0.02814819664 0.9664466381
vt 0.02714227885 0.9664466381
vt 0.02607373521 0.9664466381
vt 0.02503955737 0.9664466381
vt 0.02402206138 0.9664466381
vt 0.02301614359 0.9664466381
vt 0.02201022767 0.9664466381
vt 0.02100430802 0.9664466381
vt 0.01999839209 0.9664466381
vt 0.0189924743 0.9664466381
vt 0.01792393066 0.9664466381
vt 0.01688975096 0.9664466381
vt 0.01587225683 0.9664466381
vt 0.01486633904 0.9664466381
vt 0.01386042219 0.9664466381
vt 0.01285450347 0.9664466381
vt 0.01184858661 0.9664466381
vt 0.01084266976 0.9664466381
vt 0.0423733443 0.972874701
vt 0.04344188794 0.972874701
vt 0.04133916646 0.972874701
vt 0.04032167047 0.972874701
vt 0.03931575269 0.972874701
vt 0.0383098349 0.972874701
vt 0.03730392084 0.972874701
vt 0.03629800305 0.972874701
vt 0.03529208526 0.972874701
vt 0.03422354162 0.972874701
vt 0.03318936005 0.972874701
vt 0.03217186779 0.972874701
vt 0.03116594814 0.972874701
vt 0.03016003221 0.972874701
vt 0.02915411443 0.972874701
vt 0.02814819664 0.972874701
vt 0.02714227885 0.972874701
vt 0.02607373521 0.972874701
vt 0.02503955737 0.972874701
vt 0.02402206138 0.972874701
vt 0.02301614359 0.972874701
vt 0.02201022767 0.972874701
vt 0.02100430802 0.972874701
vt 0.01999839209 0.972874701
vt 0.0189924743 0.972874701
vt 0.01792393066 0.972874701
vt 0.01688975096 0.972874701
vt 0.01587225683 0.972874701
vt 0.01486633904 0.972874701
vt 0.01386042219 0.972874701
vt 0.01285450347 0.972874701
vt 0.01184858661 0.972874701
vt 0.01084266976 0.972874701
vt 0.0423733443 0.9793002605
vt 0.04344188794 0.9793002605
vt 0.04133916646 0.9793002605
vt 0.04032167047 0.9793002605
vt 0.03931575269 0.9793002605
vt 0.0383098349 0.9793002605
vt 0.03730392084 0.9793002605
vt 0.03629800305 0.9793002605
vt 0.03529208526 0.9793002605
vt 0.03422354162 0.9793002605
vt 0.03318936005 0.9793002605
vt 0.03217186779 0.9793002605
vt 0.03116594814 0.9793002605
vt 0.03016003221 0.9793002605
vt 0.02915411443 0.9793002605
vt 0.02814819664 0.9793002605
vt 0.02714227885 0.9793002605
vt 0.02607373521 0.9793002605
vt 0.02503955737 0.9793002605
vt 0.02402206138 0.9793002605
vt 0.02301614359 0.9793002605
vt 0.02201022767 0.9793002605
vt 0.02100430802 0.9793002605
vt 0.01999839209 0.9793002605
vt 0.0189924743 0.9793002605
vt 0.01792393066 0.9793002605
vt 0.01688975096 0.9793002605
vt 0.01587225683 0.9793002605
vt 0.01486633904 0.9793002605
vt 0.01386042219 0.9793002605
vt 0.01285450347 0.9793002605
vt 0.01184858661 0.9793002605
vt 0.01084266976 0.9793002605
vt 0.002820397029 0.002820397029
vt 0.02915411443 0.5885252953
vt 0.01084266976 0.5980191231
vt 0.01285450347 0.5980191231
vt 0.01184858661 0.5980191231
vt 0.01386042219 0.5980191231
vt 0.01486633904 0.5980191231
vt 0.01587225683 0.5980191231
vt 0.01688975096 0.5980191231
vt 0.01792393066 0.5980191231
vt 0.0189924743 0.5980191231
vt 0.01999839209 0.5980191231
vt 0.02100430802 0.5980191231
vt 0.02201022767 0.5980191231
vt 0.02301614359 0.5980191231
vt 0.02402206138 0.5980191231
vt 0.02503955737 0.5980191231
vt 0.02607373521 0.5980191231
vt 0.02714227885 0.5980191231
vt 0.02814819664 0.5980191231
vt 0.02915411443 0.5980191231
vt 0.03016003221 0.5980191231
vt 0.03116594814 0.5980191231
vt 0.03217186779 0.5980191231
vt 0.03318936005 0.5980191231
vt 0.03422354162 0.5980191231
vt 0.03529208526 0.5980191231
vt 0.03629800305 0.5980191231
vt 0.03730392084 0.5980191231
vt 0.0383098349 0.5980191231
vt 0.03931575269 0.5980191231
vt 0.04032167047 0.5980191231
vt 0.04133916646 0.5980191231
vt 0.04344188794 0.5980191231
vt 0.01153903827 0.5875743032
vt 0.0423733443 0.5980191231
vt 0.01084266976 0.5918380618
vt 0.01084266976 0.5877121687
vt 0.01257840451 0.5873695016
vt 0.01184858754 0.5875144601
vt 0.01184858661 0.5918380618
vt 0.01361603662 0.5871753097
vt 0.01285450347 0.587317884
vt 0.01285450347 0.5918380618
vt 0.01464968082 0.5870056152
vt 0.01386042219 0.5871342421
vt 0.01386042219 0.5918380618
vt 0.01567737386 0.5868722796
vt 0.01486633904 0.5869759321
vt 0.01486633904 0.5918380618
vt 0.0167074874 0.5867822766
vt 0.01587225683 0.5868536234
vt 0.01587225683 0.5918380618
vt 0.01774602011 0.5867385864
vt 0.01688975096 0.5867733359
vt 0.01688975096 0.5918380618
vt 0.01880845428 0.5867396593
vt 0.01792393066 0.5867381096
vt 0.01981851459 0.5867803693
vt 0.01792393066 0.5918380618
vt 0.00254537235 0.00309542194
vt 0.02040648833 0.9966305494
vt 0.02075282857 0.9958715439
vt 0.02063179202 0.9961016774
vt 0.03981871158 0.9937644601
vt 0.04133916646 0.9921257496
vt 0.04072745144 0.9959791303
vt 0.04035513848 0.9967219234
vt 0.04185625538 0.9953304529
vt 0.04159771279 0.9953304529
vt 0.02201022767 0.9793002605
vt 0.0266961325 0.9819791317
vt 0.02555126883 0.9793568254
vt 0.02301614359 0.5918380618
vt 0.0423733443 0.5879289508
vt 0.04032167047 0.9921257496
# mm_gid 0
g mmGroup0
usemtl diffuse_0_0_0_255
f 2116/1/2116 2050/2/2050 2017/3/2017 
f 2016/4/2016 2049/5/2049 2116/1/2116 
f 2017/3/2017 2016/4/2016 2116/1/2116 
f 2131/6/2131 2051/7/2051 2018/8/2018 
f 2017/3/2017 2050/2/2050 2131/6/2131 
f 2018/8/2018 2017/3/2017 2131/6/2131 
f 2138/9/2138 2052/10/2052 2019/11/2019 
f 2018/8/2018 2051/7/2051 2138/9/2138 
f 2019/11/2019 2018/8/2018 2138/9/2138 
f 2145/12/2145 2053/13/2053 2020/14/2020 
f 2019/11/2019 2052/10/2052 2145/12/2145 
f 2020/14/2020 2019/11/2019 2145/12/2145 
f 2148/15/2148 2054/16/2054 2021/17/2021 
f 2020/14/2020 2053/13/2053 2148/15/2148 
f 2021/17/2021 2020/14/2020 2148/15/2148 
f 2155/18/2155 2055/19/2055 2022/20/2022 
f 2021/17/2021 2054/16/2054 2155/18/2155 
f 2022/20/2022 2021/17/2021 2155/18/2155 
f 2162/21/2162 2056/22/2056 2023/23/2023 
f 2022/20/2022 2055/19/2055 2162/21/2162 
f 2023/23/2023 2022/20/2022 2162/21/2162 
f 2169/24/2169 2057/25/2057 2024/26/2024 
f 2023/23/2023 2056/22/2056 2169/24/2169 
f 2024/26/2024 2023/23/2023 2169/24/2169 
f 2179/27/2179 2058/28/2058 2025/29/2025 
f 2024/26/2024 2057/25/2057 2179/27/2179 
f 2025/29/2025 2024/26/2024 2179/27/2179 
f 2186/30/2186 2059/31/2059 2026/32/2026 
f 2025/29/2025 2058/28/2058 2186/30/2186 
f 2026/32/2026 2025/29/2025 2186/30/2186 
f 2193/33/2193 2060/34/2060 2027/35/2027 
f 2026/32/2026 2059/31/2059 2193/33/2193 
f 2027/35/2027 2026/32/2026 2193/33/2193 
f 2200/36/2200 2061/37/2061 2028/38/2028 
f 2027/35/2027 2060/34/2060 2200/36/2200 
f 2028/38/2028 2027/35/2027 2200/36/2200 
f 2203/39/2203 2062/40/2062 2029/41/2029 
f 2028/38/2028 2061/37/2061 2203/39/2203 
f 2029/41/2029 2028/38/2028 2203/39/2203 
f 2210/42/2210 2063/43/2063 2030/44/2030 
f 2029/41/2029 2062/40/2062 2210/42/2210 
f 2030/44/2030 2029/41/2029 2210/42/2210 
f 2217/45/2217 2064/46/2064 2031/47/2031 
f 2030/44/2030 2063/43/2063 2217/45/2217 
f 2031/47/2031 2030/44/2030 2217/45/2217 
f 2224/48/2224 2065/49/2065 2032/50/2032 
f 2031/47/2031 2064/46/2064 2224/48/2224 
f 2032/50/2032 2031/47/2031 2224/48/2224 
f 2234/51/2234 2066/52/2066 2033/53/2033 
f 2032/50/2032 2065/49/2065 2234/51/2234 
f 2033/53/2033 2032/50/2032 2234/51/2234 
f 2241/54/2241 2067/55/2067 2034/56/2034 
f 2033/53/2033 2066/52/2066 2241/54/2241 
f 2034/56/2034 2033/53/2033 2241/54/2241 
f 2248/57/2248 2068/58/2068 2035/59/2035 
f 2034/56/2034 2067/55/2067 2248/57/2248 
f 2035/59/2035 2034/56/2034 2248/57/2248 
f 2255/60/2255 2069/61/2069 2036/62/2036 
f 2035/59/2035 2068/58/2068 2255/60/2255 
f 2036/62/2036 2035/59/2035 2255/60/2255 
f 2258/63/2258 2070/64/2070 2037/65/2037 
f 2036/62/2036 2069/61/2069 2258/63/2258 
f 2037/65/2037 2036/62/2036 2258/63/2258 
f 2265/66/2265 2071/67/2071 2038/68/2038 
f 2037/65/2037 2070/64/2070 2265/66/2265 
f 2038/68/2038 2037/65/2037 2265/66/2265 
f 2272/69/2272 2072/70/2072 2039/71/2039 
f 2038/68/2038 2071/67/2071 2272/69/2272 
f 2039/71/2039 2038/68/2038 2272/69/2272 
f 2279/72/2279 2073/73/2073 2040/74/2040 
f 2039/71/2039 2072/70/2072 2279/72/2279 
f 2040/74/2040 2039/71/2039 2279/72/2279 
f 2289/75/2289 2074/76/2074 2041/77/2041 
f 2040/74/2040 2073/73/2073 2289/75/2289 
f 2041/77/2041 2040/74/2040 2289/75/2289 
f 2296/78/2296 2075/79/2075 2042/80/2042 
f 2041/77/2041 2074/76/2074 2296/78/2296 
f 2042/80/2042 2041/77/2041 2296/78/2296 
f 2303/81/2303 2076/82/2076 2043/83/2043 
f 2042/80/2042 2075/79/2075 2303/81/2303 
f 2043/83/2043 2042/80/2042 2303/81/2303 
f 2310/84/2310 2077/85/2077 2044/86/2044 
f 2043/83/2043 2076/82/2076 2310/84/2310 
f 2044/86/2044 2043/83/2043 2310/84/2310 
f 2313/87/2313 2078/88/2078 2045/89/2045 
f 2044/86/2044 2077/85/2077 2313/87/2313 
f 2045/89/2045 2044/86/2044 2313/87/2313 
f 2320/90/2320 2079/91/2079 2046/92/2046 
f 2045/89/2045 2078/88/2078 2320/90/2320 
f 2046/92/2046 2045/89/2045 2320/90/2320 
f 2326/93/2326 2080/94/2080 2047/95/2047 
f 2046/92/2046 2079/91/2079 2326/93/2326 
f 2047/95/2047 2046/92/2046 2326/93/2326 
f 2124/96/2124 2081/97/2081 2048/98/2048 
f 2047/95/2047 2080/94/2080 2124/96/2124 
f 2048/98/2048 2047/95/2047 2124/96/2124 
f 2128/99/2128 2115/100/2115 2050/2/2050 
f 2116/1/2116 2118/101/2118 2128/99/2128 
f 2050/2/2050 2116/1/2116 2128/99/2128 
f 2120/102/2120 2118/101/2118 2116/1/2116 
f 2049/5/2049 2117/103/2117 2120/102/2120 
f 2116/1/2116 2049/5/2049 2120/102/2120 
f 2134/104/2134 2130/105/2130 2051/7/2051 
f 2131/6/2131 2132/106/2132 2134/104/2134 
f 2051/7/2051 2131/6/2131 2134/104/2134 
f 2141/107/2141 2137/108/2137 2052/10/2052 
f 2138/9/2138 2139/109/2139 2141/107/2141 
f 2052/10/2052 2138/9/2138 2141/107/2141 
f 2151/110/2151 2149/111/2149 2148/15/2148 
f 2053/13/2053 2144/112/2144 2151/110/2151 
f 2148/15/2148 2053/13/2053 2151/110/2151 
f 2158/113/2158 2156/114/2156 2155/18/2155 
f 2054/16/2054 2147/115/2147 2158/113/2158 
f 2155/18/2155 2054/16/2054 2158/113/2158 
f 2165/116/2165 2163/117/2163 2162/21/2162 
f 2055/19/2055 2154/118/2154 2165/116/2165 
f 2162/21/2162 2055/19/2055 2165/116/2165 
f 2176/119/2176 2168/120/2168 2057/25/2057 
f 2169/24/2169 2170/121/2170 2176/119/2176 
f 2057/25/2057 2169/24/2169 2176/119/2176 
f 2172/122/2172 2170/121/2170 2169/24/2169 
f 2056/22/2056 2161/123/2161 2172/122/2172 
f 2169/24/2169 2056/22/2056 2172/122/2172 
f 2182/124/2182 2178/125/2178 2058/28/2058 
f 2179/27/2179 2180/126/2180 2182/124/2182 
f 2058/28/2058 2179/27/2179 2182/124/2182 
f 2189/127/2189 2185/128/2185 2059/31/2059 
f 2186/30/2186 2187/129/2187 2189/127/2189 
f 2059/31/2059 2186/30/2186 2189/127/2189 
f 2196/130/2196 2192/131/2192 2060/34/2060 
f 2193/33/2193 2194/132/2194 2196/130/2196 
f 2060/34/2060 2193/33/2193 2196/130/2196 
f 2206/133/2206 2204/134/2204 2203/39/2203 
f 2061/37/2061 2199/135/2199 2206/133/2206 
f 2203/39/2203 2061/37/2061 2206/133/2206 
f 2213/136/2213 2211/137/2211 2210/42/2210 
f 2062/40/2062 2202/138/2202 2213/136/2213 
f 2210/42/2210 2062/40/2062 2213/136/2213 
f 2220/139/2220 2218/140/2218 2217/45/2217 
f 2063/43/2063 2209/141/2209 2220/139/2220 
f 2217/45/2217 2063/43/2063 2220/139/2220 
f 2231/142/2231 2223/143/2223 2065/49/2065 
f 2224/48/2224 2225/144/2225 2231/142/2231 
f 2065/49/2065 2224/48/2224 2231/142/2231 
f 2227/145/2227 2225/144/2225 2224/48/2224 
f 2064/46/2064 2216/146/2216 2227/145/2227 
f 2224/48/2224 2064/46/2064 2227/145/2227 
f 2237/147/2237 2233/148/2233 2066/52/2066 
f 2234/51/2234 2235/149/2235 2237/147/2237 
f 2066/52/2066 2234/51/2234 2237/147/2237 
f 2244/150/2244 2240/151/2240 2067/55/2067 
f 2241/54/2241 2242/152/2242 2244/150/2244 
f 2067/55/2067 2241/54/2241 2244/150/2244 
f 2251/153/2251 2247/154/2247 2068/58/2068 
f 2248/57/2248 2249/155/2249 2251/153/2251 
f 2068/58/2068 2248/57/2248 2251/153/2251 
f 2261/156/2261 2259/157/2259 2258/63/2258 
f 2069/61/2069 2254/158/2254 2261/156/2261 
f 2258/63/2258 2069/61/2069 2261/156/2261 
f 2268/159/2268 2266/160/2266 2265/66/2265 
f 2070/64/2070 2257/161/2257 2268/159/2268 
f 2265/66/2265 2070/64/2070 2268/159/2268 
f 2275/162/2275 2273/163/2273 2272/69/2272 
f 2071/67/2071 2264/164/2264 2275/162/2275 
f 2272/69/2272 2071/67/2071 2275/162/2275 
f 2286/165/2286 2278/166/2278 2073/73/2073 
f 2279/72/2279 2280/167/2280 2286/165/2286 
f 2073/73/2073 2279/72/2279 2286/165/2286 
f 2282/168/2282 2280/167/2280 2279/72/2279 
f 2072/70/2072 2271/169/2271 2282/168/2282 
f 2279/72/2279 2072/70/2072 2282/168/2282 
f 2292/170/2292 2288/171/2288 2074/76/2074 
f 2289/75/2289 2290/172/2290 2292/170/2292 
f 2074/76/2074 2289/75/2289 2292/170/2292 
f 2299/173/2299 2295/174/2295 2075/79/2075 
f 2296/78/2296 2297/175/2297 2299/173/2299 
f 2075/79/2075 2296/78/2296 2299/173/2299 
f 2306/176/2306 2302/177/2302 2076/82/2076 
f 2303/81/2303 2304/178/2304 2306/176/2306 
f 2076/82/2076 2303/81/2303 2306/176/2306 
f 2316/179/2316 2314/180/2314 2313/87/2313 
f 2077/85/2077 2309/181/2309 2316/179/2316 
f 2313/87/2313 2077/85/2077 2316/179/2316 
f 2323/182/2323 2321/183/2321 2320/90/2320 
f 2078/88/2078 2312/184/2312 2323/182/2323 
f 2320/90/2320 2078/88/2078 2323/182/2323 
f 2329/185/2329 2327/186/2327 2326/93/2326 
f 2079/91/2079 2319/187/2319 2329/185/2329 
f 2326/93/2326 2079/91/2079 2329/185/2329 
f 2337/188/2337 2123/189/2123 2081/97/2081 
f 2124/96/2124 2126/190/2126 2337/188/2337 
f 2081/97/2081 2124/96/2124 2337/188/2337 
f 2333/191/2333 2126/190/2126 2124/96/2124 
f 2080/94/2080 2125/192/2125 2333/191/2333 
f 2124/96/2124 2080/94/2080 2333/191/2333 
f 2140/193/2140 2146/194/2146 2137/108/2137 
f 2152/195/2152 2144/112/2144 2146/194/2146 
f 2207/196/2207 2199/135/2199 2201/197/2201 
f 2201/197/2201 2192/131/2192 2195/198/2195 
f 2250/199/2250 2256/200/2256 2247/154/2247 
f 2254/158/2254 2256/200/2256 2262/201/2262 
f 2082/202/2082 2122/203/2122 2121/204/2121 
f 2083/205/2083 2129/206/2129 2119/207/2119 
f 2119/207/2119 2122/203/2122 2082/202/2082 
f 2083/205/2083 2135/208/2135 2127/209/2127 
f 2084/210/2084 2133/211/2133 2136/212/2136 
f 2084/210/2084 2142/213/2142 2133/211/2133 
f 2136/212/2136 2135/208/2135 2084/210/2084 
f 2127/209/2127 2129/206/2129 2083/205/2083 
f 2085/214/2085 2146/194/2146 2140/193/2140 
f 2085/214/2085 2140/193/2140 2143/215/2143 
f 2086/216/2086 2153/217/2153 2152/195/2152 
f 2085/214/2085 2086/216/2086 2146/194/2146 
f 2087/218/2087 2159/219/2159 2150/220/2150 
f 2087/218/2087 2157/221/2157 2160/222/2160 
f 2088/223/2088 2166/224/2166 2157/221/2157 
f 2160/222/2160 2159/219/2159 2087/218/2087 
f 2150/220/2150 2153/217/2153 2086/216/2086 
f 2143/215/2143 2142/213/2142 2085/214/2085 
f 2088/223/2088 2164/225/2164 2167/226/2167 
f 2089/227/2089 2174/228/2174 2173/229/2173 
f 2173/229/2173 2164/225/2164 2089/227/2089 
f 2090/230/2090 2177/231/2177 2171/232/2171 
f 2090/230/2090 2183/233/2183 2175/234/2175 
f 2091/235/2091 2184/236/2184 2183/233/2183 
f 2175/234/2175 2177/231/2177 2090/230/2090 
f 2171/232/2171 2174/228/2174 2089/227/2089 
f 2091/235/2091 2190/237/2190 2181/238/2181 
f 2092/239/2092 2188/240/2188 2191/241/2191 
f 2191/241/2191 2190/237/2190 2092/239/2092 
f 2093/242/2093 2198/243/2198 2197/244/2197 
f 2201/197/2201 2093/242/2093 2094/245/2094 
f 2094/245/2094 2208/246/2208 2207/196/2207 
f 2195/198/2195 2198/243/2198 2093/242/2093 
f 2093/242/2093 2201/197/2201 2195/198/2195 
f 2197/244/2197 2188/240/2188 2092/239/2092 
f 2181/238/2181 2184/236/2184 2091/235/2091 
f 2167/226/2167 2166/224/2166 2088/223/2088 
f 2083/205/2083 2084/210/2084 2135/208/2135 
f 2086/216/2086 2152/195/2152 2146/194/2146 
f 2084/210/2084 2085/214/2085 2142/213/2142 
f 2205/247/2205 2095/248/2095 2214/249/2214 
f 2095/248/2095 2212/250/2212 2215/251/2215 
f 2215/251/2215 2214/249/2214 2095/248/2095 
f 2157/221/2157 2087/218/2087 2088/223/2088 
f 2150/220/2150 2086/216/2086 2087/218/2087 
f 2082/202/2082 2083/205/2083 2119/207/2119 
f 2088/223/2088 2089/227/2089 2164/225/2164 
f 2090/230/2090 2091/235/2091 2183/233/2183 
f 2089/227/2089 2090/230/2090 2171/232/2171 
f 2092/239/2092 2093/242/2093 2197/244/2197 
f 2208/246/2208 2094/245/2094 2205/247/2205 
f 2205/247/2205 2094/245/2094 2095/248/2095 
f 2094/245/2094 2207/196/2207 2201/197/2201 
f 2091/235/2091 2092/239/2092 2190/237/2190 
f 2096/252/2096 2212/250/2212 2095/248/2095 
f 2096/252/2096 2222/253/2222 2221/254/2221 
f 2097/255/2097 2228/256/2228 2219/257/2219 
f 2219/257/2219 2222/253/2222 2096/252/2096 
f 2097/255/2097 2226/258/2226 2229/259/2229 
f 2098/260/2098 2230/261/2230 2232/262/2232 
f 2098/260/2098 2238/263/2238 2230/261/2230 
f 2232/262/2232 2226/258/2226 2098/260/2098 
f 2229/259/2229 2228/256/2228 2097/255/2097 
f 2226/258/2226 2097/255/2097 2098/260/2098 
f 2096/252/2096 2097/255/2097 2219/257/2219 
f 2098/260/2098 2099/264/2099 2238/263/2238 
f 2239/265/2239 2238/263/2238 2099/264/2099 
f 2099/264/2099 2245/266/2245 2236/267/2236 
f 2100/268/2100 2243/269/2243 2246/270/2246 
f 2246/270/2246 2245/266/2245 2100/268/2100 
f 2245/266/2245 2099/264/2099 2100/268/2100 
f 2099/264/2099 2236/267/2236 2239/265/2239 
f 2096/252/2096 2221/254/2221 2212/250/2212 
f 2101/271/2101 2253/272/2253 2252/273/2252 
f 2256/200/2256 2101/271/2101 2102/274/2102 
f 2250/199/2250 2253/272/2253 2101/271/2101 
f 2101/271/2101 2256/200/2256 2250/199/2250 
f 2102/274/2102 2260/275/2260 2263/276/2263 
f 2103/277/2103 2269/278/2269 2260/275/2260 
f 2263/276/2263 2262/201/2262 2102/274/2102 
f 2103/277/2103 2267/279/2267 2270/280/2270 
f 2104/281/2104 2277/282/2277 2276/283/2276 
f 2276/283/2276 2267/279/2267 2104/281/2104 
f 2105/284/2105 2283/285/2283 2274/286/2274 
f 2105/284/2105 2281/287/2281 2284/288/2284 
f 2106/289/2106 2287/290/2287 2281/287/2281 
f 2284/288/2284 2283/285/2283 2105/284/2105 
f 2274/286/2274 2277/282/2277 2104/281/2104 
f 2270/280/2270 2269/278/2269 2103/277/2103 
f 2302/177/2302 2305/291/2305 2311/292/2311 
f 2311/292/2311 2317/293/2317 2309/181/2309 
f 2107/294/2107 2294/295/2294 2293/296/2293 
f 2293/296/2293 2285/297/2285 2106/289/2106 
f 2285/297/2285 2287/290/2287 2106/289/2106 
f 2291/298/2291 2107/294/2107 2300/299/2300 
f 2108/300/2108 2298/301/2298 2301/302/2301 
f 2301/302/2301 2300/299/2300 2108/300/2108 
f 2101/271/2101 2252/273/2252 2100/268/2100 
f 2298/301/2298 2108/300/2108 2307/303/2307 
f 2308/304/2308 2109/305/2109 2305/291/2305 
f 2110/306/2110 2311/292/2311 2109/305/2109 
f 2305/291/2305 2109/305/2109 2311/292/2311 
f 2109/305/2109 2308/304/2308 2307/303/2307 
f 2256/200/2256 2102/274/2102 2262/201/2262 
f 2102/274/2102 2103/277/2103 2260/275/2260 
f 2104/281/2104 2105/284/2105 2274/286/2274 
f 2103/277/2103 2104/281/2104 2267/279/2267 
f 2106/289/2106 2107/294/2107 2293/296/2293 
f 2300/299/2300 2107/294/2107 2108/300/2108 
f 2307/303/2307 2108/300/2108 2109/305/2109 
f 2294/295/2294 2107/294/2107 2291/298/2291 
f 2105/284/2105 2106/289/2106 2281/287/2281 
f 2317/293/2317 2311/292/2311 2110/306/2110 
f 2110/306/2110 2315/307/2315 2318/308/2318 
f 2111/309/2111 2325/310/2325 2324/311/2324 
f 2324/311/2324 2315/307/2315 2111/309/2111 
f 2112/312/2112 2330/313/2330 2322/314/2322 
f 2112/312/2112 2328/315/2328 2331/316/2331 
f 2113/317/2113 2334/318/2334 2328/315/2328 
f 2331/316/2331 2330/313/2330 2112/312/2112 
f 2322/314/2322 2325/310/2325 2111/309/2111 
f 2111/309/2111 2112/312/2112 2322/314/2322 
f 2334/318/2334 2113/317/2113 2335/319/2335 
f 2112/312/2112 2113/317/2113 2328/315/2328 
f 2332/320/2332 2335/319/2335 2113/317/2113 
f 2336/321/2336 2338/322/2338 2114/323/2114 
f 2332/320/2332 2114/323/2114 2338/322/2338 
f 2332/320/2332 2113/317/2113 2114/323/2114 
f 2110/306/2110 2111/309/2111 2315/307/2315 
f 2110/306/2110 2318/308/2318 2317/293/2317 
f 2100/268/2100 2252/273/2252 2243/269/2243 
f 2358/324/2358 2359/325/2359 2378/326/2378 
f 2358/324/2358 2378/326/2378 2357/327/2357 
f 2357/327/2357 2375/328/2375 2356/329/2356 
f 2378/326/2378 2359/325/2359 2360/330/2360 
f 2377/331/2377 2362/332/2362 2363/333/2363 
f 2377/331/2377 2378/326/2378 2361/334/2361 
f 2360/330/2360 2361/334/2361 2378/326/2378 
f 2362/332/2362 2377/331/2377 2361/334/2361 
f 2378/326/2378 2375/328/2375 2357/327/2357 
f 2377/331/2377 2363/333/2363 2364/335/2364 
f 2354/336/2354 2375/328/2375 2353/337/2353 
f 2352/338/2352 2353/337/2353 2376/339/2376 
f 2376/339/2376 2351/340/2351 2352/338/2352 
f 2355/341/2355 2375/328/2375 2354/336/2354 
f 2351/340/2351 2376/339/2376 2350/342/2350 
f 2350/342/2350 2376/339/2376 2349/343/2349 
f 2372/344/2372 2348/345/2348 2349/343/2349 
f 2372/344/2372 2349/343/2349 2376/339/2376 
f 2375/328/2375 2376/339/2376 2353/337/2353 
f 2375/328/2375 2355/341/2355 2356/329/2356 
f 2377/331/2377 2365/346/2365 2379/347/2379 
f 2369/348/2369 2373/349/2373 2379/347/2379 
f 2365/346/2365 2366/350/2366 2379/347/2379 
f 2366/350/2366 2367/351/2367 2379/347/2379 
f 2369/348/2369 2379/347/2379 2368/352/2368 
f 2370/353/2370 2339/354/2339 2373/349/2373 
f 2370/353/2370 2373/349/2373 2369/348/2369 
f 2367/351/2367 2368/352/2368 2379/347/2379 
f 2340/355/2340 2373/349/2373 2339/354/2339 
f 2345/356/2345 2372/344/2372 2374/357/2374 
f 2347/358/2347 2372/344/2372 2346/359/2346 
f 2345/356/2345 2346/359/2346 2372/344/2372 
f 2345/356/2345 2374/357/2374 2344/360/2344 
f 2348/345/2348 2372/344/2372 2347/358/2347 
f 2374/357/2374 2341/361/2341 2342/362/2342 
f 2374/357/2374 2343/363/2343 2344/360/2344 
f 2343/363/2343 2374/357/2374 2342/362/2342 
f 2373/349/2373 2341/361/2341 2374/357/2374 
f 2373/349/2373 2340/355/2340 2341/361/2341 
f 2365/346/2365 2377/331/2377 2364/335/2364 
f 37/623/37 4/590/4 3/591/3 
f 37/623/37 3/591/3 36/624/36 
f 38/625/38 5/592/5 4/590/4 
f 38/625/38 4/590/4 37/623/37 
f 39/626/39 6/593/6 5/592/5 
f 39/626/39 5/592/5 38/625/38 
f 40/627/40 7/594/7 6/593/6 
f 40/627/40 6/593/6 39/626/39 
f 41/628/41 8/595/8 7/594/7 
f 41/628/41 7/594/7 40/627/40 
f 42/629/42 9/596/9 8/595/8 
f 42/629/42 8/595/8 41/628/41 
f 43/630/43 10/597/10 9/596/9 
f 43/630/43 9/596/9 42/629/42 
f 44/631/44 11/598/11 10/597/10 
f 44/631/44 10/597/10 43/630/43 
f 45/632/45 12/599/12 11/598/11 
f 45/632/45 11/598/11 44/631/44 
f 46/633/46 13/600/13 12/599/12 
f 46/633/46 12/599/12 45/632/45 
f 47/634/47 14/601/14 13/600/13 
f 47/634/47 13/600/13 46/633/46 
f 48/635/48 15/602/15 14/601/14 
f 48/635/48 14/601/14 47/634/47 
f 49/636/49 16/603/16 15/602/15 
f 49/636/49 15/602/15 48/635/48 
f 50/637/50 17/604/17 16/603/16 
f 50/637/50 16/603/16 49/636/49 
f 51/638/51 18/605/18 17/604/17 
f 51/638/51 17/604/17 50/637/50 
f 52/639/52 19/606/19 18/605/18 
f 52/639/52 18/605/18 51/638/51 
f 53/640/53 20/607/20 19/606/19 
f 53/640/53 19/606/19 52/639/52 
f 54/641/54 21/608/21 20/607/20 
f 54/641/54 20/607/20 53/640/53 
f 55/642/55 22/609/22 21/608/21 
f 55/642/55 21/608/21 54/641/54 
f 56/643/56 23/610/23 22/609/22 
f 56/643/56 22/609/22 55/642/55 
f 57/644/57 24/611/24 23/610/23 
f 57/644/57 23/610/23 56/643/56 
f 58/645/58 25/612/25 24/611/24 
f 58/645/58 24/611/24 57/644/57 
f 59/646/59 26/613/26 25/612/25 
f 59/646/59 25/612/25 58/645/58 
f 60/647/60 27/614/27 26/613/26 
f 60/647/60 26/613/26 59/646/59 
f 61/648/61 28/615/28 27/614/27 
f 61/648/61 27/614/27 60/647/60 
f 62/649/62 29/616/29 28/615/28 
f 62/649/62 28/615/28 61/648/61 
f 63/650/63 30/617/30 29/616/29 
f 63/650/63 29/616/29 62/649/62 
f 64/651/64 31/618/31 30/617/30 
f 64/651/64 30/617/30 63/650/63 
f 65/652/65 32/619/32 31/618/31 
f 65/652/65 31/618/31 64/651/64 
f 66/653/66 33/620/33 32/619/32 
f 66/653/66 32/619/32 65/652/65 
f 67/654/67 34/621/34 33/620/33 
f 67/654/67 33/620/33 66/653/66 
f 68/655/68 35/622/35 34/621/34 
f 68/655/68 34/621/34 67/654/67 
f 70/656/70 37/623/37 36/624/36 
f 70/656/70 36/624/36 69/657/69 
f 71/658/71 38/625/38 37/623/37 
f 71/658/71 37/623/37 70/656/70 
f 72/659/72 39/626/39 38/625/38 
f 72/659/72 38/625/38 71/658/71 
f 73/660/73 40/627/40 39/626/39 
f 73/660/73 39/626/39 72/659/72 
f 74/661/74 41/628/41 40/627/40 
f 74/661/74 40/627/40 73/660/73 
f 75/662/75 42/629/42 41/628/41 
f 75/662/75 41/628/41 74/661/74 
f 76/663/76 43/630/43 42/629/42 
f 76/663/76 42/629/42 75/662/75 
f 77/664/77 44/631/44 43/630/43 
f 77/664/77 43/630/43 76/663/76 
f 78/665/78 45/632/45 44/631/44 
f 78/665/78 44/631/44 77/664/77 
f 79/666/79 46/633/46 45/632/45 
f 79/666/79 45/632/45 78/665/78 
f 80/667/80 47/634/47 46/633/46 
f 80/667/80 46/633/46 79/666/79 
f 81/668/81 48/635/48 47/634/47 
f 81/668/81 47/634/47 80/667/80 
f 82/669/82 49/636/49 48/635/48 
f 82/669/82 48/635/48 81/668/81 
f 83/670/83 50/637/50 49/636/49 
f 83/670/83 49/636/49 82/669/82 
f 84/671/84 51/638/51 50/637/50 
f 84/671/84 50/637/50 83/670/83 
f 85/672/85 52/639/52 51/638/51 
f 85/672/85 51/638/51 84/671/84 
f 86/673/86 53/640/53 52/639/52 
f 86/673/86 52/639/52 85/672/85 
f 87/674/87 54/641/54 53/640/53 
f 87/674/87 53/640/53 86/673/86 
f 88/675/88 55/642/55 54/641/54 
f 88/675/88 54/641/54 87/674/87 
f 89/676/89 56/643/56 55/642/55 
f 89/676/89 55/642/55 88/675/88 
f 90/677/90 57/644/57 56/643/56 
f 90/677/90 56/643/56 89/676/89 
f 91/678/91 58/645/58 57/644/57 
f 91/678/91 57/644/57 90/677/90 
f 92/679/92 59/646/59 58/645/58 
f 92/679/92 58/645/58 91/678/91 
f 93/680/93 60/647/60 59/646/59 
f 93/680/93 59/646/59 92/679/92 
f 94/681/94 61/648/61 60/647/60 
f 94/681/94 60/647/60 93/680/93 
f 95/682/95 62/649/62 61/648/61 
f 95/682/95 61/648/61 94/681/94 
f 96/683/96 63/650/63 62/649/62 
f 96/683/96 62/649/62 95/682/95 
f 97/684/97 64/651/64 63/650/63 
f 97/684/97 63/650/63 96/683/96 
f 98/685/98 65/652/65 64/651/64 
f 98/685/98 64/651/64 97/684/97 
f 99/686/99 66/653/66 65/652/65 
f 99/686/99 65/652/65 98/685/98 
f 100/687/100 67/654/67 66/653/66 
f 100/687/100 66/653/66 99/686/99 
f 101/688/101 68/655/68 67/654/67 
f 101/688/101 67/654/67 100/687/100 
f 103/689/103 70/656/70 69/657/69 
f 103/689/103 69/657/69 102/690/102 
f 104/691/104 71/658/71 70/656/70 
f 104/691/104 70/656/70 103/689/103 
f 105/692/105 72/659/72 71/658/71 
f 105/692/105 71/658/71 104/691/104 
f 106/693/106 73/660/73 72/659/72 
f 106/693/106 72/659/72 105/692/105 
f 107/694/107 74/661/74 73/660/73 
f 107/694/107 73/660/73 106/693/106 
f 108/695/108 75/662/75 74/661/74 
f 108/695/108 74/661/74 107/694/107 
f 109/696/109 76/663/76 75/662/75 
f 109/696/109 75/662/75 108/695/108 
f 110/697/110 77/664/77 76/663/76 
f 110/697/110 76/663/76 109/696/109 
f 111/698/111 78/665/78 77/664/77 
f 111/698/111 77/664/77 110/697/110 
f 112/699/112 79/666/79 78/665/78 
f 112/699/112 78/665/78 111/698/111 
f 113/700/113 80/667/80 79/666/79 
f 113/700/113 79/666/79 112/699/112 
f 114/701/114 81/668/81 80/667/80 
f 114/701/114 80/667/80 113/700/113 
f 115/702/115 82/669/82 81/668/81 
f 115/702/115 81/668/81 114/701/114 
f 116/703/116 83/670/83 82/669/82 
f 116/703/116 82/669/82 115/702/115 
f 117/704/117 84/671/84 83/670/83 
f 117/704/117 83/670/83 116/703/116 
f 118/705/118 85/672/85 84/671/84 
f 118/705/118 84/671/84 117/704/117 
f 119/706/119 86/673/86 85/672/85 
f 119/706/119 85/672/85 118/705/118 
f 120/707/120 87/674/87 86/673/86 
f 120/707/120 86/673/86 119/706/119 
f 121/708/121 88/675/88 87/674/87 
f 121/708/121 87/674/87 120/707/120 
f 122/709/122 89/676/89 88/675/88 
f 122/709/122 88/675/88 121/708/121 
f 123/710/123 90/677/90 89/676/89 
f 123/710/123 89/676/89 122/709/122 
f 124/711/124 91/678/91 90/677/90 
f 124/711/124 90/677/90 123/710/123 
f 125/712/125 92/679/92 91/678/91 
f 125/712/125 91/678/91 124/711/124 
f 126/713/126 93/680/93 92/679/92 
f 126/713/126 92/679/92 125/712/125 
f 127/714/127 94/681/94 93/680/93 
f 127/714/127 93/680/93 126/713/126 
f 128/715/128 95/682/95 94/681/94 
f 128/715/128 94/681/94 127/714/127 
f 129/716/129 96/683/96 95/682/95 
f 129/716/129 95/682/95 128/715/128 
f 130/717/130 97/684/97 96/683/96 
f 130/717/130 96/683/96 129/716/129 
f 131/718/131 98/685/98 97/684/97 
f 131/718/131 97/684/97 130/717/130 
f 132/719/132 99/686/99 98/685/98 
f 132/719/132 98/685/98 131/718/131 
f 133/720/133 100/687/100 99/686/99 
f 133/720/133 99/686/99 132/719/132 
f 134/721/134 101/688/101 100/687/100 
f 134/721/134 100/687/100 133/720/133 
f 136/722/136 103/689/103 102/690/102 
f 136/722/136 102/690/102 135/723/135 
f 137/724/137 104/691/104 103/689/103 
f 137/724/137 103/689/103 136/722/136 
f 138/725/138 105/692/105 104/691/104 
f 138/725/138 104/691/104 137/724/137 
f 139/726/139 106/693/106 105/692/105 
f 139/726/139 105/692/105 138/725/138 
f 140/727/140 107/694/107 106/693/106 
f 140/727/140 106/693/106 139/726/139 
f 141/728/141 108/695/108 107/694/107 
f 141/728/141 107/694/107 140/727/140 
f 142/729/142 109/696/109 108/695/108 
f 142/729/142 108/695/108 141/728/141 
f 143/730/143 110/697/110 109/696/109 
f 143/730/143 109/696/109 142/729/142 
f 144/731/144 111/698/111 110/697/110 
f 144/731/144 110/697/110 143/730/143 
f 145/732/145 112/699/112 111/698/111 
f 145/732/145 111/698/111 144/731/144 
f 146/733/146 113/700/113 112/699/112 
f 146/733/146 112/699/112 145/732/145 
f 147/734/147 114/701/114 113/700/113 
f 147/734/147 113/700/113 146/733/146 
f 148/735/148 115/702/115 114/701/114 
f 148/735/148 114/701/114 147/734/147 
f 149/736/149 116/703/116 115/702/115 
f 149/736/149 115/702/115 148/735/148 
f 150/737/150 117/704/117 116/703/116 
f 150/737/150 116/703/116 149/736/149 
f 151/738/151 118/705/118 117/704/117 
f 151/738/151 117/704/117 150/737/150 
f 152/739/152 119/706/119 118/705/118 
f 152/739/152 118/705/118 151/738/151 
f 153/740/153 120/707/120 119/706/119 
f 153/740/153 119/706/119 152/739/152 
f 154/741/154 121/708/121 120/707/120 
f 154/741/154 120/707/120 153/740/153 
f 155/742/155 122/709/122 121/708/121 
f 155/742/155 121/708/121 154/741/154 
f 156/743/156 123/710/123 122/709/122 
f 156/743/156 122/709/122 155/742/155 
f 157/744/157 124/711/124 123/710/123 
f 157/744/157 123/710/123 156/743/156 
f 158/745/158 125/712/125 124/711/124 
f 158/745/158 124/711/124 157/744/157 
f 159/746/159 126/713/126 125/712/125 
f 159/746/159 125/712/125 158/745/158 
f 160/747/160 127/714/127 126/713/126 
f 160/747/160 126/713/126 159/746/159 
f 161/748/161 128/715/128 127/714/127 
f 161/748/161 127/714/127 160/747/160 
f 162/749/162 129/716/129 128/715/128 
f 162/749/162 128/715/128 161/748/161 
f 163/750/163 130/717/130 129/716/129 
f 163/750/163 129/716/129 162/749/162 
f 164/751/164 131/718/131 130/717/130 
f 164/751/164 130/717/130 163/750/163 
f 165/752/165 132/719/132 131/718/131 
f 165/752/165 131/718/131 164/751/164 
f 166/753/166 133/720/133 132/719/132 
f 166/753/166 132/719/132 165/752/165 
f 167/754/167 134/721/134 133/720/133 
f 167/754/167 133/720/133 166/753/166 
f 169/755/169 136/722/136 135/723/135 
f 169/755/169 135/723/135 168/756/168 
f 170/757/170 137/724/137 136/722/136 
f 170/757/170 136/722/136 169/755/169 
f 171/758/171 138/725/138 137/724/137 
f 171/758/171 137/724/137 170/757/170 
f 172/759/172 139/726/139 138/725/138 
f 172/759/172 138/725/138 171/758/171 
f 173/760/173 140/727/140 139/726/139 
f 173/760/173 139/726/139 172/759/172 
f 174/761/174 141/728/141 140/727/140 
f 174/761/174 140/727/140 173/760/173 
f 175/762/175 142/729/142 141/728/141 
f 175/762/175 141/728/141 174/761/174 
f 176/763/176 143/730/143 142/729/142 
f 176/763/176 142/729/142 175/762/175 
f 177/764/177 144/731/144 143/730/143 
f 177/764/177 143/730/143 176/763/176 
f 178/765/178 145/732/145 144/731/144 
f 178/765/178 144/731/144 177/764/177 
f 179/766/179 146/733/146 145/732/145 
f 179/766/179 145/732/145 178/765/178 
f 180/767/180 147/734/147 146/733/146 
f 180/767/180 146/733/146 179/766/179 
f 181/768/181 148/735/148 147/734/147 
f 181/768/181 147/734/147 180/767/180 
f 182/769/182 149/736/149 148/735/148 
f 182/769/182 148/735/148 181/768/181 
f 183/770/183 150/737/150 149/736/149 
f 183/770/183 149/736/149 182/769/182 
f 184/771/184 151/738/151 150/737/150 
f 184/771/184 150/737/150 183/770/183 
f 185/772/185 152/739/152 151/738/151 
f 185/772/185 151/738/151 184/771/184 
f 186/773/186 153/740/153 152/739/152 
f 186/773/186 152/739/152 185/772/185 
f 187/774/187 154/741/154 153/740/153 
f 187/774/187 153/740/153 186/773/186 
f 188/775/188 155/742/155 154/741/154 
f 188/775/188 154/741/154 187/774/187 
f 189/776/189 156/743/156 155/742/155 
f 189/776/189 155/742/155 188/775/188 
f 190/777/190 157/744/157 156/743/156 
f 190/777/190 156/743/156 189/776/189 
f 191/778/191 158/745/158 157/744/157 
f 191/778/191 157/744/157 190/777/190 
f 192/779/192 159/746/159 158/745/158 
f 192/779/192 158/745/158 191/778/191 
f 193/780/193 160/747/160 159/746/159 
f 193/780/193 159/746/159 192/779/192 
f 194/781/194 161/748/161 160/747/160 
f 194/781/194 160/747/160 193/780/193 
f 195/782/195 162/749/162 161/748/161 
f 195/782/195 161/748/161 194/781/194 
f 196/783/196 163/750/163 162/749/162 
f 196/783/196 162/749/162 195/782/195 
f 197/784/197 164/751/164 163/750/163 
f 197/784/197 163/750/163 196/783/196 
f 198/785/198 165/752/165 164/751/164 
f 198/785/198 164/751/164 197/784/197 
f 199/786/199 166/753/166 165/752/165 
f 199/786/199 165/752/165 198/785/198 
f 200/787/200 167/754/167 166/753/166 
f 200/787/200 166/753/166 199/786/199 
f 202/788/202 169/755/169 168/756/168 
f 202/788/202 168/756/168 201/789/201 
f 203/790/203 170/757/170 169/755/169 
f 203/790/203 169/755/169 202/788/202 
f 204/791/204 171/758/171 170/757/170 
f 204/791/204 170/757/170 203/790/203 
f 205/792/205 172/759/172 171/758/171 
f 205/792/205 171/758/171 204/791/204 
f 206/793/206 173/760/173 172/759/172 
f 206/793/206 172/759/172 205/792/205 
f 207/794/207 174/761/174 173/760/173 
f 207/794/207 173/760/173 206/793/206 
f 208/795/208 175/762/175 174/761/174 
f 208/795/208 174/761/174 207/794/207 
f 209/796/209 176/763/176 175/762/175 
f 209/796/209 175/762/175 208/795/208 
f 210/797/210 177/764/177 176/763/176 
f 210/797/210 176/763/176 209/796/209 
f 211/798/211 178/765/178 177/764/177 
f 211/798/211 177/764/177 210/797/210 
f 212/799/212 179/766/179 178/765/178 
f 212/799/212 178/765/178 211/798/211 
f 213/800/213 180/767/180 179/766/179 
f 213/800/213 179/766/179 212/799/212 
f 214/801/214 181/768/181 180/767/180 
f 214/801/214 180/767/180 213/800/213 
f 215/802/215 182/769/182 181/768/181 
f 215/802/215 181/768/181 214/801/214 
f 216/803/216 183/770/183 182/769/182 
f 216/803/216 182/769/182 215/802/215 
f 217/804/217 184/771/184 183/770/183 
f 217/804/217 183/770/183 216/803/216 
f 218/805/218 185/772/185 184/771/184 
f 218/805/218 184/771/184 217/804/217 
f 219/806/219 186/773/186 185/772/185 
f 219/806/219 185/772/185 218/805/218 
f 220/807/220 187/774/187 186/773/186 
f 220/807/220 186/773/186 219/806/219 
f 221/808/221 188/775/188 187/774/187 
f 221/808/221 187/774/187 220/807/220 
f 222/809/222 189/776/189 188/775/188 
f 222/809/222 188/775/188 221/808/221 
f 223/810/223 190/777/190 189/776/189 
f 223/810/223 189/776/189 222/809/222 
f 224/811/224 191/778/191 190/777/190 
f 224/811/224 190/777/190 223/810/223 
f 225/812/225 192/779/192 191/778/191 
f 225/812/225 191/778/191 224/811/224 
f 226/813/226 193/780/193 192/779/192 
f 226/813/226 192/779/192 225/812/225 
f 227/814/227 194/781/194 193/780/193 
f 227/814/227 193/780/193 226/813/226 
f 228/815/228 195/782/195 194/781/194 
f 228/815/228 194/781/194 227/814/227 
f 229/816/229 196/783/196 195/782/195 
f 229/816/229 195/782/195 228/815/228 
f 230/817/230 197/784/197 196/783/196 
f 230/817/230 196/783/196 229/816/229 
f 231/818/231 198/785/198 197/784/197 
f 231/818/231 197/784/197 230/817/230 
f 232/819/232 199/786/199 198/785/198 
f 232/819/232 198/785/198 231/818/231 
f 233/820/233 200/787/200 199/786/199 
f 233/820/233 199/786/199 232/819/232 
f 235/821/235 202/788/202 201/789/201 
f 235/821/235 201/789/201 234/822/234 
f 236/823/236 203/790/203 202/788/202 
f 236/823/236 202/788/202 235/821/235 
f 237/824/237 204/791/204 203/790/203 
f 237/824/237 203/790/203 236/823/236 
f 238/825/238 205/792/205 204/791/204 
f 238/825/238 204/791/204 237/824/237 
f 239/826/239 206/793/206 205/792/205 
f 239/826/239 205/792/205 238/825/238 
f 240/827/240 207/794/207 206/793/206 
f 240/827/240 206/793/206 239/826/239 
f 241/828/241 208/795/208 207/794/207 
f 241/828/241 207/794/207 240/827/240 
f 242/829/242 209/796/209 208/795/208 
f 242/829/242 208/795/208 241/828/241 
f 243/830/243 210/797/210 209/796/209 
f 243/830/243 209/796/209 242/829/242 
f 244/831/244 211/798/211 210/797/210 
f 244/831/244 210/797/210 243/830/243 
f 245/832/245 212/799/212 211/798/211 
f 245/832/245 211/798/211 244/831/244 
f 246/833/246 213/800/213 212/799/212 
f 246/833/246 212/799/212 245/832/245 
f 247/834/247 214/801/214 213/800/213 
f 247/834/247 213/800/213 246/833/246 
f 248/835/248 215/802/215 214/801/214 
f 248/835/248 214/801/214 247/834/247 
f 249/836/249 216/803/216 215/802/215 
f 249/836/249 215/802/215 248/835/248 
f 250/837/250 217/804/217 216/803/216 
f 250/837/250 216/803/216 249/836/249 
f 251/838/251 218/805/218 217/804/217 
f 251/838/251 217/804/217 250/837/250 
f 252/839/252 219/806/219 218/805/218 
f 252/839/252 218/805/218 251/838/251 
f 253/840/253 220/807/220 219/806/219 
f 253/840/253 219/806/219 252/839/252 
f 254/841/254 221/808/221 220/807/220 
f 254/841/254 220/807/220 253/840/253 
f 255/842/255 222/809/222 221/808/221 
f 255/842/255 221/808/221 254/841/254 
f 256/843/256 223/810/223 222/809/222 
f 256/843/256 222/809/222 255/842/255 
f 257/844/257 224/811/224 223/810/223 
f 257/844/257 223/810/223 256/843/256 
f 258/845/258 225/812/225 224/811/224 
f 258/845/258 224/811/224 257/844/257 
f 259/846/259 226/813/226 225/812/225 
f 259/846/259 225/812/225 258/845/258 
f 260/847/260 227/814/227 226/813/226 
f 260/847/260 226/813/226 259/846/259 
f 261/848/261 228/815/228 227/814/227 
f 261/848/261 227/814/227 260/847/260 
f 262/849/262 229/816/229 228/815/228 
f 262/849/262 228/815/228 261/848/261 
f 263/850/263 230/817/230 229/816/229 
f 263/850/263 229/816/229 262/849/262 
f 264/851/264 231/818/231 230/817/230 
f 264/851/264 230/817/230 263/850/263 
f 265/852/265 232/819/232 231/818/231 
f 265/852/265 231/818/231 264/851/264 
f 266/853/266 233/820/233 232/819/232 
f 266/853/266 232/819/232 265/852/265 
f 268/854/268 235/821/235 234/822/234 
f 268/854/268 234/822/234 267/855/267 
f 269/856/269 236/823/236 235/821/235 
f 269/856/269 235/821/235 268/854/268 
f 270/857/270 237/824/237 236/823/236 
f 270/857/270 236/823/236 269/856/269 
f 271/858/271 238/825/238 237/824/237 
f 271/858/271 237/824/237 270/857/270 
f 272/859/272 239/826/239 238/825/238 
f 272/859/272 238/825/238 271/858/271 
f 273/860/273 240/827/240 239/826/239 
f 273/860/273 239/826/239 272/859/272 
f 274/861/274 241/828/241 240/827/240 
f 274/861/274 240/827/240 273/860/273 
f 275/862/275 242/829/242 241/828/241 
f 275/862/275 241/828/241 274/861/274 
f 276/863/276 243/830/243 242/829/242 
f 276/863/276 242/829/242 275/862/275 
f 277/864/277 244/831/244 243/830/243 
f 277/864/277 243/830/243 276/863/276 
f 278/865/278 245/832/245 244/831/244 
f 278/865/278 244/831/244 277/864/277 
f 279/866/279 246/833/246 245/832/245 
f 279/866/279 245/832/245 278/865/278 
f 280/867/280 247/834/247 246/833/246 
f 280/867/280 246/833/246 279/866/279 
f 281/868/281 248/835/248 247/834/247 
f 281/868/281 247/834/247 280/867/280 
f 282/869/282 249/836/249 248/835/248 
f 282/869/282 248/835/248 281/868/281 
f 283/870/283 250/837/250 249/836/249 
f 283/870/283 249/836/249 282/869/282 
f 284/871/284 251/838/251 250/837/250 
f 284/871/284 250/837/250 283/870/283 
f 285/872/285 252/839/252 251/838/251 
f 285/872/285 251/838/251 284/871/284 
f 286/873/286 253/840/253 252/839/252 
f 286/873/286 252/839/252 285/872/285 
f 287/874/287 254/841/254 253/840/253 
f 287/874/287 253/840/253 286/873/286 
f 288/875/288 255/842/255 254/841/254 
f 288/875/288 254/841/254 287/874/287 
f 289/876/289 256/843/256 255/842/255 
f 289/876/289 255/842/255 288/875/288 
f 290/877/290 257/844/257 256/843/256 
f 290/877/290 256/843/256 289/876/289 
f 291/878/291 258/845/258 257/844/257 
f 291/878/291 257/844/257 290/877/290 
f 292/879/292 259/846/259 258/845/258 
f 292/879/292 258/845/258 291/878/291 
f 293/880/293 260/847/260 259/846/259 
f 293/880/293 259/846/259 292/879/292 
f 294/881/294 261/848/261 260/847/260 
f 294/881/294 260/847/260 293/880/293 
f 295/882/295 262/849/262 261/848/261 
f 295/882/295 261/848/261 294/881/294 
f 296/883/296 263/850/263 262/849/262 
f 296/883/296 262/849/262 295/882/295 
f 297/884/297 264/851/264 263/850/263 
f 297/884/297 263/850/263 296/883/296 
f 298/885/298 265/852/265 264/851/264 
f 298/885/298 264/851/264 297/884/297 
f 299/886/299 266/853/266 265/852/265 
f 299/886/299 265/852/265 298/885/298 
f 301/887/301 268/854/268 267/855/267 
f 301/887/301 267/855/267 300/888/300 
f 302/889/302 269/856/269 268/854/268 
f 302/889/302 268/854/268 301/887/301 
f 303/890/303 270/857/270 269/856/269 
f 303/890/303 269/856/269 302/889/302 
f 304/891/304 271/858/271 270/857/270 
f 304/891/304 270/857/270 303/890/303 
f 305/892/305 272/859/272 271/858/271 
f 305/892/305 271/858/271 304/891/304 
f 306/893/306 273/860/273 272/859/272 
f 306/893/306 272/859/272 305/892/305 
f 307/894/307 274/861/274 273/860/273 
f 307/894/307 273/860/273 306/893/306 
f 308/895/308 275/862/275 274/861/274 
f 308/895/308 274/861/274 307/894/307 
f 309/896/309 276/863/276 275/862/275 
f 309/896/309 275/862/275 308/895/308 
f 310/897/310 277/864/277 276/863/276 
f 310/897/310 276/863/276 309/896/309 
f 311/898/311 278/865/278 277/864/277 
f 311/898/311 277/864/277 310/897/310 
f 312/899/312 279/866/279 278/865/278 
f 312/899/312 278/865/278 311/898/311 
f 313/900/313 280/867/280 279/866/279 
f 313/900/313 279/866/279 312/899/312 
f 314/901/314 281/868/281 280/867/280 
f 314/901/314 280/867/280 313/900/313 
f 315/902/315 282/869/282 281/868/281 
f 315/902/315 281/868/281 314/901/314 
f 316/903/316 283/870/283 282/869/282 
f 316/903/316 282/869/282 315/902/315 
f 317/904/317 284/871/284 283/870/283 
f 317/904/317 283/870/283 316/903/316 
f 318/905/318 285/872/285 284/871/284 
f 318/905/318 284/871/284 317/904/317 
f 319/906/319 286/873/286 285/872/285 
f 319/906/319 285/872/285 318/905/318 
f 320/907/320 287/874/287 286/873/286 
f 320/907/320 286/873/286 319/906/319 
f 321/908/321 288/875/288 287/874/287 
f 321/908/321 287/874/287 320/907/320 
f 322/909/322 289/876/289 288/875/288 
f 322/909/322 288/875/288 321/908/321 
f 323/910/323 290/877/290 289/876/289 
f 323/910/323 289/876/289 322/909/322 
f 324/911/324 291/878/291 290/877/290 
f 324/911/324 290/877/290 323/910/323 
f 325/912/325 292/879/292 291/878/291 
f 325/912/325 291/878/291 324/911/324 
f 326/913/326 293/880/293 292/879/292 
f 326/913/326 292/879/292 325/912/325 
f 327/914/327 294/881/294 293/880/293 
f 327/914/327 293/880/293 326/913/326 
f 328/915/328 295/882/295 294/881/294 
f 328/915/328 294/881/294 327/914/327 
f 329/916/329 296/883/296 295/882/295 
f 329/916/329 295/882/295 328/915/328 
f 330/917/330 297/884/297 296/883/296 
f 330/917/330 296/883/296 329/916/329 
f 331/918/331 298/885/298 297/884/297 
f 331/918/331 297/884/297 330/917/330 
f 332/919/332 299/886/299 298/885/298 
f 332/919/332 298/885/298 331/918/331 
f 334/920/334 301/887/301 300/888/300 
f 334/920/334 300/888/300 333/921/333 
f 335/922/335 302/889/302 301/887/301 
f 335/922/335 301/887/301 334/920/334 
f 336/923/336 303/890/303 302/889/302 
f 336/923/336 302/889/302 335/922/335 
f 337/924/337 304/891/304 303/890/303 
f 337/924/337 303/890/303 336/923/336 
f 338/925/338 305/892/305 304/891/304 
f 338/925/338 304/891/304 337/924/337 
f 339/926/339 306/893/306 305/892/305 
f 339/926/339 305/892/305 338/925/338 
f 340/927/340 307/894/307 306/893/306 
f 340/927/340 306/893/306 339/926/339 
f 341/928/341 308/895/308 307/894/307 
f 341/928/341 307/894/307 340/927/340 
f 342/929/342 309/896/309 308/895/308 
f 342/929/342 308/895/308 341/928/341 
f 343/930/343 310/897/310 309/896/309 
f 343/930/343 309/896/309 342/929/342 
f 344/931/344 311/898/311 310/897/310 
f 344/931/344 310/897/310 343/930/343 
f 345/932/345 312/899/312 311/898/311 
f 345/932/345 311/898/311 344/931/344 
f 346/933/346 313/900/313 312/899/312 
f 346/933/346 312/899/312 345/932/345 
f 347/934/347 314/901/314 313/900/313 
f 347/934/347 313/900/313 346/933/346 
f 348/935/348 315/902/315 314/901/314 
f 348/935/348 314/901/314 347/934/347 
f 349/936/349 316/903/316 315/902/315 
f 349/936/349 315/902/315 348/935/348 
f 350/937/350 317/904/317 316/903/316 
f 350/937/350 316/903/316 349/936/349 
f 351/938/351 318/905/318 317/904/317 
f 351/938/351 317/904/317 350/937/350 
f 352/939/352 319/906/319 318/905/318 
f 352/939/352 318/905/318 351/938/351 
f 353/940/353 320/907/320 319/906/319 
f 353/940/353 319/906/319 352/939/352 
f 354/941/354 321/908/321 320/907/320 
f 354/941/354 320/907/320 353/940/353 
f 355/942/355 322/909/322 321/908/321 
f 355/942/355 321/908/321 354/941/354 
f 356/943/356 323/910/323 322/909/322 
f 356/943/356 322/909/322 355/942/355 
f 357/944/357 324/911/324 323/910/323 
f 357/944/357 323/910/323 356/943/356 
f 358/945/358 325/912/325 324/911/324 
f 358/945/358 324/911/324 357/944/357 
f 359/946/359 326/913/326 325/912/325 
f 359/946/359 325/912/325 358/945/358 
f 360/947/360 327/914/327 326/913/326 
f 360/947/360 326/913/326 359/946/359 
f 361/948/361 328/915/328 327/914/327 
f 361/948/361 327/914/327 360/947/360 
f 362/949/362 329/916/329 328/915/328 
f 362/949/362 328/915/328 361/948/361 
f 363/950/363 330/917/330 329/916/329 
f 363/950/363 329/916/329 362/949/362 
f 364/951/364 331/918/331 330/917/330 
f 364/951/364 330/917/330 363/950/363 
f 365/952/365 332/919/332 331/918/331 
f 365/952/365 331/918/331 364/951/364 
f 367/953/367 334/920/334 333/921/333 
f 367/953/367 333/921/333 366/954/366 
f 368/955/368 335/922/335 334/920/334 
f 368/955/368 334/920/334 367/953/367 
f 369/956/369 336/923/336 335/922/335 
f 369/956/369 335/922/335 368/955/368 
f 370/957/370 337/924/337 336/923/336 
f 370/957/370 336/923/336 369/956/369 
f 371/958/371 338/925/338 337/924/337 
f 371/958/371 337/924/337 370/957/370 
f 372/959/372 339/926/339 338/925/338 
f 372/959/372 338/925/338 371/958/371 
f 373/960/373 340/927/340 339/926/339 
f 373/960/373 339/926/339 372/959/372 
f 374/961/374 341/928/341 340/927/340 
f 374/961/374 340/927/340 373/960/373 
f 375/962/375 342/929/342 341/928/341 
f 375/962/375 341/928/341 374/961/374 
f 376/963/376 343/930/343 342/929/342 
f 376/963/376 342/929/342 375/962/375 
f 377/964/377 344/931/344 343/930/343 
f 377/964/377 343/930/343 376/963/376 
f 378/965/378 345/932/345 344/931/344 
f 378/965/378 344/931/344 377/964/377 
f 379/966/379 346/933/346 345/932/345 
f 379/966/379 345/932/345 378/965/378 
f 380/967/380 347/934/347 346/933/346 
f 380/967/380 346/933/346 379/966/379 
f 381/968/381 348/935/348 347/934/347 
f 381/968/381 347/934/347 380/967/380 
f 382/969/382 349/936/349 348/935/348 
f 382/969/382 348/935/348 381/968/381 
f 383/970/383 350/937/350 349/936/349 
f 383/970/383 349/936/349 382/969/382 
f 384/971/384 351/938/351 350/937/350 
f 384/971/384 350/937/350 383/970/383 
f 385/972/385 352/939/352 351/938/351 
f 385/972/385 351/938/351 384/971/384 
f 386/973/386 353/940/353 352/939/352 
f 386/973/386 352/939/352 385/972/385 
f 387/974/387 354/941/354 353/940/353 
f 387/974/387 353/940/353 386/973/386 
f 388/975/388 355/942/355 354/941/354 
f 388/975/388 354/941/354 387/974/387 
f 389/976/389 356/943/356 355/942/355 
f 389/976/389 355/942/355 388/975/388 
f 390/977/390 357/944/357 356/943/356 
f 390/977/390 356/943/356 389/976/389 
f 391/978/391 358/945/358 357/944/357 
f 391/978/391 357/944/357 390/977/390 
f 392/979/392 359/946/359 358/945/358 
f 392/979/392 358/945/358 391/978/391 
f 393/980/393 360/947/360 359/946/359 
f 393/980/393 359/946/359 392/979/392 
f 394/981/394 361/948/361 360/947/360 
f 394/981/394 360/947/360 393/980/393 
f 395/982/395 362/949/362 361/948/361 
f 395/982/395 361/948/361 394/981/394 
f 396/983/396 363/950/363 362/949/362 
f 396/983/396 362/949/362 395/982/395 
f 397/984/397 364/951/364 363/950/363 
f 397/984/397 363/950/363 396/983/396 
f 398/985/398 365/952/365 364/951/364 
f 398/985/398 364/951/364 397/984/397 
f 400/986/400 367/953/367 366/954/366 
f 400/986/400 366/954/366 399/987/399 
f 401/988/401 368/955/368 367/953/367 
f 401/988/401 367/953/367 400/986/400 
f 402/989/402 369/956/369 368/955/368 
f 402/989/402 368/955/368 401/988/401 
f 403/990/403 370/957/370 369/956/369 
f 403/990/403 369/956/369 402/989/402 
f 404/991/404 371/958/371 370/957/370 
f 404/991/404 370/957/370 403/990/403 
f 405/992/405 372/959/372 371/958/371 
f 405/992/405 371/958/371 404/991/404 
f 406/993/406 373/960/373 372/959/372 
f 406/993/406 372/959/372 405/992/405 
f 407/994/407 374/961/374 373/960/373 
f 407/994/407 373/960/373 406/993/406 
f 408/995/408 375/962/375 374/961/374 
f 408/995/408 374/961/374 407/994/407 
f 409/996/409 376/963/376 375/962/375 
f 409/996/409 375/962/375 408/995/408 
f 410/997/410 377/964/377 376/963/376 
f 410/997/410 376/963/376 409/996/409 
f 411/998/411 378/965/378 377/964/377 
f 411/998/411 377/964/377 410/997/410 
f 412/999/412 379/966/379 378/965/378 
f 412/999/412 378/965/378 411/998/411 
f 413/1000/413 380/967/380 379/966/379 
f 413/1000/413 379/966/379 412/999/412 
f 414/1001/414 381/968/381 380/967/380 
f 414/1001/414 380/967/380 413/1000/413 
f 415/1002/415 382/969/382 381/968/381 
f 415/1002/415 381/968/381 414/1001/414 
f 416/1003/416 383/970/383 382/969/382 
f 416/1003/416 382/969/382 415/1002/415 
f 417/1004/417 384/971/384 383/970/383 
f 417/1004/417 383/970/383 416/1003/416 
f 418/1005/418 385/972/385 384/971/384 
f 418/1005/418 384/971/384 417/1004/417 
f 419/1006/419 386/973/386 385/972/385 
f 419/1006/419 385/972/385 418/1005/418 
f 420/1007/420 387/974/387 386/973/386 
f 420/1007/420 386/973/386 419/1006/419 
f 421/1008/421 388/975/388 387/974/387 
f 421/1008/421 387/974/387 420/1007/420 
f 422/1009/422 389/976/389 388/975/388 
f 422/1009/422 388/975/388 421/1008/421 
f 423/1010/423 390/977/390 389/976/389 
f 423/1010/423 389/976/389 422/1009/422 
f 424/1011/424 391/978/391 390/977/390 
f 424/1011/424 390/977/390 423/1010/423 
f 425/1012/425 392/979/392 391/978/391 
f 425/1012/425 391/978/391 424/1011/424 
f 426/1013/426 393/980/393 392/979/392 
f 426/1013/426 392/979/392 425/1012/425 
f 427/1014/427 394/981/394 393/980/393 
f 427/1014/427 393/980/393 426/1013/426 
f 428/1015/428 395/982/395 394/981/394 
f 428/1015/428 394/981/394 427/1014/427 
f 429/1016/429 396/983/396 395/982/395 
f 429/1016/429 395/982/395 428/1015/428 
f 430/1017/430 397/984/397 396/983/396 
f 430/1017/430 396/983/396 429/1016/429 
f 431/1018/431 398/985/398 397/984/397 
f 431/1018/431 397/984/397 430/1017/430 
f 433/1019/433 400/986/400 399/987/399 
f 433/1019/433 399/987/399 432/1020/432 
f 434/1021/434 401/988/401 400/986/400 
f 434/1021/434 400/986/400 433/1019/433 
f 435/1022/435 402/989/402 401/988/401 
f 435/1022/435 401/988/401 434/1021/434 
f 436/1023/436 403/990/403 402/989/402 
f 436/1023/436 402/989/402 435/1022/435 
f 437/1024/437 404/991/404 403/990/403 
f 437/1024/437 403/990/403 436/1023/436 
f 438/1025/438 405/992/405 404/991/404 
f 438/1025/438 404/991/404 437/1024/437 
f 439/1026/439 406/993/406 405/992/405 
f 439/1026/439 405/992/405 438/1025/438 
f 440/1027/440 407/994/407 406/993/406 
f 440/1027/440 406/993/406 439/1026/439 
f 441/1028/441 408/995/408 407/994/407 
f 441/1028/441 407/994/407 440/1027/440 
f 442/1029/442 409/996/409 408/995/408 
f 442/1029/442 408/995/408 441/1028/441 
f 443/1030/443 410/997/410 409/996/409 
f 443/1030/443 409/996/409 442/1029/442 
f 444/1031/444 411/998/411 410/997/410 
f 444/1031/444 410/997/410 443/1030/443 
f 445/1032/445 412/999/412 411/998/411 
f 445/1032/445 411/998/411 444/1031/444 
f 446/1033/446 413/1000/413 412/999/412 
f 446/1033/446 412/999/412 445/1032/445 
f 447/1034/447 414/1001/414 413/1000/413 
f 447/1034/447 413/1000/413 446/1033/446 
f 448/1035/448 415/1002/415 414/1001/414 
f 448/1035/448 414/1001/414 447/1034/447 
f 449/1036/449 416/1003/416 415/1002/415 
f 449/1036/449 415/1002/415 448/1035/448 
f 450/1037/450 417/1004/417 416/1003/416 
f 450/1037/450 416/1003/416 449/1036/449 
f 451/1038/451 418/1005/418 417/1004/417 
f 451/1038/451 417/1004/417 450/1037/450 
f 452/1039/452 419/1006/419 418/1005/418 
f 452/1039/452 418/1005/418 451/1038/451 
f 453/1040/453 420/1007/420 419/1006/419 
f 453/1040/453 419/1006/419 452/1039/452 
f 454/1041/454 421/1008/421 420/1007/420 
f 454/1041/454 420/1007/420 453/1040/453 
f 455/1042/455 422/1009/422 421/1008/421 
f 455/1042/455 421/1008/421 454/1041/454 
f 456/1043/456 423/1010/423 422/1009/422 
f 456/1043/456 422/1009/422 455/1042/455 
f 457/1044/457 424/1011/424 423/1010/423 
f 457/1044/457 423/1010/423 456/1043/456 
f 458/1045/458 425/1012/425 424/1011/424 
f 458/1045/458 424/1011/424 457/1044/457 
f 459/1046/459 426/1013/426 425/1012/425 
f 459/1046/459 425/1012/425 458/1045/458 
f 460/1047/460 427/1014/427 426/1013/426 
f 460/1047/460 426/1013/426 459/1046/459 
f 461/1048/461 428/1015/428 427/1014/427 
f 461/1048/461 427/1014/427 460/1047/460 
f 462/1049/462 429/1016/429 428/1015/428 
f 462/1049/462 428/1015/428 461/1048/461 
f 463/1050/463 430/1017/430 429/1016/429 
f 463/1050/463 429/1016/429 462/1049/462 
f 464/1051/464 431/1018/431 430/1017/430 
f 464/1051/464 430/1017/430 463/1050/463 
f 466/1052/466 433/1019/433 432/1020/432 
f 466/1052/466 432/1020/432 465/1053/465 
f 467/1054/467 434/1021/434 433/1019/433 
f 467/1054/467 433/1019/433 466/1052/466 
f 468/1055/468 435/1022/435 434/1021/434 
f 468/1055/468 434/1021/434 467/1054/467 
f 469/1056/469 436/1023/436 435/1022/435 
f 469/1056/469 435/1022/435 468/1055/468 
f 470/1057/470 437/1024/437 436/1023/436 
f 470/1057/470 436/1023/436 469/1056/469 
f 471/1058/471 438/1025/438 437/1024/437 
f 471/1058/471 437/1024/437 470/1057/470 
f 472/1059/472 439/1026/439 438/1025/438 
f 472/1059/472 438/1025/438 471/1058/471 
f 473/1060/473 440/1027/440 439/1026/439 
f 473/1060/473 439/1026/439 472/1059/472 
f 474/1061/474 441/1028/441 440/1027/440 
f 474/1061/474 440/1027/440 473/1060/473 
f 475/1062/475 442/1029/442 441/1028/441 
f 475/1062/475 441/1028/441 474/1061/474 
f 476/1063/476 443/1030/443 442/1029/442 
f 476/1063/476 442/1029/442 475/1062/475 
f 477/1064/477 444/1031/444 443/1030/443 
f 477/1064/477 443/1030/443 476/1063/476 
f 478/1065/478 445/1032/445 444/1031/444 
f 478/1065/478 444/1031/444 477/1064/477 
f 479/1066/479 446/1033/446 445/1032/445 
f 479/1066/479 445/1032/445 478/1065/478 
f 480/1067/480 447/1034/447 446/1033/446 
f 480/1067/480 446/1033/446 479/1066/479 
f 481/1068/481 448/1035/448 447/1034/447 
f 481/1068/481 447/1034/447 480/1067/480 
f 482/1069/482 449/1036/449 448/1035/448 
f 482/1069/482 448/1035/448 481/1068/481 
f 483/1070/483 450/1037/450 449/1036/449 
f 483/1070/483 449/1036/449 482/1069/482 
f 484/1071/484 451/1038/451 450/1037/450 
f 484/1071/484 450/1037/450 483/1070/483 
f 485/1072/485 452/1039/452 451/1038/451 
f 485/1072/485 451/1038/451 484/1071/484 
f 486/1073/486 453/1040/453 452/1039/452 
f 486/1073/486 452/1039/452 485/1072/485 
f 487/1074/487 454/1041/454 453/1040/453 
f 487/1074/487 453/1040/453 486/1073/486 
f 488/1075/488 455/1042/455 454/1041/454 
f 488/1075/488 454/1041/454 487/1074/487 
f 489/1076/489 456/1043/456 455/1042/455 
f 489/1076/489 455/1042/455 488/1075/488 
f 490/1077/490 457/1044/457 456/1043/456 
f 490/1077/490 456/1043/456 489/1076/489 
f 491/1078/491 458/1045/458 457/1044/457 
f 491/1078/491 457/1044/457 490/1077/490 
f 492/1079/492 459/1046/459 458/1045/458 
f 492/1079/492 458/1045/458 491/1078/491 
f 493/1080/493 460/1047/460 459/1046/459 
f 493/1080/493 459/1046/459 492/1079/492 
f 494/1081/494 461/1048/461 460/1047/460 
f 494/1081/494 460/1047/460 493/1080/493 
f 495/1082/495 462/1049/462 461/1048/461 
f 495/1082/495 461/1048/461 494/1081/494 
f 496/1083/496 463/1050/463 462/1049/462 
f 496/1083/496 462/1049/462 495/1082/495 
f 497/1084/497 464/1051/464 463/1050/463 
f 497/1084/497 463/1050/463 496/1083/496 
f 499/1085/499 466/1052/466 465/1053/465 
f 499/1085/499 465/1053/465 498/1086/498 
f 500/1087/500 467/1054/467 466/1052/466 
f 500/1087/500 466/1052/466 499/1085/499 
f 501/1088/501 468/1055/468 467/1054/467 
f 501/1088/501 467/1054/467 500/1087/500 
f 502/1089/502 469/1056/469 468/1055/468 
f 502/1089/502 468/1055/468 501/1088/501 
f 503/1090/503 470/1057/470 469/1056/469 
f 503/1090/503 469/1056/469 502/1089/502 
f 504/1091/504 471/1058/471 470/1057/470 
f 504/1091/504 470/1057/470 503/1090/503 
f 505/1092/505 472/1059/472 471/1058/471 
f 505/1092/505 471/1058/471 504/1091/504 
f 506/1093/506 473/1060/473 472/1059/472 
f 506/1093/506 472/1059/472 505/1092/505 
f 507/1094/507 474/1061/474 473/1060/473 
f 507/1094/507 473/1060/473 506/1093/506 
f 508/1095/508 475/1062/475 474/1061/474 
f 508/1095/508 474/1061/474 507/1094/507 
f 509/1096/509 476/1063/476 475/1062/475 
f 509/1096/509 475/1062/475 508/1095/508 
f 510/1097/510 477/1064/477 476/1063/476 
f 510/1097/510 476/1063/476 509/1096/509 
f 511/1098/511 478/1065/478 477/1064/477 
f 511/1098/511 477/1064/477 510/1097/510 
f 512/1099/512 479/1066/479 478/1065/478 
f 512/1099/512 478/1065/478 511/1098/511 
f 513/1100/513 480/1067/480 479/1066/479 
f 513/1100/513 479/1066/479 512/1099/512 
f 514/1101/514 481/1068/481 480/1067/480 
f 514/1101/514 480/1067/480 513/1100/513 
f 515/1102/515 482/1069/482 481/1068/481 
f 515/1102/515 481/1068/481 514/1101/514 
f 516/1103/516 483/1070/483 482/1069/482 
f 516/1103/516 482/1069/482 515/1102/515 
f 517/1104/517 484/1071/484 483/1070/483 
f 517/1104/517 483/1070/483 516/1103/516 
f 518/1105/518 485/1072/485 484/1071/484 
f 518/1105/518 484/1071/484 517/1104/517 
f 519/1106/519 486/1073/486 485/1072/485 
f 519/1106/519 485/1072/485 518/1105/518 
f 520/1107/520 487/1074/487 486/1073/486 
f 520/1107/520 486/1073/486 519/1106/519 
f 521/1108/521 488/1075/488 487/1074/487 
f 521/1108/521 487/1074/487 520/1107/520 
f 522/1109/522 489/1076/489 488/1075/488 
f 522/1109/522 488/1075/488 521/1108/521 
f 523/1110/523 490/1077/490 489/1076/489 
f 523/1110/523 489/1076/489 522/1109/522 
f 524/1111/524 491/1078/491 490/1077/490 
f 524/1111/524 490/1077/490 523/1110/523 
f 525/1112/525 492/1079/492 491/1078/491 
f 525/1112/525 491/1078/491 524/1111/524 
f 526/1113/526 493/1080/493 492/1079/492 
f 526/1113/526 492/1079/492 525/1112/525 
f 527/1114/527 494/1081/494 493/1080/493 
f 527/1114/527 493/1080/493 526/1113/526 
f 528/1115/528 495/1082/495 494/1081/494 
f 528/1115/528 494/1081/494 527/1114/527 
f 529/1116/529 496/1083/496 495/1082/495 
f 529/1116/529 495/1082/495 528/1115/528 
f 530/1117/530 497/1084/497 496/1083/496 
f 530/1117/530 496/1083/496 529/1116/529 
f 532/1118/532 499/1085/499 498/1086/498 
f 532/1118/532 498/1086/498 531/1119/531 
f 533/1120/533 500/1087/500 499/1085/499 
f 533/1120/533 499/1085/499 532/1118/532 
f 534/1121/534 501/1088/501 500/1087/500 
f 534/1121/534 500/1087/500 533/1120/533 
f 535/1122/535 502/1089/502 501/1088/501 
f 535/1122/535 501/1088/501 534/1121/534 
f 536/1123/536 503/1090/503 502/1089/502 
f 536/1123/536 502/1089/502 535/1122/535 
f 537/1124/537 504/1091/504 503/1090/503 
f 537/1124/537 503/1090/503 536/1123/536 
f 538/1125/538 505/1092/505 504/1091/504 
f 538/1125/538 504/1091/504 537/1124/537 
f 539/1126/539 506/1093/506 505/1092/505 
f 539/1126/539 505/1092/505 538/1125/538 
f 540/1127/540 507/1094/507 506/1093/506 
f 540/1127/540 506/1093/506 539/1126/539 
f 541/1128/541 508/1095/508 507/1094/507 
f 541/1128/541 507/1094/507 540/1127/540 
f 542/1129/542 509/1096/509 508/1095/508 
f 542/1129/542 508/1095/508 541/1128/541 
f 543/1130/543 510/1097/510 509/1096/509 
f 543/1130/543 509/1096/509 542/1129/542 
f 544/1131/544 511/1098/511 510/1097/510 
f 544/1131/544 510/1097/510 543/1130/543 
f 545/1132/545 512/1099/512 511/1098/511 
f 545/1132/545 511/1098/511 544/1131/544 
f 546/1133/546 513/1100/513 512/1099/512 
f 546/1133/546 512/1099/512 545/1132/545 
f 547/1134/547 514/1101/514 513/1100/513 
f 547/1134/547 513/1100/513 546/1133/546 
f 548/1135/548 515/1102/515 514/1101/514 
f 548/1135/548 514/1101/514 547/1134/547 
f 549/1136/549 516/1103/516 515/1102/515 
f 549/1136/549 515/1102/515 548/1135/548 
f 550/1137/550 517/1104/517 516/1103/516 
f 550/1137/550 516/1103/516 549/1136/549 
f 551/1138/551 518/1105/518 517/1104/517 
f 551/1138/551 517/1104/517 550/1137/550 
f 552/1139/552 519/1106/519 518/1105/518 
f 552/1139/552 518/1105/518 551/1138/551 
f 553/1140/553 520/1107/520 519/1106/519 
f 553/1140/553 519/1106/519 552/1139/552 
f 554/1141/554 521/1108/521 520/1107/520 
f 554/1141/554 520/1107/520 553/1140/553 
f 555/1142/555 522/1109/522 521/1108/521 
f 555/1142/555 521/1108/521 554/1141/554 
f 556/1143/556 523/1110/523 522/1109/522 
f 556/1143/556 522/1109/522 555/1142/555 
f 557/1144/557 524/1111/524 523/1110/523 
f 557/1144/557 523/1110/523 556/1143/556 
f 558/1145/558 525/1112/525 524/1111/524 
f 558/1145/558 524/1111/524 557/1144/557 
f 559/1146/559 526/1113/526 525/1112/525 
f 559/1146/559 525/1112/525 558/1145/558 
f 560/1147/560 527/1114/527 526/1113/526 
f 560/1147/560 526/1113/526 559/1146/559 
f 561/1148/561 528/1115/528 527/1114/527 
f 561/1148/561 527/1114/527 560/1147/560 
f 562/1149/562 529/1116/529 528/1115/528 
f 562/1149/562 528/1115/528 561/1148/561 
f 563/1150/563 530/1117/530 529/1116/529 
f 563/1150/563 529/1116/529 562/1149/562 
f 565/1151/565 532/1118/532 531/1119/531 
f 565/1151/565 531/1119/531 564/1152/564 
f 566/1153/566 533/1120/533 532/1118/532 
f 566/1153/566 532/1118/532 565/1151/565 
f 567/1154/567 534/1121/534 533/1120/533 
f 567/1154/567 533/1120/533 566/1153/566 
f 568/1155/568 535/1122/535 534/1121/534 
f 568/1155/568 534/1121/534 567/1154/567 
f 569/1156/569 536/1123/536 535/1122/535 
f 569/1156/569 535/1122/535 568/1155/568 
f 570/1157/570 537/1124/537 536/1123/536 
f 570/1157/570 536/1123/536 569/1156/569 
f 571/1158/571 538/1125/538 537/1124/537 
f 571/1158/571 537/1124/537 570/1157/570 
f 572/1159/572 539/1126/539 538/1125/538 
f 572/1159/572 538/1125/538 571/1158/571 
f 573/1160/573 540/1127/540 539/1126/539 
f 573/1160/573 539/1126/539 572/1159/572 
f 574/1161/574 541/1128/541 540/1127/540 
f 574/1161/574 540/1127/540 573/1160/573 
f 575/1162/575 542/1129/542 541/1128/541 
f 575/1162/575 541/1128/541 574/1161/574 
f 576/1163/576 543/1130/543 542/1129/542 
f 576/1163/576 542/1129/542 575/1162/575 
f 577/1164/577 544/1131/544 543/1130/543 
f 577/1164/577 543/1130/543 576/1163/576 
f 578/1165/578 545/1132/545 544/1131/544 
f 578/1165/578 544/1131/544 577/1164/577 
f 579/1166/579 546/1133/546 545/1132/545 
f 579/1166/579 545/1132/545 578/1165/578 
f 580/1167/580 547/1134/547 546/1133/546 
f 580/1167/580 546/1133/546 579/1166/579 
f 581/1168/581 548/1135/548 547/1134/547 
f 581/1168/581 547/1134/547 580/1167/580 
f 582/1169/582 549/1136/549 548/1135/548 
f 582/1169/582 548/1135/548 581/1168/581 
f 583/1170/583 550/1137/550 549/1136/549 
f 583/1170/583 549/1136/549 582/1169/582 
f 584/1171/584 551/1138/551 550/1137/550 
f 584/1171/584 550/1137/550 583/1170/583 
f 585/1172/585 552/1139/552 551/1138/551 
f 585/1172/585 551/1138/551 584/1171/584 
f 586/1173/586 553/1140/553 552/1139/552 
f 586/1173/586 552/1139/552 585/1172/585 
f 587/1174/587 554/1141/554 553/1140/553 
f 587/1174/587 553/1140/553 586/1173/586 
f 588/1175/588 555/1142/555 554/1141/554 
f 588/1175/588 554/1141/554 587/1174/587 
f 589/1176/589 556/1143/556 555/1142/555 
f 589/1176/589 555/1142/555 588/1175/588 
f 590/1177/590 557/1144/557 556/1143/556 
f 590/1177/590 556/1143/556 589/1176/589 
f 591/1178/591 558/1145/558 557/1144/557 
f 591/1178/591 557/1144/557 590/1177/590 
f 592/1179/592 559/1146/559 558/1145/558 
f 592/1179/592 558/1145/558 591/1178/591 
f 593/1180/593 560/1147/560 559/1146/559 
f 593/1180/593 559/1146/559 592/1179/592 
f 594/1181/594 561/1148/561 560/1147/560 
f 594/1181/594 560/1147/560 593/1180/593 
f 595/1182/595 562/1149/562 561/1148/561 
f 595/1182/595 561/1148/561 594/1181/594 
f 596/1183/596 563/1150/563 562/1149/562 
f 596/1183/596 562/1149/562 595/1182/595 
f 598/1184/598 565/1151/565 564/1152/564 
f 598/1184/598 564/1152/564 597/1185/597 
f 599/1186/599 566/1153/566 565/1151/565 
f 599/1186/599 565/1151/565 598/1184/598 
f 600/1187/600 567/1154/567 566/1153/566 
f 600/1187/600 566/1153/566 599/1186/599 
f 601/1188/601 568/1155/568 567/1154/567 
f 601/1188/601 567/1154/567 600/1187/600 
f 602/1189/602 569/1156/569 568/1155/568 
f 602/1189/602 568/1155/568 601/1188/601 
f 603/1190/603 570/1157/570 569/1156/569 
f 603/1190/603 569/1156/569 602/1189/602 
f 604/1191/604 571/1158/571 570/1157/570 
f 604/1191/604 570/1157/570 603/1190/603 
f 605/1192/605 572/1159/572 571/1158/571 
f 605/1192/605 571/1158/571 604/1191/604 
f 606/1193/606 573/1160/573 572/1159/572 
f 606/1193/606 572/1159/572 605/1192/605 
f 607/1194/607 574/1161/574 573/1160/573 
f 607/1194/607 573/1160/573 606/1193/606 
f 608/1195/608 575/1162/575 574/1161/574 
f 608/1195/608 574/1161/574 607/1194/607 
f 609/1196/609 576/1163/576 575/1162/575 
f 609/1196/609 575/1162/575 608/1195/608 
f 610/1197/610 577/1164/577 576/1163/576 
f 610/1197/610 576/1163/576 609/1196/609 
f 611/1198/611 578/1165/578 577/1164/577 
f 611/1198/611 577/1164/577 610/1197/610 
f 612/1199/612 579/1166/579 578/1165/578 
f 612/1199/612 578/1165/578 611/1198/611 
f 613/1200/613 580/1167/580 579/1166/579 
f 613/1200/613 579/1166/579 612/1199/612 
f 614/1201/614 581/1168/581 580/1167/580 
f 614/1201/614 580/1167/580 613/1200/613 
f 615/1202/615 582/1169/582 581/1168/581 
f 615/1202/615 581/1168/581 614/1201/614 
f 616/1203/616 583/1170/583 582/1169/582 
f 616/1203/616 582/1169/582 615/1202/615 
f 617/1204/617 584/1171/584 583/1170/583 
f 617/1204/617 583/1170/583 616/1203/616 
f 618/1205/618 585/1172/585 584/1171/584 
f 618/1205/618 584/1171/584 617/1204/617 
f 619/1206/619 586/1173/586 585/1172/585 
f 619/1206/619 585/1172/585 618/1205/618 
f 620/1207/620 587/1174/587 586/1173/586 
f 620/1207/620 586/1173/586 619/1206/619 
f 621/1208/621 588/1175/588 587/1174/587 
f 621/1208/621 587/1174/587 620/1207/620 
f 622/1209/622 589/1176/589 588/1175/588 
f 622/1209/622 588/1175/588 621/1208/621 
f 623/1210/623 590/1177/590 589/1176/589 
f 623/1210/623 589/1176/589 622/1209/622 
f 624/1211/624 591/1178/591 590/1177/590 
f 624/1211/624 590/1177/590 623/1210/623 
f 625/1212/625 592/1179/592 591/1178/591 
f 625/1212/625 591/1178/591 624/1211/624 
f 626/1213/626 593/1180/593 592/1179/592 
f 626/1213/626 592/1179/592 625/1212/625 
f 627/1214/627 594/1181/594 593/1180/593 
f 627/1214/627 593/1180/593 626/1213/626 
f 628/1215/628 595/1182/595 594/1181/594 
f 628/1215/628 594/1181/594 627/1214/627 
f 629/1216/629 596/1183/596 595/1182/595 
f 629/1216/629 595/1182/595 628/1215/628 
f 631/1217/631 598/1184/598 597/1185/597 
f 631/1217/631 597/1185/597 630/1218/630 
f 632/1219/632 599/1186/599 598/1184/598 
f 632/1219/632 598/1184/598 631/1217/631 
f 633/1220/633 600/1187/600 599/1186/599 
f 633/1220/633 599/1186/599 632/1219/632 
f 634/1221/634 601/1188/601 600/1187/600 
f 634/1221/634 600/1187/600 633/1220/633 
f 635/1222/635 602/1189/602 601/1188/601 
f 635/1222/635 601/1188/601 634/1221/634 
f 636/1223/636 603/1190/603 602/1189/602 
f 636/1223/636 602/1189/602 635/1222/635 
f 637/1224/637 604/1191/604 603/1190/603 
f 637/1224/637 603/1190/603 636/1223/636 
f 638/1225/638 605/1192/605 604/1191/604 
f 638/1225/638 604/1191/604 637/1224/637 
f 639/1226/639 606/1193/606 605/1192/605 
f 639/1226/639 605/1192/605 638/1225/638 
f 640/1227/640 607/1194/607 606/1193/606 
f 640/1227/640 606/1193/606 639/1226/639 
f 641/1228/641 608/1195/608 607/1194/607 
f 641/1228/641 607/1194/607 640/1227/640 
f 642/1229/642 609/1196/609 608/1195/608 
f 642/1229/642 608/1195/608 641/1228/641 
f 643/1230/643 610/1197/610 609/1196/609 
f 643/1230/643 609/1196/609 642/1229/642 
f 644/1231/644 611/1198/611 610/1197/610 
f 644/1231/644 610/1197/610 643/1230/643 
f 645/1232/645 612/1199/612 611/1198/611 
f 645/1232/645 611/1198/611 644/1231/644 
f 646/1233/646 613/1200/613 612/1199/612 
f 646/1233/646 612/1199/612 645/1232/645 
f 647/1234/647 614/1201/614 613/1200/613 
f 647/1234/647 613/1200/613 646/1233/646 
f 648/1235/648 615/1202/615 614/1201/614 
f 648/1235/648 614/1201/614 647/1234/647 
f 649/1236/649 616/1203/616 615/1202/615 
f 649/1236/649 615/1202/615 648/1235/648 
f 650/1237/650 617/1204/617 616/1203/616 
f 650/1237/650 616/1203/616 649/1236/649 
f 651/1238/651 618/1205/618 617/1204/617 
f 651/1238/651 617/1204/617 650/1237/650 
f 652/1239/652 619/1206/619 618/1205/618 
f 652/1239/652 618/1205/618 651/1238/651 
f 653/1240/653 620/1207/620 619/1206/619 
f 653/1240/653 619/1206/619 652/1239/652 
f 654/1241/654 621/1208/621 620/1207/620 
f 654/1241/654 620/1207/620 653/1240/653 
f 655/1242/655 622/1209/622 621/1208/621 
f 655/1242/655 621/1208/621 654/1241/654 
f 656/1243/656 623/1210/623 622/1209/622 
f 656/1243/656 622/1209/622 655/1242/655 
f 657/1244/657 624/1211/624 623/1210/623 
f 657/1244/657 623/1210/623 656/1243/656 
f 658/1245/658 625/1212/625 624/1211/624 
f 658/1245/658 624/1211/624 657/1244/657 
f 659/1246/659 626/1213/626 625/1212/625 
f 659/1246/659 625/1212/625 658/1245/658 
f 660/1247/660 627/1214/627 626/1213/626 
f 660/1247/660 626/1213/626 659/1246/659 
f 661/1248/661 628/1215/628 627/1214/627 
f 661/1248/661 627/1214/627 660/1247/660 
f 662/1249/662 629/1216/629 628/1215/628 
f 662/1249/662 628/1215/628 661/1248/661 
f 664/1250/664 631/1217/631 630/1218/630 
f 664/1250/664 630/1218/630 663/1251/663 
f 665/1252/665 632/1219/632 631/1217/631 
f 665/1252/665 631/1217/631 664/1250/664 
f 666/1253/666 633/1220/633 632/1219/632 
f 666/1253/666 632/1219/632 665/1252/665 
f 667/1254/667 634/1221/634 633/1220/633 
f 667/1254/667 633/1220/633 666/1253/666 
f 668/1255/668 635/1222/635 634/1221/634 
f 668/1255/668 634/1221/634 667/1254/667 
f 669/1256/669 636/1223/636 635/1222/635 
f 669/1256/669 635/1222/635 668/1255/668 
f 670/1257/670 637/1224/637 636/1223/636 
f 670/1257/670 636/1223/636 669/1256/669 
f 671/1258/671 638/1225/638 637/1224/637 
f 671/1258/671 637/1224/637 670/1257/670 
f 672/1259/672 639/1226/639 638/1225/638 
f 672/1259/672 638/1225/638 671/1258/671 
f 673/1260/673 640/1227/640 639/1226/639 
f 673/1260/673 639/1226/639 672/1259/672 
f 674/1261/674 641/1228/641 640/1227/640 
f 674/1261/674 640/1227/640 673/1260/673 
f 675/1262/675 642/1229/642 641/1228/641 
f 675/1262/675 641/1228/641 674/1261/674 
f 676/1263/676 643/1230/643 642/1229/642 
f 676/1263/676 642/1229/642 675/1262/675 
f 677/1264/677 644/1231/644 643/1230/643 
f 677/1264/677 643/1230/643 676/1263/676 
f 678/1265/678 645/1232/645 644/1231/644 
f 678/1265/678 644/1231/644 677/1264/677 
f 679/1266/679 646/1233/646 645/1232/645 
f 679/1266/679 645/1232/645 678/1265/678 
f 680/1267/680 647/1234/647 646/1233/646 
f 680/1267/680 646/1233/646 679/1266/679 
f 681/1268/681 648/1235/648 647/1234/647 
f 681/1268/681 647/1234/647 680/1267/680 
f 682/1269/682 649/1236/649 648/1235/648 
f 682/1269/682 648/1235/648 681/1268/681 
f 683/1270/683 650/1237/650 649/1236/649 
f 683/1270/683 649/1236/649 682/1269/682 
f 684/1271/684 651/1238/651 650/1237/650 
f 684/1271/684 650/1237/650 683/1270/683 
f 685/1272/685 652/1239/652 651/1238/651 
f 685/1272/685 651/1238/651 684/1271/684 
f 686/1273/686 653/1240/653 652/1239/652 
f 686/1273/686 652/1239/652 685/1272/685 
f 687/1274/687 654/1241/654 653/1240/653 
f 687/1274/687 653/1240/653 686/1273/686 
f 688/1275/688 655/1242/655 654/1241/654 
f 688/1275/688 654/1241/654 687/1274/687 
f 689/1276/689 656/1243/656 655/1242/655 
f 689/1276/689 655/1242/655 688/1275/688 
f 690/1277/690 657/1244/657 656/1243/656 
f 690/1277/690 656/1243/656 689/1276/689 
f 691/1278/691 658/1245/658 657/1244/657 
f 691/1278/691 657/1244/657 690/1277/690 
f 692/1279/692 659/1246/659 658/1245/658 
f 692/1279/692 658/1245/658 691/1278/691 
f 693/1280/693 660/1247/660 659/1246/659 
f 693/1280/693 659/1246/659 692/1279/692 
f 694/1281/694 661/1248/661 660/1247/660 
f 694/1281/694 660/1247/660 693/1280/693 
f 695/1282/695 662/1249/662 661/1248/661 
f 695/1282/695 661/1248/661 694/1281/694 
f 697/1283/697 664/1250/664 663/1251/663 
f 697/1283/697 663/1251/663 696/1284/696 
f 698/1285/698 665/1252/665 664/1250/664 
f 698/1285/698 664/1250/664 697/1283/697 
f 699/1286/699 666/1253/666 665/1252/665 
f 699/1286/699 665/1252/665 698/1285/698 
f 700/1287/700 667/1254/667 666/1253/666 
f 700/1287/700 666/1253/666 699/1286/699 
f 701/1288/701 668/1255/668 667/1254/667 
f 701/1288/701 667/1254/667 700/1287/700 
f 702/1289/702 669/1256/669 668/1255/668 
f 702/1289/702 668/1255/668 701/1288/701 
f 703/1290/703 670/1257/670 669/1256/669 
f 703/1290/703 669/1256/669 702/1289/702 
f 704/1291/704 671/1258/671 670/1257/670 
f 704/1291/704 670/1257/670 703/1290/703 
f 705/1292/705 672/1259/672 671/1258/671 
f 705/1292/705 671/1258/671 704/1291/704 
f 706/1293/706 673/1260/673 672/1259/672 
f 706/1293/706 672/1259/672 705/1292/705 
f 707/1294/707 674/1261/674 673/1260/673 
f 707/1294/707 673/1260/673 706/1293/706 
f 708/1295/708 675/1262/675 674/1261/674 
f 708/1295/708 674/1261/674 707/1294/707 
f 709/1296/709 676/1263/676 675/1262/675 
f 709/1296/709 675/1262/675 708/1295/708 
f 710/1297/710 677/1264/677 676/1263/676 
f 710/1297/710 676/1263/676 709/1296/709 
f 711/1298/711 678/1265/678 677/1264/677 
f 711/1298/711 677/1264/677 710/1297/710 
f 712/1299/712 679/1266/679 678/1265/678 
f 712/1299/712 678/1265/678 711/1298/711 
f 713/1300/713 680/1267/680 679/1266/679 
f 713/1300/713 679/1266/679 712/1299/712 
f 714/1301/714 681/1268/681 680/1267/680 
f 714/1301/714 680/1267/680 713/1300/713 
f 715/1302/715 682/1269/682 681/1268/681 
f 715/1302/715 681/1268/681 714/1301/714 
f 716/1303/716 683/1270/683 682/1269/682 
f 716/1303/716 682/1269/682 715/1302/715 
f 717/1304/717 684/1271/684 683/1270/683 
f 717/1304/717 683/1270/683 716/1303/716 
f 718/1305/718 685/1272/685 684/1271/684 
f 718/1305/718 684/1271/684 717/1304/717 
f 719/1306/719 686/1273/686 685/1272/685 
f 719/1306/719 685/1272/685 718/1305/718 
f 720/1307/720 687/1274/687 686/1273/686 
f 720/1307/720 686/1273/686 719/1306/719 
f 721/1308/721 688/1275/688 687/1274/687 
f 721/1308/721 687/1274/687 720/1307/720 
f 722/1309/722 689/1276/689 688/1275/688 
f 722/1309/722 688/1275/688 721/1308/721 
f 723/1310/723 690/1277/690 689/1276/689 
f 723/1310/723 689/1276/689 722/1309/722 
f 724/1311/724 691/1278/691 690/1277/690 
f 724/1311/724 690/1277/690 723/1310/723 
f 725/1312/725 692/1279/692 691/1278/691 
f 725/1312/725 691/1278/691 724/1311/724 
f 726/1313/726 693/1280/693 692/1279/692 
f 726/1313/726 692/1279/692 725/1312/725 
f 727/1314/727 694/1281/694 693/1280/693 
f 727/1314/727 693/1280/693 726/1313/726 
f 728/1315/728 695/1282/695 694/1281/694 
f 728/1315/728 694/1281/694 727/1314/727 
f 730/1316/730 697/1283/697 696/1284/696 
f 730/1316/730 696/1284/696 729/1317/729 
f 731/1318/731 698/1285/698 697/1283/697 
f 731/1318/731 697/1283/697 730/1316/730 
f 732/1319/732 699/1286/699 698/1285/698 
f 732/1319/732 698/1285/698 731/1318/731 
f 733/1320/733 700/1287/700 699/1286/699 
f 733/1320/733 699/1286/699 732/1319/732 
f 734/1321/734 701/1288/701 700/1287/700 
f 734/1321/734 700/1287/700 733/1320/733 
f 735/1322/735 702/1289/702 701/1288/701 
f 735/1322/735 701/1288/701 734/1321/734 
f 736/1323/736 703/1290/703 702/1289/702 
f 736/1323/736 702/1289/702 735/1322/735 
f 737/1324/737 704/1291/704 703/1290/703 
f 737/1324/737 703/1290/703 736/1323/736 
f 738/1325/738 705/1292/705 704/1291/704 
f 738/1325/738 704/1291/704 737/1324/737 
f 739/1326/739 706/1293/706 705/1292/705 
f 739/1326/739 705/1292/705 738/1325/738 
f 740/1327/740 707/1294/707 706/1293/706 
f 740/1327/740 706/1293/706 739/1326/739 
f 741/1328/741 708/1295/708 707/1294/707 
f 741/1328/741 707/1294/707 740/1327/740 
f 742/1329/742 709/1296/709 708/1295/708 
f 742/1329/742 708/1295/708 741/1328/741 
f 743/1330/743 710/1297/710 709/1296/709 
f 743/1330/743 709/1296/709 742/1329/742 
f 744/1331/744 711/1298/711 710/1297/710 
f 744/1331/744 710/1297/710 743/1330/743 
f 745/1332/745 712/1299/712 711/1298/711 
f 745/1332/745 711/1298/711 744/1331/744 
f 746/1333/746 713/1300/713 712/1299/712 
f 746/1333/746 712/1299/712 745/1332/745 
f 747/1334/747 714/1301/714 713/1300/713 
f 747/1334/747 713/1300/713 746/1333/746 
f 748/1335/748 715/1302/715 714/1301/714 
f 748/1335/748 714/1301/714 747/1334/747 
f 749/1336/749 716/1303/716 715/1302/715 
f 749/1336/749 715/1302/715 748/1335/748 
f 750/1337/750 717/1304/717 716/1303/716 
f 750/1337/750 716/1303/716 749/1336/749 
f 751/1338/751 718/1305/718 717/1304/717 
f 751/1338/751 717/1304/717 750/1337/750 
f 752/1339/752 719/1306/719 718/1305/718 
f 752/1339/752 718/1305/718 751/1338/751 
f 753/1340/753 720/1307/720 719/1306/719 
f 753/1340/753 719/1306/719 752/1339/752 
f 754/1341/754 721/1308/721 720/1307/720 
f 754/1341/754 720/1307/720 753/1340/753 
f 755/1342/755 722/1309/722 721/1308/721 
f 755/1342/755 721/1308/721 754/1341/754 
f 756/1343/756 723/1310/723 722/1309/722 
f 756/1343/756 722/1309/722 755/1342/755 
f 757/1344/757 724/1311/724 723/1310/723 
f 757/1344/757 723/1310/723 756/1343/756 
f 758/1345/758 725/1312/725 724/1311/724 
f 758/1345/758 724/1311/724 757/1344/757 
f 759/1346/759 726/1313/726 725/1312/725 
f 759/1346/759 725/1312/725 758/1345/758 
f 760/1347/760 727/1314/727 726/1313/726 
f 760/1347/760 726/1313/726 759/1346/759 
f 761/1348/761 728/1315/728 727/1314/727 
f 761/1348/761 727/1314/727 760/1347/760 
f 763/1349/763 730/1316/730 729/1317/729 
f 763/1349/763 729/1317/729 762/1350/762 
f 764/1351/764 731/1318/731 730/1316/730 
f 764/1351/764 730/1316/730 763/1349/763 
f 765/1352/765 732/1319/732 731/1318/731 
f 765/1352/765 731/1318/731 764/1351/764 
f 766/1353/766 733/1320/733 732/1319/732 
f 766/1353/766 732/1319/732 765/1352/765 
f 767/1354/767 734/1321/734 733/1320/733 
f 767/1354/767 733/1320/733 766/1353/766 
f 768/1355/768 735/1322/735 734/1321/734 
f 768/1355/768 734/1321/734 767/1354/767 
f 769/1356/769 736/1323/736 735/1322/735 
f 769/1356/769 735/1322/735 768/1355/768 
f 770/1357/770 737/1324/737 736/1323/736 
f 770/1357/770 736/1323/736 769/1356/769 
f 771/1358/771 738/1325/738 737/1324/737 
f 771/1358/771 737/1324/737 770/1357/770 
f 772/1359/772 739/1326/739 738/1325/738 
f 772/1359/772 738/1325/738 771/1358/771 
f 773/1360/773 740/1327/740 739/1326/739 
f 773/1360/773 739/1326/739 772/1359/772 
f 774/1361/774 741/1328/741 740/1327/740 
f 774/1361/774 740/1327/740 773/1360/773 
f 775/1362/775 742/1329/742 741/1328/741 
f 775/1362/775 741/1328/741 774/1361/774 
f 776/1363/776 743/1330/743 742/1329/742 
f 776/1363/776 742/1329/742 775/1362/775 
f 777/1364/777 744/1331/744 743/1330/743 
f 777/1364/777 743/1330/743 776/1363/776 
f 778/1365/778 745/1332/745 744/1331/744 
f 778/1365/778 744/1331/744 777/1364/777 
f 779/1366/779 746/1333/746 745/1332/745 
f 779/1366/779 745/1332/745 778/1365/778 
f 780/1367/780 747/1334/747 746/1333/746 
f 780/1367/780 746/1333/746 779/1366/779 
f 781/1368/781 748/1335/748 747/1334/747 
f 781/1368/781 747/1334/747 780/1367/780 
f 782/1369/782 749/1336/749 748/1335/748 
f 782/1369/782 748/1335/748 781/1368/781 
f 783/1370/783 750/1337/750 749/1336/749 
f 783/1370/783 749/1336/749 782/1369/782 
f 784/1371/784 751/1338/751 750/1337/750 
f 784/1371/784 750/1337/750 783/1370/783 
f 785/1372/785 752/1339/752 751/1338/751 
f 785/1372/785 751/1338/751 784/1371/784 
f 786/1373/786 753/1340/753 752/1339/752 
f 786/1373/786 752/1339/752 785/1372/785 
f 787/1374/787 754/1341/754 753/1340/753 
f 787/1374/787 753/1340/753 786/1373/786 
f 788/1375/788 755/1342/755 754/1341/754 
f 788/1375/788 754/1341/754 787/1374/787 
f 789/1376/789 756/1343/756 755/1342/755 
f 789/1376/789 755/1342/755 788/1375/788 
f 790/1377/790 757/1344/757 756/1343/756 
f 790/1377/790 756/1343/756 789/1376/789 
f 791/1378/791 758/1345/758 757/1344/757 
f 791/1378/791 757/1344/757 790/1377/790 
f 792/1379/792 759/1346/759 758/1345/758 
f 792/1379/792 758/1345/758 791/1378/791 
f 793/1380/793 760/1347/760 759/1346/759 
f 793/1380/793 759/1346/759 792/1379/792 
f 794/1381/794 761/1348/761 760/1347/760 
f 794/1381/794 760/1347/760 793/1380/793 
f 796/1382/796 763/1349/763 762/1350/762 
f 796/1382/796 762/1350/762 795/1383/795 
f 797/1384/797 764/1351/764 763/1349/763 
f 797/1384/797 763/1349/763 796/1382/796 
f 798/1385/798 765/1352/765 764/1351/764 
f 798/1385/798 764/1351/764 797/1384/797 
f 799/1386/799 766/1353/766 765/1352/765 
f 799/1386/799 765/1352/765 798/1385/798 
f 800/1387/800 767/1354/767 766/1353/766 
f 800/1387/800 766/1353/766 799/1386/799 
f 801/1388/801 768/1355/768 767/1354/767 
f 801/1388/801 767/1354/767 800/1387/800 
f 802/1389/802 769/1356/769 768/1355/768 
f 802/1389/802 768/1355/768 801/1388/801 
f 803/1390/803 770/1357/770 769/1356/769 
f 803/1390/803 769/1356/769 802/1389/802 
f 804/1391/804 771/1358/771 770/1357/770 
f 804/1391/804 770/1357/770 803/1390/803 
f 805/1392/805 772/1359/772 771/1358/771 
f 805/1392/805 771/1358/771 804/1391/804 
f 806/1393/806 773/1360/773 772/1359/772 
f 806/1393/806 772/1359/772 805/1392/805 
f 807/1394/807 774/1361/774 773/1360/773 
f 807/1394/807 773/1360/773 806/1393/806 
f 808/1395/808 775/1362/775 774/1361/774 
f 808/1395/808 774/1361/774 807/1394/807 
f 809/1396/809 776/1363/776 775/1362/775 
f 809/1396/809 775/1362/775 808/1395/808 
f 810/1397/810 777/1364/777 776/1363/776 
f 810/1397/810 776/1363/776 809/1396/809 
f 811/1398/811 778/1365/778 777/1364/777 
f 811/1398/811 777/1364/777 810/1397/810 
f 812/1399/812 779/1366/779 778/1365/778 
f 812/1399/812 778/1365/778 811/1398/811 
f 813/1400/813 780/1367/780 779/1366/779 
f 813/1400/813 779/1366/779 812/1399/812 
f 814/1401/814 781/1368/781 780/1367/780 
f 814/1401/814 780/1367/780 813/1400/813 
f 815/1402/815 782/1369/782 781/1368/781 
f 815/1402/815 781/1368/781 814/1401/814 
f 816/1403/816 783/1370/783 782/1369/782 
f 816/1403/816 782/1369/782 815/1402/815 
f 817/1404/817 784/1371/784 783/1370/783 
f 817/1404/817 783/1370/783 816/1403/816 
f 818/1405/818 785/1372/785 784/1371/784 
f 818/1405/818 784/1371/784 817/1404/817 
f 819/1406/819 786/1373/786 785/1372/785 
f 819/1406/819 785/1372/785 818/1405/818 
f 820/1407/820 787/1374/787 786/1373/786 
f 820/1407/820 786/1373/786 819/1406/819 
f 821/1408/821 788/1375/788 787/1374/787 
f 821/1408/821 787/1374/787 820/1407/820 
f 822/1409/822 789/1376/789 788/1375/788 
f 822/1409/822 788/1375/788 821/1408/821 
f 823/1410/823 790/1377/790 789/1376/789 
f 823/1410/823 789/1376/789 822/1409/822 
f 824/1411/824 791/1378/791 790/1377/790 
f 824/1411/824 790/1377/790 823/1410/823 
f 825/1412/825 792/1379/792 791/1378/791 
f 825/1412/825 791/1378/791 824/1411/824 
f 826/1413/826 793/1380/793 792/1379/792 
f 826/1413/826 792/1379/792 825/1412/825 
f 827/1414/827 794/1381/794 793/1380/793 
f 827/1414/827 793/1380/793 826/1413/826 
f 829/1415/829 796/1382/796 795/1383/795 
f 829/1415/829 795/1383/795 828/1416/828 
f 830/1417/830 797/1384/797 796/1382/796 
f 830/1417/830 796/1382/796 829/1415/829 
f 831/1418/831 798/1385/798 797/1384/797 
f 831/1418/831 797/1384/797 830/1417/830 
f 832/1419/832 799/1386/799 798/1385/798 
f 832/1419/832 798/1385/798 831/1418/831 
f 833/1420/833 800/1387/800 799/1386/799 
f 833/1420/833 799/1386/799 832/1419/832 
f 834/1421/834 801/1388/801 800/1387/800 
f 834/1421/834 800/1387/800 833/1420/833 
f 835/1422/835 802/1389/802 801/1388/801 
f 835/1422/835 801/1388/801 834/1421/834 
f 836/1423/836 803/1390/803 802/1389/802 
f 836/1423/836 802/1389/802 835/1422/835 
f 837/1424/837 804/1391/804 803/1390/803 
f 837/1424/837 803/1390/803 836/1423/836 
f 838/1425/838 805/1392/805 804/1391/804 
f 838/1425/838 804/1391/804 837/1424/837 
f 839/1426/839 806/1393/806 805/1392/805 
f 839/1426/839 805/1392/805 838/1425/838 
f 840/1427/840 807/1394/807 806/1393/806 
f 840/1427/840 806/1393/806 839/1426/839 
f 841/1428/841 808/1395/808 807/1394/807 
f 841/1428/841 807/1394/807 840/1427/840 
f 842/1429/842 809/1396/809 808/1395/808 
f 842/1429/842 808/1395/808 841/1428/841 
f 843/1430/843 810/1397/810 809/1396/809 
f 843/1430/843 809/1396/809 842/1429/842 
f 844/1431/844 811/1398/811 810/1397/810 
f 844/1431/844 810/1397/810 843/1430/843 
f 845/1432/845 812/1399/812 811/1398/811 
f 845/1432/845 811/1398/811 844/1431/844 
f 846/1433/846 813/1400/813 812/1399/812 
f 846/1433/846 812/1399/812 845/1432/845 
f 847/1434/847 814/1401/814 813/1400/813 
f 847/1434/847 813/1400/813 846/1433/846 
f 848/1435/848 815/1402/815 814/1401/814 
f 848/1435/848 814/1401/814 847/1434/847 
f 849/1436/849 816/1403/816 815/1402/815 
f 849/1436/849 815/1402/815 848/1435/848 
f 850/1437/850 817/1404/817 816/1403/816 
f 850/1437/850 816/1403/816 849/1436/849 
f 851/1438/851 818/1405/818 817/1404/817 
f 851/1438/851 817/1404/817 850/1437/850 
f 852/1439/852 819/1406/819 818/1405/818 
f 852/1439/852 818/1405/818 851/1438/851 
f 853/1440/853 820/1407/820 819/1406/819 
f 853/1440/853 819/1406/819 852/1439/852 
f 854/1441/854 821/1408/821 820/1407/820 
f 854/1441/854 820/1407/820 853/1440/853 
f 855/1442/855 822/1409/822 821/1408/821 
f 855/1442/855 821/1408/821 854/1441/854 
f 856/1443/856 823/1410/823 822/1409/822 
f 856/1443/856 822/1409/822 855/1442/855 
f 857/1444/857 824/1411/824 823/1410/823 
f 857/1444/857 823/1410/823 856/1443/856 
f 858/1445/858 825/1412/825 824/1411/824 
f 858/1445/858 824/1411/824 857/1444/857 
f 859/1446/859 826/1413/826 825/1412/825 
f 859/1446/859 825/1412/825 858/1445/858 
f 860/1447/860 827/1414/827 826/1413/826 
f 860/1447/860 826/1413/826 859/1446/859 
f 862/1448/862 829/1415/829 828/1416/828 
f 862/1448/862 828/1416/828 861/1449/861 
f 863/1450/863 830/1417/830 829/1415/829 
f 863/1450/863 829/1415/829 862/1448/862 
f 864/1451/864 831/1418/831 830/1417/830 
f 864/1451/864 830/1417/830 863/1450/863 
f 865/1452/865 832/1419/832 831/1418/831 
f 865/1452/865 831/1418/831 864/1451/864 
f 866/1453/866 833/1420/833 832/1419/832 
f 866/1453/866 832/1419/832 865/1452/865 
f 867/1454/867 834/1421/834 833/1420/833 
f 867/1454/867 833/1420/833 866/1453/866 
f 868/1455/868 835/1422/835 834/1421/834 
f 868/1455/868 834/1421/834 867/1454/867 
f 869/1456/869 836/1423/836 835/1422/835 
f 869/1456/869 835/1422/835 868/1455/868 
f 870/1457/870 837/1424/837 836/1423/836 
f 870/1457/870 836/1423/836 869/1456/869 
f 871/1458/871 838/1425/838 837/1424/837 
f 871/1458/871 837/1424/837 870/1457/870 
f 872/1459/872 839/1426/839 838/1425/838 
f 872/1459/872 838/1425/838 871/1458/871 
f 873/1460/873 840/1427/840 839/1426/839 
f 873/1460/873 839/1426/839 872/1459/872 
f 874/1461/874 841/1428/841 840/1427/840 
f 874/1461/874 840/1427/840 873/1460/873 
f 875/1462/875 842/1429/842 841/1428/841 
f 875/1462/875 841/1428/841 874/1461/874 
f 876/1463/876 843/1430/843 842/1429/842 
f 876/1463/876 842/1429/842 875/1462/875 
f 877/1464/877 844/1431/844 843/1430/843 
f 877/1464/877 843/1430/843 876/1463/876 
f 878/1465/878 845/1432/845 844/1431/844 
f 878/1465/878 844/1431/844 877/1464/877 
f 879/1466/879 846/1433/846 845/1432/845 
f 879/1466/879 845/1432/845 878/1465/878 
f 880/1467/880 847/1434/847 846/1433/846 
f 880/1467/880 846/1433/846 879/1466/879 
f 881/1468/881 848/1435/848 847/1434/847 
f 881/1468/881 847/1434/847 880/1467/880 
f 882/1469/882 849/1436/849 848/1435/848 
f 882/1469/882 848/1435/848 881/1468/881 
f 883/1470/883 850/1437/850 849/1436/849 
f 883/1470/883 849/1436/849 882/1469/882 
f 884/1471/884 851/1438/851 850/1437/850 
f 884/1471/884 850/1437/850 883/1470/883 
f 885/1472/885 852/1439/852 851/1438/851 
f 885/1472/885 851/1438/851 884/1471/884 
f 886/1473/886 853/1440/853 852/1439/852 
f 886/1473/886 852/1439/852 885/1472/885 
f 887/1474/887 854/1441/854 853/1440/853 
f 887/1474/887 853/1440/853 886/1473/886 
f 888/1475/888 855/1442/855 854/1441/854 
f 888/1475/888 854/1441/854 887/1474/887 
f 889/1476/889 856/1443/856 855/1442/855 
f 889/1476/889 855/1442/855 888/1475/888 
f 890/1477/890 857/1444/857 856/1443/856 
f 890/1477/890 856/1443/856 889/1476/889 
f 891/1478/891 858/1445/858 857/1444/857 
f 891/1478/891 857/1444/857 890/1477/890 
f 892/1479/892 859/1446/859 858/1445/858 
f 892/1479/892 858/1445/858 891/1478/891 
f 893/1480/893 860/1447/860 859/1446/859 
f 893/1480/893 859/1446/859 892/1479/892 
f 895/1481/895 862/1448/862 861/1449/861 
f 895/1481/895 861/1449/861 894/1482/894 
f 896/1483/896 863/1450/863 862/1448/862 
f 896/1483/896 862/1448/862 895/1481/895 
f 897/1484/897 864/1451/864 863/1450/863 
f 897/1484/897 863/1450/863 896/1483/896 
f 898/1485/898 865/1452/865 864/1451/864 
f 898/1485/898 864/1451/864 897/1484/897 
f 899/1486/899 866/1453/866 865/1452/865 
f 899/1486/899 865/1452/865 898/1485/898 
f 900/1487/900 867/1454/867 866/1453/866 
f 900/1487/900 866/1453/866 899/1486/899 
f 901/1488/901 868/1455/868 867/1454/867 
f 901/1488/901 867/1454/867 900/1487/900 
f 902/1489/902 869/1456/869 868/1455/868 
f 902/1489/902 868/1455/868 901/1488/901 
f 903/1490/903 870/1457/870 869/1456/869 
f 903/1490/903 869/1456/869 902/1489/902 
f 904/1491/904 871/1458/871 870/1457/870 
f 904/1491/904 870/1457/870 903/1490/903 
f 905/1492/905 872/1459/872 871/1458/871 
f 905/1492/905 871/1458/871 904/1491/904 
f 906/1493/906 873/1460/873 872/1459/872 
f 906/1493/906 872/1459/872 905/1492/905 
f 907/1494/907 874/1461/874 873/1460/873 
f 907/1494/907 873/1460/873 906/1493/906 
f 908/1495/908 875/1462/875 874/1461/874 
f 908/1495/908 874/1461/874 907/1494/907 
f 909/1496/909 876/1463/876 875/1462/875 
f 909/1496/909 875/1462/875 908/1495/908 
f 910/1497/910 877/1464/877 876/1463/876 
f 910/1497/910 876/1463/876 909/1496/909 
f 911/1498/911 878/1465/878 877/1464/877 
f 911/1498/911 877/1464/877 910/1497/910 
f 912/1499/912 879/1466/879 878/1465/878 
f 912/1499/912 878/1465/878 911/1498/911 
f 913/1500/913 880/1467/880 879/1466/879 
f 913/1500/913 879/1466/879 912/1499/912 
f 914/1501/914 881/1468/881 880/1467/880 
f 914/1501/914 880/1467/880 913/1500/913 
f 915/1502/915 882/1469/882 881/1468/881 
f 915/1502/915 881/1468/881 914/1501/914 
f 916/1503/916 883/1470/883 882/1469/882 
f 916/1503/916 882/1469/882 915/1502/915 
f 917/1504/917 884/1471/884 883/1470/883 
f 917/1504/917 883/1470/883 916/1503/916 
f 918/1505/918 885/1472/885 884/1471/884 
f 918/1505/918 884/1471/884 917/1504/917 
f 919/1506/919 886/1473/886 885/1472/885 
f 919/1506/919 885/1472/885 918/1505/918 
f 920/1507/920 887/1474/887 886/1473/886 
f 920/1507/920 886/1473/886 919/1506/919 
f 921/1508/921 888/1475/888 887/1474/887 
f 921/1508/921 887/1474/887 920/1507/920 
f 922/1509/922 889/1476/889 888/1475/888 
f 922/1509/922 888/1475/888 921/1508/921 
f 923/1510/923 890/1477/890 889/1476/889 
f 923/1510/923 889/1476/889 922/1509/922 
f 924/1511/924 891/1478/891 890/1477/890 
f 924/1511/924 890/1477/890 923/1510/923 
f 925/1512/925 892/1479/892 891/1478/891 
f 925/1512/925 891/1478/891 924/1511/924 
f 926/1513/926 893/1480/893 892/1479/892 
f 926/1513/926 892/1479/892 925/1512/925 
f 928/1514/928 895/1481/895 894/1482/894 
f 928/1514/928 894/1482/894 927/1515/927 
f 929/1516/929 896/1483/896 895/1481/895 
f 929/1516/929 895/1481/895 928/1514/928 
f 930/1517/930 897/1484/897 896/1483/896 
f 930/1517/930 896/1483/896 929/1516/929 
f 931/1518/931 898/1485/898 897/1484/897 
f 931/1518/931 897/1484/897 930/1517/930 
f 932/1519/932 899/1486/899 898/1485/898 
f 932/1519/932 898/1485/898 931/1518/931 
f 933/1520/933 900/1487/900 899/1486/899 
f 933/1520/933 899/1486/899 932/1519/932 
f 934/1521/934 901/1488/901 900/1487/900 
f 934/1521/934 900/1487/900 933/1520/933 
f 935/1522/935 902/1489/902 901/1488/901 
f 935/1522/935 901/1488/901 934/1521/934 
f 936/1523/936 903/1490/903 902/1489/902 
f 936/1523/936 902/1489/902 935/1522/935 
f 937/1524/937 904/1491/904 903/1490/903 
f 937/1524/937 903/1490/903 936/1523/936 
f 938/1525/938 905/1492/905 904/1491/904 
f 938/1525/938 904/1491/904 937/1524/937 
f 939/1526/939 906/1493/906 905/1492/905 
f 939/1526/939 905/1492/905 938/1525/938 
f 940/1527/940 907/1494/907 906/1493/906 
f 940/1527/940 906/1493/906 939/1526/939 
f 941/1528/941 908/1495/908 907/1494/907 
f 941/1528/941 907/1494/907 940/1527/940 
f 942/1529/942 909/1496/909 908/1495/908 
f 942/1529/942 908/1495/908 941/1528/941 
f 943/1530/943 910/1497/910 909/1496/909 
f 943/1530/943 909/1496/909 942/1529/942 
f 944/1531/944 911/1498/911 910/1497/910 
f 944/1531/944 910/1497/910 943/1530/943 
f 945/1532/945 912/1499/912 911/1498/911 
f 945/1532/945 911/1498/911 944/1531/944 
f 946/1533/946 913/1500/913 912/1499/912 
f 946/1533/946 912/1499/912 945/1532/945 
f 947/1534/947 914/1501/914 913/1500/913 
f 947/1534/947 913/1500/913 946/1533/946 
f 948/1535/948 915/1502/915 914/1501/914 
f 948/1535/948 914/1501/914 947/1534/947 
f 949/1536/949 916/1503/916 915/1502/915 
f 949/1536/949 915/1502/915 948/1535/948 
f 950/1537/950 917/1504/917 916/1503/916 
f 950/1537/950 916/1503/916 949/1536/949 
f 951/1538/951 918/1505/918 917/1504/917 
f 951/1538/951 917/1504/917 950/1537/950 
f 952/1539/952 919/1506/919 918/1505/918 
f 952/1539/952 918/1505/918 951/1538/951 
f 953/1540/953 920/1507/920 919/1506/919 
f 953/1540/953 919/1506/919 952/1539/952 
f 954/1541/954 921/1508/921 920/1507/920 
f 954/1541/954 920/1507/920 953/1540/953 
f 955/1542/955 922/1509/922 921/1508/921 
f 955/1542/955 921/1508/921 954/1541/954 
f 956/1543/956 923/1510/923 922/1509/922 
f 956/1543/956 922/1509/922 955/1542/955 
f 957/1544/957 924/1511/924 923/1510/923 
f 957/1544/957 923/1510/923 956/1543/956 
f 958/1545/958 925/1512/925 924/1511/924 
f 958/1545/958 924/1511/924 957/1544/957 
f 959/1546/959 926/1513/926 925/1512/925 
f 959/1546/959 925/1512/925 958/1545/958 
f 961/1547/961 928/1514/928 927/1515/927 
f 961/1547/961 927/1515/927 960/1548/960 
f 962/1549/962 929/1516/929 928/1514/928 
f 962/1549/962 928/1514/928 961/1547/961 
f 963/1550/963 930/1517/930 929/1516/929 
f 963/1550/963 929/1516/929 962/1549/962 
f 964/1551/964 931/1518/931 930/1517/930 
f 964/1551/964 930/1517/930 963/1550/963 
f 965/1552/965 932/1519/932 931/1518/931 
f 965/1552/965 931/1518/931 964/1551/964 
f 966/1553/966 933/1520/933 932/1519/932 
f 966/1553/966 932/1519/932 965/1552/965 
f 967/1554/967 934/1521/934 933/1520/933 
f 967/1554/967 933/1520/933 966/1553/966 
f 968/1555/968 935/1522/935 934/1521/934 
f 968/1555/968 934/1521/934 967/1554/967 
f 969/1556/969 936/1523/936 935/1522/935 
f 969/1556/969 935/1522/935 968/1555/968 
f 970/1557/970 937/1524/937 936/1523/936 
f 970/1557/970 936/1523/936 969/1556/969 
f 971/1558/971 938/1525/938 937/1524/937 
f 971/1558/971 937/1524/937 970/1557/970 
f 972/1559/972 939/1526/939 938/1525/938 
f 972/1559/972 938/1525/938 971/1558/971 
f 973/1560/973 940/1527/940 939/1526/939 
f 973/1560/973 939/1526/939 972/1559/972 
f 974/1561/974 941/1528/941 940/1527/940 
f 974/1561/974 940/1527/940 973/1560/973 
f 975/1562/975 942/1529/942 941/1528/941 
f 975/1562/975 941/1528/941 974/1561/974 
f 976/1563/976 943/1530/943 942/1529/942 
f 976/1563/976 942/1529/942 975/1562/975 
f 977/1564/977 944/1531/944 943/1530/943 
f 977/1564/977 943/1530/943 976/1563/976 
f 978/1565/978 945/1532/945 944/1531/944 
f 978/1565/978 944/1531/944 977/1564/977 
f 979/1566/979 946/1533/946 945/1532/945 
f 979/1566/979 945/1532/945 978/1565/978 
f 980/1567/980 947/1534/947 946/1533/946 
f 980/1567/980 946/1533/946 979/1566/979 
f 981/1568/981 948/1535/948 947/1534/947 
f 981/1568/981 947/1534/947 980/1567/980 
f 982/1569/982 949/1536/949 948/1535/948 
f 982/1569/982 948/1535/948 981/1568/981 
f 983/1570/983 950/1537/950 949/1536/949 
f 983/1570/983 949/1536/949 982/1569/982 
f 984/1571/984 951/1538/951 950/1537/950 
f 984/1571/984 950/1537/950 983/1570/983 
f 985/1572/985 952/1539/952 951/1538/951 
f 985/1572/985 951/1538/951 984/1571/984 
f 986/1573/986 953/1540/953 952/1539/952 
f 986/1573/986 952/1539/952 985/1572/985 
f 987/1574/987 954/1541/954 953/1540/953 
f 987/1574/987 953/1540/953 986/1573/986 
f 988/1575/988 955/1542/955 954/1541/954 
f 988/1575/988 954/1541/954 987/1574/987 
f 989/1576/989 956/1543/956 955/1542/955 
f 989/1576/989 955/1542/955 988/1575/988 
f 990/1577/990 957/1544/957 956/1543/956 
f 990/1577/990 956/1543/956 989/1576/989 
f 991/1578/991 958/1545/958 957/1544/957 
f 991/1578/991 957/1544/957 990/1577/990 
f 992/1579/992 959/1546/959 958/1545/958 
f 992/1579/992 958/1545/958 991/1578/991 
f 994/1580/994 961/1547/961 960/1548/960 
f 994/1580/994 960/1548/960 993/1581/993 
f 995/1582/995 962/1549/962 961/1547/961 
f 995/1582/995 961/1547/961 994/1580/994 
f 996/1583/996 963/1550/963 962/1549/962 
f 996/1583/996 962/1549/962 995/1582/995 
f 997/1584/997 964/1551/964 963/1550/963 
f 997/1584/997 963/1550/963 996/1583/996 
f 998/1585/998 965/1552/965 964/1551/964 
f 998/1585/998 964/1551/964 997/1584/997 
f 999/1586/999 966/1553/966 965/1552/965 
f 999/1586/999 965/1552/965 998/1585/998 
f 1000/1587/1000 967/1554/967 966/1553/966 
f 1000/1587/1000 966/1553/966 999/1586/999 
f 1001/1588/1001 968/1555/968 967/1554/967 
f 1001/1588/1001 967/1554/967 1000/1587/1000 
f 1002/1589/1002 969/1556/969 968/1555/968 
f 1002/1589/1002 968/1555/968 1001/1588/1001 
f 1003/1590/1003 970/1557/970 969/1556/969 
f 1003/1590/1003 969/1556/969 1002/1589/1002 
f 1004/1591/1004 971/1558/971 970/1557/970 
f 1004/1591/1004 970/1557/970 1003/1590/1003 
f 1005/1592/1005 972/1559/972 971/1558/971 
f 1005/1592/1005 971/1558/971 1004/1591/1004 
f 1006/1593/1006 973/1560/973 972/1559/972 
f 1006/1593/1006 972/1559/972 1005/1592/1005 
f 1007/1594/1007 974/1561/974 973/1560/973 
f 1007/1594/1007 973/1560/973 1006/1593/1006 
f 1008/1595/1008 975/1562/975 974/1561/974 
f 1008/1595/1008 974/1561/974 1007/1594/1007 
f 1009/1596/1009 976/1563/976 975/1562/975 
f 1009/1596/1009 975/1562/975 1008/1595/1008 
f 1010/1597/1010 977/1564/977 976/1563/976 
f 1010/1597/1010 976/1563/976 1009/1596/1009 
f 1011/1598/1011 978/1565/978 977/1564/977 
f 1011/1598/1011 977/1564/977 1010/1597/1010 
f 1012/1599/1012 979/1566/979 978/1565/978 
f 1012/1599/1012 978/1565/978 1011/1598/1011 
f 1013/1600/1013 980/1567/980 979/1566/979 
f 1013/1600/1013 979/1566/979 1012/1599/1012 
f 1014/1601/1014 981/1568/981 980/1567/980 
f 1014/1601/1014 980/1567/980 1013/1600/1013 
f 1015/1602/1015 982/1569/982 981/1568/981 
f 1015/1602/1015 981/1568/981 1014/1601/1014 
f 1016/1603/1016 983/1570/983 982/1569/982 
f 1016/1603/1016 982/1569/982 1015/1602/1015 
f 1017/1604/1017 984/1571/984 983/1570/983 
f 1017/1604/1017 983/1570/983 1016/1603/1016 
f 1018/1605/1018 985/1572/985 984/1571/984 
f 1018/1605/1018 984/1571/984 1017/1604/1017 
f 1019/1606/1019 986/1573/986 985/1572/985 
f 1019/1606/1019 985/1572/985 1018/1605/1018 
f 1020/1607/1020 987/1574/987 986/1573/986 
f 1020/1607/1020 986/1573/986 1019/1606/1019 
f 1021/1608/1021 988/1575/988 987/1574/987 
f 1021/1608/1021 987/1574/987 1020/1607/1020 
f 1022/1609/1022 989/1576/989 988/1575/988 
f 1022/1609/1022 988/1575/988 1021/1608/1021 
f 1023/1610/1023 990/1577/990 989/1576/989 
f 1023/1610/1023 989/1576/989 1022/1609/1022 
f 1024/1611/1024 991/1578/991 990/1577/990 
f 1024/1611/1024 990/1577/990 1023/1610/1023 
f 1025/1612/1025 992/1579/992 991/1578/991 
f 1025/1612/1025 991/1578/991 1024/1611/1024 
f 1027/1613/1027 994/1580/994 993/1581/993 
f 1027/1613/1027 993/1581/993 1026/1614/1026 
f 1028/1615/1028 995/1582/995 994/1580/994 
f 1028/1615/1028 994/1580/994 1027/1613/1027 
f 1029/1616/1029 996/1583/996 995/1582/995 
f 1029/1616/1029 995/1582/995 1028/1615/1028 
f 1030/1617/1030 997/1584/997 996/1583/996 
f 1030/1617/1030 996/1583/996 1029/1616/1029 
f 1031/1618/1031 998/1585/998 997/1584/997 
f 1031/1618/1031 997/1584/997 1030/1617/1030 
f 1032/1619/1032 999/1586/999 998/1585/998 
f 1032/1619/1032 998/1585/998 1031/1618/1031 
f 1033/1620/1033 1000/1587/1000 999/1586/999 
f 1033/1620/1033 999/1586/999 1032/1619/1032 
f 1034/1621/1034 1001/1588/1001 1000/1587/1000 
f 1034/1621/1034 1000/1587/1000 1033/1620/1033 
f 1035/1622/1035 1002/1589/1002 1001/1588/1001 
f 1035/1622/1035 1001/1588/1001 1034/1621/1034 
f 1036/1623/1036 1003/1590/1003 1002/1589/1002 
f 1036/1623/1036 1002/1589/1002 1035/1622/1035 
f 1037/1624/1037 1004/1591/1004 1003/1590/1003 
f 1037/1624/1037 1003/1590/1003 1036/1623/1036 
f 1038/1625/1038 1005/1592/1005 1004/1591/1004 
f 1038/1625/1038 1004/1591/1004 1037/1624/1037 
f 1039/1626/1039 1006/1593/1006 1005/1592/1005 
f 1039/1626/1039 1005/1592/1005 1038/1625/1038 
f 1040/1627/1040 1007/1594/1007 1006/1593/1006 
f 1040/1627/1040 1006/1593/1006 1039/1626/1039 
f 1041/1628/1041 1008/1595/1008 1007/1594/1007 
f 1041/1628/1041 1007/1594/1007 1040/1627/1040 
f 1042/1629/1042 1009/1596/1009 1008/1595/1008 
f 1042/1629/1042 1008/1595/1008 1041/1628/1041 
f 1043/1630/1043 1010/1597/1010 1009/1596/1009 
f 1043/1630/1043 1009/1596/1009 1042/1629/1042 
f 1044/1631/1044 1011/1598/1011 1010/1597/1010 
f 1044/1631/1044 1010/1597/1010 1043/1630/1043 
f 1045/1632/1045 1012/1599/1012 1011/1598/1011 
f 1045/1632/1045 1011/1598/1011 1044/1631/1044 
f 1046/1633/1046 1013/1600/1013 1012/1599/1012 
f 1046/1633/1046 1012/1599/1012 1045/1632/1045 
f 1047/1634/1047 1014/1601/1014 1013/1600/1013 
f 1047/1634/1047 1013/1600/1013 1046/1633/1046 
f 1048/1635/1048 1015/1602/1015 1014/1601/1014 
f 1048/1635/1048 1014/1601/1014 1047/1634/1047 
f 1049/1636/1049 1016/1603/1016 1015/1602/1015 
f 1049/1636/1049 1015/1602/1015 1048/1635/1048 
f 1050/1637/1050 1017/1604/1017 1016/1603/1016 
f 1050/1637/1050 1016/1603/1016 1049/1636/1049 
f 1051/1638/1051 1018/1605/1018 1017/1604/1017 
f 1051/1638/1051 1017/1604/1017 1050/1637/1050 
f 1052/1639/1052 1019/1606/1019 1018/1605/1018 
f 1052/1639/1052 1018/1605/1018 1051/1638/1051 
f 1053/1640/1053 1020/1607/1020 1019/1606/1019 
f 1053/1640/1053 1019/1606/1019 1052/1639/1052 
f 1054/1641/1054 1021/1608/1021 1020/1607/1020 
f 1054/1641/1054 1020/1607/1020 1053/1640/1053 
f 1055/1642/1055 1022/1609/1022 1021/1608/1021 
f 1055/1642/1055 1021/1608/1021 1054/1641/1054 
f 1056/1643/1056 1023/1610/1023 1022/1609/1022 
f 1056/1643/1056 1022/1609/1022 1055/1642/1055 
f 1057/1644/1057 1024/1611/1024 1023/1610/1023 
f 1057/1644/1057 1023/1610/1023 1056/1643/1056 
f 1058/1645/1058 1025/1612/1025 1024/1611/1024 
f 1058/1645/1058 1024/1611/1024 1057/1644/1057 
f 1060/1646/1060 1027/1613/1027 1026/1614/1026 
f 1060/1646/1060 1026/1614/1026 1059/1647/1059 
f 1061/1648/1061 1028/1615/1028 1027/1613/1027 
f 1061/1648/1061 1027/1613/1027 1060/1646/1060 
f 1062/1649/1062 1029/1616/1029 1028/1615/1028 
f 1062/1649/1062 1028/1615/1028 1061/1648/1061 
f 1063/1650/1063 1030/1617/1030 1029/1616/1029 
f 1063/1650/1063 1029/1616/1029 1062/1649/1062 
f 1064/1651/1064 1031/1618/1031 1030/1617/1030 
f 1064/1651/1064 1030/1617/1030 1063/1650/1063 
f 1065/1652/1065 1032/1619/1032 1031/1618/1031 
f 1065/1652/1065 1031/1618/1031 1064/1651/1064 
f 1066/1653/1066 1033/1620/1033 1032/1619/1032 
f 1066/1653/1066 1032/1619/1032 1065/1652/1065 
f 1067/1654/1067 1034/1621/1034 1033/1620/1033 
f 1067/1654/1067 1033/1620/1033 1066/1653/1066 
f 1068/1655/1068 1035/1622/1035 1034/1621/1034 
f 1068/1655/1068 1034/1621/1034 1067/1654/1067 
f 1069/1656/1069 1036/1623/1036 1035/1622/1035 
f 1069/1656/1069 1035/1622/1035 1068/1655/1068 
f 1070/1657/1070 1037/1624/1037 1036/1623/1036 
f 1070/1657/1070 1036/1623/1036 1069/1656/1069 
f 1071/1658/1071 1038/1625/1038 1037/1624/1037 
f 1071/1658/1071 1037/1624/1037 1070/1657/1070 
f 1072/1659/1072 1039/1626/1039 1038/1625/1038 
f 1072/1659/1072 1038/1625/1038 1071/1658/1071 
f 1073/1660/1073 1040/1627/1040 1039/1626/1039 
f 1073/1660/1073 1039/1626/1039 1072/1659/1072 
f 1074/1661/1074 1041/1628/1041 1040/1627/1040 
f 1074/1661/1074 1040/1627/1040 1073/1660/1073 
f 1075/1662/1075 1042/1629/1042 1041/1628/1041 
f 1075/1662/1075 1041/1628/1041 1074/1661/1074 
f 1076/1663/1076 1043/1630/1043 1042/1629/1042 
f 1076/1663/1076 1042/1629/1042 1075/1662/1075 
f 1077/1664/1077 1044/1631/1044 1043/1630/1043 
f 1077/1664/1077 1043/1630/1043 1076/1663/1076 
f 1078/1665/1078 1045/1632/1045 1044/1631/1044 
f 1078/1665/1078 1044/1631/1044 1077/1664/1077 
f 1079/1666/1079 1046/1633/1046 1045/1632/1045 
f 1079/1666/1079 1045/1632/1045 1078/1665/1078 
f 1080/1667/1080 1047/1634/1047 1046/1633/1046 
f 1080/1667/1080 1046/1633/1046 1079/1666/1079 
f 1081/1668/1081 1048/1635/1048 1047/1634/1047 
f 1081/1668/1081 1047/1634/1047 1080/1667/1080 
f 1082/1669/1082 1049/1636/1049 1048/1635/1048 
f 1082/1669/1082 1048/1635/1048 1081/1668/1081 
f 1083/1670/1083 1050/1637/1050 1049/1636/1049 
f 1083/1670/1083 1049/1636/1049 1082/1669/1082 
f 1084/1671/1084 1051/1638/1051 1050/1637/1050 
f 1084/1671/1084 1050/1637/1050 1083/1670/1083 
f 1085/1672/1085 1052/1639/1052 1051/1638/1051 
f 1085/1672/1085 1051/1638/1051 1084/1671/1084 
f 1086/1673/1086 1053/1640/1053 1052/1639/1052 
f 1086/1673/1086 1052/1639/1052 1085/1672/1085 
f 1087/1674/1087 1054/1641/1054 1053/1640/1053 
f 1087/1674/1087 1053/1640/1053 1086/1673/1086 
f 1088/1675/1088 1055/1642/1055 1054/1641/1054 
f 1088/1675/1088 1054/1641/1054 1087/1674/1087 
f 1089/1676/1089 1056/1643/1056 1055/1642/1055 
f 1089/1676/1089 1055/1642/1055 1088/1675/1088 
f 1090/1677/1090 1057/1644/1057 1056/1643/1056 
f 1090/1677/1090 1056/1643/1056 1089/1676/1089 
f 1091/1678/1091 1058/1645/1058 1057/1644/1057 
f 1091/1678/1091 1057/1644/1057 1090/1677/1090 
f 1093/1679/1093 1060/1646/1060 1059/1647/1059 
f 1093/1679/1093 1059/1647/1059 1092/1680/1092 
f 1094/1681/1094 1061/1648/1061 1060/1646/1060 
f 1094/1681/1094 1060/1646/1060 1093/1679/1093 
f 1095/1682/1095 1062/1649/1062 1061/1648/1061 
f 1095/1682/1095 1061/1648/1061 1094/1681/1094 
f 1096/1683/1096 1063/1650/1063 1062/1649/1062 
f 1096/1683/1096 1062/1649/1062 1095/1682/1095 
f 1097/1684/1097 1064/1651/1064 1063/1650/1063 
f 1097/1684/1097 1063/1650/1063 1096/1683/1096 
f 1098/1685/1098 1065/1652/1065 1064/1651/1064 
f 1098/1685/1098 1064/1651/1064 1097/1684/1097 
f 1099/1686/1099 1066/1653/1066 1065/1652/1065 
f 1099/1686/1099 1065/1652/1065 1098/1685/1098 
f 1100/1687/1100 1067/1654/1067 1066/1653/1066 
f 1100/1687/1100 1066/1653/1066 1099/1686/1099 
f 1101/1688/1101 1068/1655/1068 1067/1654/1067 
f 1101/1688/1101 1067/1654/1067 1100/1687/1100 
f 1102/1689/1102 1069/1656/1069 1068/1655/1068 
f 1102/1689/1102 1068/1655/1068 1101/1688/1101 
f 1103/1690/1103 1070/1657/1070 1069/1656/1069 
f 1103/1690/1103 1069/1656/1069 1102/1689/1102 
f 1104/1691/1104 1071/1658/1071 1070/1657/1070 
f 1104/1691/1104 1070/1657/1070 1103/1690/1103 
f 1105/1692/1105 1072/1659/1072 1071/1658/1071 
f 1105/1692/1105 1071/1658/1071 1104/1691/1104 
f 1106/1693/1106 1073/1660/1073 1072/1659/1072 
f 1106/1693/1106 1072/1659/1072 1105/1692/1105 
f 1107/1694/1107 1074/1661/1074 1073/1660/1073 
f 1107/1694/1107 1073/1660/1073 1106/1693/1106 
f 1108/1695/1108 1075/1662/1075 1074/1661/1074 
f 1108/1695/1108 1074/1661/1074 1107/1694/1107 
f 1109/1696/1109 1076/1663/1076 1075/1662/1075 
f 1109/1696/1109 1075/1662/1075 1108/1695/1108 
f 1110/1697/1110 1077/1664/1077 1076/1663/1076 
f 1110/1697/1110 1076/1663/1076 1109/1696/1109 
f 1111/1698/1111 1078/1665/1078 1077/1664/1077 
f 1111/1698/1111 1077/1664/1077 1110/1697/1110 
f 1112/1699/1112 1079/1666/1079 1078/1665/1078 
f 1112/1699/1112 1078/1665/1078 1111/1698/1111 
f 1113/1700/1113 1080/1667/1080 1079/1666/1079 
f 1113/1700/1113 1079/1666/1079 1112/1699/1112 
f 1114/1701/1114 1081/1668/1081 1080/1667/1080 
f 1114/1701/1114 1080/1667/1080 1113/1700/1113 
f 1115/1702/1115 1082/1669/1082 1081/1668/1081 
f 1115/1702/1115 1081/1668/1081 1114/1701/1114 
f 1116/1703/1116 1083/1670/1083 1082/1669/1082 
f 1116/1703/1116 1082/1669/1082 1115/1702/1115 
f 1117/1704/1117 1084/1671/1084 1083/1670/1083 
f 1117/1704/1117 1083/1670/1083 1116/1703/1116 
f 1118/1705/1118 1085/1672/1085 1084/1671/1084 
f 1118/1705/1118 1084/1671/1084 1117/1704/1117 
f 1119/1706/1119 1086/1673/1086 1085/1672/1085 
f 1119/1706/1119 1085/1672/1085 1118/1705/1118 
f 1120/1707/1120 1087/1674/1087 1086/1673/1086 
f 1120/1707/1120 1086/1673/1086 1119/1706/1119 
f 1121/1708/1121 1088/1675/1088 1087/1674/1087 
f 1121/1708/1121 1087/1674/1087 1120/1707/1120 
f 1122/1709/1122 1089/1676/1089 1088/1675/1088 
f 1122/1709/1122 1088/1675/1088 1121/1708/1121 
f 1123/1710/1123 1090/1677/1090 1089/1676/1089 
f 1123/1710/1123 1089/1676/1089 1122/1709/1122 
f 1124/1711/1124 1091/1678/1091 1090/1677/1090 
f 1124/1711/1124 1090/1677/1090 1123/1710/1123 
f 1126/1712/1126 1093/1679/1093 1092/1680/1092 
f 1126/1712/1126 1092/1680/1092 1125/1713/1125 
f 1127/1714/1127 1094/1681/1094 1093/1679/1093 
f 1127/1714/1127 1093/1679/1093 1126/1712/1126 
f 1128/1715/1128 1095/1682/1095 1094/1681/1094 
f 1128/1715/1128 1094/1681/1094 1127/1714/1127 
f 1129/1716/1129 1096/1683/1096 1095/1682/1095 
f 1129/1716/1129 1095/1682/1095 1128/1715/1128 
f 1130/1717/1130 1097/1684/1097 1096/1683/1096 
f 1130/1717/1130 1096/1683/1096 1129/1716/1129 
f 1131/1718/1131 1098/1685/1098 1097/1684/1097 
f 1131/1718/1131 1097/1684/1097 1130/1717/1130 
f 1132/1719/1132 1099/1686/1099 1098/1685/1098 
f 1132/1719/1132 1098/1685/1098 1131/1718/1131 
f 1133/1720/1133 1100/1687/1100 1099/1686/1099 
f 1133/1720/1133 1099/1686/1099 1132/1719/1132 
f 1134/1721/1134 1101/1688/1101 1100/1687/1100 
f 1134/1721/1134 1100/1687/1100 1133/1720/1133 
f 1135/1722/1135 1102/1689/1102 1101/1688/1101 
f 1135/1722/1135 1101/1688/1101 1134/1721/1134 
f 1136/1723/1136 1103/1690/1103 1102/1689/1102 
f 1136/1723/1136 1102/1689/1102 1135/1722/1135 
f 1137/1724/1137 1104/1691/1104 1103/1690/1103 
f 1137/1724/1137 1103/1690/1103 1136/1723/1136 
f 1138/1725/1138 1105/1692/1105 1104/1691/1104 
f 1138/1725/1138 1104/1691/1104 1137/1724/1137 
f 1139/1726/1139 1106/1693/1106 1105/1692/1105 
f 1139/1726/1139 1105/1692/1105 1138/1725/1138 
f 1140/1727/1140 1107/1694/1107 1106/1693/1106 
f 1140/1727/1140 1106/1693/1106 1139/1726/1139 
f 1141/1728/1141 1108/1695/1108 1107/1694/1107 
f 1141/1728/1141 1107/1694/1107 1140/1727/1140 
f 1142/1729/1142 1109/1696/1109 1108/1695/1108 
f 1142/1729/1142 1108/1695/1108 1141/1728/1141 
f 1143/1730/1143 1110/1697/1110 1109/1696/1109 
f 1143/1730/1143 1109/1696/1109 1142/1729/1142 
f 1144/1731/1144 1111/1698/1111 1110/1697/1110 
f 1144/1731/1144 1110/1697/1110 1143/1730/1143 
f 1145/1732/1145 1112/1699/1112 1111/1698/1111 
f 1145/1732/1145 1111/1698/1111 1144/1731/1144 
f 1146/1733/1146 1113/1700/1113 1112/1699/1112 
f 1146/1733/1146 1112/1699/1112 1145/1732/1145 
f 1147/1734/1147 1114/1701/1114 1113/1700/1113 
f 1147/1734/1147 1113/1700/1113 1146/1733/1146 
f 1148/1735/1148 1115/1702/1115 1114/1701/1114 
f 1148/1735/1148 1114/1701/1114 1147/1734/1147 
f 1149/1736/1149 1116/1703/1116 1115/1702/1115 
f 1149/1736/1149 1115/1702/1115 1148/1735/1148 
f 1150/1737/1150 1117/1704/1117 1116/1703/1116 
f 1150/1737/1150 1116/1703/1116 1149/1736/1149 
f 1151/1738/1151 1118/1705/1118 1117/1704/1117 
f 1151/1738/1151 1117/1704/1117 1150/1737/1150 
f 1152/1739/1152 1119/1706/1119 1118/1705/1118 
f 1152/1739/1152 1118/1705/1118 1151/1738/1151 
f 1153/1740/1153 1120/1707/1120 1119/1706/1119 
f 1153/1740/1153 1119/1706/1119 1152/1739/1152 
f 1154/1741/1154 1121/1708/1121 1120/1707/1120 
f 1154/1741/1154 1120/1707/1120 1153/1740/1153 
f 1155/1742/1155 1122/1709/1122 1121/1708/1121 
f 1155/1742/1155 1121/1708/1121 1154/1741/1154 
f 1156/1743/1156 1123/1710/1123 1122/1709/1122 
f 1156/1743/1156 1122/1709/1122 1155/1742/1155 
f 1157/1744/1157 1124/1711/1124 1123/1710/1123 
f 1157/1744/1157 1123/1710/1123 1156/1743/1156 
f 1159/1745/1159 1126/1712/1126 1125/1713/1125 
f 1159/1745/1159 1125/1713/1125 1158/1746/1158 
f 1160/1747/1160 1127/1714/1127 1126/1712/1126 
f 1160/1747/1160 1126/1712/1126 1159/1745/1159 
f 1161/1748/1161 1128/1715/1128 1127/1714/1127 
f 1161/1748/1161 1127/1714/1127 1160/1747/1160 
f 1162/1749/1162 1129/1716/1129 1128/1715/1128 
f 1162/1749/1162 1128/1715/1128 1161/1748/1161 
f 1163/1750/1163 1130/1717/1130 1129/1716/1129 
f 1163/1750/1163 1129/1716/1129 1162/1749/1162 
f 1164/1751/1164 1131/1718/1131 1130/1717/1130 
f 1164/1751/1164 1130/1717/1130 1163/1750/1163 
f 1165/1752/1165 1132/1719/1132 1131/1718/1131 
f 1165/1752/1165 1131/1718/1131 1164/1751/1164 
f 1166/1753/1166 1133/1720/1133 1132/1719/1132 
f 1166/1753/1166 1132/1719/1132 1165/1752/1165 
f 1167/1754/1167 1134/1721/1134 1133/1720/1133 
f 1167/1754/1167 1133/1720/1133 1166/1753/1166 
f 1168/1755/1168 1135/1722/1135 1134/1721/1134 
f 1168/1755/1168 1134/1721/1134 1167/1754/1167 
f 1169/1756/1169 1136/1723/1136 1135/1722/1135 
f 1169/1756/1169 1135/1722/1135 1168/1755/1168 
f 1170/1757/1170 1137/1724/1137 1136/1723/1136 
f 1170/1757/1170 1136/1723/1136 1169/1756/1169 
f 1171/1758/1171 1138/1725/1138 1137/1724/1137 
f 1171/1758/1171 1137/1724/1137 1170/1757/1170 
f 1172/1759/1172 1139/1726/1139 1138/1725/1138 
f 1172/1759/1172 1138/1725/1138 1171/1758/1171 
f 1173/1760/1173 1140/1727/1140 1139/1726/1139 
f 1173/1760/1173 1139/1726/1139 1172/1759/1172 
f 1174/1761/1174 1141/1728/1141 1140/1727/1140 
f 1174/1761/1174 1140/1727/1140 1173/1760/1173 
f 1175/1762/1175 1142/1729/1142 1141/1728/1141 
f 1175/1762/1175 1141/1728/1141 1174/1761/1174 
f 1176/1763/1176 1143/1730/1143 1142/1729/1142 
f 1176/1763/1176 1142/1729/1142 1175/1762/1175 
f 1177/1764/1177 1144/1731/1144 1143/1730/1143 
f 1177/1764/1177 1143/1730/1143 1176/1763/1176 
f 1178/1765/1178 1145/1732/1145 1144/1731/1144 
f 1178/1765/1178 1144/1731/1144 1177/1764/1177 
f 1179/1766/1179 1146/1733/1146 1145/1732/1145 
f 1179/1766/1179 1145/1732/1145 1178/1765/1178 
f 1180/1767/1180 1147/1734/1147 1146/1733/1146 
f 1180/1767/1180 1146/1733/1146 1179/1766/1179 
f 1181/1768/1181 1148/1735/1148 1147/1734/1147 
f 1181/1768/1181 1147/1734/1147 1180/1767/1180 
f 1182/1769/1182 1149/1736/1149 1148/1735/1148 
f 1182/1769/1182 1148/1735/1148 1181/1768/1181 
f 1183/1770/1183 1150/1737/1150 1149/1736/1149 
f 1183/1770/1183 1149/1736/1149 1182/1769/1182 
f 1184/1771/1184 1151/1738/1151 1150/1737/1150 
f 1184/1771/1184 1150/1737/1150 1183/1770/1183 
f 1185/1772/1185 1152/1739/1152 1151/1738/1151 
f 1185/1772/1185 1151/1738/1151 1184/1771/1184 
f 1186/1773/1186 1153/1740/1153 1152/1739/1152 
f 1186/1773/1186 1152/1739/1152 1185/1772/1185 
f 1187/1774/1187 1154/1741/1154 1153/1740/1153 
f 1187/1774/1187 1153/1740/1153 1186/1773/1186 
f 1188/1775/1188 1155/1742/1155 1154/1741/1154 
f 1188/1775/1188 1154/1741/1154 1187/1774/1187 
f 1189/1776/1189 1156/1743/1156 1155/1742/1155 
f 1189/1776/1189 1155/1742/1155 1188/1775/1188 
f 1190/1777/1190 1157/1744/1157 1156/1743/1156 
f 1190/1777/1190 1156/1743/1156 1189/1776/1189 
f 1192/1778/1192 1159/1745/1159 1158/1746/1158 
f 1192/1778/1192 1158/1746/1158 1191/1779/1191 
f 1193/1780/1193 1160/1747/1160 1159/1745/1159 
f 1193/1780/1193 1159/1745/1159 1192/1778/1192 
f 1194/1781/1194 1161/1748/1161 1160/1747/1160 
f 1194/1781/1194 1160/1747/1160 1193/1780/1193 
f 1195/1782/1195 1162/1749/1162 1161/1748/1161 
f 1195/1782/1195 1161/1748/1161 1194/1781/1194 
f 1196/1783/1196 1163/1750/1163 1162/1749/1162 
f 1196/1783/1196 1162/1749/1162 1195/1782/1195 
f 1197/1784/1197 1164/1751/1164 1163/1750/1163 
f 1197/1784/1197 1163/1750/1163 1196/1783/1196 
f 1198/1785/1198 1165/1752/1165 1164/1751/1164 
f 1198/1785/1198 1164/1751/1164 1197/1784/1197 
f 1199/1786/1199 1166/1753/1166 1165/1752/1165 
f 1199/1786/1199 1165/1752/1165 1198/1785/1198 
f 1200/1787/1200 1167/1754/1167 1166/1753/1166 
f 1200/1787/1200 1166/1753/1166 1199/1786/1199 
f 1201/1788/1201 1168/1755/1168 1167/1754/1167 
f 1201/1788/1201 1167/1754/1167 1200/1787/1200 
f 1202/1789/1202 1169/1756/1169 1168/1755/1168 
f 1202/1789/1202 1168/1755/1168 1201/1788/1201 
f 1203/1790/1203 1170/1757/1170 1169/1756/1169 
f 1203/1790/1203 1169/1756/1169 1202/1789/1202 
f 1204/1791/1204 1171/1758/1171 1170/1757/1170 
f 1204/1791/1204 1170/1757/1170 1203/1790/1203 
f 1205/1792/1205 1172/1759/1172 1171/1758/1171 
f 1205/1792/1205 1171/1758/1171 1204/1791/1204 
f 1206/1793/1206 1173/1760/1173 1172/1759/1172 
f 1206/1793/1206 1172/1759/1172 1205/1792/1205 
f 1207/1794/1207 1174/1761/1174 1173/1760/1173 
f 1207/1794/1207 1173/1760/1173 1206/1793/1206 
f 1208/1795/1208 1175/1762/1175 1174/1761/1174 
f 1208/1795/1208 1174/1761/1174 1207/1794/1207 
f 1209/1796/1209 1176/1763/1176 1175/1762/1175 
f 1209/1796/1209 1175/1762/1175 1208/1795/1208 
f 1210/1797/1210 1177/1764/1177 1176/1763/1176 
f 1210/1797/1210 1176/1763/1176 1209/1796/1209 
f 1211/1798/1211 1178/1765/1178 1177/1764/1177 
f 1211/1798/1211 1177/1764/1177 1210/1797/1210 
f 1212/1799/1212 1179/1766/1179 1178/1765/1178 
f 1212/1799/1212 1178/1765/1178 1211/1798/1211 
f 1213/1800/1213 1180/1767/1180 1179/1766/1179 
f 1213/1800/1213 1179/1766/1179 1212/1799/1212 
f 1214/1801/1214 1181/1768/1181 1180/1767/1180 
f 1214/1801/1214 1180/1767/1180 1213/1800/1213 
f 1215/1802/1215 1182/1769/1182 1181/1768/1181 
f 1215/1802/1215 1181/1768/1181 1214/1801/1214 
f 1216/1803/1216 1183/1770/1183 1182/1769/1182 
f 1216/1803/1216 1182/1769/1182 1215/1802/1215 
f 1217/1804/1217 1184/1771/1184 1183/1770/1183 
f 1217/1804/1217 1183/1770/1183 1216/1803/1216 
f 1218/1805/1218 1185/1772/1185 1184/1771/1184 
f 1218/1805/1218 1184/1771/1184 1217/1804/1217 
f 1219/1806/1219 1186/1773/1186 1185/1772/1185 
f 1219/1806/1219 1185/1772/1185 1218/1805/1218 
f 1220/1807/1220 1187/1774/1187 1186/1773/1186 
f 1220/1807/1220 1186/1773/1186 1219/1806/1219 
f 1221/1808/1221 1188/1775/1188 1187/1774/1187 
f 1221/1808/1221 1187/1774/1187 1220/1807/1220 
f 1222/1809/1222 1189/1776/1189 1188/1775/1188 
f 1222/1809/1222 1188/1775/1188 1221/1808/1221 
f 1223/1810/1223 1190/1777/1190 1189/1776/1189 
f 1223/1810/1223 1189/1776/1189 1222/1809/1222 
f 1225/1811/1225 1192/1778/1192 1191/1779/1191 
f 1225/1811/1225 1191/1779/1191 1224/1812/1224 
f 1226/1813/1226 1193/1780/1193 1192/1778/1192 
f 1226/1813/1226 1192/1778/1192 1225/1811/1225 
f 1227/1814/1227 1194/1781/1194 1193/1780/1193 
f 1227/1814/1227 1193/1780/1193 1226/1813/1226 
f 1228/1815/1228 1195/1782/1195 1194/1781/1194 
f 1228/1815/1228 1194/1781/1194 1227/1814/1227 
f 1229/1816/1229 1196/1783/1196 1195/1782/1195 
f 1229/1816/1229 1195/1782/1195 1228/1815/1228 
f 1230/1817/1230 1197/1784/1197 1196/1783/1196 
f 1230/1817/1230 1196/1783/1196 1229/1816/1229 
f 1231/1818/1231 1198/1785/1198 1197/1784/1197 
f 1231/1818/1231 1197/1784/1197 1230/1817/1230 
f 1232/1819/1232 1199/1786/1199 1198/1785/1198 
f 1232/1819/1232 1198/1785/1198 1231/1818/1231 
f 1233/1820/1233 1200/1787/1200 1199/1786/1199 
f 1233/1820/1233 1199/1786/1199 1232/1819/1232 
f 1234/1821/1234 1201/1788/1201 1200/1787/1200 
f 1234/1821/1234 1200/1787/1200 1233/1820/1233 
f 1235/1822/1235 1202/1789/1202 1201/1788/1201 
f 1235/1822/1235 1201/1788/1201 1234/1821/1234 
f 1236/1823/1236 1203/1790/1203 1202/1789/1202 
f 1236/1823/1236 1202/1789/1202 1235/1822/1235 
f 1237/1824/1237 1204/1791/1204 1203/1790/1203 
f 1237/1824/1237 1203/1790/1203 1236/1823/1236 
f 1238/1825/1238 1205/1792/1205 1204/1791/1204 
f 1238/1825/1238 1204/1791/1204 1237/1824/1237 
f 1239/1826/1239 1206/1793/1206 1205/1792/1205 
f 1239/1826/1239 1205/1792/1205 1238/1825/1238 
f 1240/1827/1240 1207/1794/1207 1206/1793/1206 
f 1240/1827/1240 1206/1793/1206 1239/1826/1239 
f 1241/1828/1241 1208/1795/1208 1207/1794/1207 
f 1241/1828/1241 1207/1794/1207 1240/1827/1240 
f 1242/1829/1242 1209/1796/1209 1208/1795/1208 
f 1242/1829/1242 1208/1795/1208 1241/1828/1241 
f 1243/1830/1243 1210/1797/1210 1209/1796/1209 
f 1243/1830/1243 1209/1796/1209 1242/1829/1242 
f 1244/1831/1244 1211/1798/1211 1210/1797/1210 
f 1244/1831/1244 1210/1797/1210 1243/1830/1243 
f 1245/1832/1245 1212/1799/1212 1211/1798/1211 
f 1245/1832/1245 1211/1798/1211 1244/1831/1244 
f 1246/1833/1246 1213/1800/1213 1212/1799/1212 
f 1246/1833/1246 1212/1799/1212 1245/1832/1245 
f 1247/1834/1247 1214/1801/1214 1213/1800/1213 
f 1247/1834/1247 1213/1800/1213 1246/1833/1246 
f 1248/1835/1248 1215/1802/1215 1214/1801/1214 
f 1248/1835/1248 1214/1801/1214 1247/1834/1247 
f 1249/1836/1249 1216/1803/1216 1215/1802/1215 
f 1249/1836/1249 1215/1802/1215 1248/1835/1248 
f 1250/1837/1250 1217/1804/1217 1216/1803/1216 
f 1250/1837/1250 1216/1803/1216 1249/1836/1249 
f 1251/1838/1251 1218/1805/1218 1217/1804/1217 
f 1251/1838/1251 1217/1804/1217 1250/1837/1250 
f 1252/1839/1252 1219/1806/1219 1218/1805/1218 
f 1252/1839/1252 1218/1805/1218 1251/1838/1251 
f 1253/1840/1253 1220/1807/1220 1219/1806/1219 
f 1253/1840/1253 1219/1806/1219 1252/1839/1252 
f 1254/1841/1254 1221/1808/1221 1220/1807/1220 
f 1254/1841/1254 1220/1807/1220 1253/1840/1253 
f 1255/1842/1255 1222/1809/1222 1221/1808/1221 
f 1255/1842/1255 1221/1808/1221 1254/1841/1254 
f 1256/1843/1256 1223/1810/1223 1222/1809/1222 
f 1256/1843/1256 1222/1809/1222 1255/1842/1255 
f 1258/1844/1258 1225/1811/1225 1224/1812/1224 
f 1258/1844/1258 1224/1812/1224 1257/1845/1257 
f 1259/1846/1259 1226/1813/1226 1225/1811/1225 
f 1259/1846/1259 1225/1811/1225 1258/1844/1258 
f 1260/1847/1260 1227/1814/1227 1226/1813/1226 
f 1260/1847/1260 1226/1813/1226 1259/1846/1259 
f 1261/1848/1261 1228/1815/1228 1227/1814/1227 
f 1261/1848/1261 1227/1814/1227 1260/1847/1260 
f 1262/1849/1262 1229/1816/1229 1228/1815/1228 
f 1262/1849/1262 1228/1815/1228 1261/1848/1261 
f 1263/1850/1263 1230/1817/1230 1229/1816/1229 
f 1263/1850/1263 1229/1816/1229 1262/1849/1262 
f 1264/1851/1264 1231/1818/1231 1230/1817/1230 
f 1264/1851/1264 1230/1817/1230 1263/1850/1263 
f 1265/1852/1265 1232/1819/1232 1231/1818/1231 
f 1265/1852/1265 1231/1818/1231 1264/1851/1264 
f 1266/1853/1266 1233/1820/1233 1232/1819/1232 
f 1266/1853/1266 1232/1819/1232 1265/1852/1265 
f 1267/1854/1267 1234/1821/1234 1233/1820/1233 
f 1267/1854/1267 1233/1820/1233 1266/1853/1266 
f 1268/1855/1268 1235/1822/1235 1234/1821/1234 
f 1268/1855/1268 1234/1821/1234 1267/1854/1267 
f 1269/1856/1269 1236/1823/1236 1235/1822/1235 
f 1269/1856/1269 1235/1822/1235 1268/1855/1268 
f 1270/1857/1270 1237/1824/1237 1236/1823/1236 
f 1270/1857/1270 1236/1823/1236 1269/1856/1269 
f 1271/1858/1271 1238/1825/1238 1237/1824/1237 
f 1271/1858/1271 1237/1824/1237 1270/1857/1270 
f 1272/1859/1272 1239/1826/1239 1238/1825/1238 
f 1272/1859/1272 1238/1825/1238 1271/1858/1271 
f 1273/1860/1273 1240/1827/1240 1239/1826/1239 
f 1273/1860/1273 1239/1826/1239 1272/1859/1272 
f 1274/1861/1274 1241/1828/1241 1240/1827/1240 
f 1274/1861/1274 1240/1827/1240 1273/1860/1273 
f 1275/1862/1275 1242/1829/1242 1241/1828/1241 
f 1275/1862/1275 1241/1828/1241 1274/1861/1274 
f 1276/1863/1276 1243/1830/1243 1242/1829/1242 
f 1276/1863/1276 1242/1829/1242 1275/1862/1275 
f 1277/1864/1277 1244/1831/1244 1243/1830/1243 
f 1277/1864/1277 1243/1830/1243 1276/1863/1276 
f 1278/1865/1278 1245/1832/1245 1244/1831/1244 
f 1278/1865/1278 1244/1831/1244 1277/1864/1277 
f 1279/1866/1279 1246/1833/1246 1245/1832/1245 
f 1279/1866/1279 1245/1832/1245 1278/1865/1278 
f 1280/1867/1280 1247/1834/1247 1246/1833/1246 
f 1280/1867/1280 1246/1833/1246 1279/1866/1279 
f 1281/1868/1281 1248/1835/1248 1247/1834/1247 
f 1281/1868/1281 1247/1834/1247 1280/1867/1280 
f 1282/1869/1282 1249/1836/1249 1248/1835/1248 
f 1282/1869/1282 1248/1835/1248 1281/1868/1281 
f 1283/1870/1283 1250/1837/1250 1249/1836/1249 
f 1283/1870/1283 1249/1836/1249 1282/1869/1282 
f 1284/1871/1284 1251/1838/1251 1250/1837/1250 
f 1284/1871/1284 1250/1837/1250 1283/1870/1283 
f 1285/1872/1285 1252/1839/1252 1251/1838/1251 
f 1285/1872/1285 1251/1838/1251 1284/1871/1284 
f 1286/1873/1286 1253/1840/1253 1252/1839/1252 
f 1286/1873/1286 1252/1839/1252 1285/1872/1285 
f 1287/1874/1287 1254/1841/1254 1253/1840/1253 
f 1287/1874/1287 1253/1840/1253 1286/1873/1286 
f 1288/1875/1288 1255/1842/1255 1254/1841/1254 
f 1288/1875/1288 1254/1841/1254 1287/1874/1287 
f 1289/1876/1289 1256/1843/1256 1255/1842/1255 
f 1289/1876/1289 1255/1842/1255 1288/1875/1288 
f 1291/1877/1291 1258/1844/1258 1257/1845/1257 
f 1291/1877/1291 1257/1845/1257 1290/1878/1290 
f 1292/1879/1292 1259/1846/1259 1258/1844/1258 
f 1292/1879/1292 1258/1844/1258 1291/1877/1291 
f 1293/1880/1293 1260/1847/1260 1259/1846/1259 
f 1293/1880/1293 1259/1846/1259 1292/1879/1292 
f 1294/1881/1294 1261/1848/1261 1260/1847/1260 
f 1294/1881/1294 1260/1847/1260 1293/1880/1293 
f 1295/1882/1295 1262/1849/1262 1261/1848/1261 
f 1295/1882/1295 1261/1848/1261 1294/1881/1294 
f 1296/1883/1296 1263/1850/1263 1262/1849/1262 
f 1296/1883/1296 1262/1849/1262 1295/1882/1295 
f 1297/1884/1297 1264/1851/1264 1263/1850/1263 
f 1297/1884/1297 1263/1850/1263 1296/1883/1296 
f 1298/1885/1298 1265/1852/1265 1264/1851/1264 
f 1298/1885/1298 1264/1851/1264 1297/1884/1297 
f 1299/1886/1299 1266/1853/1266 1265/1852/1265 
f 1299/1886/1299 1265/1852/1265 1298/1885/1298 
f 1300/1887/1300 1267/1854/1267 1266/1853/1266 
f 1300/1887/1300 1266/1853/1266 1299/1886/1299 
f 1301/1888/1301 1268/1855/1268 1267/1854/1267 
f 1301/1888/1301 1267/1854/1267 1300/1887/1300 
f 1302/1889/1302 1269/1856/1269 1268/1855/1268 
f 1302/1889/1302 1268/1855/1268 1301/1888/1301 
f 1303/1890/1303 1270/1857/1270 1269/1856/1269 
f 1303/1890/1303 1269/1856/1269 1302/1889/1302 
f 1304/1891/1304 1271/1858/1271 1270/1857/1270 
f 1304/1891/1304 1270/1857/1270 1303/1890/1303 
f 1305/1892/1305 1272/1859/1272 1271/1858/1271 
f 1305/1892/1305 1271/1858/1271 1304/1891/1304 
f 1306/1893/1306 1273/1860/1273 1272/1859/1272 
f 1306/1893/1306 1272/1859/1272 1305/1892/1305 
f 1307/1894/1307 1274/1861/1274 1273/1860/1273 
f 1307/1894/1307 1273/1860/1273 1306/1893/1306 
f 1308/1895/1308 1275/1862/1275 1274/1861/1274 
f 1308/1895/1308 1274/1861/1274 1307/1894/1307 
f 1309/1896/1309 1276/1863/1276 1275/1862/1275 
f 1309/1896/1309 1275/1862/1275 1308/1895/1308 
f 1310/1897/1310 1277/1864/1277 1276/1863/1276 
f 1310/1897/1310 1276/1863/1276 1309/1896/1309 
f 1311/1898/1311 1278/1865/1278 1277/1864/1277 
f 1311/1898/1311 1277/1864/1277 1310/1897/1310 
f 1312/1899/1312 1279/1866/1279 1278/1865/1278 
f 1312/1899/1312 1278/1865/1278 1311/1898/1311 
f 1313/1900/1313 1280/1867/1280 1279/1866/1279 
f 1313/1900/1313 1279/1866/1279 1312/1899/1312 
f 1314/1901/1314 1281/1868/1281 1280/1867/1280 
f 1314/1901/1314 1280/1867/1280 1313/1900/1313 
f 1315/1902/1315 1282/1869/1282 1281/1868/1281 
f 1315/1902/1315 1281/1868/1281 1314/1901/1314 
f 1316/1903/1316 1283/1870/1283 1282/1869/1282 
f 1316/1903/1316 1282/1869/1282 1315/1902/1315 
f 1317/1904/1317 1284/1871/1284 1283/1870/1283 
f 1317/1904/1317 1283/1870/1283 1316/1903/1316 
f 1318/1905/1318 1285/1872/1285 1284/1871/1284 
f 1318/1905/1318 1284/1871/1284 1317/1904/1317 
f 1319/1906/1319 1286/1873/1286 1285/1872/1285 
f 1319/1906/1319 1285/1872/1285 1318/1905/1318 
f 1320/1907/1320 1287/1874/1287 1286/1873/1286 
f 1320/1907/1320 1286/1873/1286 1319/1906/1319 
f 1321/1908/1321 1288/1875/1288 1287/1874/1287 
f 1321/1908/1321 1287/1874/1287 1320/1907/1320 
f 1322/1909/1322 1289/1876/1289 1288/1875/1288 
f 1322/1909/1322 1288/1875/1288 1321/1908/1321 
f 1324/1910/1324 1291/1877/1291 1290/1878/1290 
f 1324/1910/1324 1290/1878/1290 1323/1911/1323 
f 1325/1912/1325 1292/1879/1292 1291/1877/1291 
f 1325/1912/1325 1291/1877/1291 1324/1910/1324 
f 1326/1913/1326 1293/1880/1293 1292/1879/1292 
f 1326/1913/1326 1292/1879/1292 1325/1912/1325 
f 1327/1914/1327 1294/1881/1294 1293/1880/1293 
f 1327/1914/1327 1293/1880/1293 1326/1913/1326 
f 1328/1915/1328 1295/1882/1295 1294/1881/1294 
f 1328/1915/1328 1294/1881/1294 1327/1914/1327 
f 1329/1916/1329 1296/1883/1296 1295/1882/1295 
f 1329/1916/1329 1295/1882/1295 1328/1915/1328 
f 1330/1917/1330 1297/1884/1297 1296/1883/1296 
f 1330/1917/1330 1296/1883/1296 1329/1916/1329 
f 1331/1918/1331 1298/1885/1298 1297/1884/1297 
f 1331/1918/1331 1297/1884/1297 1330/1917/1330 
f 1332/1919/1332 1299/1886/1299 1298/1885/1298 
f 1332/1919/1332 1298/1885/1298 1331/1918/1331 
f 1333/1920/1333 1300/1887/1300 1299/1886/1299 
f 1333/1920/1333 1299/1886/1299 1332/1919/1332 
f 1334/1921/1334 1301/1888/1301 1300/1887/1300 
f 1334/1921/1334 1300/1887/1300 1333/1920/1333 
f 1335/1922/1335 1302/1889/1302 1301/1888/1301 
f 1335/1922/1335 1301/1888/1301 1334/1921/1334 
f 1336/1923/1336 1303/1890/1303 1302/1889/1302 
f 1336/1923/1336 1302/1889/1302 1335/1922/1335 
f 1337/1924/1337 1304/1891/1304 1303/1890/1303 
f 1337/1924/1337 1303/1890/1303 1336/1923/1336 
f 1338/1925/1338 1305/1892/1305 1304/1891/1304 
f 1338/1925/1338 1304/1891/1304 1337/1924/1337 
f 1339/1926/1339 1306/1893/1306 1305/1892/1305 
f 1339/1926/1339 1305/1892/1305 1338/1925/1338 
f 1340/1927/1340 1307/1894/1307 1306/1893/1306 
f 1340/1927/1340 1306/1893/1306 1339/1926/1339 
f 1341/1928/1341 1308/1895/1308 1307/1894/1307 
f 1341/1928/1341 1307/1894/1307 1340/1927/1340 
f 1342/1929/1342 1309/1896/1309 1308/1895/1308 
f 1342/1929/1342 1308/1895/1308 1341/1928/1341 
f 1343/1930/1343 1310/1897/1310 1309/1896/1309 
f 1343/1930/1343 1309/1896/1309 1342/1929/1342 
f 1344/1931/1344 1311/1898/1311 1310/1897/1310 
f 1344/1931/1344 1310/1897/1310 1343/1930/1343 
f 1345/1932/1345 1312/1899/1312 1311/1898/1311 
f 1345/1932/1345 1311/1898/1311 1344/1931/1344 
f 1346/1933/1346 1313/1900/1313 1312/1899/1312 
f 1346/1933/1346 1312/1899/1312 1345/1932/1345 
f 1347/1934/1347 1314/1901/1314 1313/1900/1313 
f 1347/1934/1347 1313/1900/1313 1346/1933/1346 
f 1348/1935/1348 1315/1902/1315 1314/1901/1314 
f 1348/1935/1348 1314/1901/1314 1347/1934/1347 
f 1349/1936/1349 1316/1903/1316 1315/1902/1315 
f 1349/1936/1349 1315/1902/1315 1348/1935/1348 
f 1350/1937/1350 1317/1904/1317 1316/1903/1316 
f 1350/1937/1350 1316/1903/1316 1349/1936/1349 
f 1351/1938/1351 1318/1905/1318 1317/1904/1317 
f 1351/1938/1351 1317/1904/1317 1350/1937/1350 
f 1352/1939/1352 1319/1906/1319 1318/1905/1318 
f 1352/1939/1352 1318/1905/1318 1351/1938/1351 
f 1353/1940/1353 1320/1907/1320 1319/1906/1319 
f 1353/1940/1353 1319/1906/1319 1352/1939/1352 
f 1354/1941/1354 1321/1908/1321 1320/1907/1320 
f 1354/1941/1354 1320/1907/1320 1353/1940/1353 
f 1355/1942/1355 1322/1909/1322 1321/1908/1321 
f 1355/1942/1355 1321/1908/1321 1354/1941/1354 
f 1357/1943/1357 1324/1910/1324 1323/1911/1323 
f 1357/1943/1357 1323/1911/1323 1356/1944/1356 
f 1358/1945/1358 1325/1912/1325 1324/1910/1324 
f 1358/1945/1358 1324/1910/1324 1357/1943/1357 
f 1359/1946/1359 1326/1913/1326 1325/1912/1325 
f 1359/1946/1359 1325/1912/1325 1358/1945/1358 
f 1360/1947/1360 1327/1914/1327 1326/1913/1326 
f 1360/1947/1360 1326/1913/1326 1359/1946/1359 
f 1361/1948/1361 1328/1915/1328 1327/1914/1327 
f 1361/1948/1361 1327/1914/1327 1360/1947/1360 
f 1362/1949/1362 1329/1916/1329 1328/1915/1328 
f 1362/1949/1362 1328/1915/1328 1361/1948/1361 
f 1363/1950/1363 1330/1917/1330 1329/1916/1329 
f 1363/1950/1363 1329/1916/1329 1362/1949/1362 
f 1364/1951/1364 1331/1918/1331 1330/1917/1330 
f 1364/1951/1364 1330/1917/1330 1363/1950/1363 
f 1365/1952/1365 1332/1919/1332 1331/1918/1331 
f 1365/1952/1365 1331/1918/1331 1364/1951/1364 
f 1366/1953/1366 1333/1920/1333 1332/1919/1332 
f 1366/1953/1366 1332/1919/1332 1365/1952/1365 
f 1367/1954/1367 1334/1921/1334 1333/1920/1333 
f 1367/1954/1367 1333/1920/1333 1366/1953/1366 
f 1368/1955/1368 1335/1922/1335 1334/1921/1334 
f 1368/1955/1368 1334/1921/1334 1367/1954/1367 
f 1369/1956/1369 1336/1923/1336 1335/1922/1335 
f 1369/1956/1369 1335/1922/1335 1368/1955/1368 
f 1370/1957/1370 1337/1924/1337 1336/1923/1336 
f 1370/1957/1370 1336/1923/1336 1369/1956/1369 
f 1371/1958/1371 1338/1925/1338 1337/1924/1337 
f 1371/1958/1371 1337/1924/1337 1370/1957/1370 
f 1372/1959/1372 1339/1926/1339 1338/1925/1338 
f 1372/1959/1372 1338/1925/1338 1371/1958/1371 
f 1373/1960/1373 1340/1927/1340 1339/1926/1339 
f 1373/1960/1373 1339/1926/1339 1372/1959/1372 
f 1374/1961/1374 1341/1928/1341 1340/1927/1340 
f 1374/1961/1374 1340/1927/1340 1373/1960/1373 
f 1375/1962/1375 1342/1929/1342 1341/1928/1341 
f 1375/1962/1375 1341/1928/1341 1374/1961/1374 
f 1376/1963/1376 1343/1930/1343 1342/1929/1342 
f 1376/1963/1376 1342/1929/1342 1375/1962/1375 
f 1377/1964/1377 1344/1931/1344 1343/1930/1343 
f 1377/1964/1377 1343/1930/1343 1376/1963/1376 
f 1378/1965/1378 1345/1932/1345 1344/1931/1344 
f 1378/1965/1378 1344/1931/1344 1377/1964/1377 
f 1379/1966/1379 1346/1933/1346 1345/1932/1345 
f 1379/1966/1379 1345/1932/1345 1378/1965/1378 
f 1380/1967/1380 1347/1934/1347 1346/1933/1346 
f 1380/1967/1380 1346/1933/1346 1379/1966/1379 
f 1381/1968/1381 1348/1935/1348 1347/1934/1347 
f 1381/1968/1381 1347/1934/1347 1380/1967/1380 
f 1382/1969/1382 1349/1936/1349 1348/1935/1348 
f 1382/1969/1382 1348/1935/1348 1381/1968/1381 
f 1383/1970/1383 1350/1937/1350 1349/1936/1349 
f 1383/1970/1383 1349/1936/1349 1382/1969/1382 
f 1384/1971/1384 1351/1938/1351 1350/1937/1350 
f 1384/1971/1384 1350/1937/1350 1383/1970/1383 
f 1385/1972/1385 1352/1939/1352 1351/1938/1351 
f 1385/1972/1385 1351/1938/1351 1384/1971/1384 
f 1386/1973/1386 1353/1940/1353 1352/1939/1352 
f 1386/1973/1386 1352/1939/1352 1385/1972/1385 
f 1387/1974/1387 1354/1941/1354 1353/1940/1353 
f 1387/1974/1387 1353/1940/1353 1386/1973/1386 
f 1388/1975/1388 1355/1942/1355 1354/1941/1354 
f 1388/1975/1388 1354/1941/1354 1387/1974/1387 
f 1390/1976/1390 1357/1943/1357 1356/1944/1356 
f 1390/1976/1390 1356/1944/1356 1389/1977/1389 
f 1391/1978/1391 1358/1945/1358 1357/1943/1357 
f 1391/1978/1391 1357/1943/1357 1390/1976/1390 
f 1392/1979/1392 1359/1946/1359 1358/1945/1358 
f 1392/1979/1392 1358/1945/1358 1391/1978/1391 
f 1393/1980/1393 1360/1947/1360 1359/1946/1359 
f 1393/1980/1393 1359/1946/1359 1392/1979/1392 
f 1394/1981/1394 1361/1948/1361 1360/1947/1360 
f 1394/1981/1394 1360/1947/1360 1393/1980/1393 
f 1395/1982/1395 1362/1949/1362 1361/1948/1361 
f 1395/1982/1395 1361/1948/1361 1394/1981/1394 
f 1396/1983/1396 1363/1950/1363 1362/1949/1362 
f 1396/1983/1396 1362/1949/1362 1395/1982/1395 
f 1397/1984/1397 1364/1951/1364 1363/1950/1363 
f 1397/1984/1397 1363/1950/1363 1396/1983/1396 
f 1398/1985/1398 1365/1952/1365 1364/1951/1364 
f 1398/1985/1398 1364/1951/1364 1397/1984/1397 
f 1399/1986/1399 1366/1953/1366 1365/1952/1365 
f 1399/1986/1399 1365/1952/1365 1398/1985/1398 
f 1400/1987/1400 1367/1954/1367 1366/1953/1366 
f 1400/1987/1400 1366/1953/1366 1399/1986/1399 
f 1401/1988/1401 1368/1955/1368 1367/1954/1367 
f 1401/1988/1401 1367/1954/1367 1400/1987/1400 
f 1402/1989/1402 1369/1956/1369 1368/1955/1368 
f 1402/1989/1402 1368/1955/1368 1401/1988/1401 
f 1403/1990/1403 1370/1957/1370 1369/1956/1369 
f 1403/1990/1403 1369/1956/1369 1402/1989/1402 
f 1404/1991/1404 1371/1958/1371 1370/1957/1370 
f 1404/1991/1404 1370/1957/1370 1403/1990/1403 
f 1405/1992/1405 1372/1959/1372 1371/1958/1371 
f 1405/1992/1405 1371/1958/1371 1404/1991/1404 
f 1406/1993/1406 1373/1960/1373 1372/1959/1372 
f 1406/1993/1406 1372/1959/1372 1405/1992/1405 
f 1407/1994/1407 1374/1961/1374 1373/1960/1373 
f 1407/1994/1407 1373/1960/1373 1406/1993/1406 
f 1408/1995/1408 1375/1962/1375 1374/1961/1374 
f 1408/1995/1408 1374/1961/1374 1407/1994/1407 
f 1409/1996/1409 1376/1963/1376 1375/1962/1375 
f 1409/1996/1409 1375/1962/1375 1408/1995/1408 
f 1410/1997/1410 1377/1964/1377 1376/1963/1376 
f 1410/1997/1410 1376/1963/1376 1409/1996/1409 
f 1411/1998/1411 1378/1965/1378 1377/1964/1377 
f 1411/1998/1411 1377/1964/1377 1410/1997/1410 
f 1412/1999/1412 1379/1966/1379 1378/1965/1378 
f 1412/1999/1412 1378/1965/1378 1411/1998/1411 
f 1413/2000/1413 1380/1967/1380 1379/1966/1379 
f 1413/2000/1413 1379/1966/1379 1412/1999/1412 
f 1414/2001/1414 1381/1968/1381 1380/1967/1380 
f 1414/2001/1414 1380/1967/1380 1413/2000/1413 
f 1415/2002/1415 1382/1969/1382 1381/1968/1381 
f 1415/2002/1415 1381/1968/1381 1414/2001/1414 
f 1416/2003/1416 1383/1970/1383 1382/1969/1382 
f 1416/2003/1416 1382/1969/1382 1415/2002/1415 
f 1417/2004/1417 1384/1971/1384 1383/1970/1383 
f 1417/2004/1417 1383/1970/1383 1416/2003/1416 
f 1418/2005/1418 1385/1972/1385 1384/1971/1384 
f 1418/2005/1418 1384/1971/1384 1417/2004/1417 
f 1419/2006/1419 1386/1973/1386 1385/1972/1385 
f 1419/2006/1419 1385/1972/1385 1418/2005/1418 
f 1420/2007/1420 1387/1974/1387 1386/1973/1386 
f 1420/2007/1420 1386/1973/1386 1419/2006/1419 
f 1421/2008/1421 1388/1975/1388 1387/1974/1387 
f 1421/2008/1421 1387/1974/1387 1420/2007/1420 
f 1423/2009/1423 1390/1976/1390 1389/1977/1389 
f 1423/2009/1423 1389/1977/1389 1422/2010/1422 
f 1424/2011/1424 1391/1978/1391 1390/1976/1390 
f 1424/2011/1424 1390/1976/1390 1423/2009/1423 
f 1425/2012/1425 1392/1979/1392 1391/1978/1391 
f 1425/2012/1425 1391/1978/1391 1424/2011/1424 
f 1426/2013/1426 1393/1980/1393 1392/1979/1392 
f 1426/2013/1426 1392/1979/1392 1425/2012/1425 
f 1427/2014/1427 1394/1981/1394 1393/1980/1393 
f 1427/2014/1427 1393/1980/1393 1426/2013/1426 
f 1428/2015/1428 1395/1982/1395 1394/1981/1394 
f 1428/2015/1428 1394/1981/1394 1427/2014/1427 
f 1429/2016/1429 1396/1983/1396 1395/1982/1395 
f 1429/2016/1429 1395/1982/1395 1428/2015/1428 
f 1430/2017/1430 1397/1984/1397 1396/1983/1396 
f 1430/2017/1430 1396/1983/1396 1429/2016/1429 
f 1431/2018/1431 1398/1985/1398 1397/1984/1397 
f 1431/2018/1431 1397/1984/1397 1430/2017/1430 
f 1432/2019/1432 1399/1986/1399 1398/1985/1398 
f 1432/2019/1432 1398/1985/1398 1431/2018/1431 
f 1433/2020/1433 1400/1987/1400 1399/1986/1399 
f 1433/2020/1433 1399/1986/1399 1432/2019/1432 
f 1434/2021/1434 1401/1988/1401 1400/1987/1400 
f 1434/2021/1434 1400/1987/1400 1433/2020/1433 
f 1435/2022/1435 1402/1989/1402 1401/1988/1401 
f 1435/2022/1435 1401/1988/1401 1434/2021/1434 
f 1436/2023/1436 1403/1990/1403 1402/1989/1402 
f 1436/2023/1436 1402/1989/1402 1435/2022/1435 
f 1437/2024/1437 1404/1991/1404 1403/1990/1403 
f 1437/2024/1437 1403/1990/1403 1436/2023/1436 
f 1438/2025/1438 1405/1992/1405 1404/1991/1404 
f 1438/2025/1438 1404/1991/1404 1437/2024/1437 
f 1439/2026/1439 1406/1993/1406 1405/1992/1405 
f 1439/2026/1439 1405/1992/1405 1438/2025/1438 
f 1440/2027/1440 1407/1994/1407 1406/1993/1406 
f 1440/2027/1440 1406/1993/1406 1439/2026/1439 
f 1441/2028/1441 1408/1995/1408 1407/1994/1407 
f 1441/2028/1441 1407/1994/1407 1440/2027/1440 
f 1442/2029/1442 1409/1996/1409 1408/1995/1408 
f 1442/2029/1442 1408/1995/1408 1441/2028/1441 
f 1443/2030/1443 1410/1997/1410 1409/1996/1409 
f 1443/2030/1443 1409/1996/1409 1442/2029/1442 
f 1444/2031/1444 1411/1998/1411 1410/1997/1410 
f 1444/2031/1444 1410/1997/1410 1443/2030/1443 
f 1445/2032/1445 1412/1999/1412 1411/1998/1411 
f 1445/2032/1445 1411/1998/1411 1444/2031/1444 
f 1446/2033/1446 1413/2000/1413 1412/1999/1412 
f 1446/2033/1446 1412/1999/1412 1445/2032/1445 
f 1447/2034/1447 1414/2001/1414 1413/2000/1413 
f 1447/2034/1447 1413/2000/1413 1446/2033/1446 
f 1448/2035/1448 1415/2002/1415 1414/2001/1414 
f 1448/2035/1448 1414/2001/1414 1447/2034/1447 
f 1449/2036/1449 1416/2003/1416 1415/2002/1415 
f 1449/2036/1449 1415/2002/1415 1448/2035/1448 
f 1450/2037/1450 1417/2004/1417 1416/2003/1416 
f 1450/2037/1450 1416/2003/1416 1449/2036/1449 
f 1451/2038/1451 1418/2005/1418 1417/2004/1417 
f 1451/2038/1451 1417/2004/1417 1450/2037/1450 
f 1452/2039/1452 1419/2006/1419 1418/2005/1418 
f 1452/2039/1452 1418/2005/1418 1451/2038/1451 
f 1453/2040/1453 1420/2007/1420 1419/2006/1419 
f 1453/2040/1453 1419/2006/1419 1452/2039/1452 
f 1454/2041/1454 1421/2008/1421 1420/2007/1420 
f 1454/2041/1454 1420/2007/1420 1453/2040/1453 
f 1456/2042/1456 1423/2009/1423 1422/2010/1422 
f 1456/2042/1456 1422/2010/1422 1455/2043/1455 
f 1457/2044/1457 1424/2011/1424 1423/2009/1423 
f 1457/2044/1457 1423/2009/1423 1456/2042/1456 
f 1458/2045/1458 1425/2012/1425 1424/2011/1424 
f 1458/2045/1458 1424/2011/1424 1457/2044/1457 
f 1459/2046/1459 1426/2013/1426 1425/2012/1425 
f 1459/2046/1459 1425/2012/1425 1458/2045/1458 
f 1460/2047/1460 1427/2014/1427 1426/2013/1426 
f 1460/2047/1460 1426/2013/1426 1459/2046/1459 
f 1461/2048/1461 1428/2015/1428 1427/2014/1427 
f 1461/2048/1461 1427/2014/1427 1460/2047/1460 
f 1462/2049/1462 1429/2016/1429 1428/2015/1428 
f 1462/2049/1462 1428/2015/1428 1461/2048/1461 
f 1463/2050/1463 1430/2017/1430 1429/2016/1429 
f 1463/2050/1463 1429/2016/1429 1462/2049/1462 
f 1464/2051/1464 1431/2018/1431 1430/2017/1430 
f 1464/2051/1464 1430/2017/1430 1463/2050/1463 
f 1465/2052/1465 1432/2019/1432 1431/2018/1431 
f 1465/2052/1465 1431/2018/1431 1464/2051/1464 
f 1466/2053/1466 1433/2020/1433 1432/2019/1432 
f 1466/2053/1466 1432/2019/1432 1465/2052/1465 
f 1467/2054/1467 1434/2021/1434 1433/2020/1433 
f 1467/2054/1467 1433/2020/1433 1466/2053/1466 
f 1468/2055/1468 1435/2022/1435 1434/2021/1434 
f 1468/2055/1468 1434/2021/1434 1467/2054/1467 
f 1469/2056/1469 1436/2023/1436 1435/2022/1435 
f 1469/2056/1469 1435/2022/1435 1468/2055/1468 
f 1470/2057/1470 1437/2024/1437 1436/2023/1436 
f 1470/2057/1470 1436/2023/1436 1469/2056/1469 
f 1471/2058/1471 1438/2025/1438 1437/2024/1437 
f 1471/2058/1471 1437/2024/1437 1470/2057/1470 
f 1472/2059/1472 1439/2026/1439 1438/2025/1438 
f 1472/2059/1472 1438/2025/1438 1471/2058/1471 
f 1473/2060/1473 1440/2027/1440 1439/2026/1439 
f 1473/2060/1473 1439/2026/1439 1472/2059/1472 
f 1474/2061/1474 1441/2028/1441 1440/2027/1440 
f 1474/2061/1474 1440/2027/1440 1473/2060/1473 
f 1475/2062/1475 1442/2029/1442 1441/2028/1441 
f 1475/2062/1475 1441/2028/1441 1474/2061/1474 
f 1476/2063/1476 1443/2030/1443 1442/2029/1442 
f 1476/2063/1476 1442/2029/1442 1475/2062/1475 
f 1477/2064/1477 1444/2031/1444 1443/2030/1443 
f 1477/2064/1477 1443/2030/1443 1476/2063/1476 
f 1478/2065/1478 1445/2032/1445 1444/2031/1444 
f 1478/2065/1478 1444/2031/1444 1477/2064/1477 
f 1479/2066/1479 1446/2033/1446 1445/2032/1445 
f 1479/2066/1479 1445/2032/1445 1478/2065/1478 
f 1480/2067/1480 1447/2034/1447 1446/2033/1446 
f 1480/2067/1480 1446/2033/1446 1479/2066/1479 
f 1481/2068/1481 1448/2035/1448 1447/2034/1447 
f 1481/2068/1481 1447/2034/1447 1480/2067/1480 
f 1482/2069/1482 1449/2036/1449 1448/2035/1448 
f 1482/2069/1482 1448/2035/1448 1481/2068/1481 
f 1483/2070/1483 1450/2037/1450 1449/2036/1449 
f 1483/2070/1483 1449/2036/1449 1482/2069/1482 
f 1484/2071/1484 1451/2038/1451 1450/2037/1450 
f 1484/2071/1484 1450/2037/1450 1483/2070/1483 
f 1485/2072/1485 1452/2039/1452 1451/2038/1451 
f 1485/2072/1485 1451/2038/1451 1484/2071/1484 
f 1486/2073/1486 1453/2040/1453 1452/2039/1452 
f 1486/2073/1486 1452/2039/1452 1485/2072/1485 
f 1487/2074/1487 1454/2041/1454 1453/2040/1453 
f 1487/2074/1487 1453/2040/1453 1486/2073/1486 
f 1489/2075/1489 1456/2042/1456 1455/2043/1455 
f 1489/2075/1489 1455/2043/1455 1488/2076/1488 
f 1490/2077/1490 1457/2044/1457 1456/2042/1456 
f 1490/2077/1490 1456/2042/1456 1489/2075/1489 
f 1491/2078/1491 1458/2045/1458 1457/2044/1457 
f 1491/2078/1491 1457/2044/1457 1490/2077/1490 
f 1492/2079/1492 1459/2046/1459 1458/2045/1458 
f 1492/2079/1492 1458/2045/1458 1491/2078/1491 
f 1493/2080/1493 1460/2047/1460 1459/2046/1459 
f 1493/2080/1493 1459/2046/1459 1492/2079/1492 
f 1494/2081/1494 1461/2048/1461 1460/2047/1460 
f 1494/2081/1494 1460/2047/1460 1493/2080/1493 
f 1495/2082/1495 1462/2049/1462 1461/2048/1461 
f 1495/2082/1495 1461/2048/1461 1494/2081/1494 
f 1496/2083/1496 1463/2050/1463 1462/2049/1462 
f 1496/2083/1496 1462/2049/1462 1495/2082/1495 
f 1497/2084/1497 1464/2051/1464 1463/2050/1463 
f 1497/2084/1497 1463/2050/1463 1496/2083/1496 
f 1498/2085/1498 1465/2052/1465 1464/2051/1464 
f 1498/2085/1498 1464/2051/1464 1497/2084/1497 
f 1499/2086/1499 1466/2053/1466 1465/2052/1465 
f 1499/2086/1499 1465/2052/1465 1498/2085/1498 
f 1500/2087/1500 1467/2054/1467 1466/2053/1466 
f 1500/2087/1500 1466/2053/1466 1499/2086/1499 
f 1501/2088/1501 1468/2055/1468 1467/2054/1467 
f 1501/2088/1501 1467/2054/1467 1500/2087/1500 
f 1502/2089/1502 1469/2056/1469 1468/2055/1468 
f 1502/2089/1502 1468/2055/1468 1501/2088/1501 
f 1503/2090/1503 1470/2057/1470 1469/2056/1469 
f 1503/2090/1503 1469/2056/1469 1502/2089/1502 
f 1504/2091/1504 1471/2058/1471 1470/2057/1470 
f 1504/2091/1504 1470/2057/1470 1503/2090/1503 
f 1505/2092/1505 1472/2059/1472 1471/2058/1471 
f 1505/2092/1505 1471/2058/1471 1504/2091/1504 
f 1506/2093/1506 1473/2060/1473 1472/2059/1472 
f 1506/2093/1506 1472/2059/1472 1505/2092/1505 
f 1507/2094/1507 1474/2061/1474 1473/2060/1473 
f 1507/2094/1507 1473/2060/1473 1506/2093/1506 
f 1508/2095/1508 1475/2062/1475 1474/2061/1474 
f 1508/2095/1508 1474/2061/1474 1507/2094/1507 
f 1509/2096/1509 1476/2063/1476 1475/2062/1475 
f 1509/2096/1509 1475/2062/1475 1508/2095/1508 
f 1510/2097/1510 1477/2064/1477 1476/2063/1476 
f 1510/2097/1510 1476/2063/1476 1509/2096/1509 
f 1511/2098/1511 1478/2065/1478 1477/2064/1477 
f 1511/2098/1511 1477/2064/1477 1510/2097/1510 
f 1512/2099/1512 1479/2066/1479 1478/2065/1478 
f 1512/2099/1512 1478/2065/1478 1511/2098/1511 
f 1513/2100/1513 1480/2067/1480 1479/2066/1479 
f 1513/2100/1513 1479/2066/1479 1512/2099/1512 
f 1514/2101/1514 1481/2068/1481 1480/2067/1480 
f 1514/2101/1514 1480/2067/1480 1513/2100/1513 
f 1515/2102/1515 1482/2069/1482 1481/2068/1481 
f 1515/2102/1515 1481/2068/1481 1514/2101/1514 
f 1516/2103/1516 1483/2070/1483 1482/2069/1482 
f 1516/2103/1516 1482/2069/1482 1515/2102/1515 
f 1517/2104/1517 1484/2071/1484 1483/2070/1483 
f 1517/2104/1517 1483/2070/1483 1516/2103/1516 
f 1518/2105/1518 1485/2072/1485 1484/2071/1484 
f 1518/2105/1518 1484/2071/1484 1517/2104/1517 
f 1519/2106/1519 1486/2073/1486 1485/2072/1485 
f 1519/2106/1519 1485/2072/1485 1518/2105/1518 
f 1520/2107/1520 1487/2074/1487 1486/2073/1486 
f 1520/2107/1520 1486/2073/1486 1519/2106/1519 
f 1522/2108/1522 1489/2075/1489 1488/2076/1488 
f 1522/2108/1522 1488/2076/1488 1521/2109/1521 
f 1523/2110/1523 1490/2077/1490 1489/2075/1489 
f 1523/2110/1523 1489/2075/1489 1522/2108/1522 
f 1524/2111/1524 1491/2078/1491 1490/2077/1490 
f 1524/2111/1524 1490/2077/1490 1523/2110/1523 
f 1525/2112/1525 1492/2079/1492 1491/2078/1491 
f 1525/2112/1525 1491/2078/1491 1524/2111/1524 
f 1526/2113/1526 1493/2080/1493 1492/2079/1492 
f 1526/2113/1526 1492/2079/1492 1525/2112/1525 
f 1527/2114/1527 1494/2081/1494 1493/2080/1493 
f 1527/2114/1527 1493/2080/1493 1526/2113/1526 
f 1528/2115/1528 1495/2082/1495 1494/2081/1494 
f 1528/2115/1528 1494/2081/1494 1527/2114/1527 
f 1529/2116/1529 1496/2083/1496 1495/2082/1495 
f 1529/2116/1529 1495/2082/1495 1528/2115/1528 
f 1530/2117/1530 1497/2084/1497 1496/2083/1496 
f 1530/2117/1530 1496/2083/1496 1529/2116/1529 
f 1531/2118/1531 1498/2085/1498 1497/2084/1497 
f 1531/2118/1531 1497/2084/1497 1530/2117/1530 
f 1532/2119/1532 1499/2086/1499 1498/2085/1498 
f 1532/2119/1532 1498/2085/1498 1531/2118/1531 
f 1533/2120/1533 1500/2087/1500 1499/2086/1499 
f 1533/2120/1533 1499/2086/1499 1532/2119/1532 
f 1534/2121/1534 1501/2088/1501 1500/2087/1500 
f 1534/2121/1534 1500/2087/1500 1533/2120/1533 
f 1535/2122/1535 1502/2089/1502 1501/2088/1501 
f 1535/2122/1535 1501/2088/1501 1534/2121/1534 
f 1536/2123/1536 1503/2090/1503 1502/2089/1502 
f 1536/2123/1536 1502/2089/1502 1535/2122/1535 
f 1537/2124/1537 1504/2091/1504 1503/2090/1503 
f 1537/2124/1537 1503/2090/1503 1536/2123/1536 
f 1538/2125/1538 1505/2092/1505 1504/2091/1504 
f 1538/2125/1538 1504/2091/1504 1537/2124/1537 
f 1539/2126/1539 1506/2093/1506 1505/2092/1505 
f 1539/2126/1539 1505/2092/1505 1538/2125/1538 
f 1540/2127/1540 1507/2094/1507 1506/2093/1506 
f 1540/2127/1540 1506/2093/1506 1539/2126/1539 
f 1541/2128/1541 1508/2095/1508 1507/2094/1507 
f 1541/2128/1541 1507/2094/1507 1540/2127/1540 
f 1542/2129/1542 1509/2096/1509 1508/2095/1508 
f 1542/2129/1542 1508/2095/1508 1541/2128/1541 
f 1543/2130/1543 1510/2097/1510 1509/2096/1509 
f 1543/2130/1543 1509/2096/1509 1542/2129/1542 
f 1544/2131/1544 1511/2098/1511 1510/2097/1510 
f 1544/2131/1544 1510/2097/1510 1543/2130/1543 
f 1545/2132/1545 1512/2099/1512 1511/2098/1511 
f 1545/2132/1545 1511/2098/1511 1544/2131/1544 
f 1546/2133/1546 1513/2100/1513 1512/2099/1512 
f 1546/2133/1546 1512/2099/1512 1545/2132/1545 
f 1547/2134/1547 1514/2101/1514 1513/2100/1513 
f 1547/2134/1547 1513/2100/1513 1546/2133/1546 
f 1548/2135/1548 1515/2102/1515 1514/2101/1514 
f 1548/2135/1548 1514/2101/1514 1547/2134/1547 
f 1549/2136/1549 1516/2103/1516 1515/2102/1515 
f 1549/2136/1549 1515/2102/1515 1548/2135/1548 
f 1550/2137/1550 1517/2104/1517 1516/2103/1516 
f 1550/2137/1550 1516/2103/1516 1549/2136/1549 
f 1551/2138/1551 1518/2105/1518 1517/2104/1517 
f 1551/2138/1551 1517/2104/1517 1550/2137/1550 
f 1552/2139/1552 1519/2106/1519 1518/2105/1518 
f 1552/2139/1552 1518/2105/1518 1551/2138/1551 
f 1553/2140/1553 1520/2107/1520 1519/2106/1519 
f 1553/2140/1553 1519/2106/1519 1552/2139/1552 
f 1555/2141/1555 1522/2108/1522 1521/2109/1521 
f 1555/2141/1555 1521/2109/1521 1554/2142/1554 
f 1556/2143/1556 1523/2110/1523 1522/2108/1522 
f 1556/2143/1556 1522/2108/1522 1555/2141/1555 
f 1557/2144/1557 1524/2111/1524 1523/2110/1523 
f 1557/2144/1557 1523/2110/1523 1556/2143/1556 
f 1558/2145/1558 1525/2112/1525 1524/2111/1524 
f 1558/2145/1558 1524/2111/1524 1557/2144/1557 
f 1559/2146/1559 1526/2113/1526 1525/2112/1525 
f 1559/2146/1559 1525/2112/1525 1558/2145/1558 
f 1560/2147/1560 1527/2114/1527 1526/2113/1526 
f 1560/2147/1560 1526/2113/1526 1559/2146/1559 
f 1561/2148/1561 1528/2115/1528 1527/2114/1527 
f 1561/2148/1561 1527/2114/1527 1560/2147/1560 
f 1562/2149/1562 1529/2116/1529 1528/2115/1528 
f 1562/2149/1562 1528/2115/1528 1561/2148/1561 
f 1563/2150/1563 1530/2117/1530 1529/2116/1529 
f 1563/2150/1563 1529/2116/1529 1562/2149/1562 
f 1564/2151/1564 1531/2118/1531 1530/2117/1530 
f 1564/2151/1564 1530/2117/1530 1563/2150/1563 
f 1565/2152/1565 1532/2119/1532 1531/2118/1531 
f 1565/2152/1565 1531/2118/1531 1564/2151/1564 
f 1566/2153/1566 1533/2120/1533 1532/2119/1532 
f 1566/2153/1566 1532/2119/1532 1565/2152/1565 
f 1567/2154/1567 1534/2121/1534 1533/2120/1533 
f 1567/2154/1567 1533/2120/1533 1566/2153/1566 
f 1568/2155/1568 1535/2122/1535 1534/2121/1534 
f 1568/2155/1568 1534/2121/1534 1567/2154/1567 
f 1569/2156/1569 1536/2123/1536 1535/2122/1535 
f 1569/2156/1569 1535/2122/1535 1568/2155/1568 
f 1570/2157/1570 1537/2124/1537 1536/2123/1536 
f 1570/2157/1570 1536/2123/1536 1569/2156/1569 
f 1571/2158/1571 1538/2125/1538 1537/2124/1537 
f 1571/2158/1571 1537/2124/1537 1570/2157/1570 
f 1572/2159/1572 1539/2126/1539 1538/2125/1538 
f 1572/2159/1572 1538/2125/1538 1571/2158/1571 
f 1573/2160/1573 1540/2127/1540 1539/2126/1539 
f 1573/2160/1573 1539/2126/1539 1572/2159/1572 
f 1574/2161/1574 1541/2128/1541 1540/2127/1540 
f 1574/2161/1574 1540/2127/1540 1573/2160/1573 
f 1575/2162/1575 1542/2129/1542 1541/2128/1541 
f 1575/2162/1575 1541/2128/1541 1574/2161/1574 
f 1576/2163/1576 1543/2130/1543 1542/2129/1542 
f 1576/2163/1576 1542/2129/1542 1575/2162/1575 
f 1577/2164/1577 1544/2131/1544 1543/2130/1543 
f 1577/2164/1577 1543/2130/1543 1576/2163/1576 
f 1578/2165/1578 1545/2132/1545 1544/2131/1544 
f 1578/2165/1578 1544/2131/1544 1577/2164/1577 
f 1579/2166/1579 1546/2133/1546 1545/2132/1545 
f 1579/2166/1579 1545/2132/1545 1578/2165/1578 
f 1580/2167/1580 1547/2134/1547 1546/2133/1546 
f 1580/2167/1580 1546/2133/1546 1579/2166/1579 
f 1581/2168/1581 1548/2135/1548 1547/2134/1547 
f 1581/2168/1581 1547/2134/1547 1580/2167/1580 
f 1582/2169/1582 1549/2136/1549 1548/2135/1548 
f 1582/2169/1582 1548/2135/1548 1581/2168/1581 
f 1583/2170/1583 1550/2137/1550 1549/2136/1549 
f 1583/2170/1583 1549/2136/1549 1582/2169/1582 
f 1584/2171/1584 1551/2138/1551 1550/2137/1550 
f 1584/2171/1584 1550/2137/1550 1583/2170/1583 
f 1585/2172/1585 1552/2139/1552 1551/2138/1551 
f 1585/2172/1585 1551/2138/1551 1584/2171/1584 
f 1586/2173/1586 1553/2140/1553 1552/2139/1552 
f 1586/2173/1586 1552/2139/1552 1585/2172/1585 
f 1588/2174/1588 1555/2141/1555 1554/2142/1554 
f 1588/2174/1588 1554/2142/1554 1587/2175/1587 
f 1589/2176/1589 1556/2143/1556 1555/2141/1555 
f 1589/2176/1589 1555/2141/1555 1588/2174/1588 
f 1590/2177/1590 1557/2144/1557 1556/2143/1556 
f 1590/2177/1590 1556/2143/1556 1589/2176/1589 
f 1591/2178/1591 1558/2145/1558 1557/2144/1557 
f 1591/2178/1591 1557/2144/1557 1590/2177/1590 
f 1592/2179/1592 1559/2146/1559 1558/2145/1558 
f 1592/2179/1592 1558/2145/1558 1591/2178/1591 
f 1593/2180/1593 1560/2147/1560 1559/2146/1559 
f 1593/2180/1593 1559/2146/1559 1592/2179/1592 
f 1594/2181/1594 1561/2148/1561 1560/2147/1560 
f 1594/2181/1594 1560/2147/1560 1593/2180/1593 
f 1595/2182/1595 1562/2149/1562 1561/2148/1561 
f 1595/2182/1595 1561/2148/1561 1594/2181/1594 
f 1596/2183/1596 1563/2150/1563 1562/2149/1562 
f 1596/2183/1596 1562/2149/1562 1595/2182/1595 
f 1597/2184/1597 1564/2151/1564 1563/2150/1563 
f 1597/2184/1597 1563/2150/1563 1596/2183/1596 
f 1598/2185/1598 1565/2152/1565 1564/2151/1564 
f 1598/2185/1598 1564/2151/1564 1597/2184/1597 
f 1599/2186/1599 1566/2153/1566 1565/2152/1565 
f 1599/2186/1599 1565/2152/1565 1598/2185/1598 
f 1600/2187/1600 1567/2154/1567 1566/2153/1566 
f 1600/2187/1600 1566/2153/1566 1599/2186/1599 
f 1601/2188/1601 1568/2155/1568 1567/2154/1567 
f 1601/2188/1601 1567/2154/1567 1600/2187/1600 
f 1602/2189/1602 1569/2156/1569 1568/2155/1568 
f 1602/2189/1602 1568/2155/1568 1601/2188/1601 
f 1603/2190/1603 1570/2157/1570 1569/2156/1569 
f 1603/2190/1603 1569/2156/1569 1602/2189/1602 
f 1604/2191/1604 1571/2158/1571 1570/2157/1570 
f 1604/2191/1604 1570/2157/1570 1603/2190/1603 
f 1605/2192/1605 1572/2159/1572 1571/2158/1571 
f 1605/2192/1605 1571/2158/1571 1604/2191/1604 
f 1606/2193/1606 1573/2160/1573 1572/2159/1572 
f 1606/2193/1606 1572/2159/1572 1605/2192/1605 
f 1607/2194/1607 1574/2161/1574 1573/2160/1573 
f 1607/2194/1607 1573/2160/1573 1606/2193/1606 
f 1608/2195/1608 1575/2162/1575 1574/2161/1574 
f 1608/2195/1608 1574/2161/1574 1607/2194/1607 
f 1609/2196/1609 1576/2163/1576 1575/2162/1575 
f 1609/2196/1609 1575/2162/1575 1608/2195/1608 
f 1610/2197/1610 1577/2164/1577 1576/2163/1576 
f 1610/2197/1610 1576/2163/1576 1609/2196/1609 
f 1611/2198/1611 1578/2165/1578 1577/2164/1577 
f 1611/2198/1611 1577/2164/1577 1610/2197/1610 
f 1612/2199/1612 1579/2166/1579 1578/2165/1578 
f 1612/2199/1612 1578/2165/1578 1611/2198/1611 
f 1613/2200/1613 1580/2167/1580 1579/2166/1579 
f 1613/2200/1613 1579/2166/1579 1612/2199/1612 
f 1614/2201/1614 1581/2168/1581 1580/2167/1580 
f 1614/2201/1614 1580/2167/1580 1613/2200/1613 
f 1615/2202/1615 1582/2169/1582 1581/2168/1581 
f 1615/2202/1615 1581/2168/1581 1614/2201/1614 
f 1616/2203/1616 1583/2170/1583 1582/2169/1582 
f 1616/2203/1616 1582/2169/1582 1615/2202/1615 
f 1617/2204/1617 1584/2171/1584 1583/2170/1583 
f 1617/2204/1617 1583/2170/1583 1616/2203/1616 
f 1618/2205/1618 1585/2172/1585 1584/2171/1584 
f 1618/2205/1618 1584/2171/1584 1617/2204/1617 
f 1619/2206/1619 1586/2173/1586 1585/2172/1585 
f 1619/2206/1619 1585/2172/1585 1618/2205/1618 
f 1621/2207/1621 1588/2174/1588 1587/2175/1587 
f 1621/2207/1621 1587/2175/1587 1620/2208/1620 
f 1622/2209/1622 1589/2176/1589 1588/2174/1588 
f 1622/2209/1622 1588/2174/1588 1621/2207/1621 
f 1623/2210/1623 1590/2177/1590 1589/2176/1589 
f 1623/2210/1623 1589/2176/1589 1622/2209/1622 
f 1624/2211/1624 1591/2178/1591 1590/2177/1590 
f 1624/2211/1624 1590/2177/1590 1623/2210/1623 
f 1625/2212/1625 1592/2179/1592 1591/2178/1591 
f 1625/2212/1625 1591/2178/1591 1624/2211/1624 
f 1626/2213/1626 1593/2180/1593 1592/2179/1592 
f 1626/2213/1626 1592/2179/1592 1625/2212/1625 
f 1627/2214/1627 1594/2181/1594 1593/2180/1593 
f 1627/2214/1627 1593/2180/1593 1626/2213/1626 
f 1628/2215/1628 1595/2182/1595 1594/2181/1594 
f 1628/2215/1628 1594/2181/1594 1627/2214/1627 
f 1629/2216/1629 1596/2183/1596 1595/2182/1595 
f 1629/2216/1629 1595/2182/1595 1628/2215/1628 
f 1630/2217/1630 1597/2184/1597 1596/2183/1596 
f 1630/2217/1630 1596/2183/1596 1629/2216/1629 
f 1631/2218/1631 1598/2185/1598 1597/2184/1597 
f 1631/2218/1631 1597/2184/1597 1630/2217/1630 
f 1632/2219/1632 1599/2186/1599 1598/2185/1598 
f 1632/2219/1632 1598/2185/1598 1631/2218/1631 
f 1633/2220/1633 1600/2187/1600 1599/2186/1599 
f 1633/2220/1633 1599/2186/1599 1632/2219/1632 
f 1634/2221/1634 1601/2188/1601 1600/2187/1600 
f 1634/2221/1634 1600/2187/1600 1633/2220/1633 
f 1635/2222/1635 1602/2189/1602 1601/2188/1601 
f 1635/2222/1635 1601/2188/1601 1634/2221/1634 
f 1636/2223/1636 1603/2190/1603 1602/2189/1602 
f 1636/2223/1636 1602/2189/1602 1635/2222/1635 
f 1637/2224/1637 1604/2191/1604 1603/2190/1603 
f 1637/2224/1637 1603/2190/1603 1636/2223/1636 
f 1638/2225/1638 1605/2192/1605 1604/2191/1604 
f 1638/2225/1638 1604/2191/1604 1637/2224/1637 
f 1639/2226/1639 1606/2193/1606 1605/2192/1605 
f 1639/2226/1639 1605/2192/1605 1638/2225/1638 
f 1640/2227/1640 1607/2194/1607 1606/2193/1606 
f 1640/2227/1640 1606/2193/1606 1639/2226/1639 
f 1641/2228/1641 1608/2195/1608 1607/2194/1607 
f 1641/2228/1641 1607/2194/1607 1640/2227/1640 
f 1642/2229/1642 1609/2196/1609 1608/2195/1608 
f 1642/2229/1642 1608/2195/1608 1641/2228/1641 
f 1643/2230/1643 1610/2197/1610 1609/2196/1609 
f 1643/2230/1643 1609/2196/1609 1642/2229/1642 
f 1644/2231/1644 1611/2198/1611 1610/2197/1610 
f 1644/2231/1644 1610/2197/1610 1643/2230/1643 
f 1645/2232/1645 1612/2199/1612 1611/2198/1611 
f 1645/2232/1645 1611/2198/1611 1644/2231/1644 
f 1646/2233/1646 1613/2200/1613 1612/2199/1612 
f 1646/2233/1646 1612/2199/1612 1645/2232/1645 
f 1647/2234/1647 1614/2201/1614 1613/2200/1613 
f 1647/2234/1647 1613/2200/1613 1646/2233/1646 
f 1648/2235/1648 1615/2202/1615 1614/2201/1614 
f 1648/2235/1648 1614/2201/1614 1647/2234/1647 
f 1649/2236/1649 1616/2203/1616 1615/2202/1615 
f 1649/2236/1649 1615/2202/1615 1648/2235/1648 
f 1650/2237/1650 1617/2204/1617 1616/2203/1616 
f 1650/2237/1650 1616/2203/1616 1649/2236/1649 
f 1651/2238/1651 1618/2205/1618 1617/2204/1617 
f 1651/2238/1651 1617/2204/1617 1650/2237/1650 
f 1652/2239/1652 1619/2206/1619 1618/2205/1618 
f 1652/2239/1652 1618/2205/1618 1651/2238/1651 
f 1654/2240/1654 1621/2207/1621 1620/2208/1620 
f 1654/2240/1654 1620/2208/1620 1653/2241/1653 
f 1655/2242/1655 1622/2209/1622 1621/2207/1621 
f 1655/2242/1655 1621/2207/1621 1654/2240/1654 
f 1656/2243/1656 1623/2210/1623 1622/2209/1622 
f 1656/2243/1656 1622/2209/1622 1655/2242/1655 
f 1657/2244/1657 1624/2211/1624 1623/2210/1623 
f 1657/2244/1657 1623/2210/1623 1656/2243/1656 
f 1658/2245/1658 1625/2212/1625 1624/2211/1624 
f 1658/2245/1658 1624/2211/1624 1657/2244/1657 
f 1659/2246/1659 1626/2213/1626 1625/2212/1625 
f 1659/2246/1659 1625/2212/1625 1658/2245/1658 
f 1660/2247/1660 1627/2214/1627 1626/2213/1626 
f 1660/2247/1660 1626/2213/1626 1659/2246/1659 
f 1661/2248/1661 1628/2215/1628 1627/2214/1627 
f 1661/2248/1661 1627/2214/1627 1660/2247/1660 
f 1662/2249/1662 1629/2216/1629 1628/2215/1628 
f 1662/2249/1662 1628/2215/1628 1661/2248/1661 
f 1663/2250/1663 1630/2217/1630 1629/2216/1629 
f 1663/2250/1663 1629/2216/1629 1662/2249/1662 
f 1664/2251/1664 1631/2218/1631 1630/2217/1630 
f 1664/2251/1664 1630/2217/1630 1663/2250/1663 
f 1665/2252/1665 1632/2219/1632 1631/2218/1631 
f 1665/2252/1665 1631/2218/1631 1664/2251/1664 
f 1666/2253/1666 1633/2220/1633 1632/2219/1632 
f 1666/2253/1666 1632/2219/1632 1665/2252/1665 
f 1667/2254/1667 1634/2221/1634 1633/2220/1633 
f 1667/2254/1667 1633/2220/1633 1666/2253/1666 
f 1668/2255/1668 1635/2222/1635 1634/2221/1634 
f 1668/2255/1668 1634/2221/1634 1667/2254/1667 
f 1669/2256/1669 1636/2223/1636 1635/2222/1635 
f 1669/2256/1669 1635/2222/1635 1668/2255/1668 
f 1670/2257/1670 1637/2224/1637 1636/2223/1636 
f 1670/2257/1670 1636/2223/1636 1669/2256/1669 
f 1671/2258/1671 1638/2225/1638 1637/2224/1637 
f 1671/2258/1671 1637/2224/1637 1670/2257/1670 
f 1672/2259/1672 1639/2226/1639 1638/2225/1638 
f 1672/2259/1672 1638/2225/1638 1671/2258/1671 
f 1673/2260/1673 1640/2227/1640 1639/2226/1639 
f 1673/2260/1673 1639/2226/1639 1672/2259/1672 
f 1674/2261/1674 1641/2228/1641 1640/2227/1640 
f 1674/2261/1674 1640/2227/1640 1673/2260/1673 
f 1675/2262/1675 1642/2229/1642 1641/2228/1641 
f 1675/2262/1675 1641/2228/1641 1674/2261/1674 
f 1676/2263/1676 1643/2230/1643 1642/2229/1642 
f 1676/2263/1676 1642/2229/1642 1675/2262/1675 
f 1677/2264/1677 1644/2231/1644 1643/2230/1643 
f 1677/2264/1677 1643/2230/1643 1676/2263/1676 
f 1678/2265/1678 1645/2232/1645 1644/2231/1644 
f 1678/2265/1678 1644/2231/1644 1677/2264/1677 
f 1679/2266/1679 1646/2233/1646 1645/2232/1645 
f 1679/2266/1679 1645/2232/1645 1678/2265/1678 
f 1680/2267/1680 1647/2234/1647 1646/2233/1646 
f 1680/2267/1680 1646/2233/1646 1679/2266/1679 
f 1681/2268/1681 1648/2235/1648 1647/2234/1647 
f 1681/2268/1681 1647/2234/1647 1680/2267/1680 
f 1682/2269/1682 1649/2236/1649 1648/2235/1648 
f 1682/2269/1682 1648/2235/1648 1681/2268/1681 
f 1683/2270/1683 1650/2237/1650 1649/2236/1649 
f 1683/2270/1683 1649/2236/1649 1682/2269/1682 
f 1684/2271/1684 1651/2238/1651 1650/2237/1650 
f 1684/2271/1684 1650/2237/1650 1683/2270/1683 
f 1685/2272/1685 1652/2239/1652 1651/2238/1651 
f 1685/2272/1685 1651/2238/1651 1684/2271/1684 
f 1687/2273/1687 1654/2240/1654 1653/2241/1653 
f 1687/2273/1687 1653/2241/1653 1686/2274/1686 
f 1688/2275/1688 1655/2242/1655 1654/2240/1654 
f 1688/2275/1688 1654/2240/1654 1687/2273/1687 
f 1689/2276/1689 1656/2243/1656 1655/2242/1655 
f 1689/2276/1689 1655/2242/1655 1688/2275/1688 
f 1690/2277/1690 1657/2244/1657 1656/2243/1656 
f 1690/2277/1690 1656/2243/1656 1689/2276/1689 
f 1691/2278/1691 1658/2245/1658 1657/2244/1657 
f 1691/2278/1691 1657/2244/1657 1690/2277/1690 
f 1692/2279/1692 1659/2246/1659 1658/2245/1658 
f 1692/2279/1692 1658/2245/1658 1691/2278/1691 
f 1693/2280/1693 1660/2247/1660 1659/2246/1659 
f 1693/2280/1693 1659/2246/1659 1692/2279/1692 
f 1694/2281/1694 1661/2248/1661 1660/2247/1660 
f 1694/2281/1694 1660/2247/1660 1693/2280/1693 
f 1695/2282/1695 1662/2249/1662 1661/2248/1661 
f 1695/2282/1695 1661/2248/1661 1694/2281/1694 
f 1696/2283/1696 1663/2250/1663 1662/2249/1662 
f 1696/2283/1696 1662/2249/1662 1695/2282/1695 
f 1697/2284/1697 1664/2251/1664 1663/2250/1663 
f 1697/2284/1697 1663/2250/1663 1696/2283/1696 
f 1698/2285/1698 1665/2252/1665 1664/2251/1664 
f 1698/2285/1698 1664/2251/1664 1697/2284/1697 
f 1699/2286/1699 1666/2253/1666 1665/2252/1665 
f 1699/2286/1699 1665/2252/1665 1698/2285/1698 
f 1700/2287/1700 1667/2254/1667 1666/2253/1666 
f 1700/2287/1700 1666/2253/1666 1699/2286/1699 
f 1701/2288/1701 1668/2255/1668 1667/2254/1667 
f 1701/2288/1701 1667/2254/1667 1700/2287/1700 
f 1702/2289/1702 1669/2256/1669 1668/2255/1668 
f 1702/2289/1702 1668/2255/1668 1701/2288/1701 
f 1703/2290/1703 1670/2257/1670 1669/2256/1669 
f 1703/2290/1703 1669/2256/1669 1702/2289/1702 
f 1704/2291/1704 1671/2258/1671 1670/2257/1670 
f 1704/2291/1704 1670/2257/1670 1703/2290/1703 
f 1705/2292/1705 1672/2259/1672 1671/2258/1671 
f 1705/2292/1705 1671/2258/1671 1704/2291/1704 
f 1706/2293/1706 1673/2260/1673 1672/2259/1672 
f 1706/2293/1706 1672/2259/1672 1705/2292/1705 
f 1707/2294/1707 1674/2261/1674 1673/2260/1673 
f 1707/2294/1707 1673/2260/1673 1706/2293/1706 
f 1708/2295/1708 1675/2262/1675 1674/2261/1674 
f 1708/2295/1708 1674/2261/1674 1707/2294/1707 
f 1709/2296/1709 1676/2263/1676 1675/2262/1675 
f 1709/2296/1709 1675/2262/1675 1708/2295/1708 
f 1710/2297/1710 1677/2264/1677 1676/2263/1676 
f 1710/2297/1710 1676/2263/1676 1709/2296/1709 
f 1711/2298/1711 1678/2265/1678 1677/2264/1677 
f 1711/2298/1711 1677/2264/1677 1710/2297/1710 
f 1712/2299/1712 1679/2266/1679 1678/2265/1678 
f 1712/2299/1712 1678/2265/1678 1711/2298/1711 
f 1713/2300/1713 1680/2267/1680 1679/2266/1679 
f 1713/2300/1713 1679/2266/1679 1712/2299/1712 
f 1714/2301/1714 1681/2268/1681 1680/2267/1680 
f 1714/2301/1714 1680/2267/1680 1713/2300/1713 
f 1715/2302/1715 1682/2269/1682 1681/2268/1681 
f 1715/2302/1715 1681/2268/1681 1714/2301/1714 
f 1716/2303/1716 1683/2270/1683 1682/2269/1682 
f 1716/2303/1716 1682/2269/1682 1715/2302/1715 
f 1717/2304/1717 1684/2271/1684 1683/2270/1683 
f 1717/2304/1717 1683/2270/1683 1716/2303/1716 
f 1718/2305/1718 1685/2272/1685 1684/2271/1684 
f 1718/2305/1718 1684/2271/1684 1717/2304/1717 
f 1720/2306/1720 1687/2273/1687 1686/2274/1686 
f 1720/2306/1720 1686/2274/1686 1719/2307/1719 
f 1721/2308/1721 1688/2275/1688 1687/2273/1687 
f 1721/2308/1721 1687/2273/1687 1720/2306/1720 
f 1722/2309/1722 1689/2276/1689 1688/2275/1688 
f 1722/2309/1722 1688/2275/1688 1721/2308/1721 
f 1723/2310/1723 1690/2277/1690 1689/2276/1689 
f 1723/2310/1723 1689/2276/1689 1722/2309/1722 
f 1724/2311/1724 1691/2278/1691 1690/2277/1690 
f 1724/2311/1724 1690/2277/1690 1723/2310/1723 
f 1725/2312/1725 1692/2279/1692 1691/2278/1691 
f 1725/2312/1725 1691/2278/1691 1724/2311/1724 
f 1726/2313/1726 1693/2280/1693 1692/2279/1692 
f 1726/2313/1726 1692/2279/1692 1725/2312/1725 
f 1727/2314/1727 1694/2281/1694 1693/2280/1693 
f 1727/2314/1727 1693/2280/1693 1726/2313/1726 
f 1728/2315/1728 1695/2282/1695 1694/2281/1694 
f 1728/2315/1728 1694/2281/1694 1727/2314/1727 
f 1729/2316/1729 1696/2283/1696 1695/2282/1695 
f 1729/2316/1729 1695/2282/1695 1728/2315/1728 
f 1730/2317/1730 1697/2284/1697 1696/2283/1696 
f 1730/2317/1730 1696/2283/1696 1729/2316/1729 
f 1731/2318/1731 1698/2285/1698 1697/2284/1697 
f 1731/2318/1731 1697/2284/1697 1730/2317/1730 
f 1732/2319/1732 1699/2286/1699 1698/2285/1698 
f 1732/2319/1732 1698/2285/1698 1731/2318/1731 
f 1733/2320/1733 1700/2287/1700 1699/2286/1699 
f 1733/2320/1733 1699/2286/1699 1732/2319/1732 
f 1734/2321/1734 1701/2288/1701 1700/2287/1700 
f 1734/2321/1734 1700/2287/1700 1733/2320/1733 
f 1735/2322/1735 1702/2289/1702 1701/2288/1701 
f 1735/2322/1735 1701/2288/1701 1734/2321/1734 
f 1736/2323/1736 1703/2290/1703 1702/2289/1702 
f 1736/2323/1736 1702/2289/1702 1735/2322/1735 
f 1737/2324/1737 1704/2291/1704 1703/2290/1703 
f 1737/2324/1737 1703/2290/1703 1736/2323/1736 
f 1738/2325/1738 1705/2292/1705 1704/2291/1704 
f 1738/2325/1738 1704/2291/1704 1737/2324/1737 
f 1739/2326/1739 1706/2293/1706 1705/2292/1705 
f 1739/2326/1739 1705/2292/1705 1738/2325/1738 
f 1740/2327/1740 1707/2294/1707 1706/2293/1706 
f 1740/2327/1740 1706/2293/1706 1739/2326/1739 
f 1741/2328/1741 1708/2295/1708 1707/2294/1707 
f 1741/2328/1741 1707/2294/1707 1740/2327/1740 
f 1742/2329/1742 1709/2296/1709 1708/2295/1708 
f 1742/2329/1742 1708/2295/1708 1741/2328/1741 
f 1743/2330/1743 1710/2297/1710 1709/2296/1709 
f 1743/2330/1743 1709/2296/1709 1742/2329/1742 
f 1744/2331/1744 1711/2298/1711 1710/2297/1710 
f 1744/2331/1744 1710/2297/1710 1743/2330/1743 
f 1745/2332/1745 1712/2299/1712 1711/2298/1711 
f 1745/2332/1745 1711/2298/1711 1744/2331/1744 
f 1746/2333/1746 1713/2300/1713 1712/2299/1712 
f 1746/2333/1746 1712/2299/1712 1745/2332/1745 
f 1747/2334/1747 1714/2301/1714 1713/2300/1713 
f 1747/2334/1747 1713/2300/1713 1746/2333/1746 
f 1748/2335/1748 1715/2302/1715 1714/2301/1714 
f 1748/2335/1748 1714/2301/1714 1747/2334/1747 
f 1749/2336/1749 1716/2303/1716 1715/2302/1715 
f 1749/2336/1749 1715/2302/1715 1748/2335/1748 
f 1750/2337/1750 1717/2304/1717 1716/2303/1716 
f 1750/2337/1750 1716/2303/1716 1749/2336/1749 
f 1751/2338/1751 1718/2305/1718 1717/2304/1717 
f 1751/2338/1751 1717/2304/1717 1750/2337/1750 
f 1753/2339/1753 1720/2306/1720 1719/2307/1719 
f 1753/2339/1753 1719/2307/1719 1752/2340/1752 
f 1754/2341/1754 1721/2308/1721 1720/2306/1720 
f 1754/2341/1754 1720/2306/1720 1753/2339/1753 
f 1755/2342/1755 1722/2309/1722 1721/2308/1721 
f 1755/2342/1755 1721/2308/1721 1754/2341/1754 
f 1756/2343/1756 1723/2310/1723 1722/2309/1722 
f 1756/2343/1756 1722/2309/1722 1755/2342/1755 
f 1757/2344/1757 1724/2311/1724 1723/2310/1723 
f 1757/2344/1757 1723/2310/1723 1756/2343/1756 
f 1758/2345/1758 1725/2312/1725 1724/2311/1724 
f 1758/2345/1758 1724/2311/1724 1757/2344/1757 
f 1759/2346/1759 1726/2313/1726 1725/2312/1725 
f 1759/2346/1759 1725/2312/1725 1758/2345/1758 
f 1760/2347/1760 1727/2314/1727 1726/2313/1726 
f 1760/2347/1760 1726/2313/1726 1759/2346/1759 
f 1761/2348/1761 1728/2315/1728 1727/2314/1727 
f 1761/2348/1761 1727/2314/1727 1760/2347/1760 
f 1762/2349/1762 1729/2316/1729 1728/2315/1728 
f 1762/2349/1762 1728/2315/1728 1761/2348/1761 
f 1763/2350/1763 1730/2317/1730 1729/2316/1729 
f 1763/2350/1763 1729/2316/1729 1762/2349/1762 
f 1764/2351/1764 1731/2318/1731 1730/2317/1730 
f 1764/2351/1764 1730/2317/1730 1763/2350/1763 
f 1765/2352/1765 1732/2319/1732 1731/2318/1731 
f 1765/2352/1765 1731/2318/1731 1764/2351/1764 
f 1766/2353/1766 1733/2320/1733 1732/2319/1732 
f 1766/2353/1766 1732/2319/1732 1765/2352/1765 
f 1767/2354/1767 1734/2321/1734 1733/2320/1733 
f 1767/2354/1767 1733/2320/1733 1766/2353/1766 
f 1768/2355/1768 1735/2322/1735 1734/2321/1734 
f 1768/2355/1768 1734/2321/1734 1767/2354/1767 
f 1769/2356/1769 1736/2323/1736 1735/2322/1735 
f 1769/2356/1769 1735/2322/1735 1768/2355/1768 
f 1770/2357/1770 1737/2324/1737 1736/2323/1736 
f 1770/2357/1770 1736/2323/1736 1769/2356/1769 
f 1771/2358/1771 1738/2325/1738 1737/2324/1737 
f 1771/2358/1771 1737/2324/1737 1770/2357/1770 
f 1772/2359/1772 1739/2326/1739 1738/2325/1738 
f 1772/2359/1772 1738/2325/1738 1771/2358/1771 
f 1773/2360/1773 1740/2327/1740 1739/2326/1739 
f 1773/2360/1773 1739/2326/1739 1772/2359/1772 
f 1774/2361/1774 1741/2328/1741 1740/2327/1740 
f 1774/2361/1774 1740/2327/1740 1773/2360/1773 
f 1775/2362/1775 1742/2329/1742 1741/2328/1741 
f 1775/2362/1775 1741/2328/1741 1774/2361/1774 
f 1776/2363/1776 1743/2330/1743 1742/2329/1742 
f 1776/2363/1776 1742/2329/1742 1775/2362/1775 
f 1777/2364/1777 1744/2331/1744 1743/2330/1743 
f 1777/2364/1777 1743/2330/1743 1776/2363/1776 
f 1778/2365/1778 1745/2332/1745 1744/2331/1744 
f 1778/2365/1778 1744/2331/1744 1777/2364/1777 
f 1779/2366/1779 1746/2333/1746 1745/2332/1745 
f 1779/2366/1779 1745/2332/1745 1778/2365/1778 
f 1780/2367/1780 1747/2334/1747 1746/2333/1746 
f 1780/2367/1780 1746/2333/1746 1779/2366/1779 
f 1781/2368/1781 1748/2335/1748 1747/2334/1747 
f 1781/2368/1781 1747/2334/1747 1780/2367/1780 
f 1782/2369/1782 1749/2336/1749 1748/2335/1748 
f 1782/2369/1782 1748/2335/1748 1781/2368/1781 
f 1783/2370/1783 1750/2337/1750 1749/2336/1749 
f 1783/2370/1783 1749/2336/1749 1782/2369/1782 
f 1784/2371/1784 1751/2338/1751 1750/2337/1750 
f 1784/2371/1784 1750/2337/1750 1783/2370/1783 
f 1786/2372/1786 1753/2339/1753 1752/2340/1752 
f 1786/2372/1786 1752/2340/1752 1785/2373/1785 
f 1787/2374/1787 1754/2341/1754 1753/2339/1753 
f 1787/2374/1787 1753/2339/1753 1786/2372/1786 
f 1788/2375/1788 1755/2342/1755 1754/2341/1754 
f 1788/2375/1788 1754/2341/1754 1787/2374/1787 
f 1789/2376/1789 1756/2343/1756 1755/2342/1755 
f 1789/2376/1789 1755/2342/1755 1788/2375/1788 
f 1790/2377/1790 1757/2344/1757 1756/2343/1756 
f 1790/2377/1790 1756/2343/1756 1789/2376/1789 
f 1791/2378/1791 1758/2345/1758 1757/2344/1757 
f 1791/2378/1791 1757/2344/1757 1790/2377/1790 
f 1792/2379/1792 1759/2346/1759 1758/2345/1758 
f 1792/2379/1792 1758/2345/1758 1791/2378/1791 
f 1793/2380/1793 1760/2347/1760 1759/2346/1759 
f 1793/2380/1793 1759/2346/1759 1792/2379/1792 
f 1794/2381/1794 1761/2348/1761 1760/2347/1760 
f 1794/2381/1794 1760/2347/1760 1793/2380/1793 
f 1795/2382/1795 1762/2349/1762 1761/2348/1761 
f 1795/2382/1795 1761/2348/1761 1794/2381/1794 
f 1796/2383/1796 1763/2350/1763 1762/2349/1762 
f 1796/2383/1796 1762/2349/1762 1795/2382/1795 
f 1797/2384/1797 1764/2351/1764 1763/2350/1763 
f 1797/2384/1797 1763/2350/1763 1796/2383/1796 
f 1798/2385/1798 1765/2352/1765 1764/2351/1764 
f 1798/2385/1798 1764/2351/1764 1797/2384/1797 
f 1799/2386/1799 1766/2353/1766 1765/2352/1765 
f 1799/2386/1799 1765/2352/1765 1798/2385/1798 
f 1800/2387/1800 1767/2354/1767 1766/2353/1766 
f 1800/2387/1800 1766/2353/1766 1799/2386/1799 
f 1801/2388/1801 1768/2355/1768 1767/2354/1767 
f 1801/2388/1801 1767/2354/1767 1800/2387/1800 
f 1802/2389/1802 1769/2356/1769 1768/2355/1768 
f 1802/2389/1802 1768/2355/1768 1801/2388/1801 
f 1803/2390/1803 1770/2357/1770 1769/2356/1769 
f 1803/2390/1803 1769/2356/1769 1802/2389/1802 
f 1804/2391/1804 1771/2358/1771 1770/2357/1770 
f 1804/2391/1804 1770/2357/1770 1803/2390/1803 
f 1805/2392/1805 1772/2359/1772 1771/2358/1771 
f 1805/2392/1805 1771/2358/1771 1804/2391/1804 
f 1806/2393/1806 1773/2360/1773 1772/2359/1772 
f 1806/2393/1806 1772/2359/1772 1805/2392/1805 
f 1807/2394/1807 1774/2361/1774 1773/2360/1773 
f 1807/2394/1807 1773/2360/1773 1806/2393/1806 
f 1808/2395/1808 1775/2362/1775 1774/2361/1774 
f 1808/2395/1808 1774/2361/1774 1807/2394/1807 
f 1809/2396/1809 1776/2363/1776 1775/2362/1775 
f 1809/2396/1809 1775/2362/1775 1808/2395/1808 
f 1810/2397/1810 1777/2364/1777 1776/2363/1776 
f 1810/2397/1810 1776/2363/1776 1809/2396/1809 
f 1811/2398/1811 1778/2365/1778 1777/2364/1777 
f 1811/2398/1811 1777/2364/1777 1810/2397/1810 
f 1812/2399/1812 1779/2366/1779 1778/2365/1778 
f 1812/2399/1812 1778/2365/1778 1811/2398/1811 
f 1813/2400/1813 1780/2367/1780 1779/2366/1779 
f 1813/2400/1813 1779/2366/1779 1812/2399/1812 
f 1814/2401/1814 1781/2368/1781 1780/2367/1780 
f 1814/2401/1814 1780/2367/1780 1813/2400/1813 
f 1815/2402/1815 1782/2369/1782 1781/2368/1781 
f 1815/2402/1815 1781/2368/1781 1814/2401/1814 
f 1816/2403/1816 1783/2370/1783 1782/2369/1782 
f 1816/2403/1816 1782/2369/1782 1815/2402/1815 
f 1817/2404/1817 1784/2371/1784 1783/2370/1783 
f 1817/2404/1817 1783/2370/1783 1816/2403/1816 
f 1819/2405/1819 1786/2372/1786 1785/2373/1785 
f 1819/2405/1819 1785/2373/1785 1818/2406/1818 
f 1820/2407/1820 1787/2374/1787 1786/2372/1786 
f 1820/2407/1820 1786/2372/1786 1819/2405/1819 
f 1821/2408/1821 1788/2375/1788 1787/2374/1787 
f 1821/2408/1821 1787/2374/1787 1820/2407/1820 
f 1822/2409/1822 1789/2376/1789 1788/2375/1788 
f 1822/2409/1822 1788/2375/1788 1821/2408/1821 
f 1823/2410/1823 1790/2377/1790 1789/2376/1789 
f 1823/2410/1823 1789/2376/1789 1822/2409/1822 
f 1824/2411/1824 1791/2378/1791 1790/2377/1790 
f 1824/2411/1824 1790/2377/1790 1823/2410/1823 
f 1825/2412/1825 1792/2379/1792 1791/2378/1791 
f 1825/2412/1825 1791/2378/1791 1824/2411/1824 
f 1826/2413/1826 1793/2380/1793 1792/2379/1792 
f 1826/2413/1826 1792/2379/1792 1825/2412/1825 
f 1827/2414/1827 1794/2381/1794 1793/2380/1793 
f 1827/2414/1827 1793/2380/1793 1826/2413/1826 
f 1828/2415/1828 1795/2382/1795 1794/2381/1794 
f 1828/2415/1828 1794/2381/1794 1827/2414/1827 
f 1829/2416/1829 1796/2383/1796 1795/2382/1795 
f 1829/2416/1829 1795/2382/1795 1828/2415/1828 
f 1830/2417/1830 1797/2384/1797 1796/2383/1796 
f 1830/2417/1830 1796/2383/1796 1829/2416/1829 
f 1831/2418/1831 1798/2385/1798 1797/2384/1797 
f 1831/2418/1831 1797/2384/1797 1830/2417/1830 
f 1832/2419/1832 1799/2386/1799 1798/2385/1798 
f 1832/2419/1832 1798/2385/1798 1831/2418/1831 
f 1833/2420/1833 1800/2387/1800 1799/2386/1799 
f 1833/2420/1833 1799/2386/1799 1832/2419/1832 
f 1834/2421/1834 1801/2388/1801 1800/2387/1800 
f 1834/2421/1834 1800/2387/1800 1833/2420/1833 
f 1835/2422/1835 1802/2389/1802 1801/2388/1801 
f 1835/2422/1835 1801/2388/1801 1834/2421/1834 
f 1836/2423/1836 1803/2390/1803 1802/2389/1802 
f 1836/2423/1836 1802/2389/1802 1835/2422/1835 
f 1837/2424/1837 1804/2391/1804 1803/2390/1803 
f 1837/2424/1837 1803/2390/1803 1836/2423/1836 
f 1838/2425/1838 1805/2392/1805 1804/2391/1804 
f 1838/2425/1838 1804/2391/1804 1837/2424/1837 
f 1839/2426/1839 1806/2393/1806 1805/2392/1805 
f 1839/2426/1839 1805/2392/1805 1838/2425/1838 
f 1840/2427/1840 1807/2394/1807 1806/2393/1806 
f 1840/2427/1840 1806/2393/1806 1839/2426/1839 
f 1841/2428/1841 1808/2395/1808 1807/2394/1807 
f 1841/2428/1841 1807/2394/1807 1840/2427/1840 
f 1842/2429/1842 1809/2396/1809 1808/2395/1808 
f 1842/2429/1842 1808/2395/1808 1841/2428/1841 
f 1843/2430/1843 1810/2397/1810 1809/2396/1809 
f 1843/2430/1843 1809/2396/1809 1842/2429/1842 
f 1844/2431/1844 1811/2398/1811 1810/2397/1810 
f 1844/2431/1844 1810/2397/1810 1843/2430/1843 
f 1845/2432/1845 1812/2399/1812 1811/2398/1811 
f 1845/2432/1845 1811/2398/1811 1844/2431/1844 
f 1846/2433/1846 1813/2400/1813 1812/2399/1812 
f 1846/2433/1846 1812/2399/1812 1845/2432/1845 
f 1847/2434/1847 1814/2401/1814 1813/2400/1813 
f 1847/2434/1847 1813/2400/1813 1846/2433/1846 
f 1848/2435/1848 1815/2402/1815 1814/2401/1814 
f 1848/2435/1848 1814/2401/1814 1847/2434/1847 
f 1849/2436/1849 1816/2403/1816 1815/2402/1815 
f 1849/2436/1849 1815/2402/1815 1848/2435/1848 
f 1850/2437/1850 1817/2404/1817 1816/2403/1816 
f 1850/2437/1850 1816/2403/1816 1849/2436/1849 
f 1852/2438/1852 1819/2405/1819 1818/2406/1818 
f 1852/2438/1852 1818/2406/1818 1851/2439/1851 
f 1853/2440/1853 1820/2407/1820 1819/2405/1819 
f 1853/2440/1853 1819/2405/1819 1852/2438/1852 
f 1854/2441/1854 1821/2408/1821 1820/2407/1820 
f 1854/2441/1854 1820/2407/1820 1853/2440/1853 
f 1855/2442/1855 1822/2409/1822 1821/2408/1821 
f 1855/2442/1855 1821/2408/1821 1854/2441/1854 
f 1856/2443/1856 1823/2410/1823 1822/2409/1822 
f 1856/2443/1856 1822/2409/1822 1855/2442/1855 
f 1857/2444/1857 1824/2411/1824 1823/2410/1823 
f 1857/2444/1857 1823/2410/1823 1856/2443/1856 
f 1858/2445/1858 1825/2412/1825 1824/2411/1824 
f 1858/2445/1858 1824/2411/1824 1857/2444/1857 
f 1859/2446/1859 1826/2413/1826 1825/2412/1825 
f 1859/2446/1859 1825/2412/1825 1858/2445/1858 
f 1860/2447/1860 1827/2414/1827 1826/2413/1826 
f 1860/2447/1860 1826/2413/1826 1859/2446/1859 
f 1861/2448/1861 1828/2415/1828 1827/2414/1827 
f 1861/2448/1861 1827/2414/1827 1860/2447/1860 
f 1862/2449/1862 1829/2416/1829 1828/2415/1828 
f 1862/2449/1862 1828/2415/1828 1861/2448/1861 
f 1863/2450/1863 1830/2417/1830 1829/2416/1829 
f 1863/2450/1863 1829/2416/1829 1862/2449/1862 
f 1864/2451/1864 1831/2418/1831 1830/2417/1830 
f 1864/2451/1864 1830/2417/1830 1863/2450/1863 
f 1865/2452/1865 1832/2419/1832 1831/2418/1831 
f 1865/2452/1865 1831/2418/1831 1864/2451/1864 
f 1866/2453/1866 1833/2420/1833 1832/2419/1832 
f 1866/2453/1866 1832/2419/1832 1865/2452/1865 
f 1867/2454/1867 1834/2421/1834 1833/2420/1833 
f 1867/2454/1867 1833/2420/1833 1866/2453/1866 
f 1868/2455/1868 1835/2422/1835 1834/2421/1834 
f 1868/2455/1868 1834/2421/1834 1867/2454/1867 
f 1869/2456/1869 1836/2423/1836 1835/2422/1835 
f 1869/2456/1869 1835/2422/1835 1868/2455/1868 
f 1870/2457/1870 1837/2424/1837 1836/2423/1836 
f 1870/2457/1870 1836/2423/1836 1869/2456/1869 
f 1871/2458/1871 1838/2425/1838 1837/2424/1837 
f 1871/2458/1871 1837/2424/1837 1870/2457/1870 
f 1872/2459/1872 1839/2426/1839 1838/2425/1838 
f 1872/2459/1872 1838/2425/1838 1871/2458/1871 
f 1873/2460/1873 1840/2427/1840 1839/2426/1839 
f 1873/2460/1873 1839/2426/1839 1872/2459/1872 
f 1874/2461/1874 1841/2428/1841 1840/2427/1840 
f 1874/2461/1874 1840/2427/1840 1873/2460/1873 
f 1875/2462/1875 1842/2429/1842 1841/2428/1841 
f 1875/2462/1875 1841/2428/1841 1874/2461/1874 
f 1876/2463/1876 1843/2430/1843 1842/2429/1842 
f 1876/2463/1876 1842/2429/1842 1875/2462/1875 
f 1877/2464/1877 1844/2431/1844 1843/2430/1843 
f 1877/2464/1877 1843/2430/1843 1876/2463/1876 
f 1878/2465/1878 1845/2432/1845 1844/2431/1844 
f 1878/2465/1878 1844/2431/1844 1877/2464/1877 
f 1879/2466/1879 1846/2433/1846 1845/2432/1845 
f 1879/2466/1879 1845/2432/1845 1878/2465/1878 
f 1880/2467/1880 1847/2434/1847 1846/2433/1846 
f 1880/2467/1880 1846/2433/1846 1879/2466/1879 
f 1881/2468/1881 1848/2435/1848 1847/2434/1847 
f 1881/2468/1881 1847/2434/1847 1880/2467/1880 
f 1882/2469/1882 1849/2436/1849 1848/2435/1848 
f 1882/2469/1882 1848/2435/1848 1881/2468/1881 
f 1883/2470/1883 1850/2437/1850 1849/2436/1849 
f 1883/2470/1883 1849/2436/1849 1882/2469/1882 
f 1885/2471/1885 1852/2438/1852 1851/2439/1851 
f 1885/2471/1885 1851/2439/1851 1884/2472/1884 
f 1886/2473/1886 1853/2440/1853 1852/2438/1852 
f 1886/2473/1886 1852/2438/1852 1885/2471/1885 
f 1887/2474/1887 1854/2441/1854 1853/2440/1853 
f 1887/2474/1887 1853/2440/1853 1886/2473/1886 
f 1888/2475/1888 1855/2442/1855 1854/2441/1854 
f 1888/2475/1888 1854/2441/1854 1887/2474/1887 
f 1889/2476/1889 1856/2443/1856 1855/2442/1855 
f 1889/2476/1889 1855/2442/1855 1888/2475/1888 
f 1890/2477/1890 1857/2444/1857 1856/2443/1856 
f 1890/2477/1890 1856/2443/1856 1889/2476/1889 
f 1891/2478/1891 1858/2445/1858 1857/2444/1857 
f 1891/2478/1891 1857/2444/1857 1890/2477/1890 
f 1892/2479/1892 1859/2446/1859 1858/2445/1858 
f 1892/2479/1892 1858/2445/1858 1891/2478/1891 
f 1893/2480/1893 1860/2447/1860 1859/2446/1859 
f 1893/2480/1893 1859/2446/1859 1892/2479/1892 
f 1894/2481/1894 1861/2448/1861 1860/2447/1860 
f 1894/2481/1894 1860/2447/1860 1893/2480/1893 
f 1895/2482/1895 1862/2449/1862 1861/2448/1861 
f 1895/2482/1895 1861/2448/1861 1894/2481/1894 
f 1896/2483/1896 1863/2450/1863 1862/2449/1862 
f 1896/2483/1896 1862/2449/1862 1895/2482/1895 
f 1897/2484/1897 1864/2451/1864 1863/2450/1863 
f 1897/2484/1897 1863/2450/1863 1896/2483/1896 
f 1898/2485/1898 1865/2452/1865 1864/2451/1864 
f 1898/2485/1898 1864/2451/1864 1897/2484/1897 
f 1899/2486/1899 1866/2453/1866 1865/2452/1865 
f 1899/2486/1899 1865/2452/1865 1898/2485/1898 
f 1900/2487/1900 1867/2454/1867 1866/2453/1866 
f 1900/2487/1900 1866/2453/1866 1899/2486/1899 
f 1901/2488/1901 1868/2455/1868 1867/2454/1867 
f 1901/2488/1901 1867/2454/1867 1900/2487/1900 
f 1902/2489/1902 1869/2456/1869 1868/2455/1868 
f 1902/2489/1902 1868/2455/1868 1901/2488/1901 
f 1903/2490/1903 1870/2457/1870 1869/2456/1869 
f 1903/2490/1903 1869/2456/1869 1902/2489/1902 
f 1904/2491/1904 1871/2458/1871 1870/2457/1870 
f 1904/2491/1904 1870/2457/1870 1903/2490/1903 
f 1905/2492/1905 1872/2459/1872 1871/2458/1871 
f 1905/2492/1905 1871/2458/1871 1904/2491/1904 
f 1906/2493/1906 1873/2460/1873 1872/2459/1872 
f 1906/2493/1906 1872/2459/1872 1905/2492/1905 
f 1907/2494/1907 1874/2461/1874 1873/2460/1873 
f 1907/2494/1907 1873/2460/1873 1906/2493/1906 
f 1908/2495/1908 1875/2462/1875 1874/2461/1874 
f 1908/2495/1908 1874/2461/1874 1907/2494/1907 
f 1909/2496/1909 1876/2463/1876 1875/2462/1875 
f 1909/2496/1909 1875/2462/1875 1908/2495/1908 
f 1910/2497/1910 1877/2464/1877 1876/2463/1876 
f 1910/2497/1910 1876/2463/1876 1909/2496/1909 
f 1911/2498/1911 1878/2465/1878 1877/2464/1877 
f 1911/2498/1911 1877/2464/1877 1910/2497/1910 
f 1912/2499/1912 1879/2466/1879 1878/2465/1878 
f 1912/2499/1912 1878/2465/1878 1911/2498/1911 
f 1913/2500/1913 1880/2467/1880 1879/2466/1879 
f 1913/2500/1913 1879/2466/1879 1912/2499/1912 
f 1914/2501/1914 1881/2468/1881 1880/2467/1880 
f 1914/2501/1914 1880/2467/1880 1913/2500/1913 
f 1915/2502/1915 1882/2469/1882 1881/2468/1881 
f 1915/2502/1915 1881/2468/1881 1914/2501/1914 
f 1916/2503/1916 1883/2470/1883 1882/2469/1882 
f 1916/2503/1916 1882/2469/1882 1915/2502/1915 
f 1918/2504/1918 1885/2471/1885 1884/2472/1884 
f 1918/2504/1918 1884/2472/1884 1917/2505/1917 
f 1919/2506/1919 1886/2473/1886 1885/2471/1885 
f 1919/2506/1919 1885/2471/1885 1918/2504/1918 
f 1920/2507/1920 1887/2474/1887 1886/2473/1886 
f 1920/2507/1920 1886/2473/1886 1919/2506/1919 
f 1921/2508/1921 1888/2475/1888 1887/2474/1887 
f 1921/2508/1921 1887/2474/1887 1920/2507/1920 
f 1922/2509/1922 1889/2476/1889 1888/2475/1888 
f 1922/2509/1922 1888/2475/1888 1921/2508/1921 
f 1923/2510/1923 1890/2477/1890 1889/2476/1889 
f 1923/2510/1923 1889/2476/1889 1922/2509/1922 
f 1924/2511/1924 1891/2478/1891 1890/2477/1890 
f 1924/2511/1924 1890/2477/1890 1923/2510/1923 
f 1925/2512/1925 1892/2479/1892 1891/2478/1891 
f 1925/2512/1925 1891/2478/1891 1924/2511/1924 
f 1926/2513/1926 1893/2480/1893 1892/2479/1892 
f 1926/2513/1926 1892/2479/1892 1925/2512/1925 
f 1927/2514/1927 1894/2481/1894 1893/2480/1893 
f 1927/2514/1927 1893/2480/1893 1926/2513/1926 
f 1928/2515/1928 1895/2482/1895 1894/2481/1894 
f 1928/2515/1928 1894/2481/1894 1927/2514/1927 
f 1929/2516/1929 1896/2483/1896 1895/2482/1895 
f 1929/2516/1929 1895/2482/1895 1928/2515/1928 
f 1930/2517/1930 1897/2484/1897 1896/2483/1896 
f 1930/2517/1930 1896/2483/1896 1929/2516/1929 
f 1931/2518/1931 1898/2485/1898 1897/2484/1897 
f 1931/2518/1931 1897/2484/1897 1930/2517/1930 
f 1932/2519/1932 1899/2486/1899 1898/2485/1898 
f 1932/2519/1932 1898/2485/1898 1931/2518/1931 
f 1933/2520/1933 1900/2487/1900 1899/2486/1899 
f 1933/2520/1933 1899/2486/1899 1932/2519/1932 
f 1934/2521/1934 1901/2488/1901 1900/2487/1900 
f 1934/2521/1934 1900/2487/1900 1933/2520/1933 
f 1935/2522/1935 1902/2489/1902 1901/2488/1901 
f 1935/2522/1935 1901/2488/1901 1934/2521/1934 
f 1936/2523/1936 1903/2490/1903 1902/2489/1902 
f 1936/2523/1936 1902/2489/1902 1935/2522/1935 
f 1937/2524/1937 1904/2491/1904 1903/2490/1903 
f 1937/2524/1937 1903/2490/1903 1936/2523/1936 
f 1938/2525/1938 1905/2492/1905 1904/2491/1904 
f 1938/2525/1938 1904/2491/1904 1937/2524/1937 
f 1939/2526/1939 1906/2493/1906 1905/2492/1905 
f 1939/2526/1939 1905/2492/1905 1938/2525/1938 
f 1940/2527/1940 1907/2494/1907 1906/2493/1906 
f 1940/2527/1940 1906/2493/1906 1939/2526/1939 
f 1941/2528/1941 1908/2495/1908 1907/2494/1907 
f 1941/2528/1941 1907/2494/1907 1940/2527/1940 
f 1942/2529/1942 1909/2496/1909 1908/2495/1908 
f 1942/2529/1942 1908/2495/1908 1941/2528/1941 
f 1943/2530/1943 1910/2497/1910 1909/2496/1909 
f 1943/2530/1943 1909/2496/1909 1942/2529/1942 
f 1944/2531/1944 1911/2498/1911 1910/2497/1910 
f 1944/2531/1944 1910/2497/1910 1943/2530/1943 
f 1945/2532/1945 1912/2499/1912 1911/2498/1911 
f 1945/2532/1945 1911/2498/1911 1944/2531/1944 
f 1946/2533/1946 1913/2500/1913 1912/2499/1912 
f 1946/2533/1946 1912/2499/1912 1945/2532/1945 
f 1947/2534/1947 1914/2501/1914 1913/2500/1913 
f 1947/2534/1947 1913/2500/1913 1946/2533/1946 
f 1948/2535/1948 1915/2502/1915 1914/2501/1914 
f 1948/2535/1948 1914/2501/1914 1947/2534/1947 
f 1949/2536/1949 1916/2503/1916 1915/2502/1915 
f 1949/2536/1949 1915/2502/1915 1948/2535/1948 
f 1951/2537/1951 1918/2504/1918 1917/2505/1917 
f 1951/2537/1951 1917/2505/1917 1950/2538/1950 
f 1952/2539/1952 1919/2506/1919 1918/2504/1918 
f 1952/2539/1952 1918/2504/1918 1951/2537/1951 
f 1953/2540/1953 1920/2507/1920 1919/2506/1919 
f 1953/2540/1953 1919/2506/1919 1952/2539/1952 
f 1954/2541/1954 1921/2508/1921 1920/2507/1920 
f 1954/2541/1954 1920/2507/1920 1953/2540/1953 
f 1955/2542/1955 1922/2509/1922 1921/2508/1921 
f 1955/2542/1955 1921/2508/1921 1954/2541/1954 
f 1956/2543/1956 1923/2510/1923 1922/2509/1922 
f 1956/2543/1956 1922/2509/1922 1955/2542/1955 
f 1957/2544/1957 1924/2511/1924 1923/2510/1923 
f 1957/2544/1957 1923/2510/1923 1956/2543/1956 
f 1958/2545/1958 1925/2512/1925 1924/2511/1924 
f 1958/2545/1958 1924/2511/1924 1957/2544/1957 
f 1959/2546/1959 1926/2513/1926 1925/2512/1925 
f 1959/2546/1959 1925/2512/1925 1958/2545/1958 
f 1960/2547/1960 1927/2514/1927 1926/2513/1926 
f 1960/2547/1960 1926/2513/1926 1959/2546/1959 
f 1961/2548/1961 1928/2515/1928 1927/2514/1927 
f 1961/2548/1961 1927/2514/1927 1960/2547/1960 
f 1962/2549/1962 1929/2516/1929 1928/2515/1928 
f 1962/2549/1962 1928/2515/1928 1961/2548/1961 
f 1963/2550/1963 1930/2517/1930 1929/2516/1929 
f 1963/2550/1963 1929/2516/1929 1962/2549/1962 
f 1964/2551/1964 1931/2518/1931 1930/2517/1930 
f 1964/2551/1964 1930/2517/1930 1963/2550/1963 
f 1965/2552/1965 1932/2519/1932 1931/2518/1931 
f 1965/2552/1965 1931/2518/1931 1964/2551/1964 
f 1966/2553/1966 1933/2520/1933 1932/2519/1932 
f 1966/2553/1966 1932/2519/1932 1965/2552/1965 
f 1967/2554/1967 1934/2521/1934 1933/2520/1933 
f 1967/2554/1967 1933/2520/1933 1966/2553/1966 
f 1968/2555/1968 1935/2522/1935 1934/2521/1934 
f 1968/2555/1968 1934/2521/1934 1967/2554/1967 
f 1969/2556/1969 1936/2523/1936 1935/2522/1935 
f 1969/2556/1969 1935/2522/1935 1968/2555/1968 
f 1970/2557/1970 1937/2524/1937 1936/2523/1936 
f 1970/2557/1970 1936/2523/1936 1969/2556/1969 
f 1971/2558/1971 1938/2525/1938 1937/2524/1937 
f 1971/2558/1971 1937/2524/1937 1970/2557/1970 
f 1972/2559/1972 1939/2526/1939 1938/2525/1938 
f 1972/2559/1972 1938/2525/1938 1971/2558/1971 
f 1973/2560/1973 1940/2527/1940 1939/2526/1939 
f 1973/2560/1973 1939/2526/1939 1972/2559/1972 
f 1974/2561/1974 1941/2528/1941 1940/2527/1940 
f 1974/2561/1974 1940/2527/1940 1973/2560/1973 
f 1975/2562/1975 1942/2529/1942 1941/2528/1941 
f 1975/2562/1975 1941/2528/1941 1974/2561/1974 
f 1976/2563/1976 1943/2530/1943 1942/2529/1942 
f 1976/2563/1976 1942/2529/1942 1975/2562/1975 
f 1977/2564/1977 1944/2531/1944 1943/2530/1943 
f 1977/2564/1977 1943/2530/1943 1976/2563/1976 
f 1978/2565/1978 1945/2532/1945 1944/2531/1944 
f 1978/2565/1978 1944/2531/1944 1977/2564/1977 
f 1979/2566/1979 1946/2533/1946 1945/2532/1945 
f 1979/2566/1979 1945/2532/1945 1978/2565/1978 
f 1980/2567/1980 1947/2534/1947 1946/2533/1946 
f 1980/2567/1980 1946/2533/1946 1979/2566/1979 
f 1981/2568/1981 1948/2535/1948 1947/2534/1947 
f 1981/2568/1981 1947/2534/1947 1980/2567/1980 
f 1982/2569/1982 1949/2536/1949 1948/2535/1948 
f 1982/2569/1982 1948/2535/1948 1981/2568/1981 
f 1984/2570/1984 1951/2537/1951 1950/2538/1950 
f 1984/2570/1984 1950/2538/1950 1983/2571/1983 
f 1985/2572/1985 1952/2539/1952 1951/2537/1951 
f 1985/2572/1985 1951/2537/1951 1984/2570/1984 
f 1986/2573/1986 1953/2540/1953 1952/2539/1952 
f 1986/2573/1986 1952/2539/1952 1985/2572/1985 
f 1987/2574/1987 1954/2541/1954 1953/2540/1953 
f 1987/2574/1987 1953/2540/1953 1986/2573/1986 
f 1988/2575/1988 1955/2542/1955 1954/2541/1954 
f 1988/2575/1988 1954/2541/1954 1987/2574/1987 
f 1989/2576/1989 1956/2543/1956 1955/2542/1955 
f 1989/2576/1989 1955/2542/1955 1988/2575/1988 
f 1990/2577/1990 1957/2544/1957 1956/2543/1956 
f 1990/2577/1990 1956/2543/1956 1989/2576/1989 
f 1991/2578/1991 1958/2545/1958 1957/2544/1957 
f 1991/2578/1991 1957/2544/1957 1990/2577/1990 
f 1992/2579/1992 1959/2546/1959 1958/2545/1958 
f 1992/2579/1992 1958/2545/1958 1991/2578/1991 
f 1993/2580/1993 1960/2547/1960 1959/2546/1959 
f 1993/2580/1993 1959/2546/1959 1992/2579/1992 
f 1994/2581/1994 1961/2548/1961 1960/2547/1960 
f 1994/2581/1994 1960/2547/1960 1993/2580/1993 
f 1995/2582/1995 1962/2549/1962 1961/2548/1961 
f 1995/2582/1995 1961/2548/1961 1994/2581/1994 
f 1996/2583/1996 1963/2550/1963 1962/2549/1962 
f 1996/2583/1996 1962/2549/1962 1995/2582/1995 
f 1997/2584/1997 1964/2551/1964 1963/2550/1963 
f 1997/2584/1997 1963/2550/1963 1996/2583/1996 
f 1998/2585/1998 1965/2552/1965 1964/2551/1964 
f 1998/2585/1998 1964/2551/1964 1997/2584/1997 
f 1999/2586/1999 1966/2553/1966 1965/2552/1965 
f 1999/2586/1999 1965/2552/1965 1998/2585/1998 
f 2000/2587/2000 1967/2554/1967 1966/2553/1966 
f 2000/2587/2000 1966/2553/1966 1999/2586/1999 
f 2001/2588/2001 1968/2555/1968 1967/2554/1967 
f 2001/2588/2001 1967/2554/1967 2000/2587/2000 
f 2002/2589/2002 1969/2556/1969 1968/2555/1968 
f 2002/2589/2002 1968/2555/1968 2001/2588/2001 
f 2003/2590/2003 1970/2557/1970 1969/2556/1969 
f 2003/2590/2003 1969/2556/1969 2002/2589/2002 
f 2004/2591/2004 1971/2558/1971 1970/2557/1970 
f 2004/2591/2004 1970/2557/1970 2003/2590/2003 
f 2005/2592/2005 1972/2559/1972 1971/2558/1971 
f 2005/2592/2005 1971/2558/1971 2004/2591/2004 
f 2006/2593/2006 1973/2560/1973 1972/2559/1972 
f 2006/2593/2006 1972/2559/1972 2005/2592/2005 
f 2007/2594/2007 1974/2561/1974 1973/2560/1973 
f 2007/2594/2007 1973/2560/1973 2006/2593/2006 
f 2008/2595/2008 1975/2562/1975 1974/2561/1974 
f 2008/2595/2008 1974/2561/1974 2007/2594/2007 
f 2009/2596/2009 1976/2563/1976 1975/2562/1975 
f 2009/2596/2009 1975/2562/1975 2008/2595/2008 
f 2010/2597/2010 1977/2564/1977 1976/2563/1976 
f 2010/2597/2010 1976/2563/1976 2009/2596/2009 
f 2011/2598/2011 1978/2565/1978 1977/2564/1977 
f 2011/2598/2011 1977/2564/1977 2010/2597/2010 
f 2012/2599/2012 1979/2566/1979 1978/2565/1978 
f 2012/2599/2012 1978/2565/1978 2011/2598/2011 
f 2013/2600/2013 1980/2567/1980 1979/2566/1979 
f 2013/2600/2013 1979/2566/1979 2012/2599/2012 
f 2014/2601/2014 1981/2568/1981 1980/2567/1980 
f 2014/2601/2014 1980/2567/1980 2013/2600/2013 
f 2015/2602/2015 1982/2569/1982 1981/2568/1981 
f 2015/2602/2015 1981/2568/1981 2014/2601/2014 
f 2017/3/2017 1984/2570/1984 1983/2571/1983 
f 2017/3/2017 1983/2571/1983 2016/4/2016 
f 2018/8/2018 1985/2572/1985 1984/2570/1984 
f 2018/8/2018 1984/2570/1984 2017/3/2017 
f 2019/11/2019 1986/2573/1986 1985/2572/1985 
f 2019/11/2019 1985/2572/1985 2018/8/2018 
f 2020/14/2020 1987/2574/1987 1986/2573/1986 
f 2020/14/2020 1986/2573/1986 2019/11/2019 
f 2021/17/2021 1988/2575/1988 1987/2574/1987 
f 2021/17/2021 1987/2574/1987 2020/14/2020 
f 2022/20/2022 1989/2576/1989 1988/2575/1988 
f 2022/20/2022 1988/2575/1988 2021/17/2021 
f 2023/23/2023 1990/2577/1990 1989/2576/1989 
f 2023/23/2023 1989/2576/1989 2022/20/2022 
f 2024/26/2024 1991/2578/1991 1990/2577/1990 
f 2024/26/2024 1990/2577/1990 2023/23/2023 
f 2025/29/2025 1992/2579/1992 1991/2578/1991 
f 2025/29/2025 1991/2578/1991 2024/26/2024 
f 2026/32/2026 1993/2580/1993 1992/2579/1992 
f 2026/32/2026 1992/2579/1992 2025/29/2025 
f 2027/35/2027 1994/2581/1994 1993/2580/1993 
f 2027/35/2027 1993/2580/1993 2026/32/2026 
f 2028/38/2028 1995/2582/1995 1994/2581/1994 
f 2028/38/2028 1994/2581/1994 2027/35/2027 
f 2029/41/2029 1996/2583/1996 1995/2582/1995 
f 2029/41/2029 1995/2582/1995 2028/38/2028 
f 2030/44/2030 1997/2584/1997 1996/2583/1996 
f 2030/44/2030 1996/2583/1996 2029/41/2029 
f 2031/47/2031 1998/2585/1998 1997/2584/1997 
f 2031/47/2031 1997/2584/1997 2030/44/2030 
f 2032/50/2032 1999/2586/1999 1998/2585/1998 
f 2032/50/2032 1998/2585/1998 2031/47/2031 
f 2033/53/2033 2000/2587/2000 1999/2586/1999 
f 2033/53/2033 1999/2586/1999 2032/50/2032 
f 2034/56/2034 2001/2588/2001 2000/2587/2000 
f 2034/56/2034 2000/2587/2000 2033/53/2033 
f 2035/59/2035 2002/2589/2002 2001/2588/2001 
f 2035/59/2035 2001/2588/2001 2034/56/2034 
f 2036/62/2036 2003/2590/2003 2002/2589/2002 
f 2036/62/2036 2002/2589/2002 2035/59/2035 
f 2037/65/2037 2004/2591/2004 2003/2590/2003 
f 2037/65/2037 2003/2590/2003 2036/62/2036 
f 2038/68/2038 2005/2592/2005 2004/2591/2004 
f 2038/68/2038 2004/2591/2004 2037/65/2037 
f 2039/71/2039 2006/2593/2006 2005/2592/2005 
f 2039/71/2039 2005/2592/2005 2038/68/2038 
f 2040/74/2040 2007/2594/2007 2006/2593/2006 
f 2040/74/2040 2006/2593/2006 2039/71/2039 
f 2041/77/2041 2008/2595/2008 2007/2594/2007 
f 2041/77/2041 2007/2594/2007 2040/74/2040 
f 2042/80/2042 2009/2596/2009 2008/2595/2008 
f 2042/80/2042 2008/2595/2008 2041/77/2041 
f 2043/83/2043 2010/2597/2010 2009/2596/2009 
f 2043/83/2043 2009/2596/2009 2042/80/2042 
f 2044/86/2044 2011/2598/2011 2010/2597/2010 
f 2044/86/2044 2010/2597/2010 2043/83/2043 
f 2045/89/2045 2012/2599/2012 2011/2598/2011 
f 2045/89/2045 2011/2598/2011 2044/86/2044 
f 2046/92/2046 2013/2600/2013 2012/2599/2012 
f 2046/92/2046 2012/2599/2012 2045/89/2045 
f 2047/95/2047 2014/2601/2014 2013/2600/2013 
f 2047/95/2047 2013/2600/2013 2046/92/2046 
f 2048/98/2048 2015/2602/2015 2014/2601/2014 
f 2048/98/2048 2014/2601/2014 2047/95/2047 
f 2127/209/2127 2115/100/2115 2128/99/2128 
f 2127/209/2127 2128/99/2128 2129/206/2129 
f 2129/206/2129 2128/99/2128 2118/101/2118 
f 2129/206/2129 2118/101/2118 2119/207/2119 
f 2119/207/2119 2118/101/2118 2120/102/2120 
f 2119/207/2119 2120/102/2120 2122/203/2122 
f 2122/203/2122 2120/102/2120 2117/103/2117 
f 2122/203/2122 2117/103/2117 2121/204/2121 
f 2133/211/2133 2130/105/2130 2134/104/2134 
f 2133/211/2133 2134/104/2134 2136/212/2136 
f 2136/212/2136 2134/104/2134 2132/106/2132 
f 2136/212/2136 2132/106/2132 2135/208/2135 
f 2132/106/2132 2131/6/2131 2050/2/2050 
f 2132/106/2132 2050/2/2050 2115/100/2115 
f 2140/193/2140 2137/108/2137 2141/107/2141 
f 2140/193/2140 2141/107/2141 2143/215/2143 
f 2143/215/2143 2141/107/2141 2139/109/2139 
f 2143/215/2143 2139/109/2139 2142/213/2142 
f 2139/109/2139 2138/9/2138 2051/7/2051 
f 2139/109/2139 2051/7/2051 2130/105/2130 
f 2144/112/2144 2053/13/2053 2145/12/2145 
f 2144/112/2144 2145/12/2145 2146/194/2146 
f 2146/194/2146 2145/12/2145 2052/10/2052 
f 2146/194/2146 2052/10/2052 2137/108/2137 
f 2147/115/2147 2054/16/2054 2148/15/2148 
f 2147/115/2147 2148/15/2148 2149/111/2149 
f 2150/220/2150 2149/111/2149 2151/110/2151 
f 2150/220/2150 2151/110/2151 2153/217/2153 
f 2153/217/2153 2151/110/2151 2144/112/2144 
f 2153/217/2153 2144/112/2144 2152/195/2152 
f 2154/118/2154 2055/19/2055 2155/18/2155 
f 2154/118/2154 2155/18/2155 2156/114/2156 
f 2157/221/2157 2156/114/2156 2158/113/2158 
f 2157/221/2157 2158/113/2158 2160/222/2160 
f 2160/222/2160 2158/113/2158 2147/115/2147 
f 2160/222/2160 2147/115/2147 2159/219/2159 
f 2161/123/2161 2056/22/2056 2162/21/2162 
f 2161/123/2161 2162/21/2162 2163/117/2163 
f 2164/225/2164 2163/117/2163 2165/116/2165 
f 2164/225/2164 2165/116/2165 2167/226/2167 
f 2167/226/2167 2165/116/2165 2154/118/2154 
f 2167/226/2167 2154/118/2154 2166/224/2166 
f 2175/234/2175 2168/120/2168 2176/119/2176 
f 2175/234/2175 2176/119/2176 2177/231/2177 
f 2177/231/2177 2176/119/2176 2170/121/2170 
f 2177/231/2177 2170/121/2170 2171/232/2171 
f 2171/232/2171 2170/121/2170 2172/122/2172 
f 2171/232/2171 2172/122/2172 2174/228/2174 
f 2174/228/2174 2172/122/2172 2161/123/2161 
f 2174/228/2174 2161/123/2161 2173/229/2173 
f 2181/238/2181 2178/125/2178 2182/124/2182 
f 2181/238/2181 2182/124/2182 2184/236/2184 
f 2184/236/2184 2182/124/2182 2180/126/2180 
f 2184/236/2184 2180/126/2180 2183/233/2183 
f 2180/126/2180 2179/27/2179 2057/25/2057 
f 2180/126/2180 2057/25/2057 2168/120/2168 
f 2188/240/2188 2185/128/2185 2189/127/2189 
f 2188/240/2188 2189/127/2189 2191/241/2191 
f 2191/241/2191 2189/127/2189 2187/129/2187 
f 2191/241/2191 2187/129/2187 2190/237/2190 
f 2187/129/2187 2186/30/2186 2058/28/2058 
f 2187/129/2187 2058/28/2058 2178/125/2178 
f 2195/198/2195 2192/131/2192 2196/130/2196 
f 2195/198/2195 2196/130/2196 2198/243/2198 
f 2198/243/2198 2196/130/2196 2194/132/2194 
f 2198/243/2198 2194/132/2194 2197/244/2197 
f 2194/132/2194 2193/33/2193 2059/31/2059 
f 2194/132/2194 2059/31/2059 2185/128/2185 
f 2199/135/2199 2061/37/2061 2200/36/2200 
f 2199/135/2199 2200/36/2200 2201/197/2201 
f 2201/197/2201 2200/36/2200 2060/34/2060 
f 2201/197/2201 2060/34/2060 2192/131/2192 
f 2202/138/2202 2062/40/2062 2203/39/2203 
f 2202/138/2202 2203/39/2203 2204/134/2204 
f 2205/247/2205 2204/134/2204 2206/133/2206 
f 2205/247/2205 2206/133/2206 2208/246/2208 
f 2208/246/2208 2206/133/2206 2199/135/2199 
f 2208/246/2208 2199/135/2199 2207/196/2207 
f 2209/141/2209 2063/43/2063 2210/42/2210 
f 2209/141/2209 2210/42/2210 2211/137/2211 
f 2212/250/2212 2211/137/2211 2213/136/2213 
f 2212/250/2212 2213/136/2213 2215/251/2215 
f 2215/251/2215 2213/136/2213 2202/138/2202 
f 2215/251/2215 2202/138/2202 2214/249/2214 
f 2216/146/2216 2064/46/2064 2217/45/2217 
f 2216/146/2216 2217/45/2217 2218/140/2218 
f 2219/257/2219 2218/140/2218 2220/139/2220 
f 2219/257/2219 2220/139/2220 2222/253/2222 
f 2222/253/2222 2220/139/2220 2209/141/2209 
f 2222/253/2222 2209/141/2209 2221/254/2221 
f 2230/261/2230 2223/143/2223 2231/142/2231 
f 2230/261/2230 2231/142/2231 2232/262/2232 
f 2232/262/2232 2231/142/2231 2225/144/2225 
f 2232/262/2232 2225/144/2225 2226/258/2226 
f 2226/258/2226 2225/144/2225 2227/145/2227 
f 2226/258/2226 2227/145/2227 2229/259/2229 
f 2229/259/2229 2227/145/2227 2216/146/2216 
f 2229/259/2229 2216/146/2216 2228/256/2228 
f 2236/267/2236 2233/148/2233 2237/147/2237 
f 2236/267/2236 2237/147/2237 2239/265/2239 
f 2239/265/2239 2237/147/2237 2235/149/2235 
f 2239/265/2239 2235/149/2235 2238/263/2238 
f 2235/149/2235 2234/51/2234 2065/49/2065 
f 2235/149/2235 2065/49/2065 2223/143/2223 
f 2243/269/2243 2240/151/2240 2244/150/2244 
f 2243/269/2243 2244/150/2244 2246/270/2246 
f 2246/270/2246 2244/150/2244 2242/152/2242 
f 2246/270/2246 2242/152/2242 2245/266/2245 
f 2242/152/2242 2241/54/2241 2066/52/2066 
f 2242/152/2242 2066/52/2066 2233/148/2233 
f 2250/199/2250 2247/154/2247 2251/153/2251 
f 2250/199/2250 2251/153/2251 2253/272/2253 
f 2253/272/2253 2251/153/2251 2249/155/2249 
f 2253/272/2253 2249/155/2249 2252/273/2252 
f 2249/155/2249 2248/57/2248 2067/55/2067 
f 2249/155/2249 2067/55/2067 2240/151/2240 
f 2254/158/2254 2069/61/2069 2255/60/2255 
f 2254/158/2254 2255/60/2255 2256/200/2256 
f 2256/200/2256 2255/60/2255 2068/58/2068 
f 2256/200/2256 2068/58/2068 2247/154/2247 
f 2257/161/2257 2070/64/2070 2258/63/2258 
f 2257/161/2257 2258/63/2258 2259/157/2259 
f 2260/275/2260 2259/157/2259 2261/156/2261 
f 2260/275/2260 2261/156/2261 2263/276/2263 
f 2263/276/2263 2261/156/2261 2254/158/2254 
f 2263/276/2263 2254/158/2254 2262/201/2262 
f 2264/164/2264 2071/67/2071 2265/66/2265 
f 2264/164/2264 2265/66/2265 2266/160/2266 
f 2267/279/2267 2266/160/2266 2268/159/2268 
f 2267/279/2267 2268/159/2268 2270/280/2270 
f 2270/280/2270 2268/159/2268 2257/161/2257 
f 2270/280/2270 2257/161/2257 2269/278/2269 
f 2271/169/2271 2072/70/2072 2272/69/2272 
f 2271/169/2271 2272/69/2272 2273/163/2273 
f 2274/286/2274 2273/163/2273 2275/162/2275 
f 2274/286/2274 2275/162/2275 2277/282/2277 
f 2277/282/2277 2275/162/2275 2264/164/2264 
f 2277/282/2277 2264/164/2264 2276/283/2276 
f 2285/297/2285 2278/166/2278 2286/165/2286 
f 2285/297/2285 2286/165/2286 2287/290/2287 
f 2287/290/2287 2286/165/2286 2280/167/2280 
f 2287/290/2287 2280/167/2280 2281/287/2281 
f 2281/287/2281 2280/167/2280 2282/168/2282 
f 2281/287/2281 2282/168/2282 2284/288/2284 
f 2284/288/2284 2282/168/2282 2271/169/2271 
f 2284/288/2284 2271/169/2271 2283/285/2283 
f 2291/298/2291 2288/171/2288 2292/170/2292 
f 2291/298/2291 2292/170/2292 2294/295/2294 
f 2294/295/2294 2292/170/2292 2290/172/2290 
f 2294/295/2294 2290/172/2290 2293/296/2293 
f 2290/172/2290 2289/75/2289 2073/73/2073 
f 2290/172/2290 2073/73/2073 2278/166/2278 
f 2298/301/2298 2295/174/2295 2299/173/2299 
f 2298/301/2298 2299/173/2299 2301/302/2301 
f 2301/302/2301 2299/173/2299 2297/175/2297 
f 2301/302/2301 2297/175/2297 2300/299/2300 
f 2297/175/2297 2296/78/2296 2074/76/2074 
f 2297/175/2297 2074/76/2074 2288/171/2288 
f 2305/291/2305 2302/177/2302 2306/176/2306 
f 2305/291/2305 2306/176/2306 2308/304/2308 
f 2308/304/2308 2306/176/2306 2304/178/2304 
f 2308/304/2308 2304/178/2304 2307/303/2307 
f 2304/178/2304 2303/81/2303 2075/79/2075 
f 2304/178/2304 2075/79/2075 2295/174/2295 
f 2309/181/2309 2077/85/2077 2310/84/2310 
f 2309/181/2309 2310/84/2310 2311/292/2311 
f 2311/292/2311 2310/84/2310 2076/82/2076 
f 2311/292/2311 2076/82/2076 2302/177/2302 
f 2312/184/2312 2078/88/2078 2313/87/2313 
f 2312/184/2312 2313/87/2313 2314/180/2314 
f 2315/307/2315 2314/180/2314 2316/179/2316 
f 2315/307/2315 2316/179/2316 2318/308/2318 
f 2318/308/2318 2316/179/2316 2309/181/2309 
f 2318/308/2318 2309/181/2309 2317/293/2317 
f 2319/187/2319 2079/91/2079 2320/90/2320 
f 2319/187/2319 2320/90/2320 2321/183/2321 
f 2322/314/2322 2321/183/2321 2323/182/2323 
f 2322/314/2322 2323/182/2323 2325/310/2325 
f 2325/310/2325 2323/182/2323 2312/184/2312 
f 2325/310/2325 2312/184/2312 2324/311/2324 
f 2125/192/2125 2080/94/2080 2326/93/2326 
f 2125/192/2125 2326/93/2326 2327/186/2327 
f 2328/315/2328 2327/186/2327 2329/185/2329 
f 2328/315/2328 2329/185/2329 2331/316/2331 
f 2331/316/2331 2329/185/2329 2319/187/2319 
f 2331/316/2331 2319/187/2319 2330/313/2330 
f 2336/321/2336 2123/189/2123 2337/188/2337 
f 2336/321/2336 2337/188/2337 2338/322/2338 
f 2338/322/2338 2337/188/2337 2126/190/2126 
f 2338/322/2338 2126/190/2126 2332/320/2332 
f 2332/320/2332 2126/190/2126 2333/191/2333 
f 2332/320/2332 2333/191/2333 2335/319/2335 
f 2335/319/2335 2333/191/2333 2125/192/2125 
f 2335/319/2335 2125/192/2125 2334/318/2334 
f 2132/106/2132 2115/100/2115 2127/209/2127 
f 2132/106/2132 2127/209/2127 2135/208/2135 
f 2139/109/2139 2130/105/2130 2133/211/2133 
f 2139/109/2139 2133/211/2133 2142/213/2142 
f 2147/115/2147 2149/111/2149 2150/220/2150 
f 2147/115/2147 2150/220/2150 2159/219/2159 
f 2154/118/2154 2156/114/2156 2157/221/2157 
f 2154/118/2154 2157/221/2157 2166/224/2166 
f 2161/123/2161 2163/117/2163 2164/225/2164 
f 2161/123/2161 2164/225/2164 2173/229/2173 
f 2180/126/2180 2168/120/2168 2175/234/2175 
f 2180/126/2180 2175/234/2175 2183/233/2183 
f 2194/132/2194 2185/128/2185 2188/240/2188 
f 2194/132/2194 2188/240/2188 2197/244/2197 
f 2202/138/2202 2204/134/2204 2205/247/2205 
f 2202/138/2202 2205/247/2205 2214/249/2214 
f 2187/129/2187 2178/125/2178 2181/238/2181 
f 2187/129/2187 2181/238/2181 2190/237/2190 
f 2216/146/2216 2218/140/2218 2219/257/2219 
f 2216/146/2216 2219/257/2219 2228/256/2228 
f 2242/152/2242 2233/148/2233 2236/267/2236 
f 2242/152/2242 2236/267/2236 2245/266/2245 
f 2235/149/2235 2223/143/2223 2230/261/2230 
f 2235/149/2235 2230/261/2230 2238/263/2238 
f 2249/155/2249 2240/151/2240 2243/269/2243 
f 2249/155/2249 2243/269/2243 2252/273/2252 
f 2264/164/2264 2266/160/2266 2267/279/2267 
f 2264/164/2264 2267/279/2267 2276/283/2276 
f 2257/161/2257 2259/157/2259 2260/275/2260 
f 2257/161/2257 2260/275/2260 2269/278/2269 
f 2209/141/2209 2211/137/2211 2212/250/2212 
f 2209/141/2209 2212/250/2212 2221/254/2221 
f 2271/169/2271 2273/163/2273 2274/286/2274 
f 2271/169/2271 2274/286/2274 2283/285/2283 
f 2290/172/2290 2278/166/2278 2285/297/2285 
f 2290/172/2290 2285/297/2285 2293/296/2293 
f 2297/175/2297 2288/171/2288 2291/298/2291 
f 2297/175/2297 2291/298/2291 2300/299/2300 
f 2304/178/2304 2295/174/2295 2298/301/2298 
f 2304/178/2304 2298/301/2298 2307/303/2307 
f 2312/184/2312 2314/180/2314 2315/307/2315 
f 2312/184/2312 2315/307/2315 2324/311/2324 
f 2125/192/2125 2327/186/2327 2328/315/2328 
f 2125/192/2125 2328/315/2328 2334/318/2334 
f 2319/187/2319 2321/183/2321 2322/314/2322 
f 2319/187/2319 2322/314/2322 2330/313/2330 
f 2374/357/2374 2372/344/2372 2371/2603/2371 
f 2374/357/2374 2371/2603/2371 2373/349/2373 
f 2372/344/2372 2376/339/2376 2375/328/2375 
f 2372/344/2372 2375/328/2375 2371/2603/2371 
f 2371/2603/2371 2375/328/2375 2378/326/2378 
f 2371/2603/2371 2378/326/2378 2377/331/2377 
f 2373/349/2373 2371/2603/2371 2377/331/2377 
f 2373/349/2373 2377/331/2377 2379/347/2379 
f 35/2605/35 2395/2643/2395 34/2607/34 
f 35/2605/35 2/2639/2 2395/2643/2395 
f 34/2607/34 2386/2646/2386 33/2606/33 
f 34/2607/34 2395/2643/2395 2386/2646/2386 
f 33/2606/33 2387/2649/2387 32/2608/32 
f 33/2606/33 2386/2646/2386 2387/2649/2387 
f 32/2608/32 2621/2652/2621 31/2609/31 
f 32/2608/32 2387/2649/2387 2621/2652/2621 
f 31/2609/31 2622/2655/2622 30/2610/30 
f 31/2609/31 2621/2652/2621 2622/2655/2622 
f 30/2610/30 2388/2658/2388 29/2611/29 
f 30/2610/30 2622/2655/2622 2388/2658/2388 
f 29/2611/29 2389/2662/2389 28/2612/28 
f 29/2611/29 2388/2658/2388 2389/2662/2389 
f 28/2612/28 2620/455/2620 27/2613/27 
f 28/2612/28 2389/2662/2389 2620/455/2620 
f 27/2613/27 2619/460/2619 26/2614/26 
f 27/2613/27 2620/455/2620 2619/460/2619 
f 26/2614/26 2392/464/2392 25/2615/25 
f 26/2614/26 2619/460/2619 2392/464/2392 
f 25/2615/25 2390/465/2390 24/2616/24 
f 25/2615/25 2392/464/2392 2390/465/2390 
f 24/2616/24 2391/2676/2391 23/2617/23 
f 24/2616/24 2390/465/2390 2391/2676/2391 
f 23/2617/23 2617/469/2617 22/2618/22 
f 23/2617/23 2391/2676/2391 2617/469/2617 
f 22/2618/22 2618/472/2618 21/2619/21 
f 22/2618/22 2617/469/2617 2618/472/2618 
f 21/2619/21 2393/470/2393 20/2620/20 
f 21/2619/21 2618/472/2618 2393/470/2393 
f 20/2620/20 2394/452/2394 19/2621/19 
f 20/2620/20 2393/470/2393 2394/452/2394 
f 19/2621/19 2613/365/2613 18/2622/18 
f 19/2621/19 2394/452/2394 2613/365/2613 
f 18/2622/18 2614/366/2614 17/2623/17 
f 18/2622/18 2613/365/2613 2614/366/2614 
f 17/2623/17 2616/479/2616 16/2624/16 
f 17/2623/17 2614/366/2614 2616/479/2616 
f 16/2624/16 2615/480/2615 15/2625/15 
f 16/2624/16 2616/479/2616 2615/480/2615 
f 15/2625/15 2396/485/2396 14/2626/14 
f 15/2625/15 2615/480/2615 2396/485/2396 
f 14/2626/14 2397/494/2397 13/2627/13 
f 14/2626/14 2396/485/2396 2397/494/2397 
f 13/2627/13 2635/495/2635 12/2628/12 
f 13/2627/13 2397/494/2397 2635/495/2635 
f 12/2628/12 2632/496/2632 11/2629/11 
f 12/2628/12 2635/495/2635 2632/496/2632 
f 11/2629/11 2633/489/2633 10/2630/10 
f 11/2629/11 2632/496/2632 2633/489/2633 
f 10/2630/10 2636/500/2636 9/2631/9 
f 10/2630/10 2633/489/2633 2636/500/2636 
f 9/2631/9 2634/504/2634 8/2632/8 
f 9/2631/9 2636/500/2636 2634/504/2634 
f 8/2632/8 2630/502/2630 7/2633/7 
f 8/2632/8 2634/504/2634 2630/502/2630 
f 7/2633/7 2631/574/2631 6/2634/6 
f 7/2633/7 2630/502/2630 2631/574/2631 
f 6/2634/6 2628/579/2628 5/2635/5 
f 6/2634/6 2631/574/2631 2628/579/2628 
f 5/2635/5 2629/578/2629 4/2638/4 
f 5/2635/5 2628/579/2628 2629/578/2629 
f 4/2638/4 1/580/1 3/2636/3 
f 4/2638/4 2629/578/2629 1/580/1 
f 2395/2643/2395 2398/2637/2398 2386/2646/2386 
f 2398/2637/2398 2395/2643/2395 2399/2640/2399 
f 2/2639/2 2399/2640/2399 2395/2643/2395 
f 2386/2646/2386 2400/2641/2400 2387/2649/2387 
f 2400/2641/2400 2386/2646/2386 2401/2642/2401 
f 2401/2642/2401 2386/2646/2386 2398/2637/2398 
f 2387/2649/2387 2402/2644/2402 2621/2652/2621 
f 2402/2644/2402 2387/2649/2387 2403/2645/2403 
f 2403/2645/2403 2387/2649/2387 2400/2641/2400 
f 2621/2652/2621 2404/2647/2404 2622/2655/2622 
f 2404/2647/2404 2621/2652/2621 2405/2648/2405 
f 2405/2648/2405 2621/2652/2621 2402/2644/2402 
f 2622/2655/2622 2406/2650/2406 2388/2658/2388 
f 2406/2650/2406 2622/2655/2622 2407/2651/2407 
f 2407/2651/2407 2622/2655/2622 2404/2647/2404 
f 2388/2658/2388 2408/2653/2408 2411/2657/2411 
f 2408/2653/2408 2388/2658/2388 2409/2654/2409 
f 2409/2654/2409 2388/2658/2388 2406/2650/2406 
f 2389/2662/2389 2410/2656/2410 2413/2660/2413 
f 2410/2656/2410 2389/2662/2389 2411/2657/2411 
f 2388/2658/2388 2411/2657/2411 2389/2662/2389 
f 2620/455/2620 2412/2659/2412 2415/451/2415 
f 2620/455/2620 2389/2662/2389 2412/2659/2412 
f 2389/2662/2389 2413/2660/2413 2412/2659/2412 
f 2619/460/2619 2414/2661/2414 2417/458/2417 
f 2619/460/2619 2620/455/2620 2414/2661/2414 
f 2620/455/2620 2415/451/2415 2414/2661/2414 
f 2416/457/2416 2419/461/2419 2619/460/2619 
f 2392/464/2392 2619/460/2619 2419/461/2419 
f 2619/460/2619 2417/458/2417 2416/457/2416 
f 2418/459/2418 2421/453/2421 2392/464/2392 
f 2390/465/2390 2392/464/2392 2421/453/2421 
f 2392/464/2392 2419/461/2419 2418/459/2418 
f 2420/463/2420 2423/454/2423 2390/465/2390 
f 2391/2676/2391 2390/465/2390 2423/454/2423 
f 2390/465/2390 2421/453/2421 2420/463/2420 
f 2422/462/2422 2425/467/2425 2391/2676/2391 
f 2617/469/2617 2391/2676/2391 2424/468/2424 
f 2391/2676/2391 2423/454/2423 2422/462/2422 
f 2424/468/2424 2427/476/2427 2617/469/2617 
f 2618/472/2618 2617/469/2617 2426/474/2426 
f 2425/467/2425 2424/468/2424 2391/2676/2391 
f 2426/474/2426 2428/473/2428 2618/472/2618 
f 2393/470/2393 2618/472/2618 2429/477/2429 
f 2427/476/2427 2426/474/2426 2617/469/2617 
f 2429/477/2429 2431/471/2431 2393/470/2393 
f 2394/452/2394 2393/470/2393 2430/475/2430 
f 2428/473/2428 2429/477/2429 2618/472/2618 
f 2563/406/2563 2452/2663/2452 2483/535/2483 
f 2563/406/2563 2532/538/2532 2452/2663/2452 
f 2583/425/2583 2453/2664/2453 2534/553/2534 
f 2583/425/2583 2582/559/2582 2453/2664/2453 
f 2582/559/2582 2472/421/2472 2453/2664/2453 
f 2472/421/2472 2582/559/2582 2454/2666/2454 
f 2585/570/2585 2489/428/2489 2474/430/2474 
f 2585/570/2585 2595/431/2595 2489/428/2489 
f 2585/570/2585 2508/439/2508 2595/431/2595 
f 2596/2671/2596 2598/560/2598 2507/429/2507 
f 2581/422/2581 2582/559/2582 2583/425/2583 
f 2581/422/2581 2584/432/2584 2582/559/2582 
f 2504/552/2504 2584/432/2584 2581/422/2581 
f 2504/552/2504 2578/416/2578 2584/432/2584 
f 2572/419/2572 2578/416/2578 2504/552/2504 
f 2586/438/2586 2490/565/2490 2471/2665/2471 
f 2586/438/2586 2471/2665/2471 2587/566/2587 
f 2454/2666/2454 2582/559/2582 2471/2665/2471 
f 2587/566/2587 2471/2665/2471 2582/559/2582 
f 2582/559/2582 2505/569/2505 2587/566/2587 
f 2582/559/2582 2605/437/2605 2505/569/2505 
f 2549/567/2549 2606/383/2606 2491/443/2491 
f 2546/442/2546 2606/383/2606 2549/567/2549 
f 2512/400/2512 2555/511/2555 2548/445/2548 
f 2608/2678/2608 2492/448/2492 2455/424/2455 
f 2455/424/2455 2473/2667/2473 2608/2678/2608 
f 2590/586/2590 2608/2678/2608 2551/449/2551 
f 2473/2667/2473 2456/427/2456 2608/2678/2608 
f 2456/427/2456 2551/449/2551 2608/2678/2608 
f 2600/587/2600 2590/586/2590 2544/568/2544 
f 2585/570/2585 2609/2668/2609 2508/439/2508 
f 2585/570/2585 2592/588/2592 2609/2668/2609 
f 2585/570/2585 2474/430/2474 2457/2669/2457 
f 2457/2669/2457 2475/433/2475 2585/570/2585 
f 2506/446/2506 2585/570/2585 2458/2670/2458 
f 2475/433/2475 2458/2670/2458 2585/570/2585 
f 2506/446/2506 2458/2670/2458 2552/571/2552 
f 2593/557/2593 2596/2671/2596 2507/429/2507 
f 2593/557/2593 2588/2672/2588 2596/2671/2596 
f 2595/431/2595 2588/2672/2588 2593/557/2593 
f 2595/431/2595 2508/439/2508 2588/2672/2588 
f 2513/378/2513 2486/2673/2486 2604/395/2604 
f 2604/395/2604 2487/444/2487 2515/529/2515 
f 2604/395/2604 2486/2673/2486 2487/444/2487 
f 2515/529/2515 2531/510/2531 2610/550/2610 
f 2515/529/2515 2487/444/2487 2531/510/2531 
f 2610/550/2610 2476/2675/2476 2559/412/2559 
f 2610/550/2610 2536/514/2536 2476/2675/2476 
f 2610/550/2610 2531/510/2531 2536/514/2536 
f 2460/450/2460 2536/514/2536 2459/2674/2459 
f 2476/2675/2476 2536/514/2536 2460/450/2460 
f 2479/447/2479 2516/518/2516 2461/382/2461 
f 2459/2674/2459 2536/514/2536 2479/447/2479 
f 2516/518/2516 2479/447/2479 2536/514/2536 
f 2480/379/2480 2517/516/2517 2462/399/2462 
f 2461/382/2461 2516/518/2516 2480/379/2480 
f 2517/516/2517 2480/379/2480 2516/518/2516 
f 2495/517/2495 2482/396/2482 2494/519/2494 
f 2494/519/2494 2462/399/2462 2517/516/2517 
f 2462/399/2462 2494/519/2494 2482/396/2482 
f 2495/517/2495 2464/417/2464 2482/396/2482 
f 2495/517/2495 2519/522/2519 2464/417/2464 
f 2519/522/2519 2463/413/2463 2464/417/2464 
f 2519/522/2519 2518/520/2518 2463/413/2463 
f 2558/523/2558 2465/436/2465 2481/440/2481 
f 2481/440/2481 2463/413/2463 2558/523/2558 
f 2518/520/2518 2558/523/2558 2463/413/2463 
f 2467/505/2467 2466/372/2466 2503/525/2503 
f 2466/372/2466 2465/436/2465 2553/521/2553 
f 2558/523/2558 2553/521/2553 2465/436/2465 
f 2469/506/2469 2468/374/2468 2580/531/2580 
f 2468/374/2468 2467/505/2467 2503/525/2503 
f 2553/521/2553 2502/524/2502 2466/372/2466 
f 2477/508/2477 2470/375/2470 2580/531/2580 
f 2470/375/2470 2469/506/2469 2580/531/2580 
f 2502/524/2502 2503/525/2503 2466/372/2466 
f 2527/507/2527 2478/373/2478 2580/531/2580 
f 2478/373/2478 2477/508/2477 2580/531/2580 
f 2503/525/2503 2575/526/2575 2468/374/2468 
f 2580/531/2580 2496/544/2496 2525/377/2525 
f 2580/531/2580 2611/573/2611 2496/544/2496 
f 2525/377/2525 2527/507/2527 2580/531/2580 
f 2575/526/2575 2580/531/2580 2468/374/2468 
f 2611/573/2611 2520/393/2520 2612/583/2612 
f 2611/573/2611 2580/531/2580 2520/393/2520 
f 2612/583/2612 2521/376/2521 2514/584/2514 
f 2612/583/2612 2520/393/2520 2521/376/2521 
f 2514/584/2514 2510/509/2510 2607/589/2607 
f 2514/584/2514 2521/376/2521 2510/509/2510 
f 2531/510/2531 2511/380/2511 2536/514/2536 
f 2536/514/2536 2597/384/2597 2516/518/2516 
f 2536/514/2536 2511/380/2511 2597/384/2597 
f 2516/518/2516 2602/381/2602 2517/516/2517 
f 2516/518/2516 2597/384/2597 2602/381/2602 
f 2517/516/2517 2522/386/2522 2494/519/2494 
f 2517/516/2517 2602/381/2602 2522/386/2522 
f 2494/519/2494 2523/385/2523 2495/517/2495 
f 2494/519/2494 2522/386/2522 2523/385/2523 
f 2495/517/2495 2645/388/2645 2519/522/2519 
f 2495/517/2495 2523/385/2523 2645/388/2645 
f 2519/522/2519 2644/387/2644 2518/520/2518 
f 2519/522/2519 2645/388/2645 2644/387/2644 
f 2518/520/2518 2643/390/2643 2558/523/2558 
f 2518/520/2518 2644/387/2644 2643/390/2643 
f 2558/523/2558 2639/389/2639 2553/521/2553 
f 2558/523/2558 2643/390/2643 2639/389/2639 
f 2553/521/2553 2640/392/2640 2502/524/2502 
f 2553/521/2553 2639/389/2639 2640/392/2640 
f 2502/524/2502 2641/391/2641 2503/525/2503 
f 2502/524/2502 2640/392/2640 2641/391/2641 
f 2503/525/2503 2642/394/2642 2575/526/2575 
f 2503/525/2503 2641/391/2641 2642/394/2642 
f 2575/526/2575 2637/397/2637 2580/531/2580 
f 2575/526/2575 2642/394/2642 2637/397/2637 
f 2580/531/2580 2638/527/2638 2520/393/2520 
f 2580/531/2580 2637/397/2637 2638/527/2638 
f 2526/401/2526 2533/539/2533 2569/403/2569 
f 2576/409/2576 2569/403/2569 2533/539/2533 
f 2569/403/2569 2483/535/2483 2526/401/2526 
f 2569/403/2569 2563/406/2563 2483/535/2483 
f 2574/398/2574 2563/406/2563 2500/533/2500 
f 2563/406/2563 2574/398/2574 2573/402/2573 
f 2563/406/2563 2569/403/2569 2500/533/2500 
f 2571/537/2571 2529/536/2529 2530/405/2530 
f 2566/541/2566 2563/406/2563 2573/402/2573 
f 2566/541/2566 2484/534/2484 2524/407/2524 
f 2566/541/2566 2499/404/2499 2484/534/2484 
f 2499/404/2499 2530/405/2530 2484/534/2484 
f 2499/404/2499 2571/537/2571 2530/405/2530 
f 2524/407/2524 2532/538/2532 2566/541/2566 
f 2563/406/2563 2566/541/2566 2532/538/2532 
f 2533/539/2533 2528/540/2528 2576/409/2576 
f 2577/411/2577 2576/409/2576 2528/540/2528 
f 2570/546/2570 2535/408/2535 2485/542/2485 
f 2528/540/2528 2535/408/2535 2577/411/2577 
f 2570/546/2570 2577/411/2577 2535/408/2535 
f 2594/549/2594 2540/415/2540 2537/410/2537 
f 2594/549/2594 2504/552/2504 2540/415/2540 
f 2594/549/2594 2509/543/2509 2501/548/2501 
f 2579/414/2579 2572/419/2572 2594/549/2594 
f 2501/548/2501 2579/414/2579 2594/549/2594 
f 2581/422/2581 2488/420/2488 2504/552/2504 
f 2581/422/2581 2583/425/2583 2488/420/2488 
f 2594/549/2594 2572/419/2572 2504/552/2504 
f 2504/552/2504 2539/547/2539 2540/415/2540 
f 2539/547/2539 2504/552/2504 2488/420/2488 
f 2583/425/2583 2534/553/2534 2488/420/2488 
f 2603/555/2603 2601/563/2601 2599/558/2599 
f 2507/429/2507 2542/423/2542 2543/554/2543 
f 2507/429/2507 2601/563/2601 2542/423/2542 
f 2598/560/2598 2591/434/2591 2601/563/2601 
f 2543/554/2543 2538/426/2538 2507/429/2507 
f 2593/557/2593 2507/429/2507 2545/556/2545 
f 2595/431/2595 2545/556/2545 2489/428/2489 
f 2538/426/2538 2545/556/2545 2507/429/2507 
f 2595/431/2595 2593/557/2593 2545/556/2545 
f 2601/563/2601 2507/429/2507 2598/560/2598 
f 2601/563/2601 2591/434/2591 2599/558/2599 
f 2605/437/2605 2582/559/2582 2584/432/2584 
f 2505/569/2505 2606/383/2606 2586/438/2586 
f 2586/438/2586 2546/442/2546 2490/565/2490 
f 2586/438/2586 2606/383/2606 2546/442/2546 
f 2586/438/2586 2587/566/2587 2505/569/2505 
f 2589/512/2589 2541/564/2541 2606/383/2606 
f 2541/564/2541 2589/512/2589 2548/445/2548 
f 2512/400/2512 2548/445/2548 2589/512/2589 
f 2491/443/2491 2606/383/2606 2541/564/2541 
f 2600/587/2600 2544/568/2544 2560/572/2560 
f 2551/449/2551 2544/568/2544 2590/586/2590 
f 2608/2678/2608 2592/588/2592 2506/446/2506 
f 2592/588/2592 2585/570/2585 2506/446/2506 
f 2608/2678/2608 2552/571/2552 2492/448/2492 
f 2608/2678/2608 2506/446/2506 2552/571/2552 
f 2513/378/2513 2606/383/2606 2505/569/2505 
f 2513/378/2513 2604/395/2604 2589/512/2589 
f 2604/395/2604 2512/400/2512 2589/512/2589 
f 2589/512/2589 2606/383/2606 2513/378/2513 
f 2604/395/2604 2547/515/2547 2554/513/2554 
f 2547/515/2547 2604/395/2604 2550/528/2550 
f 2430/475/2430 2433/364/2433 2394/452/2394 
f 2613/365/2613 2394/452/2394 2433/364/2433 
f 2431/471/2431 2430/475/2430 2393/470/2393 
f 2432/456/2432 2435/2604/2435 2613/365/2613 
f 2614/366/2614 2613/365/2613 2435/2604/2435 
f 2613/365/2613 2433/364/2433 2432/456/2432 
f 2434/466/2434 2437/478/2437 2614/366/2614 
f 2616/479/2616 2614/366/2614 2437/478/2437 
f 2614/366/2614 2435/2604/2435 2434/466/2434 
f 2436/367/2436 2439/482/2439 2616/479/2616 
f 2615/480/2615 2616/479/2616 2439/482/2439 
f 2616/479/2616 2437/478/2437 2436/367/2436 
f 2438/481/2438 2441/483/2441 2615/480/2615 
f 2396/485/2396 2615/480/2615 2441/483/2441 
f 2615/480/2615 2439/482/2439 2438/481/2438 
f 2440/484/2440 2443/369/2443 2396/485/2396 
f 2397/494/2397 2396/485/2396 2443/369/2443 
f 2396/485/2396 2441/483/2441 2440/484/2440 
f 2635/495/2635 2442/368/2442 2445/493/2445 
f 2635/495/2635 2397/494/2397 2442/368/2442 
f 2397/494/2397 2443/369/2443 2442/368/2442 
f 2632/496/2632 2444/486/2444 2447/488/2447 
f 2632/496/2632 2635/495/2635 2444/486/2444 
f 2635/495/2635 2445/493/2445 2444/486/2444 
f 2633/489/2633 2446/487/2446 2449/490/2449 
f 2633/489/2633 2632/496/2632 2446/487/2446 
f 2632/496/2632 2447/488/2447 2446/487/2446 
f 2636/500/2636 2448/498/2448 2451/497/2451 
f 2448/498/2448 2636/500/2636 2449/490/2449 
f 2633/489/2633 2449/490/2449 2636/500/2636 
f 2634/504/2634 2450/499/2450 2381/492/2381 
f 2450/499/2450 2634/504/2634 2451/497/2451 
f 2636/500/2636 2451/497/2451 2634/504/2634 
f 2630/502/2630 2380/491/2380 2627/501/2627 
f 2380/491/2380 2630/502/2630 2381/492/2381 
f 2634/504/2634 2381/492/2381 2630/502/2630 
f 2631/574/2631 2382/503/2382 2628/579/2628 
f 2382/503/2382 2631/574/2631 2627/501/2627 
f 2630/502/2630 2627/501/2627 2631/574/2631 
f 2628/579/2628 2625/370/2625 2629/578/2629 
f 2550/528/2550 2604/395/2604 2557/532/2557 
f 2512/400/2512 2554/513/2554 2555/511/2555 
f 2512/400/2512 2604/395/2604 2554/513/2554 
f 2515/529/2515 2493/530/2493 2604/395/2604 
f 2493/530/2493 2515/529/2515 2561/418/2561 
f 2561/418/2561 2515/529/2515 2562/545/2562 
f 2557/532/2557 2604/395/2604 2493/530/2493 
f 2610/550/2610 2559/412/2559 2562/545/2562 
f 2610/550/2610 2562/545/2562 2515/529/2515 
f 2611/573/2611 2556/551/2556 2496/544/2496 
f 2565/441/2565 2556/551/2556 2514/584/2514 
f 2564/435/2564 2497/562/2497 2514/584/2514 
f 2611/573/2611 2612/583/2612 2556/551/2556 
f 2568/582/2568 2564/435/2564 2514/584/2514 
f 2497/562/2497 2565/441/2565 2514/584/2514 
f 2567/561/2567 2498/585/2498 2514/584/2514 
f 2625/370/2625 2628/579/2628 2383/371/2383 
f 2383/371/2383 2628/579/2628 2382/503/2382 
f 2629/578/2629 2626/575/2626 1/580/1 
f 2626/575/2626 2629/578/2629 2623/577/2623 
f 2623/577/2623 2629/578/2629 2625/370/2625 
f 1/580/1 2385/581/2385 2384/576/2384 
f 2385/581/2385 1/580/1 2624/2677/2624 
f 2624/2677/2624 1/580/1 2626/575/2626 
f 2612/583/2612 2514/584/2514 2556/551/2556 
f 2514/584/2514 2560/572/2560 2567/561/2567 
f 2514/584/2514 2600/587/2600 2560/572/2560 
f 2498/585/2498 2568/582/2568 2514/584/2514 
f 2514/584/2514 2607/589/2607 2590/586/2590 
f 2607/589/2607 2608/2678/2608 2590/586/2590 
f 2590/586/2590 2600/587/2600 2514/584/2514 
f 2592/588/2592 2608/2678/2608 2607/589/2607 
