v 44.16781998 39.00767517 1066.866821
vn 0.7978249788 0.5582258105 0.2277262509
v 44.41073608 38.78864288 1066.560181
vn 0.7992302179 0.5497263074 0.2429651618
v 44.38919067 38.83439255 1066.510498
vn 0.7706694603 0.6133448482 0.1728487015
v 44.14629745 39.05340576 1066.817139
vn 0.7689390779 0.6183938384 0.1622398794
v 44.36332703 38.87451935 1066.461304
vn 0.736254096 0.6679283381 0.1086356044
v 44.12043762 39.09352493 1066.767944
vn 0.7328371406 0.67395401 0.09346491843
v 44.1942482 38.90409088 1066.961914
vn 0.8352920413 0.4162674248 0.359177649
v 44.43726349 38.68497086 1066.655151
vn 0.8342952132 0.4053983092 0.3736358285
v 44.42672729 38.7391777 1066.608154
vn 0.8210871816 0.4813476503 0.3067902923
v 44.18376923 38.95824432 1066.914795
vn 0.8208081722 0.488004148 0.2968600392
v 44.1968956 38.78602219 1067.048584
vn 0.8337671757 0.1944167018 0.5167537332
v 44.44007492 38.56674957 1066.741577
vn 0.8308258057 0.1970867813 0.5204664469
v 44.44176865 38.6275444 1066.699585
vn 0.8405150771 0.3269856572 0.4319893718
v 44.19868088 38.84672928 1067.00647
vn 0.8417303562 0.3352539837 0.4231959283
v 44.1277771 38.53093719 1067.176636
vn 0.7471465468 -0.09624156356 0.6576546431
v 44.37145996 38.31121445 1066.869141
vn 0.7387599349 -0.1096605882 0.6649875045
v 44.39751816 38.37540436 1066.844116
vn 0.7772296667 -0.02021973953 0.6288920641
v 44.15398026 38.59499741 1067.151489
vn 0.781264782 -0.01041072048 0.6241129041
v 44.41785431 38.44005966 1066.814209
vn 0.8174438477 0.1199931502 0.5633713007
v 44.17444992 38.65953064 1067.12146
vn 0.8197666407 0.117753543 0.5604611635
v 44.06048584 38.40803146 1067.211548
vn 0.6554559469 -0.2656765282 0.7069607377
v 44.30447769 38.18803024 1066.903564
vn 0.633089304 -0.2996594012 0.713724196
v 44.34022141 38.24846268 1066.889038
vn 0.6973806024 -0.1946356893 0.6897660494
v 44.09638977 38.46831894 1067.196777
vn 0.7027585506 -0.1841615736 0.6871789694
v 43.9782486 38.29734039 1067.225952
vn 0.5426189303 -0.4189195931 0.7280597687
v 44.22255707 38.07704926 1066.917603
vn 0.5317594409 -0.4305589199 0.7292811275
v 44.26498413 38.13068771 1066.913086
vn 0.5924358368 -0.3582782745 0.7215653062
v 44.02083588 38.35083389 1067.221313
vn 0.5993913412 -0.345882386 0.7218693495
v 43.88750839 38.20311737 1067.221802
vn 0.4152929187 -0.5518436432 0.723187685
v 44.13213348 37.98254776 1066.912964
vn 0.386790067 -0.579762578 0.7171253562
v 44.17801285 38.02757263 1066.917358
vn 0.4730676413 -0.4970848858 0.7274019718
v 43.93354416 38.2480011 1067.225952
vn 0.4791253209 -0.4882674813 0.729406476
v 43.78031158 38.11727524 1067.198608
vn 0.2701043785 -0.6687281132 0.6927093863
v 44.02526855 37.89640427 1066.889404
vn 0.2382187694 -0.693472743 0.6799613237
v 44.08076477 37.93815613 1066.903809
vn 0.33467713 -0.6238732338 0.7062389255
v 43.83597565 38.15887451 1067.212769
vn 0.3427445292 -0.6128906012 0.7119629979
v 43.66286087 38.04784012 1067.15564
vn 0.1085324138 -0.7651512623 0.6346371174
v 43.9081459 37.82667542 1066.845947
vn 0.07485596836 -0.7849447727 0.61502707
v 43.96809387 37.85941315 1066.870361
vn 0.1789322346 -0.7308977842 0.658613503
v 43.72297287 38.08043289 1067.179688
vn 0.1873868555 -0.720744729 0.6673927903
v 43.53961563 37.99921799 1067.09314
vn -0.1209950149 -0.8490005136 0.5143523812
v 43.78521729 37.777771 1066.783081
vn -0.1186837927 -0.8510527611 0.5114912987
v 43.84721375 37.79941559 1066.817017
vn 0.01235032268 -0.8118467927 0.5837398767
v 43.60176849 38.02072525 1067.126831
vn 0.02049350739 -0.8031412959 0.5954360366
v 43.30231476 37.97728348 1066.921509
vn -0.3888337612 -0.8657435179 0.3151134253
v 43.54840851 37.75539017 1066.61084
vn -0.3992973268 -0.866245091 0.3003016412
v 43.60447693 37.75117111 1066.658447
vn -0.3187326789 -0.8744042516 0.3658233285
v 43.35848618 37.97296906 1066.968872
vn -0.314643383 -0.8698732853 0.3798946738
v 43.66324234 37.75350952 1066.703491
vn -0.1926201582 -0.8647916913 0.4637162983
v 43.41736984 37.97520447 1067.013794
vn -0.1949196458 -0.8628478646 0.4663688242
v 43.2011261 38.00447083 1066.822144
vn -0.5291149616 -0.8295389414 0.1786127388
v 43.44738007 37.78243256 1066.51123
vn -0.5372107625 -0.8275131583 0.1631765664
v 43.49582291 37.76594925 1066.561523
vn -0.4675248265 -0.8529005647 0.2323384732
v 43.24964142 37.98791885 1066.872314
vn -0.4649313688 -0.8500816226 0.2473865598
v 43.11836243 38.05298233 1066.722046
vn -0.6440196633 -0.7639095783 0.04099827632
v 43.36470795 37.83086014 1066.411011
vn -0.6496607661 -0.7597933412 0.02559306659
v 43.40356827 37.80429459 1066.460815
vn -0.5936654806 -0.7991942167 0.09407421201
v 43.15726089 38.02637863 1066.771729
vn -0.5926784277 -0.7979875803 0.1093070731
v 43.05593872 38.11730576 1066.626587
vn -0.7328586578 -0.6739214063 -0.09353142232
v 43.30231476 37.89516068 1066.315674
vn -0.7362653613 -0.6679114699 -0.1086627617
v 43.33095932 37.86140442 1066.362427
vn -0.6928651333 -0.7199038267 -0.04094415903
v 43.08459091 38.08354187 1066.673462
vn -0.6934307218 -0.7200484276 -0.02615533769
v 43.00856018 38.20315552 1066.52771
vn -0.7977640033 -0.5583527088 -0.2276287228
v 43.25490189 37.98103714 1066.216797
vn -0.7992392182 -0.5497131348 -0.242965281
v 43.27645111 37.93528366 1066.266479
vn -0.7683709264 -0.6154090762 -0.1757208109
v 43.0300827 38.15742493 1066.577515
vn -0.7703816891 -0.6170725822 -0.1604166776
v 42.98213196 38.30673981 1066.432739
vn -0.8352956176 -0.4162646532 -0.3591726124
v 43.2283783 38.08470917 1066.121826
vn -0.8342753649 -0.405505538 -0.3735637069
v 43.23891449 38.03050232 1066.168823
vn -0.8186739087 -0.4834977984 -0.309843421
v 42.99261093 38.25258636 1066.479736
vn -0.8223358989 -0.4865813851 -0.2949613333
v 42.97948456 38.42481232 1066.346069
vn -0.8337455988 -0.1943122745 -0.5168278217
v 43.22556686 38.20292664 1066.0354
vn -0.8308283687 -0.197211802 -0.5204149485
v 43.22387314 38.14213562 1066.077393
vn -0.8379579782 -0.3291204572 -0.4353230894
v 42.97769928 38.36410141 1066.388062
vn -0.8433264494 -0.3336954117 -0.4212456644
v 43.04859924 38.67989349 1066.217896
vn -0.7469102144 0.09678352624 -0.6578434706
v 43.29418182 38.45846558 1065.907959
vn -0.738525331 0.1102462932 -0.6651511788
v 43.26812363 38.39427567 1065.932861
vn -0.7745354772 0.01814636961 -0.6322700977
v 43.0223999 38.61583328 1066.243042
vn -0.783053875 0.0114828432 -0.621847868
v 43.24778366 38.32962036 1065.962769
vn -0.8174775243 -0.1201031283 -0.5632990003
v 43.00193024 38.55130005 1066.273193
vn -0.8198340535 -0.1180159524 -0.5603073835
v 43.11589432 38.80279922 1066.182983
vn -0.6555184126 0.2655052245 -0.706967175
v 43.36116409 38.58164597 1065.873413
vn -0.6309165359 0.2974688709 -0.7165588737
v 43.32541656 38.52121735 1065.888062
vn -0.6950604916 0.1921286732 -0.6928040981
v 43.07999039 38.74251175 1066.197876
vn -0.7043075562 0.185571149 -0.685211122
v 43.19813156 38.91349411 1066.168579
vn -0.5428441167 0.418607831 -0.7280712724
v 43.4430809 38.69262695 1065.859497
vn -0.5317203403 0.4305050075 -0.7293414474
v 43.40065384 38.63898849 1065.863892
vn -0.5890373588 0.3555425107 -0.7256889939
v 43.15554428 38.8599968 1066.17334
vn -0.6006789207 0.3473506272 -0.720091939
v 43.28887177 39.00771332 1066.172852
vn -0.4152695835 0.5518179536 -0.723220706
v 43.5335083 38.78713226 1065.864014
vn -0.4040717185 0.5621429086 -0.7216103077
v 43.48762512 38.74210739 1065.859619
vn -0.4712857604 0.4949566424 -0.7300052643
v 43.242836 38.96282959 1066.168579
vn -0.4803799391 0.4893990755 -0.7278211713
v 43.39606857 39.09355927 1066.195923
vn -0.2701044977 0.6687167883 -0.692720294
v 43.64037323 38.87327576 1065.887573
vn -0.257482022 0.678422153 -0.68807441
v 43.58487701 38.8315239 1065.873169
vn -0.3341349363 0.6197233796 -0.7101385593
v 43.34040451 39.05195618 1066.181763
vn -0.3442997932 0.614125669 -0.7101460099
v 43.51351929 39.16299057 1066.239014
vn -0.1081451923 0.7653180361 -0.6345021129
v 43.75749207 38.94300461 1065.93103
vn -0.09524443001 0.7733427882 -0.6267929673
v 43.6975441 38.91026306 1065.906616
vn -0.1783694625 0.7271560431 -0.6628940105
v 43.45340729 39.1303978 1066.214844
vn -0.1886519194 0.7222931981 -0.6653593183
v 43.63676453 39.2116127 1066.301392
vn 0.120891884 0.8489495516 -0.5144607425
v 43.8804245 38.99190903 1065.993896
vn 0.11876899 0.8510567546 -0.5114648938
v 43.81842422 38.97026443 1065.959961
vn -0.01194816455 0.8083341122 -0.5886027217
v 43.57461166 39.19010544 1066.267822
vn -0.02232248895 0.8045002818 -0.5935326815
v 43.8740654 39.23354721 1066.473145
vn 0.3889469504 0.8657281995 -0.3150158226
v 44.11723328 39.01428604 1066.166138
vn 0.3991577625 0.8662602901 -0.3004432917
v 44.06116486 39.01850891 1066.118652
vn 0.321254611 0.8720859885 -0.3691361547
v 43.81789398 39.23786163 1066.425659
vn 0.3131548762 0.8713464141 -0.3777425587
v 44.00239944 39.0161705 1066.073608
vn 0.1927555799 0.8647866249 -0.4636695087
v 43.75901031 39.23562622 1066.380737
vn 0.1949403435 0.8628290296 -0.4663949907
v 43.97525406 39.20635986 1066.57251
vn 0.5290357471 0.8295661807 -0.1787207574
v 44.21826172 38.98724365 1066.265747
vn 0.5371645093 0.8275325298 -0.1632306725
v 44.16981506 39.00373077 1066.215454
vn 0.4700066149 0.8506754041 -0.2354679406
v 43.92673874 39.22291183 1066.522339
vn 0.4633170366 0.8515173793 -0.2454698384
v 44.05801773 39.15784836 1066.672607
vn 0.6440336704 0.7638973594 -0.0410054177
v 44.30093002 38.93881607 1066.365967
vn 0.6496557593 0.7597971559 -0.02560621127
v 44.26207352 38.96538544 1066.316162
vn 0.59596771 0.7971372008 -0.09692662954
v 44.01911926 39.18445206 1066.622803
vn 0.5912463665 0.7992932796 -0.1075083315
v 44.33468246 38.9082756 1066.414551
vn 0.6948948503 0.7180871964 0.03836545721
v 44.09178925 39.12728882 1066.721069
vn 0.6921696663 0.7212001085 0.02777613886
v 43.63808823 39.5365448 1067.383057
vn 0.7462920547 0.6570028663 0.1067492291
v 43.68540955 39.45075226 1067.482056
vn 0.8077510595 0.5380151868 0.2409935892
v 43.71163559 39.34735107 1067.577271
vn 0.8408613205 0.393656075 0.3714662492
v 43.71394348 39.22959137 1067.664429
vn 0.8416913748 0.2332405448 0.486985147
v 43.69102859 39.10353088 1067.737915
vn 0.8099734783 0.06844578683 0.5824586749
v 43.64378357 38.97546005 1067.793823
vn 0.7395492792 -0.1172916889 0.6628043056
v 43.57585144 38.85313797 1067.82959
vn 0.645150423 -0.2834191322 0.7095453143
v 43.49295044 38.74305344 1067.844849
vn 0.5306016207 -0.4331239462 0.7286052108
v 43.40155792 38.64942932 1067.841431
vn 0.3963676393 -0.5676797032 0.7215486765
v 43.29366684 38.56422043 1067.819214
vn 0.24835895 -0.6811771393 0.6887056828
v 43.17552948 38.49541473 1067.7771
vn 0.08468643576 -0.7734161019 0.6282163262
v 43.05163956 38.44738388 1067.715454
vn -0.082512483 -0.8358260989 0.5427582264
v 42.92881775 38.42389297 1067.636841
vn -0.24237746 -0.8653075099 0.4387437701
v 42.81330109 38.42639542 1067.545044
vn -0.410022378 -0.8594443798 0.3053473234
v 42.71178055 38.45388794 1067.446045
vn -0.5471159816 -0.819681108 0.1696671844
v 42.62882614 38.50257492 1067.346191
vn -0.6587910652 -0.7515931726 0.03319691122
v 42.56633759 38.56695938 1067.250977
vn -0.7475470901 -0.6558231711 -0.1052108854
v 42.51901627 38.65275192 1067.151978
vn -0.8090621829 -0.5368483067 -0.2391907871
v 42.49279022 38.75615311 1067.056641
vn -0.8422719836 -0.3923631012 -0.3696337044
v 42.49048233 38.87391281 1066.969604
vn -0.8424658775 -0.2323523909 -0.4860695899
v 42.51339722 38.9999733 1066.896118
vn -0.8107271194 -0.06807145476 -0.5814532042
v 42.56064224 39.12804413 1066.840088
vn -0.7410658598 0.1184927896 -0.6608939767
v 42.62857437 39.25036621 1066.804321
vn -0.6464318633 0.2847841084 -0.7078303695
v 42.71147919 39.36045074 1066.789185
vn -0.5319500566 0.4341191351 -0.7270280123
v 42.80286789 39.45407486 1066.79248
vn -0.3976421058 0.568748951 -0.7200037241
v 42.91075897 39.53928757 1066.814819
vn -0.2496085614 0.682482779 -0.6869590878
v 43.02889633 39.60808945 1066.856934
vn -0.08609831333 0.7747402191 -0.6263902187
v 43.15278625 39.6561203 1066.918579
vn 0.08159161359 0.8365224004 -0.541823864
v 43.27560806 39.67961121 1066.997192
vn 0.2416393608 0.865920186 -0.437941432
v 43.39112473 39.67710876 1067.088989
vn 0.4085022807 0.8608016968 -0.3035562336
v 43.49264526 39.64961624 1067.187866
vn 0.545663774 0.8209877014 -0.1680184901
v 43.57560349 39.60092926 1067.28772
vn 0.6575542688 0.752743423 -0.03161934018
v 43.21200562 39.89702606 1068.094604
vn 0.8095498681 0.5432240963 0.2225682139
v 43.16474533 39.9827652 1067.995483
vn 0.7461590767 0.6598761678 0.08837486058
v 43.23802567 39.79381561 1068.190186
vn 0.8449459076 0.4008990824 0.3540427983
v 43.2399826 39.67638779 1068.27771
vn 0.8473081589 0.2401908338 0.4736847878
v 43.21658325 39.55078125 1068.351807
vn 0.815114677 0.06795923412 0.5752996206
v 43.16874313 39.42326736 1068.408569
vn 0.7499996424 -0.1060063094 0.6528883576
v 43.10014343 39.30157089 1068.44519
vn 0.6568199992 -0.2721377611 0.703227222
v 43.01654434 39.19213867 1068.461304
vn 0.5428950191 -0.4222582281 0.7259221673
v 42.92447662 39.0991478 1068.458862
vn 0.4081138968 -0.5583419204 0.7222862244
v 42.81586075 39.01461411 1068.4375
vn 0.2605446875 -0.6724538803 0.6927642226
v 42.69700623 38.94648361 1068.39624
vn 0.09690449387 -0.7657940984 0.6357428432
v 42.57243347 38.899086 1068.335449
vn -0.07336818427 -0.8303026557 0.5524622798
v 42.44901657 38.87615967 1068.25769
vn -0.2426979095 -0.8617038727 0.4456053674
v 42.33301163 38.87911987 1068.166504
vn -0.4010415673 -0.8578625917 0.3213057816
v 42.23114014 38.90694046 1068.067993
vn -0.54037714 -0.8203928471 0.1869441122
v 42.14797974 38.95582199 1067.968384
vn -0.6546272039 -0.7542429566 0.05080128089
v 42.08542252 39.0202713 1067.873169
vn -0.7461568713 -0.6598704457 -0.08843595535
v 42.03816223 39.10600662 1067.77417
vn -0.8095469475 -0.5432023406 -0.2226319909
v 42.01214218 39.20921707 1067.678589
vn -0.8449219465 -0.4009372592 -0.3540567756
v 42.01018524 39.32664871 1067.591064
vn -0.8472806811 -0.2402567416 -0.4737005234
v 42.03358459 39.45225525 1067.516968
vn -0.8151003718 -0.06804796308 -0.5753093958
v 42.08142471 39.57976913 1067.460205
vn -0.750033617 0.1058240458 -0.6528788805
v 42.15002441 39.70146179 1067.423584
vn -0.6567989588 0.2721358836 -0.7032476068
v 42.2336235 39.81089783 1067.407471
vn -0.5429502726 0.4221894145 -0.725920856
v 42.32569122 39.9038887 1067.409912
vn -0.4081629515 0.5582671762 -0.7223162651
v 42.4343071 39.98841858 1067.431274
vn -0.2605915666 0.6723682284 -0.6928296685
v 42.55316162 40.05654907 1067.472534
vn -0.09696415812 0.7657243013 -0.6358177662
v 42.67773056 40.10394669 1067.533325
vn 0.07329045236 0.8302616477 -0.5525342822
v 42.80115128 40.12687683 1067.611084
vn 0.2426371276 0.8616806865 -0.4456833601
v 42.91715622 40.12391281 1067.702271
vn 0.4010129273 0.857843101 -0.321393609
v 43.01902771 40.09609604 1067.800781
vn 0.5403078198 0.8204100728 -0.1870688647
v 43.10218811 40.04721451 1067.900269
vn 0.6546183228 0.7542464733 -0.05086405948
v 42.74452591 40.35015869 1068.709229
vn 0.8149776459 0.5379529595 0.2154485732
v 42.69732666 40.43583679 1068.610107
vn 0.7516579032 0.654545784 0.08111856878
v 42.77033615 40.24715042 1068.805054
vn 0.8500448465 0.39605093 0.347228229
v 42.77192688 40.13007355 1068.893188
vn 0.8519241214 0.2357866168 0.4675787985
v 42.74802017 40.00495148 1068.967896
vn 0.819032371 0.06414140016 0.570150733
v 42.69955444 39.87804031 1069.025513
vn 0.753079474 -0.108924441 0.6488503218
v 42.63025284 39.75701904 1069.062988
vn 0.6588748097 -0.2742295265 0.7004870772
v 42.54592896 39.64828491 1069.080078
vn 0.5439862609 -0.4233463407 0.7244700193
v 42.45314407 39.55598068 1069.078491
vn 0.4082225859 -0.5583362579 0.7222291231
v 42.34376526 39.47218323 1069.058228
vn 0.2596699297 -0.6714065075 0.6941072345
v 42.22415543 39.40478134 1069.017944
vn 0.0948959887 -0.7638360262 0.6383959055
v 42.09886551 39.35807419 1068.95813
vn -0.07640004903 -0.8274148107 0.5563701391
v 41.97481537 39.33575439 1068.881104
vn -0.2465196699 -0.8579489589 0.4507234693
v 41.85829163 39.33921432 1068.790649
vn -0.4055311382 -0.8534395695 0.3273917437
v 41.75605011 39.36739349 1068.692627
vn -0.5454258919 -0.8154810071 0.1936527044
v 41.67266464 39.41648865 1068.593262
vn -0.6599909663 -0.7490383983 0.05790809542
v 41.61003113 39.48101425 1068.498169
vn -0.751642406 -0.6545574665 -0.08116813749
v 41.56283188 39.56669235 1068.399048
vn -0.8149508834 -0.5379801393 -0.2154818922
v 41.53702164 39.66970062 1068.303223
vn -0.8500243425 -0.3960222602 -0.3473111093
v 41.53543091 39.7867775 1068.21521
vn -0.8518877029 -0.2358625382 -0.4676068723
v 41.55933762 39.91189957 1068.140381
vn -0.8190493584 -0.06437756866 -0.5700997114
v 41.60780334 40.03881073 1068.082764
vn -0.7530670166 0.1088114083 -0.64888376
v 41.67710495 40.159832 1068.045288
vn -0.6587803364 0.2742821872 -0.7005553246
v 41.76142883 40.26856613 1068.02832
vn -0.544023037 0.4232485294 -0.7244995832
v 41.85421371 40.36087036 1068.029785
vn -0.4082749486 0.5582510829 -0.7222654223
v 41.96359253 40.44466782 1068.050171
vn -0.2597385645 0.6713311076 -0.6941544414
v 42.08320618 40.5120697 1068.090332
vn -0.09511369467 0.763694644 -0.6385326385
v 42.20849228 40.55877686 1068.150146
vn 0.07633959502 0.8273578286 -0.5564632416
v 42.33254242 40.58109665 1068.227173
vn 0.2464529872 0.8579285741 -0.4507987499
v 42.44906616 40.57763672 1068.317627
vn 0.4054928124 0.8534249663 -0.3274773061
v 42.55131149 40.54945755 1068.415649
vn 0.5454208851 0.8154631853 -0.1937417388
v 42.63469315 40.5003624 1068.515015
vn 0.660004437 0.749022305 -0.05796319991
v 42.28469849 40.80932617 1069.324463
vn 0.8206560016 0.5322867036 0.2078329921
v 42.23755646 40.89495087 1069.22522
vn 0.7574219704 0.6487877369 0.07339244336
v 42.31029129 40.70653534 1069.420532
vn 0.8554444313 0.3905932605 0.3400760293
v 42.31150055 40.58983231 1069.509155
vn 0.8567798734 0.2309874147 0.4610565007
v 42.28706741 40.46523666 1069.584595
vn 0.8231286407 0.05996226147 0.5646802187
v 42.23794556 40.33897018 1069.643066
vn 0.7563114762 -0.1121127829 0.6445336938
v 42.16791534 40.21866989 1069.681519
vn 0.6610435843 -0.2765564919 0.6975226998
v 42.08282471 40.11069489 1069.699585
vn 0.5452685356 -0.4244268835 0.7228720784
v 41.98928833 40.01913452 1069.699097
vn 0.4082496762 -0.5585072041 0.7220816612
v 41.87910843 39.93613052 1069.67981
vn 0.2587443292 -0.6703820229 0.6954418421
v 41.75870132 39.86951447 1069.640625
vn 0.09276042134 -0.761775732 0.6411655545
v 41.63265991 39.82355499 1069.581787
vn -0.07955539972 -0.8243030906 0.5605313182
v 41.50793839 39.80189896 1069.505615
vn -0.2505735159 -0.8539284468 0.4560911655
v 41.39086914 39.80590057 1069.415894
vn -0.4102536738 -0.8486791849 0.3338196576
v 41.2882309 39.83447266 1069.318481
vn -0.5507175326 -0.8101789951 0.2007988393
v 41.20460892 39.88380432 1069.219482
vn -0.6656237245 -0.7434107065 0.06546459347
v 41.14188766 39.94841385 1069.124512
vn -0.7574084997 -0.6487953663 -0.07346384972
v 41.09474564 40.03404236 1069.025269
vn -0.8206097484 -0.5323590636 -0.2078303695
v 41.06915283 40.13683319 1068.929077
vn -0.8553991318 -0.3906851709 -0.3400844336
v 41.06794357 40.25353622 1068.840454
vn -0.8567509651 -0.2310545594 -0.4610765278
v 41.09238052 40.37813187 1068.765015
vn -0.8231367469 -0.06012285873 -0.56465137
v 41.14149857 40.50439835 1068.706543
vn -0.7563373446 0.1120265722 -0.6445183158
v 41.21153259 40.62469482 1068.668091
vn -0.6610757709 0.276455164 -0.6975323558
v 41.29661942 40.73267365 1068.650024
vn -0.5452366471 0.4243931174 -0.7229159474
v 41.39015579 40.82423401 1068.650513
vn -0.4083592892 0.5583235621 -0.7221617103
v 41.50033951 40.90723801 1068.6698
vn -0.2586398125 0.6703907847 -0.6954722404
v 41.6207428 40.97385406 1068.708984
vn -0.09298147261 0.761631608 -0.6413046718
v 41.74678802 41.01980972 1068.767822
vn 0.07947209477 0.8242598176 -0.5606067777
v 41.87150574 41.04146957 1068.843994
vn 0.2505007386 0.8539013863 -0.4561817944
v 41.98857498 41.03746796 1068.933716
vn 0.4102114141 0.8486621976 -0.333914727
v 42.09121704 41.00889587 1069.031128
vn 0.5507019162 0.8101693392 -0.200880602
v 42.17483521 40.95956421 1069.130127
vn 0.6656521559 0.7433811426 -0.06551078707
v 41.83306503 41.27482224 1069.940063
vn 0.8265790939 0.5261896849 0.1997282952
v 41.78598022 41.36039352 1069.84082
vn 0.7634398937 0.642580688 0.06518864632
v 41.85843277 41.17225647 1070.036621
vn 0.8610498905 0.3848432302 0.3323985338
v 41.85924911 41.05595398 1070.125732
vn 0.8618460894 0.2257048637 0.4541790783
v 41.83426285 40.9319191 1070.201904
vn 0.8274470568 0.05547520518 0.558796823
v 41.78446198 40.80634689 1070.26123
vn 0.7596969008 -0.1156799719 0.6399052739
v 41.71366119 40.68683243 1070.300781
vn 0.663433075 -0.2789460123 0.6942951083
v 41.62776947 40.57966995 1070.319946
vn 0.5465410352 -0.4257333279 0.7211408019
v 41.53344727 40.48891449 1070.320557
vn 0.4084093571 -0.5585852861 0.7219309807
v 41.42242432 40.40677261 1070.302368
vn 0.2577305436 -0.6693344712 0.6968259215
v 41.30117798 40.34101105 1070.264404
vn 0.09066860378 -0.7595329881 0.6441186666
v 41.17434311 40.29586411 1070.206543
vn -0.08289047331 -0.821017921 0.5648528337
v 41.04891586 40.27492905 1070.131348
vn -0.2546726763 -0.8496130705 0.4618435204
v 40.93126678 40.27952194 1070.04248
vn -0.4151993394 -0.8435721397 0.3405811489
v 40.82820511 40.30852509 1069.945557
vn -0.5562825799 -0.8044657111 0.2082896382
v 40.74433136 40.35811615 1069.846802
vn -0.6715086699 -0.7373467088 0.07345691323
v 40.68151474 40.42282486 1069.751953
vn -0.7634159923 -0.6425999403 -0.06527887285
v 40.63442993 40.50839615 1069.65271
vn -0.8265347481 -0.5262374878 -0.1997860223
v 40.60905838 40.61096191 1069.556152
vn -0.8610078692 -0.3848724961 -0.3324734569
v 40.60824585 40.7272644 1069.467163
vn -0.8618197441 -0.2258291095 -0.4541672468
v 40.63323212 40.85129929 1069.390869
vn -0.8274403214 -0.05566299707 -0.5587880611
v 40.68302917 40.97687149 1069.331543
vn -0.7596962452 0.115542233 -0.6399309635
v 40.75382996 41.09638596 1069.291992
vn -0.6634535789 0.2788237929 -0.6943246126
v 40.83972168 41.20354462 1069.272827
vn -0.5465883017 0.4256298244 -0.7211660743
v 40.93404388 41.29430389 1069.272217
vn -0.4085512757 0.5584092736 -0.7219867706
v 41.04507065 41.37644577 1069.290405
vn -0.25754264 0.6693885922 -0.6968433857
v 41.16631317 41.44220734 1069.328491
vn -0.09074062109 0.7594406009 -0.6442174911
v 41.29315186 41.48735428 1069.38623
vn 0.08262006193 0.8208967447 -0.565068543
v 41.41857529 41.50828934 1069.461426
vn 0.2546678782 0.8495694399 -0.4619264007
v 41.53622437 41.50369644 1069.550293
vn 0.4151756763 0.843536377 -0.34069857
v 41.63928604 41.4746933 1069.647217
vn 0.5562547445 0.8044513464 -0.2084195614
v 41.72315979 41.42510223 1069.745972
vn 0.6715201139 0.7373276949 -0.07354325056
v 41.39023972 41.7468605 1070.556274
vn 0.8331038356 0.5189531446 0.1913782358
v 41.3432045 41.83237839 1070.456787
vn 0.7701330781 0.6353582144 0.05670051649
v 41.41537857 41.64453506 1070.653076
vn 0.8671302199 0.3778716028 0.3244968653
v 41.41578674 41.52866364 1070.742676
vn 0.8672191501 0.2192473561 0.4470587075
v 41.39022446 41.40523148 1070.819702
vn 0.8319389224 0.05008375272 0.5526022315
v 41.33971405 41.28040695 1070.880127
vn 0.7630819678 -0.1201183796 0.6350413561
v 41.26810837 41.16173553 1070.920776
vn 0.6655699611 -0.2822681665 0.6908988953
v 41.18137741 41.05545807 1070.94104
vn 0.5473344922 -0.4278723001 0.7192706466
v 41.08623123 40.96556854 1070.942749
vn 0.4080986679 -0.5591537356 0.7216665149
v 40.97431946 40.88435745 1070.925781
vn 0.2560818195 -0.6686155796 0.6981227398
v 40.85219574 40.81952667 1070.889038
vn 0.08787731081 -0.7573295236 0.6470931768
v 40.72451782 40.77526093 1070.832397
vn -0.08692540228 -0.8175190091 0.5693036914
v 40.59835052 40.75510788 1070.758179
vn -0.2597667575 -0.8449152112 0.4675890803
v 40.48008728 40.76034927 1070.670166
vn -0.4209885895 -0.837849915 0.347528547
v 40.37657928 40.78982162 1070.573853
vn -0.5626385212 -0.797981143 0.2160186172
v 40.29243088 40.83970261 1070.475464
vn -0.6781457067 -0.7303735614 0.08168787509
v 40.22950745 40.90452576 1070.380737
vn -0.7701003551 -0.6353889704 -0.05680068955
v 40.18247223 40.99003983 1070.281372
vn -0.8330646753 -0.5189755559 -0.1914880872
v 40.15733337 41.09236526 1070.18457
vn -0.8670836091 -0.3779377937 -0.3245443702
v 40.1569252 41.20824051 1070.094971
vn -0.8671881557 -0.2193828076 -0.4470524788
v 40.18248749 41.33167267 1070.017822
vn -0.8319432735 -0.05025226623 -0.5525803566
v 40.23299789 41.45649719 1069.95752
vn -0.7629924417 0.1201148853 -0.6351495385
v 40.30460358 41.57516479 1069.91687
vn -0.6655707359 0.2821113765 -0.6909621954
v 40.39133072 41.68144226 1069.896606
vn -0.5473611951 0.4277400374 -0.7193289995
v 40.48648071 41.77133179 1069.894897
vn -0.4083389938 0.5589206815 -0.7217110991
v 40.59838867 41.85254288 1069.911743
vn -0.2561519444 0.6684986353 -0.6982089877
v 40.7205162 41.91737366 1069.948608
vn -0.08770837635 0.7573245764 -0.6471219063
v 40.84819412 41.9616394 1070.005249
vn 0.08664160222 0.8173950315 -0.5695249438
v 40.97436142 41.98179245 1070.079346
vn 0.2597067952 0.8448610306 -0.4677202702
v 41.09262466 41.97655487 1070.16748
vn 0.4210283458 0.8378068805 -0.3475842476
v 41.19613266 41.9470787 1070.263794
vn 0.5625910163 0.7979720235 -0.2161759585
v 41.28028107 41.89720154 1070.362061
vn 0.6781538129 0.7303521633 -0.08181139827
v 40.93837357 42.24668503 1071.199585
vn 0.8389598727 0.5132818222 0.1807984412
v 40.89138794 42.33214569 1071.100098
vn 0.7757778764 0.6293239594 0.04604418948
v 40.96327209 42.14461899 1071.296631
vn 0.8730293512 0.3727170825 0.3144863844
v 40.96323776 42.02922821 1071.386963
vn 0.8729403615 0.2149947882 0.4378953874
v 40.9370575 41.90647125 1071.464844
vn 0.8372333646 0.04664606974 0.544852674
v 40.88577271 41.78248978 1071.526367
vn 0.7677592039 -0.1223784089 0.6289430261
v 40.81329346 41.66477203 1071.568237
vn 0.6694307923 -0.2834199071 0.6866844893
v 40.72564697 41.55949402 1071.589844
vn 0.5501007438 -0.4281226099 0.7170078158
v 40.6295929 41.4705925 1071.592773
vn 0.4099369049 -0.5581310391 0.7214162946
v 40.516716 41.39043427 1071.577271
vn 0.2568984628 -0.6664262414 0.6999137402
v 40.39361954 41.32665634 1071.54187
vn 0.08748055995 -0.7540993094 0.6509081721
v 40.26502228 41.28339767 1071.48645
vn -0.08831416816 -0.8132825494 0.5751279593
v 40.13803101 41.26414108 1071.413452
vn -0.2624132931 -0.8399253488 0.4750417769
v 40.01909256 41.27011871 1071.326294
vn -0.4246039987 -0.8322773576 0.3564068973
v 39.91508865 41.30013657 1071.230713
vn -0.5671061873 -0.7920556068 0.2259170115
v 39.83063507 41.35034943 1071.132812
vn -0.6833286881 -0.7242774963 0.0921087712
v 39.76758957 41.41530609 1071.038208
vn -0.7757393122 -0.6293641925 -0.04614436999
v 39.72060394 41.50077057 1070.938721
vn -0.8389131427 -0.5133243799 -0.1808945984
v 39.69570541 41.60283279 1070.841675
vn -0.8729687333 -0.3728269339 -0.3145245314
v 39.69573975 41.71822739 1070.751343
vn -0.8728815913 -0.2150662094 -0.4379775226
v 39.72192001 41.84098053 1070.673462
vn -0.8372360468 -0.04690350965 -0.544826448
v 39.77320862 41.96496201 1070.611938
vn -0.7676826119 0.1223851964 -0.6290352345
v 39.84568405 42.08267975 1070.570068
vn -0.6694581509 0.2832722664 -0.6867187023
v 39.93333435 42.18796158 1070.548462
vn -0.5501214862 0.4279569089 -0.7170908451
v 40.02938461 42.2768631 1070.545532
vn -0.4099797308 0.5580037236 -0.7214904428
v 40.14226532 42.35701752 1070.561035
vn -0.2571440637 0.6662031412 -0.7000359297
v 40.26535797 42.42079544 1070.596436
vn -0.08747398853 0.7540248036 -0.6509953141
v 40.39395523 42.46405411 1070.651855
vn 0.08830440789 0.8132047653 -0.5752393603
v 40.5209465 42.48331451 1070.724854
vn 0.2622383237 0.839855969 -0.475260973
v 40.63988495 42.47733688 1070.812012
vn 0.4246386588 0.8322290182 -0.3564784527
v 40.74389267 42.44731522 1070.907593
vn 0.5670821071 0.7920325994 -0.2260582
v 40.82834244 42.39710617 1071.005493
vn 0.6833538413 0.7242395282 -0.09222047031
v 40.53416443 42.71168518 1071.789551
vn 0.8465365767 0.5037624836 0.1720442027
v 40.48722076 42.79710388 1071.690063
vn 0.7837062478 0.6200192571 0.03715673089
v 40.55884171 42.60987091 1071.887085
vn 0.879915297 0.3633627892 0.3061315417
v 40.55839539 42.49494553 1071.977905
vn 0.8788402081 0.2062138468 0.4302507937
v 40.53162384 42.37285614 1072.056763
vn 0.8418839574 0.03875065967 0.5382655859
v 40.47960281 42.24970627 1072.119263
vn 0.7709380388 -0.1291429847 0.6236799359
v 40.40629196 42.13293457 1072.162354
vn 0.6712023616 -0.2884781957 0.6828379631
v 40.3177681 42.02864838 1072.185303
vn 0.5505015254 -0.431406647 0.7147281766
v 40.2208519 41.94072723 1072.189453
vn 0.4085838795 -0.5599117279 0.7208037972
v 40.10704422 41.86162186 1072.175293
vn 0.254067719 -0.666405201 0.700966239
v 39.98302078 41.7989006 1072.141113
vn 0.08305066079 -0.7522686124 0.6536011696
v 39.85353851 41.7566452 1072.087036
vn -0.09381808341 -0.8095238209 0.5795423985
v 39.7257576 41.73828506 1072.015259
vn -0.2689899802 -0.834492445 0.4809020162
v 39.60616302 41.74500656 1071.928955
vn -0.4321556687 -0.8253757358 0.3633129895
v 39.50167084 41.77557755 1071.834106
vn -0.5749787688 -0.784024179 0.2338920236
v 39.41691971 41.82612991 1071.736572
vn -0.6913474798 -0.7154676914 0.1007205695
v 39.35374451 41.89123154 1071.642212
vn -0.7836725116 -0.6200551391 -0.03726936877
v 39.30680084 41.97665405 1071.542725
vn -0.8464872241 -0.5038192272 -0.1721209586
v 39.28212357 42.07846451 1071.44519
vn -0.8798555136 -0.3635036349 -0.3061361313
v 39.2825737 42.19338989 1071.354248
vn -0.8787856102 -0.2063320279 -0.4303056002
v 39.30934143 42.31547928 1071.275513
vn -0.8418297172 -0.03892748803 -0.5383375883
v 39.36136246 42.43862915 1071.212891
vn -0.7708998919 0.1289586276 -0.6237652302
v 39.43467712 42.55540085 1071.169922
vn -0.6710918546 0.2884430885 -0.6829614043
v 39.52319717 42.65969086 1071.146973
vn -0.5505213141 0.4312200844 -0.714825511
v 39.62011337 42.747612 1071.142822
vn -0.4085984528 0.5597258806 -0.720939815
v 39.73392105 42.82671356 1071.156982
vn -0.254204303 0.6662015319 -0.7011103034
v 39.85794449 42.88943863 1071.19104
vn -0.08339365572 0.7520629168 -0.653794229
v 39.98742676 42.93169022 1071.245117
vn 0.093871966 0.8094778061 -0.5795978904
v 40.11521149 42.95005035 1071.317017
vn 0.2689293325 0.8344164491 -0.4810677469
v 40.23480225 42.94332886 1071.403198
vn 0.432127744 0.8253182769 -0.3634766936
v 40.33929443 42.91276169 1071.498169
vn 0.5749678016 0.7839928865 -0.2340239286
v 40.42404556 42.86220551 1071.595581
vn 0.6913758516 0.7154252529 -0.1008272246
v 40.12263489 43.20517349 1072.40686
vn 0.8534032702 0.4957671165 0.1609902084
v 40.07571793 43.29055786 1072.307251
vn 0.790514648 0.6118904352 0.02601255104
v 40.14707565 43.10363388 1072.504639
vn 0.8865673542 0.3558808565 0.2955454886
v 40.14619064 42.98922729 1072.596191
vn 0.8850358129 0.1994915903 0.4206123054
v 40.11878967 42.86788177 1072.676025
vn 0.8473814726 0.03316234797 0.5299480557
v 40.06597519 42.74567032 1072.739746
vn 0.7754608989 -0.1335849911 0.6171024442
v 39.99176025 42.62996674 1072.78418
vn 0.6745396256 -0.2916499674 0.6781862974
v 39.90228653 42.52680206 1072.808472
vn 0.5527203679 -0.4329608381 0.7120710015
v 39.80443192 42.439991 1072.814087
vn 0.4095852077 -0.5598753095 0.7202635407
v 39.68961334 42.36208725 1072.801392
vn 0.2537680864 -0.6648759842 0.7025251985
v 39.56457901 42.30056 1072.768799
vn 0.08133721352 -0.7492669821 0.6572543383
v 39.43412399 42.25945663 1072.716064
vn -0.09683837742 -0.8050981164 0.5851831436
v 39.30547714 42.24212265 1072.645508
vn -0.2730697095 -0.828743875 0.488483876
v 39.18516159 42.24970245 1072.560425
vn -0.4373111427 -0.8186007738 0.3723596334
v 39.08013535 42.28090668 1072.466187
vn -0.5809473991 -0.7765037417 0.2440124303
v 38.99504471 42.3318634 1072.369263
vn -0.6978600025 -0.7074959874 0.1115385741
v 38.93172455 42.3971405 1072.275024
vn -0.7904843688 -0.6119252443 -0.02611402981
v 38.8848114 42.48252487 1072.175415
vn -0.8533545136 -0.4958238006 -0.1610739976
v 38.86036682 42.58406448 1072.077637
vn -0.8865171075 -0.355959326 -0.2956017554
v 38.86125565 42.69847107 1071.986084
vn -0.8849989176 -0.1996380687 -0.420620501
v 38.88865662 42.81981659 1071.90625
vn -0.8473325968 -0.03324914351 -0.5300207138
v 38.9414711 42.94202805 1071.842529
vn -0.7754951119 0.1333502233 -0.6171102524
v 39.01568604 43.05773544 1071.798096
vn -0.6744938493 0.2915408313 -0.6782787442
v 39.10515594 43.1608963 1071.773804
vn -0.5528399944 0.4327301979 -0.7121183276
v 39.20301056 43.24770737 1071.768188
vn -0.409545213 0.5597708821 -0.7203674316
v 39.31783295 43.32561493 1071.780884
vn -0.2536524534 0.6648042798 -0.7026348114
v 39.44286728 43.38713837 1071.813599
vn -0.08157662302 0.749053061 -0.6574684381
v 39.57331848 43.42824173 1071.866211
vn 0.09668981284 0.8049667478 -0.5853884816
v 39.70196915 43.44557571 1071.936768
vn 0.2730498016 0.8286814094 -0.4886009693
v 39.8222847 43.43799591 1072.021851
vn 0.4372188747 0.8185697794 -0.3725361526
v 39.92731094 43.40679169 1072.116089
vn 0.5809486508 0.7764658928 -0.2441298664
v 40.01240158 43.35583878 1072.213013
vn 0.6978567243 0.7074783444 -0.1116708666
v 39.72325897 43.70652008 1073.024536
vn 0.8608446121 0.4864422381 0.1494005322
v 39.6763649 43.79188156 1072.924805
vn 0.798019886 0.6024588346 0.01440886222
v 39.74747086 43.60526276 1073.122681
vn 0.8937091231 0.3468748033 0.2845380008
v 39.74613953 43.49140549 1073.214966
vn 0.8915482163 0.1913239509 0.4105324447
v 39.71809387 43.37086105 1073.295776
vn 0.8530058265 0.02612083219 0.5212473273
v 39.66446304 43.24966049 1073.360718
vn 0.7799546719 -0.1392660588 0.6101440191
v 39.58931732 43.13510513 1073.406616
vn 0.6778046489 -0.2956764698 0.673168838
v 39.49886322 43.03316116 1073.432373
vn 0.5544865727 -0.4355245829 0.7091283202
v 39.40003586 42.94755936 1073.439453
vn 0.410102278 -0.5604425073 0.7195278406
v 39.28416443 42.87095642 1073.428467
vn 0.2529444396 -0.6636083126 0.7040193081
v 39.15807343 42.81074524 1073.397461
vn 0.07903859764 -0.7462309599 0.6609782577
v 39.02660751 42.77089691 1073.346313
vn -0.1005429253 -0.8003655672 0.5910212398
v 38.89704895 42.75469589 1073.277222
vn -0.2781264782 -0.8224976063 0.4961283505
v 38.77597427 42.76321411 1073.193115
vn -0.4433397651 -0.8110500574 0.3816380799
v 38.67037964 42.79512787 1073.099854
vn -0.5877429843 -0.7679815292 0.2544849217
v 38.58492661 42.84653473 1073.003418
vn -0.7051224709 -0.6983730793 0.1227899119
v 38.52144241 42.91201782 1072.909424
vn -0.7979888916 -0.6024974585 -0.0145088369
v 38.47454834 42.99738312 1072.809814
vn -0.8608089685 -0.4864690304 -0.1495186388
v 38.45033646 43.09863663 1072.71167
vn -0.8936496973 -0.3469733 -0.2846045494
v 38.45166779 43.2124939 1072.619385
vn -0.8915091753 -0.191426754 -0.41056934
v 38.47971344 43.33303833 1072.538574
vn -0.8529900908 -0.02625756152 -0.5212661624
v 38.53334427 43.45424271 1072.473633
vn -0.7799580693 0.1390978545 -0.6101780534
v 38.60848999 43.56879425 1072.427734
vn -0.6778361201 0.2954987288 -0.6732151508
v 38.69894409 43.67074203 1072.401978
vn -0.5546818376 0.4351986647 -0.7091757059
v 38.79777145 43.75634003 1072.394775
vn -0.410189867 0.5603125691 -0.7195791006
v 38.91364288 43.83294296 1072.405884
vn -0.252889812 0.6635759473 -0.704069376
v 39.03973389 43.89315796 1072.43689
vn -0.07922419906 0.7460559011 -0.6611536145
v 39.1711998 43.93300629 1072.487915
vn 0.100381963 0.8002284765 -0.5912341475
v 39.30075836 43.94920731 1072.557129
vn 0.2781938314 0.8223952055 -0.4962603748
v 39.42183304 43.94068527 1072.641235
vn 0.4432949722 0.8109953403 -0.3818063438
v 39.52742767 43.90877151 1072.734497
vn 0.5877162814 0.7679536939 -0.2546305656
v 39.61288071 43.85736465 1072.830933
vn 0.705108881 0.6983600855 -0.1229418144
v 39.33702469 44.21591949 1073.642456
vn 0.868511796 0.4763396382 0.1370687187
v 39.29013824 44.30127716 1073.542725
vn 0.8057261705 0.5922846198 0.002061775886
v 39.36101532 44.1149559 1073.741089
vn 0.9010717869 0.3371897042 0.2727136314
v 39.35923386 44.00167847 1073.833984
vn 0.8982934356 0.1822740436 0.3998063207
v 39.33053207 43.88198853 1073.915771
vn 0.8588656187 0.0184122622 0.511869967
v 39.27606583 43.76187515 1073.982178
vn 0.784702599 -0.1454451829 0.6025674939
v 39.19996643 43.6485672 1074.029541
vn 0.6812859178 -0.3001224697 0.6676645875
v 39.10849762 43.5479393 1074.057007
vn 0.5566210151 -0.4381590188 0.7058255672
v 39.00865936 43.46365356 1074.065674
vn 0.4104623199 -0.5614549518 0.7185325623
v 38.89169693 43.38847351 1074.056274
vn 0.2520777881 -0.6624833345 0.705388248
v 38.76451111 43.32968903 1074.0271
vn 0.07687102258 -0.7430456281 0.6648113132
v 38.63198853 43.2912178 1073.977661
vn -0.104298532 -0.7953860164 0.5970619321
v 38.5014801 43.27625656 1073.910034
vn -0.2831113636 -0.8158126473 0.5042793751
v 38.37960434 43.28581619 1073.827271
vn -0.4495333135 -0.802957654 0.3913806677
v 38.27340698 43.31851578 1073.734863
vn -0.5946645737 -0.7588449121 0.2655719221
v 38.18756866 43.37042999 1073.639038
vn -0.712565124 -0.6885519028 0.134711653
v 38.12390137 43.43615341 1073.54541
vn -0.8056851625 -0.5923399925 -0.002171892906
v 38.07701492 43.52150726 1073.445679
vn -0.8684707284 -0.4763825238 -0.1371795386
v 38.05302429 43.62247467 1073.347046
vn -0.9010024667 -0.3373059332 -0.2727989256
v 38.05480576 43.73574829 1073.25415
vn -0.89822191 -0.1824336946 -0.3998941183
v 38.08350754 43.85544205 1073.172363
vn -0.8588357568 -0.0185782928 -0.5119140148
v 38.13797379 43.97555542 1073.105957
vn -0.784697473 0.1452513635 -0.6026208997
v 38.21407318 44.08886337 1073.058594
vn -0.6813097596 0.2999316752 -0.6677259803
v 38.30554199 44.18948746 1073.031128
vn -0.5566545725 0.4379483461 -0.7059298754
v 38.40538025 44.27377701 1073.022461
vn -0.4106948674 0.5611224771 -0.7186593413
v 38.52233887 44.34895706 1073.03186
vn -0.2520079315 0.6624264121 -0.7054666877
v 38.6495285 44.40774155 1073.061035
vn -0.07700160146 0.7429171801 -0.6649397016
v 38.78204727 44.44621277 1073.110474
vn 0.1041130424 0.7952616215 -0.5972599387
v 38.91255951 44.46117401 1073.178101
vn 0.2830789685 0.8157432675 -0.50440979
v 39.03443146 44.45161057 1073.260864
vn 0.4494475424 0.8029028177 -0.3915915489
v 39.14062881 44.41891479 1073.353271
vn 0.5946682096 0.7587913871 -0.2657166421
v 39.22647095 44.36700058 1073.449097
vn 0.7125602365 0.6885262132 -0.1348688453
v 38.96498871 44.73337936 1074.260498
vn 0.8763638139 0.4654047489 0.1240358949
v 38.91809082 44.81874847 1074.160767
vn 0.8135603666 0.5813766122 -0.01098885946
v 38.98876572 44.63270569 1074.359497
vn 0.9086061716 0.3267754018 0.260101229
v 38.98654175 44.52003479 1074.453247
vn 0.9052504301 0.1726789325 0.3882056475
v 38.95718002 44.40124512 1074.536133
vn 0.8648931384 0.009823852219 0.5018599033
v 38.90187073 44.2822876 1074.603882
vn 0.7896395922 -0.1522938609 0.5943701863
v 38.82479858 44.17031479 1074.652832
vn 0.6848950982 -0.3052072227 0.6616398096
v 38.73229599 44.07110596 1074.682007
vn 0.5589748025 -0.4411789477 0.7020742893
v 38.63142395 43.98823166 1074.692383
vn 0.41123119 -0.5625272393 0.7172531486
v 38.51334381 43.91458893 1074.684814
vn 0.2511220574 -0.6616425514 0.706517458
v 38.38502502 43.85735321 1074.657471
vn 0.07477126271 -0.7398739457 0.6685774922
v 38.25141144 43.82038116 1074.609863
vn -0.1079704165 -0.7902234197 0.6032323837
v 38.11991501 43.80677414 1074.543823
vn -0.2881917059 -0.8088199496 0.5125971437
v 37.99720764 43.81748199 1074.462402
vn -0.4556508958 -0.7944205403 0.4015946984
v 37.89037704 43.85104752 1074.370972
vn -0.6016804576 -0.7491144538 0.2771428823
v 37.80411911 43.90353394 1074.275879
vn -0.7200959325 -0.6780682802 0.1472592801
v 37.74024963 43.96953964 1074.182495
vn -0.8135157228 -0.5814417005 0.01085159928
v 37.69334793 44.05490875 1074.082886
vn -0.8763116002 -0.4654645622 -0.1241800562
v 37.66957474 44.15558624 1073.983887
vn -0.9085478783 -0.3268737197 -0.2601812482
v 37.67179489 44.26825714 1073.890137
vn -0.9051855803 -0.1727987379 -0.3883035481
v 37.70115662 44.387043 1073.807251
vn -0.8648653626 -0.01007665973 -0.5019027591
v 37.75646591 44.50600052 1073.739502
vn -0.789632082 0.1520949751 -0.5944311023
v 37.83354187 44.61797333 1073.690552
vn -0.6848624945 0.3050773442 -0.6617334485
v 37.92604446 44.71718216 1073.661377
vn -0.5590257049 0.4409827292 -0.7021570206
v 38.02691269 44.80005646 1073.651001
vn -0.4115616977 0.5621278286 -0.7173766494
v 38.14499283 44.87369919 1073.658447
vn -0.2512076497 0.6614349484 -0.7066813111
v 38.27331161 44.93093491 1073.685913
vn -0.07471446693 0.7397871017 -0.668679893
v 38.4069252 44.96790695 1073.733521
vn 0.1078595892 0.7900918722 -0.6034245491
v 38.53842545 44.98151398 1073.799561
vn 0.2880978286 0.8087272048 -0.5127962232
v 38.661129 44.97080994 1073.880981
vn 0.4555156231 0.794369638 -0.4018486738
v 38.76795959 44.9372406 1073.97229
vn 0.6016702652 0.7490565181 -0.2773215175
v 38.85421753 44.88475418 1074.067505
vn 0.720123291 0.6780077219 -0.1474040896
v 38.60814667 45.25885391 1074.878784
vn 0.8843386769 0.4536339939 0.1102783084
v 38.56121445 45.34427643 1074.779175
vn 0.8214843273 0.5696957111 -0.02470409498
v 38.63173294 45.15845108 1074.978027
vn 0.9163182378 0.3153592348 0.2467984408
v 38.62908554 45.04639435 1075.07251
vn 0.9123781323 0.1622225046 0.3758324683
v 38.59907913 44.92853928 1075.156616
vn 0.8711550832 0.0006502681645 0.4910075068
v 38.5429306 44.8107872 1075.225708
vn 0.7947189808 -0.159997642 0.5855104923
v 38.46488953 44.7002182 1075.276367
vn 0.6887420416 -0.3108655214 0.6549786329
v 38.37134933 44.60251236 1075.307373
vn 0.5615223646 -0.4446812868 0.6978188753
v 38.2694397 44.52114105 1075.31958
vn 0.4123247266 -0.5638357401 0.7155959606
v 38.15022659 44.44913483 1075.313965
vn 0.2504170835 -0.6609479189 0.7074171901
v 38.02075958 44.39356613 1075.288452
vn 0.07253280282 -0.736869216 0.6721329689
v 37.88603592 44.35820007 1075.242798
vn -0.111472398 -0.7849311233 0.6094727516
v 37.75352478 44.34606552 1075.178467
vn -0.2931477726 -0.801543951 0.5211445689
v 37.62995911 44.35801697 1075.098511
vn -0.4616685808 -0.7854629755 0.4122014642
v 37.52246475 44.39254379 1075.008301
vn -0.6086764932 -0.738833189 0.2892031074
v 37.43576813 44.44567108 1074.913818
vn -0.7276794314 -0.6669052243 0.1603748351
v 37.37166595 44.51201248 1074.820923
vn -0.8214331865 -0.5697764754 0.02454261295
v 37.32473373 44.597435 1074.721191
vn -0.8842608333 -0.4537552297 -0.1104035303
v 37.30114746 44.69783783 1074.621948
vn -0.9162419438 -0.3154674768 -0.246943146
v 37.30379486 44.80989838 1074.527466
vn -0.912314117 -0.162342459 -0.3759359717
v 37.33380127 44.92775345 1074.443481
vn -0.8711166382 -0.0008530620253 -0.4910753667
v 37.3899498 45.04550171 1074.374268
vn -0.7947832346 0.159635812 -0.5855220556
v 37.46799088 45.15607452 1074.323608
vn -0.6886473894 0.3107754886 -0.6551209092
v 37.56153107 45.25378036 1074.292725
vn -0.5614216924 0.4446225464 -0.6979373097
v 37.6634407 45.33514786 1074.280518
vn -0.4125722051 0.5635163784 -0.7157048583
v 37.78265381 45.40715408 1074.286011
vn -0.2507886887 0.6606007814 -0.7076098323
v 37.91212082 45.46272659 1074.311523
vn -0.0725652948 0.7367396355 -0.6722714901
v 38.04684448 45.49808884 1074.357178
vn 0.1113528684 0.7848067284 -0.6096547246
v 38.17935562 45.5102272 1074.421509
vn 0.2930555046 0.8014413714 -0.5213541985
v 38.30292511 45.49827194 1074.501465
vn 0.4616245329 0.7853779197 -0.4124128222
v 38.41041565 45.46374512 1074.591675
vn 0.6086544991 0.7387597561 -0.289436996
v 38.49711227 45.41061783 1074.686157
vn 0.7277528048 0.6667932868 -0.160507068
v 38.2671814 45.79278564 1075.497925
vn 0.8923320174 0.4411126971 0.09572464973
v 38.22018433 45.87831116 1075.398315
vn 0.8294146061 0.5572631955 -0.03910358623
v 38.29060745 45.69262314 1075.597534
vn 0.9240928888 0.3031693399 0.2326813936
v 38.28756714 45.58116531 1075.692749
vn 0.9196141362 0.150819838 0.362716496
v 38.25694275 45.46424866 1075.777832
vn 0.8775441647 -0.009391178377 0.4794038534
v 38.19998932 45.34774399 1075.848511
vn 0.8000926971 -0.1681661755 0.5758227706
v 38.12099457 45.23862839 1075.900879
vn 0.6926590204 -0.3173262775 0.6477094293
v 38.02643585 45.14248657 1075.933594
vn 0.5640687346 -0.4489250183 0.6930316091
v 37.92349625 45.06269836 1075.947632
vn 0.4135686755 -0.5655738115 0.71350348
v 37.80315781 44.99242401 1075.944092
vn 0.2501474321 -0.6603119373 0.7081062198
v 37.67254257 44.93861771 1075.920654
vn 0.07048353553 -0.7339046597 0.6755856872
v 37.53669739 44.90497971 1075.876953
vn -0.1148836836 -0.7795553207 0.6157070994
v 37.4031601 44.89442062 1075.814453
vn -0.2979736924 -0.7939879894 0.5299006701
v 37.27871704 44.9077301 1075.736084
vn -0.4676285684 -0.7760609984 0.4231463671
v 37.17053986 44.9433136 1075.647095
vn -0.6155465245 -0.7280036807 0.3018494546
v 37.08337402 44.99716568 1075.553467
vn -0.7352701426 -0.655041635 0.1740640998
v 37.01902008 45.06390381 1075.460938
vn -0.8293585777 -0.5573580861 0.03893989697
v 36.97202301 45.14942932 1075.361328
vn -0.8922597766 -0.4412308037 -0.09585319459
v 36.94859695 45.24959183 1075.261719
vn -0.9240185022 -0.3032885194 -0.2328214645
v 36.95163727 45.36104965 1075.166626
vn -0.9195358753 -0.1509624273 -0.362855494
v 36.98226166 45.47796631 1075.081421
vn -0.877545774 0.009080645628 -0.4794068635
v 37.03921509 45.59447098 1075.010742
vn -0.8000813723 0.1679323465 -0.5759066939
v 37.11820984 45.70358658 1074.958374
vn -0.6926664114 0.3170752525 -0.6478244662
v 37.21277237 45.79972839 1074.925659
vn -0.5640361905 0.4487714171 -0.6931575537
v 37.31570816 45.8795166 1074.911621
vn -0.4136369824 0.5653541684 -0.713637948
v 37.43605042 45.94979095 1074.915161
vn -0.2504343092 0.6600161791 -0.7082805037
v 37.56666183 46.00359726 1074.938599
vn -0.07060035318 0.7337161303 -0.6757782102
v 37.70250702 46.03723526 1074.9823
vn 0.1148467362 0.7794310451 -0.6158713102
v 37.83604431 46.04779434 1075.0448
vn 0.2978014946 0.7938966751 -0.5301343203
v 37.96048737 46.03448486 1075.123169
vn 0.4676194489 0.7759751081 -0.4233139455
v 38.06866455 45.99890137 1075.212158
vn 0.6155306697 0.7279330492 -0.3020521402
v 38.15583038 45.94504929 1075.305786
vn 0.735302031 0.6549549103 -0.1742555499
v 37.94319534 46.33497238 1076.117798
vn 0.9001947641 0.4279509187 0.08066861331
v 37.89609909 46.42066574 1076.018433
vn 0.8371559381 0.5442983508 -0.05393695459
v 37.96650314 46.2349968 1076.217651
vn 0.931782186 0.2903108597 0.2179486006
v 37.96311188 46.12410736 1076.313477
vn 0.9268162251 0.1387667358 0.3489348292
v 37.9319191 46.00812531 1076.39978
vn 0.8839579821 -0.02015887387 0.4671315551
v 37.8741951 45.89287186 1076.471802
vn 0.8054825068 -0.177140668 0.5655255318
v 37.79429626 45.78524399 1076.526001
vn 0.6969174743 -0.3240968883 0.6397399902
v 37.69874954 45.69072342 1076.560547
vn 0.5668168664 -0.4536985159 0.6876599789
v 37.59481049 45.61257553 1076.576538
vn 0.4150106609 -0.5678144097 0.7108818293
v 37.47336578 45.54411316 1076.575073
vn 0.2500350177 -0.6601207852 0.7083240747
v 37.3416214 45.49216461 1076.553711
vn 0.06882143021 -0.7311446667 0.6787422895
v 37.20466614 45.46035004 1076.512085
vn -0.1180441752 -0.7742908597 0.6217227578
v 37.07010269 45.45148087 1076.451538
vn -0.3025540709 -0.7863932848 0.5385597348
v 36.94477081 45.46625137 1076.374756
vn -0.4733936489 -0.7664526105 0.4341069162
v 36.83589172 45.50299072 1076.287109
vn -0.6221769452 -0.7168390155 0.3147025108
v 36.74823761 45.55765533 1076.194458
vn -0.742584765 -0.6427761912 0.1881665438
v 36.68359756 45.62486649 1076.102417
vn -0.8370997906 -0.5444016457 0.05376634374
v 36.63650131 45.71055984 1076.003052
vn -0.9001232982 -0.4280754924 -0.08080466837
v 36.61319351 45.81053162 1075.903198
vn -0.9317047 -0.2904939353 -0.2180359215
v 36.61658096 45.92142487 1075.807251
vn -0.9267493486 -0.138950631 -0.3490392566
v 36.64777756 46.03740692 1075.721069
vn -0.8839371204 0.01988154277 -0.4671829343
v 36.70549774 46.15266037 1075.648926
vn -0.805482626 0.1769143194 -0.5655962229
v 36.78540039 46.26028824 1075.594849
vn -0.6967735291 0.3240611255 -0.6399148703
v 36.88094711 46.35480881 1075.560303
vn -0.566861093 0.4534773231 -0.6877694726
v 36.98488617 46.4329567 1075.544312
vn -0.4150947928 0.5676012635 -0.7110028863
v 37.10632706 46.50141907 1075.545776
vn -0.2504119575 0.6597840786 -0.7085046172
v 37.23807144 46.55336761 1075.567017
vn -0.06901797652 0.7309215069 -0.6789626479
v 37.3750267 46.585186 1075.608643
vn 0.1181005463 0.7741516829 -0.6218854189
v 37.50959015 46.59405136 1075.669312
vn 0.3024008572 0.7862730622 -0.5388213396
v 37.63492203 46.57928085 1075.745972
vn 0.4733430147 0.766364634 -0.4343174398
v 37.74380112 46.54253769 1075.83374
vn 0.6222231388 0.7167364955 -0.3148446083
v 37.83145905 46.48787689 1075.926392
vn 0.7426224947 0.642680943 -0.1883427799
v 37.63690948 46.8845253 1076.738403
vn 0.9076098204 0.4146457016 0.06567646563
v 37.58967209 46.97047806 1076.639282
vn 0.8443858624 0.5313310027 -0.06855548918
v 37.66015625 46.78466034 1076.838379
vn 0.9390963316 0.2772224545 0.2030907124
v 37.6564827 46.674263 1076.934937
vn 0.9337540269 0.1262862235 0.3348958492
v 37.62479019 46.55915833 1077.022095
vn 0.890222013 -0.03142099082 0.4544419646
v 37.56637573 46.44511032 1077.095581
vn 0.8108065128 -0.1868023574 0.5547050834
v 37.48564148 46.3389473 1077.151367
vn 0.7011747956 -0.3316772282 0.6311450601
v 37.38917542 46.24604034 1077.187866
vn 0.5699048638 -0.4590107799 0.6815552711
v 37.28429413 46.16954803 1077.205688
vn 0.416595906 -0.5708519816 0.7075138688
v 37.1618042 46.10292816 1077.206299
vn 0.2504208684 -0.6605548263 0.7077829242
v 37.02897644 46.05288315 1077.187134
vn 0.06764569879 -0.7290254235 0.6811358333
v 36.89094925 46.02296066 1077.147705
vn -0.120659858 -0.7695899606 0.6270347238
v 36.75538254 46.0158577 1077.089111
vn -0.3064749837 -0.7792937756 0.5466025472
v 36.62916946 46.03218079 1077.014038
vn -0.4786190391 -0.7572463751 0.444411695
v 36.51958084 46.07017517 1076.927734
vn -0.6282824874 -0.7059346437 0.3269823194
v 36.43141174 46.12574387 1076.83606
vn -0.749333024 -0.6306562424 0.2019226402
v 36.36645508 46.19351196 1076.744751
vn -0.8443149924 -0.5314636827 0.06839961559
v 36.31921768 46.27946472 1076.64563
vn -0.9075303674 -0.4147978127 -0.06581341475
v 36.29597473 46.37932968 1076.545532
vn -0.9390195608 -0.2773925364 -0.2032132
v 36.29964447 46.48972702 1076.449097
vn -0.9336928129 -0.1265302151 -0.3349743187
v 36.33134079 46.60483932 1076.361816
vn -0.8902052641 0.03115782328 -0.4544929266
v 36.38975143 46.71887589 1076.28833
vn -0.8108438253 0.1864935607 -0.5547543764
v 36.47048569 46.82503891 1076.232544
vn -0.7010244727 0.331630677 -0.6313365102
v 36.56695175 46.91794586 1076.196167
vn -0.5697901249 0.4589086771 -0.6817198992
v 36.67183304 46.99444199 1076.178345
vn -0.4166541398 0.5706290007 -0.7076594234
v 36.79432297 47.06106186 1076.177734
vn -0.2507050931 0.6602762938 -0.7079421878
v 36.92715073 47.11109924 1076.196777
vn -0.06791625917 0.7287839055 -0.6813673377
v 37.06518173 47.14102554 1076.236328
vn 0.1207294688 0.7694584131 -0.6271827221
v 37.20074463 47.14813232 1076.294922
vn 0.306403935 0.7791646719 -0.546826303
v 37.32696152 47.13180923 1076.369873
vn 0.4784407616 0.7571630478 -0.444745481
v 37.43654633 47.09381485 1076.456177
vn 0.6283268332 0.705811739 -0.3271623254
v 37.52471542 47.03824615 1076.547852
vn 0.7494066954 0.6305213571 -0.2020704001
v 37.34788513 47.44080353 1077.361084
vn 0.9142472148 0.4018827081 0.05140322819
v 37.30044556 47.52713776 1077.262329
vn 0.8507540226 0.5190874338 -0.08225463331
v 37.37113953 47.34090424 1077.46106
vn 0.9457592964 0.2643732429 0.1888018698
v 37.36727905 47.23085022 1077.557983
vn 0.9401714802 0.1140118763 0.3210589886
v 37.33519745 47.11646652 1077.645996
vn 0.8961310387 -0.042803213 0.4417206049
v 37.2762146 47.00349045 1077.720703
vn 0.8160160184 -0.1966864169 0.5435368419
v 37.19476318 46.8986702 1077.778076
vn 0.7053682804 -0.339902997 0.622030139
v 37.09749603 46.80726624 1077.816162
vn 0.5730090737 -0.4652132094 0.6747127175
v 36.99177933 46.73234558 1077.835815
vn 0.4186789989 -0.574663043 0.7031857967
v 36.86834717 46.66749573 1077.838379
vn 0.2512943745 -0.66201967 0.7061027288
v 36.7345314 46.61931992 1077.821411
vn 0.06713466346 -0.7280024886 0.6822795272
v 36.59550476 46.59127808 1077.783936
vn -0.1227099597 -0.7660743594 0.6309297681
v 36.45899582 46.58595657 1077.727295
vn -0.3095058203 -0.7733125687 0.553347826
v 36.33193588 46.60387421 1077.654175
vn -0.4826533794 -0.7491557002 0.4536645114
v 36.22164917 46.64319229 1077.569336
vn -0.6334522963 -0.6960246563 0.3380648792
v 36.13295364 46.69975662 1077.47876
vn -0.7552143931 -0.6193805933 0.2145201117
v 36.06764984 46.76818466 1077.388062
vn -0.8506709933 -0.5192495584 0.08209020644
v 36.02021408 46.85451508 1077.289307
vn -0.9141568542 -0.4020692408 -0.05155211315
v 35.99695587 46.95441437 1077.189331
vn -0.9456739426 -0.2646112442 -0.1888960302
v 36.00081635 47.06446838 1077.092407
vn -0.9401049614 -0.1142019555 -0.3211861849
v 36.03289795 47.17885208 1077.004395
vn -0.8960875869 0.04255726561 -0.4418324232
v 36.0918808 47.29182816 1076.929688
vn -0.8160123229 0.1964349151 -0.5436334014
v 36.17333221 47.39665604 1076.872314
vn -0.7053847313 0.339658916 -0.6221448779
v 36.27059937 47.48805237 1076.834229
vn -0.5730339289 0.4649899006 -0.6748455763
v 36.37631607 47.56297302 1076.814575
vn -0.4186376929 0.5745133162 -0.7033327222
v 36.49974823 47.62782288 1076.812012
vn -0.2513547838 0.6618201137 -0.7062682509
v 36.633564 47.67599869 1076.828979
vn -0.06746448576 0.7277479768 -0.6825184226
v 36.77259064 47.70405197 1076.866333
vn 0.1224917471 0.7658963799 -0.6311882138
v 36.90910339 47.70936203 1076.922974
vn 0.3096066713 0.773175478 -0.5534829497
v 37.03616333 47.6914444 1076.996216
vn 0.4827601016 0.7490055561 -0.4537988603
v 37.14644623 47.65213013 1077.081055
vn 0.6335070133 0.6958796978 -0.3382606506
v 37.23514175 47.59556198 1077.171631
vn 0.7552836537 0.6192339659 -0.2146995813
v 37.0749855 48.00269699 1077.987305
vn 0.9197461605 0.3905895948 0.0388167426
v 37.02728271 48.08957672 1077.88916
vn 0.8558931947 0.5085328817 -0.0940271467
v 37.09835434 47.90254974 1078.087036
vn 0.9514240623 0.2527037859 0.175877884
v 37.09444046 47.79259491 1078.18396
vn 0.9457728267 0.1024891883 0.3082365394
v 37.06212997 47.6786499 1078.272583
vn 0.9014820457 -0.05360116065 0.4294846356
v 37.00275803 47.5664444 1078.348267
vn 0.8208173513 -0.2065440118 0.5325396061
v 36.92078018 47.46265793 1078.406738
vn 0.7095044255 -0.3483086228 0.6126047373
v 36.82289505 47.3724823 1078.446289
vn 0.576297164 -0.4720352292 0.667131424
v 36.71651459 47.29888535 1078.467285
vn 0.4209522307 -0.5796332359 0.6977280974
v 36.59231186 47.23557281 1078.47168
vn 0.2528119683 -0.6647540927 0.7029851675
v 36.4576683 47.18904877 1078.456543
vn 0.0675733313 -0.7284882665 0.6817174554
v 36.31778717 47.1627121 1078.421021
vn -0.1236096323 -0.7643060684 0.6328956485
v 36.18044281 47.15906525 1078.366211
vn -0.3115989566 -0.769282043 0.5577734709
v 36.0526123 47.17852783 1078.294678
vn -0.4856391549 -0.7429990172 0.4605508447
v 35.94166565 47.21918106 1078.211426
vn -0.6372669339 -0.6880663633 0.3470669687
v 35.85244751 47.27680588 1078.121948
vn -0.7598409653 -0.6099206805 0.225029856
v 35.78676605 47.34600449 1078.032104
vn -0.8557961583 -0.5087264776 0.09386333823
v 35.73906326 47.43288422 1077.93396
vn -0.9196490645 -0.3908025324 -0.03897394985
v 35.71569061 47.53302383 1077.834229
vn -0.9513310194 -0.2529935241 -0.1759645343
v 35.71960831 47.6429863 1077.737183
vn -0.9457107782 -0.1027615666 -0.3083360791
v 35.75191498 47.75693512 1077.64856
vn -0.9013983011 0.05344001949 -0.4296803772
v 35.81129074 47.86914062 1077.572998
vn -0.820753932 0.2063461989 -0.5327140093
v 35.89326477 47.97292328 1077.514526
vn -0.7095003724 0.3480842113 -0.6127369404
v 35.9911499 48.06309891 1077.474976
vn -0.5763674974 0.4717499912 -0.6672723889
v 36.09753418 48.13669968 1077.453857
vn -0.4210436344 0.5793663263 -0.6978946328
v 36.22173309 48.20001221 1077.449585
vn -0.2525495291 0.6646848917 -0.703144908
v 36.35638046 48.24653625 1077.464722
vn -0.06757497787 0.7283184528 -0.6818987131
v 36.4962616 48.27287292 1077.500244
vn 0.1233716756 0.7641233206 -0.6331626773
v 36.63360596 48.27651978 1077.554932
vn 0.3114859164 0.7691419125 -0.5580298305
v 36.76143265 48.25704575 1077.626465
vn 0.485788554 0.7428284883 -0.4606683254
v 36.8723793 48.21640396 1077.709839
vn 0.6374503374 0.6878544092 -0.3471503258
v 36.96160126 48.15877914 1077.799316
vn 0.7599134445 0.6097578406 -0.2252264321
v 36.81587219 48.5680275 1078.618652
vn 0.9235959053 0.3822333813 0.02946608327
v 36.76782227 48.65565872 1078.521362
vn 0.8592677712 0.5012060404 -0.1022321805
v 36.83948135 48.46735382 1078.717896
vn 0.9556125402 0.2436405271 0.1656622291
v 36.83568192 48.3571167 1078.814575
vn 0.9501509666 0.09299710393 0.2975982428
v 36.80335617 48.24318314 1078.90332
vn 0.9058688283 -0.06309197098 0.4188330173
v 36.74382782 48.13127518 1078.979248
vn 0.8249935508 -0.2157149166 0.5223530531
v 36.66157532 48.02804184 1079.03833
vn 0.7132755518 -0.3568172157 0.6032573581
v 36.56332016 47.93863297 1079.078735
vn 0.5799686909 -0.479159385 0.6588190794
v 36.45650101 47.86593628 1079.100952
vn 0.4237162173 -0.5857571363 0.6909074783
v 36.33176422 47.80374146 1079.106445
vn 0.2548558712 -0.6694043875 0.6978153586
v 36.19651031 47.75849533 1079.092773
vn 0.0689516291 -0.731336534 0.6785223484
v 36.05596924 47.7335434 1079.058838
vn -0.1230354682 -0.7652707696 0.6318409443
v 35.91794968 47.73132324 1079.005615
vn -0.3119471669 -0.7683414221 0.5588742495
v 35.78946304 47.75218582 1078.935669
vn -0.4871246219 -0.7401447892 0.4635679722
v 35.67791748 47.79410553 1078.853638
vn -0.6393892765 -0.6834934354 0.3521619737
v 35.58818436 47.85282898 1078.765503
vn -0.762644887 -0.603841424 0.2318367958
v 35.52209091 47.92292404 1078.676514
vn -0.8591868877 -0.5013824701 0.1020467728
v 35.47404099 48.01054764 1078.579224
vn -0.9235108495 -0.3824253678 -0.02964101546
v 35.45043182 48.11122513 1078.480103
vn -0.9555296302 -0.2438534945 -0.1658271551
v 35.45423126 48.22145462 1078.383301
vn -0.9500818849 -0.09323377907 -0.297744602
v 35.48655701 48.33539581 1078.294678
vn -0.9057721496 0.06296534091 -0.4190610647
v 35.54608536 48.44730377 1078.21875
vn -0.8249766231 0.2154679447 -0.5224816799
v 35.62833786 48.55052948 1078.159546
vn -0.7133404613 0.3565158546 -0.6033588052
v 35.72659683 48.63994598 1078.119141
vn -0.5797053576 0.4791860878 -0.6590313911
v 35.83341217 48.71263885 1078.097046
vn -0.4238526821 0.5854893923 -0.6910507083
v 35.95814896 48.77483368 1078.091431
vn -0.2547181547 0.6692761779 -0.6979885697
v 36.09340286 48.82008362 1078.105225
vn -0.0687174499 0.7312247157 -0.6786665916
v 36.23394394 48.84503174 1078.13916
vn 0.1230920032 0.7651206851 -0.632011652
v 36.3719635 48.84725189 1078.192383
vn 0.3120124638 0.768186152 -0.5590512156
v 36.50045013 48.82639694 1078.262329
vn 0.4870383739 0.7400240898 -0.4638512135
v 36.6119957 48.78446579 1078.344238
vn 0.6395072341 0.6833146811 -0.3522946239
v 36.70172882 48.72574234 1078.432495
vn 0.762737155 0.6036604643 -0.2320044935
v 36.5664444 49.13283539 1079.257202
vn 0.9261121154 0.3765503764 0.02293780819
v 36.51795578 49.22146225 1079.161011
vn 0.8611836433 0.4968572259 -0.1072179377
v 36.59043884 49.03128433 1079.355469
vn 0.9586592913 0.2368258238 0.1577526629
v 36.58694458 48.92034531 1079.451416
vn 0.9536242485 0.08517792821 0.2886962295
v 36.55482101 48.80591965 1079.539551
vn 0.909617424 -0.07152024657 0.4092444777
v 36.4953804 48.69376373 1079.615234
vn 0.8289110065 -0.2243519276 0.5124185085
v 36.41310501 48.59054565 1079.674438
vn 0.7171450853 -0.3654412329 0.5934270024
v 36.31472015 48.50137711 1079.715088
vn 0.5835365653 -0.4875026345 0.649481535
v 36.20769119 48.42910767 1079.737793
vn 0.4272920787 -0.5931751132 0.6823230982
v 36.08264542 48.3675499 1079.744019
vn 0.2576316297 -0.6760815382 0.6903185248
v 35.94699097 48.32315445 1079.731323
vn 0.07129220665 -0.7367143035 0.6724354625
v 35.80596924 48.29924393 1079.698486
vn -0.1213173866 -0.7691451907 0.6274534464
v 35.66741562 48.29818344 1079.646606
vn -0.3109230697 -0.7705423832 0.5564092994
v 35.53836441 48.32028198 1079.578125
vn -0.4868669808 -0.740604341 0.4631044567
v 35.42625809 48.36344147 1079.497437
vn -0.6400913596 -0.6821649671 0.3534600437
v 35.33600235 48.42332458 1079.410522
vn -0.7639219165 -0.6009615064 0.2350927144
v 35.26944733 48.49444199 1079.322754
vn -0.8611564636 -0.4969587922 0.1069647521
v 35.22095871 48.58306885 1079.226562
vn -0.926068306 -0.3766428232 -0.02318748459
v 35.19696426 48.68462372 1079.128296
vn -0.9586006403 -0.2368824184 -0.1580238789
v 35.20045853 48.79556274 1079.032349
vn -0.9535445571 -0.08528573066 -0.2889274657
v 35.23258591 48.90998459 1078.944214
vn -0.9095045328 0.07149405032 -0.4094998538
v 35.29202271 49.0221405 1078.86853
vn -0.8288067579 0.2242637873 -0.5126256943
v 35.3742981 49.12535858 1078.809326
vn -0.7171389461 0.3651987016 -0.593583703
v 35.47268295 49.21452713 1078.768677
vn -0.5832025409 0.4875522852 -0.6497442722
v 35.57971191 49.28680801 1078.746094
vn -0.4271152318 0.5931053162 -0.6824944615
v 35.70475769 49.34835434 1078.739746
vn -0.257832557 0.6758314371 -0.6904883981
v 35.84041214 49.39275742 1078.752441
vn -0.07114250958 0.736584723 -0.6725932956
v 35.98143387 49.41666794 1078.785278
vn 0.1213569641 0.768985033 -0.6276420355
v 36.11998749 49.41772842 1078.837158
vn 0.3110867739 0.7703703642 -0.5565559864
v 36.2490387 49.39562988 1078.905762
vn 0.4868802726 0.7404556274 -0.4633282423
v 36.36114502 49.3524704 1078.986328
vn 0.6400003433 0.6820850372 -0.3537789881
v 36.45140076 49.29259109 1079.073242
vn 0.7639687061 0.6008213758 -0.2352986038
v 36.32665253 49.69207764 1079.9021
vn 0.9283555746 0.3713172972 0.01671647839
v 36.27759933 49.78201294 1079.807373
vn 0.8626602888 0.4933654666 -0.1113898382
v 36.35116577 49.58930206 1079.998901
vn 0.9616244435 0.2299589068 0.1496574581
v 36.34812164 49.47730255 1080.09375
vn 0.9572080374 0.07699795812 0.2789697349
v 36.3163414 49.36204147 1080.180908
vn 0.9136695862 -0.08084378392 0.3983367383
v 36.25712967 49.24931717 1080.255981
vn 0.8332818747 -0.2343346775 0.5007280111
v 36.17495346 49.14582825 1080.314941
vn 0.7217099071 -0.3756006062 0.5814284086
v 36.0765419 49.05666351 1080.355591
vn 0.5877853632 -0.4978038669 0.637730062
v 35.96938324 48.98464584 1080.37854
vn 0.4315969348 -0.6028171778 0.6710704565
v 35.84408951 48.92361832 1080.385498
vn 0.2615571022 -0.6849124432 0.6800608635
v 35.70807266 48.8800087 1080.373657
vn 0.07455848902 -0.7443893552 0.6635702848
v 35.56658554 48.85713196 1080.342041
vn -0.1185961589 -0.7752661109 0.6204009652
v 35.42747498 48.85731506 1080.291626
vn -0.3091431856 -0.7748659253 0.5513740182
v 35.29781342 48.88079071 1080.224609
vn -0.4858084917 -0.7429623008 0.4604314864
v 35.18507767 48.92538071 1080.14563
vn -0.6399548054 -0.6824840903 0.3530910909
v 35.09420776 48.98667145 1080.060303
vn -0.7646235824 -0.5993276238 0.2369749993
v 35.02708817 49.05909348 1079.973999
vn -0.8626850247 -0.4933975637 0.1110558584
v 34.97803497 49.14903259 1079.879272
vn -0.9283505082 -0.3713146746 -0.01705142669
v 34.95352173 49.25180054 1079.782471
vn -0.9615824819 -0.2299230099 -0.1499817073
v 34.95656967 49.36380768 1079.687622
vn -0.9571220279 -0.07694633305 -0.2792788446
v 34.9883461 49.47906876 1079.600464
vn -0.9135254025 0.08091502637 -0.3986528814
v 35.04755783 49.59179306 1079.525391
vn -0.833127737 0.2343452573 -0.5009795427
v 35.12973785 49.69528198 1079.466431
vn -0.721662581 0.3754681945 -0.5815726519
v 35.2281456 49.78444672 1079.425659
vn -0.5876392722 0.4977198541 -0.637930274
v 35.33530426 49.85646439 1079.402832
vn -0.4312132895 0.6028577089 -0.6712806225
v 35.46059799 49.91749191 1079.395874
vn -0.2615493238 0.6847224236 -0.6802552342
v 35.59661484 49.96110153 1079.407715
vn -0.07459403574 0.7442020774 -0.6637763381
v 35.73810577 49.98397827 1079.439331
vn 0.1186838672 0.7750945091 -0.6205986142
v 35.87721252 49.98379517 1079.489746
vn 0.3090464473 0.7746995091 -0.5516619682
v 36.00687408 49.96031952 1079.556763
vn 0.4858557284 0.7427902222 -0.4606592059
v 36.11961365 49.91572952 1079.635742
vn 0.6398676038 0.6823911667 -0.3534285426
v 36.21047974 49.85443115 1079.721069
vn 0.7645916343 0.5992489457 -0.2372768372
v 36.09973907 50.24006271 1080.551758
vn 0.930914402 0.3651221395 0.009178392589
v 36.04997253 50.33171463 1080.458984
vn 0.8642456532 0.4894763827 -0.116156593
v 36.12490845 50.13570404 1080.646729
vn 0.9651129246 0.221554935 0.1395364404
v 36.12242889 50.02231216 1080.739868
vn 0.9614924192 0.06671189517 0.2666116953
v 36.09109116 49.90596008 1080.825806
vn 0.9186187387 -0.09249337018 0.3841674626
v 36.03216934 49.79249954 1080.900146
vn 0.8386321664 -0.2470591515 0.4854460359
v 35.9501152 49.68864822 1080.958618
vn 0.7272628546 -0.3887959123 0.5656204224
v 35.85167694 49.59949875 1080.99939
vn 0.5934077501 -0.5109235048 0.6219521165
v 35.74435806 49.52782059 1081.022705
vn 0.4368156493 -0.6156396866 0.6558809876
v 35.61875153 49.46747971 1081.030518
vn 0.266605407 -0.6966192126 0.6660654545
v 35.48228073 49.42489624 1081.019897
vn 0.07886145264 -0.754712522 0.6512986422
v 35.34020615 49.40338135 1080.989868
vn -0.1150761768 -0.7837019563 0.6103841066
v 35.20040131 49.4051857 1080.941406
vn -0.3064981401 -0.7810428143 0.5440873504
v 35.06996536 49.43048477 1080.876465
vn -0.4843021035 -0.7466391921 0.4560497403
v 34.95643616 49.4769516 1080.799805
vn -0.6393861771 -0.6836335659 0.351895541
v 34.86479568 49.54008865 1080.716553
vn -0.7652087808 -0.5979005098 0.2386849672
v 34.79696274 49.61420822 1080.632324
vn -0.8642908335 -0.489485085 0.115782775
v 34.74720001 49.70586395 1080.539551
vn -0.9309299588 -0.3650725186 -0.009566822089
v 34.72202682 49.81021881 1080.44458
vn -0.965077579 -0.2214790434 -0.1399010867
v 34.72451019 49.92361069 1080.351318
vn -0.9614164233 -0.06666858494 -0.2668965161
v 34.75584793 50.0399704 1080.265381
vn -0.9184511304 0.09268248826 -0.3845224679
v 34.81476974 50.15343094 1080.191162
vn -0.8383898735 0.2472182214 -0.485783428
v 34.89682388 50.25727844 1080.13269
vn -0.7270849347 0.3888294697 -0.5658260584
v 34.99526215 50.3464241 1080.091919
vn -0.5932510495 0.5108968616 -0.6221234202
v 35.10258102 50.41810226 1080.068604
vn -0.4365922809 0.6156082153 -0.6560592055
v 35.22818375 50.47845078 1080.060791
vn -0.266595304 0.6964714527 -0.6662240028
v 35.36465454 50.52102661 1080.071411
vn -0.07890066504 0.7545362711 -0.6514980793
v 35.50673294 50.54254913 1080.101318
vn 0.1149874851 0.7835267186 -0.6106256843
v 35.64653778 50.54073334 1080.149902
vn 0.3065082133 0.7808738947 -0.5443241
v 35.77696991 50.51544571 1080.214722
vn 0.4841565788 0.7465348244 -0.4563750327
v 35.89050293 50.46897125 1080.291504
vn 0.6393982768 0.6834847331 -0.35216254
v 35.9821434 50.40584183 1080.374756
vn 0.7651324272 0.5978493094 -0.2390576452
v 35.88968277 50.77160645 1081.206055
vn 0.934002161 0.3572672904 -0.0002150593937
v 35.83903503 50.86548615 1081.115967
vn 0.8661609888 0.4846925735 -0.1218121797
v 35.91566849 50.66517258 1081.298462
vn 0.9692929983 0.2108257264 0.1265843064
v 35.91389847 50.54996109 1081.389526
vn 0.9666202664 0.05345745385 0.2505743504
v 35.88311768 50.43215561 1081.473633
vn 0.9244788289 -0.1077974588 0.3656755686
v 35.82457352 50.31768799 1081.546753
vn 0.8450018764 -0.2636666596 0.4652437866
v 35.74269867 50.21334076 1081.604614
vn 0.7338274121 -0.4061279595 0.5445708632
v 35.64424515 50.12416458 1081.645386
vn 0.6001488566 -0.5280871391 0.6007872224
v 35.53675079 50.0528717 1081.669312
vn 0.4432057738 -0.6323313713 0.6353940964
v 35.41078568 49.99337387 1081.678101
vn 0.2723683119 -0.7121803761 0.6470043063
v 35.27378082 49.95208359 1081.669067
vn 0.08409950137 -0.7683602571 0.6344681382
v 35.1309967 49.93228149 1081.641235
vn -0.1109809428 -0.7949630618 0.5964201689
v 34.99034882 49.93615341 1081.595215
vn -0.3034467995 -0.7893751264 0.5336731076
v 34.85898209 49.96376419 1081.533203
vn -0.4825021029 -0.7517464161 0.4495208859
v 34.74448013 50.01265717 1081.459351
vn -0.6388583779 -0.6853755713 0.3494571745
v 34.65189362 50.0781517 1081.37915
vn -0.7659139037 -0.5963519216 0.2402920723
v 34.58318329 50.1544838 1081.297485
vn -0.866255641 -0.4846345186 0.1213694736
v 34.53253555 50.24836349 1081.207397
vn -0.9340487719 -0.3571454287 -0.0002294355363
v 34.50654984 50.35479736 1081.11499
vn -0.9692772627 -0.210628897 -0.1270316839
v 34.50831985 50.47000885 1081.024048
vn -0.9665369391 -0.05330611393 -0.2509279251
v 34.53910065 50.58781433 1080.939819
vn -0.9243372083 0.1079556495 -0.3659867644
v 34.59764481 50.70228195 1080.866699
vn -0.844802022 0.2638218403 -0.4655185938
v 34.67951965 50.80662918 1080.808838
vn -0.7336156964 0.4062120318 -0.5447933078
v 34.77797318 50.89580536 1080.768066
vn -0.5997486711 0.5282714963 -0.6010247469
v 34.88546753 50.96710205 1080.744263
vn -0.442873925 0.6323878169 -0.635569334
v 35.01143265 51.02659607 1080.735474
vn -0.2724286616 0.7120326757 -0.6471415162
v 35.14844131 51.06788635 1080.744385
vn -0.08405394852 0.7682317495 -0.6346297264
v 35.29122162 51.08768845 1080.772339
vn 0.1108010188 0.7947947979 -0.5966777802
v 35.43186951 51.0838089 1080.818237
vn 0.3034142256 0.7892296314 -0.5339067578
v 35.56323624 51.05620956 1080.880371
vn 0.4823642075 0.75163275 -0.4498588741
v 35.67773819 51.00731659 1080.954102
vn 0.6387475729 0.685299933 -0.3498077989
v 35.77032852 50.94181824 1081.034424
vn 0.7658042312 0.5963332653 -0.240687564
v 35.69712067 51.29104614 1081.878174
vn 0.937202394 0.3485568762 -0.012642527
v 35.64538956 51.38784027 1081.79187
vn 0.8678264022 0.4797774255 -0.1291935444
v 35.72411728 51.18188477 1081.967163
vn 0.9739837646 0.1984768808 0.1093735769
v 35.72323608 51.06424713 1082.055054
vn 0.9726430774 0.03793134913 0.2291869819
v 35.69316483 50.94448853 1082.136719
vn 0.9315932989 -0.1259498745 0.3409847319
v 35.63511658 50.8286438 1082.20813
vn 0.8529490232 -0.2836232781 0.4382189512
v 35.55349731 50.7235527 1082.265015
vn 0.7421587706 -0.4272473752 0.5163913369
v 35.45506668 50.63424683 1082.305664
vn 0.6085606217 -0.5494506955 0.572501421
v 35.34738922 50.56337357 1082.330078
vn 0.4515239894 -0.6531169415 0.6079180241
v 35.22102737 50.504879 1082.34021
vn 0.280281961 -0.7316277027 0.6214200854
v 35.08340454 50.46517563 1082.333252
vn 0.09111709893 -0.7857547402 0.6117901206
v 34.93980026 50.44752502 1082.308228
vn -0.1049220785 -0.8094989061 0.5776702166
v 34.79816055 50.45400238 1082.265503
vn -0.298941493 -0.8004739285 0.5194954276
v 34.66567612 50.48456192 1082.207275
vn -0.4792811573 -0.7589900494 0.4407081902
v 34.55000305 50.53655243 1082.137573
vn -0.6373874545 -0.6884813905 0.3460211158
v 34.45627213 50.60511398 1082.061157
vn -0.7660269737 -0.5954174995 0.2422409803
v 34.38649368 50.68429947 1081.983276
vn -0.867978096 -0.4796341956 0.128705442
v 34.33476639 50.7810936 1081.896973
vn -0.937302649 -0.3483048975 0.01214107685
v 34.30776978 50.8902626 1081.807983
vn -0.973995626 -0.1981639415 -0.109834075
v 34.30864716 51.00789261 1081.720093
vn -0.9725638628 -0.0375880748 -0.2295792997
v 34.33871841 51.12765121 1081.638306
vn -0.9314366579 0.1262965053 -0.3412843049
v 34.39677048 51.24349594 1081.567017
vn -0.8527195454 0.2839617729 -0.4384462237
v 34.47838974 51.34859467 1081.51001
vn -0.7420040369 0.4273789823 -0.5165048242
v 34.57682037 51.43789291 1081.46936
vn -0.6082018614 0.5496903658 -0.5726525784
v 34.68449402 51.50876236 1081.445068
vn -0.4510902464 0.6533105969 -0.6080319285
v 34.81085587 51.56726074 1081.434937
vn -0.2800766826 0.7316361666 -0.6215026975
v 34.9484787 51.60697174 1081.441895
vn -0.09124527872 0.7856501341 -0.611905396
v 35.09208679 51.62462234 1081.466919
vn 0.1047862619 0.8093860149 -0.577853024
v 35.2337265 51.61813736 1081.509521
vn 0.2985953987 0.8003779054 -0.519842267
v 35.36621094 51.58757782 1081.567749
vn 0.4792359471 0.7588580251 -0.4409845471
v 35.48188019 51.5355835 1081.637573
vn 0.6372144222 0.6884396672 -0.3464226127
v 35.57561493 51.46702576 1081.713989
vn 0.7658732533 0.5954399109 -0.2426716089
v 35.53394318 51.77357483 1082.546387
vn 0.941200614 0.3366985023 -0.02784856595
v 35.48099136 51.87398148 1082.465088
vn 0.8702602983 0.4730308652 -0.1374365538
v 35.56209183 51.66099167 1082.630737
vn 0.9794418216 0.181781739 0.08745910227
v 35.56222916 51.54031372 1082.714478
vn 0.9793688655 0.01692149974 0.2013708949
v 35.53298569 51.41806793 1082.792725
vn 0.9393138885 -0.1504499763 0.3083086312
v 35.47552109 51.30043793 1082.861572
vn 0.8613511324 -0.3105297387 0.4020516574
v 35.39422226 51.19432831 1082.917236
vn 0.751008451 -0.455345273 0.4781704843
v 35.29585266 51.10477829 1082.95752
vn 0.6173042655 -0.5779362321 0.5337837934
v 35.18800735 51.03433228 1082.982544
vn 0.4599070251 -0.6809206009 0.5699409246
v 35.06123352 50.97698212 1082.994263
vn 0.2881381512 -0.7575877905 0.5856937766
v 34.92295074 50.93916321 1082.98999
vn 0.09794128686 -0.8089119792 0.5797144771
v 34.77845001 50.92408371 1082.968384
vn -0.09936959296 -0.82884866 0.5505775213
v 34.63571548 50.93373871 1082.930176
vn -0.2947915196 -0.8151625991 0.4986059368
v 34.5019989 50.96788788 1082.876953
vn -0.4768968821 -0.7684319019 0.426710397
v 34.38502884 51.02368927 1082.812378
vn -0.6366158724 -0.6924527287 0.3394546509
v 34.29000854 51.09601593 1082.741211
vn -0.7668851018 -0.5939907432 0.2430271953
v 34.21903229 51.17873383 1082.668213
vn -0.8704759479 -0.472789973 0.1368986219
v 34.16608047 51.27914047 1082.586914
vn -0.9413654804 -0.3362832069 0.02728726156
v 34.13793564 51.39173126 1082.502563
vn -0.97949332 -0.181260407 -0.08796320111
v 34.13779449 51.51240921 1082.418823
vn -0.9792970419 -0.01636444964 -0.201766029
v 34.16703796 51.63464737 1082.340576
vn -0.9391225576 0.151026383 -0.3086094856
v 34.22450256 51.752285 1082.271729
vn -0.8610525131 0.3111174703 -0.4022368193
v 34.30580139 51.85839844 1082.216064
vn -0.7507689595 0.4557222128 -0.478187412
v 34.40417099 51.94794846 1082.175781
vn -0.61703825 0.5782174468 -0.5337868333
v 34.5120163 52.01839066 1082.150757
vn -0.4596043825 0.6811189055 -0.5699480772
v 34.63879013 52.07574463 1082.139038
vn -0.2878360748 0.7576919198 -0.5857075453
v 34.77707291 52.11356354 1082.143433
vn -0.09791577607 0.8088542819 -0.5797992945
v 34.92157364 52.12864304 1082.164917
vn 0.09911162406 0.8287380338 -0.5507905483
v 35.06430817 52.11898804 1082.203125
vn 0.2944407463 0.8150846958 -0.498940438
v 35.19802856 52.08482742 1082.256348
vn 0.4766483605 0.7683714628 -0.4270967841
v 35.31499481 52.02903748 1082.320923
vn 0.6363086104 0.6924997568 -0.3399344087
v 35.41001511 51.95671082 1082.39209
vn 0.7666457295 0.5940940976 -0.2435292006
v 35.39735413 52.2383728 1083.251465
vn 0.9446363449 0.324585557 -0.04802455753
v 35.34304428 52.34339523 1083.177124
vn 0.8718084693 0.466863513 -0.148285076
v 35.42678833 52.12140274 1083.329224
vn 0.9847461581 0.1639199704 0.05835409462
v 35.4280777 51.99679184 1083.406982
vn 0.9863807559 -0.006096628495 0.164365083
v 35.39976883 51.87131119 1083.480347
vn 0.9477633238 -0.1777532101 0.2648556232
v 35.34297943 51.75131607 1083.545776
vn 0.8708506227 -0.341039747 0.3539930582
v 35.26206589 51.6438179 1083.599243
vn 0.7612035275 -0.4877050221 0.4274494648
v 35.16379166 51.55386734 1083.639038
vn 0.6277724504 -0.6109078526 0.4823829532
v 35.05578995 51.48388672 1083.664795
vn 0.4701921344 -0.7134535909 0.5195222497
v 34.92858505 51.42789841 1083.678589
vn 0.2978382409 -0.7884191275 0.5382264256
v 34.78960037 51.39237976 1083.677734
vn 0.1069934741 -0.836684823 0.537132144
v 34.64413071 51.38049698 1083.661133
vn -0.09160502255 -0.8525016904 0.5146352053
v 34.50020981 51.39410782 1083.628906
vn -0.2887139916 -0.8336631656 0.4707971811
v 34.36513901 51.43278122 1083.582397
vn -0.4726552665 -0.7810268998 0.4081592858
v 34.24674225 51.49337387 1083.525146
vn -0.6343122721 -0.6987789273 0.3306900561
v 34.1503067 51.57048798 1083.461182
vn -0.7665364146 -0.594042778 0.243998155
v 34.07799911 51.65771866 1083.39502
vn -0.8656077385 -0.4767498672 0.1530776173
v 34.02368546 51.76274109 1083.320679
vn -0.9395423532 -0.338026613 0.05475584045
v 33.99425507 51.87971115 1083.24292
vn -0.9826353192 -0.1782920063 -0.05137909949
v 33.9929657 52.00432205 1083.165161
vn -0.9874818921 -0.008508731611 -0.1575025916
v 34.02127457 52.12979507 1083.091675
vn -0.9520574212 0.1636214554 -0.2584854662
v 34.07806015 52.24979019 1083.026367
vn -0.8779183626 0.3282872736 -0.348549664
v 34.15897751 52.35728836 1082.9729
vn -0.7705219984 0.4767496884 -0.4230905175
v 34.25725174 52.44723892 1082.933105
vn -0.638497889 0.6021607518 -0.4792941511
v 34.36525345 52.51722336 1082.907349
vn -0.4837194085 0.7055236101 -0.5179304481
v 34.49245834 52.57320786 1082.893555
vn -0.3131550252 0.7825716138 -0.538066566
v 34.63144302 52.60873413 1082.894409
vn -0.1234746799 0.8333371878 -0.5387978554
v 34.77691269 52.62060928 1082.911011
vn 0.07476883382 0.851973474 -0.5182188749
v 34.92082977 52.6070137 1082.943237
vn 0.2724395692 0.8360623717 -0.476210475
v 35.05590057 52.56832886 1082.989624
vn 0.4580835402 0.7861045599 -0.4149687886
v 35.17430115 52.50773239 1083.046997
vn 0.6221004725 0.706012249 -0.3384341896
v 35.27073669 52.43062592 1083.11084
vn 0.7641655803 0.5960646868 -0.2464910746
v 35.30221558 52.65177917 1083.962036
vn 0.9427236319 0.3235316277 -0.08123669773
v 35.24668503 52.76211548 1083.896851
vn 0.8624482751 0.4763126671 -0.171199277
v 35.33280182 52.52974701 1084.031006
vn 0.9875406623 0.1568417102 0.01281127892
v 35.33512497 52.4005661 1084.100952
vn 0.9939497113 -0.01920031756 0.1081447676
v 35.30767059 52.27129364 1084.167969
vn 0.9598144889 -0.1966424137 0.2002197504
v 35.25150681 52.14848328 1084.228394
vn 0.8866478801 -0.3651860058 0.2837158442
v 35.17095566 52.03931046 1084.279053
vn 0.7797228694 -0.5161566138 0.3544215262
v 35.07278442 51.94878387 1084.317871
vn 0.64780581 -0.6424663663 0.4093710184
v 34.96466446 51.87921906 1084.34436
vn 0.4928668737 -0.7454180717 0.4488141835
v 34.83710098 51.82468796 1084.360718
vn 0.3218028843 -0.8207740188 0.4719882607
v 34.69750977 51.79169083 1084.364258
vn 0.1311500818 -0.8683410883 0.4783130884
v 34.55120087 51.7833786 1084.35376
vn -0.06836737692 -0.8822739124 0.4657453001
v 34.40623856 51.80143738 1084.329224
vn -0.2674728036 -0.8603218198 0.4339408278
v 34.26997375 51.84523392 1084.291626
vn -0.4547613263 -0.803319037 0.3845396042
v 34.15031433 51.91129303 1084.243774
vn -0.62037462 -0.7156584263 0.3208868206
v 34.05261993 51.99385834 1084.189209
vn -0.7612252235 -0.6004014015 0.2450598329
v 33.97912598 52.08625412 1084.131836
vn -0.8454989195 -0.502114594 0.1816934943
v 33.94877625 52.13916016 1084.10022
vn -0.9141774774 -0.3905559182 0.1083770841
v 33.92359543 52.19659805 1084.06665
vn -0.9487453103 -0.3094459772 0.06423056126
v 33.90504456 52.25603867 1084.032715
vn -0.9726721048 -0.2318825126 0.01181225851
v 33.89300919 52.31863403 1083.997681
vn -0.9892985821 -0.1421341151 -0.0329577066
v 33.88815308 52.3825264 1083.962646
vn -0.9943329692 -0.06017091498 -0.08764343709
v 33.89068604 52.44781494 1083.927734
vn -0.9908141494 0.03431230411 -0.1308051795
v 33.90068436 52.51275635 1083.893677
vn -0.9757691026 0.1166632473 -0.1851063967
v 33.91814041 52.57707977 1083.86084
vn -0.9514638782 0.2109208703 -0.2241179496
v 33.94283295 52.63977051 1083.829468
vn -0.9168419242 0.2891957462 -0.2752575874
v 33.97430801 52.69988632 1083.800293
vn -0.873075664 0.3780982792 -0.307864517
v 34.01191711 52.75654984 1083.77356
vn -0.821264267 0.4480350018 -0.3532558084
v 34.05485535 52.80907059 1083.749634
vn -0.7617371082 0.5265079141 -0.3775525689
v 34.10221481 52.85686493 1083.728638
vn -0.6970576644 0.5845805407 -0.4151821434
v 34.15302658 52.89958954 1083.710815
vn -0.6265358925 0.6496963501 -0.4305199385
v 34.20631409 52.93702698 1083.696045
vn -0.5541681051 0.6940563321 -0.4595470726
v 34.26115036 52.96916199 1083.684326
vn -0.4741044641 0.7465878725 -0.4667242169
v 34.32249069 52.99859619 1083.674683
vn -0.3911887705 0.7800008655 -0.4884362519
v 34.38871384 53.02368164 1083.667969
vn -0.3001888394 0.8196957111 -0.4878376722
v 34.45687866 53.04298401 1083.664551
vn -0.2068613619 0.840615809 -0.5005730987
v 34.52830124 53.05667877 1083.664429
vn -0.1081050485 0.8644271493 -0.4909979999
v 34.60084915 53.06407166 1083.667847
vn -0.009470934048 0.8697505593 -0.4934006631
v 34.67461014 53.06499481 1083.674927
vn 0.09269348532 0.875390172 -0.4744469821
v 34.74762344 53.05928802 1083.685425
vn 0.1911964715 0.8638670444 -0.4660232663
v 34.81957245 53.04693222 1083.699463
vn 0.291642487 0.8502658606 -0.438169688
v 34.88933182 53.02810287 1083.716797
vn 0.3849207163 0.822208643 -0.4192958176
v 34.95583725 53.00313568 1083.737061
vn 0.4773644209 0.7903228998 -0.3840741217
v 35.01815033 52.97256851 1083.759888
vn 0.5606495738 0.7475987673 -0.3560451269
v 35.07549667 52.9370842 1083.784912
vn 0.6404365897 0.7001029253 -0.3157480955
v 35.12730408 52.89745331 1083.811646
vn 0.7093110681 0.6464630961 -0.2810040712
v 35.17319107 52.85451126 1083.839478
vn 0.7962673903 0.5628845096 -0.2216285914
v 35.22725296 53.06962204 1084.658691
vn 0.9161967039 0.3783668578 -0.1319929361
v 35.25282669 53.00931168 1084.686401
vn 0.9510557055 0.2945836484 -0.09334600717
v 35.1965065 53.12536621 1084.632812
vn 0.8762233257 0.4512639046 -0.1690964848
v 35.27175903 52.94710922 1084.714844
vn 0.9759758115 0.2120178193 -0.05019627884
v 35.28416824 52.88181686 1084.744385
vn 0.9927250147 0.1199185178 -0.01079914626
v 35.28937149 52.81536484 1084.77417
vn 0.9988166094 0.03317587078 0.035564024
v 35.2871666 52.74768448 1084.804321
vn 0.9952622652 -0.06317412108 0.07390589267
v 35.27746582 52.68055725 1084.833862
vn 0.9812706113 -0.1497400254 0.1211852953
v 35.26026917 52.61427689 1084.862915
vn 0.9567428231 -0.2453530729 0.1563491672
v 35.2358017 52.54989243 1084.890747
vn 0.9231137633 -0.3271410465 0.2020884901
v 35.20451355 52.4883728 1084.917236
vn 0.8790162802 -0.4165547788 0.2319752872
v 35.16704559 52.43059921 1084.94165
vn 0.8280749321 -0.4892033339 0.273810178
v 35.12420654 52.37727737 1084.963989
vn 0.768044591 -0.5675017238 0.296731025
v 35.0769043 52.32896805 1084.984009
vn 0.7041682601 -0.6272514462 0.3327201009
v 35.0261116 52.28603363 1085.001465
vn 0.6328209043 -0.691678226 0.3480214775
v 34.97280502 52.24865341 1085.016235
vn 0.561013937 -0.7368943691 0.3771605492
v 34.91791916 52.21681976 1085.028564
vn 0.4803774357 -0.7879001498 0.3852932155
v 34.85648346 52.18795395 1085.039429
vn 0.398229003 -0.8214916587 0.4081239104
v 34.7901268 52.16375351 1085.047974
vn 0.3061824441 -0.8589611053 0.4104121923
v 34.7217865 52.14559555 1085.053711
vn 0.213094756 -0.8794670105 0.4255918264
v 34.6501503 52.133358 1085.056763
vn 0.1135827601 -0.9000705481 0.4206803441
v 34.57735443 52.12769318 1085.056885
vn 0.01504918467 -0.9042862654 0.426661253
v 34.50329971 52.12876892 1085.053833
vn -0.08829247952 -0.9058842063 0.4142200351
v 34.42996979 52.13670731 1085.047852
vn -0.1865569055 -0.8926270008 0.4103822708
v 34.35766602 52.15151215 1085.038818
vn -0.2879844308 -0.8743405342 0.3906323314
v 34.28753281 52.17298889 1085.026855
vn -0.381508559 -0.8440029621 0.3769751191
v 34.22063446 52.200737 1085.012207
vn -0.4751551449 -0.8068567514 0.3510124981
v 34.15791702 52.23417664 1084.995117
vn -0.5584408045 -0.7616603374 0.3286600113
v 34.10015488 52.27259445 1084.976074
vn -0.6391436458 -0.7088546157 0.2983629704
v 34.0479393 52.31515503 1084.955322
vn -0.7084673643 -0.6524220705 0.2691085637
v 34.00164413 52.3609848 1084.93335
vn -0.7732040882 -0.5883517861 0.2366380841
v 33.96146011 52.40917969 1084.9104
vn -0.8256838918 -0.5260798335 0.2036815733
v 33.92737961 52.45890045 1084.887085
vn -0.8775660992 -0.4479245245 0.171001032
v 33.9471283 52.27943039 1084.505615
vn -0.8528926969 -0.4893585742 0.1819400787
v 33.87105942 52.57495499 1084.833496
vn -0.9491682053 -0.2980570495 0.1012015268
v 33.89112854 52.39260483 1084.445801
vn -0.9483447671 -0.3053322434 0.08610740304
v 33.91654587 52.33374786 1084.476685
vn -0.9141489863 -0.3847500682 0.1276675463
v 33.89663696 52.51464462 1084.861206
vn -0.9147488475 -0.3794833124 0.1386614293
v 33.83972168 52.7024498 1084.775513
vn -0.9922297597 -0.1225268915 0.02161643654
v 33.86009598 52.51734543 1084.38208
vn -0.9910362959 -0.1335835904 -0.001559761935
v 33.8723526 52.45341492 1084.414551
vn -0.9744496942 -0.2205414027 0.04253586754
v 33.85213089 52.63715744 1084.805054
vn -0.9754627347 -0.2113252133 0.06175851822
v 33.83671951 52.83659363 1084.715576
vn -0.9962706566 0.06151504442 -0.06050373241
v 33.85736847 52.64897537 1084.316895
vn -0.9947414398 0.04702974111 -0.09098191559
v 33.85503387 52.58250427 1084.349609
vn -0.9979713559 -0.04354675487 -0.04644135758
v 33.83451843 52.76890564 1084.745728
vn -0.9993388653 -0.03069411777 -0.01948553137
v 33.86361694 52.96998978 1084.656982
vn -0.9592595696 0.2448545098 -0.140951395
v 33.88449097 52.7802887 1084.253906
vn -0.9574560523 0.2274968624 -0.1775474697
v 33.86719131 52.71500015 1084.284912
vn -0.9811838865 0.1380496025 -0.1349831372
v 33.8464241 52.90372086 1084.685913
vn -0.982860148 0.1540528834 -0.1012600139
v 33.91937256 53.0959053 1084.602661
vn -0.8827868104 0.4174859226 -0.2153902501
v 33.94041443 52.90462112 1084.196289
vn -0.8808389902 0.3978984058 -0.2565142512
v 33.90904999 52.84381866 1084.224121
vn -0.9238286614 0.3144981861 -0.2182463109
v 33.88808441 53.03438568 1084.629028
vn -0.9257494807 0.3330107629 -0.1791416109
v 33.99968338 53.20698929 1084.555908
vn -0.7729404569 0.5695866346 -0.2795248032
v 34.0208168 53.01473618 1084.147339
vn -0.770812571 0.5487715602 -0.3235703111
v 33.97793579 52.96183777 1084.170532
vn -0.829541862 0.4762096405 -0.291692704
v 33.95684052 53.15367889 1084.578247
vn -0.8315240145 0.4965852201 -0.2489395589
v 34.09777451 53.29823303 1084.518433
vn -0.6385014057 0.6948270202 -0.3309552073
v 34.11894226 53.10560608 1084.109253
vn -0.6363336444 0.6735193133 -0.3761000335
v 34.06814194 53.0627861 1084.126831
vn -0.7059124708 0.6147603393 -0.3517915606
v 34.04698181 53.25529861 1084.535889
vn -0.7082497478 0.6357687116 -0.3068883419
v 34.20597076 53.3674469 1084.491211
vn -0.4862489998 0.7921468616 -0.3688702583
v 34.22710419 53.17499161 1084.082397
vn -0.4842599332 0.7710406184 -0.4135078192
v 34.17224121 53.14301682 1084.09436
vn -0.5633584857 0.7248533368 -0.3965033293
v 34.15108109 53.33562469 1084.50354
vn -0.5655524731 0.7461028099 -0.351398617
v 34.33375931 53.42051315 1084.471924
vn -0.3135522604 0.8634290099 -0.3951902092
v 34.35480118 53.22878265 1084.064575
vn -0.3112831414 0.8434596658 -0.4378111362
v 34.28850174 53.20413971 1084.072144
vn -0.4009492397 0.810323 -0.427336365
v 34.26740646 53.39631271 1084.480469
vn -0.4028335214 0.8310290575 -0.3835569024
v 34.47373581 53.45091248 1084.463135
vn -0.1207975522 0.905202508 -0.407451123
v 34.49462128 53.26047897 1084.058472
vn -0.1192263067 0.8869594336 -0.446192801
v 34.42307281 53.24751282 1084.060059
vn -0.2163115591 0.8694739938 -0.4440993667
v 34.40209961 53.43867111 1084.466064
vn -0.2181085646 0.888717711 -0.4032486975
v 34.6205864 53.45550156 1084.465942
vn 0.08071340621 0.9113823771 -0.4035685062
v 34.64125061 53.26693726 1084.06543
vn 0.08227587491 0.8957329988 -0.4369131327
v 34.56731415 53.26700592 1084.060303
vn -0.01855001599 0.8959376216 -0.4437924325
v 34.54653168 53.45658493 1084.463013
vn -0.02039926499 0.9129673839 -0.4075223207
v 34.76622009 53.43275452 1084.481079
vn 0.2806423903 0.8800860643 -0.3829991519
v 34.78661346 53.24653625 1084.085449
vn 0.281783402 0.8677155375 -0.4094726741
v 34.71445465 53.26010513 1084.073853
vn 0.18284522 0.8863509893 -0.4253816903
v 34.69392014 53.44755936 1084.472046
vn 0.1817871481 0.9003799558 -0.3953092098
v 34.90325165 53.38354111 1084.50769
vn 0.4684073031 0.8126226664 -0.3467550278
v 34.92333221 53.20004654 1084.117798
vn 0.4691983163 0.8039876819 -0.3653172851
v 34.85659409 53.22639084 1084.10022
vn 0.3777689934 0.8400685787 -0.3893268406
v 34.8363533 53.41128922 1084.493042
vn 0.3767777085 0.8506222963 -0.3667154908
v 35.02373123 53.31167603 1084.543823
vn 0.6337465644 0.7140820622 -0.297408998
v 35.04347992 53.1310997 1084.160156
vn 0.6339720488 0.7096098065 -0.3074628115
v 34.98588562 53.16804886 1084.137939
vn 0.5551158786 0.7600889802 -0.3378033638
v 34.9659729 53.35009384 1084.524658
vn 0.5544291735 0.766788125 -0.3234877288
v 35.12224197 53.2232933 1084.586548
vn 0.7688822746 0.5930671692 -0.2389381081
v 35.14165878 53.04564667 1084.209106
vn 0.7904356718 0.568313539 -0.2285415381
v 35.09553146 53.09002304 1084.18396
vn 0.7054827213 0.6532849073 -0.2747961879
v 35.07595062 53.26911545 1084.564575
vn 0.7052458525 0.6559153795 -0.2690787017
v 35.16242599 53.17509079 1084.609375
vn 0.8257541656 0.5247524381 -0.20679681
v 35.25554276 53.31130981 1085.452393
vn 0.9485453963 0.2849590778 -0.1380577534
v 35.24678421 53.1694603 1085.066772
vn 0.9492534995 0.2912738323 -0.1186480746
v 35.22114944 53.23123169 1085.04248
vn 0.9147197604 0.3746290505 -0.1514624655
v 35.22999954 53.37451553 1085.432007
vn 0.9140485525 0.3701703548 -0.1657983959
v 35.19034576 53.28843307 1085.02002
vn 0.8731024265 0.4523208737 -0.1819284111
v 35.1992836 53.43313599 1085.413452
vn 0.8725443482 0.4495627582 -0.1912058294
v 35.28681946 53.17827988 1085.496338
vn 0.9917554259 0.1021618247 -0.077356942
v 35.27823639 53.03916931 1085.118164
vn 0.9925372005 0.1120597348 -0.04808863252
v 35.26577377 53.10584641 1085.091919
vn 0.9756550789 0.2026571333 -0.08382897824
v 35.27444458 53.24631119 1085.473755
vn 0.9749063253 0.1945015639 -0.1082906052
v 35.28976059 53.03911972 1085.543579
vn 0.99599576 -0.08856175095 -0.01221704017
v 35.28133392 52.90249252 1085.172119
vn 0.9968141317 -0.07543187588 0.02591499127
v 35.28349304 52.97140884 1085.144897
vn 0.9997670054 0.01844934002 -0.0112046143
v 35.29199219 53.10924911 1085.519653
vn 0.9989596009 0.006879926194 -0.04508156702
v 35.26280594 52.90151215 1085.591553
vn 0.9592007399 -0.2775124609 0.05404401198
v 35.2545166 52.7669487 1085.225708
vn 0.9600069523 -0.2616787553 0.09955362976
v 35.27167511 52.83423996 1085.199097
vn 0.9835156798 -0.1694713682 0.06305828691
v 35.2800293 52.96977997 1085.567505
vn 0.982688725 -0.1840673536 0.02102493681
v 35.20700073 52.77244568 1085.637817
vn 0.8829601407 -0.4544090331 0.1178722233
v 35.19881439 52.63944244 1085.276123
vn 0.8838033676 -0.4363301694 0.1688417941
v 35.23007965 52.70169067 1085.251465
vn 0.9265232086 -0.3511770666 0.1350162029
v 35.23831558 52.83540726 1085.615112
vn 0.9257362485 -0.3681423366 0.08650799096
v 35.12665558 52.6593895 1085.679688
vn 0.7731677294 -0.6093881726 0.1756638438
v 35.1185379 52.52734375 1085.320679
vn 0.7738937736 -0.590090692 0.229959622
v 35.16136551 52.58108521 1085.299316
vn 0.8325286508 -0.5163696408 0.2006451488
v 35.1695137 52.71353149 1085.659424
vn 0.8317311406 -0.5351645947 0.1477233917
v 35.02853775 52.56739044 1085.71521
vn 0.6387866735 -0.7358572483 0.2246457338
v 35.02044678 52.43570709 1085.357056
vn 0.6395983696 -0.7158454657 0.2801413834
v 35.07123947 52.4787674 1085.339966
vn 0.7090497613 -0.6568319201 0.2565546632
v 35.07934189 52.61055374 1085.698364
vn 0.7084037066 -0.676469624 0.2013777196
v 34.92032623 52.49848557 1085.743286
vn 0.4867156148 -0.8327919841 0.2637526393
v 34.91223526 52.36663818 1085.384644
vn 0.4872704744 -0.8130945563 0.3185038567
v 34.96713257 52.39833069 1085.37207
vn 0.5663918853 -0.7673223019 0.3006937802
v 34.97521973 52.53003311 1085.730225
vn 0.5658867359 -0.7871403694 0.2453206182
v 34.79253387 52.44684982 1085.766357
vn 0.3138171434 -0.9024259448 0.2952053547
v 34.78440094 52.31428146 1085.405762
vn 0.3142802715 -0.8835296035 0.3472800255
v 34.85078049 52.33804703 1085.396118
vn 0.4040068686 -0.851544857 0.3341403604
v 34.85888672 52.47018814 1085.755615
vn 0.4034130573 -0.8709716201 0.280475229
v 34.652565 52.41904449 1085.78186
vn 0.1213616729 -0.9408195019 0.3164333403
v 34.64435959 52.28517914 1085.417603
vn 0.1216948703 -0.9235374331 0.3636879921
v 34.71603394 52.29669571 1085.412842
vn 0.2189822793 -0.9080274701 0.3571173847
v 34.72419739 52.42984009 1085.775024
vn 0.2186811566 -0.9261733294 0.3072158098
v 34.50573349 52.41818237 1085.788452
vn -0.08011437953 -0.942140758 0.3255034089
v 34.49742126 52.28245926 1085.419189
vn -0.0801974982 -0.9272065163 0.3658639491
v 34.57152176 52.28037262 1085.4198
vn 0.02118503861 -0.9301251769 0.3666311204
v 34.57977676 52.41509628 1085.786255
vn 0.02075614408 -0.9463250637 0.3225493133
v 34.36013412 52.44562912 1085.785278
vn -0.2801565528 -0.9046486616 0.3211279213
v 34.35168076 52.30756378 1085.409668
vn -0.2801545858 -0.892686069 0.3530226052
v 34.42403793 52.29153061 1085.415771
vn -0.181190595 -0.9146777987 0.3612956107
v 34.43241882 52.4283638 1085.788086
vn -0.1813229173 -0.9281828403 0.3249593973
v 34.22314453 52.50028992 1085.772583
vn -0.4680604935 -0.8299149275 0.3035795689
v 34.21452713 52.35951996 1085.389526
vn -0.4682018757 -0.8214378953 0.3256175816
v 34.28148651 52.33036804 1085.400879
vn -0.3765400946 -0.8613550067 0.341005981
v 34.29001999 52.46974564 1085.780151
vn -0.3763117492 -0.871675849 0.3139597476
v 34.10271454 52.57799149 1085.751343
vn -0.6333281398 -0.7236414552 0.2742964625
v 34.09391785 52.43432999 1085.360352
vn -0.6335809231 -0.7189498544 0.2858082056
v 34.15174484 52.39443207 1085.375977
vn -0.5542995334 -0.7736080885 0.3070545793
v 34.16044998 52.53662491 1085.762939
vn -0.5539870858 -0.7802770734 0.2902860641
v 34.00426102 52.67224884 1085.723511
vn -0.768406868 -0.5948413014 0.2360395789
v 33.99528503 52.5256691 1085.324585
vn -0.7688576579 -0.5938828588 0.2369833291
v 34.04163742 52.4783783 1085.34314
vn -0.7052456141 -0.658654213 0.2623037696
v 34.05052567 52.62350464 1085.738037
vn -0.7049141526 -0.6614462137 0.256095618
v 33.9300499 52.77574921 1085.691406
vn -0.8727529645 -0.4493151009 0.190835461
v 33.92090225 52.62641525 1085.285034
vn -0.8732843399 -0.452126801 0.1815372854
v 33.95503998 52.57530975 1085.305176
vn -0.8242521882 -0.5257254243 0.210288167
v 33.9641037 52.7232933 1085.707886
vn -0.8237602711 -0.5248152614 0.2144479454
v 33.87379074 52.89757156 1085.652466
vn -0.9486936927 -0.2845853269 0.1378094256
v 33.86446381 52.74537659 1085.238281
vn -0.9493503571 -0.2910801172 0.1183480397
v 33.89009857 52.68360519 1085.262573
vn -0.9148603082 -0.374433279 0.1510969847
v 33.89933777 52.83436584 1085.672852
vn -0.914229393 -0.3698586524 0.1654966921
v 33.84251404 53.03060532 1085.608521
vn -0.991808176 -0.1017170176 0.07726698369
v 33.83301163 52.8756752 1085.187012
vn -0.9925844073 -0.1117424145 0.0478518419
v 33.84547424 52.80899048 1085.213257
vn -0.9757289886 -0.2024091929 0.08356706798
v 33.85489273 52.96256256 1085.631104
vn -0.9750028849 -0.1941091418 0.1081252545
v 33.83957672 53.16976166 1085.561279
vn -0.9959475398 0.08909413964 0.01227555983
v 33.82991409 53.0123558 1085.133057
vn -0.9967842698 0.0757805258 -0.02604775131
v 33.82775879 52.94342804 1085.160278
vn -0.9997756481 -0.01809248887 0.01101439819
v 33.83734131 53.09963608 1085.585327
vn -0.9989644289 -0.00635141274 0.04505246133
v 33.86652756 53.30736923 1085.513306
vn -0.9590537548 0.278059572 -0.05383984372
v 33.85673523 53.14788818 1085.079468
vn -0.9599106908 0.2620148361 -0.09959769249
v 33.83957672 53.08060837 1085.106079
vn -0.9834491611 0.1698256135 -0.06314305961
v 33.84930801 53.23910522 1085.537354
vn -0.9825947285 0.1845849454 -0.02088111825
v 33.92233276 53.4364357 1085.467041
vn -0.8828024864 0.4548023343 -0.1175356433
v 33.91243362 53.27540207 1085.028931
vn -0.8835966587 0.4367500544 -0.168838203
v 33.88116837 53.21315384 1085.053589
vn -0.9264643788 0.3513531387 -0.1349618584
v 33.89102173 53.37348557 1085.489868
vn -0.9255763292 0.3686092496 -0.08623055369
v 34.00267792 53.54949188 1085.425171
vn -0.7729485035 0.6097707152 -0.1753005087
v 33.99271393 53.38749695 1084.984497
vn -0.7737240791 0.5903334022 -0.2299076468
v 33.94988251 53.33376312 1085.005859
vn -0.8323027492 0.5167440772 -0.2006181777
v 33.95981979 53.49534988 1085.445435
vn -0.8315147758 0.5355916023 -0.1473935097
v 34.10079575 53.64150238 1085.389648
vn -0.638723731 0.7360290885 -0.2242614329
v 34.09080124 53.47914124 1084.947998
vn -0.639462769 0.7160102129 -0.2800298631
v 34.04000854 53.4360733 1084.96521
vn -0.709041357 0.6568909883 -0.256426543
v 34.04999542 53.59832001 1085.406494
vn -0.7081834674 0.6768052578 -0.2010245323
v 34.20900726 53.71039963 1085.361572
vn -0.4865191877 0.832988143 -0.2634954453
v 34.19901657 53.5481987 1084.92041
vn -0.4872674346 0.8131190538 -0.3184459805
v 34.14411545 53.51651001 1084.933105
vn -0.5663422346 0.767393887 -0.3006046414
v 34.15411377 53.67884827 1085.374634
vn -0.5656380057 0.7874171734 -0.245005846
v 34.33680344 53.76203156 1085.338501
vn -0.3138201535 0.9024832249 -0.2950270772
v 34.32684708 53.60055542 1084.899414
vn -0.31423226 0.8835363984 -0.3473060429
v 34.26046753 53.57678986 1084.908936
vn -0.4037367105 0.8516667485 -0.3341563344
v 34.27044678 53.73869705 1085.349365
vn -0.4032411277 0.8711236119 -0.2802502811
v 34.47677231 53.78983688 1085.32312
vn -0.1214058325 0.940820992 -0.3164118528
v 34.46689224 53.62966156 1084.887451
vn -0.1215201989 0.9235076308 -0.3638221025
v 34.3952179 53.61815262 1084.892212
vn -0.2191891819 0.9079629779 -0.357154429
v 34.40513992 53.7790451 1085.329834
vn -0.2185900211 0.9262222052 -0.307133317
v 34.62360001 53.79070282 1085.316528
vn 0.07997446507 0.9421107173 -0.3256247044
v 34.61383057 53.63238144 1084.885986
vn 0.07988683879 0.927141428 -0.366096735
v 34.53973007 53.63447571 1084.885376
vn -0.02096673846 0.9300669432 -0.3667912781
v 34.54955673 53.7937851 1085.318604
vn -0.02083819732 0.9463011622 -0.3226141334
v 34.76919937 53.7632637 1085.31958
vn 0.2800096273 0.904581964 -0.3214437962
v 34.75957108 53.6072731 1084.895508
vn 0.2799886167 0.8926196098 -0.3533223271
v 34.6872139 53.6233139 1084.889404
vn 0.1811326295 0.9145826697 -0.3615653515
v 34.69691849 53.78052139 1085.316772
vn 0.1809242666 0.9281737208 -0.3252075016
v 34.90618896 53.70859146 1085.332275
vn 0.4677614272 0.8299302459 -0.3039984703
v 34.8967247 53.55531693 1084.915527
vn 0.4679609835 0.8214157224 -0.3260195851
v 34.82976532 53.58447266 1084.904297
vn 0.3761535883 0.8613670468 -0.3414019048
v 34.83931351 53.73913956 1085.324707
vn 0.3759813309 0.8716872931 -0.3143236339
v 35.02661896 53.63088989 1085.353516
vn 0.6329571605 0.7237823009 -0.2747806609
v 35.01733017 53.48051834 1084.944702
vn 0.6333081126 0.7190169096 -0.2862437367
v 34.95950699 53.52041626 1084.929199
vn 0.553986907 0.7736523151 -0.3075070679
v 34.96888351 53.67224884 1085.341919
vn 0.5536962748 0.7803268433 -0.2907068729
v 35.12507248 53.53663254 1085.381348
vn 0.7682180405 0.5949366689 -0.2364136726
v 35.1159668 53.38916779 1084.980469
vn 0.7687473297 0.5938704014 -0.2373721004
v 35.0696106 53.43646622 1084.961914
vn 0.7050366402 0.6587106586 -0.2627233565
v 35.07881165 53.58537674 1085.366821
vn 0.7046459317 0.6615621448 -0.2565339804
v 35.15621185 53.33953094 1085
vn 0.8240591884 0.5258621573 -0.2107022852
v 35.1652298 53.48559189 1085.396973
vn 0.8235393167 0.5250032544 -0.2148362845
v 35.31613541 53.51551819 1086.164551
vn 0.9446579218 0.2710877657 -0.1847507656
v 35.27818298 53.42261505 1085.807495
vn 0.9473087788 0.2771898806 -0.1605360508
v 35.25289917 53.48709488 1085.791138
vn 0.9132393003 0.3641798496 -0.1826664358
v 35.29129028 53.58110046 1086.152466
vn 0.9112333655 0.3593852222 -0.2012363374
v 35.22243881 53.54697037 1085.776489
vn 0.8721205592 0.4454262555 -0.2024874687
v 35.26127243 53.64208603 1086.141968
vn 0.8706436157 0.4422126412 -0.2154708505
v 35.34608459 53.37798309 1086.192871
vn 0.9859281778 0.08192592859 -0.1457181126
v 35.30897141 53.28718948 1085.84375
vn 0.9896800518 0.09098210186 -0.1107052192
v 35.29683685 53.35640335 1085.824951
vn 0.9732365012 0.1849900484 -0.1363428384
v 35.33436203 53.44823456 1086.177979
vn 0.9700319171 0.1773263663 -0.1661127508
v 35.34782791 53.23478317 1086.226074
vn 0.9883933067 -0.1143851504 -0.09997338057
v 35.31147003 53.14585876 1085.884033
vn 0.9931519628 -0.1028972417 -0.05532957241
v 35.31391907 53.21703339 1085.863403
vn 0.9964899421 -0.005971485283 -0.08349965513
v 35.35063934 53.30686188 1086.208862
vn 0.9922079444 -0.01628851332 -0.123523511
v 35.31989288 53.09386063 1086.262573
vn 0.9500758052 -0.3080338836 -0.04971000552
v 35.28414917 53.00646591 1085.926392
vn 0.9556776285 -0.2944013774 0.00284246495
v 35.30154419 53.07557678 1085.905029
vn 0.9794846773 -0.1997848153 -0.02637800202
v 35.33757782 53.16368484 1086.243896
vn 0.9742851257 -0.2123852372 -0.07523978502
v 35.2633667 52.96236801 1086.300415
vn 0.8727453351 -0.4881696105 0.002460235497
v 35.22807312 52.87608337 1085.968506
vn 0.8789416552 -0.4730482996 0.06071984395
v 35.25951004 52.93963623 1085.947632
vn 0.921952188 -0.3859769404 0.03203162923
v 35.2950058 53.02641678 1086.281494
vn 0.9160280228 -0.4004150033 -0.02367529459
v 35.18259811 52.84790039 1086.337524
vn 0.7622057199 -0.6451251507 0.05344152823
v 35.14756393 52.76224899 1086.007935
vn 0.7687287331 -0.629159987 0.1149515659
v 35.19049072 52.81671524 1085.98877
vn 0.8275051117 -0.5544421673 0.08848248422
v 35.22563171 52.90261841 1086.319214
vn 0.8211296797 -0.570040524 0.02828183584
v 35.08435059 52.75548172 1086.371704
vn 0.6277287602 -0.7719272375 0.1004235446
v 35.04938889 52.67000198 1086.042725
vn 0.6343049407 -0.7557521462 0.1627755314
v 35.10020447 52.71323013 1086.026001
vn 0.7039632797 -0.6963447928 0.1397842169
v 35.13518143 52.79874039 1086.355103
vn 0.6973252296 -0.71254462 0.07757370174
v 34.97627258 52.68705368 1086.401489
vn 0.4757225215 -0.8680731654 0.1419051886
v 34.94121552 52.6013298 1086.071533
vn 0.4822176695 -0.8522277474 0.2029137462
v 34.99607849 52.63270187 1086.057861
vn 0.5612723231 -0.8069833517 0.183715269
v 35.03107071 52.71826935 1086.387207
vn 0.5546734333 -0.823108077 0.1217803434
v 34.84888458 52.63683319 1086.429565
vn 0.3033804297 -0.9356759191 0.1801967472
v 34.81356049 52.55041122 1086.096924
vn 0.3094908893 -0.9207264185 0.2376515567
v 34.87983322 52.57331848 1086.084717
vn 0.3989360631 -0.8899499178 0.2209958434
v 34.91500092 52.65933609 1086.415771
vn 0.3925235569 -0.9054549932 0.1614822894
v 34.70960236 52.61138916 1086.453247
vn 0.111817494 -0.9706485868 0.2129276693
v 34.67383575 52.52383804 1086.116333
vn 0.1173610911 -0.9572250247 0.2644742727
v 34.74533081 52.53393936 1086.107422
vn 0.2144053876 -0.9436283112 0.2521824241
v 34.78085327 52.62086868 1086.441895
vn 0.2085668892 -0.9578766823 0.1974134892
v 34.56373596 52.61381531 1086.471436
vn -0.08838234842 -0.9672743678 0.2378421724
v 34.52734756 52.52469254 1086.128418
vn -0.08379732817 -0.9559655786 0.2812610865
v 34.60120773 52.5206871 1086.123413
vn 0.01680563018 -0.9615255594 0.2742008865
v 34.63726425 52.60897446 1086.463135
vn 0.01194607094 -0.9739432931 0.226476863
v 34.41932678 52.64532471 1086.482544
vn -0.2866402566 -0.9239912033 0.2531355321
v 34.38217545 52.55427551 1086.132202
vn -0.283124119 -0.9152587056 0.2866046727
v 34.45423508 52.5358963 1086.131348
vn -0.1844508499 -0.940490365 0.285404563
v 34.49098587 52.6259346 1086.477905
vn -0.1885466427 -0.9505576491 0.2467595339
v 34.28370285 52.70463562 1086.486084
vn -0.4725060165 -0.8427363634 0.257940799
v 34.24568176 52.61139679 1086.127319
vn -0.4702399969 -0.8369013667 0.2801257968
v 34.31230545 52.57960129 1086.130859
vn -0.3788073659 -0.8805521727 0.284838289
v 34.34988022 52.67171478 1086.485229
vn -0.3817415237 -0.8878552318 0.2568784356
v 34.16472244 52.78727722 1086.481934
vn -0.6354316473 -0.7297471166 0.2523801625
v 34.1257782 52.69172287 1086.11438
vn -0.634501338 -0.7269407511 0.262612313
v 34.18324661 52.64904022 1086.121826
vn -0.5557317734 -0.7853752375 0.2726682127
v 34.22172546 52.74343109 1086.484863
vn -0.55749017 -0.7895978689 0.2563980818
v 34.06771088 52.88644028 1086.471191
vn -0.7686617374 -0.5939028263 0.2375679761
v 34.0278511 52.78857803 1086.094849
vn -0.7688193321 -0.5943207145 0.2360077947
v 34.07385254 52.73854065 1086.105347
vn -0.705845058 -0.662694037 0.250238657
v 34.11325836 52.83526611 1086.477417
vn -0.7061492205 -0.6639573574 0.2459957004
v 33.99486542 52.99457169 1086.455322
vn -0.8708935976 -0.4419006109 0.215100348
v 33.95413971 52.89454269 1086.070679
vn -0.8723092079 -0.4452137649 0.20214203
v 33.98794556 52.84088135 1086.083252
vn -0.8237123489 -0.5225533843 0.2200817466
v 34.02824783 52.93984604 1086.463867
vn -0.8227866292 -0.5208909512 0.2273648083
v 33.94000244 53.12113571 1086.432739
vn -0.9448160529 -0.2707532048 0.1844325066
v 33.89839172 53.01889801 1086.039795
vn -0.9474368691 -0.2769067585 0.1602686197
v 33.92367935 52.95441818 1086.056152
vn -0.9134027958 -0.363919884 0.1823668033
v 33.96484756 53.05554962 1086.444946
vn -0.9113887548 -0.3591661453 0.2009233087
v 33.91005325 53.25866699 1086.404541
vn -0.9859938622 -0.08170193434 0.1453989893
v 33.8676033 53.15432358 1086.00354
vn -0.9897469878 -0.09055889398 0.1104537323
v 33.87974167 53.08510208 1086.022339
vn -0.9733430743 -0.1846237183 0.1360784173
v 33.92177582 53.18841934 1086.419434
vn -0.9701213837 -0.1771281809 0.1658015102
v 33.90830994 53.40186691 1086.371338
vn -0.9883975983 0.1146666706 0.09960811585
v 33.86510849 53.2956543 1085.963135
vn -0.9931227565 0.1032861248 0.05512900651
v 33.86265945 53.22447968 1085.983765
vn -0.9965060353 0.00638248492 0.08327665925
v 33.9054985 53.32979202 1086.38855
vn -0.9922459126 0.01656724885 0.1231808886
v 33.93624496 53.54278946 1086.334839
vn -0.9500719905 0.3081111014 0.04930282757
v 33.89242935 53.43504715 1085.920898
vn -0.9555894136 0.2946861684 -0.00298903347
v 33.87503433 53.36593628 1085.942139
vn -0.9794285893 0.2000807822 0.02621648461
v 33.91856003 53.47296906 1086.353394
vn -0.9742786884 0.2125503421 0.07485587895
v 33.99277115 53.67428207 1086.296875
vn -0.8727498055 0.4881589413 -0.002934861928
v 33.9485054 53.56542969 1085.878784
vn -0.8788414001 0.473218143 -0.06084736809
v 33.91706848 53.50187683 1085.899658
vn -0.9218366742 0.3862407207 -0.03217507154
v 33.96113205 53.61023712 1086.315918
vn -0.9160199165 0.4004595578 0.02322985046
v 34.07353973 53.78875351 1086.259888
vn -0.7622740865 0.6449994445 -0.05398119986
v 34.02901459 53.67926407 1085.839233
vn -0.7686878443 0.6291853786 -0.1150859371
v 33.9860878 53.62479782 1085.858521
vn -0.8274155855 0.554554224 -0.08861767501
v 34.03050613 53.73403168 1086.278076
vn -0.821148634 0.5699875951 -0.02879310772
v 34.17178726 53.88117218 1086.225708
vn -0.6277982593 0.7717922926 -0.1010247171
v 34.12718964 53.77151871 1085.804565
vn -0.6342619658 0.7557479143 -0.1629628837
v 34.07637024 53.72828293 1085.821167
vn -0.7038246989 0.6964462399 -0.1399764121
v 34.12095642 53.83791351 1086.24231
vn -0.6974142194 0.7123961449 -0.0781352967
v 34.27986526 53.94959259 1086.195923
vn -0.4759896994 0.8678293824 -0.1424988359
v 34.23536301 53.84018326 1085.775635
vn -0.4822822213 0.8521407247 -0.2031256109
v 34.18050003 53.80881119 1085.789307
vn -0.5613418818 0.8068959117 -0.1838866174
v 34.22506714 53.91838455 1086.210205
vn -0.5548664927 0.8228890896 -0.1223794743
v 34.40725327 53.99982071 1086.167847
vn -0.3036583364 0.9354627132 -0.1808345318
v 34.36301804 53.89110184 1085.750366
vn -0.3095967472 0.9206180573 -0.2379332632
v 34.2967453 53.86819458 1085.762451
vn -0.3987628818 0.8899477124 -0.2213170081
v 34.34113693 53.977314 1086.181519
vn -0.3927643895 0.9052388072 -0.1621073782
v 34.54653168 54.02526474 1086.144043
vn -0.1120767221 0.9704744816 -0.2135837972
v 34.50274277 53.91767502 1085.730957
vn -0.1174194887 0.9571174979 -0.264837265
v 34.43124771 53.90756989 1085.739868
vn -0.2145641148 0.9435070157 -0.2525010109
v 34.47528076 54.01577759 1086.155396
vn -0.2089674771 0.9576562643 -0.1980582774
v 34.69240189 54.02283859 1086.125977
vn 0.08778487146 0.9671860337 -0.2384219319
v 34.64923096 53.91682053 1085.71875
vn 0.08342263848 0.9558744431 -0.2816818953
v 34.57537079 53.92082596 1085.723877
vn -0.01730804518 0.9614129066 -0.2745644748
v 34.6188736 54.02767944 1086.134277
vn -0.01225042902 0.9737950563 -0.2270972729
v 34.83681107 53.99133301 1086.114868
vn 0.2861224413 0.9240047932 -0.2536713183
v 34.79440308 53.88723755 1085.714966
vn 0.2828378677 0.9152075052 -0.2870504558
v 34.72234344 53.90561676 1085.71582
vn 0.1840313822 0.9404464364 -0.2858197987
v 34.76515198 54.0107193 1086.119507
vn 0.1880880445 0.9504977465 -0.2473397702
v 34.972435 53.93201065 1086.111328
vn 0.4720012546 0.8428630233 -0.2584505379
v 34.93089676 53.83011627 1085.719849
vn 0.4697957635 0.8370016813 -0.2805711329
v 34.86427307 53.86191177 1085.716431
vn 0.3785041869 0.880539 -0.285281688
v 34.90625763 53.96493912 1086.112061
vn 0.3813573718 0.8878678679 -0.257404685
v 35.09141541 53.84937668 1086.115356
vn 0.6351548433 0.7298440337 -0.2527963817
v 35.05080032 53.74979019 1085.732788
vn 0.6340966821 0.7271422148 -0.2630316019
v 34.99333191 53.79247284 1085.725464
vn 0.5553609133 0.7854900956 -0.2730925679
v 35.03440857 53.89321518 1086.112427
vn 0.5569548607 0.78982234 -0.2568696141
v 35.18842697 53.75021362 1086.126099
vn 0.7683833838 0.5941128135 -0.2379431129
v 35.14872742 53.65293503 1085.752319
vn 0.7687028646 0.5943295956 -0.2363646775
v 35.10272598 53.70297241 1085.741821
vn 0.7054647803 0.6629300117 -0.2506856024
v 35.14287949 53.80138397 1086.119995
vn 0.7057652473 0.6642205119 -0.2463868409
v 35.18862915 53.60063171 1085.764038
vn 0.8234326243 0.5228396654 -0.2204482257
v 35.2278862 53.69680405 1086.133545
vn 0.8226367235 0.5209761262 -0.2277118713
v 35.43746185 53.64642715 1086.876221
vn 0.9363369346 0.2606822848 -0.2351975739
v 35.36927414 53.58944702 1086.519775
vn 0.9409230947 0.2658493817 -0.2097327858
v 35.34503937 53.65588379 1086.511719
vn 0.9083506465 0.3552254736 -0.2207124978
v 35.41394806 53.71348572 1086.871948
vn 0.9047522545 0.3513445258 -0.2407911122
v 35.31562805 53.71772003 1086.505371
vn 0.8685854673 0.4392525852 -0.2293826342
v 35.38525772 53.77593231 1086.869507
vn 0.8661658168 0.4361105859 -0.2440580577
v 35.4649086 53.50613785 1086.889771
vn 0.9738222361 0.06768079102 -0.2170012593
v 35.39807892 53.45030212 1086.540283
vn 0.9806153774 0.07439120114 -0.1812717617
v 35.38692093 53.52135086 1086.529175
vn 0.9654828906 0.1709524244 -0.19651483
v 35.45441818 53.57774734 1086.88208
vn 0.9597559571 0.1649833322 -0.2272641361
v 35.46443558 53.36048508 1086.90979
vn 0.972899735 -0.1321983486 -0.1897095889
v 35.39880753 53.30566025 1086.566772
vn 0.981651783 -0.123926498 -0.1449206322
v 35.40211105 53.37842941 1086.552856
vn 0.9861480594 -0.02489757352 -0.1639880538
v 35.46831512 53.43373871 1086.898926
vn 0.9783425927 -0.03232561424 -0.2044525594
v 35.43470383 53.21757507 1086.935791
vn 0.9318243861 -0.3284587264 -0.1543314904
v 35.37004471 53.1635704 1086.597656
vn 0.9421886802 -0.3191017807 -0.1022473052
v 35.38811493 53.23394394 1086.581665
vn 0.9669438004 -0.2226751298 -0.1242395416
v 35.453228 53.28833389 1086.922119
vn 0.9573133588 -0.231619522 -0.1729263365
v 35.37689972 53.08466721 1086.966187
vn 0.852489233 -0.5104496479 -0.1127085388
v 35.31292725 53.03125 1086.631714
vn 0.864012301 -0.5004022121 -0.05550123006
v 35.34482956 53.09566498 1086.61438
vn 0.9076738358 -0.4121312201 -0.07922199368
v 35.40910721 53.14934158 1086.950562
vn 0.8966856003 -0.4218498468 -0.1341553181
v 35.29543304 52.96942902 1086.999268
vn 0.7408679724 -0.6682522893 -0.0674796924
v 35.23182678 52.91631317 1086.666626
vn 0.7530438304 -0.6579273939 -0.007518826984
v 35.27499008 52.97122192 1086.64917
vn 0.812122643 -0.582637012 -0.03147922829
v 35.3387413 53.02445602 1086.982544
vn 0.8001797199 -0.5929141045 -0.09036194533
v 35.197052 52.87685776 1087.032715
vn 0.6060920358 -0.7951033711 -0.0215174444
v 35.13350677 52.82380295 1086.700317
vn 0.6184412837 -0.7848700881 0.03885088488
v 35.18434143 52.86706924 1086.683716
vn 0.688033402 -0.7255020142 0.01602635533
v 35.24788284 52.92011261 1087.015991
vn 0.6757065058 -0.7358316183 -0.04441354424
v 35.0893364 52.80883026 1087.064697
vn 0.4545496702 -0.8904178143 0.0232538674
v 35.02558136 52.75560379 1086.731201
vn 0.4666687846 -0.8806315064 0.08190474659
v 35.08027649 52.78665924 1086.716187
vn 0.5455035567 -0.8359069824 0.06070774049
v 35.14389801 52.83977509 1087.04895
vn 0.5332593918 -0.8459512591 0.0009172387072
v 34.96284485 52.75959396 1087.098145
vn 0.2834136486 -0.9565095305 0.06903807074
v 34.89859009 52.70593643 1086.761963
vn 0.2948847413 -0.9474703074 0.123866953
v 34.96447372 52.72811508 1086.746704
vn 0.3836785853 -0.9177005291 0.103036508
v 35.02843857 52.78152466 1087.081299
vn 0.3718336821 -0.9271579385 0.04602075741
v 34.82499313 52.73572159 1087.130493
vn 0.09383170307 -0.9890543222 0.1138734818
v 34.75994873 52.6814003 1086.790161
vn 0.1041855216 -0.9811748266 0.162607953
v 34.83084869 52.69038773 1086.776367
vn 0.2004934847 -0.9690797329 0.1438291222
v 34.89545822 52.74433899 1087.114502
vn 0.1895418167 -0.9775720239 0.09179770947
v 34.68106842 52.74028397 1087.160278
vn -0.1034501195 -0.9824655056 0.1551117599
v 34.6149559 52.68505859 1086.814209
vn -0.09477312863 -0.9760768414 0.1956834644
v 34.68801498 52.6795578 1086.802734
vn 0.004853549879 -0.9836560488 0.1799922138
v 34.75356293 52.73430252 1087.145752
vn -0.004786068574 -0.9908177853 0.1351192147
v 34.53903198 52.77440643 1087.185547
vn -0.2983095944 -0.9353097677 0.19028157
v 34.47161484 52.71809387 1086.83252
vn -0.291482091 -0.9307097793 0.2209468484
v 34.54272079 52.69791031 1086.824097
vn -0.1942270845 -0.9583473206 0.2093950212
v 34.60945892 52.75366211 1087.173462
vn -0.2020332664 -0.963870585 0.1735973805
v 34.40608978 52.83668518 1087.204956
vn -0.4802458286 -0.84973526 0.2175175995
v 34.33720779 52.7791214 1086.84436
vn -0.4755944014 -0.84712255 0.2370514125
v 34.40276337 52.74532318 1086.839355
vn -0.3857649267 -0.8934144378 0.2302086949
v 34.47089386 52.80224609 1087.196045
vn -0.3915745914 -0.8970190883 0.2050027251
v 34.28993225 52.92243195 1087.217651
vn -0.639115274 -0.7321829796 0.2354565114
v 34.21950912 52.86356735 1086.848877
vn -0.6369214654 -0.7315342426 0.2432873398
v 34.27586746 52.81881714 1086.847534
vn -0.559784174 -0.7926995158 0.2413900793
v 34.34552002 52.87701797 1087.212158
vn -0.5631139278 -0.7943918109 0.2276934832
v 34.19570923 53.02467346 1087.223511
vn -0.7681642771 -0.5919783711 0.2438959926
v 34.12376404 52.96453094 1086.84668
vn -0.7683534026 -0.5932329893 0.2402243167
v 34.16868591 52.91246033 1086.848633
vn -0.7065825462 -0.6646463871 0.242870912
v 34.23987579 52.97197723 1087.221436
vn -0.7075505853 -0.6643584371 0.2408319712
v 34.12547302 53.13568115 1087.223022
vn -0.8663152456 -0.4359678924 0.2437824905
v 34.05210876 53.07433319 1086.838867
vn -0.8687511086 -0.4390824139 0.2290810198
v 34.08491135 53.0187912 1086.843384
vn -0.821556747 -0.5191385746 0.2356685698
v 34.15758133 53.0795517 1087.223999
vn -0.8203754425 -0.5167733431 0.2448048741
v 34.07326889 53.26517868 1087.216309
vn -0.9364498258 -0.2605764568 0.2348651886
v 33.99845886 53.20261383 1086.824463
vn -0.9411130548 -0.2654601038 0.20937334
v 34.02269745 53.13616943 1086.83252
vn -0.9084988832 -0.3550542891 0.2203774601
v 34.09678268 53.19813156 1087.220581
vn -0.9049373269 -0.3510631621 0.2405059785
v 34.04581833 53.40547562 1087.202759
vn -0.9739118814 -0.06753762066 0.216643393
v 33.96965408 53.34175873 1086.803833
vn -0.980683744 -0.0742598474 0.1809553355
v 33.98081207 53.27070999 1086.814941
vn -0.9655985832 -0.1706798375 0.1961829364
v 34.05631256 53.33385849 1087.210449
vn -0.9598759413 -0.1647812426 0.2269038707
v 34.04629517 53.55112076 1087.182617
vn -0.9729734659 0.1322445124 0.1892986745
v 33.96892929 53.48639297 1086.777466
vn -0.9816871881 0.1240730509 0.1445551068
v 33.96562576 53.41362 1086.791382
vn -0.986201942 0.02504438721 0.163641274
v 34.04241562 53.47786713 1087.193604
vn -0.9784181118 0.03251443431 0.2040606737
v 34.07602692 53.69403458 1087.156738
vn -0.9319110513 0.3284251094 0.1538788378
v 33.99769211 53.628479 1086.74646
vn -0.942222476 0.3191289902 0.1018501595
v 33.97961807 53.5581131 1086.762451
vn -0.9669547677 0.222847417 0.1238448992
v 34.05750275 53.62327957 1087.17041
vn -0.9574024677 0.2315623015 0.1725092381
v 34.13382721 53.82693863 1087.126343
vn -0.8526450396 0.5102995038 0.1122091413
v 34.05480957 53.76081085 1086.712524
vn -0.8640957475 0.500310123 0.05503033102
v 34.02290726 53.69639587 1086.729736
vn -0.9077426791 0.4120612442 0.0787954852
v 34.10162354 53.76226425 1087.141968
vn -0.8968040943 0.4217464328 0.1336874515
v 34.2152977 53.94218445 1087.093262
vn -0.7410780787 0.6680758595 0.06691747904
v 34.13591003 53.87574768 1086.677612
vn -0.7531968951 0.6577578783 0.006999720819
v 34.09274673 53.8208313 1086.695068
vn -0.8122304678 0.5825132132 0.03098521754
v 34.17198944 53.88715744 1087.109985
vn -0.800367713 0.5927422643 0.08982276171
v 34.31367874 54.03475571 1087.059814
vn -0.6063665152 0.7949102521 0.02091212943
v 34.23423004 53.96825409 1086.643921
vn -0.6186272502 0.7846942544 -0.03943734616
v 34.18339157 53.92499924 1086.660522
vn -0.6882280707 0.7253049612 -0.01657802798
v 34.2628479 53.99150085 1087.076538
vn -0.675994873 0.7356010675 0.04384075478
v 34.42139053 54.10277557 1087.027832
vn -0.4549317658 0.890206337 -0.02387003414
v 34.34215546 54.03645706 1086.613037
vn -0.466956228 0.8804237843 -0.08249723166
v 34.28746033 54.0053978 1086.628052
vn -0.545743227 0.8357075453 -0.06129673868
v 34.36683273 54.07183075 1087.043579
vn -0.5335903764 0.8457416892 -0.001528120949
v 34.54788589 54.1520195 1086.994385
vn -0.2838926315 0.9563239217 -0.06963887811
v 34.46914673 54.08612442 1086.582275
vn -0.2952962816 0.9472646713 -0.1244578362
v 34.40326309 54.06394577 1086.597534
vn -0.3840590119 0.9174748659 -0.1036269814
v 34.48228836 54.13008881 1087.01123
vn -0.3722701073 0.9269523025 -0.04663012922
v 34.6857338 54.17589188 1086.962036
vn -0.09428476542 0.9889426827 -0.114467077
v 34.60778809 54.11065292 1086.554077
vn -0.1045555398 0.9810342789 -0.1632171571
v 34.53688812 54.10167313 1086.567749
vn -0.2009682208 0.9688927531 -0.1444251984
v 34.61526871 54.16727448 1086.978027
vn -0.1900893003 0.9774107337 -0.09238119423
v 34.82965851 54.17132187 1086.932251
vn 0.1029024571 0.9824422002 -0.155622527
v 34.75278091 54.10699081 1086.530029
vn 0.0941214785 0.976030767 -0.1962272376
v 34.67972183 54.11250305 1086.541504
vn -0.005281706806 0.9835454226 -0.1805838645
v 34.75716782 54.17731094 1086.946777
vn 0.0042542913 0.9907450676 -0.1356692463
v 34.97169876 54.1371994 1086.906982
vn 0.2978007793 0.9353783727 -0.1907406002
v 34.89611816 54.07397461 1086.511597
vn 0.2910956144 0.9307026863 -0.2214855999
v 34.82501602 54.09414673 1086.52002
vn 0.1935916841 0.9583626986 -0.2099124342
v 34.90127182 54.15795135 1086.919067
vn 0.2014407963 0.9639087915 -0.1740729511
v 35.10464096 54.07492828 1086.887573
vn 0.4796688557 0.8499600291 -0.2179121971
v 35.03052902 54.01293945 1086.499878
vn 0.475142926 0.8472557664 -0.2374803275
v 34.96497345 54.04673767 1086.504883
vn 0.3853370547 0.8934770823 -0.2306816429
v 35.03983307 54.10935974 1086.896484
vn 0.39112553 0.8971114159 -0.2054553479
v 35.22079849 53.98918152 1086.874878
vn 0.6388002634 0.7323419452 -0.2358167022
v 35.14822769 53.92848206 1086.495239
vn 0.6365345716 0.7317402959 -0.2436798662
v 35.09186554 53.97324371 1086.496704
vn 0.5592423677 0.7929516435 -0.2418174297
v 35.16521072 54.03458786 1086.880249
vn 0.5626828671 0.7945861816 -0.2280807346
v 35.31502151 53.88693237 1086.869019
vn 0.7678583264 0.5922271013 -0.2442553192
v 35.24396896 53.82752991 1086.497437
vn 0.7679433227 0.5936194658 -0.2405805141
v 35.1990509 53.87958908 1086.495605
vn 0.706312418 0.6648025513 -0.2432288975
v 35.27085114 53.93963623 1086.871094
vn 0.7072862387 0.6645150781 -0.2411760688
v 35.28282547 53.77326965 1086.500732
vn 0.8214460015 0.5191794038 -0.2359645516
v 35.3531456 53.83206177 1086.86853
vn 0.8201530576 0.5169718862 -0.2451306581
v 35.64030457 53.7213974 1087.682495
vn 0.9210669398 0.2638117671 -0.2864245474
v 35.53111649 53.69234848 1087.279419
vn 0.9306072593 0.2590551078 -0.2585741878
v 35.50848007 53.75983429 1087.279053
vn 0.9000670314 0.3500978649 -0.2594432235
v 35.61852264 53.78913498 1087.685181
vn 0.8917025328 0.3524779975 -0.2839469016
v 35.48066711 53.82272339 1087.280273
vn 0.8625433445 0.4352885783 -0.2579589188
v 35.59156799 53.8522644 1087.689697
vn 0.8549859524 0.4401057661 -0.2744193375
v 35.66452026 53.57982635 1087.682983
vn 0.9550562501 0.06954845786 -0.2881501913
v 35.55692673 53.5512352 1087.285889
vn 0.9661927819 0.06494008005 -0.2495080531
v 35.54724121 53.62325287 1087.281738
vn 0.9530559778 0.1627465189 -0.2553386688
v 35.65561676 53.65206146 1087.681763
vn 0.9419535398 0.1647343487 -0.2925510406
v 35.66120529 53.43305206 1087.69165
vn 0.9513964057 -0.131743148 -0.2783678174
v 35.55501175 53.40486526 1087.299805
vn 0.9636228681 -0.1358291358 -0.2301768363
v 35.55958557 53.47846603 1087.29187
vn 0.9698441029 -0.03549629077 -0.2411274612
v 35.6664505 53.50685501 1087.686279
vn 0.9564627409 -0.0339971818 -0.2898675203
v 35.62920761 53.28923798 1087.708496
vn 0.9084869623 -0.3295148313 -0.2570436597
v 35.52412415 53.26137924 1087.320801
vn 0.9212682843 -0.3328254223 -0.2012261301
v 35.54318619 53.33239746 1087.309448
vn 0.9473460317 -0.2356283218 -0.2168290019
v 35.64878464 53.3604126 1087.699097
vn 0.9322265387 -0.2348353714 -0.2753289044
v 35.56983566 53.15570068 1087.732666
vn 0.8282464743 -0.513138473 -0.2251592427
v 35.46551514 53.12806702 1087.347778
vn 0.8411071301 -0.5153936148 -0.1640373915
v 35.49807739 53.1929245 1087.333618
vn 0.885637641 -0.42657125 -0.183529228
v 35.60273361 53.22064972 1087.719727
vn 0.8694403768 -0.4264982045 -0.2493445128
v 35.48756027 53.04011917 1087.762451
vn 0.7164390087 -0.6727045774 -0.1848883331
v 35.38362503 53.01260757 1087.379028
vn 0.7290710807 -0.6736443043 -0.1210732162
v 35.42709732 53.06771851 1087.363037
vn 0.7885369062 -0.5981079936 -0.1430957466
v 35.53117752 53.09527969 1087.746948
vn 0.7719042301 -0.5988235474 -0.2134812921
v 35.38912201 52.94750977 1087.795776
vn 0.5824182034 -0.8008627892 -0.1393119246
v 35.28520203 52.92001724 1087.412354
vn 0.594342947 -0.8006795645 -0.07529076934
v 35.33600998 52.96326447 1087.395508
vn 0.6639527678 -0.7412778139 -0.09835636616
v 35.43989563 52.99075317 1087.778931
vn 0.6473819017 -0.7428703904 -0.1704119146
v 35.28199387 52.87970352 1087.830322
vn 0.4326462448 -0.8969923258 -0.09067492932
v 35.17777252 52.85212326 1087.445679
vn 0.4433159828 -0.8959023952 -0.02880714089
v 35.23215103 52.88298416 1087.429077
vn 0.5217342973 -0.8515061736 -0.0522547923
v 35.33618927 52.91051483 1087.81311
vn 0.5057318211 -0.853833437 -0.123303473
v 35.15679169 52.83095169 1087.869019
vn 0.2644030154 -0.9636881351 -0.03736582398
v 35.05191422 52.80319595 1087.481934
vn 0.2731332481 -0.9617578387 0.02049560472
v 35.11714554 52.82495117 1087.463501
vn 0.3610244989 -0.9325453043 -0.004535097629
v 35.22164917 52.85260773 1087.849121
vn 0.3468156457 -0.9351863265 -0.07173175365
v 35.02093124 52.80784607 1087.909546
vn 0.07843925804 -0.9967259765 0.01961221546
v 34.91505814 52.77981567 1087.518555
vn 0.08491034061 -0.9938630462 0.07089786232
v 34.98497772 52.78816605 1087.500244
vn 0.1799165756 -0.9826142788 0.04581711069
v 35.09030914 52.81604767 1087.889038
vn 0.1678403914 -0.9856995344 -0.01503396314
v 34.87965775 52.81343842 1087.949951
vn -0.11462982 -0.9904173017 0.07702950388
v 34.77245712 52.78503799 1087.554077
vn -0.1106330156 -0.9866453409 0.1195462123
v 34.84424591 52.77869797 1087.536621
vn -0.01287474297 -0.995331943 0.09564803541
v 34.95074081 52.80691147 1087.92981
vn -0.02224901319 -0.9987953305 0.04373607039
v 34.74081802 52.8488121 1087.988281
vn -0.3048808277 -0.9432263374 0.1318021715
v 34.63202286 52.81995392 1087.586304
vn -0.3034556806 -0.9386823177 0.1636768728
v 34.70161819 52.79879761 1087.570679
vn -0.2081917226 -0.9676748514 0.142343089
v 34.80958557 52.82741547 1087.969482
vn -0.2145084739 -0.9714172482 0.1016597226
v 34.61146164 52.91248322 1088.022217
vn -0.4819711745 -0.8572970033 0.1809576452
v 34.50088501 52.88312531 1087.613647
vn -0.4830924571 -0.8522101641 0.2008967847
v 34.56477356 52.84822845 1087.600708
vn -0.3955588341 -0.8999639153 0.1832980365
v 34.67443848 52.87734222 1088.005859
vn -0.3987283409 -0.9037650824 0.1556419581
v 34.49905014 52.99969864 1088.050049
vn -0.6362540722 -0.7389035225 0.2218160629
v 34.38661575 52.96980667 1087.634521
vn -0.6397653222 -0.7335781455 0.2292671502
v 34.44125748 52.92393112 1087.625
vn -0.5648731589 -0.79633075 0.2162768096
v 34.55276108 52.95355606 1088.036987
vn -0.5646624565 -0.8000590205 0.2026374638
v 34.4085083 53.10338593 1088.070801
vn -0.7610027194 -0.597455442 0.2528276443
v 34.29424667 53.07297516 1087.648438
vn -0.7665513158 -0.5923705697 0.2479842901
v 34.33749771 53.01982498 1087.642334
vn -0.7070921659 -0.665207386 0.2398329079
v 34.45085526 53.04997635 1088.061401
vn -0.7038255334 -0.6684785485 0.240345642
v 34.34169388 53.2157402 1088.084106
vn -0.8551286459 -0.4400811791 0.2740138769
v 34.22574234 53.18484116 1087.655396
vn -0.8627240062 -0.4351471961 0.2575930953
v 34.2570076 53.12829208 1087.65271
vn -0.8178256154 -0.5164863467 0.2537777722
v 34.37213135 53.15895462 1088.078369
vn -0.8115733266 -0.5192913413 0.2677409053
v 34.29295349 53.34660721 1088.091309
vn -0.9212378263 -0.2637533545 0.2859283686
v 34.17528915 53.31521606 1087.656128
vn -0.9307445288 -0.2589142919 0.2582208514
v 34.19792557 53.24772644 1087.656616
vn -0.9002801776 -0.3498156071 0.2590841949
v 34.31473541 53.27886963 1088.088623
vn -0.8910566568 -0.3522467613 0.2862520516
v 34.26873779 53.48817444 1088.09082
vn -0.9552443624 -0.06958333403 0.287517637
v 34.14947891 53.45632172 1087.64978
vn -0.9663209915 -0.06486132741 0.2490315139
v 34.15916443 53.38431168 1087.653931
vn -0.9531559348 -0.1627768725 0.254945904
v 34.2776413 53.4159317 1088.092041
vn -0.9412212968 -0.164730683 0.2949005365
v 34.27205276 53.63495255 1088.082153
vn -0.9516487718 0.1316601634 0.2775431573
v 34.15139771 53.60269165 1087.635864
vn -0.9637629986 0.1358680278 0.2295664698
v 34.14682388 53.5290947 1087.643799
vn -0.9699745774 0.03555140644 0.2405938804
v 34.26680756 53.56115723 1088.087524
vn -0.9557422996 0.03419547155 0.2922111154
v 34.30405045 53.77877045 1088.065308
vn -0.9088203311 0.3294100761 0.2559972405
v 34.18228531 53.74618149 1087.614868
vn -0.9214631915 0.3327272236 0.2004947364
v 34.16322327 53.67516708 1087.626221
vn -0.9475217462 0.2355172485 0.2161808163
v 34.28447342 53.70759583 1088.074707
vn -0.9315755367 0.2348064184 0.2775481939
v 34.36342621 53.91230011 1088.041138
vn -0.8285897374 0.5131241679 0.2239255607
v 34.24089432 53.87949371 1087.587891
vn -0.8413613439 0.5152435303 0.1632029265
v 34.20833206 53.81464005 1087.602051
vn -0.8858777881 0.4264114797 0.1827396601
v 34.33052826 53.84735107 1088.054077
vn -0.868840456 0.4265223742 0.2513860762
v 34.44569778 54.02788544 1088.01123
vn -0.7170203924 0.6724352837 0.1836098731
v 34.32278061 53.99494934 1087.556641
vn -0.7294235229 0.6734242439 0.1201710999
v 34.27931213 53.93983841 1087.572632
vn -0.7888620496 0.5978854895 0.1422309279
v 34.40208435 53.97272491 1088.026733
vn -0.7713634372 0.5988842249 0.2152583748
v 34.54413605 54.1204834 1087.978027
vn -0.5829677582 0.8006911278 0.1379938275
v 34.42120743 54.08755112 1087.523315
vn -0.5947842598 0.8004375696 0.07437323034
v 34.37039948 54.04430008 1087.540039
vn -0.6643455029 0.741045773 0.09744847566
v 34.49336624 54.07724762 1087.994873
vn -0.6470111012 0.7428436875 0.1719299257
v 34.65126419 54.18830109 1087.943481
vn -0.4331136048 0.8968967199 0.08938035369
v 34.52863693 54.15543747 1087.48999
vn -0.4438163638 0.8956829309 0.02791292779
v 34.47425461 54.12457275 1087.50647
vn -0.5221887231 0.8512829542 0.05134506524
v 34.59706879 54.15748596 1087.960693
vn -0.505474031 0.8538073897 0.1245349199
v 34.77646637 54.23705292 1087.904785
vn -0.2649608254 0.9635796547 0.03619429842
v 34.65449142 54.20436478 1087.453735
vn -0.2737007737 0.9615783095 -0.02133225836
v 34.58926392 54.18261719 1087.472168
vn -0.3615751266 0.932335794 0.003664250718
v 34.7116127 54.2154007 1087.924561
vn -0.3464911282 0.9351792336 0.07337377965
v 34.91233063 54.26015472 1087.864258
vn -0.07894258201 0.9966658354 -0.02062317915
v 34.79135132 54.22774124 1087.416992
vn -0.08548540622 0.9937598705 -0.07164895535
v 34.72142792 54.21939468 1087.435425
vn -0.1805223525 0.9824661613 -0.04660447687
v 34.84295273 54.25195694 1087.884766
vn -0.1674503237 0.9857349396 0.01694178954
v 35.05360031 54.25456238 1087.82373
vn 0.1141876504 0.9904042482 -0.07784999162
v 34.93394852 54.22251892 1087.381592
vn 0.1100649014 0.9866322875 -0.1201768816
v 34.86216354 54.22885132 1087.399048
vn 0.01230682619 0.9952715635 -0.09634843469
v 34.98251724 54.26108932 1087.843994
vn 0.02271705866 0.9988791943 -0.04152517021
v 35.19244385 54.21918869 1087.785522
vn 0.3045324981 0.9432497621 -0.1324382722
v 35.07438278 54.187603 1087.349365
vn 0.3029285967 0.9387648702 -0.1641789675
v 35.00479126 54.20877075 1087.36499
vn 0.2076097578 0.9677169919 -0.1429054588
v 35.1236763 54.24058533 1087.804321
vn 0.2150863409 0.9715383053 -0.09925336391
v 35.32180023 54.15552139 1087.751587
vn 0.4816904068 0.8573582768 -0.1814142168
v 35.20552444 54.12443924 1087.322021
vn 0.4826368093 0.8523749709 -0.201292336
v 35.14163589 54.15932846 1087.334961
vn 0.3950662911 0.9000937343 -0.1837224662
v 35.25881958 54.1906662 1087.767944
vn 0.3993096054 0.9039472342 -0.1530727893
v 35.43421173 54.06830215 1087.723755
vn 0.6360631585 0.7389584184 -0.2221804261
v 35.3197937 54.03775024 1087.301147
vn 0.6394741535 0.7337177396 -0.2296324819
v 35.26515198 54.08362961 1087.310669
vn 0.5644295812 0.7965493798 -0.2166294754
v 35.38050079 54.11444855 1087.736816
vn 0.5653289557 0.8002275825 -0.2000973821
v 35.52475357 53.96461487 1087.703003
vn 0.7608522177 0.5975048542 -0.2531636953
v 35.41215897 53.93458176 1087.287231
vn 0.7662959099 0.5925598145 -0.2483213097
v 35.36890793 53.98773956 1087.293335
vn 0.706804812 0.6653878689 -0.240179047
v 35.4824028 54.01802444 1087.712402
vn 0.7044084072 0.6687134504 -0.237972945
v 35.44940186 53.87926865 1087.282959
vn 0.8176081777 0.5166586041 -0.2541274726
v 35.56112671 53.90904617 1087.695435
vn 0.812183857 0.5193827152 -0.2657047808
v 35.84571075 53.86940384 1088.485718
vn 0.8597580791 0.4176715016 -0.2938818038
v 35.89143753 53.73828888 1088.468994
vn 0.9186961651 0.2386994809 -0.314674288
v 35.91286087 53.59647369 1088.460693
vn 0.94494313 0.04325237125 -0.3243634999
v 35.90711212 53.44948578 1088.46167
vn 0.9338514209 -0.1573520303 -0.3211882114
v 35.87319946 53.30550003 1088.472534
vn 0.8843981028 -0.3534404337 -0.3048276007
v 35.81253433 53.17183685 1088.492676
vn 0.7992917299 -0.5337471962 -0.2761279047
v 35.72964478 53.05618668 1088.52063
vn 0.6846399903 -0.6892060637 -0.2371984273
v 35.63124466 52.96356201 1088.554077
vn 0.5495732427 -0.8132784367 -0.1911739111
v 35.52471924 52.89577866 1088.590576
vn 0.3936434686 -0.9088190794 -0.1381762177
v 35.40073395 52.84710693 1088.633301
vn 0.2244891673 -0.9712125659 -0.07969142497
v 35.26669693 52.82414246 1088.679565
vn 0.03968906775 -0.9990850687 -0.01593031548
v 35.12782669 52.82991028 1088.727783
vn -0.1498443484 -0.9874648452 0.04959639534
v 34.99185181 52.86549377 1088.775146
vn -0.3351019919 -0.935295105 0.1137088761
v 34.86568451 52.92941666 1088.819214
vn -0.5053536296 -0.8454558849 0.1726907641
v 34.75658798 53.01690292 1088.857666
vn -0.6520680189 -0.7244541049 0.2235475779
v 34.66927719 53.12084961 1088.88855
vn -0.7692352533 -0.5817859173 0.2642012239
v 34.60546112 53.23345566 1088.911499
vn -0.8593029976 -0.417190671 0.2958890498
v 34.55973434 53.3645668 1088.928101
vn -0.9180849791 -0.2382922173 0.3167599142
v 34.538311 53.50637436 1088.936523
vn -0.9442504644 -0.04294502363 0.3264151216
v 34.54405975 53.6533699 1088.935425
vn -0.9331479073 0.1574690789 0.3231694996
v 34.57797241 53.79735565 1088.924683
vn -0.8837697506 0.3534043431 0.3066861629
v 34.63863754 53.93101883 1088.904541
vn -0.7987743616 0.5336439013 0.2778195441
v 34.7215271 54.04666901 1088.876587
vn -0.6843320131 0.6889935136 0.2386998236
v 34.81992722 54.13929367 1088.843018
vn -0.5493956804 0.8130988479 0.1924439669
v 34.92645264 54.20707703 1088.806519
vn -0.39369452 0.90858531 0.1395612359
v 35.05043793 54.25574493 1088.763916
vn -0.2245734632 0.9710489511 0.08142942935
v 35.18447495 54.27871323 1088.717651
vn -0.03976382688 0.9990476966 0.01795823313
v 35.32334518 54.2729454 1088.669434
vn 0.1497936249 0.9875850677 -0.04730390385
v 35.45932007 54.23736191 1088.62207
vn 0.3351275921 0.9355816245 -0.1112496331
v 35.58548737 54.1734314 1088.577881
vn 0.5055071712 0.8458679318 -0.1702056527
v 35.69458389 54.08595276 1088.539551
vn 0.6523471475 0.7249239087 -0.2211979181
v 35.78189468 53.98199844 1088.508545
vn 0.7696042657 0.5822430253 -0.2621113062
v 36.18318939 53.7154808 1089.258179
vn 0.9051274061 0.2542672753 -0.340723604
v 36.1398735 53.84643936 1089.281494
vn 0.8472673893 0.4313555658 -0.3099521101
v 36.20238876 53.57381058 1089.243774
vn 0.9310610294 0.05991264805 -0.3599109054
v 36.19472122 53.4269371 1089.239624
vn 0.9203683734 -0.1401719153 -0.3650669158
v 36.15931702 53.28302765 1089.24646
vn 0.8719601035 -0.3367479146 -0.3553679883
v 36.09766769 53.14941406 1089.263916
vn 0.7884806991 -0.5182358027 -0.3312550187
v 36.01434708 53.03377151 1089.290771
vn 0.6755416393 -0.6759155393 -0.2945872843
v 35.91604233 52.94111633 1089.324707
vn 0.5421934128 -0.8026624322 -0.2485142946
v 35.81005859 52.87327194 1089.362671
vn 0.3875841796 -0.9013170004 -0.1934066862
v 35.68711853 52.82450867 1089.408325
vn 0.2213853002 -0.9662702084 -0.1315692514
v 35.55461502 52.80141068 1089.458862
vn 0.0397162661 -0.9972712994 -0.06223009899
v 35.41773605 52.80702591 1089.512451
vn -0.146692574 -0.989123106 0.01080794353
v 35.28411484 52.84243774 1089.566284
vn -0.3291645944 -0.9405148029 0.0841582641
v 35.16055679 52.90617371 1089.617676
vn -0.4970718026 -0.8540109992 0.1535734832
v 35.05414963 52.99346161 1089.663452
vn -0.6420867443 -0.7357226014 0.215492025
v 34.96945572 53.09723282 1089.701538
vn -0.7581449747 -0.5948622823 0.2671237588
v 34.90804672 53.20966721 1089.730957
vn -0.8475551605 -0.4310033321 0.3096552193
v 34.86473083 53.34062576 1089.75415
vn -0.9053733945 -0.2538763881 0.3403612375
v 34.84553146 53.48229599 1089.768555
vn -0.9312440753 -0.05982701853 0.3594512939
v 34.85319901 53.62916946 1089.772705
vn -0.9205943346 0.1401282102 0.3645135462
v 34.88860321 53.77307129 1089.765991
vn -0.8722780347 0.3365600109 0.3547652364
v 34.95024872 53.9066925 1089.748413
vn -0.7888572216 0.518076539 0.3306069672
v 35.03356934 54.02233505 1089.721558
vn -0.6761515141 0.6755853891 0.2939447761
v 35.1318779 54.11499023 1089.687744
vn -0.542835176 0.8024257421 0.2478768378
v 35.23785782 54.18283463 1089.649658
vn -0.3883459866 0.9011113644 0.1928358227
v 35.36079788 54.2315979 1089.604126
vn -0.2222922295 0.9661262035 0.1310965568
v 35.49330139 54.25469589 1089.553589
vn -0.04060349613 0.9972601533 0.06183512509
v 35.63018417 54.24907684 1089.499878
vn 0.1457967311 0.9892522693 -0.01110468991
v 35.76380539 54.21366501 1089.446045
vn 0.3283616006 0.9407746196 -0.08439046144
v 35.88736343 54.14993286 1089.394775
vn 0.4964169562 0.8543537259 -0.1537853628
v 35.9937706 54.06264114 1089.348999
vn 0.6415958405 0.7360853553 -0.2157153636
v 36.07846451 53.95887375 1089.310913
vn 0.7577594519 0.5952399969 -0.2673760056
v 36.51183319 53.66322708 1090.064453
vn 0.8974336386 0.2561562955 -0.3591613472
v 36.47038651 53.79392624 1090.092407
vn 0.8420028687 0.432741642 -0.3221271038
v 36.52932358 53.52179337 1090.045898
vn 0.9211622477 0.06216128916 -0.3841823339
v 36.52019119 53.37511444 1090.038086
vn 0.9086469412 -0.1374660283 -0.3942889571
v 36.48366547 53.23135376 1090.042114
vn 0.8588376045 -0.3339153528 -0.3884566128
v 36.42129517 53.09780884 1090.057983
vn 0.7744976282 -0.5153619647 -0.3668181002
v 36.33768845 52.98217392 1090.084106
vn 0.6614168286 -0.6729299426 -0.3311993778
v 36.23950577 52.88947678 1090.118286
vn 0.5281874537 -0.7999510169 -0.2847742438
v 36.13399124 52.82154083 1090.157593
vn 0.3744126856 -0.8988265395 -0.2278726697
v 36.0119133 52.77262115 1090.205322
vn 0.2094905972 -0.9640967846 -0.163190186
v 35.88064957 52.74932098 1090.259033
vn 0.02953883447 -0.9955358505 -0.0896429792
v 35.74536133 52.75468063 1090.316772
vn -0.154665783 -0.9879027605 -0.01125500072
v 35.61360931 52.78981018 1090.375244
vn -0.3346221149 -0.9398648143 0.06842663884
v 35.49210739 52.85323334 1090.431763
vn -0.4998091459 -0.8539481759 0.1447871178
v 35.38781357 52.94021225 1090.482788
vn -0.6420677304 -0.7362067103 0.2138894349
v 35.30516052 53.0436821 1090.526001
vn -0.7554265261 -0.5958862901 0.2724891007
v 35.24562454 53.15584946 1090.560059
vn -0.8422404528 -0.4325111508 0.3218153119
v 35.20417786 53.28654861 1090.588013
vn -0.8976631761 -0.2558558285 0.3588016033
v 35.18669128 53.42798615 1090.606567
vn -0.9213499427 -0.0620996654 0.3837420046
v 35.19581985 53.57466125 1090.61438
vn -0.9088366628 0.1375451833 0.3938239217
v 35.2323494 53.71842957 1090.610352
vn -0.8591099977 0.333804518 0.3879491985
v 35.29471588 53.85197449 1090.594482
vn -0.7748146653 0.5152569413 0.3662956953
v 35.37832642 53.96760941 1090.568359
vn -0.6618288755 0.6727681756 0.3307045996
v 35.47650909 54.06029892 1090.53418
vn -0.5287233591 0.7997711301 0.2842846215
v 35.58201981 54.12824249 1090.494873
vn -0.3749614656 0.8987181187 0.2273974717
v 35.70410156 54.17715454 1090.447144
vn -0.2101730406 0.9640133977 0.1628051549
v 35.83536148 54.20045471 1090.393433
vn -0.03021601401 0.9955464602 0.08929882199
v 35.97065353 54.19509506 1090.335693
vn 0.1539941281 0.9880108237 0.01097164489
v 36.10240173 54.15997314 1090.277222
vn 0.3340114057 0.9400640726 -0.06867265701
v 36.22390747 54.09654999 1090.220703
vn 0.4992820024 0.8542181849 -0.1450131536
v 36.32820129 54.00957108 1090.169678
vn 0.6416652203 0.7364860773 -0.2141355723
v 36.41085052 53.90610123 1090.126465
vn 0.7551480532 0.596105516 -0.2727812529
v 36.85523987 53.59187698 1090.851685
vn 0.8914077282 0.2570574284 -0.3732475638
v 36.81516647 53.72232437 1090.882812
vn 0.8380100131 0.4331595302 -0.331831336
v 36.87147141 53.45066833 1090.830078
vn 0.9132826328 0.06338609755 -0.4023642838
v 36.86127472 53.30417252 1090.819946
vn 0.8991621137 -0.1360686123 -0.4159240127
v 36.82394409 53.16053772 1090.822144
vn 0.848221004 -0.3320319057 -0.4126450121
v 36.76107407 53.02706146 1090.836792
vn 0.7630455494 -0.5134325027 -0.3926175833
v 36.67728424 52.91143417 1090.862671
vn 0.6496387124 -0.6709111333 -0.3575581908
v 36.57922745 52.81868362 1090.897217
vn 0.5167273879 -0.7977727652 -0.3107272983
v 36.47409821 52.75064087 1090.937378
vn 0.36344558 -0.8967930675 -0.2523281276
v 36.35269165 52.70156479 1090.986816
vn 0.1994586587 -0.9622023702 -0.1854262054
v 36.22238159 52.67805481 1091.042847
vn 0.02088925801 -0.9938553572 -0.1086973622
v 36.08830261 52.68316269 1091.103394
vn -0.1615921706 -0.9865065813 -0.02631955408
v 35.95796585 52.71800232 1091.165283
vn -0.339508146 -0.9388121367 0.05801752582
v 35.83800507 52.78110886 1091.225342
vn -0.5024991035 -0.8532587886 0.1394418925
v 35.73529053 52.86777878 1091.280029
vn -0.6424522996 -0.7359246612 0.2137054056
v 35.65416336 52.9709549 1091.326782
vn -0.7535511255 -0.5960487723 0.2772843838
v 35.59601593 53.08286285 1091.364136
vn -0.8382047415 -0.4330660999 0.3314612806
v 35.55594635 53.21330643 1091.395264
vn -0.8916238546 -0.2567953169 0.3729116321
v 35.539711 53.35451889 1091.416748
vn -0.9134634733 -0.06328704953 0.4019692242
v 35.54990768 53.50101471 1091.427002
vn -0.8993658423 0.1360454112 0.4154908955
v 35.58723831 53.64464951 1091.424683
vn -0.8483789563 0.3321693838 0.4122095406
v 35.65011215 53.77812195 1091.410034
vn -0.7633228898 0.5133497715 0.3921864033
v 35.73389816 53.89374924 1091.384155
vn -0.6500040889 0.6707757711 0.357147783
v 35.83195496 53.9865036 1091.349609
vn -0.5170627832 0.7977123857 0.3103240728
v 35.93708801 54.05454636 1091.309448
vn -0.3638809025 0.8967224956 0.2519513369
v 36.05849075 54.10361099 1091.26001
vn -0.1999780536 0.9621565938 0.1851039827
v 36.18880081 54.12713242 1091.204102
vn -0.02142394893 0.9938750863 0.1084128171
v 36.32287979 54.12202454 1091.143555
vn 0.1610740423 0.9865984321 0.02605091967
v 36.45322037 54.08719254 1091.081665
vn 0.3390370905 0.9389661551 -0.05827920511
v 36.57317734 54.02407455 1091.021606
vn 0.5020396709 0.8534907103 -0.1396772265
v 36.67589188 53.93740845 1090.966797
vn 0.6420649886 0.736190021 -0.2139551789
v 36.75702286 53.8342247 1090.920044
vn 0.7533231378 0.5961758494 -0.2776302695
v 37.2166748 53.50566483 1091.640869
vn 0.8866038322 0.2578817308 -0.3839669824
v 37.17765427 53.63589478 1091.674316
vn 0.8346797228 0.4337767959 -0.3393338919
v 37.2319603 53.3646431 1091.61731
vn 0.9070885181 0.06469288468 -0.4159389436
v 37.22096634 53.21830368 1091.605347
vn 0.8918098807 -0.134550631 -0.4319389164
v 37.1830368 53.0747757 1091.606323
vn 0.8399685025 -0.3303762674 -0.4304700196
v 37.11980438 52.94134903 1091.620239
vn 0.7543380857 -0.5115203261 -0.4114862978
v 37.03590393 52.82571411 1091.645874
vn 0.6407474279 -0.6689676642 -0.3767293096
v 36.93796921 52.73290634 1091.680786
vn 0.5079773068 -0.7958602905 -0.3294927776
v 36.83315659 52.66476822 1091.72168
vn 0.3553299606 -0.8949089646 -0.2699602544
v 36.71229172 52.61554337 1091.772339
vn 0.1920317113 -0.960514307 -0.2013357282
v 36.58273697 52.59183502 1091.830078
vn 0.01452976651 -0.9923980832 -0.1222086847
v 36.44960785 52.59671021 1091.892822
vn -0.1665810794 -0.9853385091 -0.03686162084
v 36.32037354 52.63128281 1091.957153
vn -0.3429198265 -0.9379837513 0.0509165898
v 36.20161057 52.6941185 1092.02002
vn -0.5041906834 -0.8528103232 0.1360380948
v 36.10011673 52.78051376 1092.077393
vn -0.6424413323 -0.7358221412 0.2140909284
v 36.02015686 52.8834343 1092.126831
vn -0.7518239021 -0.5963593721 0.2812761664
v 35.96307373 52.99510956 1092.166504
vn -0.8348786235 -0.4336825311 0.3389648199
v 35.92405319 53.12533188 1092.199951
vn -0.8867944479 -0.2577945888 0.3835851848
v 35.90877151 53.26635361 1092.223511
vn -0.9072767496 -0.06447905302 0.4155614674
v 35.91976547 53.41269302 1092.235474
vn -0.8920271397 0.134420529 0.4315305948
v 35.95769501 53.55623245 1092.234619
vn -0.8401693702 0.3304316998 0.4300352335
v 36.02092743 53.6896553 1092.220581
vn -0.7545666695 0.5115260482 0.4110598862
v 36.10482788 53.80529022 1092.194946
vn -0.6410719156 0.6688734293 0.3763444424
v 36.2027626 53.89809799 1092.160156
vn -0.5083326101 0.795786798 0.3291221261
v 36.30757523 53.96623993 1092.119141
vn -0.3555987179 0.8949217796 0.2695636153
v 36.42844009 54.01546097 1092.068481
vn -0.1924254298 0.960506618 0.2009961456
v 36.55799484 54.03916168 1092.010742
vn -0.01497834269 0.9924281836 0.1219094321
v 36.69112015 54.03429413 1091.947998
vn 0.1661638767 0.9854197502 0.03657231107
v 36.82035828 53.9997139 1091.883667
vn 0.3425338864 0.9381091595 -0.05120272934
v 36.93911743 53.93688202 1091.820923
vn 0.5038359761 0.8529735804 -0.1363280267
v 37.04061508 53.85049438 1091.763428
vn 0.6420531273 0.7360880375 -0.2143412083
v 37.12057495 53.74757004 1091.713989
vn 0.751578331 0.5965168476 -0.281598419
v 37.59778214 53.40688324 1092.443237
vn 0.8825981021 0.2593276799 -0.3921348453
v 37.55957794 53.53692627 1092.478394
vn 0.831721127 0.4348786771 -0.3451384008
v 37.61233139 53.26601791 1092.418091
vn 0.9021452665 0.06638300419 -0.4262947142
v 37.60072327 53.11979675 1092.404785
vn 0.8861533999 -0.132430926 -0.4440655708
v 37.5623436 52.97633743 1092.404785
vn 0.8337512016 -0.3282856047 -0.4439453781
v 37.49885178 52.8429451 1092.418213
vn 0.7477748394 -0.5094976425 -0.4257287681
v 37.41488647 52.72729111 1092.443848
vn 0.6342511773 -0.6668688655 -0.3911667168
v 37.31706619 52.63441849 1092.479004
vn 0.5016539693 -0.7939172983 -0.3435675502
v 37.21252441 52.56618881 1092.52063
vn 0.3495231271 -0.89312011 -0.2831431627
v 37.09210587 52.51682281 1092.572266
vn 0.1869369447 -0.9589543939 -0.2132160515
v 36.96315765 52.49294662 1092.631348
vn 0.01031954866 -0.9911614656 -0.1322590709
v 36.83079147 52.49761963 1092.695801
vn -0.1697254926 -0.9844788909 -0.04466115683
v 36.70243454 52.53196716 1092.762085
vn -0.3448570967 -0.9375408888 0.04572328553
v 36.58462143 52.59456253 1092.827026
vn -0.5048053861 -0.8528269529 0.1336327642
v 36.48408508 52.6807251 1092.886597
vn -0.6418334842 -0.7362189293 0.2145493478
v 36.40504456 52.78342056 1092.937866
vn -0.7500617504 -0.5970541835 0.2844884098
v 36.34879303 52.89491653 1092.97937
vn -0.8319087625 -0.434812367 0.3447695076
v 36.31058884 53.02495956 1093.014526
vn -0.8827748299 -0.2592826188 0.3917666674
v 36.29603958 53.16582108 1093.039795
vn -0.9023313522 -0.06636802107 0.4259030819
v 36.30764771 53.31204987 1093.052979
vn -0.8863260746 0.1326443106 0.4436570704
v 36.34602356 53.45550156 1093.052979
vn -0.8339915872 0.3282381594 0.4435287416
v 36.4095192 53.58889771 1093.039551
vn -0.7480897903 0.5093710423 0.425326705
v 36.4934845 53.7045517 1093.014038
vn -0.6345324516 0.6668353677 0.3907673955
v 36.59130096 53.79742813 1092.97876
vn -0.5019899011 0.7938622236 0.343203932
v 36.69584656 53.86565781 1092.937256
vn -0.349770993 0.8931424022 0.2827664912
v 36.81626511 53.91501236 1092.885498
vn -0.1872538775 0.958969593 0.2128692269
v 36.9452095 53.93888855 1092.826416
vn -0.01071050856 0.9911977649 0.1319557875
v 37.07757568 53.93422318 1092.762085
vn 0.1693618447 0.9845554829 0.04435165226
v 37.20593643 53.89987564 1092.695679
vn 0.3445091546 0.9376540184 -0.04602620006
v 37.32374954 53.83728409 1092.630859
vn 0.5045413375 0.852930367 -0.1339697093
v 37.42428207 53.75111771 1092.571289
vn 0.6415169835 0.7364034653 -0.214862451
v 37.50332642 53.64841461 1092.519897
vn 0.7497615814 0.5972892046 -0.2847861946
v 37.9859581 53.30078506 1093.237793
vn 0.8796187043 0.2600519359 -0.3983013332
v 37.94836044 53.43069839 1093.27417
vn 0.8296070099 0.4353812933 -0.3495645821
v 37.99996185 53.16003799 1093.211426
vn 0.8983800411 0.06726540625 -0.4340376258
v 37.98789597 53.01389313 1093.197266
vn 0.8817438483 -0.1313509643 -0.4530725479
v 37.94918442 52.87049103 1093.196533
vn 0.8288972974 -0.3270125091 -0.4538635015
v 37.88549805 52.73710632 1093.209595
vn 0.742631495 -0.5081724524 -0.4361871779
v 37.80148315 52.62143326 1093.235229
vn 0.6289519668 -0.6655985117 -0.4017437398
v 37.70375443 52.52850342 1093.27063
vn 0.4965800941 -0.7925744057 -0.3538841903
v 37.59941101 52.460186 1093.312744
vn 0.3446824849 -0.8919133544 -0.2927193046
v 37.47932434 52.41071701 1093.365112
vn 0.1826419979 -0.9578306079 -0.2218162119
v 37.35083771 52.38669968 1093.425293
vn 0.006679811515 -0.9902023673 -0.1394797564
v 37.21903992 52.39120483 1093.490967
vn -0.1725119948 -0.9837266803 -0.0502141118
v 37.0913353 52.42536926 1093.558594
vn -0.3467274606 -0.9370203614 0.04210613295
v 36.97423172 52.48778152 1093.625
vn -0.5056763291 -0.8525519967 0.1320852786
v 36.87441254 52.57376099 1093.686157
vn -0.6415711641 -0.7363004088 0.2150537372
v 36.79605484 52.67629623 1093.739014
vn -0.7488912344 -0.5973130465 0.287017405
v 36.7404213 52.78764343 1093.781738
vn -0.8298090696 -0.4352970421 0.3491895795
v 36.70282364 52.91755676 1093.818237
vn -0.8798277974 -0.2599262893 0.3979213238
v 36.68881989 53.05831146 1093.844482
vn -0.8985744715 -0.06734672189 0.4336223006
v 36.70088196 53.2044487 1093.858765
vn -0.8819205165 0.1314845234 0.4526897669
v 36.73959351 53.34785843 1093.859375
vn -0.8290892243 0.3270757198 0.4534672499
v 36.80328369 53.48123169 1093.846313
vn -0.7429013252 0.5081129074 0.4357968271
v 36.88729477 53.59690857 1093.820801
vn -0.6293327808 0.6654490829 0.4013947248
v 36.98502731 53.68984604 1093.7854
vn -0.4968232214 0.7926038504 0.3534768224
v 37.08937073 53.75815201 1093.743286
vn -0.3449597955 0.8919311166 0.2923381329
v 37.20945358 53.80762863 1093.690796
vn -0.1829558909 0.9578504562 0.2214715481
v 37.33794403 53.83164597 1093.630737
vn -0.007033934817 0.9902452826 0.1391572803
v 37.46974182 53.82714081 1093.565063
vn 0.1722078174 0.9837970138 0.04987832159
v 37.59744644 53.79297638 1093.497314
vn 0.3464198411 0.9371191859 -0.04243742675
v 37.71455002 53.7305603 1093.430908
vn 0.5054023862 0.8526617885 -0.1324247122
v 37.8143692 53.64457703 1093.369751
vn 0.6413908005 0.7363428473 -0.2154461592
v 37.8927269 53.54204178 1093.317017
vn 0.7486512661 0.5974452496 -0.2873681486
v 38.38127136 53.18870544 1094.031738
vn 0.8777315617 0.2606109679 -0.4020811617
v 38.34410858 53.31851959 1094.069092
vn 0.8283193111 0.435752064 -0.3521466553
v 38.3948822 53.04803085 1094.004517
vn 0.8959507346 0.06795167923 -0.4389246404
v 38.38248062 52.90194321 1093.989746
vn 0.8788177371 -0.1306881905 -0.4589117169
v 38.34350967 52.75857544 1093.988525
vn 0.8256430626 -0.326105237 -0.4604008496
v 38.27965164 52.62519073 1094.001343
vn 0.7392072082 -0.5071230531 -0.4431691766
v 38.19557571 52.50950241 1094.026733
vn 0.6254777908 -0.664517343 -0.4088938832
v 38.09786987 52.41653061 1094.062256
vn 0.4930937886 -0.7915819287 -0.3609107137
v 37.99363708 52.34815979 1094.104614
vn 0.3413572311 -0.8909940124 -0.2993408144
v 37.87374878 52.2986145 1094.157593
vn 0.1796149611 -0.95698452 -0.2278575301
v 37.74554443 52.27449799 1094.218384
vn 0.004084694199 -0.989471674 -0.1446691453
v 37.61411285 52.2788887 1094.284912
vn -0.1745652705 -0.9831457734 -0.05432678014
v 37.48683929 52.31293488 1094.353516
vn -0.3481375277 -0.9366214871 0.03924871236
v 37.37020874 52.37522125 1094.421021
vn -0.5064111352 -0.8523462415 0.130589515
v 37.27087784 52.46107483 1094.483154
vn -0.6416562796 -0.7362500429 0.2149722874
v 37.19298935 52.56350327 1094.536987
vn -0.7482376695 -0.5975247025 0.2882787287
v 37.13778687 52.67475128 1094.580688
vn -0.8285332918 -0.4356435239 0.3517774045
v 37.10062408 52.80457306 1094.618042
vn -0.877938509 -0.26050511 0.4016977251
v 37.08701324 52.94524765 1094.645142
vn -0.8961551189 -0.06791738421 0.4385124743
v 37.09941483 53.09132767 1094.660034
vn -0.8790367246 0.130637452 0.4585065544
v 37.13838577 53.23470306 1094.661133
vn -0.8258137703 0.3262262642 0.4600087702
v 37.2022438 53.36808014 1094.648438
vn -0.7394258976 0.5071328282 0.4427929819
v 37.28632355 53.48377609 1094.622925
vn -0.6256962419 0.6645534635 0.4085007608
v 37.38402557 53.57674789 1094.587402
vn -0.4933976233 0.7915560007 0.3605522513
v 37.48825836 53.64511108 1094.545044
vn -0.3415966332 0.8910362124 0.2989417315
v 37.60814667 53.69466782 1094.492065
vn -0.1799319983 0.9570094943 0.2275022566
v 37.73635101 53.71878052 1094.431396
vn -0.004439621698 0.989518404 0.1443384886
v 37.86778259 53.7143898 1094.364868
vn 0.1742998958 0.9832129478 0.05396169052
v 37.99505615 53.68034363 1094.296143
vn 0.3478755057 0.9367036819 -0.03960937262
v 38.11169052 53.61806107 1094.22876
vn 0.5061838627 0.8524233103 -0.1309672892
v 38.21102142 53.53219986 1094.166504
vn 0.6414284706 0.7363384962 -0.2153487355
v 38.2889061 53.42977524 1094.112793
vn 0.7480772138 0.5975229144 -0.2886984646
v 38.7818222 53.07205582 1094.827271
vn 0.8767982125 0.2608878911 -0.4039336443
v 38.74494171 53.201828 1094.865234
vn 0.8277850747 0.4359324574 -0.3531780243
v 38.79515839 52.93141937 1094.799561
vn 0.8946343064 0.06831394881 -0.4415458143
v 38.78250504 52.78536606 1094.784302
vn 0.8771495819 -0.1302181482 -0.4622248411
v 38.74332047 52.64202118 1094.782715
vn 0.8237200379 -0.3254694045 -0.4642789364
v 38.67930222 52.5086441 1094.795166
vn 0.7370930314 -0.5064277649 -0.4474648535
v 38.59511566 52.39294052 1094.820435
vn 0.6232513785 -0.6638152003 -0.4134091735
v 38.49736786 52.29995346 1094.855957
vn 0.4907739162 -0.7909479141 -0.3654344678
v 38.39313889 52.23155594 1094.898438
vn 0.339235872 -0.8903061748 -0.3037663102
v 38.27331161 52.18196106 1094.951538
vn 0.1776233315 -0.9563537836 -0.2320288867
v 38.14522552 52.15779495 1095.012573
vn 0.002288738964 -0.9889242053 -0.148403883
v 38.01396942 52.16213226 1095.07959
vn -0.1761031002 -0.9826934934 -0.05745556578
v 37.88691711 52.19610596 1095.148804
vn -0.3493047357 -0.9362846017 0.03684292361
v 37.77054596 52.25832748 1095.216797
vn -0.5071587563 -0.8521416187 0.1290140152
v 37.67149734 52.34412003 1095.279663
vn -0.6419553757 -0.7361943722 0.2142689377
v 37.59389877 52.44648361 1095.334106
vn -0.7481623292 -0.5975340009 0.2884549499
v 37.53897095 52.55767822 1095.378296
vn -0.8280265331 -0.4357841313 0.3527948856
v 37.50208664 52.68745041 1095.41626
vn -0.8770021796 -0.2608392537 0.4035220742
v 37.48875046 52.82808304 1095.44397
vn -0.8948377967 -0.06839276105 0.441121012
v 37.50140381 52.97413635 1095.459351
vn -0.8773757219 0.1301298738 0.4618203938
v 37.54058838 53.11748886 1095.460938
vn -0.8238664865 0.325676024 0.4638740122
v 37.60460663 53.25085831 1095.448364
vn -0.7372877002 0.5065054297 0.4470559955
v 37.68879318 53.36656189 1095.423096
vn -0.6234521866 0.6638872623 0.4129904509
v 37.78654099 53.45955658 1095.387573
vn -0.4911406636 0.7908756137 0.3650980294
v 37.89076996 53.52794647 1095.345215
vn -0.3394308686 0.8903642297 0.3033780456
v 38.01059723 53.57754135 1095.291992
vn -0.177814588 0.956414938 0.2316300571
v 38.13868332 53.60170746 1095.230957
vn -0.002607775154 0.98897475 0.1480613947
v 38.26993942 53.59738159 1095.164062
vn 0.1758539528 0.9827603102 0.05707486719
v 38.39699173 53.56339645 1095.094727
vn 0.3490515649 0.9363641739 -0.03721799329
v 38.51336288 53.50117493 1095.026733
vn 0.5069779158 0.8521869183 -0.1294249892
v 38.6124115 53.41539383 1094.963989
vn 0.6417589188 0.7362521291 -0.214658618
v 38.69001389 53.31302643 1094.909546
vn 0.747928977 0.5976430774 -0.2888338864
v 39.18480301 52.95214844 1095.623413
vn 0.8766642809 0.2608894706 -0.4042232037
v 39.14809799 53.08189774 1095.661743
vn 0.8279079199 0.4358956218 -0.3529355824
v 39.19795227 52.81152725 1095.595337
vn 0.8942167163 0.06841732562 -0.4423748851
v 39.185112 52.6654892 1095.579712
vn 0.8764671087 -0.1300112605 -0.4635758102
v 39.14575195 52.52215195 1095.577759
vn 0.8227903843 -0.3252300918 -0.4660915732
v 39.08157349 52.3887825 1095.589966
vn 0.7360081077 -0.5060620904 -0.4496590495
v 38.99725342 52.27307892 1095.61499
vn 0.6220042109 -0.6634302139 -0.4158979654
v 38.89940262 52.18008423 1095.650391
vn 0.4893758893 -0.7905689478 -0.368119508
v 38.7951088 52.11167908 1095.692871
vn 0.3377717733 -0.8899157643 -0.3065291643
v 38.67524338 52.06207657 1095.745972
vn 0.1762102991 -0.955940783 -0.2347918153
v 38.54715347 52.03789139 1095.807129
vn 0.0009810543852 -0.9885235429 -0.1510637105
v 38.4159317 52.04220581 1095.874268
vn -0.1773298681 -0.9823276401 -0.0598876588
v 38.28894806 52.07615662 1095.943726
vn -0.3503611684 -0.9359707236 0.03472626582
v 38.17268753 52.13835144 1096.011963
vn -0.508077085 -0.8518484235 0.1273262203
v 38.07376862 52.22411346 1096.075073
vn -0.642603457 -0.7359880805 0.2130312473
v 37.99631882 52.32646179 1096.129883
vn -0.748503983 -0.5974715352 0.287697047
v 37.94154739 52.43763733 1096.174561
vn -0.8281245828 -0.4357943535 0.3525520265
v 37.90484238 52.56739044 1096.212891
vn -0.876865387 -0.2608415782 0.4038177133
v 37.89169312 52.70800781 1096.240967
vn -0.894416213 -0.06848921627 0.4419602752
v 37.90453339 52.85404968 1096.256714
vn -0.8766834736 0.1300009638 0.4631693661
v 37.94389725 52.99738693 1096.258545
vn -0.8229779601 0.3253404796 0.4656832516
v 38.00807571 53.13075638 1096.246338
vn -0.7361654639 0.5062101483 0.4492346048
v 38.09239197 53.24645996 1096.221313
vn -0.6222371459 0.6634669304 0.4154908359
v 38.19024277 53.33945465 1096.185913
vn -0.4896997213 0.7905482054 0.3677332699
v 38.29453659 53.4078598 1096.143555
vn -0.3380413651 0.8899495006 0.3061338961
v 38.41440201 53.45746994 1096.090332
vn -0.1763519645 0.9560237527 0.2343471795
v 38.54249191 53.48164749 1096.029175
vn -0.00124108477 0.9885800481 0.1506917179
v 38.6737175 53.47733307 1095.962158
vn 0.1770871878 0.9823949337 0.05950067937
v 38.80069733 53.44337845 1095.8927
vn 0.3501397073 0.9360386729 -0.03512474895
v 38.91696167 53.38118744 1095.824341
vn 0.5078260899 0.8519402742 -0.1277122647
v 39.01587677 53.29541779 1095.76123
vn 0.6424069405 0.7360384464 -0.2134495378
v 39.09332657 53.19307709 1095.706421
vn 0.7482966185 0.597542882 -0.2880879641
v 39.58888626 52.82975769 1096.421387
vn 0.877176702 0.2604722679 -0.4033797681
v 39.55228424 52.95951462 1096.459961
vn 0.8286184669 0.4354575872 -0.3518069088
v 39.60191345 52.68914413 1096.393066
vn 0.894503355 0.06815392524 -0.4418356717
v 39.58893204 52.54309845 1096.377075
vn 0.8765168786 -0.1302547008 -0.4634132683
v 39.54941559 52.39975739 1096.374878
vn 0.8225594759 -0.325517714 -0.4662982821
v 39.4850769 52.26639557 1096.386841
vn 0.7355382442 -0.5062555671 -0.450209707
v 39.40060806 52.15069962 1096.411621
vn 0.62140131 -0.6634393334 -0.4167836905
v 39.30261993 52.05770493 1096.446777
vn 0.4886902571 -0.7904290557 -0.3693287373
v 39.19820786 51.98931503 1096.489014
vn 0.33679232 -0.8898015618 -0.3079352379
v 39.07823181 51.93971252 1096.541992
vn 0.1751079112 -0.9557489157 -0.2363922149
v 38.95005417 51.91553879 1096.603149
vn -0.0002128875349 -0.9882571101 -0.1528000385
v 38.81876373 51.91986084 1096.670166
vn -0.1785143018 -0.9820002913 -0.06171003729
v 38.69174957 51.9538269 1096.739624
vn -0.3515460789 -0.9355916381 0.0329179205
v 38.57548141 52.01602936 1096.808105
vn -0.5091642141 -0.8514582515 0.1255811006
v 38.47659302 52.10180664 1096.871338
vn -0.643651247 -0.7355266809 0.2114558071
v 38.39919662 52.20415115 1096.92627
vn -0.7494090796 -0.5970056653 0.2863043845
v 38.3445015 52.31533813 1096.971069
vn -0.8288270235 -0.435403347 0.3513825238
v 38.30789566 52.44509506 1097.009644
vn -0.8773834705 -0.2604247332 0.4029605091
v 38.29486847 52.58570862 1097.037964
vn -0.8947086334 -0.06809491664 0.4414289594
v 38.3078537 52.73174667 1097.053955
vn -0.8767263889 0.1303139329 0.4630000889
v 38.34737015 52.87509155 1097.056152
vn -0.8228146434 0.3254383504 0.4659033716
v 38.41170502 53.00845337 1097.044312
vn -0.7357555032 0.5062994957 0.4498051703
v 38.49617386 53.12415314 1097.019409
vn -0.6215357184 0.6635767817 0.4163642824
v 38.59416199 53.21713638 1096.984253
vn -0.4888613224 0.7905151248 0.3689179718
v 38.69857407 53.28553772 1096.942017
vn -0.3370887935 0.8898195624 0.3075586557
v 38.81855011 53.33514023 1096.889038
vn -0.1752973497 0.9558207989 0.2359607369
v 38.94672775 53.35931015 1096.827881
vn -8.32769274e-06 0.9883217812 0.1523813158
v 39.07801819 53.3549881 1096.760864
vn 0.1783029884 0.9820645452 0.06129671261
v 39.20503235 53.32102203 1096.691406
vn 0.3513492644 0.9356506467 -0.03334051371
v 39.32130051 53.25881958 1096.623047
vn 0.5089532137 0.8515235782 -0.1259927452
v 39.4201889 53.17304611 1096.559692
vn 0.6434062719 0.7356266975 -0.2118530869
v 39.4975853 53.07069016 1096.504761
vn 0.7491925955 0.5970755816 -0.2867249548
v 39.99943542 52.70346451 1097.234375
vn 0.8779426813 0.2609872818 -0.4013755023
v 39.96286774 52.83324051 1097.273071
vn 0.829326272 0.4358897805 -0.3495969176
v 40.01238632 52.56282043 1097.205933
vn 0.8953061104 0.06871932 -0.4401188791
v 39.9992981 52.41677475 1097.189697
vn 0.8773508072 -0.1295849234 -0.462020874
v 39.95964432 52.27342987 1097.187256
vn 0.8233712316 -0.3248609304 -0.4653226733
v 39.89514923 52.14006805 1097.198975
vn 0.7362474799 -0.5056675673 -0.4497109354
v 39.81050491 52.02437592 1097.223511
vn 0.6219696403 -0.6629389524 -0.4167321324
v 39.71234512 51.93141174 1097.258423
vn 0.4892487824 -0.7899010777 -0.3697187304
v 39.6077652 51.86303329 1097.300293
vn 0.3372501433 -0.8893448114 -0.3087525964
v 39.48761749 51.81346893 1097.353149
vn 0.1753893346 -0.9553945661 -0.2376127243
v 39.359272 51.7893219 1097.41394
vn -5.762542423e-05 -0.9880063534 -0.1544131339
v 39.22782898 51.79367828 1097.480835
vn -0.1785205603 -0.9818758368 -0.06364192814
v 39.10068512 51.8276825 1097.550049
vn -0.3517273366 -0.9355974793 0.03074547276
v 38.98431778 51.88992691 1097.618408
vn -0.5094863772 -0.8516054749 0.1232548058
v 38.88536453 51.97573853 1097.681641
vn -0.6441242099 -0.7357877493 0.2090941519
v 38.80794144 52.07811737 1097.736572
vn -0.7500101924 -0.5973610282 0.2839797735
v 38.75325012 52.18932343 1097.781494
vn -0.8295505047 -0.4357967973 0.349180609
v 38.71668243 52.31910324 1097.82019
vn -0.8781546354 -0.2609421015 0.4009409547
v 38.70373154 52.4597435 1097.848633
vn -0.8955230713 -0.068667382 0.4396853149
v 38.71681976 52.60578918 1097.864868
vn -0.8775609732 0.1297026575 0.4615885615
v 38.75647354 52.74914551 1097.867188
vn -0.8235949874 0.3249188364 0.4648860693
v 38.82096863 52.88249969 1097.855591
vn -0.7365359664 0.5056114793 0.4493013918
v 38.90560913 52.99818802 1097.831055
vn -0.6221835613 0.6630045772 0.416308254
v 39.00377274 53.09115219 1097.796143
vn -0.4893724024 0.7900309563 0.3692772686
v 39.10835266 53.15953064 1097.75415
vn -0.3374173641 0.8894314766 0.3083199263
v 39.22850037 53.20910645 1097.701416
vn -0.1756508201 0.9554424286 0.2372267246
v 39.35684586 53.23324203 1097.640625
vn -0.0001431480923 0.9880735874 0.1539824605
v 39.48828888 53.22888565 1097.57373
vn 0.1783298403 0.9819385409 0.06320697069
v 39.61543274 53.19488525 1097.504395
vn 0.351523757 0.9356597066 -0.0311764162
v 39.73180008 53.13264084 1097.436157
vn 0.5093226433 0.8516369462 -0.1237131283
v 39.83074951 53.04682922 1097.372925
vn 0.6439113617 0.7358549833 -0.2095127851
v 39.90817642 52.94444656 1097.317993
vn 0.7498220205 0.5973894596 -0.2844165862
v 40.39488602 52.58014297 1098.022095
vn 0.879445672 0.2597641945 -0.3988707066
v 40.35830307 52.70996475 1098.060791
vn 0.8309410214 0.4347666502 -0.3471526206
v 40.40781021 52.4394722 1097.99353
vn 0.8966194391 0.06748413295 -0.4376294315
v 40.39464951 52.29339981 1097.977173
vn 0.8783870339 -0.1308851987 -0.4596795142
v 40.35487747 52.15004349 1097.974609
vn 0.8241137266 -0.3260249197 -0.4631893337
v 40.29022598 52.0166893 1097.985962
vn 0.7367554307 -0.5065413713 -0.4478920996
v 40.20539856 51.90101624 1098.010132
vn 0.6220590472 -0.6637534499 -0.4152997136
v 40.10703659 51.80807114 1098.0448
vn 0.4888923168 -0.790606916 -0.3686801195
v 40.0022583 51.73972702 1098.086426
vn 0.3368067443 -0.8896989226 -0.3082159162
v 39.88188934 51.69020462 1098.138794
vn 0.1745524108 -0.9555743933 -0.2375058979
v 39.75331497 51.66611481 1098.199219
vn -0.00116391934 -0.9879456162 -0.1547969431
v 39.62165451 51.67053604 1098.265747
vn -0.1799207032 -0.9815649986 -0.06448751688
v 39.49430466 51.70459366 1098.334839
vn -0.353287071 -0.9350517392 0.02943556756
v 39.37776184 51.76689911 1098.402832
vn -0.5111959577 -0.8508248329 0.1215557382
v 39.27867508 51.85276794 1098.46582
vn -0.645855844 -0.7348480225 0.2070474327
v 39.2011528 51.95520401 1098.52063
vn -0.7516780496 -0.5963551998 0.2816746533
v 39.14640808 52.06645584 1098.565552
vn -0.8311662078 -0.434676528 0.3467261791
v 39.10982513 52.1962738 1098.604126
vn -0.879668355 -0.2596657276 0.3984436393
v 39.09690094 52.33694458 1098.63269
vn -0.8968293071 -0.06736467034 0.4372175336
v 39.11006546 52.48300934 1098.649048
vn -0.8786322474 0.1307505816 0.4592489898
v 39.14983368 52.62637329 1098.651733
vn -0.8243579268 0.3260200322 0.4627580047
v 39.21448898 52.75972748 1098.640381
vn -0.7369111776 0.5067168474 0.4474371076
v 39.29931259 52.87539673 1098.616089
vn -0.6222861409 0.6638215184 0.4148505628
v 39.39767456 52.96833801 1098.581543
vn -0.4891985059 0.7906100154 0.3682670295
v 39.50245285 53.03668976 1098.539917
vn -0.3369024992 0.8898306489 0.3077305555
v 39.62282562 53.08621216 1098.487427
vn -0.1747298986 0.9556556344 0.2370479256
v 39.75139618 53.11030197 1098.427002
vn 0.0009750984027 0.9880142808 0.1543594748
v 39.88306046 53.10588074 1098.360474
vn 0.1797239929 0.9816299081 0.06404738128
v 40.01040649 53.07181549 1098.291504
vn 0.3531038761 0.9351068139 -0.02988108434
v 40.12694931 53.00951767 1098.223389
vn 0.5109964609 0.8508819342 -0.1219938919
v 40.22603989 52.92364883 1098.1604
vn 0.6456385255 0.7349162102 -0.2074826956
v 40.30355835 52.82121277 1098.105591
vn 0.7515376806 0.5962979794 -0.2821699381
v 40.7950058 52.4538002 1098.825806
vn 0.881065011 0.2596824467 -0.3953346908
v 40.75836182 52.58367538 1098.864502
vn 0.8324739933 0.4345210493 -0.3437710106
v 40.80794144 52.31308746 1098.797363
vn 0.8983175159 0.06728319079 -0.4341643155
v 40.79473114 52.16698837 1098.780884
vn 0.8801262975 -0.130868122 -0.4563455284
v 40.75485229 52.02361679 1098.778076
vn 0.8257445693 -0.3261409104 -0.4601934254
v 40.69003677 51.8902626 1098.789185
vn 0.7382985353 -0.5065678954 -0.4453136623
v 40.60500717 51.77460861 1098.812988
vn 0.6234733462 -0.6637219191 -0.4132241607
v 40.50641251 51.68170929 1098.847168
vn 0.4900163412 -0.7906178832 -0.3671611845
v 40.40139008 51.61340714 1098.888428
vn 0.3376275897 -0.8896920681 -0.3073363304
v 40.28074646 51.56394577 1098.940308
vn 0.1751026213 -0.9555251598 -0.2372987568
v 40.15188599 51.53992844 1099.000366
vn -0.0009603698854 -0.9878715873 -0.1552702636
v 40.01993179 51.54442596 1099.066406
vn -0.1800023168 -0.9814714789 -0.06567281485
v 39.89230347 51.5785675 1099.134888
vn -0.3537312448 -0.9349395633 0.02760803513
v 39.7755127 51.64096451 1099.202515
vn -0.5119435787 -0.850714922 0.1191549972
v 39.67621231 51.72691727 1099.265259
vn -0.6468949318 -0.7347356677 0.2041824758
v 39.59853745 51.82942581 1099.319824
vn -0.7530158162 -0.5961580276 0.2785009146
v 39.54368591 51.94073868 1099.364502
vn -0.8326575756 -0.434533149 0.3433108628
v 39.50703812 52.07061386 1099.403076
vn -0.8812811375 -0.2595990896 0.3949074447
v 39.49410248 52.2113266 1099.431641
vn -0.898547709 -0.06722553074 0.4336966574
v 39.50731659 52.35742569 1099.447998
vn -0.8803355098 0.1309948713 0.4559054375
v 39.54719543 52.50079727 1099.450928
vn -0.826055944 0.3259604871 0.4597622156
v 39.61200714 52.63415146 1099.439819
vn -0.7384158969 0.5068006516 0.4448539317
v 39.69704056 52.74979782 1099.415894
vn -0.6236054897 0.6638808846 0.4127691984
v 39.79563141 52.84270477 1099.381714
vn -0.4902670383 0.7906577587 0.3667404056
v 39.90065384 52.9109993 1099.340454
vn -0.3377911448 0.8897857666 0.3068849742
v 40.02129745 52.96046829 1099.288574
vn -0.1753026694 0.955602169 0.2368406951
v 40.15016174 52.98448563 1099.228516
vn 0.0007710211212 0.9879441261 0.1548089236
v 40.28211594 52.9799881 1099.162476
vn 0.1798302233 0.9815337062 0.06521296501
v 40.40974045 52.94583893 1099.093994
vn 0.3535600603 0.9349905252 -0.0280718822
v 40.52653503 52.88344955 1099.026367
vn 0.5117669106 0.8507574797 -0.1196092665
v 40.6258316 52.7974968 1098.963745
vn 0.6467001438 0.7347836494 -0.2046262771
v 40.70351028 52.69498825 1098.909058
vn 0.7528119087 0.596204102 -0.278953284
v 41.18872452 52.328022 1099.62561
vn 0.8832203746 0.2586058676 -0.3912093341
v 41.15197372 52.45796585 1099.66394
vn 0.8345678449 0.4335345328 -0.3399181366
v 41.2016983 52.18725204 1099.597046
vn 0.9004537463 0.06624110043 -0.4298781157
v 41.1884613 52.04111481 1099.580566
vn 0.8821477294 -0.1319600344 -0.4521083534
v 41.14848328 51.89772415 1099.577515
vn 0.8275989294 -0.3271161318 -0.4561524689
v 41.08350372 51.76438522 1099.588379
vn 0.7397938967 -0.5076048374 -0.4416359663
v 40.99825668 51.64875793 1099.611816
vn 0.6246923208 -0.664537251 -0.4100606441
v 40.89940643 51.55590057 1099.64563
vn 0.4909071326 -0.7912451029 -0.364611268
v 40.79410934 51.48765564 1099.686401
vn 0.3381286561 -0.8901468515 -0.3054628968
v 40.67314911 51.43826294 1099.737671
vn 0.1752636433 -0.9557676315 -0.236200884
v 40.54394531 51.41432953 1099.797119
vn -0.001292358385 -0.9879140854 -0.1549972296
v 40.41164017 51.41893387 1099.862549
vn -0.1807807386 -0.9812893867 -0.06625263393
v 40.28367233 51.45318985 1099.930542
vn -0.3548891246 -0.9345417619 0.02618125826
v 40.16656876 51.51569366 1099.997559
vn -0.5134627223 -0.8501043916 0.1169551909
v 40.06700134 51.60174179 1100.059814
vn -0.6486240029 -0.7340125442 0.201277256
v 39.98911285 51.70434189 1100.114014
vn -0.7549802661 -0.595261991 0.2750781178
v 39.93410873 51.81573868 1100.158447
vn -0.8347607255 -0.4335318804 0.3394475281
v 39.89736176 51.94567871 1100.196777
vn -0.8834401965 -0.2585238218 0.3907670081
v 39.88438416 52.08644485 1100.225342
vn -0.9006643295 -0.06627010554 0.4294321835
v 39.89762115 52.23258972 1100.241821
vn -0.8823369741 0.1322008073 0.4516684413
v 39.93759918 52.37597275 1100.244751
vn -0.8278430104 0.327113986 0.4557108581
v 40.00257874 52.50931168 1100.234009
vn -0.740000844 0.5076835155 0.4411985874
v 40.08782578 52.62493896 1100.210449
vn -0.6248580813 0.6646601558 0.4096086323
v 40.18667603 52.71780396 1100.176758
vn -0.4912034869 0.7912527323 0.364195317
v 40.29197311 52.78604126 1100.135986
vn -0.3382807672 0.8902515173 0.3049890995
v 40.41293335 52.83544159 1100.084595
vn -0.1754437387 0.955845654 0.2357510924
v 40.54213715 52.85936737 1100.025269
vn 0.001094361069 0.9879853725 0.1545435488
v 40.67444229 52.85476303 1099.959839
vn 0.1806093305 0.9813529253 0.0657781139
v 40.80241013 52.82050705 1099.891846
vn 0.3547187746 0.9345930219 -0.02665520273
v 40.9195137 52.75801086 1099.824829
vn 0.5132749081 0.8501541615 -0.117416963
v 41.01908112 52.67195511 1099.762573
vn 0.6484768987 0.7340089083 -0.2017636746
v 41.0969696 52.56935501 1099.708374
vn 0.7547473311 0.5953628421 -0.2754987478
v 41.58534241 52.19987869 1100.442139
vn 0.8855608106 0.2581603825 -0.386180371
v 41.54844666 52.32991791 1100.480347
vn 0.8366148472 0.4333034754 -0.3351473212
v 41.59839249 52.0590477 1100.413818
vn 0.902949512 0.06583560258 -0.4246737957
v 41.58514404 51.91286087 1100.397339
vn 0.88470155 -0.1324333251 -0.4469503164
v 41.54507828 51.76945877 1100.394165
vn 0.8301718831 -0.327408731 -0.4512407184
v 41.47992325 51.63612366 1100.404663
vn 0.7421806455 -0.50796628 -0.4371934831
v 41.39443588 51.52053452 1100.427734
vn 0.6268827915 -0.6648082733 -0.4062609375
v 41.29529953 51.4277153 1100.460938
vn 0.4928116202 -0.7914578915 -0.3615675867
v 41.18968582 51.35955048 1100.501099
vn 0.3395041227 -0.8903884888 -0.3032247722
v 41.06835938 51.31024933 1100.55188
vn 0.1762822568 -0.9558999538 -0.2349038422
v 40.93875885 51.28642654 1100.610596
vn -0.0006359277177 -0.987952888 -0.1547537595
v 40.8060379 51.29114914 1100.675171
vn -0.1806623787 -0.9812574983 -0.06704386324
v 40.6776619 51.32553101 1100.742432
vn -0.3552947342 -0.9344366789 0.0243658796
v 40.56017685 51.38816833 1100.808838
vn -0.5143972039 -0.8499122858 0.1142130867
v 40.46027756 51.47434616 1100.870361
vn -0.6500083208 -0.7337543964 0.1977212578
v 40.38212204 51.57705688 1100.924194
vn -0.7567428946 -0.5949584246 0.2708591223
v 40.32691956 51.68854523 1100.96814
vn -0.8368498683 -0.4331862032 0.3347118497
v 40.2900238 51.81856918 1101.006348
vn -0.8857797384 -0.2581210136 0.3857043684
v 40.27697372 51.95940781 1101.034668
vn -0.9031654596 -0.06581643969 0.4242172837
v 40.29021835 52.10558701 1101.051147
vn -0.8849134445 0.1324799508 0.4465168417
v 40.33028793 52.24898911 1101.054321
vn -0.8303619623 0.3275254071 0.4508060217
v 40.39543915 52.38233185 1101.043823
vn -0.7424246073 0.5079926252 0.4367484748
v 40.48093033 52.49792099 1101.020752
vn -0.6270406246 0.6649496555 0.4057856202
v 40.58006668 52.59073257 1100.987549
vn -0.4930703044 0.7915043235 0.3611130416
v 40.68567657 52.65890503 1100.947388
vn -0.3397787511 0.8904349804 0.3027804196
v 40.80700684 52.70819855 1100.896729
vn -0.1764786541 0.9559749365 0.2344507873
v 40.93660736 52.73202896 1100.838013
vn 0.0004928656854 0.9880275726 0.1542764306
v 41.06932831 52.72730637 1100.773315
vn 0.1805193573 0.9813170433 0.06655539572
v 41.19770432 52.69291687 1100.706055
vn 0.3551358879 0.934484303 -0.02485190332
v 41.31518936 52.63028717 1100.639771
vn 0.5142298341 0.8499481082 -0.1146993339
v 41.41508865 52.54410934 1100.578125
vn 0.6498284936 0.7337878942 -0.198187381
v 41.49324417 52.44139862 1100.524414
vn 0.7565453053 0.5949934125 -0.2713337839
v 41.97386169 52.07296753 1101.255249
vn 0.8883490562 0.2571237087 -0.3804252744
v 41.93678284 52.2030983 1101.293091
vn 0.839209497 0.4323157966 -0.3298946023
v 41.98701477 51.93206024 1101.227173
vn 0.9058404565 0.06470692158 -0.4186478853
v 41.97377777 51.78582382 1101.210693
vn 0.8875691891 -0.1335603744 -0.4408884346
v 41.93362427 51.6423912 1101.207397
vn 0.8328990936 -0.3285232186 -0.4453668296
v 41.86829376 51.50906754 1101.217529
vn 0.744764924 -0.5088355541 -0.4317540824
v 41.78255081 51.39350891 1101.240112
vn 0.6290590763 -0.6656665802 -0.401463151
v 41.68310165 51.30076218 1101.272705
vn 0.4946474433 -0.7921280265 -0.3575711548
v 41.57714462 51.23267365 1101.312256
vn 0.340811044 -0.8909348845 -0.3001380861
v 41.45540619 51.18347931 1101.362305
vn 0.1770482957 -0.9562577605 -0.2328626513
v 41.32535553 51.15978241 1101.420166
vn -0.0003904697369 -0.9880865812 -0.1538985074
v 41.19216537 51.16464615 1101.483887
vn -0.1809913218 -0.9811720252 -0.06740615517
v 41.06332397 51.19918442 1101.550293
vn -0.356203258 -0.9341305494 0.02279016376
v 40.94540024 51.26196671 1101.615845
vn -0.5158211589 -0.8494119048 0.111480847
v 40.84511566 51.3482933 1101.676636
vn -0.6519587636 -0.7330163717 0.1940019876
v 40.76663971 51.45112991 1101.729858
vn -0.7589591146 -0.5942168236 0.2662470341
v 40.71120071 51.56271362 1101.773438
vn -0.8394392133 -0.4322081804 0.3294508457
v 40.67412186 51.69284439 1101.811279
vn -0.8885506988 -0.2571439147 0.3799403608
v 40.6609726 51.83375549 1101.839355
vn -0.9060619473 -0.06460956484 0.4181833565
v 40.67420578 51.9799881 1101.855835
vn -0.887796998 0.1335956454 0.4404188097
v 40.71435928 52.12342072 1101.859131
vn -0.8331366181 0.3285301924 0.444917202
v 40.77968979 52.2567482 1101.848999
vn -0.7449462414 0.5089591742 0.4312953651
v 40.86543274 52.37229538 1101.826416
vn -0.6292540431 0.6657677889 0.4009895027
v 40.96488571 52.46504211 1101.793823
vn -0.4948406219 0.7922219038 0.3570955098
v 41.07084274 52.53313828 1101.754272
vn -0.3410496116 0.8909990191 0.2996763587
v 41.19257736 52.58233643 1101.704224
vn -0.1772437245 0.9563360214 0.2323920578
v 41.32262802 52.60602951 1101.646362
vn 0.0002406234707 0.9881626368 0.1534099132
v 41.45581818 52.60116577 1101.582642
vn 0.1808488518 0.9812325239 0.06690621376
v 41.58465958 52.56663132 1101.516235
vn 0.3560464084 0.9341781735 -0.02328308485
v 41.70258713 52.50384521 1101.450684
vn 0.515686512 0.8494259119 -0.1119958013
v 41.80286789 52.41752243 1101.389893
vn 0.6517514586 0.7330763936 -0.1944713444
v 41.88134384 52.31468201 1101.33667
vn 0.7588162422 0.5941748619 -0.2667473853
v 42.35705948 51.94640732 1102.072632
vn 0.8914299607 0.2561922371 -0.3737889826
v 42.319767 52.07664108 1102.110107
vn 0.8420606256 0.431291014 -0.3239165246
v 42.37034225 51.80541611 1102.0448
vn 0.9091008902 0.06368008256 -0.4116799831
v 42.35713577 51.65911484 1102.02832
vn 0.8908835649 -0.1345908493 -0.4338338673
v 42.31690216 51.51566315 1102.024902
vn 0.836073637 -0.3296466768 -0.4385361075
v 42.25138855 51.38235092 1102.03479
vn 0.7477273345 -0.5098444223 -0.4253969193
v 42.16536713 51.2668457 1102.056763
vn 0.6317532659 -0.6664963961 -0.3958160877
v 42.06557846 51.17416763 1102.088745
vn 0.4968838096 -0.7928612232 -0.3528137505
v 41.95923996 51.10617065 1102.127563
vn 0.3425784409 -0.8914836645 -0.2964740396
v 41.83704758 51.05709457 1102.176758
vn 0.1781829447 -0.9566489458 -0.2303771526
v 41.70649719 51.03353882 1102.233643
vn 0.0001657274552 -0.9882626534 -0.1527643055
v 41.57278061 51.03856277 1102.296387
vn -0.1810956299 -0.9811338782 -0.06768102944
v 41.44340897 51.07327652 1102.361694
vn -0.3569807708 -0.9338732958 0.02110415883
v 41.3249855 51.1362381 1102.42627
vn -0.517203629 -0.8489634395 0.1084506288
v 41.22425461 51.22271729 1102.486328
vn -0.6539096832 -0.7323829532 0.1897823215
v 41.14541626 51.32570267 1102.538696
vn -0.7614321113 -0.5933514833 0.2610654533
v 41.08969498 51.43741226 1102.581787
vn -0.84223032 -0.4313302338 0.323422879
v 41.05239868 51.56765366 1102.619141
vn -0.8916208148 -0.2561816275 0.3733407557
v 41.03911591 51.70865631 1102.647095
vn -0.9093161225 -0.06364300102 0.4112101495
v 41.0523262 51.85493851 1102.663452
vn -0.8910921812 0.1347545087 0.4333543181
v 41.092556 51.99839401 1102.66687
vn -0.8363482952 0.329590261 0.438054502
v 41.15806961 52.13171387 1102.657104
vn -0.747918427 0.5099656582 0.4249153137
v 41.24409103 52.24722672 1102.63501
vn -0.6318671703 0.6666752696 0.3953327537
v 41.34388351 52.33989716 1102.603027
vn -0.4970592558 0.7929595709 0.3523453176
v 41.45022202 52.40789413 1102.564209
vn -0.3428275287 0.8915385008 0.2960209846
v 41.57241058 52.45697021 1102.515137
vn -0.1784439236 0.9567114115 0.2299153209
v 41.70296097 52.48052216 1102.458252
vn -0.00029170583 0.9883421659 0.1522485614
v 41.83668137 52.47549057 1102.395508
vn 0.1809465587 0.9811959267 0.06717785448
v 41.96604919 52.44078827 1102.3302
vn 0.3568299115 0.9339194298 -0.02160792798
v 42.08447647 52.37783432 1102.265503
vn 0.5170460939 0.8489954472 -0.1089498326
v 42.18520355 52.29133987 1102.205566
vn 0.6537597775 0.7323818207 -0.1903023273
v 42.26404572 52.18836212 1102.153076
vn 0.7612271309 0.5934044123 -0.2615424991
v 42.7338028 51.82058716 1102.894287
vn 0.8948714137 0.2549544871 -0.3663378358
v 42.69625473 51.95093918 1102.93103
vn 0.8451800346 0.4302301407 -0.3171320558
v 42.74724579 51.67948532 1102.866699
vn 0.9127394557 0.06247130036 -0.4037375748
v 42.73408127 51.53313065 1102.850342
vn 0.8945981264 -0.135788694 -0.4257412255
v 42.69377518 51.38965225 1102.846802
vn 0.839718163 -0.3307935596 -0.4306379259
v 42.62806702 51.25634766 1102.856201
vn 0.7510874867 -0.5110081434 -0.4180170596
v 42.54175186 51.14088821 1102.877686
vn 0.634714663 -0.6675738096 -0.3892075419
v 42.44158936 51.04829788 1102.908936
vn 0.4994743466 -0.7937046289 -0.3472150862
v 42.33483505 50.98041153 1102.946899
vn 0.344666034 -0.8921210766 -0.2921048999
v 42.21214294 50.93146896 1102.994995
vn 0.1795917898 -0.9571083784 -0.2273551375
v 42.08103943 50.90808487 1103.050903
vn 0.0008000419475 -0.9884958863 -0.1512454897
v 41.94673157 50.91328812 1103.112427
vn -0.181148544 -0.9811162353 -0.06779482961
v 41.81677246 50.94820023 1103.176636
vn -0.3577719033 -0.9336083531 0.01935864054
v 41.69778442 51.01134872 1103.240112
vn -0.5187264085 -0.8484477997 0.1051627919
v 41.5965538 51.09801865 1103.299072
vn -0.6560403109 -0.7316741943 0.1851055026
v 41.51729584 51.20116425 1103.350708
vn -0.7641165257 -0.5924329162 0.2552433312
v 41.46125412 51.3130188 1103.393066
vn -0.8453515768 -0.4302701652 0.3166201413
v 41.42370224 51.44337845 1103.429932
vn -0.895064652 -0.2550026476 0.3658317924
v 41.41026306 51.58446884 1103.45752
vn -0.9129493833 -0.06250371039 0.4032576978
v 41.42342377 51.73083115 1103.473877
vn -0.8948034644 0.1358917505 0.4252766371
v 41.46373367 51.87431335 1103.477417
vn -0.8399479985 0.330855906 0.4301415384
v 41.52943802 52.00761032 1103.468018
vn -0.7512850761 0.5111361146 0.4175052047
v 41.61575317 52.12306976 1103.446411
vn -0.6348101497 0.6677883863 0.3886833489
v 41.71591568 52.2156601 1103.415161
vn -0.4996450543 0.7938059568 0.346737504
v 41.8226738 52.28355408 1103.377197
vn -0.3448348641 0.8922191858 0.2916056812
v 41.94536209 52.33248901 1103.329102
vn -0.1798297465 0.9571778178 0.2268740684
v 42.07646942 52.35587311 1103.273315
vn -0.0009468461503 0.9885743856 0.1507310271
v 42.21077728 52.35066605 1103.21167
vn 0.1810206622 0.9811754823 0.06727717817
v 42.34073639 52.31576538 1103.147583
vn 0.3576498628 0.9336440563 -0.01988437586
v 42.45972443 52.25261688 1103.084106
vn 0.5185576081 0.8484886289 -0.1056647226
v 42.56095505 52.16593933 1103.025024
vn 0.6558907628 0.731678009 -0.1856194139
v 42.64021301 52.06279373 1102.973511
vn 0.7639232278 0.5924742818 -0.2557255328
v 43.10340118 51.69570541 1103.720947
vn 0.8986750841 0.2536991835 -0.3577985168
v 43.06555557 51.82619858 1103.757202
vn 0.8485910892 0.4291436374 -0.3094008863
v 43.11702347 51.55450058 1103.693726
vn 0.9167845249 0.06109362096 -0.3946817517
v 43.1039238 51.40807724 1103.677612
vn 0.8987213969 -0.1372513622 -0.4164875448
v 43.06354523 51.26456833 1103.673828
vn 0.8438102603 -0.3320844173 -0.4215497077
v 42.99763489 51.13127518 1103.682861
vn 0.7549052238 -0.5122906566 -0.4094830453
v 42.91100311 51.01588058 1103.703735
vn 0.6380565166 -0.6688125134 -0.3815411925
v 42.81044006 50.92338562 1103.734253
vn 0.5023425817 -0.7947264314 -0.3406784534
v 42.703228 50.85560608 1103.77124
vn 0.346990943 -0.8928978443 -0.2869333327
v 42.57998657 50.80683517 1103.818237
vn 0.1812890768 -0.9576407671 -0.2237374932
v 42.44827271 50.78362274 1103.872803
vn 0.00164273032 -0.9887827635 -0.1493519098
v 42.31331253 50.78904343 1103.933105
vn -0.181122303 -0.981123507 -0.06775979698
v 42.1826973 50.82416916 1103.99585
vn -0.3585750461 -0.9333364367 0.01752191968
v 42.06308365 50.8875351 1104.058105
vn -0.5202972293 -0.8479276299 0.1015358716
v 41.96129227 50.97441483 1104.115967
vn -0.6583906412 -0.7308610678 0.179899618
v 41.88156509 51.07774734 1104.166504
vn -0.7670485973 -0.5914368033 0.2486744225
v 41.82515717 51.18975449 1104.20813
vn -0.848791182 -0.4290972054 0.3089160025
v 41.78731537 51.32024765 1104.244385
vn -0.8988642693 -0.25375247 0.3572851717
v 41.77368927 51.46145248 1104.271606
vn -0.9170069695 -0.0610713549 0.3941681087
v 41.78679276 51.60788345 1104.28772
vn -0.8989408016 0.1372833699 0.4160032272
v 41.82717133 51.75138474 1104.291504
vn -0.8440244198 0.3321384788 0.4210781157
v 41.89307785 51.88467789 1104.282471
vn -0.755120039 0.5123715997 0.4089854062
v 41.97970963 52.00007248 1104.261597
vn -0.6382281184 0.6689499021 0.3810129762
v 42.08027649 52.09257126 1104.231079
vn -0.5025264621 0.7948297262 0.3401660025
v 42.18748856 52.16034698 1104.194092
vn -0.3471461535 0.8929986954 0.286431253
v 42.31072617 52.20911789 1104.147095
vn -0.1814259142 0.9577332735 0.2232298553
v 42.44244385 52.23233032 1104.092529
vn -0.00178226002 0.9888610244 0.148831293
v 42.57740021 52.22690964 1104.032227
vn 0.1810156703 0.9811800718 0.06722323596
v 42.70801544 52.19178391 1103.969482
vn 0.3584673107 0.9333675504 -0.01806036942
v 42.8276329 52.12841797 1103.907349
vn 0.520196259 0.8479239345 -0.1020823419
v 42.92942047 52.04153824 1103.849487
vn 0.6582020521 0.7309083343 -0.180396989
v 43.00914764 51.93820572 1103.798828
vn 0.7668637037 0.5914674401 -0.2491713464
v 43.46469879 51.57210922 1104.553345
vn 0.9028798342 0.2522711456 -0.3480909169
v 43.42652512 51.70275879 1104.588867
vn 0.8523767591 0.4278297126 -0.3006917834
v 43.47853851 51.43078613 1104.526611
vn 0.9212852716 0.05959942192 -0.384293288
v 43.46551514 51.2842865 1104.51062
vn 0.9033120871 -0.1388715804 -0.4058841467
v 43.4250679 51.14074707 1104.506836
vn 0.8483051062 -0.3337025344 -0.411121726
v 43.35894394 51.00747681 1104.515381
vn 0.7591922283 -0.5137357712 -0.3996282816
v 43.27197266 50.89215469 1104.535522
vn 0.6419676542 -0.6700654626 -0.3726792336
v 43.17097092 50.79976654 1104.565063
vn 0.5056008101 -0.7958797216 -0.3330815136
v 43.06325912 50.73212433 1104.601074
vn 0.3496010602 -0.8937983513 -0.2808978558
v 42.93941879 50.68352127 1104.646851
vn 0.1831369549 -0.9582802057 -0.2194536477
v 42.80703354 50.66052246 1104.699951
vn 0.002690682188 -0.9891231656 -0.1470649689
v 42.6713562 50.66617203 1104.758667
vn -0.1810248643 -0.981154561 -0.06757034361
v 42.54001617 50.70153809 1104.819946
vn -0.3594056666 -0.9330515265 0.01556974091
v 42.41970825 50.76515579 1104.880615
vn -0.5220153332 -0.8473409414 0.0975363031
v 42.31729126 50.85226059 1104.937134
vn -0.6608891487 -0.7300235629 0.1740436256
v 42.23703766 50.95580292 1104.986572
vn -0.7702390552 -0.5903633237 0.2412528992
v 42.18022156 51.06797791 1105.027344
vn -0.8525629044 -0.4278288186 0.3001648784
v 42.14204788 51.19862747 1105.062866
vn -0.9030753374 -0.2522834837 0.3475744128
v 42.12820816 51.33995056 1105.0896
vn -0.9214898944 -0.05960778892 0.3838010728
v 42.14123154 51.48646164 1105.105591
vn -0.9035244584 0.1389571279 0.4053819478
v 42.18167877 51.62998962 1105.109375
vn -0.848543644 0.3336932659 0.4106366336
v 42.24779892 51.76325989 1105.10083
vn -0.7593840361 0.5138109922 0.3991668224
v 42.33477402 51.87859344 1105.080688
vn -0.642141819 0.6701611876 0.3722067475
v 42.43577576 51.9709816 1105.051147
vn -0.5057852864 0.7959759831 0.3325710297
v 42.54348373 52.03861237 1105.015137
vn -0.3497102559 0.8939253688 0.280357182
v 42.66732407 52.08721924 1104.96936
vn -0.1832618564 0.9583776593 0.2189232111
v 42.79971313 52.11021805 1104.91626
vn -0.002817896428 0.9892013669 0.146535784
v 42.93538666 52.10456848 1104.857544
vn 0.1809370071 0.9812088609 0.06701482832
v 43.06672668 52.06920242 1104.796265
vn 0.3593089879 0.9330794215 -0.01611929014
v 43.18703842 52.00558853 1104.735596
vn 0.5219273567 0.8473308682 -0.09809329361
v 43.2894516 51.9184761 1104.679077
vn 0.6607499123 0.7300208211 -0.1745827198
v 43.3697052 51.81493759 1104.629639
vn 0.7700760365 0.5903580189 -0.2417856455
v 43.8163681 51.45019531 1105.391724
vn 0.9075158834 0.2506126165 -0.3370582461
v 43.77782059 51.58101273 1105.426392
vn 0.856546402 0.4263372719 -0.2908003032
v 43.83045197 51.30873871 1105.365601
vn 0.926230371 0.05782996491 -0.3724957108
v 43.81752396 51.16215134 1105.349854
vn 0.9084054232 -0.1405954957 -0.3937417269
v 43.77701187 51.01858521 1105.345825
vn 0.8533014655 -0.3354739547 -0.3991664946
v 43.71066284 50.88534546 1105.354004
vn 0.7638428211 -0.5154851675 -0.3883544505
v 43.62332153 50.77009201 1105.373413
vn 0.6462050676 -0.6715812087 -0.3624882102
v 43.52184296 50.67782211 1105.401855
vn 0.5093391538 -0.7971152663 -0.3243160546
v 43.41359329 50.61034393 1105.436646
vn 0.3525803983 -0.8948084116 -0.2738704085
v 43.28909683 50.56193542 1105.480835
vn 0.1852937043 -0.9590026736 -0.2144298702
v 43.15597153 50.53916931 1105.532349
vn 0.003837154247 -0.9895278215 -0.1442912966
v 43.01950455 50.54507828 1105.589355
vn -0.1808824837 -0.981205821 -0.06720627844
v 42.88736725 50.58071899 1105.648804
vn -0.3602836728 -0.9327453971 0.01348094642
v 42.76628876 50.64460373 1105.707764
vn -0.5238736868 -0.8466929197 0.09309912473
v 42.6631813 50.73197556 1105.762817
vn -0.663616538 -0.7290869355 0.16746746
v 42.58234406 50.83574295 1105.810913
vn -0.773724854 -0.5891680717 0.2328751087
v 42.52506638 50.94810867 1105.850708
vn -0.8566947579 -0.4263969362 0.2902752757
v 42.48652267 51.07893372 1105.885376
vn -0.9076937437 -0.2506378889 0.3365601301
v 42.47243881 51.22038269 1105.911499
vn -0.9264274836 -0.05784712359 0.3720024526
v 42.48536301 51.36697769 1105.927246
vn -0.9085937142 0.1407030225 0.393268466
v 42.52587509 51.51053619 1105.931152
vn -0.8535060883 0.3355198801 0.3986900151
v 42.59222412 51.64377594 1105.923096
vn -0.7640980482 0.5154663324 0.3878771067
v 42.67956543 51.75902939 1105.903687
vn -0.6464050412 0.671648562 0.3620066047
v 42.78104401 51.85129929 1105.875244
vn -0.5094645619 0.7972380519 0.3238168657
v 42.88929367 51.9187851 1105.840454
vn -0.3526785076 0.8949282765 0.2733519077
v 43.01379013 51.9671936 1105.796143
vn -0.1853111386 0.9591291547 0.2138482183
v 43.14691544 51.98995209 1105.744629
vn -0.003967765719 0.9896062016 0.1437491924
v 43.28338242 51.98404312 1105.687744
vn 0.1807879657 0.9812612534 0.06664905697
v 43.41551971 51.9484024 1105.628296
vn 0.3602071702 0.9327666163 -0.01404505689
v 43.53659821 51.88451385 1105.569214
vn 0.5237823129 0.8466886282 -0.09365092218
v 43.63970566 51.79714966 1105.514282
vn 0.6635118127 0.7290560603 -0.1680158824
v 43.72054291 51.69337845 1105.466064
vn 0.7736055851 0.5891088247 -0.2334206998
v 44.15731812 51.33023453 1106.237671
vn 0.9127810001 0.2482860535 -0.3243221343
v 44.1183548 51.46124268 1106.271362
vn 0.8613672256 0.4242027998 -0.279461056
v 44.17167664 51.18863678 1106.212158
vn 0.9317730665 0.05537112802 -0.3587937355
v 44.15886688 51.04195023 1106.196655
vn 0.9139860868 -0.1431914419 -0.3796388507
v 44.11828613 50.89834976 1106.192627
vn 0.8586933017 -0.338047415 -0.3851879239
v 44.05170059 50.76514435 1106.200195
vn 0.768923521 -0.5177628398 -0.3750709593
v 43.96396255 50.64998245 1106.218628
vn 0.6506404877 -0.6736882925 -0.3504441082
v 43.86196899 50.5578537 1106.245972
vn 0.513027966 -0.7989252806 -0.3138800561
v 43.75312805 50.49054337 1106.279419
vn 0.3554139435 -0.896235466 -0.2654107511
v 43.62791061 50.44235229 1106.322021
vn 0.187233448 -0.9599853158 -0.2082590461
v 43.49398041 50.41985321 1106.371582
vn 0.004724229686 -0.9900357127 -0.1407373399
v 43.35664749 50.42605209 1106.426514
vn -0.1811742634 -0.9812041521 -0.06644049287
v 43.22363281 50.46199417 1106.484009
vn -0.3616940975 -0.9322273731 0.01138015836
v 43.10170746 50.5261879 1106.540894
vn -0.5263566375 -0.8456723094 0.08824384958
v 42.99783325 50.61384964 1106.594116
vn -0.6669917703 -0.7276636362 0.1600864977
v 42.91635132 50.7178688 1106.640747
vn -0.777875483 -0.5873875022 0.2233508825
v 42.85856247 50.83045197 1106.679321
vn -0.8615042567 -0.424280107 0.2789207101
v 42.81959915 50.96145248 1106.712891
vn -0.9129682183 -0.2482399344 0.3238302171
v 42.80524063 51.10305023 1106.738403
vn -0.9319630265 -0.05538769439 0.3582975268
v 42.8180542 51.24973297 1106.753906
vn -0.9141882658 0.1432478577 0.3791303337
v 42.85863113 51.39332581 1106.757935
vn -0.8589043617 0.3380834162 0.384685427
v 42.92521667 51.52654266 1106.750366
vn -0.7691404819 0.517790854 0.3745871484
v 43.01295471 51.64170456 1106.731934
vn -0.6508828402 0.6737204194 0.3499318957
v 43.11494827 51.73383331 1106.704712
vn -0.5131863356 0.7990370989 0.3133361936
v 43.22378922 51.80115128 1106.671143
vn -0.3555522263 0.896337688 0.2648798525
v 43.34900665 51.8493309 1106.628662
vn -0.1872862577 0.9600955844 0.2077025473
v 43.48293686 51.87183762 1106.578979
vn -0.004747827537 0.9901185632 0.1401522905
v 43.62026978 51.86564255 1106.524048
vn 0.1811095476 0.9812547565 0.06586713344
v 43.75328827 51.82969284 1106.466675
vn 0.3616498709 0.9322372079 -0.01196469273
v 43.87520981 51.7654953 1106.409668
vn 0.5262671113 0.8456692696 -0.08880550414
v 43.97908401 51.67784119 1106.356445
vn 0.6669046879 0.7276200652 -0.1606460065
v 44.06056595 51.57381821 1106.309814
vn 0.7777869105 0.5872882605 -0.2239198089
v 44.49692917 51.20869064 1107.121338
vn 0.9179104567 0.247893557 -0.3098212183
v 44.45748901 51.33990097 1107.153809
vn 0.8656440377 0.4239104092 -0.2663839161
v 44.51161194 51.06692505 1107.09668
vn 0.9376068115 0.05499261618 -0.3433209956
v 44.4989357 50.9201355 1107.081543
vn 0.9203470945 -0.143555671 -0.3638035059
v 44.45829391 50.77650452 1107.077271
vn 0.8652970791 -0.3385162652 -0.3696859777
v 44.39144135 50.64333344 1107.084351
vn 0.7754309773 -0.5183964372 -0.3605161905
v 44.30326462 50.52827835 1107.101685
vn 0.6570109129 -0.6741815805 -0.3373660445
v 44.20069122 50.43630981 1107.127563
vn 0.5187174678 -0.7995704412 -0.3026868403
v 44.09118652 50.36919785 1107.159424
vn 0.360383302 -0.8968328238 -0.2565439641
v 43.96515656 50.32125854 1107.200073
vn 0.1913352162 -0.9605076909 -0.2020292133
v 43.83031464 50.29906082 1107.247437
vn 0.007850162685 -0.9904702306 -0.1375031471
v 43.69200134 50.3055954 1107.299927
vn -0.1792334467 -0.9815652966 -0.06636985391
v 43.55798721 50.34189606 1107.35498
vn -0.3610681593 -0.9325028658 0.008257514797
v 43.43510056 50.40644455 1107.409546
vn -0.5270966291 -0.8458310366 0.08209127933
v 43.3303566 50.49442673 1107.460571
vn -0.669049859 -0.7276726365 0.1512111127
v 43.24813843 50.59873962 1107.505371
vn -0.7811148763 -0.5872282982 0.2121850252
v 43.18976593 50.71156311 1107.54248
vn -0.8657563329 -0.424046129 0.2658023536
v 43.15032578 50.84278107 1107.574951
vn -0.9180833101 -0.2479555905 0.3092589676
v 43.13564301 50.98455048 1107.599609
vn -0.9378027916 -0.0549926199 0.3427852094
v 43.14831924 51.1313324 1107.614746
vn -0.920544982 0.1436027437 0.3632838726
v 43.18896103 51.27495956 1107.618896
vn -0.8654983044 0.3385954201 0.3691420555
v 43.25580978 51.40813065 1107.611938
vn -0.7757155895 0.5183385015 0.3599868417
v 43.34399033 51.52319717 1107.594604
vn -0.6571477652 0.674317956 0.3368264735
v 43.44655991 51.6151619 1107.568726
vn -0.518896997 0.7996586561 0.3021455109
v 43.55606842 51.68227768 1107.536865
vn -0.3604687154 0.8969631195 0.2559676766
v 43.68209457 51.73020554 1107.496216
vn -0.191463083 0.9605999589 0.2014686614
v 43.81694031 51.75240326 1107.448853
vn -0.007866811939 0.9905523062 0.1369097382
v 43.95524979 51.74586868 1107.396362
vn 0.1792203635 0.981607914 0.0657722652
v 44.08926773 51.70956802 1107.341309
vn 0.3610530198 0.9325032234 -0.008856801316
v 44.21215439 51.64501953 1107.286743
vn 0.5270453095 0.845805347 -0.08268372715
v 44.31689453 51.55703735 1107.235718
vn 0.6689580679 0.727637887 -0.1517834365
v 44.39911652 51.45273209 1107.190796
vn 0.781019628 0.5871462226 -0.2127620131
v 44.79945374 51.09827805 1107.953491
vn 0.9244903922 0.2439709455 -0.2929089963
v 44.75951767 51.22971344 1107.984741
vn 0.8718117476 0.420399487 -0.2514130771
v 44.81446838 50.9563446 1107.92981
vn 0.9443413019 0.05068228766 -0.3250397146
v 44.8019371 50.80945587 1107.915039
vn 0.9269464016 -0.1479029357 -0.3448116183
v 44.7612381 50.66579056 1107.910767
vn 0.8715248704 -0.3426868021 -0.3507280946
v 44.69412613 50.53266144 1107.916992
vn 0.7810168862 -0.5222871304 -0.3423869014
v 44.60550308 50.41771698 1107.93335
vn 0.6617410779 -0.6776400805 -0.3207844496
v 44.50234985 50.32591248 1107.957642
vn 0.5225976706 -0.8023920655 -0.2881989479
v 44.39216614 50.25901031 1107.987793
vn 0.3631357551 -0.8990389109 -0.2446661144
v 44.26531601 50.2113533 1108.026245
vn 0.1927883178 -0.9620392919 -0.1931657791
v 44.12954712 50.18945694 1108.071289
vn 0.007878912613 -0.9912063479 -0.1320905685
v 43.99023819 50.19634247 1108.121216
vn -0.1805032939 -0.9814428091 -0.06471942365
v 43.85520554 50.23301697 1108.173584
vn -0.3636437058 -0.9315184951 0.00604715012
v 43.7313385 50.29792404 1108.225586
vn -0.5308365822 -0.8440482616 0.07612541318
v 43.62570572 50.38624954 1108.274292
vn -0.6737914681 -0.7251873016 0.1418042779
v 43.54272842 50.49086761 1108.317139
vn -0.7866111398 -0.5842294693 0.1997969747
v 43.48376083 50.60394287 1108.352661
vn -0.8719090819 -0.4205243587 0.2508662045
v 43.44382477 50.73537827 1108.383789
vn -0.9246346951 -0.2440495044 0.2923876643
v 43.4288063 50.87730408 1108.407593
vn -0.944514811 -0.05081222951 0.3245148957
v 43.44133759 51.02419281 1108.422241
vn -0.927134335 0.1479055136 0.3443050086
v 43.48203659 51.16786575 1108.426636
vn -0.8717176318 0.3427034914 0.3502323329
v 43.54915237 51.30098724 1108.420288
vn -0.7812302709 0.5222989917 0.3418815732
v 43.63777161 51.41593933 1108.404053
vn -0.6618662477 0.6777651906 0.320261538
v 43.74092865 51.50773621 1108.379639
vn -0.5226860046 0.8025283217 0.2876589298
v 43.85110855 51.57463837 1108.349487
vn -0.363196969 0.8991661668 0.2441068739
v 43.97795868 51.62230301 1108.311035
vn -0.1928852797 0.9621342421 0.192595467
v 44.11372757 51.64419174 1108.266113
vn -0.007939198054 0.9912840128 0.1315028816
v 44.25304031 51.63730621 1108.216187
vn 0.1805267036 0.9814786911 0.06410649419
v 44.38806915 51.60063934 1108.163818
vn 0.3636764884 0.9315014482 -0.006665105466
v 44.51193619 51.53572464 1108.111694
vn 0.530818522 0.8440058231 -0.07671959698
v 44.61757278 51.44740677 1108.062988
vn 0.6737521887 0.7251080871 -0.1423946172
v 44.70054626 51.3427887 1108.020142
vn 0.7865704298 0.5840842128 -0.2003811449
v 45.09596634 50.98748016 1108.826538
vn 0.9310390353 0.2420687973 -0.2730731964
v 45.05546188 51.11916733 1108.856079
vn 0.8775800467 0.4185734987 -0.2337723225
v 45.11136627 50.84535599 1108.803833
vn 0.9515185952 0.04853500053 -0.3037379086
v 45.09901428 50.69834137 1108.789673
vn 0.9344762564 -0.1500864029 -0.3228439987
v 45.05825424 50.55464172 1108.785156
vn 0.8790735006 -0.3449231386 -0.3290255666
v 44.99084854 50.42156601 1108.790771
vn 0.788308084 -0.5244134068 -0.3218089342
v 44.90172577 50.30675507 1108.805664
vn 0.6684622169 -0.6796320081 -0.3020903468
v 44.7979126 50.21515274 1108.828125
vn 0.5285856128 -0.8041118979 -0.2720318139
v 44.68696594 50.14849854 1108.856201
vn 0.3680824041 -0.9004884958 -0.2315939665
v 44.55918121 50.10115051 1108.891968
vn 0.1967009902 -0.9631041884 -0.1836818457
v 44.42235947 50.07963562 1108.93396
vn 0.01035428699 -0.9918915033 -0.1266648173
v 44.28190994 50.08692169 1108.980835
vn -0.1794915795 -0.9816976786 -0.06365875155
v 44.14572525 50.12401581 1109.029907
vn -0.36416623 -0.9313301444 0.002669243142
v 44.02073288 50.18935776 1109.078735
vn -0.5328549147 -0.8434313536 0.06847759336
v 43.91408539 50.27808762 1109.124634
vn -0.6772276759 -0.7241459489 0.1302894503
v 43.83024216 50.3830452 1109.164917
vn -0.7912895679 -0.5827839375 0.184996441
v 43.77058411 50.496418 1109.198486
vn -0.877603054 -0.4188322425 0.2332219034
v 43.73008347 50.62810516 1109.228027
vn -0.9311728477 -0.2420707047 0.2726149857
v 43.71467972 50.77022934 1109.25061
vn -0.9516572952 -0.04875182733 0.303268224
v 43.72703552 50.91724014 1109.264893
vn -0.9346327186 0.1500513256 0.3224069774
v 43.76779175 51.06093597 1109.269287
vn -0.8792694807 0.3448635936 0.3285640478
v 43.83519745 51.19401932 1109.263794
vn -0.7884971499 0.5244209766 0.3213329613
v 43.92432022 51.30883026 1109.248901
vn -0.6685643196 0.679748714 0.3016015291
v 44.02813721 51.40043259 1109.226318
vn -0.5286529064 0.8042418361 0.2715164721
v 44.13908005 51.46707916 1109.198364
vn -0.368150413 0.9006021023 0.2310434878
v 44.26686478 51.51443481 1109.162476
vn -0.1966585964 0.9632268548 0.183082968
v 44.40368652 51.53594971 1109.120483
vn -0.01036406774 0.9919678569 0.1260650903
v 44.54413605 51.52865601 1109.07373
vn 0.1795599908 0.9817257524 0.06302958727
v 44.68032455 51.49156189 1109.024658
vn 0.3642503917 0.9312951565 -0.003306691535
v 44.80531311 51.42621994 1108.97583
vn 0.5329110026 0.8433454633 -0.06909599155
v 44.91196442 51.33749008 1108.929932
vn 0.6772225499 0.7240467668 -0.1308658719
v 44.99580383 51.2325325 1108.889526
vn 0.7912552953 0.5826563835 -0.1855441779
v 45.37217331 50.88111496 1109.712036
vn 0.9382552505 0.2392096221 -0.2499115765
v 45.33103943 51.01309204 1109.739502
vn 0.8839664459 0.4161446393 -0.2131358981
v 45.38800812 50.73877335 1109.690674
vn 0.9592841864 0.04555380344 -0.278744787
v 45.37585068 50.59162903 1109.677246
vn 0.9424871802 -0.153275907 -0.2970258892
v 45.33503342 50.44789505 1109.672607
vn 0.8871015906 -0.347866863 -0.3033799231
v 45.26731491 50.314888 1109.677124
vn 0.7959421277 -0.5272682905 -0.2974294424
v 45.17765045 50.20022964 1109.69043
vn 0.6753482223 -0.6823164821 -0.2799088955
v 45.0731163 50.10886002 1109.710815
vn 0.5346031785 -0.8064211011 -0.2527537346
v 44.96133423 50.04249191 1109.736206
vn 0.3730007112 -0.9023547173 -0.215931505
v 44.83252716 49.99550247 1109.768921
vn 0.200297907 -0.9644888043 -0.1721687913
v 44.69454956 49.97440338 1109.807373
vn 0.01255338546 -0.9927020669 -0.1199373901
v 44.55285263 49.98215866 1109.850342
vn -0.1789267957 -0.9819041491 -0.0620437935
v 44.41539383 50.01973724 1109.895386
vn -0.365242064 -0.9309120774 -0.0009537977166
v 44.28917313 50.08556747 1109.940552
vn -0.5355074406 -0.8424110413 0.05979479104
v 44.1814003 50.17474365 1109.98291
vn -0.6813319325 -0.722563684 0.1169979572
v 44.09660339 50.28009796 1110.020264
vn -0.7966524959 -0.5806903839 0.1677602082
v 44.03618622 50.3937912 1110.051392
vn -0.8840042353 -0.4163502455 0.2125770003
v 43.99505234 50.52576828 1110.078979
vn -0.9383660555 -0.2393217832 0.2493877411
v 43.97921753 50.66810226 1110.10022
vn -0.9594277143 -0.04566577077 0.278232038
v 43.99137497 50.8152504 1110.11377
vn -0.9426717162 0.1530996412 0.2965307534
v 44.03219223 50.95898438 1110.118408
vn -0.8872407079 0.3479276597 0.3029030263
v 44.09991455 51.09199524 1110.113892
vn -0.7960830331 0.5273400545 0.2969246507
v 44.1895752 51.20665359 1110.100586
vn -0.6754556894 0.6824321151 0.2793672681
v 44.29411316 51.29802322 1110.0802
vn -0.5346729755 0.8065500259 0.2521941662
v 44.40589142 51.36439896 1110.05481
vn -0.3730602264 0.9024680853 0.2153541744
v 44.53469849 51.41138077 1110.022095
vn -0.20022735 0.9646138549 0.1715491861
v 44.6726799 51.43247986 1109.983643
vn -0.01243543718 0.9927806854 0.1192973256
v 44.81437302 51.42472458 1109.940674
vn 0.1790765971 0.9819181561 0.06138693169
v 44.95183563 51.38713455 1109.895508
vn 0.3653815687 0.9308577776 0.0003053180117
v 45.07805634 51.32131577 1109.850464
vn 0.5356304646 0.8422871232 -0.06043526158
v 45.18582916 51.23213959 1109.808105
vn 0.6813770533 0.722423017 -0.1176022887
v 45.27062225 51.12677765 1109.770752
vn 0.796607554 0.5805921555 -0.1683128476
v 45.62429047 50.78024292 1110.609619
vn 0.9456301332 0.2362747639 -0.2235126644
v 45.58250427 50.91252518 1110.634888
vn 0.8904966116 0.4135679603 -0.189676851
v 45.64057541 50.63766861 1110.589844
vn 0.9672452807 0.04243688658 -0.2502712607
v 45.62862396 50.49038696 1110.577148
vn 0.9507226944 -0.1565746665 -0.2676018178
v 45.5877533 50.34661865 1110.572388
vn 0.8952645659 -0.3511809111 -0.2741775811
v 45.51971436 50.21368027 1110.575928
vn 0.8037879467 -0.5303170085 -0.269608587
v 45.42949295 50.09918976 1110.58728
vn 0.6825483441 -0.6850790977 -0.2545473576
v 45.32421875 50.00806808 1110.605103
vn 0.5407967567 -0.8088973165 -0.2307032496
v 45.21158218 49.94200134 1110.627686
vn 0.378031671 -0.9043737054 -0.1979905069
v 45.08172226 49.895401 1110.65686
vn 0.2040199339 -0.965975821 -0.158954829
v 44.94255066 49.87474823 1110.691284
vn 0.01480285265 -0.9935795069 -0.1121636331
v 44.79957199 49.88300323 1110.729736
vn -0.1783195287 -0.9821356535 -0.06009703875
v 44.66080093 49.92110443 1110.770386
vn -0.3663155437 -0.9304773211 -0.004985744599
v 44.53330612 49.98744202 1110.811157
vn -0.5381913185 -0.8413392305 0.04998373985
v 44.42437744 50.07709885 1110.849609
vn -0.6855024099 -0.7209022641 0.1019133553
v 44.33859634 50.18287277 1110.883545
vn -0.8021000624 -0.5785216093 0.1481492668
v 44.27739334 50.29691315 1110.911987
vn -0.8905437589 -0.4137350619 0.1890902966
v 44.23560715 50.42919922 1110.937378
vn -0.945725143 -0.2364371717 0.2229381502
v 44.2193222 50.5717659 1110.957031
vn -0.9673905373 -0.04247717559 0.2497022003
v 44.23127365 50.71904755 1110.969849
vn -0.9509070516 0.1564486325 0.2670198381
v 44.27214432 50.86281586 1110.974609
vn -0.8954150677 0.3512430191 0.2736059129
v 44.34018707 50.99576187 1110.971069
vn -0.8038609028 0.5304973722 0.2690356076
v 44.43040466 51.11025238 1110.959595
vn -0.682569325 0.6852799654 0.253949672
v 44.53567886 51.20137024 1110.941772
vn -0.5408784747 0.8090174794 0.2300895751
v 44.64831543 51.2674408 1110.919312
vn -0.3780649602 0.9044962525 0.1973661184
v 44.77817535 51.31404495 1110.890137
vn -0.203920275 0.9661028981 0.1583087444
v 44.91734695 51.33468628 1110.855713
vn -0.01461815927 0.9936574697 0.1114951447
v 45.06032562 51.32643127 1110.817139
vn 0.1785175204 0.9821404815 0.05942672119
v 45.19909668 51.28833389 1110.776489
vn 0.3664909899 0.9304115176 0.004327187315
v 45.32659149 51.22200012 1110.735718
vn 0.5383315086 0.8412110806 -0.05062739924
v 45.43552017 51.13234329 1110.697388
vn 0.6855688095 0.7207512259 -0.1025335118
v 45.52130127 51.02656174 1110.66333
vn 0.8020746112 0.5784041882 -0.1487443894
v 45.84828949 50.68602753 1111.517456
vn 0.9527422786 0.2332717627 -0.1945929378
v 45.80588531 50.81861877 1111.540283
vn 0.8968051672 0.4109019339 -0.1640126705
v 45.86499786 50.54322815 1111.49939
vn 0.9749270678 0.03924283013 -0.2190369368
v 45.8532486 50.39580536 1111.487427
vn 0.95869416 -0.1598455906 -0.2352762669
v 45.81232452 50.25200272 1111.482544
vn 0.9031528831 -0.3545587063 -0.2420804501
v 45.74398422 50.11912537 1111.484985
vn 0.8112968206 -0.5335387588 -0.2390270233
v 45.65323639 50.00479889 1111.494385
vn 0.6894430518 -0.6879664063 -0.2266505957
v 45.5472641 49.91392136 1111.509521
vn 0.5468340516 -0.8113998771 -0.2064042389
v 45.433815 49.84815216 1111.528931
vn 0.3829374015 -0.9064218402 -0.1782088578
v 45.30295944 49.8019371 1111.554321
vn 0.2076065093 -0.9675031304 -0.1443512589
v 45.16266251 49.78173447 1111.584351
vn 0.01694736816 -0.9944841862 -0.1035083532
v 45.01846313 49.79048157 1111.618164
vn -0.1777325273 -0.9823774099 -0.05784294754
v 44.87844849 49.82910156 1111.654053
vn -0.3673347831 -0.9300423265 -0.009295100346
v 44.74974823 49.8959465 1111.690186
vn -0.5407756567 -0.840246737 0.03933370486
v 44.63972092 49.98608017 1111.724243
vn -0.6895108819 -0.719215095 0.0854658708
v 44.55300522 50.09228516 1111.754639
vn -0.8073267937 -0.5763368607 0.1267251968
v 44.49105453 50.20666504 1111.780151
vn -0.8968505263 -0.4110387564 0.163420707
v 44.44865036 50.33924866 1111.802979
vn -0.9528193474 -0.2334374189 0.1940160841
v 44.43193817 50.48205566 1111.821045
vn -0.9750499129 -0.03927787766 0.2184831202
v 44.44369125 50.62947083 1111.833008
vn -0.9588397741 0.1598213166 0.2346985936
v 44.48461533 50.7732811 1111.837891
vn -0.9032839537 0.3546290696 0.2414876968
v 44.55295563 50.90615845 1111.835449
vn -0.8113858104 0.533667624 0.238436535
v 44.64369965 51.02047729 1111.82605
vn -0.6894518733 0.6881601214 0.226034835
v 44.74967575 51.11135483 1111.810913
vn -0.5468216538 0.8115677238 0.2057763934
v 44.86312485 51.17712402 1111.791504
vn -0.3828985095 0.9065634608 0.1775708944
v 44.99398041 51.2233429 1111.766113
vn -0.2074653208 0.9676321149 0.1436879933
v 45.13427734 51.24354935 1111.736084
vn -0.01675461605 0.9945560694 0.1028470546
v 45.27847672 51.23479462 1111.702271
vn 0.1779593378 0.9823755026 0.05717336759
v 45.41849136 51.19618225 1111.666382
vn 0.36754179 0.9299669266 0.008634061553
v 45.54719162 51.12933731 1111.630371
vn 0.5409387946 0.8401113749 -0.0399765335
v 45.65721893 51.03919601 1111.596191
vn 0.6895882487 0.7190673947 -0.08608220518
v 45.74393463 50.93299866 1111.565796
vn 0.807330966 0.5761983991 -0.1273269653
v 46.04204559 50.59911346 1112.43457
vn 0.9591303468 0.2303973883 -0.1642740816
v 45.99908066 50.73199081 1112.454834
vn 0.9024569392 0.4083762765 -0.1371140629
v 46.05913544 50.45608902 1112.418335
vn 0.9818301201 0.03610132635 -0.186296314
v 46.04756546 50.30853271 1112.407227
vn 0.9658670425 -0.1629792303 -0.2013420761
v 46.00659561 50.16468048 1112.4021
vn 0.9102862477 -0.3577235639 -0.208357498
v 45.93798065 50.03186798 1112.403442
vn 0.8180838823 -0.5365948081 -0.2068930268
v 45.84676361 49.91770172 1112.410767
vn 0.6956472397 -0.690751493 -0.1973253787
v 45.7401619 49.82705688 1112.423096
vn 0.5522514582 -0.8138237596 -0.1808570623
v 45.62598419 49.76156616 1112.439331
vn 0.3873827755 -0.9083836079 -0.1573970616
v 45.49423218 49.71571732 1112.460571
vn 0.2109032124 -0.9689623713 -0.1289642751
v 45.35292435 49.69593048 1112.486206
vn 0.01888676547 -0.995359242 -0.09435714036
v 45.20763016 49.70514679 1112.515137
vn -0.1771720946 -0.9826191664 -0.0554042384
v 45.0664978 49.74425888 1112.545898
vn -0.3682256937 -0.9296348691 -0.01374237798
v 44.93671417 49.81159592 1112.577026
vn -0.54308635 -0.839202106 0.0282310769
v 44.82570267 49.90219498 1112.606689
vn -0.6931014061 -0.7175993323 0.06827587634
v 44.73814774 50.00878906 1112.633301
vn -0.8120112419 -0.574244976 0.104309231
v 44.67552567 50.12351227 1112.655762
vn -0.9024793506 -0.4085187912 0.1365408152
v 44.63256454 50.25638962 1112.676025
vn -0.9591991305 -0.2305176258 0.1637029648
v 44.61547089 50.39941025 1112.692261
vn -0.9819326401 -0.03617588431 0.1857406795
v 44.62704468 50.54696655 1112.703369
vn -0.9659773111 0.1629933417 0.200800851
v 44.66801453 50.6908226 1112.708496
vn -0.9103871584 0.357796222 0.2077910304
v 44.73662567 50.8236351 1112.707153
vn -0.8181475997 0.5367251039 0.2063022703
v 44.82784271 50.93780518 1112.699829
vn -0.6956316829 0.6909410954 0.1967155486
v 44.93444824 51.02845383 1112.6875
vn -0.5521938801 0.8140003681 0.180236876
v 45.04862595 51.09393692 1112.671265
vn -0.3873110712 0.9085229635 0.156768024
v 45.18037415 51.1397934 1112.650024
vn -0.2107209265 0.9690902829 0.1282992065
v 45.32168579 51.1595726 1112.62439
vn -0.01865386032 0.9954271913 0.09368398041
v 45.46697617 51.15035248 1112.595459
vn 0.1774230301 0.9826110005 0.05474156886
v 45.60810852 51.1112442 1112.564697
vn 0.3684638441 0.9295499921 0.01308407355
v 45.73789215 51.04390335 1112.533569
vn 0.5432754159 0.8390578628 -0.02887361683
v 45.84890366 50.95331573 1112.503906
vn 0.6932014823 0.7174444199 -0.06888537854
v 45.9364624 50.84671021 1112.477295
vn 0.8120466471 0.574088037 -0.1048960388
v 46.20432281 50.51992035 1113.359253
vn 0.9645500183 0.2277644873 -0.1332914829
v 46.16088104 50.65307999 1113.376953
vn 0.9072540998 0.4060361087 -0.1096572727
v 46.22174454 50.3766861 1113.344849
vn 0.9876946807 0.03321242705 -0.1528273672
v 46.21032715 50.22899628 1113.334717
vn 0.9719390869 -0.1659944206 -0.1666739881
v 46.16931534 50.08510971 1113.329468
vn 0.9163582921 -0.3606343269 -0.1738687009
v 46.1004715 49.95234299 1113.32959
vn 0.823884666 -0.5393871665 -0.1739985943
v 46.00884628 49.83831406 1113.334717
vn 0.7009359002 -0.6933290362 -0.1672832817
v 45.90170288 49.74787903 1113.344238
vn 0.5568873882 -0.8160613775 -0.1546615958
v 45.78689575 49.68264771 1113.357056
vn 0.3911566734 -0.9102129936 -0.1360468566
v 45.65437698 49.63713455 1113.374268
vn 0.2137347758 -0.970315814 -0.1131576374
v 45.51219559 49.61774063 1113.395142
vn 0.02058752067 -0.9961744547 -0.08492676914
v 45.36595917 49.62740326 1113.419067
vn -0.176707387 -0.9828443527 -0.05283446237
v 45.22386932 49.66697311 1113.444702
vn -0.3689820468 -0.9292581081 -0.01821133122
v 45.09315109 49.73477173 1113.470825
vn -0.5450387597 -0.8382395506 0.01694795862
v 44.98129272 49.82579041 1113.49585
vn -0.6961598396 -0.7160902619 0.05075668171
v 44.893013 49.93277359 1113.518433
vn -0.8160099387 -0.5722729564 0.08143346012
v 44.82981491 50.04780197 1113.53772
vn -0.9072615504 -0.4061722159 0.109089829
v 44.78637314 50.18096161 1113.55542
vn -0.9645965099 -0.2278941125 0.1327321827
v 44.76895142 50.32419586 1113.569824
vn -0.9877790809 -0.03328278661 0.1522654444
v 44.7803688 50.47188568 1113.579956
vn -0.9720309973 0.1660189033 0.16611287
v 44.82138062 50.61577988 1113.585205
vn -0.9164388776 0.3607004583 0.1733061075
v 44.89022446 50.7485466 1113.585083
vn -0.823916316 0.5395286679 0.1734091789
v 44.98184967 50.86257172 1113.579956
vn -0.7008785009 0.6935343742 0.1666716039
v 45.08899307 50.95301437 1113.570312
vn -0.5567749739 0.8162555695 0.1540406346
v 45.2038002 51.01823425 1113.557495
vn -0.3910420537 0.91035676 0.1354129165
v 45.33631897 51.06374741 1113.540405
vn -0.2135583162 0.9704299569 0.112510331
v 45.47850037 51.0831337 1113.519531
vn -0.02031556331 0.9962370992 0.08425485343
v 45.62473679 51.0734787 1113.495605
vn 0.1769724488 0.9828324318 0.05216439813
v 45.76682663 51.03391266 1113.469971
vn 0.3692387044 0.9291687012 0.01755707338
v 45.89754486 50.96611786 1113.443848
vn 0.5452506542 0.838088572 -0.01758497581
v 46.00940323 50.87509155 1113.418823
vn 0.6962947845 0.7159150839 -0.05137234554
v 46.09768295 50.76810837 1113.39624
vn 0.8160639405 0.5721119642 -0.08202159405
v 46.33465576 50.44871902 1114.290039
vn 0.9689021111 0.2253676504 -0.1021673754
v 46.29082108 50.58213806 1114.305054
vn 0.9111003876 0.4039268792 -0.08209260553
v 46.35234833 50.30528641 1114.277588
vn 0.9924009442 0.03066022508 -0.1191650033
v 46.34105682 50.15746307 1114.268311
vn 0.9768233895 -0.1686693579 -0.131782949
v 46.30001068 50.01353455 1114.262939
vn 0.9212267995 -0.3632870317 -0.1391537637
v 46.23097229 49.88080978 1114.261841
vn 0.8285452127 -0.5419117808 -0.1408704966
v 46.1390152 49.76689911 1114.264893
vn 0.7051800489 -0.6956649423 -0.1370086372
v 46.03142929 49.67665482 1114.271606
vn 0.5606007576 -0.818095386 -0.1282447726
v 45.91610336 49.61166382 1114.281006
vn 0.3942257166 -0.9118549824 -0.1144839376
v 45.78295135 49.5664444 1114.293945
vn 0.2160230726 -0.9715427756 -0.09715277702
v 45.6400528 49.54741669 1114.310059
vn 0.02199273743 -0.9969158173 -0.07533342391
v 45.49304199 49.55747223 1114.328735
vn -0.176284045 -0.983061254 -0.0501450561
v 45.35015869 49.5974617 1114.349121
vn -0.3695767224 -0.9289249778 -0.02261506766
v 45.21867752 49.66567993 1114.370117
vn -0.5465913415 -0.8373802304 0.00567563856
v 45.10612106 49.75709915 1114.390503
vn -0.6985937953 -0.7147480249 0.03319628909
v 45.01724625 49.86442566 1114.409058
vn -0.8192105293 -0.5705049038 0.05846597254
v 44.95357513 49.97974777 1114.425171
vn -0.9110978246 -0.4040530324 0.08149816096
v 44.90974045 50.11315918 1114.440063
vn -0.9689364433 -0.2254882157 0.1015737802
v 44.8920517 50.25659943 1114.452637
vn -0.9924692512 -0.0307270661 0.1185773686
v 44.9033432 50.40441513 1114.461914
vn -0.9768962264 0.1687129438 0.1311857551
v 44.94438553 50.54834366 1114.467163
vn -0.9212836623 0.3633717895 0.1385544837
v 45.01342392 50.68107605 1114.468384
vn -0.828574419 0.5420272946 0.1402530223
v 45.10538101 50.7949791 1114.465332
vn -0.7051235437 0.6958472133 0.1363721937
v 45.21297073 50.88523102 1114.458618
vn -0.5604841113 0.8182761073 0.127599895
v 45.32829285 50.95021439 1114.449219
vn -0.3940347731 0.9120196104 0.1138281301
v 45.46144867 50.99543381 1114.436157
vn -0.2157792747 0.9716621637 0.09649864584
v 45.60434723 51.01446152 1114.420044
vn -0.02170683071 0.9969716668 0.07467483729
v 45.75135422 51.00440598 1114.401367
vn 0.1765826643 0.9830411077 0.04948427901
v 45.89423752 50.9644165 1114.381104
vn 0.3698469996 0.9288330078 0.0219654087
v 46.0257225 50.89620209 1114.360107
vn 0.5468100309 0.8372329473 -0.00630959915
v 46.13827896 50.8047905 1114.339722
vn 0.6987398863 0.7145761847 -0.03381567076
v 46.22715378 50.69745255 1114.321167
vn 0.8192822933 0.5703393221 -0.05907246843
v 46.43298721 50.38569641 1115.22522
vn 0.9719288349 0.2240746468 -0.07172785699
v 46.38885117 50.5193367 1115.237549
vn 0.9136354327 0.4027767777 -0.05514653027
v 46.45088577 50.24207306 1115.214722
vn 0.9958451986 0.0292181205 -0.08624770492
v 46.43968964 50.09413147 1115.206299
vn 0.9805682898 -0.1701506078 -0.09764502198
v 46.39861679 49.95015335 1115.200928
vn 0.9251005054 -0.3648624122 -0.1051876247
v 46.32942963 49.81745911 1115.198608
vn 0.8324275017 -0.5434206724 -0.1084362939
v 46.23720932 49.7036438 1115.199463
vn 0.7088776231 -0.6971125007 -0.1073623151
v 46.12927628 49.61355972 1115.203247
vn 0.5639460087 -0.8194419146 -0.1023712978
v 46.0135498 49.54877472 1115.209229
vn 0.3971224725 -0.9130042195 -0.09336524457
v 45.8799057 49.50382233 1115.21814
vn 0.2184292376 -0.9724456072 -0.08147523552
v 45.7364502 49.48511124 1115.229492
vn 0.02379015461 -0.99754107 -0.0659230426
v 45.5888443 49.49551773 1115.243042
vn -0.1751643419 -0.9833933115 -0.04748755321
v 45.44535065 49.53587723 1115.258057
vn -0.3692462444 -0.9289423227 -0.02689601667
v 45.31327438 49.60447311 1115.273926
vn -0.5470491052 -0.8370835781 -0.005328302737
v 45.20018005 49.69624329 1115.289551
vn -0.6998204589 -0.7141387463 0.01603532396
v 45.11084747 49.8038826 1115.304077
vn -0.8211376071 -0.5695930719 0.03601045907
v 45.04681396 49.91946411 1115.316895
vn -0.9136096239 -0.4029201567 0.05452385917
v 45.0026741 50.05312347 1115.329224
vn -0.9719469547 -0.2241949141 0.07110378146
v 44.98477554 50.19673538 1115.339844
vn -0.9958977699 -0.02927829139 0.08561816812
v 44.99597168 50.34468079 1115.348145
vn -0.9806215763 0.1702087075 0.09700663388
v 45.03704453 50.48865891 1115.353516
vn -0.9251309037 0.3649742305 0.1045303494
v 45.1062355 50.62135315 1115.355835
vn -0.8324189782 0.5435640216 0.1077813804
v 45.198452 50.73516083 1115.35498
vn -0.708789885 0.6973033547 0.1067001969
v 45.30638885 50.82525253 1115.351196
vn -0.5638301373 0.8196047544 0.101703696
v 45.42211151 50.89002991 1115.345215
vn -0.3969328105 0.9131550789 0.09269408137
v 45.55575562 50.9349823 1115.336304
vn -0.2181663066 0.9725605845 0.08080422878
v 45.69921112 50.95370102 1115.324951
vn -0.02350970544 0.9975913167 0.06526006758
v 45.84681702 50.9432869 1115.311523
vn 0.175503239 0.9833644629 0.04682900384
v 45.99031448 50.90292358 1115.296387
vn 0.3695472479 0.928841114 0.02624872141
v 46.12238693 50.83433533 1115.280518
vn 0.5472906232 0.8369295001 0.004694065079
v 46.23548126 50.74256516 1115.264893
vn 0.6999736428 0.7139743567 -0.01666075736
v 46.32481766 50.63492203 1115.250366
vn 0.8212156892 0.5694406033 -0.03663560376
v 46.49695206 50.33333206 1116.119995
vn 0.9746134281 0.2202083766 -0.04045958817
v 46.45261383 50.46717834 1116.129639
vn 0.9163951874 0.3993272483 -0.02752462216
v 46.51498795 50.18955612 1116.111206
vn 0.9983130097 0.02509029768 -0.05236083269
v 46.50384903 50.04150772 1116.10376
vn 0.9827006459 -0.174359411 -0.06243543327
v 46.46275711 49.89748001 1116.098145
vn 0.9268069863 -0.3689416051 -0.07007801533
v 46.39346313 49.76479721 1116.094849
vn 0.8336265683 -0.547231555 -0.07486236095
v 46.30106735 49.65106201 1116.09375
vn 0.7096146345 -0.7004139423 -0.07659874856
v 46.1928978 49.56110382 1116.094727
vn 0.5642362237 -0.8221587539 -0.07544856519
v 46.0769043 49.49647903 1116.097656
vn 0.3968768418 -0.9150984287 -0.07129944861
v 45.94292831 49.45174789 1116.102539
vn 0.2175804973 -0.9738763571 -0.06498867273
v 45.79910278 49.43328094 1116.109375
vn 0.02236462012 -0.9981869459 -0.05588111281
v 45.65109253 49.44397354 1116.118164
vn -0.1770899594 -0.9831926823 -0.04439872503
v 45.50718689 49.48464584 1116.128174
vn -0.3715564013 -0.9278937578 -0.03096772544
v 45.37471771 49.55355072 1116.139282
vn -0.5496327877 -0.8352463841 -0.01634944603
v 45.2612648 49.64561081 1116.150391
vn -0.7025393248 -0.7116436362 -0.001367803081
v 45.17162704 49.75352097 1116.161255
vn -0.823880136 -0.5666126013 0.01310236473
v 45.1073494 49.86932373 1116.171021
vn -0.9163587093 -0.3994532526 0.02690401673
v 45.06301117 50.00317764 1116.180664
vn -0.9746166468 -0.2203075141 0.03983670101
v 45.04497528 50.14695358 1116.189453
vn -0.9983448386 -0.02512848005 0.05173177272
v 45.0561142 50.29499435 1116.196899
vn -0.9827318788 0.1744091511 0.06180215254
v 45.09720612 50.43902969 1116.202515
vn -0.9268177748 0.3690367341 0.06943161041
v 45.16650009 50.57170105 1116.205933
vn -0.8335930109 0.5473725796 0.0742020905
v 45.25889587 50.68544006 1116.207031
vn -0.7094914913 0.7006107569 0.07593674958
v 45.36706543 50.77539444 1116.205933
vn -0.5640876889 0.8223211765 0.0747859627
v 45.48305893 50.84002304 1116.203125
vn -0.3966657817 0.9152412415 0.0706377849
v 45.61703491 50.88476181 1116.19812
vn -0.2172894478 0.9739854336 0.06432510167
v 45.76086426 50.90322113 1116.191284
vn -0.02207083255 0.9982299805 0.05522435158
v 45.9088707 50.89252472 1116.182617
vn 0.1774222106 0.9831618667 0.04375093058
v 46.05277634 50.85185623 1116.172485
vn 0.3718646467 0.9277914762 0.03032621928
v 46.18524551 50.78295135 1116.161499
vn 0.5498842001 0.8350930214 0.01571793109
v 46.29869843 50.69089127 1116.150269
vn 0.7026997805 0.7114861012 0.0007468262338
v 46.38834 50.58298874 1116.139404
vn 0.823967576 0.5664708018 -0.01371973101
v 46.53386307 50.28514862 1117.092041
vn 0.9753236175 0.2204897851 -0.01131747756
v 46.48940659 50.41918564 1117.099121
vn 0.916680336 0.3996172845 -0.001773605007
v 46.55197525 50.14122009 1117.085205
vn 0.9994626641 0.02534186095 -0.02079019696
v 46.54087067 49.99306488 1117.078735
vn 0.9842659235 -0.1741871387 -0.02965554781
v 46.49975586 49.84897995 1117.07312
vn 0.9287466407 -0.368822813 -0.0374086909
v 46.43039322 49.71630096 1117.068604
vn 0.8358370662 -0.5472409129 -0.04363227636
v 46.337883 49.6026268 1117.06543
vn 0.7119578123 -0.7005791068 -0.04801062495
v 46.22956467 49.51276779 1117.063599
vn 0.5666071177 -0.8224422932 -0.05044805631
v 46.11339951 49.44828415 1117.063232
vn 0.3992146552 -0.9154467583 -0.05084123462
v 45.97921753 49.4037323 1117.063965
vn 0.2199046165 -0.9742528796 -0.04973202944
v 45.8351593 49.38549042 1117.066284
vn 0.02455065586 -0.9986104965 -0.04663044959
v 45.68690109 49.39644623 1117.069946
vn -0.1751565486 -0.9836601615 -0.04162843153
v 45.54274368 49.43738556 1117.074829
vn -0.3699552417 -0.9283952713 -0.03486188501
v 45.41003418 49.50656891 1117.080688
vn -0.5484856963 -0.8357332945 -0.02670853026
v 45.29636002 49.59889603 1117.08728
vn -0.7018797398 -0.7120767236 -0.01765232347
v 45.20653534 49.70704651 1117.094116
vn -0.8237252831 -0.5669286251 -0.008284231648
v 45.14211273 49.82305908 1117.100708
vn -0.9166378379 -0.3997170627 0.001153989346
v 45.09765625 49.9570961 1117.107666
vn -0.9753137231 -0.220564872 0.01069249213
v 45.07954407 50.101017 1117.114624
vn -0.9994749427 -0.02536617033 0.0201602485
v 45.09064865 50.24917984 1117.121094
vn -0.9842759967 0.174237892 0.02901672572
v 45.13176346 50.39326477 1117.126709
vn -0.928722322 0.3689489961 0.03676233813
v 45.2011261 50.52593613 1117.131226
vn -0.8357695341 0.5473956466 0.04297983274
v 45.29363632 50.63961792 1117.134399
vn -0.7118205428 0.7007632852 0.04735292867
v 45.40195465 50.72947693 1117.136108
vn -0.5664171576 0.8226134777 0.04978625849
v 45.51811981 50.79395294 1117.136597
vn -0.3989980519 0.9155775905 0.05018186942
v 45.65230179 50.83851242 1117.135742
vn -0.2196018696 0.9743545055 0.04907463863
v 45.79636002 50.85674667 1117.133545
vn -0.02423542365 0.9986482263 0.04598214477
v 45.94461823 50.84579849 1117.129883
vn 0.1754866838 0.9836281538 0.04098886997
v 46.08877563 50.80485153 1117.125
vn 0.3702772558 0.9282904267 0.03423006088
v 46.22148895 50.735672 1117.119019
vn 0.5487354398 0.8355891109 0.02608264238
v 46.3351593 50.64334106 1117.112427
vn 0.7020545006 0.7119194865 0.01703090966
v 46.42498398 50.53519058 1117.105713
vn 0.8238174915 0.5668033361 0.007665966172
v 46.53948593 50.246521 1118.037964
vn 0.9755654335 0.2190866619 0.01652647369
v 46.49499512 50.38071442 1118.04248
vn 0.9169421196 0.3983705044 0.02276160382
v 46.55761337 50.10246658 1118.032837
vn 0.9996715784 0.02382454462 0.009438013658
v 46.54650879 49.95421219 1118.027344
vn 0.9844324589 -0.1757540107 0.001802718383
v 46.50537872 49.81007385 1118.021606
vn 0.9288597107 -0.3703832924 -0.005991335027
v 46.43598557 49.67738342 1118.016113
vn 0.8359053135 -0.5487069488 -0.01352701336
v 46.34342575 49.56373978 1118.011108
vn 0.7119622827 -0.7019219398 -0.02037820779
v 46.2350502 49.47395325 1118.006714
vn 0.5665742755 -0.8235937357 -0.02620957606
v 46.11882401 49.40955734 1118.003296
vn 0.3991195858 -0.9163768291 -0.03093687259
v 45.98456573 49.36514664 1118.000366
vn 0.2197479755 -0.9749363065 -0.03478541598
v 45.8404274 49.34707642 1117.998413
vn 0.0243511349 -0.9990025163 -0.03742930293
v 45.69208527 49.35821915 1117.997437
vn -0.1754070818 -0.9837373495 -0.03864179179
v 45.54784393 49.39936829 1117.997559
vn -0.37023592 -0.9281485081 -0.03828416392
v 45.41505432 49.46876526 1117.998901
vn -0.5487792492 -0.8351761103 -0.03636150435
v 45.30131149 49.56130981 1118.001221
vn -0.7021661997 -0.7112461925 -0.03303779289
v 45.21143341 49.66964722 1118.004395
vn -0.8240049481 -0.5658590794 -0.02862378024
v 45.14696884 49.78583145 1118.008057
vn -0.9168875217 -0.3984585702 -0.02341076732
v 45.10248184 49.92001343 1118.012573
vn -0.9755406976 -0.2191461176 -0.01718596928
v 45.08435059 50.06407928 1118.0177
vn -0.9996649623 -0.0238279067 -0.0101102991
v 45.09545517 50.21232224 1118.023193
vn -0.9844195247 0.1758181751 -0.002483715769
v 45.13658524 50.35647202 1118.028931
vn -0.9288115501 0.3705145121 0.005304131657
v 45.20598221 50.48915863 1118.034424
vn -0.8358038068 0.5488780737 0.0128386654
v 45.29853821 50.60279465 1118.039429
vn -0.7118163109 0.7020894885 0.0196938552
v 45.40691376 50.69259262 1118.043823
vn -0.5663781762 0.8237498403 0.02553416789
v 45.52313995 50.75697708 1118.047241
vn -0.3988962173 0.9164963365 0.03026958741
v 45.65739822 50.80139542 1118.050171
vn -0.2194511294 0.9750264287 0.03412774578
v 45.80153656 50.81946945 1118.052124
vn -0.02401703596 0.9990346432 0.03678234294
v 45.94987869 50.80831528 1118.053101
vn 0.175728038 0.983704865 0.03800470755
v 46.09412003 50.76716614 1118.052979
vn 0.3705384731 0.9280536175 0.03765235469
v 46.22690964 50.69776917 1118.051636
vn 0.5490188599 0.8350458145 0.0357314162
v 46.34065247 50.60523605 1118.049316
vn 0.7023362517 0.7111073732 0.03240433708
v 46.43053436 50.49688721 1118.046143
vn 0.8240994215 0.5657535791 0.02798204683
v 46.5181427 50.21587753 1118.972534
vn 0.975032568 0.2181455195 0.04152173549
v 46.47368622 50.35020447 1118.974854
vn 0.9164893031 0.3975488842 0.0447464101
v 46.53624344 50.07170868 1118.968994
vn 0.9990688562 0.02281049266 0.03662040085
v 46.52511597 49.92337418 1118.964355
vn 0.9837825298 -0.1768164486 0.03013066947
v 46.48397064 49.7791748 1118.958618
vn 0.9281820059 -0.3714556396 0.0223364532
v 46.41456223 49.6464653 1118.952271
vn 0.8352290392 -0.5497326851 0.01365367975
v 46.32200623 49.53283691 1118.945557
vn 0.7113201618 -0.702853024 0.004611017648
v 46.21363831 49.44308472 1118.938965
vn 0.5659813285 -0.8244071007 -0.004252034239
v 46.09742355 49.37875748 1118.932861
vn 0.3985981941 -0.9170355201 -0.01285840664
v 45.96318817 49.33443451 1118.926636
vn 0.2193108052 -0.9754256606 -0.02115474641
v 45.81907654 49.31648254 1118.920776
vn 0.02402820252 -0.999291718 -0.02896050364
v 45.67076874 49.32777405 1118.915649
vn -0.1756002456 -0.9838117957 -0.0357616283
v 45.52656555 49.36907578 1118.911499
vn -0.3702935278 -0.9280017018 -0.04117715731
v 45.3938179 49.43864059 1118.908569
vn -0.5486924052 -0.83481884 -0.04487907514
v 45.28011322 49.53134537 1118.907104
vn -0.7019469142 -0.7106943727 -0.04673415422
v 45.19027328 49.63983917 1118.90686
vn -0.8236587048 -0.5651510954 -0.04680383205
v 45.12584305 49.75615692 1118.907959
vn -0.9164334536 -0.3976005316 -0.04542631283
v 45.08139038 49.89047241 1118.910156
vn -0.9749941826 -0.218183443 -0.0422170423
v 45.06328583 50.03464127 1118.913696
vn -0.9990431666 -0.02278667502 -0.03732922301
v 45.07441711 50.18297958 1118.918335
vn -0.9837446809 0.1769030243 -0.03084978089
v 45.11556244 50.32717514 1118.924072
vn -0.9281106591 0.371589601 -0.02306013741
v 45.18496704 50.45989227 1118.93042
vn -0.8351069093 0.5498998761 -0.0143725602
v 45.27752304 50.57352066 1118.937134
vn -0.7111469507 0.7030232549 -0.005318236537
v 45.38589096 50.66326904 1118.943726
vn -0.5657656789 0.8245583773 0.003558203112
v 45.50210571 50.72759247 1118.949951
vn -0.3983587325 0.9171487689 0.01218279917
v 45.63634109 50.77191925 1118.956177
vn -0.2190296948 0.9755028486 0.02049721219
v 45.78045273 50.78987122 1118.962036
vn -0.02370106056 0.999317944 0.02831803635
v 45.92876053 50.77858734 1118.967163
vn 0.175920859 0.9837773442 0.03512874991
v 46.07296371 50.73727417 1118.971191
vn 0.3705816269 0.927914381 0.04054892063
v 46.20571518 50.66770935 1118.974121
vn 0.5489234924 0.8347007632 0.04424576461
v 46.31941605 50.57500458 1118.975586
vn 0.7021009326 0.7105842829 0.04608950764
v 46.40925598 50.4665184 1118.97583
vn 0.823748529 0.565074563 0.04614264518
v 46.47273254 50.19236755 1119.902344
vn 0.9739758372 0.2176322937 0.06330278516
v 46.42835617 50.32678986 1119.902588
vn 0.9155479074 0.3971094489 0.06384404004
v 46.49076843 50.04809952 1119.900269
vn 0.9979285598 0.02224408835 0.06036367267
v 46.479599 49.89967728 1119.896362
vn 0.9826005101 -0.1774220318 0.05493343249
v 46.4384346 49.7554245 1119.890625
vn 0.9270054102 -0.3720661998 0.04719883576
v 46.36903763 49.62268066 1119.883545
vn 0.8341004252 -0.550332129 0.03756404668
v 46.27651215 49.50904465 1119.875366
vn 0.7102762461 -0.7034185529 0.02664561011
v 46.16819382 49.41930389 1119.866821
vn 0.565073967 -0.824900806 0.01516999118
v 46.05204773 49.3550148 1119.858398
vn 0.3978412747 -0.9174487591 0.003185359295
v 45.91789627 49.31074524 1119.849243
vn 0.2187391371 -0.9757421017 -0.008977454156
v 45.77388382 49.29286957 1119.840088
vn 0.02367403544 -0.9994931221 -0.02128450014
v 45.62569046 49.30426025 1119.831299
vn -0.175714314 -0.9838888645 -0.03297213092
v 45.48160934 49.34567642 1119.823486
vn -0.3701696396 -0.9279477596 -0.0434445478
v 45.34898376 49.41537094 1119.816895
vn -0.548317194 -0.8346472979 -0.05207856372
v 45.23539734 49.50819397 1119.812012
vn -0.7013617754 -0.7104015946 -0.05849125981
v 45.1456604 49.6167984 1119.80896
vn -0.8228772283 -0.5647699833 -0.06251373142
v 45.0813179 49.73321915 1119.807617
vn -0.9154891968 -0.3971363604 -0.06451573968
v 45.03694153 49.86764145 1119.807861
vn -0.9739283919 -0.2176434547 -0.0639905259
v 45.01890182 50.01190948 1119.809937
vn -0.9978870153 -0.02219826356 -0.06106370687
v 45.03007126 50.16033173 1119.813843
vn -0.9825465679 0.1775004268 -0.05564063042
v 45.07123566 50.30457687 1119.819458
vn -0.9269128442 0.3722060323 -0.04790882394
v 45.14063263 50.43732834 1119.82666
vn -0.8339591622 0.5504975915 -0.038268812
v 45.23316193 50.55096436 1119.834717
vn -0.7101021409 0.7035676837 -0.02734063379
v 45.34147644 50.64070511 1119.843262
vn -0.5648525953 0.8250395656 -0.01585115865
v 45.45762634 50.7049942 1119.851807
vn -0.3975919187 0.9175542593 -0.003854427487
v 45.5917778 50.74926376 1119.860962
vn -0.2184664309 0.9758089781 0.008325045928
v 45.73578644 50.76713943 1119.870117
vn -0.02337519638 0.9995135665 0.02064649202
v 45.88398361 50.75574875 1119.878784
vn 0.1760075986 0.9838573337 0.03234274685
v 46.02806091 50.71432495 1119.886719
vn 0.3704257905 0.9278747439 0.04281647503
v 46.16069031 50.64464188 1119.893188
vn 0.5485238433 0.8345507383 0.05144537613
v 46.27427673 50.55181503 1119.898071
vn 0.70149827 0.7103196383 0.05784636736
v 46.36401367 50.4432106 1119.901245
vn 0.8229610324 0.5647201538 0.06185732037
v 46.40729523 50.17516327 1120.824951
vn 0.9727388024 0.2172792852 0.08104912192
v 46.36302185 50.30967331 1120.823486
vn 0.914478898 0.3967821896 0.07932362705
v 46.42525482 50.03081894 1120.824097
vn 0.9965723753 0.02184248157 0.07978975028
v 46.41403198 49.88232803 1120.820923
vn 0.9811739922 -0.1778404862 0.07530198991
v 46.3728447 49.73801804 1120.815308
vn 0.9255578518 -0.3725075126 0.06768169254
v 46.30345917 49.60522842 1120.807617
vn 0.8326979876 -0.550750792 0.05733744055
v 46.21097565 49.49156189 1120.79834
vn 0.708973825 -0.7038014531 0.04494054243
v 46.10272598 49.40182114 1120.788208
vn 0.5639023781 -0.8252456784 0.03136345744
v 45.98666763 49.33753967 1120.777832
vn 0.3968695104 -0.9177241921 0.01664148644
v 45.85263062 49.29330063 1120.766357
vn 0.2179679424 -0.9759550095 0.001334928325
v 45.70875549 49.27547073 1120.754517
vn 0.0231534373 -0.9996246099 -0.0146477446
v 45.56071472 49.28691864 1120.742676
vn -0.1759520173 -0.9839311838 -0.03033682518
v 45.41679382 49.3284111 1120.731689
vn -0.3701164722 -0.92789644 -0.04496658221
v 45.28432846 49.39818954 1120.722168
vn -0.5479813814 -0.8344999552 -0.05767326057
v 45.17089844 49.4910965 1120.714478
vn -0.700745225 -0.710177362 -0.06785476208
v 45.08129501 49.59980011 1120.708984
vn -0.822009027 -0.5644922853 -0.07516377419
v 45.01707077 49.71630478 1120.705566
vn -0.9144142866 -0.3967998922 -0.07997746021
v 44.97279739 49.85081482 1120.704102
vn -0.9726920128 -0.2172409296 -0.08171036094
v 44.9548378 49.99515915 1120.704956
vn -0.996520102 -0.02177085169 -0.0804592669
v 44.96606064 50.14365005 1120.708252
vn -0.9811031222 0.1779450923 -0.07597516477
v 45.00724792 50.28796005 1120.713745
vn -0.9254608154 0.3726253808 -0.06835638732
v 45.07663345 50.42074585 1120.721436
vn -0.8325424194 0.5509160161 -0.05800594762
v 45.16911697 50.53441238 1120.730713
vn -0.708787322 0.7039465904 -0.04560386762
v 45.27736664 50.62415695 1120.740845
vn -0.5636981726 0.8253598809 -0.03202195466
v 45.39342499 50.68843079 1120.751221
vn -0.3966214061 0.9178194404 -0.0172905717
v 45.52746201 50.73267365 1120.762817
vn -0.2177056819 0.9760124683 -0.001979290275
v 45.67133713 50.75050735 1120.774658
vn -0.02288820595 0.9996398687 0.01401125547
v 45.8193779 50.73905945 1120.786377
vn 0.1762192696 0.9839026332 0.02970492654
v 45.96329498 50.69755936 1120.797363
vn 0.3703323305 0.9278407097 0.04433476552
v 46.09576035 50.62778854 1120.807007
vn 0.5481395125 0.8344398141 0.05703800544
v 46.20919418 50.53487396 1120.814697
vn 0.700863421 0.7101216912 0.06721374393
v 46.29879379 50.42617798 1120.82019
vn 0.8221020103 0.5644423366 0.07451907545
v 46.32627487 50.16321945 1121.742554
vn 0.9715664983 0.2171460092 0.09437261522
v 46.28210449 50.29780579 1121.739746
vn 0.9134620428 0.3966531456 0.09084825218
v 46.34415054 50.01880264 1121.742798
vn 0.9952914119 0.02167381719 0.09447360039
v 46.33287048 49.8702507 1121.740112
vn 0.9798282981 -0.1780266613 0.09079099447
v 46.29165649 49.72587585 1121.734619
vn 0.9242010713 -0.3726994693 0.08335189521
v 46.22227478 49.59304047 1121.726562
vn 0.8313765526 -0.5509533286 0.0725498721
v 46.12982559 49.4793396 1121.716431
vn 0.7077590227 -0.7039767504 0.05910935253
v 46.02164078 49.38957214 1121.7052
vn 0.5628170371 -0.825409472 0.04400147125
v 45.90566254 49.32529068 1121.693359
vn 0.3959529698 -0.9178667665 0.02723746374
v 45.77173233 49.28105927 1121.680054
vn 0.2172601074 -0.976066649 0.009586678818
v 45.62798691 49.26324463 1121.666138
vn 0.02267505787 -0.9997008443 -0.00916679576
v 45.48008728 49.27472687 1121.651978
vn -0.1761671454 -0.9839650393 -0.02789206058
v 45.3363266 49.31626892 1121.638672
vn -0.3700613081 -0.9278829098 -0.04569355771
v 45.20401764 49.38610077 1121.626709
vn -0.5476535559 -0.8344400525 -0.06152566522
v 45.09073639 49.4790802 1121.616821
vn -0.7001594305 -0.7100759149 -0.07462544739
v 45.00127029 49.58784866 1121.609497
vn -0.821202457 -0.5643466711 -0.08449467272
v 44.93715668 49.70441818 1121.604492
vn -0.9133958817 -0.3966564536 -0.09149684757
v 44.8929863 49.8390007 1121.601685
vn -0.9715217352 -0.2170600444 -0.09502883255
v 44.87511063 49.98341751 1121.601562
vn -0.9952305555 -0.02157972194 -0.09513416886
v 44.88639069 50.13196945 1121.604126
vn -0.9797486067 0.1781259179 -0.09145373851
v 44.92760086 50.2763443 1121.609619
vn -0.9240871072 0.3728330731 -0.08401484042
v 44.99698257 50.40917969 1121.617676
vn -0.8312216997 0.5511000156 -0.07320725173
v 45.08943176 50.52288055 1121.627808
vn -0.7075592875 0.7041224837 -0.05976066366
v 45.19761658 50.61264801 1121.63916
vn -0.5626148582 0.825512588 -0.04464843869
v 45.31359863 50.67692947 1121.650879
vn -0.3957383037 0.9179400206 -0.02788074873
v 45.44752884 50.72116089 1121.664185
vn -0.2170293927 0.9761114717 -0.01022683363
v 45.59127426 50.73897552 1121.678223
vn -0.0224479679 0.9997116327 0.008528908715
v 45.73917007 50.72749329 1121.692261
vn 0.1763839126 0.9839439988 0.02725686878
v 45.88293457 50.68595123 1121.705566
vn 0.3702391684 0.9278430939 0.04505695403
v 46.01524353 50.61611938 1121.717529
vn 0.5477702022 0.8344103694 0.06088661402
v 46.12852478 50.52313995 1121.727417
vn 0.7002471685 0.7100566626 0.07398289442
v 46.21799088 50.41437149 1121.734863
vn 0.8212738633 0.5643391609 0.08384868503
v 46.23431015 50.15554047 1122.653809
vn 0.9707277417 0.2170206308 0.1029064655
v 46.19021988 50.29018784 1122.650024
vn 0.9127604365 0.3965435326 0.09808976203
v 46.25211716 50.01105881 1122.654785
vn 0.9943419099 0.0215367116 0.1040208265
v 46.24078369 49.86244202 1122.652588
vn 0.9788002968 -0.1781845242 0.1009960473
v 46.19953537 49.71800613 1122.647339
vn 0.9231367111 -0.3728529811 0.09380419552
v 46.13014603 49.58512115 1122.639038
vn 0.83031708 -0.5511019826 0.08282605559
v 46.03770447 49.47137833 1122.62854
vn 0.7067342401 -0.7041256428 0.06880206615
v 45.92955017 49.38158417 1122.616455
vn 0.5618795156 -0.8255336881 0.05277790874
v 45.81361008 49.31728363 1122.60376
vn 0.3951257765 -0.9179702997 0.03472914919
v 45.67974472 49.27303314 1122.589355
vn 0.2165683806 -0.9761429429 0.01559282653
v 45.53607559 49.25523376 1122.573975
vn 0.02215732448 -0.9997422695 -0.004948471673
v 45.38827515 49.26673126 1122.558472
vn -0.1764964014 -0.9839667082 -0.02566174045
v 45.24461365 49.30830002 1122.543579
vn -0.3701756001 -0.9278435111 -0.04556789249
v 45.1124115 49.37817764 1122.530029
vn -0.5475391746 -0.8343672156 -0.06350008398
v 44.99923706 49.47121048 1122.518677
vn -0.6998227835 -0.7099806666 -0.07858479768
v 44.90986633 49.58003616 1122.509888
vn -0.8206793666 -0.5642201304 -0.09022770077
v 44.84583664 49.69665909 1122.503906
vn -0.912712872 -0.3964880407 -0.09875453264
v 44.80174637 49.83129883 1122.500122
vn -0.9706827402 -0.2169055641 -0.103571251
v 44.78393936 49.97578049 1122.499146
vn -0.9942746162 -0.02139830403 -0.1046905741
v 44.79527283 50.12440491 1122.501343
vn -0.9787088037 0.1783081442 -0.1016627774
v 44.83651733 50.26883316 1122.506592
vn -0.9230142236 0.3729883134 -0.0944692567
v 44.90591049 50.40172195 1122.514893
vn -0.8301483989 0.5512560606 -0.08348882198
v 44.99835205 50.51546478 1122.525391
vn -0.706548214 0.7042474151 -0.06946345419
v 45.10650635 50.60525513 1122.537476
vn -0.5616677403 0.8256356716 -0.05343351886
v 45.22244644 50.66955948 1122.550171
vn -0.3949415088 0.9180247784 -0.03537920117
v 45.3563118 50.71380615 1122.564575
vn -0.2163850814 0.9761730433 -0.01623972133
v 45.49997711 50.73161316 1122.579956
vn -0.02198442817 0.9997490644 0.004303251393
v 45.64778137 50.72010803 1122.595459
vn 0.1766580045 0.9839543104 0.02501739562
v 45.79144287 50.67853928 1122.610474
vn 0.3702920973 0.9278285503 0.0449219197
v 45.92364502 50.60866165 1122.623901
vn 0.5476219058 0.8343620896 0.06285002083
v 46.03681946 50.51563644 1122.635376
vn 0.6998926401 0.7099837661 0.07793176174
v 46.12619019 50.40681076 1122.644043
vn 0.8207335472 0.5642465949 0.08956711739
v 46.13625336 50.15090942 1123.562622
vn 0.9703285098 0.2173088193 0.1060162187
v 46.09220123 50.28561401 1123.55835
vn 0.9123787284 0.3968240917 0.1004775017
v 46.15402222 50.00636673 1123.564087
vn 0.9939367771 0.02186393738 0.1077574119
v 46.14264679 49.85768509 1123.562256
vn 0.9784058928 -0.177906394 0.1052199975
v 46.10136032 49.71319199 1123.557129
vn 0.9227702618 -0.3725882173 0.09835170209
v 46.03192902 49.58024597 1123.54895
vn 0.8299836516 -0.5508802533 0.08751086891
v 45.93946075 49.46646118 1123.53833
vn 0.7064531446 -0.7039396167 0.07343725115
v 45.83127975 49.37662888 1123.526123
vn 0.5616310835 -0.8254092336 0.05718479306
v 45.7153244 49.31230545 1123.513184
vn 0.3949468732 -0.9178882837 0.03870428726
v 45.58144379 49.26804352 1123.498291
vn 0.2164726853 -0.9761025906 0.01906128787
v 45.43777466 49.25024033 1123.482422
vn 0.0221444834 -0.9997524619 -0.002153442241
v 45.28997421 49.26174164 1123.466309
vn -0.1764344126 -0.9840278625 -0.02366643399
v 45.14632416 49.30334091 1123.450684
vn -0.3700265288 -0.9279564619 -0.04446559027
v 45.0141449 49.37324142 1123.436523
vn -0.5473299026 -0.8345168233 -0.0633372888
v 44.90099335 49.46631241 1123.424438
vn -0.6995434165 -0.7101711035 -0.07934747636
v 44.81165314 49.57518768 1123.415039
vn -0.8203396797 -0.5644516945 -0.09185366333
v 44.74765778 49.69186783 1123.408447
vn -0.9123507738 -0.3967188299 -0.1011444926
v 44.70360565 49.82656479 1123.404175
vn -0.9702928066 -0.2171404809 -0.10668578
v 44.68584061 49.97110748 1123.402832
vn -0.9938687682 -0.02167792432 -0.1084199771
v 44.69721603 50.11978531 1123.404663
vn -0.9783079624 0.17805098 -0.1058838293
v 44.73849869 50.26427841 1123.40979
vn -0.9226549268 0.3727003038 -0.09900718182
v 44.80792999 50.39722061 1123.417847
vn -0.8298364878 0.550997138 -0.08816760778
v 44.90040207 50.51101303 1123.428467
vn -0.7062804699 0.7040442228 -0.0740923807
v 45.00858307 50.60083389 1123.440674
vn -0.5614521503 0.8254854083 -0.05783870444
v 45.12453842 50.66516495 1123.453735
vn -0.3947835565 0.9179307818 -0.03935783729
v 45.25841522 50.70941925 1123.468506
vn -0.2163385004 0.9761193395 -0.0197141394
v 45.40208817 50.72723389 1123.484375
vn -0.02202522941 0.9997562766 0.001501739142
v 45.54988861 50.71573257 1123.50061
vn 0.1765245944 0.9840271473 0.02301275916
v 45.69353485 50.6741333 1123.516113
vn 0.3700893819 0.9279626012 0.04380906373
v 45.82571793 50.60422897 1123.530396
vn 0.5473421812 0.8345587254 0.06267572939
v 45.93886948 50.51115036 1123.54248
vn 0.6995780468 0.7102105618 0.0786864236
v 46.02820587 50.40228653 1123.551758
vn 0.8203933239 0.5644805431 0.09119466692
v 46.03951263 50.1480751 1124.452637
vn 0.9706850052 0.2166263908 0.1041325703
v 45.99544907 50.28282928 1124.448242
vn 0.9128594398 0.3962312639 0.09843005985
v 46.05727386 50.003479 1124.454102
vn 0.9941301942 0.02115000039 0.1061029285
v 46.04587173 49.85473633 1124.452515
vn 0.9784222841 -0.1786073893 0.1038715169
v 46.00453949 49.710186 1124.447632
vn 0.922599256 -0.3732718825 0.09735861421
v 45.93504715 49.5771904 1124.439819
vn 0.829652369 -0.5514722466 0.08692112565
v 45.84250259 49.46335602 1124.429565
vn 0.7059644461 -0.7044481039 0.07326056063
v 45.73423767 49.37348175 1124.417725
vn 0.5610467792 -0.8257905841 0.05741492286
v 45.61819839 49.30913162 1124.405029
vn 0.3942710757 -0.9181535244 0.03929909319
v 45.48422623 49.26485443 1124.390625
vn 0.2156856954 -0.9762573242 0.02003301866
v 45.3404541 49.24703598 1124.375122
vn 0.02129437029 -0.9997729063 -0.0008304073126
v 45.19255829 49.25854492 1124.359253
vn -0.1773066074 -0.9839088917 -0.02203746885
v 45.0488205 49.30015564 1124.343994
vn -0.370880574 -0.9277032018 -0.04259548336
v 44.91656113 49.37008667 1124.329956
vn -0.5481135845 -0.8341539502 -0.0613081269
v 44.80334473 49.46319962 1124.318115
vn -0.7002481222 -0.7097075582 -0.07725103199
v 44.71396255 49.57211685 1124.308838
vn -0.8209192157 -0.5639455318 -0.08976120502
v 44.64993668 49.68883133 1124.302246
vn -0.9127954245 -0.3962156177 -0.09908419847
v 44.60587311 49.82359314 1124.297852
vn -0.970628798 -0.2165611684 -0.104790248
v 44.58811188 49.96818924 1124.296387
vn -0.9940626621 -0.02104027383 -0.1067553535
v 44.59951401 50.11693192 1124.297974
vn -0.9783428907 0.178662017 -0.1045230851
v 44.64084625 50.26148224 1124.302856
vn -0.922514677 0.3733092248 -0.09801452607
v 44.71033859 50.39447784 1124.310669
vn -0.8295603395 0.5515072346 -0.08757507801
v 44.80288315 50.50831223 1124.320923
vn -0.7058728337 0.7044714689 -0.07391560078
v 44.91114807 50.59817886 1124.332764
vn -0.5609641075 0.8258008957 -0.05807074532
v 45.02718735 50.66253662 1124.345459
vn -0.3941779435 0.9181651473 -0.03995693475
v 45.16116333 50.70681381 1124.359985
vn -0.2156272233 0.9762564301 -0.02069479972
v 45.30493164 50.72463226 1124.375366
vn -0.02123308182 0.9997745156 0.0001686851756
v 45.45282745 50.71311569 1124.391235
vn 0.1773401648 0.9839174151 0.0213762708
v 45.59656525 50.6715126 1124.406616
vn 0.3709101677 0.9277215004 0.041934181
v 45.72882462 50.60158157 1124.420532
vn 0.5481211543 0.8341975808 0.06064284965
v 45.84204102 50.50846863 1124.432495
vn 0.7002577782 0.7097699046 0.07658781856
v 45.93142319 50.39955139 1124.441772
vn 0.820975244 0.5639681816 0.08910430968
v 45.94427109 50.1459198 1125.362427
vn 0.9709795713 0.2175685465 0.09931037575
v 45.90017319 50.28072739 1125.358276
vn 0.912974298 0.397097528 0.09376272559
v 45.96203995 50.00125885 1125.363892
vn 0.9946094155 0.02213135734 0.1013031229
v 45.95062256 49.85245895 1125.362427
vn 0.979082942 -0.1775887012 0.09929194301
v 45.90924072 49.7078476 1125.35791
vn 0.9234125018 -0.3723253608 0.09318358451
v 45.8396759 49.57479477 1125.350464
vn 0.8305747509 -0.5506391525 0.0833196789
v 45.74703217 49.4609108 1125.34082
vn 0.7069354057 -0.703769505 0.07036177814
v 45.63866043 49.37100983 1125.329468
vn 0.5620230436 -0.8252712488 0.05529464036
v 45.5225029 49.30662155 1125.317505
vn 0.3952513933 -0.9177852869 0.03803274408
v 45.38839722 49.26231766 1125.303711
vn 0.2166809887 -0.9760441184 0.01967693493
v 45.24448776 49.24449921 1125.289062
vn 0.02222516201 -0.9997529387 -0.0002327786642
v 45.09645081 49.25600815 1125.273926
vn -0.1764524281 -0.9840958714 -0.02049051784
v 44.95257568 49.29763412 1125.259399
vn -0.3701722622 -0.9280946255 -0.04015995935
v 44.82019043 49.36759186 1125.246094
vn -0.5475807786 -0.834734261 -0.05808612332
v 44.70687103 49.46074295 1125.234741
vn -0.6999187469 -0.710441947 -0.07338917255
v 44.61740875 49.56969833 1125.22583
vn -0.8208383322 -0.5647336245 -0.0854421854
v 44.55332947 49.68647003 1125.219604
vn -0.9129053354 -0.3970992267 -0.09442485124
v 44.50922775 49.82128143 1125.215332
vn -0.9709050059 -0.2175989896 -0.09997070581
v 44.49145889 49.96594238 1125.213867
vn -0.9945428371 -0.0220815409 -0.1019654945
v 44.5028801 50.11474228 1125.215454
vn -0.9790132642 0.1776043326 -0.09994882345
v 44.54425812 50.25935364 1125.219971
vn -0.9233619571 0.3722844124 -0.09384568781
v 44.61382675 50.39240646 1125.227295
vn -0.8305268884 0.5506101251 -0.0839856565
v 44.70646667 50.50629044 1125.237061
vn -0.7069061399 0.7037318945 -0.07102945447
v 44.81484222 50.59619904 1125.248291
vn -0.5620051622 0.8252384663 -0.05596171692
v 44.93099594 50.66057587 1125.260254
vn -0.3952228129 0.9177696705 -0.03870047629
v 45.06510162 50.70487595 1125.274048
vn -0.216654703 0.9760362506 -0.02034535445
v 45.20901108 50.72270966 1125.288818
vn -0.02221488208 0.9997531176 -0.000436849281
v 45.35704803 50.71119308 1125.303833
vn 0.1764827073 0.9841040969 0.01982243173
v 45.50092697 50.66956329 1125.318359
vn 0.3701797128 0.9281204343 0.03948980197
v 45.63330841 50.59960556 1125.331787
vn 0.5476043224 0.8347648978 0.05741985515
v 45.74662781 50.50645828 1125.34314
vn 0.6999663711 0.7104632258 0.07272571325
v 45.8360939 50.39749908 1125.351929
vn 0.8208845258 0.5647668839 0.08477605879
v 45.85758972 50.14415741 1126.23938
vn 0.9717049003 0.2166837901 0.09400900453
v 45.81345367 50.27902222 1126.235352
vn 0.9138199687 0.3963124752 0.08871015906
v 45.87536621 49.99944687 1126.240845
vn 0.995161593 0.02117878385 0.09594173729
v 45.86392975 49.85057449 1126.239502
vn 0.9794265032 -0.1785262525 0.09408587217
v 45.82250595 49.70590591 1126.235229
vn 0.9235358834 -0.3731971085 0.08834798634
v 45.75287247 49.57279968 1126.228271
vn 0.8304720521 -0.5514238477 0.07904387265
v 45.66013718 49.45887375 1126.219116
vn 0.7066319585 -0.704420805 0.06680250168
v 45.55166245 49.368927 1126.208374
vn 0.5615590215 -0.825765729 0.05255881697
v 45.4353981 49.30451965 1126.197021
vn 0.3946241438 -0.9181278944 0.03623433411
v 45.30116653 49.26020432 1126.18396
vn 0.2158607244 -0.976242125 0.01885356754
v 45.15712738 49.24237061 1126.170044
vn 0.02125422098 -0.9997740984 -6.096470315e-06
v 45.00895309 49.25388718 1126.155762
vn -0.1775327921 -0.9839275479 -0.01920225471
v 44.86494827 49.29552841 1126.141846
vn -0.3712772429 -0.9277505279 -0.03784454241
v 44.73244476 49.36550522 1126.12915
vn -0.5487043262 -0.8342149854 -0.05485343188
v 44.61902618 49.45869827 1126.118408
vn -0.7009654045 -0.7098132968 -0.06937295943
v 44.5294838 49.56768799 1126.109863
vn -0.8217732906 -0.5640541315 -0.08081831783
v 44.4653511 49.68450928 1126.103882
vn -0.9137667418 -0.3962837458 -0.08938401192
v 44.42121887 49.81937408 1126.099854
vn -0.9716335535 -0.2167115211 -0.09468044341
v 44.40343857 49.96409225 1126.098389
vn -0.9950968027 -0.02117400803 -0.09661284089
v 44.41487503 50.112957 1126.099854
vn -0.9793606997 0.1785330772 -0.09475509077
v 44.45629883 50.25762558 1126.104126
vn -0.9234838486 0.3731663227 -0.08901979774
v 44.52593613 50.39073181 1126.111084
vn -0.8304368258 0.5513802171 -0.07971528918
v 44.6186676 50.50465775 1126.120239
vn -0.7066177726 0.7043707371 -0.0674770847
v 44.72714615 50.59460449 1126.130859
vn -0.5615653396 0.8257181644 -0.05323433131
v 44.84341049 50.65901566 1126.142212
vn -0.394595474 0.9181134105 -0.03690780699
v 44.97764206 50.70332718 1126.155273
vn -0.2158415318 0.9762331247 -0.01952674985
v 45.12168121 50.72116852 1126.169312
vn -0.0212596897 0.9997737408 -0.0006692347233
v 45.2698555 50.70965195 1126.183594
vn 0.1775431782 0.9839385152 0.01853043213
v 45.41386032 50.66801071 1126.19751
vn 0.3713132441 0.927763164 0.03717470169
v 45.54636383 50.59802628 1126.210083
vn 0.5487321019 0.8342407346 0.05418029055
v 45.65977859 50.50484085 1126.220947
vn 0.701022625 0.7098216414 0.06870598346
v 45.74932098 50.39584351 1126.22937
vn 0.8218556046 0.5640299916 0.08014737815
v 45.77352524 50.1428566 1127.134033
vn 0.9720665216 0.217003867 0.08942010254
v 45.72935867 50.277771 1127.130127
vn 0.9141300321 0.3965651393 0.0842756629
v 45.79130936 49.99807358 1127.135498
vn 0.995585978 0.02148023993 0.09136282653
v 45.77985764 49.8491478 1127.134155
vn 0.9798926115 -0.1782257408 0.08970008045
v 45.73838806 49.70442581 1127.130249
vn 0.9240346551 -0.3728898168 0.08433915675
v 45.66868591 49.57125854 1127.123657
vn 0.8309746981 -0.551153481 0.07557068765
v 45.57587051 49.45727539 1127.11499
vn 0.707126677 -0.704185307 0.06399146467
v 45.46729279 49.36729813 1127.104858
vn 0.5619995594 -0.8255957365 0.05047978088
v 45.35092545 49.30286407 1127.094116
vn 0.3950088918 -0.9180110693 0.03498078138
v 45.21657944 49.25852203 1127.081665
vn 0.2162008584 -0.9761744142 0.01845707931
v 45.0724144 49.24068069 1127.068359
vn 0.02152992971 -0.9997680783 0.0005046916776
v 44.92411423 49.25220108 1127.05481
vn -0.1773570925 -0.9839856625 -0.01779540814
v 44.77998734 49.29386139 1127.041626
vn -0.3712000251 -0.9278708696 -0.03558359295
v 44.64737701 49.36386871 1127.029419
vn -0.548707366 -0.8344062567 -0.05183017254
v 44.53386688 49.4570961 1127.019165
vn -0.7011104822 -0.7100163698 -0.06573307514
v 44.44425201 49.56613541 1127.010986
vn -0.8219890594 -0.5643143058 -0.07670291513
v 44.38006973 49.68299866 1127.005249
vn -0.9140688181 -0.3965623975 -0.0849499926
v 44.33590698 49.81792068 1127.001343
vn -0.972004652 -0.217003569 -0.09009105712
v 44.31811905 49.9627037 1126.999878
vn -0.9955235124 -0.02150427923 -0.09203550965
v 44.32957458 50.11162186 1127.001221
vn -0.9798353314 0.1782018989 -0.09037069976
v 44.37104034 50.25635147 1127.005127
vn -0.9239850044 0.3728604913 -0.0850104019
v 44.44074631 50.38951874 1127.011719
vn -0.8309354186 0.5511201024 -0.07624282688
v 44.53356171 50.50349426 1127.020386
vn -0.707095325 0.7041552663 -0.06466510147
v 44.64213943 50.59347153 1127.030518
vn -0.5619939566 0.8255578279 -0.05115795135
v 44.75850296 50.65791321 1127.04126
vn -0.3949919641 0.917992413 -0.03565532342
v 44.89285278 50.70224762 1127.053711
vn -0.2161791772 0.9761662483 -0.01913083717
v 45.03701782 50.72009277 1127.067017
vn -0.02152261324 0.9997676611 -0.001180252526
v 45.18531799 50.70857239 1127.080566
vn 0.1773669124 0.9839959145 0.01711796783
v 45.32944489 50.66691589 1127.09375
vn 0.3712195158 0.927888751 0.03490839526
v 45.46205521 50.59690094 1127.105957
vn 0.5487599373 0.83441329 0.05115675181
v 45.57556534 50.50368118 1127.116211
vn 0.7011417747 0.710047543 0.06505895406
v 45.66518021 50.39464188 1127.12439
vn 0.8220590949 0.5643027425 0.0760345459
v 45.6933403 50.14211655 1128.029541
vn 0.9724474549 0.2169872522 0.0852200985
v 45.64915085 50.27708817 1128.025757
vn 0.9144915342 0.396576643 0.08020087332
v 45.71113205 49.99728012 1128.031006
vn 0.9959590435 0.02150256932 0.08719629049
v 45.69965744 49.84829712 1128.029907
vn 0.9802431464 -0.1782553345 0.0857225433
v 45.65814972 49.70350266 1128.026123
vn 0.9243576527 -0.3728885651 0.08072832972
v 45.58838272 49.57028961 1128.02002
vn 0.8312466145 -0.5511602163 0.07246680558
v 45.49548721 49.4562645 1128.011719
vn 0.7073590159 -0.7041732073 0.06150899082
v 45.38682175 49.36624527 1128.002197
vn 0.562176466 -0.8255829215 0.04868767038
v 45.27035904 49.3017807 1127.991943
vn 0.3950966895 -0.9180121422 0.03394495696
v 45.1359024 49.25742722 1127.980103
vn 0.2162142694 -0.9761762023 0.01820355467
v 44.99162292 49.23957062 1127.967407
vn 0.02148072794 -0.9997686744 0.001081768423
v 44.84320831 49.25109482 1127.954346
vn -0.1774708927 -0.9839894772 -0.01639566757
v 44.69897079 49.29277039 1127.941772
vn -0.3714048266 -0.9278694987 -0.03341656178
v 44.56625748 49.36281586 1127.930176
vn -0.5489624143 -0.8344106078 -0.0489821136
v 44.45266724 49.45607376 1127.920166
vn -0.7014144063 -0.7100227475 -0.06233394891
v 44.36298752 49.56515884 1127.912476
vn -0.8223550916 -0.5642849207 -0.07290144265
v 44.29876328 49.68207932 1127.90686
vn -0.9144317508 -0.3965781927 -0.08087199181
v 44.25457382 49.81705093 1127.903076
vn -0.972383678 -0.2170072049 -0.08589444309
v 44.23678207 49.96188736 1127.901611
vn -0.9958993196 -0.02151970379 -0.08787180483
v 44.24825668 50.11087036 1127.90271
vn -0.9801948667 0.1781913191 -0.08640523255
v 44.2897644 50.25566483 1127.906372
vn -0.9243135452 0.3728505671 -0.08140625805
v 44.3595314 50.38887787 1127.912598
vn -0.8312105536 0.5511251092 -0.07314478606
v 44.45242691 50.50290298 1127.920776
vn -0.7073267698 0.7041463256 -0.06218374148
v 44.56109238 50.59292221 1127.93042
vn -0.5621445775 0.8255643845 -0.04936473072
v 44.67755508 50.65738678 1127.940674
vn -0.3950792849 0.9179943204 -0.03462391347
v 44.81201172 50.70174026 1127.952515
vn -0.2162030488 0.9761658311 -0.01888186112
v 44.9562912 50.71959686 1127.965088
vn -0.02146721259 0.9997680187 -0.001759479754
v 45.10470581 50.70807266 1127.978149
vn 0.1774931997 0.9839965105 0.01571823657
v 45.24894333 50.66639709 1127.990845
vn 0.3714172244 0.927888751 0.03273785114
v 45.38165665 50.59635162 1128.002441
vn 0.5490072966 0.834420383 0.04830794781
v 45.49524689 50.50309372 1128.012329
vn 0.7014687061 0.7100282907 0.06165614352
v 45.58492279 50.39400864 1128.020142
vn 0.8223913908 0.5643187761 0.07222669572
v 45.61664581 50.14202499 1128.926025
vn 0.9727659225 0.2169885784 0.08150111884
v 45.57243347 50.27706146 1128.922241
vn 0.914802134 0.3965804577 0.07655750215
v 45.63444138 49.99713516 1128.92749
vn 0.9962725639 0.02150126547 0.08353830129
v 45.62295151 49.84807968 1128.926636
vn 0.980543673 -0.1782259345 0.08227756619
v 45.58140182 49.70323563 1128.923096
vn 0.924608767 -0.3729253113 0.07762325555
v 45.51157761 49.56995773 1128.917236
vn 0.8314729929 -0.5511578321 0.06984072179
v 45.4186058 49.45589447 1128.909424
vn 0.7075266838 -0.7041816711 0.05944892764
v 45.3098526 49.3658371 1128.900391
vn 0.5622987747 -0.8255829215 0.04725375026
v 45.19330215 49.30134583 1128.890503
vn 0.3951647282 -0.9180101156 0.03320019692
v 45.05874634 49.25696945 1128.879272
vn 0.2162164003 -0.9761766791 0.01815365069
v 44.91436005 49.23910904 1128.867065
vn 0.02142151631 -0.9997689724 0.001760263578
v 44.76583862 49.25064087 1128.854614
vn -0.1776010245 -0.9839882255 -0.01500273217
v 44.62149811 49.29232788 1128.842407
vn -0.3715793788 -0.9278715849 -0.0313542299
v 44.48869705 49.36240005 1128.831299
vn -0.5492056012 -0.8344012499 -0.04634388164
v 44.3750267 49.45570374 1128.821655
vn -0.7016618252 -0.7100445628 -0.05922339112
v 44.28528976 49.56483078 1128.814087
vn -0.8226517439 -0.5642858148 -0.06946696341
v 44.22102737 49.6817894 1128.808716
vn -0.9147552848 -0.3965563476 -0.07723903656
v 44.17681503 49.81682587 1128.804932
vn -0.9727032781 -0.2170146108 -0.08217658103
v 44.15901947 49.96171951 1128.803345
vn -0.9962147474 -0.0215336252 -0.08421716094
v 44.17050934 50.11076355 1128.804321
vn -0.9804917574 0.1781945676 -0.08296173066
v 44.21205902 50.25562286 1128.807739
vn -0.924577713 0.3728580177 -0.07831315696
v 44.28188324 50.38889313 1128.813599
vn -0.8314327002 0.5511313081 -0.07052642107
v 44.37485504 50.50296402 1128.821411
vn -0.7074871063 0.7041631937 -0.06013437361
v 44.48360825 50.59301376 1128.830566
vn -0.5622698665 0.8255631924 -0.04793759808
v 44.60015869 50.65750504 1128.840332
vn -0.3951366544 0.917997241 -0.03388293087
v 44.73471451 50.70188141 1128.851685
vn -0.2161993235 0.9761675 -0.01883769594
v 44.8791008 50.71974182 1128.86377
vn -0.02140335366 0.9997679591 -0.002443187172
v 45.02762222 50.70821381 1128.876343
vn 0.1776134968 0.9839960933 0.01432048157
v 45.17196274 50.66652298 1128.888428
vn 0.371610105 0.9278820157 0.03067421727
v 45.30476379 50.59645081 1128.899658
vn 0.5492421389 0.8344145417 0.04566702992
v 45.41843414 50.50315475 1128.90918
vn 0.7017300725 0.7100329399 0.05855055898
v 45.50817108 50.3940239 1128.916748
vn 0.8226979375 0.5643021464 0.06878381222
v 45.54289627 50.14268875 1129.823486
vn 0.9730235338 0.2169962823 0.0783444792
v 45.49866486 50.277771 1129.819824
vn 0.9150695205 0.3965569437 0.07341887802
v 45.56069183 49.99773026 1129.825195
vn 0.9965242743 0.02150540613 0.08047880977
v 45.54918289 49.84861374 1129.824341
vn 0.9807781577 -0.1782234311 0.07943948358
v 45.50759888 49.70370865 1129.821167
vn 0.9248237014 -0.3729027212 0.0751311034
v 45.43771362 49.57038116 1129.815674
vn 0.8316403031 -0.5511627197 0.06777956337
v 45.34467316 49.45625687 1129.808228
vn 0.7076610923 -0.7041755915 0.0579013899
v 45.23584366 49.36616898 1129.799561
vn 0.5623860955 -0.8255800009 0.04625483975
v 45.11920929 49.30165482 1129.790161
vn 0.3951924443 -0.9180127978 0.03279337287
v 44.98455811 49.25725937 1129.779297
vn 0.2162134498 -0.9761737585 0.01834619232
v 44.84007645 49.23939133 1129.767578
vn 0.02135504782 -0.9997686744 0.002565749222
v 44.69145203 49.25092697 1129.755493
vn -0.1777103841 -0.9839888215 -0.01360332593
v 44.54701996 49.29263687 1129.743774
vn -0.3717323244 -0.9278739095 -0.02941263281
v 44.41413498 49.36273956 1129.73291
vn -0.5494009256 -0.8344025016 -0.04394462705
v 44.30039597 49.45607376 1129.723633
vn -0.7018924356 -0.7100411057 -0.05646813661
v 44.21060944 49.5652504 1129.716187
vn -0.8228849173 -0.5643080473 -0.06645976007
v 44.1463089 49.68226242 1129.710815
vn -0.9150099754 -0.3965668678 -0.07410421968
v 44.10207748 49.81734467 1129.707153
vn -0.9729700685 -0.2169875652 -0.07902923971
v 44.08428192 49.96230698 1129.705566
vn -0.9964681864 -0.021536218 -0.08116218448
v 44.09579086 50.11141586 1129.706299
vn -0.9807313681 0.1781753451 -0.08012216538
v 44.13737488 50.25632477 1129.709473
vn -0.9247852564 0.3728598356 -0.07581396401
v 44.20726013 50.38965225 1129.714966
vn -0.8316075206 0.5511274338 -0.06846531481
v 44.3003006 50.50377274 1129.722412
vn -0.7076206207 0.7041596174 -0.05858539417
v 44.4091301 50.59386444 1129.731201
vn -0.5623508692 0.8255653977 -0.04693885893
v 44.52576447 50.65838623 1129.740479
vn -0.3951881826 0.91798985 -0.03348013014
v 44.66041565 50.70277405 1129.751343
vn -0.2161828876 0.9761673808 -0.01903094724
v 44.80490112 50.72064209 1129.763062
vn -0.02133373171 0.9997671247 -0.003250528825
v 44.95352173 50.70910645 1129.775146
vn 0.1777330339 0.9839939475 0.01291924436
v 45.0979538 50.66739273 1129.786865
vn 0.3717734218 0.9278788567 0.02872890048
v 45.23083878 50.59730148 1129.797729
vn 0.5494445562 0.8344096541 0.04325799644
v 45.34457779 50.50395584 1129.807007
vn 0.7019526362 0.7100356221 0.05578451231
v 45.43436432 50.39477921 1129.814453
vn 0.8229387403 0.5643095374 0.06577722728
v 45.47156143 50.14419174 1130.721924
vn 0.9732359052 0.2169646025 0.07575139403
v 45.42731094 50.27933121 1130.718262
vn 0.9152750373 0.3965594471 0.07079712301
v 45.48935699 49.99917221 1130.723633
vn 0.9967186451 0.02153436467 0.07802703977
v 45.47782898 49.84999847 1130.723145
vn 0.9809532166 -0.1782352179 0.0772202462
v 45.43620682 49.70503616 1130.720093
vn 0.9249808788 -0.3728889227 0.07324080169
v 45.36626816 49.57164383 1130.714966
vn 0.8317649961 -0.5511552691 0.0662932992
v 45.27315903 49.45748138 1130.707886
vn 0.7077394128 -0.7041811943 0.05686610565
v 45.16425705 49.36735535 1130.699463
vn 0.5624379516 -0.8255758882 0.04569434002
v 45.04754639 49.30280685 1130.69043
vn 0.3951981068 -0.9180125594 0.03273280337
v 44.91281128 49.25839615 1130.679932
vn 0.2161739767 -0.9761742949 0.01877624728
v 44.76823425 49.24052811 1130.668579
vn 0.02129866742 -0.999767065 0.003497127444
v 44.61952209 49.25206757 1130.656982
vn -0.1778190285 -0.9839875102 -0.01220514998
v 44.4750061 49.29379272 1130.645508
vn -0.3718587756 -0.9278790951 -0.0275939405
v 44.34204102 49.3639183 1130.634888
vn -0.5495545268 -0.834412396 -0.04178280383
v 44.22824097 49.45729828 1130.625732
vn -0.7020869255 -0.710036397 -0.05405786261
v 44.13840485 49.56652451 1130.618408
vn -0.8230943084 -0.5642986894 -0.06389651448
v 44.07407761 49.68358231 1130.613159
vn -0.9152129292 -0.3965800107 -0.07148109376
v 44.02982712 49.81872177 1130.609375
vn -0.9731712937 -0.217012763 -0.07643982023
v 44.01203156 49.9637413 1130.607666
vn -0.9966650605 -0.0215132609 -0.07871443778
v 44.02355957 50.11291504 1130.608276
vn -0.9809080362 0.1781852692 -0.07790671289
v 44.06518555 50.25788498 1130.611206
vn -0.9249379635 0.3728601635 -0.07392601669
v 44.13512039 50.39126587 1130.616455
vn -0.8317264915 0.5511304736 -0.06697970629
v 44.22822952 50.50543213 1130.623535
vn -0.7077121139 0.7041529417 -0.05755194277
v 44.3371315 50.5955658 1130.631958
vn -0.5623933673 0.8255681396 -0.04637833312
v 44.45384598 50.66010666 1130.640991
vn -0.3951998949 0.917986989 -0.03342104331
v 44.58858109 50.70451736 1130.651367
vn -0.2161571234 0.9761645794 -0.01946385391
v 44.7331543 50.72239304 1130.66272
vn -0.02126330324 0.9997651577 -0.00418317318
v 44.88186646 50.71084595 1130.674438
vn 0.1778386235 0.9839922786 0.01151747815
v 45.02638626 50.66912079 1130.685913
vn 0.3719038367 0.9278811216 0.02690961584
v 45.15934753 50.59899521 1130.696533
vn 0.5496110916 0.8344092965 0.04109505564
v 45.2731514 50.50562286 1130.705566
vn 0.7021539211 0.7100222111 0.05336937681
v 45.3629837 50.39638901 1130.712891
vn 0.8231438994 0.5643036366 0.06321037561
v 45.40211487 50.14664459 1131.620972
vn 0.9733897448 0.2169694006 0.07373408973
v 45.35784912 50.28184509 1131.617188
vn 0.9154296517 0.3965726495 0.06869254261
v 45.41990662 50.00156784 1131.622803
vn 0.9968624711 0.02149693109 0.07617815584
v 45.40835953 49.85233307 1131.622437
vn 0.9810795188 -0.1782248616 0.07562348247
v 45.36669922 49.70730591 1131.619629
vn 0.9250718951 -0.3729131818 0.07195641845
v 45.29671478 49.5738678 1131.614746
vn 0.8318449855 -0.5511440635 0.06537703425
v 45.20354462 49.45965195 1131.60791
vn 0.707773447 -0.7041894197 0.05633880198
v 45.09457016 49.36949158 1131.599854
vn 0.5624497533 -0.8255748749 0.04556749016
v 44.97778702 49.30491638 1131.591187
vn 0.3951945007 -0.9180037975 0.03302029893
v 44.8429718 49.26048279 1131.580933
vn 0.2161246538 -0.97617203 0.01944960654
v 44.69831467 49.24260712 1131.569946
vn 0.02121560089 -0.9997645617 0.00455193501
v 44.54951859 49.25415421 1131.558472
vn -0.1779148728 -0.9839866161 -0.01080154348
v 44.40492249 49.29589844 1131.547241
vn -0.3719963431 -0.927872777 -0.0259002056
v 44.27189255 49.36605453 1131.536743
vn -0.5496970415 -0.834412396 -0.03986297175
v 44.15803528 49.45946884 1131.52771
vn -0.702257514 -0.7100216746 -0.05199587718
v 44.06816101 49.56874466 1131.520508
vn -0.8232577443 -0.56429708 -0.06177011132
v 44.00380325 49.68585205 1131.515259
vn -0.9153766036 -0.3965756595 -0.06937865913
v 43.95954132 49.82105637 1131.511353
vn -0.9733256102 -0.2170219123 -0.0744227469
v 43.94174576 49.9661293 1131.509521
vn -0.9968093038 -0.02150964364 -0.07686698437
v 43.95329666 50.11536026 1131.51001
vn -0.981031239 0.1781980842 -0.07630922645
v 43.99495316 50.26039124 1131.512695
vn -0.9250417352 0.3728549778 -0.07264287025
v 44.06494141 50.39383316 1131.517578
vn -0.8318049312 0.551122725 -0.06606283039
v 44.15811157 50.5080452 1131.524414
vn -0.7077497244 0.7041574717 -0.05703102797
v 44.26708603 50.59820557 1131.532471
vn -0.5624055266 0.825566709 -0.04625653848
v 44.38386917 50.66278458 1131.54126
vn -0.3951596022 0.917993784 -0.03370886669
v 44.51868439 50.70720673 1131.551392
vn -0.2161132246 0.9761605859 -0.02013939992
v 44.66334152 50.72509003 1131.5625
vn -0.02117935754 0.999761939 -0.005240840372
v 44.8121376 50.71354675 1131.573853
vn 0.1779558361 0.9839864969 0.01011222787
v 44.95672989 50.67179871 1131.585083
vn 0.3720463514 0.9278717041 0.02521167509
v 45.08976364 50.60163498 1131.595581
vn 0.5497506857 0.8344095945 0.03917694092
v 45.20362091 50.50822067 1131.604614
vn 0.7023141384 0.7100157738 0.05130775273
v 45.29349518 50.3989563 1131.611816
vn 0.8233167529 0.5642854571 0.06108537316
v 45.33400726 50.15015793 1132.520508
vn 0.9734942913 0.2169842869 0.07229612023
v 45.28973389 50.28540802 1132.516479
vn 0.9155557156 0.3965537846 0.06710334867
v 45.35179901 50.00501633 1132.522461
vn 0.9969565868 0.02146895602 0.07494403422
v 45.34022903 49.85572052 1132.522217
vn 0.9811519384 -0.1782374829 0.07464770973
v 45.29853439 49.71062851 1132.519775
vn 0.925121069 -0.3729209304 0.07128135115
v 45.22850037 49.57714081 1132.515015
vn 0.8318676353 -0.5511510372 0.06502884626
v 45.13527298 49.46287918 1132.508545
vn 0.7077825665 -0.7041808963 0.05633044243
v 45.02623367 49.37267303 1132.500732
vn 0.5624154806 -0.8255810738 0.04587735981
v 44.90938568 49.30807495 1132.492188
vn 0.3951427042 -0.9180032015 0.03365042806
v 44.77449799 49.26363373 1132.482178
vn 0.2160515189 -0.9761695266 0.02036746591
v 44.62976456 49.2457428 1132.471313
vn 0.02111805975 -0.9997605681 0.005732061807
v 44.48089218 49.2572937 1132.460083
vn -0.1780251861 -0.9839810729 -0.009398992173
v 44.33622742 49.29905319 1132.448975
vn -0.3721179068 -0.9278665781 -0.02432886139
v 44.20313263 49.36924362 1132.438599
vn -0.5498275757 -0.8344047666 -0.0381879136
v 44.08922577 49.46269989 1132.429565
vn -0.7023906708 -0.7100132704 -0.0502839908
v 43.99931335 49.57201767 1132.422363
vn -0.8233850002 -0.5642930865 -0.06008688733
v 43.93494034 49.68917465 1132.41687
vn -0.9154961109 -0.3965741992 -0.06779193878
v 43.89066315 49.82442856 1132.412964
vn -0.9734395742 -0.2169999331 -0.07298270613
v 43.87287521 49.96956635 1132.411011
vn -0.9969036579 -0.02150802128 -0.07563398778
v 43.88444138 50.11885834 1132.411255
vn -0.9811040759 0.1782112271 -0.07533654571
v 43.92613602 50.26395416 1132.413696
vn -0.9250873923 0.3728717268 -0.07197219133
v 43.99617004 50.39744949 1132.418457
vn -0.8318297863 0.5511264801 -0.06571763754
v 44.08940125 50.51171494 1132.424927
vn -0.7077524066 0.7041556835 -0.05702061579
v 44.19844055 50.60190964 1132.432739
vn -0.5623767972 0.825568676 -0.04656917229
v 44.31528854 50.66650772 1132.441284
vn -0.3950983584 0.917996645 -0.03434287012
v 44.45017624 50.71095276 1132.451294
vn -0.2160258293 0.9761604667 -0.0210604053
v 44.59490967 50.72884369 1132.462158
vn -0.02108775638 0.9997569919 -0.006424783729
v 44.74377823 50.71729279 1132.473389
vn 0.1780715436 0.9839789867 0.008707582019
v 44.88844681 50.67552948 1132.484497
vn 0.3721757531 0.9278612137 0.02363749966
v 45.0215416 50.60533905 1132.494873
vn 0.5498911738 0.8343942165 0.03749744967
v 45.13544846 50.51188278 1132.503906
vn 0.7024491429 0.7100039721 0.04959373176
v 45.22535706 50.402565 1132.511108
vn 0.823461175 0.5642548203 0.05939865485
v 45.26665878 50.1548233 1133.420776
vn 0.9735625386 0.2169549614 0.07145965099
v 45.22237778 50.29013824 1133.416748
vn 0.915643096 0.3965267241 0.06606271118
v 45.2844429 50.0096283 1133.422974
vn 0.9970000386 0.02147892118 0.07436130196
v 45.27285385 49.86026382 1133.422974
vn 0.9811728001 -0.1782543361 0.07433277369
v 45.23112869 49.71511078 1133.420654
vn 0.9251278043 -0.3729083836 0.07125911862
v 45.16104507 49.58156586 1133.41626
vn 0.8318359852 -0.5511677265 0.06529217958
v 45.06776047 49.46725464 1133.409912
vn 0.7077337503 -0.7041867971 0.05686699599
v 44.95866394 49.37701797 1133.402222
vn 0.562354207 -0.8255788684 0.0466610603
v 44.84175491 49.31238937 1133.393921
vn 0.3950668871 -0.9179985523 0.03465331346
v 44.70679855 49.26793289 1133.384033
vn 0.2159678936 -0.9761627316 0.02154449001
v 44.56199646 49.25003433 1133.373291
vn 0.02101732232 -0.99975425 0.007049440406
v 44.41305923 49.26158905 1133.362061
vn -0.178131029 -0.9839743376 -0.007991532795
v 44.26832962 49.30336761 1133.350952
vn -0.372233808 -0.9278566837 -0.02288905159
v 44.13518143 49.37358856 1133.340576
vn -0.5499370098 -0.8343962431 -0.03677263483
v 44.02122879 49.46708679 1133.331543
vn -0.7024978399 -0.710000515 -0.04894981161
v 43.93128967 49.57644653 1133.324219
vn -0.8234801888 -0.5642818213 -0.05887604877
v 43.86689377 49.69365311 1133.318604
vn -0.9155726433 -0.3965734541 -0.06675495952
v 43.82261276 49.82896805 1133.314575
vn -0.9735020995 -0.2169973254 -0.07215156406
v 43.80482864 49.97416306 1133.312378
vn -0.9969474673 -0.02151288092 -0.07505278289
v 43.81641769 50.12351608 1133.312378
vn -0.9811267257 0.1782152206 -0.0750310868
v 43.85814667 50.26866913 1133.314697
vn -0.9250788689 0.3728961945 -0.07195530087
v 43.92822647 50.40222168 1133.319214
vn -0.8318091035 0.5511254668 -0.06598710269
v 44.02151108 50.51652908 1133.325439
vn -0.7077118754 0.7041523457 -0.05756203085
v 44.1306076 50.60676575 1133.33313
vn -0.5623146296 0.8255664706 -0.0473529622
v 44.24751663 50.67139053 1133.341553
vn -0.3950287402 0.9179885387 -0.03534592688
v 44.38247299 50.71585846 1133.351318
vn -0.2159308046 0.9761553407 -0.0222396832
v 44.52727509 50.7337532 1133.362061
vn -0.02097751759 0.9997499585 -0.007744078524
v 44.67621231 50.72219467 1133.373291
vn 0.1781866997 0.9839696288 0.007298098877
v 44.82094193 50.68041229 1133.384399
vn 0.3722906113 0.9278507829 0.02219519764
v 44.95409012 50.61020279 1133.394775
vn 0.550000906 0.8343843222 0.03608045727
v 45.06804276 50.51670456 1133.403931
vn 0.7025493979 0.7099971175 0.04825407267
v 45.15798187 50.40733719 1133.411255
vn 0.8235577941 0.5642403364 0.05818437785
v 45.19942093 50.16077423 1134.322388
vn 0.973575294 0.2169488668 0.07130422443
v 45.15513611 50.29613876 1134.317993
vn 0.9156672359 0.3965415657 0.06563802063
v 45.2171936 50.01551437 1134.324707
vn 0.9969899654 0.02148111351 0.07449514419
v 45.20558548 49.86608887 1134.324951
vn 0.981144309 -0.178231433 0.07476221025
v 45.16382599 49.72088242 1134.322876
vn 0.9250794053 -0.3728930354 0.07196452469
v 45.09370041 49.58727264 1134.318604
vn 0.8317691684 -0.5511552691 0.06624152511
v 45.00036621 49.47291946 1134.312378
vn 0.7076477408 -0.7041793466 0.05801867321
v 44.89121246 49.38264465 1134.30481
vn 0.5622509122 -0.8255746365 0.04796338826
v 44.77425003 49.31799316 1134.296509
vn 0.3949710429 -0.9179850817 0.03607282043
v 44.63923264 49.27350998 1134.286743
vn 0.2158761621 -0.9761493802 0.02301970311
v 44.49436951 49.2556076 1134.276001
vn 0.02091487311 -0.9997449517 0.008522330783
v 44.34537125 49.26716614 1134.264771
vn -0.1782265902 -0.983967483 -0.006575303618
v 44.20058441 49.30896759 1134.25354
vn -0.3723113239 -0.9278568029 -0.02158743329
v 44.06739044 49.37921524 1134.243042
vn -0.5500179529 -0.8343920112 -0.03563964367
v 43.95339966 49.47275162 1134.233765
vn -0.7025498152 -0.7100124955 -0.04802113771
v 43.86343384 49.58215714 1134.226318
vn -0.8235355616 -0.5642725229 -0.058186993
v 43.79902649 49.69940567 1134.220581
vn -0.9155985713 -0.396584332 -0.06633319706
v 43.75474167 49.83477783 1134.216309
vn -0.9735128284 -0.216998741 -0.07200211287
v 43.73696518 49.98003769 1134.213867
vn -0.9969365001 -0.02154286392 -0.07518962026
v 43.74857712 50.12945557 1134.213623
vn -0.9810985923 0.1781896949 -0.0754583478
v 43.79033661 50.27467346 1134.215698
vn -0.9250301123 0.372879535 -0.0726647824
v 43.86046219 50.40827179 1134.220093
vn -0.8317270875 0.5511338115 -0.0669446066
v 43.95379639 50.52262878 1134.226196
vn -0.7076297998 0.7041394711 -0.05871728808
v 44.06295013 50.61290741 1134.233765
vn -0.5622258782 0.8255508542 -0.04866124317
v 44.17991257 50.67756271 1134.242065
vn -0.3949200213 0.9179794788 -0.03676763549
v 44.31492996 50.72204208 1134.251831
vn -0.2158191204 0.9761453867 -0.02371338196
v 44.45979309 50.73993683 1134.262573
vn -0.02087324858 0.9997396469 -0.009218994528
v 44.60879135 50.7283783 1134.273926
vn 0.178281948 0.9839618802 0.00588082429
v 44.75357819 50.68658447 1134.285034
vn 0.3723843694 0.9278433919 0.02089325897
v 44.88677216 50.61633682 1134.295532
vn 0.5500871539 0.8343757987 0.03494464979
v 45.00076294 50.52280426 1134.30481
vn 0.7026062012 0.7100031972 0.04732834548
v 45.09072876 50.41339493 1134.312378
vn 0.8236094713 0.5642359257 0.05749157444
v 45.13163376 50.1681366 1135.224609
vn 0.9735303521 0.2169658393 0.07186395675
v 45.08734894 50.30355835 1135.219971
vn 0.9156541228 0.3965363204 0.06585217267
v 45.14939499 50.0228157 1135.227173
vn 0.9969230294 0.02146746963 0.07538995147
v 45.13776398 49.87334061 1135.227661
vn 0.9810518622 -0.1782334447 0.07596135885
v 45.09597015 49.72806931 1135.225708
vn 0.9249662161 -0.3728887439 0.07342699915
v 45.02580261 49.59440613 1135.22168
vn 0.8316530585 -0.551127851 0.06790619344
v 44.93241882 49.48000336 1135.215576
vn 0.707508564 -0.7041693926 0.05980884656
v 44.8232193 49.38968658 1135.208008
vn 0.5621165633 -0.8255563974 0.049815543
v 44.70620346 49.32501221 1135.199707
vn 0.3948146105 -0.9179780483 0.03791775554
v 44.57113266 49.28050995 1135.189819
vn 0.2157365978 -0.9761368036 0.0247922428
v 44.42621613 49.26259995 1135.178955
vn 0.02080197446 -0.9997320175 0.01015453972
v 44.27716827 49.27416611 1135.167603
vn -0.1783391386 -0.9839555621 -0.005158004351
v 44.13233566 49.31597519 1135.15625
vn -0.3723929524 -0.9278500676 -0.02043816447
v 43.99910355 49.38624954 1135.145386
vn -0.550075829 -0.8343890309 -0.03480721265
v 43.88508606 49.47982025 1135.135986
vn -0.7025890946 -0.7100065947 -0.04753140733
v 43.79510117 49.58927536 1135.128174
vn -0.8235428333 -0.5642772317 -0.05803827196
v 43.73068237 49.70657349 1135.122192
vn -0.915582478 -0.3965860307 -0.06654512882
v 43.68640137 49.84200287 1135.117554
vn -0.9734688997 -0.2170097381 -0.07256057858
v 43.66864014 49.98731613 1135.11499
vn -0.9968689084 -0.02151601203 -0.07608833909
v 43.68027115 50.13680649 1135.114502
vn -0.981010437 0.1781639755 -0.07665584236
v 43.72206497 50.28207016 1135.116333
vn -0.9249300361 0.3728409111 -0.07412232459
v 43.7922287 50.41573334 1135.120483
vn -0.8315951228 0.5511289239 -0.06860375404
v 43.88561249 50.53013992 1135.126587
vn -0.7074751258 0.7041431665 -0.0605093725
v 43.99481583 50.62045288 1135.134155
vn -0.5620797276 0.8255389929 -0.05051453784
v 44.11182785 50.68512726 1135.142456
vn -0.3947767019 0.9179651737 -0.03861774504
v 44.24689865 50.72962952 1135.152344
vn -0.2156843841 0.9761303663 -0.02548953891
v 44.39181519 50.74753952 1135.163208
vn -0.02074235864 0.9997259378 -0.01085216738
v 44.54086685 50.73598099 1135.174561
vn 0.1783988327 0.9839481711 0.004458725452
v 44.68569565 50.69416428 1135.185913
vn 0.372476846 0.927831471 0.01974266209
v 44.81893158 50.62388992 1135.196777
vn 0.5501583815 0.8343634605 0.03410869092
v 44.93294907 50.53032303 1135.206177
vn 0.7026584148 0.7099845409 0.04683144391
v 45.02293396 50.42086411 1135.213989
vn 0.8236165643 0.5642407537 0.05734199658
v 45.06259918 50.17704773 1136.127563
vn 0.9734356403 0.2169817537 0.07308863103
v 45.01832199 50.31253052 1136.122681
vn 0.915594697 0.3965355754 0.066677697
v 45.08034515 50.03166962 1136.130493
vn 0.9968004823 0.02149435692 0.07698567957
v 45.06868744 49.88213348 1136.131226
vn 0.9809108377 -0.1781859696 0.07786995173
v 45.0268631 49.73680496 1136.129517
vn 0.9248000383 -0.3728731275 0.07556780428
v 44.95665741 49.60308456 1136.125488
vn 0.8314913511 -0.5510843992 0.07020097971
v 44.86323166 49.4886322 1136.119507
vn 0.7073484063 -0.7041264176 0.06216238812
v 44.75398254 49.3982811 1136.111938
vn 0.5619513392 -0.8255256414 0.05213525891
v 44.63692856 49.33356857 1136.103516
vn 0.3946735263 -0.9179447889 0.04012650624
v 44.50181198 49.28904724 1136.093506
vn 0.2155908048 -0.976115942 0.02680068277
v 44.35684967 49.27112198 1136.082397
vn 0.02068814822 -0.9997153282 0.01188554056
v 44.20775604 49.28268814 1136.070679
vn -0.1784314215 -0.9839450717 -0.003779788734
v 44.0628891 49.32452774 1136.05896
vn -0.3724651933 -0.9278417826 -0.01947554015
v 43.92962646 49.39482117 1136.047852
vn -0.5501071215 -0.8343898058 -0.03428993747
v 43.8155899 49.48842621 1136.037964
vn -0.7025827169 -0.7100167274 -0.04747347534
v 43.72559738 49.59792709 1136.029785
vn -0.8235194087 -0.5642709136 -0.05843035877
v 43.66117859 49.71528244 1136.02356
vn -0.9155235887 -0.3965813518 -0.06737839431
v 43.6169014 49.8507576 1136.018677
vn -0.9733692408 -0.2170446664 -0.07378323376
v 43.59915161 49.99612808 1136.015625
vn -0.9967451096 -0.0215487089 -0.07768388838
v 43.61080933 50.14567184 1136.015015
vn -0.9808571339 0.1781746447 -0.07856884599
v 43.65263748 50.291008 1136.016602
vn -0.9247677326 0.3728110492 -0.07626661658
v 43.72283936 50.42472076 1136.02063
vn -0.8314211369 0.5511013269 -0.07089566439
v 43.81626892 50.53917694 1136.026733
vn -0.7072874904 0.704125762 -0.06285940856
v 43.92551422 50.62953186 1136.034302
vn -0.561902523 0.8255143762 -0.05283531174
v 44.04257202 50.69423676 1136.042603
vn -0.3946014941 0.9179449081 -0.04082641006
v 44.17768478 50.73875809 1136.052734
vn -0.2155201584 0.9761120677 -0.02750083618
v 44.32265091 50.75667572 1136.063721
vn -0.02060391381 0.9997085333 -0.01258181129
v 44.47174072 50.74510956 1136.075439
vn 0.1785091907 0.9839333892 0.003082796466
v 44.61660767 50.70328522 1136.087158
vn 0.3725457489 0.9278238416 0.01877750643
v 44.7498703 50.63298416 1136.098389
vn 0.5501861572 0.8343660831 0.03359214216
v 44.86390686 50.53937149 1136.108276
vn 0.7026613355 0.7099852562 0.04677554965
v 44.9539032 50.42987823 1136.116455
vn 0.8235809207 0.564253509 0.05772766098
v 44.99176788 50.18753052 1137.030762
vn 0.9734639525 0.2162726074 0.0747937113
v 44.94749832 50.32306671 1137.025513
vn 0.9157693982 0.3959058225 0.06800750643
v 45.00950241 50.042099 1137.033936
vn 0.9966568947 0.02075625397 0.07902009785
v 44.99782562 49.89249039 1137.03479
vn 0.9805941582 -0.1789122969 0.08015928417
v 44.95597076 49.74709702 1137.033325
vn 0.9243232012 -0.3735494018 0.07802219689
v 44.88573074 49.61332703 1137.029297
vn 0.8308609128 -0.5517092347 0.07271253318
v 44.79226303 49.49882507 1137.023315
vn 0.7066384554 -0.7046158314 0.06464229524
v 44.68297958 49.40843201 1137.015625
vn 0.561183095 -0.8258959055 0.05449299142
v 44.56588364 49.34369659 1137.00708
vn 0.3938598037 -0.9181981683 0.04226784036
v 44.4307251 49.29914474 1136.996826
vn 0.2147228122 -0.976254642 0.02865326032
v 44.28572083 49.28121948 1136.985474
vn 0.01980309375 -0.9997145534 0.01336377207
v 44.13659286 49.29278564 1136.973389
vn -0.1792717874 -0.9837957621 -0.002736391965
v 43.9916954 49.33462906 1136.961304
vn -0.3732317984 -0.9275453091 -0.01891474798
v 43.85840225 49.40495682 1136.949829
vn -0.5507609844 -0.8339606524 -0.03423337638
v 43.74435043 49.49859619 1136.939575
vn -0.7030824423 -0.7094926834 -0.04790853336
v 43.65434265 49.60813522 1136.93103
vn -0.823844552 -0.5637031198 -0.05932084844
v 43.58992386 49.72553253 1136.924438
vn -0.9157057405 -0.3959317207 -0.06871023029
v 43.54565048 49.86106491 1136.919189
vn -0.973403573 -0.2163000256 -0.07549688965
v 43.52791595 50.00650024 1136.916016
vn -0.9966005087 -0.02079700306 -0.07971764356
v 43.53959656 50.15610886 1136.915039
vn -0.980533421 0.1789312661 -0.08085651696
v 43.58145142 50.3014946 1136.916626
vn -0.9242658615 0.3735449016 -0.07872009277
v 43.65169144 50.4352684 1136.920532
vn -0.8307965994 0.5517138839 -0.07340820134
v 43.74515533 50.54977036 1136.926636
vn -0.7065531015 0.704637289 -0.06533738226
v 43.8544426 50.64016342 1136.934204
vn -0.5611198545 0.8258926272 -0.05518905446
v 43.97153854 50.70490265 1136.942749
vn -0.3937666416 0.9182059169 -0.04296199977
v 44.10669708 50.74944687 1136.953003
vn -0.2146215141 0.9762562513 -0.02934810519
v 44.25169754 50.76737976 1136.964355
vn -0.01969773509 0.9997071624 -0.01405774895
v 44.4008255 50.7558136 1136.97644
vn 0.1793728322 0.9837790728 0.002041105647
v 44.54572678 50.71396637 1136.988525
vn 0.3733226061 0.9275226593 0.01821931638
v 44.67901611 50.64364243 1137.000122
vn 0.5508363247 0.8339392543 0.03353565931
v 44.79307175 50.54999542 1137.010376
vn 0.7031642795 0.7094583511 0.04721057042
v 44.88307571 50.44046402 1137.018921
vn 0.8239123821 0.5636771321 0.05862173066
v 44.91559601 50.19968796 1137.976196
vn 0.9728350043 0.2185855657 0.07623898983
v 44.87131882 50.33527756 1137.970825
vn 0.9147735834 0.3979929984 0.0692159161
v 44.93332672 50.05419159 1137.979492
vn 0.9964720011 0.02317962609 0.0806613192
v 44.92163467 49.90451813 1137.980469
vn 0.98088485 -0.1764959246 0.08193986118
v 44.87976074 49.75906372 1137.979004
vn 0.9251012802 -0.3712243438 0.07987572253
v 44.8094902 49.6252327 1137.974976
vn 0.8320527673 -0.5496628881 0.07455796748
v 44.71599197 49.51068115 1137.968872
vn 0.7081629634 -0.7029192448 0.06640595943
v 44.60666656 49.42024612 1137.96106
vn 0.5629047751 -0.8246153593 0.05610429496
v 44.48953247 49.35547256 1137.952271
vn 0.3958073854 -0.9172950983 0.04366024956
v 44.35433197 49.31090927 1137.941895
vn 0.2169308364 -0.9757317305 0.02980877087
v 44.20928574 49.29296112 1137.930176
vn 0.02215264738 -0.9996534586 0.01421851106
v 44.060112 49.30452728 1137.917847
vn -0.1768966019 -0.9842269421 -0.002221839968
v 43.91517258 49.34638596 1137.905518
vn -0.3709715009 -0.9284545183 -0.01877073012
v 43.78184509 49.41674805 1137.893677
vn -0.548710227 -0.8353021145 -0.03445982933
v 43.66776276 49.51042175 1137.883179
vn -0.7013688684 -0.7111465931 -0.04849990085
v 43.5777359 49.62000275 1137.87439
vn -0.8225002289 -0.5655655861 -0.06024045497
v 43.51330185 49.73744965 1137.867554
vn -0.9147182703 -0.3979969919 -0.06992053241
v 43.46902466 49.87303925 1137.862183
vn -0.9727774858 -0.2185936719 -0.07694636285
v 43.45129395 50.01854324 1137.858887
vn -0.996414125 -0.02318679355 -0.08137099445
v 43.46298218 50.16821671 1137.85791
vn -0.9808236361 0.1765078008 -0.08264383674
v 43.50485992 50.31367111 1137.859375
vn -0.9250252843 0.3712624311 -0.08057568967
v 43.57512665 50.44750214 1137.863403
vn -0.8319786787 0.5496795774 -0.0752588734
v 43.66862869 50.56205368 1137.869507
vn -0.708065331 0.7029512525 -0.06710474938
v 43.77795029 50.65248871 1137.877319
vn -0.5628240108 0.8246225119 -0.05680584535
v 43.89508438 50.71726227 1137.885986
vn -0.3957168162 0.9173006415 -0.04435933754
v 44.03028488 50.76182556 1137.896484
vn -0.2168226093 0.9757342339 -0.03050594404
v 44.17533493 50.77977371 1137.908081
vn -0.02203566954 0.9996458888 -0.01491668168
v 44.32450485 50.76820755 1137.920532
vn 0.1769998819 0.9842097163 0.001521556638
v 44.46944809 50.72634888 1137.932861
vn 0.3710603714 0.9284329414 0.01806799695
v 44.60277176 50.6559906 1137.944702
vn 0.5487917066 0.8352771997 0.03375929222
v 44.71685791 50.56231308 1137.9552
vn 0.7014352083 0.7111287713 0.0477972962
v 44.80688477 50.45273209 1137.963989
vn 0.8225729465 0.565534234 0.05953857675
v 44.84531021 50.21073532 1138.833252
vn 0.9732455611 0.2163096368 0.07748055458
v 44.80101013 50.34638214 1138.827881
vn 0.9155708551 0.3959222436 0.07053801417
v 44.86305618 50.06516647 1138.836548
vn 0.9964348674 0.02079444937 0.08176249266
v 44.85136795 49.91543198 1138.837402
vn 0.9803675413 -0.1789299548 0.08284654468
v 44.80948639 49.76992035 1138.835693
vn 0.9241150022 -0.3735264242 0.08055724949
v 44.73920441 49.63602448 1138.831543
vn 0.8306615949 -0.5517040491 0.0749932155
v 44.64567947 49.52142334 1138.825195
vn 0.7064653039 -0.7046087384 0.06658323854
v 44.53632355 49.43094635 1138.817261
vn 0.5610617399 -0.8258750439 0.05603720993
v 44.41915512 49.36615372 1138.808472
vn 0.3937446773 -0.9181988239 0.0433132574
v 44.28391266 49.32156754 1138.797729
vn 0.2146591395 -0.9762520194 0.02921417169
v 44.13882065 49.30361557 1138.786011
vn 0.0197758507 -0.9997147918 0.01338893641
v 43.98959732 49.31518936 1138.77356
vn -0.1792548299 -0.9837973118 -0.003252897644
v 43.84460449 49.35705948 1138.760986
vn -0.3731823564 -0.9275432229 -0.0199638363
v 43.71123123 49.42744064 1138.749146
vn -0.5506702065 -0.8339562416 -0.03576776758
v 43.59710693 49.52115631 1138.738525
vn -0.7029530406 -0.7094861865 -0.04986331612
v 43.50704575 49.63079071 1138.729736
vn -0.8236745 -0.5637063384 -0.06160764769
v 43.44258118 49.7482872 1138.7229
vn -0.9155073166 -0.3959426284 -0.07124454528
v 43.39828491 49.88393021 1138.717529
vn -0.9731941223 -0.2162864059 -0.07818795741
v 43.38053894 50.02949142 1138.714233
vn -0.9963766336 -0.02077369019 -0.08247447759
v 43.39222336 50.17922592 1138.713379
vn -0.9803022146 0.1789516062 -0.08356934786
v 43.43410492 50.32474518 1138.715088
vn -0.9240310788 0.3735784888 -0.0812754184
v 43.50439072 50.45863342 1138.719238
vn -0.8305820227 0.551726222 -0.07570773363
v 43.59791183 50.57324219 1138.725586
vn -0.7063684464 0.7046381831 -0.06729522347
v 43.70726776 50.66371155 1138.733521
vn -0.5609449148 0.8259059787 -0.05674628168
v 43.82443619 50.72850418 1138.742432
vn -0.3936491609 0.9182059169 -0.04402578622
v 43.95967865 50.77309036 1138.753052
vn -0.2145607173 0.976252079 -0.02992582507
v 44.10477448 50.79104614 1138.764771
vn -0.01966859773 0.9997071028 -0.01409993228
v 44.2539978 50.77947998 1138.777344
vn 0.179352656 0.9837815762 0.002545335097
v 44.39898682 50.73760605 1138.789795
vn 0.3732693195 0.9275231361 0.01925751008
v 44.53236008 50.66721725 1138.801758
vn 0.5507343411 0.8339439631 0.03505967185
v 44.64648819 50.57350159 1138.812378
vn 0.7030143738 0.709474802 0.0491553098
v 44.73654938 50.46387482 1138.821167
vn 0.8237413764 0.563685298 0.06090182066
v 44.77101135 50.22112656 1139.732178
vn 0.9730157852 0.2171140313 0.07811398059
v 44.72667313 50.35683441 1139.727051
vn 0.9151691794 0.3966762722 0.07150731981
v 44.78878784 50.0755043 1139.735107
vn 0.9963940382 0.02166219242 0.0820344314
v 44.77712631 49.92569733 1139.735718
vn 0.9805378914 -0.1780427843 0.08274194598
v 44.73525238 49.78010941 1139.733765
vn 0.9244765043 -0.3727373779 0.08006245643
v 44.66496277 49.64615631 1139.729248
vn 0.8312065601 -0.5509981513 0.07413950562
v 44.57141876 49.5315094 1139.722656
vn 0.7071379423 -0.7040436864 0.06540960073
v 44.46203613 49.44099045 1139.714478
vn 0.5618270636 -0.8254509568 0.05459855497
v 44.34482956 49.3761673 1139.705444
vn 0.394610256 -0.9179041982 0.04164898768
v 44.20954132 49.33156204 1139.694702
vn 0.2156111151 -0.9760946035 0.02740676515
v 44.06438828 49.313591 1139.682861
vn 0.02077685297 -0.99971807 0.01149287727
v 43.91510391 49.32517242 1139.670288
vn -0.1782651395 -0.9839689136 -0.0051656086
v 43.77004623 49.36706543 1139.657837
vn -0.3722457588 -0.9278778434 -0.02181266434
v 43.63660812 49.43748093 1139.645996
vn -0.5498203039 -0.834441781 -0.03747694567
v 43.52241898 49.53124237 1139.635498
vn -0.7022454739 -0.7100787759 -0.05137534067
v 43.43230057 49.64091492 1139.626953
vn -0.82313627 -0.5643517971 -0.06287851185
v 43.36779404 49.75846863 1139.620361
vn -0.9151238203 -0.3966526687 -0.07221550494
v 43.323452 49.89418411 1139.615234
vn -0.9729622602 -0.2170972079 -0.07882397622
v 43.30567551 50.03980637 1139.612305
vn -0.9963368177 -0.0216012951 -0.08274251968
v 43.31734085 50.18961334 1139.611694
vn -0.9804682732 0.1780964881 -0.08344792575
v 43.35921478 50.33519363 1139.613647
vn -0.9243920445 0.3727926314 -0.08077727258
v 43.42950439 50.46914673 1139.618164
vn -0.8311185837 0.5510340333 -0.07485600561
v 43.52304459 50.58380127 1139.624756
vn -0.707048595 0.7040663362 -0.0661278367
v 43.63243103 50.67431641 1139.632935
vn -0.5617070198 0.8254851103 -0.05531353131
v 43.7496376 50.73914337 1139.641968
vn -0.3945081532 0.9179154634 -0.04236181825
v 43.88492584 50.78374863 1139.65271
vn -0.215511933 0.9760963321 -0.02811710909
v 44.03007507 50.80171204 1139.664551
vn -0.02067318186 0.9997118115 -0.012201773
v 44.17935944 50.79013824 1139.677124
vn 0.178351298 0.9839568138 0.004456412047
v 44.32441711 50.74824524 1139.689575
vn 0.3723146319 0.9278666377 0.02110381797
v 44.45785904 50.67782974 1139.701416
vn 0.5498756766 0.8344367743 0.03676990047
v 44.57204819 50.58406067 1139.711914
vn 0.7023043633 0.7100715041 0.05066655576
v 44.66216278 50.47438049 1139.720459
vn 0.8231915832 0.5643497109 0.06216957793
v 44.69701385 50.22906876 1140.62854
vn 0.9729990959 0.2171039581 0.07834912091
v 44.65261078 50.36484146 1140.623901
vn 0.9151114821 0.3966521621 0.07237464935
v 44.71483994 50.08337402 1140.630981
vn 0.9964316487 0.02160673589 0.08159140497
v 44.70320892 49.93350601 1140.631104
vn 0.9806218147 -0.1780894995 0.08163911849
v 44.66135788 49.78784561 1140.628662
vn 0.9246121645 -0.3727664351 0.07834239304
v 44.59107208 49.65383911 1140.623779
vn 0.8313800693 -0.55103755 0.07186660171
v 44.49752045 49.53912354 1140.616821
vn 0.7073379159 -0.7040907741 0.06268359721
v 44.3881073 49.44857025 1140.608398
vn 0.5620492697 -0.8254962564 0.05154183507
v 44.27086639 49.38371277 1140.599243
vn 0.3948406577 -0.9179490209 0.0383468233
v 44.13552475 49.33908463 1140.588257
vn 0.2158395797 -0.9761338234 0.02400114015
v 43.99031448 49.3211174 1140.576416
vn 0.02100390568 -0.9997465014 0.008109432645
v 43.84095383 49.33270645 1140.563965
vn -0.1780462861 -0.9839863181 -0.008390977979
v 43.69581985 49.37461472 1140.551758
vn -0.3720573187 -0.9278796911 -0.02475227416
v 43.56229782 49.44506454 1140.540283
vn -0.5496534705 -0.834434092 -0.04001007602
v 43.44802856 49.53886414 1140.530151
vn -0.7021052241 -0.7100673914 -0.05340896919
v 43.35783768 49.64859772 1140.521973
vn -0.8230361938 -0.5643309951 -0.06435780972
v 43.2932663 49.76620483 1140.515747
vn -0.9150678515 -0.3966222107 -0.07308639586
v 43.24886703 49.90197754 1140.51123
vn -0.9729560018 -0.2170394063 -0.07906031609
v 43.23104095 50.04766846 1140.508667
vn -0.9963740706 -0.02156256512 -0.08230315149
v 43.24266815 50.19753647 1140.508667
vn -0.980548799 0.1781655401 -0.08234720677
v 43.2845192 50.34318924 1140.511108
vn -0.9245246053 0.3728359044 -0.07904230803
v 43.35480499 50.47720718 1140.515991
vn -0.831286788 0.5510863662 -0.07256767154
v 43.44836044 50.59191895 1140.522827
vn -0.7072640061 0.7041018009 -0.06338963658
v 43.55776978 50.68247223 1140.53125
vn -0.561925292 0.8255364299 -0.05224504694
v 43.67501068 50.74732208 1140.540527
vn -0.3947369754 0.917963922 -0.03905038536
v 43.81035233 50.79195023 1140.551392
vn -0.2157527953 0.9761354327 -0.0247060284
v 43.95556641 50.80991745 1140.563232
vn -0.02091186121 0.9997424483 -0.008813144639
v 44.10492325 50.79833984 1140.575684
vn 0.1781204343 0.9839786887 0.007685951889
v 44.25006104 50.75642395 1140.588013
vn 0.3720974624 0.9278822541 0.024042245
v 44.38358307 50.68597794 1140.599487
vn 0.5497011542 0.8344364166 0.03930091858
v 44.49785233 50.59217072 1140.609619
vn 0.7021481991 0.7100778222 0.05270044878
v 44.58804321 50.48244095 1140.617798
vn 0.8230939507 0.56432724 0.06364822388
v 44.62382507 50.23333359 1141.524658
vn 0.9730136991 0.2171196193 0.07812428474
v 44.57934952 50.36916733 1141.520752
vn 0.9150554538 0.3966523111 0.07307817787
v 44.641716 50.08757401 1141.526489
vn 0.9965271354 0.0216221977 0.08041273057
v 44.6301384 49.93763733 1141.525879
vn 0.9807907343 -0.1781129986 0.07953146845
v 44.58832169 49.79192352 1141.522705
vn 0.9248510003 -0.3727839589 0.07538405061
v 44.51804733 49.65785217 1141.517334
vn 0.8316913843 -0.5510347486 0.0681918785
v 44.42449188 49.54308701 1141.51001
vn 0.707697928 -0.7040934563 0.0584470965
v 44.31505585 49.45248413 1141.501221
vn 0.5624137521 -0.8255240917 0.04691189528
v 44.19777679 49.38760757 1141.491821
vn 0.3952462077 -0.9179648757 0.03348057345
v 44.06238174 49.34295654 1141.480957
vn 0.2162386775 -0.9761538506 0.01909317821
v 43.917099 49.32498169 1141.469116
vn 0.0213971734 -0.9997654557 0.003339462681
v 43.76765823 49.33657074 1141.457031
vn -0.1776866168 -0.9840034842 -0.01283043623
v 43.62242508 49.37850571 1141.445068
vn -0.3717364967 -0.9278953075 -0.02867570147
v 43.48880768 49.44898605 1141.434082
vn -0.5494011045 -0.834438026 -0.04326203465
v 43.37443924 49.54282761 1141.424561
vn -0.7019006014 -0.7100800276 -0.05587425083
v 43.28416061 49.65260696 1141.416992
vn -0.8229163289 -0.5643179417 -0.06598463655
v 43.21950912 49.77026367 1141.411499
vn -0.9150111675 -0.396622777 -0.07378958911
v 43.17503357 49.90610123 1141.407471
vn -0.9729758501 -0.2170324922 -0.07883492112
v 43.15714264 50.05185699 1141.405762
vn -0.996471405 -0.02154784277 -0.08112002164
v 43.16871643 50.20180511 1141.406372
vn -0.9807207584 0.1781827062 -0.08023527265
v 43.21053696 50.34751129 1141.409424
vn -0.9247615337 0.3728642464 -0.07608118653
v 43.2808075 50.48159027 1141.414917
vn -0.8315807581 0.5511156917 -0.06888358295
v 43.37436676 50.59634399 1141.422241
vn -0.7076045871 0.7041294575 -0.05913893878
v 43.48379898 50.68695068 1141.430908
vn -0.5623259544 0.8255442381 -0.0476055555
v 43.60108185 50.75182724 1141.440308
vn -0.3951336145 0.9179877639 -0.03417472914
v 43.7364769 50.79647446 1141.451294
vn -0.2161559612 0.9761582613 -0.01979051158
v 43.88175964 50.81444931 1141.463013
vn -0.02130930871 0.9997648001 -0.004038486164
v 44.03120041 50.80286407 1141.47522
vn 0.1777449101 0.9840019345 0.01212398428
v 44.17642975 50.76093292 1141.487183
vn 0.371770978 0.927903235 0.02796356753
v 44.31005096 50.69045639 1141.498169
vn 0.5494313836 0.8344547153 0.04254998267
v 44.42441559 50.59660339 1141.50769
vn 0.701944232 0.7100925446 0.05516220257
v 44.51469803 50.48682404 1141.515259
vn 0.8229435682 0.5643615127 0.06526838243
v 44.55213928 50.23269272 1142.420654
vn 0.9730622172 0.217144534 0.07744780928
v 44.50757217 50.36858368 1142.417603
vn 0.9149923325 0.396697849 0.07361955941
v 44.57011414 50.0868721 1142.421509
vn 0.996679306 0.02165811136 0.07849367708
v 44.55860519 49.93687057 1142.419922
vn 0.9810451865 -0.1780732125 0.07642180473
v 44.51683044 49.79109192 1142.416016
vn 0.9251906276 -0.372764945 0.07119396329
v 44.44658279 49.65696335 1142.409912
vn 0.8321068287 -0.5510134697 0.06310623139
v 44.35302353 49.5421524 1142.4021
vn 0.7081853151 -0.7040578723 0.05268827081
v 44.24356842 49.45152283 1142.393066
vn 0.562939465 -0.8254947066 0.04071452841
v 44.12625122 49.38660049 1142.383545
vn 0.3957869709 -0.9179440737 0.02704403363
v 43.99079895 49.34193802 1142.372559
vn 0.2167787254 -0.9761385322 0.01267285179
v 43.8454361 49.32395554 1142.360962
vn 0.02190713026 -0.9997560382 -0.002822868293
v 43.69589996 49.33555222 1142.349243
vn -0.1772066355 -0.9840000868 -0.01848219149
v 43.55056381 49.37749481 1142.337769
vn -0.3713150322 -0.9278993607 -0.03358398005
v 43.41683197 49.44800949 1142.327515
vn -0.5490779877 -0.8344351649 -0.04723654315
v 43.30235291 49.54189301 1142.318848
vn -0.7016608715 -0.7100830078 -0.05877189338
v 43.21196365 49.65171432 1142.312012
vn -0.8227523565 -0.5643492937 -0.06773795187
v 43.1472168 49.76942062 1142.307373
vn -0.9149764776 -0.3966003358 -0.07433867455
v 43.10264969 49.9053154 1142.304443
vn -0.9730282426 -0.2170413733 -0.07816055417
v 43.08467865 50.05113602 1142.303589
vn -0.9966254234 -0.02156817541 -0.0791996792
v 43.09618759 50.20113754 1142.305054
vn -0.9809744358 0.1781590879 -0.07712667435
v 43.13796234 50.3469162 1142.30896
vn -0.9251026511 0.3728485107 -0.0718960762
v 43.20820999 50.48104095 1142.315063
vn -0.8320064545 0.5510848165 -0.06380315125
v 43.30176926 50.5958519 1142.322876
vn -0.7080758214 0.7041155696 -0.0533846505
v 43.41122437 50.68649292 1142.331909
vn -0.5628420115 0.8255264163 -0.04141226038
v 43.52854156 50.75140762 1142.341431
vn -0.3956931829 0.917963624 -0.02774435841
v 43.66399384 50.7960701 1142.352417
vn -0.216698125 0.976146996 -0.0133794779
v 43.80935287 50.81404877 1142.364014
vn -0.02183635533 0.9997593164 0.002114452189
v 43.95889282 50.80246353 1142.375854
vn 0.1772526652 0.9840049148 0.01776992902
v 44.10422897 50.76051331 1142.387207
vn 0.3713495433 0.927911222 0.03286737576
v 44.23796082 50.69000626 1142.397461
vn 0.5490843654 0.8344715238 0.04651526362
v 44.35243988 50.59611511 1142.40625
vn 0.7016814947 0.7101218104 0.05805305019
v 44.44282532 50.48628998 1142.412964
vn 0.8227915168 0.5643778443 0.06702046841
v 44.48276138 50.22591782 1143.315063
vn 0.9731424451 0.217188105 0.07630896568
v 44.43808746 50.36186218 1143.31311
vn 0.9149562716 0.3967121542 0.07398997992
v 44.5008316 50.08005142 1143.314697
vn 0.9968853593 0.02170170099 0.07581996173
v 44.48939896 49.92999268 1143.312134
vn 0.9813742042 -0.1779801548 0.07230297476
v 44.44768524 49.78414917 1143.307373
vn 0.9256314635 -0.3726657033 0.06577721238
v 44.37746811 49.64997482 1143.300415
vn 0.8326214552 -0.5509411097 0.05661625788
v 44.28391266 49.53511429 1143.291992
vn 0.7087715864 -0.703975141 0.04540735483
v 44.17444229 49.44444656 1143.282593
vn 0.5635604858 -0.8254179358 0.03293695673
v 44.05708313 49.37950516 1143.272827
vn 0.3964318335 -0.9178668261 0.01903334819
v 43.92156982 49.33481216 1143.261963
vn 0.2174212337 -0.9760663509 0.004741366953
v 43.77612305 49.31682587 1143.250732
vn 0.02251662686 -0.9996926188 -0.01037773862
v 43.62648392 49.3284111 1143.23938
vn -0.1766471863 -0.9839476943 -0.02535177581
v 43.4810257 49.37036896 1143.22876
vn -0.3708319366 -0.927860558 -0.0394775793
v 43.34716415 49.44090271 1143.21936
vn -0.5486889482 -0.834412694 -0.05192225799
v 43.2325592 49.53482437 1143.211548
vn -0.7013990283 -0.7100585103 -0.0620989576
v 43.14204788 49.64468765 1143.205933
vn -0.8226038814 -0.564335525 -0.06962948292
v 43.07719421 49.76243591 1143.202271
vn -0.9149358869 -0.3966251612 -0.07470491529
v 43.03251648 49.89838028 1143.200439
vn -0.9731141329 -0.2170631886 -0.07702216506
v 43.01445007 50.0442543 1143.200684
vn -0.9968327284 -0.02161257528 -0.07653401047
v 43.02587891 50.19432068 1143.203247
vn -0.9812973142 0.1781144887 -0.07301241904
v 43.06759644 50.34014893 1143.20813
vn -0.9255252481 0.3728038073 -0.06648584455
v 43.13781357 50.4743309 1143.215088
vn -0.8325193524 0.5510220528 -0.05732581392
v 43.2313652 50.58918381 1143.223511
vn -0.7086612582 0.7040402293 -0.0461146757
v 43.34083939 50.67986679 1143.23291
vn -0.5634623766 0.825456202 -0.03364891931
v 43.45819473 50.74480057 1143.242554
vn -0.3963378668 0.9178923368 -0.01974653453
v 43.59371185 50.78948975 1143.253418
vn -0.2173526287 0.9760779142 -0.005458303262
v 43.73915482 50.80748749 1143.264771
vn -0.02245521918 0.9997012019 0.009658106603
v 43.88879776 50.79589462 1143.276123
vn 0.1766939908 0.9839576483 0.02462913096
v 44.03425217 50.75392914 1143.286743
vn 0.3708648682 0.9278778434 0.03875532746
v 44.16811371 50.68339539 1143.296143
vn 0.5486980081 0.8344514966 0.05119738355
v 44.28272247 50.58948135 1143.303833
vn 0.7013978362 0.7101225853 0.06137579679
v 44.37322998 50.47961426 1143.30957
vn 0.8226190805 0.5644013286 0.06891267747
v 44.4164772 50.21182251 1144.206665
vn 0.9732653499 0.2171958387 0.07470268011
v 44.37168121 50.34780121 1144.206177
vn 0.9149466157 0.3966968358 0.07419095933
v 44.43465805 50.06590652 1144.205078
vn 0.9971391559 0.0217488911 0.07239103317
v 44.42331696 49.91579819 1144.201172
vn 0.9817478061 -0.1779380739 0.06715097278
v 44.38166809 49.76992035 1144.19519
vn 0.9261182547 -0.372574091 0.05910614133
v 44.31148911 49.63569641 1144.187378
vn 0.8331933022 -0.5508329868 0.04870270938
v 44.2179451 49.52079773 1144.178223
vn 0.7094025612 -0.7038533688 0.03658499569
v 44.10845566 49.43009186 1144.168457
vn 0.5642358661 -0.8252771497 0.0235691946
v 43.99105835 49.36511993 1144.158569
vn 0.3971228898 -0.9177169204 0.00943600852
v 43.85548019 49.3204155 1144.147827
vn 0.218094185 -0.975916326 -0.004719800781
v 43.70994186 49.30241394 1144.136841
vn 0.0231451951 -0.9995449781 -0.01934171095
v 43.56019211 49.31399155 1144.126221
vn -0.1760939211 -0.9838048816 -0.0334494561
v 43.41460419 49.35595703 1144.116455
vn -0.3703613281 -0.9277296662 -0.04636952281
v 43.2806015 49.42650604 1144.108154
vn -0.5483205914 -0.8343002796 -0.05733690411
v 43.16585159 49.52044678 1144.101685
vn -0.7011473179 -0.7099689245 -0.06585277617
v 43.07520676 49.63034058 1144.09729
vn -0.822480619 -0.5642616749 -0.07165515423
v 43.0102272 49.74811554 1144.094971
vn -0.9149388671 -0.3965798616 -0.07490811497
v 42.96543121 49.88410187 1144.094482
vn -0.9732432365 -0.2170492113 -0.075414069
v 42.94725418 50.03001785 1144.096069
vn -0.9970902801 -0.02163262479 -0.07309621572
v 42.95859146 50.18012619 1144.099854
vn -0.9816774726 0.1780590117 -0.06785541028
v 43.00024414 50.32600403 1144.105835
vn -0.9260113835 0.3727279902 -0.05980637297
v 43.07041931 50.46022797 1144.11377
vn -0.8330852985 0.5509337187 -0.04940577224
v 43.16396332 50.57512283 1144.122803
vn -0.7092903256 0.7039294839 -0.03728907928
v 43.27345276 50.66583252 1144.13269
vn -0.564127624 0.8253307939 -0.02427212149
v 43.39085007 50.73079681 1144.142456
vn -0.3970164657 0.9177554846 -0.01013894659
v 43.52643204 50.77550888 1144.15332
vn -0.2180242389 0.9759351015 0.004010097124
v 43.67196655 50.79351044 1144.164185
vn -0.02309123427 0.9995598197 0.01862756163
v 43.82172012 50.7819252 1144.174927
vn 0.1761213392 0.9838240743 0.03273371607
v 43.96730423 50.73995972 1144.184692
vn 0.3703753948 0.9277595282 0.04565450549
v 44.10130692 50.66941833 1144.192993
vn 0.5483128428 0.8343544602 0.05661862716
v 44.21605682 50.57547379 1144.199463
vn 0.7011541128 0.7100285292 0.06513413042
v 44.30670166 50.4655838 1144.203735
vn 0.8224784732 0.564355433 0.07093724608
v 44.35384369 50.18914032 1145.097534
vn 0.9735505581 0.2166437805 0.07255853713
v 44.30891418 50.32513809 1145.098633
vn 0.9151668549 0.3961856663 0.07420583069
v 44.37214279 50.04320145 1145.094238
vn 0.9974533319 0.02125043608 0.0680828169
v 44.36090469 49.89307404 1145.088867
vn 0.9820798039 -0.1783840358 0.06081462651
v 44.31933212 49.74716949 1145.081543
vn 0.9264496565 -0.3729516566 0.05097156763
v 44.24920273 49.61291504 1145.072632
vn 0.8335232735 -0.551097393 0.03912300617
v 44.15567398 49.49798203 1145.062744
vn 0.7097201943 -0.7040049434 0.02596642636
v 44.04616928 49.40725327 1145.05249
vn 0.5645368099 -0.8253157139 0.01233723853
v 43.92873383 49.3422699 1145.04248
vn 0.3973812461 -0.9176513553 -0.002023983281
v 43.79308701 49.29753494 1145.031738
vn 0.218302086 -0.9757505655 -0.01596885175
v 43.64745712 49.27950668 1145.02124
vn 0.02325669117 -0.9992806315 -0.02995518409
v 43.49758148 49.29108047 1145.011353
vn -0.1760677695 -0.9834387898 -0.04299149662
v 43.35186005 49.33303452 1145.002686
vn -0.37040627 -0.9272732139 -0.05443902314
v 43.21770477 49.40357971 1144.995728
vn -0.5484152436 -0.8337829709 -0.06361300498
v 43.10280228 49.49752808 1144.990723
vn -0.7012873292 -0.7094210386 -0.07012735307
v 43.01200485 49.60741806 1144.987915
vn -0.8226502538 -0.5637312531 -0.07384839654
v 42.94689178 49.72520828 1144.987061
vn -0.915176034 -0.3960302472 -0.07491928339
v 42.90196228 49.86120605 1144.988159
vn -0.9735305309 -0.2164938748 -0.07327123731
v 42.88366318 50.00714493 1144.991455
vn -0.9974085093 -0.02107646875 -0.06878948212
v 42.89490128 50.15727615 1144.996826
vn -0.9820072651 0.1785443574 -0.06151171774
v 42.93647385 50.30318832 1145.00415
vn -0.9263511896 0.3731010854 -0.05166296288
v 43.00660324 50.43743896 1145.013062
vn -0.8334088326 0.5512211919 -0.03981050104
v 43.10013199 50.55236435 1145.022949
vn -0.709602356 0.7040982842 -0.02664859034
v 43.20963669 50.64309311 1145.033203
vn -0.5644325018 0.8253765106 -0.01302044466
v 43.32707214 50.70808411 1145.043335
vn -0.3972787261 0.9176970124 0.001345701399
v 43.46271896 50.75281906 1145.053955
vn -0.2182257324 0.9757785201 0.01529157069
v 43.60834885 50.77084351 1145.064453
vn -0.02321460471 0.9993019104 0.02927066758
v 43.75822449 50.75926971 1145.074341
vn 0.1760683954 0.9834687114 0.04229918122
v 43.90394592 50.71731186 1145.083008
vn 0.3704010546 0.92731601 0.05374077708
v 44.0381012 50.64677048 1145.089966
vn 0.5483908057 0.8338524699 0.06290972233
v 44.15300369 50.55282974 1145.094971
vn 0.7012683749 0.7095091343 0.0694219023
v 44.24380112 50.44292831 1145.097778
vn 0.8226479292 0.5638272762 0.07313783467
v 44.29344177 50.15521622 1146.021484
vn 0.973287344 0.2186226994 0.07011315227
v 44.24836349 50.2911911 1146.024536
vn 0.914447844 0.3978685141 0.07406588644
v 44.3118782 50.00928116 1146.016235
vn 0.9977191687 0.02338806726 0.06332013756
v 44.30075455 49.85915375 1146.009033
vn 0.9828855991 -0.1761578172 0.05389124528
v 44.25926971 49.71324921 1146.000122
vn 0.9277701974 -0.3707640767 0.04214770719
v 44.18919754 49.57898712 1145.989868
vn 0.8352782726 -0.5490745306 0.02876376361
v 44.09568787 49.46405029 1145.978882
vn 0.7118048072 -0.7022274137 0.0145098567
v 43.98617172 49.37329865 1145.96814
vn 0.5668143034 -0.8238455653 0.0002425036073
v 43.86869431 49.3082962 1145.957886
vn 0.3998364508 -0.9164744616 -0.01433252543
v 43.73297501 49.26354218 1145.947388
vn 0.2209318429 -0.9748866558 -0.02802053839
v 43.58724594 49.2454834 1145.937378
vn 0.02595069259 -0.9988102913 -0.0412857309
v 43.4372406 49.25702667 1145.928467
vn -0.1734620929 -0.9834056497 -0.05314388871
v 43.29136658 49.29895401 1145.921143
vn -0.3680105805 -0.9276857376 -0.06298718601
v 43.15704727 49.36946106 1145.915771
vn -0.5463374257 -0.834616363 -0.07022043318
v 43.04197311 49.46338272 1145.912598
vn -0.699646771 -0.7105861306 -0.07457706332
v 42.95101547 49.57326126 1145.911621
vn -0.8214835525 -0.5651378632 -0.07605241239
v 42.88574982 49.69103241 1145.912598
vn -0.9144601226 -0.3977079093 -0.07477364689
v 42.84067154 49.82701492 1145.915771
vn -0.9732794762 -0.2184300572 -0.07081963867
v 42.82223892 49.97293854 1145.920898
vn -0.9976787567 -0.02319599502 -0.06402385235
v 42.83336258 50.12306976 1145.928101
vn -0.9828112721 0.1763576865 -0.05458923429
v 42.87484741 50.2689743 1145.937134
vn -0.927669704 0.3709363639 -0.04283884168
v 42.94491959 50.4032402 1145.947388
vn -0.8351747394 0.549195528 -0.02945221215
v 43.03842926 50.51817322 1145.958252
vn -0.7116892934 0.7023301125 -0.01519179624
v 43.1479454 50.60892487 1145.969116
vn -0.5667341948 0.8239001632 -0.00092222495
v 43.26541901 50.67393494 1145.97937
vn -0.399756074 0.9165198803 0.01365329511
v 43.40114212 50.71868134 1145.989746
vn -0.2208623886 0.9749215841 0.02734377421
v 43.54687119 50.73674011 1145.999756
vn -0.02593038417 0.9988387227 0.04060586542
v 43.69687271 50.72519684 1146.008667
vn 0.1734226942 0.9834494591 0.05245684832
v 43.84275055 50.68327332 1146.016113
vn 0.3679432571 0.9277592897 0.06229366362
v 43.97706985 50.61275864 1146.021484
vn 0.5462931395 0.8347042203 0.06951744109
v 44.09214401 50.51884079 1146.024658
vn 0.6996107101 0.7106957436 0.07386745512
v 44.18310165 50.40896988 1146.025513
vn 0.8214687109 0.5652544498 0.0753428638
v 44.24248886 50.1134491 1146.873779
vn 0.9738963842 0.2168822289 0.06699205935
v 44.19727325 50.24938202 1146.878906
vn 0.9152105451 0.3961853385 0.07366704196
v 44.26105118 49.967556 1146.866577
vn 0.9981108308 0.02169554308 0.05748109519
v 44.25003433 49.81746292 1146.857544
vn 0.9830218554 -0.1777537167 0.04551499337
v 44.20862961 49.67158127 1146.846924
vn 0.9276360273 -0.3721503615 0.03155090287
v 44.13860703 49.53732681 1146.835327
vn 0.8349032998 -0.550152421 0.01639700122
v 44.04511642 49.42238998 1146.823486
vn 0.7112308145 -0.7029579878 0.0008925192524
v 43.93558884 49.33163071 1146.812134
vn 0.5661261678 -0.8241984248 -0.01407455839
v 43.81807327 49.26660538 1146.801758
vn 0.3989762366 -0.9165071845 -0.02885370888
v 43.68228531 49.22182083 1146.791382
vn 0.2198491991 -0.9746200442 -0.04221460223
v 43.53645706 49.20373535 1146.781982
vn 0.02471119165 -0.9982027411 -0.05459482968
v 43.38633347 49.21523285 1146.774048
vn -0.174768731 -0.9824604392 -0.06501832604
v 43.2403183 49.2571106 1146.768066
vn -0.3693425655 -0.9264269471 -0.07293295115
v 43.10584259 49.32756805 1146.764404
vn -0.5475906134 -0.8331181407 -0.07783773541
v 42.99060822 49.4214325 1146.763062
vn -0.7007456422 -0.7089549303 -0.0796141848
v 42.89949799 49.53125381 1146.764038
vn -0.8224099278 -0.5634628534 -0.07843161374
v 42.834095 49.64899063 1146.766968
vn -0.9152321219 -0.3960032463 -0.07437472045
v 42.78887939 49.78492355 1146.771973
vn -0.9738923311 -0.2166817784 -0.06769578904
v 42.77031708 49.93081284 1146.779175
vn -0.9980749488 -0.02147288062 -0.05818388239
v 42.78133392 50.08090591 1146.78833
vn -0.9829528928 0.1779541522 -0.04621575028
v 42.82273483 50.22679138 1146.79895
vn -0.9275463223 0.3723143637 -0.032247141
v 42.89276123 50.36104584 1146.810425
vn -0.8348077536 0.5502762198 -0.01709061489
v 42.98624802 50.47597504 1146.822266
vn -0.7111358643 0.7030528188 -0.001587663195
v 43.09577942 50.56674194 1146.83374
vn -0.5660533905 0.8242601156 0.01337317284
v 43.21329498 50.63175964 1146.844116
vn -0.3989202976 0.9165534377 0.02814923972
v 43.34908295 50.67654419 1146.85437
vn -0.2198139578 0.9746584892 0.04150475562
v 43.49490738 50.6946373 1146.86377
vn -0.02473321557 0.9982410669 0.05388036743
v 43.64503098 50.68313217 1146.871704
vn 0.1747150272 0.9825171828 0.06430134177
v 43.79104996 50.64126205 1146.877686
vn 0.3692329228 0.9265270829 0.07221241295
v 43.92552567 50.5708046 1146.88147
vn 0.5474942923 0.8332478404 0.07712362707
v 44.04075623 50.47694016 1146.882812
vn 0.7006751299 0.7091043591 0.07890137285
v 44.13186646 50.36711121 1146.881836
vn 0.8223715425 0.5636178255 0.07771728188
v 44.19500351 50.05831528 1147.76001
vn 0.9739303589 0.2177570909 0.06357326359
v 44.14965057 50.19417191 1147.767212
vn 0.9149926901 0.3968057036 0.07303158194
v 44.2136879 49.91249466 1147.750732
vn 0.998424232 0.02277201787 0.05128790438
v 44.20277405 49.7624588 1147.739746
vn 0.9836121202 -0.1765130162 0.03674754873
v 44.1614418 49.6166153 1147.727417
vn 0.9284775853 -0.3708205819 0.02053074725
v 44.09146118 49.48239136 1147.714478
vn 0.8359588385 -0.5487804413 0.003590611042
v 43.99798203 49.36746597 1147.70166
vn 0.712443471 -0.7016060352 -0.01316072792
v 43.88843536 49.27670288 1147.689697
vn 0.5674327016 -0.8229154944 -0.02881401591
v 43.77087402 49.21164703 1147.679199
vn 0.4003307223 -0.9153251648 -0.04376231506
v 43.63501358 49.16683197 1147.669189
vn 0.2212506682 -0.9735653996 -0.05673189834
v 43.48908234 49.14868546 1147.660522
vn 0.02608978562 -0.9973329306 -0.06816450506
v 43.33883286 49.1601181 1147.653809
vn -0.1734731644 -0.9818176031 -0.07707958668
v 43.19266891 49.20192337 1147.649292
vn -0.368157655 -0.9260537028 -0.08297304064
v 43.0580368 49.27229691 1147.647461
vn -0.5466499925 -0.8329876661 -0.08547118306
v 42.94264603 49.36606979 1147.648193
vn -0.7000216246 -0.7090948224 -0.08458290994
v 42.85138321 49.47581482 1147.651245
vn -0.8219389319 -0.5638360381 -0.08065576106
v 42.7858429 49.5934639 1147.656128
vn -0.9150255322 -0.3965976536 -0.0737465024
v 42.74048996 49.72932816 1147.663452
vn -0.9739371538 -0.217519626 -0.06427790225
v 42.72180557 49.87514877 1147.672729
vn -0.9983931184 -0.02255557477 -0.05198460072
v 42.73271942 50.025177 1147.683716
vn -0.9835475683 0.1767265946 -0.03744219616
v 42.77405167 50.17102432 1147.696045
vn -0.9283950925 0.3709877431 -0.02122762613
v 42.84403229 50.30524445 1147.708984
vn -0.8358703256 0.5489102006 -0.004289410543
v 42.93751144 50.42017746 1147.721802
vn -0.7123745084 0.7016889453 0.01245728508
v 43.04705811 50.51094055 1147.733765
vn -0.567389369 0.8229699731 0.02810279466
v 43.16461945 50.5759964 1147.744263
vn -0.4003172517 0.9153652787 0.04304081947
v 43.30047989 50.62080383 1147.754272
vn -0.2212590873 0.9736056328 0.05600485951
v 43.44641113 50.63895416 1147.762939
vn -0.02613885328 0.9973816872 0.0674277544
v 43.59666061 50.62752151 1147.769653
vn 0.1733851135 0.9818908572 0.07634130865
v 43.74282455 50.58572006 1147.77417
vn 0.3680610955 0.9261580706 0.08223317564
v 43.87745667 50.51534653 1147.776001
vn 0.5465281606 0.8331431746 0.08473138511
v 43.99284744 50.42156601 1147.775269
vn 0.699940443 0.709261179 0.083856754
v 44.08411026 50.31182861 1147.772217
vn 0.821890533 0.5640090704 0.07993546128
v 44.15383911 49.99071884 1148.645142
vn 0.974124074 0.2180797607 0.05935953185
v 44.10837173 50.12647629 1148.654419
vn 0.9150468707 0.3969243765 0.07169543952
v 44.1726265 49.84498978 1148.633789
vn 0.9987494946 0.02330025658 0.04423320293
v 44.16179276 49.69503784 1148.62085
vn 0.9840573668 -0.1757770032 0.02708480693
v 44.12052155 49.54925156 1148.606934
vn 0.9290281534 -0.3699085712 0.008624111302
v 44.05056763 49.41505814 1148.592651
vn 0.8365888596 -0.5477387905 -0.01006601844
v 43.95708466 49.3001442 1148.579102
vn 0.7131150365 -0.7004877329 -0.02799732052
v 43.84750366 49.20936203 1148.566772
vn 0.5681490898 -0.8217359185 -0.04423442483
v 43.72989273 49.14428711 1148.556274
vn 0.4010419548 -0.9141441584 -0.05921005085
v 43.59395218 49.09941483 1148.546753
vn 0.2219255567 -0.9724269509 -0.07165795565
v 43.44792175 49.08120346 1148.53894
vn 0.02674494311 -0.9962759614 -0.08196931332
v 43.29754639 49.09254456 1148.533325
vn -0.1728961617 -0.980891943 -0.08920693398
v 43.15124512 49.13423157 1148.530518
vn -0.3677112758 -0.9252874255 -0.09290654212
v 43.01646805 49.20448685 1148.530518
vn -0.5463017225 -0.8324297667 -0.09281782061
v 42.9009285 49.29814911 1148.533447
vn -0.6998310685 -0.7087278962 -0.08911367506
v 42.80952454 49.40777206 1148.538574
vn -0.8218606114 -0.5637120605 -0.08230338246
v 42.74386215 49.52532578 1148.545532
vn -0.9150921702 -0.396690011 -0.07241097093
v 42.69839096 49.66108322 1148.554932
vn -0.9741366506 -0.2178295702 -0.06006683782
v 42.67960739 49.80680466 1148.566284
vn -0.9987233877 -0.02307648025 -0.04493355006
v 42.69043732 49.95675659 1148.579224
vn -0.9840011597 0.1759833694 -0.02777715214
v 42.73171234 50.10255051 1148.59314
vn -0.9289544821 0.3700766861 -0.009316303767
v 42.80166626 50.23673248 1148.6073
vn -0.8365138769 0.5478656292 0.009366956539
v 42.89514923 50.35165024 1148.62085
vn -0.7130642533 0.7005673051 0.02729023807
v 43.00472641 50.44242859 1148.633179
vn -0.5681228042 0.8217919469 0.04352509603
v 43.12233734 50.50750351 1148.643677
vn -0.4010512829 0.9141863585 0.05849117786
v 43.25827789 50.55237961 1148.65332
vn -0.2219727784 0.9724693298 0.07093286514
v 43.40431213 50.57059097 1148.661133
vn -0.02680348232 0.9963340163 0.08124133945
v 43.55468369 50.55924988 1148.666626
vn 0.1728311479 0.9809702635 0.08846908063
v 43.70098877 50.51755905 1148.669434
vn 0.3675696254 0.9254175425 0.09216778725
v 43.83576584 50.44730759 1148.669434
vn 0.5461710095 0.8325974941 0.09207943827
v 43.95130539 50.35364532 1148.666626
vn 0.6997360587 0.7089141011 0.08837583661
v 44.04270554 50.24402237 1148.661377
vn 0.8218098283 0.5638917089 0.08157660067
v 44.11964417 49.91135788 1149.529175
vn 0.9743212461 0.2185357064 0.05422458425
v 44.07407379 50.04699707 1149.540527
vn 0.9151409268 0.3971324265 0.06930310279
v 44.13851166 49.76573944 1149.515869
vn 0.9990484118 0.02399340272 0.03642288595
v 44.12774277 49.61588669 1149.501221
vn 0.9844462872 -0.1748748571 0.01686262153
v 44.0865097 49.47016525 1149.485718
vn 0.9294967055 -0.3688127697 -0.003616016125
v 44.01656723 49.33601379 1149.470459
vn 0.8371124864 -0.5465122461 -0.02381346747
v 43.923069 49.2211113 1149.456177
vn 0.7136754394 -0.6991747618 -0.04268510267
v 43.81344986 49.13031387 1149.443726
vn 0.5687138438 -0.8203958273 -0.0592899397
v 43.69578171 49.06519318 1149.43335
vn 0.4016402662 -0.912797153 -0.0740705058
v 43.55976105 49.02025223 1149.424316
vn 0.2224708647 -0.9711555243 -0.08581200242
v 43.41362762 49.00193787 1149.41748
vn 0.02722141147 -0.9951198697 -0.09484422207
v 43.26313782 49.01316071 1149.41333
vn -0.1724498868 -0.9799029231 -0.1002564207
v 43.11670303 49.05471802 1149.412109
vn -0.367364645 -0.9245032072 -0.1016709805
v 42.98179245 49.12482452 1149.414185
vn -0.5460606813 -0.8318810463 -0.09895307571
v 42.86611938 49.21833038 1149.419067
vn -0.6996954679 -0.7084366679 -0.09243230522
v 42.77459717 49.32781601 1149.426392
vn -0.8218455315 -0.5636624098 -0.08279269934
v 42.70882797 49.44523239 1149.435303
vn -0.9151886702 -0.3968981206 -0.07001107931
v 42.66326141 49.58086395 1149.446777
vn -0.9743374586 -0.2182890624 -0.05492138863
v 42.64439011 49.72648239 1149.460083
vn -0.9990281463 -0.02377265133 -0.03711617365
v 42.655159 49.8763504 1149.474731
vn -0.9843987226 0.1750739217 -0.01755634882
v 42.69639587 50.02205658 1149.490112
vn -0.9294289351 0.3689896166 0.002921012463
v 42.76633835 50.15621185 1149.505493
vn -0.8370591998 0.5466238856 0.02311272174
v 42.85983276 50.27111435 1149.519775
vn -0.7136347294 0.6992594004 0.04197359085
v 42.9694519 50.36190796 1149.532227
vn -0.56870538 0.8204531074 0.05857360363
v 43.08712006 50.42703247 1149.542603
vn -0.4016477466 0.9128520489 0.07335010916
v 43.22314453 50.4719696 1149.551636
vn -0.2225227803 0.9712082148 0.08507800847
v 43.36927414 50.49028778 1149.558472
vn -0.02731743827 0.9951869845 0.09410946071
v 43.51976776 50.47906876 1149.562622
vn 0.1723759025 0.9799903631 0.09952625632
v 43.66619873 50.43751907 1149.563721
vn 0.367218703 0.9246416092 0.1009372547
v 43.80111313 50.36740494 1149.561768
vn 0.5459125638 0.8320643306 0.09822616726
v 43.91678238 50.27389908 1149.556885
vn 0.6995892525 0.7086350322 0.09171273559
v 44.0083046 50.16440582 1149.549561
vn 0.8217937946 0.5638430119 0.08207348734
v 44.0930748 49.82121658 1150.412354
vn 0.9745017886 0.2191591263 0.0481204465
v 44.04742813 49.956707 1150.425781
vn 0.9152393341 0.3975018263 0.06579723954
v 44.11200714 49.67573547 1150.397217
vn 0.9993027449 0.02487423271 0.02784477361
v 44.10128403 49.52597046 1150.380859
vn 0.9847686887 -0.1737623066 0.006107816938
v 44.06007385 49.38032532 1150.364136
vn 0.9298701882 -0.367533803 -0.01613641903
v 43.99012756 49.24621201 1150.3479
vn 0.837528646 -0.5450997353 -0.03757730871
v 43.89660645 49.13130951 1150.33313
vn 0.7141205668 -0.6976878047 -0.05712701753
v 43.78694153 49.04048157 1150.320557
vn 0.5691419244 -0.8189151287 -0.0738613978
v 43.66921616 48.97529984 1150.310547
vn 0.4020810425 -0.9113439322 -0.08822157979
v 43.53311539 48.93026733 1150.302124
vn 0.2228960991 -0.9697973132 -0.09904807806
v 43.3868866 48.91183472 1150.296387
vn 0.02759329975 -0.9939159155 -0.1066290364
v 43.23628235 48.92291641 1150.293701
vn -0.1721701622 -0.9788948298 -0.1101014763
v 43.08973312 48.96429825 1150.294312
vn -0.3671081364 -0.923753798 -0.1091353148
v 42.95470047 49.03423309 1150.29834
vn -0.5459222794 -0.8313856125 -0.1037635654
v 42.83891678 49.12756348 1150.30542
vn -0.6996194124 -0.7082455158 -0.09445072711
v 42.74729156 49.23688889 1150.314819
vn -0.8218672276 -0.5637395382 -0.08204871416
v 42.68143463 49.35416031 1150.325684
vn -0.9152830839 -0.3972848952 -0.06649529934
v 42.63578796 49.48965073 1150.339111
vn -0.9745221138 -0.2189151496 -0.04881436005
v 42.61685562 49.63513184 1150.354248
vn -0.9992886186 -0.02465703338 -0.02853558026
v 42.62757874 49.78489685 1150.370605
vn -0.9847302437 0.1739543229 -0.006801402196
v 42.66878891 49.93054199 1150.387329
vn -0.9298189282 0.3676935136 0.0154343266
v 42.7387352 50.0646553 1150.403564
vn -0.8374817371 0.5452202559 0.03686724976
v 42.83225632 50.1795578 1150.418335
vn -0.7141017318 0.6977655292 0.05640888587
v 42.94192123 50.27039337 1150.430908
vn -0.5691392422 0.8189824224 0.07313255966
v 43.05964661 50.33556747 1150.440918
vn -0.4021060169 0.9114028811 0.0874960497
v 43.19574738 50.38059998 1150.449341
vn -0.2229598761 0.9698570371 0.09831702709
v 43.34197617 50.39903259 1150.455078
vn -0.02769883722 0.9939917326 0.1058924794
v 43.49258041 50.38795853 1150.457764
vn 0.1720585972 0.9789971709 0.1093634143
v 43.63912964 50.34656906 1150.457031
vn 0.366971612 0.9238930345 0.1084137037
v 43.77416229 50.2766304 1150.453125
vn 0.5457448363 0.8315905333 0.1030522659
v 43.88994598 50.18330002 1150.446045
vn 0.6995132565 0.7084441185 0.09374488145
v 43.9815712 50.07398605 1150.436646
vn 0.8217895031 0.5639543533 0.08134841174
v 44.07481766 49.72135162 1151.294067
vn 0.9746437669 0.2199634314 0.04105649889
v 44.02910614 49.85668945 1151.309326
vn 0.9153184891 0.3980567157 0.06117933616
v 44.09379578 49.5759964 1151.2771
vn 0.9994925261 0.02593304776 0.01849812083
v 44.08309937 49.4263382 1151.259277
vn 0.9849985242 -0.1724848449 -0.005185111426
v 44.04189682 49.28076172 1151.241455
vn 0.9301342368 -0.3660777211 -0.02893854119
v 43.97193909 49.14667892 1151.224487
vn 0.8378065825 -0.5435458422 -0.0513615869
v 43.87838364 49.03175354 1151.209351
vn 0.7144240141 -0.6960683465 -0.07132439315
v 43.76866913 48.94088364 1151.196777
vn 0.5694392323 -0.8173153996 -0.08794596046
v 43.65088272 48.87562561 1151.187256
vn 0.4023137987 -0.9098387361 -0.1016712412
v 43.51470947 48.83047867 1151.179688
vn 0.2231661528 -0.9683964849 -0.1113784686
v 43.36839294 48.81189728 1151.175171
vn 0.02781453915 -0.9927031398 -0.117332004
v 43.21768951 48.82279587 1151.17395
vn -0.1719819158 -0.9779197574 -0.1187232956
v 43.07104111 48.8639946 1151.176514
vn -0.3670153022 -0.9230405092 -0.1153080836
v 42.93590546 48.93373108 1151.182617
vn -0.5458295345 -0.8310045004 -0.1072459668
v 42.8200264 49.0268631 1151.191772
vn -0.6996013522 -0.7081677914 -0.0951648131
v 42.72831726 49.13599777 1151.203125
vn -0.8219034672 -0.5639711022 -0.08007078618
v 42.66239166 49.25310516 1151.215942
vn -0.9153758883 -0.3978193998 -0.06186056882
v 42.61668396 49.38844299 1151.231201
vn -0.9746671319 -0.2197305411 -0.04174357653
v 42.59770584 49.53379822 1151.248169
vn -0.9994851947 -0.02571340837 -0.01918888465
v 42.60840225 49.68344879 1151.265991
vn -0.9849683046 0.1726769805 0.004488767125
v 42.6496048 49.82902908 1151.283813
vn -0.9300966263 0.3662283719 0.02823130041
v 42.71956253 49.96311569 1151.300903
vn -0.8377759457 0.5436606407 0.0506420508
v 42.81311798 50.07803345 1151.315918
vn -0.7144089937 0.6961576939 0.07059944421
v 42.92282867 50.16891861 1151.328491
vn -0.5694617629 0.817379117 0.08720494807
v 43.0406189 50.23417664 1151.338013
vn -0.4023628831 0.9099003673 0.1009230763
v 43.17679214 50.27931595 1151.345581
vn -0.2232265323 0.9684672952 0.1106391624
v 43.32310867 50.29789352 1151.350098
vn -0.02794121392 0.9927858114 0.116600357
v 43.47380829 50.28699112 1151.351318
vn 0.1718316376 0.9780336022 0.1180006042
v 43.62046051 50.24580002 1151.348755
vn 0.3668634593 0.9231901765 0.1145911738
v 43.75559616 50.17606354 1151.342651
vn 0.5456696749 0.8311992288 0.106547907
v 43.87147522 50.08293152 1151.333496
vn 0.6994834542 0.7083767056 0.09447383136
v 43.96318054 49.97378922 1151.322144
vn 0.8218212724 0.5641878843 0.07938449085
v 44.06552505 49.61275101 1152.174194
vn 0.9747212529 0.2209697068 0.03302804008
v 44.01977539 49.74792862 1152.191162
vn 0.9153810143 0.3987543285 0.05543047935
v 44.08452988 49.46753693 1152.15564
vn 0.9995955229 0.02717549726 0.008382309228
v 44.07384491 49.31797791 1152.136475
vn 0.9851180315 -0.1710347384 -0.01701764762
v 44.03263474 49.17245102 1152.117554
vn 0.9302688241 -0.3644640148 -0.04202218354
v 43.96265793 49.03837967 1152.099976
vn 0.8379387856 -0.541860044 -0.06516360492
v 43.86906433 48.92342758 1152.084839
vn 0.7145449519 -0.6943714619 -0.08528662473
v 43.75930405 48.83248138 1152.07251
vn 0.5696061254 -0.8156221509 -0.101535216
v 43.64146042 48.76711655 1152.063477
vn 0.4024322033 -0.9082729816 -0.1144050658
v 43.50521469 48.72183609 1152.057007
vn 0.2232380956 -0.9669962525 -0.1228127852
v 43.35882187 48.70308685 1152.053711
vn 0.02789546177 -0.991514802 -0.1269655079
v 43.20803833 48.71379089 1152.054321
vn -0.1719234586 -0.9770001173 -0.126147002
v 43.061306 48.75477219 1152.058716
vn -0.3669750094 -0.9224327207 -0.1201965287
v 42.92609024 48.82427216 1152.066895
vn -0.5458199382 -0.8307276964 -0.1094172224
v 42.81013489 48.91719055 1152.078125
vn -0.6996149421 -0.7082321048 -0.09458465129
v 42.71836853 49.02612686 1152.091553
vn -0.821949482 -0.5643499494 -0.07686468214
v 42.65239334 49.14306641 1152.106201
vn -0.9154368043 -0.3985312581 -0.05610978231
v 42.60664368 49.27823257 1152.123169
vn -0.9747478366 -0.2207496464 -0.03370815516
v 42.58763504 49.4234581 1152.141724
vn -0.9995949864 -0.02697366849 -0.009071793407
v 42.59832001 49.57301712 1152.160889
vn -0.9850973487 0.1712216586 0.01632136293
v 42.63953018 49.71853256 1152.17981
vn -0.930242002 0.3646133244 0.04131496325
v 42.7095108 49.85260391 1152.197388
vn -0.8379335403 0.541954875 0.06443838775
v 42.80310059 49.967556 1152.212524
vn -0.7145545483 0.6944512725 0.08455302566
v 42.91286087 50.05851364 1152.224854
vn -0.5696462989 0.8156853914 0.1007991582
v 43.0307045 50.12387085 1152.233887
vn -0.4025121331 0.9083318114 0.1136544943
v 43.16695023 50.16915512 1152.240479
vn -0.2233502567 0.9670649767 0.1220654696
v 43.31334305 50.18790436 1152.243652
vn -0.02801576257 0.9916062951 0.1262222677
v 43.46412659 50.17720413 1152.243042
vn 0.1717702597 0.9771212339 0.1254156083
v 43.61086273 50.13622284 1152.238647
vn 0.3667998016 0.9225955009 0.1194797233
v 43.74607849 50.06671143 1152.230469
vn 0.545652926 0.8309298754 0.1087127849
v 43.86203003 49.97379684 1152.219238
vn 0.6994894743 0.7084484696 0.09388971329
v 43.9538002 49.86486816 1152.205811
vn 0.8218565583 0.5645781755 0.07617918402
v 44.06585693 49.49634552 1153.053223
vn 0.9747127891 0.2221625745 0.02405863628
v 44.0200882 49.63135147 1153.072021
vn 0.9153766632 0.3996544778 0.04859899729
v 44.0848732 49.35124969 1153.033325
vn 0.9995872378 0.02862178162 -0.002478219569
v 44.07418442 49.20178223 1153.012939
vn 0.9851110578 -0.1693914682 -0.0293728672
v 44.03295898 49.05630493 1152.993286
vn 0.9302586317 -0.3627001643 -0.05538451672
v 43.96295166 48.92221832 1152.975342
vn 0.8379445076 -0.5400109291 -0.07897587866
v 43.86931992 48.80721283 1152.960205
vn 0.7145317197 -0.6925605536 -0.09901658446
v 43.75951004 48.71616745 1152.948364
vn 0.5695843697 -0.813894093 -0.1146736518
v 43.64161682 48.65067673 1152.940063
vn 0.4024685323 -0.9066599011 -0.1264394075
v 43.50531387 48.60522461 1152.93457
vn 0.2232374847 -0.9655979872 -0.1333624274
v 43.35886002 48.58627319 1152.932861
vn 0.02788008191 -0.9903768897 -0.1355594695
v 43.20801163 48.59674454 1152.935181
vn -0.1719239056 -0.9761717319 -0.1324043721
v 43.06121445 48.63747787 1152.941528
vn -0.3669652343 -0.9219551086 -0.1238358021
v 42.92593765 48.70674133 1152.951782
vn -0.5458353758 -0.8305994272 -0.1103102192
v 42.80993652 48.7994194 1152.96521
vn -0.6996273994 -0.7084624767 -0.09274937212
v 42.71812439 48.9081459 1152.980591
vn -0.8219431043 -0.5649397969 -0.07247461379
v 42.6521225 49.02490234 1152.996948
vn -0.9154384136 -0.3994285464 -0.04928833619
v 42.60635376 49.15992355 1153.015625
vn -0.9747458696 -0.2219417989 -0.024744967
v 42.58733749 49.30501175 1153.035522
vn -0.9995942116 -0.02842995711 0.00178787671
v 42.59802246 49.45447922 1153.055908
vn -0.9851010442 0.1695689112 0.02867520601
v 42.63925171 49.59996414 1153.075562
vn -0.9302480817 0.3628347516 0.05467604846
v 42.70925903 49.73404312 1153.093506
vn -0.8379461765 0.540112555 0.07826018333
v 42.80289078 49.84904861 1153.108765
vn -0.7145807147 0.6926144958 0.0982831493
v 42.91269684 49.94009781 1153.120605
vn -0.5696596503 0.8139449358 0.1139365807
v 43.03059006 50.00558853 1153.128906
vn -0.4025180042 0.9067397118 0.1257072687
v 43.16689301 50.05103683 1153.134277
vn -0.2233339101 0.965677321 0.1326244175
v 43.31334686 50.06999588 1153.135986
vn -0.02806423977 0.9904717207 0.1348264366
v 43.46419525 50.05951691 1153.133789
vn 0.171751067 0.9763007164 0.1316755712
v 43.61099625 50.01878357 1153.127319
vn 0.3667877913 0.9221224189 0.1231135651
v 43.74626923 49.94952774 1153.117065
vn 0.5456504822 0.8308146596 0.1096018329
v 43.86227417 49.85684204 1153.10376
vn 0.6994729042 0.7087053061 0.09205680341
v 43.95408249 49.74811554 1153.088379
vn 0.8218526244 0.5651596189 0.07178338617
v 44.07645035 49.37303162 1153.931396
vn 0.974591136 0.2235407382 0.01420186367
v 44.0306778 49.50789261 1153.95166
vn 0.9152759314 0.4007614553 0.04074627906
v 44.09545898 49.22806168 1153.910156
vn 0.9994436502 0.0302481167 -0.01404999848
v 44.08475494 49.07866669 1153.888794
vn 0.9849529266 -0.1675843894 -0.0422279574
v 44.04350662 48.93320847 1153.86853
vn 0.930087328 -0.360796541 -0.06901784986
v 43.97346497 48.79908752 1153.850464
vn 0.8377751112 -0.5380676389 -0.09282302111
v 43.87979507 48.68399811 1153.835449
vn 0.7143817544 -0.6906495094 -0.1125254631
v 43.76994705 48.5928154 1153.824219
vn 0.5694101453 -0.8121251464 -0.1273768097
v 43.65201569 48.52717972 1153.816895
vn 0.4022958577 -0.9050709605 -0.1378572881
v 43.51567078 48.48152542 1153.812744
vn 0.2231381834 -0.9642278552 -0.1430872083
v 43.36916733 48.46234131 1153.8125
vn 0.02780717239 -0.9893087745 -0.1431605667
v 43.21827698 48.47256088 1153.81665
vn -0.1719999015 -0.975446105 -0.137553528
v 43.07144165 48.51302719 1153.825073
vn -0.3670079112 -0.9216053486 -0.1262882948
v 42.93613052 48.58201599 1153.837524
vn -0.5458299518 -0.8306461573 -0.109984614
v 42.82010269 48.67445374 1153.852905
vn -0.6995952129 -0.7088842988 -0.0897193253
v 42.7282753 48.78295517 1153.870239
vn -0.8218750954 -0.5657197833 -0.06695127487
v 42.66226196 48.89953613 1153.888184
vn -0.9153419733 -0.4005400538 -0.04143332317
v 42.61648941 49.03439713 1153.908447
vn -0.9746320844 -0.2233173996 -0.01488922536
v 42.59748077 49.17936707 1153.929688
vn -0.9994593263 -0.03004453331 0.0133578442
v 42.60818481 49.32876205 1153.95105
vn -0.9849544764 0.1677499264 0.04152892902
v 42.64943314 49.47422028 1153.971313
vn -0.9300940037 0.3609146476 0.06830659509
v 42.71947479 49.60834122 1153.989502
vn -0.8377908468 0.5381661654 0.09210672975
v 42.81314468 49.72343063 1154.004395
vn -0.7144287825 0.6907187104 0.1117998734
v 42.92298889 49.81460571 1154.015625
vn -0.5695060492 0.8121718764 0.1266479343
v 43.04092407 49.88024902 1154.023071
vn -0.4024329484 0.9051203132 0.1371311992
v 43.17726898 49.92590332 1154.027222
vn -0.2232184112 0.9643165469 0.1423628032
v 43.32376862 49.94508743 1154.027344
vn -0.02795712091 0.9894084334 0.1424408704
v 43.47466278 49.93486786 1154.023193
vn 0.1717754304 0.9755856395 0.1368423104
v 43.62149811 49.89440155 1154.014771
vn 0.3668051958 0.9217823148 0.1255839467
v 43.75680923 49.82540512 1154.002441
vn 0.5456499457 0.8308563232 0.1092882305
v 43.87283707 49.73297501 1153.986938
vn 0.6994401217 0.7091242671 0.08902941644
v 43.96466446 49.62446594 1153.969727
vn 0.8217865229 0.5659298897 0.06625907868
v 44.09791565 49.24365616 1154.808838
vn 0.974319756 0.2251418084 0.003490641015
v 44.05215836 49.37835312 1154.830566
vn 0.9150526524 0.4020712674 0.03189606965
v 44.11690521 49.09878159 1154.786499
vn 0.9991394877 0.03206881508 -0.02630317956
v 44.10617828 48.94944763 1154.764282
vn 0.9846280217 -0.1655928046 -0.05555830523
v 44.06489944 48.8039856 1154.74353
vn 0.9297521114 -0.3587325513 -0.0828973949
v 43.99482727 48.66981125 1154.725464
vn 0.8374325633 -0.5360265374 -0.106687665
v 43.90113068 48.55459976 1154.710938
vn 0.7140668631 -0.6886774898 -0.1258246005
v 43.79125595 48.46327209 1154.700562
vn 0.5691279173 -0.8103039861 -0.1396454126
v 43.67329407 48.39744186 1154.694214
vn 0.4020644724 -0.9034670591 -0.1486317962
v 43.53692627 48.35156631 1154.691406
vn 0.2229039222 -0.9629147053 -0.1520166844
v 43.39040375 48.3321228 1154.692993
vn 0.02763736993 -0.9883283377 -0.1498109251
v 43.23949432 48.34205246 1154.699097
vn -0.1720748842 -0.9748506546 -0.1416208893
v 43.09264374 48.38222885 1154.709595
vn -0.3669990599 -0.9214296341 -0.1275897324
v 42.9573288 48.45093918 1154.724121
vn -0.5457638502 -0.830886066 -0.1084903479
v 42.84129715 48.54310989 1154.741577
vn -0.6994769573 -0.7095179558 -0.0855352059
v 42.74947357 48.65139389 1154.760742
vn -0.8217118382 -0.5667011142 -0.06032821536
v 42.68347168 48.76778412 1154.780273
vn -0.9151183367 -0.401866585 -0.03258324042
v 42.63771439 48.90248871 1154.802002
vn -0.9743677378 -0.2249225229 -0.004173880443
v 42.61872482 49.04735184 1154.824463
vn -0.9991636276 -0.03187489882 0.02561361901
v 42.62945175 49.19669342 1154.846558
vn -0.9846364856 0.165773496 0.05486508831
v 42.67073059 49.34215546 1154.86731
vn -0.9297723174 0.3588427007 0.08219074458
v 42.74080276 49.47633362 1154.885376
vn -0.8374745846 0.5361025929 0.1059733108
v 42.83449936 49.59153748 1154.899902
vn -0.7141318321 0.6887406111 0.1251083165
v 42.94437408 49.68287277 1154.9104
vn -0.5692167282 0.8103651404 0.1389269531
v 43.06233597 49.74869919 1154.916626
vn -0.4021679461 0.9035383463 0.1479169428
v 43.19870377 49.79457855 1154.919434
vn -0.2230787724 0.9629867673 0.1513020843
v 43.34522629 49.81402206 1154.917847
vn -0.02780970372 0.9884309769 0.1491001248
v 43.49613571 49.80408478 1154.911743
vn 0.1718540192 0.9749901295 0.1409271955
v 43.6429863 49.7639122 1154.901245
vn 0.3668101728 0.921599865 0.1269014627
v 43.77830124 49.69520569 1154.886719
vn 0.5455763936 0.8310981989 0.1078060642
v 43.89433289 49.60303497 1154.869263
vn 0.6993174553 0.7097570896 0.08485271782
v 43.98615646 49.49475098 1154.85022
vn 0.8216007948 0.5669343472 0.05964581296
v 44.13083267 49.10921097 1155.684692
vn 0.9738804102 0.2269176096 -0.008082706481
v 44.0851059 49.24376678 1155.707764
vn 0.9146723747 0.4035936594 0.02205888927
v 44.14979172 48.96443558 1155.661255
vn 0.9986492395 0.03404890746 -0.03924703225
v 44.13903427 48.81513977 1155.638428
vn 0.9841035604 -0.1634836048 -0.06937806308
v 44.09772873 48.66964722 1155.617432
vn 0.9292246103 -0.3565472066 -0.0970345214
v 44.02763748 48.53538513 1155.599609
vn 0.8368982077 -0.5339122415 -0.1205781773
v 43.93392181 48.4200325 1155.585693
vn 0.7135946751 -0.6866480112 -0.1389142573
v 43.82403183 48.32851791 1155.576172
vn 0.5687001944 -0.8084728122 -0.151498571
v 43.70606995 48.26247025 1155.571045
vn 0.4016727209 -0.9019114971 -0.1587914377
v 43.56969833 48.21633911 1155.569824
vn 0.22258766 -0.9616703987 -0.1601398438
v 43.42317963 48.19660187 1155.573242
vn 0.02740471438 -0.9874536395 -0.1555128396
v 43.27228165 48.20623016 1155.581421
vn -0.1721944958 -0.9743869305 -0.1446347237
v 43.12545013 48.24609375 1155.594116
vn -0.3670064509 -0.9214043617 -0.1277507544
v 42.99015808 48.3144989 1155.610718
vn -0.5456317067 -0.8313181996 -0.1058117747
v 42.87415314 48.40639496 1155.630127
vn -0.699259758 -0.7103561163 -0.08018722385
v 42.78235626 48.51445389 1155.651123
vn -0.8214271069 -0.5678821206 -0.05260624364
v 42.71638107 48.63066864 1155.672241
vn -0.9147520661 -0.4033754766 -0.0227341596
v 42.6706543 48.76522827 1155.69519
vn -0.973934412 -0.2267088592 0.007404460106
v 42.65169525 48.90999985 1155.71875
vn -0.9986816645 -0.03388602659 0.0385579206
v 42.6624527 49.05929947 1155.741577
vn -0.984120667 0.1636716276 0.06868819147
v 42.70375824 49.20478821 1155.762451
vn -0.9292552471 0.35665676 0.09633624554
v 42.77384949 49.33905029 1155.780396
vn -0.8369663358 0.5339657068 0.1198667288
v 42.86756516 49.45441055 1155.794312
vn -0.7136503458 0.6867329478 0.1382065862
v 42.97745132 49.54592896 1155.803711
vn -0.5687866807 0.8085458875 0.1507821679
v 43.09541702 49.61196518 1155.808838
vn -0.4017867446 0.9019869566 0.1580725312
v 43.23178864 49.65810394 1155.810059
vn -0.2228113562 0.9617360234 0.1594330072
v 43.37830734 49.67783356 1155.806763
vn -0.02765746787 0.9875563383 0.1548146755
v 43.52920532 49.66820908 1155.798584
vn 0.1719759703 0.9745287895 0.143937245
v 43.67603683 49.62835312 1155.785889
vn 0.3668036759 0.921579659 0.1270670593
v 43.81132889 49.55994034 1155.769165
vn 0.5454726815 0.8315085173 0.1051340178
v 43.92733383 49.46803665 1155.749756
vn 0.6991097331 0.7105796337 0.07951243222
v 44.01913071 49.35998535 1155.72876
vn 0.8213022947 0.5681243539 0.05193472281
v 44.17577362 48.97062683 1156.558716
vn 0.973228693 0.228924349 -0.02048298344
v 44.13008881 49.10504913 1156.582886
vn 0.914091289 0.4053523839 0.01124961954
v 44.19469452 48.82593918 1156.534302
vn 0.997944355 0.03626465425 -0.05283872783
v 44.18390656 48.67665482 1156.510986
vn 0.9833708405 -0.1611952335 -0.08365368098
v 44.14258194 48.53111267 1156.48999
vn 0.9285030961 -0.3542197645 -0.1114017442
v 44.07247925 48.39673233 1156.472412
vn 0.8362112641 -0.5316684842 -0.1344597042
v 43.97876358 48.28120422 1156.459351
vn 0.7129490376 -0.684592545 -0.1517784148
v 43.86888885 48.1894722 1156.450928
vn 0.5681704879 -0.8066266775 -0.1628979594
v 43.75094223 48.12318802 1156.447144
vn 0.4012105167 -0.9003917575 -0.168299675
v 43.61459732 48.07675934 1156.447632
vn 0.2222561836 -0.9605007172 -0.16745314
v 43.46811676 48.0567131 1156.453003
vn 0.02720764279 -0.9867004752 -0.1602559239
v 43.31726456 48.06600189 1156.463257
vn -0.1722280234 -0.974091053 -0.1465746611
v 43.17048264 48.1055336 1156.478149
vn -0.3669431508 -0.9215639234 -0.1267779022
v 43.03524017 48.17362595 1156.49707
vn -0.5454189777 -0.8319361806 -0.1019819379
v 42.91928864 48.26524734 1156.518555
vn -0.6988869905 -0.7114242315 -0.07370597124
v 42.82754517 48.37307358 1156.541138
vn -0.8209370375 -0.5693351626 -0.0438156575
v 42.76161194 48.48911667 1156.563721
vn -0.9141795635 -0.4051339924 -0.01192185935
v 42.71593094 48.62353897 1156.587891
vn -0.9732926488 -0.2287117541 0.01980847493
v 42.69701004 48.76821899 1156.612305
vn -0.9979860187 -0.0361129567 0.05215145648
v 42.70779419 48.91750336 1156.635742
vn -0.9834061265 0.1613417119 0.08295328915
v 42.74912262 49.0630455 1156.656616
vn -0.9285311699 0.3543666899 0.1106983721
v 42.81922531 49.19743347 1156.674194
vn -0.8362871408 0.5317298174 0.1337431073
v 42.91294098 49.31296158 1156.687256
vn -0.7130451202 0.6846492887 0.1510695666
v 43.0228157 49.4046936 1156.695679
vn -0.5682795048 0.8066925406 0.1621898413
v 43.14076233 49.47097397 1156.699463
vn -0.4013676643 0.9004544616 0.1675881594
v 43.27710724 49.51739883 1156.698975
vn -0.2224570066 0.9605774283 0.1667450219
v 43.4235878 49.53744507 1156.693604
vn -0.02746112645 0.9868061543 0.1595603526
v 43.57444 49.52816391 1156.68335
vn 0.1719935387 0.9742349982 0.1458917111
v 43.72122192 49.4886322 1156.668457
vn 0.3666888773 0.9217578769 0.1261021048
v 43.85646057 49.42053223 1156.649658
vn 0.5452082753 0.8321557045 0.1013157666
v 43.97241211 49.32891846 1156.628174
vn 0.6987324953 0.7116445303 0.07304117829
v 44.06415939 49.22109222 1156.605469
vn 0.8208265901 0.5695455074 0.04314644635
v 44.23312759 48.82922745 1157.428223
vn 0.9723834991 0.2309246957 -0.03382503614
v 44.1875 48.96351624 1157.453613
vn 0.9133666754 0.4071374834 -0.0006267631543
v 44.25200653 48.68460083 1157.403076
vn 0.9969988465 0.03844781592 -0.06719423831
v 44.24119186 48.53530884 1157.379272
vn 0.9823644161 -0.158940807 -0.09847839922
v 44.1998558 48.38969421 1157.358398
vn 0.9274560213 -0.3520264328 -0.126105845
v 44.12976074 48.25515747 1157.341431
vn 0.8351940513 -0.5295477509 -0.1484253556
v 44.03606796 48.13942719 1157.329346
vn 0.711958766 -0.6826853156 -0.1644853801
v 43.92623138 48.04743576 1157.322266
vn 0.5673168898 -0.8049249649 -0.1739176214
v 43.80833435 47.98089218 1157.319946
vn 0.4004740417 -0.8990080357 -0.1772149354
v 43.67205048 47.9341507 1157.322266
vn 0.2216923386 -0.9594711065 -0.173976317
v 43.5256424 47.91375732 1157.32959
vn 0.02682090737 -0.9860883355 -0.1640440375
v 43.3748703 47.92269135 1157.342163
vn -0.1724639386 -0.9739211202 -0.1474241465
v 43.2281723 47.9618721 1157.359253
vn -0.3669377863 -0.9218603969 -0.124619551
v 43.09302139 48.0296402 1157.380371
vn -0.5452305675 -0.8326630592 -0.0969325453
v 42.97714996 48.12097168 1157.403809
vn -0.6985089779 -0.7125493884 -0.0660193637
v 42.88547897 48.22856903 1157.428223
vn -0.8203716874 -0.5708266497 -0.03387161717
v 42.81960678 48.34444046 1157.452026
vn -0.9134562016 -0.4069370627 -4.863688082e-05
v 42.77397537 48.47873688 1157.477417
vn -0.972454071 -0.2307262123 0.03314432129
v 42.75509644 48.62336349 1157.502563
vn -0.9970515966 -0.03827196732 0.06650876999
v 42.7659111 48.77265549 1157.526367
vn -0.9824171662 0.1590490788 0.09777458757
v 42.80724716 48.91827011 1157.547241
vn -0.9275127053 0.3521337211 0.1253874153
v 42.87734222 49.05280685 1157.564209
vn -0.8352820277 0.5296118259 0.1476998776
v 42.971035 49.16853714 1157.576294
vn -0.7120738029 0.6827393174 0.1637618095
v 43.08087158 49.26052094 1157.583374
vn -0.5674587488 0.8049779534 0.1732080728
v 43.19877243 49.32706833 1157.585693
vn -0.4006513357 0.8990683556 0.1765067577
v 43.33505249 49.37381363 1157.583374
vn -0.2219067663 0.9595478177 0.1732783616
v 43.48146057 49.39420319 1157.57605
vn -0.02705611102 0.9861986041 0.1633410454
v 43.63223267 49.38526535 1157.563477
vn 0.1722151339 0.9740700126 0.1467296928
v 43.77893066 49.34609222 1157.546387
vn 0.3667054772 0.9220440984 0.1239427775
v 43.91408539 49.27832413 1157.525269
vn 0.5450116992 0.8328837156 0.09626533091
v 44.029953 49.18698883 1157.501831
vn 0.6983398199 0.7127766013 0.06535333395
v 44.12162781 49.07938766 1157.477417
vn 0.8202466369 0.5710455179 0.03320332989
v 44.30413055 48.68446732 1158.30188
vn 0.9711970091 0.2334150523 -0.04789336771
v 44.258564 48.81865311 1158.328369
vn 0.9122611284 0.4093909264 -0.01336830761
v 44.32296371 48.53988266 1158.276123
vn 0.9957764149 0.04105447605 -0.08212094754
v 44.31212997 48.39057159 1158.252075
vn 0.9811590314 -0.1562334597 -0.1136574745
v 44.27079773 48.24485016 1158.231445
vn 0.9263053536 -0.3494161665 -0.1409495473
v 44.20072937 48.11013031 1158.21521
vn 0.834153533 -0.5271021128 -0.1623306572
v 44.10709 47.9941597 1158.204224
vn 0.7110484838 -0.6805189848 -0.1769292355
v 43.99731827 47.90190506 1158.198608
vn 0.5665572286 -0.8031032681 -0.1844941229
v 43.87950134 47.83506012 1158.197876
vn 0.3999637067 -0.8975615501 -0.185505569
v 43.74331665 47.7879715 1158.202148
vn 0.2213699222 -0.958484292 -0.1797309071
v 43.59702301 47.76721573 1158.21167
vn 0.02680367231 -0.9856050611 -0.1669257879
v 43.44637299 47.77576828 1158.22644
vn -0.1722791642 -0.9739763141 -0.1472753137
v 43.29980087 47.8145752 1158.245972
vn -0.3665207326 -0.9224540591 -0.1214129999
v 43.16476822 47.88200378 1158.269287
vn -0.544578433 -0.833778441 -0.09081760794
v 43.04901123 47.97305298 1158.294678
vn -0.6976752877 -0.7141192555 -0.05729633197
v 42.95743179 48.08041382 1158.320801
vn -0.8193932176 -0.5727719069 -0.02295919694
v 42.89163589 48.1961174 1158.345947
vn -0.9123562574 -0.4092005193 0.01268829312
v 42.84606934 48.33030319 1158.372437
vn -0.971273005 -0.2332391292 0.04720439762
v 42.82723618 48.47488403 1158.398193
vn -0.9958405495 -0.04088420793 0.08142521977
v 42.83806992 48.62420654 1158.422119
vn -0.9812202454 0.156352669 0.1129630134
v 42.87940598 48.76992798 1158.442871
vn -0.9263940454 0.3494676948 0.1402368546
v 42.94947052 48.9046402 1158.459106
vn -0.8342584372 0.5271580815 0.1616083086
v 43.04311371 49.02061081 1158.470093
vn -0.7111800313 0.6805720329 0.1761949956
v 43.15288162 49.11287308 1158.475708
vn -0.5667167306 0.8031567931 0.1837697029
v 43.27069855 49.17971039 1158.47644
vn -0.4001506269 0.8976256847 0.1847906411
v 43.40688324 49.22679901 1158.472168
vn -0.2215916514 0.958566308 0.1790190041
v 43.55317688 49.24756241 1158.462646
vn -0.02705398574 0.9857158065 0.1662299782
v 43.7038269 49.23900223 1158.447876
vn 0.1720393896 0.9741238952 0.1465778649
v 43.85039902 49.20019531 1158.428345
vn 0.3662889004 0.9226358533 0.1207291782
v 43.98543167 49.13276291 1158.405029
vn 0.5443888307 0.8339757323 0.09014050663
v 44.10119247 49.04171753 1158.379517
vn 0.6975058913 0.7143381834 0.05662538484
v 44.1927681 48.93435669 1158.353516
vn 0.8192711473 0.5729731917 0.02228190564
v 44.38873672 48.53853607 1159.171509
vn 0.969813168 0.235811159 -0.06209238991
v 44.34324646 48.67260742 1159.198975
vn 0.9110064507 0.4115535617 -0.02628544718
v 44.40752029 48.39399338 1159.14502
vn 0.9943176508 0.04356900975 -0.09712929279
v 44.39666367 48.24463654 1159.120972
vn 0.9796759486 -0.1536940932 -0.1288919002
v 44.35534286 48.09879684 1159.100586
vn 0.9248846173 -0.3468777239 -0.1557701677
v 44.2853241 47.96389389 1159.085083
vn 0.8328280449 -0.5247546434 -0.1761533171
v 44.1917572 47.84768677 1159.075195
vn 0.7099017501 -0.6784054041 -0.1892236471
v 44.08208084 47.75513458 1159.071045
vn 0.5655409098 -0.8013625145 -0.1948886663
v 43.96437454 47.68798828 1159.072021
vn 0.3991872072 -0.8961998224 -0.1935857683
v 43.82832336 47.64054871 1159.078247
vn 0.2208624333 -0.957552731 -0.1852364093
v 43.6821785 47.61941147 1159.089966
vn 0.02656401508 -0.9851646423 -0.1695434451
v 43.53168869 47.62758636 1159.107056
vn -0.1721921861 -0.9740562439 -0.1468476355
v 43.38527679 47.66602325 1159.128906
vn -0.3661522269 -0.9230520129 -0.1179303825
v 43.25040436 47.73310852 1159.154419
vn -0.5439442992 -0.8348620534 -0.08443915099
v 43.1347847 47.82385635 1159.181885
vn -0.6967843771 -0.7156506181 -0.04832889512
v 43.04332352 47.93100357 1159.209595
vn -0.8183037639 -0.5746642947 -0.01182773616
v 42.97762299 48.04654312 1159.235962
vn -0.9111006856 -0.411388725 0.02558922768
v 42.93213272 48.18061829 1159.263428
vn -0.9698926806 -0.2356668711 0.06139435619
v 42.91334534 48.32515717 1159.289917
vn -0.9943919778 -0.04344689474 0.09642077982
v 42.92420197 48.47452164 1159.313965
vn -0.9797486663 0.1538233906 0.1281829029
v 42.96552277 48.6203537 1159.334351
vn -0.924978137 0.3469457328 0.1550617963
v 43.03554535 48.75525665 1159.349854
vn -0.8329575658 0.5247879028 0.1754404604
v 43.12911224 48.87147141 1159.359741
vn -0.7100221515 0.6784784794 0.1885086894
v 43.23878479 48.96401596 1159.363892
vn -0.5657057762 0.8014213443 0.1941670626
v 43.35649109 49.03116989 1159.362915
vn -0.3993746042 0.8962697387 0.1928743869
v 43.49254227 49.07860947 1159.356689
vn -0.2210653424 0.9576411843 0.1845359653
v 43.63868713 49.09973907 1159.344971
vn -0.02678636461 0.9852767587 0.1688555777
v 43.78917694 49.09157181 1159.327881
vn 0.1719696373 0.9741976261 0.1461691707
v 43.93558884 49.0531311 1159.30603
vn 0.3659531176 0.9232177734 0.117248781
v 44.07046509 48.98604584 1159.280518
vn 0.5437591672 0.8350514174 0.08375594765
v 44.18608475 48.89529419 1159.253052
vn 0.6966407895 0.7158364654 0.04764197394
v 44.27754211 48.7881546 1159.225342
vn 0.8181872964 0.5748438835 0.01113660354
v 44.48632431 48.39112473 1160.036987
vn 0.9683918357 0.2378511876 -0.0751266852
v 44.44092941 48.52507782 1160.06543
vn 0.9097672105 0.4133832455 -0.03791954741
v 44.50503922 48.24663925 1160.009888
vn 0.9927532673 0.04578607902 -0.1111061275
v 44.49414825 48.09726334 1159.985474
vn 0.9780337214 -0.1513960958 -0.1432804167
v 44.45282745 47.95133972 1159.96521
vn 0.9232256413 -0.3446135819 -0.1699879616
v 44.38284683 47.81627655 1159.950317
vn 0.8312331438 -0.5225868821 -0.189616397
v 44.28935242 47.69983292 1159.941528
vn 0.7084063888 -0.676453948 -0.2014211416
v 44.17977524 47.60703278 1159.938599
vn 0.5642813444 -0.799623549 -0.2053989917
v 44.06218719 47.53959656 1159.94104
vn 0.3981083035 -0.894811511 -0.2020450085
v 43.92628098 47.4918251 1159.949097
vn 0.2200198323 -0.9565409422 -0.1913654357
v 43.78030014 47.47034073 1159.962891
vn 0.02600244619 -0.9845778346 -0.173004061
v 43.62998962 47.47813797 1159.982178
vn -0.1724216044 -0.9739241004 -0.1474539638
v 43.48376465 47.51621628 1160.006226
vn -0.3660104573 -0.9233991504 -0.1156301424
v 43.3490715 47.58297348 1160.033813
vn -0.5435004234 -0.8356513381 -0.079335697
v 43.23361588 47.67344284 1160.063232
vn -0.6960355639 -0.7168537378 -0.04068430886
v 43.14229965 47.78034973 1160.092529
vn -0.8172974586 -0.5762124658 -0.002014144324
v 43.07671356 47.89572906 1160.120239
vn -0.9098614454 -0.4132406116 0.03720682487
v 43.03131866 48.02968216 1160.148804
vn -0.9684790373 -0.2377223223 0.07440736145
v 43.01260376 48.17416763 1160.175903
vn -0.9928378463 -0.04568785056 0.1103886291
v 43.02349472 48.32354355 1160.200317
vn -0.9781131744 0.1515522897 0.1425709426
v 43.06481552 48.46946716 1160.220459
vn -0.9233176708 0.3447170854 0.16927661
v 43.13479996 48.60453796 1160.235352
vn -0.8313636184 0.5226352215 0.1889099032
v 43.22829056 48.72097015 1160.244263
vn -0.7085652947 0.6764959097 0.2007199228
v 43.33786774 48.81377411 1160.24707
vn -0.5643770099 0.7997329235 0.2047091275
v 43.45545959 48.88121033 1160.244629
vn -0.3982683718 0.8948950768 0.201358065
v 43.591362 48.92897797 1160.236572
vn -0.220203951 0.95663625 0.1906758845
v 43.73734283 48.95046616 1160.222778
vn -0.02618564479 0.9846935868 0.1723160446
v 43.88765335 48.94266891 1160.203491
vn 0.1722359657 0.9740595222 0.1467748731
v 44.03387833 48.90459061 1160.179443
vn 0.3658562005 0.9235455394 0.1149471775
v 44.16857147 48.8378334 1160.151855
vn 0.5433375835 0.8358222246 0.07864814252
v 44.2840271 48.74736404 1160.122437
vn 0.6959075928 0.7170171738 0.03998708725
v 44.37534332 48.64045715 1160.09314
vn 0.8171870708 0.5763710141 0.001309249201
v 44.59662247 48.23938751 1160.907349
vn 0.966960907 0.2399367541 -0.08612185717
v 44.55135727 48.37319183 1160.937012
vn 0.9085043073 0.4151834249 -0.0473562181
v 44.61523056 48.09499359 1160.879272
vn 0.991202116 0.04810111597 -0.1233069003
v 44.60426331 47.94565201 1160.85437
vn 0.9764191508 -0.1489881724 -0.1562311351
v 44.56290817 47.79968643 1160.833984
vn 0.9216216207 -0.3421536982 -0.1831513941
v 44.49292755 47.66451645 1160.819458
vn 0.8296888471 -0.5202185512 -0.2024575472
v 44.3994751 47.54792023 1160.811157
vn 0.7070294023 -0.6742070317 -0.2134346366
v 44.28997421 47.45490265 1160.809326
vn 0.5629989505 -0.7976785302 -0.2161971033
v 44.17248154 47.38723373 1160.812988
vn 0.3971256614 -0.8931305408 -0.2112084776
v 44.03670502 47.33919144 1160.82251
vn 0.2193095833 -0.955229938 -0.1985926926
v 43.8908844 47.31738663 1160.838013
vn 0.02553938888 -0.9837114215 -0.1779315174
v 43.74075317 47.32484818 1160.859253
vn -0.1725382358 -0.9735375047 -0.1498509049
v 43.59471893 47.36259079 1160.885376
vn -0.3658153117 -0.923509419 -0.115366824
v 43.46022034 47.42901993 1160.914917
vn -0.5429766774 -0.8362617493 -0.07643692195
v 43.34495544 47.51920319 1160.946289
vn -0.6952491403 -0.7179009318 -0.0353109017
v 43.25380707 47.62586975 1160.977173
vn -0.8162556887 -0.5776642561 0.005535549484
v 43.18836594 47.74106216 1161.006348
vn -0.9086096883 -0.4150322974 0.04665436968
v 43.14310074 47.87486649 1161.036011
vn -0.9670601487 -0.2397885919 0.08541727811
v 43.12449265 48.01926041 1161.063965
vn -0.9912970662 -0.04794559255 0.1226026341
v 43.1354599 48.16860199 1161.088989
vn -0.9765170217 0.1490936875 0.1555172354
v 43.17681503 48.31456757 1161.109253
vn -0.9217063189 0.3423039615 0.1824430078
v 43.24679565 48.44973755 1161.123901
vn -0.8298173547 0.5202869177 0.2017538995
v 43.34024811 48.5663414 1161.13208
vn -0.7071705461 0.674276948 0.2127448767
v 43.44974899 48.65935516 1161.134033
vn -0.5631581545 0.7977541089 0.2155024111
v 43.56724167 48.72702026 1161.130371
vn -0.3972422779 0.8932412863 0.2105197906
v 43.70301819 48.77506256 1161.12085
vn -0.219470039 0.9553354383 0.1979069263
v 43.84883881 48.796875 1161.105347
vn -0.02574795671 0.9838286042 0.1772520095
v 43.99897003 48.78940582 1161.084106
vn 0.1723883152 0.9736691713 0.149166584
v 44.14500046 48.75166321 1161.057983
vn 0.3656727672 0.9236513972 0.1146802902
v 44.27950287 48.68523407 1161.02832
vn 0.5428212881 0.836424768 0.07575400919
v 44.39476776 48.59505081 1160.99707
vn 0.6951118112 0.7180674672 0.03462256491
v 44.48591614 48.48838425 1160.966064
vn 0.8161376715 0.5778239369 -0.006229885854
v 44.71705246 48.08345032 1161.773438
vn 0.9657124281 0.241528675 -0.09520209581
v 44.67195511 48.21707916 1161.804565
vn 0.9075062871 0.4164628088 -0.05469068512
v 44.73551559 47.93919754 1161.744385
vn 0.9897418618 0.04994019493 -0.1338544637
v 44.72443008 47.78993988 1161.718506
vn 0.9748023748 -0.146927312 -0.1678471416
v 44.68299484 47.64399338 1161.697754
vn 0.9199078083 -0.3399922252 -0.1953839511
v 44.61297226 47.50878143 1161.682983
vn 0.827921927 -0.5180725455 -0.2148165554
v 44.51951599 47.39208984 1161.675171
vn 0.7053233385 -0.672093451 -0.2254094779
v 44.41005325 47.29892731 1161.673828
vn 0.5614199042 -0.7956861854 -0.2273569107
v 44.29262924 47.23106766 1161.678345
vn 0.3957023025 -0.8913527727 -0.2211559117
v 44.15695953 47.18279266 1161.688965
vn 0.218139112 -0.9537158012 -0.206981957
v 44.01127625 47.16071701 1161.705933
vn 0.02455411106 -0.9825484753 -0.1843787879
v 43.86131287 47.16788483 1161.729004
vn -0.1732081175 -0.9727612138 -0.1540603787
v 43.71547318 47.20531464 1161.756836
vn -0.3661288917 -0.9231619835 -0.117139183
v 43.58117676 47.2714386 1161.78833
vn -0.5429381728 -0.8363525867 -0.0757131353
v 43.46611404 47.36132431 1161.821411
vn -0.6948713064 -0.7184141278 -0.03217156604
v 43.3751564 47.46774673 1161.854126
vn -0.8155599833 -0.5785701871 0.01088334154
v 43.30988312 47.5827179 1161.884644
vn -0.9076269865 -0.4162882268 0.05401315168
v 43.26478577 47.71634674 1161.915649
vn -0.9658213258 -0.2413606942 0.09452106804
v 43.24632263 47.86059952 1161.944824
vn -0.9898430705 -0.04976119846 0.1331712157
v 43.25740814 48.00985718 1161.970581
vn -0.974899292 0.1470687687 0.1671590209
v 43.2988472 48.15580368 1161.991455
vn -0.9199931622 0.3401570618 0.1946941465
v 43.36886978 48.29101562 1162.006104
vn -0.828050077 0.5181596875 0.2141111046
v 43.46232224 48.40771103 1162.014038
vn -0.7054629326 0.6721794009 0.2247151732
v 43.57178497 48.50086975 1162.015381
vn -0.5615599751 0.7957844138 0.2266661376
v 43.6892128 48.5687294 1162.010864
vn -0.3957843482 0.8914854527 0.2204732299
v 43.82487869 48.61700439 1162.000122
vn -0.2182310224 0.9538438916 0.2062937319
v 43.9705658 48.63908005 1161.983154
vn -0.02477253042 0.982671082 0.1836949736
v 44.12052536 48.63191223 1161.960205
vn 0.1730558127 0.9728961587 0.1533777714
v 44.26636887 48.59448242 1161.932251
vn 0.3659807742 0.923306644 0.1164600849
v 44.40066147 48.52835846 1161.900757
vn 0.5427777767 0.8365175128 0.07503844053
v 44.51572418 48.43846512 1161.867676
vn 0.6947217584 0.7185887098 0.03149555996
v 44.60668182 48.33205032 1161.835083
vn 0.8154293895 0.5787411332 -0.01156100165
v 44.84653854 47.92128372 1162.63855
vn 0.964646697 0.2428858727 -0.1022898257
v 44.80163956 48.0546875 1162.671021
vn 0.9067346454 0.4174304605 -0.05986690894
v 44.86481094 47.77722168 1162.608032
vn 0.9884220958 0.05161517859 -0.1426800042
v 44.8535614 47.62809753 1162.581177
vn 0.973280251 -0.1449614465 -0.178077817
v 44.81199265 47.48223495 1162.55957
vn 0.9182336926 -0.3378629088 -0.2066288739
v 44.74187851 47.3470459 1162.544434
vn 0.826215744 -0.5157738328 -0.2265942693
v 44.64837646 47.23030853 1162.536499
vn 0.7035382986 -0.6698768735 -0.2372736633
v 44.53890991 47.13705826 1162.5354
vn 0.5597639084 -0.7934835553 -0.238847807
v 44.42151642 47.06907272 1162.540527
vn 0.3940490484 -0.8893610835 -0.2318668813
v 44.285923 47.02060699 1162.552124
vn 0.2167420685 -0.9519150853 -0.2165191323
v 44.14035034 46.99830627 1162.57019
vn 0.02343869023 -0.9810498953 -0.1923322529
v 43.99054337 47.00520706 1162.594604
vn -0.1740865856 -0.9716293216 -0.1600946635
v 43.84488678 47.04234314 1162.624146
vn -0.3667075932 -0.9224361181 -0.1209840402
v 43.71079636 47.10816193 1162.657471
vn -0.5431696177 -0.8360641599 -0.0772235021
v 43.59595108 47.19775391 1162.692383
vn -0.6947382689 -0.7185795307 -0.03133939207
v 43.50520706 47.30390167 1162.726685
vn -0.8151056767 -0.5791445374 0.01394283492
v 43.44013596 47.41864777 1162.758789
vn -0.9068566561 -0.4172629416 0.05918334424
v 43.39523697 47.55204773 1162.79126
vn -0.9647690058 -0.2426808327 0.1016207486
v 43.37696075 47.6961174 1162.821777
vn -0.988527596 -0.05147239193 0.1419993937
v 43.3882103 47.84524155 1162.848633
vn -0.9733685255 0.1451913863 0.1774067432
v 43.42978287 47.99110413 1162.870239
vn -0.9183304906 0.3380134702 0.2059514821
v 43.499897 48.12628555 1162.885376
vn -0.826297164 0.51594311 0.2259108573
v 43.59339523 48.24303055 1162.893311
vn -0.7036727071 0.6699812412 0.2365795225
v 43.7028656 48.33628082 1162.894409
vn -0.5598658323 0.7936176658 0.2381622344
v 43.82025909 48.40425873 1162.889282
vn -0.3941647112 0.8894919157 0.2311673462
v 43.95585251 48.45272446 1162.877686
vn -0.2168490291 0.9520456791 0.2158368528
v 44.10142136 48.47502518 1162.859619
vn -0.02362120897 0.9811766744 0.1916621327
v 44.25123215 48.46812439 1162.835205
vn 0.1739645302 0.9717639089 0.1594089121
v 44.39688873 48.43098831 1162.805542
vn 0.3665302396 0.9225945473 0.1203117743
v 44.53097534 48.36517715 1162.772339
vn 0.5429882407 0.8362431526 0.07655794919
v 44.64582443 48.27558517 1162.737427
vn 0.6945849657 0.7187566757 0.03066822514
v 44.73656464 48.16943741 1162.703003
vn 0.8149687052 0.5793204904 -0.01462049037
v 44.98348999 47.75162125 1163.501343
vn 0.963827014 0.2438818663 -0.1075132713
v 44.93882751 47.88476562 1163.5354
vn 0.9062438607 0.4180401862 -0.06296449155
v 45.00153351 47.6077919 1163.46936
vn 0.9872786999 0.05304404348 -0.1498903185
v 44.99007034 47.4588623 1163.441162
vn 0.9718557 -0.1432237923 -0.1870385557
v 44.94831467 47.3131485 1163.418457
vn 0.9166049361 -0.3357952237 -0.2169722617
v 44.87805557 47.17805099 1163.402588
vn 0.8244316578 -0.5135305524 -0.2379050702
v 44.78445435 47.06134415 1163.394165
vn 0.7016905546 -0.6675220132 -0.2490878403
v 44.67493439 46.96805573 1163.393188
vn 0.5578536391 -0.7911664844 -0.2507087886
v 44.55753326 46.89998627 1163.398438
vn 0.3922955692 -0.8870661855 -0.2433470637
v 44.42197418 46.85138702 1163.410645
vn 0.2149793059 -0.9498183131 -0.2272202373
v 44.27648926 46.82888794 1163.429688
vn 0.02188530378 -0.9791818261 -0.2018018812
v 44.12681198 46.83555603 1163.455444
vn -0.1753480732 -0.970078826 -0.167929098
v 43.98133087 46.87241364 1163.48645
vn -0.3676298857 -0.9212792516 -0.126857549
v 43.84744644 46.93793869 1163.521484
vn -0.5437763333 -0.8353219032 -0.08089899272
v 43.73283005 47.02722931 1163.558105
vn -0.6949642301 -0.7182993889 -0.03272198141
v 43.64231873 47.1330719 1163.594116
vn -0.8149747252 -0.5793069601 0.0148194395
v 43.57746506 47.24756241 1163.627808
vn -0.9063716531 -0.4178648591 0.06228434667
v 43.5328064 47.38069916 1163.661987
vn -0.9639572501 -0.2436657548 0.1068337485
v 43.51476288 47.5245285 1163.693848
vn -0.9873928428 -0.0528361164 0.1492102593
v 43.52622604 47.67345428 1163.722168
vn -0.9719551206 0.1434286535 0.1863639206
v 43.56798172 47.81917191 1163.744751
vn -0.916672349 0.336040467 0.216306746
v 43.63824081 47.95426941 1163.76062
vn -0.8245173693 0.5137029886 0.2372348011
v 43.73184204 48.07098389 1163.769043
vn -0.7017849684 0.6676785946 0.2484012097
v 43.841362 48.16427231 1163.77002
vn -0.557959795 0.7913074493 0.2500267327
v 43.95875931 48.23234177 1163.764771
vn -0.3924020529 0.8872047663 0.2426691949
v 44.09431839 48.28093719 1163.752563
vn -0.2150981426 0.9499571919 0.22652632
v 44.23980331 48.30343246 1163.733521
vn -0.02211465873 0.9793126583 0.2011408657
v 44.38948059 48.29676819 1163.707886
vn 0.1752117127 0.9702190757 0.1672596186
v 44.53496552 48.25990677 1163.676758
vn 0.3674783409 0.921431601 0.1261883974
v 44.66884995 48.19438934 1163.641846
vn 0.5435877442 0.8355084658 0.08023718745
v 44.78346634 48.10509872 1163.605103
vn 0.6948136687 0.7184750438 0.03205483407
v 44.87397766 47.9992485 1163.569092
vn 0.8148323298 0.5794897676 -0.0154898297
v 45.12659073 47.57291031 1164.362183
vn 0.9632648826 0.2446001619 -0.1108669341
v 45.08220291 47.7057457 1164.398071
vn 0.9060610533 0.4182749391 -0.0640270561
v 45.1443634 47.42936707 1164.328491
vn 0.9863448143 0.05421931669 -0.1555126607
v 45.13263321 47.2807045 1164.298706
vn 0.9705711603 -0.141645968 -0.194751218
v 45.09064102 47.13520813 1164.27478
vn 0.915017724 -0.3338486552 -0.2264676392
v 45.02017593 47.00027466 1164.257812
vn 0.8226125836 -0.511289835 -0.2487795651
v 44.92642212 46.88364792 1164.248779
vn 0.6997797489 -0.6650241613 -0.2608661056
v 44.81679916 46.79039764 1164.247314
vn 0.5558175445 -0.7886188626 -0.2629585564
v 44.69934845 46.7223053 1164.252686
vn 0.3902509212 -0.8845120668 -0.2556219697
v 44.56378555 46.67362595 1164.265137
vn 0.2130378187 -0.9473454952 -0.2390635163
v 44.41834641 46.65097809 1164.284912
vn 0.0200762935 -0.9768967628 -0.2127666026
v 44.26877594 46.65743256 1164.311646
vn -0.1769659817 -0.9680685401 -0.1775566339
v 44.12344742 46.69403839 1164.343994
vn -0.368922621 -0.9196428657 -0.1347333193
v 43.98976898 46.75925827 1164.380493
vn -0.544737637 -0.8341118693 -0.08670786023
v 43.87538528 46.84823227 1164.418945
vn -0.6955688596 -0.7175428271 -0.03627935052
v 43.78512192 46.95376968 1164.456665
vn -0.8151932359 -0.5790303349 0.01355789788
v 43.72052002 47.06795502 1164.492065
vn -0.9062021971 -0.4180698693 0.06336510926
v 43.6761322 47.20079041 1164.527954
vn -0.9633952975 -0.2443846017 0.1102073714
v 43.65835953 47.34432602 1164.561646
vn -0.9864639044 -0.05396375805 0.1548445076
v 43.67008972 47.4929924 1164.591431
vn -0.970678091 0.1418552697 0.1940648258
v 43.71208191 47.63848877 1164.615356
vn -0.9150957465 0.3340951502 0.2257879823
v 43.782547 47.77342606 1164.632324
vn -0.8226889968 0.5114981532 0.2480975688
v 43.87630081 47.89004517 1164.641357
vn -0.6998596191 0.6651998758 0.2602031827
v 43.98592377 47.98329544 1164.642822
vn -0.5558996201 0.7887884974 0.262275368
v 44.10337448 48.0513916 1164.637451
vn -0.3903513253 0.8846633434 0.2549444139
v 44.23893738 48.10007477 1164.625
vn -0.2131346762 0.9474926591 0.2383931428
v 44.38437653 48.122715 1164.605225
vn -0.02025533281 0.9770374298 0.2121027261
v 44.53394699 48.11625671 1164.578613
vn 0.1767889708 0.9682229161 0.1768897921
v 44.67927551 48.07965469 1164.546143
vn 0.3688090444 0.9197872877 0.1340569854
v 44.81295395 48.01443863 1164.509644
vn 0.5445390344 0.8343087435 0.08605907857
v 44.92733765 47.925457 1164.471313
vn 0.6954131126 0.7177271843 0.0356134288
v 45.01760101 47.8199234 1164.433472
vn 0.8150356412 0.5792363286 -0.01421810128
v 45.27447128 47.38367844 1165.221191
vn 0.9629952312 0.2449582815 -0.1124081686
v 45.23038864 47.51615524 1165.258911
vn 0.906216979 0.4180783331 -0.06309717149
v 45.29192734 47.24048996 1165.185547
vn 0.9856460094 0.05517471582 -0.159554854
v 45.27988434 47.09217072 1165.153931
vn 0.969468236 -0.1401849091 -0.2011952698
v 45.23759079 46.94696808 1165.128296
vn 0.9135466814 -0.3319190741 -0.2350790501
v 45.16686249 46.81227112 1165.109985
vn 0.8208160996 -0.5089946985 -0.2592012584
v 45.07289505 46.69582748 1165.099976
vn 0.697732389 -0.6624463797 -0.2726431787
v 44.96311569 46.60267258 1165.0979
vn 0.5537295341 -0.7857695818 -0.2755899429
v 44.8455658 46.53461838 1165.102905
vn 0.3879936934 -0.8816295266 -0.2686824203
v 44.70995331 46.48590851 1165.115479
vn 0.2108057439 -0.9444708824 -0.2520628273
v 44.5645256 46.4631691 1165.13562
vn 0.0179998707 -0.9741441011 -0.2252094448
v 44.41502762 46.4694519 1165.163086
vn -0.178874597 -0.9655596614 -0.1889401823
v 44.26983643 46.50581741 1165.196655
vn -0.3706458509 -0.9174537063 -0.144569695
v 44.13635254 46.57074356 1165.234741
vn -0.5460748076 -0.8323755264 -0.09462168813
v 44.02220535 46.6593895 1165.27478
vn -0.6965483427 -0.71628052 -0.04198359326
v 43.9322052 46.7645874 1165.314331
vn -0.8157718182 -0.5782842636 0.01018029917
v 43.86787796 46.87843323 1165.35144
vn -0.9063647985 -0.4178568721 0.06243788078
v 43.8237915 47.01091003 1165.38916
vn -0.9631375074 -0.2446960807 0.1117587164
v 43.80633926 47.15409851 1165.424805
vn -0.9857650399 -0.05490193516 0.1589121372
v 43.81838226 47.30241776 1165.456421
vn -0.9695712924 0.1404150724 0.2005371451
v 43.86067581 47.44762039 1165.482056
vn -0.9136278033 0.3321676254 0.2344119251
v 43.9314003 47.58230972 1165.500366
vn -0.8208879828 0.5092255473 0.2585194111
v 44.02537155 47.69876099 1165.510376
vn -0.697796464 0.6626577973 0.2719646096
v 44.13514709 47.79190826 1165.512451
vn -0.553769052 0.7859783173 0.2749143243
v 44.25270081 47.85996246 1165.507446
vn -0.3880676925 0.8818050027 0.2679989934
v 44.38831329 47.90867996 1165.494873
vn -0.2109338045 0.9446212649 0.2513913512
v 44.533741 47.93141937 1165.474731
vn -0.01810568944 0.9742976427 0.2245356739
v 44.68323898 47.92513657 1165.447266
vn 0.1787135154 0.9657201171 0.1882715076
v 44.82842636 47.88877106 1165.413696
vn 0.3705080152 0.9176162481 0.1438894868
v 44.96191406 47.82384491 1165.37561
vn 0.5459190011 0.8325529099 0.09395796061
v 45.07606125 47.73519516 1165.335571
vn 0.6963775754 0.7164845467 0.04132961854
v 45.16605759 47.63000107 1165.296021
vn 0.8156173229 0.5784901977 -0.01084045134
v 45.4256134 47.18265915 1166.077148
vn 0.9630452991 0.2448725253 -0.1121660471
v 45.38186646 47.31472397 1166.116943
vn 0.9067316055 0.4173904955 -0.06019079313
v 45.44270706 47.03990555 1166.039429
vn 0.9852012992 0.05578080192 -0.1620706171
v 45.43029785 46.89200211 1166.005737
vn 0.9685364366 -0.1389828324 -0.2064484805
v 45.38764954 46.74718857 1165.978271
vn 0.9121682048 -0.3301081061 -0.2428534329
v 45.3166008 46.6128273 1165.958252
vn 0.8190950155 -0.5065889359 -0.2691672742
v 45.22235489 46.49665451 1165.946899
vn 0.6956511736 -0.6596862078 -0.2844003439
v 45.11236572 46.40368652 1165.943848
vn 0.5514379144 -0.7827035189 -0.2886026502
v 44.99466324 46.33573914 1165.948242
vn 0.3855918646 -0.8783602715 -0.2824928164
v 44.85895157 46.2870636 1165.960571
vn 0.2082745731 -0.9411557913 -0.2661719322
v 44.71348953 46.2642746 1165.980957
vn 0.01551894657 -0.9708709717 -0.2390998304
v 44.56403351 46.27042389 1166.009033
vn -0.1811650395 -0.9624741077 -0.2020466924
v 44.41896057 46.30656815 1166.043579
vn -0.372723639 -0.9146770239 -0.1563427299
v 44.28565979 46.37120438 1166.083008
vn -0.5478348732 -0.830021441 -0.1046011299
v 44.17174911 46.4595108 1166.124634
vn -0.6979400516 -0.7144223452 -0.04980369285
v 44.08203125 46.56432343 1166.166138
vn -0.8167451024 -0.5769792795 0.004724069964
v 44.01799393 46.6777916 1166.204956
vn -0.9068806171 -0.417159766 0.05954220891
v 43.97424698 46.80984497 1166.244873
vn -0.963187933 -0.2446071655 0.1115185097
v 43.95715332 46.95260239 1166.282471
vn -0.9853234887 -0.05542352423 0.1614491343
v 43.96956635 47.10050964 1166.316162
vn -0.9686455131 0.1391975582 0.2057909518
v 44.01221085 47.24531937 1166.34375
vn -0.9122585058 0.3303306103 0.2422109842
v 44.0832634 47.37968063 1166.36377
vn -0.8191275001 0.5068757534 0.2685277462
v 44.17750549 47.49586105 1166.375122
vn -0.6956984401 0.6599240899 0.2837319672
v 44.28749847 47.58882523 1166.378174
vn -0.55145365 0.7829386592 0.2879338861
v 44.40519714 47.65677261 1166.373657
vn -0.3855793178 0.8785820007 0.2818194926
v 44.54091263 47.70544815 1166.361328
vn -0.2084116638 0.9413103461 0.2655172348
v 44.68637085 47.72823715 1166.341064
vn -0.01567761414 0.9710280299 0.2384507805
v 44.83582687 47.72208786 1166.312988
vn 0.1810716093 0.9626300335 0.2013863474
v 44.98090363 47.6859436 1166.278442
vn 0.3725646436 0.9148516059 0.1556988209
v 45.11420441 47.62131119 1166.239014
vn 0.5477058291 0.8301897049 0.1039396152
v 45.22811127 47.53300476 1166.197266
vn 0.6977670789 0.714636147 0.04915573075
v 45.31783295 47.42818451 1166.155884
vn 0.8165851831 0.5771999359 -0.005371815525
v 45.57872391 46.9683075 1166.930542
vn 0.9634033442 0.2443855256 -0.1101348326
v 45.53534698 47.0998764 1166.972534
vn 0.9076003432 0.4161734283 -0.05532851443
v 45.59541321 46.82607269 1166.890625
vn 0.9850218296 0.05600366741 -0.1630816013
v 45.58258057 46.67869186 1166.854492
vn 0.9678301215 -0.1378778219 -0.2104627341
v 45.53952026 46.53437424 1166.824829
vn 0.9109033942 -0.3283940852 -0.249824509
v 45.46808624 46.4004631 1166.802856
vn 0.8174137473 -0.5041385889 -0.2787095606
v 45.37350464 46.28465271 1166.789673
vn 0.6936189532 -0.6566713452 -0.2961004376
v 45.26324081 46.19196701 1166.7854
vn 0.548997581 -0.779363215 -0.301984489
v 45.14533997 46.12420273 1166.789062
vn 0.382948786 -0.8746978641 -0.2970754802
v 45.00947952 46.07563782 1166.800903
vn 0.2055575103 -0.9373146892 -0.2814024389
v 44.86394501 46.05286026 1166.821167
vn 0.01279890537 -0.9670065045 -0.2544300556
v 44.7144928 46.058918 1166.849609
vn -0.1837994009 -0.9587413669 -0.2168703973
v 44.56951141 46.09486389 1166.88501
vn -0.3751582801 -0.9112294316 -0.1700506955
v 44.43638229 46.15920639 1166.925781
vn -0.5499887466 -0.8269879818 -0.1166330203
v 44.32271957 46.24713898 1166.968994
vn -0.699704349 -0.7119317651 -0.05972392857
v 44.23328781 46.35153961 1167.012329
vn -0.818094492 -0.5750769973 -0.002797366586
v 44.16957092 46.46457672 1167.053101
vn -0.9077568054 -0.4159159064 0.0546946004
v 44.126194 46.596138 1167.095215
vn -0.9635412097 -0.2441293299 0.1094950885
v 44.1095047 46.73837662 1167.135132
vn -0.9851452112 -0.05563435331 0.1624615639
v 44.12233353 46.88575745 1167.171143
vn -0.9679204226 0.1382057518 0.2098313421
v 44.16539383 47.03007507 1167.200928
vn -0.9109990001 0.3286340237 0.2491594851
v 44.23683167 47.16398239 1167.2229
vn -0.8174054623 0.5044956207 0.2780871093
v 44.33140945 47.27979279 1167.235962
vn -0.6935923696 0.6569825411 0.2954717577
v 44.44167328 47.3724823 1167.240234
vn -0.5490908027 0.7795469165 0.3013401628
v 44.55957794 47.44024277 1167.236694
vn -0.383025378 0.8748865724 0.2964204252
v 44.69543839 47.48881149 1167.224854
vn -0.2056005597 0.9375045896 0.2807374597
v 44.8409729 47.51158524 1167.20459
vn -0.01290037204 0.9671723843 0.2537934482
v 44.9904213 47.5055275 1167.176147
vn 0.1837496012 0.9588979483 0.2162192911
v 45.13540649 47.46958542 1167.140625
vn 0.3750344813 0.9114005566 0.1694054157
v 45.2685318 47.40524292 1167.099976
vn 0.5498376489 0.8271788359 0.1159903929
v 45.38219833 47.31731033 1167.056641
vn 0.6995393634 0.7121471167 0.05908598378
v 45.4716301 47.2129097 1167.013428
vn 0.8179249763 0.5753207803 0.002164714271
v 45.73236465 46.739254 1167.780884
vn 0.9640791416 0.2434025556 -0.1063323244
v 45.6893959 46.87024307 1167.825195
vn 0.9088202715 0.4143580794 -0.04850878194
v 45.74861145 46.59763718 1167.738281
vn 0.9851101637 0.05589409545 -0.1625848413
v 45.73530579 46.4508934 1167.699707
vn 0.967309773 -0.1371045709 -0.2133405209
v 45.69177246 46.30719757 1167.667358
vn 0.9098308682 -0.3266433477 -0.2559529245
v 45.61988831 46.17385864 1167.643066
vn 0.8157191277 -0.5017082095 -0.2879083455
v 45.52490997 46.05854034 1167.628052
vn 0.6914634705 -0.6535192728 -0.3078812361
v 45.41431427 45.96623993 1167.622192
vn 0.5465444326 -0.7756043673 -0.3157958984
v 45.29616165 45.89875412 1167.624634
vn 0.3802374899 -0.8705044389 -0.312476337
v 45.16010284 45.85037994 1167.63562
vn 0.2026667744 -0.9328582287 -0.2978282273
v 45.01445007 45.82767868 1167.65564
vn 0.009722596034 -0.9624501467 -0.2712843716
v 44.86497116 45.83368683 1167.684326
vn -0.1868065745 -0.95424968 -0.2334756255
v 44.72005844 45.86945724 1167.720459
vn -0.3779539168 -0.9070027471 -0.1857334226
v 44.58709335 45.9335022 1167.762329
vn -0.5525145531 -0.8231827021 -0.1307590306
v 44.47367096 46.02103424 1167.807251
vn -0.701875031 -0.7086753249 -0.07176864147
v 44.38454437 46.12496948 1167.852417
vn -0.8198253512 -0.5724794269 -0.01239827927
v 44.32116699 46.23750305 1167.895386
vn -0.9089859128 -0.4140671194 0.0478859134
v 44.27819443 46.36848831 1167.939697
vn -0.9642238021 -0.2430999726 0.105711028
v 44.26195145 46.51010895 1167.9823
vn -0.985232532 -0.05552311242 0.1619693488
v 44.2752533 46.65685272 1168.020874
vn -0.967397511 0.1374454647 0.2127223164
v 44.31878662 46.80054092 1168.053223
vn -0.9098902345 0.3269630373 0.2553330362
v 44.39067078 46.93388367 1168.077515
vn -0.8157421947 0.5020420551 0.2872602344
v 44.48564911 47.04920197 1168.092529
vn -0.6914491653 0.6538413167 0.3072288334
v 44.59624481 47.1415062 1168.098389
vn -0.546561718 0.7758499384 0.3151621819
v 44.71439743 47.208992 1168.095947
vn -0.3802892566 0.8707046509 0.3118549585
v 44.85045624 47.25736237 1168.084961
vn -0.2026567161 0.9330665469 0.2971819639
v 44.99610901 47.28006744 1168.064941
vn -0.009805661626 0.9626356363 0.2706223726
v 45.14558792 47.2740593 1168.036255
vn 0.1867122948 0.9544278979 0.2328215092
v 45.29050446 47.23828506 1168.000122
vn 0.3778449893 0.9071803689 0.1850861907
v 45.42346954 47.17424393 1167.958252
vn 0.5523534417 0.8233917952 0.1301216334
v 45.53688812 47.08670807 1167.91333
vn 0.7017092109 0.7089040279 0.07112853974
v 45.62601471 46.98277664 1167.868164
vn 0.819650352 0.5727431178 0.01177288033
v 45.88506317 46.49406815 1168.627197
vn 0.9650841951 0.2417719662 -0.100791052
v 45.84252167 46.62438583 1168.674072
vn 0.91040802 0.4118006527 -0.03971748054
v 45.9008255 46.35317993 1168.581909
vn 0.9854661226 0.05535312369 -0.1606006324
v 45.88700485 46.20720291 1168.540405
vn 0.9669843912 -0.1366251856 -0.2151155472
v 45.8429451 46.06426239 1168.505371
vn 0.908839047 -0.3250672221 -0.2614247501
v 45.7705574 45.931633 1168.478394
vn 0.814166069 -0.4990470409 -0.2967922688
v 45.67512512 45.81693649 1168.460938
vn 0.6893232465 -0.6500356793 -0.3198234141
v 45.56414795 45.72513962 1168.453247
vn 0.5438866019 -0.77144593 -0.3302401006
v 45.44569016 45.65803528 1168.454346
vn 0.3772210777 -0.8657544255 -0.3288975358
v 45.30938721 45.6099472 1168.464355
vn 0.1995256841 -0.927682519 -0.3155862391
v 45.1635704 45.58740234 1168.483643
vn 0.0064786328 -0.9570698738 -0.2897849381
v 45.01402664 45.59341812 1168.512329
vn -0.1902106851 -0.9488551617 -0.2519797385
v 44.86915588 45.62903976 1168.549072
vn -0.3812084496 -0.9018145204 -0.2034962177
v 44.73633575 45.69278717 1168.592163
vn -0.5554720163 -0.8184272051 -0.1470637172
v 44.62315369 45.77989197 1168.638672
vn -0.7044401169 -0.7045330405 -0.08600754291
v 44.5343399 45.88331223 1168.685791
vn -0.821950376 -0.5690481663 -0.02412084676
v 44.47131729 45.9952774 1168.730835
vn -0.910572648 -0.4114950895 0.0391060859
v 44.42877579 46.12559891 1168.77771
vn -0.9652276039 -0.2414535582 0.1001789272
v 44.41301346 46.26648712 1168.822998
vn -0.9855844378 -0.05493830517 0.160016045
v 44.42683411 46.41246414 1168.86438
vn -0.9670643806 0.1370144188 0.2145077735
v 44.47089386 46.55540466 1168.899536
vn -0.908890605 0.3254140019 0.2608133554
v 44.54328156 46.68803787 1168.926514
vn -0.8141723275 0.4993917942 0.296194613
v 44.63871384 46.80272675 1168.94397
vn -0.6893158555 0.650354445 0.31919083
v 44.74969101 46.89452744 1168.95166
vn -0.5438944101 0.7717211246 0.3295836151
v 44.8681488 46.96163177 1168.950562
vn -0.3772312701 0.8659976125 0.3282448649
v 45.00445175 47.00971603 1168.940552
vn -0.1994609386 0.9279152155 0.3149422705
v 45.15026855 47.03226471 1168.921143
vn -0.006511047948 0.957264781 0.2891395986
v 45.29981232 47.02625275 1168.892578
vn 0.1900233924 0.9490599036 0.2513491511
v 45.44468307 46.99062347 1168.855835
vn 0.3810805082 0.9020130634 0.202854827
v 45.5775032 46.92687607 1168.812744
vn 0.5553202629 0.8186421394 0.1464393437
v 45.69068527 46.83977509 1168.766235
vn 0.7042847276 0.7047640681 0.08538535982
v 45.77949905 46.73635101 1168.719116
vn 0.8217823505 0.5693166852 0.02350060642
v 46.03554535 46.23086166 1169.469727
vn 0.9663870931 0.2394897342 -0.09349161386
v 45.99344635 46.36042786 1169.519165
vn 0.9123290181 0.4084330499 -0.0289517995
v 46.05080032 46.09081268 1169.421631
vn 0.9860749841 0.05426499993 -0.1571986526
v 46.03643036 45.9457283 1169.377075
vn 0.9668766856 -0.13635692 -0.2157690674
v 45.99181366 45.80368805 1169.338867
vn 0.9080075026 -0.3235243857 -0.2661848962
v 45.91887665 45.67191315 1169.30896
vn 0.8126093745 -0.4963481724 -0.3054578304
v 45.82294083 45.5579834 1169.28894
vn 0.6871985197 -0.6462100744 -0.3319198191
v 45.71153259 45.46682739 1169.279053
vn 0.541264534 -0.7667185664 -0.3452178836
v 45.59273148 45.40021896 1169.278442
vn 0.3741551042 -0.8602954149 -0.3462654054
v 45.4561348 45.35251999 1169.287109
vn 0.1960348785 -0.9217204452 -0.3346665502
v 45.31011581 45.3302269 1169.305664
vn 0.002915393328 -0.9507598281 -0.3099149466
v 45.16046906 45.33631516 1169.334106
vn -0.1938567162 -0.9424600601 -0.2723757923
v 45.01560593 45.3718338 1169.371338
vn -0.3847791851 -0.8955805898 -0.2233392894
v 44.88291168 45.4352951 1169.415405
vn -0.5587860346 -0.8126201034 -0.1655497998
v 44.76995468 45.52196121 1169.463501
vn -0.7073606849 -0.699390471 -0.1024393439
v 44.68144226 45.62482452 1169.512451
vn -0.8244069815 -0.5647224784 -0.03796850517
v 44.61877823 45.73616028 1169.559692
vn -0.9124906063 -0.4081138372 0.02835489251
v 44.57668304 45.86572266 1169.609131
vn -0.9665281177 -0.2391532362 0.09289287031
v 44.56142426 46.00577164 1169.657349
vn -0.986189127 -0.05390486866 0.156605348
v 44.57579422 46.15085602 1169.701904
vn -0.9669486284 0.1367735416 0.2151822448
v 44.62041473 46.29290009 1169.740112
vn -0.908023119 0.3239724338 0.2655858397
v 44.69335175 46.4246788 1169.769897
vn -0.8125698566 0.4967894554 0.3048450351
v 44.78928375 46.53860474 1169.789917
vn -0.6871821284 0.6465402842 0.3313101232
v 44.90069199 46.62976456 1169.799805
vn -0.5412441492 0.7670146823 0.344591409
v 45.01949692 46.69636917 1169.800415
vn -0.3741018176 0.8605775833 0.345621258
v 45.15608978 46.74406052 1169.791748
vn -0.1960906088 0.9219382405 0.3340334296
v 45.30211258 46.76636505 1169.773193
vn -0.002903744346 0.9509680271 0.3092755377
v 45.45175934 46.76027298 1169.744751
vn 0.193684116 0.9426692128 0.271774143
v 45.59661865 46.72475052 1169.707642
vn 0.3846065402 0.8958028555 0.2227444798
v 45.72931671 46.66129303 1169.663574
vn 0.5586441755 0.8128412962 0.1649416834
v 45.84227371 46.57462311 1169.615479
vn 0.7072184086 0.6996228695 0.1018329412
v 45.93078232 46.47176361 1169.566406
vn 0.8242534995 0.5649869442 0.03736218065
v 46.18236923 45.94806671 1170.307983
vn 0.9679690003 0.236450538 -0.08442240953
v 46.14071274 46.07679367 1170.360107
vn 0.9145259261 0.4041951597 -0.01638916694
v 46.19711685 45.80896378 1170.256836
vn 0.9869629741 0.0525707379 -0.1521196961
v 46.18218231 45.66490173 1170.208984
vn 0.9670194983 -0.1366084665 -0.2149683833
v 46.13697815 45.52390289 1170.167603
vn 0.9073600173 -0.3223817945 -0.2697550952
v 46.06346512 45.39313889 1170.134521
vn 0.8112438917 -0.4937680364 -0.3131716549
v 45.96699142 45.28012466 1170.111694
vn 0.6851564646 -0.6423534155 -0.3434279263
v 45.8551178 45.18975067 1170.099365
vn 0.5386959314 -0.7617422938 -0.3599380255
v 45.7359314 45.12376404 1170.096802
vn 0.3711304665 -0.8543999195 -0.3636797369
v 45.59900284 45.07658768 1170.103882
vn 0.1925617158 -0.9151563644 -0.3541311026
v 45.4527359 45.05464554 1170.12146
vn -0.0008169776993 -0.943707943 -0.3307788074
v 45.30294418 45.06089783 1170.149414
vn -0.197528407 -0.9352163672 -0.2938586473
v 45.15805435 45.09636688 1170.186768
vn -0.3884752989 -0.8884180784 -0.2445410043
v 45.02545166 45.1595726 1170.231689
vn -0.5623012781 -0.8058331609 -0.1856076866
v 44.91269302 45.2457962 1170.28125
vn -0.7105638981 -0.6932250261 -0.1205736622
v 44.82447433 45.34806824 1170.332153
vn -0.8271332979 -0.559442997 -0.05360975489
v 44.76215744 45.45872116 1170.38147
vn -0.9146802425 -0.4038695693 0.01579394192
v 44.72050095 45.58744812 1170.433594
vn -0.9681149721 -0.2360594571 0.08384077251
v 44.70575714 45.72655106 1170.484741
vn -0.9870738387 -0.05214482546 0.1515458822
v 44.72068787 45.8706131 1170.532471
vn -0.9670844078 0.1370584965 0.2143890709
v 44.76589203 46.01161194 1170.573975
vn -0.9074113965 0.3227431178 0.2691494226
v 44.83940887 46.14237976 1170.607056
vn -0.8112357855 0.4941596985 0.312574327
v 44.93587875 46.25539017 1170.629883
vn -0.685102284 0.642739594 0.3428128958
v 45.0477562 46.34576416 1170.642212
vn -0.5386791825 0.7620463371 0.3593189418
v 45.1669426 46.41175079 1170.644775
vn -0.3710244596 0.8547142744 0.3630487323
v 45.30386734 46.45892715 1170.637573
vn -0.1926238686 0.9153884649 0.3534967899
v 45.45013428 46.48087311 1170.620117
vn 0.0007459672634 0.9439237714 0.3301625848
v 45.59992599 46.474617 1170.592163
vn 0.197476238 0.9354220629 0.2932382524
v 45.74481583 46.43914795 1170.55481
vn 0.3883264959 0.8886526227 0.2439243346
v 45.87742233 46.37594223 1170.509888
vn 0.5621535182 0.8060786724 0.1849880368
v 45.99017715 46.28971863 1170.460327
vn 0.7103899717 0.6935073733 0.1199734062
v 46.07839966 46.18744659 1170.409424
vn 0.8269792795 0.5597278476 0.05300910398
v 46.32389832 45.64529419 1171.142578
vn 0.9697950482 0.2325431257 -0.07362928987
v 46.28265762 45.77314377 1171.197266
vn 0.9168986082 0.3991136253 -0.002297452185
v 46.33815002 45.50720596 1171.088501
vn 0.9881409407 0.0500372462 -0.1451681852
v 46.32266235 45.36425781 1171.037476
vn 0.9675012827 -0.1375807077 -0.212162286
v 46.27687454 45.22441483 1170.992554
vn 0.9071148634 -0.3217805326 -0.2712930739
v 46.20277405 45.0947876 1170.956299
vn 0.810233295 -0.491687119 -0.3190075457
v 46.10575104 44.98283005 1170.93042
vn 0.6835029125 -0.6388090253 -0.353195101
v 45.99338531 44.8933754 1170.915405
vn 0.5364682078 -0.7569493055 -0.3731348813
v 45.87379074 44.82813644 1170.910767
vn 0.3683394492 -0.8485588431 -0.3798340857
v 45.73649597 44.78160095 1170.916016
vn 0.1895093471 -0.9084149003 -0.3726507127
v 45.58994675 44.76013565 1170.932251
vn -0.004273479804 -0.9363385439 -0.3510724902
v 45.43996811 44.76665878 1170.959473
vn -0.2011058629 -0.9274968505 -0.3151285648
v 45.2950058 44.8021698 1170.996704
vn -0.3919975162 -0.8806900382 -0.2659380138
v 45.1624527 44.86518097 1171.042236
vn -0.5657770634 -0.7983494401 -0.2062389255
v 45.04985809 44.9509964 1171.093018
vn -0.7137795687 -0.6863039136 -0.1396626085
v 44.96189117 45.0526886 1171.145752
vn -0.829995811 -0.5532959104 -0.07050278038
v 44.89989853 45.16263962 1171.197144
vn -0.9170507789 -0.3987667561 0.001708392985
v 44.85865784 45.2904892 1171.251953
vn -0.9699271917 -0.2321765721 0.07304272801
v 44.84440613 45.42857742 1171.30603
vn -0.9882455468 -0.04960308224 0.1446038932
v 44.8598938 45.57152557 1171.357056
vn -0.967553854 0.1380551457 0.2116136998
v 44.90568161 45.71136856 1171.401855
vn -0.9071112871 0.322267741 0.2707261443
v 44.9797821 45.84099579 1171.43811
vn -0.8102740645 0.4920166135 0.318395406
v 45.07680511 45.95295334 1171.464111
vn -0.6834869981 0.6391676664 0.3525765538
v 45.18917084 46.04240799 1171.479004
vn -0.5363702774 0.7573316097 0.3724993765
v 45.30876541 46.10764694 1171.483643
vn -0.3683824241 0.8488269448 0.3791928291
v 45.44606018 46.15417862 1171.478394
vn -0.1895181984 0.9086814523 0.3719958067
v 45.59260941 46.17564774 1171.46228
vn 0.004184098449 0.9365891814 0.3504044116
v 45.74258804 46.16912079 1171.434937
vn 0.2010796368 0.9277299047 0.314458549
v 45.88754654 46.13360977 1171.397705
vn 0.3918765783 0.88093853 0.2652924359
v 46.02010345 46.07060242 1171.352173
vn 0.5656124353 0.7986312509 0.2055984288
v 46.13269806 45.98478699 1171.301392
vn 0.7136058807 0.6866104007 0.1390422434
v 46.22066498 45.88309479 1171.248779
vn 0.8298253417 0.5536278486 0.0699005276
v 46.45798492 45.3236351 1171.973145
vn 0.9718164206 0.2276717275 -0.06114276126
v 46.41711044 45.45062256 1172.030273
vn 0.9194121361 0.3930754066 0.01315465569
v 46.47179413 45.18656158 1171.91626
vn 0.9895791411 0.04652832076 -0.1362653971
v 46.45579529 45.04475784 1171.862061
vn 0.9682744741 -0.1395767629 -0.2072749883
v 46.40945816 44.90612793 1171.813965
vn 0.9072178006 -0.3220661581 -0.2706091106
v 46.33479309 44.77772141 1171.774292
vn 0.8096722364 -0.4903021753 -0.3225440979
v 46.23723221 44.66691971 1171.745239
vn 0.6822525263 -0.6359063387 -0.3607694209
v 46.12437439 44.57849121 1171.727539
vn 0.5346212983 -0.752661407 -0.3842926919
v 46.0043602 44.51411819 1171.720581
vn 0.3659447134 -0.8430265784 -0.3941962719
v 45.86668396 44.46835709 1171.723877
vn 0.1867632568 -0.9018166661 -0.3896744549
v 45.71981812 44.44749832 1171.738403
vn -0.007322645746 -0.9289178252 -0.3702135682
v 45.56961441 44.45442581 1171.764648
vn -0.2045289129 -0.9195132256 -0.3356536925
v 45.42453384 44.49010468 1171.801636
vn -0.39547351 -0.8724767566 -0.2870278358
v 45.29197311 44.55303192 1171.847412
vn -0.5691286922 -0.7902813554 -0.2270417213
v 45.17948532 44.63853073 1171.89917
vn -0.7169752717 -0.6786422133 -0.1593461782
v 45.09171677 44.73970413 1171.953247
vn -0.8328965306 -0.5463238358 -0.08839476854
v 45.02999496 44.84900284 1172.006592
vn -0.9195542336 -0.3927227855 -0.01374027971
v 44.9891243 44.9759903 1172.063721
vn -0.9719404578 -0.2272938192 0.0605741404
v 44.97531509 45.11306381 1172.120605
vn -0.9896755815 -0.04610147327 0.1357089728
v 44.99131393 45.25486755 1172.174683
vn -0.968334496 0.1400003284 0.2067080289
v 45.03765106 45.39349747 1172.2229
vn -0.9072273374 0.322513938 0.2700431347
v 45.11231232 45.52190018 1172.262451
vn -0.8096199036 0.4907716811 0.3219608665
v 45.20987701 45.63270569 1172.291504
vn -0.6822812557 0.6362329721 0.3601387143
v 45.32273102 45.72113419 1172.309204
vn -0.5345793366 0.7530183196 0.3836514056
v 45.44274521 45.7855072 1172.316162
vn -0.3660514355 0.843295753 0.3935207725
v 45.58042526 45.83126831 1172.312988
vn -0.1867206693 0.9021226764 0.3889859319
v 45.72729111 45.85212708 1172.29834
vn 0.007327339612 0.929192543 0.3695233166
v 45.877491 45.84519958 1172.272095
vn 0.2044182122 0.9197877049 0.3349683285
v 46.02257156 45.80952072 1172.235229
vn 0.3952958882 0.8727705479 0.2863786221
v 46.15513229 45.74659348 1172.189453
vn 0.5689860582 0.7905681729 0.2263997942
v 46.2676239 45.66109467 1172.137695
vn 0.716838181 0.6789362431 0.1587091237
v 46.35538864 45.55992126 1172.083496
vn 0.8327474594 0.5466487408 0.08778847754
v 46.58284378 44.98340225 1172.801392
vn 0.9739354253 0.2218757719 -0.04712629318
v 46.54225922 45.10961533 1172.860596
vn 0.9219396114 0.3861865997 0.02978674136
v 46.59627914 44.84729385 1172.741943
vn 0.9911988974 0.04205102473 -0.1255248189
v 46.57984161 44.70661163 1172.684937
vn 0.9693266153 -0.1424752623 -0.2002666295
v 46.5330162 44.56920242 1172.633667
vn 0.9076288939 -0.3233255744 -0.2677131593
v 46.45783997 44.44205856 1172.59082
vn 0.8094524145 -0.4898275435 -0.3238144219
v 46.35977173 44.33247757 1172.558716
vn 0.6814562082 -0.6337351799 -0.3660562038
v 46.24644852 44.24516678 1172.538208
vn 0.5332117081 -0.7490081191 -0.3932837546
v 46.12602234 44.1817627 1172.528809
vn 0.3641808033 -0.8379120827 -0.4065411091
v 45.98795319 44.13690186 1172.529785
vn 0.1844718456 -0.8955366015 -0.4049498439
v 45.84074783 44.1167984 1172.54248
vn -0.01000347082 -0.9216346145 -0.387929827
v 45.69028473 44.12429047 1172.567383
vn -0.2074179947 -0.911506176 -0.3551538587
v 45.5450325 44.16029739 1172.603516
vn -0.3986020982 -0.8640215397 -0.3075436652
v 45.41240311 44.22329712 1172.649292
vn -0.5722513795 -0.7817622423 -0.2477420568
v 45.29994965 44.30861664 1172.701538
vn -0.7200235724 -0.6703625917 -0.179387942
v 45.21231079 44.40939713 1172.756836
vn -0.8357304931 -0.5386001468 -0.1070719436
v 45.15078735 44.51813507 1172.811646
vn -0.9220578074 -0.3858582377 -0.03037786484
v 45.11020279 44.64434814 1172.870728
vn -0.9740502834 -0.2214904726 0.04656258225
v 45.09676743 44.78045273 1172.930176
vn -0.9912867546 -0.04169855639 0.1249471456
v 45.11320496 44.92113876 1172.987305
vn -0.9693802595 0.1428895444 0.199710995
v 45.16003036 45.05854797 1173.038574
vn -0.9076763988 0.3236847222 0.2671175003
v 45.2352066 45.18569183 1173.081421
vn -0.8094205856 0.4902681708 0.3232266009
v 45.33327484 45.29527283 1173.113525
vn -0.6813986897 0.6341425776 0.3654572666
v 45.44659805 45.38258362 1173.134033
vn -0.5332486033 0.7493106127 0.3926570117
v 45.56702423 45.4459877 1173.143433
vn -0.3641600907 0.8382288814 0.4059060812
v 45.70509338 45.49084473 1173.142456
vn -0.1843390912 0.8958641291 0.4042851925
v 45.85229874 45.51094818 1173.129639
vn 0.01008344814 0.9219161868 0.3872581124
v 46.00276566 45.50345993 1173.104736
vn 0.2073773295 0.9117699265 0.3544999659
v 46.14801407 45.467453 1173.068604
vn 0.3984906971 0.8643032908 0.3068957329
v 46.28064346 45.40445328 1173.022827
vn 0.5721724033 0.7820230126 0.2471006662
v 46.39309692 45.31913376 1172.970581
vn 0.7198647857 0.6706920862 0.178792581
v 46.48073959 45.21834946 1172.915405
vn 0.8355885744 0.5389380455 0.1064776555
v 46.69669724 44.62555695 1173.62854
vn 0.9760361314 0.2152766287 -0.03177140281
v 46.65633011 44.751091 1173.689453
vn 0.9243394136 0.3786199689 0.04736577719
v 46.70984268 44.49033356 1173.566895
vn 0.9929091334 0.03670980036 -0.1130654439
v 46.69303894 44.35072327 1173.507324
vn 0.970570147 -0.1463383585 -0.1912554651
v 46.64579391 44.2145195 1173.453003
vn 0.9083922505 -0.3254379332 -0.2625142038
v 46.57016754 44.08865356 1173.407104
vn 0.8096215129 -0.4902797937 -0.3227052689
v 46.47164154 43.98034668 1173.371948
vn 0.6810638905 -0.6324779987 -0.3689492643
v 46.35788345 43.89423752 1173.348511
vn 0.5323678851 -0.7460998893 -0.3998992145
v 46.23706055 43.83189774 1173.33667
vn 0.3627963364 -0.8335177898 -0.416685611
v 46.09860229 43.78806686 1173.335205
vn 0.1827115417 -0.889791131 -0.4181964695
v 45.95105362 43.76885986 1173.345825
vn -0.01213170774 -0.9147102237 -0.4039282501
v 45.8003006 43.77707672 1173.369141
vn -0.2099203616 -0.9036387205 -0.3733235896
v 45.65483856 43.81357574 1173.404175
vn -0.4011725783 -0.8555822968 -0.3271688521
v 45.5220871 43.87681961 1173.449463
vn -0.574996531 -0.7730226517 -0.2679830492
v 45.40960312 43.96212006 1173.501831
vn -0.7226855755 -0.6617645025 -0.1994826943
v 45.3220253 44.06264496 1173.557739
vn -0.8383234143 -0.5303534865 -0.1262497753
v 45.26063156 44.17093277 1173.61377
vn -0.924443543 -0.3782918155 -0.04795254394
v 45.22026443 44.29647064 1173.674561
vn -0.9761381745 -0.2148963064 0.03120688908
v 45.20711899 44.43169022 1173.736206
vn -0.9929879904 -0.03635759279 0.1124855652
v 45.22392273 44.57130051 1173.795898
vn -0.9706155062 0.1467502266 0.1907090545
v 45.27116776 44.70750427 1173.850098
vn -0.9083969593 0.3258571625 0.2619771957
v 45.34679413 44.83337021 1173.896118
vn -0.8096472025 0.4906234741 0.3221179843
v 45.44532013 44.94167709 1173.931274
vn -0.680988729 0.6328936815 0.3683747053
v 45.55908203 45.02779007 1173.95459
vn -0.5323318839 0.7464401722 0.3993116319
v 45.67990112 45.09012985 1173.966553
vn -0.3628177643 0.8338059783 0.4160899222
v 45.81835938 45.13396072 1173.968018
vn -0.1825975776 0.8900955915 0.4175978005
v 45.96590805 45.15316391 1173.957275
vn 0.01227190904 0.9149847627 0.4033018053
v 46.11666489 45.14495087 1173.934082
vn 0.2098255008 0.9039076567 0.3727253377
v 46.26212311 45.10844803 1173.899048
vn 0.401147604 0.8558261991 0.3265610039
v 46.39487457 45.04520798 1173.85376
vn 0.5749496818 0.7732719779 0.2673635781
v 46.50735855 44.95990753 1173.80127
vn 0.722630024 0.6620125175 0.1988599002
v 46.59494019 44.85937881 1173.745361
vn 0.8382052779 0.5306784511 0.125667572
v 46.7973671 44.25286102 1174.452271
vn 0.9782105088 0.2070623189 -0.01514576934
v 46.75714874 44.37782669 1174.514526
vn 0.9268410802 0.3696341813 0.06584967673
v 46.81029129 44.11843872 1174.388794
vn 0.9946460724 0.02963493764 -0.09899977595
v 46.79319382 43.97984314 1174.326782
vn 0.9717805386 -0.1520125568 -0.1803738922
v 46.74559784 43.8448143 1174.269775
vn 0.9090518951 -0.3293662667 -0.2552302778
v 46.66958237 43.72023392 1174.220825
vn 0.8097249269 -0.4923282564 -0.3193092942
v 46.57065582 43.61323929 1174.182617
vn 0.6805244088 -0.632694304 -0.3695733249
v 46.45650101 43.52838516 1174.156494
vn 0.53126055 -0.7444995642 -0.4043299258
v 46.3353157 43.4671936 1174.141968
vn 0.3612887859 -0.8301067948 -0.4247271419
v 46.19649506 43.42449951 1174.137939
vn 0.1806960404 -0.8847621679 -0.4295868874
v 46.04860306 43.40633011 1174.146362
vn -0.01454935409 -0.9081690907 -0.4183505476
v 45.8975563 43.41541672 1174.167603
vn -0.212525174 -0.8958352804 -0.3902719915
v 45.75186157 43.45257187 1174.201294
vn -0.4040628374 -0.8467793465 -0.3459738791
v 45.6189537 43.51622009 1174.245728
vn -0.5779963136 -0.7635868788 -0.2878460586
v 45.50639725 43.60165787 1174.297974
vn -0.7255920172 -0.6521354914 -0.2196259052
v 45.41882324 43.70206833 1174.354248
vn -0.8410331607 -0.5209278464 -0.1459364146
v 45.3575058 43.81002808 1174.411011
vn -0.9269234538 -0.3693222106 -0.06643791497
v 45.31728745 43.93499756 1174.473267
vn -0.97829777 -0.2066901624 0.01458087098
v 45.30436707 44.06941605 1174.536743
vn -0.9947136045 -0.02926823683 0.09842861444
v 45.32146072 44.20801544 1174.598877
vn -0.9718295932 0.1523777246 0.1798005849
v 45.3690567 44.34304047 1174.655762
vn -0.9089944363 0.3299070299 0.2547361255
v 45.44507599 44.46762466 1174.704712
vn -0.809707284 0.4927055538 0.3187716603
v 45.54400253 44.57461929 1174.74292
vn -0.6805414557 0.6330186129 0.3689861596
v 45.65815735 44.65947342 1174.769165
vn -0.5312516689 0.7448328137 0.4037273824
v 45.77934265 44.72066116 1174.783691
vn -0.3611676693 0.8304536343 0.4241517484
v 45.9181633 44.76335907 1174.787598
vn -0.1806295514 0.8850577474 0.4290055037
v 46.0660553 44.78152847 1174.779297
vn 0.0146196615 0.9084457159 0.4177470505
v 46.21710205 44.77244186 1174.757935
vn 0.2126729488 0.896075964 0.3896384239
v 46.36279678 44.7352829 1174.724243
vn 0.404081583 0.8470237255 0.3453533053
v 46.49570084 44.67163467 1174.67981
vn 0.5778927803 0.7638837099 0.2872657478
v 46.60825729 44.58620071 1174.627686
vn 0.7255046368 0.6524275541 0.2190464437
v 46.6958313 44.48579025 1174.571411
vn 0.8409768343 0.5211899281 0.1453238428
v 46.88624191 43.85145187 1175.305542
vn 0.9796780944 0.2005556077 0.002873914549
v 46.84611893 43.97594833 1175.368896
vn 0.9281529784 0.3623115122 0.08521974087
v 46.89899445 43.71776199 1175.240234
vn 0.9962489605 0.02422916517 -0.08307172358
v 46.88166428 43.58014297 1175.176025
vn 0.9734624624 -0.1561789662 -0.1672689766
v 46.83377457 43.44629669 1175.116455
vn 0.910741508 -0.3320868313 -0.2454959303
v 46.7574234 43.32304382 1175.064575
vn 0.8113695383 -0.4934762716 -0.313305974
v 46.65814209 43.21743393 1175.023315
vn 0.6821359992 -0.6322183609 -0.367410332
v 46.54363251 43.13394547 1174.994019
vn 0.5325703621 -0.7426210642 -0.4060575366
v 46.42211151 43.0740242 1174.976807
vn 0.3622129858 -0.8268374801 -0.4302808046
v 46.28294373 43.03261566 1174.970093
vn 0.1815425605 -0.8801272511 -0.438655138
v 46.13472748 43.01564789 1174.97583
vn -0.01401507203 -0.9023444653 -0.4307877421
v 45.98338318 43.02579117 1174.994995
vn -0.2122413367 -0.8890509009 -0.4056379497
v 45.83744812 43.06379318 1175.026855
vn -0.4040458798 -0.8393383622 -0.3636730313
v 45.70436478 43.12802887 1175.070068
vn -0.5783878565 -0.7557336092 -0.3071388304
v 45.59170151 43.21377182 1175.121826
vn -0.726393044 -0.6441310048 -0.2396839112
v 45.50409317 43.31420898 1175.178101
vn -0.8421081901 -0.5131220818 -0.1660106182
v 45.44280624 43.42195892 1175.235474
vn -0.9282191396 -0.362003535 -0.08580609411
v 45.40268707 43.54645157 1175.298828
vn -0.9797493219 -0.2001984417 -0.003438637359
v 45.38993454 43.68014145 1175.364136
vn -0.9963046312 -0.02383371629 0.08251661062
v 45.40726471 43.81776047 1175.428345
vn -0.9735126495 0.1565043181 0.166671738
v 45.4551506 43.95160675 1175.488037
vn -0.910708487 0.3325686157 0.2449656278
v 45.53150177 44.07486343 1175.539795
vn -0.8112714291 0.4939699769 0.3127816021
v 45.6307869 44.18046951 1175.581055
vn -0.6820558906 0.6326085925 0.3668870628
v 45.74529648 44.26395798 1175.610352
vn -0.5325416327 0.7429562211 0.4054817855
v 45.86681747 44.32387924 1175.627563
vn -0.3621335626 0.8271878362 0.4296738207
v 46.00598145 44.36528778 1175.634277
vn -0.1813950688 0.8804550171 0.4380580187
v 46.15420151 44.38225937 1175.62854
vn 0.01393333729 0.9026249647 0.4302023649
v 46.30554199 44.37211227 1175.609497
vn 0.2123716176 0.8893036842 0.4050150812
v 46.45148087 44.33411026 1175.577515
vn 0.4041678607 0.8395596743 0.3630259931
v 46.58456421 44.26987457 1175.534302
vn 0.5783766508 0.7559990883 0.3065057993
v 46.69722748 44.18413544 1175.482544
vn 0.7263282537 0.6444250941 0.2390890121
v 46.78483582 44.08369446 1175.42627
vn 0.8420531154 0.5134025812 0.1654217541
v 46.95321655 43.46702194 1176.096313
vn 0.9815815091 0.1899196804 0.02069489099
v 46.91314697 43.59119034 1176.160522
vn 0.9304419756 0.3513205051 0.1041713804
v 46.96586227 43.33391571 1176.029785
vn 0.9976431727 0.01439972129 -0.06708764285
v 46.94837189 43.1971283 1175.963623
vn 0.9742800593 -0.1647339314 -0.1537564993
v 46.90027618 43.06433105 1175.901855
vn 0.9108964801 -0.3391091526 -0.2351011783
v 46.82367706 42.94228745 1175.84729
vn 0.81095016 -0.4985091388 -0.3063470423
v 46.72412109 42.83797836 1175.803345
vn 0.6810444593 -0.6352526546 -0.3641874194
v 46.60934067 42.75579071 1175.771362
vn 0.5312232375 -0.7434025407 -0.4063920677
v 46.48755264 42.69710159 1175.751465
vn 0.3603799343 -0.8255437613 -0.4342853725
v 46.3481102 42.65697098 1175.742065
vn 0.179040581 -0.8768447042 -0.4461925924
v 46.19962311 42.64122009 1175.745361
vn -0.01670633629 -0.8970278502 -0.4416581392
v 46.04803085 42.65247345 1175.762207
vn -0.2153110653 -0.8818633556 -0.4194736779
v 45.90188217 42.69139862 1175.792236
vn -0.4071738124 -0.8305737376 -0.379943043
v 45.76863098 42.75632477 1175.834106
vn -0.5814031959 -0.7458071709 -0.3251799345
v 45.6558609 42.84249115 1175.88501
vn -0.7292781472 -0.633402586 -0.2587557435
v 45.56819534 42.94308853 1175.941162
vn -0.8447272182 -0.5020638704 -0.1853856146
v 45.50690842 43.05075836 1175.998779
vn -0.9304919839 -0.3510124087 -0.1047613919
v 45.46683884 43.17492676 1176.062988
vn -0.981636703 -0.1895709932 -0.02126530185
v 45.45419312 43.30803299 1176.129517
vn -0.9976855516 -0.01402631309 0.06653415412
v 45.4716835 43.4448204 1176.195679
vn -0.9743033051 0.1651102901 0.1532046944
v 45.51977921 43.57761765 1176.257568
vn -0.9108916521 0.3394986987 0.2345571369
v 45.59637833 43.69966125 1176.312012
vn -0.8108209968 0.4990290701 0.3058420122
v 45.6959343 43.80397034 1176.355957
vn -0.6809617877 0.6356742382 0.3636060655
v 45.81071472 43.88615799 1176.387939
vn -0.5311223865 0.743783772 0.405825913
v 45.93250275 43.94484329 1176.407837
vn -0.3602727056 0.8259034157 0.4336901009
v 46.07194519 43.98497772 1176.417236
vn -0.1789295226 0.8771839738 0.4455698431
v 46.22043228 44.00072861 1176.41394
vn 0.01681827381 0.8973277807 0.441044271
v 46.37202454 43.98947525 1176.397095
vn 0.2153665423 0.8821427822 0.4188572168
v 46.51817322 43.95055008 1176.367065
vn 0.4072783589 0.830809474 0.3793151677
v 46.65142441 43.88562393 1176.325195
vn 0.5814215541 0.7460575104 0.3245723546
v 46.7641983 43.79945755 1176.274292
vn 0.7292643189 0.633674562 0.2581280172
v 46.85186005 43.69886017 1176.21814
vn 0.8446905017 0.5023524761 0.1847698987
v 47.00566483 43.0581398 1176.915283
vn 0.9826600552 0.1811560243 0.03951816633
v 46.96561432 43.18208694 1176.97998
vn 0.9314699173 0.3421543837 0.1236696467
v 47.0182457 42.92553329 1176.847534
vn 0.9987440705 0.006370877381 -0.04969577491
v 47.00064087 42.78952408 1176.779785
vn 0.9753713012 -0.1716694832 -0.1384934187
v 46.95238876 42.65774536 1176.715698
vn 0.9119277596 -0.3446998298 -0.2226427794
v 46.87559509 42.53692245 1176.658691
vn 0.8118813038 -0.5025317073 -0.2971709967
v 46.7758255 42.43394852 1176.611816
vn 0.6818936467 -0.6375353336 -0.3585661352
v 46.66081619 42.35312653 1176.577026
vn 0.5317668915 -0.7440489531 -0.4044936299
v 46.53881073 42.29576111 1176.554443
vn 0.3607909381 -0.8244077563 -0.436098367
v 46.39913559 42.25701523 1176.542236
vn 0.1792442799 -0.8740139008 -0.4516317248
v 46.2504158 42.24262238 1176.542847
vn -0.01666429825 -0.8925255537 -0.4506888688
v 46.09860229 42.25513458 1176.557129
vn -0.2154468 -0.8758564591 -0.4318079948
v 45.95225906 42.29514313 1176.585083
vn -0.4076576233 -0.8232440352 -0.3950753212
v 45.81885147 42.36092377 1176.625366
vn -0.581995666 -0.7375394106 -0.342515111
v 45.70596695 42.44766998 1176.675171
vn -0.7300077081 -0.6245423555 -0.2775529623
v 45.61823654 42.54856491 1176.730713
vn -0.8456279635 -0.4928872585 -0.2048791349
v 45.55692673 42.65627289 1176.788452
vn -0.9315046072 -0.3418439925 -0.124265261
v 45.51687622 42.78022003 1176.853149
vn -0.9826993346 -0.1808169037 -0.04009080678
v 45.50429535 42.91282654 1176.920898
vn -0.9987739325 -0.005997738801 0.04913905635
v 45.52190018 43.04883957 1176.988647
vn -0.975374341 0.1720802635 0.1379612833
v 45.5701561 43.18061447 1177.052734
vn -0.911903739 0.3451099992 0.2221049666
v 45.64694977 43.30143738 1177.109741
vn -0.8117887378 0.5029839277 0.2966583967
v 45.74671936 43.40441132 1177.156616
vn -0.6817660332 0.6379682422 0.3580385447
v 45.86172485 43.48523331 1177.191406
vn -0.5316656232 0.7444318533 0.4039219022
v 45.98373413 43.54259872 1177.213989
vn -0.3607254326 0.8247495294 0.4355058372
v 46.12340927 43.5813446 1177.226196
vn -0.1791097373 0.8743524551 0.4510293305
v 46.27212906 43.59573746 1177.225586
vn 0.01685757749 0.89282763 0.4500828981
v 46.42393875 43.58322906 1177.211304
vn 0.21557118 0.8761349916 0.4311803877
v 46.57028198 43.54321671 1177.18335
vn 0.4076998532 0.8235228062 0.3944503367
v 46.70369339 43.47743607 1177.143066
vn 0.5820406675 0.7377930284 0.3418919146
v 46.81657791 43.39068985 1177.093262
vn 0.7300176024 0.6248021722 0.2769413888
v 46.9043045 43.28979492 1177.03772
vn 0.8456295133 0.4931420982 0.2042586058
v 47.03970718 42.64037323 1177.733276
vn 0.9834634662 0.1712998152 0.05878772959
v 46.99965668 42.76422119 1177.79834
vn 0.9322996736 0.3320782185 0.1433226764
v 47.05225754 42.50815201 1177.664673
vn 0.9994974732 -0.002897322644 -0.03156584501
v 47.03458405 42.37281799 1177.595459
vn 0.9760403037 -0.1799924076 -0.1222620904
v 46.98622894 42.24198532 1177.529419
vn 0.9125061035 -0.3516690731 -0.2089532018
v 46.90930939 42.12232971 1177.469971
vn 0.8122816086 -0.5079796314 -0.2866274118
v 46.80939102 42.02066422 1177.420532
vn 0.6822066903 -0.6411545277 -0.3514468372
v 46.6942215 41.9412117 1177.382935
vn 0.5319172144 -0.7458567619 -0.4009510875
v 46.57205963 41.88518906 1177.357666
vn 0.3607772589 -0.8243107796 -0.4362929761
v 46.43220901 41.84788132 1177.342651
vn 0.1790837944 -0.872017324 -0.4555378854
v 46.28331757 41.83491516 1177.340454
vn -0.01696338877 -0.8886362314 -0.4582989216
v 46.13133621 41.84878159 1177.352051
vn -0.2158204913 -0.8702192903 -0.4428768158
v 45.98484039 41.88999176 1177.377686
vn -0.4082541764 -0.816023469 -0.4091873169
v 45.85130692 41.95675659 1177.416138
vn -0.5827089548 -0.7290459871 -0.359085232
v 45.73832321 42.04421616 1177.4646
vn -0.730760932 -0.615172267 -0.2958909869
v 45.65052795 42.14554214 1177.519531
vn -0.8464275002 -0.4829975963 -0.2242182642
v 45.58918762 42.25340652 1177.576904
vn -0.932289958 -0.3318416476 -0.1439325511
v 45.5491333 42.37725449 1177.641968
vn -0.9834870696 -0.1709678173 -0.05935602263
v 45.53658295 42.50947952 1177.710571
vn -0.9995138049 0.003250334878 0.0310087949
v 45.55425644 42.64481354 1177.779907
vn -0.9760403037 0.1803651303 0.1217117533
v 45.60261154 42.7756424 1177.845947
vn -0.912466526 0.3520869911 0.2084217072
v 45.6795311 42.89530182 1177.905396
vn -0.812202692 0.5084056258 0.286095351
v 45.77944946 42.9969635 1177.954834
vn -0.6820271611 0.641623795 0.3509385288
v 45.89461899 43.07641602 1177.99231
vn -0.5317007899 0.746286869 0.4004374743
v 46.01678085 43.13243866 1178.017578
vn -0.3607518971 0.8246086836 0.4357506037
v 46.15663147 43.1697464 1178.032715
vn -0.1790426522 0.8723197579 0.4549746811
v 46.30552292 43.18271255 1178.034912
vn 0.01725452021 0.8889403939 0.4576978087
v 46.45750427 43.16884613 1178.023193
vn 0.2160821408 0.8704711795 0.4422537982
v 46.60400009 43.12763596 1177.997559
vn 0.4082799554 0.8163070679 0.4085954428
v 46.73753357 43.06087112 1177.959229
vn 0.5827028155 0.7293374538 0.3585028946
v 46.85051727 42.97341156 1177.910767
vn 0.7308226228 0.6153997183 0.2952651083
v 46.93831253 42.87208557 1177.855835
vn 0.8464404345 0.4832536876 0.2236168683
v 47.05469894 42.21523666 1178.550781
vn 0.983813107 0.1612554044 0.07815650105
v 47.01463318 42.33909988 1178.615967
vn 0.9326279163 0.3220163286 0.1628207862
v 47.06724167 42.0832901 1178.481567
vn 0.9998370409 -0.01249329746 -0.01303304452
v 47.04954147 41.9485321 1178.411133
vn 0.9763628244 -0.1887427568 -0.105317764
v 47.00113678 41.81856155 1178.343262
vn 0.9127876759 -0.3592418134 -0.1943296194
v 46.92414474 41.70001221 1178.281616
vn 0.8125226498 -0.5140470266 -0.2748864591
v 46.82414246 41.59962082 1178.229614
vn 0.6823722124 -0.6455317736 -0.3430115283
v 46.70888138 41.52152634 1178.189331
vn 0.5320206881 -0.748421967 -0.3960032165
v 46.58662033 41.46685791 1178.161499
vn 0.360810101 -0.8249682188 -0.435021311
v 46.44666672 41.43101883 1178.143555
vn 0.179165408 -0.8707482815 -0.4579270482
v 46.29766464 41.41953659 1178.138428
vn -0.01700412109 -0.8854401708 -0.4644421935
v 46.14557648 41.43483353 1178.147339
vn -0.2159862071 -0.8651676178 -0.4525869191
v 45.99897766 41.47734451 1178.170532
vn -0.408410579 -0.8093328476 -0.4221150577
v 45.86535263 41.54520416 1178.206909
vn -0.5829588175 -0.72095263 -0.3746817112
v 45.75229645 41.63349915 1178.253906
vn -0.731000185 -0.6060944796 -0.3135094941
v 45.6644516 41.73537064 1178.307739
vn -0.8467684984 -0.4731737375 -0.2430837452
v 45.60308075 41.84350967 1178.364868
vn -0.9326171279 -0.3217458129 -0.1634164304
v 45.56301117 41.96737289 1178.429932
vn -0.9838171601 -0.1609465331 -0.0787403658
v 45.55046844 42.09932327 1178.499268
vn -0.9998396635 0.01284801308 0.01247241255
v 45.56816864 42.23407745 1178.569702
vn -0.9763458371 0.1891314685 0.1047765464
v 45.61657715 42.364048 1178.637573
vn -0.9127365351 0.3596580327 0.1937992573
v 45.69356537 42.48259735 1178.699219
vn -0.8124335408 0.5144668818 0.274363935
v 45.79357147 42.58298874 1178.751221
vn -0.6822462082 0.6459429264 0.3424876928
v 45.90882874 42.66108322 1178.791504
vn -0.5318392515 0.7488400936 0.3954561353
v 46.03108978 42.71575165 1178.819336
vn -0.360648483 0.8253394365 0.4344508052
v 46.17104721 42.75159073 1178.83728
vn -0.1790417582 0.8710654974 0.4573717713
v 46.32004929 42.76307297 1178.842407
vn 0.01719814166 0.8857316375 0.4638789296
v 46.47213745 42.74777603 1178.833496
vn 0.2162096053 0.8654240966 0.4519895315
v 46.61873245 42.70526886 1178.810303
vn 0.4085583091 0.8095729351 0.4215112627
v 46.75235748 42.6374054 1178.773926
vn 0.583024621 0.7212077975 0.3740876913
v 46.86541367 42.54911041 1178.726929
vn 0.7311186194 0.6062756777 0.3128823638
v 46.95325851 42.44723892 1178.672974
vn 0.846784234 0.4734499156 0.2424904704
v 47.05018234 41.78530502 1179.366089
vn 0.9837055206 0.1510046571 0.09757591039
v 47.01010132 41.90929413 1179.43103
vn 0.9325299859 0.3118391037 0.1820555329
v 47.0627327 41.65352631 1179.296387
vn 0.9997308254 -0.02246255241 0.005809844472
v 47.04502869 41.51924896 1179.224854
vn 0.9762592912 -0.1980127543 -0.08779927343
v 46.99661636 41.39005661 1179.155396
vn 0.9126982093 -0.3674144149 -0.1788536459
v 46.91960526 41.27254105 1179.091675
vn 0.8124153614 -0.5208479166 -0.2621044219
v 46.81957626 41.17337799 1179.037231
vn 0.6822881103 -0.6506726146 -0.3333287835
v 46.70428848 41.09661102 1178.994385
vn 0.5320197344 -0.7517526746 -0.3896446228
v 46.5819931 41.04328918 1178.963867
vn 0.3607772887 -0.8264128566 -0.4322980046
v 46.44200134 41.00893021 1178.943115
vn 0.179157421 -0.8702418208 -0.4588918984
v 46.29295731 40.99896622 1178.935181
vn -0.01706423983 -0.8829292655 -0.4691958725
v 46.14082336 41.01575089 1178.941284
vn -0.2159412652 -0.8607270718 -0.4609970152
v 45.9941864 41.05963516 1178.961914
vn -0.4083931744 -0.8030934334 -0.4338846803
v 45.86051941 41.12868118 1178.996094
vn -0.5828412175 -0.7132534385 -0.3893143833
v 45.74742889 41.21791077 1179.041382
vn -0.7309098244 -0.5971853137 -0.3303642273
v 45.65955734 41.32043076 1179.094116
vn -0.8466556668 -0.4634753466 -0.261466682
v 45.5981636 41.42894363 1179.150635
vn -0.932512641 -0.3115473688 -0.1826427132
v 45.55807877 41.55293274 1179.215576
vn -0.9836922884 -0.1507113129 -0.09816129506
v 45.54552841 41.68470764 1179.285278
vn -0.9997193813 0.02281644009 -0.00637080567
v 45.56323242 41.81898499 1179.356812
vn -0.9762285352 0.1984047145 0.08725506067
v 45.61164856 41.94818115 1179.42627
vn -0.9126337171 0.3678314984 0.1783246696
v 45.68865585 42.06569672 1179.48999
vn -0.8123437166 0.5212349892 0.2615563869
v 45.78868484 42.16485977 1179.544434
vn -0.6821458936 0.6510874033 0.3328095376
v 45.90397644 42.24162674 1179.58728
vn -0.531875968 0.7521235347 0.3891248405
v 46.02626801 42.29494858 1179.617798
vn -0.3606042266 0.8267763257 0.4317470193
v 46.16626358 42.32930756 1179.63855
vn -0.1788922995 0.8705989122 0.4583176374
v 46.31530762 42.33927155 1179.646484
vn 0.01728171855 0.8832392693 0.4686039984
v 46.46743774 42.32248306 1179.640381
vn 0.2161431015 0.8609920144 0.4604072869
v 46.61407852 42.2786026 1179.619751
vn 0.4085026383 0.8033619523 0.4332842231
v 46.7477417 42.20955658 1179.585571
vn 0.5829757452 0.713478446 0.388700217
v 46.86083221 42.120327 1179.540283
vn 0.7310246825 0.59739393 0.3297322392
v 46.94870377 42.01780319 1179.487549
vn 0.8466930985 0.4637503326 0.2608571053
v 47.02574539 41.35148239 1180.180298
vn 0.9831234217 0.1406224817 0.1170200333
v 46.98565674 41.47568893 1180.245117
vn 0.9319785833 0.3016401529 0.2010701001
v 47.03830719 41.21977615 1180.110352
vn 0.9991551638 -0.03265475109 0.02495274134
v 47.02062225 41.08588028 1180.037964
vn 0.9757154584 -0.2076400369 -0.06974922121
v 46.972229 40.95737457 1179.967163
vn 0.9122120142 -0.3760594428 -0.1626300216
v 46.89524841 40.84082413 1179.901489
vn 0.8120005727 -0.5281711221 -0.2483754158
v 46.79524612 40.74283218 1179.844849
vn 0.6819153428 -0.6564420462 -0.3226071
v 46.67998886 40.66735458 1179.799561
vn 0.5317227244 -0.7557873726 -0.3821732998
v 46.557724 40.61536026 1179.766479
vn 0.3607604504 -0.8284982443 -0.4283019602
v 46.41776276 40.58247757 1179.74292
vn 0.179292351 -0.8703984618 -0.4585420489
v 46.26874542 40.57404709 1179.731934
vn -0.01688016765 -0.8810699582 -0.4726846218
v 46.116642 40.59236145 1179.735229
vn -0.2156967968 -0.8568694592 -0.4682410061
v 45.97002792 40.63766861 1179.753174
vn -0.408061564 -0.7973659635 -0.444627136
v 45.83638 40.70797348 1179.785156
vn -0.5824640393 -0.7058750987 -0.4030830562
v 45.72330093 40.79822159 1179.828613
vn -0.7303858995 -0.5885791183 -0.3465704024
v 45.6354332 40.90148163 1179.880005
vn -0.8460816741 -0.4539510608 -0.2794175744
v 45.57403946 41.01045609 1179.935791
vn -0.9319446683 -0.3013513386 -0.2016593069
v 45.53395081 41.13466644 1180.000488
vn -0.9830909371 -0.1403613389 -0.1176047847
v 45.52139282 41.26636887 1180.070435
vn -0.9991300106 0.03300251067 -0.02549723536
v 45.53907776 41.40026474 1180.142822
vn -0.9756757617 0.2080074102 0.06920786202
v 45.58746719 41.52877045 1180.213623
vn -0.9121303558 0.3764768839 0.1621215641
v 45.6644516 41.64532089 1180.279297
vn -0.8119309545 0.5285325646 0.2478335649
v 45.76445007 41.74331665 1180.33606
vn -0.6818332076 0.6567953825 0.3220610321
v 45.87971115 41.81879044 1180.381348
vn -0.5316046476 0.7561388016 0.3816419542
v 46.0019722 41.87078476 1180.414429
vn -0.3605736792 0.8288428783 0.4277921021
v 46.14193726 41.90366745 1180.437988
vn -0.178888306 0.8707487583 0.4580345154
v 46.29095078 41.91209793 1180.448853
vn 0.01717184298 0.881367147 0.4721198082
v 46.4430542 41.89378357 1180.445557
vn 0.2159150243 0.8571380973 0.4676482975
v 46.58967209 41.84847641 1180.427612
vn 0.408134371 0.7976603508 0.444031924
v 46.72332001 41.77817154 1180.395752
vn 0.5825260878 0.7061644197 0.4024862647
v 46.83639526 41.68792343 1180.352295
vn 0.7305848002 0.5887187123 0.34591344
v 46.924263 41.58466339 1180.300781
vn 0.8461200595 0.4542348385 0.2788395584
v 46.98107529 40.91521835 1180.993286
vn 0.9820786119 0.1303028017 0.1361720115
v 46.94100189 41.0397377 1181.057617
vn 0.9309225082 0.2917489409 0.2196949422
v 46.99364471 40.78349304 1180.923218
vn 0.9981093407 -0.04288121685 0.04403334111
v 46.9759903 40.6498909 1180.85022
vn 0.9747196436 -0.2174094617 -0.05152449012
v 46.92764664 40.52198792 1180.778198
vn 0.9113002419 -0.3849788308 -0.1460245699
v 46.8507309 40.40631866 1180.710693
vn 0.8112703562 -0.5358046889 -0.2339953035
v 46.75080872 40.30942535 1180.651855
vn 0.6813211441 -0.6626091599 -0.3110476136
v 46.63563919 40.23518753 1180.604126
vn 0.5312424302 -0.7603077292 -0.3737828732
v 46.51346207 40.18448639 1180.568726
vn 0.3603952229 -0.8311803341 -0.4233846366
v 46.37359619 40.15306473 1180.542358
vn 0.1791890115 -0.871142149 -0.4571681023
v 46.22468567 40.14616394 1180.528564
vn -0.01674400084 -0.8797913194 -0.4750651717
v 46.07268143 40.16601181 1180.529053
vn -0.2153925449 -0.8535687923 -0.4743694365
v 45.92615891 40.21278 1180.544312
vn -0.4074712992 -0.7921967506 -0.4543032348
v 45.79259109 40.28439331 1180.573853
vn -0.581695497 -0.699039042 -0.4159023464
v 45.67958069 40.37572098 1180.615356
vn -0.7295808196 -0.5802698731 -0.3619374633
v 45.59175873 40.47979355 1180.665405
vn -0.8451203704 -0.4446837306 -0.2966950834
v 45.53039169 40.58930206 1180.720215
vn -0.9309080839 -0.2913986742 -0.2202202827
v 45.4903183 40.71382141 1180.784546
vn -0.982029736 -0.1300488561 -0.1367658526
v 45.47774887 40.84554672 1180.854492
vn -0.9980704188 0.04323134944 -0.04456951097
v 45.49540329 40.97914886 1180.927612
vn -0.974666059 0.2177740484 0.05099568889
v 45.54374695 41.10705185 1180.999634
vn -0.9112004042 0.3854013681 0.14553231
v 45.62066269 41.2227211 1181.067017
vn -0.8111081123 0.5362557769 0.2335238159
v 45.72058487 41.3196106 1181.125854
vn -0.6811919808 0.6629827619 0.3105339706
v 45.83575821 41.39384842 1181.173584
vn -0.5311611891 0.7606408 0.3732202947
v 45.95793152 41.44455338 1181.209106
vn -0.3603247702 0.8315021992 0.4228121936
v 46.09779739 41.47597504 1181.235474
vn -0.1788345128 0.8714908957 0.4566419423
v 46.24670792 41.48287582 1181.249146
vn 0.01703545637 0.8800778389 0.4745237827
v 46.39871216 41.46302795 1181.248779
vn 0.2154946327 0.85384655 0.4738228619
v 46.54523468 41.41625977 1181.233521
vn 0.4076609015 0.7924262881 0.4537325203
v 46.67880249 41.34464645 1181.203979
vn 0.5818033218 0.6992830038 0.4153410494
v 46.7918129 41.25331879 1181.162476
vn 0.7297601104 0.5804402828 0.3613021374
v 46.87963486 41.14924622 1181.112305
vn 0.845213294 0.4448999763 0.2961055636
v 46.91655731 40.47796249 1181.80481
vn 0.9806526303 0.1207433641 0.1540827155
v 46.87651443 40.60286713 1181.868408
vn 0.9295812249 0.2825606763 0.2367239594
v 46.92911911 40.34612274 1181.734863
vn 0.9966849685 -0.05258439481 0.06207979098
v 46.91149521 40.2127037 1181.661377
vn 0.9733446836 -0.2268120795 -0.03400667757
v 46.86321259 40.085289 1181.588257
vn 0.9100185037 -0.3937281966 -0.1297862679
v 46.7863884 39.97039413 1181.519287
vn 0.8101366758 -0.5435301065 -0.2196670622
v 46.68658447 39.87450027 1181.458496
vn 0.6803978086 -0.6690112948 -0.2991366088
v 46.57154465 39.80141449 1181.408569
vn 0.5306318402 -0.7651772499 -0.364600718
v 46.44950485 39.75192642 1181.370728
vn 0.3599570692 -0.834403038 -0.4173756838
v 46.30979538 39.72189331 1181.341797
vn 0.1789354235 -0.8725838661 -0.4545102417
v 46.16104507 39.71646881 1181.325317
vn -0.01674461737 -0.8793001771 -0.4759735465
v 46.00920868 39.7378273 1181.322998
vn -0.2150308937 -0.8511496782 -0.4788589776
v 45.86284256 39.78604507 1181.335571
vn -0.4068639278 -0.7879083753 -0.4622359872
v 45.72941971 39.85897827 1181.362793
vn -0.5808452964 -0.693081677 -0.4269151092
v 45.61652374 39.95141983 1181.402222
vn -0.7284699082 -0.5729680657 -0.37555179
v 45.52879333 40.05635834 1181.450806
vn -0.8439114094 -0.4362112582 -0.3123032153
v 45.46748352 40.16646576 1181.504639
vn -0.9295268655 -0.2822543681 -0.2373020351
v 45.42744446 40.29137039 1181.568237
vn -0.9806034565 -0.1204129979 -0.1546528935
v 45.41487885 40.42321014 1181.638184
vn -0.9966302514 0.05296713114 -0.06263110787
v 45.43250656 40.55662918 1181.711792
vn -0.9732713699 0.2272058427 0.03347222134
v 45.48078918 40.68404388 1181.78479
vn -0.9099027514 0.3941631615 0.1292763948
v 45.55761337 40.79893875 1181.85376
vn -0.8099884987 0.5439519286 0.2191687077
v 45.65741348 40.89483261 1181.914551
vn -0.6802349091 0.6694022417 0.2986321151
v 45.77245712 40.9679184 1181.964478
vn -0.5304585695 0.7655356526 0.3641000688
v 45.8944931 41.01740646 1182.002319
vn -0.3598326445 0.834723115 0.4168426096
v 46.03420258 41.04743958 1182.03125
vn -0.1786572188 0.8729126453 0.4539880455
v 46.18295288 41.05286026 1182.047729
vn 0.01696386747 0.8795995116 0.4754123688
v 46.33479309 41.03150558 1182.050049
vn 0.2152274102 0.8514201045 0.4782896042
v 46.4811554 40.98328781 1182.037476
vn 0.4069885015 0.7881770134 0.4616680741
v 46.61458206 40.91035461 1182.010254
vn 0.5809769034 0.6933267713 0.4263376594
v 46.72747803 40.81791306 1181.970825
vn 0.7285681367 0.5732140541 0.3749854863
v 46.81520844 40.71297455 1181.922241
vn 0.8440099955 0.4364586174 0.3116905093
v 46.83411407 40.04211044 1182.614136
vn 0.9790568948 0.1122072116 0.1698738337
v 46.79413986 40.16749573 1182.677124
vn 0.9281080365 0.2745661736 0.2514535189
v 46.84664536 39.91003036 1182.544556
vn 0.9950319529 -0.06138898432 0.0783758834
v 46.82902527 39.77664185 1182.470947
vn 0.9717002511 -0.2355408072 -0.01786396652
v 46.78078842 39.64953613 1182.397095
vn 0.9084499478 -0.4020190835 -0.114452295
v 46.70405197 39.53521347 1182.327026
vn 0.8086910248 -0.5510661006 -0.2057790011
v 46.6043663 39.44012451 1182.264648
vn 0.6791389585 -0.6754873395 -0.2872057557
v 46.48946381 39.36799622 1182.212891
vn 0.5296242833 -0.7703824639 -0.3549774289
v 46.36758041 39.31955338 1182.173096
vn 0.3592347801 -0.8381574154 -0.410417527
v 46.22804642 39.29074097 1182.141846
vn 0.1785605699 -0.8747830987 -0.4504116476
v 46.07949066 39.28664398 1182.122803
vn -0.01674878784 -0.8797909021 -0.4750656784
v 45.92785263 39.30938339 1182.11792
vn -0.2148569822 -0.849845171 -0.4812480509
v 45.78168488 39.3589592 1182.128052
vn -0.4062768817 -0.7849047184 -0.4678286314
v 45.64844131 39.43315506 1182.152954
vn -0.5800660849 -0.6883946061 -0.4354723692
v 45.53570557 39.52669907 1182.190552
vn -0.7273782492 -0.5669185519 -0.3866836131
v 45.44810104 39.6325264 1182.237549
vn -0.8425331116 -0.4291509688 -0.3255263269
v 45.3868866 39.74328995 1182.290161
vn -0.9280247092 -0.2742794156 -0.2520733178
v 45.34691238 39.86867523 1182.353027
vn -0.9789857864 -0.1119048893 -0.1704821736
v 45.3343811 40.00075531 1182.422607
vn -0.9949641824 0.0617611669 -0.07894220203
v 45.35200119 40.13414383 1182.496338
vn -0.9716179967 0.2359213978 0.01730820909
v 45.40023804 40.26124954 1182.57019
vn -0.9083383679 0.4024232328 0.1139165759
v 45.47697449 40.3755722 1182.640259
vn -0.8085559607 0.5514615178 0.2052499056
v 45.57666016 40.47066116 1182.702637
vn -0.6789863706 0.6758657694 0.2866757512
v 45.69156265 40.54278946 1182.754395
vn -0.5294162035 0.7707550526 0.3544787169
v 45.81344604 40.5912323 1182.794189
vn -0.3591185808 0.8384672999 0.4098859131
v 45.95298004 40.62004471 1182.825439
vn -0.1782414317 0.8751017451 0.4499188066
v 46.1015358 40.62414169 1182.84436
vn 0.01701209322 0.8800720572 0.4745353758
v 46.25317383 40.60140228 1182.849365
vn 0.214979142 0.8501386642 0.4806748033
v 46.3993454 40.55182648 1182.839111
vn 0.4064435363 0.7851697803 0.4672387838
v 46.53258514 40.47763062 1182.814331
vn 0.5801142454 0.6887307167 0.4348763525
v 46.64532089 40.38408661 1182.776733
vn 0.7274832129 0.5672012568 0.3860711157
v 46.73292542 40.27825928 1182.729736
vn 0.8426372409 0.4294093549 0.3249155879
v 46.73568344 39.60934067 1183.422363
vn 0.9773856401 0.1048542708 0.1836377978
v 46.69581604 39.73530197 1183.484253
vn 0.9265894294 0.2678952515 0.2639397085
v 46.74814224 39.47687912 1183.353394
vn 0.9932653904 -0.06922308356 0.09290889651
v 46.73048782 39.34334183 1183.279785
vn 0.9698982239 -0.2434911728 -0.003076676046
v 46.68226624 39.21633148 1183.205688
vn 0.9066870213 -0.4097727537 -0.100024499
v 46.60558319 39.10235596 1183.134888
vn 0.8070224524 -0.5583285093 -0.1923122853
v 46.50599289 39.00782776 1183.071289
vn 0.6776759028 -0.6819354296 -0.2751716375
v 46.39122009 38.93642426 1183.018188
vn 0.5283623338 -0.7758503556 -0.3448035121
v 46.26947784 38.88881302 1182.976685
vn 0.3583074212 -0.8424032927 -0.4024580419
v 46.13012314 38.86101532 1182.943604
vn 0.1777015626 -0.8777184486 -0.4450083673
v 45.98176575 38.85804749 1182.922485
vn -0.01703315601 -0.881233871 -0.4723735452
v 45.83034134 38.88199997 1182.915283
vn -0.2148013711 -0.8497154117 -0.4815018773
v 45.68439102 38.93280411 1182.923218
vn -0.4058839381 -0.7831684351 -0.4710683823
v 45.55136108 39.00818253 1182.945923
vn -0.579251945 -0.6851996779 -0.44155249
v 45.43881607 39.10279083 1182.981567
vn -0.7263117433 -0.5623255372 -0.395298928
v 45.35137558 39.20951843 1183.026978
vn -0.8412396312 -0.4233767986 -0.3362558484
v 45.29029083 39.32099152 1183.078369
vn -0.9265083075 -0.2676080763 -0.2645152211
v 45.25042343 39.44694901 1183.140381
vn -0.9773148298 -0.1045299098 -0.1841987371
v 45.23796463 39.57941055 1183.209351
vn -0.9931900501 0.06953036785 -0.09348281473
v 45.25561523 39.71294785 1183.282959
vn -0.9698165059 0.243822813 0.002522781491
v 45.30384064 39.83995819 1183.357056
vn -0.9065881371 0.410122931 0.09948434681
v 45.38051987 39.95393372 1183.427856
vn -0.8069068789 0.5586788654 0.1917790174
v 45.48011398 40.04846191 1183.491455
vn -0.677534163 0.6822844148 0.2746550739
v 45.59488678 40.11986542 1183.544556
vn -0.5281342864 0.7762235999 0.3443124294
v 45.71662903 40.16747665 1183.585938
vn -0.358150661 0.8427294493 0.4019143879
v 45.85598373 40.19527817 1183.619141
vn -0.1776437759 0.8780198097 0.4444365799
v 46.00434113 40.19824219 1183.640259
vn 0.01741299406 0.8815003633 0.4718621373
v 46.15576553 40.1742897 1183.647339
vn 0.2149150372 0.8499841094 0.4809766114
v 46.30171585 40.12348557 1183.639526
vn 0.405990392 0.7834353447 0.4705325067
v 46.43474579 40.04810715 1183.616821
vn 0.5793440938 0.6854785681 0.4409983456
v 46.5472908 39.95349884 1183.581177
vn 0.726428628 0.5625830293 0.3947173953
v 46.63473129 39.84677124 1183.535767
vn 0.841384232 0.4235899746 0.335624963
v 46.62315369 39.18132019 1184.22998
vn 0.9757682681 0.09856261313 0.1953501701
v 46.58343506 39.30794525 1184.290771
vn 0.9252158999 0.2623660862 0.2741159797
v 46.63549805 39.04835129 1184.161865
vn 0.991476357 -0.07609544694 0.1057548448
v 46.61776733 38.91449738 1184.088745
vn 0.9680038095 -0.2507210672 0.01037413906
v 46.56951523 38.78739929 1184.014771
vn 0.9047704935 -0.4170282185 -0.08647470921
v 46.49285126 38.67355347 1183.943481
vn 0.8051632643 -0.5653208494 -0.1792330891
v 46.39332199 38.57937241 1183.879272
vn 0.6759123802 -0.6884227991 -0.2630902529
v 46.27864838 38.5084877 1183.825073
vn 0.5267509222 -0.7816042304 -0.3341081738
v 46.15703583 38.46152115 1183.782349
vn 0.3570767045 -0.8471665382 -0.3934527338
v 46.01784897 38.43453979 1183.747559
vn 0.1767186821 -0.8813826442 -0.4381039739
v 45.86968994 38.43253326 1183.724731
vn -0.01788116619 -0.8835651875 -0.4679667056
v 45.71848679 38.45755005 1183.715576
vn -0.21510005 -0.8506494761 -0.4797159731
v 45.57276917 38.50947189 1183.721436
vn -0.4058522284 -0.7826142907 -0.4720157683
v 45.43997574 38.58596039 1183.742065
vn -0.5787507296 -0.6832647324 -0.4451931119
v 45.32765198 38.68161011 1183.775879
vn -0.7254940271 -0.5590355396 -0.4014196694
v 45.24040985 38.78924942 1183.81958
vn -0.8400876522 -0.4189619422 -0.3445628881
v 45.17948914 38.90147781 1183.869751
vn -0.9251066446 -0.2621499896 -0.2746909559
v 45.13977051 39.02810287 1183.930542
vn -0.9756888151 -0.09828087687 -0.1958881468
v 45.12742996 39.16106796 1183.998657
vn -0.9913973808 0.07635980844 -0.1063035578
v 45.14515686 39.29492188 1184.071777
vn -0.967926085 0.2509975731 -0.01092390995
v 45.19340897 39.42202377 1184.145752
vn -0.9046766162 0.4173398912 0.08595120907
v 45.27007294 39.53586578 1184.217041
vn -0.8050591946 0.5656375885 0.1787004322
v 45.3696022 39.63005066 1184.28125
vn -0.6757900119 0.6887464523 0.2625569403
v 45.48427582 39.70093155 1184.335449
vn -0.5266522169 0.7819027305 0.3335650265
v 45.60588837 39.7478981 1184.378174
vn -0.3568854034 0.8474810123 0.3929487467
v 45.74507523 39.77487946 1184.412964
vn -0.1765545905 0.881678462 0.4375746846
v 45.89323807 39.77688599 1184.435791
vn 0.01806023903 0.8838483095 0.4674248695
v 46.04443741 39.7518692 1184.444946
vn 0.2153487056 0.8508994579 0.4791607857
v 46.19015503 39.69994736 1184.439087
vn 0.4059078097 0.78290838 0.4714799523
v 46.32294846 39.62345886 1184.418457
vn 0.5789476037 0.6834546328 0.4446452558
v 46.43527222 39.52781296 1184.384644
vn 0.7255814672 0.5592938662 0.4009013772
v 46.52251434 39.42017365 1184.340942
vn 0.8402222395 0.4191534221 0.3440013826
v 46.49790192 38.75796509 1185.04126
vn 0.9742467999 0.09362170845 0.2051294893
v 46.45837784 38.88534164 1185.100708
vn 0.9239186645 0.2583568096 0.2821809649
v 46.51008224 38.62437439 1184.974121
vn 0.9897629619 -0.08174213022 0.1169936582
v 46.49222565 38.49006271 1184.901855
vn 0.966173172 -0.2568991482 0.02263323031
v 46.44388962 38.3626976 1184.828247
vn 0.9028950334 -0.4234964252 -0.07369739562
v 46.36719894 38.24880219 1184.756958
vn 0.8033478856 -0.5717819333 -0.1664260626
v 46.26769257 38.15477753 1184.692261
vn 0.6741967201 -0.69466573 -0.2507953346
v 46.15308762 38.08423615 1184.637329
vn 0.5251265764 -0.7874251604 -0.3228059411
v 46.03157806 38.03774643 1184.59375
vn 0.3555623591 -0.8523316979 -0.383544147
v 45.89253998 38.01142883 1184.557739
vn 0.17569004 -0.885666132 -0.42980057
v 45.74456787 38.01023483 1184.533203
vn -0.01853577234 -0.8868332505 -0.4617176652
v 45.59358978 38.03619385 1184.522217
vn -0.215441674 -0.8527233601 -0.4758653045
v 45.4481163 38.08914185 1184.526123
vn -0.4059416354 -0.7833383679 -0.470735997
v 45.31557846 38.16669083 1184.544922
vn -0.5784439445 -0.682677865 -0.4464902878
v 45.20351028 38.26335907 1184.576782
vn -0.724793911 -0.5572103262 -0.4052042067
v 45.11649704 38.37193298 1184.618896
vn -0.8390533924 -0.4160141349 -0.3506017923
v 45.05578232 38.48497009 1184.66748
vn -0.9237824678 -0.2582057416 -0.2827644348
v 45.01625824 38.61234665 1184.726929
vn -0.9741501212 -0.09339570999 -0.2056910545
v 45.00407791 38.74593735 1184.794067
vn -0.9896780252 0.08197976649 -0.1175445467
v 45.02193451 38.88025284 1184.866333
vn -0.9660934806 0.257149756 -0.02318143472
v 45.07027054 39.00761795 1184.940063
vn -0.9028081298 0.4237749875 0.07315897197
v 45.14696121 39.12150955 1185.01123
vn -0.8032286763 0.5720986128 0.165912196
v 45.24646759 39.21553421 1185.075928
vn -0.6740926504 0.6949595809 0.2502604425
v 45.36107254 39.28607559 1185.130859
vn -0.5250861049 0.7876924872 0.3222190142
v 45.48258209 39.33256531 1185.174561
vn -0.3555340469 0.852603972 0.3829647899
v 45.62162018 39.35888672 1185.210571
vn -0.1754239798 0.8859627843 0.4292975068
v 45.76959229 39.3600769 1185.234985
vn 0.01882846281 0.887088716 0.461214751
v 45.92057419 39.33411789 1185.245972
vn 0.215623185 0.8529804349 0.4753220379
v 46.06604385 39.28116989 1185.242065
vn 0.4060047865 0.7836436033 0.4701732099
v 46.1985817 39.20362473 1185.223389
vn 0.5786029696 0.6829079986 0.4459318817
v 46.31065369 39.10695267 1185.191406
vn 0.7249401808 0.5574272871 0.404643774
v 46.39766312 38.99837875 1185.149414
vn 0.8391781449 0.4162259698 0.3500513732
v 46.36327362 38.3458252 1185.84729
vn 0.9729380012 0.08930550516 0.2131106555
v 46.32398605 38.4740181 1185.905273
vn 0.9229920506 0.2550297678 0.2881761491
v 46.37523651 38.2115097 1185.781494
vn 0.9881210327 -0.08698616922 0.1266895533
v 46.35719681 38.07661057 1185.710205
vn 0.9642502069 -0.2628389001 0.03372299299
v 46.30872726 37.94883347 1185.637329
vn 0.9007642269 -0.4299088418 -0.06166233122
v 46.23195267 37.83472824 1185.566284
vn 0.8011044264 -0.5783901811 -0.1539368331
v 46.13241959 37.74069977 1185.501587
vn 0.6719333529 -0.7012088895 -0.2383518815
v 46.01784134 37.67034149 1185.446167
vn 0.5229974985 -0.7936378717 -0.3108256161
v 45.89640427 37.62418747 1185.401855
vn 0.3534987569 -0.8580529094 -0.3725369871
v 45.75748444 37.59838104 1185.364746
vn 0.1737670451 -0.8906578422 -0.4201590717
v 45.60968399 37.59787369 1185.338989
vn -0.02020109631 -0.8908614516 -0.4538257122
v 45.45891953 37.62466812 1185.326416
vn -0.2166404426 -0.8556535244 -0.4700254798
v 45.31369781 37.67855453 1185.328491
vn -0.4066173434 -0.7850705385 -0.4672543108
v 45.18143082 37.75710678 1185.345337
vn -0.5788266063 -0.6829916835 -0.445513308
v 45.06963348 37.8547821 1185.375366
vn -0.7246592641 -0.5562800169 -0.4067203999
v 44.98289108 37.96430206 1185.415649
vn -0.8385407329 -0.4138016105 -0.3544258773
v 44.92241669 38.07818604 1185.462769
vn -0.9228397608 -0.2548892498 -0.2887876034
v 44.88312912 38.20637894 1185.520752
vn -0.9728360772 -0.08907889575 -0.21367006
v 44.87116623 38.34069443 1185.586548
vn -0.9880290627 0.08719358593 -0.1272628009
v 44.88920593 38.47559738 1185.657837
vn -0.9641695023 0.2630618513 -0.03428716958
v 44.93767548 38.60337067 1185.730835
vn -0.9006912112 0.4301412702 0.06110495701
v 45.01445007 38.71747589 1185.801758
vn -0.8009780645 0.5787010193 0.1534251273
v 45.11398315 38.81150436 1185.866455
vn -0.6718463898 0.7014736533 0.2378175855
v 45.2285614 38.88186264 1185.921875
vn -0.5229000449 0.7939085364 0.3102978468
v 45.34999847 38.92802048 1185.966187
vn -0.3534850776 0.8582995534 0.371981442
v 45.4889183 38.95382309 1186.003296
vn -0.173622638 0.8909383416 0.419623673
v 45.63671875 38.95433044 1186.029053
vn 0.02041647583 0.8911301494 0.4532882571
v 45.78748322 38.92753983 1186.041626
vn 0.2168110311 0.8558987379 0.469500035
v 45.93270493 38.8736496 1186.039551
vn 0.4068036377 0.7852985859 0.4667086303
v 46.06497192 38.79509735 1186.022705
vn 0.5789563656 0.6832522154 0.4449448287
v 46.17676926 38.69742203 1185.992676
vn 0.7248904705 0.5564212799 0.4061146975
v 46.26351166 38.58790207 1185.952393
vn 0.8386289477 0.4140880406 0.3538821936
v 45.87230682 37.26252747 1186.263672
vn 0.520813942 -0.7999651432 -0.2980077863
v 45.7509079 37.21657944 1186.218872
vn 0.3513771296 -0.8641055226 -0.3603550494
v 45.61207962 37.19116592 1186.18103
vn 0.1718818098 -0.8961965442 -0.4090090096
v 45.46443176 37.19123077 1186.154053
vn -0.02182938531 -0.8956567645 -0.4442098737
v 45.31387329 37.21876907 1186.140015
vn -0.2179266363 -0.8594903946 -0.4623680413
v 45.16890335 37.27353668 1186.140381
vn -0.4074451327 -0.7878241539 -0.4618674517
v 45.03692627 37.35306168 1186.155273
vn -0.5791937113 -0.6845751405 -0.4425963461
v 44.92543411 37.45174026 1186.18335
vn -0.7246801257 -0.5565386415 -0.4063292444
v 44.83899307 37.56223297 1186.221802
vn -0.8381202817 -0.4128717482 -0.3564986587
v 45.1028595 36.76067352 1187.11377
vn -0.3338582516 -0.8802764416 -0.3371231556
v 44.98520279 36.80529785 1187.11377
vn -0.3562586904 -0.8314204812 -0.4264032841
v 45.56921387 36.78087616 1187.11377
vn 0.008375497535 -0.0277570039 0.9995796084
v 45.43651581 36.74177933 1187.11377
vn 0.2405784875 -0.9073671103 -0.3446837664
v 44.95296097 38.24827957 1187.112305
vn -0.2576450706 0.2750289142 0.926271081
v 44.6191597 37.27178574 1187.113281
vn -0.9281768799 -0.3130277991 -0.2012492567
v 44.96103668 36.82150269 1187.113647
vn -0.5568450689 -0.830538094 -0.01140361466
v 45.33499908 37.60853195 1187.113159
vn 1.224646853e-16 0.001000014832 0.9999995232
v 44.66627884 37.14509583 1187.113525
vn -0.01128916629 -0.00336550246 0.9999306202
v 44.73921967 37.02139282 1187.113525
vn -0.1105967611 -0.06702183932 0.9916029572
v 44.83813477 36.91082001 1187.113647
vn -0.384334743 -0.3638736904 0.848459065
v 44.75002289 37.00379181 1187.113525
vn -0.6708071828 -0.6199446321 -0.4070459306
v 44.67004776 37.88244629 1187.112671
vn -0.691547513 0.1952320635 0.6954469681
v 44.67107391 37.13238907 1187.113525
vn -0.7955796123 -0.4809340835 -0.3684501052
v 44.85607529 36.89188766 1187.113647
vn -0.53436023 -0.7352865934 -0.4169086516
v 44.77584457 38.07202148 1187.112427
vn -0.7832649946 0.6090670824 0.1246321723
v 45.28354263 36.72928238 1187.11377
vn 0.04138849303 -0.920060277 -0.3895845711
v 45.90705109 38.21578217 1187.112305
vn 0.3960014284 0.3755994439 0.837918818
v 45.25711441 36.73291016 1187.11377
vn -0.06833369285 -0.4977326989 0.8646343946
v 45.97473145 38.14425659 1187.112427
vn 0.7468261719 0.5268521309 0.4058047533
v 45.13017654 36.75030899 1187.11377
vn -0.1609767079 -0.8944168687 -0.4172588587
v 45.78308487 38.31390762 1187.112183
vn 0.4383375645 0.6529722214 0.6176466942
v 45.41511536 36.74002075 1187.11377
vn 0.01616896689 -0.1980343312 0.9800617099
v 46.05394745 38.01503372 1187.112549
vn 0.8558336496 0.3783476651 0.3527063429
v 45.86848831 38.25652313 1187.112305
vn 0.5496553183 0.6949166059 0.4636485577
v 45.58278275 36.78487015 1187.11377
vn 0.4234100282 -0.8593585491 -0.2867521942
v 45.64265823 38.37997818 1187.112183
vn 0.3023440838 0.797827661 0.5215927958
v 46.00667953 38.09212494 1187.112427
vn 0.1905491799 0.1178426072 0.9745789766
v 45.73930359 38.34332275 1187.112183
vn 0.3735694289 0.7940014601 0.4795910716
v 46.07752991 37.95261765 1187.112549
vn 0.06271198392 0.02482686378 0.9977228045
v 45.44118881 38.41905594 1187.112061
vn -0.04260289297 0.8982403278 0.4374349117
v 45.7106514 36.8506012 1187.113647
vn 0.4727890491 -0.8690626621 -0.1456044167
v 45.49404526 38.41189575 1187.112061
vn 0.08883670717 0.6564661264 0.749106288
v 45.59439468 38.39829636 1187.112061
vn 0.1843872219 0.8601663709 0.4755156934
v 45.34538269 38.41091537 1187.112061
vn -0.02267983556 0.2695881128 0.9627085924
v 45.20284653 38.38042831 1187.112183
vn -0.01484648883 0.05112792924 0.9985817671
v 44.88761139 38.19747543 1187.112305
vn -0.662229836 0.7206846476 0.2050982118
v 44.74592209 38.02271652 1187.112549
vn -0.5824244022 0.2853673995 0.7611486912
v 45.28846741 38.40608978 1187.112061
vn -0.2298190147 0.8888700008 0.3963499963
v 45.07282639 38.3260231 1187.112183
vn -0.4234258533 0.8128493428 0.399983108
v 44.84197617 38.14626694 1187.112427
vn -0.4625677764 0.3417125046 0.8180853128
v 45.14250565 38.36233139 1187.112183
vn -0.4003764987 0.8494259119 0.3437648118
v 45.01266861 38.29469681 1187.112183
vn -0.5590175986 0.7806215882 0.2795160413
v 44.65509033 38.57086945 1066.253784
vn 0.959361434 0.1107392535 -0.2595427036
v 44.60764694 38.65677643 1066.154907
vn 0.9036098123 0.3581312299 -0.2350133806
v 44.6817131 38.46711349 1066.348511
vn 0.9940897226 0.05882731825 -0.09124153852
v 44.68468475 38.34875107 1066.434814
vn 0.9787864685 0.06193096563 0.1952986419
v 44.66268921 38.22186279 1066.50708
vn 0.9316711426 -0.0452751033 0.3604706526
v 44.61656189 38.09277725 1066.561646
vn 0.798251152 -0.1524582654 0.5827105045
v 44.54988098 37.9693222 1066.595825
vn 0.8373887539 -0.4593180418 0.2963224351
v 44.46827698 37.85806274 1066.609375
vn 0.6662926674 -0.5083448887 0.545563519
v 44.27161789 37.67685318 1066.580444
vn 0.4286508858 -0.764228344 0.4818853438
v 44.37815857 37.76328659 1066.60437
vn 0.5645747781 -0.674901247 0.4751459658
v 44.15481949 37.60683823 1066.536621
vn 0.339202553 -0.8874992132 0.3119083643
v 43.9104805 37.53316116 1066.393311
vn -0.04777963832 -0.9722486734 0.229018718
v 44.03218842 37.55765915 1066.473389
vn 0.02168377861 -0.8757526278 0.4822728634
v 43.79586411 37.53485107 1066.300415
vn -0.1970405281 -0.9775640368 0.07445544004
v 43.69499207 37.56175613 1066.200684
vn -0.1148173809 -0.9596073031 -0.256847769
v 43.6124115 37.61010361 1066.100342
vn -0.1328365356 -0.8979326487 -0.4196086526
v 43.55004501 37.67437744 1066.004883
vn -0.385379076 -0.8230143785 -0.4172891974
v 43.50260162 37.76028061 1065.906128
vn -0.2593953013 -0.7381876111 -0.6227303743
v 43.47598267 37.86404037 1065.811279
vn -0.3712703288 -0.6162891388 -0.694511354
v 43.4730072 37.9824028 1065.725098
vn -0.5785851479 -0.4191550314 -0.6996772885
v 43.49500656 38.10929108 1065.65271
vn -0.624532938 -0.2282763571 -0.7468925714
v 43.54113007 38.23837662 1065.598145
vn -0.677818656 0.04592841864 -0.7337931991
v 43.60781097 38.36182785 1065.564087
vn -0.318320632 -0.001056008041 -0.9479825497
v 43.68941498 38.47308731 1065.550537
vn -0.4078182876 0.2789974809 -0.8693932891
v 43.7795372 38.56786728 1065.55542
vn -0.2504775822 0.4098112583 -0.8771064281
v 43.88607788 38.65430069 1065.579346
vn -0.1027149037 0.5138390064 -0.8517153859
v 44.00287247 38.72431564 1065.623169
vn 0.1269700974 0.5086656809 -0.8515502214
v 44.24721146 38.79798889 1065.766479
vn 0.36516729 0.6894150972 -0.6255874634
v 44.12550354 38.77349091 1065.686523
vn 0.1272232533 0.7651090622 -0.6312070489
v 44.36182785 38.7963028 1065.859375
vn 0.5436695218 0.6677884459 -0.5084112883
v 44.46269989 38.76939774 1065.959106
vn 0.7471975684 0.3927661777 -0.5361254811
v 44.54528046 38.72105026 1066.059448
vn 0.8421076536 0.261698246 -0.471559912
v 46.21210861 37.66982651 1186.526123
vn 0.9624134898 -0.2679691911 0.04418971017
v 45.49407578 38.55545044 1186.829834
vn 0.02197680809 0.8959130645 0.4436855018
v 46.03306961 38.29494095 1186.800537
vn 0.7249588966 0.5566289425 0.405707866
v 45.71843719 36.86486816 1187.085693
vn 0.5182392001 -0.8065860271 -0.2843363285
v 45.78960037 38.47314453 1186.843506
vn 0.4076249897 0.7880418897 0.4613369703
v 45.92158127 38.39361954 1186.828613
vn 0.579321146 0.6848187447 0.4420523345
v 45.4582634 36.79386902 1187.002197
vn 0.1694864035 -0.9022926688 -0.3964117765
v 46.17970276 38.06966782 1186.716675
vn 0.9221565127 0.2529391348 0.292658776
v 46.23038864 37.805439 1186.596069
vn 0.9865783453 -0.09120739996 0.1354415566
v 45.96098709 37.09220123 1187.113525
vn 0.3110177219 -0.1877840459 0.9316679239
v 45.77629089 36.90039444 1187.113647
vn 0.2009887397 -0.2557494044 0.9456192255
v 44.59190369 37.42269897 1187.113159
vn -0.9744105935 -0.04371479899 -0.2204836756
v 45.94999313 37.07408142 1187.113525
vn 0.7493564487 -0.6401064992 -0.1694952548
v 44.60102844 37.37246704 1187.113281
vn -0.3976528943 -0.0712486729 0.9147654176
v 45.84028625 36.95087051 1187.113525
vn 0.694365263 -0.6946786642 -0.1878255904
v 46.10231018 37.38594055 1187.113159
vn 0.9108273387 -0.4120046794 -0.02541140281
v 46.1338501 37.62184143 1187.112915
vn 0.4840589762 -0.04491035268 0.8738821149
v 46.1056366 37.87825394 1187.112671
vn 0.9344334602 0.2122221589 0.2859997451
v 46.13407135 37.7218132 1187.112793
vn 0.9751243591 0.07472317666 0.2086838335
v 46.13370895 37.55549622 1187.113037
vn 0.9856141806 -0.11709252 0.1218770221
v 44.68672943 37.16981125 1187.033203
vn -0.8380721211 -0.4127531648 -0.356749177
v 45.01566696 36.87818527 1186.95752
vn -0.4088554382 -0.7913838029 -0.4544765353
v 45.31074142 36.79440308 1186.974243
vn -0.02393949032 -0.9011269212 -0.4328939915
v 44.88399124 36.95864487 1186.970581
vn -0.5801448226 -0.6869428754 -0.4376545548
v 45.3464241 38.55551529 1186.802856
vn -0.1718659848 0.8964434862 0.4084742069
v 45.0861969 38.48415375 1186.720093
vn -0.5206873417 0.8002396822 0.297491461
v 44.74639893 38.07685471 1186.457764
vn -0.9623339176 0.268158406 -0.04477128386
v 44.73980331 37.80610275 1186.323486
vn -0.9716359377 -0.08585046232 -0.2203481197
v 44.87198639 38.31964874 1186.600098
vn -0.7988166213 0.5848751068 0.1407590508
v 44.97159576 38.41383362 1186.664551
vn -0.6695832014 0.7078852654 0.2248483598
v 44.77880096 37.6770134 1186.267212
vn -0.9220235348 -0.2527528405 -0.2932381332
v 46.08652115 37.42703247 1186.383789
vn 0.7989084721 -0.584620595 -0.1412940472
v 44.34324646 38.41117477 1066.117432
vn 0.5465754867 -0.4841434062 -0.6832718253
v 44.41807556 38.3106041 1066.248535
vn 0.5465495586 -0.4840705693 -0.6833441854
v 44.15367508 38.06500244 1066.21106
vn 0.5465440154 -0.4841161966 -0.6833162904
v 44.07884598 38.16557693 1066.079956
vn 0.5465440154 -0.4841161966 -0.6833162904
v 44.49290085 38.2100296 1066.379639
vn 0.546579659 -0.4841130376 -0.6832900047
v 44.22850037 37.96443176 1066.342163
vn 0.5465440154 -0.4841161966 -0.6833162904
v 43.8892746 37.8194046 1066.173584
vn 0.5465942621 -0.4840852916 -0.6832979918
v 43.8144455 37.91997528 1066.04248
vn 0.5466745496 -0.4841177464 -0.6832107306
v 43.96409988 37.71883011 1066.304688
vn 0.5465804935 -0.4840732217 -0.6833175421
v 44.30332947 37.86385727 1066.473267
vn 0.5465928316 -0.4841656089 -0.6832422018
v 44.03892899 37.61825943 1066.435791
vn 0.5465860963 -0.4841665924 -0.6832469106
v 44.56772995 38.10945892 1066.510742
vn 0.5466217995 -0.4841853678 -0.6832050681
v 44.11876297 38.71289444 1065.723999
vn 0.5465915203 -0.484077543 -0.6833056808
v 44.19359207 38.61231995 1065.855103
vn 0.5466637015 -0.4842232168 -0.6831446886
v 43.92919159 38.36672211 1065.817627
vn 0.5466328263 -0.4841738045 -0.6832044125
v 43.85436249 38.46729279 1065.686523
vn 0.546518743 -0.4841398001 -0.6833197474
v 43.66479111 38.12112045 1065.780151
vn 0.5465222001 -0.4841311276 -0.6833231449
v 43.58996201 38.22169495 1065.649048
vn 0.5465605855 -0.4840486348 -0.6833508611
v 44.00402069 38.26614761 1065.948853
vn 0.5467240214 -0.4842344522 -0.6830884218
v 43.73961639 38.02054977 1065.911255
vn 0.5467001796 -0.4842252731 -0.6831140518
v 44.26842117 38.51174927 1065.986328
vn 0.5465968847 -0.4842402339 -0.6831861138
v 46.16343689 37.54150009 1186.454102
vn 0.8987086415 -0.4357024729 -0.04986058548
v 44.59201813 37.59069443 1187.113037
vn -0.9824775457 -0.007728331257 -0.1862206906
v 44.68569565 37.92349625 1187.112671
vn -0.8789024353 0.4754317105 0.03866756335
v 46.11951447 38.18444824 1186.761963
vn 0.8382403851 0.4131059945 0.3559444547
v 44.61809921 37.73130798 1187.112793
vn -0.5301617384 0.09925628453 0.8420669436
v 45.59703064 36.81900406 1187.040649
vn 0.3488714695 -0.870577991 -0.3469620347
v 46.12047958 37.79665756 1187.112793
vn 0.4298913181 0.03833423182 0.9020664692
v 46.11203766 37.43845367 1187.113159
vn 0.5283303857 -0.1475266814 0.8361237049
v 46.04013824 37.22270584 1187.113403
vn 0.8122557402 -0.5704000592 -0.1220013127
v 46.05353928 37.25788116 1187.113403
vn 0.3665172458 -0.1387155652 0.9200125337
v 46.21870041 37.94057846 1186.660278
vn 0.9717521667 0.08603347838 0.2197634727
v 45.64463425 38.52791214 1186.843872
vn 0.2181460857 0.8597204685 0.4618365765
v 44.72811508 37.94124222 1186.387817
vn -0.9864807725 0.09142756462 -0.13600263
v 45.20759964 38.53010178 1186.764893
vn -0.3514211178 0.8643232584 0.3597894907
v 44.62346649 37.76025009 1187.112793
vn -0.9816331267 0.1610019803 -0.1023461148
v 44.79506683 38.20518112 1186.529785
vn -0.8986400962 0.4359085262 0.04929280654
v 45.1603775 36.8225975 1186.958862
vn -0.2196902335 -0.8641207814 -0.452804029
v 44.77283478 37.05832291 1186.996704
vn -0.7251417637 -0.557646513 -0.4039799571
v 44.62686539 37.28553009 1187.076782
vn -0.921508491 -0.2513331473 -0.2960637808
v 44.59197998 37.57526016 1187.113037
vn -0.5151814222 0.001501037856 0.8570798635
v 45.98690796 37.3328476 1186.319214
vn 0.6697021127 -0.7076058984 -0.2253728658
# mm_gid 0
g mmGroup0
f 1//1 2//2 3//3 
f 1//1 3//3 4//4 
f 4//4 3//3 5//5 
f 4//4 5//5 6//6 
f 7//7 8//8 9//9 
f 7//7 9//9 10//10 
f 10//10 9//9 2//2 
f 10//10 2//2 1//1 
f 11//11 12//12 13//13 
f 11//11 13//13 14//14 
f 14//14 13//13 8//8 
f 14//14 8//8 7//7 
f 15//15 16//16 17//17 
f 15//15 17//17 18//18 
f 18//18 17//17 19//19 
f 18//18 19//19 20//20 
f 21//21 22//22 23//23 
f 21//21 23//23 24//24 
f 24//24 23//23 16//16 
f 24//24 16//16 15//15 
f 25//25 26//26 27//27 
f 25//25 27//27 28//28 
f 28//28 27//27 22//22 
f 28//28 22//22 21//21 
f 29//29 30//30 31//31 
f 29//29 31//31 32//32 
f 32//32 31//31 26//26 
f 32//32 26//26 25//25 
f 33//33 34//34 35//35 
f 33//33 35//35 36//36 
f 36//36 35//35 30//30 
f 36//36 30//30 29//29 
f 37//37 38//38 39//39 
f 37//37 39//39 40//40 
f 40//40 39//39 34//34 
f 40//40 34//34 33//33 
f 41//41 42//42 43//43 
f 41//41 43//43 44//44 
f 44//44 43//43 38//38 
f 44//44 38//38 37//37 
f 45//45 46//46 47//47 
f 45//45 47//47 48//48 
f 48//48 47//47 49//49 
f 48//48 49//49 50//50 
f 51//51 52//52 53//53 
f 51//51 53//53 54//54 
f 54//54 53//53 46//46 
f 54//54 46//46 45//45 
f 55//55 56//56 57//57 
f 55//55 57//57 58//58 
f 58//58 57//57 52//52 
f 58//58 52//52 51//51 
f 59//59 60//60 61//61 
f 59//59 61//61 62//62 
f 62//62 61//61 56//56 
f 62//62 56//56 55//55 
f 63//63 64//64 65//65 
f 63//63 65//65 66//66 
f 66//66 65//65 60//60 
f 66//66 60//60 59//59 
f 67//67 68//68 69//69 
f 67//67 69//69 70//70 
f 70//70 69//69 64//64 
f 70//70 64//64 63//63 
f 71//71 72//72 73//73 
f 71//71 73//73 74//74 
f 74//74 73//73 68//68 
f 74//74 68//68 67//67 
f 75//75 76//76 77//77 
f 75//75 77//77 78//78 
f 78//78 77//77 79//79 
f 78//78 79//79 80//80 
f 81//81 82//82 83//83 
f 81//81 83//83 84//84 
f 84//84 83//83 76//76 
f 84//84 76//76 75//75 
f 85//85 86//86 87//87 
f 85//85 87//87 88//88 
f 88//88 87//87 82//82 
f 88//88 82//82 81//81 
f 89//89 90//90 91//91 
f 89//89 91//91 92//92 
f 92//92 91//91 86//86 
f 92//92 86//86 85//85 
f 93//93 94//94 95//95 
f 93//93 95//95 96//96 
f 96//96 95//95 90//90 
f 96//96 90//90 89//89 
f 97//97 98//98 99//99 
f 97//97 99//99 100//100 
f 100//100 99//99 94//94 
f 100//100 94//94 93//93 
f 101//101 102//102 103//103 
f 101//101 103//103 104//104 
f 104//104 103//103 98//98 
f 104//104 98//98 97//97 
f 105//105 106//106 107//107 
f 105//105 107//107 108//108 
f 108//108 107//107 109//109 
f 108//108 109//109 110//110 
f 111//111 112//112 113//113 
f 111//111 113//113 114//114 
f 114//114 113//113 106//106 
f 114//114 106//106 105//105 
f 115//115 116//116 117//117 
f 115//115 117//117 118//118 
f 118//118 117//117 112//112 
f 118//118 112//112 111//111 
f 6//6 5//5 119//119 
f 6//6 119//119 120//120 
f 120//120 119//119 116//116 
f 120//120 116//116 115//115 
f 4//4 6//6 121//121 
f 122//122 1//1 4//4 
f 121//121 122//122 4//4 
f 10//10 1//1 122//122 
f 123//123 7//7 10//10 
f 122//122 123//123 10//10 
f 14//14 7//7 123//123 
f 124//124 11//11 14//14 
f 123//123 124//124 14//14 
f 125//125 20//20 11//11 
f 125//125 11//11 124//124 
f 18//18 20//20 125//125 
f 126//126 15//15 18//18 
f 125//125 126//126 18//18 
f 24//24 15//15 126//126 
f 127//127 21//21 24//24 
f 126//126 127//127 24//24 
f 28//28 21//21 127//127 
f 128//128 25//25 28//28 
f 127//127 128//128 28//28 
f 32//32 25//25 128//128 
f 129//129 29//29 32//32 
f 128//128 129//129 32//32 
f 36//36 29//29 129//129 
f 130//130 33//33 36//36 
f 129//129 130//130 36//36 
f 40//40 33//33 130//130 
f 131//131 37//37 40//40 
f 130//130 131//131 40//40 
f 44//44 37//37 131//131 
f 132//132 41//41 44//44 
f 131//131 132//132 44//44 
f 133//133 50//50 41//41 
f 133//133 41//41 132//132 
f 48//48 50//50 133//133 
f 134//134 45//45 48//48 
f 133//133 134//134 48//48 
f 54//54 45//45 134//134 
f 135//135 51//51 54//54 
f 134//134 135//135 54//54 
f 58//58 51//51 135//135 
f 136//136 55//55 58//58 
f 135//135 136//136 58//58 
f 62//62 55//55 136//136 
f 137//137 59//59 62//62 
f 136//136 137//137 62//62 
f 66//66 59//59 137//137 
f 138//138 63//63 66//66 
f 137//137 138//138 66//66 
f 70//70 63//63 138//138 
f 139//139 67//67 70//70 
f 138//138 139//139 70//70 
f 74//74 67//67 139//139 
f 140//140 71//71 74//74 
f 139//139 140//140 74//74 
f 141//141 80//80 71//71 
f 141//141 71//71 140//140 
f 78//78 80//80 141//141 
f 142//142 75//75 78//78 
f 141//141 142//142 78//78 
f 84//84 75//75 142//142 
f 143//143 81//81 84//84 
f 142//142 143//143 84//84 
f 88//88 81//81 143//143 
f 144//144 85//85 88//88 
f 143//143 144//144 88//88 
f 92//92 85//85 144//144 
f 145//145 89//89 92//92 
f 144//144 145//145 92//92 
f 96//96 89//89 145//145 
f 146//146 93//93 96//96 
f 145//145 146//146 96//96 
f 100//100 93//93 146//146 
f 147//147 97//97 100//100 
f 146//146 147//147 100//100 
f 104//104 97//97 147//147 
f 148//148 101//101 104//104 
f 147//147 148//148 104//104 
f 149//149 110//110 101//101 
f 149//149 101//101 148//148 
f 108//108 110//110 149//149 
f 150//150 105//105 108//108 
f 149//149 150//150 108//108 
f 114//114 105//105 150//150 
f 151//151 111//111 114//114 
f 150//150 151//151 114//114 
f 118//118 111//111 151//151 
f 152//152 115//115 118//118 
f 151//151 152//152 118//118 
f 120//120 115//115 152//152 
f 121//121 6//6 120//120 
f 152//152 121//121 120//120 
f 153//153 122//122 121//121 
f 153//153 121//121 154//154 
f 155//155 123//123 122//122 
f 155//155 122//122 153//153 
f 156//156 124//124 123//123 
f 156//156 123//123 155//155 
f 157//157 125//125 124//124 
f 157//157 124//124 156//156 
f 158//158 126//126 125//125 
f 158//158 125//125 157//157 
f 159//159 127//127 126//126 
f 159//159 126//126 158//158 
f 160//160 128//128 127//127 
f 160//160 127//127 159//159 
f 161//161 129//129 128//128 
f 161//161 128//128 160//160 
f 162//162 130//130 129//129 
f 162//162 129//129 161//161 
f 163//163 131//131 130//130 
f 163//163 130//130 162//162 
f 164//164 132//132 131//131 
f 164//164 131//131 163//163 
f 165//165 133//133 132//132 
f 165//165 132//132 164//164 
f 166//166 134//134 133//133 
f 166//166 133//133 165//165 
f 167//167 135//135 134//134 
f 167//167 134//134 166//166 
f 168//168 136//136 135//135 
f 168//168 135//135 167//167 
f 169//169 137//137 136//136 
f 169//169 136//136 168//168 
f 170//170 138//138 137//137 
f 170//170 137//137 169//169 
f 171//171 139//139 138//138 
f 171//171 138//138 170//170 
f 172//172 140//140 139//139 
f 172//172 139//139 171//171 
f 173//173 141//141 140//140 
f 173//173 140//140 172//172 
f 174//174 142//142 141//141 
f 174//174 141//141 173//173 
f 175//175 143//143 142//142 
f 175//175 142//142 174//174 
f 176//176 144//144 143//143 
f 176//176 143//143 175//175 
f 177//177 145//145 144//144 
f 177//177 144//144 176//176 
f 178//178 146//146 145//145 
f 178//178 145//145 177//177 
f 179//179 147//147 146//146 
f 179//179 146//146 178//178 
f 180//180 148//148 147//147 
f 180//180 147//147 179//179 
f 181//181 149//149 148//148 
f 181//181 148//148 180//180 
f 182//182 150//150 149//149 
f 182//182 149//149 181//181 
f 183//183 151//151 150//150 
f 183//183 150//150 182//182 
f 184//184 152//152 151//151 
f 184//184 151//151 183//183 
f 154//154 121//121 152//152 
f 154//154 152//152 184//184 
f 185//185 153//153 154//154 
f 185//185 154//154 186//186 
f 187//187 155//155 153//153 
f 187//187 153//153 185//185 
f 188//188 156//156 155//155 
f 188//188 155//155 187//187 
f 189//189 157//157 156//156 
f 189//189 156//156 188//188 
f 190//190 158//158 157//157 
f 190//190 157//157 189//189 
f 191//191 159//159 158//158 
f 191//191 158//158 190//190 
f 192//192 160//160 159//159 
f 192//192 159//159 191//191 
f 193//193 161//161 160//160 
f 193//193 160//160 192//192 
f 194//194 162//162 161//161 
f 194//194 161//161 193//193 
f 195//195 163//163 162//162 
f 195//195 162//162 194//194 
f 196//196 164//164 163//163 
f 196//196 163//163 195//195 
f 197//197 165//165 164//164 
f 197//197 164//164 196//196 
f 198//198 166//166 165//165 
f 198//198 165//165 197//197 
f 199//199 167//167 166//166 
f 199//199 166//166 198//198 
f 200//200 168//168 167//167 
f 200//200 167//167 199//199 
f 201//201 169//169 168//168 
f 201//201 168//168 200//200 
f 202//202 170//170 169//169 
f 202//202 169//169 201//201 
f 203//203 171//171 170//170 
f 203//203 170//170 202//202 
f 204//204 172//172 171//171 
f 204//204 171//171 203//203 
f 205//205 173//173 172//172 
f 205//205 172//172 204//204 
f 206//206 174//174 173//173 
f 206//206 173//173 205//205 
f 207//207 175//175 174//174 
f 207//207 174//174 206//206 
f 208//208 176//176 175//175 
f 208//208 175//175 207//207 
f 209//209 177//177 176//176 
f 209//209 176//176 208//208 
f 210//210 178//178 177//177 
f 210//210 177//177 209//209 
f 211//211 179//179 178//178 
f 211//211 178//178 210//210 
f 212//212 180//180 179//179 
f 212//212 179//179 211//211 
f 213//213 181//181 180//180 
f 213//213 180//180 212//212 
f 214//214 182//182 181//181 
f 214//214 181//181 213//213 
f 215//215 183//183 182//182 
f 215//215 182//182 214//214 
f 216//216 184//184 183//183 
f 216//216 183//183 215//215 
f 186//186 154//154 184//184 
f 186//186 184//184 216//216 
f 217//217 185//185 186//186 
f 217//217 186//186 218//218 
f 219//219 187//187 185//185 
f 219//219 185//185 217//217 
f 220//220 188//188 187//187 
f 220//220 187//187 219//219 
f 221//221 189//189 188//188 
f 221//221 188//188 220//220 
f 222//222 190//190 189//189 
f 222//222 189//189 221//221 
f 223//223 191//191 190//190 
f 223//223 190//190 222//222 
f 224//224 192//192 191//191 
f 224//224 191//191 223//223 
f 225//225 193//193 192//192 
f 225//225 192//192 224//224 
f 226//226 194//194 193//193 
f 226//226 193//193 225//225 
f 227//227 195//195 194//194 
f 227//227 194//194 226//226 
f 228//228 196//196 195//195 
f 228//228 195//195 227//227 
f 229//229 197//197 196//196 
f 229//229 196//196 228//228 
f 230//230 198//198 197//197 
f 230//230 197//197 229//229 
f 231//231 199//199 198//198 
f 231//231 198//198 230//230 
f 232//232 200//200 199//199 
f 232//232 199//199 231//231 
f 233//233 201//201 200//200 
f 233//233 200//200 232//232 
f 234//234 202//202 201//201 
f 234//234 201//201 233//233 
f 235//235 203//203 202//202 
f 235//235 202//202 234//234 
f 236//236 204//204 203//203 
f 236//236 203//203 235//235 
f 237//237 205//205 204//204 
f 237//237 204//204 236//236 
f 238//238 206//206 205//205 
f 238//238 205//205 237//237 
f 239//239 207//207 206//206 
f 239//239 206//206 238//238 
f 240//240 208//208 207//207 
f 240//240 207//207 239//239 
f 241//241 209//209 208//208 
f 241//241 208//208 240//240 
f 242//242 210//210 209//209 
f 242//242 209//209 241//241 
f 243//243 211//211 210//210 
f 243//243 210//210 242//242 
f 244//244 212//212 211//211 
f 244//244 211//211 243//243 
f 245//245 213//213 212//212 
f 245//245 212//212 244//244 
f 246//246 214//214 213//213 
f 246//246 213//213 245//245 
f 247//247 215//215 214//214 
f 247//247 214//214 246//246 
f 248//248 216//216 215//215 
f 248//248 215//215 247//247 
f 218//218 186//186 216//216 
f 218//218 216//216 248//248 
f 249//249 217//217 218//218 
f 249//249 218//218 250//250 
f 251//251 219//219 217//217 
f 251//251 217//217 249//249 
f 252//252 220//220 219//219 
f 252//252 219//219 251//251 
f 253//253 221//221 220//220 
f 253//253 220//220 252//252 
f 254//254 222//222 221//221 
f 254//254 221//221 253//253 
f 255//255 223//223 222//222 
f 255//255 222//222 254//254 
f 256//256 224//224 223//223 
f 256//256 223//223 255//255 
f 257//257 225//225 224//224 
f 257//257 224//224 256//256 
f 258//258 226//226 225//225 
f 258//258 225//225 257//257 
f 259//259 227//227 226//226 
f 259//259 226//226 258//258 
f 260//260 228//228 227//227 
f 260//260 227//227 259//259 
f 261//261 229//229 228//228 
f 261//261 228//228 260//260 
f 262//262 230//230 229//229 
f 262//262 229//229 261//261 
f 263//263 231//231 230//230 
f 263//263 230//230 262//262 
f 264//264 232//232 231//231 
f 264//264 231//231 263//263 
f 265//265 233//233 232//232 
f 265//265 232//232 264//264 
f 266//266 234//234 233//233 
f 266//266 233//233 265//265 
f 267//267 235//235 234//234 
f 267//267 234//234 266//266 
f 268//268 236//236 235//235 
f 268//268 235//235 267//267 
f 269//269 237//237 236//236 
f 269//269 236//236 268//268 
f 270//270 238//238 237//237 
f 270//270 237//237 269//269 
f 271//271 239//239 238//238 
f 271//271 238//238 270//270 
f 272//272 240//240 239//239 
f 272//272 239//239 271//271 
f 273//273 241//241 240//240 
f 273//273 240//240 272//272 
f 274//274 242//242 241//241 
f 274//274 241//241 273//273 
f 275//275 243//243 242//242 
f 275//275 242//242 274//274 
f 276//276 244//244 243//243 
f 276//276 243//243 275//275 
f 277//277 245//245 244//244 
f 277//277 244//244 276//276 
f 278//278 246//246 245//245 
f 278//278 245//245 277//277 
f 279//279 247//247 246//246 
f 279//279 246//246 278//278 
f 280//280 248//248 247//247 
f 280//280 247//247 279//279 
f 250//250 218//218 248//248 
f 250//250 248//248 280//280 
f 281//281 249//249 250//250 
f 281//281 250//250 282//282 
f 283//283 251//251 249//249 
f 283//283 249//249 281//281 
f 284//284 252//252 251//251 
f 284//284 251//251 283//283 
f 285//285 253//253 252//252 
f 285//285 252//252 284//284 
f 286//286 254//254 253//253 
f 286//286 253//253 285//285 
f 287//287 255//255 254//254 
f 287//287 254//254 286//286 
f 288//288 256//256 255//255 
f 288//288 255//255 287//287 
f 289//289 257//257 256//256 
f 289//289 256//256 288//288 
f 290//290 258//258 257//257 
f 290//290 257//257 289//289 
f 291//291 259//259 258//258 
f 291//291 258//258 290//290 
f 292//292 260//260 259//259 
f 292//292 259//259 291//291 
f 293//293 261//261 260//260 
f 293//293 260//260 292//292 
f 294//294 262//262 261//261 
f 294//294 261//261 293//293 
f 295//295 263//263 262//262 
f 295//295 262//262 294//294 
f 296//296 264//264 263//263 
f 296//296 263//263 295//295 
f 297//297 265//265 264//264 
f 297//297 264//264 296//296 
f 298//298 266//266 265//265 
f 298//298 265//265 297//297 
f 299//299 267//267 266//266 
f 299//299 266//266 298//298 
f 300//300 268//268 267//267 
f 300//300 267//267 299//299 
f 301//301 269//269 268//268 
f 301//301 268//268 300//300 
f 302//302 270//270 269//269 
f 302//302 269//269 301//301 
f 303//303 271//271 270//270 
f 303//303 270//270 302//302 
f 304//304 272//272 271//271 
f 304//304 271//271 303//303 
f 305//305 273//273 272//272 
f 305//305 272//272 304//304 
f 306//306 274//274 273//273 
f 306//306 273//273 305//305 
f 307//307 275//275 274//274 
f 307//307 274//274 306//306 
f 308//308 276//276 275//275 
f 308//308 275//275 307//307 
f 309//309 277//277 276//276 
f 309//309 276//276 308//308 
f 310//310 278//278 277//277 
f 310//310 277//277 309//309 
f 311//311 279//279 278//278 
f 311//311 278//278 310//310 
f 312//312 280//280 279//279 
f 312//312 279//279 311//311 
f 282//282 250//250 280//280 
f 282//282 280//280 312//312 
f 313//313 281//281 282//282 
f 313//313 282//282 314//314 
f 315//315 283//283 281//281 
f 315//315 281//281 313//313 
f 316//316 284//284 283//283 
f 316//316 283//283 315//315 
f 317//317 285//285 284//284 
f 317//317 284//284 316//316 
f 318//318 286//286 285//285 
f 318//318 285//285 317//317 
f 319//319 287//287 286//286 
f 319//319 286//286 318//318 
f 320//320 288//288 287//287 
f 320//320 287//287 319//319 
f 321//321 289//289 288//288 
f 321//321 288//288 320//320 
f 322//322 290//290 289//289 
f 322//322 289//289 321//321 
f 323//323 291//291 290//290 
f 323//323 290//290 322//322 
f 324//324 292//292 291//291 
f 324//324 291//291 323//323 
f 325//325 293//293 292//292 
f 325//325 292//292 324//324 
f 326//326 294//294 293//293 
f 326//326 293//293 325//325 
f 327//327 295//295 294//294 
f 327//327 294//294 326//326 
f 328//328 296//296 295//295 
f 328//328 295//295 327//327 
f 329//329 297//297 296//296 
f 329//329 296//296 328//328 
f 330//330 298//298 297//297 
f 330//330 297//297 329//329 
f 331//331 299//299 298//298 
f 331//331 298//298 330//330 
f 332//332 300//300 299//299 
f 332//332 299//299 331//331 
f 333//333 301//301 300//300 
f 333//333 300//300 332//332 
f 334//334 302//302 301//301 
f 334//334 301//301 333//333 
f 335//335 303//303 302//302 
f 335//335 302//302 334//334 
f 336//336 304//304 303//303 
f 336//336 303//303 335//335 
f 337//337 305//305 304//304 
f 337//337 304//304 336//336 
f 338//338 306//306 305//305 
f 338//338 305//305 337//337 
f 339//339 307//307 306//306 
f 339//339 306//306 338//338 
f 340//340 308//308 307//307 
f 340//340 307//307 339//339 
f 341//341 309//309 308//308 
f 341//341 308//308 340//340 
f 342//342 310//310 309//309 
f 342//342 309//309 341//341 
f 343//343 311//311 310//310 
f 343//343 310//310 342//342 
f 344//344 312//312 311//311 
f 344//344 311//311 343//343 
f 314//314 282//282 312//312 
f 314//314 312//312 344//344 
f 345//345 313//313 314//314 
f 345//345 314//314 346//346 
f 347//347 315//315 313//313 
f 347//347 313//313 345//345 
f 348//348 316//316 315//315 
f 348//348 315//315 347//347 
f 349//349 317//317 316//316 
f 349//349 316//316 348//348 
f 350//350 318//318 317//317 
f 350//350 317//317 349//349 
f 351//351 319//319 318//318 
f 351//351 318//318 350//350 
f 352//352 320//320 319//319 
f 352//352 319//319 351//351 
f 353//353 321//321 320//320 
f 353//353 320//320 352//352 
f 354//354 322//322 321//321 
f 354//354 321//321 353//353 
f 355//355 323//323 322//322 
f 355//355 322//322 354//354 
f 356//356 324//324 323//323 
f 356//356 323//323 355//355 
f 357//357 325//325 324//324 
f 357//357 324//324 356//356 
f 358//358 326//326 325//325 
f 358//358 325//325 357//357 
f 359//359 327//327 326//326 
f 359//359 326//326 358//358 
f 360//360 328//328 327//327 
f 360//360 327//327 359//359 
f 361//361 329//329 328//328 
f 361//361 328//328 360//360 
f 362//362 330//330 329//329 
f 362//362 329//329 361//361 
f 363//363 331//331 330//330 
f 363//363 330//330 362//362 
f 364//364 332//332 331//331 
f 364//364 331//331 363//363 
f 365//365 333//333 332//332 
f 365//365 332//332 364//364 
f 366//366 334//334 333//333 
f 366//366 333//333 365//365 
f 367//367 335//335 334//334 
f 367//367 334//334 366//366 
f 368//368 336//336 335//335 
f 368//368 335//335 367//367 
f 369//369 337//337 336//336 
f 369//369 336//336 368//368 
f 370//370 338//338 337//337 
f 370//370 337//337 369//369 
f 371//371 339//339 338//338 
f 371//371 338//338 370//370 
f 372//372 340//340 339//339 
f 372//372 339//339 371//371 
f 373//373 341//341 340//340 
f 373//373 340//340 372//372 
f 374//374 342//342 341//341 
f 374//374 341//341 373//373 
f 375//375 343//343 342//342 
f 375//375 342//342 374//374 
f 376//376 344//344 343//343 
f 376//376 343//343 375//375 
f 346//346 314//314 344//344 
f 346//346 344//344 376//376 
f 377//377 345//345 346//346 
f 377//377 346//346 378//378 
f 379//379 347//347 345//345 
f 379//379 345//345 377//377 
f 380//380 348//348 347//347 
f 380//380 347//347 379//379 
f 381//381 349//349 348//348 
f 381//381 348//348 380//380 
f 382//382 350//350 349//349 
f 382//382 349//349 381//381 
f 383//383 351//351 350//350 
f 383//383 350//350 382//382 
f 384//384 352//352 351//351 
f 384//384 351//351 383//383 
f 385//385 353//353 352//352 
f 385//385 352//352 384//384 
f 386//386 354//354 353//353 
f 386//386 353//353 385//385 
f 387//387 355//355 354//354 
f 387//387 354//354 386//386 
f 388//388 356//356 355//355 
f 388//388 355//355 387//387 
f 389//389 357//357 356//356 
f 389//389 356//356 388//388 
f 390//390 358//358 357//357 
f 390//390 357//357 389//389 
f 391//391 359//359 358//358 
f 391//391 358//358 390//390 
f 392//392 360//360 359//359 
f 392//392 359//359 391//391 
f 393//393 361//361 360//360 
f 393//393 360//360 392//392 
f 394//394 362//362 361//361 
f 394//394 361//361 393//393 
f 395//395 363//363 362//362 
f 395//395 362//362 394//394 
f 396//396 364//364 363//363 
f 396//396 363//363 395//395 
f 397//397 365//365 364//364 
f 397//397 364//364 396//396 
f 398//398 366//366 365//365 
f 398//398 365//365 397//397 
f 399//399 367//367 366//366 
f 399//399 366//366 398//398 
f 400//400 368//368 367//367 
f 400//400 367//367 399//399 
f 401//401 369//369 368//368 
f 401//401 368//368 400//400 
f 402//402 370//370 369//369 
f 402//402 369//369 401//401 
f 403//403 371//371 370//370 
f 403//403 370//370 402//402 
f 404//404 372//372 371//371 
f 404//404 371//371 403//403 
f 405//405 373//373 372//372 
f 405//405 372//372 404//404 
f 406//406 374//374 373//373 
f 406//406 373//373 405//405 
f 407//407 375//375 374//374 
f 407//407 374//374 406//406 
f 408//408 376//376 375//375 
f 408//408 375//375 407//407 
f 378//378 346//346 376//376 
f 378//378 376//376 408//408 
f 409//409 377//377 378//378 
f 409//409 378//378 410//410 
f 411//411 379//379 377//377 
f 411//411 377//377 409//409 
f 412//412 380//380 379//379 
f 412//412 379//379 411//411 
f 413//413 381//381 380//380 
f 413//413 380//380 412//412 
f 414//414 382//382 381//381 
f 414//414 381//381 413//413 
f 415//415 383//383 382//382 
f 415//415 382//382 414//414 
f 416//416 384//384 383//383 
f 416//416 383//383 415//415 
f 417//417 385//385 384//384 
f 417//417 384//384 416//416 
f 418//418 386//386 385//385 
f 418//418 385//385 417//417 
f 419//419 387//387 386//386 
f 419//419 386//386 418//418 
f 420//420 388//388 387//387 
f 420//420 387//387 419//419 
f 421//421 389//389 388//388 
f 421//421 388//388 420//420 
f 422//422 390//390 389//389 
f 422//422 389//389 421//421 
f 423//423 391//391 390//390 
f 423//423 390//390 422//422 
f 424//424 392//392 391//391 
f 424//424 391//391 423//423 
f 425//425 393//393 392//392 
f 425//425 392//392 424//424 
f 426//426 394//394 393//393 
f 426//426 393//393 425//425 
f 427//427 395//395 394//394 
f 427//427 394//394 426//426 
f 428//428 396//396 395//395 
f 428//428 395//395 427//427 
f 429//429 397//397 396//396 
f 429//429 396//396 428//428 
f 430//430 398//398 397//397 
f 430//430 397//397 429//429 
f 431//431 399//399 398//398 
f 431//431 398//398 430//430 
f 432//432 400//400 399//399 
f 432//432 399//399 431//431 
f 433//433 401//401 400//400 
f 433//433 400//400 432//432 
f 434//434 402//402 401//401 
f 434//434 401//401 433//433 
f 435//435 403//403 402//402 
f 435//435 402//402 434//434 
f 436//436 404//404 403//403 
f 436//436 403//403 435//435 
f 437//437 405//405 404//404 
f 437//437 404//404 436//436 
f 438//438 406//406 405//405 
f 438//438 405//405 437//437 
f 439//439 407//407 406//406 
f 439//439 406//406 438//438 
f 440//440 408//408 407//407 
f 440//440 407//407 439//439 
f 410//410 378//378 408//408 
f 410//410 408//408 440//440 
f 441//441 409//409 410//410 
f 441//441 410//410 442//442 
f 443//443 411//411 409//409 
f 443//443 409//409 441//441 
f 444//444 412//412 411//411 
f 444//444 411//411 443//443 
f 445//445 413//413 412//412 
f 445//445 412//412 444//444 
f 446//446 414//414 413//413 
f 446//446 413//413 445//445 
f 447//447 415//415 414//414 
f 447//447 414//414 446//446 
f 448//448 416//416 415//415 
f 448//448 415//415 447//447 
f 449//449 417//417 416//416 
f 449//449 416//416 448//448 
f 450//450 418//418 417//417 
f 450//450 417//417 449//449 
f 451//451 419//419 418//418 
f 451//451 418//418 450//450 
f 452//452 420//420 419//419 
f 452//452 419//419 451//451 
f 453//453 421//421 420//420 
f 453//453 420//420 452//452 
f 454//454 422//422 421//421 
f 454//454 421//421 453//453 
f 455//455 423//423 422//422 
f 455//455 422//422 454//454 
f 456//456 424//424 423//423 
f 456//456 423//423 455//455 
f 457//457 425//425 424//424 
f 457//457 424//424 456//456 
f 458//458 426//426 425//425 
f 458//458 425//425 457//457 
f 459//459 427//427 426//426 
f 459//459 426//426 458//458 
f 460//460 428//428 427//427 
f 460//460 427//427 459//459 
f 461//461 429//429 428//428 
f 461//461 428//428 460//460 
f 462//462 430//430 429//429 
f 462//462 429//429 461//461 
f 463//463 431//431 430//430 
f 463//463 430//430 462//462 
f 464//464 432//432 431//431 
f 464//464 431//431 463//463 
f 465//465 433//433 432//432 
f 465//465 432//432 464//464 
f 466//466 434//434 433//433 
f 466//466 433//433 465//465 
f 467//467 435//435 434//434 
f 467//467 434//434 466//466 
f 468//468 436//436 435//435 
f 468//468 435//435 467//467 
f 469//469 437//437 436//436 
f 469//469 436//436 468//468 
f 470//470 438//438 437//437 
f 470//470 437//437 469//469 
f 471//471 439//439 438//438 
f 471//471 438//438 470//470 
f 472//472 440//440 439//439 
f 472//472 439//439 471//471 
f 442//442 410//410 440//440 
f 442//442 440//440 472//472 
f 473//473 441//441 442//442 
f 473//473 442//442 474//474 
f 475//475 443//443 441//441 
f 475//475 441//441 473//473 
f 476//476 444//444 443//443 
f 476//476 443//443 475//475 
f 477//477 445//445 444//444 
f 477//477 444//444 476//476 
f 478//478 446//446 445//445 
f 478//478 445//445 477//477 
f 479//479 447//447 446//446 
f 479//479 446//446 478//478 
f 480//480 448//448 447//447 
f 480//480 447//447 479//479 
f 481//481 449//449 448//448 
f 481//481 448//448 480//480 
f 482//482 450//450 449//449 
f 482//482 449//449 481//481 
f 483//483 451//451 450//450 
f 483//483 450//450 482//482 
f 484//484 452//452 451//451 
f 484//484 451//451 483//483 
f 485//485 453//453 452//452 
f 485//485 452//452 484//484 
f 486//486 454//454 453//453 
f 486//486 453//453 485//485 
f 487//487 455//455 454//454 
f 487//487 454//454 486//486 
f 488//488 456//456 455//455 
f 488//488 455//455 487//487 
f 489//489 457//457 456//456 
f 489//489 456//456 488//488 
f 490//490 458//458 457//457 
f 490//490 457//457 489//489 
f 491//491 459//459 458//458 
f 491//491 458//458 490//490 
f 492//492 460//460 459//459 
f 492//492 459//459 491//491 
f 493//493 461//461 460//460 
f 493//493 460//460 492//492 
f 494//494 462//462 461//461 
f 494//494 461//461 493//493 
f 495//495 463//463 462//462 
f 495//495 462//462 494//494 
f 496//496 464//464 463//463 
f 496//496 463//463 495//495 
f 497//497 465//465 464//464 
f 497//497 464//464 496//496 
f 498//498 466//466 465//465 
f 498//498 465//465 497//497 
f 499//499 467//467 466//466 
f 499//499 466//466 498//498 
f 500//500 468//468 467//467 
f 500//500 467//467 499//499 
f 501//501 469//469 468//468 
f 501//501 468//468 500//500 
f 502//502 470//470 469//469 
f 502//502 469//469 501//501 
f 503//503 471//471 470//470 
f 503//503 470//470 502//502 
f 504//504 472//472 471//471 
f 504//504 471//471 503//503 
f 474//474 442//442 472//472 
f 474//474 472//472 504//504 
f 505//505 473//473 474//474 
f 505//505 474//474 506//506 
f 507//507 475//475 473//473 
f 507//507 473//473 505//505 
f 508//508 476//476 475//475 
f 508//508 475//475 507//507 
f 509//509 477//477 476//476 
f 509//509 476//476 508//508 
f 510//510 478//478 477//477 
f 510//510 477//477 509//509 
f 511//511 479//479 478//478 
f 511//511 478//478 510//510 
f 512//512 480//480 479//479 
f 512//512 479//479 511//511 
f 513//513 481//481 480//480 
f 513//513 480//480 512//512 
f 514//514 482//482 481//481 
f 514//514 481//481 513//513 
f 515//515 483//483 482//482 
f 515//515 482//482 514//514 
f 516//516 484//484 483//483 
f 516//516 483//483 515//515 
f 517//517 485//485 484//484 
f 517//517 484//484 516//516 
f 518//518 486//486 485//485 
f 518//518 485//485 517//517 
f 519//519 487//487 486//486 
f 519//519 486//486 518//518 
f 520//520 488//488 487//487 
f 520//520 487//487 519//519 
f 521//521 489//489 488//488 
f 521//521 488//488 520//520 
f 522//522 490//490 489//489 
f 522//522 489//489 521//521 
f 523//523 491//491 490//490 
f 523//523 490//490 522//522 
f 524//524 492//492 491//491 
f 524//524 491//491 523//523 
f 525//525 493//493 492//492 
f 525//525 492//492 524//524 
f 526//526 494//494 493//493 
f 526//526 493//493 525//525 
f 527//527 495//495 494//494 
f 527//527 494//494 526//526 
f 528//528 496//496 495//495 
f 528//528 495//495 527//527 
f 529//529 497//497 496//496 
f 529//529 496//496 528//528 
f 530//530 498//498 497//497 
f 530//530 497//497 529//529 
f 531//531 499//499 498//498 
f 531//531 498//498 530//530 
f 532//532 500//500 499//499 
f 532//532 499//499 531//531 
f 533//533 501//501 500//500 
f 533//533 500//500 532//532 
f 534//534 502//502 501//501 
f 534//534 501//501 533//533 
f 535//535 503//503 502//502 
f 535//535 502//502 534//534 
f 536//536 504//504 503//503 
f 536//536 503//503 535//535 
f 506//506 474//474 504//504 
f 506//506 504//504 536//536 
f 537//537 505//505 506//506 
f 537//537 506//506 538//538 
f 539//539 507//507 505//505 
f 539//539 505//505 537//537 
f 540//540 508//508 507//507 
f 540//540 507//507 539//539 
f 541//541 509//509 508//508 
f 541//541 508//508 540//540 
f 542//542 510//510 509//509 
f 542//542 509//509 541//541 
f 543//543 511//511 510//510 
f 543//543 510//510 542//542 
f 544//544 512//512 511//511 
f 544//544 511//511 543//543 
f 545//545 513//513 512//512 
f 545//545 512//512 544//544 
f 546//546 514//514 513//513 
f 546//546 513//513 545//545 
f 547//547 515//515 514//514 
f 547//547 514//514 546//546 
f 548//548 516//516 515//515 
f 548//548 515//515 547//547 
f 549//549 517//517 516//516 
f 549//549 516//516 548//548 
f 550//550 518//518 517//517 
f 550//550 517//517 549//549 
f 551//551 519//519 518//518 
f 551//551 518//518 550//550 
f 552//552 520//520 519//519 
f 552//552 519//519 551//551 
f 553//553 521//521 520//520 
f 553//553 520//520 552//552 
f 554//554 522//522 521//521 
f 554//554 521//521 553//553 
f 555//555 523//523 522//522 
f 555//555 522//522 554//554 
f 556//556 524//524 523//523 
f 556//556 523//523 555//555 
f 557//557 525//525 524//524 
f 557//557 524//524 556//556 
f 558//558 526//526 525//525 
f 558//558 525//525 557//557 
f 559//559 527//527 526//526 
f 559//559 526//526 558//558 
f 560//560 528//528 527//527 
f 560//560 527//527 559//559 
f 561//561 529//529 528//528 
f 561//561 528//528 560//560 
f 562//562 530//530 529//529 
f 562//562 529//529 561//561 
f 563//563 531//531 530//530 
f 563//563 530//530 562//562 
f 564//564 532//532 531//531 
f 564//564 531//531 563//563 
f 565//565 533//533 532//532 
f 565//565 532//532 564//564 
f 566//566 534//534 533//533 
f 566//566 533//533 565//565 
f 567//567 535//535 534//534 
f 567//567 534//534 566//566 
f 568//568 536//536 535//535 
f 568//568 535//535 567//567 
f 538//538 506//506 536//536 
f 538//538 536//536 568//568 
f 569//569 537//537 538//538 
f 569//569 538//538 570//570 
f 571//571 539//539 537//537 
f 571//571 537//537 569//569 
f 572//572 540//540 539//539 
f 572//572 539//539 571//571 
f 573//573 541//541 540//540 
f 573//573 540//540 572//572 
f 574//574 542//542 541//541 
f 574//574 541//541 573//573 
f 575//575 543//543 542//542 
f 575//575 542//542 574//574 
f 576//576 544//544 543//543 
f 576//576 543//543 575//575 
f 577//577 545//545 544//544 
f 577//577 544//544 576//576 
f 578//578 546//546 545//545 
f 578//578 545//545 577//577 
f 579//579 547//547 546//546 
f 579//579 546//546 578//578 
f 580//580 548//548 547//547 
f 580//580 547//547 579//579 
f 581//581 549//549 548//548 
f 581//581 548//548 580//580 
f 582//582 550//550 549//549 
f 582//582 549//549 581//581 
f 583//583 551//551 550//550 
f 583//583 550//550 582//582 
f 584//584 552//552 551//551 
f 584//584 551//551 583//583 
f 585//585 553//553 552//552 
f 585//585 552//552 584//584 
f 586//586 554//554 553//553 
f 586//586 553//553 585//585 
f 587//587 555//555 554//554 
f 587//587 554//554 586//586 
f 588//588 556//556 555//555 
f 588//588 555//555 587//587 
f 589//589 557//557 556//556 
f 589//589 556//556 588//588 
f 590//590 558//558 557//557 
f 590//590 557//557 589//589 
f 591//591 559//559 558//558 
f 591//591 558//558 590//590 
f 592//592 560//560 559//559 
f 592//592 559//559 591//591 
f 593//593 561//561 560//560 
f 593//593 560//560 592//592 
f 594//594 562//562 561//561 
f 594//594 561//561 593//593 
f 595//595 563//563 562//562 
f 595//595 562//562 594//594 
f 596//596 564//564 563//563 
f 596//596 563//563 595//595 
f 597//597 565//565 564//564 
f 597//597 564//564 596//596 
f 598//598 566//566 565//565 
f 598//598 565//565 597//597 
f 599//599 567//567 566//566 
f 599//599 566//566 598//598 
f 600//600 568//568 567//567 
f 600//600 567//567 599//599 
f 570//570 538//538 568//568 
f 570//570 568//568 600//600 
f 601//601 569//569 570//570 
f 601//601 570//570 602//602 
f 603//603 571//571 569//569 
f 603//603 569//569 601//601 
f 604//604 572//572 571//571 
f 604//604 571//571 603//603 
f 605//605 573//573 572//572 
f 605//605 572//572 604//604 
f 606//606 574//574 573//573 
f 606//606 573//573 605//605 
f 607//607 575//575 574//574 
f 607//607 574//574 606//606 
f 608//608 576//576 575//575 
f 608//608 575//575 607//607 
f 609//609 577//577 576//576 
f 609//609 576//576 608//608 
f 610//610 578//578 577//577 
f 610//610 577//577 609//609 
f 611//611 579//579 578//578 
f 611//611 578//578 610//610 
f 612//612 580//580 579//579 
f 612//612 579//579 611//611 
f 613//613 581//581 580//580 
f 613//613 580//580 612//612 
f 614//614 582//582 581//581 
f 614//614 581//581 613//613 
f 615//615 583//583 582//582 
f 615//615 582//582 614//614 
f 616//616 584//584 583//583 
f 616//616 583//583 615//615 
f 617//617 585//585 584//584 
f 617//617 584//584 616//616 
f 618//618 586//586 585//585 
f 618//618 585//585 617//617 
f 619//619 587//587 586//586 
f 619//619 586//586 618//618 
f 620//620 588//588 587//587 
f 620//620 587//587 619//619 
f 621//621 589//589 588//588 
f 621//621 588//588 620//620 
f 622//622 590//590 589//589 
f 622//622 589//589 621//621 
f 623//623 591//591 590//590 
f 623//623 590//590 622//622 
f 624//624 592//592 591//591 
f 624//624 591//591 623//623 
f 625//625 593//593 592//592 
f 625//625 592//592 624//624 
f 626//626 594//594 593//593 
f 626//626 593//593 625//625 
f 627//627 595//595 594//594 
f 627//627 594//594 626//626 
f 628//628 596//596 595//595 
f 628//628 595//595 627//627 
f 629//629 597//597 596//596 
f 629//629 596//596 628//628 
f 630//630 598//598 597//597 
f 630//630 597//597 629//629 
f 631//631 599//599 598//598 
f 631//631 598//598 630//630 
f 632//632 600//600 599//599 
f 632//632 599//599 631//631 
f 602//602 570//570 600//600 
f 602//602 600//600 632//632 
f 633//633 601//601 602//602 
f 633//633 602//602 634//634 
f 635//635 603//603 601//601 
f 635//635 601//601 633//633 
f 636//636 604//604 603//603 
f 636//636 603//603 635//635 
f 637//637 605//605 604//604 
f 637//637 604//604 636//636 
f 638//638 606//606 605//605 
f 638//638 605//605 637//637 
f 639//639 607//607 606//606 
f 639//639 606//606 638//638 
f 640//640 608//608 607//607 
f 640//640 607//607 639//639 
f 641//641 609//609 608//608 
f 641//641 608//608 640//640 
f 642//642 610//610 609//609 
f 642//642 609//609 641//641 
f 643//643 611//611 610//610 
f 643//643 610//610 642//642 
f 644//644 612//612 611//611 
f 644//644 611//611 643//643 
f 645//645 613//613 612//612 
f 645//645 612//612 644//644 
f 646//646 614//614 613//613 
f 646//646 613//613 645//645 
f 647//647 615//615 614//614 
f 647//647 614//614 646//646 
f 648//648 616//616 615//615 
f 648//648 615//615 647//647 
f 649//649 617//617 616//616 
f 649//649 616//616 648//648 
f 650//650 618//618 617//617 
f 650//650 617//617 649//649 
f 651//651 619//619 618//618 
f 651//651 618//618 650//650 
f 652//652 620//620 619//619 
f 652//652 619//619 651//651 
f 653//653 621//621 620//620 
f 653//653 620//620 652//652 
f 654//654 622//622 621//621 
f 654//654 621//621 653//653 
f 655//655 623//623 622//622 
f 655//655 622//622 654//654 
f 656//656 624//624 623//623 
f 656//656 623//623 655//655 
f 657//657 625//625 624//624 
f 657//657 624//624 656//656 
f 658//658 626//626 625//625 
f 658//658 625//625 657//657 
f 659//659 627//627 626//626 
f 659//659 626//626 658//658 
f 660//660 628//628 627//627 
f 660//660 627//627 659//659 
f 661//661 629//629 628//628 
f 661//661 628//628 660//660 
f 662//662 630//630 629//629 
f 662//662 629//629 661//661 
f 663//663 631//631 630//630 
f 663//663 630//630 662//662 
f 664//664 632//632 631//631 
f 664//664 631//631 663//663 
f 634//634 602//602 632//632 
f 634//634 632//632 664//664 
f 665//665 633//633 634//634 
f 665//665 634//634 666//666 
f 667//667 635//635 633//633 
f 667//667 633//633 665//665 
f 668//668 636//636 635//635 
f 668//668 635//635 667//667 
f 669//669 637//637 636//636 
f 669//669 636//636 668//668 
f 670//670 638//638 637//637 
f 670//670 637//637 669//669 
f 671//671 639//639 638//638 
f 671//671 638//638 670//670 
f 672//672 640//640 639//639 
f 672//672 639//639 671//671 
f 673//673 641//641 640//640 
f 673//673 640//640 672//672 
f 674//674 642//642 641//641 
f 674//674 641//641 673//673 
f 675//675 643//643 642//642 
f 675//675 642//642 674//674 
f 676//676 644//644 643//643 
f 676//676 643//643 675//675 
f 677//677 645//645 644//644 
f 677//677 644//644 676//676 
f 678//678 646//646 645//645 
f 678//678 645//645 677//677 
f 679//679 647//647 646//646 
f 679//679 646//646 678//678 
f 680//680 648//648 647//647 
f 680//680 647//647 679//679 
f 681//681 649//649 648//648 
f 681//681 648//648 680//680 
f 682//682 650//650 649//649 
f 682//682 649//649 681//681 
f 683//683 651//651 650//650 
f 683//683 650//650 682//682 
f 684//684 652//652 651//651 
f 684//684 651//651 683//683 
f 685//685 653//653 652//652 
f 685//685 652//652 684//684 
f 686//686 654//654 653//653 
f 686//686 653//653 685//685 
f 687//687 655//655 654//654 
f 687//687 654//654 686//686 
f 688//688 656//656 655//655 
f 688//688 655//655 687//687 
f 689//689 657//657 656//656 
f 689//689 656//656 688//688 
f 690//690 658//658 657//657 
f 690//690 657//657 689//689 
f 691//691 659//659 658//658 
f 691//691 658//658 690//690 
f 692//692 660//660 659//659 
f 692//692 659//659 691//691 
f 693//693 661//661 660//660 
f 693//693 660//660 692//692 
f 694//694 662//662 661//661 
f 694//694 661//661 693//693 
f 695//695 663//663 662//662 
f 695//695 662//662 694//694 
f 696//696 664//664 663//663 
f 696//696 663//663 695//695 
f 666//666 634//634 664//664 
f 666//666 664//664 696//696 
f 697//697 665//665 666//666 
f 697//697 666//666 698//698 
f 699//699 667//667 665//665 
f 699//699 665//665 697//697 
f 700//700 668//668 667//667 
f 700//700 667//667 699//699 
f 701//701 669//669 668//668 
f 701//701 668//668 700//700 
f 702//702 670//670 669//669 
f 702//702 669//669 701//701 
f 703//703 671//671 670//670 
f 703//703 670//670 702//702 
f 704//704 672//672 671//671 
f 704//704 671//671 703//703 
f 705//705 673//673 672//672 
f 705//705 672//672 704//704 
f 706//706 674//674 673//673 
f 706//706 673//673 705//705 
f 707//707 675//675 674//674 
f 707//707 674//674 706//706 
f 708//708 676//676 675//675 
f 708//708 675//675 707//707 
f 709//709 677//677 676//676 
f 709//709 676//676 708//708 
f 710//710 678//678 677//677 
f 710//710 677//677 709//709 
f 711//711 679//679 678//678 
f 711//711 678//678 710//710 
f 712//712 680//680 679//679 
f 712//712 679//679 711//711 
f 713//713 681//681 680//680 
f 713//713 680//680 712//712 
f 714//714 682//682 681//681 
f 714//714 681//681 713//713 
f 715//715 683//683 682//682 
f 715//715 682//682 714//714 
f 716//716 684//684 683//683 
f 716//716 683//683 715//715 
f 717//717 685//685 684//684 
f 717//717 684//684 716//716 
f 718//718 686//686 685//685 
f 718//718 685//685 717//717 
f 719//719 687//687 686//686 
f 719//719 686//686 718//718 
f 720//720 688//688 687//687 
f 720//720 687//687 719//719 
f 721//721 689//689 688//688 
f 721//721 688//688 720//720 
f 722//722 690//690 689//689 
f 722//722 689//689 721//721 
f 723//723 691//691 690//690 
f 723//723 690//690 722//722 
f 724//724 692//692 691//691 
f 724//724 691//691 723//723 
f 725//725 693//693 692//692 
f 725//725 692//692 724//724 
f 726//726 694//694 693//693 
f 726//726 693//693 725//725 
f 727//727 695//695 694//694 
f 727//727 694//694 726//726 
f 728//728 696//696 695//695 
f 728//728 695//695 727//727 
f 698//698 666//666 696//696 
f 698//698 696//696 728//728 
f 729//729 697//697 698//698 
f 729//729 698//698 730//730 
f 731//731 699//699 697//697 
f 731//731 697//697 729//729 
f 732//732 700//700 699//699 
f 732//732 699//699 731//731 
f 733//733 701//701 700//700 
f 733//733 700//700 732//732 
f 734//734 702//702 701//701 
f 734//734 701//701 733//733 
f 735//735 703//703 702//702 
f 735//735 702//702 734//734 
f 736//736 704//704 703//703 
f 736//736 703//703 735//735 
f 737//737 705//705 704//704 
f 737//737 704//704 736//736 
f 738//738 706//706 705//705 
f 738//738 705//705 737//737 
f 739//739 707//707 706//706 
f 739//739 706//706 738//738 
f 740//740 708//708 707//707 
f 740//740 707//707 739//739 
f 741//741 709//709 708//708 
f 741//741 708//708 740//740 
f 742//742 710//710 709//709 
f 742//742 709//709 741//741 
f 743//743 711//711 710//710 
f 743//743 710//710 742//742 
f 744//744 712//712 711//711 
f 744//744 711//711 743//743 
f 745//745 713//713 712//712 
f 745//745 712//712 744//744 
f 746//746 714//714 713//713 
f 746//746 713//713 745//745 
f 747//747 715//715 714//714 
f 747//747 714//714 746//746 
f 748//748 716//716 715//715 
f 748//748 715//715 747//747 
f 749//749 717//717 716//716 
f 749//749 716//716 748//748 
f 750//750 718//718 717//717 
f 750//750 717//717 749//749 
f 751//751 719//719 718//718 
f 751//751 718//718 750//750 
f 752//752 720//720 719//719 
f 752//752 719//719 751//751 
f 753//753 721//721 720//720 
f 753//753 720//720 752//752 
f 754//754 722//722 721//721 
f 754//754 721//721 753//753 
f 755//755 723//723 722//722 
f 755//755 722//722 754//754 
f 756//756 724//724 723//723 
f 756//756 723//723 755//755 
f 757//757 725//725 724//724 
f 757//757 724//724 756//756 
f 758//758 726//726 725//725 
f 758//758 725//725 757//757 
f 759//759 727//727 726//726 
f 759//759 726//726 758//758 
f 760//760 728//728 727//727 
f 760//760 727//727 759//759 
f 730//730 698//698 728//728 
f 730//730 728//728 760//760 
f 761//761 729//729 730//730 
f 761//761 730//730 762//762 
f 763//763 731//731 729//729 
f 763//763 729//729 761//761 
f 764//764 732//732 731//731 
f 764//764 731//731 763//763 
f 765//765 733//733 732//732 
f 765//765 732//732 764//764 
f 766//766 734//734 733//733 
f 766//766 733//733 765//765 
f 767//767 735//735 734//734 
f 767//767 734//734 766//766 
f 768//768 736//736 735//735 
f 768//768 735//735 767//767 
f 769//769 737//737 736//736 
f 769//769 736//736 768//768 
f 770//770 738//738 737//737 
f 770//770 737//737 769//769 
f 771//771 739//739 738//738 
f 771//771 738//738 770//770 
f 772//772 740//740 739//739 
f 772//772 739//739 771//771 
f 773//773 741//741 740//740 
f 773//773 740//740 772//772 
f 774//774 742//742 741//741 
f 774//774 741//741 773//773 
f 775//775 743//743 742//742 
f 775//775 742//742 774//774 
f 776//776 744//744 743//743 
f 776//776 743//743 775//775 
f 777//777 745//745 744//744 
f 777//777 744//744 776//776 
f 778//778 746//746 745//745 
f 778//778 745//745 777//777 
f 779//779 747//747 746//746 
f 779//779 746//746 778//778 
f 780//780 748//748 747//747 
f 780//780 747//747 779//779 
f 781//781 749//749 748//748 
f 781//781 748//748 780//780 
f 782//782 750//750 749//749 
f 782//782 749//749 781//781 
f 783//783 751//751 750//750 
f 783//783 750//750 782//782 
f 784//784 752//752 751//751 
f 784//784 751//751 783//783 
f 785//785 753//753 752//752 
f 785//785 752//752 784//784 
f 786//786 754//754 753//753 
f 786//786 753//753 785//785 
f 787//787 755//755 754//754 
f 787//787 754//754 786//786 
f 788//788 756//756 755//755 
f 788//788 755//755 787//787 
f 789//789 757//757 756//756 
f 789//789 756//756 788//788 
f 790//790 758//758 757//757 
f 790//790 757//757 789//789 
f 791//791 759//759 758//758 
f 791//791 758//758 790//790 
f 792//792 760//760 759//759 
f 792//792 759//759 791//791 
f 762//762 730//730 760//760 
f 762//762 760//760 792//792 
f 793//793 761//761 762//762 
f 793//793 762//762 794//794 
f 795//795 763//763 761//761 
f 795//795 761//761 793//793 
f 796//796 764//764 763//763 
f 796//796 763//763 795//795 
f 797//797 765//765 764//764 
f 797//797 764//764 796//796 
f 798//798 766//766 765//765 
f 798//798 765//765 797//797 
f 799//799 767//767 766//766 
f 799//799 766//766 798//798 
f 800//800 768//768 767//767 
f 800//800 767//767 799//799 
f 801//801 769//769 768//768 
f 801//801 768//768 800//800 
f 802//802 770//770 769//769 
f 802//802 769//769 801//801 
f 803//803 771//771 770//770 
f 803//803 770//770 802//802 
f 804//804 772//772 771//771 
f 804//804 771//771 803//803 
f 805//805 773//773 772//772 
f 805//805 772//772 804//804 
f 806//806 774//774 773//773 
f 806//806 773//773 805//805 
f 807//807 775//775 774//774 
f 807//807 774//774 806//806 
f 808//808 776//776 775//775 
f 808//808 775//775 807//807 
f 809//809 777//777 776//776 
f 809//809 776//776 808//808 
f 810//810 778//778 777//777 
f 810//810 777//777 809//809 
f 811//811 779//779 778//778 
f 811//811 778//778 810//810 
f 812//812 780//780 779//779 
f 812//812 779//779 811//811 
f 813//813 781//781 780//780 
f 813//813 780//780 812//812 
f 814//814 782//782 781//781 
f 814//814 781//781 813//813 
f 815//815 783//783 782//782 
f 815//815 782//782 814//814 
f 816//816 784//784 783//783 
f 816//816 783//783 815//815 
f 817//817 785//785 784//784 
f 817//817 784//784 816//816 
f 818//818 786//786 785//785 
f 818//818 785//785 817//817 
f 819//819 787//787 786//786 
f 819//819 786//786 818//818 
f 820//820 788//788 787//787 
f 820//820 787//787 819//819 
f 821//821 789//789 788//788 
f 821//821 788//788 820//820 
f 822//822 790//790 789//789 
f 822//822 789//789 821//821 
f 823//823 791//791 790//790 
f 823//823 790//790 822//822 
f 824//824 792//792 791//791 
f 824//824 791//791 823//823 
f 794//794 762//762 792//792 
f 794//794 792//792 824//824 
f 825//825 793//793 794//794 
f 825//825 794//794 826//826 
f 827//827 795//795 793//793 
f 827//827 793//793 825//825 
f 828//828 796//796 795//795 
f 828//828 795//795 827//827 
f 829//829 797//797 796//796 
f 829//829 796//796 828//828 
f 830//830 798//798 797//797 
f 830//830 797//797 829//829 
f 831//831 799//799 798//798 
f 831//831 798//798 830//830 
f 832//832 800//800 799//799 
f 832//832 799//799 831//831 
f 833//833 801//801 800//800 
f 833//833 800//800 832//832 
f 834//834 802//802 801//801 
f 834//834 801//801 833//833 
f 835//835 803//803 802//802 
f 835//835 802//802 834//834 
f 836//836 804//804 803//803 
f 836//836 803//803 835//835 
f 837//837 805//805 804//804 
f 837//837 804//804 836//836 
f 838//838 806//806 805//805 
f 838//838 805//805 837//837 
f 839//839 807//807 806//806 
f 839//839 806//806 838//838 
f 840//840 808//808 807//807 
f 840//840 807//807 839//839 
f 841//841 809//809 808//808 
f 841//841 808//808 840//840 
f 842//842 810//810 809//809 
f 842//842 809//809 841//841 
f 843//843 811//811 810//810 
f 843//843 810//810 842//842 
f 844//844 812//812 811//811 
f 844//844 811//811 843//843 
f 845//845 813//813 812//812 
f 845//845 812//812 844//844 
f 846//846 814//814 813//813 
f 846//846 813//813 845//845 
f 847//847 815//815 814//814 
f 847//847 814//814 846//846 
f 848//848 816//816 815//815 
f 848//848 815//815 847//847 
f 849//849 817//817 816//816 
f 849//849 816//816 848//848 
f 850//850 818//818 817//817 
f 850//850 817//817 849//849 
f 851//851 819//819 818//818 
f 851//851 818//818 850//850 
f 852//852 820//820 819//819 
f 852//852 819//819 851//851 
f 853//853 821//821 820//820 
f 853//853 820//820 852//852 
f 854//854 822//822 821//821 
f 854//854 821//821 853//853 
f 855//855 823//823 822//822 
f 855//855 822//822 854//854 
f 856//856 824//824 823//823 
f 856//856 823//823 855//855 
f 826//826 794//794 824//824 
f 826//826 824//824 856//856 
f 857//857 825//825 826//826 
f 857//857 826//826 858//858 
f 859//859 827//827 825//825 
f 859//859 825//825 857//857 
f 860//860 828//828 827//827 
f 860//860 827//827 859//859 
f 861//861 829//829 828//828 
f 861//861 828//828 860//860 
f 862//862 830//830 829//829 
f 862//862 829//829 861//861 
f 863//863 831//831 830//830 
f 863//863 830//830 862//862 
f 864//864 832//832 831//831 
f 864//864 831//831 863//863 
f 865//865 833//833 832//832 
f 865//865 832//832 864//864 
f 866//866 834//834 833//833 
f 866//866 833//833 865//865 
f 867//867 835//835 834//834 
f 867//867 834//834 866//866 
f 868//868 836//836 835//835 
f 868//868 835//835 867//867 
f 869//869 837//837 836//836 
f 869//869 836//836 868//868 
f 870//870 838//838 837//837 
f 870//870 837//837 869//869 
f 871//871 839//839 838//838 
f 871//871 838//838 870//870 
f 872//872 840//840 839//839 
f 872//872 839//839 871//871 
f 873//873 841//841 840//840 
f 873//873 840//840 872//872 
f 874//874 842//842 841//841 
f 874//874 841//841 873//873 
f 875//875 843//843 842//842 
f 875//875 842//842 874//874 
f 876//876 844//844 843//843 
f 876//876 843//843 875//875 
f 877//877 845//845 844//844 
f 877//877 844//844 876//876 
f 878//878 846//846 845//845 
f 878//878 845//845 877//877 
f 879//879 847//847 846//846 
f 879//879 846//846 878//878 
f 880//880 848//848 847//847 
f 880//880 847//847 879//879 
f 881//881 849//849 848//848 
f 881//881 848//848 880//880 
f 882//882 850//850 849//849 
f 882//882 849//849 881//881 
f 883//883 851//851 850//850 
f 883//883 850//850 882//882 
f 884//884 852//852 851//851 
f 884//884 851//851 883//883 
f 885//885 853//853 852//852 
f 885//885 852//852 884//884 
f 886//886 854//854 853//853 
f 886//886 853//853 885//885 
f 887//887 855//855 854//854 
f 887//887 854//854 886//886 
f 888//888 856//856 855//855 
f 888//888 855//855 887//887 
f 858//858 826//826 856//856 
f 858//858 856//856 888//888 
f 889//889 857//857 858//858 
f 889//889 858//858 890//890 
f 891//891 859//859 857//857 
f 891//891 857//857 889//889 
f 892//892 860//860 859//859 
f 892//892 859//859 891//891 
f 893//893 861//861 860//860 
f 893//893 860//860 892//892 
f 894//894 862//862 861//861 
f 894//894 861//861 893//893 
f 895//895 863//863 862//862 
f 895//895 862//862 894//894 
f 896//896 864//864 863//863 
f 896//896 863//863 895//895 
f 897//897 865//865 864//864 
f 897//897 864//864 896//896 
f 898//898 866//866 865//865 
f 898//898 865//865 897//897 
f 899//899 867//867 866//866 
f 899//899 866//866 898//898 
f 900//900 868//868 867//867 
f 900//900 867//867 899//899 
f 901//901 869//869 868//868 
f 901//901 868//868 900//900 
f 902//902 870//870 869//869 
f 902//902 869//869 901//901 
f 903//903 871//871 870//870 
f 903//903 870//870 902//902 
f 904//904 872//872 871//871 
f 904//904 871//871 903//903 
f 905//905 873//873 872//872 
f 905//905 872//872 904//904 
f 906//906 874//874 873//873 
f 906//906 873//873 905//905 
f 907//907 875//875 874//874 
f 907//907 874//874 906//906 
f 908//908 876//876 875//875 
f 908//908 875//875 907//907 
f 909//909 877//877 876//876 
f 909//909 876//876 908//908 
f 910//910 878//878 877//877 
f 910//910 877//877 909//909 
f 911//911 879//879 878//878 
f 911//911 878//878 910//910 
f 912//912 880//880 879//879 
f 912//912 879//879 911//911 
f 913//913 881//881 880//880 
f 913//913 880//880 912//912 
f 914//914 882//882 881//881 
f 914//914 881//881 913//913 
f 915//915 883//883 882//882 
f 915//915 882//882 914//914 
f 916//916 884//884 883//883 
f 916//916 883//883 915//915 
f 917//917 885//885 884//884 
f 917//917 884//884 916//916 
f 918//918 886//886 885//885 
f 918//918 885//885 917//917 
f 919//919 887//887 886//886 
f 919//919 886//886 918//918 
f 920//920 888//888 887//887 
f 920//920 887//887 919//919 
f 890//890 858//858 888//888 
f 890//890 888//888 920//920 
f 921//921 889//889 890//890 
f 921//921 890//890 922//922 
f 923//923 891//891 889//889 
f 923//923 889//889 921//921 
f 924//924 892//892 891//891 
f 924//924 891//891 923//923 
f 925//925 893//893 892//892 
f 925//925 892//892 924//924 
f 926//926 894//894 893//893 
f 926//926 893//893 925//925 
f 927//927 895//895 894//894 
f 927//927 894//894 926//926 
f 928//928 896//896 895//895 
f 928//928 895//895 927//927 
f 929//929 897//897 896//896 
f 929//929 896//896 928//928 
f 930//930 898//898 897//897 
f 930//930 897//897 929//929 
f 931//931 899//899 898//898 
f 931//931 898//898 930//930 
f 932//932 900//900 899//899 
f 932//932 899//899 931//931 
f 933//933 901//901 900//900 
f 933//933 900//900 932//932 
f 934//934 902//902 901//901 
f 934//934 901//901 933//933 
f 935//935 903//903 902//902 
f 935//935 902//902 934//934 
f 936//936 904//904 903//903 
f 936//936 903//903 935//935 
f 937//937 905//905 904//904 
f 937//937 904//904 936//936 
f 938//938 906//906 905//905 
f 938//938 905//905 937//937 
f 939//939 907//907 906//906 
f 939//939 906//906 938//938 
f 940//940 908//908 907//907 
f 940//940 907//907 939//939 
f 941//941 909//909 908//908 
f 941//941 908//908 940//940 
f 942//942 910//910 909//909 
f 942//942 909//909 941//941 
f 943//943 911//911 910//910 
f 943//943 910//910 942//942 
f 944//944 912//912 911//911 
f 944//944 911//911 943//943 
f 945//945 913//913 912//912 
f 945//945 912//912 944//944 
f 946//946 914//914 913//913 
f 946//946 913//913 945//945 
f 947//947 915//915 914//914 
f 947//947 914//914 946//946 
f 948//948 916//916 915//915 
f 948//948 915//915 947//947 
f 949//949 917//917 916//916 
f 949//949 916//916 948//948 
f 950//950 918//918 917//917 
f 950//950 917//917 949//949 
f 951//951 919//919 918//918 
f 951//951 918//918 950//950 
f 952//952 920//920 919//919 
f 952//952 919//919 951//951 
f 922//922 890//890 920//920 
f 922//922 920//920 952//952 
f 953//953 921//921 922//922 
f 953//953 922//922 954//954 
f 955//955 923//923 921//921 
f 955//955 921//921 953//953 
f 956//956 924//924 923//923 
f 956//956 923//923 955//955 
f 957//957 925//925 924//924 
f 957//957 924//924 956//956 
f 958//958 926//926 925//925 
f 958//958 925//925 957//957 
f 959//959 927//927 926//926 
f 959//959 926//926 958//958 
f 960//960 928//928 927//927 
f 960//960 927//927 959//959 
f 961//961 929//929 928//928 
f 961//961 928//928 960//960 
f 962//962 930//930 929//929 
f 962//962 929//929 961//961 
f 963//963 931//931 930//930 
f 963//963 930//930 962//962 
f 964//964 932//932 931//931 
f 964//964 931//931 963//963 
f 965//965 933//933 932//932 
f 965//965 932//932 964//964 
f 966//966 934//934 933//933 
f 966//966 933//933 965//965 
f 967//967 935//935 934//934 
f 967//967 934//934 966//966 
f 968//968 936//936 935//935 
f 968//968 935//935 967//967 
f 969//969 937//937 936//936 
f 969//969 936//936 968//968 
f 970//970 971//971 938//938 
f 937//937 969//969 970//970 
f 938//938 937//937 970//970 
f 972//972 973//973 939//939 
f 938//938 971//971 972//972 
f 939//939 938//938 972//972 
f 974//974 975//975 940//940 
f 939//939 973//973 974//974 
f 940//940 939//939 974//974 
f 976//976 977//977 941//941 
f 940//940 975//975 976//976 
f 941//941 940//940 976//976 
f 978//978 979//979 942//942 
f 941//941 977//977 978//978 
f 942//942 941//941 978//978 
f 980//980 981//981 943//943 
f 942//942 979//979 980//980 
f 943//943 942//942 980//980 
f 982//982 983//983 944//944 
f 943//943 981//981 982//982 
f 944//944 943//943 982//982 
f 984//984 985//985 945//945 
f 944//944 983//983 984//984 
f 945//945 944//944 984//984 
f 986//986 987//987 946//946 
f 945//945 985//985 986//986 
f 946//946 945//945 986//986 
f 988//988 989//989 947//947 
f 946//946 987//987 988//988 
f 947//947 946//946 988//988 
f 990//990 991//991 948//948 
f 947//947 989//989 990//990 
f 948//948 947//947 990//990 
f 992//992 993//993 949//949 
f 948//948 991//991 992//992 
f 949//949 948//948 992//992 
f 994//994 995//995 950//950 
f 949//949 993//993 994//994 
f 950//950 949//949 994//994 
f 996//996 997//997 951//951 
f 950//950 995//995 996//996 
f 951//951 950//950 996//996 
f 998//998 999//999 952//952 
f 951//951 997//997 998//998 
f 952//952 951//951 998//998 
f 954//954 922//922 952//952 
f 954//954 952//952 999//999 
f 1000//1000 1001//1001 953//953 
f 954//954 1002//1002 1000//1000 
f 953//953 954//954 1000//1000 
f 1003//1003 1004//1004 955//955 
f 953//953 1001//1001 1003//1003 
f 955//955 953//953 1003//1003 
f 1005//1005 1006//1006 956//956 
f 955//955 1004//1004 1005//1005 
f 956//956 955//955 1005//1005 
f 1007//1007 1008//1008 957//957 
f 956//956 1006//1006 1007//1007 
f 957//957 956//956 1007//1007 
f 1009//1009 1010//1010 958//958 
f 957//957 1008//1008 1009//1009 
f 958//958 957//957 1009//1009 
f 1011//1011 1012//1012 959//959 
f 958//958 1010//1010 1011//1011 
f 959//959 958//958 1011//1011 
f 1013//1013 1014//1014 960//960 
f 959//959 1012//1012 1013//1013 
f 960//960 959//959 1013//1013 
f 1015//1015 1016//1016 961//961 
f 960//960 1014//1014 1015//1015 
f 961//961 960//960 1015//1015 
f 1017//1017 1018//1018 962//962 
f 961//961 1016//1016 1017//1017 
f 962//962 961//961 1017//1017 
f 1019//1019 1020//1020 963//963 
f 962//962 1018//1018 1019//1019 
f 963//963 962//962 1019//1019 
f 1021//1021 1022//1022 964//964 
f 963//963 1020//1020 1021//1021 
f 964//964 963//963 1021//1021 
f 1023//1023 1024//1024 965//965 
f 964//964 1022//1022 1023//1023 
f 965//965 964//964 1023//1023 
f 1025//1025 1026//1026 966//966 
f 965//965 1024//1024 1025//1025 
f 966//966 965//965 1025//1025 
f 1027//1027 1028//1028 967//967 
f 966//966 1026//1026 1027//1027 
f 967//967 966//966 1027//1027 
f 1029//1029 1030//1030 968//968 
f 967//967 1028//1028 1029//1029 
f 968//968 967//967 1029//1029 
f 1031//1031 1032//1032 1033//1033 
f 1033//1033 969//969 968//968 
f 968//968 1030//1030 1031//1031 
f 1031//1031 1033//1033 968//968 
f 1034//1034 1035//1035 1036//1036 
f 1034//1034 1036//1036 1037//1037 
f 1035//1035 971//971 970//970 
f 1035//1035 970//970 1036//1036 
f 1036//1036 970//970 969//969 
f 1036//1036 969//969 1033//1033 
f 1037//1037 1036//1036 1033//1033 
f 1037//1037 1033//1033 1032//1032 
f 1038//1038 1039//1039 1040//1040 
f 1038//1038 1040//1040 1041//1041 
f 1039//1039 973//973 972//972 
f 1039//1039 972//972 1040//1040 
f 1040//1040 972//972 971//971 
f 1040//1040 971//971 1035//1035 
f 1041//1041 1040//1040 1035//1035 
f 1041//1041 1035//1035 1034//1034 
f 1042//1042 1043//1043 1044//1044 
f 1042//1042 1044//1044 1045//1045 
f 1043//1043 975//975 974//974 
f 1043//1043 974//974 1044//1044 
f 1044//1044 974//974 973//973 
f 1044//1044 973//973 1039//1039 
f 1045//1045 1044//1044 1039//1039 
f 1045//1045 1039//1039 1038//1038 
f 1046//1046 1047//1047 1048//1048 
f 1046//1046 1048//1048 1049//1049 
f 1047//1047 977//977 976//976 
f 1047//1047 976//976 1048//1048 
f 1048//1048 976//976 975//975 
f 1048//1048 975//975 1043//1043 
f 1049//1049 1048//1048 1043//1043 
f 1049//1049 1043//1043 1042//1042 
f 1050//1050 1051//1051 1052//1052 
f 1050//1050 1052//1052 1053//1053 
f 1051//1051 979//979 978//978 
f 1051//1051 978//978 1052//1052 
f 1052//1052 978//978 977//977 
f 1052//1052 977//977 1047//1047 
f 1053//1053 1052//1052 1047//1047 
f 1053//1053 1047//1047 1046//1046 
f 1054//1054 1055//1055 1056//1056 
f 1054//1054 1056//1056 1057//1057 
f 1055//1055 981//981 980//980 
f 1055//1055 980//980 1056//1056 
f 1056//1056 980//980 979//979 
f 1056//1056 979//979 1051//1051 
f 1057//1057 1056//1056 1051//1051 
f 1057//1057 1051//1051 1050//1050 
f 1058//1058 1059//1059 1060//1060 
f 1058//1058 1060//1060 1061//1061 
f 1059//1059 983//983 982//982 
f 1059//1059 982//982 1060//1060 
f 1060//1060 982//982 981//981 
f 1060//1060 981//981 1055//1055 
f 1061//1061 1060//1060 1055//1055 
f 1061//1061 1055//1055 1054//1054 
f 1062//1062 1063//1063 1064//1064 
f 1062//1062 1064//1064 1065//1065 
f 1063//1063 985//985 984//984 
f 1063//1063 984//984 1064//1064 
f 1064//1064 984//984 983//983 
f 1064//1064 983//983 1059//1059 
f 1065//1065 1064//1064 1059//1059 
f 1065//1065 1059//1059 1058//1058 
f 1066//1066 1067//1067 1068//1068 
f 1066//1066 1068//1068 1069//1069 
f 1067//1067 987//987 986//986 
f 1067//1067 986//986 1068//1068 
f 1068//1068 986//986 985//985 
f 1068//1068 985//985 1063//1063 
f 1069//1069 1068//1068 1063//1063 
f 1069//1069 1063//1063 1062//1062 
f 1070//1070 1071//1071 1072//1072 
f 1070//1070 1072//1072 1073//1073 
f 1071//1071 989//989 988//988 
f 1071//1071 988//988 1072//1072 
f 1072//1072 988//988 987//987 
f 1072//1072 987//987 1067//1067 
f 1073//1073 1072//1072 1067//1067 
f 1073//1073 1067//1067 1066//1066 
f 1074//1074 1075//1075 1076//1076 
f 1074//1074 1076//1076 1077//1077 
f 1075//1075 991//991 990//990 
f 1075//1075 990//990 1076//1076 
f 1076//1076 990//990 989//989 
f 1076//1076 989//989 1071//1071 
f 1077//1077 1076//1076 1071//1071 
f 1077//1077 1071//1071 1070//1070 
f 1078//1078 1079//1079 1080//1080 
f 1078//1078 1080//1080 1081//1081 
f 1079//1079 993//993 992//992 
f 1079//1079 992//992 1080//1080 
f 1080//1080 992//992 991//991 
f 1080//1080 991//991 1075//1075 
f 1081//1081 1080//1080 1075//1075 
f 1081//1081 1075//1075 1074//1074 
f 1082//1082 1083//1083 1084//1084 
f 1082//1082 1084//1084 1085//1085 
f 1083//1083 995//995 994//994 
f 1083//1083 994//994 1084//1084 
f 1084//1084 994//994 993//993 
f 1084//1084 993//993 1079//1079 
f 1085//1085 1084//1084 1079//1079 
f 1085//1085 1079//1079 1078//1078 
f 1086//1086 1087//1087 1088//1088 
f 1086//1086 1088//1088 1089//1089 
f 1087//1087 997//997 996//996 
f 1087//1087 996//996 1088//1088 
f 1088//1088 996//996 995//995 
f 1088//1088 995//995 1083//1083 
f 1089//1089 1088//1088 1083//1083 
f 1089//1089 1083//1083 1082//1082 
f 1090//1090 1091//1091 1092//1092 
f 1090//1090 1092//1092 1093//1093 
f 1091//1091 999//999 998//998 
f 1091//1091 998//998 1092//1092 
f 1092//1092 998//998 997//997 
f 1092//1092 997//997 1087//1087 
f 1093//1093 1092//1092 1087//1087 
f 1093//1093 1087//1087 1086//1086 
f 1091//1091 1090//1090 1094//1094 
f 1094//1094 1002//1002 954//954 
f 954//954 999//999 1091//1091 
f 1091//1091 1094//1094 954//954 
f 1095//1095 1096//1096 1097//1097 
f 1095//1095 1097//1097 1098//1098 
f 1096//1096 1001//1001 1000//1000 
f 1096//1096 1000//1000 1097//1097 
f 1097//1097 1000//1000 1002//1002 
f 1097//1097 1002//1002 1099//1099 
f 1098//1098 1097//1097 1099//1099 
f 1098//1098 1099//1099 1100//1100 
f 1101//1101 1102//1102 1103//1103 
f 1101//1101 1103//1103 1104//1104 
f 1102//1102 1004//1004 1003//1003 
f 1102//1102 1003//1003 1103//1103 
f 1103//1103 1003//1003 1001//1001 
f 1103//1103 1001//1001 1096//1096 
f 1104//1104 1103//1103 1096//1096 
f 1104//1104 1096//1096 1095//1095 
f 1105//1105 1106//1106 1107//1107 
f 1105//1105 1107//1107 1108//1108 
f 1106//1106 1006//1006 1005//1005 
f 1106//1106 1005//1005 1107//1107 
f 1107//1107 1005//1005 1004//1004 
f 1107//1107 1004//1004 1102//1102 
f 1108//1108 1107//1107 1102//1102 
f 1108//1108 1102//1102 1101//1101 
f 1109//1109 1110//1110 1111//1111 
f 1109//1109 1111//1111 1112//1112 
f 1110//1110 1008//1008 1007//1007 
f 1110//1110 1007//1007 1111//1111 
f 1111//1111 1007//1007 1006//1006 
f 1111//1111 1006//1006 1106//1106 
f 1112//1112 1111//1111 1106//1106 
f 1112//1112 1106//1106 1105//1105 
f 1113//1113 1114//1114 1115//1115 
f 1113//1113 1115//1115 1116//1116 
f 1114//1114 1010//1010 1009//1009 
f 1114//1114 1009//1009 1115//1115 
f 1115//1115 1009//1009 1008//1008 
f 1115//1115 1008//1008 1110//1110 
f 1116//1116 1115//1115 1110//1110 
f 1116//1116 1110//1110 1109//1109 
f 1117//1117 1118//1118 1119//1119 
f 1117//1117 1119//1119 1120//1120 
f 1118//1118 1012//1012 1011//1011 
f 1118//1118 1011//1011 1119//1119 
f 1119//1119 1011//1011 1010//1010 
f 1119//1119 1010//1010 1114//1114 
f 1120//1120 1119//1119 1114//1114 
f 1120//1120 1114//1114 1113//1113 
f 1121//1121 1122//1122 1123//1123 
f 1121//1121 1123//1123 1124//1124 
f 1122//1122 1014//1014 1013//1013 
f 1122//1122 1013//1013 1123//1123 
f 1123//1123 1013//1013 1012//1012 
f 1123//1123 1012//1012 1118//1118 
f 1124//1124 1123//1123 1118//1118 
f 1124//1124 1118//1118 1117//1117 
f 1125//1125 1126//1126 1127//1127 
f 1125//1125 1127//1127 1128//1128 
f 1126//1126 1016//1016 1015//1015 
f 1126//1126 1015//1015 1127//1127 
f 1127//1127 1015//1015 1014//1014 
f 1127//1127 1014//1014 1122//1122 
f 1128//1128 1127//1127 1122//1122 
f 1128//1128 1122//1122 1121//1121 
f 1129//1129 1130//1130 1131//1131 
f 1129//1129 1131//1131 1132//1132 
f 1130//1130 1018//1018 1017//1017 
f 1130//1130 1017//1017 1131//1131 
f 1131//1131 1017//1017 1016//1016 
f 1131//1131 1016//1016 1126//1126 
f 1132//1132 1131//1131 1126//1126 
f 1132//1132 1126//1126 1125//1125 
f 1133//1133 1134//1134 1135//1135 
f 1133//1133 1135//1135 1136//1136 
f 1134//1134 1020//1020 1019//1019 
f 1134//1134 1019//1019 1135//1135 
f 1135//1135 1019//1019 1018//1018 
f 1135//1135 1018//1018 1130//1130 
f 1136//1136 1135//1135 1130//1130 
f 1136//1136 1130//1130 1129//1129 
f 1137//1137 1138//1138 1139//1139 
f 1137//1137 1139//1139 1140//1140 
f 1138//1138 1022//1022 1021//1021 
f 1138//1138 1021//1021 1139//1139 
f 1139//1139 1021//1021 1020//1020 
f 1139//1139 1020//1020 1134//1134 
f 1140//1140 1139//1139 1134//1134 
f 1140//1140 1134//1134 1133//1133 
f 1141//1141 1142//1142 1143//1143 
f 1141//1141 1143//1143 1144//1144 
f 1142//1142 1024//1024 1023//1023 
f 1142//1142 1023//1023 1143//1143 
f 1143//1143 1023//1023 1022//1022 
f 1143//1143 1022//1022 1138//1138 
f 1144//1144 1143//1143 1138//1138 
f 1144//1144 1138//1138 1137//1137 
f 1145//1145 1146//1146 1147//1147 
f 1145//1145 1147//1147 1148//1148 
f 1146//1146 1026//1026 1025//1025 
f 1146//1146 1025//1025 1147//1147 
f 1147//1147 1025//1025 1024//1024 
f 1147//1147 1024//1024 1142//1142 
f 1148//1148 1147//1147 1142//1142 
f 1148//1148 1142//1142 1141//1141 
f 1149//1149 1150//1150 1151//1151 
f 1149//1149 1151//1151 1152//1152 
f 1150//1150 1028//1028 1027//1027 
f 1150//1150 1027//1027 1151//1151 
f 1151//1151 1027//1027 1026//1026 
f 1151//1151 1026//1026 1146//1146 
f 1152//1152 1151//1151 1146//1146 
f 1152//1152 1146//1146 1145//1145 
f 1153//1153 1154//1154 1155//1155 
f 1153//1153 1155//1155 1156//1156 
f 1154//1154 1030//1030 1029//1029 
f 1154//1154 1029//1029 1155//1155 
f 1155//1155 1029//1029 1028//1028 
f 1155//1155 1028//1028 1150//1150 
f 1156//1156 1155//1155 1150//1150 
f 1156//1156 1150//1150 1149//1149 
f 1157//1157 1158//1158 1159//1159 
f 1157//1157 1159//1159 1160//1160 
f 1158//1158 1032//1032 1031//1031 
f 1158//1158 1031//1031 1159//1159 
f 1159//1159 1031//1031 1030//1030 
f 1159//1159 1030//1030 1154//1154 
f 1160//1160 1159//1159 1154//1154 
f 1160//1160 1154//1154 1153//1153 
f 1161//1161 1162//1162 1163//1163 
f 1161//1161 1163//1163 1164//1164 
f 1162//1162 1034//1034 1037//1037 
f 1162//1162 1037//1037 1163//1163 
f 1163//1163 1037//1037 1032//1032 
f 1163//1163 1032//1032 1158//1158 
f 1164//1164 1163//1163 1158//1158 
f 1164//1164 1158//1158 1157//1157 
f 1165//1165 1166//1166 1167//1167 
f 1165//1165 1167//1167 1168//1168 
f 1166//1166 1038//1038 1041//1041 
f 1166//1166 1041//1041 1167//1167 
f 1167//1167 1041//1041 1034//1034 
f 1167//1167 1034//1034 1162//1162 
f 1168//1168 1167//1167 1162//1162 
f 1168//1168 1162//1162 1161//1161 
f 1169//1169 1170//1170 1171//1171 
f 1169//1169 1171//1171 1172//1172 
f 1170//1170 1042//1042 1045//1045 
f 1170//1170 1045//1045 1171//1171 
f 1171//1171 1045//1045 1038//1038 
f 1171//1171 1038//1038 1166//1166 
f 1172//1172 1171//1171 1166//1166 
f 1172//1172 1166//1166 1165//1165 
f 1173//1173 1174//1174 1175//1175 
f 1173//1173 1175//1175 1176//1176 
f 1174//1174 1046//1046 1049//1049 
f 1174//1174 1049//1049 1175//1175 
f 1175//1175 1049//1049 1042//1042 
f 1175//1175 1042//1042 1170//1170 
f 1176//1176 1175//1175 1170//1170 
f 1176//1176 1170//1170 1169//1169 
f 1177//1177 1178//1178 1179//1179 
f 1177//1177 1179//1179 1180//1180 
f 1178//1178 1050//1050 1053//1053 
f 1178//1178 1053//1053 1179//1179 
f 1179//1179 1053//1053 1046//1046 
f 1179//1179 1046//1046 1174//1174 
f 1180//1180 1179//1179 1174//1174 
f 1180//1180 1174//1174 1173//1173 
f 1181//1181 1182//1182 1183//1183 
f 1181//1181 1183//1183 1184//1184 
f 1182//1182 1054//1054 1057//1057 
f 1182//1182 1057//1057 1183//1183 
f 1183//1183 1057//1057 1050//1050 
f 1183//1183 1050//1050 1178//1178 
f 1184//1184 1183//1183 1178//1178 
f 1184//1184 1178//1178 1177//1177 
f 1185//1185 1186//1186 1187//1187 
f 1185//1185 1187//1187 1188//1188 
f 1186//1186 1058//1058 1061//1061 
f 1186//1186 1061//1061 1187//1187 
f 1187//1187 1061//1061 1054//1054 
f 1187//1187 1054//1054 1182//1182 
f 1188//1188 1187//1187 1182//1182 
f 1188//1188 1182//1182 1181//1181 
f 1189//1189 1190//1190 1191//1191 
f 1189//1189 1191//1191 1192//1192 
f 1190//1190 1062//1062 1065//1065 
f 1190//1190 1065//1065 1191//1191 
f 1191//1191 1065//1065 1058//1058 
f 1191//1191 1058//1058 1186//1186 
f 1192//1192 1191//1191 1186//1186 
f 1192//1192 1186//1186 1185//1185 
f 1193//1193 1194//1194 1195//1195 
f 1193//1193 1195//1195 1196//1196 
f 1194//1194 1066//1066 1069//1069 
f 1194//1194 1069//1069 1195//1195 
f 1195//1195 1069//1069 1062//1062 
f 1195//1195 1062//1062 1190//1190 
f 1196//1196 1195//1195 1190//1190 
f 1196//1196 1190//1190 1189//1189 
f 1197//1197 1198//1198 1199//1199 
f 1197//1197 1199//1199 1200//1200 
f 1198//1198 1070//1070 1073//1073 
f 1198//1198 1073//1073 1199//1199 
f 1199//1199 1073//1073 1066//1066 
f 1199//1199 1066//1066 1194//1194 
f 1200//1200 1199//1199 1194//1194 
f 1200//1200 1194//1194 1193//1193 
f 1201//1201 1202//1202 1203//1203 
f 1201//1201 1203//1203 1204//1204 
f 1202//1202 1074//1074 1077//1077 
f 1202//1202 1077//1077 1203//1203 
f 1203//1203 1077//1077 1070//1070 
f 1203//1203 1070//1070 1198//1198 
f 1204//1204 1203//1203 1198//1198 
f 1204//1204 1198//1198 1197//1197 
f 1205//1205 1206//1206 1207//1207 
f 1205//1205 1207//1207 1208//1208 
f 1206//1206 1078//1078 1081//1081 
f 1206//1206 1081//1081 1207//1207 
f 1207//1207 1081//1081 1074//1074 
f 1207//1207 1074//1074 1202//1202 
f 1208//1208 1207//1207 1202//1202 
f 1208//1208 1202//1202 1201//1201 
f 1209//1209 1210//1210 1211//1211 
f 1209//1209 1211//1211 1212//1212 
f 1210//1210 1082//1082 1085//1085 
f 1210//1210 1085//1085 1211//1211 
f 1211//1211 1085//1085 1078//1078 
f 1211//1211 1078//1078 1206//1206 
f 1212//1212 1211//1211 1206//1206 
f 1212//1212 1206//1206 1205//1205 
f 1213//1213 1214//1214 1215//1215 
f 1213//1213 1215//1215 1216//1216 
f 1214//1214 1086//1086 1089//1089 
f 1214//1214 1089//1089 1215//1215 
f 1215//1215 1089//1089 1082//1082 
f 1215//1215 1082//1082 1210//1210 
f 1216//1216 1215//1215 1210//1210 
f 1216//1216 1210//1210 1209//1209 
f 1217//1217 1218//1218 1219//1219 
f 1217//1217 1219//1219 1220//1220 
f 1218//1218 1090//1090 1093//1093 
f 1218//1218 1093//1093 1219//1219 
f 1219//1219 1093//1093 1086//1086 
f 1219//1219 1086//1086 1214//1214 
f 1220//1220 1219//1219 1214//1214 
f 1220//1220 1214//1214 1213//1213 
f 1100//1100 1099//1099 1221//1221 
f 1100//1100 1221//1221 1222//1222 
f 1099//1099 1002//1002 1094//1094 
f 1099//1099 1094//1094 1221//1221 
f 1221//1221 1094//1094 1090//1090 
f 1221//1221 1090//1090 1218//1218 
f 1222//1222 1221//1221 1218//1218 
f 1222//1222 1218//1218 1217//1217 
f 1223//1223 1224//1224 1225//1225 
f 1223//1223 1225//1225 1226//1226 
f 1224//1224 1095//1095 1098//1098 
f 1224//1224 1098//1098 1225//1225 
f 1225//1225 1098//1098 1100//1100 
f 1225//1225 1100//1100 1227//1227 
f 1226//1226 1225//1225 1227//1227 
f 1226//1226 1227//1227 1228//1228 
f 1229//1229 1230//1230 1231//1231 
f 1229//1229 1231//1231 1232//1232 
f 1230//1230 1101//1101 1104//1104 
f 1230//1230 1104//1104 1231//1231 
f 1231//1231 1104//1104 1095//1095 
f 1231//1231 1095//1095 1224//1224 
f 1232//1232 1231//1231 1224//1224 
f 1232//1232 1224//1224 1223//1223 
f 1233//1233 1234//1234 1235//1235 
f 1233//1233 1235//1235 1236//1236 
f 1234//1234 1105//1105 1108//1108 
f 1234//1234 1108//1108 1235//1235 
f 1235//1235 1108//1108 1101//1101 
f 1235//1235 1101//1101 1230//1230 
f 1236//1236 1235//1235 1230//1230 
f 1236//1236 1230//1230 1229//1229 
f 1237//1237 1238//1238 1239//1239 
f 1237//1237 1239//1239 1240//1240 
f 1238//1238 1109//1109 1112//1112 
f 1238//1238 1112//1112 1239//1239 
f 1239//1239 1112//1112 1105//1105 
f 1239//1239 1105//1105 1234//1234 
f 1240//1240 1239//1239 1234//1234 
f 1240//1240 1234//1234 1233//1233 
f 1241//1241 1242//1242 1243//1243 
f 1241//1241 1243//1243 1244//1244 
f 1242//1242 1113//1113 1116//1116 
f 1242//1242 1116//1116 1243//1243 
f 1243//1243 1116//1116 1109//1109 
f 1243//1243 1109//1109 1238//1238 
f 1244//1244 1243//1243 1238//1238 
f 1244//1244 1238//1238 1237//1237 
f 1245//1245 1246//1246 1247//1247 
f 1245//1245 1247//1247 1248//1248 
f 1246//1246 1117//1117 1120//1120 
f 1246//1246 1120//1120 1247//1247 
f 1247//1247 1120//1120 1113//1113 
f 1247//1247 1113//1113 1242//1242 
f 1248//1248 1247//1247 1242//1242 
f 1248//1248 1242//1242 1241//1241 
f 1249//1249 1250//1250 1251//1251 
f 1249//1249 1251//1251 1252//1252 
f 1250//1250 1121//1121 1124//1124 
f 1250//1250 1124//1124 1251//1251 
f 1251//1251 1124//1124 1117//1117 
f 1251//1251 1117//1117 1246//1246 
f 1252//1252 1251//1251 1246//1246 
f 1252//1252 1246//1246 1245//1245 
f 1253//1253 1254//1254 1255//1255 
f 1253//1253 1255//1255 1256//1256 
f 1254//1254 1125//1125 1128//1128 
f 1254//1254 1128//1128 1255//1255 
f 1255//1255 1128//1128 1121//1121 
f 1255//1255 1121//1121 1250//1250 
f 1256//1256 1255//1255 1250//1250 
f 1256//1256 1250//1250 1249//1249 
f 1257//1257 1258//1258 1259//1259 
f 1257//1257 1259//1259 1260//1260 
f 1258//1258 1129//1129 1132//1132 
f 1258//1258 1132//1132 1259//1259 
f 1259//1259 1132//1132 1125//1125 
f 1259//1259 1125//1125 1254//1254 
f 1260//1260 1259//1259 1254//1254 
f 1260//1260 1254//1254 1253//1253 
f 1261//1261 1262//1262 1263//1263 
f 1261//1261 1263//1263 1264//1264 
f 1262//1262 1133//1133 1136//1136 
f 1262//1262 1136//1136 1263//1263 
f 1263//1263 1136//1136 1129//1129 
f 1263//1263 1129//1129 1258//1258 
f 1264//1264 1263//1263 1258//1258 
f 1264//1264 1258//1258 1257//1257 
f 1265//1265 1266//1266 1267//1267 
f 1265//1265 1267//1267 1268//1268 
f 1266//1266 1137//1137 1140//1140 
f 1266//1266 1140//1140 1267//1267 
f 1267//1267 1140//1140 1133//1133 
f 1267//1267 1133//1133 1262//1262 
f 1268//1268 1267//1267 1262//1262 
f 1268//1268 1262//1262 1261//1261 
f 1269//1269 1270//1270 1271//1271 
f 1269//1269 1271//1271 1272//1272 
f 1270//1270 1141//1141 1144//1144 
f 1270//1270 1144//1144 1271//1271 
f 1271//1271 1144//1144 1137//1137 
f 1271//1271 1137//1137 1266//1266 
f 1272//1272 1271//1271 1266//1266 
f 1272//1272 1266//1266 1265//1265 
f 1273//1273 1274//1274 1275//1275 
f 1273//1273 1275//1275 1276//1276 
f 1274//1274 1145//1145 1148//1148 
f 1274//1274 1148//1148 1275//1275 
f 1275//1275 1148//1148 1141//1141 
f 1275//1275 1141//1141 1270//1270 
f 1276//1276 1275//1275 1270//1270 
f 1276//1276 1270//1270 1269//1269 
f 1277//1277 1278//1278 1279//1279 
f 1277//1277 1279//1279 1280//1280 
f 1278//1278 1149//1149 1152//1152 
f 1278//1278 1152//1152 1279//1279 
f 1279//1279 1152//1152 1145//1145 
f 1279//1279 1145//1145 1274//1274 
f 1280//1280 1279//1279 1274//1274 
f 1280//1280 1274//1274 1273//1273 
f 1281//1281 1282//1282 1283//1283 
f 1281//1281 1283//1283 1284//1284 
f 1282//1282 1153//1153 1156//1156 
f 1282//1282 1156//1156 1283//1283 
f 1283//1283 1156//1156 1149//1149 
f 1283//1283 1149//1149 1278//1278 
f 1284//1284 1283//1283 1278//1278 
f 1284//1284 1278//1278 1277//1277 
f 1285//1285 1286//1286 1287//1287 
f 1285//1285 1287//1287 1288//1288 
f 1286//1286 1157//1157 1160//1160 
f 1286//1286 1160//1160 1287//1287 
f 1287//1287 1160//1160 1153//1153 
f 1287//1287 1153//1153 1282//1282 
f 1288//1288 1287//1287 1282//1282 
f 1288//1288 1282//1282 1281//1281 
f 1289//1289 1290//1290 1291//1291 
f 1289//1289 1291//1291 1292//1292 
f 1290//1290 1161//1161 1164//1164 
f 1290//1290 1164//1164 1291//1291 
f 1291//1291 1164//1164 1157//1157 
f 1291//1291 1157//1157 1286//1286 
f 1292//1292 1291//1291 1286//1286 
f 1292//1292 1286//1286 1285//1285 
f 1293//1293 1294//1294 1295//1295 
f 1293//1293 1295//1295 1296//1296 
f 1294//1294 1165//1165 1168//1168 
f 1294//1294 1168//1168 1295//1295 
f 1295//1295 1168//1168 1161//1161 
f 1295//1295 1161//1161 1290//1290 
f 1296//1296 1295//1295 1290//1290 
f 1296//1296 1290//1290 1289//1289 
f 1297//1297 1298//1298 1299//1299 
f 1297//1297 1299//1299 1300//1300 
f 1298//1298 1169//1169 1172//1172 
f 1298//1298 1172//1172 1299//1299 
f 1299//1299 1172//1172 1165//1165 
f 1299//1299 1165//1165 1294//1294 
f 1300//1300 1299//1299 1294//1294 
f 1300//1300 1294//1294 1293//1293 
f 1301//1301 1302//1302 1303//1303 
f 1301//1301 1303//1303 1304//1304 
f 1302//1302 1173//1173 1176//1176 
f 1302//1302 1176//1176 1303//1303 
f 1303//1303 1176//1176 1169//1169 
f 1303//1303 1169//1169 1298//1298 
f 1304//1304 1303//1303 1298//1298 
f 1304//1304 1298//1298 1297//1297 
f 1305//1305 1306//1306 1307//1307 
f 1305//1305 1307//1307 1308//1308 
f 1306//1306 1177//1177 1180//1180 
f 1306//1306 1180//1180 1307//1307 
f 1307//1307 1180//1180 1173//1173 
f 1307//1307 1173//1173 1302//1302 
f 1308//1308 1307//1307 1302//1302 
f 1308//1308 1302//1302 1301//1301 
f 1309//1309 1310//1310 1311//1311 
f 1309//1309 1311//1311 1312//1312 
f 1310//1310 1181//1181 1184//1184 
f 1310//1310 1184//1184 1311//1311 
f 1311//1311 1184//1184 1177//1177 
f 1311//1311 1177//1177 1306//1306 
f 1312//1312 1311//1311 1306//1306 
f 1312//1312 1306//1306 1305//1305 
f 1313//1313 1314//1314 1315//1315 
f 1313//1313 1315//1315 1316//1316 
f 1314//1314 1185//1185 1188//1188 
f 1314//1314 1188//1188 1315//1315 
f 1315//1315 1188//1188 1181//1181 
f 1315//1315 1181//1181 1310//1310 
f 1316//1316 1315//1315 1310//1310 
f 1316//1316 1310//1310 1309//1309 
f 1317//1317 1318//1318 1319//1319 
f 1317//1317 1319//1319 1320//1320 
f 1318//1318 1189//1189 1192//1192 
f 1318//1318 1192//1192 1319//1319 
f 1319//1319 1192//1192 1185//1185 
f 1319//1319 1185//1185 1314//1314 
f 1320//1320 1319//1319 1314//1314 
f 1320//1320 1314//1314 1313//1313 
f 1321//1321 1322//1322 1323//1323 
f 1321//1321 1323//1323 1324//1324 
f 1322//1322 1193//1193 1196//1196 
f 1322//1322 1196//1196 1323//1323 
f 1323//1323 1196//1196 1189//1189 
f 1323//1323 1189//1189 1318//1318 
f 1324//1324 1323//1323 1318//1318 
f 1324//1324 1318//1318 1317//1317 
f 1325//1325 1326//1326 1327//1327 
f 1325//1325 1327//1327 1328//1328 
f 1326//1326 1197//1197 1200//1200 
f 1326//1326 1200//1200 1327//1327 
f 1327//1327 1200//1200 1193//1193 
f 1327//1327 1193//1193 1322//1322 
f 1328//1328 1327//1327 1322//1322 
f 1328//1328 1322//1322 1321//1321 
f 1329//1329 1330//1330 1331//1331 
f 1329//1329 1331//1331 1332//1332 
f 1330//1330 1201//1201 1204//1204 
f 1330//1330 1204//1204 1331//1331 
f 1331//1331 1204//1204 1197//1197 
f 1331//1331 1197//1197 1326//1326 
f 1332//1332 1331//1331 1326//1326 
f 1332//1332 1326//1326 1325//1325 
f 1333//1333 1334//1334 1335//1335 
f 1333//1333 1335//1335 1336//1336 
f 1334//1334 1205//1205 1208//1208 
f 1334//1334 1208//1208 1335//1335 
f 1335//1335 1208//1208 1201//1201 
f 1335//1335 1201//1201 1330//1330 
f 1336//1336 1335//1335 1330//1330 
f 1336//1336 1330//1330 1329//1329 
f 1337//1337 1338//1338 1339//1339 
f 1337//1337 1339//1339 1340//1340 
f 1338//1338 1209//1209 1212//1212 
f 1338//1338 1212//1212 1339//1339 
f 1339//1339 1212//1212 1205//1205 
f 1339//1339 1205//1205 1334//1334 
f 1340//1340 1339//1339 1334//1334 
f 1340//1340 1334//1334 1333//1333 
f 1341//1341 1342//1342 1343//1343 
f 1341//1341 1343//1343 1344//1344 
f 1342//1342 1213//1213 1216//1216 
f 1342//1342 1216//1216 1343//1343 
f 1343//1343 1216//1216 1209//1209 
f 1343//1343 1209//1209 1338//1338 
f 1344//1344 1343//1343 1338//1338 
f 1344//1344 1338//1338 1337//1337 
f 1345//1345 1346//1346 1347//1347 
f 1345//1345 1347//1347 1348//1348 
f 1346//1346 1217//1217 1220//1220 
f 1346//1346 1220//1220 1347//1347 
f 1347//1347 1220//1220 1213//1213 
f 1347//1347 1213//1213 1342//1342 
f 1348//1348 1347//1347 1342//1342 
f 1348//1348 1342//1342 1341//1341 
f 1228//1228 1227//1227 1349//1349 
f 1228//1228 1349//1349 1350//1350 
f 1227//1227 1100//1100 1222//1222 
f 1227//1227 1222//1222 1349//1349 
f 1349//1349 1222//1222 1217//1217 
f 1349//1349 1217//1217 1346//1346 
f 1350//1350 1349//1349 1346//1346 
f 1350//1350 1346//1346 1345//1345 
f 1351//1351 1352//1352 1353//1353 
f 1351//1351 1353//1353 1354//1354 
f 1352//1352 1223//1223 1226//1226 
f 1352//1352 1226//1226 1353//1353 
f 1353//1353 1226//1226 1228//1228 
f 1353//1353 1228//1228 1355//1355 
f 1354//1354 1353//1353 1355//1355 
f 1354//1354 1355//1355 1356//1356 
f 1357//1357 1358//1358 1359//1359 
f 1357//1357 1359//1359 1360//1360 
f 1358//1358 1229//1229 1232//1232 
f 1358//1358 1232//1232 1359//1359 
f 1359//1359 1232//1232 1223//1223 
f 1359//1359 1223//1223 1352//1352 
f 1360//1360 1359//1359 1352//1352 
f 1360//1360 1352//1352 1351//1351 
f 1361//1361 1362//1362 1363//1363 
f 1361//1361 1363//1363 1364//1364 
f 1362//1362 1233//1233 1236//1236 
f 1362//1362 1236//1236 1363//1363 
f 1363//1363 1236//1236 1229//1229 
f 1363//1363 1229//1229 1358//1358 
f 1364//1364 1363//1363 1358//1358 
f 1364//1364 1358//1358 1357//1357 
f 1365//1365 1366//1366 1367//1367 
f 1365//1365 1367//1367 1368//1368 
f 1366//1366 1237//1237 1240//1240 
f 1366//1366 1240//1240 1367//1367 
f 1367//1367 1240//1240 1233//1233 
f 1367//1367 1233//1233 1362//1362 
f 1368//1368 1367//1367 1362//1362 
f 1368//1368 1362//1362 1361//1361 
f 1369//1369 1370//1370 1371//1371 
f 1369//1369 1371//1371 1372//1372 
f 1370//1370 1241//1241 1244//1244 
f 1370//1370 1244//1244 1371//1371 
f 1371//1371 1244//1244 1237//1237 
f 1371//1371 1237//1237 1366//1366 
f 1372//1372 1371//1371 1366//1366 
f 1372//1372 1366//1366 1365//1365 
f 1373//1373 1374//1374 1375//1375 
f 1373//1373 1375//1375 1376//1376 
f 1374//1374 1245//1245 1248//1248 
f 1374//1374 1248//1248 1375//1375 
f 1375//1375 1248//1248 1241//1241 
f 1375//1375 1241//1241 1370//1370 
f 1376//1376 1375//1375 1370//1370 
f 1376//1376 1370//1370 1369//1369 
f 1377//1377 1378//1378 1379//1379 
f 1377//1377 1379//1379 1380//1380 
f 1378//1378 1249//1249 1252//1252 
f 1378//1378 1252//1252 1379//1379 
f 1379//1379 1252//1252 1245//1245 
f 1379//1379 1245//1245 1374//1374 
f 1380//1380 1379//1379 1374//1374 
f 1380//1380 1374//1374 1373//1373 
f 1381//1381 1382//1382 1383//1383 
f 1381//1381 1383//1383 1384//1384 
f 1382//1382 1253//1253 1256//1256 
f 1382//1382 1256//1256 1383//1383 
f 1383//1383 1256//1256 1249//1249 
f 1383//1383 1249//1249 1378//1378 
f 1384//1384 1383//1383 1378//1378 
f 1384//1384 1378//1378 1377//1377 
f 1385//1385 1386//1386 1387//1387 
f 1385//1385 1387//1387 1388//1388 
f 1386//1386 1257//1257 1260//1260 
f 1386//1386 1260//1260 1387//1387 
f 1387//1387 1260//1260 1253//1253 
f 1387//1387 1253//1253 1382//1382 
f 1388//1388 1387//1387 1382//1382 
f 1388//1388 1382//1382 1381//1381 
f 1389//1389 1390//1390 1391//1391 
f 1389//1389 1391//1391 1392//1392 
f 1390//1390 1261//1261 1264//1264 
f 1390//1390 1264//1264 1391//1391 
f 1391//1391 1264//1264 1257//1257 
f 1391//1391 1257//1257 1386//1386 
f 1392//1392 1391//1391 1386//1386 
f 1392//1392 1386//1386 1385//1385 
f 1393//1393 1394//1394 1395//1395 
f 1393//1393 1395//1395 1396//1396 
f 1394//1394 1265//1265 1268//1268 
f 1394//1394 1268//1268 1395//1395 
f 1395//1395 1268//1268 1261//1261 
f 1395//1395 1261//1261 1390//1390 
f 1396//1396 1395//1395 1390//1390 
f 1396//1396 1390//1390 1389//1389 
f 1397//1397 1398//1398 1399//1399 
f 1397//1397 1399//1399 1400//1400 
f 1398//1398 1269//1269 1272//1272 
f 1398//1398 1272//1272 1399//1399 
f 1399//1399 1272//1272 1265//1265 
f 1399//1399 1265//1265 1394//1394 
f 1400//1400 1399//1399 1394//1394 
f 1400//1400 1394//1394 1393//1393 
f 1401//1401 1402//1402 1403//1403 
f 1401//1401 1403//1403 1404//1404 
f 1402//1402 1273//1273 1276//1276 
f 1402//1402 1276//1276 1403//1403 
f 1403//1403 1276//1276 1269//1269 
f 1403//1403 1269//1269 1398//1398 
f 1404//1404 1403//1403 1398//1398 
f 1404//1404 1398//1398 1397//1397 
f 1405//1405 1406//1406 1407//1407 
f 1405//1405 1407//1407 1408//1408 
f 1406//1406 1277//1277 1280//1280 
f 1406//1406 1280//1280 1407//1407 
f 1407//1407 1280//1280 1273//1273 
f 1407//1407 1273//1273 1402//1402 
f 1408//1408 1407//1407 1402//1402 
f 1408//1408 1402//1402 1401//1401 
f 1409//1409 1410//1410 1411//1411 
f 1409//1409 1411//1411 1412//1412 
f 1410//1410 1281//1281 1284//1284 
f 1410//1410 1284//1284 1411//1411 
f 1411//1411 1284//1284 1277//1277 
f 1411//1411 1277//1277 1406//1406 
f 1412//1412 1411//1411 1406//1406 
f 1412//1412 1406//1406 1405//1405 
f 1413//1413 1414//1414 1415//1415 
f 1413//1413 1415//1415 1416//1416 
f 1414//1414 1285//1285 1288//1288 
f 1414//1414 1288//1288 1415//1415 
f 1415//1415 1288//1288 1281//1281 
f 1415//1415 1281//1281 1410//1410 
f 1416//1416 1415//1415 1410//1410 
f 1416//1416 1410//1410 1409//1409 
f 1417//1417 1418//1418 1419//1419 
f 1417//1417 1419//1419 1420//1420 
f 1418//1418 1289//1289 1292//1292 
f 1418//1418 1292//1292 1419//1419 
f 1419//1419 1292//1292 1285//1285 
f 1419//1419 1285//1285 1414//1414 
f 1420//1420 1419//1419 1414//1414 
f 1420//1420 1414//1414 1413//1413 
f 1421//1421 1422//1422 1423//1423 
f 1421//1421 1423//1423 1424//1424 
f 1422//1422 1293//1293 1296//1296 
f 1422//1422 1296//1296 1423//1423 
f 1423//1423 1296//1296 1289//1289 
f 1423//1423 1289//1289 1418//1418 
f 1424//1424 1423//1423 1418//1418 
f 1424//1424 1418//1418 1417//1417 
f 1425//1425 1426//1426 1427//1427 
f 1425//1425 1427//1427 1428//1428 
f 1426//1426 1297//1297 1300//1300 
f 1426//1426 1300//1300 1427//1427 
f 1427//1427 1300//1300 1293//1293 
f 1427//1427 1293//1293 1422//1422 
f 1428//1428 1427//1427 1422//1422 
f 1428//1428 1422//1422 1421//1421 
f 1429//1429 1430//1430 1431//1431 
f 1429//1429 1431//1431 1432//1432 
f 1430//1430 1301//1301 1304//1304 
f 1430//1430 1304//1304 1431//1431 
f 1431//1431 1304//1304 1297//1297 
f 1431//1431 1297//1297 1426//1426 
f 1432//1432 1431//1431 1426//1426 
f 1432//1432 1426//1426 1425//1425 
f 1433//1433 1434//1434 1435//1435 
f 1433//1433 1435//1435 1436//1436 
f 1434//1434 1305//1305 1308//1308 
f 1434//1434 1308//1308 1435//1435 
f 1435//1435 1308//1308 1301//1301 
f 1435//1435 1301//1301 1430//1430 
f 1436//1436 1435//1435 1430//1430 
f 1436//1436 1430//1430 1429//1429 
f 1437//1437 1438//1438 1439//1439 
f 1437//1437 1439//1439 1440//1440 
f 1438//1438 1309//1309 1312//1312 
f 1438//1438 1312//1312 1439//1439 
f 1439//1439 1312//1312 1305//1305 
f 1439//1439 1305//1305 1434//1434 
f 1440//1440 1439//1439 1434//1434 
f 1440//1440 1434//1434 1433//1433 
f 1441//1441 1442//1442 1443//1443 
f 1441//1441 1443//1443 1444//1444 
f 1442//1442 1313//1313 1316//1316 
f 1442//1442 1316//1316 1443//1443 
f 1443//1443 1316//1316 1309//1309 
f 1443//1443 1309//1309 1438//1438 
f 1444//1444 1443//1443 1438//1438 
f 1444//1444 1438//1438 1437//1437 
f 1445//1445 1446//1446 1447//1447 
f 1445//1445 1447//1447 1448//1448 
f 1446//1446 1317//1317 1320//1320 
f 1446//1446 1320//1320 1447//1447 
f 1447//1447 1320//1320 1313//1313 
f 1447//1447 1313//1313 1442//1442 
f 1448//1448 1447//1447 1442//1442 
f 1448//1448 1442//1442 1441//1441 
f 1449//1449 1450//1450 1451//1451 
f 1449//1449 1451//1451 1452//1452 
f 1450//1450 1321//1321 1324//1324 
f 1450//1450 1324//1324 1451//1451 
f 1451//1451 1324//1324 1317//1317 
f 1451//1451 1317//1317 1446//1446 
f 1452//1452 1451//1451 1446//1446 
f 1452//1452 1446//1446 1445//1445 
f 1453//1453 1454//1454 1455//1455 
f 1453//1453 1455//1455 1456//1456 
f 1454//1454 1325//1325 1328//1328 
f 1454//1454 1328//1328 1455//1455 
f 1455//1455 1328//1328 1321//1321 
f 1455//1455 1321//1321 1450//1450 
f 1456//1456 1455//1455 1450//1450 
f 1456//1456 1450//1450 1449//1449 
f 1457//1457 1458//1458 1459//1459 
f 1457//1457 1459//1459 1460//1460 
f 1458//1458 1329//1329 1332//1332 
f 1458//1458 1332//1332 1459//1459 
f 1459//1459 1332//1332 1325//1325 
f 1459//1459 1325//1325 1454//1454 
f 1460//1460 1459//1459 1454//1454 
f 1460//1460 1454//1454 1453//1453 
f 1461//1461 1462//1462 1463//1463 
f 1461//1461 1463//1463 1464//1464 
f 1462//1462 1333//1333 1336//1336 
f 1462//1462 1336//1336 1463//1463 
f 1463//1463 1336//1336 1329//1329 
f 1463//1463 1329//1329 1458//1458 
f 1464//1464 1463//1463 1458//1458 
f 1464//1464 1458//1458 1457//1457 
f 1465//1465 1466//1466 1467//1467 
f 1465//1465 1467//1467 1468//1468 
f 1466//1466 1337//1337 1340//1340 
f 1466//1466 1340//1340 1467//1467 
f 1467//1467 1340//1340 1333//1333 
f 1467//1467 1333//1333 1462//1462 
f 1468//1468 1467//1467 1462//1462 
f 1468//1468 1462//1462 1461//1461 
f 1469//1469 1470//1470 1471//1471 
f 1469//1469 1471//1471 1472//1472 
f 1470//1470 1341//1341 1344//1344 
f 1470//1470 1344//1344 1471//1471 
f 1471//1471 1344//1344 1337//1337 
f 1471//1471 1337//1337 1466//1466 
f 1472//1472 1471//1471 1466//1466 
f 1472//1472 1466//1466 1465//1465 
f 1473//1473 1474//1474 1475//1475 
f 1473//1473 1475//1475 1476//1476 
f 1474//1474 1345//1345 1348//1348 
f 1474//1474 1348//1348 1475//1475 
f 1475//1475 1348//1348 1341//1341 
f 1475//1475 1341//1341 1470//1470 
f 1476//1476 1475//1475 1470//1470 
f 1476//1476 1470//1470 1469//1469 
f 1356//1356 1355//1355 1477//1477 
f 1356//1356 1477//1477 1478//1478 
f 1355//1355 1228//1228 1350//1350 
f 1355//1355 1350//1350 1477//1477 
f 1477//1477 1350//1350 1345//1345 
f 1477//1477 1345//1345 1474//1474 
f 1478//1478 1477//1477 1474//1474 
f 1478//1478 1474//1474 1473//1473 
f 1479//1479 1480//1480 1481//1481 
f 1479//1479 1481//1481 1482//1482 
f 1480//1480 1351//1351 1354//1354 
f 1480//1480 1354//1354 1481//1481 
f 1481//1481 1354//1354 1356//1356 
f 1481//1481 1356//1356 1483//1483 
f 1482//1482 1481//1481 1483//1483 
f 1482//1482 1483//1483 1484//1484 
f 1485//1485 1486//1486 1487//1487 
f 1485//1485 1487//1487 1488//1488 
f 1486//1486 1357//1357 1360//1360 
f 1486//1486 1360//1360 1487//1487 
f 1487//1487 1360//1360 1351//1351 
f 1487//1487 1351//1351 1480//1480 
f 1488//1488 1487//1487 1480//1480 
f 1488//1488 1480//1480 1479//1479 
f 1489//1489 1490//1490 1491//1491 
f 1489//1489 1491//1491 1492//1492 
f 1490//1490 1361//1361 1364//1364 
f 1490//1490 1364//1364 1491//1491 
f 1491//1491 1364//1364 1357//1357 
f 1491//1491 1357//1357 1486//1486 
f 1492//1492 1491//1491 1486//1486 
f 1492//1492 1486//1486 1485//1485 
f 1493//1493 1494//1494 1495//1495 
f 1493//1493 1495//1495 1496//1496 
f 1494//1494 1365//1365 1368//1368 
f 1494//1494 1368//1368 1495//1495 
f 1495//1495 1368//1368 1361//1361 
f 1495//1495 1361//1361 1490//1490 
f 1496//1496 1495//1495 1490//1490 
f 1496//1496 1490//1490 1489//1489 
f 1497//1497 1498//1498 1499//1499 
f 1497//1497 1499//1499 1500//1500 
f 1498//1498 1369//1369 1372//1372 
f 1498//1498 1372//1372 1499//1499 
f 1499//1499 1372//1372 1365//1365 
f 1499//1499 1365//1365 1494//1494 
f 1500//1500 1499//1499 1494//1494 
f 1500//1500 1494//1494 1493//1493 
f 1501//1501 1502//1502 1503//1503 
f 1501//1501 1503//1503 1504//1504 
f 1502//1502 1373//1373 1376//1376 
f 1502//1502 1376//1376 1503//1503 
f 1503//1503 1376//1376 1369//1369 
f 1503//1503 1369//1369 1498//1498 
f 1504//1504 1503//1503 1498//1498 
f 1504//1504 1498//1498 1497//1497 
f 1505//1505 1506//1506 1507//1507 
f 1505//1505 1507//1507 1508//1508 
f 1506//1506 1377//1377 1380//1380 
f 1506//1506 1380//1380 1507//1507 
f 1507//1507 1380//1380 1373//1373 
f 1507//1507 1373//1373 1502//1502 
f 1508//1508 1507//1507 1502//1502 
f 1508//1508 1502//1502 1501//1501 
f 1509//1509 1510//1510 1511//1511 
f 1509//1509 1511//1511 1512//1512 
f 1510//1510 1381//1381 1384//1384 
f 1510//1510 1384//1384 1511//1511 
f 1511//1511 1384//1384 1377//1377 
f 1511//1511 1377//1377 1506//1506 
f 1512//1512 1511//1511 1506//1506 
f 1512//1512 1506//1506 1505//1505 
f 1513//1513 1514//1514 1515//1515 
f 1513//1513 1515//1515 1516//1516 
f 1514//1514 1385//1385 1388//1388 
f 1514//1514 1388//1388 1515//1515 
f 1515//1515 1388//1388 1381//1381 
f 1515//1515 1381//1381 1510//1510 
f 1516//1516 1515//1515 1510//1510 
f 1516//1516 1510//1510 1509//1509 
f 1517//1517 1518//1518 1519//1519 
f 1517//1517 1519//1519 1520//1520 
f 1518//1518 1389//1389 1392//1392 
f 1518//1518 1392//1392 1519//1519 
f 1519//1519 1392//1392 1385//1385 
f 1519//1519 1385//1385 1514//1514 
f 1520//1520 1519//1519 1514//1514 
f 1520//1520 1514//1514 1513//1513 
f 1521//1521 1522//1522 1523//1523 
f 1521//1521 1523//1523 1524//1524 
f 1522//1522 1393//1393 1396//1396 
f 1522//1522 1396//1396 1523//1523 
f 1523//1523 1396//1396 1389//1389 
f 1523//1523 1389//1389 1518//1518 
f 1524//1524 1523//1523 1518//1518 
f 1524//1524 1518//1518 1517//1517 
f 1525//1525 1526//1526 1527//1527 
f 1525//1525 1527//1527 1528//1528 
f 1526//1526 1397//1397 1400//1400 
f 1526//1526 1400//1400 1527//1527 
f 1527//1527 1400//1400 1393//1393 
f 1527//1527 1393//1393 1522//1522 
f 1528//1528 1527//1527 1522//1522 
f 1528//1528 1522//1522 1521//1521 
f 1529//1529 1530//1530 1531//1531 
f 1529//1529 1531//1531 1532//1532 
f 1530//1530 1401//1401 1404//1404 
f 1530//1530 1404//1404 1531//1531 
f 1531//1531 1404//1404 1397//1397 
f 1531//1531 1397//1397 1526//1526 
f 1532//1532 1531//1531 1526//1526 
f 1532//1532 1526//1526 1525//1525 
f 1533//1533 1534//1534 1535//1535 
f 1533//1533 1535//1535 1536//1536 
f 1534//1534 1405//1405 1408//1408 
f 1534//1534 1408//1408 1535//1535 
f 1535//1535 1408//1408 1401//1401 
f 1535//1535 1401//1401 1530//1530 
f 1536//1536 1535//1535 1530//1530 
f 1536//1536 1530//1530 1529//1529 
f 1537//1537 1538//1538 1539//1539 
f 1537//1537 1539//1539 1540//1540 
f 1538//1538 1409//1409 1412//1412 
f 1538//1538 1412//1412 1539//1539 
f 1539//1539 1412//1412 1405//1405 
f 1539//1539 1405//1405 1534//1534 
f 1540//1540 1539//1539 1534//1534 
f 1540//1540 1534//1534 1533//1533 
f 1541//1541 1542//1542 1543//1543 
f 1541//1541 1543//1543 1544//1544 
f 1542//1542 1413//1413 1416//1416 
f 1542//1542 1416//1416 1543//1543 
f 1543//1543 1416//1416 1409//1409 
f 1543//1543 1409//1409 1538//1538 
f 1544//1544 1543//1543 1538//1538 
f 1544//1544 1538//1538 1537//1537 
f 1545//1545 1546//1546 1547//1547 
f 1545//1545 1547//1547 1548//1548 
f 1546//1546 1417//1417 1420//1420 
f 1546//1546 1420//1420 1547//1547 
f 1547//1547 1420//1420 1413//1413 
f 1547//1547 1413//1413 1542//1542 
f 1548//1548 1547//1547 1542//1542 
f 1548//1548 1542//1542 1541//1541 
f 1549//1549 1550//1550 1551//1551 
f 1549//1549 1551//1551 1552//1552 
f 1550//1550 1421//1421 1424//1424 
f 1550//1550 1424//1424 1551//1551 
f 1551//1551 1424//1424 1417//1417 
f 1551//1551 1417//1417 1546//1546 
f 1552//1552 1551//1551 1546//1546 
f 1552//1552 1546//1546 1545//1545 
f 1553//1553 1554//1554 1555//1555 
f 1553//1553 1555//1555 1556//1556 
f 1554//1554 1425//1425 1428//1428 
f 1554//1554 1428//1428 1555//1555 
f 1555//1555 1428//1428 1421//1421 
f 1555//1555 1421//1421 1550//1550 
f 1556//1556 1555//1555 1550//1550 
f 1556//1556 1550//1550 1549//1549 
f 1557//1557 1558//1558 1559//1559 
f 1557//1557 1559//1559 1560//1560 
f 1558//1558 1429//1429 1432//1432 
f 1558//1558 1432//1432 1559//1559 
f 1559//1559 1432//1432 1425//1425 
f 1559//1559 1425//1425 1554//1554 
f 1560//1560 1559//1559 1554//1554 
f 1560//1560 1554//1554 1553//1553 
f 1561//1561 1562//1562 1563//1563 
f 1561//1561 1563//1563 1564//1564 
f 1562//1562 1433//1433 1436//1436 
f 1562//1562 1436//1436 1563//1563 
f 1563//1563 1436//1436 1429//1429 
f 1563//1563 1429//1429 1558//1558 
f 1564//1564 1563//1563 1558//1558 
f 1564//1564 1558//1558 1557//1557 
f 1565//1565 1566//1566 1567//1567 
f 1565//1565 1567//1567 1568//1568 
f 1566//1566 1437//1437 1440//1440 
f 1566//1566 1440//1440 1567//1567 
f 1567//1567 1440//1440 1433//1433 
f 1567//1567 1433//1433 1562//1562 
f 1568//1568 1567//1567 1562//1562 
f 1568//1568 1562//1562 1561//1561 
f 1569//1569 1570//1570 1571//1571 
f 1569//1569 1571//1571 1572//1572 
f 1570//1570 1441//1441 1444//1444 
f 1570//1570 1444//1444 1571//1571 
f 1571//1571 1444//1444 1437//1437 
f 1571//1571 1437//1437 1566//1566 
f 1572//1572 1571//1571 1566//1566 
f 1572//1572 1566//1566 1565//1565 
f 1573//1573 1574//1574 1575//1575 
f 1573//1573 1575//1575 1576//1576 
f 1574//1574 1445//1445 1448//1448 
f 1574//1574 1448//1448 1575//1575 
f 1575//1575 1448//1448 1441//1441 
f 1575//1575 1441//1441 1570//1570 
f 1576//1576 1575//1575 1570//1570 
f 1576//1576 1570//1570 1569//1569 
f 1577//1577 1578//1578 1579//1579 
f 1577//1577 1579//1579 1580//1580 
f 1578//1578 1449//1449 1452//1452 
f 1578//1578 1452//1452 1579//1579 
f 1579//1579 1452//1452 1445//1445 
f 1579//1579 1445//1445 1574//1574 
f 1580//1580 1579//1579 1574//1574 
f 1580//1580 1574//1574 1573//1573 
f 1581//1581 1582//1582 1583//1583 
f 1581//1581 1583//1583 1584//1584 
f 1582//1582 1453//1453 1456//1456 
f 1582//1582 1456//1456 1583//1583 
f 1583//1583 1456//1456 1449//1449 
f 1583//1583 1449//1449 1578//1578 
f 1584//1584 1583//1583 1578//1578 
f 1584//1584 1578//1578 1577//1577 
f 1585//1585 1586//1586 1587//1587 
f 1585//1585 1587//1587 1588//1588 
f 1586//1586 1457//1457 1460//1460 
f 1586//1586 1460//1460 1587//1587 
f 1587//1587 1460//1460 1453//1453 
f 1587//1587 1453//1453 1582//1582 
f 1588//1588 1587//1587 1582//1582 
f 1588//1588 1582//1582 1581//1581 
f 1589//1589 1590//1590 1591//1591 
f 1589//1589 1591//1591 1592//1592 
f 1590//1590 1461//1461 1464//1464 
f 1590//1590 1464//1464 1591//1591 
f 1591//1591 1464//1464 1457//1457 
f 1591//1591 1457//1457 1586//1586 
f 1592//1592 1591//1591 1586//1586 
f 1592//1592 1586//1586 1585//1585 
f 1593//1593 1594//1594 1595//1595 
f 1593//1593 1595//1595 1596//1596 
f 1594//1594 1465//1465 1468//1468 
f 1594//1594 1468//1468 1595//1595 
f 1595//1595 1468//1468 1461//1461 
f 1595//1595 1461//1461 1590//1590 
f 1596//1596 1595//1595 1590//1590 
f 1596//1596 1590//1590 1589//1589 
f 1597//1597 1598//1598 1599//1599 
f 1597//1597 1599//1599 1600//1600 
f 1598//1598 1469//1469 1472//1472 
f 1598//1598 1472//1472 1599//1599 
f 1599//1599 1472//1472 1465//1465 
f 1599//1599 1465//1465 1594//1594 
f 1600//1600 1599//1599 1594//1594 
f 1600//1600 1594//1594 1593//1593 
f 1601//1601 1602//1602 1603//1603 
f 1601//1601 1603//1603 1604//1604 
f 1602//1602 1473//1473 1476//1476 
f 1602//1602 1476//1476 1603//1603 
f 1603//1603 1476//1476 1469//1469 
f 1603//1603 1469//1469 1598//1598 
f 1604//1604 1603//1603 1598//1598 
f 1604//1604 1598//1598 1597//1597 
f 1484//1484 1483//1483 1605//1605 
f 1484//1484 1605//1605 1606//1606 
f 1483//1483 1356//1356 1478//1478 
f 1483//1483 1478//1478 1605//1605 
f 1605//1605 1478//1478 1473//1473 
f 1605//1605 1473//1473 1602//1602 
f 1606//1606 1605//1605 1602//1602 
f 1606//1606 1602//1602 1601//1601 
f 1482//1482 1484//1484 1607//1607 
f 1608//1608 1479//1479 1482//1482 
f 1607//1607 1608//1608 1482//1482 
f 1488//1488 1479//1479 1608//1608 
f 1609//1609 1485//1485 1488//1488 
f 1608//1608 1609//1609 1488//1488 
f 1492//1492 1485//1485 1609//1609 
f 1610//1610 1489//1489 1492//1492 
f 1609//1609 1610//1610 1492//1492 
f 1496//1496 1489//1489 1610//1610 
f 1611//1611 1493//1493 1496//1496 
f 1610//1610 1611//1611 1496//1496 
f 1500//1500 1493//1493 1611//1611 
f 1612//1612 1497//1497 1500//1500 
f 1611//1611 1612//1612 1500//1500 
f 1504//1504 1497//1497 1612//1612 
f 1613//1613 1501//1501 1504//1504 
f 1612//1612 1613//1613 1504//1504 
f 1508//1508 1501//1501 1613//1613 
f 1614//1614 1505//1505 1508//1508 
f 1613//1613 1614//1614 1508//1508 
f 1512//1512 1505//1505 1614//1614 
f 1615//1615 1509//1509 1512//1512 
f 1614//1614 1615//1615 1512//1512 
f 1516//1516 1509//1509 1615//1615 
f 1616//1616 1513//1513 1516//1516 
f 1615//1615 1616//1616 1516//1516 
f 1520//1520 1513//1513 1616//1616 
f 1617//1617 1517//1517 1520//1520 
f 1616//1616 1617//1617 1520//1520 
f 1524//1524 1517//1517 1617//1617 
f 1618//1618 1521//1521 1524//1524 
f 1617//1617 1618//1618 1524//1524 
f 1528//1528 1521//1521 1618//1618 
f 1619//1619 1525//1525 1528//1528 
f 1618//1618 1619//1619 1528//1528 
f 1532//1532 1525//1525 1619//1619 
f 1620//1620 1529//1529 1532//1532 
f 1619//1619 1620//1620 1532//1532 
f 1536//1536 1529//1529 1620//1620 
f 1621//1621 1533//1533 1536//1536 
f 1620//1620 1621//1621 1536//1536 
f 1540//1540 1533//1533 1621//1621 
f 1622//1622 1537//1537 1540//1540 
f 1621//1621 1622//1622 1540//1540 
f 1544//1544 1537//1537 1622//1622 
f 1623//1623 1541//1541 1544//1544 
f 1622//1622 1623//1623 1544//1544 
f 1548//1548 1541//1541 1623//1623 
f 1624//1624 1545//1545 1548//1548 
f 1623//1623 1624//1624 1548//1548 
f 1552//1552 1545//1545 1624//1624 
f 1625//1625 1549//1549 1552//1552 
f 1624//1624 1625//1625 1552//1552 
f 1556//1556 1549//1549 1625//1625 
f 1626//1626 1553//1553 1556//1556 
f 1625//1625 1626//1626 1556//1556 
f 1560//1560 1553//1553 1626//1626 
f 1627//1627 1557//1557 1560//1560 
f 1626//1626 1627//1627 1560//1560 
f 1564//1564 1557//1557 1627//1627 
f 1628//1628 1561//1561 1564//1564 
f 1627//1627 1628//1628 1564//1564 
f 1568//1568 1561//1561 1628//1628 
f 1629//1629 1565//1565 1568//1568 
f 1628//1628 1629//1629 1568//1568 
f 1572//1572 1565//1565 1629//1629 
f 1630//1630 1569//1569 1572//1572 
f 1629//1629 1630//1630 1572//1572 
f 1576//1576 1569//1569 1630//1630 
f 1631//1631 1573//1573 1576//1576 
f 1630//1630 1631//1631 1576//1576 
f 1580//1580 1573//1573 1631//1631 
f 1632//1632 1577//1577 1580//1580 
f 1631//1631 1632//1632 1580//1580 
f 1584//1584 1577//1577 1632//1632 
f 1633//1633 1581//1581 1584//1584 
f 1632//1632 1633//1633 1584//1584 
f 1588//1588 1581//1581 1633//1633 
f 1634//1634 1585//1585 1588//1588 
f 1633//1633 1634//1634 1588//1588 
f 1592//1592 1585//1585 1634//1634 
f 1635//1635 1589//1589 1592//1592 
f 1634//1634 1635//1635 1592//1592 
f 1596//1596 1589//1589 1635//1635 
f 1636//1636 1593//1593 1596//1596 
f 1635//1635 1636//1636 1596//1596 
f 1600//1600 1593//1593 1636//1636 
f 1637//1637 1597//1597 1600//1600 
f 1636//1636 1637//1637 1600//1600 
f 1604//1604 1597//1597 1637//1637 
f 1638//1638 1601//1601 1604//1604 
f 1637//1637 1638//1638 1604//1604 
f 1606//1606 1601//1601 1638//1638 
f 1607//1607 1484//1484 1606//1606 
f 1638//1638 1607//1607 1606//1606 
f 1639//1639 1608//1608 1607//1607 
f 1639//1639 1607//1607 1640//1640 
f 1641//1641 1609//1609 1608//1608 
f 1641//1641 1608//1608 1639//1639 
f 1642//1642 1610//1610 1609//1609 
f 1642//1642 1609//1609 1641//1641 
f 1643//1643 1611//1611 1610//1610 
f 1643//1643 1610//1610 1642//1642 
f 1644//1644 1612//1612 1611//1611 
f 1644//1644 1611//1611 1643//1643 
f 1645//1645 1613//1613 1612//1612 
f 1645//1645 1612//1612 1644//1644 
f 1646//1646 1614//1614 1613//1613 
f 1646//1646 1613//1613 1645//1645 
f 1647//1647 1615//1615 1614//1614 
f 1647//1647 1614//1614 1646//1646 
f 1648//1648 1616//1616 1615//1615 
f 1648//1648 1615//1615 1647//1647 
f 1649//1649 1617//1617 1616//1616 
f 1649//1649 1616//1616 1648//1648 
f 1650//1650 1618//1618 1617//1617 
f 1650//1650 1617//1617 1649//1649 
f 1651//1651 1619//1619 1618//1618 
f 1651//1651 1618//1618 1650//1650 
f 1652//1652 1620//1620 1619//1619 
f 1652//1652 1619//1619 1651//1651 
f 1653//1653 1621//1621 1620//1620 
f 1653//1653 1620//1620 1652//1652 
f 1654//1654 1622//1622 1621//1621 
f 1654//1654 1621//1621 1653//1653 
f 1655//1655 1623//1623 1622//1622 
f 1655//1655 1622//1622 1654//1654 
f 1656//1656 1624//1624 1623//1623 
f 1656//1656 1623//1623 1655//1655 
f 1657//1657 1625//1625 1624//1624 
f 1657//1657 1624//1624 1656//1656 
f 1658//1658 1626//1626 1625//1625 
f 1658//1658 1625//1625 1657//1657 
f 1659//1659 1627//1627 1626//1626 
f 1659//1659 1626//1626 1658//1658 
f 1660//1660 1628//1628 1627//1627 
f 1660//1660 1627//1627 1659//1659 
f 1661//1661 1629//1629 1628//1628 
f 1661//1661 1628//1628 1660//1660 
f 1662//1662 1630//1630 1629//1629 
f 1662//1662 1629//1629 1661//1661 
f 1663//1663 1631//1631 1630//1630 
f 1663//1663 1630//1630 1662//1662 
f 1664//1664 1632//1632 1631//1631 
f 1664//1664 1631//1631 1663//1663 
f 1665//1665 1633//1633 1632//1632 
f 1665//1665 1632//1632 1664//1664 
f 1666//1666 1634//1634 1633//1633 
f 1666//1666 1633//1633 1665//1665 
f 1667//1667 1635//1635 1634//1634 
f 1667//1667 1634//1634 1666//1666 
f 1668//1668 1636//1636 1635//1635 
f 1668//1668 1635//1635 1667//1667 
f 1669//1669 1637//1637 1636//1636 
f 1669//1669 1636//1636 1668//1668 
f 1670//1670 1638//1638 1637//1637 
f 1670//1670 1637//1637 1669//1669 
f 1640//1640 1607//1607 1638//1638 
f 1640//1640 1638//1638 1670//1670 
f 1671//1671 1639//1639 1640//1640 
f 1671//1671 1640//1640 1672//1672 
f 1673//1673 1641//1641 1639//1639 
f 1673//1673 1639//1639 1671//1671 
f 1674//1674 1642//1642 1641//1641 
f 1674//1674 1641//1641 1673//1673 
f 1675//1675 1643//1643 1642//1642 
f 1675//1675 1642//1642 1674//1674 
f 1676//1676 1644//1644 1643//1643 
f 1676//1676 1643//1643 1675//1675 
f 1677//1677 1645//1645 1644//1644 
f 1677//1677 1644//1644 1676//1676 
f 1678//1678 1646//1646 1645//1645 
f 1678//1678 1645//1645 1677//1677 
f 1679//1679 1647//1647 1646//1646 
f 1679//1679 1646//1646 1678//1678 
f 1680//1680 1648//1648 1647//1647 
f 1680//1680 1647//1647 1679//1679 
f 1681//1681 1649//1649 1648//1648 
f 1681//1681 1648//1648 1680//1680 
f 1682//1682 1650//1650 1649//1649 
f 1682//1682 1649//1649 1681//1681 
f 1683//1683 1651//1651 1650//1650 
f 1683//1683 1650//1650 1682//1682 
f 1684//1684 1652//1652 1651//1651 
f 1684//1684 1651//1651 1683//1683 
f 1685//1685 1653//1653 1652//1652 
f 1685//1685 1652//1652 1684//1684 
f 1686//1686 1654//1654 1653//1653 
f 1686//1686 1653//1653 1685//1685 
f 1687//1687 1655//1655 1654//1654 
f 1687//1687 1654//1654 1686//1686 
f 1688//1688 1656//1656 1655//1655 
f 1688//1688 1655//1655 1687//1687 
f 1689//1689 1657//1657 1656//1656 
f 1689//1689 1656//1656 1688//1688 
f 1690//1690 1658//1658 1657//1657 
f 1690//1690 1657//1657 1689//1689 
f 1691//1691 1659//1659 1658//1658 
f 1691//1691 1658//1658 1690//1690 
f 1692//1692 1660//1660 1659//1659 
f 1692//1692 1659//1659 1691//1691 
f 1693//1693 1661//1661 1660//1660 
f 1693//1693 1660//1660 1692//1692 
f 1694//1694 1662//1662 1661//1661 
f 1694//1694 1661//1661 1693//1693 
f 1695//1695 1663//1663 1662//1662 
f 1695//1695 1662//1662 1694//1694 
f 1696//1696 1664//1664 1663//1663 
f 1696//1696 1663//1663 1695//1695 
f 1697//1697 1665//1665 1664//1664 
f 1697//1697 1664//1664 1696//1696 
f 1698//1698 1666//1666 1665//1665 
f 1698//1698 1665//1665 1697//1697 
f 1699//1699 1667//1667 1666//1666 
f 1699//1699 1666//1666 1698//1698 
f 1700//1700 1668//1668 1667//1667 
f 1700//1700 1667//1667 1699//1699 
f 1701//1701 1669//1669 1668//1668 
f 1701//1701 1668//1668 1700//1700 
f 1702//1702 1670//1670 1669//1669 
f 1702//1702 1669//1669 1701//1701 
f 1672//1672 1640//1640 1670//1670 
f 1672//1672 1670//1670 1702//1702 
f 1703//1703 1671//1671 1672//1672 
f 1703//1703 1672//1672 1704//1704 
f 1705//1705 1673//1673 1671//1671 
f 1705//1705 1671//1671 1703//1703 
f 1706//1706 1674//1674 1673//1673 
f 1706//1706 1673//1673 1705//1705 
f 1707//1707 1675//1675 1674//1674 
f 1707//1707 1674//1674 1706//1706 
f 1708//1708 1676//1676 1675//1675 
f 1708//1708 1675//1675 1707//1707 
f 1709//1709 1677//1677 1676//1676 
f 1709//1709 1676//1676 1708//1708 
f 1710//1710 1678//1678 1677//1677 
f 1710//1710 1677//1677 1709//1709 
f 1711//1711 1679//1679 1678//1678 
f 1711//1711 1678//1678 1710//1710 
f 1712//1712 1680//1680 1679//1679 
f 1712//1712 1679//1679 1711//1711 
f 1713//1713 1681//1681 1680//1680 
f 1713//1713 1680//1680 1712//1712 
f 1714//1714 1682//1682 1681//1681 
f 1714//1714 1681//1681 1713//1713 
f 1715//1715 1683//1683 1682//1682 
f 1715//1715 1682//1682 1714//1714 
f 1716//1716 1684//1684 1683//1683 
f 1716//1716 1683//1683 1715//1715 
f 1717//1717 1685//1685 1684//1684 
f 1717//1717 1684//1684 1716//1716 
f 1718//1718 1686//1686 1685//1685 
f 1718//1718 1685//1685 1717//1717 
f 1719//1719 1687//1687 1686//1686 
f 1719//1719 1686//1686 1718//1718 
f 1720//1720 1688//1688 1687//1687 
f 1720//1720 1687//1687 1719//1719 
f 1721//1721 1689//1689 1688//1688 
f 1721//1721 1688//1688 1720//1720 
f 1722//1722 1690//1690 1689//1689 
f 1722//1722 1689//1689 1721//1721 
f 1723//1723 1691//1691 1690//1690 
f 1723//1723 1690//1690 1722//1722 
f 1724//1724 1692//1692 1691//1691 
f 1724//1724 1691//1691 1723//1723 
f 1725//1725 1693//1693 1692//1692 
f 1725//1725 1692//1692 1724//1724 
f 1726//1726 1694//1694 1693//1693 
f 1726//1726 1693//1693 1725//1725 
f 1727//1727 1695//1695 1694//1694 
f 1727//1727 1694//1694 1726//1726 
f 1728//1728 1696//1696 1695//1695 
f 1728//1728 1695//1695 1727//1727 
f 1729//1729 1697//1697 1696//1696 
f 1729//1729 1696//1696 1728//1728 
f 1730//1730 1698//1698 1697//1697 
f 1730//1730 1697//1697 1729//1729 
f 1731//1731 1699//1699 1698//1698 
f 1731//1731 1698//1698 1730//1730 
f 1732//1732 1700//1700 1699//1699 
f 1732//1732 1699//1699 1731//1731 
f 1733//1733 1701//1701 1700//1700 
f 1733//1733 1700//1700 1732//1732 
f 1734//1734 1702//1702 1701//1701 
f 1734//1734 1701//1701 1733//1733 
f 1704//1704 1672//1672 1702//1702 
f 1704//1704 1702//1702 1734//1734 
f 1735//1735 1703//1703 1704//1704 
f 1735//1735 1704//1704 1736//1736 
f 1737//1737 1705//1705 1703//1703 
f 1737//1737 1703//1703 1735//1735 
f 1738//1738 1706//1706 1705//1705 
f 1738//1738 1705//1705 1737//1737 
f 1739//1739 1707//1707 1706//1706 
f 1739//1739 1706//1706 1738//1738 
f 1740//1740 1708//1708 1707//1707 
f 1740//1740 1707//1707 1739//1739 
f 1741//1741 1709//1709 1708//1708 
f 1741//1741 1708//1708 1740//1740 
f 1742//1742 1710//1710 1709//1709 
f 1742//1742 1709//1709 1741//1741 
f 1743//1743 1711//1711 1710//1710 
f 1743//1743 1710//1710 1742//1742 
f 1744//1744 1712//1712 1711//1711 
f 1744//1744 1711//1711 1743//1743 
f 1745//1745 1713//1713 1712//1712 
f 1745//1745 1712//1712 1744//1744 
f 1746//1746 1714//1714 1713//1713 
f 1746//1746 1713//1713 1745//1745 
f 1747//1747 1715//1715 1714//1714 
f 1747//1747 1714//1714 1746//1746 
f 1748//1748 1716//1716 1715//1715 
f 1748//1748 1715//1715 1747//1747 
f 1749//1749 1717//1717 1716//1716 
f 1749//1749 1716//1716 1748//1748 
f 1750//1750 1718//1718 1717//1717 
f 1750//1750 1717//1717 1749//1749 
f 1751//1751 1719//1719 1718//1718 
f 1751//1751 1718//1718 1750//1750 
f 1752//1752 1720//1720 1719//1719 
f 1752//1752 1719//1719 1751//1751 
f 1753//1753 1721//1721 1720//1720 
f 1753//1753 1720//1720 1752//1752 
f 1754//1754 1722//1722 1721//1721 
f 1754//1754 1721//1721 1753//1753 
f 1755//1755 1723//1723 1722//1722 
f 1755//1755 1722//1722 1754//1754 
f 1756//1756 1724//1724 1723//1723 
f 1756//1756 1723//1723 1755//1755 
f 1757//1757 1725//1725 1724//1724 
f 1757//1757 1724//1724 1756//1756 
f 1758//1758 1726//1726 1725//1725 
f 1758//1758 1725//1725 1757//1757 
f 1759//1759 1727//1727 1726//1726 
f 1759//1759 1726//1726 1758//1758 
f 1760//1760 1728//1728 1727//1727 
f 1760//1760 1727//1727 1759//1759 
f 1761//1761 1729//1729 1728//1728 
f 1761//1761 1728//1728 1760//1760 
f 1762//1762 1730//1730 1729//1729 
f 1762//1762 1729//1729 1761//1761 
f 1763//1763 1731//1731 1730//1730 
f 1763//1763 1730//1730 1762//1762 
f 1764//1764 1732//1732 1731//1731 
f 1764//1764 1731//1731 1763//1763 
f 1765//1765 1733//1733 1732//1732 
f 1765//1765 1732//1732 1764//1764 
f 1766//1766 1734//1734 1733//1733 
f 1766//1766 1733//1733 1765//1765 
f 1736//1736 1704//1704 1734//1734 
f 1736//1736 1734//1734 1766//1766 
f 1767//1767 1735//1735 1736//1736 
f 1767//1767 1736//1736 1768//1768 
f 1769//1769 1737//1737 1735//1735 
f 1769//1769 1735//1735 1767//1767 
f 1770//1770 1738//1738 1737//1737 
f 1770//1770 1737//1737 1769//1769 
f 1771//1771 1739//1739 1738//1738 
f 1771//1771 1738//1738 1770//1770 
f 1772//1772 1740//1740 1739//1739 
f 1772//1772 1739//1739 1771//1771 
f 1773//1773 1741//1741 1740//1740 
f 1773//1773 1740//1740 1772//1772 
f 1774//1774 1742//1742 1741//1741 
f 1774//1774 1741//1741 1773//1773 
f 1775//1775 1743//1743 1742//1742 
f 1775//1775 1742//1742 1774//1774 
f 1776//1776 1744//1744 1743//1743 
f 1776//1776 1743//1743 1775//1775 
f 1777//1777 1745//1745 1744//1744 
f 1777//1777 1744//1744 1776//1776 
f 1778//1778 1746//1746 1745//1745 
f 1778//1778 1745//1745 1777//1777 
f 1779//1779 1747//1747 1746//1746 
f 1779//1779 1746//1746 1778//1778 
f 1780//1780 1748//1748 1747//1747 
f 1780//1780 1747//1747 1779//1779 
f 1781//1781 1749//1749 1748//1748 
f 1781//1781 1748//1748 1780//1780 
f 1782//1782 1750//1750 1749//1749 
f 1782//1782 1749//1749 1781//1781 
f 1783//1783 1751//1751 1750//1750 
f 1783//1783 1750//1750 1782//1782 
f 1784//1784 1752//1752 1751//1751 
f 1784//1784 1751//1751 1783//1783 
f 1785//1785 1753//1753 1752//1752 
f 1785//1785 1752//1752 1784//1784 
f 1786//1786 1754//1754 1753//1753 
f 1786//1786 1753//1753 1785//1785 
f 1787//1787 1755//1755 1754//1754 
f 1787//1787 1754//1754 1786//1786 
f 1788//1788 1756//1756 1755//1755 
f 1788//1788 1755//1755 1787//1787 
f 1789//1789 1757//1757 1756//1756 
f 1789//1789 1756//1756 1788//1788 
f 1790//1790 1758//1758 1757//1757 
f 1790//1790 1757//1757 1789//1789 
f 1791//1791 1759//1759 1758//1758 
f 1791//1791 1758//1758 1790//1790 
f 1792//1792 1760//1760 1759//1759 
f 1792//1792 1759//1759 1791//1791 
f 1793//1793 1761//1761 1760//1760 
f 1793//1793 1760//1760 1792//1792 
f 1794//1794 1762//1762 1761//1761 
f 1794//1794 1761//1761 1793//1793 
f 1795//1795 1763//1763 1762//1762 
f 1795//1795 1762//1762 1794//1794 
f 1796//1796 1764//1764 1763//1763 
f 1796//1796 1763//1763 1795//1795 
f 1797//1797 1765//1765 1764//1764 
f 1797//1797 1764//1764 1796//1796 
f 1798//1798 1766//1766 1765//1765 
f 1798//1798 1765//1765 1797//1797 
f 1768//1768 1736//1736 1766//1766 
f 1768//1768 1766//1766 1798//1798 
f 1799//1799 1767//1767 1768//1768 
f 1799//1799 1768//1768 1800//1800 
f 1801//1801 1769//1769 1767//1767 
f 1801//1801 1767//1767 1799//1799 
f 1802//1802 1770//1770 1769//1769 
f 1802//1802 1769//1769 1801//1801 
f 1803//1803 1771//1771 1770//1770 
f 1803//1803 1770//1770 1802//1802 
f 1804//1804 1772//1772 1771//1771 
f 1804//1804 1771//1771 1803//1803 
f 1805//1805 1773//1773 1772//1772 
f 1805//1805 1772//1772 1804//1804 
f 1806//1806 1774//1774 1773//1773 
f 1806//1806 1773//1773 1805//1805 
f 1807//1807 1775//1775 1774//1774 
f 1807//1807 1774//1774 1806//1806 
f 1808//1808 1776//1776 1775//1775 
f 1808//1808 1775//1775 1807//1807 
f 1809//1809 1777//1777 1776//1776 
f 1809//1809 1776//1776 1808//1808 
f 1810//1810 1778//1778 1777//1777 
f 1810//1810 1777//1777 1809//1809 
f 1811//1811 1779//1779 1778//1778 
f 1811//1811 1778//1778 1810//1810 
f 1812//1812 1780//1780 1779//1779 
f 1812//1812 1779//1779 1811//1811 
f 1813//1813 1781//1781 1780//1780 
f 1813//1813 1780//1780 1812//1812 
f 1814//1814 1782//1782 1781//1781 
f 1814//1814 1781//1781 1813//1813 
f 1815//1815 1783//1783 1782//1782 
f 1815//1815 1782//1782 1814//1814 
f 1816//1816 1784//1784 1783//1783 
f 1816//1816 1783//1783 1815//1815 
f 1817//1817 1785//1785 1784//1784 
f 1817//1817 1784//1784 1816//1816 
f 1818//1818 1786//1786 1785//1785 
f 1818//1818 1785//1785 1817//1817 
f 1819//1819 1787//1787 1786//1786 
f 1819//1819 1786//1786 1818//1818 
f 1820//1820 1788//1788 1787//1787 
f 1820//1820 1787//1787 1819//1819 
f 1821//1821 1789//1789 1788//1788 
f 1821//1821 1788//1788 1820//1820 
f 1822//1822 1790//1790 1789//1789 
f 1822//1822 1789//1789 1821//1821 
f 1823//1823 1791//1791 1790//1790 
f 1823//1823 1790//1790 1822//1822 
f 1824//1824 1792//1792 1791//1791 
f 1824//1824 1791//1791 1823//1823 
f 1825//1825 1793//1793 1792//1792 
f 1825//1825 1792//1792 1824//1824 
f 1826//1826 1794//1794 1793//1793 
f 1826//1826 1793//1793 1825//1825 
f 1827//1827 1795//1795 1794//1794 
f 1827//1827 1794//1794 1826//1826 
f 1828//1828 1796//1796 1795//1795 
f 1828//1828 1795//1795 1827//1827 
f 1829//1829 1797//1797 1796//1796 
f 1829//1829 1796//1796 1828//1828 
f 1830//1830 1798//1798 1797//1797 
f 1830//1830 1797//1797 1829//1829 
f 1800//1800 1768//1768 1798//1798 
f 1800//1800 1798//1798 1830//1830 
f 1831//1831 1799//1799 1800//1800 
f 1831//1831 1800//1800 1832//1832 
f 1833//1833 1801//1801 1799//1799 
f 1833//1833 1799//1799 1831//1831 
f 1834//1834 1802//1802 1801//1801 
f 1834//1834 1801//1801 1833//1833 
f 1835//1835 1803//1803 1802//1802 
f 1835//1835 1802//1802 1834//1834 
f 1836//1836 1804//1804 1803//1803 
f 1836//1836 1803//1803 1835//1835 
f 1837//1837 1805//1805 1804//1804 
f 1837//1837 1804//1804 1836//1836 
f 1838//1838 1806//1806 1805//1805 
f 1838//1838 1805//1805 1837//1837 
f 1839//1839 1807//1807 1806//1806 
f 1839//1839 1806//1806 1838//1838 
f 1840//1840 1808//1808 1807//1807 
f 1840//1840 1807//1807 1839//1839 
f 1841//1841 1809//1809 1808//1808 
f 1841//1841 1808//1808 1840//1840 
f 1842//1842 1810//1810 1809//1809 
f 1842//1842 1809//1809 1841//1841 
f 1843//1843 1811//1811 1810//1810 
f 1843//1843 1810//1810 1842//1842 
f 1844//1844 1812//1812 1811//1811 
f 1844//1844 1811//1811 1843//1843 
f 1845//1845 1813//1813 1812//1812 
f 1845//1845 1812//1812 1844//1844 
f 1846//1846 1814//1814 1813//1813 
f 1846//1846 1813//1813 1845//1845 
f 1847//1847 1815//1815 1814//1814 
f 1847//1847 1814//1814 1846//1846 
f 1848//1848 1816//1816 1815//1815 
f 1848//1848 1815//1815 1847//1847 
f 1849//1849 1817//1817 1816//1816 
f 1849//1849 1816//1816 1848//1848 
f 1850//1850 1818//1818 1817//1817 
f 1850//1850 1817//1817 1849//1849 
f 1851//1851 1819//1819 1818//1818 
f 1851//1851 1818//1818 1850//1850 
f 1852//1852 1820//1820 1819//1819 
f 1852//1852 1819//1819 1851//1851 
f 1853//1853 1821//1821 1820//1820 
f 1853//1853 1820//1820 1852//1852 
f 1854//1854 1822//1822 1821//1821 
f 1854//1854 1821//1821 1853//1853 
f 1855//1855 1823//1823 1822//1822 
f 1855//1855 1822//1822 1854//1854 
f 1856//1856 1824//1824 1823//1823 
f 1856//1856 1823//1823 1855//1855 
f 1857//1857 1825//1825 1824//1824 
f 1857//1857 1824//1824 1856//1856 
f 1858//1858 1826//1826 1825//1825 
f 1858//1858 1825//1825 1857//1857 
f 1859//1859 1827//1827 1826//1826 
f 1859//1859 1826//1826 1858//1858 
f 1860//1860 1828//1828 1827//1827 
f 1860//1860 1827//1827 1859//1859 
f 1861//1861 1829//1829 1828//1828 
f 1861//1861 1828//1828 1860//1860 
f 1862//1862 1830//1830 1829//1829 
f 1862//1862 1829//1829 1861//1861 
f 1832//1832 1800//1800 1830//1830 
f 1832//1832 1830//1830 1862//1862 
f 1863//1863 1831//1831 1832//1832 
f 1863//1863 1832//1832 1864//1864 
f 1865//1865 1833//1833 1831//1831 
f 1865//1865 1831//1831 1863//1863 
f 1866//1866 1834//1834 1833//1833 
f 1866//1866 1833//1833 1865//1865 
f 1867//1867 1835//1835 1834//1834 
f 1867//1867 1834//1834 1866//1866 
f 1868//1868 1836//1836 1835//1835 
f 1868//1868 1835//1835 1867//1867 
f 1869//1869 1837//1837 1836//1836 
f 1869//1869 1836//1836 1868//1868 
f 1870//1870 1838//1838 1837//1837 
f 1870//1870 1837//1837 1869//1869 
f 1871//1871 1839//1839 1838//1838 
f 1871//1871 1838//1838 1870//1870 
f 1872//1872 1840//1840 1839//1839 
f 1872//1872 1839//1839 1871//1871 
f 1873//1873 1841//1841 1840//1840 
f 1873//1873 1840//1840 1872//1872 
f 1874//1874 1842//1842 1841//1841 
f 1874//1874 1841//1841 1873//1873 
f 1875//1875 1843//1843 1842//1842 
f 1875//1875 1842//1842 1874//1874 
f 1876//1876 1844//1844 1843//1843 
f 1876//1876 1843//1843 1875//1875 
f 1877//1877 1845//1845 1844//1844 
f 1877//1877 1844//1844 1876//1876 
f 1878//1878 1846//1846 1845//1845 
f 1878//1878 1845//1845 1877//1877 
f 1879//1879 1847//1847 1846//1846 
f 1879//1879 1846//1846 1878//1878 
f 1880//1880 1848//1848 1847//1847 
f 1880//1880 1847//1847 1879//1879 
f 1881//1881 1849//1849 1848//1848 
f 1881//1881 1848//1848 1880//1880 
f 1882//1882 1850//1850 1849//1849 
f 1882//1882 1849//1849 1881//1881 
f 1883//1883 1851//1851 1850//1850 
f 1883//1883 1850//1850 1882//1882 
f 1884//1884 1852//1852 1851//1851 
f 1884//1884 1851//1851 1883//1883 
f 1885//1885 1853//1853 1852//1852 
f 1885//1885 1852//1852 1884//1884 
f 1886//1886 1854//1854 1853//1853 
f 1886//1886 1853//1853 1885//1885 
f 1887//1887 1855//1855 1854//1854 
f 1887//1887 1854//1854 1886//1886 
f 1888//1888 1856//1856 1855//1855 
f 1888//1888 1855//1855 1887//1887 
f 1889//1889 1857//1857 1856//1856 
f 1889//1889 1856//1856 1888//1888 
f 1890//1890 1858//1858 1857//1857 
f 1890//1890 1857//1857 1889//1889 
f 1891//1891 1859//1859 1858//1858 
f 1891//1891 1858//1858 1890//1890 
f 1892//1892 1860//1860 1859//1859 
f 1892//1892 1859//1859 1891//1891 
f 1893//1893 1861//1861 1860//1860 
f 1893//1893 1860//1860 1892//1892 
f 1894//1894 1862//1862 1861//1861 
f 1894//1894 1861//1861 1893//1893 
f 1864//1864 1832//1832 1862//1862 
f 1864//1864 1862//1862 1894//1894 
f 1895//1895 1863//1863 1864//1864 
f 1895//1895 1864//1864 1896//1896 
f 1897//1897 1865//1865 1863//1863 
f 1897//1897 1863//1863 1895//1895 
f 1898//1898 1866//1866 1865//1865 
f 1898//1898 1865//1865 1897//1897 
f 1899//1899 1867//1867 1866//1866 
f 1899//1899 1866//1866 1898//1898 
f 1900//1900 1868//1868 1867//1867 
f 1900//1900 1867//1867 1899//1899 
f 1901//1901 1869//1869 1868//1868 
f 1901//1901 1868//1868 1900//1900 
f 1902//1902 1870//1870 1869//1869 
f 1902//1902 1869//1869 1901//1901 
f 1903//1903 1871//1871 1870//1870 
f 1903//1903 1870//1870 1902//1902 
f 1904//1904 1872//1872 1871//1871 
f 1904//1904 1871//1871 1903//1903 
f 1905//1905 1873//1873 1872//1872 
f 1905//1905 1872//1872 1904//1904 
f 1906//1906 1874//1874 1873//1873 
f 1906//1906 1873//1873 1905//1905 
f 1907//1907 1875//1875 1874//1874 
f 1907//1907 1874//1874 1906//1906 
f 1908//1908 1876//1876 1875//1875 
f 1908//1908 1875//1875 1907//1907 
f 1909//1909 1877//1877 1876//1876 
f 1909//1909 1876//1876 1908//1908 
f 1910//1910 1878//1878 1877//1877 
f 1910//1910 1877//1877 1909//1909 
f 1911//1911 1879//1879 1878//1878 
f 1911//1911 1878//1878 1910//1910 
f 1912//1912 1880//1880 1879//1879 
f 1912//1912 1879//1879 1911//1911 
f 1913//1913 1881//1881 1880//1880 
f 1913//1913 1880//1880 1912//1912 
f 1914//1914 1882//1882 1881//1881 
f 1914//1914 1881//1881 1913//1913 
f 1915//1915 1883//1883 1882//1882 
f 1915//1915 1882//1882 1914//1914 
f 1916//1916 1884//1884 1883//1883 
f 1916//1916 1883//1883 1915//1915 
f 1917//1917 1885//1885 1884//1884 
f 1917//1917 1884//1884 1916//1916 
f 1918//1918 1886//1886 1885//1885 
f 1918//1918 1885//1885 1917//1917 
f 1919//1919 1887//1887 1886//1886 
f 1919//1919 1886//1886 1918//1918 
f 1920//1920 1888//1888 1887//1887 
f 1920//1920 1887//1887 1919//1919 
f 1921//1921 1889//1889 1888//1888 
f 1921//1921 1888//1888 1920//1920 
f 1922//1922 1890//1890 1889//1889 
f 1922//1922 1889//1889 1921//1921 
f 1923//1923 1891//1891 1890//1890 
f 1923//1923 1890//1890 1922//1922 
f 1924//1924 1892//1892 1891//1891 
f 1924//1924 1891//1891 1923//1923 
f 1925//1925 1893//1893 1892//1892 
f 1925//1925 1892//1892 1924//1924 
f 1926//1926 1894//1894 1893//1893 
f 1926//1926 1893//1893 1925//1925 
f 1896//1896 1864//1864 1894//1894 
f 1896//1896 1894//1894 1926//1926 
f 1927//1927 1895//1895 1896//1896 
f 1927//1927 1896//1896 1928//1928 
f 1929//1929 1897//1897 1895//1895 
f 1929//1929 1895//1895 1927//1927 
f 1930//1930 1898//1898 1897//1897 
f 1930//1930 1897//1897 1929//1929 
f 1931//1931 1899//1899 1898//1898 
f 1931//1931 1898//1898 1930//1930 
f 1932//1932 1900//1900 1899//1899 
f 1932//1932 1899//1899 1931//1931 
f 1933//1933 1901//1901 1900//1900 
f 1933//1933 1900//1900 1932//1932 
f 1934//1934 1902//1902 1901//1901 
f 1934//1934 1901//1901 1933//1933 
f 1935//1935 1903//1903 1902//1902 
f 1935//1935 1902//1902 1934//1934 
f 1936//1936 1904//1904 1903//1903 
f 1936//1936 1903//1903 1935//1935 
f 1937//1937 1905//1905 1904//1904 
f 1937//1937 1904//1904 1936//1936 
f 1938//1938 1906//1906 1905//1905 
f 1938//1938 1905//1905 1937//1937 
f 1939//1939 1907//1907 1906//1906 
f 1939//1939 1906//1906 1938//1938 
f 1940//1940 1908//1908 1907//1907 
f 1940//1940 1907//1907 1939//1939 
f 1941//1941 1909//1909 1908//1908 
f 1941//1941 1908//1908 1940//1940 
f 1942//1942 1910//1910 1909//1909 
f 1942//1942 1909//1909 1941//1941 
f 1943//1943 1911//1911 1910//1910 
f 1943//1943 1910//1910 1942//1942 
f 1944//1944 1912//1912 1911//1911 
f 1944//1944 1911//1911 1943//1943 
f 1945//1945 1913//1913 1912//1912 
f 1945//1945 1912//1912 1944//1944 
f 1946//1946 1914//1914 1913//1913 
f 1946//1946 1913//1913 1945//1945 
f 1947//1947 1915//1915 1914//1914 
f 1947//1947 1914//1914 1946//1946 
f 1948//1948 1916//1916 1915//1915 
f 1948//1948 1915//1915 1947//1947 
f 1949//1949 1917//1917 1916//1916 
f 1949//1949 1916//1916 1948//1948 
f 1950//1950 1918//1918 1917//1917 
f 1950//1950 1917//1917 1949//1949 
f 1951//1951 1919//1919 1918//1918 
f 1951//1951 1918//1918 1950//1950 
f 1952//1952 1920//1920 1919//1919 
f 1952//1952 1919//1919 1951//1951 
f 1953//1953 1921//1921 1920//1920 
f 1953//1953 1920//1920 1952//1952 
f 1954//1954 1922//1922 1921//1921 
f 1954//1954 1921//1921 1953//1953 
f 1955//1955 1923//1923 1922//1922 
f 1955//1955 1922//1922 1954//1954 
f 1956//1956 1924//1924 1923//1923 
f 1956//1956 1923//1923 1955//1955 
f 1957//1957 1925//1925 1924//1924 
f 1957//1957 1924//1924 1956//1956 
f 1958//1958 1926//1926 1925//1925 
f 1958//1958 1925//1925 1957//1957 
f 1928//1928 1896//1896 1926//1926 
f 1928//1928 1926//1926 1958//1958 
f 1959//1959 1927//1927 1928//1928 
f 1959//1959 1928//1928 1960//1960 
f 1961//1961 1929//1929 1927//1927 
f 1961//1961 1927//1927 1959//1959 
f 1962//1962 1930//1930 1929//1929 
f 1962//1962 1929//1929 1961//1961 
f 1963//1963 1931//1931 1930//1930 
f 1963//1963 1930//1930 1962//1962 
f 1964//1964 1932//1932 1931//1931 
f 1964//1964 1931//1931 1963//1963 
f 1965//1965 1933//1933 1932//1932 
f 1965//1965 1932//1932 1964//1964 
f 1966//1966 1934//1934 1933//1933 
f 1966//1966 1933//1933 1965//1965 
f 1967//1967 1935//1935 1934//1934 
f 1967//1967 1934//1934 1966//1966 
f 1968//1968 1936//1936 1935//1935 
f 1968//1968 1935//1935 1967//1967 
f 1969//1969 1937//1937 1936//1936 
f 1969//1969 1936//1936 1968//1968 
f 1970//1970 1938//1938 1937//1937 
f 1970//1970 1937//1937 1969//1969 
f 1971//1971 1939//1939 1938//1938 
f 1971//1971 1938//1938 1970//1970 
f 1972//1972 1940//1940 1939//1939 
f 1972//1972 1939//1939 1971//1971 
f 1973//1973 1941//1941 1940//1940 
f 1973//1973 1940//1940 1972//1972 
f 1974//1974 1942//1942 1941//1941 
f 1974//1974 1941//1941 1973//1973 
f 1975//1975 1943//1943 1942//1942 
f 1975//1975 1942//1942 1974//1974 
f 1976//1976 1944//1944 1943//1943 
f 1976//1976 1943//1943 1975//1975 
f 1977//1977 1945//1945 1944//1944 
f 1977//1977 1944//1944 1976//1976 
f 1978//1978 1946//1946 1945//1945 
f 1978//1978 1945//1945 1977//1977 
f 1979//1979 1947//1947 1946//1946 
f 1979//1979 1946//1946 1978//1978 
f 1980//1980 1948//1948 1947//1947 
f 1980//1980 1947//1947 1979//1979 
f 1981//1981 1949//1949 1948//1948 
f 1981//1981 1948//1948 1980//1980 
f 1982//1982 1950//1950 1949//1949 
f 1982//1982 1949//1949 1981//1981 
f 1983//1983 1951//1951 1950//1950 
f 1983//1983 1950//1950 1982//1982 
f 1984//1984 1952//1952 1951//1951 
f 1984//1984 1951//1951 1983//1983 
f 1985//1985 1953//1953 1952//1952 
f 1985//1985 1952//1952 1984//1984 
f 1986//1986 1954//1954 1953//1953 
f 1986//1986 1953//1953 1985//1985 
f 1987//1987 1955//1955 1954//1954 
f 1987//1987 1954//1954 1986//1986 
f 1988//1988 1956//1956 1955//1955 
f 1988//1988 1955//1955 1987//1987 
f 1989//1989 1957//1957 1956//1956 
f 1989//1989 1956//1956 1988//1988 
f 1990//1990 1958//1958 1957//1957 
f 1990//1990 1957//1957 1989//1989 
f 1960//1960 1928//1928 1958//1958 
f 1960//1960 1958//1958 1990//1990 
f 1991//1991 1959//1959 1960//1960 
f 1991//1991 1960//1960 1992//1992 
f 1993//1993 1961//1961 1959//1959 
f 1993//1993 1959//1959 1991//1991 
f 1994//1994 1962//1962 1961//1961 
f 1994//1994 1961//1961 1993//1993 
f 1995//1995 1963//1963 1962//1962 
f 1995//1995 1962//1962 1994//1994 
f 1996//1996 1964//1964 1963//1963 
f 1996//1996 1963//1963 1995//1995 
f 1997//1997 1965//1965 1964//1964 
f 1997//1997 1964//1964 1996//1996 
f 1998//1998 1966//1966 1965//1965 
f 1998//1998 1965//1965 1997//1997 
f 1999//1999 1967//1967 1966//1966 
f 1999//1999 1966//1966 1998//1998 
f 2000//2000 1968//1968 1967//1967 
f 2000//2000 1967//1967 1999//1999 
f 2001//2001 1969//1969 1968//1968 
f 2001//2001 1968//1968 2000//2000 
f 2002//2002 1970//1970 1969//1969 
f 2002//2002 1969//1969 2001//2001 
f 2003//2003 1971//1971 1970//1970 
f 2003//2003 1970//1970 2002//2002 
f 2004//2004 1972//1972 1971//1971 
f 2004//2004 1971//1971 2003//2003 
f 2005//2005 1973//1973 1972//1972 
f 2005//2005 1972//1972 2004//2004 
f 2006//2006 1974//1974 1973//1973 
f 2006//2006 1973//1973 2005//2005 
f 2007//2007 1975//1975 1974//1974 
f 2007//2007 1974//1974 2006//2006 
f 2008//2008 1976//1976 1975//1975 
f 2008//2008 1975//1975 2007//2007 
f 2009//2009 1977//1977 1976//1976 
f 2009//2009 1976//1976 2008//2008 
f 2010//2010 1978//1978 1977//1977 
f 2010//2010 1977//1977 2009//2009 
f 2011//2011 1979//1979 1978//1978 
f 2011//2011 1978//1978 2010//2010 
f 2012//2012 1980//1980 1979//1979 
f 2012//2012 1979//1979 2011//2011 
f 2013//2013 1981//1981 1980//1980 
f 2013//2013 1980//1980 2012//2012 
f 2014//2014 1982//1982 1981//1981 
f 2014//2014 1981//1981 2013//2013 
f 2015//2015 1983//1983 1982//1982 
f 2015//2015 1982//1982 2014//2014 
f 2016//2016 1984//1984 1983//1983 
f 2016//2016 1983//1983 2015//2015 
f 2017//2017 1985//1985 1984//1984 
f 2017//2017 1984//1984 2016//2016 
f 2018//2018 1986//1986 1985//1985 
f 2018//2018 1985//1985 2017//2017 
f 2019//2019 1987//1987 1986//1986 
f 2019//2019 1986//1986 2018//2018 
f 2020//2020 1988//1988 1987//1987 
f 2020//2020 1987//1987 2019//2019 
f 2021//2021 1989//1989 1988//1988 
f 2021//2021 1988//1988 2020//2020 
f 2022//2022 1990//1990 1989//1989 
f 2022//2022 1989//1989 2021//2021 
f 1992//1992 1960//1960 1990//1990 
f 1992//1992 1990//1990 2022//2022 
f 2023//2023 1991//1991 1992//1992 
f 2023//2023 1992//1992 2024//2024 
f 2025//2025 1993//1993 1991//1991 
f 2025//2025 1991//1991 2023//2023 
f 2026//2026 1994//1994 1993//1993 
f 2026//2026 1993//1993 2025//2025 
f 2027//2027 1995//1995 1994//1994 
f 2027//2027 1994//1994 2026//2026 
f 2028//2028 1996//1996 1995//1995 
f 2028//2028 1995//1995 2027//2027 
f 2029//2029 1997//1997 1996//1996 
f 2029//2029 1996//1996 2028//2028 
f 2030//2030 1998//1998 1997//1997 
f 2030//2030 1997//1997 2029//2029 
f 2031//2031 1999//1999 1998//1998 
f 2031//2031 1998//1998 2030//2030 
f 2032//2032 2000//2000 1999//1999 
f 2032//2032 1999//1999 2031//2031 
f 2033//2033 2001//2001 2000//2000 
f 2033//2033 2000//2000 2032//2032 
f 2034//2034 2002//2002 2001//2001 
f 2034//2034 2001//2001 2033//2033 
f 2035//2035 2003//2003 2002//2002 
f 2035//2035 2002//2002 2034//2034 
f 2036//2036 2004//2004 2003//2003 
f 2036//2036 2003//2003 2035//2035 
f 2037//2037 2005//2005 2004//2004 
f 2037//2037 2004//2004 2036//2036 
f 2038//2038 2006//2006 2005//2005 
f 2038//2038 2005//2005 2037//2037 
f 2039//2039 2007//2007 2006//2006 
f 2039//2039 2006//2006 2038//2038 
f 2040//2040 2008//2008 2007//2007 
f 2040//2040 2007//2007 2039//2039 
f 2041//2041 2009//2009 2008//2008 
f 2041//2041 2008//2008 2040//2040 
f 2042//2042 2010//2010 2009//2009 
f 2042//2042 2009//2009 2041//2041 
f 2043//2043 2011//2011 2010//2010 
f 2043//2043 2010//2010 2042//2042 
f 2044//2044 2012//2012 2011//2011 
f 2044//2044 2011//2011 2043//2043 
f 2045//2045 2013//2013 2012//2012 
f 2045//2045 2012//2012 2044//2044 
f 2046//2046 2014//2014 2013//2013 
f 2046//2046 2013//2013 2045//2045 
f 2047//2047 2015//2015 2014//2014 
f 2047//2047 2014//2014 2046//2046 
f 2048//2048 2016//2016 2015//2015 
f 2048//2048 2015//2015 2047//2047 
f 2049//2049 2017//2017 2016//2016 
f 2049//2049 2016//2016 2048//2048 
f 2050//2050 2018//2018 2017//2017 
f 2050//2050 2017//2017 2049//2049 
f 2051//2051 2019//2019 2018//2018 
f 2051//2051 2018//2018 2050//2050 
f 2052//2052 2020//2020 2019//2019 
f 2052//2052 2019//2019 2051//2051 
f 2053//2053 2021//2021 2020//2020 
f 2053//2053 2020//2020 2052//2052 
f 2054//2054 2022//2022 2021//2021 
f 2054//2054 2021//2021 2053//2053 
f 2024//2024 1992//1992 2022//2022 
f 2024//2024 2022//2022 2054//2054 
f 2055//2055 2023//2023 2024//2024 
f 2055//2055 2024//2024 2056//2056 
f 2057//2057 2025//2025 2023//2023 
f 2057//2057 2023//2023 2055//2055 
f 2058//2058 2026//2026 2025//2025 
f 2058//2058 2025//2025 2057//2057 
f 2059//2059 2027//2027 2026//2026 
f 2059//2059 2026//2026 2058//2058 
f 2060//2060 2028//2028 2027//2027 
f 2060//2060 2027//2027 2059//2059 
f 2061//2061 2029//2029 2028//2028 
f 2061//2061 2028//2028 2060//2060 
f 2062//2062 2030//2030 2029//2029 
f 2062//2062 2029//2029 2061//2061 
f 2063//2063 2031//2031 2030//2030 
f 2063//2063 2030//2030 2062//2062 
f 2064//2064 2032//2032 2031//2031 
f 2064//2064 2031//2031 2063//2063 
f 2065//2065 2033//2033 2032//2032 
f 2065//2065 2032//2032 2064//2064 
f 2066//2066 2034//2034 2033//2033 
f 2066//2066 2033//2033 2065//2065 
f 2067//2067 2035//2035 2034//2034 
f 2067//2067 2034//2034 2066//2066 
f 2068//2068 2036//2036 2035//2035 
f 2068//2068 2035//2035 2067//2067 
f 2069//2069 2037//2037 2036//2036 
f 2069//2069 2036//2036 2068//2068 
f 2070//2070 2038//2038 2037//2037 
f 2070//2070 2037//2037 2069//2069 
f 2071//2071 2039//2039 2038//2038 
f 2071//2071 2038//2038 2070//2070 
f 2072//2072 2040//2040 2039//2039 
f 2072//2072 2039//2039 2071//2071 
f 2073//2073 2041//2041 2040//2040 
f 2073//2073 2040//2040 2072//2072 
f 2074//2074 2042//2042 2041//2041 
f 2074//2074 2041//2041 2073//2073 
f 2075//2075 2043//2043 2042//2042 
f 2075//2075 2042//2042 2074//2074 
f 2076//2076 2044//2044 2043//2043 
f 2076//2076 2043//2043 2075//2075 
f 2077//2077 2045//2045 2044//2044 
f 2077//2077 2044//2044 2076//2076 
f 2078//2078 2046//2046 2045//2045 
f 2078//2078 2045//2045 2077//2077 
f 2079//2079 2047//2047 2046//2046 
f 2079//2079 2046//2046 2078//2078 
f 2080//2080 2048//2048 2047//2047 
f 2080//2080 2047//2047 2079//2079 
f 2081//2081 2049//2049 2048//2048 
f 2081//2081 2048//2048 2080//2080 
f 2082//2082 2050//2050 2049//2049 
f 2082//2082 2049//2049 2081//2081 
f 2083//2083 2051//2051 2050//2050 
f 2083//2083 2050//2050 2082//2082 
f 2084//2084 2052//2052 2051//2051 
f 2084//2084 2051//2051 2083//2083 
f 2085//2085 2053//2053 2052//2052 
f 2085//2085 2052//2052 2084//2084 
f 2086//2086 2054//2054 2053//2053 
f 2086//2086 2053//2053 2085//2085 
f 2056//2056 2024//2024 2054//2054 
f 2056//2056 2054//2054 2086//2086 
f 2087//2087 2055//2055 2056//2056 
f 2087//2087 2056//2056 2088//2088 
f 2089//2089 2057//2057 2055//2055 
f 2089//2089 2055//2055 2087//2087 
f 2090//2090 2058//2058 2057//2057 
f 2090//2090 2057//2057 2089//2089 
f 2091//2091 2059//2059 2058//2058 
f 2091//2091 2058//2058 2090//2090 
f 2092//2092 2060//2060 2059//2059 
f 2092//2092 2059//2059 2091//2091 
f 2093//2093 2061//2061 2060//2060 
f 2093//2093 2060//2060 2092//2092 
f 2094//2094 2062//2062 2061//2061 
f 2094//2094 2061//2061 2093//2093 
f 2095//2095 2063//2063 2062//2062 
f 2095//2095 2062//2062 2094//2094 
f 2096//2096 2064//2064 2063//2063 
f 2096//2096 2063//2063 2095//2095 
f 2097//2097 2065//2065 2064//2064 
f 2097//2097 2064//2064 2096//2096 
f 2098//2098 2066//2066 2065//2065 
f 2098//2098 2065//2065 2097//2097 
f 2099//2099 2067//2067 2066//2066 
f 2099//2099 2066//2066 2098//2098 
f 2100//2100 2068//2068 2067//2067 
f 2100//2100 2067//2067 2099//2099 
f 2101//2101 2069//2069 2068//2068 
f 2101//2101 2068//2068 2100//2100 
f 2102//2102 2070//2070 2069//2069 
f 2102//2102 2069//2069 2101//2101 
f 2103//2103 2071//2071 2070//2070 
f 2103//2103 2070//2070 2102//2102 
f 2104//2104 2072//2072 2071//2071 
f 2104//2104 2071//2071 2103//2103 
f 2105//2105 2073//2073 2072//2072 
f 2105//2105 2072//2072 2104//2104 
f 2106//2106 2074//2074 2073//2073 
f 2106//2106 2073//2073 2105//2105 
f 2107//2107 2075//2075 2074//2074 
f 2107//2107 2074//2074 2106//2106 
f 2108//2108 2076//2076 2075//2075 
f 2108//2108 2075//2075 2107//2107 
f 2109//2109 2077//2077 2076//2076 
f 2109//2109 2076//2076 2108//2108 
f 2110//2110 2078//2078 2077//2077 
f 2110//2110 2077//2077 2109//2109 
f 2111//2111 2079//2079 2078//2078 
f 2111//2111 2078//2078 2110//2110 
f 2112//2112 2080//2080 2079//2079 
f 2112//2112 2079//2079 2111//2111 
f 2113//2113 2081//2081 2080//2080 
f 2113//2113 2080//2080 2112//2112 
f 2114//2114 2082//2082 2081//2081 
f 2114//2114 2081//2081 2113//2113 
f 2115//2115 2083//2083 2082//2082 
f 2115//2115 2082//2082 2114//2114 
f 2116//2116 2084//2084 2083//2083 
f 2116//2116 2083//2083 2115//2115 
f 2117//2117 2085//2085 2084//2084 
f 2117//2117 2084//2084 2116//2116 
f 2118//2118 2086//2086 2085//2085 
f 2118//2118 2085//2085 2117//2117 
f 2088//2088 2056//2056 2086//2086 
f 2088//2088 2086//2086 2118//2118 
f 2119//2119 2087//2087 2088//2088 
f 2119//2119 2088//2088 2120//2120 
f 2121//2121 2089//2089 2087//2087 
f 2121//2121 2087//2087 2119//2119 
f 2122//2122 2090//2090 2089//2089 
f 2122//2122 2089//2089 2121//2121 
f 2123//2123 2091//2091 2090//2090 
f 2123//2123 2090//2090 2122//2122 
f 2124//2124 2092//2092 2091//2091 
f 2124//2124 2091//2091 2123//2123 
f 2125//2125 2093//2093 2092//2092 
f 2125//2125 2092//2092 2124//2124 
f 2126//2126 2094//2094 2093//2093 
f 2126//2126 2093//2093 2125//2125 
f 2127//2127 2095//2095 2094//2094 
f 2127//2127 2094//2094 2126//2126 
f 2128//2128 2096//2096 2095//2095 
f 2128//2128 2095//2095 2127//2127 
f 2129//2129 2097//2097 2096//2096 
f 2129//2129 2096//2096 2128//2128 
f 2130//2130 2098//2098 2097//2097 
f 2130//2130 2097//2097 2129//2129 
f 2131//2131 2099//2099 2098//2098 
f 2131//2131 2098//2098 2130//2130 
f 2132//2132 2100//2100 2099//2099 
f 2132//2132 2099//2099 2131//2131 
f 2133//2133 2101//2101 2100//2100 
f 2133//2133 2100//2100 2132//2132 
f 2134//2134 2102//2102 2101//2101 
f 2134//2134 2101//2101 2133//2133 
f 2135//2135 2103//2103 2102//2102 
f 2135//2135 2102//2102 2134//2134 
f 2136//2136 2104//2104 2103//2103 
f 2136//2136 2103//2103 2135//2135 
f 2137//2137 2105//2105 2104//2104 
f 2137//2137 2104//2104 2136//2136 
f 2138//2138 2106//2106 2105//2105 
f 2138//2138 2105//2105 2137//2137 
f 2139//2139 2107//2107 2106//2106 
f 2139//2139 2106//2106 2138//2138 
f 2140//2140 2108//2108 2107//2107 
f 2140//2140 2107//2107 2139//2139 
f 2141//2141 2109//2109 2108//2108 
f 2141//2141 2108//2108 2140//2140 
f 2142//2142 2110//2110 2109//2109 
f 2142//2142 2109//2109 2141//2141 
f 2143//2143 2111//2111 2110//2110 
f 2143//2143 2110//2110 2142//2142 
f 2144//2144 2112//2112 2111//2111 
f 2144//2144 2111//2111 2143//2143 
f 2145//2145 2113//2113 2112//2112 
f 2145//2145 2112//2112 2144//2144 
f 2146//2146 2114//2114 2113//2113 
f 2146//2146 2113//2113 2145//2145 
f 2147//2147 2115//2115 2114//2114 
f 2147//2147 2114//2114 2146//2146 
f 2148//2148 2116//2116 2115//2115 
f 2148//2148 2115//2115 2147//2147 
f 2149//2149 2117//2117 2116//2116 
f 2149//2149 2116//2116 2148//2148 
f 2150//2150 2118//2118 2117//2117 
f 2150//2150 2117//2117 2149//2149 
f 2120//2120 2088//2088 2118//2118 
f 2120//2120 2118//2118 2150//2150 
f 2151//2151 2119//2119 2120//2120 
f 2151//2151 2120//2120 2152//2152 
f 2153//2153 2121//2121 2119//2119 
f 2153//2153 2119//2119 2151//2151 
f 2154//2154 2122//2122 2121//2121 
f 2154//2154 2121//2121 2153//2153 
f 2155//2155 2123//2123 2122//2122 
f 2155//2155 2122//2122 2154//2154 
f 2156//2156 2124//2124 2123//2123 
f 2156//2156 2123//2123 2155//2155 
f 2157//2157 2125//2125 2124//2124 
f 2157//2157 2124//2124 2156//2156 
f 2158//2158 2126//2126 2125//2125 
f 2158//2158 2125//2125 2157//2157 
f 2159//2159 2127//2127 2126//2126 
f 2159//2159 2126//2126 2158//2158 
f 2160//2160 2128//2128 2127//2127 
f 2160//2160 2127//2127 2159//2159 
f 2161//2161 2129//2129 2128//2128 
f 2161//2161 2128//2128 2160//2160 
f 2162//2162 2130//2130 2129//2129 
f 2162//2162 2129//2129 2161//2161 
f 2163//2163 2131//2131 2130//2130 
f 2163//2163 2130//2130 2162//2162 
f 2164//2164 2132//2132 2131//2131 
f 2164//2164 2131//2131 2163//2163 
f 2165//2165 2133//2133 2132//2132 
f 2165//2165 2132//2132 2164//2164 
f 2166//2166 2134//2134 2133//2133 
f 2166//2166 2133//2133 2165//2165 
f 2167//2167 2135//2135 2134//2134 
f 2167//2167 2134//2134 2166//2166 
f 2168//2168 2136//2136 2135//2135 
f 2168//2168 2135//2135 2167//2167 
f 2169//2169 2137//2137 2136//2136 
f 2169//2169 2136//2136 2168//2168 
f 2170//2170 2138//2138 2137//2137 
f 2170//2170 2137//2137 2169//2169 
f 2171//2171 2139//2139 2138//2138 
f 2171//2171 2138//2138 2170//2170 
f 2172//2172 2140//2140 2139//2139 
f 2172//2172 2139//2139 2171//2171 
f 2173//2173 2141//2141 2140//2140 
f 2173//2173 2140//2140 2172//2172 
f 2174//2174 2142//2142 2141//2141 
f 2174//2174 2141//2141 2173//2173 
f 2175//2175 2143//2143 2142//2142 
f 2175//2175 2142//2142 2174//2174 
f 2176//2176 2144//2144 2143//2143 
f 2176//2176 2143//2143 2175//2175 
f 2177//2177 2145//2145 2144//2144 
f 2177//2177 2144//2144 2176//2176 
f 2178//2178 2146//2146 2145//2145 
f 2178//2178 2145//2145 2177//2177 
f 2179//2179 2147//2147 2146//2146 
f 2179//2179 2146//2146 2178//2178 
f 2180//2180 2148//2148 2147//2147 
f 2180//2180 2147//2147 2179//2179 
f 2181//2181 2149//2149 2148//2148 
f 2181//2181 2148//2148 2180//2180 
f 2182//2182 2150//2150 2149//2149 
f 2182//2182 2149//2149 2181//2181 
f 2152//2152 2120//2120 2150//2150 
f 2152//2152 2150//2150 2182//2182 
f 2183//2183 2151//2151 2152//2152 
f 2183//2183 2152//2152 2184//2184 
f 2185//2185 2153//2153 2151//2151 
f 2185//2185 2151//2151 2183//2183 
f 2186//2186 2154//2154 2153//2153 
f 2186//2186 2153//2153 2185//2185 
f 2187//2187 2155//2155 2154//2154 
f 2187//2187 2154//2154 2186//2186 
f 2188//2188 2156//2156 2155//2155 
f 2188//2188 2155//2155 2187//2187 
f 2189//2189 2157//2157 2156//2156 
f 2189//2189 2156//2156 2188//2188 
f 2190//2190 2158//2158 2157//2157 
f 2190//2190 2157//2157 2189//2189 
f 2191//2191 2159//2159 2158//2158 
f 2191//2191 2158//2158 2190//2190 
f 2192//2192 2160//2160 2159//2159 
f 2192//2192 2159//2159 2191//2191 
f 2193//2193 2161//2161 2160//2160 
f 2193//2193 2160//2160 2192//2192 
f 2194//2194 2162//2162 2161//2161 
f 2194//2194 2161//2161 2193//2193 
f 2195//2195 2163//2163 2162//2162 
f 2195//2195 2162//2162 2194//2194 
f 2196//2196 2164//2164 2163//2163 
f 2196//2196 2163//2163 2195//2195 
f 2197//2197 2165//2165 2164//2164 
f 2197//2197 2164//2164 2196//2196 
f 2198//2198 2166//2166 2165//2165 
f 2198//2198 2165//2165 2197//2197 
f 2199//2199 2167//2167 2166//2166 
f 2199//2199 2166//2166 2198//2198 
f 2200//2200 2168//2168 2167//2167 
f 2200//2200 2167//2167 2199//2199 
f 2201//2201 2169//2169 2168//2168 
f 2201//2201 2168//2168 2200//2200 
f 2202//2202 2170//2170 2169//2169 
f 2202//2202 2169//2169 2201//2201 
f 2203//2203 2171//2171 2170//2170 
f 2203//2203 2170//2170 2202//2202 
f 2204//2204 2172//2172 2171//2171 
f 2204//2204 2171//2171 2203//2203 
f 2205//2205 2173//2173 2172//2172 
f 2205//2205 2172//2172 2204//2204 
f 2206//2206 2174//2174 2173//2173 
f 2206//2206 2173//2173 2205//2205 
f 2207//2207 2175//2175 2174//2174 
f 2207//2207 2174//2174 2206//2206 
f 2208//2208 2176//2176 2175//2175 
f 2208//2208 2175//2175 2207//2207 
f 2209//2209 2177//2177 2176//2176 
f 2209//2209 2176//2176 2208//2208 
f 2210//2210 2178//2178 2177//2177 
f 2210//2210 2177//2177 2209//2209 
f 2211//2211 2179//2179 2178//2178 
f 2211//2211 2178//2178 2210//2210 
f 2212//2212 2180//2180 2179//2179 
f 2212//2212 2179//2179 2211//2211 
f 2213//2213 2181//2181 2180//2180 
f 2213//2213 2180//2180 2212//2212 
f 2214//2214 2182//2182 2181//2181 
f 2214//2214 2181//2181 2213//2213 
f 2184//2184 2152//2152 2182//2182 
f 2184//2184 2182//2182 2214//2214 
f 2215//2215 2183//2183 2184//2184 
f 2215//2215 2184//2184 2216//2216 
f 2217//2217 2185//2185 2183//2183 
f 2217//2217 2183//2183 2215//2215 
f 2218//2218 2186//2186 2185//2185 
f 2218//2218 2185//2185 2217//2217 
f 2219//2219 2187//2187 2186//2186 
f 2219//2219 2186//2186 2218//2218 
f 2220//2220 2188//2188 2187//2187 
f 2220//2220 2187//2187 2219//2219 
f 2221//2221 2189//2189 2188//2188 
f 2221//2221 2188//2188 2220//2220 
f 2222//2222 2190//2190 2189//2189 
f 2222//2222 2189//2189 2221//2221 
f 2223//2223 2191//2191 2190//2190 
f 2223//2223 2190//2190 2222//2222 
f 2224//2224 2192//2192 2191//2191 
f 2224//2224 2191//2191 2223//2223 
f 2225//2225 2193//2193 2192//2192 
f 2225//2225 2192//2192 2224//2224 
f 2226//2226 2194//2194 2193//2193 
f 2226//2226 2193//2193 2225//2225 
f 2227//2227 2195//2195 2194//2194 
f 2227//2227 2194//2194 2226//2226 
f 2228//2228 2196//2196 2195//2195 
f 2228//2228 2195//2195 2227//2227 
f 2229//2229 2197//2197 2196//2196 
f 2229//2229 2196//2196 2228//2228 
f 2230//2230 2198//2198 2197//2197 
f 2230//2230 2197//2197 2229//2229 
f 2231//2231 2199//2199 2198//2198 
f 2231//2231 2198//2198 2230//2230 
f 2232//2232 2200//2200 2199//2199 
f 2232//2232 2199//2199 2231//2231 
f 2233//2233 2201//2201 2200//2200 
f 2233//2233 2200//2200 2232//2232 
f 2234//2234 2202//2202 2201//2201 
f 2234//2234 2201//2201 2233//2233 
f 2235//2235 2203//2203 2202//2202 
f 2235//2235 2202//2202 2234//2234 
f 2236//2236 2204//2204 2203//2203 
f 2236//2236 2203//2203 2235//2235 
f 2237//2237 2205//2205 2204//2204 
f 2237//2237 2204//2204 2236//2236 
f 2238//2238 2206//2206 2205//2205 
f 2238//2238 2205//2205 2237//2237 
f 2239//2239 2207//2207 2206//2206 
f 2239//2239 2206//2206 2238//2238 
f 2240//2240 2208//2208 2207//2207 
f 2240//2240 2207//2207 2239//2239 
f 2241//2241 2209//2209 2208//2208 
f 2241//2241 2208//2208 2240//2240 
f 2242//2242 2210//2210 2209//2209 
f 2242//2242 2209//2209 2241//2241 
f 2243//2243 2211//2211 2210//2210 
f 2243//2243 2210//2210 2242//2242 
f 2244//2244 2212//2212 2211//2211 
f 2244//2244 2211//2211 2243//2243 
f 2245//2245 2213//2213 2212//2212 
f 2245//2245 2212//2212 2244//2244 
f 2246//2246 2214//2214 2213//2213 
f 2246//2246 2213//2213 2245//2245 
f 2216//2216 2184//2184 2214//2214 
f 2216//2216 2214//2214 2246//2246 
f 2247//2247 2215//2215 2216//2216 
f 2247//2247 2216//2216 2248//2248 
f 2249//2249 2217//2217 2215//2215 
f 2249//2249 2215//2215 2247//2247 
f 2250//2250 2218//2218 2217//2217 
f 2250//2250 2217//2217 2249//2249 
f 2251//2251 2219//2219 2218//2218 
f 2251//2251 2218//2218 2250//2250 
f 2252//2252 2220//2220 2219//2219 
f 2252//2252 2219//2219 2251//2251 
f 2253//2253 2221//2221 2220//2220 
f 2253//2253 2220//2220 2252//2252 
f 2254//2254 2222//2222 2221//2221 
f 2254//2254 2221//2221 2253//2253 
f 2255//2255 2223//2223 2222//2222 
f 2255//2255 2222//2222 2254//2254 
f 2256//2256 2224//2224 2223//2223 
f 2256//2256 2223//2223 2255//2255 
f 2257//2257 2225//2225 2224//2224 
f 2257//2257 2224//2224 2256//2256 
f 2258//2258 2226//2226 2225//2225 
f 2258//2258 2225//2225 2257//2257 
f 2259//2259 2227//2227 2226//2226 
f 2259//2259 2226//2226 2258//2258 
f 2260//2260 2228//2228 2227//2227 
f 2260//2260 2227//2227 2259//2259 
f 2261//2261 2229//2229 2228//2228 
f 2261//2261 2228//2228 2260//2260 
f 2262//2262 2230//2230 2229//2229 
f 2262//2262 2229//2229 2261//2261 
f 2263//2263 2231//2231 2230//2230 
f 2263//2263 2230//2230 2262//2262 
f 2264//2264 2232//2232 2231//2231 
f 2264//2264 2231//2231 2263//2263 
f 2265//2265 2233//2233 2232//2232 
f 2265//2265 2232//2232 2264//2264 
f 2266//2266 2234//2234 2233//2233 
f 2266//2266 2233//2233 2265//2265 
f 2267//2267 2235//2235 2234//2234 
f 2267//2267 2234//2234 2266//2266 
f 2268//2268 2236//2236 2235//2235 
f 2268//2268 2235//2235 2267//2267 
f 2269//2269 2237//2237 2236//2236 
f 2269//2269 2236//2236 2268//2268 
f 2270//2270 2238//2238 2237//2237 
f 2270//2270 2237//2237 2269//2269 
f 2271//2271 2239//2239 2238//2238 
f 2271//2271 2238//2238 2270//2270 
f 2272//2272 2240//2240 2239//2239 
f 2272//2272 2239//2239 2271//2271 
f 2273//2273 2241//2241 2240//2240 
f 2273//2273 2240//2240 2272//2272 
f 2274//2274 2242//2242 2241//2241 
f 2274//2274 2241//2241 2273//2273 
f 2275//2275 2243//2243 2242//2242 
f 2275//2275 2242//2242 2274//2274 
f 2276//2276 2244//2244 2243//2243 
f 2276//2276 2243//2243 2275//2275 
f 2277//2277 2245//2245 2244//2244 
f 2277//2277 2244//2244 2276//2276 
f 2278//2278 2246//2246 2245//2245 
f 2278//2278 2245//2245 2277//2277 
f 2248//2248 2216//2216 2246//2246 
f 2248//2248 2246//2246 2278//2278 
f 2279//2279 2247//2247 2248//2248 
f 2279//2279 2248//2248 2280//2280 
f 2281//2281 2249//2249 2247//2247 
f 2281//2281 2247//2247 2279//2279 
f 2282//2282 2250//2250 2249//2249 
f 2282//2282 2249//2249 2281//2281 
f 2283//2283 2251//2251 2250//2250 
f 2283//2283 2250//2250 2282//2282 
f 2284//2284 2252//2252 2251//2251 
f 2284//2284 2251//2251 2283//2283 
f 2285//2285 2253//2253 2252//2252 
f 2285//2285 2252//2252 2284//2284 
f 2286//2286 2254//2254 2253//2253 
f 2286//2286 2253//2253 2285//2285 
f 2287//2287 2255//2255 2254//2254 
f 2287//2287 2254//2254 2286//2286 
f 2288//2288 2256//2256 2255//2255 
f 2288//2288 2255//2255 2287//2287 
f 2289//2289 2257//2257 2256//2256 
f 2289//2289 2256//2256 2288//2288 
f 2290//2290 2258//2258 2257//2257 
f 2290//2290 2257//2257 2289//2289 
f 2291//2291 2259//2259 2258//2258 
f 2291//2291 2258//2258 2290//2290 
f 2292//2292 2260//2260 2259//2259 
f 2292//2292 2259//2259 2291//2291 
f 2293//2293 2261//2261 2260//2260 
f 2293//2293 2260//2260 2292//2292 
f 2294//2294 2262//2262 2261//2261 
f 2294//2294 2261//2261 2293//2293 
f 2295//2295 2263//2263 2262//2262 
f 2295//2295 2262//2262 2294//2294 
f 2296//2296 2264//2264 2263//2263 
f 2296//2296 2263//2263 2295//2295 
f 2297//2297 2265//2265 2264//2264 
f 2297//2297 2264//2264 2296//2296 
f 2298//2298 2266//2266 2265//2265 
f 2298//2298 2265//2265 2297//2297 
f 2299//2299 2267//2267 2266//2266 
f 2299//2299 2266//2266 2298//2298 
f 2300//2300 2268//2268 2267//2267 
f 2300//2300 2267//2267 2299//2299 
f 2301//2301 2269//2269 2268//2268 
f 2301//2301 2268//2268 2300//2300 
f 2302//2302 2270//2270 2269//2269 
f 2302//2302 2269//2269 2301//2301 
f 2303//2303 2271//2271 2270//2270 
f 2303//2303 2270//2270 2302//2302 
f 2304//2304 2272//2272 2271//2271 
f 2304//2304 2271//2271 2303//2303 
f 2305//2305 2273//2273 2272//2272 
f 2305//2305 2272//2272 2304//2304 
f 2306//2306 2274//2274 2273//2273 
f 2306//2306 2273//2273 2305//2305 
f 2307//2307 2275//2275 2274//2274 
f 2307//2307 2274//2274 2306//2306 
f 2308//2308 2276//2276 2275//2275 
f 2308//2308 2275//2275 2307//2307 
f 2309//2309 2277//2277 2276//2276 
f 2309//2309 2276//2276 2308//2308 
f 2310//2310 2278//2278 2277//2277 
f 2310//2310 2277//2277 2309//2309 
f 2280//2280 2248//2248 2278//2278 
f 2280//2280 2278//2278 2310//2310 
f 2311//2311 2279//2279 2280//2280 
f 2311//2311 2280//2280 2312//2312 
f 2313//2313 2281//2281 2279//2279 
f 2313//2313 2279//2279 2311//2311 
f 2314//2314 2282//2282 2281//2281 
f 2314//2314 2281//2281 2313//2313 
f 2315//2315 2283//2283 2282//2282 
f 2315//2315 2282//2282 2314//2314 
f 2316//2316 2284//2284 2283//2283 
f 2316//2316 2283//2283 2315//2315 
f 2317//2317 2285//2285 2284//2284 
f 2317//2317 2284//2284 2316//2316 
f 2318//2318 2286//2286 2285//2285 
f 2318//2318 2285//2285 2317//2317 
f 2319//2319 2287//2287 2286//2286 
f 2319//2319 2286//2286 2318//2318 
f 2320//2320 2288//2288 2287//2287 
f 2320//2320 2287//2287 2319//2319 
f 2321//2321 2289//2289 2288//2288 
f 2321//2321 2288//2288 2320//2320 
f 2322//2322 2290//2290 2289//2289 
f 2322//2322 2289//2289 2321//2321 
f 2323//2323 2291//2291 2290//2290 
f 2323//2323 2290//2290 2322//2322 
f 2324//2324 2292//2292 2291//2291 
f 2324//2324 2291//2291 2323//2323 
f 2325//2325 2293//2293 2292//2292 
f 2325//2325 2292//2292 2324//2324 
f 2326//2326 2294//2294 2293//2293 
f 2326//2326 2293//2293 2325//2325 
f 2327//2327 2295//2295 2294//2294 
f 2327//2327 2294//2294 2326//2326 
f 2328//2328 2296//2296 2295//2295 
f 2328//2328 2295//2295 2327//2327 
f 2329//2329 2297//2297 2296//2296 
f 2329//2329 2296//2296 2328//2328 
f 2330//2330 2298//2298 2297//2297 
f 2330//2330 2297//2297 2329//2329 
f 2331//2331 2299//2299 2298//2298 
f 2331//2331 2298//2298 2330//2330 
f 2332//2332 2300//2300 2299//2299 
f 2332//2332 2299//2299 2331//2331 
f 2333//2333 2301//2301 2300//2300 
f 2333//2333 2300//2300 2332//2332 
f 2334//2334 2302//2302 2301//2301 
f 2334//2334 2301//2301 2333//2333 
f 2335//2335 2303//2303 2302//2302 
f 2335//2335 2302//2302 2334//2334 
f 2336//2336 2304//2304 2303//2303 
f 2336//2336 2303//2303 2335//2335 
f 2337//2337 2305//2305 2304//2304 
f 2337//2337 2304//2304 2336//2336 
f 2338//2338 2306//2306 2305//2305 
f 2338//2338 2305//2305 2337//2337 
f 2339//2339 2307//2307 2306//2306 
f 2339//2339 2306//2306 2338//2338 
f 2340//2340 2308//2308 2307//2307 
f 2340//2340 2307//2307 2339//2339 
f 2341//2341 2309//2309 2308//2308 
f 2341//2341 2308//2308 2340//2340 
f 2342//2342 2310//2310 2309//2309 
f 2342//2342 2309//2309 2341//2341 
f 2312//2312 2280//2280 2310//2310 
f 2312//2312 2310//2310 2342//2342 
f 2343//2343 2311//2311 2312//2312 
f 2343//2343 2312//2312 2344//2344 
f 2345//2345 2313//2313 2311//2311 
f 2345//2345 2311//2311 2343//2343 
f 2346//2346 2314//2314 2313//2313 
f 2346//2346 2313//2313 2345//2345 
f 2347//2347 2315//2315 2314//2314 
f 2347//2347 2314//2314 2346//2346 
f 2348//2348 2316//2316 2315//2315 
f 2348//2348 2315//2315 2347//2347 
f 2349//2349 2317//2317 2316//2316 
f 2349//2349 2316//2316 2348//2348 
f 2350//2350 2318//2318 2317//2317 
f 2350//2350 2317//2317 2349//2349 
f 2351//2351 2319//2319 2318//2318 
f 2351//2351 2318//2318 2350//2350 
f 2352//2352 2320//2320 2319//2319 
f 2352//2352 2319//2319 2351//2351 
f 2353//2353 2321//2321 2320//2320 
f 2353//2353 2320//2320 2352//2352 
f 2354//2354 2322//2322 2321//2321 
f 2354//2354 2321//2321 2353//2353 
f 2355//2355 2323//2323 2322//2322 
f 2355//2355 2322//2322 2354//2354 
f 2356//2356 2324//2324 2323//2323 
f 2356//2356 2323//2323 2355//2355 
f 2357//2357 2325//2325 2324//2324 
f 2357//2357 2324//2324 2356//2356 
f 2358//2358 2326//2326 2325//2325 
f 2358//2358 2325//2325 2357//2357 
f 2359//2359 2327//2327 2326//2326 
f 2359//2359 2326//2326 2358//2358 
f 2360//2360 2328//2328 2327//2327 
f 2360//2360 2327//2327 2359//2359 
f 2361//2361 2329//2329 2328//2328 
f 2361//2361 2328//2328 2360//2360 
f 2362//2362 2330//2330 2329//2329 
f 2362//2362 2329//2329 2361//2361 
f 2363//2363 2331//2331 2330//2330 
f 2363//2363 2330//2330 2362//2362 
f 2364//2364 2332//2332 2331//2331 
f 2364//2364 2331//2331 2363//2363 
f 2365//2365 2333//2333 2332//2332 
f 2365//2365 2332//2332 2364//2364 
f 2366//2366 2334//2334 2333//2333 
f 2366//2366 2333//2333 2365//2365 
f 2367//2367 2335//2335 2334//2334 
f 2367//2367 2334//2334 2366//2366 
f 2368//2368 2336//2336 2335//2335 
f 2368//2368 2335//2335 2367//2367 
f 2369//2369 2337//2337 2336//2336 
f 2369//2369 2336//2336 2368//2368 
f 2370//2370 2338//2338 2337//2337 
f 2370//2370 2337//2337 2369//2369 
f 2371//2371 2339//2339 2338//2338 
f 2371//2371 2338//2338 2370//2370 
f 2372//2372 2340//2340 2339//2339 
f 2372//2372 2339//2339 2371//2371 
f 2373//2373 2341//2341 2340//2340 
f 2373//2373 2340//2340 2372//2372 
f 2374//2374 2342//2342 2341//2341 
f 2374//2374 2341//2341 2373//2373 
f 2344//2344 2312//2312 2342//2342 
f 2344//2344 2342//2342 2374//2374 
f 2375//2375 2343//2343 2344//2344 
f 2375//2375 2344//2344 2376//2376 
f 2377//2377 2345//2345 2343//2343 
f 2377//2377 2343//2343 2375//2375 
f 2378//2378 2346//2346 2345//2345 
f 2378//2378 2345//2345 2377//2377 
f 2379//2379 2347//2347 2346//2346 
f 2379//2379 2346//2346 2378//2378 
f 2380//2380 2348//2348 2347//2347 
f 2380//2380 2347//2347 2379//2379 
f 2381//2381 2349//2349 2348//2348 
f 2381//2381 2348//2348 2380//2380 
f 2382//2382 2350//2350 2349//2349 
f 2382//2382 2349//2349 2381//2381 
f 2383//2383 2351//2351 2350//2350 
f 2383//2383 2350//2350 2382//2382 
f 2384//2384 2352//2352 2351//2351 
f 2384//2384 2351//2351 2383//2383 
f 2385//2385 2353//2353 2352//2352 
f 2385//2385 2352//2352 2384//2384 
f 2386//2386 2354//2354 2353//2353 
f 2386//2386 2353//2353 2385//2385 
f 2387//2387 2355//2355 2354//2354 
f 2387//2387 2354//2354 2386//2386 
f 2388//2388 2356//2356 2355//2355 
f 2388//2388 2355//2355 2387//2387 
f 2389//2389 2357//2357 2356//2356 
f 2389//2389 2356//2356 2388//2388 
f 2390//2390 2358//2358 2357//2357 
f 2390//2390 2357//2357 2389//2389 
f 2391//2391 2359//2359 2358//2358 
f 2391//2391 2358//2358 2390//2390 
f 2392//2392 2360//2360 2359//2359 
f 2392//2392 2359//2359 2391//2391 
f 2393//2393 2361//2361 2360//2360 
f 2393//2393 2360//2360 2392//2392 
f 2394//2394 2362//2362 2361//2361 
f 2394//2394 2361//2361 2393//2393 
f 2395//2395 2363//2363 2362//2362 
f 2395//2395 2362//2362 2394//2394 
f 2396//2396 2364//2364 2363//2363 
f 2396//2396 2363//2363 2395//2395 
f 2397//2397 2365//2365 2364//2364 
f 2397//2397 2364//2364 2396//2396 
f 2398//2398 2366//2366 2365//2365 
f 2398//2398 2365//2365 2397//2397 
f 2399//2399 2367//2367 2366//2366 
f 2399//2399 2366//2366 2398//2398 
f 2400//2400 2368//2368 2367//2367 
f 2400//2400 2367//2367 2399//2399 
f 2401//2401 2369//2369 2368//2368 
f 2401//2401 2368//2368 2400//2400 
f 2402//2402 2370//2370 2369//2369 
f 2402//2402 2369//2369 2401//2401 
f 2403//2403 2371//2371 2370//2370 
f 2403//2403 2370//2370 2402//2402 
f 2404//2404 2372//2372 2371//2371 
f 2404//2404 2371//2371 2403//2403 
f 2405//2405 2373//2373 2372//2372 
f 2405//2405 2372//2372 2404//2404 
f 2406//2406 2374//2374 2373//2373 
f 2406//2406 2373//2373 2405//2405 
f 2376//2376 2344//2344 2374//2374 
f 2376//2376 2374//2374 2406//2406 
f 2407//2407 2375//2375 2376//2376 
f 2407//2407 2376//2376 2408//2408 
f 2409//2409 2377//2377 2375//2375 
f 2409//2409 2375//2375 2407//2407 
f 2410//2410 2378//2378 2377//2377 
f 2410//2410 2377//2377 2409//2409 
f 2411//2411 2379//2379 2378//2378 
f 2411//2411 2378//2378 2410//2410 
f 2412//2412 2380//2380 2379//2379 
f 2412//2412 2379//2379 2411//2411 
f 2413//2413 2381//2381 2380//2380 
f 2413//2413 2380//2380 2412//2412 
f 2414//2414 2382//2382 2381//2381 
f 2414//2414 2381//2381 2413//2413 
f 2415//2415 2383//2383 2382//2382 
f 2415//2415 2382//2382 2414//2414 
f 2416//2416 2384//2384 2383//2383 
f 2416//2416 2383//2383 2415//2415 
f 2417//2417 2385//2385 2384//2384 
f 2417//2417 2384//2384 2416//2416 
f 2418//2418 2386//2386 2385//2385 
f 2418//2418 2385//2385 2417//2417 
f 2419//2419 2387//2387 2386//2386 
f 2419//2419 2386//2386 2418//2418 
f 2420//2420 2388//2388 2387//2387 
f 2420//2420 2387//2387 2419//2419 
f 2421//2421 2389//2389 2388//2388 
f 2421//2421 2388//2388 2420//2420 
f 2422//2422 2390//2390 2389//2389 
f 2422//2422 2389//2389 2421//2421 
f 2423//2423 2391//2391 2390//2390 
f 2423//2423 2390//2390 2422//2422 
f 2424//2424 2392//2392 2391//2391 
f 2424//2424 2391//2391 2423//2423 
f 2425//2425 2393//2393 2392//2392 
f 2425//2425 2392//2392 2424//2424 
f 2426//2426 2394//2394 2393//2393 
f 2426//2426 2393//2393 2425//2425 
f 2427//2427 2395//2395 2394//2394 
f 2427//2427 2394//2394 2426//2426 
f 2428//2428 2396//2396 2395//2395 
f 2428//2428 2395//2395 2427//2427 
f 2429//2429 2397//2397 2396//2396 
f 2429//2429 2396//2396 2428//2428 
f 2430//2430 2398//2398 2397//2397 
f 2430//2430 2397//2397 2429//2429 
f 2431//2431 2399//2399 2398//2398 
f 2431//2431 2398//2398 2430//2430 
f 2432//2432 2400//2400 2399//2399 
f 2432//2432 2399//2399 2431//2431 
f 2433//2433 2401//2401 2400//2400 
f 2433//2433 2400//2400 2432//2432 
f 2434//2434 2402//2402 2401//2401 
f 2434//2434 2401//2401 2433//2433 
f 2435//2435 2403//2403 2402//2402 
f 2435//2435 2402//2402 2434//2434 
f 2436//2436 2404//2404 2403//2403 
f 2436//2436 2403//2403 2435//2435 
f 2437//2437 2405//2405 2404//2404 
f 2437//2437 2404//2404 2436//2436 
f 2438//2438 2406//2406 2405//2405 
f 2438//2438 2405//2405 2437//2437 
f 2408//2408 2376//2376 2406//2406 
f 2408//2408 2406//2406 2438//2438 
f 2439//2439 2407//2407 2408//2408 
f 2439//2439 2408//2408 2440//2440 
f 2441//2441 2409//2409 2407//2407 
f 2441//2441 2407//2407 2439//2439 
f 2442//2442 2410//2410 2409//2409 
f 2442//2442 2409//2409 2441//2441 
f 2443//2443 2411//2411 2410//2410 
f 2443//2443 2410//2410 2442//2442 
f 2444//2444 2412//2412 2411//2411 
f 2444//2444 2411//2411 2443//2443 
f 2445//2445 2413//2413 2412//2412 
f 2445//2445 2412//2412 2444//2444 
f 2446//2446 2414//2414 2413//2413 
f 2446//2446 2413//2413 2445//2445 
f 2447//2447 2415//2415 2414//2414 
f 2447//2447 2414//2414 2446//2446 
f 2448//2448 2416//2416 2415//2415 
f 2448//2448 2415//2415 2447//2447 
f 2449//2449 2417//2417 2416//2416 
f 2449//2449 2416//2416 2448//2448 
f 2450//2450 2418//2418 2417//2417 
f 2450//2450 2417//2417 2449//2449 
f 2451//2451 2419//2419 2418//2418 
f 2451//2451 2418//2418 2450//2450 
f 2452//2452 2420//2420 2419//2419 
f 2452//2452 2419//2419 2451//2451 
f 2453//2453 2421//2421 2420//2420 
f 2453//2453 2420//2420 2452//2452 
f 2454//2454 2422//2422 2421//2421 
f 2454//2454 2421//2421 2453//2453 
f 2455//2455 2423//2423 2422//2422 
f 2455//2455 2422//2422 2454//2454 
f 2456//2456 2424//2424 2423//2423 
f 2456//2456 2423//2423 2455//2455 
f 2457//2457 2425//2425 2424//2424 
f 2457//2457 2424//2424 2456//2456 
f 2458//2458 2426//2426 2425//2425 
f 2458//2458 2425//2425 2457//2457 
f 2459//2459 2427//2427 2426//2426 
f 2459//2459 2426//2426 2458//2458 
f 2460//2460 2428//2428 2427//2427 
f 2460//2460 2427//2427 2459//2459 
f 2461//2461 2429//2429 2428//2428 
f 2461//2461 2428//2428 2460//2460 
f 2462//2462 2430//2430 2429//2429 
f 2462//2462 2429//2429 2461//2461 
f 2463//2463 2431//2431 2430//2430 
f 2463//2463 2430//2430 2462//2462 
f 2464//2464 2432//2432 2431//2431 
f 2464//2464 2431//2431 2463//2463 
f 2465//2465 2433//2433 2432//2432 
f 2465//2465 2432//2432 2464//2464 
f 2466//2466 2434//2434 2433//2433 
f 2466//2466 2433//2433 2465//2465 
f 2467//2467 2435//2435 2434//2434 
f 2467//2467 2434//2434 2466//2466 
f 2468//2468 2436//2436 2435//2435 
f 2468//2468 2435//2435 2467//2467 
f 2469//2469 2437//2437 2436//2436 
f 2469//2469 2436//2436 2468//2468 
f 2470//2470 2438//2438 2437//2437 
f 2470//2470 2437//2437 2469//2469 
f 2440//2440 2408//2408 2438//2438 
f 2440//2440 2438//2438 2470//2470 
f 2471//2471 2439//2439 2440//2440 
f 2471//2471 2440//2440 2472//2472 
f 2473//2473 2441//2441 2439//2439 
f 2473//2473 2439//2439 2471//2471 
f 2474//2474 2442//2442 2441//2441 
f 2474//2474 2441//2441 2473//2473 
f 2475//2475 2443//2443 2442//2442 
f 2475//2475 2442//2442 2474//2474 
f 2476//2476 2444//2444 2443//2443 
f 2476//2476 2443//2443 2475//2475 
f 2477//2477 2445//2445 2444//2444 
f 2477//2477 2444//2444 2476//2476 
f 2478//2478 2446//2446 2445//2445 
f 2478//2478 2445//2445 2477//2477 
f 2479//2479 2447//2447 2446//2446 
f 2479//2479 2446//2446 2478//2478 
f 2480//2480 2448//2448 2447//2447 
f 2480//2480 2447//2447 2479//2479 
f 2481//2481 2449//2449 2448//2448 
f 2481//2481 2448//2448 2480//2480 
f 2482//2482 2450//2450 2449//2449 
f 2482//2482 2449//2449 2481//2481 
f 2483//2483 2451//2451 2450//2450 
f 2483//2483 2450//2450 2482//2482 
f 2484//2484 2452//2452 2451//2451 
f 2484//2484 2451//2451 2483//2483 
f 2485//2485 2453//2453 2452//2452 
f 2485//2485 2452//2452 2484//2484 
f 2486//2486 2454//2454 2453//2453 
f 2486//2486 2453//2453 2485//2485 
f 2487//2487 2455//2455 2454//2454 
f 2487//2487 2454//2454 2486//2486 
f 2488//2488 2456//2456 2455//2455 
f 2488//2488 2455//2455 2487//2487 
f 2489//2489 2457//2457 2456//2456 
f 2489//2489 2456//2456 2488//2488 
f 2490//2490 2458//2458 2457//2457 
f 2490//2490 2457//2457 2489//2489 
f 2491//2491 2459//2459 2458//2458 
f 2491//2491 2458//2458 2490//2490 
f 2492//2492 2460//2460 2459//2459 
f 2492//2492 2459//2459 2491//2491 
f 2493//2493 2461//2461 2460//2460 
f 2493//2493 2460//2460 2492//2492 
f 2494//2494 2462//2462 2461//2461 
f 2494//2494 2461//2461 2493//2493 
f 2495//2495 2463//2463 2462//2462 
f 2495//2495 2462//2462 2494//2494 
f 2496//2496 2464//2464 2463//2463 
f 2496//2496 2463//2463 2495//2495 
f 2497//2497 2465//2465 2464//2464 
f 2497//2497 2464//2464 2496//2496 
f 2498//2498 2466//2466 2465//2465 
f 2498//2498 2465//2465 2497//2497 
f 2499//2499 2467//2467 2466//2466 
f 2499//2499 2466//2466 2498//2498 
f 2500//2500 2468//2468 2467//2467 
f 2500//2500 2467//2467 2499//2499 
f 2501//2501 2469//2469 2468//2468 
f 2501//2501 2468//2468 2500//2500 
f 2502//2502 2470//2470 2469//2469 
f 2502//2502 2469//2469 2501//2501 
f 2472//2472 2440//2440 2470//2470 
f 2472//2472 2470//2470 2502//2502 
f 2503//2503 2471//2471 2472//2472 
f 2503//2503 2472//2472 2504//2504 
f 2505//2505 2473//2473 2471//2471 
f 2505//2505 2471//2471 2503//2503 
f 2506//2506 2474//2474 2473//2473 
f 2506//2506 2473//2473 2505//2505 
f 2507//2507 2475//2475 2474//2474 
f 2507//2507 2474//2474 2506//2506 
f 2508//2508 2476//2476 2475//2475 
f 2508//2508 2475//2475 2507//2507 
f 2509//2509 2477//2477 2476//2476 
f 2509//2509 2476//2476 2508//2508 
f 2510//2510 2478//2478 2477//2477 
f 2510//2510 2477//2477 2509//2509 
f 2511//2511 2479//2479 2478//2478 
f 2511//2511 2478//2478 2510//2510 
f 2512//2512 2480//2480 2479//2479 
f 2512//2512 2479//2479 2511//2511 
f 2513//2513 2481//2481 2480//2480 
f 2513//2513 2480//2480 2512//2512 
f 2514//2514 2482//2482 2481//2481 
f 2514//2514 2481//2481 2513//2513 
f 2515//2515 2483//2483 2482//2482 
f 2515//2515 2482//2482 2514//2514 
f 2516//2516 2484//2484 2483//2483 
f 2516//2516 2483//2483 2515//2515 
f 2517//2517 2485//2485 2484//2484 
f 2517//2517 2484//2484 2516//2516 
f 2518//2518 2486//2486 2485//2485 
f 2518//2518 2485//2485 2517//2517 
f 2519//2519 2487//2487 2486//2486 
f 2519//2519 2486//2486 2518//2518 
f 2520//2520 2488//2488 2487//2487 
f 2520//2520 2487//2487 2519//2519 
f 2521//2521 2489//2489 2488//2488 
f 2521//2521 2488//2488 2520//2520 
f 2522//2522 2490//2490 2489//2489 
f 2522//2522 2489//2489 2521//2521 
f 2523//2523 2491//2491 2490//2490 
f 2523//2523 2490//2490 2522//2522 
f 2524//2524 2492//2492 2491//2491 
f 2524//2524 2491//2491 2523//2523 
f 2525//2525 2493//2493 2492//2492 
f 2525//2525 2492//2492 2524//2524 
f 2526//2526 2494//2494 2493//2493 
f 2526//2526 2493//2493 2525//2525 
f 2527//2527 2495//2495 2494//2494 
f 2527//2527 2494//2494 2526//2526 
f 2528//2528 2496//2496 2495//2495 
f 2528//2528 2495//2495 2527//2527 
f 2529//2529 2497//2497 2496//2496 
f 2529//2529 2496//2496 2528//2528 
f 2530//2530 2498//2498 2497//2497 
f 2530//2530 2497//2497 2529//2529 
f 2531//2531 2499//2499 2498//2498 
f 2531//2531 2498//2498 2530//2530 
f 2532//2532 2500//2500 2499//2499 
f 2532//2532 2499//2499 2531//2531 
f 2533//2533 2501//2501 2500//2500 
f 2533//2533 2500//2500 2532//2532 
f 2534//2534 2502//2502 2501//2501 
f 2534//2534 2501//2501 2533//2533 
f 2504//2504 2472//2472 2502//2502 
f 2504//2504 2502//2502 2534//2534 
f 2535//2535 2503//2503 2504//2504 
f 2535//2535 2504//2504 2536//2536 
f 2537//2537 2505//2505 2503//2503 
f 2537//2537 2503//2503 2535//2535 
f 2538//2538 2506//2506 2505//2505 
f 2538//2538 2505//2505 2537//2537 
f 2539//2539 2507//2507 2506//2506 
f 2539//2539 2506//2506 2538//2538 
f 2540//2540 2508//2508 2507//2507 
f 2540//2540 2507//2507 2539//2539 
f 2541//2541 2509//2509 2508//2508 
f 2541//2541 2508//2508 2540//2540 
f 2542//2542 2510//2510 2509//2509 
f 2542//2542 2509//2509 2541//2541 
f 2543//2543 2511//2511 2510//2510 
f 2543//2543 2510//2510 2542//2542 
f 2544//2544 2512//2512 2511//2511 
f 2544//2544 2511//2511 2543//2543 
f 2545//2545 2513//2513 2512//2512 
f 2545//2545 2512//2512 2544//2544 
f 2546//2546 2514//2514 2513//2513 
f 2546//2546 2513//2513 2545//2545 
f 2547//2547 2515//2515 2514//2514 
f 2547//2547 2514//2514 2546//2546 
f 2548//2548 2516//2516 2515//2515 
f 2548//2548 2515//2515 2547//2547 
f 2549//2549 2517//2517 2516//2516 
f 2549//2549 2516//2516 2548//2548 
f 2550//2550 2518//2518 2517//2517 
f 2550//2550 2517//2517 2549//2549 
f 2551//2551 2519//2519 2518//2518 
f 2551//2551 2518//2518 2550//2550 
f 2552//2552 2520//2520 2519//2519 
f 2552//2552 2519//2519 2551//2551 
f 2553//2553 2521//2521 2520//2520 
f 2553//2553 2520//2520 2552//2552 
f 2554//2554 2522//2522 2521//2521 
f 2554//2554 2521//2521 2553//2553 
f 2555//2555 2523//2523 2522//2522 
f 2555//2555 2522//2522 2554//2554 
f 2556//2556 2524//2524 2523//2523 
f 2556//2556 2523//2523 2555//2555 
f 2557//2557 2525//2525 2524//2524 
f 2557//2557 2524//2524 2556//2556 
f 2558//2558 2526//2526 2525//2525 
f 2558//2558 2525//2525 2557//2557 
f 2559//2559 2527//2527 2526//2526 
f 2559//2559 2526//2526 2558//2558 
f 2560//2560 2528//2528 2527//2527 
f 2560//2560 2527//2527 2559//2559 
f 2561//2561 2529//2529 2528//2528 
f 2561//2561 2528//2528 2560//2560 
f 2562//2562 2530//2530 2529//2529 
f 2562//2562 2529//2529 2561//2561 
f 2563//2563 2531//2531 2530//2530 
f 2563//2563 2530//2530 2562//2562 
f 2564//2564 2532//2532 2531//2531 
f 2564//2564 2531//2531 2563//2563 
f 2565//2565 2533//2533 2532//2532 
f 2565//2565 2532//2532 2564//2564 
f 2566//2566 2534//2534 2533//2533 
f 2566//2566 2533//2533 2565//2565 
f 2536//2536 2504//2504 2534//2534 
f 2536//2536 2534//2534 2566//2566 
f 2567//2567 2535//2535 2536//2536 
f 2567//2567 2536//2536 2568//2568 
f 2569//2569 2537//2537 2535//2535 
f 2569//2569 2535//2535 2567//2567 
f 2570//2570 2538//2538 2537//2537 
f 2570//2570 2537//2537 2569//2569 
f 2571//2571 2539//2539 2538//2538 
f 2571//2571 2538//2538 2570//2570 
f 2572//2572 2540//2540 2539//2539 
f 2572//2572 2539//2539 2571//2571 
f 2573//2573 2541//2541 2540//2540 
f 2573//2573 2540//2540 2572//2572 
f 2574//2574 2542//2542 2541//2541 
f 2574//2574 2541//2541 2573//2573 
f 2575//2575 2543//2543 2542//2542 
f 2575//2575 2542//2542 2574//2574 
f 2576//2576 2544//2544 2543//2543 
f 2576//2576 2543//2543 2575//2575 
f 2577//2577 2545//2545 2544//2544 
f 2577//2577 2544//2544 2576//2576 
f 2578//2578 2546//2546 2545//2545 
f 2578//2578 2545//2545 2577//2577 
f 2579//2579 2547//2547 2546//2546 
f 2579//2579 2546//2546 2578//2578 
f 2580//2580 2548//2548 2547//2547 
f 2580//2580 2547//2547 2579//2579 
f 2581//2581 2549//2549 2548//2548 
f 2581//2581 2548//2548 2580//2580 
f 2582//2582 2550//2550 2549//2549 
f 2582//2582 2549//2549 2581//2581 
f 2583//2583 2551//2551 2550//2550 
f 2583//2583 2550//2550 2582//2582 
f 2584//2584 2552//2552 2551//2551 
f 2584//2584 2551//2551 2583//2583 
f 2585//2585 2553//2553 2552//2552 
f 2585//2585 2552//2552 2584//2584 
f 2586//2586 2554//2554 2553//2553 
f 2586//2586 2553//2553 2585//2585 
f 2587//2587 2555//2555 2554//2554 
f 2587//2587 2554//2554 2586//2586 
f 2588//2588 2556//2556 2555//2555 
f 2588//2588 2555//2555 2587//2587 
f 2589//2589 2557//2557 2556//2556 
f 2589//2589 2556//2556 2588//2588 
f 2590//2590 2558//2558 2557//2557 
f 2590//2590 2557//2557 2589//2589 
f 2591//2591 2559//2559 2558//2558 
f 2591//2591 2558//2558 2590//2590 
f 2592//2592 2560//2560 2559//2559 
f 2592//2592 2559//2559 2591//2591 
f 2593//2593 2561//2561 2560//2560 
f 2593//2593 2560//2560 2592//2592 
f 2594//2594 2562//2562 2561//2561 
f 2594//2594 2561//2561 2593//2593 
f 2595//2595 2563//2563 2562//2562 
f 2595//2595 2562//2562 2594//2594 
f 2596//2596 2564//2564 2563//2563 
f 2596//2596 2563//2563 2595//2595 
f 2597//2597 2565//2565 2564//2564 
f 2597//2597 2564//2564 2596//2596 
f 2598//2598 2566//2566 2565//2565 
f 2598//2598 2565//2565 2597//2597 
f 2568//2568 2536//2536 2566//2566 
f 2568//2568 2566//2566 2598//2598 
f 2599//2599 2567//2567 2568//2568 
f 2599//2599 2568//2568 2600//2600 
f 2601//2601 2569//2569 2567//2567 
f 2601//2601 2567//2567 2599//2599 
f 2602//2602 2570//2570 2569//2569 
f 2602//2602 2569//2569 2601//2601 
f 2603//2603 2571//2571 2570//2570 
f 2603//2603 2570//2570 2602//2602 
f 2604//2604 2572//2572 2571//2571 
f 2604//2604 2571//2571 2603//2603 
f 2605//2605 2573//2573 2572//2572 
f 2605//2605 2572//2572 2604//2604 
f 2606//2606 2574//2574 2573//2573 
f 2606//2606 2573//2573 2605//2605 
f 2607//2607 2575//2575 2574//2574 
f 2607//2607 2574//2574 2606//2606 
f 2608//2608 2576//2576 2575//2575 
f 2608//2608 2575//2575 2607//2607 
f 2609//2609 2577//2577 2576//2576 
f 2609//2609 2576//2576 2608//2608 
f 2610//2610 2578//2578 2577//2577 
f 2610//2610 2577//2577 2609//2609 
f 2611//2611 2579//2579 2578//2578 
f 2611//2611 2578//2578 2610//2610 
f 2612//2612 2580//2580 2579//2579 
f 2612//2612 2579//2579 2611//2611 
f 2613//2613 2581//2581 2580//2580 
f 2613//2613 2580//2580 2612//2612 
f 2614//2614 2582//2582 2581//2581 
f 2614//2614 2581//2581 2613//2613 
f 2615//2615 2583//2583 2582//2582 
f 2615//2615 2582//2582 2614//2614 
f 2616//2616 2584//2584 2583//2583 
f 2616//2616 2583//2583 2615//2615 
f 2617//2617 2585//2585 2584//2584 
f 2617//2617 2584//2584 2616//2616 
f 2618//2618 2586//2586 2585//2585 
f 2618//2618 2585//2585 2617//2617 
f 2619//2619 2587//2587 2586//2586 
f 2619//2619 2586//2586 2618//2618 
f 2620//2620 2588//2588 2587//2587 
f 2620//2620 2587//2587 2619//2619 
f 2621//2621 2589//2589 2588//2588 
f 2621//2621 2588//2588 2620//2620 
f 2622//2622 2590//2590 2589//2589 
f 2622//2622 2589//2589 2621//2621 
f 2623//2623 2591//2591 2590//2590 
f 2623//2623 2590//2590 2622//2622 
f 2624//2624 2592//2592 2591//2591 
f 2624//2624 2591//2591 2623//2623 
f 2625//2625 2593//2593 2592//2592 
f 2625//2625 2592//2592 2624//2624 
f 2626//2626 2594//2594 2593//2593 
f 2626//2626 2593//2593 2625//2625 
f 2627//2627 2595//2595 2594//2594 
f 2627//2627 2594//2594 2626//2626 
f 2628//2628 2596//2596 2595//2595 
f 2628//2628 2595//2595 2627//2627 
f 2629//2629 2597//2597 2596//2596 
f 2629//2629 2596//2596 2628//2628 
f 2630//2630 2598//2598 2597//2597 
f 2630//2630 2597//2597 2629//2629 
f 2600//2600 2568//2568 2598//2598 
f 2600//2600 2598//2598 2630//2630 
f 2631//2631 2599//2599 2600//2600 
f 2631//2631 2600//2600 2632//2632 
f 2633//2633 2601//2601 2599//2599 
f 2633//2633 2599//2599 2631//2631 
f 2634//2634 2602//2602 2601//2601 
f 2634//2634 2601//2601 2633//2633 
f 2635//2635 2603//2603 2602//2602 
f 2635//2635 2602//2602 2634//2634 
f 2636//2636 2604//2604 2603//2603 
f 2636//2636 2603//2603 2635//2635 
f 2637//2637 2605//2605 2604//2604 
f 2637//2637 2604//2604 2636//2636 
f 2638//2638 2606//2606 2605//2605 
f 2638//2638 2605//2605 2637//2637 
f 2639//2639 2607//2607 2606//2606 
f 2639//2639 2606//2606 2638//2638 
f 2640//2640 2608//2608 2607//2607 
f 2640//2640 2607//2607 2639//2639 
f 2641//2641 2609//2609 2608//2608 
f 2641//2641 2608//2608 2640//2640 
f 2642//2642 2610//2610 2609//2609 
f 2642//2642 2609//2609 2641//2641 
f 2643//2643 2611//2611 2610//2610 
f 2643//2643 2610//2610 2642//2642 
f 2644//2644 2612//2612 2611//2611 
f 2644//2644 2611//2611 2643//2643 
f 2645//2645 2613//2613 2612//2612 
f 2645//2645 2612//2612 2644//2644 
f 2646//2646 2614//2614 2613//2613 
f 2646//2646 2613//2613 2645//2645 
f 2647//2647 2615//2615 2614//2614 
f 2647//2647 2614//2614 2646//2646 
f 2648//2648 2616//2616 2615//2615 
f 2648//2648 2615//2615 2647//2647 
f 2649//2649 2617//2617 2616//2616 
f 2649//2649 2616//2616 2648//2648 
f 2650//2650 2618//2618 2617//2617 
f 2650//2650 2617//2617 2649//2649 
f 2651//2651 2619//2619 2618//2618 
f 2651//2651 2618//2618 2650//2650 
f 2652//2652 2620//2620 2619//2619 
f 2652//2652 2619//2619 2651//2651 
f 2653//2653 2621//2621 2620//2620 
f 2653//2653 2620//2620 2652//2652 
f 2654//2654 2622//2622 2621//2621 
f 2654//2654 2621//2621 2653//2653 
f 2655//2655 2623//2623 2622//2622 
f 2655//2655 2622//2622 2654//2654 
f 2656//2656 2624//2624 2623//2623 
f 2656//2656 2623//2623 2655//2655 
f 2657//2657 2625//2625 2624//2624 
f 2657//2657 2624//2624 2656//2656 
f 2658//2658 2626//2626 2625//2625 
f 2658//2658 2625//2625 2657//2657 
f 2659//2659 2627//2627 2626//2626 
f 2659//2659 2626//2626 2658//2658 
f 2660//2660 2628//2628 2627//2627 
f 2660//2660 2627//2627 2659//2659 
f 2661//2661 2629//2629 2628//2628 
f 2661//2661 2628//2628 2660//2660 
f 2662//2662 2630//2630 2629//2629 
f 2662//2662 2629//2629 2661//2661 
f 2632//2632 2600//2600 2630//2630 
f 2632//2632 2630//2630 2662//2662 
f 2663//2663 2631//2631 2632//2632 
f 2663//2663 2632//2632 2664//2664 
f 2665//2665 2633//2633 2631//2631 
f 2665//2665 2631//2631 2663//2663 
f 2666//2666 2634//2634 2633//2633 
f 2666//2666 2633//2633 2665//2665 
f 2667//2667 2635//2635 2634//2634 
f 2667//2667 2634//2634 2666//2666 
f 2668//2668 2636//2636 2635//2635 
f 2668//2668 2635//2635 2667//2667 
f 2669//2669 2637//2637 2636//2636 
f 2669//2669 2636//2636 2668//2668 
f 2670//2670 2638//2638 2637//2637 
f 2670//2670 2637//2637 2669//2669 
f 2671//2671 2639//2639 2638//2638 
f 2671//2671 2638//2638 2670//2670 
f 2672//2672 2640//2640 2639//2639 
f 2672//2672 2639//2639 2671//2671 
f 2673//2673 2641//2641 2640//2640 
f 2673//2673 2640//2640 2672//2672 
f 2674//2674 2642//2642 2641//2641 
f 2674//2674 2641//2641 2673//2673 
f 2675//2675 2643//2643 2642//2642 
f 2675//2675 2642//2642 2674//2674 
f 2676//2676 2644//2644 2643//2643 
f 2676//2676 2643//2643 2675//2675 
f 2677//2677 2645//2645 2644//2644 
f 2677//2677 2644//2644 2676//2676 
f 2678//2678 2646//2646 2645//2645 
f 2678//2678 2645//2645 2677//2677 
f 2679//2679 2647//2647 2646//2646 
f 2679//2679 2646//2646 2678//2678 
f 2680//2680 2648//2648 2647//2647 
f 2680//2680 2647//2647 2679//2679 
f 2681//2681 2649//2649 2648//2648 
f 2681//2681 2648//2648 2680//2680 
f 2682//2682 2650//2650 2649//2649 
f 2682//2682 2649//2649 2681//2681 
f 2683//2683 2651//2651 2650//2650 
f 2683//2683 2650//2650 2682//2682 
f 2684//2684 2652//2652 2651//2651 
f 2684//2684 2651//2651 2683//2683 
f 2685//2685 2653//2653 2652//2652 
f 2685//2685 2652//2652 2684//2684 
f 2686//2686 2654//2654 2653//2653 
f 2686//2686 2653//2653 2685//2685 
f 2687//2687 2655//2655 2654//2654 
f 2687//2687 2654//2654 2686//2686 
f 2688//2688 2656//2656 2655//2655 
f 2688//2688 2655//2655 2687//2687 
f 2689//2689 2657//2657 2656//2656 
f 2689//2689 2656//2656 2688//2688 
f 2690//2690 2658//2658 2657//2657 
f 2690//2690 2657//2657 2689//2689 
f 2691//2691 2659//2659 2658//2658 
f 2691//2691 2658//2658 2690//2690 
f 2692//2692 2660//2660 2659//2659 
f 2692//2692 2659//2659 2691//2691 
f 2693//2693 2661//2661 2660//2660 
f 2693//2693 2660//2660 2692//2692 
f 2694//2694 2662//2662 2661//2661 
f 2694//2694 2661//2661 2693//2693 
f 2664//2664 2632//2632 2662//2662 
f 2664//2664 2662//2662 2694//2694 
f 2695//2695 2663//2663 2664//2664 
f 2695//2695 2664//2664 2696//2696 
f 2697//2697 2665//2665 2663//2663 
f 2697//2697 2663//2663 2695//2695 
f 2698//2698 2666//2666 2665//2665 
f 2698//2698 2665//2665 2697//2697 
f 2699//2699 2667//2667 2666//2666 
f 2699//2699 2666//2666 2698//2698 
f 2700//2700 2668//2668 2667//2667 
f 2700//2700 2667//2667 2699//2699 
f 2701//2701 2669//2669 2668//2668 
f 2701//2701 2668//2668 2700//2700 
f 2702//2702 2670//2670 2669//2669 
f 2702//2702 2669//2669 2701//2701 
f 2703//2703 2671//2671 2670//2670 
f 2703//2703 2670//2670 2702//2702 
f 2704//2704 2672//2672 2671//2671 
f 2704//2704 2671//2671 2703//2703 
f 2705//2705 2673//2673 2672//2672 
f 2705//2705 2672//2672 2704//2704 
f 2706//2706 2674//2674 2673//2673 
f 2706//2706 2673//2673 2705//2705 
f 2707//2707 2675//2675 2674//2674 
f 2707//2707 2674//2674 2706//2706 
f 2708//2708 2676//2676 2675//2675 
f 2708//2708 2675//2675 2707//2707 
f 2709//2709 2677//2677 2676//2676 
f 2709//2709 2676//2676 2708//2708 
f 2710//2710 2678//2678 2677//2677 
f 2710//2710 2677//2677 2709//2709 
f 2711//2711 2679//2679 2678//2678 
f 2711//2711 2678//2678 2710//2710 
f 2712//2712 2680//2680 2679//2679 
f 2712//2712 2679//2679 2711//2711 
f 2713//2713 2681//2681 2680//2680 
f 2713//2713 2680//2680 2712//2712 
f 2714//2714 2682//2682 2681//2681 
f 2714//2714 2681//2681 2713//2713 
f 2715//2715 2683//2683 2682//2682 
f 2715//2715 2682//2682 2714//2714 
f 2716//2716 2684//2684 2683//2683 
f 2716//2716 2683//2683 2715//2715 
f 2717//2717 2685//2685 2684//2684 
f 2717//2717 2684//2684 2716//2716 
f 2718//2718 2686//2686 2685//2685 
f 2718//2718 2685//2685 2717//2717 
f 2719//2719 2687//2687 2686//2686 
f 2719//2719 2686//2686 2718//2718 
f 2720//2720 2688//2688 2687//2687 
f 2720//2720 2687//2687 2719//2719 
f 2721//2721 2689//2689 2688//2688 
f 2721//2721 2688//2688 2720//2720 
f 2722//2722 2690//2690 2689//2689 
f 2722//2722 2689//2689 2721//2721 
f 2723//2723 2691//2691 2690//2690 
f 2723//2723 2690//2690 2722//2722 
f 2724//2724 2692//2692 2691//2691 
f 2724//2724 2691//2691 2723//2723 
f 2725//2725 2693//2693 2692//2692 
f 2725//2725 2692//2692 2724//2724 
f 2726//2726 2694//2694 2693//2693 
f 2726//2726 2693//2693 2725//2725 
f 2696//2696 2664//2664 2694//2694 
f 2696//2696 2694//2694 2726//2726 
f 2727//2727 2695//2695 2696//2696 
f 2727//2727 2696//2696 2728//2728 
f 2729//2729 2697//2697 2695//2695 
f 2729//2729 2695//2695 2727//2727 
f 2730//2730 2698//2698 2697//2697 
f 2730//2730 2697//2697 2729//2729 
f 2731//2731 2699//2699 2698//2698 
f 2731//2731 2698//2698 2730//2730 
f 2732//2732 2700//2700 2699//2699 
f 2732//2732 2699//2699 2731//2731 
f 2733//2733 2701//2701 2700//2700 
f 2733//2733 2700//2700 2732//2732 
f 2734//2734 2702//2702 2701//2701 
f 2734//2734 2701//2701 2733//2733 
f 2735//2735 2703//2703 2702//2702 
f 2735//2735 2702//2702 2734//2734 
f 2736//2736 2704//2704 2703//2703 
f 2736//2736 2703//2703 2735//2735 
f 2737//2737 2705//2705 2704//2704 
f 2737//2737 2704//2704 2736//2736 
f 2738//2738 2706//2706 2705//2705 
f 2738//2738 2705//2705 2737//2737 
f 2739//2739 2707//2707 2706//2706 
f 2739//2739 2706//2706 2738//2738 
f 2740//2740 2708//2708 2707//2707 
f 2740//2740 2707//2707 2739//2739 
f 2741//2741 2709//2709 2708//2708 
f 2741//2741 2708//2708 2740//2740 
f 2742//2742 2710//2710 2709//2709 
f 2742//2742 2709//2709 2741//2741 
f 2743//2743 2711//2711 2710//2710 
f 2743//2743 2710//2710 2742//2742 
f 2744//2744 2712//2712 2711//2711 
f 2744//2744 2711//2711 2743//2743 
f 2745//2745 2713//2713 2712//2712 
f 2745//2745 2712//2712 2744//2744 
f 2746//2746 2714//2714 2713//2713 
f 2746//2746 2713//2713 2745//2745 
f 2747//2747 2715//2715 2714//2714 
f 2747//2747 2714//2714 2746//2746 
f 2748//2748 2716//2716 2715//2715 
f 2748//2748 2715//2715 2747//2747 
f 2749//2749 2717//2717 2716//2716 
f 2749//2749 2716//2716 2748//2748 
f 2750//2750 2718//2718 2717//2717 
f 2750//2750 2717//2717 2749//2749 
f 2751//2751 2719//2719 2718//2718 
f 2751//2751 2718//2718 2750//2750 
f 2752//2752 2720//2720 2719//2719 
f 2752//2752 2719//2719 2751//2751 
f 2753//2753 2721//2721 2720//2720 
f 2753//2753 2720//2720 2752//2752 
f 2754//2754 2722//2722 2721//2721 
f 2754//2754 2721//2721 2753//2753 
f 2755//2755 2723//2723 2722//2722 
f 2755//2755 2722//2722 2754//2754 
f 2756//2756 2724//2724 2723//2723 
f 2756//2756 2723//2723 2755//2755 
f 2757//2757 2725//2725 2724//2724 
f 2757//2757 2724//2724 2756//2756 
f 2758//2758 2726//2726 2725//2725 
f 2758//2758 2725//2725 2757//2757 
f 2728//2728 2696//2696 2726//2726 
f 2728//2728 2726//2726 2758//2758 
f 2759//2759 2727//2727 2728//2728 
f 2759//2759 2728//2728 2760//2760 
f 2761//2761 2729//2729 2727//2727 
f 2761//2761 2727//2727 2759//2759 
f 2762//2762 2730//2730 2729//2729 
f 2762//2762 2729//2729 2761//2761 
f 2763//2763 2731//2731 2730//2730 
f 2763//2763 2730//2730 2762//2762 
f 2764//2764 2732//2732 2731//2731 
f 2764//2764 2731//2731 2763//2763 
f 2765//2765 2733//2733 2732//2732 
f 2765//2765 2732//2732 2764//2764 
f 2766//2766 2734//2734 2733//2733 
f 2766//2766 2733//2733 2765//2765 
f 2767//2767 2735//2735 2734//2734 
f 2767//2767 2734//2734 2766//2766 
f 2768//2768 2736//2736 2735//2735 
f 2768//2768 2735//2735 2767//2767 
f 2769//2769 2737//2737 2736//2736 
f 2769//2769 2736//2736 2768//2768 
f 2770//2770 2738//2738 2737//2737 
f 2770//2770 2737//2737 2769//2769 
f 2771//2771 2739//2739 2738//2738 
f 2771//2771 2738//2738 2770//2770 
f 2772//2772 2740//2740 2739//2739 
f 2772//2772 2739//2739 2771//2771 
f 2773//2773 2741//2741 2740//2740 
f 2773//2773 2740//2740 2772//2772 
f 2774//2774 2742//2742 2741//2741 
f 2774//2774 2741//2741 2773//2773 
f 2775//2775 2743//2743 2742//2742 
f 2775//2775 2742//2742 2774//2774 
f 2776//2776 2744//2744 2743//2743 
f 2776//2776 2743//2743 2775//2775 
f 2777//2777 2745//2745 2744//2744 
f 2777//2777 2744//2744 2776//2776 
f 2778//2778 2746//2746 2745//2745 
f 2778//2778 2745//2745 2777//2777 
f 2779//2779 2747//2747 2746//2746 
f 2779//2779 2746//2746 2778//2778 
f 2780//2780 2748//2748 2747//2747 
f 2780//2780 2747//2747 2779//2779 
f 2781//2781 2749//2749 2748//2748 
f 2781//2781 2748//2748 2780//2780 
f 2782//2782 2750//2750 2749//2749 
f 2782//2782 2749//2749 2781//2781 
f 2783//2783 2751//2751 2750//2750 
f 2783//2783 2750//2750 2782//2782 
f 2784//2784 2752//2752 2751//2751 
f 2784//2784 2751//2751 2783//2783 
f 2785//2785 2753//2753 2752//2752 
f 2785//2785 2752//2752 2784//2784 
f 2786//2786 2754//2754 2753//2753 
f 2786//2786 2753//2753 2785//2785 
f 2787//2787 2755//2755 2754//2754 
f 2787//2787 2754//2754 2786//2786 
f 2788//2788 2756//2756 2755//2755 
f 2788//2788 2755//2755 2787//2787 
f 2789//2789 2757//2757 2756//2756 
f 2789//2789 2756//2756 2788//2788 
f 2790//2790 2758//2758 2757//2757 
f 2790//2790 2757//2757 2789//2789 
f 2760//2760 2728//2728 2758//2758 
f 2760//2760 2758//2758 2790//2790 
f 2791//2791 2759//2759 2760//2760 
f 2791//2791 2760//2760 2792//2792 
f 2793//2793 2761//2761 2759//2759 
f 2793//2793 2759//2759 2791//2791 
f 2794//2794 2762//2762 2761//2761 
f 2794//2794 2761//2761 2793//2793 
f 2795//2795 2763//2763 2762//2762 
f 2795//2795 2762//2762 2794//2794 
f 2796//2796 2764//2764 2763//2763 
f 2796//2796 2763//2763 2795//2795 
f 2797//2797 2765//2765 2764//2764 
f 2797//2797 2764//2764 2796//2796 
f 2798//2798 2766//2766 2765//2765 
f 2798//2798 2765//2765 2797//2797 
f 2799//2799 2767//2767 2766//2766 
f 2799//2799 2766//2766 2798//2798 
f 2800//2800 2768//2768 2767//2767 
f 2800//2800 2767//2767 2799//2799 
f 2801//2801 2769//2769 2768//2768 
f 2801//2801 2768//2768 2800//2800 
f 2802//2802 2770//2770 2769//2769 
f 2802//2802 2769//2769 2801//2801 
f 2803//2803 2771//2771 2770//2770 
f 2803//2803 2770//2770 2802//2802 
f 2804//2804 2772//2772 2771//2771 
f 2804//2804 2771//2771 2803//2803 
f 2805//2805 2773//2773 2772//2772 
f 2805//2805 2772//2772 2804//2804 
f 2806//2806 2774//2774 2773//2773 
f 2806//2806 2773//2773 2805//2805 
f 2807//2807 2775//2775 2774//2774 
f 2807//2807 2774//2774 2806//2806 
f 2808//2808 2776//2776 2775//2775 
f 2808//2808 2775//2775 2807//2807 
f 2809//2809 2777//2777 2776//2776 
f 2809//2809 2776//2776 2808//2808 
f 2810//2810 2778//2778 2777//2777 
f 2810//2810 2777//2777 2809//2809 
f 2811//2811 2779//2779 2778//2778 
f 2811//2811 2778//2778 2810//2810 
f 2812//2812 2780//2780 2779//2779 
f 2812//2812 2779//2779 2811//2811 
f 2813//2813 2781//2781 2780//2780 
f 2813//2813 2780//2780 2812//2812 
f 2814//2814 2782//2782 2781//2781 
f 2814//2814 2781//2781 2813//2813 
f 2815//2815 2783//2783 2782//2782 
f 2815//2815 2782//2782 2814//2814 
f 2816//2816 2784//2784 2783//2783 
f 2816//2816 2783//2783 2815//2815 
f 2817//2817 2785//2785 2784//2784 
f 2817//2817 2784//2784 2816//2816 
f 2818//2818 2786//2786 2785//2785 
f 2818//2818 2785//2785 2817//2817 
f 2819//2819 2787//2787 2786//2786 
f 2819//2819 2786//2786 2818//2818 
f 2820//2820 2788//2788 2787//2787 
f 2820//2820 2787//2787 2819//2819 
f 2821//2821 2789//2789 2788//2788 
f 2821//2821 2788//2788 2820//2820 
f 2822//2822 2790//2790 2789//2789 
f 2822//2822 2789//2789 2821//2821 
f 2792//2792 2760//2760 2790//2790 
f 2792//2792 2790//2790 2822//2822 
f 2823//2823 2791//2791 2792//2792 
f 2823//2823 2792//2792 2824//2824 
f 2825//2825 2793//2793 2791//2791 
f 2825//2825 2791//2791 2823//2823 
f 2826//2826 2794//2794 2793//2793 
f 2826//2826 2793//2793 2825//2825 
f 2827//2827 2795//2795 2794//2794 
f 2827//2827 2794//2794 2826//2826 
f 2828//2828 2796//2796 2795//2795 
f 2828//2828 2795//2795 2827//2827 
f 2829//2829 2797//2797 2796//2796 
f 2829//2829 2796//2796 2828//2828 
f 2830//2830 2798//2798 2797//2797 
f 2830//2830 2797//2797 2829//2829 
f 2831//2831 2799//2799 2798//2798 
f 2831//2831 2798//2798 2830//2830 
f 2832//2832 2800//2800 2799//2799 
f 2832//2832 2799//2799 2831//2831 
f 2833//2833 2801//2801 2800//2800 
f 2833//2833 2800//2800 2832//2832 
f 2834//2834 2802//2802 2801//2801 
f 2834//2834 2801//2801 2833//2833 
f 2835//2835 2803//2803 2802//2802 
f 2835//2835 2802//2802 2834//2834 
f 2836//2836 2804//2804 2803//2803 
f 2836//2836 2803//2803 2835//2835 
f 2837//2837 2805//2805 2804//2804 
f 2837//2837 2804//2804 2836//2836 
f 2838//2838 2806//2806 2805//2805 
f 2838//2838 2805//2805 2837//2837 
f 2839//2839 2807//2807 2806//2806 
f 2839//2839 2806//2806 2838//2838 
f 2840//2840 2808//2808 2807//2807 
f 2840//2840 2807//2807 2839//2839 
f 2841//2841 2809//2809 2808//2808 
f 2841//2841 2808//2808 2840//2840 
f 2842//2842 2810//2810 2809//2809 
f 2842//2842 2809//2809 2841//2841 
f 2843//2843 2811//2811 2810//2810 
f 2843//2843 2810//2810 2842//2842 
f 2844//2844 2812//2812 2811//2811 
f 2844//2844 2811//2811 2843//2843 
f 2845//2845 2813//2813 2812//2812 
f 2845//2845 2812//2812 2844//2844 
f 2846//2846 2814//2814 2813//2813 
f 2846//2846 2813//2813 2845//2845 
f 2847//2847 2815//2815 2814//2814 
f 2847//2847 2814//2814 2846//2846 
f 2848//2848 2816//2816 2815//2815 
f 2848//2848 2815//2815 2847//2847 
f 2849//2849 2817//2817 2816//2816 
f 2849//2849 2816//2816 2848//2848 
f 2850//2850 2818//2818 2817//2817 
f 2850//2850 2817//2817 2849//2849 
f 2851//2851 2819//2819 2818//2818 
f 2851//2851 2818//2818 2850//2850 
f 2852//2852 2820//2820 2819//2819 
f 2852//2852 2819//2819 2851//2851 
f 2853//2853 2821//2821 2820//2820 
f 2853//2853 2820//2820 2852//2852 
f 2854//2854 2822//2822 2821//2821 
f 2854//2854 2821//2821 2853//2853 
f 2824//2824 2792//2792 2822//2822 
f 2824//2824 2822//2822 2854//2854 
f 2855//2855 2823//2823 2824//2824 
f 2855//2855 2824//2824 2856//2856 
f 2857//2857 2825//2825 2823//2823 
f 2857//2857 2823//2823 2855//2855 
f 2858//2858 2826//2826 2825//2825 
f 2858//2858 2825//2825 2857//2857 
f 2859//2859 2827//2827 2826//2826 
f 2859//2859 2826//2826 2858//2858 
f 2860//2860 2828//2828 2827//2827 
f 2860//2860 2827//2827 2859//2859 
f 2861//2861 2829//2829 2828//2828 
f 2861//2861 2828//2828 2860//2860 
f 2862//2862 2830//2830 2829//2829 
f 2862//2862 2829//2829 2861//2861 
f 2863//2863 2831//2831 2830//2830 
f 2863//2863 2830//2830 2862//2862 
f 2864//2864 2832//2832 2831//2831 
f 2864//2864 2831//2831 2863//2863 
f 2865//2865 2833//2833 2832//2832 
f 2865//2865 2832//2832 2864//2864 
f 2866//2866 2834//2834 2833//2833 
f 2866//2866 2833//2833 2865//2865 
f 2867//2867 2835//2835 2834//2834 
f 2867//2867 2834//2834 2866//2866 
f 2868//2868 2836//2836 2835//2835 
f 2868//2868 2835//2835 2867//2867 
f 2869//2869 2837//2837 2836//2836 
f 2869//2869 2836//2836 2868//2868 
f 2870//2870 2838//2838 2837//2837 
f 2870//2870 2837//2837 2869//2869 
f 2871//2871 2839//2839 2838//2838 
f 2871//2871 2838//2838 2870//2870 
f 2872//2872 2840//2840 2839//2839 
f 2872//2872 2839//2839 2871//2871 
f 2873//2873 2841//2841 2840//2840 
f 2873//2873 2840//2840 2872//2872 
f 2874//2874 2842//2842 2841//2841 
f 2874//2874 2841//2841 2873//2873 
f 2875//2875 2843//2843 2842//2842 
f 2875//2875 2842//2842 2874//2874 
f 2876//2876 2844//2844 2843//2843 
f 2876//2876 2843//2843 2875//2875 
f 2877//2877 2845//2845 2844//2844 
f 2877//2877 2844//2844 2876//2876 
f 2878//2878 2846//2846 2845//2845 
f 2878//2878 2845//2845 2877//2877 
f 2879//2879 2847//2847 2846//2846 
f 2879//2879 2846//2846 2878//2878 
f 2880//2880 2848//2848 2847//2847 
f 2880//2880 2847//2847 2879//2879 
f 2881//2881 2849//2849 2848//2848 
f 2881//2881 2848//2848 2880//2880 
f 2882//2882 2850//2850 2849//2849 
f 2882//2882 2849//2849 2881//2881 
f 2883//2883 2851//2851 2850//2850 
f 2883//2883 2850//2850 2882//2882 
f 2884//2884 2852//2852 2851//2851 
f 2884//2884 2851//2851 2883//2883 
f 2885//2885 2853//2853 2852//2852 
f 2885//2885 2852//2852 2884//2884 
f 2886//2886 2854//2854 2853//2853 
f 2886//2886 2853//2853 2885//2885 
f 2856//2856 2824//2824 2854//2854 
f 2856//2856 2854//2854 2886//2886 
f 2887//2887 2855//2855 2856//2856 
f 2887//2887 2856//2856 2888//2888 
f 2889//2889 2857//2857 2855//2855 
f 2889//2889 2855//2855 2887//2887 
f 2890//2890 2858//2858 2857//2857 
f 2890//2890 2857//2857 2889//2889 
f 2891//2891 2859//2859 2858//2858 
f 2891//2891 2858//2858 2890//2890 
f 2892//2892 2860//2860 2859//2859 
f 2892//2892 2859//2859 2891//2891 
f 2893//2893 2861//2861 2860//2860 
f 2893//2893 2860//2860 2892//2892 
f 2894//2894 2862//2862 2861//2861 
f 2894//2894 2861//2861 2893//2893 
f 2895//2895 2863//2863 2862//2862 
f 2895//2895 2862//2862 2894//2894 
f 2896//2896 2864//2864 2863//2863 
f 2896//2896 2863//2863 2895//2895 
f 2897//2897 2865//2865 2864//2864 
f 2897//2897 2864//2864 2896//2896 
f 2898//2898 2866//2866 2865//2865 
f 2898//2898 2865//2865 2897//2897 
f 2899//2899 2867//2867 2866//2866 
f 2899//2899 2866//2866 2898//2898 
f 2900//2900 2868//2868 2867//2867 
f 2900//2900 2867//2867 2899//2899 
f 2901//2901 2869//2869 2868//2868 
f 2901//2901 2868//2868 2900//2900 
f 2902//2902 2870//2870 2869//2869 
f 2902//2902 2869//2869 2901//2901 
f 2903//2903 2871//2871 2870//2870 
f 2903//2903 2870//2870 2902//2902 
f 2904//2904 2872//2872 2871//2871 
f 2904//2904 2871//2871 2903//2903 
f 2905//2905 2873//2873 2872//2872 
f 2905//2905 2872//2872 2904//2904 
f 2906//2906 2874//2874 2873//2873 
f 2906//2906 2873//2873 2905//2905 
f 2907//2907 2875//2875 2874//2874 
f 2907//2907 2874//2874 2906//2906 
f 2908//2908 2876//2876 2875//2875 
f 2908//2908 2875//2875 2907//2907 
f 2909//2909 2877//2877 2876//2876 
f 2909//2909 2876//2876 2908//2908 
f 2910//2910 2878//2878 2877//2877 
f 2910//2910 2877//2877 2909//2909 
f 2911//2911 2879//2879 2878//2878 
f 2911//2911 2878//2878 2910//2910 
f 2912//2912 2880//2880 2879//2879 
f 2912//2912 2879//2879 2911//2911 
f 2913//2913 2881//2881 2880//2880 
f 2913//2913 2880//2880 2912//2912 
f 2914//2914 2882//2882 2881//2881 
f 2914//2914 2881//2881 2913//2913 
f 2915//2915 2883//2883 2882//2882 
f 2915//2915 2882//2882 2914//2914 
f 2916//2916 2884//2884 2883//2883 
f 2916//2916 2883//2883 2915//2915 
f 2917//2917 2885//2885 2884//2884 
f 2917//2917 2884//2884 2916//2916 
f 2918//2918 2886//2886 2885//2885 
f 2918//2918 2885//2885 2917//2917 
f 2888//2888 2856//2856 2886//2886 
f 2888//2888 2886//2886 2918//2918 
f 2919//2919 2887//2887 2888//2888 
f 2919//2919 2888//2888 2920//2920 
f 2921//2921 2889//2889 2887//2887 
f 2921//2921 2887//2887 2919//2919 
f 2922//2922 2890//2890 2889//2889 
f 2922//2922 2889//2889 2921//2921 
f 2923//2923 2891//2891 2890//2890 
f 2923//2923 2890//2890 2922//2922 
f 2924//2924 2892//2892 2891//2891 
f 2924//2924 2891//2891 2923//2923 
f 2925//2925 2893//2893 2892//2892 
f 2925//2925 2892//2892 2924//2924 
f 2926//2926 2894//2894 2893//2893 
f 2926//2926 2893//2893 2925//2925 
f 2927//2927 2895//2895 2894//2894 
f 2927//2927 2894//2894 2926//2926 
f 2928//2928 2896//2896 2895//2895 
f 2928//2928 2895//2895 2927//2927 
f 2929//2929 2897//2897 2896//2896 
f 2929//2929 2896//2896 2928//2928 
f 2930//2930 2898//2898 2897//2897 
f 2930//2930 2897//2897 2929//2929 
f 2931//2931 2899//2899 2898//2898 
f 2931//2931 2898//2898 2930//2930 
f 2932//2932 2900//2900 2899//2899 
f 2932//2932 2899//2899 2931//2931 
f 2933//2933 2901//2901 2900//2900 
f 2933//2933 2900//2900 2932//2932 
f 2934//2934 2902//2902 2901//2901 
f 2934//2934 2901//2901 2933//2933 
f 2935//2935 2903//2903 2902//2902 
f 2935//2935 2902//2902 2934//2934 
f 2936//2936 2904//2904 2903//2903 
f 2936//2936 2903//2903 2935//2935 
f 2937//2937 2905//2905 2904//2904 
f 2937//2937 2904//2904 2936//2936 
f 2938//2938 2906//2906 2905//2905 
f 2938//2938 2905//2905 2937//2937 
f 2939//2939 2907//2907 2906//2906 
f 2939//2939 2906//2906 2938//2938 
f 2940//2940 2908//2908 2907//2907 
f 2940//2940 2907//2907 2939//2939 
f 2941//2941 2909//2909 2908//2908 
f 2941//2941 2908//2908 2940//2940 
f 2942//2942 2910//2910 2909//2909 
f 2942//2942 2909//2909 2941//2941 
f 2943//2943 2911//2911 2910//2910 
f 2943//2943 2910//2910 2942//2942 
f 2944//2944 2912//2912 2911//2911 
f 2944//2944 2911//2911 2943//2943 
f 2945//2945 2913//2913 2912//2912 
f 2945//2945 2912//2912 2944//2944 
f 2946//2946 2914//2914 2913//2913 
f 2946//2946 2913//2913 2945//2945 
f 2947//2947 2915//2915 2914//2914 
f 2947//2947 2914//2914 2946//2946 
f 2948//2948 2916//2916 2915//2915 
f 2948//2948 2915//2915 2947//2947 
f 2949//2949 2917//2917 2916//2916 
f 2949//2949 2916//2916 2948//2948 
f 2950//2950 2918//2918 2917//2917 
f 2950//2950 2917//2917 2949//2949 
f 2920//2920 2888//2888 2918//2918 
f 2920//2920 2918//2918 2950//2950 
f 2951//2951 2919//2919 2920//2920 
f 2951//2951 2920//2920 2952//2952 
f 2953//2953 2921//2921 2919//2919 
f 2953//2953 2919//2919 2951//2951 
f 2954//2954 2922//2922 2921//2921 
f 2954//2954 2921//2921 2953//2953 
f 2955//2955 2923//2923 2922//2922 
f 2955//2955 2922//2922 2954//2954 
f 2956//2956 2924//2924 2923//2923 
f 2956//2956 2923//2923 2955//2955 
f 2957//2957 2925//2925 2924//2924 
f 2957//2957 2924//2924 2956//2956 
f 2958//2958 2926//2926 2925//2925 
f 2958//2958 2925//2925 2957//2957 
f 2959//2959 2927//2927 2926//2926 
f 2959//2959 2926//2926 2958//2958 
f 2960//2960 2928//2928 2927//2927 
f 2960//2960 2927//2927 2959//2959 
f 2961//2961 2929//2929 2928//2928 
f 2961//2961 2928//2928 2960//2960 
f 2962//2962 2930//2930 2929//2929 
f 2962//2962 2929//2929 2961//2961 
f 2963//2963 2931//2931 2930//2930 
f 2963//2963 2930//2930 2962//2962 
f 2964//2964 2932//2932 2931//2931 
f 2964//2964 2931//2931 2963//2963 
f 2965//2965 2933//2933 2932//2932 
f 2965//2965 2932//2932 2964//2964 
f 2966//2966 2934//2934 2933//2933 
f 2966//2966 2933//2933 2965//2965 
f 2967//2967 2935//2935 2934//2934 
f 2967//2967 2934//2934 2966//2966 
f 2968//2968 2936//2936 2935//2935 
f 2968//2968 2935//2935 2967//2967 
f 2969//2969 2937//2937 2936//2936 
f 2969//2969 2936//2936 2968//2968 
f 2970//2970 2938//2938 2937//2937 
f 2970//2970 2937//2937 2969//2969 
f 2971//2971 2939//2939 2938//2938 
f 2971//2971 2938//2938 2970//2970 
f 2972//2972 2940//2940 2939//2939 
f 2972//2972 2939//2939 2971//2971 
f 2973//2973 2941//2941 2940//2940 
f 2973//2973 2940//2940 2972//2972 
f 2974//2974 2942//2942 2941//2941 
f 2974//2974 2941//2941 2973//2973 
f 2975//2975 2943//2943 2942//2942 
f 2975//2975 2942//2942 2974//2974 
f 2976//2976 2944//2944 2943//2943 
f 2976//2976 2943//2943 2975//2975 
f 2977//2977 2945//2945 2944//2944 
f 2977//2977 2944//2944 2976//2976 
f 2978//2978 2946//2946 2945//2945 
f 2978//2978 2945//2945 2977//2977 
f 2979//2979 2947//2947 2946//2946 
f 2979//2979 2946//2946 2978//2978 
f 2980//2980 2948//2948 2947//2947 
f 2980//2980 2947//2947 2979//2979 
f 2981//2981 2949//2949 2948//2948 
f 2981//2981 2948//2948 2980//2980 
f 2982//2982 2950//2950 2949//2949 
f 2982//2982 2949//2949 2981//2981 
f 2952//2952 2920//2920 2950//2950 
f 2952//2952 2950//2950 2982//2982 
f 2983//2983 2951//2951 2952//2952 
f 2983//2983 2952//2952 2984//2984 
f 2985//2985 2953//2953 2951//2951 
f 2985//2985 2951//2951 2983//2983 
f 2986//2986 2954//2954 2953//2953 
f 2986//2986 2953//2953 2985//2985 
f 2987//2987 2955//2955 2954//2954 
f 2987//2987 2954//2954 2986//2986 
f 2988//2988 2956//2956 2955//2955 
f 2988//2988 2955//2955 2987//2987 
f 2989//2989 2957//2957 2956//2956 
f 2989//2989 2956//2956 2988//2988 
f 2990//2990 2958//2958 2957//2957 
f 2990//2990 2957//2957 2989//2989 
f 2991//2991 2959//2959 2958//2958 
f 2991//2991 2958//2958 2990//2990 
f 2992//2992 2960//2960 2959//2959 
f 2992//2992 2959//2959 2991//2991 
f 2993//2993 2961//2961 2960//2960 
f 2993//2993 2960//2960 2992//2992 
f 2994//2994 2962//2962 2961//2961 
f 2994//2994 2961//2961 2993//2993 
f 2995//2995 2963//2963 2962//2962 
f 2995//2995 2962//2962 2994//2994 
f 2996//2996 2964//2964 2963//2963 
f 2996//2996 2963//2963 2995//2995 
f 2997//2997 2965//2965 2964//2964 
f 2997//2997 2964//2964 2996//2996 
f 2998//2998 2966//2966 2965//2965 
f 2998//2998 2965//2965 2997//2997 
f 2999//2999 2967//2967 2966//2966 
f 2999//2999 2966//2966 2998//2998 
f 3000//3000 2968//2968 2967//2967 
f 3000//3000 2967//2967 2999//2999 
f 3001//3001 2969//2969 2968//2968 
f 3001//3001 2968//2968 3000//3000 
f 3002//3002 2970//2970 2969//2969 
f 3002//3002 2969//2969 3001//3001 
f 3003//3003 2971//2971 2970//2970 
f 3003//3003 2970//2970 3002//3002 
f 3004//3004 2972//2972 2971//2971 
f 3004//3004 2971//2971 3003//3003 
f 3005//3005 2973//2973 2972//2972 
f 3005//3005 2972//2972 3004//3004 
f 3006//3006 2974//2974 2973//2973 
f 3006//3006 2973//2973 3005//3005 
f 3007//3007 2975//2975 2974//2974 
f 3007//3007 2974//2974 3006//3006 
f 3008//3008 2976//2976 2975//2975 
f 3008//3008 2975//2975 3007//3007 
f 3009//3009 2977//2977 2976//2976 
f 3009//3009 2976//2976 3008//3008 
f 3010//3010 2978//2978 2977//2977 
f 3010//3010 2977//2977 3009//3009 
f 3011//3011 2979//2979 2978//2978 
f 3011//3011 2978//2978 3010//3010 
f 3012//3012 2980//2980 2979//2979 
f 3012//3012 2979//2979 3011//3011 
f 3013//3013 2981//2981 2980//2980 
f 3013//3013 2980//2980 3012//3012 
f 3014//3014 2982//2982 2981//2981 
f 3014//3014 2981//2981 3013//3013 
f 2984//2984 2952//2952 2982//2982 
f 2984//2984 2982//2982 3014//3014 
f 3015//3015 2983//2983 2984//2984 
f 3015//3015 2984//2984 3016//3016 
f 3017//3017 2985//2985 2983//2983 
f 3017//3017 2983//2983 3015//3015 
f 3018//3018 2986//2986 2985//2985 
f 3018//3018 2985//2985 3017//3017 
f 3019//3019 2987//2987 2986//2986 
f 3019//3019 2986//2986 3018//3018 
f 3020//3020 2988//2988 2987//2987 
f 3020//3020 2987//2987 3019//3019 
f 3021//3021 2989//2989 2988//2988 
f 3021//3021 2988//2988 3020//3020 
f 3022//3022 2990//2990 2989//2989 
f 3022//3022 2989//2989 3021//3021 
f 3023//3023 2991//2991 2990//2990 
f 3023//3023 2990//2990 3022//3022 
f 3024//3024 2992//2992 2991//2991 
f 3024//3024 2991//2991 3023//3023 
f 3025//3025 2993//2993 2992//2992 
f 3025//3025 2992//2992 3024//3024 
f 3026//3026 2994//2994 2993//2993 
f 3026//3026 2993//2993 3025//3025 
f 3027//3027 2995//2995 2994//2994 
f 3027//3027 2994//2994 3026//3026 
f 3028//3028 2996//2996 2995//2995 
f 3028//3028 2995//2995 3027//3027 
f 3029//3029 2997//2997 2996//2996 
f 3029//3029 2996//2996 3028//3028 
f 3030//3030 2998//2998 2997//2997 
f 3030//3030 2997//2997 3029//3029 
f 3031//3031 2999//2999 2998//2998 
f 3031//3031 2998//2998 3030//3030 
f 3032//3032 3000//3000 2999//2999 
f 3032//3032 2999//2999 3031//3031 
f 3033//3033 3001//3001 3000//3000 
f 3033//3033 3000//3000 3032//3032 
f 3034//3034 3002//3002 3001//3001 
f 3034//3034 3001//3001 3033//3033 
f 3035//3035 3003//3003 3002//3002 
f 3035//3035 3002//3002 3034//3034 
f 3036//3036 3004//3004 3003//3003 
f 3036//3036 3003//3003 3035//3035 
f 3037//3037 3005//3005 3004//3004 
f 3037//3037 3004//3004 3036//3036 
f 3038//3038 3006//3006 3005//3005 
f 3038//3038 3005//3005 3037//3037 
f 3039//3039 3007//3007 3006//3006 
f 3039//3039 3006//3006 3038//3038 
f 3040//3040 3008//3008 3007//3007 
f 3040//3040 3007//3007 3039//3039 
f 3041//3041 3009//3009 3008//3008 
f 3041//3041 3008//3008 3040//3040 
f 3042//3042 3010//3010 3009//3009 
f 3042//3042 3009//3009 3041//3041 
f 3043//3043 3011//3011 3010//3010 
f 3043//3043 3010//3010 3042//3042 
f 3044//3044 3012//3012 3011//3011 
f 3044//3044 3011//3011 3043//3043 
f 3045//3045 3013//3013 3012//3012 
f 3045//3045 3012//3012 3044//3044 
f 3046//3046 3014//3014 3013//3013 
f 3046//3046 3013//3013 3045//3045 
f 3016//3016 2984//2984 3014//3014 
f 3016//3016 3014//3014 3046//3046 
f 3047//3047 3015//3015 3016//3016 
f 3047//3047 3016//3016 3048//3048 
f 3049//3049 3017//3017 3015//3015 
f 3049//3049 3015//3015 3047//3047 
f 3050//3050 3018//3018 3017//3017 
f 3050//3050 3017//3017 3049//3049 
f 3051//3051 3019//3019 3018//3018 
f 3051//3051 3018//3018 3050//3050 
f 3052//3052 3020//3020 3019//3019 
f 3052//3052 3019//3019 3051//3051 
f 3053//3053 3021//3021 3020//3020 
f 3053//3053 3020//3020 3052//3052 
f 3054//3054 3022//3022 3021//3021 
f 3054//3054 3021//3021 3053//3053 
f 3055//3055 3023//3023 3022//3022 
f 3055//3055 3022//3022 3054//3054 
f 3056//3056 3024//3024 3023//3023 
f 3056//3056 3023//3023 3055//3055 
f 3057//3057 3025//3025 3024//3024 
f 3057//3057 3024//3024 3056//3056 
f 3058//3058 3026//3026 3025//3025 
f 3058//3058 3025//3025 3057//3057 
f 3059//3059 3027//3027 3026//3026 
f 3059//3059 3026//3026 3058//3058 
f 3060//3060 3028//3028 3027//3027 
f 3060//3060 3027//3027 3059//3059 
f 3061//3061 3029//3029 3028//3028 
f 3061//3061 3028//3028 3060//3060 
f 3062//3062 3030//3030 3029//3029 
f 3062//3062 3029//3029 3061//3061 
f 3063//3063 3031//3031 3030//3030 
f 3063//3063 3030//3030 3062//3062 
f 3064//3064 3032//3032 3031//3031 
f 3064//3064 3031//3031 3063//3063 
f 3065//3065 3033//3033 3032//3032 
f 3065//3065 3032//3032 3064//3064 
f 3066//3066 3034//3034 3033//3033 
f 3066//3066 3033//3033 3065//3065 
f 3067//3067 3035//3035 3034//3034 
f 3067//3067 3034//3034 3066//3066 
f 3068//3068 3036//3036 3035//3035 
f 3068//3068 3035//3035 3067//3067 
f 3069//3069 3037//3037 3036//3036 
f 3069//3069 3036//3036 3068//3068 
f 3070//3070 3038//3038 3037//3037 
f 3070//3070 3037//3037 3069//3069 
f 3071//3071 3039//3039 3038//3038 
f 3071//3071 3038//3038 3070//3070 
f 3072//3072 3040//3040 3039//3039 
f 3072//3072 3039//3039 3071//3071 
f 3073//3073 3041//3041 3040//3040 
f 3073//3073 3040//3040 3072//3072 
f 3074//3074 3042//3042 3041//3041 
f 3074//3074 3041//3041 3073//3073 
f 3075//3075 3043//3043 3042//3042 
f 3075//3075 3042//3042 3074//3074 
f 3076//3076 3044//3044 3043//3043 
f 3076//3076 3043//3043 3075//3075 
f 3077//3077 3045//3045 3044//3044 
f 3077//3077 3044//3044 3076//3076 
f 3078//3078 3046//3046 3045//3045 
f 3078//3078 3045//3045 3077//3077 
f 3048//3048 3016//3016 3046//3046 
f 3048//3048 3046//3046 3078//3078 
f 3079//3079 3047//3047 3048//3048 
f 3079//3079 3048//3048 3080//3080 
f 3081//3081 3049//3049 3047//3047 
f 3081//3081 3047//3047 3079//3079 
f 3082//3082 3050//3050 3049//3049 
f 3082//3082 3049//3049 3081//3081 
f 3083//3083 3051//3051 3050//3050 
f 3083//3083 3050//3050 3082//3082 
f 3084//3084 3052//3052 3051//3051 
f 3084//3084 3051//3051 3083//3083 
f 3085//3085 3053//3053 3052//3052 
f 3085//3085 3052//3052 3084//3084 
f 3086//3086 3054//3054 3053//3053 
f 3086//3086 3053//3053 3085//3085 
f 3087//3087 3055//3055 3054//3054 
f 3087//3087 3054//3054 3086//3086 
f 3088//3088 3056//3056 3055//3055 
f 3088//3088 3055//3055 3087//3087 
f 3089//3089 3057//3057 3056//3056 
f 3089//3089 3056//3056 3088//3088 
f 3090//3090 3058//3058 3057//3057 
f 3090//3090 3057//3057 3089//3089 
f 3091//3091 3059//3059 3058//3058 
f 3091//3091 3058//3058 3090//3090 
f 3092//3092 3060//3060 3059//3059 
f 3092//3092 3059//3059 3091//3091 
f 3093//3093 3061//3061 3060//3060 
f 3093//3093 3060//3060 3092//3092 
f 3094//3094 3062//3062 3061//3061 
f 3094//3094 3061//3061 3093//3093 
f 3095//3095 3063//3063 3062//3062 
f 3095//3095 3062//3062 3094//3094 
f 3096//3096 3064//3064 3063//3063 
f 3096//3096 3063//3063 3095//3095 
f 3097//3097 3065//3065 3064//3064 
f 3097//3097 3064//3064 3096//3096 
f 3098//3098 3066//3066 3065//3065 
f 3098//3098 3065//3065 3097//3097 
f 3099//3099 3067//3067 3066//3066 
f 3099//3099 3066//3066 3098//3098 
f 3100//3100 3068//3068 3067//3067 
f 3100//3100 3067//3067 3099//3099 
f 3101//3101 3069//3069 3068//3068 
f 3101//3101 3068//3068 3100//3100 
f 3102//3102 3070//3070 3069//3069 
f 3102//3102 3069//3069 3101//3101 
f 3103//3103 3071//3071 3070//3070 
f 3103//3103 3070//3070 3102//3102 
f 3104//3104 3072//3072 3071//3071 
f 3104//3104 3071//3071 3103//3103 
f 3105//3105 3073//3073 3072//3072 
f 3105//3105 3072//3072 3104//3104 
f 3106//3106 3074//3074 3073//3073 
f 3106//3106 3073//3073 3105//3105 
f 3107//3107 3075//3075 3074//3074 
f 3107//3107 3074//3074 3106//3106 
f 3108//3108 3076//3076 3075//3075 
f 3108//3108 3075//3075 3107//3107 
f 3109//3109 3077//3077 3076//3076 
f 3109//3109 3076//3076 3108//3108 
f 3110//3110 3078//3078 3077//3077 
f 3110//3110 3077//3077 3109//3109 
f 3080//3080 3048//3048 3078//3078 
f 3080//3080 3078//3078 3110//3110 
f 3111//3111 3079//3079 3080//3080 
f 3111//3111 3080//3080 3112//3112 
f 3113//3113 3081//3081 3079//3079 
f 3113//3113 3079//3079 3111//3111 
f 3114//3114 3082//3082 3081//3081 
f 3114//3114 3081//3081 3113//3113 
f 3115//3115 3083//3083 3082//3082 
f 3115//3115 3082//3082 3114//3114 
f 3116//3116 3084//3084 3083//3083 
f 3116//3116 3083//3083 3115//3115 
f 3117//3117 3085//3085 3084//3084 
f 3117//3117 3084//3084 3116//3116 
f 3118//3118 3086//3086 3085//3085 
f 3118//3118 3085//3085 3117//3117 
f 3119//3119 3087//3087 3086//3086 
f 3119//3119 3086//3086 3118//3118 
f 3120//3120 3088//3088 3087//3087 
f 3120//3120 3087//3087 3119//3119 
f 3121//3121 3089//3089 3088//3088 
f 3121//3121 3088//3088 3120//3120 
f 3122//3122 3090//3090 3089//3089 
f 3122//3122 3089//3089 3121//3121 
f 3123//3123 3091//3091 3090//3090 
f 3123//3123 3090//3090 3122//3122 
f 3124//3124 3092//3092 3091//3091 
f 3124//3124 3091//3091 3123//3123 
f 3125//3125 3093//3093 3092//3092 
f 3125//3125 3092//3092 3124//3124 
f 3126//3126 3094//3094 3093//3093 
f 3126//3126 3093//3093 3125//3125 
f 3127//3127 3095//3095 3094//3094 
f 3127//3127 3094//3094 3126//3126 
f 3128//3128 3096//3096 3095//3095 
f 3128//3128 3095//3095 3127//3127 
f 3129//3129 3097//3097 3096//3096 
f 3129//3129 3096//3096 3128//3128 
f 3130//3130 3098//3098 3097//3097 
f 3130//3130 3097//3097 3129//3129 
f 3131//3131 3099//3099 3098//3098 
f 3131//3131 3098//3098 3130//3130 
f 3132//3132 3100//3100 3099//3099 
f 3132//3132 3099//3099 3131//3131 
f 3133//3133 3101//3101 3100//3100 
f 3133//3133 3100//3100 3132//3132 
f 3134//3134 3102//3102 3101//3101 
f 3134//3134 3101//3101 3133//3133 
f 3135//3135 3103//3103 3102//3102 
f 3135//3135 3102//3102 3134//3134 
f 3136//3136 3104//3104 3103//3103 
f 3136//3136 3103//3103 3135//3135 
f 3137//3137 3105//3105 3104//3104 
f 3137//3137 3104//3104 3136//3136 
f 3138//3138 3106//3106 3105//3105 
f 3138//3138 3105//3105 3137//3137 
f 3139//3139 3107//3107 3106//3106 
f 3139//3139 3106//3106 3138//3138 
f 3140//3140 3108//3108 3107//3107 
f 3140//3140 3107//3107 3139//3139 
f 3141//3141 3109//3109 3108//3108 
f 3141//3141 3108//3108 3140//3140 
f 3142//3142 3110//3110 3109//3109 
f 3142//3142 3109//3109 3141//3141 
f 3112//3112 3080//3080 3110//3110 
f 3112//3112 3110//3110 3142//3142 
f 3143//3143 3111//3111 3112//3112 
f 3143//3143 3112//3112 3144//3144 
f 3145//3145 3113//3113 3111//3111 
f 3145//3145 3111//3111 3143//3143 
f 3146//3146 3114//3114 3113//3113 
f 3146//3146 3113//3113 3145//3145 
f 3147//3147 3115//3115 3114//3114 
f 3147//3147 3114//3114 3146//3146 
f 3148//3148 3116//3116 3115//3115 
f 3148//3148 3115//3115 3147//3147 
f 3149//3149 3117//3117 3116//3116 
f 3149//3149 3116//3116 3148//3148 
f 3150//3150 3118//3118 3117//3117 
f 3150//3150 3117//3117 3149//3149 
f 3151//3151 3119//3119 3118//3118 
f 3151//3151 3118//3118 3150//3150 
f 3152//3152 3120//3120 3119//3119 
f 3152//3152 3119//3119 3151//3151 
f 3153//3153 3121//3121 3120//3120 
f 3153//3153 3120//3120 3152//3152 
f 3154//3154 3122//3122 3121//3121 
f 3154//3154 3121//3121 3153//3153 
f 3155//3155 3123//3123 3122//3122 
f 3155//3155 3122//3122 3154//3154 
f 3156//3156 3124//3124 3123//3123 
f 3156//3156 3123//3123 3155//3155 
f 3157//3157 3125//3125 3124//3124 
f 3157//3157 3124//3124 3156//3156 
f 3158//3158 3126//3126 3125//3125 
f 3158//3158 3125//3125 3157//3157 
f 3159//3159 3127//3127 3126//3126 
f 3159//3159 3126//3126 3158//3158 
f 3160//3160 3128//3128 3127//3127 
f 3160//3160 3127//3127 3159//3159 
f 3161//3161 3129//3129 3128//3128 
f 3161//3161 3128//3128 3160//3160 
f 3162//3162 3130//3130 3129//3129 
f 3162//3162 3129//3129 3161//3161 
f 3163//3163 3131//3131 3130//3130 
f 3163//3163 3130//3130 3162//3162 
f 3164//3164 3132//3132 3131//3131 
f 3164//3164 3131//3131 3163//3163 
f 3165//3165 3133//3133 3132//3132 
f 3165//3165 3132//3132 3164//3164 
f 3166//3166 3134//3134 3133//3133 
f 3166//3166 3133//3133 3165//3165 
f 3167//3167 3135//3135 3134//3134 
f 3167//3167 3134//3134 3166//3166 
f 3168//3168 3136//3136 3135//3135 
f 3168//3168 3135//3135 3167//3167 
f 3169//3169 3137//3137 3136//3136 
f 3169//3169 3136//3136 3168//3168 
f 3170//3170 3138//3138 3137//3137 
f 3170//3170 3137//3137 3169//3169 
f 3171//3171 3139//3139 3138//3138 
f 3171//3171 3138//3138 3170//3170 
f 3172//3172 3140//3140 3139//3139 
f 3172//3172 3139//3139 3171//3171 
f 3173//3173 3141//3141 3140//3140 
f 3173//3173 3140//3140 3172//3172 
f 3174//3174 3142//3142 3141//3141 
f 3174//3174 3141//3141 3173//3173 
f 3144//3144 3112//3112 3142//3142 
f 3144//3144 3142//3142 3174//3174 
f 3175//3175 3143//3143 3144//3144 
f 3175//3175 3144//3144 3176//3176 
f 3177//3177 3145//3145 3143//3143 
f 3177//3177 3143//3143 3175//3175 
f 3178//3178 3146//3146 3145//3145 
f 3178//3178 3145//3145 3177//3177 
f 3179//3179 3147//3147 3146//3146 
f 3179//3179 3146//3146 3178//3178 
f 3180//3180 3148//3148 3147//3147 
f 3180//3180 3147//3147 3179//3179 
f 3181//3181 3149//3149 3148//3148 
f 3181//3181 3148//3148 3180//3180 
f 3182//3182 3150//3150 3149//3149 
f 3182//3182 3149//3149 3181//3181 
f 3183//3183 3151//3151 3150//3150 
f 3183//3183 3150//3150 3182//3182 
f 3184//3184 3152//3152 3151//3151 
f 3184//3184 3151//3151 3183//3183 
f 3185//3185 3153//3153 3152//3152 
f 3185//3185 3152//3152 3184//3184 
f 3186//3186 3154//3154 3153//3153 
f 3186//3186 3153//3153 3185//3185 
f 3187//3187 3155//3155 3154//3154 
f 3187//3187 3154//3154 3186//3186 
f 3188//3188 3156//3156 3155//3155 
f 3188//3188 3155//3155 3187//3187 
f 3189//3189 3157//3157 3156//3156 
f 3189//3189 3156//3156 3188//3188 
f 3190//3190 3158//3158 3157//3157 
f 3190//3190 3157//3157 3189//3189 
f 3191//3191 3159//3159 3158//3158 
f 3191//3191 3158//3158 3190//3190 
f 3192//3192 3160//3160 3159//3159 
f 3192//3192 3159//3159 3191//3191 
f 3193//3193 3161//3161 3160//3160 
f 3193//3193 3160//3160 3192//3192 
f 3194//3194 3162//3162 3161//3161 
f 3194//3194 3161//3161 3193//3193 
f 3195//3195 3163//3163 3162//3162 
f 3195//3195 3162//3162 3194//3194 
f 3196//3196 3164//3164 3163//3163 
f 3196//3196 3163//3163 3195//3195 
f 3197//3197 3165//3165 3164//3164 
f 3197//3197 3164//3164 3196//3196 
f 3198//3198 3166//3166 3165//3165 
f 3198//3198 3165//3165 3197//3197 
f 3199//3199 3167//3167 3166//3166 
f 3199//3199 3166//3166 3198//3198 
f 3200//3200 3168//3168 3167//3167 
f 3200//3200 3167//3167 3199//3199 
f 3201//3201 3169//3169 3168//3168 
f 3201//3201 3168//3168 3200//3200 
f 3202//3202 3170//3170 3169//3169 
f 3202//3202 3169//3169 3201//3201 
f 3203//3203 3171//3171 3170//3170 
f 3203//3203 3170//3170 3202//3202 
f 3204//3204 3172//3172 3171//3171 
f 3204//3204 3171//3171 3203//3203 
f 3205//3205 3173//3173 3172//3172 
f 3205//3205 3172//3172 3204//3204 
f 3206//3206 3174//3174 3173//3173 
f 3206//3206 3173//3173 3205//3205 
f 3176//3176 3144//3144 3174//3174 
f 3176//3176 3174//3174 3206//3206 
f 3207//3207 3175//3175 3176//3176 
f 3207//3207 3176//3176 3208//3208 
f 3209//3209 3177//3177 3175//3175 
f 3209//3209 3175//3175 3207//3207 
f 3210//3210 3178//3178 3177//3177 
f 3210//3210 3177//3177 3209//3209 
f 3211//3211 3179//3179 3178//3178 
f 3211//3211 3178//3178 3210//3210 
f 3212//3212 3180//3180 3179//3179 
f 3212//3212 3179//3179 3211//3211 
f 3213//3213 3181//3181 3180//3180 
f 3213//3213 3180//3180 3212//3212 
f 3214//3214 3182//3182 3181//3181 
f 3214//3214 3181//3181 3213//3213 
f 3215//3215 3183//3183 3182//3182 
f 3215//3215 3182//3182 3214//3214 
f 3216//3216 3184//3184 3183//3183 
f 3216//3216 3183//3183 3215//3215 
f 3217//3217 3185//3185 3184//3184 
f 3217//3217 3184//3184 3216//3216 
f 3218//3218 3186//3186 3185//3185 
f 3218//3218 3185//3185 3217//3217 
f 3219//3219 3187//3187 3186//3186 
f 3219//3219 3186//3186 3218//3218 
f 3220//3220 3188//3188 3187//3187 
f 3220//3220 3187//3187 3219//3219 
f 3221//3221 3189//3189 3188//3188 
f 3221//3221 3188//3188 3220//3220 
f 3222//3222 3190//3190 3189//3189 
f 3222//3222 3189//3189 3221//3221 
f 3223//3223 3191//3191 3190//3190 
f 3223//3223 3190//3190 3222//3222 
f 3224//3224 3192//3192 3191//3191 
f 3224//3224 3191//3191 3223//3223 
f 3225//3225 3193//3193 3192//3192 
f 3225//3225 3192//3192 3224//3224 
f 3226//3226 3194//3194 3193//3193 
f 3226//3226 3193//3193 3225//3225 
f 3227//3227 3195//3195 3194//3194 
f 3227//3227 3194//3194 3226//3226 
f 3228//3228 3196//3196 3195//3195 
f 3228//3228 3195//3195 3227//3227 
f 3229//3229 3197//3197 3196//3196 
f 3229//3229 3196//3196 3228//3228 
f 3230//3230 3198//3198 3197//3197 
f 3230//3230 3197//3197 3229//3229 
f 3231//3231 3199//3199 3198//3198 
f 3231//3231 3198//3198 3230//3230 
f 3232//3232 3200//3200 3199//3199 
f 3232//3232 3199//3199 3231//3231 
f 3233//3233 3201//3201 3200//3200 
f 3233//3233 3200//3200 3232//3232 
f 3234//3234 3202//3202 3201//3201 
f 3234//3234 3201//3201 3233//3233 
f 3235//3235 3203//3203 3202//3202 
f 3235//3235 3202//3202 3234//3234 
f 3236//3236 3204//3204 3203//3203 
f 3236//3236 3203//3203 3235//3235 
f 3237//3237 3205//3205 3204//3204 
f 3237//3237 3204//3204 3236//3236 
f 3238//3238 3206//3206 3205//3205 
f 3238//3238 3205//3205 3237//3237 
f 3208//3208 3176//3176 3206//3206 
f 3208//3208 3206//3206 3238//3238 
f 3239//3239 3207//3207 3208//3208 
f 3239//3239 3208//3208 3240//3240 
f 3241//3241 3209//3209 3207//3207 
f 3241//3241 3207//3207 3239//3239 
f 3242//3242 3210//3210 3209//3209 
f 3242//3242 3209//3209 3241//3241 
f 3243//3243 3211//3211 3210//3210 
f 3243//3243 3210//3210 3242//3242 
f 3244//3244 3212//3212 3211//3211 
f 3244//3244 3211//3211 3243//3243 
f 3245//3245 3213//3213 3212//3212 
f 3245//3245 3212//3212 3244//3244 
f 3246//3246 3214//3214 3213//3213 
f 3246//3246 3213//3213 3245//3245 
f 3247//3247 3215//3215 3214//3214 
f 3247//3247 3214//3214 3246//3246 
f 3248//3248 3216//3216 3215//3215 
f 3248//3248 3215//3215 3247//3247 
f 3249//3249 3217//3217 3216//3216 
f 3249//3249 3216//3216 3248//3248 
f 3250//3250 3218//3218 3217//3217 
f 3250//3250 3217//3217 3249//3249 
f 3251//3251 3219//3219 3218//3218 
f 3251//3251 3218//3218 3250//3250 
f 3252//3252 3220//3220 3219//3219 
f 3252//3252 3219//3219 3251//3251 
f 3253//3253 3221//3221 3220//3220 
f 3253//3253 3220//3220 3252//3252 
f 3254//3254 3222//3222 3221//3221 
f 3254//3254 3221//3221 3253//3253 
f 3255//3255 3223//3223 3222//3222 
f 3255//3255 3222//3222 3254//3254 
f 3256//3256 3224//3224 3223//3223 
f 3256//3256 3223//3223 3255//3255 
f 3257//3257 3225//3225 3224//3224 
f 3257//3257 3224//3224 3256//3256 
f 3258//3258 3226//3226 3225//3225 
f 3258//3258 3225//3225 3257//3257 
f 3259//3259 3227//3227 3226//3226 
f 3259//3259 3226//3226 3258//3258 
f 3260//3260 3228//3228 3227//3227 
f 3260//3260 3227//3227 3259//3259 
f 3261//3261 3229//3229 3228//3228 
f 3261//3261 3228//3228 3260//3260 
f 3262//3262 3230//3230 3229//3229 
f 3262//3262 3229//3229 3261//3261 
f 3263//3263 3231//3231 3230//3230 
f 3263//3263 3230//3230 3262//3262 
f 3264//3264 3232//3232 3231//3231 
f 3264//3264 3231//3231 3263//3263 
f 3265//3265 3233//3233 3232//3232 
f 3265//3265 3232//3232 3264//3264 
f 3266//3266 3234//3234 3233//3233 
f 3266//3266 3233//3233 3265//3265 
f 3267//3267 3235//3235 3234//3234 
f 3267//3267 3234//3234 3266//3266 
f 3268//3268 3236//3236 3235//3235 
f 3268//3268 3235//3235 3267//3267 
f 3269//3269 3237//3237 3236//3236 
f 3269//3269 3236//3236 3268//3268 
f 3270//3270 3238//3238 3237//3237 
f 3270//3270 3237//3237 3269//3269 
f 3240//3240 3208//3208 3238//3238 
f 3240//3240 3238//3238 3270//3270 
f 3271//3271 3239//3239 3240//3240 
f 3271//3271 3240//3240 3272//3272 
f 3273//3273 3241//3241 3239//3239 
f 3273//3273 3239//3239 3271//3271 
f 3274//3274 3242//3242 3241//3241 
f 3274//3274 3241//3241 3273//3273 
f 3275//3275 3243//3243 3242//3242 
f 3275//3275 3242//3242 3274//3274 
f 3276//3276 3244//3244 3243//3243 
f 3276//3276 3243//3243 3275//3275 
f 3277//3277 3245//3245 3244//3244 
f 3277//3277 3244//3244 3276//3276 
f 3278//3278 3246//3246 3245//3245 
f 3278//3278 3245//3245 3277//3277 
f 3279//3279 3247//3247 3246//3246 
f 3279//3279 3246//3246 3278//3278 
f 3280//3280 3248//3248 3247//3247 
f 3280//3280 3247//3247 3279//3279 
f 3281//3281 3249//3249 3248//3248 
f 3281//3281 3248//3248 3280//3280 
f 3282//3282 3250//3250 3249//3249 
f 3282//3282 3249//3249 3281//3281 
f 3283//3283 3251//3251 3250//3250 
f 3283//3283 3250//3250 3282//3282 
f 3284//3284 3252//3252 3251//3251 
f 3284//3284 3251//3251 3283//3283 
f 3285//3285 3253//3253 3252//3252 
f 3285//3285 3252//3252 3284//3284 
f 3286//3286 3254//3254 3253//3253 
f 3286//3286 3253//3253 3285//3285 
f 3287//3287 3255//3255 3254//3254 
f 3287//3287 3254//3254 3286//3286 
f 3288//3288 3256//3256 3255//3255 
f 3288//3288 3255//3255 3287//3287 
f 3289//3289 3257//3257 3256//3256 
f 3289//3289 3256//3256 3288//3288 
f 3290//3290 3258//3258 3257//3257 
f 3290//3290 3257//3257 3289//3289 
f 3291//3291 3259//3259 3258//3258 
f 3291//3291 3258//3258 3290//3290 
f 3292//3292 3260//3260 3259//3259 
f 3292//3292 3259//3259 3291//3291 
f 3293//3293 3261//3261 3260//3260 
f 3293//3293 3260//3260 3292//3292 
f 3294//3294 3262//3262 3261//3261 
f 3294//3294 3261//3261 3293//3293 
f 3295//3295 3263//3263 3262//3262 
f 3295//3295 3262//3262 3294//3294 
f 3296//3296 3264//3264 3263//3263 
f 3296//3296 3263//3263 3295//3295 
f 3297//3297 3265//3265 3264//3264 
f 3297//3297 3264//3264 3296//3296 
f 3298//3298 3266//3266 3265//3265 
f 3298//3298 3265//3265 3297//3297 
f 3299//3299 3267//3267 3266//3266 
f 3299//3299 3266//3266 3298//3298 
f 3300//3300 3268//3268 3267//3267 
f 3300//3300 3267//3267 3299//3299 
f 3301//3301 3269//3269 3268//3268 
f 3301//3301 3268//3268 3300//3300 
f 3302//3302 3270//3270 3269//3269 
f 3302//3302 3269//3269 3301//3301 
f 3272//3272 3240//3240 3270//3270 
f 3272//3272 3270//3270 3302//3302 
f 3303//3303 3271//3271 3272//3272 
f 3303//3303 3272//3272 3304//3304 
f 3305//3305 3273//3273 3271//3271 
f 3305//3305 3271//3271 3303//3303 
f 3306//3306 3274//3274 3273//3273 
f 3306//3306 3273//3273 3305//3305 
f 3307//3307 3275//3275 3274//3274 
f 3307//3307 3274//3274 3306//3306 
f 3308//3308 3276//3276 3275//3275 
f 3308//3308 3275//3275 3307//3307 
f 3309//3309 3277//3277 3276//3276 
f 3309//3309 3276//3276 3308//3308 
f 3310//3310 3278//3278 3277//3277 
f 3310//3310 3277//3277 3309//3309 
f 3311//3311 3279//3279 3278//3278 
f 3311//3311 3278//3278 3310//3310 
f 3312//3312 3280//3280 3279//3279 
f 3312//3312 3279//3279 3311//3311 
f 3313//3313 3281//3281 3280//3280 
f 3313//3313 3280//3280 3312//3312 
f 3314//3314 3282//3282 3281//3281 
f 3314//3314 3281//3281 3313//3313 
f 3315//3315 3283//3283 3282//3282 
f 3315//3315 3282//3282 3314//3314 
f 3316//3316 3284//3284 3283//3283 
f 3316//3316 3283//3283 3315//3315 
f 3317//3317 3285//3285 3284//3284 
f 3317//3317 3284//3284 3316//3316 
f 3318//3318 3286//3286 3285//3285 
f 3318//3318 3285//3285 3317//3317 
f 3319//3319 3287//3287 3286//3286 
f 3319//3319 3286//3286 3318//3318 
f 3320//3320 3288//3288 3287//3287 
f 3320//3320 3287//3287 3319//3319 
f 3321//3321 3289//3289 3288//3288 
f 3321//3321 3288//3288 3320//3320 
f 3322//3322 3290//3290 3289//3289 
f 3322//3322 3289//3289 3321//3321 
f 3323//3323 3291//3291 3290//3290 
f 3323//3323 3290//3290 3322//3322 
f 3324//3324 3292//3292 3291//3291 
f 3324//3324 3291//3291 3323//3323 
f 3325//3325 3293//3293 3292//3292 
f 3325//3325 3292//3292 3324//3324 
f 3326//3326 3294//3294 3293//3293 
f 3326//3326 3293//3293 3325//3325 
f 3327//3327 3295//3295 3294//3294 
f 3327//3327 3294//3294 3326//3326 
f 3328//3328 3296//3296 3295//3295 
f 3328//3328 3295//3295 3327//3327 
f 3329//3329 3297//3297 3296//3296 
f 3329//3329 3296//3296 3328//3328 
f 3330//3330 3298//3298 3297//3297 
f 3330//3330 3297//3297 3329//3329 
f 3331//3331 3299//3299 3298//3298 
f 3331//3331 3298//3298 3330//3330 
f 3332//3332 3300//3300 3299//3299 
f 3332//3332 3299//3299 3331//3331 
f 3333//3333 3301//3301 3300//3300 
f 3333//3333 3300//3300 3332//3332 
f 3334//3334 3302//3302 3301//3301 
f 3334//3334 3301//3301 3333//3333 
f 3304//3304 3272//3272 3302//3302 
f 3304//3304 3302//3302 3334//3334 
f 3335//3335 3303//3303 3304//3304 
f 3335//3335 3304//3304 3336//3336 
f 3337//3337 3305//3305 3303//3303 
f 3337//3337 3303//3303 3335//3335 
f 3338//3338 3306//3306 3305//3305 
f 3338//3338 3305//3305 3337//3337 
f 3339//3339 3307//3307 3306//3306 
f 3339//3339 3306//3306 3338//3338 
f 3340//3340 3308//3308 3307//3307 
f 3340//3340 3307//3307 3339//3339 
f 3341//3341 3309//3309 3308//3308 
f 3341//3341 3308//3308 3340//3340 
f 3342//3342 3310//3310 3309//3309 
f 3342//3342 3309//3309 3341//3341 
f 3343//3343 3311//3311 3310//3310 
f 3343//3343 3310//3310 3342//3342 
f 3344//3344 3312//3312 3311//3311 
f 3344//3344 3311//3311 3343//3343 
f 3345//3345 3313//3313 3312//3312 
f 3345//3345 3312//3312 3344//3344 
f 3346//3346 3314//3314 3313//3313 
f 3346//3346 3313//3313 3345//3345 
f 3347//3347 3315//3315 3314//3314 
f 3347//3347 3314//3314 3346//3346 
f 3348//3348 3316//3316 3315//3315 
f 3348//3348 3315//3315 3347//3347 
f 3349//3349 3317//3317 3316//3316 
f 3349//3349 3316//3316 3348//3348 
f 3350//3350 3318//3318 3317//3317 
f 3350//3350 3317//3317 3349//3349 
f 3351//3351 3319//3319 3318//3318 
f 3351//3351 3318//3318 3350//3350 
f 3352//3352 3320//3320 3319//3319 
f 3352//3352 3319//3319 3351//3351 
f 3353//3353 3321//3321 3320//3320 
f 3353//3353 3320//3320 3352//3352 
f 3354//3354 3322//3322 3321//3321 
f 3354//3354 3321//3321 3353//3353 
f 3355//3355 3323//3323 3322//3322 
f 3355//3355 3322//3322 3354//3354 
f 3356//3356 3324//3324 3323//3323 
f 3356//3356 3323//3323 3355//3355 
f 3357//3357 3325//3325 3324//3324 
f 3357//3357 3324//3324 3356//3356 
f 3358//3358 3326//3326 3325//3325 
f 3358//3358 3325//3325 3357//3357 
f 3359//3359 3327//3327 3326//3326 
f 3359//3359 3326//3326 3358//3358 
f 3360//3360 3328//3328 3327//3327 
f 3360//3360 3327//3327 3359//3359 
f 3361//3361 3329//3329 3328//3328 
f 3361//3361 3328//3328 3360//3360 
f 3362//3362 3330//3330 3329//3329 
f 3362//3362 3329//3329 3361//3361 
f 3363//3363 3331//3331 3330//3330 
f 3363//3363 3330//3330 3362//3362 
f 3364//3364 3332//3332 3331//3331 
f 3364//3364 3331//3331 3363//3363 
f 3365//3365 3333//3333 3332//3332 
f 3365//3365 3332//3332 3364//3364 
f 3366//3366 3334//3334 3333//3333 
f 3366//3366 3333//3333 3365//3365 
f 3336//3336 3304//3304 3334//3334 
f 3336//3336 3334//3334 3366//3366 
f 3367//3367 3335//3335 3336//3336 
f 3367//3367 3336//3336 3368//3368 
f 3369//3369 3337//3337 3335//3335 
f 3369//3369 3335//3335 3367//3367 
f 3370//3370 3338//3338 3337//3337 
f 3370//3370 3337//3337 3369//3369 
f 3371//3371 3339//3339 3338//3338 
f 3371//3371 3338//3338 3370//3370 
f 3372//3372 3340//3340 3339//3339 
f 3372//3372 3339//3339 3371//3371 
f 3373//3373 3341//3341 3340//3340 
f 3373//3373 3340//3340 3372//3372 
f 3374//3374 3342//3342 3341//3341 
f 3374//3374 3341//3341 3373//3373 
f 3375//3375 3343//3343 3342//3342 
f 3375//3375 3342//3342 3374//3374 
f 3376//3376 3344//3344 3343//3343 
f 3376//3376 3343//3343 3375//3375 
f 3377//3377 3345//3345 3344//3344 
f 3377//3377 3344//3344 3376//3376 
f 3378//3378 3346//3346 3345//3345 
f 3378//3378 3345//3345 3377//3377 
f 3379//3379 3347//3347 3346//3346 
f 3379//3379 3346//3346 3378//3378 
f 3380//3380 3348//3348 3347//3347 
f 3380//3380 3347//3347 3379//3379 
f 3381//3381 3349//3349 3348//3348 
f 3381//3381 3348//3348 3380//3380 
f 3382//3382 3350//3350 3349//3349 
f 3382//3382 3349//3349 3381//3381 
f 3383//3383 3351//3351 3350//3350 
f 3383//3383 3350//3350 3382//3382 
f 3384//3384 3352//3352 3351//3351 
f 3384//3384 3351//3351 3383//3383 
f 3385//3385 3353//3353 3352//3352 
f 3385//3385 3352//3352 3384//3384 
f 3386//3386 3354//3354 3353//3353 
f 3386//3386 3353//3353 3385//3385 
f 3387//3387 3355//3355 3354//3354 
f 3387//3387 3354//3354 3386//3386 
f 3388//3388 3356//3356 3355//3355 
f 3388//3388 3355//3355 3387//3387 
f 3389//3389 3357//3357 3356//3356 
f 3389//3389 3356//3356 3388//3388 
f 3390//3390 3358//3358 3357//3357 
f 3390//3390 3357//3357 3389//3389 
f 3391//3391 3359//3359 3358//3358 
f 3391//3391 3358//3358 3390//3390 
f 3392//3392 3360//3360 3359//3359 
f 3392//3392 3359//3359 3391//3391 
f 3393//3393 3361//3361 3360//3360 
f 3393//3393 3360//3360 3392//3392 
f 3394//3394 3362//3362 3361//3361 
f 3394//3394 3361//3361 3393//3393 
f 3395//3395 3363//3363 3362//3362 
f 3395//3395 3362//3362 3394//3394 
f 3396//3396 3364//3364 3363//3363 
f 3396//3396 3363//3363 3395//3395 
f 3397//3397 3365//3365 3364//3364 
f 3397//3397 3364//3364 3396//3396 
f 3398//3398 3366//3366 3365//3365 
f 3398//3398 3365//3365 3397//3397 
f 3368//3368 3336//3336 3366//3366 
f 3368//3368 3366//3366 3398//3398 
f 3399//3399 3367//3367 3368//3368 
f 3399//3399 3368//3368 3400//3400 
f 3401//3401 3369//3369 3367//3367 
f 3401//3401 3367//3367 3399//3399 
f 3402//3402 3370//3370 3369//3369 
f 3402//3402 3369//3369 3401//3401 
f 3403//3403 3371//3371 3370//3370 
f 3403//3403 3370//3370 3402//3402 
f 3404//3404 3372//3372 3371//3371 
f 3404//3404 3371//3371 3403//3403 
f 3405//3405 3373//3373 3372//3372 
f 3405//3405 3372//3372 3404//3404 
f 3406//3406 3374//3374 3373//3373 
f 3406//3406 3373//3373 3405//3405 
f 3407//3407 3375//3375 3374//3374 
f 3407//3407 3374//3374 3406//3406 
f 3408//3408 3376//3376 3375//3375 
f 3408//3408 3375//3375 3407//3407 
f 3409//3409 3377//3377 3376//3376 
f 3409//3409 3376//3376 3408//3408 
f 3410//3410 3378//3378 3377//3377 
f 3410//3410 3377//3377 3409//3409 
f 3411//3411 3379//3379 3378//3378 
f 3411//3411 3378//3378 3410//3410 
f 3412//3412 3380//3380 3379//3379 
f 3412//3412 3379//3379 3411//3411 
f 3413//3413 3381//3381 3380//3380 
f 3413//3413 3380//3380 3412//3412 
f 3414//3414 3382//3382 3381//3381 
f 3414//3414 3381//3381 3413//3413 
f 3415//3415 3383//3383 3382//3382 
f 3415//3415 3382//3382 3414//3414 
f 3416//3416 3384//3384 3383//3383 
f 3416//3416 3383//3383 3415//3415 
f 3417//3417 3385//3385 3384//3384 
f 3417//3417 3384//3384 3416//3416 
f 3418//3418 3386//3386 3385//3385 
f 3418//3418 3385//3385 3417//3417 
f 3419//3419 3387//3387 3386//3386 
f 3419//3419 3386//3386 3418//3418 
f 3420//3420 3388//3388 3387//3387 
f 3420//3420 3387//3387 3419//3419 
f 3421//3421 3389//3389 3388//3388 
f 3421//3421 3388//3388 3420//3420 
f 3422//3422 3390//3390 3389//3389 
f 3422//3422 3389//3389 3421//3421 
f 3423//3423 3391//3391 3390//3390 
f 3423//3423 3390//3390 3422//3422 
f 3424//3424 3392//3392 3391//3391 
f 3424//3424 3391//3391 3423//3423 
f 3425//3425 3393//3393 3392//3392 
f 3425//3425 3392//3392 3424//3424 
f 3426//3426 3394//3394 3393//3393 
f 3426//3426 3393//3393 3425//3425 
f 3427//3427 3395//3395 3394//3394 
f 3427//3427 3394//3394 3426//3426 
f 3428//3428 3396//3396 3395//3395 
f 3428//3428 3395//3395 3427//3427 
f 3429//3429 3397//3397 3396//3396 
f 3429//3429 3396//3396 3428//3428 
f 3430//3430 3398//3398 3397//3397 
f 3430//3430 3397//3397 3429//3429 
f 3400//3400 3368//3368 3398//3398 
f 3400//3400 3398//3398 3430//3430 
f 3431//3431 3399//3399 3400//3400 
f 3431//3431 3400//3400 3432//3432 
f 3433//3433 3401//3401 3399//3399 
f 3433//3433 3399//3399 3431//3431 
f 3434//3434 3402//3402 3401//3401 
f 3434//3434 3401//3401 3433//3433 
f 3435//3435 3403//3403 3402//3402 
f 3435//3435 3402//3402 3434//3434 
f 3436//3436 3404//3404 3403//3403 
f 3436//3436 3403//3403 3435//3435 
f 3437//3437 3405//3405 3404//3404 
f 3437//3437 3404//3404 3436//3436 
f 3438//3438 3406//3406 3405//3405 
f 3438//3438 3405//3405 3437//3437 
f 3439//3439 3407//3407 3406//3406 
f 3439//3439 3406//3406 3438//3438 
f 3440//3440 3408//3408 3407//3407 
f 3440//3440 3407//3407 3439//3439 
f 3441//3441 3409//3409 3408//3408 
f 3441//3441 3408//3408 3440//3440 
f 3442//3442 3410//3410 3409//3409 
f 3442//3442 3409//3409 3441//3441 
f 3443//3443 3411//3411 3410//3410 
f 3443//3443 3410//3410 3442//3442 
f 3444//3444 3412//3412 3411//3411 
f 3444//3444 3411//3411 3443//3443 
f 3445//3445 3413//3413 3412//3412 
f 3445//3445 3412//3412 3444//3444 
f 3446//3446 3414//3414 3413//3413 
f 3446//3446 3413//3413 3445//3445 
f 3447//3447 3415//3415 3414//3414 
f 3447//3447 3414//3414 3446//3446 
f 3448//3448 3416//3416 3415//3415 
f 3448//3448 3415//3415 3447//3447 
f 3449//3449 3417//3417 3416//3416 
f 3449//3449 3416//3416 3448//3448 
f 3450//3450 3418//3418 3417//3417 
f 3450//3450 3417//3417 3449//3449 
f 3451//3451 3419//3419 3418//3418 
f 3451//3451 3418//3418 3450//3450 
f 3452//3452 3420//3420 3419//3419 
f 3452//3452 3419//3419 3451//3451 
f 3453//3453 3421//3421 3420//3420 
f 3453//3453 3420//3420 3452//3452 
f 3454//3454 3422//3422 3421//3421 
f 3454//3454 3421//3421 3453//3453 
f 3455//3455 3423//3423 3422//3422 
f 3455//3455 3422//3422 3454//3454 
f 3456//3456 3424//3424 3423//3423 
f 3456//3456 3423//3423 3455//3455 
f 3457//3457 3425//3425 3424//3424 
f 3457//3457 3424//3424 3456//3456 
f 3458//3458 3426//3426 3425//3425 
f 3458//3458 3425//3425 3457//3457 
f 3459//3459 3427//3427 3426//3426 
f 3459//3459 3426//3426 3458//3458 
f 3460//3460 3428//3428 3427//3427 
f 3460//3460 3427//3427 3459//3459 
f 3461//3461 3429//3429 3428//3428 
f 3461//3461 3428//3428 3460//3460 
f 3462//3462 3430//3430 3429//3429 
f 3462//3462 3429//3429 3461//3461 
f 3432//3432 3400//3400 3430//3430 
f 3432//3432 3430//3430 3462//3462 
f 3463//3463 3431//3431 3432//3432 
f 3463//3463 3432//3432 3464//3464 
f 3465//3465 3433//3433 3431//3431 
f 3465//3465 3431//3431 3463//3463 
f 3466//3466 3434//3434 3433//3433 
f 3466//3466 3433//3433 3465//3465 
f 3467//3467 3435//3435 3434//3434 
f 3467//3467 3434//3434 3466//3466 
f 3468//3468 3436//3436 3435//3435 
f 3468//3468 3435//3435 3467//3467 
f 3469//3469 3437//3437 3436//3436 
f 3469//3469 3436//3436 3468//3468 
f 3470//3470 3438//3438 3437//3437 
f 3470//3470 3437//3437 3469//3469 
f 3471//3471 3439//3439 3438//3438 
f 3471//3471 3438//3438 3470//3470 
f 3472//3472 3440//3440 3439//3439 
f 3472//3472 3439//3439 3471//3471 
f 3473//3473 3441//3441 3440//3440 
f 3473//3473 3440//3440 3472//3472 
f 3474//3474 3442//3442 3441//3441 
f 3474//3474 3441//3441 3473//3473 
f 3475//3475 3443//3443 3442//3442 
f 3475//3475 3442//3442 3474//3474 
f 3476//3476 3444//3444 3443//3443 
f 3476//3476 3443//3443 3475//3475 
f 3477//3477 3445//3445 3444//3444 
f 3477//3477 3444//3444 3476//3476 
f 3478//3478 3446//3446 3445//3445 
f 3478//3478 3445//3445 3477//3477 
f 3479//3479 3447//3447 3446//3446 
f 3479//3479 3446//3446 3478//3478 
f 3480//3480 3448//3448 3447//3447 
f 3480//3480 3447//3447 3479//3479 
f 3481//3481 3449//3449 3448//3448 
f 3481//3481 3448//3448 3480//3480 
f 3482//3482 3450//3450 3449//3449 
f 3482//3482 3449//3449 3481//3481 
f 3483//3483 3451//3451 3450//3450 
f 3483//3483 3450//3450 3482//3482 
f 3484//3484 3452//3452 3451//3451 
f 3484//3484 3451//3451 3483//3483 
f 3485//3485 3453//3453 3452//3452 
f 3485//3485 3452//3452 3484//3484 
f 3486//3486 3454//3454 3453//3453 
f 3486//3486 3453//3453 3485//3485 
f 3487//3487 3455//3455 3454//3454 
f 3487//3487 3454//3454 3486//3486 
f 3488//3488 3456//3456 3455//3455 
f 3488//3488 3455//3455 3487//3487 
f 3489//3489 3457//3457 3456//3456 
f 3489//3489 3456//3456 3488//3488 
f 3490//3490 3458//3458 3457//3457 
f 3490//3490 3457//3457 3489//3489 
f 3491//3491 3459//3459 3458//3458 
f 3491//3491 3458//3458 3490//3490 
f 3492//3492 3460//3460 3459//3459 
f 3492//3492 3459//3459 3491//3491 
f 3493//3493 3461//3461 3460//3460 
f 3493//3493 3460//3460 3492//3492 
f 3494//3494 3462//3462 3461//3461 
f 3494//3494 3461//3461 3493//3493 
f 3464//3464 3432//3432 3462//3462 
f 3464//3464 3462//3462 3494//3494 
f 3495//3495 3463//3463 3464//3464 
f 3495//3495 3464//3464 3496//3496 
f 3497//3497 3465//3465 3463//3463 
f 3497//3497 3463//3463 3495//3495 
f 3498//3498 3466//3466 3465//3465 
f 3498//3498 3465//3465 3497//3497 
f 3499//3499 3467//3467 3466//3466 
f 3499//3499 3466//3466 3498//3498 
f 3500//3500 3468//3468 3467//3467 
f 3500//3500 3467//3467 3499//3499 
f 3501//3501 3469//3469 3468//3468 
f 3501//3501 3468//3468 3500//3500 
f 3502//3502 3470//3470 3469//3469 
f 3502//3502 3469//3469 3501//3501 
f 3503//3503 3471//3471 3470//3470 
f 3503//3503 3470//3470 3502//3502 
f 3504//3504 3472//3472 3471//3471 
f 3504//3504 3471//3471 3503//3503 
f 3505//3505 3473//3473 3472//3472 
f 3505//3505 3472//3472 3504//3504 
f 3506//3506 3474//3474 3473//3473 
f 3506//3506 3473//3473 3505//3505 
f 3507//3507 3475//3475 3474//3474 
f 3507//3507 3474//3474 3506//3506 
f 3508//3508 3476//3476 3475//3475 
f 3508//3508 3475//3475 3507//3507 
f 3509//3509 3477//3477 3476//3476 
f 3509//3509 3476//3476 3508//3508 
f 3510//3510 3478//3478 3477//3477 
f 3510//3510 3477//3477 3509//3509 
f 3511//3511 3479//3479 3478//3478 
f 3511//3511 3478//3478 3510//3510 
f 3512//3512 3480//3480 3479//3479 
f 3512//3512 3479//3479 3511//3511 
f 3513//3513 3481//3481 3480//3480 
f 3513//3513 3480//3480 3512//3512 
f 3514//3514 3482//3482 3481//3481 
f 3514//3514 3481//3481 3513//3513 
f 3515//3515 3483//3483 3482//3482 
f 3515//3515 3482//3482 3514//3514 
f 3516//3516 3484//3484 3483//3483 
f 3516//3516 3483//3483 3515//3515 
f 3517//3517 3485//3485 3484//3484 
f 3517//3517 3484//3484 3516//3516 
f 3518//3518 3486//3486 3485//3485 
f 3518//3518 3485//3485 3517//3517 
f 3519//3519 3487//3487 3486//3486 
f 3519//3519 3486//3486 3518//3518 
f 3520//3520 3488//3488 3487//3487 
f 3520//3520 3487//3487 3519//3519 
f 3521//3521 3489//3489 3488//3488 
f 3521//3521 3488//3488 3520//3520 
f 3522//3522 3490//3490 3489//3489 
f 3522//3522 3489//3489 3521//3521 
f 3523//3523 3491//3491 3490//3490 
f 3523//3523 3490//3490 3522//3522 
f 3524//3524 3492//3492 3491//3491 
f 3524//3524 3491//3491 3523//3523 
f 3525//3525 3493//3493 3492//3492 
f 3525//3525 3492//3492 3524//3524 
f 3526//3526 3494//3494 3493//3493 
f 3526//3526 3493//3493 3525//3525 
f 3496//3496 3464//3464 3494//3494 
f 3496//3496 3494//3494 3526//3526 
f 3527//3527 3495//3495 3496//3496 
f 3527//3527 3496//3496 3528//3528 
f 3529//3529 3497//3497 3495//3495 
f 3529//3529 3495//3495 3527//3527 
f 3530//3530 3498//3498 3497//3497 
f 3530//3530 3497//3497 3529//3529 
f 3531//3531 3499//3499 3498//3498 
f 3531//3531 3498//3498 3530//3530 
f 3532//3532 3500//3500 3499//3499 
f 3532//3532 3499//3499 3531//3531 
f 3533//3533 3501//3501 3500//3500 
f 3533//3533 3500//3500 3532//3532 
f 3534//3534 3502//3502 3501//3501 
f 3534//3534 3501//3501 3533//3533 
f 3535//3535 3503//3503 3502//3502 
f 3535//3535 3502//3502 3534//3534 
f 3536//3536 3504//3504 3503//3503 
f 3536//3536 3503//3503 3535//3535 
f 3537//3537 3505//3505 3504//3504 
f 3537//3537 3504//3504 3536//3536 
f 3538//3538 3506//3506 3505//3505 
f 3538//3538 3505//3505 3537//3537 
f 3539//3539 3507//3507 3506//3506 
f 3539//3539 3506//3506 3538//3538 
f 3540//3540 3508//3508 3507//3507 
f 3540//3540 3507//3507 3539//3539 
f 3541//3541 3509//3509 3508//3508 
f 3541//3541 3508//3508 3540//3540 
f 3542//3542 3510//3510 3509//3509 
f 3542//3542 3509//3509 3541//3541 
f 3543//3543 3511//3511 3510//3510 
f 3543//3543 3510//3510 3542//3542 
f 3544//3544 3512//3512 3511//3511 
f 3544//3544 3511//3511 3543//3543 
f 3545//3545 3513//3513 3512//3512 
f 3545//3545 3512//3512 3544//3544 
f 3546//3546 3514//3514 3513//3513 
f 3546//3546 3513//3513 3545//3545 
f 3547//3547 3515//3515 3514//3514 
f 3547//3547 3514//3514 3546//3546 
f 3548//3548 3516//3516 3515//3515 
f 3548//3548 3515//3515 3547//3547 
f 3549//3549 3517//3517 3516//3516 
f 3549//3549 3516//3516 3548//3548 
f 3550//3550 3518//3518 3517//3517 
f 3550//3550 3517//3517 3549//3549 
f 3551//3551 3519//3519 3518//3518 
f 3551//3551 3518//3518 3550//3550 
f 3552//3552 3520//3520 3519//3519 
f 3552//3552 3519//3519 3551//3551 
f 3553//3553 3521//3521 3520//3520 
f 3553//3553 3520//3520 3552//3552 
f 3554//3554 3522//3522 3521//3521 
f 3554//3554 3521//3521 3553//3553 
f 3555//3555 3523//3523 3522//3522 
f 3555//3555 3522//3522 3554//3554 
f 3556//3556 3524//3524 3523//3523 
f 3556//3556 3523//3523 3555//3555 
f 3557//3557 3525//3525 3524//3524 
f 3557//3557 3524//3524 3556//3556 
f 3558//3558 3526//3526 3525//3525 
f 3558//3558 3525//3525 3557//3557 
f 3528//3528 3496//3496 3526//3526 
f 3528//3528 3526//3526 3558//3558 
f 3559//3559 3527//3527 3528//3528 
f 3559//3559 3528//3528 3560//3560 
f 3561//3561 3529//3529 3527//3527 
f 3561//3561 3527//3527 3559//3559 
f 3562//3562 3530//3530 3529//3529 
f 3562//3562 3529//3529 3561//3561 
f 3563//3563 3531//3531 3530//3530 
f 3563//3563 3530//3530 3562//3562 
f 3564//3564 3532//3532 3531//3531 
f 3564//3564 3531//3531 3563//3563 
f 3565//3565 3533//3533 3532//3532 
f 3565//3565 3532//3532 3564//3564 
f 3566//3566 3534//3534 3533//3533 
f 3566//3566 3533//3533 3565//3565 
f 3567//3567 3535//3535 3534//3534 
f 3567//3567 3534//3534 3566//3566 
f 3568//3568 3536//3536 3535//3535 
f 3568//3568 3535//3535 3567//3567 
f 3569//3569 3537//3537 3536//3536 
f 3569//3569 3536//3536 3568//3568 
f 3570//3570 3538//3538 3537//3537 
f 3570//3570 3537//3537 3569//3569 
f 3571//3571 3539//3539 3538//3538 
f 3571//3571 3538//3538 3570//3570 
f 3572//3572 3540//3540 3539//3539 
f 3572//3572 3539//3539 3571//3571 
f 3573//3573 3541//3541 3540//3540 
f 3573//3573 3540//3540 3572//3572 
f 3574//3574 3542//3542 3541//3541 
f 3574//3574 3541//3541 3573//3573 
f 3575//3575 3543//3543 3542//3542 
f 3575//3575 3542//3542 3574//3574 
f 3576//3576 3544//3544 3543//3543 
f 3576//3576 3543//3543 3575//3575 
f 3577//3577 3545//3545 3544//3544 
f 3577//3577 3544//3544 3576//3576 
f 3578//3578 3546//3546 3545//3545 
f 3578//3578 3545//3545 3577//3577 
f 3579//3579 3547//3547 3546//3546 
f 3579//3579 3546//3546 3578//3578 
f 3580//3580 3548//3548 3547//3547 
f 3580//3580 3547//3547 3579//3579 
f 3581//3581 3549//3549 3548//3548 
f 3581//3581 3548//3548 3580//3580 
f 3582//3582 3550//3550 3549//3549 
f 3582//3582 3549//3549 3581//3581 
f 3583//3583 3551//3551 3550//3550 
f 3583//3583 3550//3550 3582//3582 
f 3584//3584 3552//3552 3551//3551 
f 3584//3584 3551//3551 3583//3583 
f 3585//3585 3553//3553 3552//3552 
f 3585//3585 3552//3552 3584//3584 
f 3586//3586 3554//3554 3553//3553 
f 3586//3586 3553//3553 3585//3585 
f 3587//3587 3555//3555 3554//3554 
f 3587//3587 3554//3554 3586//3586 
f 3588//3588 3556//3556 3555//3555 
f 3588//3588 3555//3555 3587//3587 
f 3589//3589 3557//3557 3556//3556 
f 3589//3589 3556//3556 3588//3588 
f 3590//3590 3558//3558 3557//3557 
f 3590//3590 3557//3557 3589//3589 
f 3560//3560 3528//3528 3558//3558 
f 3560//3560 3558//3558 3590//3590 
f 3591//3591 3559//3559 3560//3560 
f 3591//3591 3560//3560 3592//3592 
f 3593//3593 3561//3561 3559//3559 
f 3593//3593 3559//3559 3591//3591 
f 3594//3594 3562//3562 3561//3561 
f 3594//3594 3561//3561 3593//3593 
f 3595//3595 3563//3563 3562//3562 
f 3595//3595 3562//3562 3594//3594 
f 3596//3596 3564//3564 3563//3563 
f 3596//3596 3563//3563 3595//3595 
f 3597//3597 3565//3565 3564//3564 
f 3597//3597 3564//3564 3596//3596 
f 3598//3598 3566//3566 3565//3565 
f 3598//3598 3565//3565 3597//3597 
f 3599//3599 3567//3567 3566//3566 
f 3599//3599 3566//3566 3598//3598 
f 3600//3600 3568//3568 3567//3567 
f 3600//3600 3567//3567 3599//3599 
f 3601//3601 3569//3569 3568//3568 
f 3601//3601 3568//3568 3600//3600 
f 3602//3602 3570//3570 3569//3569 
f 3602//3602 3569//3569 3601//3601 
f 3603//3603 3571//3571 3570//3570 
f 3603//3603 3570//3570 3602//3602 
f 3604//3604 3572//3572 3571//3571 
f 3604//3604 3571//3571 3603//3603 
f 3605//3605 3573//3573 3572//3572 
f 3605//3605 3572//3572 3604//3604 
f 3606//3606 3574//3574 3573//3573 
f 3606//3606 3573//3573 3605//3605 
f 3607//3607 3575//3575 3574//3574 
f 3607//3607 3574//3574 3606//3606 
f 3608//3608 3576//3576 3575//3575 
f 3608//3608 3575//3575 3607//3607 
f 3609//3609 3577//3577 3576//3576 
f 3609//3609 3576//3576 3608//3608 
f 3610//3610 3578//3578 3577//3577 
f 3610//3610 3577//3577 3609//3609 
f 3611//3611 3579//3579 3578//3578 
f 3611//3611 3578//3578 3610//3610 
f 3612//3612 3580//3580 3579//3579 
f 3612//3612 3579//3579 3611//3611 
f 3613//3613 3581//3581 3580//3580 
f 3613//3613 3580//3580 3612//3612 
f 3614//3614 3582//3582 3581//3581 
f 3614//3614 3581//3581 3613//3613 
f 3615//3615 3583//3583 3582//3582 
f 3615//3615 3582//3582 3614//3614 
f 3616//3616 3584//3584 3583//3583 
f 3616//3616 3583//3583 3615//3615 
f 3617//3617 3585//3585 3584//3584 
f 3617//3617 3584//3584 3616//3616 
f 3618//3618 3586//3586 3585//3585 
f 3618//3618 3585//3585 3617//3617 
f 3619//3619 3587//3587 3586//3586 
f 3619//3619 3586//3586 3618//3618 
f 3620//3620 3588//3588 3587//3587 
f 3620//3620 3587//3587 3619//3619 
f 3621//3621 3589//3589 3588//3588 
f 3621//3621 3588//3588 3620//3620 
f 3622//3622 3590//3590 3589//3589 
f 3622//3622 3589//3589 3621//3621 
f 3592//3592 3560//3560 3590//3590 
f 3592//3592 3590//3590 3622//3622 
f 3623//3623 3591//3591 3592//3592 
f 3623//3623 3592//3592 3624//3624 
f 3625//3625 3593//3593 3591//3591 
f 3625//3625 3591//3591 3623//3623 
f 3626//3626 3594//3594 3593//3593 
f 3626//3626 3593//3593 3625//3625 
f 3627//3627 3595//3595 3594//3594 
f 3627//3627 3594//3594 3626//3626 
f 3628//3628 3596//3596 3595//3595 
f 3628//3628 3595//3595 3627//3627 
f 3629//3629 3597//3597 3596//3596 
f 3629//3629 3596//3596 3628//3628 
f 3630//3630 3598//3598 3597//3597 
f 3630//3630 3597//3597 3629//3629 
f 3631//3631 3599//3599 3598//3598 
f 3631//3631 3598//3598 3630//3630 
f 3632//3632 3600//3600 3599//3599 
f 3632//3632 3599//3599 3631//3631 
f 3633//3633 3601//3601 3600//3600 
f 3633//3633 3600//3600 3632//3632 
f 3634//3634 3602//3602 3601//3601 
f 3634//3634 3601//3601 3633//3633 
f 3635//3635 3603//3603 3602//3602 
f 3635//3635 3602//3602 3634//3634 
f 3636//3636 3604//3604 3603//3603 
f 3636//3636 3603//3603 3635//3635 
f 3637//3637 3605//3605 3604//3604 
f 3637//3637 3604//3604 3636//3636 
f 3638//3638 3606//3606 3605//3605 
f 3638//3638 3605//3605 3637//3637 
f 3639//3639 3607//3607 3606//3606 
f 3639//3639 3606//3606 3638//3638 
f 3640//3640 3608//3608 3607//3607 
f 3640//3640 3607//3607 3639//3639 
f 3641//3641 3609//3609 3608//3608 
f 3641//3641 3608//3608 3640//3640 
f 3642//3642 3610//3610 3609//3609 
f 3642//3642 3609//3609 3641//3641 
f 3643//3643 3611//3611 3610//3610 
f 3643//3643 3610//3610 3642//3642 
f 3644//3644 3612//3612 3611//3611 
f 3644//3644 3611//3611 3643//3643 
f 3645//3645 3613//3613 3612//3612 
f 3645//3645 3612//3612 3644//3644 
f 3646//3646 3614//3614 3613//3613 
f 3646//3646 3613//3613 3645//3645 
f 3647//3647 3615//3615 3614//3614 
f 3647//3647 3614//3614 3646//3646 
f 3648//3648 3616//3616 3615//3615 
f 3648//3648 3615//3615 3647//3647 
f 3649//3649 3617//3617 3616//3616 
f 3649//3649 3616//3616 3648//3648 
f 3650//3650 3618//3618 3617//3617 
f 3650//3650 3617//3617 3649//3649 
f 3651//3651 3619//3619 3618//3618 
f 3651//3651 3618//3618 3650//3650 
f 3652//3652 3620//3620 3619//3619 
f 3652//3652 3619//3619 3651//3651 
f 3653//3653 3621//3621 3620//3620 
f 3653//3653 3620//3620 3652//3652 
f 3654//3654 3622//3622 3621//3621 
f 3654//3654 3621//3621 3653//3653 
f 3624//3624 3592//3592 3622//3622 
f 3624//3624 3622//3622 3654//3654 
f 3655//3655 3623//3623 3624//3624 
f 3655//3655 3624//3624 3656//3656 
f 3657//3657 3625//3625 3623//3623 
f 3657//3657 3623//3623 3655//3655 
f 3658//3658 3626//3626 3625//3625 
f 3658//3658 3625//3625 3657//3657 
f 3659//3659 3627//3627 3626//3626 
f 3659//3659 3626//3626 3658//3658 
f 3660//3660 3628//3628 3627//3627 
f 3660//3660 3627//3627 3659//3659 
f 3661//3661 3629//3629 3628//3628 
f 3661//3661 3628//3628 3660//3660 
f 3662//3662 3630//3630 3629//3629 
f 3662//3662 3629//3629 3661//3661 
f 3663//3663 3631//3631 3630//3630 
f 3663//3663 3630//3630 3662//3662 
f 3664//3664 3632//3632 3631//3631 
f 3664//3664 3631//3631 3663//3663 
f 3665//3665 3633//3633 3632//3632 
f 3665//3665 3632//3632 3664//3664 
f 3666//3666 3634//3634 3633//3633 
f 3666//3666 3633//3633 3665//3665 
f 3667//3667 3635//3635 3634//3634 
f 3667//3667 3634//3634 3666//3666 
f 3668//3668 3636//3636 3635//3635 
f 3668//3668 3635//3635 3667//3667 
f 3669//3669 3637//3637 3636//3636 
f 3669//3669 3636//3636 3668//3668 
f 3670//3670 3638//3638 3637//3637 
f 3670//3670 3637//3637 3669//3669 
f 3671//3671 3639//3639 3638//3638 
f 3671//3671 3638//3638 3670//3670 
f 3672//3672 3640//3640 3639//3639 
f 3672//3672 3639//3639 3671//3671 
f 3673//3673 3641//3641 3640//3640 
f 3673//3673 3640//3640 3672//3672 
f 3674//3674 3642//3642 3641//3641 
f 3674//3674 3641//3641 3673//3673 
f 3675//3675 3643//3643 3642//3642 
f 3675//3675 3642//3642 3674//3674 
f 3676//3676 3644//3644 3643//3643 
f 3676//3676 3643//3643 3675//3675 
f 3677//3677 3645//3645 3644//3644 
f 3677//3677 3644//3644 3676//3676 
f 3678//3678 3646//3646 3645//3645 
f 3678//3678 3645//3645 3677//3677 
f 3679//3679 3647//3647 3646//3646 
f 3679//3679 3646//3646 3678//3678 
f 3680//3680 3648//3648 3647//3647 
f 3680//3680 3647//3647 3679//3679 
f 3681//3681 3649//3649 3648//3648 
f 3681//3681 3648//3648 3680//3680 
f 3682//3682 3650//3650 3649//3649 
f 3682//3682 3649//3649 3681//3681 
f 3683//3683 3651//3651 3650//3650 
f 3683//3683 3650//3650 3682//3682 
f 3684//3684 3652//3652 3651//3651 
f 3684//3684 3651//3651 3683//3683 
f 3685//3685 3653//3653 3652//3652 
f 3685//3685 3652//3652 3684//3684 
f 3686//3686 3654//3654 3653//3653 
f 3686//3686 3653//3653 3685//3685 
f 3656//3656 3624//3624 3654//3654 
f 3656//3656 3654//3654 3686//3686 
f 3687//3687 3655//3655 3656//3656 
f 3687//3687 3656//3656 3688//3688 
f 3689//3689 3657//3657 3655//3655 
f 3689//3689 3655//3655 3687//3687 
f 3690//3690 3658//3658 3657//3657 
f 3690//3690 3657//3657 3689//3689 
f 3691//3691 3659//3659 3658//3658 
f 3691//3691 3658//3658 3690//3690 
f 3692//3692 3660//3660 3659//3659 
f 3692//3692 3659//3659 3691//3691 
f 3693//3693 3661//3661 3660//3660 
f 3693//3693 3660//3660 3692//3692 
f 3694//3694 3662//3662 3661//3661 
f 3694//3694 3661//3661 3693//3693 
f 3695//3695 3663//3663 3662//3662 
f 3695//3695 3662//3662 3694//3694 
f 3696//3696 3664//3664 3663//3663 
f 3696//3696 3663//3663 3695//3695 
f 3697//3697 3665//3665 3664//3664 
f 3697//3697 3664//3664 3696//3696 
f 3698//3698 3666//3666 3665//3665 
f 3698//3698 3665//3665 3697//3697 
f 3699//3699 3667//3667 3666//3666 
f 3699//3699 3666//3666 3698//3698 
f 3700//3700 3668//3668 3667//3667 
f 3700//3700 3667//3667 3699//3699 
f 3701//3701 3669//3669 3668//3668 
f 3701//3701 3668//3668 3700//3700 
f 3702//3702 3670//3670 3669//3669 
f 3702//3702 3669//3669 3701//3701 
f 3703//3703 3671//3671 3670//3670 
f 3703//3703 3670//3670 3702//3702 
f 3704//3704 3672//3672 3671//3671 
f 3704//3704 3671//3671 3703//3703 
f 3705//3705 3673//3673 3672//3672 
f 3705//3705 3672//3672 3704//3704 
f 3706//3706 3674//3674 3673//3673 
f 3706//3706 3673//3673 3705//3705 
f 3707//3707 3675//3675 3674//3674 
f 3707//3707 3674//3674 3706//3706 
f 3708//3708 3676//3676 3675//3675 
f 3708//3708 3675//3675 3707//3707 
f 3709//3709 3677//3677 3676//3676 
f 3709//3709 3676//3676 3708//3708 
f 3710//3710 3678//3678 3677//3677 
f 3710//3710 3677//3677 3709//3709 
f 3711//3711 3679//3679 3678//3678 
f 3711//3711 3678//3678 3710//3710 
f 3712//3712 3680//3680 3679//3679 
f 3712//3712 3679//3679 3711//3711 
f 3713//3713 3681//3681 3680//3680 
f 3713//3713 3680//3680 3712//3712 
f 3714//3714 3682//3682 3681//3681 
f 3714//3714 3681//3681 3713//3713 
f 3715//3715 3683//3683 3682//3682 
f 3715//3715 3682//3682 3714//3714 
f 3716//3716 3684//3684 3683//3683 
f 3716//3716 3683//3683 3715//3715 
f 3717//3717 3685//3685 3684//3684 
f 3717//3717 3684//3684 3716//3716 
f 3718//3718 3686//3686 3685//3685 
f 3718//3718 3685//3685 3717//3717 
f 3688//3688 3656//3656 3686//3686 
f 3688//3688 3686//3686 3718//3718 
f 3719//3719 3687//3687 3688//3688 
f 3719//3719 3688//3688 3720//3720 
f 3721//3721 3689//3689 3687//3687 
f 3721//3721 3687//3687 3719//3719 
f 3722//3722 3690//3690 3689//3689 
f 3722//3722 3689//3689 3721//3721 
f 3723//3723 3691//3691 3690//3690 
f 3723//3723 3690//3690 3722//3722 
f 3724//3724 3692//3692 3691//3691 
f 3724//3724 3691//3691 3723//3723 
f 3725//3725 3693//3693 3692//3692 
f 3725//3725 3692//3692 3724//3724 
f 3726//3726 3694//3694 3693//3693 
f 3726//3726 3693//3693 3725//3725 
f 3727//3727 3695//3695 3694//3694 
f 3727//3727 3694//3694 3726//3726 
f 3728//3728 3696//3696 3695//3695 
f 3728//3728 3695//3695 3727//3727 
f 3729//3729 3697//3697 3696//3696 
f 3729//3729 3696//3696 3728//3728 
f 3730//3730 3698//3698 3697//3697 
f 3730//3730 3697//3697 3729//3729 
f 3731//3731 3699//3699 3698//3698 
f 3731//3731 3698//3698 3730//3730 
f 3732//3732 3700//3700 3699//3699 
f 3732//3732 3699//3699 3731//3731 
f 3733//3733 3701//3701 3700//3700 
f 3733//3733 3700//3700 3732//3732 
f 3734//3734 3702//3702 3701//3701 
f 3734//3734 3701//3701 3733//3733 
f 3735//3735 3703//3703 3702//3702 
f 3735//3735 3702//3702 3734//3734 
f 3736//3736 3704//3704 3703//3703 
f 3736//3736 3703//3703 3735//3735 
f 3737//3737 3705//3705 3704//3704 
f 3737//3737 3704//3704 3736//3736 
f 3738//3738 3706//3706 3705//3705 
f 3738//3738 3705//3705 3737//3737 
f 3739//3739 3707//3707 3706//3706 
f 3739//3739 3706//3706 3738//3738 
f 3740//3740 3708//3708 3707//3707 
f 3740//3740 3707//3707 3739//3739 
f 3741//3741 3709//3709 3708//3708 
f 3741//3741 3708//3708 3740//3740 
f 3742//3742 3710//3710 3709//3709 
f 3742//3742 3709//3709 3741//3741 
f 3743//3743 3711//3711 3710//3710 
f 3743//3743 3710//3710 3742//3742 
f 3744//3744 3712//3712 3711//3711 
f 3744//3744 3711//3711 3743//3743 
f 3745//3745 3713//3713 3712//3712 
f 3745//3745 3712//3712 3744//3744 
f 3746//3746 3714//3714 3713//3713 
f 3746//3746 3713//3713 3745//3745 
f 3747//3747 3715//3715 3714//3714 
f 3747//3747 3714//3714 3746//3746 
f 3748//3748 3716//3716 3715//3715 
f 3748//3748 3715//3715 3747//3747 
f 3749//3749 3717//3717 3716//3716 
f 3749//3749 3716//3716 3748//3748 
f 3750//3750 3718//3718 3717//3717 
f 3750//3750 3717//3717 3749//3749 
f 3720//3720 3688//3688 3718//3718 
f 3720//3720 3718//3718 3750//3750 
f 3751//3751 3719//3719 3720//3720 
f 3751//3751 3720//3720 3752//3752 
f 3753//3753 3721//3721 3719//3719 
f 3753//3753 3719//3719 3751//3751 
f 3754//3754 3722//3722 3721//3721 
f 3754//3754 3721//3721 3753//3753 
f 3755//3755 3723//3723 3722//3722 
f 3755//3755 3722//3722 3754//3754 
f 3756//3756 3724//3724 3723//3723 
f 3756//3756 3723//3723 3755//3755 
f 3757//3757 3725//3725 3724//3724 
f 3757//3757 3724//3724 3756//3756 
f 3758//3758 3726//3726 3725//3725 
f 3758//3758 3725//3725 3757//3757 
f 3759//3759 3727//3727 3726//3726 
f 3759//3759 3726//3726 3758//3758 
f 3760//3760 3728//3728 3727//3727 
f 3760//3760 3727//3727 3759//3759 
f 3761//3761 3729//3729 3728//3728 
f 3761//3761 3728//3728 3760//3760 
f 3762//3762 3730//3730 3729//3729 
f 3762//3762 3729//3729 3761//3761 
f 3763//3763 3731//3731 3730//3730 
f 3763//3763 3730//3730 3762//3762 
f 3764//3764 3732//3732 3731//3731 
f 3764//3764 3731//3731 3763//3763 
f 3765//3765 3733//3733 3732//3732 
f 3765//3765 3732//3732 3764//3764 
f 3766//3766 3734//3734 3733//3733 
f 3766//3766 3733//3733 3765//3765 
f 3767//3767 3735//3735 3734//3734 
f 3767//3767 3734//3734 3766//3766 
f 3768//3768 3736//3736 3735//3735 
f 3768//3768 3735//3735 3767//3767 
f 3769//3769 3737//3737 3736//3736 
f 3769//3769 3736//3736 3768//3768 
f 3770//3770 3738//3738 3737//3737 
f 3770//3770 3737//3737 3769//3769 
f 3771//3771 3739//3739 3738//3738 
f 3771//3771 3738//3738 3770//3770 
f 3772//3772 3740//3740 3739//3739 
f 3772//3772 3739//3739 3771//3771 
f 3773//3773 3741//3741 3740//3740 
f 3773//3773 3740//3740 3772//3772 
f 3774//3774 3742//3742 3741//3741 
f 3774//3774 3741//3741 3773//3773 
f 3775//3775 3743//3743 3742//3742 
f 3775//3775 3742//3742 3774//3774 
f 3776//3776 3744//3744 3743//3743 
f 3776//3776 3743//3743 3775//3775 
f 3777//3777 3745//3745 3744//3744 
f 3777//3777 3744//3744 3776//3776 
f 3778//3778 3746//3746 3745//3745 
f 3778//3778 3745//3745 3777//3777 
f 3779//3779 3747//3747 3746//3746 
f 3779//3779 3746//3746 3778//3778 
f 3780//3780 3748//3748 3747//3747 
f 3780//3780 3747//3747 3779//3779 
f 3781//3781 3749//3749 3748//3748 
f 3781//3781 3748//3748 3780//3780 
f 3782//3782 3750//3750 3749//3749 
f 3782//3782 3749//3749 3781//3781 
f 3752//3752 3720//3720 3750//3750 
f 3752//3752 3750//3750 3782//3782 
f 3783//3783 3751//3751 3752//3752 
f 3783//3783 3752//3752 3784//3784 
f 3785//3785 3753//3753 3751//3751 
f 3785//3785 3751//3751 3783//3783 
f 3786//3786 3754//3754 3753//3753 
f 3786//3786 3753//3753 3785//3785 
f 3787//3787 3755//3755 3754//3754 
f 3787//3787 3754//3754 3786//3786 
f 3788//3788 3756//3756 3755//3755 
f 3788//3788 3755//3755 3787//3787 
f 3789//3789 3757//3757 3756//3756 
f 3789//3789 3756//3756 3788//3788 
f 3790//3790 3758//3758 3757//3757 
f 3790//3790 3757//3757 3789//3789 
f 3791//3791 3759//3759 3758//3758 
f 3791//3791 3758//3758 3790//3790 
f 3792//3792 3760//3760 3759//3759 
f 3792//3792 3759//3759 3791//3791 
f 3793//3793 3761//3761 3760//3760 
f 3793//3793 3760//3760 3792//3792 
f 3794//3794 3762//3762 3761//3761 
f 3794//3794 3761//3761 3793//3793 
f 3795//3795 3763//3763 3762//3762 
f 3795//3795 3762//3762 3794//3794 
f 3796//3796 3764//3764 3763//3763 
f 3796//3796 3763//3763 3795//3795 
f 3797//3797 3765//3765 3764//3764 
f 3797//3797 3764//3764 3796//3796 
f 3798//3798 3766//3766 3765//3765 
f 3798//3798 3765//3765 3797//3797 
f 3799//3799 3767//3767 3766//3766 
f 3799//3799 3766//3766 3798//3798 
f 3800//3800 3768//3768 3767//3767 
f 3800//3800 3767//3767 3799//3799 
f 3801//3801 3769//3769 3768//3768 
f 3801//3801 3768//3768 3800//3800 
f 3802//3802 3770//3770 3769//3769 
f 3802//3802 3769//3769 3801//3801 
f 3803//3803 3771//3771 3770//3770 
f 3803//3803 3770//3770 3802//3802 
f 3804//3804 3772//3772 3771//3771 
f 3804//3804 3771//3771 3803//3803 
f 3805//3805 3773//3773 3772//3772 
f 3805//3805 3772//3772 3804//3804 
f 3806//3806 3774//3774 3773//3773 
f 3806//3806 3773//3773 3805//3805 
f 3807//3807 3775//3775 3774//3774 
f 3807//3807 3774//3774 3806//3806 
f 3808//3808 3776//3776 3775//3775 
f 3808//3808 3775//3775 3807//3807 
f 3809//3809 3777//3777 3776//3776 
f 3809//3809 3776//3776 3808//3808 
f 3810//3810 3778//3778 3777//3777 
f 3810//3810 3777//3777 3809//3809 
f 3811//3811 3779//3779 3778//3778 
f 3811//3811 3778//3778 3810//3810 
f 3812//3812 3780//3780 3779//3779 
f 3812//3812 3779//3779 3811//3811 
f 3813//3813 3781//3781 3780//3780 
f 3813//3813 3780//3780 3812//3812 
f 3814//3814 3782//3782 3781//3781 
f 3814//3814 3781//3781 3813//3813 
f 3784//3784 3752//3752 3782//3782 
f 3784//3784 3782//3782 3814//3814 
f 3815//3815 3783//3783 3784//3784 
f 3815//3815 3784//3784 3816//3816 
f 3817//3817 3785//3785 3783//3783 
f 3817//3817 3783//3783 3815//3815 
f 3818//3818 3786//3786 3785//3785 
f 3818//3818 3785//3785 3817//3817 
f 3819//3819 3787//3787 3786//3786 
f 3819//3819 3786//3786 3818//3818 
f 3820//3820 3788//3788 3787//3787 
f 3820//3820 3787//3787 3819//3819 
f 3821//3821 3789//3789 3788//3788 
f 3821//3821 3788//3788 3820//3820 
f 3822//3822 3790//3790 3789//3789 
f 3822//3822 3789//3789 3821//3821 
f 3823//3823 3791//3791 3790//3790 
f 3823//3823 3790//3790 3822//3822 
f 3824//3824 3792//3792 3791//3791 
f 3824//3824 3791//3791 3823//3823 
f 3825//3825 3793//3793 3792//3792 
f 3825//3825 3792//3792 3824//3824 
f 3826//3826 3794//3794 3793//3793 
f 3826//3826 3793//3793 3825//3825 
f 3827//3827 3795//3795 3794//3794 
f 3827//3827 3794//3794 3826//3826 
f 3828//3828 3796//3796 3795//3795 
f 3828//3828 3795//3795 3827//3827 
f 3829//3829 3797//3797 3796//3796 
f 3829//3829 3796//3796 3828//3828 
f 3830//3830 3798//3798 3797//3797 
f 3830//3830 3797//3797 3829//3829 
f 3831//3831 3799//3799 3798//3798 
f 3831//3831 3798//3798 3830//3830 
f 3832//3832 3800//3800 3799//3799 
f 3832//3832 3799//3799 3831//3831 
f 3833//3833 3801//3801 3800//3800 
f 3833//3833 3800//3800 3832//3832 
f 3834//3834 3802//3802 3801//3801 
f 3834//3834 3801//3801 3833//3833 
f 3835//3835 3803//3803 3802//3802 
f 3835//3835 3802//3802 3834//3834 
f 3836//3836 3804//3804 3803//3803 
f 3836//3836 3803//3803 3835//3835 
f 3837//3837 3805//3805 3804//3804 
f 3837//3837 3804//3804 3836//3836 
f 3838//3838 3806//3806 3805//3805 
f 3838//3838 3805//3805 3837//3837 
f 3839//3839 3807//3807 3806//3806 
f 3839//3839 3806//3806 3838//3838 
f 3840//3840 3808//3808 3807//3807 
f 3840//3840 3807//3807 3839//3839 
f 3841//3841 3809//3809 3808//3808 
f 3841//3841 3808//3808 3840//3840 
f 3842//3842 3810//3810 3809//3809 
f 3842//3842 3809//3809 3841//3841 
f 3843//3843 3811//3811 3810//3810 
f 3843//3843 3810//3810 3842//3842 
f 3844//3844 3812//3812 3811//3811 
f 3844//3844 3811//3811 3843//3843 
f 3845//3845 3813//3813 3812//3812 
f 3845//3845 3812//3812 3844//3844 
f 3846//3846 3814//3814 3813//3813 
f 3846//3846 3813//3813 3845//3845 
f 3816//3816 3784//3784 3814//3814 
f 3816//3816 3814//3814 3846//3846 
f 3847//3847 3815//3815 3816//3816 
f 3847//3847 3816//3816 3848//3848 
f 3849//3849 3817//3817 3815//3815 
f 3849//3849 3815//3815 3847//3847 
f 3850//3850 3818//3818 3817//3817 
f 3850//3850 3817//3817 3849//3849 
f 3851//3851 3819//3819 3818//3818 
f 3851//3851 3818//3818 3850//3850 
f 3852//3852 3820//3820 3819//3819 
f 3852//3852 3819//3819 3851//3851 
f 3853//3853 3821//3821 3820//3820 
f 3853//3853 3820//3820 3852//3852 
f 3854//3854 3822//3822 3821//3821 
f 3854//3854 3821//3821 3853//3853 
f 3855//3855 3823//3823 3822//3822 
f 3855//3855 3822//3822 3854//3854 
f 3856//3856 3824//3824 3823//3823 
f 3856//3856 3823//3823 3855//3855 
f 3857//3857 3825//3825 3824//3824 
f 3857//3857 3824//3824 3856//3856 
f 3858//3858 3826//3826 3825//3825 
f 3858//3858 3825//3825 3857//3857 
f 3859//3859 3827//3827 3826//3826 
f 3859//3859 3826//3826 3858//3858 
f 3860//3860 3828//3828 3827//3827 
f 3860//3860 3827//3827 3859//3859 
f 3861//3861 3829//3829 3828//3828 
f 3861//3861 3828//3828 3860//3860 
f 3862//3862 3830//3830 3829//3829 
f 3862//3862 3829//3829 3861//3861 
f 3863//3863 3831//3831 3830//3830 
f 3863//3863 3830//3830 3862//3862 
f 3864//3864 3832//3832 3831//3831 
f 3864//3864 3831//3831 3863//3863 
f 3865//3865 3833//3833 3832//3832 
f 3865//3865 3832//3832 3864//3864 
f 3866//3866 3834//3834 3833//3833 
f 3866//3866 3833//3833 3865//3865 
f 3867//3867 3835//3835 3834//3834 
f 3867//3867 3834//3834 3866//3866 
f 3868//3868 3836//3836 3835//3835 
f 3868//3868 3835//3835 3867//3867 
f 3869//3869 3837//3837 3836//3836 
f 3869//3869 3836//3836 3868//3868 
f 3870//3870 3838//3838 3837//3837 
f 3870//3870 3837//3837 3869//3869 
f 3871//3871 3839//3839 3838//3838 
f 3871//3871 3838//3838 3870//3870 
f 3872//3872 3840//3840 3839//3839 
f 3872//3872 3839//3839 3871//3871 
f 3873//3873 3841//3841 3840//3840 
f 3873//3873 3840//3840 3872//3872 
f 3874//3874 3842//3842 3841//3841 
f 3874//3874 3841//3841 3873//3873 
f 3875//3875 3843//3843 3842//3842 
f 3875//3875 3842//3842 3874//3874 
f 3876//3876 3844//3844 3843//3843 
f 3876//3876 3843//3843 3875//3875 
f 3877//3877 3845//3845 3844//3844 
f 3877//3877 3844//3844 3876//3876 
f 3878//3878 3846//3846 3845//3845 
f 3878//3878 3845//3845 3877//3877 
f 3848//3848 3816//3816 3846//3846 
f 3848//3848 3846//3846 3878//3878 
f 3879//3879 3847//3847 3848//3848 
f 3879//3879 3848//3848 3880//3880 
f 3881//3881 3849//3849 3847//3847 
f 3881//3881 3847//3847 3879//3879 
f 3882//3882 3850//3850 3849//3849 
f 3882//3882 3849//3849 3881//3881 
f 3883//3883 3851//3851 3850//3850 
f 3883//3883 3850//3850 3882//3882 
f 3884//3884 3852//3852 3851//3851 
f 3884//3884 3851//3851 3883//3883 
f 3885//3885 3853//3853 3852//3852 
f 3885//3885 3852//3852 3884//3884 
f 3886//3886 3854//3854 3853//3853 
f 3886//3886 3853//3853 3885//3885 
f 3887//3887 3855//3855 3854//3854 
f 3887//3887 3854//3854 3886//3886 
f 3888//3888 3856//3856 3855//3855 
f 3888//3888 3855//3855 3887//3887 
f 3889//3889 3857//3857 3856//3856 
f 3889//3889 3856//3856 3888//3888 
f 3890//3890 3858//3858 3857//3857 
f 3890//3890 3857//3857 3889//3889 
f 3891//3891 3859//3859 3858//3858 
f 3891//3891 3858//3858 3890//3890 
f 3892//3892 3860//3860 3859//3859 
f 3892//3892 3859//3859 3891//3891 
f 3893//3893 3861//3861 3860//3860 
f 3893//3893 3860//3860 3892//3892 
f 3894//3894 3862//3862 3861//3861 
f 3894//3894 3861//3861 3893//3893 
f 3895//3895 3863//3863 3862//3862 
f 3895//3895 3862//3862 3894//3894 
f 3896//3896 3864//3864 3863//3863 
f 3896//3896 3863//3863 3895//3895 
f 3897//3897 3865//3865 3864//3864 
f 3897//3897 3864//3864 3896//3896 
f 3898//3898 3866//3866 3865//3865 
f 3898//3898 3865//3865 3897//3897 
f 3899//3899 3867//3867 3866//3866 
f 3899//3899 3866//3866 3898//3898 
f 3900//3900 3868//3868 3867//3867 
f 3900//3900 3867//3867 3899//3899 
f 3901//3901 3869//3869 3868//3868 
f 3901//3901 3868//3868 3900//3900 
f 3902//3902 3870//3870 3869//3869 
f 3902//3902 3869//3869 3901//3901 
f 3903//3903 3871//3871 3870//3870 
f 3903//3903 3870//3870 3902//3902 
f 3904//3904 3872//3872 3871//3871 
f 3904//3904 3871//3871 3903//3903 
f 3905//3905 3873//3873 3872//3872 
f 3905//3905 3872//3872 3904//3904 
f 3906//3906 3874//3874 3873//3873 
f 3906//3906 3873//3873 3905//3905 
f 3907//3907 3875//3875 3874//3874 
f 3907//3907 3874//3874 3906//3906 
f 3908//3908 3876//3876 3875//3875 
f 3908//3908 3875//3875 3907//3907 
f 3909//3909 3877//3877 3876//3876 
f 3909//3909 3876//3876 3908//3908 
f 3910//3910 3878//3878 3877//3877 
f 3910//3910 3877//3877 3909//3909 
f 3880//3880 3848//3848 3878//3878 
f 3880//3880 3878//3878 3910//3910 
f 3911//3911 3879//3879 3880//3880 
f 3911//3911 3880//3880 3912//3912 
f 3913//3913 3881//3881 3879//3879 
f 3913//3913 3879//3879 3911//3911 
f 3914//3914 3882//3882 3881//3881 
f 3914//3914 3881//3881 3913//3913 
f 3915//3915 3883//3883 3882//3882 
f 3915//3915 3882//3882 3914//3914 
f 3916//3916 3884//3884 3883//3883 
f 3916//3916 3883//3883 3915//3915 
f 3917//3917 3885//3885 3884//3884 
f 3917//3917 3884//3884 3916//3916 
f 3918//3918 3886//3886 3885//3885 
f 3918//3918 3885//3885 3917//3917 
f 3919//3919 3887//3887 3886//3886 
f 3919//3919 3886//3886 3918//3918 
f 3920//3920 3888//3888 3887//3887 
f 3920//3920 3887//3887 3919//3919 
f 3921//3921 3889//3889 3888//3888 
f 3921//3921 3888//3888 3920//3920 
f 3922//3922 3890//3890 3889//3889 
f 3922//3922 3889//3889 3921//3921 
f 3923//3923 3891//3891 3890//3890 
f 3923//3923 3890//3890 3922//3922 
f 3924//3924 3892//3892 3891//3891 
f 3924//3924 3891//3891 3923//3923 
f 3925//3925 3893//3893 3892//3892 
f 3925//3925 3892//3892 3924//3924 
f 3926//3926 3894//3894 3893//3893 
f 3926//3926 3893//3893 3925//3925 
f 3927//3927 3895//3895 3894//3894 
f 3927//3927 3894//3894 3926//3926 
f 3928//3928 3896//3896 3895//3895 
f 3928//3928 3895//3895 3927//3927 
f 3929//3929 3897//3897 3896//3896 
f 3929//3929 3896//3896 3928//3928 
f 3930//3930 3898//3898 3897//3897 
f 3930//3930 3897//3897 3929//3929 
f 3931//3931 3899//3899 3898//3898 
f 3931//3931 3898//3898 3930//3930 
f 3932//3932 3900//3900 3899//3899 
f 3932//3932 3899//3899 3931//3931 
f 3933//3933 3901//3901 3900//3900 
f 3933//3933 3900//3900 3932//3932 
f 3934//3934 3902//3902 3901//3901 
f 3934//3934 3901//3901 3933//3933 
f 3935//3935 3903//3903 3902//3902 
f 3935//3935 3902//3902 3934//3934 
f 3936//3936 3904//3904 3903//3903 
f 3936//3936 3903//3903 3935//3935 
f 3937//3937 3905//3905 3904//3904 
f 3937//3937 3904//3904 3936//3936 
f 3938//3938 3906//3906 3905//3905 
f 3938//3938 3905//3905 3937//3937 
f 3939//3939 3907//3907 3906//3906 
f 3939//3939 3906//3906 3938//3938 
f 3940//3940 3908//3908 3907//3907 
f 3940//3940 3907//3907 3939//3939 
f 3941//3941 3909//3909 3908//3908 
f 3941//3941 3908//3908 3940//3940 
f 3942//3942 3910//3910 3909//3909 
f 3942//3942 3909//3909 3941//3941 
f 3912//3912 3880//3880 3910//3910 
f 3912//3912 3910//3910 3942//3942 
f 3943//3943 3911//3911 3912//3912 
f 3943//3943 3912//3912 3944//3944 
f 3945//3945 3913//3913 3911//3911 
f 3945//3945 3911//3911 3943//3943 
f 3946//3946 3914//3914 3913//3913 
f 3946//3946 3913//3913 3945//3945 
f 3947//3947 3915//3915 3914//3914 
f 3947//3947 3914//3914 3946//3946 
f 3948//3948 3916//3916 3915//3915 
f 3948//3948 3915//3915 3947//3947 
f 3949//3949 3917//3917 3916//3916 
f 3949//3949 3916//3916 3948//3948 
f 3950//3950 3918//3918 3917//3917 
f 3950//3950 3917//3917 3949//3949 
f 3951//3951 3919//3919 3918//3918 
f 3951//3951 3918//3918 3950//3950 
f 3952//3952 3920//3920 3919//3919 
f 3952//3952 3919//3919 3951//3951 
f 3953//3953 3921//3921 3920//3920 
f 3953//3953 3920//3920 3952//3952 
f 3954//3954 3922//3922 3921//3921 
f 3954//3954 3921//3921 3953//3953 
f 3955//3955 3923//3923 3922//3922 
f 3955//3955 3922//3922 3954//3954 
f 3956//3956 3924//3924 3923//3923 
f 3956//3956 3923//3923 3955//3955 
f 3957//3957 3925//3925 3924//3924 
f 3957//3957 3924//3924 3956//3956 
f 3958//3958 3926//3926 3925//3925 
f 3958//3958 3925//3925 3957//3957 
f 3959//3959 3927//3927 3926//3926 
f 3959//3959 3926//3926 3958//3958 
f 3960//3960 3928//3928 3927//3927 
f 3960//3960 3927//3927 3959//3959 
f 3961//3961 3929//3929 3928//3928 
f 3961//3961 3928//3928 3960//3960 
f 3962//3962 3930//3930 3929//3929 
f 3962//3962 3929//3929 3961//3961 
f 3963//3963 3931//3931 3930//3930 
f 3963//3963 3930//3930 3962//3962 
f 3964//3964 3932//3932 3931//3931 
f 3964//3964 3931//3931 3963//3963 
f 3965//3965 3933//3933 3932//3932 
f 3965//3965 3932//3932 3964//3964 
f 3966//3966 3934//3934 3933//3933 
f 3966//3966 3933//3933 3965//3965 
f 3967//3967 3935//3935 3934//3934 
f 3967//3967 3934//3934 3966//3966 
f 3968//3968 3936//3936 3935//3935 
f 3968//3968 3935//3935 3967//3967 
f 3969//3969 3937//3937 3936//3936 
f 3969//3969 3936//3936 3968//3968 
f 3970//3970 3938//3938 3937//3937 
f 3970//3970 3937//3937 3969//3969 
f 3971//3971 3939//3939 3938//3938 
f 3971//3971 3938//3938 3970//3970 
f 3972//3972 3940//3940 3939//3939 
f 3972//3972 3939//3939 3971//3971 
f 3973//3973 3941//3941 3940//3940 
f 3973//3973 3940//3940 3972//3972 
f 3974//3974 3942//3942 3941//3941 
f 3974//3974 3941//3941 3973//3973 
f 3944//3944 3912//3912 3942//3942 
f 3944//3944 3942//3942 3974//3974 
f 3975//3975 3943//3943 3944//3944 
f 3975//3975 3944//3944 3976//3976 
f 3977//3977 3945//3945 3943//3943 
f 3977//3977 3943//3943 3975//3975 
f 3978//3978 3946//3946 3945//3945 
f 3978//3978 3945//3945 3977//3977 
f 3979//3979 3947//3947 3946//3946 
f 3979//3979 3946//3946 3978//3978 
f 3980//3980 3948//3948 3947//3947 
f 3980//3980 3947//3947 3979//3979 
f 3981//3981 3949//3949 3948//3948 
f 3981//3981 3948//3948 3980//3980 
f 3982//3982 3950//3950 3949//3949 
f 3982//3982 3949//3949 3981//3981 
f 3983//3983 3951//3951 3950//3950 
f 3983//3983 3950//3950 3982//3982 
f 3984//3984 3952//3952 3951//3951 
f 3984//3984 3951//3951 3983//3983 
f 3985//3985 3953//3953 3952//3952 
f 3985//3985 3952//3952 3984//3984 
f 3986//3986 3954//3954 3953//3953 
f 3986//3986 3953//3953 3985//3985 
f 3987//3987 3955//3955 3954//3954 
f 3987//3987 3954//3954 3986//3986 
f 3988//3988 3956//3956 3955//3955 
f 3988//3988 3955//3955 3987//3987 
f 3989//3989 3957//3957 3956//3956 
f 3989//3989 3956//3956 3988//3988 
f 3990//3990 3958//3958 3957//3957 
f 3990//3990 3957//3957 3989//3989 
f 3991//3991 3959//3959 3958//3958 
f 3991//3991 3958//3958 3990//3990 
f 3992//3992 3960//3960 3959//3959 
f 3992//3992 3959//3959 3991//3991 
f 3993//3993 3961//3961 3960//3960 
f 3993//3993 3960//3960 3992//3992 
f 3994//3994 3962//3962 3961//3961 
f 3994//3994 3961//3961 3993//3993 
f 3995//3995 3963//3963 3962//3962 
f 3995//3995 3962//3962 3994//3994 
f 3996//3996 3964//3964 3963//3963 
f 3996//3996 3963//3963 3995//3995 
f 3997//3997 3965//3965 3964//3964 
f 3997//3997 3964//3964 3996//3996 
f 3998//3998 3966//3966 3965//3965 
f 3998//3998 3965//3965 3997//3997 
f 3999//3999 3967//3967 3966//3966 
f 3999//3999 3966//3966 3998//3998 
f 4000//4000 3968//3968 3967//3967 
f 4000//4000 3967//3967 3999//3999 
f 4001//4001 3969//3969 3968//3968 
f 4001//4001 3968//3968 4000//4000 
f 4002//4002 3970//3970 3969//3969 
f 4002//4002 3969//3969 4001//4001 
f 4003//4003 3971//3971 3970//3970 
f 4003//4003 3970//3970 4002//4002 
f 4004//4004 3972//3972 3971//3971 
f 4004//4004 3971//3971 4003//4003 
f 4005//4005 3973//3973 3972//3972 
f 4005//4005 3972//3972 4004//4004 
f 4006//4006 3974//3974 3973//3973 
f 4006//4006 3973//3973 4005//4005 
f 3976//3976 3944//3944 3974//3974 
f 3976//3976 3974//3974 4006//4006 
f 4007//4007 3975//3975 3976//3976 
f 4007//4007 3976//3976 4008//4008 
f 4009//4009 3977//3977 3975//3975 
f 4009//4009 3975//3975 4007//4007 
f 4010//4010 3978//3978 3977//3977 
f 4010//4010 3977//3977 4009//4009 
f 4011//4011 3979//3979 3978//3978 
f 4011//4011 3978//3978 4010//4010 
f 4012//4012 3980//3980 3979//3979 
f 4012//4012 3979//3979 4011//4011 
f 4013//4013 3981//3981 3980//3980 
f 4013//4013 3980//3980 4012//4012 
f 4014//4014 3982//3982 3981//3981 
f 4014//4014 3981//3981 4013//4013 
f 4015//4015 3983//3983 3982//3982 
f 4015//4015 3982//3982 4014//4014 
f 4016//4016 3984//3984 3983//3983 
f 4016//4016 3983//3983 4015//4015 
f 4017//4017 3985//3985 3984//3984 
f 4017//4017 3984//3984 4016//4016 
f 4018//4018 3986//3986 3985//3985 
f 4018//4018 3985//3985 4017//4017 
f 4019//4019 3987//3987 3986//3986 
f 4019//4019 3986//3986 4018//4018 
f 4020//4020 3988//3988 3987//3987 
f 4020//4020 3987//3987 4019//4019 
f 4021//4021 3989//3989 3988//3988 
f 4021//4021 3988//3988 4020//4020 
f 4022//4022 3990//3990 3989//3989 
f 4022//4022 3989//3989 4021//4021 
f 4023//4023 3991//3991 3990//3990 
f 4023//4023 3990//3990 4022//4022 
f 4024//4024 3992//3992 3991//3991 
f 4024//4024 3991//3991 4023//4023 
f 4025//4025 3993//3993 3992//3992 
f 4025//4025 3992//3992 4024//4024 
f 4026//4026 3994//3994 3993//3993 
f 4026//4026 3993//3993 4025//4025 
f 4027//4027 3995//3995 3994//3994 
f 4027//4027 3994//3994 4026//4026 
f 4028//4028 3996//3996 3995//3995 
f 4028//4028 3995//3995 4027//4027 
f 4029//4029 3997//3997 3996//3996 
f 4029//4029 3996//3996 4028//4028 
f 4030//4030 3998//3998 3997//3997 
f 4030//4030 3997//3997 4029//4029 
f 4031//4031 3999//3999 3998//3998 
f 4031//4031 3998//3998 4030//4030 
f 4032//4032 4000//4000 3999//3999 
f 4032//4032 3999//3999 4031//4031 
f 4033//4033 4001//4001 4000//4000 
f 4033//4033 4000//4000 4032//4032 
f 4034//4034 4002//4002 4001//4001 
f 4034//4034 4001//4001 4033//4033 
f 4035//4035 4003//4003 4002//4002 
f 4035//4035 4002//4002 4034//4034 
f 4036//4036 4004//4004 4003//4003 
f 4036//4036 4003//4003 4035//4035 
f 4037//4037 4005//4005 4004//4004 
f 4037//4037 4004//4004 4036//4036 
f 4038//4038 4006//4006 4005//4005 
f 4038//4038 4005//4005 4037//4037 
f 4008//4008 3976//3976 4006//4006 
f 4008//4008 4006//4006 4038//4038 
f 4039//4039 4007//4007 4008//4008 
f 4039//4039 4008//4008 4040//4040 
f 4041//4041 4009//4009 4007//4007 
f 4041//4041 4007//4007 4039//4039 
f 4042//4042 4010//4010 4009//4009 
f 4042//4042 4009//4009 4041//4041 
f 4043//4043 4011//4011 4010//4010 
f 4043//4043 4010//4010 4042//4042 
f 4044//4044 4012//4012 4011//4011 
f 4044//4044 4011//4011 4043//4043 
f 4045//4045 4013//4013 4012//4012 
f 4045//4045 4012//4012 4044//4044 
f 4046//4046 4014//4014 4013//4013 
f 4046//4046 4013//4013 4045//4045 
f 4047//4047 4015//4015 4014//4014 
f 4047//4047 4014//4014 4046//4046 
f 4048//4048 4016//4016 4015//4015 
f 4048//4048 4015//4015 4047//4047 
f 4049//4049 4017//4017 4016//4016 
f 4049//4049 4016//4016 4048//4048 
f 4050//4050 4018//4018 4017//4017 
f 4050//4050 4017//4017 4049//4049 
f 4051//4051 4019//4019 4018//4018 
f 4051//4051 4018//4018 4050//4050 
f 4052//4052 4020//4020 4019//4019 
f 4052//4052 4019//4019 4051//4051 
f 4053//4053 4021//4021 4020//4020 
f 4053//4053 4020//4020 4052//4052 
f 4054//4054 4022//4022 4021//4021 
f 4054//4054 4021//4021 4053//4053 
f 4055//4055 4023//4023 4022//4022 
f 4055//4055 4022//4022 4054//4054 
f 4056//4056 4024//4024 4023//4023 
f 4056//4056 4023//4023 4055//4055 
f 4057//4057 4025//4025 4024//4024 
f 4057//4057 4024//4024 4056//4056 
f 4058//4058 4026//4026 4025//4025 
f 4058//4058 4025//4025 4057//4057 
f 4059//4059 4027//4027 4026//4026 
f 4059//4059 4026//4026 4058//4058 
f 4060//4060 4028//4028 4027//4027 
f 4060//4060 4027//4027 4059//4059 
f 4061//4061 4029//4029 4028//4028 
f 4061//4061 4028//4028 4060//4060 
f 4062//4062 4030//4030 4029//4029 
f 4062//4062 4029//4029 4061//4061 
f 4063//4063 4031//4031 4030//4030 
f 4063//4063 4030//4030 4062//4062 
f 4064//4064 4032//4032 4031//4031 
f 4064//4064 4031//4031 4063//4063 
f 4065//4065 4033//4033 4032//4032 
f 4065//4065 4032//4032 4064//4064 
f 4066//4066 4034//4034 4033//4033 
f 4066//4066 4033//4033 4065//4065 
f 4067//4067 4035//4035 4034//4034 
f 4067//4067 4034//4034 4066//4066 
f 4068//4068 4036//4036 4035//4035 
f 4068//4068 4035//4035 4067//4067 
f 4069//4069 4037//4037 4036//4036 
f 4069//4069 4036//4036 4068//4068 
f 4070//4070 4038//4038 4037//4037 
f 4070//4070 4037//4037 4069//4069 
f 4040//4040 4008//4008 4038//4038 
f 4040//4040 4038//4038 4070//4070 
f 4071//4071 4039//4039 4040//4040 
f 4071//4071 4040//4040 4072//4072 
f 4073//4073 4041//4041 4039//4039 
f 4073//4073 4039//4039 4071//4071 
f 4074//4074 4042//4042 4041//4041 
f 4074//4074 4041//4041 4073//4073 
f 4075//4075 4043//4043 4042//4042 
f 4075//4075 4042//4042 4074//4074 
f 4076//4076 4044//4044 4043//4043 
f 4076//4076 4043//4043 4075//4075 
f 4077//4077 4045//4045 4044//4044 
f 4077//4077 4044//4044 4076//4076 
f 4078//4078 4046//4046 4045//4045 
f 4078//4078 4045//4045 4077//4077 
f 4079//4079 4047//4047 4046//4046 
f 4079//4079 4046//4046 4078//4078 
f 4080//4080 4048//4048 4047//4047 
f 4080//4080 4047//4047 4079//4079 
f 4081//4081 4049//4049 4048//4048 
f 4081//4081 4048//4048 4080//4080 
f 4082//4082 4050//4050 4049//4049 
f 4082//4082 4049//4049 4081//4081 
f 4083//4083 4051//4051 4050//4050 
f 4083//4083 4050//4050 4082//4082 
f 4084//4084 4052//4052 4051//4051 
f 4084//4084 4051//4051 4083//4083 
f 4085//4085 4053//4053 4052//4052 
f 4085//4085 4052//4052 4084//4084 
f 4086//4086 4054//4054 4053//4053 
f 4086//4086 4053//4053 4085//4085 
f 4087//4087 4055//4055 4054//4054 
f 4087//4087 4054//4054 4086//4086 
f 4088//4088 4056//4056 4055//4055 
f 4088//4088 4055//4055 4087//4087 
f 4089//4089 4057//4057 4056//4056 
f 4089//4089 4056//4056 4088//4088 
f 4090//4090 4058//4058 4057//4057 
f 4090//4090 4057//4057 4089//4089 
f 4091//4091 4059//4059 4058//4058 
f 4091//4091 4058//4058 4090//4090 
f 4092//4092 4060//4060 4059//4059 
f 4092//4092 4059//4059 4091//4091 
f 4093//4093 4061//4061 4060//4060 
f 4093//4093 4060//4060 4092//4092 
f 4094//4094 4062//4062 4061//4061 
f 4094//4094 4061//4061 4093//4093 
f 4095//4095 4063//4063 4062//4062 
f 4095//4095 4062//4062 4094//4094 
f 4096//4096 4064//4064 4063//4063 
f 4096//4096 4063//4063 4095//4095 
f 4097//4097 4065//4065 4064//4064 
f 4097//4097 4064//4064 4096//4096 
f 4098//4098 4066//4066 4065//4065 
f 4098//4098 4065//4065 4097//4097 
f 4099//4099 4067//4067 4066//4066 
f 4099//4099 4066//4066 4098//4098 
f 4100//4100 4068//4068 4067//4067 
f 4100//4100 4067//4067 4099//4099 
f 4101//4101 4069//4069 4068//4068 
f 4101//4101 4068//4068 4100//4100 
f 4102//4102 4070//4070 4069//4069 
f 4102//4102 4069//4069 4101//4101 
f 4072//4072 4040//4040 4070//4070 
f 4072//4072 4070//4070 4102//4102 
f 4103//4103 4071//4071 4072//4072 
f 4103//4103 4072//4072 4104//4104 
f 4105//4105 4073//4073 4071//4071 
f 4105//4105 4071//4071 4103//4103 
f 4106//4106 4074//4074 4073//4073 
f 4106//4106 4073//4073 4105//4105 
f 4107//4107 4075//4075 4074//4074 
f 4107//4107 4074//4074 4106//4106 
f 4108//4108 4076//4076 4075//4075 
f 4108//4108 4075//4075 4107//4107 
f 4109//4109 4077//4077 4076//4076 
f 4109//4109 4076//4076 4108//4108 
f 4110//4110 4078//4078 4077//4077 
f 4110//4110 4077//4077 4109//4109 
f 4111//4111 4079//4079 4078//4078 
f 4111//4111 4078//4078 4110//4110 
f 4112//4112 4080//4080 4079//4079 
f 4112//4112 4079//4079 4111//4111 
f 4113//4113 4081//4081 4080//4080 
f 4113//4113 4080//4080 4112//4112 
f 4114//4114 4082//4082 4081//4081 
f 4114//4114 4081//4081 4113//4113 
f 4115//4115 4083//4083 4082//4082 
f 4115//4115 4082//4082 4114//4114 
f 4116//4116 4084//4084 4083//4083 
f 4116//4116 4083//4083 4115//4115 
f 4117//4117 4085//4085 4084//4084 
f 4117//4117 4084//4084 4116//4116 
f 4118//4118 4086//4086 4085//4085 
f 4118//4118 4085//4085 4117//4117 
f 4119//4119 4087//4087 4086//4086 
f 4119//4119 4086//4086 4118//4118 
f 4120//4120 4088//4088 4087//4087 
f 4120//4120 4087//4087 4119//4119 
f 4121//4121 4089//4089 4088//4088 
f 4121//4121 4088//4088 4120//4120 
f 4122//4122 4090//4090 4089//4089 
f 4122//4122 4089//4089 4121//4121 
f 4123//4123 4091//4091 4090//4090 
f 4123//4123 4090//4090 4122//4122 
f 4124//4124 4092//4092 4091//4091 
f 4124//4124 4091//4091 4123//4123 
f 4125//4125 4093//4093 4092//4092 
f 4125//4125 4092//4092 4124//4124 
f 4126//4126 4094//4094 4093//4093 
f 4126//4126 4093//4093 4125//4125 
f 4127//4127 4095//4095 4094//4094 
f 4127//4127 4094//4094 4126//4126 
f 4128//4128 4096//4096 4095//4095 
f 4128//4128 4095//4095 4127//4127 
f 4129//4129 4097//4097 4096//4096 
f 4129//4129 4096//4096 4128//4128 
f 4130//4130 4098//4098 4097//4097 
f 4130//4130 4097//4097 4129//4129 
f 4131//4131 4099//4099 4098//4098 
f 4131//4131 4098//4098 4130//4130 
f 4132//4132 4100//4100 4099//4099 
f 4132//4132 4099//4099 4131//4131 
f 4133//4133 4101//4101 4100//4100 
f 4133//4133 4100//4100 4132//4132 
f 4134//4134 4102//4102 4101//4101 
f 4134//4134 4101//4101 4133//4133 
f 4104//4104 4072//4072 4102//4102 
f 4104//4104 4102//4102 4134//4134 
f 4135//4135 4103//4103 4104//4104 
f 4135//4135 4104//4104 4136//4136 
f 4137//4137 4105//4105 4103//4103 
f 4137//4137 4103//4103 4135//4135 
f 4138//4138 4106//4106 4105//4105 
f 4138//4138 4105//4105 4137//4137 
f 4139//4139 4107//4107 4106//4106 
f 4139//4139 4106//4106 4138//4138 
f 4140//4140 4108//4108 4107//4107 
f 4140//4140 4107//4107 4139//4139 
f 4141//4141 4109//4109 4108//4108 
f 4141//4141 4108//4108 4140//4140 
f 4142//4142 4110//4110 4109//4109 
f 4142//4142 4109//4109 4141//4141 
f 4143//4143 4111//4111 4110//4110 
f 4143//4143 4110//4110 4142//4142 
f 4144//4144 4112//4112 4111//4111 
f 4144//4144 4111//4111 4143//4143 
f 4145//4145 4113//4113 4112//4112 
f 4145//4145 4112//4112 4144//4144 
f 4146//4146 4114//4114 4113//4113 
f 4146//4146 4113//4113 4145//4145 
f 4147//4147 4115//4115 4114//4114 
f 4147//4147 4114//4114 4146//4146 
f 4148//4148 4116//4116 4115//4115 
f 4148//4148 4115//4115 4147//4147 
f 4149//4149 4117//4117 4116//4116 
f 4149//4149 4116//4116 4148//4148 
f 4150//4150 4118//4118 4117//4117 
f 4150//4150 4117//4117 4149//4149 
f 4151//4151 4119//4119 4118//4118 
f 4151//4151 4118//4118 4150//4150 
f 4152//4152 4120//4120 4119//4119 
f 4152//4152 4119//4119 4151//4151 
f 4153//4153 4121//4121 4120//4120 
f 4153//4153 4120//4120 4152//4152 
f 4154//4154 4122//4122 4121//4121 
f 4154//4154 4121//4121 4153//4153 
f 4155//4155 4123//4123 4122//4122 
f 4155//4155 4122//4122 4154//4154 
f 4156//4156 4124//4124 4123//4123 
f 4156//4156 4123//4123 4155//4155 
f 4157//4157 4125//4125 4124//4124 
f 4157//4157 4124//4124 4156//4156 
f 4158//4158 4126//4126 4125//4125 
f 4158//4158 4125//4125 4157//4157 
f 4159//4159 4127//4127 4126//4126 
f 4159//4159 4126//4126 4158//4158 
f 4160//4160 4128//4128 4127//4127 
f 4160//4160 4127//4127 4159//4159 
f 4161//4161 4129//4129 4128//4128 
f 4161//4161 4128//4128 4160//4160 
f 4162//4162 4130//4130 4129//4129 
f 4162//4162 4129//4129 4161//4161 
f 4163//4163 4131//4131 4130//4130 
f 4163//4163 4130//4130 4162//4162 
f 4164//4164 4132//4132 4131//4131 
f 4164//4164 4131//4131 4163//4163 
f 4165//4165 4133//4133 4132//4132 
f 4165//4165 4132//4132 4164//4164 
f 4166//4166 4134//4134 4133//4133 
f 4166//4166 4133//4133 4165//4165 
f 4136//4136 4104//4104 4134//4134 
f 4136//4136 4134//4134 4166//4166 
f 4167//4167 4135//4135 4136//4136 
f 4167//4167 4136//4136 4168//4168 
f 4169//4169 4137//4137 4135//4135 
f 4169//4169 4135//4135 4167//4167 
f 4170//4170 4138//4138 4137//4137 
f 4170//4170 4137//4137 4169//4169 
f 4171//4171 4139//4139 4138//4138 
f 4171//4171 4138//4138 4170//4170 
f 4172//4172 4140//4140 4139//4139 
f 4172//4172 4139//4139 4171//4171 
f 4173//4173 4141//4141 4140//4140 
f 4173//4173 4140//4140 4172//4172 
f 4174//4174 4142//4142 4141//4141 
f 4174//4174 4141//4141 4173//4173 
f 4175//4175 4143//4143 4142//4142 
f 4175//4175 4142//4142 4174//4174 
f 4176//4176 4144//4144 4143//4143 
f 4176//4176 4143//4143 4175//4175 
f 4177//4177 4145//4145 4144//4144 
f 4177//4177 4144//4144 4176//4176 
f 4178//4178 4146//4146 4145//4145 
f 4178//4178 4145//4145 4177//4177 
f 4179//4179 4147//4147 4146//4146 
f 4179//4179 4146//4146 4178//4178 
f 4180//4180 4148//4148 4147//4147 
f 4180//4180 4147//4147 4179//4179 
f 4181//4181 4149//4149 4148//4148 
f 4181//4181 4148//4148 4180//4180 
f 4182//4182 4150//4150 4149//4149 
f 4182//4182 4149//4149 4181//4181 
f 4183//4183 4151//4151 4150//4150 
f 4183//4183 4150//4150 4182//4182 
f 4184//4184 4152//4152 4151//4151 
f 4184//4184 4151//4151 4183//4183 
f 4185//4185 4153//4153 4152//4152 
f 4185//4185 4152//4152 4184//4184 
f 4186//4186 4154//4154 4153//4153 
f 4186//4186 4153//4153 4185//4185 
f 4187//4187 4155//4155 4154//4154 
f 4187//4187 4154//4154 4186//4186 
f 4188//4188 4156//4156 4155//4155 
f 4188//4188 4155//4155 4187//4187 
f 4189//4189 4157//4157 4156//4156 
f 4189//4189 4156//4156 4188//4188 
f 4190//4190 4158//4158 4157//4157 
f 4190//4190 4157//4157 4189//4189 
f 4191//4191 4159//4159 4158//4158 
f 4191//4191 4158//4158 4190//4190 
f 4192//4192 4160//4160 4159//4159 
f 4192//4192 4159//4159 4191//4191 
f 4193//4193 4161//4161 4160//4160 
f 4193//4193 4160//4160 4192//4192 
f 4194//4194 4162//4162 4161//4161 
f 4194//4194 4161//4161 4193//4193 
f 4195//4195 4163//4163 4162//4162 
f 4195//4195 4162//4162 4194//4194 
f 4196//4196 4164//4164 4163//4163 
f 4196//4196 4163//4163 4195//4195 
f 4197//4197 4165//4165 4164//4164 
f 4197//4197 4164//4164 4196//4196 
f 4198//4198 4166//4166 4165//4165 
f 4198//4198 4165//4165 4197//4197 
f 4168//4168 4136//4136 4166//4166 
f 4168//4168 4166//4166 4198//4198 
f 4199//4199 4167//4167 4168//4168 
f 4199//4199 4168//4168 4200//4200 
f 4201//4201 4169//4169 4167//4167 
f 4201//4201 4167//4167 4199//4199 
f 4202//4202 4170//4170 4169//4169 
f 4202//4202 4169//4169 4201//4201 
f 4203//4203 4171//4171 4170//4170 
f 4203//4203 4170//4170 4202//4202 
f 4204//4204 4172//4172 4171//4171 
f 4204//4204 4171//4171 4203//4203 
f 4205//4205 4173//4173 4172//4172 
f 4205//4205 4172//4172 4204//4204 
f 4206//4206 4174//4174 4173//4173 
f 4206//4206 4173//4173 4205//4205 
f 4207//4207 4175//4175 4174//4174 
f 4207//4207 4174//4174 4206//4206 
f 4208//4208 4176//4176 4175//4175 
f 4208//4208 4175//4175 4207//4207 
f 4209//4209 4177//4177 4176//4176 
f 4209//4209 4176//4176 4208//4208 
f 4210//4210 4178//4178 4177//4177 
f 4210//4210 4177//4177 4209//4209 
f 4211//4211 4179//4179 4178//4178 
f 4211//4211 4178//4178 4210//4210 
f 4212//4212 4180//4180 4179//4179 
f 4212//4212 4179//4179 4211//4211 
f 4213//4213 4181//4181 4180//4180 
f 4213//4213 4180//4180 4212//4212 
f 4214//4214 4182//4182 4181//4181 
f 4214//4214 4181//4181 4213//4213 
f 4215//4215 4183//4183 4182//4182 
f 4215//4215 4182//4182 4214//4214 
f 4216//4216 4184//4184 4183//4183 
f 4216//4216 4183//4183 4215//4215 
f 4217//4217 4185//4185 4184//4184 
f 4217//4217 4184//4184 4216//4216 
f 4218//4218 4186//4186 4185//4185 
f 4218//4218 4185//4185 4217//4217 
f 4219//4219 4187//4187 4186//4186 
f 4219//4219 4186//4186 4218//4218 
f 4220//4220 4188//4188 4187//4187 
f 4220//4220 4187//4187 4219//4219 
f 4221//4221 4189//4189 4188//4188 
f 4221//4221 4188//4188 4220//4220 
f 4222//4222 4190//4190 4189//4189 
f 4222//4222 4189//4189 4221//4221 
f 4223//4223 4191//4191 4190//4190 
f 4223//4223 4190//4190 4222//4222 
f 4224//4224 4192//4192 4191//4191 
f 4224//4224 4191//4191 4223//4223 
f 4225//4225 4193//4193 4192//4192 
f 4225//4225 4192//4192 4224//4224 
f 4226//4226 4194//4194 4193//4193 
f 4226//4226 4193//4193 4225//4225 
f 4227//4227 4195//4195 4194//4194 
f 4227//4227 4194//4194 4226//4226 
f 4228//4228 4196//4196 4195//4195 
f 4228//4228 4195//4195 4227//4227 
f 4229//4229 4197//4197 4196//4196 
f 4229//4229 4196//4196 4228//4228 
f 4230//4230 4198//4198 4197//4197 
f 4230//4230 4197//4197 4229//4229 
f 4200//4200 4168//4168 4198//4198 
f 4200//4200 4198//4198 4230//4230 
f 4231//4231 4199//4199 4200//4200 
f 4231//4231 4200//4200 4232//4232 
f 4233//4233 4201//4201 4199//4199 
f 4233//4233 4199//4199 4231//4231 
f 4234//4234 4202//4202 4201//4201 
f 4234//4234 4201//4201 4233//4233 
f 4235//4235 4203//4203 4202//4202 
f 4235//4235 4202//4202 4234//4234 
f 4236//4236 4204//4204 4203//4203 
f 4236//4236 4203//4203 4235//4235 
f 4237//4237 4205//4205 4204//4204 
f 4237//4237 4204//4204 4236//4236 
f 4238//4238 4206//4206 4205//4205 
f 4238//4238 4205//4205 4237//4237 
f 4239//4239 4207//4207 4206//4206 
f 4239//4239 4206//4206 4238//4238 
f 4240//4240 4208//4208 4207//4207 
f 4240//4240 4207//4207 4239//4239 
f 4241//4241 4209//4209 4208//4208 
f 4241//4241 4208//4208 4240//4240 
f 4242//4242 4210//4210 4209//4209 
f 4242//4242 4209//4209 4241//4241 
f 4243//4243 4211//4211 4210//4210 
f 4243//4243 4210//4210 4242//4242 
f 4244//4244 4212//4212 4211//4211 
f 4244//4244 4211//4211 4243//4243 
f 4245//4245 4213//4213 4212//4212 
f 4245//4245 4212//4212 4244//4244 
f 4246//4246 4214//4214 4213//4213 
f 4246//4246 4213//4213 4245//4245 
f 4247//4247 4215//4215 4214//4214 
f 4247//4247 4214//4214 4246//4246 
f 4248//4248 4216//4216 4215//4215 
f 4248//4248 4215//4215 4247//4247 
f 4249//4249 4217//4217 4216//4216 
f 4249//4249 4216//4216 4248//4248 
f 4250//4250 4218//4218 4217//4217 
f 4250//4250 4217//4217 4249//4249 
f 4251//4251 4219//4219 4218//4218 
f 4251//4251 4218//4218 4250//4250 
f 4252//4252 4220//4220 4219//4219 
f 4252//4252 4219//4219 4251//4251 
f 4253//4253 4221//4221 4220//4220 
f 4253//4253 4220//4220 4252//4252 
f 4254//4254 4222//4222 4221//4221 
f 4254//4254 4221//4221 4253//4253 
f 4255//4255 4223//4223 4222//4222 
f 4255//4255 4222//4222 4254//4254 
f 4256//4256 4224//4224 4223//4223 
f 4256//4256 4223//4223 4255//4255 
f 4257//4257 4225//4225 4224//4224 
f 4257//4257 4224//4224 4256//4256 
f 4258//4258 4226//4226 4225//4225 
f 4258//4258 4225//4225 4257//4257 
f 4259//4259 4227//4227 4226//4226 
f 4259//4259 4226//4226 4258//4258 
f 4260//4260 4228//4228 4227//4227 
f 4260//4260 4227//4227 4259//4259 
f 4261//4261 4229//4229 4228//4228 
f 4261//4261 4228//4228 4260//4260 
f 4262//4262 4230//4230 4229//4229 
f 4262//4262 4229//4229 4261//4261 
f 4232//4232 4200//4200 4230//4230 
f 4232//4232 4230//4230 4262//4262 
f 4263//4263 4231//4231 4232//4232 
f 4263//4263 4232//4232 4264//4264 
f 4265//4265 4233//4233 4231//4231 
f 4265//4265 4231//4231 4263//4263 
f 4266//4266 4234//4234 4233//4233 
f 4266//4266 4233//4233 4265//4265 
f 4267//4267 4235//4235 4234//4234 
f 4267//4267 4234//4234 4266//4266 
f 4268//4268 4236//4236 4235//4235 
f 4268//4268 4235//4235 4267//4267 
f 4269//4269 4237//4237 4236//4236 
f 4269//4269 4236//4236 4268//4268 
f 4270//4270 4238//4238 4237//4237 
f 4270//4270 4237//4237 4269//4269 
f 4271//4271 4239//4239 4238//4238 
f 4271//4271 4238//4238 4270//4270 
f 4272//4272 4240//4240 4239//4239 
f 4272//4272 4239//4239 4271//4271 
f 4273//4273 4241//4241 4240//4240 
f 4273//4273 4240//4240 4272//4272 
f 4274//4274 4242//4242 4241//4241 
f 4274//4274 4241//4241 4273//4273 
f 4275//4275 4243//4243 4242//4242 
f 4275//4275 4242//4242 4274//4274 
f 4276//4276 4244//4244 4243//4243 
f 4276//4276 4243//4243 4275//4275 
f 4277//4277 4245//4245 4244//4244 
f 4277//4277 4244//4244 4276//4276 
f 4278//4278 4246//4246 4245//4245 
f 4278//4278 4245//4245 4277//4277 
f 4279//4279 4247//4247 4246//4246 
f 4279//4279 4246//4246 4278//4278 
f 4280//4280 4248//4248 4247//4247 
f 4280//4280 4247//4247 4279//4279 
f 4281//4281 4249//4249 4248//4248 
f 4281//4281 4248//4248 4280//4280 
f 4282//4282 4250//4250 4249//4249 
f 4282//4282 4249//4249 4281//4281 
f 4283//4283 4251//4251 4250//4250 
f 4283//4283 4250//4250 4282//4282 
f 4284//4284 4252//4252 4251//4251 
f 4284//4284 4251//4251 4283//4283 
f 4285//4285 4253//4253 4252//4252 
f 4285//4285 4252//4252 4284//4284 
f 4286//4286 4254//4254 4253//4253 
f 4286//4286 4253//4253 4285//4285 
f 4287//4287 4255//4255 4254//4254 
f 4287//4287 4254//4254 4286//4286 
f 4288//4288 4256//4256 4255//4255 
f 4288//4288 4255//4255 4287//4287 
f 4289//4289 4257//4257 4256//4256 
f 4289//4289 4256//4256 4288//4288 
f 4290//4290 4258//4258 4257//4257 
f 4290//4290 4257//4257 4289//4289 
f 4291//4291 4259//4259 4258//4258 
f 4291//4291 4258//4258 4290//4290 
f 4292//4292 4260//4260 4259//4259 
f 4292//4292 4259//4259 4291//4291 
f 4293//4293 4261//4261 4260//4260 
f 4293//4293 4260//4260 4292//4292 
f 4294//4294 4262//4262 4261//4261 
f 4294//4294 4261//4261 4293//4293 
f 4264//4264 4232//4232 4262//4262 
f 4264//4264 4262//4262 4294//4294 
f 4295//4295 4263//4263 4264//4264 
f 4295//4295 4264//4264 4296//4296 
f 4297//4297 4265//4265 4263//4263 
f 4297//4297 4263//4263 4295//4295 
f 4298//4298 4266//4266 4265//4265 
f 4298//4298 4265//4265 4297//4297 
f 4299//4299 4267//4267 4266//4266 
f 4299//4299 4266//4266 4298//4298 
f 4300//4300 4268//4268 4267//4267 
f 4300//4300 4267//4267 4299//4299 
f 4301//4301 4269//4269 4268//4268 
f 4301//4301 4268//4268 4300//4300 
f 4302//4302 4270//4270 4269//4269 
f 4302//4302 4269//4269 4301//4301 
f 4303//4303 4271//4271 4270//4270 
f 4303//4303 4270//4270 4302//4302 
f 4304//4304 4272//4272 4271//4271 
f 4304//4304 4271//4271 4303//4303 
f 4305//4305 4273//4273 4272//4272 
f 4305//4305 4272//4272 4304//4304 
f 4306//4306 4274//4274 4273//4273 
f 4306//4306 4273//4273 4305//4305 
f 4307//4307 4275//4275 4274//4274 
f 4307//4307 4274//4274 4306//4306 
f 4308//4308 4276//4276 4275//4275 
f 4308//4308 4275//4275 4307//4307 
f 4309//4309 4277//4277 4276//4276 
f 4309//4309 4276//4276 4308//4308 
f 4310//4310 4278//4278 4277//4277 
f 4310//4310 4277//4277 4309//4309 
f 4311//4311 4279//4279 4278//4278 
f 4311//4311 4278//4278 4310//4310 
f 4312//4312 4280//4280 4279//4279 
f 4312//4312 4279//4279 4311//4311 
f 4313//4313 4281//4281 4280//4280 
f 4313//4313 4280//4280 4312//4312 
f 4314//4314 4282//4282 4281//4281 
f 4314//4314 4281//4281 4313//4313 
f 4315//4315 4283//4283 4282//4282 
f 4315//4315 4282//4282 4314//4314 
f 4316//4316 4284//4284 4283//4283 
f 4316//4316 4283//4283 4315//4315 
f 4317//4317 4285//4285 4284//4284 
f 4317//4317 4284//4284 4316//4316 
f 4318//4318 4286//4286 4285//4285 
f 4318//4318 4285//4285 4317//4317 
f 4319//4319 4287//4287 4286//4286 
f 4319//4319 4286//4286 4318//4318 
f 4320//4320 4288//4288 4287//4287 
f 4320//4320 4287//4287 4319//4319 
f 4321//4321 4289//4289 4288//4288 
f 4321//4321 4288//4288 4320//4320 
f 4322//4322 4290//4290 4289//4289 
f 4322//4322 4289//4289 4321//4321 
f 4323//4323 4291//4291 4290//4290 
f 4323//4323 4290//4290 4322//4322 
f 4324//4324 4292//4292 4291//4291 
f 4324//4324 4291//4291 4323//4323 
f 4325//4325 4293//4293 4292//4292 
f 4325//4325 4292//4292 4324//4324 
f 4326//4326 4294//4294 4293//4293 
f 4326//4326 4293//4293 4325//4325 
f 4296//4296 4264//4264 4294//4294 
f 4296//4296 4294//4294 4326//4326 
f 4327//4327 4295//4295 4296//4296 
f 4327//4327 4296//4296 4328//4328 
f 4329//4329 4297//4297 4295//4295 
f 4329//4329 4295//4295 4327//4327 
f 4330//4330 4298//4298 4297//4297 
f 4330//4330 4297//4297 4329//4329 
f 4331//4331 4299//4299 4298//4298 
f 4331//4331 4298//4298 4330//4330 
f 4332//4332 4300//4300 4299//4299 
f 4332//4332 4299//4299 4331//4331 
f 4333//4333 4301//4301 4300//4300 
f 4333//4333 4300//4300 4332//4332 
f 4334//4334 4302//4302 4301//4301 
f 4334//4334 4301//4301 4333//4333 
f 4335//4335 4303//4303 4302//4302 
f 4335//4335 4302//4302 4334//4334 
f 4336//4336 4304//4304 4303//4303 
f 4336//4336 4303//4303 4335//4335 
f 4337//4337 4305//4305 4304//4304 
f 4337//4337 4304//4304 4336//4336 
f 4338//4338 4306//4306 4305//4305 
f 4338//4338 4305//4305 4337//4337 
f 4339//4339 4307//4307 4306//4306 
f 4339//4339 4306//4306 4338//4338 
f 4340//4340 4308//4308 4307//4307 
f 4340//4340 4307//4307 4339//4339 
f 4341//4341 4309//4309 4308//4308 
f 4341//4341 4308//4308 4340//4340 
f 4342//4342 4310//4310 4309//4309 
f 4342//4342 4309//4309 4341//4341 
f 4343//4343 4311//4311 4310//4310 
f 4343//4343 4310//4310 4342//4342 
f 4344//4344 4312//4312 4311//4311 
f 4344//4344 4311//4311 4343//4343 
f 4345//4345 4313//4313 4312//4312 
f 4345//4345 4312//4312 4344//4344 
f 4346//4346 4314//4314 4313//4313 
f 4346//4346 4313//4313 4345//4345 
f 4347//4347 4315//4315 4314//4314 
f 4347//4347 4314//4314 4346//4346 
f 4348//4348 4316//4316 4315//4315 
f 4348//4348 4315//4315 4347//4347 
f 4349//4349 4317//4317 4316//4316 
f 4349//4349 4316//4316 4348//4348 
f 4350//4350 4318//4318 4317//4317 
f 4350//4350 4317//4317 4349//4349 
f 4351//4351 4319//4319 4318//4318 
f 4351//4351 4318//4318 4350//4350 
f 4352//4352 4320//4320 4319//4319 
f 4352//4352 4319//4319 4351//4351 
f 4353//4353 4321//4321 4320//4320 
f 4353//4353 4320//4320 4352//4352 
f 4354//4354 4322//4322 4321//4321 
f 4354//4354 4321//4321 4353//4353 
f 4355//4355 4323//4323 4322//4322 
f 4355//4355 4322//4322 4354//4354 
f 4356//4356 4324//4324 4323//4323 
f 4356//4356 4323//4323 4355//4355 
f 4357//4357 4325//4325 4324//4324 
f 4357//4357 4324//4324 4356//4356 
f 4358//4358 4326//4326 4325//4325 
f 4358//4358 4325//4325 4357//4357 
f 4328//4328 4296//4296 4326//4326 
f 4328//4328 4326//4326 4358//4358 
f 4359//4359 4327//4327 4328//4328 
f 4359//4359 4328//4328 4360//4360 
f 4361//4361 4329//4329 4327//4327 
f 4361//4361 4327//4327 4359//4359 
f 4362//4362 4330//4330 4329//4329 
f 4362//4362 4329//4329 4361//4361 
f 4363//4363 4331//4331 4330//4330 
f 4363//4363 4330//4330 4362//4362 
f 4364//4364 4332//4332 4331//4331 
f 4364//4364 4331//4331 4363//4363 
f 4365//4365 4333//4333 4332//4332 
f 4365//4365 4332//4332 4364//4364 
f 4366//4366 4334//4334 4333//4333 
f 4366//4366 4333//4333 4365//4365 
f 4367//4367 4335//4335 4334//4334 
f 4367//4367 4334//4334 4366//4366 
f 4368//4368 4336//4336 4335//4335 
f 4368//4368 4335//4335 4367//4367 
f 4369//4369 4337//4337 4336//4336 
f 4369//4369 4336//4336 4368//4368 
f 4370//4370 4338//4338 4337//4337 
f 4370//4370 4337//4337 4369//4369 
f 4371//4371 4339//4339 4338//4338 
f 4371//4371 4338//4338 4370//4370 
f 4372//4372 4340//4340 4339//4339 
f 4372//4372 4339//4339 4371//4371 
f 4373//4373 4341//4341 4340//4340 
f 4373//4373 4340//4340 4372//4372 
f 4374//4374 4342//4342 4341//4341 
f 4374//4374 4341//4341 4373//4373 
f 4375//4375 4343//4343 4342//4342 
f 4375//4375 4342//4342 4374//4374 
f 4376//4376 4344//4344 4343//4343 
f 4376//4376 4343//4343 4375//4375 
f 4377//4377 4345//4345 4344//4344 
f 4377//4377 4344//4344 4376//4376 
f 4378//4378 4346//4346 4345//4345 
f 4378//4378 4345//4345 4377//4377 
f 4379//4379 4347//4347 4346//4346 
f 4379//4379 4346//4346 4378//4378 
f 4380//4380 4348//4348 4347//4347 
f 4380//4380 4347//4347 4379//4379 
f 4381//4381 4349//4349 4348//4348 
f 4381//4381 4348//4348 4380//4380 
f 4382//4382 4350//4350 4349//4349 
f 4382//4382 4349//4349 4381//4381 
f 4383//4383 4351//4351 4350//4350 
f 4383//4383 4350//4350 4382//4382 
f 4384//4384 4352//4352 4351//4351 
f 4384//4384 4351//4351 4383//4383 
f 4385//4385 4353//4353 4352//4352 
f 4385//4385 4352//4352 4384//4384 
f 4386//4386 4354//4354 4353//4353 
f 4386//4386 4353//4353 4385//4385 
f 4387//4387 4355//4355 4354//4354 
f 4387//4387 4354//4354 4386//4386 
f 4388//4388 4356//4356 4355//4355 
f 4388//4388 4355//4355 4387//4387 
f 4389//4389 4357//4357 4356//4356 
f 4389//4389 4356//4356 4388//4388 
f 4390//4390 4358//4358 4357//4357 
f 4390//4390 4357//4357 4389//4389 
f 4360//4360 4328//4328 4358//4358 
f 4360//4360 4358//4358 4390//4390 
f 4391//4391 4359//4359 4360//4360 
f 4391//4391 4360//4360 4392//4392 
f 4393//4393 4361//4361 4359//4359 
f 4393//4393 4359//4359 4391//4391 
f 4394//4394 4362//4362 4361//4361 
f 4394//4394 4361//4361 4393//4393 
f 4395//4395 4363//4363 4362//4362 
f 4395//4395 4362//4362 4394//4394 
f 4396//4396 4364//4364 4363//4363 
f 4396//4396 4363//4363 4395//4395 
f 4397//4397 4365//4365 4364//4364 
f 4397//4397 4364//4364 4396//4396 
f 4398//4398 4366//4366 4365//4365 
f 4398//4398 4365//4365 4397//4397 
f 4399//4399 4367//4367 4366//4366 
f 4399//4399 4366//4366 4398//4398 
f 4400//4400 4368//4368 4367//4367 
f 4400//4400 4367//4367 4399//4399 
f 4401//4401 4369//4369 4368//4368 
f 4401//4401 4368//4368 4400//4400 
f 4402//4402 4370//4370 4369//4369 
f 4402//4402 4369//4369 4401//4401 
f 4403//4403 4371//4371 4370//4370 
f 4403//4403 4370//4370 4402//4402 
f 4404//4404 4372//4372 4371//4371 
f 4404//4404 4371//4371 4403//4403 
f 4405//4405 4373//4373 4372//4372 
f 4405//4405 4372//4372 4404//4404 
f 4406//4406 4374//4374 4373//4373 
f 4406//4406 4373//4373 4405//4405 
f 4407//4407 4375//4375 4374//4374 
f 4407//4407 4374//4374 4406//4406 
f 4408//4408 4376//4376 4375//4375 
f 4408//4408 4375//4375 4407//4407 
f 4409//4409 4377//4377 4376//4376 
f 4409//4409 4376//4376 4408//4408 
f 4410//4410 4378//4378 4377//4377 
f 4410//4410 4377//4377 4409//4409 
f 4411//4411 4379//4379 4378//4378 
f 4411//4411 4378//4378 4410//4410 
f 4412//4412 4380//4380 4379//4379 
f 4412//4412 4379//4379 4411//4411 
f 4413//4413 4381//4381 4380//4380 
f 4413//4413 4380//4380 4412//4412 
f 4414//4414 4382//4382 4381//4381 
f 4414//4414 4381//4381 4413//4413 
f 4415//4415 4383//4383 4382//4382 
f 4415//4415 4382//4382 4414//4414 
f 4416//4416 4384//4384 4383//4383 
f 4416//4416 4383//4383 4415//4415 
f 4417//4417 4385//4385 4384//4384 
f 4417//4417 4384//4384 4416//4416 
f 4418//4418 4386//4386 4385//4385 
f 4418//4418 4385//4385 4417//4417 
f 4419//4419 4387//4387 4386//4386 
f 4419//4419 4386//4386 4418//4418 
f 4420//4420 4388//4388 4387//4387 
f 4420//4420 4387//4387 4419//4419 
f 4421//4421 4389//4389 4388//4388 
f 4421//4421 4388//4388 4420//4420 
f 4422//4422 4390//4390 4389//4389 
f 4422//4422 4389//4389 4421//4421 
f 4392//4392 4360//4360 4390//4390 
f 4392//4392 4390//4390 4422//4422 
f 4423//4423 4391//4391 4392//4392 
f 4423//4423 4392//4392 4424//4424 
f 4425//4425 4393//4393 4391//4391 
f 4425//4425 4391//4391 4423//4423 
f 4426//4426 4394//4394 4393//4393 
f 4426//4426 4393//4393 4425//4425 
f 4427//4427 4395//4395 4394//4394 
f 4427//4427 4394//4394 4426//4426 
f 4428//4428 4396//4396 4395//4395 
f 4428//4428 4395//4395 4427//4427 
f 4429//4429 4397//4397 4396//4396 
f 4429//4429 4396//4396 4428//4428 
f 4430//4430 4398//4398 4397//4397 
f 4430//4430 4397//4397 4429//4429 
f 4431//4431 4399//4399 4398//4398 
f 4431//4431 4398//4398 4430//4430 
f 4432//4432 4400//4400 4399//4399 
f 4432//4432 4399//4399 4431//4431 
f 4433//4433 4401//4401 4400//4400 
f 4433//4433 4400//4400 4432//4432 
f 4434//4434 4402//4402 4401//4401 
f 4434//4434 4401//4401 4433//4433 
f 4435//4435 4403//4403 4402//4402 
f 4435//4435 4402//4402 4434//4434 
f 4436//4436 4404//4404 4403//4403 
f 4436//4436 4403//4403 4435//4435 
f 4437//4437 4405//4405 4404//4404 
f 4437//4437 4404//4404 4436//4436 
f 4438//4438 4406//4406 4405//4405 
f 4438//4438 4405//4405 4437//4437 
f 4439//4439 4407//4407 4406//4406 
f 4439//4439 4406//4406 4438//4438 
f 4440//4440 4408//4408 4407//4407 
f 4440//4440 4407//4407 4439//4439 
f 4441//4441 4409//4409 4408//4408 
f 4441//4441 4408//4408 4440//4440 
f 4442//4442 4410//4410 4409//4409 
f 4442//4442 4409//4409 4441//4441 
f 4443//4443 4411//4411 4410//4410 
f 4443//4443 4410//4410 4442//4442 
f 4444//4444 4412//4412 4411//4411 
f 4444//4444 4411//4411 4443//4443 
f 4445//4445 4413//4413 4412//4412 
f 4445//4445 4412//4412 4444//4444 
f 4446//4446 4414//4414 4413//4413 
f 4446//4446 4413//4413 4445//4445 
f 4447//4447 4415//4415 4414//4414 
f 4447//4447 4414//4414 4446//4446 
f 4448//4448 4416//4416 4415//4415 
f 4448//4448 4415//4415 4447//4447 
f 4449//4449 4417//4417 4416//4416 
f 4449//4449 4416//4416 4448//4448 
f 4450//4450 4418//4418 4417//4417 
f 4450//4450 4417//4417 4449//4449 
f 4451//4451 4419//4419 4418//4418 
f 4451//4451 4418//4418 4450//4450 
f 4452//4452 4420//4420 4419//4419 
f 4452//4452 4419//4419 4451//4451 
f 4453//4453 4421//4421 4420//4420 
f 4453//4453 4420//4420 4452//4452 
f 4454//4454 4422//4422 4421//4421 
f 4454//4454 4421//4421 4453//4453 
f 4424//4424 4392//4392 4422//4422 
f 4424//4424 4422//4422 4454//4454 
f 4455//4455 4423//4423 4424//4424 
f 4455//4455 4424//4424 4456//4456 
f 4457//4457 4425//4425 4423//4423 
f 4457//4457 4423//4423 4455//4455 
f 4458//4458 4426//4426 4425//4425 
f 4458//4458 4425//4425 4457//4457 
f 4459//4459 4427//4427 4426//4426 
f 4459//4459 4426//4426 4458//4458 
f 4460//4460 4428//4428 4427//4427 
f 4460//4460 4427//4427 4459//4459 
f 4461//4461 4429//4429 4428//4428 
f 4461//4461 4428//4428 4460//4460 
f 4462//4462 4430//4430 4429//4429 
f 4462//4462 4429//4429 4461//4461 
f 4463//4463 4431//4431 4430//4430 
f 4463//4463 4430//4430 4462//4462 
f 4464//4464 4432//4432 4431//4431 
f 4464//4464 4431//4431 4463//4463 
f 4465//4465 4433//4433 4432//4432 
f 4465//4465 4432//4432 4464//4464 
f 4466//4466 4434//4434 4433//4433 
f 4466//4466 4433//4433 4465//4465 
f 4467//4467 4435//4435 4434//4434 
f 4467//4467 4434//4434 4466//4466 
f 4468//4468 4436//4436 4435//4435 
f 4468//4468 4435//4435 4467//4467 
f 4469//4469 4437//4437 4436//4436 
f 4469//4469 4436//4436 4468//4468 
f 4470//4470 4438//4438 4437//4437 
f 4470//4470 4437//4437 4469//4469 
f 4471//4471 4439//4439 4438//4438 
f 4471//4471 4438//4438 4470//4470 
f 4472//4472 4440//4440 4439//4439 
f 4472//4472 4439//4439 4471//4471 
f 4473//4473 4441//4441 4440//4440 
f 4473//4473 4440//4440 4472//4472 
f 4474//4474 4442//4442 4441//4441 
f 4474//4474 4441//4441 4473//4473 
f 4475//4475 4443//4443 4442//4442 
f 4475//4475 4442//4442 4474//4474 
f 4476//4476 4444//4444 4443//4443 
f 4476//4476 4443//4443 4475//4475 
f 4477//4477 4445//4445 4444//4444 
f 4477//4477 4444//4444 4476//4476 
f 4478//4478 4446//4446 4445//4445 
f 4478//4478 4445//4445 4477//4477 
f 4479//4479 4447//4447 4446//4446 
f 4479//4479 4446//4446 4478//4478 
f 4480//4480 4448//4448 4447//4447 
f 4480//4480 4447//4447 4479//4479 
f 4481//4481 4449//4449 4448//4448 
f 4481//4481 4448//4448 4480//4480 
f 4482//4482 4450//4450 4449//4449 
f 4482//4482 4449//4449 4481//4481 
f 4483//4483 4451//4451 4450//4450 
f 4483//4483 4450//4450 4482//4482 
f 4484//4484 4452//4452 4451//4451 
f 4484//4484 4451//4451 4483//4483 
f 4485//4485 4453//4453 4452//4452 
f 4485//4485 4452//4452 4484//4484 
f 4486//4486 4454//4454 4453//4453 
f 4486//4486 4453//4453 4485//4485 
f 4456//4456 4424//4424 4454//4454 
f 4456//4456 4454//4454 4486//4486 
f 4487//4487 4455//4455 4456//4456 
f 4487//4487 4456//4456 4488//4488 
f 4489//4489 4457//4457 4455//4455 
f 4489//4489 4455//4455 4487//4487 
f 4490//4490 4458//4458 4457//4457 
f 4490//4490 4457//4457 4489//4489 
f 4491//4491 4459//4459 4458//4458 
f 4491//4491 4458//4458 4490//4490 
f 4492//4492 4460//4460 4459//4459 
f 4492//4492 4459//4459 4491//4491 
f 4493//4493 4461//4461 4460//4460 
f 4493//4493 4460//4460 4492//4492 
f 4494//4494 4462//4462 4461//4461 
f 4494//4494 4461//4461 4493//4493 
f 4495//4495 4463//4463 4462//4462 
f 4495//4495 4462//4462 4494//4494 
f 4496//4496 4464//4464 4463//4463 
f 4496//4496 4463//4463 4495//4495 
f 4497//4497 4465//4465 4464//4464 
f 4497//4497 4464//4464 4496//4496 
f 4498//4498 4466//4466 4465//4465 
f 4498//4498 4465//4465 4497//4497 
f 4499//4499 4467//4467 4466//4466 
f 4499//4499 4466//4466 4498//4498 
f 4500//4500 4468//4468 4467//4467 
f 4500//4500 4467//4467 4499//4499 
f 4501//4501 4469//4469 4468//4468 
f 4501//4501 4468//4468 4500//4500 
f 4502//4502 4470//4470 4469//4469 
f 4502//4502 4469//4469 4501//4501 
f 4503//4503 4471//4471 4470//4470 
f 4503//4503 4470//4470 4502//4502 
f 4504//4504 4472//4472 4471//4471 
f 4504//4504 4471//4471 4503//4503 
f 4505//4505 4473//4473 4472//4472 
f 4505//4505 4472//4472 4504//4504 
f 4506//4506 4474//4474 4473//4473 
f 4506//4506 4473//4473 4505//4505 
f 4507//4507 4475//4475 4474//4474 
f 4507//4507 4474//4474 4506//4506 
f 4508//4508 4476//4476 4475//4475 
f 4508//4508 4475//4475 4507//4507 
f 4509//4509 4477//4477 4476//4476 
f 4509//4509 4476//4476 4508//4508 
f 4510//4510 4478//4478 4477//4477 
f 4510//4510 4477//4477 4509//4509 
f 4511//4511 4479//4479 4478//4478 
f 4511//4511 4478//4478 4510//4510 
f 4512//4512 4480//4480 4479//4479 
f 4512//4512 4479//4479 4511//4511 
f 4513//4513 4481//4481 4480//4480 
f 4513//4513 4480//4480 4512//4512 
f 4514//4514 4482//4482 4481//4481 
f 4514//4514 4481//4481 4513//4513 
f 4515//4515 4483//4483 4482//4482 
f 4515//4515 4482//4482 4514//4514 
f 4516//4516 4484//4484 4483//4483 
f 4516//4516 4483//4483 4515//4515 
f 4517//4517 4485//4485 4484//4484 
f 4517//4517 4484//4484 4516//4516 
f 4518//4518 4486//4486 4485//4485 
f 4518//4518 4485//4485 4517//4517 
f 4488//4488 4456//4456 4486//4486 
f 4488//4488 4486//4486 4518//4518 
f 4519//4519 4487//4487 4488//4488 
f 4519//4519 4488//4488 4520//4520 
f 4521//4521 4489//4489 4487//4487 
f 4521//4521 4487//4487 4519//4519 
f 4522//4522 4490//4490 4489//4489 
f 4522//4522 4489//4489 4521//4521 
f 4523//4523 4491//4491 4490//4490 
f 4523//4523 4490//4490 4522//4522 
f 4524//4524 4492//4492 4491//4491 
f 4524//4524 4491//4491 4523//4523 
f 4525//4525 4493//4493 4492//4492 
f 4525//4525 4492//4492 4524//4524 
f 4526//4526 4494//4494 4493//4493 
f 4526//4526 4493//4493 4525//4525 
f 4527//4527 4495//4495 4494//4494 
f 4527//4527 4494//4494 4526//4526 
f 4528//4528 4496//4496 4495//4495 
f 4528//4528 4495//4495 4527//4527 
f 4529//4529 4497//4497 4496//4496 
f 4529//4529 4496//4496 4528//4528 
f 4530//4530 4498//4498 4497//4497 
f 4530//4530 4497//4497 4529//4529 
f 4531//4531 4499//4499 4498//4498 
f 4531//4531 4498//4498 4530//4530 
f 4532//4532 4500//4500 4499//4499 
f 4532//4532 4499//4499 4531//4531 
f 4533//4533 4501//4501 4500//4500 
f 4533//4533 4500//4500 4532//4532 
f 4534//4534 4502//4502 4501//4501 
f 4534//4534 4501//4501 4533//4533 
f 4535//4535 4503//4503 4502//4502 
f 4535//4535 4502//4502 4534//4534 
f 4536//4536 4504//4504 4503//4503 
f 4536//4536 4503//4503 4535//4535 
f 4537//4537 4505//4505 4504//4504 
f 4537//4537 4504//4504 4536//4536 
f 4538//4538 4506//4506 4505//4505 
f 4538//4538 4505//4505 4537//4537 
f 4539//4539 4507//4507 4506//4506 
f 4539//4539 4506//4506 4538//4538 
f 4540//4540 4508//4508 4507//4507 
f 4540//4540 4507//4507 4539//4539 
f 4541//4541 4509//4509 4508//4508 
f 4541//4541 4508//4508 4540//4540 
f 4542//4542 4510//4510 4509//4509 
f 4542//4542 4509//4509 4541//4541 
f 4543//4543 4511//4511 4510//4510 
f 4543//4543 4510//4510 4542//4542 
f 4544//4544 4512//4512 4511//4511 
f 4544//4544 4511//4511 4543//4543 
f 4545//4545 4513//4513 4512//4512 
f 4545//4545 4512//4512 4544//4544 
f 4546//4546 4514//4514 4513//4513 
f 4546//4546 4513//4513 4545//4545 
f 4547//4547 4515//4515 4514//4514 
f 4547//4547 4514//4514 4546//4546 
f 4548//4548 4516//4516 4515//4515 
f 4548//4548 4515//4515 4547//4547 
f 4549//4549 4517//4517 4516//4516 
f 4549//4549 4516//4516 4548//4548 
f 4550//4550 4518//4518 4517//4517 
f 4550//4550 4517//4517 4549//4549 
f 4520//4520 4488//4488 4518//4518 
f 4520//4520 4518//4518 4550//4550 
f 4551//4551 4519//4519 4520//4520 
f 4551//4551 4520//4520 4552//4552 
f 4553//4553 4521//4521 4519//4519 
f 4553//4553 4519//4519 4551//4551 
f 4554//4554 4522//4522 4521//4521 
f 4554//4554 4521//4521 4553//4553 
f 4555//4555 4523//4523 4522//4522 
f 4555//4555 4522//4522 4554//4554 
f 4556//4556 4524//4524 4523//4523 
f 4556//4556 4523//4523 4555//4555 
f 4557//4557 4525//4525 4524//4524 
f 4557//4557 4524//4524 4556//4556 
f 4558//4558 4526//4526 4525//4525 
f 4558//4558 4525//4525 4557//4557 
f 4559//4559 4527//4527 4526//4526 
f 4559//4559 4526//4526 4558//4558 
f 4560//4560 4528//4528 4527//4527 
f 4560//4560 4527//4527 4559//4559 
f 4561//4561 4529//4529 4528//4528 
f 4561//4561 4528//4528 4560//4560 
f 4562//4562 4530//4530 4529//4529 
f 4562//4562 4529//4529 4561//4561 
f 4563//4563 4531//4531 4530//4530 
f 4563//4563 4530//4530 4562//4562 
f 4564//4564 4532//4532 4531//4531 
f 4564//4564 4531//4531 4563//4563 
f 4565//4565 4533//4533 4532//4532 
f 4565//4565 4532//4532 4564//4564 
f 4566//4566 4534//4534 4533//4533 
f 4566//4566 4533//4533 4565//4565 
f 4567//4567 4535//4535 4534//4534 
f 4567//4567 4534//4534 4566//4566 
f 4568//4568 4536//4536 4535//4535 
f 4568//4568 4535//4535 4567//4567 
f 4569//4569 4537//4537 4536//4536 
f 4569//4569 4536//4536 4568//4568 
f 4570//4570 4538//4538 4537//4537 
f 4570//4570 4537//4537 4569//4569 
f 4571//4571 4539//4539 4538//4538 
f 4571//4571 4538//4538 4570//4570 
f 4572//4572 4540//4540 4539//4539 
f 4572//4572 4539//4539 4571//4571 
f 4573//4573 4541//4541 4540//4540 
f 4573//4573 4540//4540 4572//4572 
f 4574//4574 4542//4542 4541//4541 
f 4574//4574 4541//4541 4573//4573 
f 4575//4575 4543//4543 4542//4542 
f 4575//4575 4542//4542 4574//4574 
f 4576//4576 4544//4544 4543//4543 
f 4576//4576 4543//4543 4575//4575 
f 4577//4577 4545//4545 4544//4544 
f 4577//4577 4544//4544 4576//4576 
f 4578//4578 4546//4546 4545//4545 
f 4578//4578 4545//4545 4577//4577 
f 4579//4579 4547//4547 4546//4546 
f 4579//4579 4546//4546 4578//4578 
f 4580//4580 4548//4548 4547//4547 
f 4580//4580 4547//4547 4579//4579 
f 4581//4581 4549//4549 4548//4548 
f 4581//4581 4548//4548 4580//4580 
f 4582//4582 4550//4550 4549//4549 
f 4582//4582 4549//4549 4581//4581 
f 4552//4552 4520//4520 4550//4550 
f 4552//4552 4550//4550 4582//4582 
f 4583//4583 4551//4551 4552//4552 
f 4583//4583 4552//4552 4584//4584 
f 4585//4585 4553//4553 4551//4551 
f 4585//4585 4551//4551 4583//4583 
f 4586//4586 4554//4554 4553//4553 
f 4586//4586 4553//4553 4585//4585 
f 4587//4587 4555//4555 4554//4554 
f 4587//4587 4554//4554 4586//4586 
f 4588//4588 4556//4556 4555//4555 
f 4588//4588 4555//4555 4587//4587 
f 4589//4589 4557//4557 4556//4556 
f 4589//4589 4556//4556 4588//4588 
f 4590//4590 4558//4558 4557//4557 
f 4590//4590 4557//4557 4589//4589 
f 4591//4591 4559//4559 4558//4558 
f 4591//4591 4558//4558 4590//4590 
f 4592//4592 4560//4560 4559//4559 
f 4592//4592 4559//4559 4591//4591 
f 4593//4593 4561//4561 4560//4560 
f 4593//4593 4560//4560 4592//4592 
f 4594//4594 4562//4562 4561//4561 
f 4594//4594 4561//4561 4593//4593 
f 4595//4595 4563//4563 4562//4562 
f 4595//4595 4562//4562 4594//4594 
f 4596//4596 4564//4564 4563//4563 
f 4596//4596 4563//4563 4595//4595 
f 4597//4597 4565//4565 4564//4564 
f 4597//4597 4564//4564 4596//4596 
f 4598//4598 4566//4566 4565//4565 
f 4598//4598 4565//4565 4597//4597 
f 4599//4599 4567//4567 4566//4566 
f 4599//4599 4566//4566 4598//4598 
f 4600//4600 4568//4568 4567//4567 
f 4600//4600 4567//4567 4599//4599 
f 4601//4601 4569//4569 4568//4568 
f 4601//4601 4568//4568 4600//4600 
f 4602//4602 4570//4570 4569//4569 
f 4602//4602 4569//4569 4601//4601 
f 4603//4603 4571//4571 4570//4570 
f 4603//4603 4570//4570 4602//4602 
f 4604//4604 4572//4572 4571//4571 
f 4604//4604 4571//4571 4603//4603 
f 4605//4605 4573//4573 4572//4572 
f 4605//4605 4572//4572 4604//4604 
f 4606//4606 4574//4574 4573//4573 
f 4606//4606 4573//4573 4605//4605 
f 4607//4607 4575//4575 4574//4574 
f 4607//4607 4574//4574 4606//4606 
f 4608//4608 4576//4576 4575//4575 
f 4608//4608 4575//4575 4607//4607 
f 4609//4609 4577//4577 4576//4576 
f 4609//4609 4576//4576 4608//4608 
f 4610//4610 4578//4578 4577//4577 
f 4610//4610 4577//4577 4609//4609 
f 4611//4611 4579//4579 4578//4578 
f 4611//4611 4578//4578 4610//4610 
f 4612//4612 4580//4580 4579//4579 
f 4612//4612 4579//4579 4611//4611 
f 4613//4613 4581//4581 4580//4580 
f 4613//4613 4580//4580 4612//4612 
f 4614//4614 4582//4582 4581//4581 
f 4614//4614 4581//4581 4613//4613 
f 4584//4584 4552//4552 4582//4582 
f 4584//4584 4582//4582 4614//4614 
f 4615//4615 4583//4583 4584//4584 
f 4615//4615 4584//4584 4616//4616 
f 4617//4617 4585//4585 4583//4583 
f 4617//4617 4583//4583 4615//4615 
f 4618//4618 4586//4586 4585//4585 
f 4618//4618 4585//4585 4617//4617 
f 4619//4619 4587//4587 4586//4586 
f 4619//4619 4586//4586 4618//4618 
f 4620//4620 4588//4588 4587//4587 
f 4620//4620 4587//4587 4619//4619 
f 4621//4621 4589//4589 4588//4588 
f 4621//4621 4588//4588 4620//4620 
f 4622//4622 4590//4590 4589//4589 
f 4622//4622 4589//4589 4621//4621 
f 4623//4623 4591//4591 4590//4590 
f 4623//4623 4590//4590 4622//4622 
f 4624//4624 4592//4592 4591//4591 
f 4624//4624 4591//4591 4623//4623 
f 4625//4625 4593//4593 4592//4592 
f 4625//4625 4592//4592 4624//4624 
f 4626//4626 4594//4594 4593//4593 
f 4626//4626 4593//4593 4625//4625 
f 4627//4627 4595//4595 4594//4594 
f 4627//4627 4594//4594 4626//4626 
f 4628//4628 4596//4596 4595//4595 
f 4628//4628 4595//4595 4627//4627 
f 4629//4629 4597//4597 4596//4596 
f 4629//4629 4596//4596 4628//4628 
f 4630//4630 4598//4598 4597//4597 
f 4630//4630 4597//4597 4629//4629 
f 4631//4631 4599//4599 4598//4598 
f 4631//4631 4598//4598 4630//4630 
f 4632//4632 4600//4600 4599//4599 
f 4632//4632 4599//4599 4631//4631 
f 4633//4633 4601//4601 4600//4600 
f 4633//4633 4600//4600 4632//4632 
f 4634//4634 4602//4602 4601//4601 
f 4634//4634 4601//4601 4633//4633 
f 4635//4635 4603//4603 4602//4602 
f 4635//4635 4602//4602 4634//4634 
f 4636//4636 4604//4604 4603//4603 
f 4636//4636 4603//4603 4635//4635 
f 4637//4637 4605//4605 4604//4604 
f 4637//4637 4604//4604 4636//4636 
f 4638//4638 4606//4606 4605//4605 
f 4638//4638 4605//4605 4637//4637 
f 4639//4639 4607//4607 4606//4606 
f 4639//4639 4606//4606 4638//4638 
f 4640//4640 4608//4608 4607//4607 
f 4640//4640 4607//4607 4639//4639 
f 4641//4641 4609//4609 4608//4608 
f 4641//4641 4608//4608 4640//4640 
f 4642//4642 4610//4610 4609//4609 
f 4642//4642 4609//4609 4641//4641 
f 4643//4643 4611//4611 4610//4610 
f 4643//4643 4610//4610 4642//4642 
f 4644//4644 4612//4612 4611//4611 
f 4644//4644 4611//4611 4643//4643 
f 4645//4645 4613//4613 4612//4612 
f 4645//4645 4612//4612 4644//4644 
f 4646//4646 4614//4614 4613//4613 
f 4646//4646 4613//4613 4645//4645 
f 4616//4616 4584//4584 4614//4614 
f 4616//4616 4614//4614 4646//4646 
f 4647//4647 4615//4615 4616//4616 
f 4647//4647 4616//4616 4648//4648 
f 4649//4649 4617//4617 4615//4615 
f 4649//4649 4615//4615 4647//4647 
f 4650//4650 4618//4618 4617//4617 
f 4650//4650 4617//4617 4649//4649 
f 4651//4651 4619//4619 4618//4618 
f 4651//4651 4618//4618 4650//4650 
f 4652//4652 4620//4620 4619//4619 
f 4652//4652 4619//4619 4651//4651 
f 4653//4653 4621//4621 4620//4620 
f 4653//4653 4620//4620 4652//4652 
f 4654//4654 4622//4622 4621//4621 
f 4654//4654 4621//4621 4653//4653 
f 4655//4655 4623//4623 4622//4622 
f 4655//4655 4622//4622 4654//4654 
f 4656//4656 4624//4624 4623//4623 
f 4656//4656 4623//4623 4655//4655 
f 4657//4657 4625//4625 4624//4624 
f 4657//4657 4624//4624 4656//4656 
f 4658//4658 4626//4626 4625//4625 
f 4658//4658 4625//4625 4657//4657 
f 4659//4659 4627//4627 4626//4626 
f 4659//4659 4626//4626 4658//4658 
f 4660//4660 4628//4628 4627//4627 
f 4660//4660 4627//4627 4659//4659 
f 4661//4661 4629//4629 4628//4628 
f 4661//4661 4628//4628 4660//4660 
f 4662//4662 4630//4630 4629//4629 
f 4662//4662 4629//4629 4661//4661 
f 4663//4663 4631//4631 4630//4630 
f 4663//4663 4630//4630 4662//4662 
f 4664//4664 4632//4632 4631//4631 
f 4664//4664 4631//4631 4663//4663 
f 4665//4665 4633//4633 4632//4632 
f 4665//4665 4632//4632 4664//4664 
f 4666//4666 4634//4634 4633//4633 
f 4666//4666 4633//4633 4665//4665 
f 4667//4667 4635//4635 4634//4634 
f 4667//4667 4634//4634 4666//4666 
f 4668//4668 4636//4636 4635//4635 
f 4668//4668 4635//4635 4667//4667 
f 4669//4669 4637//4637 4636//4636 
f 4669//4669 4636//4636 4668//4668 
f 4670//4670 4638//4638 4637//4637 
f 4670//4670 4637//4637 4669//4669 
f 4671//4671 4639//4639 4638//4638 
f 4671//4671 4638//4638 4670//4670 
f 4672//4672 4640//4640 4639//4639 
f 4672//4672 4639//4639 4671//4671 
f 4673//4673 4641//4641 4640//4640 
f 4673//4673 4640//4640 4672//4672 
f 4674//4674 4642//4642 4641//4641 
f 4674//4674 4641//4641 4673//4673 
f 4675//4675 4643//4643 4642//4642 
f 4675//4675 4642//4642 4674//4674 
f 4676//4676 4644//4644 4643//4643 
f 4676//4676 4643//4643 4675//4675 
f 4677//4677 4645//4645 4644//4644 
f 4677//4677 4644//4644 4676//4676 
f 4678//4678 4646//4646 4645//4645 
f 4678//4678 4645//4645 4677//4677 
f 4648//4648 4616//4616 4646//4646 
f 4648//4648 4646//4646 4678//4678 
f 4679//4679 4647//4647 4648//4648 
f 4679//4679 4648//4648 4680//4680 
f 4681//4681 4649//4649 4647//4647 
f 4681//4681 4647//4647 4679//4679 
f 4682//4682 4650//4650 4649//4649 
f 4682//4682 4649//4649 4681//4681 
f 4683//4683 4651//4651 4650//4650 
f 4683//4683 4650//4650 4682//4682 
f 4684//4684 4652//4652 4651//4651 
f 4684//4684 4651//4651 4683//4683 
f 4685//4685 4653//4653 4652//4652 
f 4685//4685 4652//4652 4684//4684 
f 4686//4686 4654//4654 4653//4653 
f 4686//4686 4653//4653 4685//4685 
f 4687//4687 4655//4655 4654//4654 
f 4687//4687 4654//4654 4686//4686 
f 4688//4688 4656//4656 4655//4655 
f 4688//4688 4655//4655 4687//4687 
f 4689//4689 4657//4657 4656//4656 
f 4689//4689 4656//4656 4688//4688 
f 4690//4690 4658//4658 4657//4657 
f 4690//4690 4657//4657 4689//4689 
f 4691//4691 4659//4659 4658//4658 
f 4691//4691 4658//4658 4690//4690 
f 4692//4692 4660//4660 4659//4659 
f 4692//4692 4659//4659 4691//4691 
f 4693//4693 4661//4661 4660//4660 
f 4693//4693 4660//4660 4692//4692 
f 4694//4694 4662//4662 4661//4661 
f 4694//4694 4661//4661 4693//4693 
f 4695//4695 4663//4663 4662//4662 
f 4695//4695 4662//4662 4694//4694 
f 4696//4696 4664//4664 4663//4663 
f 4696//4696 4663//4663 4695//4695 
f 4697//4697 4665//4665 4664//4664 
f 4697//4697 4664//4664 4696//4696 
f 4698//4698 4666//4666 4665//4665 
f 4698//4698 4665//4665 4697//4697 
f 4699//4699 4667//4667 4666//4666 
f 4699//4699 4666//4666 4698//4698 
f 4700//4700 4668//4668 4667//4667 
f 4700//4700 4667//4667 4699//4699 
f 4701//4701 4669//4669 4668//4668 
f 4701//4701 4668//4668 4700//4700 
f 4702//4702 4670//4670 4669//4669 
f 4702//4702 4669//4669 4701//4701 
f 4703//4703 4671//4671 4670//4670 
f 4703//4703 4670//4670 4702//4702 
f 4704//4704 4672//4672 4671//4671 
f 4704//4704 4671//4671 4703//4703 
f 4705//4705 4673//4673 4672//4672 
f 4705//4705 4672//4672 4704//4704 
f 4706//4706 4674//4674 4673//4673 
f 4706//4706 4673//4673 4705//4705 
f 4707//4707 4675//4675 4674//4674 
f 4707//4707 4674//4674 4706//4706 
f 4708//4708 4676//4676 4675//4675 
f 4708//4708 4675//4675 4707//4707 
f 4709//4709 4677//4677 4676//4676 
f 4709//4709 4676//4676 4708//4708 
f 4710//4710 4678//4678 4677//4677 
f 4710//4710 4677//4677 4709//4709 
f 4680//4680 4648//4648 4678//4678 
f 4680//4680 4678//4678 4710//4710 
f 4711//4711 4679//4679 4680//4680 
f 4711//4711 4680//4680 4712//4712 
f 4713//4713 4681//4681 4679//4679 
f 4713//4713 4679//4679 4711//4711 
f 4714//4714 4682//4682 4681//4681 
f 4714//4714 4681//4681 4713//4713 
f 4715//4715 4683//4683 4682//4682 
f 4715//4715 4682//4682 4714//4714 
f 4716//4716 4684//4684 4683//4683 
f 4716//4716 4683//4683 4715//4715 
f 4717//4717 4685//4685 4684//4684 
f 4717//4717 4684//4684 4716//4716 
f 4718//4718 4686//4686 4685//4685 
f 4718//4718 4685//4685 4717//4717 
f 4719//4719 4687//4687 4686//4686 
f 4719//4719 4686//4686 4718//4718 
f 4720//4720 4688//4688 4687//4687 
f 4720//4720 4687//4687 4719//4719 
f 4721//4721 4689//4689 4688//4688 
f 4721//4721 4688//4688 4720//4720 
f 4722//4722 4690//4690 4689//4689 
f 4722//4722 4689//4689 4721//4721 
f 4723//4723 4691//4691 4690//4690 
f 4723//4723 4690//4690 4722//4722 
f 4724//4724 4692//4692 4691//4691 
f 4724//4724 4691//4691 4723//4723 
f 4725//4725 4693//4693 4692//4692 
f 4725//4725 4692//4692 4724//4724 
f 4726//4726 4694//4694 4693//4693 
f 4726//4726 4693//4693 4725//4725 
f 4727//4727 4695//4695 4694//4694 
f 4727//4727 4694//4694 4726//4726 
f 4728//4728 4696//4696 4695//4695 
f 4728//4728 4695//4695 4727//4727 
f 4729//4729 4697//4697 4696//4696 
f 4729//4729 4696//4696 4728//4728 
f 4730//4730 4698//4698 4697//4697 
f 4730//4730 4697//4697 4729//4729 
f 4731//4731 4699//4699 4698//4698 
f 4731//4731 4698//4698 4730//4730 
f 4732//4732 4700//4700 4699//4699 
f 4732//4732 4699//4699 4731//4731 
f 4733//4733 4701//4701 4700//4700 
f 4733//4733 4700//4700 4732//4732 
f 4734//4734 4702//4702 4701//4701 
f 4734//4734 4701//4701 4733//4733 
f 4735//4735 4703//4703 4702//4702 
f 4735//4735 4702//4702 4734//4734 
f 4736//4736 4704//4704 4703//4703 
f 4736//4736 4703//4703 4735//4735 
f 4737//4737 4705//4705 4704//4704 
f 4737//4737 4704//4704 4736//4736 
f 4738//4738 4706//4706 4705//4705 
f 4738//4738 4705//4705 4737//4737 
f 4739//4739 4707//4707 4706//4706 
f 4739//4739 4706//4706 4738//4738 
f 4740//4740 4708//4708 4707//4707 
f 4740//4740 4707//4707 4739//4739 
f 4741//4741 4709//4709 4708//4708 
f 4741//4741 4708//4708 4740//4740 
f 4742//4742 4710//4710 4709//4709 
f 4742//4742 4709//4709 4741//4741 
f 4712//4712 4680//4680 4710//4710 
f 4712//4712 4710//4710 4742//4742 
f 4743//4743 4711//4711 4712//4712 
f 4743//4743 4712//4712 4744//4744 
f 4745//4745 4713//4713 4711//4711 
f 4745//4745 4711//4711 4743//4743 
f 4746//4746 4714//4714 4713//4713 
f 4746//4746 4713//4713 4745//4745 
f 4747//4747 4715//4715 4714//4714 
f 4747//4747 4714//4714 4746//4746 
f 4748//4748 4716//4716 4715//4715 
f 4748//4748 4715//4715 4747//4747 
f 4749//4749 4717//4717 4716//4716 
f 4749//4749 4716//4716 4748//4748 
f 4750//4750 4718//4718 4717//4717 
f 4750//4750 4717//4717 4749//4749 
f 4751//4751 4719//4719 4718//4718 
f 4751//4751 4718//4718 4750//4750 
f 4752//4752 4720//4720 4719//4719 
f 4752//4752 4719//4719 4751//4751 
f 4753//4753 4721//4721 4720//4720 
f 4753//4753 4720//4720 4752//4752 
f 4754//4754 4722//4722 4721//4721 
f 4754//4754 4721//4721 4753//4753 
f 4755//4755 4723//4723 4722//4722 
f 4755//4755 4722//4722 4754//4754 
f 4756//4756 4724//4724 4723//4723 
f 4756//4756 4723//4723 4755//4755 
f 4757//4757 4725//4725 4724//4724 
f 4757//4757 4724//4724 4756//4756 
f 4758//4758 4726//4726 4725//4725 
f 4758//4758 4725//4725 4757//4757 
f 4759//4759 4727//4727 4726//4726 
f 4759//4759 4726//4726 4758//4758 
f 4760//4760 4728//4728 4727//4727 
f 4760//4760 4727//4727 4759//4759 
f 4761//4761 4729//4729 4728//4728 
f 4761//4761 4728//4728 4760//4760 
f 4762//4762 4730//4730 4729//4729 
f 4762//4762 4729//4729 4761//4761 
f 4763//4763 4731//4731 4730//4730 
f 4763//4763 4730//4730 4762//4762 
f 4764//4764 4732//4732 4731//4731 
f 4764//4764 4731//4731 4763//4763 
f 4765//4765 4733//4733 4732//4732 
f 4765//4765 4732//4732 4764//4764 
f 4766//4766 4734//4734 4733//4733 
f 4766//4766 4733//4733 4765//4765 
f 4767//4767 4735//4735 4734//4734 
f 4767//4767 4734//4734 4766//4766 
f 4768//4768 4736//4736 4735//4735 
f 4768//4768 4735//4735 4767//4767 
f 4769//4769 4737//4737 4736//4736 
f 4769//4769 4736//4736 4768//4768 
f 4770//4770 4738//4738 4737//4737 
f 4770//4770 4737//4737 4769//4769 
f 4771//4771 4739//4739 4738//4738 
f 4771//4771 4738//4738 4770//4770 
f 4772//4772 4740//4740 4739//4739 
f 4772//4772 4739//4739 4771//4771 
f 4773//4773 4741//4741 4740//4740 
f 4773//4773 4740//4740 4772//4772 
f 4774//4774 4742//4742 4741//4741 
f 4774//4774 4741//4741 4773//4773 
f 4744//4744 4712//4712 4742//4742 
f 4744//4744 4742//4742 4774//4774 
f 4775//4775 4743//4743 4744//4744 
f 4775//4775 4744//4744 4776//4776 
f 4777//4777 4745//4745 4743//4743 
f 4777//4777 4743//4743 4775//4775 
f 4778//4778 4746//4746 4745//4745 
f 4778//4778 4745//4745 4777//4777 
f 4779//4779 4747//4747 4746//4746 
f 4779//4779 4746//4746 4778//4778 
f 4780//4780 4748//4748 4747//4747 
f 4780//4780 4747//4747 4779//4779 
f 4781//4781 4749//4749 4748//4748 
f 4781//4781 4748//4748 4780//4780 
f 4782//4782 4750//4750 4749//4749 
f 4782//4782 4749//4749 4781//4781 
f 4783//4783 4751//4751 4750//4750 
f 4783//4783 4750//4750 4782//4782 
f 4784//4784 4752//4752 4751//4751 
f 4784//4784 4751//4751 4783//4783 
f 4785//4785 4753//4753 4752//4752 
f 4785//4785 4752//4752 4784//4784 
f 4786//4786 4754//4754 4753//4753 
f 4786//4786 4753//4753 4785//4785 
f 4787//4787 4755//4755 4754//4754 
f 4787//4787 4754//4754 4786//4786 
f 4788//4788 4756//4756 4755//4755 
f 4788//4788 4755//4755 4787//4787 
f 4789//4789 4757//4757 4756//4756 
f 4789//4789 4756//4756 4788//4788 
f 4790//4790 4758//4758 4757//4757 
f 4790//4790 4757//4757 4789//4789 
f 4791//4791 4759//4759 4758//4758 
f 4791//4791 4758//4758 4790//4790 
f 4792//4792 4760//4760 4759//4759 
f 4792//4792 4759//4759 4791//4791 
f 4793//4793 4761//4761 4760//4760 
f 4793//4793 4760//4760 4792//4792 
f 4794//4794 4762//4762 4761//4761 
f 4794//4794 4761//4761 4793//4793 
f 4795//4795 4763//4763 4762//4762 
f 4795//4795 4762//4762 4794//4794 
f 4796//4796 4764//4764 4763//4763 
f 4796//4796 4763//4763 4795//4795 
f 4797//4797 4765//4765 4764//4764 
f 4797//4797 4764//4764 4796//4796 
f 4798//4798 4766//4766 4765//4765 
f 4798//4798 4765//4765 4797//4797 
f 4799//4799 4767//4767 4766//4766 
f 4799//4799 4766//4766 4798//4798 
f 4800//4800 4768//4768 4767//4767 
f 4800//4800 4767//4767 4799//4799 
f 4801//4801 4769//4769 4768//4768 
f 4801//4801 4768//4768 4800//4800 
f 4802//4802 4770//4770 4769//4769 
f 4802//4802 4769//4769 4801//4801 
f 4803//4803 4771//4771 4770//4770 
f 4803//4803 4770//4770 4802//4802 
f 4804//4804 4772//4772 4771//4771 
f 4804//4804 4771//4771 4803//4803 
f 4805//4805 4773//4773 4772//4772 
f 4805//4805 4772//4772 4804//4804 
f 4806//4806 4774//4774 4773//4773 
f 4806//4806 4773//4773 4805//4805 
f 4776//4776 4744//4744 4774//4774 
f 4776//4776 4774//4774 4806//4806 
f 4807//4807 4775//4775 4776//4776 
f 4807//4807 4776//4776 4808//4808 
f 4809//4809 4777//4777 4775//4775 
f 4809//4809 4775//4775 4807//4807 
f 4810//4810 4778//4778 4777//4777 
f 4810//4810 4777//4777 4809//4809 
f 4811//4811 4779//4779 4778//4778 
f 4811//4811 4778//4778 4810//4810 
f 4812//4812 4780//4780 4779//4779 
f 4812//4812 4779//4779 4811//4811 
f 4813//4813 4781//4781 4780//4780 
f 4813//4813 4780//4780 4812//4812 
f 4814//4814 4782//4782 4781//4781 
f 4814//4814 4781//4781 4813//4813 
f 4815//4815 4783//4783 4782//4782 
f 4815//4815 4782//4782 4814//4814 
f 4816//4816 4784//4784 4783//4783 
f 4816//4816 4783//4783 4815//4815 
f 4817//4817 4785//4785 4784//4784 
f 4817//4817 4784//4784 4816//4816 
f 4818//4818 4786//4786 4785//4785 
f 4818//4818 4785//4785 4817//4817 
f 4819//4819 4787//4787 4786//4786 
f 4819//4819 4786//4786 4818//4818 
f 4820//4820 4788//4788 4787//4787 
f 4820//4820 4787//4787 4819//4819 
f 4821//4821 4789//4789 4788//4788 
f 4821//4821 4788//4788 4820//4820 
f 4822//4822 4790//4790 4789//4789 
f 4822//4822 4789//4789 4821//4821 
f 4823//4823 4791//4791 4790//4790 
f 4823//4823 4790//4790 4822//4822 
f 4824//4824 4792//4792 4791//4791 
f 4824//4824 4791//4791 4823//4823 
f 4825//4825 4793//4793 4792//4792 
f 4825//4825 4792//4792 4824//4824 
f 4826//4826 4794//4794 4793//4793 
f 4826//4826 4793//4793 4825//4825 
f 4827//4827 4795//4795 4794//4794 
f 4827//4827 4794//4794 4826//4826 
f 4828//4828 4796//4796 4795//4795 
f 4828//4828 4795//4795 4827//4827 
f 4829//4829 4797//4797 4796//4796 
f 4829//4829 4796//4796 4828//4828 
f 4830//4830 4798//4798 4797//4797 
f 4830//4830 4797//4797 4829//4829 
f 4831//4831 4799//4799 4798//4798 
f 4831//4831 4798//4798 4830//4830 
f 4832//4832 4800//4800 4799//4799 
f 4832//4832 4799//4799 4831//4831 
f 4833//4833 4801//4801 4800//4800 
f 4833//4833 4800//4800 4832//4832 
f 4834//4834 4802//4802 4801//4801 
f 4834//4834 4801//4801 4833//4833 
f 4835//4835 4803//4803 4802//4802 
f 4835//4835 4802//4802 4834//4834 
f 4836//4836 4804//4804 4803//4803 
f 4836//4836 4803//4803 4835//4835 
f 4837//4837 4805//4805 4804//4804 
f 4837//4837 4804//4804 4836//4836 
f 4838//4838 4806//4806 4805//4805 
f 4838//4838 4805//4805 4837//4837 
f 4808//4808 4776//4776 4806//4806 
f 4808//4808 4806//4806 4838//4838 
f 4839//4839 4807//4807 4808//4808 
f 4839//4839 4808//4808 4840//4840 
f 4841//4841 4809//4809 4807//4807 
f 4841//4841 4807//4807 4839//4839 
f 4842//4842 4810//4810 4809//4809 
f 4842//4842 4809//4809 4841//4841 
f 4843//4843 4811//4811 4810//4810 
f 4843//4843 4810//4810 4842//4842 
f 4844//4844 4812//4812 4811//4811 
f 4844//4844 4811//4811 4843//4843 
f 4845//4845 4813//4813 4812//4812 
f 4845//4845 4812//4812 4844//4844 
f 4846//4846 4814//4814 4813//4813 
f 4846//4846 4813//4813 4845//4845 
f 4847//4847 4815//4815 4814//4814 
f 4847//4847 4814//4814 4846//4846 
f 4848//4848 4816//4816 4815//4815 
f 4848//4848 4815//4815 4847//4847 
f 4849//4849 4817//4817 4816//4816 
f 4849//4849 4816//4816 4848//4848 
f 4850//4850 4818//4818 4817//4817 
f 4850//4850 4817//4817 4849//4849 
f 4851//4851 4819//4819 4818//4818 
f 4851//4851 4818//4818 4850//4850 
f 4852//4852 4820//4820 4819//4819 
f 4852//4852 4819//4819 4851//4851 
f 4853//4853 4821//4821 4820//4820 
f 4853//4853 4820//4820 4852//4852 
f 4854//4854 4822//4822 4821//4821 
f 4854//4854 4821//4821 4853//4853 
f 4855//4855 4823//4823 4822//4822 
f 4855//4855 4822//4822 4854//4854 
f 4856//4856 4824//4824 4823//4823 
f 4856//4856 4823//4823 4855//4855 
f 4857//4857 4825//4825 4824//4824 
f 4857//4857 4824//4824 4856//4856 
f 4858//4858 4826//4826 4825//4825 
f 4858//4858 4825//4825 4857//4857 
f 4859//4859 4827//4827 4826//4826 
f 4859//4859 4826//4826 4858//4858 
f 4860//4860 4828//4828 4827//4827 
f 4860//4860 4827//4827 4859//4859 
f 4861//4861 4829//4829 4828//4828 
f 4861//4861 4828//4828 4860//4860 
f 4862//4862 4830//4830 4829//4829 
f 4862//4862 4829//4829 4861//4861 
f 4863//4863 4831//4831 4830//4830 
f 4863//4863 4830//4830 4862//4862 
f 4864//4864 4832//4832 4831//4831 
f 4864//4864 4831//4831 4863//4863 
f 4865//4865 4833//4833 4832//4832 
f 4865//4865 4832//4832 4864//4864 
f 4866//4866 4834//4834 4833//4833 
f 4866//4866 4833//4833 4865//4865 
f 4867//4867 4835//4835 4834//4834 
f 4867//4867 4834//4834 4866//4866 
f 4868//4868 4836//4836 4835//4835 
f 4868//4868 4835//4835 4867//4867 
f 4869//4869 4837//4837 4836//4836 
f 4869//4869 4836//4836 4868//4868 
f 4870//4870 4838//4838 4837//4837 
f 4870//4870 4837//4837 4869//4869 
f 4840//4840 4808//4808 4838//4838 
f 4840//4840 4838//4838 4870//4870 
f 4871//4871 4839//4839 4840//4840 
f 4871//4871 4840//4840 4872//4872 
f 4873//4873 4841//4841 4839//4839 
f 4873//4873 4839//4839 4871//4871 
f 4874//4874 4842//4842 4841//4841 
f 4874//4874 4841//4841 4873//4873 
f 4875//4875 4843//4843 4842//4842 
f 4875//4875 4842//4842 4874//4874 
f 4876//4876 4844//4844 4843//4843 
f 4876//4876 4843//4843 4875//4875 
f 4877//4877 4845//4845 4844//4844 
f 4877//4877 4844//4844 4876//4876 
f 4878//4878 4846//4846 4845//4845 
f 4878//4878 4845//4845 4877//4877 
f 4879//4879 4847//4847 4846//4846 
f 4879//4879 4846//4846 4878//4878 
f 4880//4880 4848//4848 4847//4847 
f 4880//4880 4847//4847 4879//4879 
f 4881//4881 4849//4849 4848//4848 
f 4881//4881 4848//4848 4880//4880 
f 4882//4882 4850//4850 4849//4849 
f 4882//4882 4849//4849 4881//4881 
f 4883//4883 4851//4851 4850//4850 
f 4883//4883 4850//4850 4882//4882 
f 4884//4884 4852//4852 4851//4851 
f 4884//4884 4851//4851 4883//4883 
f 4885//4885 4853//4853 4852//4852 
f 4885//4885 4852//4852 4884//4884 
f 4886//4886 4854//4854 4853//4853 
f 4886//4886 4853//4853 4885//4885 
f 4887//4887 4855//4855 4854//4854 
f 4887//4887 4854//4854 4886//4886 
f 4888//4888 4856//4856 4855//4855 
f 4888//4888 4855//4855 4887//4887 
f 4889//4889 4857//4857 4856//4856 
f 4889//4889 4856//4856 4888//4888 
f 4890//4890 4858//4858 4857//4857 
f 4890//4890 4857//4857 4889//4889 
f 4891//4891 4859//4859 4858//4858 
f 4891//4891 4858//4858 4890//4890 
f 4892//4892 4860//4860 4859//4859 
f 4892//4892 4859//4859 4891//4891 
f 4893//4893 4861//4861 4860//4860 
f 4893//4893 4860//4860 4892//4892 
f 4894//4894 4862//4862 4861//4861 
f 4894//4894 4861//4861 4893//4893 
f 4895//4895 4863//4863 4862//4862 
f 4895//4895 4862//4862 4894//4894 
f 4896//4896 4864//4864 4863//4863 
f 4896//4896 4863//4863 4895//4895 
f 4897//4897 4865//4865 4864//4864 
f 4897//4897 4864//4864 4896//4896 
f 4898//4898 4866//4866 4865//4865 
f 4898//4898 4865//4865 4897//4897 
f 4899//4899 4867//4867 4866//4866 
f 4899//4899 4866//4866 4898//4898 
f 4900//4900 4868//4868 4867//4867 
f 4900//4900 4867//4867 4899//4899 
f 4901//4901 4869//4869 4868//4868 
f 4901//4901 4868//4868 4900//4900 
f 4902//4902 4870//4870 4869//4869 
f 4902//4902 4869//4869 4901//4901 
f 4872//4872 4840//4840 4870//4870 
f 4872//4872 4870//4870 4902//4902 
f 4903//4903 4871//4871 4872//4872 
f 4903//4903 4872//4872 4904//4904 
f 4905//4905 4873//4873 4871//4871 
f 4905//4905 4871//4871 4903//4903 
f 4906//4906 4874//4874 4873//4873 
f 4906//4906 4873//4873 4905//4905 
f 4907//4907 4875//4875 4874//4874 
f 4907//4907 4874//4874 4906//4906 
f 4908//4908 4876//4876 4875//4875 
f 4908//4908 4875//4875 4907//4907 
f 4909//4909 4877//4877 4876//4876 
f 4909//4909 4876//4876 4908//4908 
f 4910//4910 4878//4878 4877//4877 
f 4910//4910 4877//4877 4909//4909 
f 4911//4911 4879//4879 4878//4878 
f 4911//4911 4878//4878 4910//4910 
f 4912//4912 4880//4880 4879//4879 
f 4912//4912 4879//4879 4911//4911 
f 4913//4913 4881//4881 4880//4880 
f 4913//4913 4880//4880 4912//4912 
f 4914//4914 4882//4882 4881//4881 
f 4914//4914 4881//4881 4913//4913 
f 4915//4915 4883//4883 4882//4882 
f 4915//4915 4882//4882 4914//4914 
f 4916//4916 4884//4884 4883//4883 
f 4916//4916 4883//4883 4915//4915 
f 4917//4917 4885//4885 4884//4884 
f 4917//4917 4884//4884 4916//4916 
f 4918//4918 4886//4886 4885//4885 
f 4918//4918 4885//4885 4917//4917 
f 4919//4919 4887//4887 4886//4886 
f 4919//4919 4886//4886 4918//4918 
f 4920//4920 4888//4888 4887//4887 
f 4920//4920 4887//4887 4919//4919 
f 4921//4921 4889//4889 4888//4888 
f 4921//4921 4888//4888 4920//4920 
f 4922//4922 4890//4890 4889//4889 
f 4922//4922 4889//4889 4921//4921 
f 4923//4923 4891//4891 4890//4890 
f 4923//4923 4890//4890 4922//4922 
f 4924//4924 4892//4892 4891//4891 
f 4924//4924 4891//4891 4923//4923 
f 4925//4925 4893//4893 4892//4892 
f 4925//4925 4892//4892 4924//4924 
f 4926//4926 4894//4894 4893//4893 
f 4926//4926 4893//4893 4925//4925 
f 4927//4927 4895//4895 4894//4894 
f 4927//4927 4894//4894 4926//4926 
f 4928//4928 4896//4896 4895//4895 
f 4928//4928 4895//4895 4927//4927 
f 4929//4929 4897//4897 4896//4896 
f 4929//4929 4896//4896 4928//4928 
f 4930//4930 4898//4898 4897//4897 
f 4930//4930 4897//4897 4929//4929 
f 4931//4931 4899//4899 4898//4898 
f 4931//4931 4898//4898 4930//4930 
f 4932//4932 4900//4900 4899//4899 
f 4932//4932 4899//4899 4931//4931 
f 4933//4933 4901//4901 4900//4900 
f 4933//4933 4900//4900 4932//4932 
f 4934//4934 4902//4902 4901//4901 
f 4934//4934 4901//4901 4933//4933 
f 4904//4904 4872//4872 4902//4902 
f 4904//4904 4902//4902 4934//4934 
f 4935//4935 4903//4903 4904//4904 
f 4935//4935 4904//4904 4936//4936 
f 4937//4937 4905//4905 4903//4903 
f 4937//4937 4903//4903 4935//4935 
f 4938//4938 4906//4906 4905//4905 
f 4938//4938 4905//4905 4937//4937 
f 4939//4939 4907//4907 4906//4906 
f 4939//4939 4906//4906 4938//4938 
f 4940//4940 4908//4908 4907//4907 
f 4940//4940 4907//4907 4939//4939 
f 4941//4941 4909//4909 4908//4908 
f 4941//4941 4908//4908 4940//4940 
f 4942//4942 4910//4910 4909//4909 
f 4942//4942 4909//4909 4941//4941 
f 4943//4943 4911//4911 4910//4910 
f 4943//4943 4910//4910 4942//4942 
f 4944//4944 4912//4912 4911//4911 
f 4944//4944 4911//4911 4943//4943 
f 4945//4945 4913//4913 4912//4912 
f 4945//4945 4912//4912 4944//4944 
f 4946//4946 4914//4914 4913//4913 
f 4946//4946 4913//4913 4945//4945 
f 4947//4947 4915//4915 4914//4914 
f 4947//4947 4914//4914 4946//4946 
f 4948//4948 4916//4916 4915//4915 
f 4948//4948 4915//4915 4947//4947 
f 4949//4949 4917//4917 4916//4916 
f 4949//4949 4916//4916 4948//4948 
f 4950//4950 4918//4918 4917//4917 
f 4950//4950 4917//4917 4949//4949 
f 4951//4951 4919//4919 4918//4918 
f 4951//4951 4918//4918 4950//4950 
f 4952//4952 4920//4920 4919//4919 
f 4952//4952 4919//4919 4951//4951 
f 4953//4953 4921//4921 4920//4920 
f 4953//4953 4920//4920 4952//4952 
f 4954//4954 4922//4922 4921//4921 
f 4954//4954 4921//4921 4953//4953 
f 4955//4955 4923//4923 4922//4922 
f 4955//4955 4922//4922 4954//4954 
f 4956//4956 4924//4924 4923//4923 
f 4956//4956 4923//4923 4955//4955 
f 4957//4957 4925//4925 4924//4924 
f 4957//4957 4924//4924 4956//4956 
f 4958//4958 4926//4926 4925//4925 
f 4958//4958 4925//4925 4957//4957 
f 4959//4959 4927//4927 4926//4926 
f 4959//4959 4926//4926 4958//4958 
f 4960//4960 4928//4928 4927//4927 
f 4960//4960 4927//4927 4959//4959 
f 4961//4961 4929//4929 4928//4928 
f 4961//4961 4928//4928 4960//4960 
f 4962//4962 4930//4930 4929//4929 
f 4962//4962 4929//4929 4961//4961 
f 4963//4963 4931//4931 4930//4930 
f 4963//4963 4930//4930 4962//4962 
f 4964//4964 4932//4932 4931//4931 
f 4964//4964 4931//4931 4963//4963 
f 4965//4965 4933//4933 4932//4932 
f 4965//4965 4932//4932 4964//4964 
f 4966//4966 4934//4934 4933//4933 
f 4966//4966 4933//4933 4965//4965 
f 4936//4936 4904//4904 4934//4934 
f 4936//4936 4934//4934 4966//4966 
f 4967//4967 4935//4935 4936//4936 
f 4967//4967 4936//4936 4968//4968 
f 4969//4969 4937//4937 4935//4935 
f 4969//4969 4935//4935 4967//4967 
f 4970//4970 4938//4938 4937//4937 
f 4970//4970 4937//4937 4969//4969 
f 4971//4971 4939//4939 4938//4938 
f 4971//4971 4938//4938 4970//4970 
f 4972//4972 4940//4940 4939//4939 
f 4972//4972 4939//4939 4971//4971 
f 4973//4973 4941//4941 4940//4940 
f 4973//4973 4940//4940 4972//4972 
f 4974//4974 4942//4942 4941//4941 
f 4974//4974 4941//4941 4973//4973 
f 4975//4975 4943//4943 4942//4942 
f 4975//4975 4942//4942 4974//4974 
f 4976//4976 4944//4944 4943//4943 
f 4976//4976 4943//4943 4975//4975 
f 4977//4977 4945//4945 4944//4944 
f 4977//4977 4944//4944 4976//4976 
f 4978//4978 4946//4946 4945//4945 
f 4978//4978 4945//4945 4977//4977 
f 4979//4979 4947//4947 4946//4946 
f 4979//4979 4946//4946 4978//4978 
f 4980//4980 4948//4948 4947//4947 
f 4980//4980 4947//4947 4979//4979 
f 4981//4981 4949//4949 4948//4948 
f 4981//4981 4948//4948 4980//4980 
f 4982//4982 4950//4950 4949//4949 
f 4982//4982 4949//4949 4981//4981 
f 4983//4983 4951//4951 4950//4950 
f 4983//4983 4950//4950 4982//4982 
f 4984//4984 4952//4952 4951//4951 
f 4984//4984 4951//4951 4983//4983 
f 4985//4985 4953//4953 4952//4952 
f 4985//4985 4952//4952 4984//4984 
f 4986//4986 4954//4954 4953//4953 
f 4986//4986 4953//4953 4985//4985 
f 4987//4987 4955//4955 4954//4954 
f 4987//4987 4954//4954 4986//4986 
f 4988//4988 4956//4956 4955//4955 
f 4988//4988 4955//4955 4987//4987 
f 4989//4989 4957//4957 4956//4956 
f 4989//4989 4956//4956 4988//4988 
f 4990//4990 4958//4958 4957//4957 
f 4990//4990 4957//4957 4989//4989 
f 4991//4991 4959//4959 4958//4958 
f 4991//4991 4958//4958 4990//4990 
f 4992//4992 4960//4960 4959//4959 
f 4992//4992 4959//4959 4991//4991 
f 4993//4993 4961//4961 4960//4960 
f 4993//4993 4960//4960 4992//4992 
f 4994//4994 4962//4962 4961//4961 
f 4994//4994 4961//4961 4993//4993 
f 4995//4995 4963//4963 4962//4962 
f 4995//4995 4962//4962 4994//4994 
f 4996//4996 4964//4964 4963//4963 
f 4996//4996 4963//4963 4995//4995 
f 4997//4997 4965//4965 4964//4964 
f 4997//4997 4964//4964 4996//4996 
f 4998//4998 4966//4966 4965//4965 
f 4998//4998 4965//4965 4997//4997 
f 4968//4968 4936//4936 4966//4966 
f 4968//4968 4966//4966 4998//4998 
f 4999//4999 4967//4967 4968//4968 
f 4999//4999 4968//4968 5000//5000 
f 5001//5001 4969//4969 4967//4967 
f 5001//5001 4967//4967 4999//4999 
f 5002//5002 4970//4970 4969//4969 
f 5002//5002 4969//4969 5001//5001 
f 5003//5003 4971//4971 4970//4970 
f 5003//5003 4970//4970 5002//5002 
f 5004//5004 4972//4972 4971//4971 
f 5004//5004 4971//4971 5003//5003 
f 5005//5005 4973//4973 4972//4972 
f 5005//5005 4972//4972 5004//5004 
f 5006//5006 4974//4974 4973//4973 
f 5006//5006 4973//4973 5005//5005 
f 5007//5007 4975//4975 4974//4974 
f 5007//5007 4974//4974 5006//5006 
f 5008//5008 4976//4976 4975//4975 
f 5008//5008 4975//4975 5007//5007 
f 5009//5009 4977//4977 4976//4976 
f 5009//5009 4976//4976 5008//5008 
f 5010//5010 4978//4978 4977//4977 
f 5010//5010 4977//4977 5009//5009 
f 5011//5011 4979//4979 4978//4978 
f 5011//5011 4978//4978 5010//5010 
f 5012//5012 4980//4980 4979//4979 
f 5012//5012 4979//4979 5011//5011 
f 5013//5013 4981//4981 4980//4980 
f 5013//5013 4980//4980 5012//5012 
f 5014//5014 4982//4982 4981//4981 
f 5014//5014 4981//4981 5013//5013 
f 5015//5015 4983//4983 4982//4982 
f 5015//5015 4982//4982 5014//5014 
f 5016//5016 4984//4984 4983//4983 
f 5016//5016 4983//4983 5015//5015 
f 5017//5017 4985//4985 4984//4984 
f 5017//5017 4984//4984 5016//5016 
f 5018//5018 4986//4986 4985//4985 
f 5018//5018 4985//4985 5017//5017 
f 5019//5019 4987//4987 4986//4986 
f 5019//5019 4986//4986 5018//5018 
f 5020//5020 4988//4988 4987//4987 
f 5020//5020 4987//4987 5019//5019 
f 5021//5021 4989//4989 4988//4988 
f 5021//5021 4988//4988 5020//5020 
f 5022//5022 4990//4990 4989//4989 
f 5022//5022 4989//4989 5021//5021 
f 5023//5023 4991//4991 4990//4990 
f 5023//5023 4990//4990 5022//5022 
f 5024//5024 4992//4992 4991//4991 
f 5024//5024 4991//4991 5023//5023 
f 5025//5025 4993//4993 4992//4992 
f 5025//5025 4992//4992 5024//5024 
f 5026//5026 4994//4994 4993//4993 
f 5026//5026 4993//4993 5025//5025 
f 5027//5027 4995//4995 4994//4994 
f 5027//5027 4994//4994 5026//5026 
f 5028//5028 4996//4996 4995//4995 
f 5028//5028 4995//4995 5027//5027 
f 5029//5029 4997//4997 4996//4996 
f 5029//5029 4996//4996 5028//5028 
f 5030//5030 4998//4998 4997//4997 
f 5030//5030 4997//4997 5029//5029 
f 5000//5000 4968//4968 4998//4998 
f 5000//5000 4998//4998 5030//5030 
f 5031//5031 4999//4999 5000//5000 
f 5031//5031 5000//5000 5032//5032 
f 5033//5033 5001//5001 4999//4999 
f 5033//5033 4999//4999 5031//5031 
f 5034//5034 5002//5002 5001//5001 
f 5034//5034 5001//5001 5033//5033 
f 5035//5035 5003//5003 5002//5002 
f 5035//5035 5002//5002 5034//5034 
f 5036//5036 5004//5004 5003//5003 
f 5036//5036 5003//5003 5035//5035 
f 5037//5037 5005//5005 5004//5004 
f 5037//5037 5004//5004 5036//5036 
f 5038//5038 5006//5006 5005//5005 
f 5038//5038 5005//5005 5037//5037 
f 5039//5039 5007//5007 5006//5006 
f 5039//5039 5006//5006 5038//5038 
f 5040//5040 5008//5008 5007//5007 
f 5040//5040 5007//5007 5039//5039 
f 5041//5041 5009//5009 5008//5008 
f 5041//5041 5008//5008 5040//5040 
f 5042//5042 5010//5010 5009//5009 
f 5042//5042 5009//5009 5041//5041 
f 5043//5043 5011//5011 5010//5010 
f 5043//5043 5010//5010 5042//5042 
f 5044//5044 5012//5012 5011//5011 
f 5044//5044 5011//5011 5043//5043 
f 5045//5045 5013//5013 5012//5012 
f 5045//5045 5012//5012 5044//5044 
f 5046//5046 5014//5014 5013//5013 
f 5046//5046 5013//5013 5045//5045 
f 5047//5047 5015//5015 5014//5014 
f 5047//5047 5014//5014 5046//5046 
f 5048//5048 5016//5016 5015//5015 
f 5048//5048 5015//5015 5047//5047 
f 5049//5049 5017//5017 5016//5016 
f 5049//5049 5016//5016 5048//5048 
f 5050//5050 5018//5018 5017//5017 
f 5050//5050 5017//5017 5049//5049 
f 5051//5051 5019//5019 5018//5018 
f 5051//5051 5018//5018 5050//5050 
f 5052//5052 5020//5020 5019//5019 
f 5052//5052 5019//5019 5051//5051 
f 5053//5053 5021//5021 5020//5020 
f 5053//5053 5020//5020 5052//5052 
f 5054//5054 5022//5022 5021//5021 
f 5054//5054 5021//5021 5053//5053 
f 5055//5055 5023//5023 5022//5022 
f 5055//5055 5022//5022 5054//5054 
f 5056//5056 5024//5024 5023//5023 
f 5056//5056 5023//5023 5055//5055 
f 5057//5057 5025//5025 5024//5024 
f 5057//5057 5024//5024 5056//5056 
f 5058//5058 5026//5026 5025//5025 
f 5058//5058 5025//5025 5057//5057 
f 5059//5059 5027//5027 5026//5026 
f 5059//5059 5026//5026 5058//5058 
f 5060//5060 5028//5028 5027//5027 
f 5060//5060 5027//5027 5059//5059 
f 5061//5061 5029//5029 5028//5028 
f 5061//5061 5028//5028 5060//5060 
f 5062//5062 5030//5030 5029//5029 
f 5062//5062 5029//5029 5061//5061 
f 5032//5032 5000//5000 5030//5030 
f 5032//5032 5030//5030 5062//5062 
f 5063//5063 5031//5031 5032//5032 
f 5063//5063 5032//5032 5064//5064 
f 5065//5065 5033//5033 5031//5031 
f 5065//5065 5031//5031 5063//5063 
f 5066//5066 5034//5034 5033//5033 
f 5066//5066 5033//5033 5065//5065 
f 5067//5067 5035//5035 5034//5034 
f 5067//5067 5034//5034 5066//5066 
f 5068//5068 5036//5036 5035//5035 
f 5068//5068 5035//5035 5067//5067 
f 5069//5069 5037//5037 5036//5036 
f 5069//5069 5036//5036 5068//5068 
f 5070//5070 5038//5038 5037//5037 
f 5070//5070 5037//5037 5069//5069 
f 5071//5071 5039//5039 5038//5038 
f 5071//5071 5038//5038 5070//5070 
f 5072//5072 5040//5040 5039//5039 
f 5072//5072 5039//5039 5071//5071 
f 5073//5073 5041//5041 5040//5040 
f 5073//5073 5040//5040 5072//5072 
f 5074//5074 5042//5042 5041//5041 
f 5074//5074 5041//5041 5073//5073 
f 5075//5075 5043//5043 5042//5042 
f 5075//5075 5042//5042 5074//5074 
f 5076//5076 5044//5044 5043//5043 
f 5076//5076 5043//5043 5075//5075 
f 5077//5077 5045//5045 5044//5044 
f 5077//5077 5044//5044 5076//5076 
f 5078//5078 5046//5046 5045//5045 
f 5078//5078 5045//5045 5077//5077 
f 5079//5079 5047//5047 5046//5046 
f 5079//5079 5046//5046 5078//5078 
f 5080//5080 5048//5048 5047//5047 
f 5080//5080 5047//5047 5079//5079 
f 5081//5081 5049//5049 5048//5048 
f 5081//5081 5048//5048 5080//5080 
f 5082//5082 5050//5050 5049//5049 
f 5082//5082 5049//5049 5081//5081 
f 5083//5083 5051//5051 5050//5050 
f 5083//5083 5050//5050 5082//5082 
f 5084//5084 5052//5052 5051//5051 
f 5084//5084 5051//5051 5083//5083 
f 5085//5085 5053//5053 5052//5052 
f 5085//5085 5052//5052 5084//5084 
f 5086//5086 5054//5054 5053//5053 
f 5086//5086 5053//5053 5085//5085 
f 5087//5087 5055//5055 5054//5054 
f 5087//5087 5054//5054 5086//5086 
f 5088//5088 5056//5056 5055//5055 
f 5088//5088 5055//5055 5087//5087 
f 5089//5089 5057//5057 5056//5056 
f 5089//5089 5056//5056 5088//5088 
f 5090//5090 5058//5058 5057//5057 
f 5090//5090 5057//5057 5089//5089 
f 5091//5091 5059//5059 5058//5058 
f 5091//5091 5058//5058 5090//5090 
f 5092//5092 5060//5060 5059//5059 
f 5092//5092 5059//5059 5091//5091 
f 5093//5093 5061//5061 5060//5060 
f 5093//5093 5060//5060 5092//5092 
f 5094//5094 5062//5062 5061//5061 
f 5094//5094 5061//5061 5093//5093 
f 5064//5064 5032//5032 5062//5062 
f 5064//5064 5062//5062 5094//5094 
f 5095//5095 5063//5063 5064//5064 
f 5095//5095 5064//5064 5096//5096 
f 5097//5097 5065//5065 5063//5063 
f 5097//5097 5063//5063 5095//5095 
f 5098//5098 5066//5066 5065//5065 
f 5098//5098 5065//5065 5097//5097 
f 5099//5099 5067//5067 5066//5066 
f 5099//5099 5066//5066 5098//5098 
f 5100//5100 5068//5068 5067//5067 
f 5100//5100 5067//5067 5099//5099 
f 5101//5101 5069//5069 5068//5068 
f 5101//5101 5068//5068 5100//5100 
f 5102//5102 5070//5070 5069//5069 
f 5102//5102 5069//5069 5101//5101 
f 5103//5103 5071//5071 5070//5070 
f 5103//5103 5070//5070 5102//5102 
f 5104//5104 5072//5072 5071//5071 
f 5104//5104 5071//5071 5103//5103 
f 5105//5105 5073//5073 5072//5072 
f 5105//5105 5072//5072 5104//5104 
f 5106//5106 5074//5074 5073//5073 
f 5106//5106 5073//5073 5105//5105 
f 5107//5107 5075//5075 5074//5074 
f 5107//5107 5074//5074 5106//5106 
f 5108//5108 5076//5076 5075//5075 
f 5108//5108 5075//5075 5107//5107 
f 5109//5109 5077//5077 5076//5076 
f 5109//5109 5076//5076 5108//5108 
f 5110//5110 5078//5078 5077//5077 
f 5110//5110 5077//5077 5109//5109 
f 5111//5111 5079//5079 5078//5078 
f 5111//5111 5078//5078 5110//5110 
f 5112//5112 5080//5080 5079//5079 
f 5112//5112 5079//5079 5111//5111 
f 5113//5113 5081//5081 5080//5080 
f 5113//5113 5080//5080 5112//5112 
f 5114//5114 5082//5082 5081//5081 
f 5114//5114 5081//5081 5113//5113 
f 5115//5115 5083//5083 5082//5082 
f 5115//5115 5082//5082 5114//5114 
f 5116//5116 5084//5084 5083//5083 
f 5116//5116 5083//5083 5115//5115 
f 5117//5117 5085//5085 5084//5084 
f 5117//5117 5084//5084 5116//5116 
f 5118//5118 5086//5086 5085//5085 
f 5118//5118 5085//5085 5117//5117 
f 5119//5119 5087//5087 5086//5086 
f 5119//5119 5086//5086 5118//5118 
f 5120//5120 5088//5088 5087//5087 
f 5120//5120 5087//5087 5119//5119 
f 5121//5121 5089//5089 5088//5088 
f 5121//5121 5088//5088 5120//5120 
f 5122//5122 5090//5090 5089//5089 
f 5122//5122 5089//5089 5121//5121 
f 5123//5123 5091//5091 5090//5090 
f 5123//5123 5090//5090 5122//5122 
f 5124//5124 5092//5092 5091//5091 
f 5124//5124 5091//5091 5123//5123 
f 5125//5125 5093//5093 5092//5092 
f 5125//5125 5092//5092 5124//5124 
f 5126//5126 5094//5094 5093//5093 
f 5126//5126 5093//5093 5125//5125 
f 5096//5096 5064//5064 5094//5094 
f 5096//5096 5094//5094 5126//5126 
f 5127//5127 5095//5095 5096//5096 
f 5127//5127 5096//5096 5128//5128 
f 5129//5129 5097//5097 5095//5095 
f 5129//5129 5095//5095 5127//5127 
f 5130//5130 5098//5098 5097//5097 
f 5130//5130 5097//5097 5129//5129 
f 5131//5131 5099//5099 5098//5098 
f 5131//5131 5098//5098 5130//5130 
f 5132//5132 5100//5100 5099//5099 
f 5132//5132 5099//5099 5131//5131 
f 5133//5133 5101//5101 5100//5100 
f 5133//5133 5100//5100 5132//5132 
f 5134//5134 5102//5102 5101//5101 
f 5134//5134 5101//5101 5133//5133 
f 5135//5135 5103//5103 5102//5102 
f 5135//5135 5102//5102 5134//5134 
f 5136//5136 5104//5104 5103//5103 
f 5136//5136 5103//5103 5135//5135 
f 5137//5137 5105//5105 5104//5104 
f 5137//5137 5104//5104 5136//5136 
f 5138//5138 5106//5106 5105//5105 
f 5138//5138 5105//5105 5137//5137 
f 5139//5139 5107//5107 5106//5106 
f 5139//5139 5106//5106 5138//5138 
f 5140//5140 5108//5108 5107//5107 
f 5140//5140 5107//5107 5139//5139 
f 5141//5141 5109//5109 5108//5108 
f 5141//5141 5108//5108 5140//5140 
f 5142//5142 5110//5110 5109//5109 
f 5142//5142 5109//5109 5141//5141 
f 5143//5143 5111//5111 5110//5110 
f 5143//5143 5110//5110 5142//5142 
f 5144//5144 5112//5112 5111//5111 
f 5144//5144 5111//5111 5143//5143 
f 5145//5145 5113//5113 5112//5112 
f 5145//5145 5112//5112 5144//5144 
f 5146//5146 5114//5114 5113//5113 
f 5146//5146 5113//5113 5145//5145 
f 5147//5147 5115//5115 5114//5114 
f 5147//5147 5114//5114 5146//5146 
f 5148//5148 5116//5116 5115//5115 
f 5148//5148 5115//5115 5147//5147 
f 5149//5149 5117//5117 5116//5116 
f 5149//5149 5116//5116 5148//5148 
f 5150//5150 5118//5118 5117//5117 
f 5150//5150 5117//5117 5149//5149 
f 5151//5151 5119//5119 5118//5118 
f 5151//5151 5118//5118 5150//5150 
f 5152//5152 5120//5120 5119//5119 
f 5152//5152 5119//5119 5151//5151 
f 5153//5153 5121//5121 5120//5120 
f 5153//5153 5120//5120 5152//5152 
f 5154//5154 5122//5122 5121//5121 
f 5154//5154 5121//5121 5153//5153 
f 5155//5155 5123//5123 5122//5122 
f 5155//5155 5122//5122 5154//5154 
f 5156//5156 5124//5124 5123//5123 
f 5156//5156 5123//5123 5155//5155 
f 5157//5157 5125//5125 5124//5124 
f 5157//5157 5124//5124 5156//5156 
f 5158//5158 5126//5126 5125//5125 
f 5158//5158 5125//5125 5157//5157 
f 5128//5128 5096//5096 5126//5126 
f 5128//5128 5126//5126 5158//5158 
f 5159//5159 5127//5127 5128//5128 
f 5159//5159 5128//5128 5160//5160 
f 5161//5161 5129//5129 5127//5127 
f 5161//5161 5127//5127 5159//5159 
f 5162//5162 5130//5130 5129//5129 
f 5162//5162 5129//5129 5161//5161 
f 5163//5163 5131//5131 5130//5130 
f 5163//5163 5130//5130 5162//5162 
f 5164//5164 5132//5132 5131//5131 
f 5164//5164 5131//5131 5163//5163 
f 5165//5165 5133//5133 5132//5132 
f 5165//5165 5132//5132 5164//5164 
f 5166//5166 5134//5134 5133//5133 
f 5166//5166 5133//5133 5165//5165 
f 5167//5167 5135//5135 5134//5134 
f 5167//5167 5134//5134 5166//5166 
f 5168//5168 5136//5136 5135//5135 
f 5168//5168 5135//5135 5167//5167 
f 5169//5169 5137//5137 5136//5136 
f 5169//5169 5136//5136 5168//5168 
f 5170//5170 5138//5138 5137//5137 
f 5170//5170 5137//5137 5169//5169 
f 5171//5171 5139//5139 5138//5138 
f 5171//5171 5138//5138 5170//5170 
f 5172//5172 5140//5140 5139//5139 
f 5172//5172 5139//5139 5171//5171 
f 5173//5173 5141//5141 5140//5140 
f 5173//5173 5140//5140 5172//5172 
f 5174//5174 5142//5142 5141//5141 
f 5174//5174 5141//5141 5173//5173 
f 5175//5175 5143//5143 5142//5142 
f 5175//5175 5142//5142 5174//5174 
f 5176//5176 5144//5144 5143//5143 
f 5176//5176 5143//5143 5175//5175 
f 5177//5177 5145//5145 5144//5144 
f 5177//5177 5144//5144 5176//5176 
f 5178//5178 5146//5146 5145//5145 
f 5178//5178 5145//5145 5177//5177 
f 5179//5179 5147//5147 5146//5146 
f 5179//5179 5146//5146 5178//5178 
f 5180//5180 5148//5148 5147//5147 
f 5180//5180 5147//5147 5179//5179 
f 5181//5181 5149//5149 5148//5148 
f 5181//5181 5148//5148 5180//5180 
f 5182//5182 5150//5150 5149//5149 
f 5182//5182 5149//5149 5181//5181 
f 5183//5183 5151//5151 5150//5150 
f 5183//5183 5150//5150 5182//5182 
f 5184//5184 5152//5152 5151//5151 
f 5184//5184 5151//5151 5183//5183 
f 5185//5185 5153//5153 5152//5152 
f 5185//5185 5152//5152 5184//5184 
f 5186//5186 5154//5154 5153//5153 
f 5186//5186 5153//5153 5185//5185 
f 5187//5187 5155//5155 5154//5154 
f 5187//5187 5154//5154 5186//5186 
f 5188//5188 5156//5156 5155//5155 
f 5188//5188 5155//5155 5187//5187 
f 5189//5189 5157//5157 5156//5156 
f 5189//5189 5156//5156 5188//5188 
f 5190//5190 5158//5158 5157//5157 
f 5190//5190 5157//5157 5189//5189 
f 5160//5160 5128//5128 5158//5158 
f 5160//5160 5158//5158 5190//5190 
f 5191//5191 5159//5159 5160//5160 
f 5191//5191 5160//5160 5192//5192 
f 5193//5193 5161//5161 5159//5159 
f 5193//5193 5159//5159 5191//5191 
f 5194//5194 5162//5162 5161//5161 
f 5194//5194 5161//5161 5193//5193 
f 5195//5195 5163//5163 5162//5162 
f 5195//5195 5162//5162 5194//5194 
f 5196//5196 5164//5164 5163//5163 
f 5196//5196 5163//5163 5195//5195 
f 5197//5197 5165//5165 5164//5164 
f 5197//5197 5164//5164 5196//5196 
f 5198//5198 5166//5166 5165//5165 
f 5198//5198 5165//5165 5197//5197 
f 5199//5199 5167//5167 5166//5166 
f 5199//5199 5166//5166 5198//5198 
f 5200//5200 5168//5168 5167//5167 
f 5200//5200 5167//5167 5199//5199 
f 5201//5201 5169//5169 5168//5168 
f 5201//5201 5168//5168 5200//5200 
f 5202//5202 5170//5170 5169//5169 
f 5202//5202 5169//5169 5201//5201 
f 5203//5203 5171//5171 5170//5170 
f 5203//5203 5170//5170 5202//5202 
f 5204//5204 5172//5172 5171//5171 
f 5204//5204 5171//5171 5203//5203 
f 5205//5205 5173//5173 5172//5172 
f 5205//5205 5172//5172 5204//5204 
f 5206//5206 5174//5174 5173//5173 
f 5206//5206 5173//5173 5205//5205 
f 5207//5207 5175//5175 5174//5174 
f 5207//5207 5174//5174 5206//5206 
f 5208//5208 5176//5176 5175//5175 
f 5208//5208 5175//5175 5207//5207 
f 5209//5209 5177//5177 5176//5176 
f 5209//5209 5176//5176 5208//5208 
f 5210//5210 5178//5178 5177//5177 
f 5210//5210 5177//5177 5209//5209 
f 5211//5211 5179//5179 5178//5178 
f 5211//5211 5178//5178 5210//5210 
f 5212//5212 5180//5180 5179//5179 
f 5212//5212 5179//5179 5211//5211 
f 5213//5213 5181//5181 5180//5180 
f 5213//5213 5180//5180 5212//5212 
f 5214//5214 5182//5182 5181//5181 
f 5214//5214 5181//5181 5213//5213 
f 5215//5215 5183//5183 5182//5182 
f 5215//5215 5182//5182 5214//5214 
f 5216//5216 5184//5184 5183//5183 
f 5216//5216 5183//5183 5215//5215 
f 5217//5217 5185//5185 5184//5184 
f 5217//5217 5184//5184 5216//5216 
f 5218//5218 5186//5186 5185//5185 
f 5218//5218 5185//5185 5217//5217 
f 5219//5219 5187//5187 5186//5186 
f 5219//5219 5186//5186 5218//5218 
f 5220//5220 5188//5188 5187//5187 
f 5220//5220 5187//5187 5219//5219 
f 5221//5221 5189//5189 5188//5188 
f 5221//5221 5188//5188 5220//5220 
f 5222//5222 5190//5190 5189//5189 
f 5222//5222 5189//5189 5221//5221 
f 5192//5192 5160//5160 5190//5190 
f 5192//5192 5190//5190 5222//5222 
f 5223//5223 5191//5191 5192//5192 
f 5223//5223 5192//5192 5224//5224 
f 5225//5225 5193//5193 5191//5191 
f 5225//5225 5191//5191 5223//5223 
f 5226//5226 5194//5194 5193//5193 
f 5226//5226 5193//5193 5225//5225 
f 5227//5227 5195//5195 5194//5194 
f 5227//5227 5194//5194 5226//5226 
f 5228//5228 5196//5196 5195//5195 
f 5228//5228 5195//5195 5227//5227 
f 5229//5229 5197//5197 5196//5196 
f 5229//5229 5196//5196 5228//5228 
f 5230//5230 5198//5198 5197//5197 
f 5230//5230 5197//5197 5229//5229 
f 5231//5231 5199//5199 5198//5198 
f 5231//5231 5198//5198 5230//5230 
f 5232//5232 5200//5200 5199//5199 
f 5232//5232 5199//5199 5231//5231 
f 5233//5233 5201//5201 5200//5200 
f 5233//5233 5200//5200 5232//5232 
f 5234//5234 5202//5202 5201//5201 
f 5234//5234 5201//5201 5233//5233 
f 5235//5235 5203//5203 5202//5202 
f 5235//5235 5202//5202 5234//5234 
f 5236//5236 5204//5204 5203//5203 
f 5236//5236 5203//5203 5235//5235 
f 5237//5237 5205//5205 5204//5204 
f 5237//5237 5204//5204 5236//5236 
f 5238//5238 5206//5206 5205//5205 
f 5238//5238 5205//5205 5237//5237 
f 5239//5239 5207//5207 5206//5206 
f 5239//5239 5206//5206 5238//5238 
f 5240//5240 5208//5208 5207//5207 
f 5240//5240 5207//5207 5239//5239 
f 5241//5241 5209//5209 5208//5208 
f 5241//5241 5208//5208 5240//5240 
f 5242//5242 5210//5210 5209//5209 
f 5242//5242 5209//5209 5241//5241 
f 5243//5243 5211//5211 5210//5210 
f 5243//5243 5210//5210 5242//5242 
f 5244//5244 5212//5212 5211//5211 
f 5244//5244 5211//5211 5243//5243 
f 5245//5245 5213//5213 5212//5212 
f 5245//5245 5212//5212 5244//5244 
f 5246//5246 5214//5214 5213//5213 
f 5246//5246 5213//5213 5245//5245 
f 5247//5247 5215//5215 5214//5214 
f 5247//5247 5214//5214 5246//5246 
f 5248//5248 5216//5216 5215//5215 
f 5248//5248 5215//5215 5247//5247 
f 5249//5249 5217//5217 5216//5216 
f 5249//5249 5216//5216 5248//5248 
f 5250//5250 5218//5218 5217//5217 
f 5250//5250 5217//5217 5249//5249 
f 5251//5251 5219//5219 5218//5218 
f 5251//5251 5218//5218 5250//5250 
f 5252//5252 5220//5220 5219//5219 
f 5252//5252 5219//5219 5251//5251 
f 5253//5253 5221//5221 5220//5220 
f 5253//5253 5220//5220 5252//5252 
f 5254//5254 5222//5222 5221//5221 
f 5254//5254 5221//5221 5253//5253 
f 5224//5224 5192//5192 5222//5222 
f 5224//5224 5222//5222 5254//5254 
f 5255//5255 5230//5230 5229//5229 
f 5256//5256 5231//5231 5230//5230 
f 5256//5256 5230//5230 5255//5255 
f 5257//5257 5232//5232 5231//5231 
f 5257//5257 5231//5231 5256//5256 
f 5258//5258 5233//5233 5232//5232 
f 5258//5258 5232//5232 5257//5257 
f 5259//5259 5234//5234 5233//5233 
f 5259//5259 5233//5233 5258//5258 
f 5260//5260 5235//5235 5234//5234 
f 5260//5260 5234//5234 5259//5259 
f 5261//5261 5236//5236 5235//5235 
f 5261//5261 5235//5235 5260//5260 
f 5262//5262 5237//5237 5236//5236 
f 5262//5262 5236//5236 5261//5261 
f 5263//5263 5238//5238 5237//5237 
f 5263//5263 5237//5237 5262//5262 
f 3//3 5307//5307 5308//5308 
f 9//9 5309//5309 5307//5307 
f 5309//5309 13//13 5310//5310 
f 5311//5311 5310//5310 12//12 
f 5311//5311 12//12 19//19 
f 3//3 5308//5308 5//5 
f 5307//5307 3//3 2//2 
f 5307//5307 2//2 9//9 
f 5309//5309 8//8 13//13 
f 5310//5310 13//13 12//12 
f 5309//5309 9//9 8//8 
f 5312//5312 23//23 5313//5313 
f 5314//5314 5313//5313 22//22 
f 5314//5314 22//22 27//27 
f 5315//5315 5316//5316 30//30 
f 5315//5315 30//30 35//35 
f 5317//5317 5315//5315 34//34 
f 5317//5317 34//34 39//39 
f 31//31 5316//5316 5314//5314 
f 5318//5318 5319//5319 42//42 
f 5318//5318 42//42 49//49 
f 5319//5319 5317//5317 38//38 
f 5319//5319 38//38 43//43 
f 5320//5320 5318//5318 47//47 
f 5320//5320 47//47 46//46 
f 5320//5320 53//53 5321//5321 
f 5322//5322 61//61 5323//5323 
f 57//57 5322//5322 5321//5321 
f 5311//5311 19//19 17//17 
f 5311//5311 17//17 5312//5312 
f 19//19 12//12 11//11 
f 19//19 11//11 20//20 
f 5312//5312 17//17 16//16 
f 5312//5312 16//16 23//23 
f 5314//5314 27//27 26//26 
f 5313//5313 23//23 22//22 
f 5315//5315 35//35 34//34 
f 5316//5316 31//31 30//30 
f 5314//5314 26//26 31//31 
f 5319//5319 43//43 42//42 
f 5318//5318 49//49 47//47 
f 49//49 42//42 41//41 
f 49//49 41//41 50//50 
f 5321//5321 52//52 57//57 
f 5322//5322 56//56 61//61 
f 5322//5322 57//57 56//56 
f 5321//5321 53//53 52//52 
f 5320//5320 46//46 53//53 
f 5317//5317 39//39 38//38 
f 60//60 5323//5323 61//61 
f 5324//5324 5323//5323 65//65 
f 5324//5324 65//65 64//64 
f 60//60 65//65 5323//5323 
f 69//69 5325//5325 5324//5324 
f 5326//5326 5325//5325 73//73 
f 5326//5326 73//73 72//72 
f 5327//5327 5326//5326 72//72 
f 5327//5327 72//72 79//79 
f 5324//5324 64//64 69//69 
f 5325//5325 69//69 68//68 
f 79//79 72//72 71//71 
f 79//79 71//71 80//80 
f 5325//5325 68//68 73//73 
f 77//77 5327//5327 79//79 
f 5328//5328 83//83 5329//5329 
f 5330//5330 5329//5329 82//82 
f 5330//5330 82//82 87//87 
f 5331//5331 95//95 5332//5332 
f 5332//5332 99//99 5333//5333 
f 91//91 5331//5331 5330//5330 
f 5334//5334 5335//5335 102//102 
f 5334//5334 102//102 109//109 
f 5335//5335 5333//5333 103//103 
f 107//107 5336//5336 5334//5334 
f 5337//5337 5336//5336 113//113 
f 5337//5337 113//113 112//112 
f 5338//5338 119//119 5308//5308 
f 117//117 5338//5338 5337//5337 
f 77//77 76//76 5328//5328 
f 77//77 5328//5328 5327//5327 
f 5328//5328 76//76 83//83 
f 5329//5329 83//83 82//82 
f 5330//5330 87//87 86//86 
f 5330//5330 86//86 91//91 
f 5332//5332 95//95 94//94 
f 5333//5333 99//99 98//98 
f 5332//5332 94//94 99//99 
f 5331//5331 90//90 95//95 
f 5331//5331 91//91 90//90 
f 5335//5335 103//103 102//102 
f 109//109 102//102 101//101 
f 109//109 101//101 110//110 
f 5336//5336 107//107 106//106 
f 5336//5336 106//106 113//113 
f 5334//5334 109//109 107//107 
f 5338//5338 117//117 116//116 
f 5308//5308 119//119 5//5 
f 5338//5338 116//116 119//119 
f 5337//5337 112//112 117//117 
f 5333//5333 98//98 103//103 
f 5410//5410 5269//5269 5352//5352 
f 5359//5359 5277//5277 5272//5272 
f 5272//5272 5269//5269 5359//5359 
f 5410//5410 5359//5359 5269//5269 
f 5409//5409 5275//5275 5273//5273 
f 5273//5273 5277//5277 5409//5409 
f 5359//5359 5409//5409 5277//5277 
f 5362//5362 5278//5278 5274//5274 
f 5274//5274 5275//5275 5362//5362 
f 5409//5409 5362//5362 5275//5275 
f 5360//5360 5265//5265 5270//5270 
f 5362//5362 5270//5270 5278//5278 
f 5362//5362 5360//5360 5270//5270 
f 5408//5408 5284//5284 5264//5264 
f 5360//5360 5264//5264 5265//5265 
f 5360//5360 5408//5408 5264//5264 
f 5361//5361 5280//5280 5282//5282 
f 5408//5408 5282//5282 5284//5284 
f 5408//5408 5361//5361 5282//5282 
f 5345//5345 5267//5267 5286//5286 
f 5361//5361 5286//5286 5280//5280 
f 5361//5361 5345//5345 5286//5286 
f 5397//5397 5289//5289 5266//5266 
f 5345//5345 5266//5266 5267//5267 
f 5345//5345 5397//5397 5266//5266 
f 5397//5397 5295//5295 5289//5289 
f 5397//5397 5342//5342 5295//5295 
f 5342//5342 5349//5349 5295//5295 
f 5395//5395 5287//5287 5346//5346 
f 5346//5346 5293//5293 5356//5356 
f 5293//5293 5346//5346 5287//5287 
f 5341//5341 5283//5283 5395//5395 
f 5395//5395 5291//5291 5287//5287 
f 5291//5291 5395//5395 5283//5283 
f 5344//5344 5288//5288 5281//5281 
f 5341//5341 5281//5281 5283//5283 
f 5341//5341 5344//5344 5281//5281 
f 5343//5343 5292//5292 5285//5285 
f 5344//5344 5285//5285 5288//5288 
f 5344//5344 5343//5343 5285//5285 
f 5403//5403 5297//5297 5290//5290 
f 5343//5343 5290//5290 5292//5292 
f 5343//5343 5403//5403 5290//5290 
f 5340//5340 5294//5294 5296//5296 
f 5403//5403 5296//5296 5297//5297 
f 5403//5403 5340//5340 5296//5296 
f 5363//5363 5302//5302 5298//5298 
f 5298//5298 5294//5294 5363//5363 
f 5340//5340 5363//5363 5294//5294 
f 5405//5405 5305//5305 5299//5299 
f 5299//5299 5302//5302 5405//5405 
f 5363//5363 5405//5405 5302//5302 
f 5364//5364 5306//5306 5303//5303 
f 5303//5303 5305//5305 5364//5364 
f 5405//5405 5364//5364 5305//5305 
f 5300//5300 5268//5268 5367//5367 
f 5268//5268 5306//5306 5368//5368 
f 5364//5364 5368//5368 5306//5306 
f 5279//5279 5304//5304 5407//5407 
f 5304//5304 5300//5300 5367//5367 
f 5368//5368 5367//5367 5268//5268 
f 5394//5394 5301//5301 5365//5365 
f 5301//5301 5279//5279 5407//5407 
f 5367//5367 5407//5407 5304//5304 
f 5406//5406 5276//5276 5404//5404 
f 5276//5276 5394//5394 5365//5365 
f 5407//5407 5365//5365 5301//5301 
f 5393//5393 5396//5396 5366//5366 
f 5396//5396 5406//5406 5366//5366 
f 5365//5365 5404//5404 5276//5276 
f 5350//5350 5411//5411 5369//5369 
f 5411//5411 5393//5393 5369//5369 
f 5404//5404 5366//5366 5406//5406 
f 5369//5369 5352//5352 5350//5350 
f 5369//5369 5410//5410 5352//5352 
f 5366//5366 5369//5369 5393//5393 
f 5410//5410 5263//5263 5359//5359 
f 5410//5410 5369//5369 5263//5263 
f 5359//5359 5262//5262 5409//5409 
f 5359//5359 5263//5263 5262//5262 
f 5409//5409 5261//5261 5362//5362 
f 5409//5409 5262//5262 5261//5261 
f 5362//5362 5260//5260 5360//5360 
f 5362//5362 5261//5261 5260//5260 
f 5360//5360 5259//5259 5408//5408 
f 5360//5360 5260//5260 5259//5259 
f 5408//5408 5258//5258 5361//5361 
f 5408//5408 5259//5259 5258//5258 
f 5361//5361 5257//5257 5345//5345 
f 5371//5371 5372//5372 5373//5373 
f 5371//5371 5373//5373 5374//5374 
f 5372//5372 5375//5375 5376//5376 
f 5372//5372 5376//5376 5373//5373 
f 5374//5374 5373//5373 5377//5377 
f 5374//5374 5377//5377 5378//5378 
f 5373//5373 5376//5376 5379//5379 
f 5373//5373 5379//5379 5377//5377 
f 5376//5376 5380//5380 5381//5381 
f 5376//5376 5381//5381 5379//5379 
f 5375//5375 5382//5382 5380//5380 
f 5375//5375 5380//5380 5376//5376 
f 5383//5383 5384//5384 5385//5385 
f 5383//5383 5385//5385 5386//5386 
f 5386//5386 5385//5385 5387//5387 
f 5386//5386 5387//5387 5388//5388 
f 5385//5385 5389//5389 5390//5390 
f 5385//5385 5390//5390 5387//5387 
f 5389//5389 5374//5374 5378//5378 
f 5389//5389 5378//5378 5390//5390 
f 5384//5384 5391//5391 5389//5389 
f 5384//5384 5389//5389 5385//5385 
f 5391//5391 5371//5371 5374//5374 
f 5391//5391 5374//5374 5389//5389 
f 5318//5318 5320//5320 5379//5379 
f 5379//5379 5320//5320 5321//5321 
f 5321//5321 5322//5322 5377//5377 
f 5322//5322 5323//5323 5378//5378 
f 5381//5381 5319//5319 5318//5318 
f 5317//5317 5381//5381 5380//5380 
f 5319//5319 5381//5381 5317//5317 
f 5315//5315 5317//5317 5380//5380 
f 5321//5321 5377//5377 5379//5379 
f 5380//5380 5316//5316 5315//5315 
f 5318//5318 5379//5379 5381//5381 
f 5377//5377 5322//5322 5378//5378 
f 5390//5390 5324//5324 5325//5325 
f 5323//5323 5324//5324 5378//5378 
f 5387//5387 5325//5325 5326//5326 
f 5327//5327 5387//5387 5326//5326 
f 5388//5388 5327//5327 5328//5328 
f 5390//5390 5378//5378 5324//5324 
f 5325//5325 5387//5387 5390//5390 
f 5329//5329 5386//5386 5388//5388 
f 5327//5327 5388//5388 5387//5387 
f 5330//5330 5386//5386 5329//5329 
f 5386//5386 5330//5330 5331//5331 
f 5328//5328 5329//5329 5388//5388 
f 5380//5380 5313//5313 5314//5314 
f 5382//5382 5313//5313 5380//5380 
f 5311//5311 5382//5382 5375//5375 
f 5309//5309 5375//5375 5372//5372 
f 5382//5382 5312//5312 5313//5313 
f 5375//5375 5310//5310 5311//5311 
f 5375//5375 5309//5309 5310//5310 
f 5372//5372 5371//5371 5307//5307 
f 5307//5307 5309//5309 5372//5372 
f 5312//5312 5382//5382 5311//5311 
f 5308//5308 5307//5307 5371//5371 
f 5338//5338 5371//5371 5391//5391 
f 5337//5337 5391//5391 5384//5384 
f 5332//5332 5333//5333 5386//5386 
f 5386//5386 5333//5333 5383//5383 
f 5331//5331 5332//5332 5386//5386 
f 5336//5336 5337//5337 5384//5384 
f 5384//5384 5334//5334 5336//5336 
f 5335//5335 5334//5334 5383//5383 
f 5334//5334 5384//5384 5383//5383 
f 5333//5333 5335//5335 5383//5383 
f 5338//5338 5391//5391 5337//5337 
f 5338//5338 5308//5308 5371//5371 
f 5316//5316 5380//5380 5314//5314 
f 5361//5361 5258//5258 5257//5257 
f 5345//5345 5256//5256 5397//5397 
f 5345//5345 5257//5257 5256//5256 
f 5397//5397 5255//5255 5342//5342 
f 5397//5397 5256//5256 5255//5255 
f 5353//5353 5349//5349 5412//5412 
f 5342//5342 5412//5412 5349//5349 
f 5342//5342 5255//5255 5412//5412 
f 5351//5351 5412//5412 5348//5348 
f 5353//5353 5412//5412 5351//5351 
f 5400//5400 5370//5370 5401//5401 
f 5348//5348 5412//5412 5400//5400 
f 5370//5370 5400//5400 5412//5412 
f 5354//5354 5392//5392 5399//5399 
f 5401//5401 5370//5370 5354//5354 
f 5392//5392 5354//5354 5370//5370 
f 5358//5358 5339//5339 5355//5355 
f 5339//5339 5399//5399 5392//5392 
f 5399//5399 5339//5339 5358//5358 
f 5357//5357 5347//5347 5398//5398 
f 5347//5347 5355//5355 5339//5339 
f 5355//5355 5347//5347 5357//5357 
f 5346//5346 5356//5356 5402//5402 
f 5402//5402 5398//5398 5347//5347 
f 5398//5398 5402//5402 5356//5356 
f 5346//5346 5254//5254 5395//5395 
f 5346//5346 5224//5224 5254//5254 
f 5395//5395 5253//5253 5341//5341 
f 5395//5395 5254//5254 5253//5253 
f 5341//5341 5252//5252 5344//5344 
f 5341//5341 5253//5253 5252//5252 
f 5344//5344 5251//5251 5343//5343 
f 5344//5344 5252//5252 5251//5251 
f 5343//5343 5250//5250 5403//5403 
f 5343//5343 5251//5251 5250//5250 
f 5403//5403 5249//5249 5340//5340 
f 5403//5403 5250//5250 5249//5249 
f 5340//5340 5248//5248 5363//5363 
f 5340//5340 5249//5249 5248//5248 
f 5363//5363 5247//5247 5405//5405 
f 5363//5363 5248//5248 5247//5247 
f 5405//5405 5246//5246 5364//5364 
f 5405//5405 5247//5247 5246//5246 
f 5364//5364 5245//5245 5368//5368 
f 5364//5364 5246//5246 5245//5245 
f 5368//5368 5244//5244 5367//5367 
f 5368//5368 5245//5245 5244//5244 
f 5367//5367 5243//5243 5407//5407 
f 5367//5367 5244//5244 5243//5243 
f 5407//5407 5242//5242 5365//5365 
f 5407//5407 5243//5243 5242//5242 
f 5365//5365 5241//5241 5404//5404 
f 5365//5365 5242//5242 5241//5241 
f 5404//5404 5240//5240 5366//5366 
f 5404//5404 5241//5241 5240//5240 
f 5366//5366 5239//5239 5369//5369 
f 5366//5366 5240//5240 5239//5239 
f 5369//5369 5238//5238 5263//5263 
f 5369//5369 5239//5239 5238//5238 
f 5255//5255 5229//5229 5412//5412 
f 5412//5412 5228//5228 5370//5370 
f 5412//5412 5229//5229 5228//5228 
f 5370//5370 5227//5227 5392//5392 
f 5370//5370 5228//5228 5227//5227 
f 5392//5392 5226//5226 5339//5339 
f 5392//5392 5227//5227 5226//5226 
f 5339//5339 5225//5225 5347//5347 
f 5339//5339 5226//5226 5225//5225 
f 5347//5347 5223//5223 5402//5402 
f 5347//5347 5225//5225 5223//5223 
f 5402//5402 5224//5224 5346//5346 
f 5402//5402 5223//5223 5224//5224 
# mm_gid 1
g mmGroup1
f 5271//5271 5272//5272 5266//5266 
f 5271//5271 5299//5299 5268//5268 
f 5271//5271 5352//5352 5272//5272 
f 5271//5271 5398//5398 5293//5293 
f 5352//5352 5271//5271 5411//5411 
f 5398//5398 5271//5271 5355//5355 
f 5271//5271 5293//5293 5299//5299 
f 5355//5355 5271//5271 5399//5399 
f 5411//5411 5271//5271 5396//5396 
f 5399//5399 5271//5271 5401//5401 
f 5396//5396 5271//5271 5276//5276 
f 5357//5357 5398//5398 5355//5355 
f 5355//5355 5399//5399 5358//5358 
f 5304//5304 5301//5301 5271//5271 
f 5399//5399 5401//5401 5354//5354 
f 5401//5401 5348//5348 5400//5400 
f 5348//5348 5401//5401 5271//5271 
f 5301//5301 5276//5276 5271//5271 
f 5348//5348 5353//5353 5351//5351 
f 5349//5349 5348//5348 5271//5271 
f 5295//5295 5266//5266 5289//5289 
f 5266//5266 5286//5286 5267//5267 
f 5266//5266 5349//5349 5271//5271 
f 5286//5286 5282//5282 5280//5280 
f 5282//5282 5264//5264 5284//5284 
f 5286//5286 5273//5273 5282//5282 
f 5264//5264 5270//5270 5265//5265 
f 5282//5282 5270//5270 5264//5264 
f 5270//5270 5274//5274 5278//5278 
f 5274//5274 5273//5273 5275//5275 
f 5282//5282 5274//5274 5270//5270 
f 5273//5273 5272//5272 5277//5277 
f 5282//5282 5273//5273 5274//5274 
f 5266//5266 5272//5272 5286//5286 
f 5286//5286 5272//5272 5273//5273 
f 5352//5352 5411//5411 5350//5350 
f 5411//5411 5396//5396 5393//5393 
f 5349//5349 5266//5266 5295//5295 
f 5276//5276 5301//5301 5394//5394 
f 5396//5396 5276//5276 5406//5406 
f 5301//5301 5304//5304 5279//5279 
f 5348//5348 5349//5349 5353//5353 
f 5304//5304 5268//5268 5300//5300 
f 5268//5268 5304//5304 5271//5271 
f 5268//5268 5303//5303 5306//5306 
f 5303//5303 5299//5299 5305//5305 
f 5303//5303 5268//5268 5299//5299 
f 5299//5299 5298//5298 5302//5302 
f 5299//5299 5293//5293 5291//5291 
f 5299//5299 5291//5291 5298//5298 
f 5298//5298 5296//5296 5294//5294 
f 5298//5298 5281//5281 5296//5296 
f 5296//5296 5285//5285 5290//5290 
f 5296//5296 5290//5290 5297//5297 
f 5290//5290 5285//5285 5292//5292 
f 5285//5285 5281//5281 5288//5288 
f 5296//5296 5281//5281 5285//5285 
f 5281//5281 5291//5291 5283//5283 
f 5291//5291 5293//5293 5287//5287 
f 5298//5298 5291//5291 5281//5281 
f 5293//5293 5398//5398 5356//5356 
f 5272//5272 5352//5352 5269//5269 
