v 44.25344467 39.35509872 1067.172119
vn 0.7998896241 0.5564263463 0.2248695493
v 44.58462524 39.05447006 1066.752563
vn 0.8001493812 0.5489568114 0.241676107
v 44.55323792 39.1211319 1066.680054
vn 0.7715545297 0.6125420332 0.1717437804
v 44.22210312 39.42171478 1067.099609
vn 0.7712897658 0.616234839 0.1592693031
v 44.51554871 39.17960358 1066.608521
vn 0.7372332811 0.6670414209 0.1074376926
v 44.18442917 39.4801712 1067.027954
vn 0.735034585 0.6719298959 0.09074346721
v 44.29184723 39.20424652 1067.310791
vn 0.8373401165 0.4142679274 0.3567122221
v 44.62322617 38.90344238 1066.890991
vn 0.8351426721 0.4047353566 0.3724594116
v 44.60790253 38.98240662 1066.82251
vn 0.8219499588 0.4805436134 0.3057386577
v 44.27664185 39.28310394 1067.242188
vn 0.8230471611 0.4860084355 0.2939203084
v 44.2955246 39.03235626 1067.437378
vn 0.8355323076 0.1927508116 0.514522016
v 44.62723541 38.73124695 1067.01709
vn 0.8314307332 0.1964085996 0.5197562575
v 44.6297493 38.81978989 1066.955933
vn 0.8413018584 0.3262626827 0.4310033619
v 44.29822159 39.12073135 1067.375854
vn 0.8438016772 0.3333521187 0.4205651879
v 44.1942482 38.66113663 1067.624756
vn 0.7482583523 -0.097584337 0.656191051
v 44.52697372 38.35910416 1067.203247
vn 0.7298055291 -0.1333290339 0.670527637
v 44.56502533 38.45257568 1067.166626
vn 0.7778222561 -0.02073564567 0.6281421781
v 44.23258591 38.75434494 1067.587891
vn 0.7828229666 -0.01150220726 0.6221381426
v 44.59473419 38.54673004 1067.123047
vn 0.8181704879 0.1191914156 0.5624859333
v 44.26256561 38.84825516 1067.543823
vn 0.8214820623 0.1162605137 0.5582568645
v 44.09584427 38.48234558 1067.676025
vn 0.6562409401 -0.2663911879 0.7059628367
v 44.4291954 38.17974472 1067.253784
vn 0.6333802342 -0.3000737131 0.7132918239
v 44.48137283 38.26773071 1067.2323
vn 0.6974014044 -0.1978337616 0.688834548
v 44.14833832 38.57004166 1067.654175
vn 0.7037499547 -0.1852840483 0.6858613491
v 43.97564697 38.32136154 1067.697388
vn 0.5435108542 -0.4186674654 0.7275393605
v 44.30964661 38.0181694 1067.274292
vn 0.5323464274 -0.4302051663 0.7290616035
v 44.37155914 38.09625626 1067.267578
vn 0.5925401449 -0.358817488 0.7212116122
v 44.03788376 38.39915466 1067.690308
vn 0.5997442007 -0.3467872143 0.7211418152
v 43.84307098 38.18437195 1067.691772
vn 0.4151840806 -0.5519440174 0.7231735587
v 44.17770386 37.88060379 1067.267822
vn 0.403698653 -0.5624299049 0.7215954661
v 44.24464798 37.9461441 1067.27417
vn 0.4732707739 -0.4971292913 0.7272394896
v 43.91032791 38.24962616 1067.697754
vn 0.4794819951 -0.4882237315 0.7292013168
v 43.68648529 38.05961227 1067.658569
vn 0.2698112726 -0.6682711244 0.6932644248
v 44.02179337 37.75523376 1067.233765
vn 0.2573736608 -0.6781503558 0.6883828044
v 44.1027565 37.81599426 1067.254517
vn 0.3364523649 -0.621748805 0.7072681785
v 43.76779175 38.12006378 1067.678955
vn 0.3426337242 -0.6125172973 0.7123374939
v 43.51496506 37.95876694 1067.596313
vn 0.1075598747 -0.7644562125 0.6356394887
v 43.8509407 37.65377808 1067.170654
vn 0.07458271086 -0.7847045064 0.6153667569
v 43.93838882 37.70140839 1067.206055
vn 0.180635035 -0.7291099429 0.6601285338
v 43.60274506 38.00609207 1067.631226
vn 0.1864120364 -0.7202029228 0.6682501435
v 43.33502197 37.88821793 1067.505737
vn -0.1223661676 -0.847715497 0.5161443353
v 43.67162704 37.58266068 1067.079224
vn -0.1191638485 -0.8506419063 0.5120628476
v 43.76206207 37.61413193 1067.12854
vn 0.01197387744 -0.8115087748 0.5842175484
v 43.42576599 37.91941071 1067.554565
vn 0.0194019042 -0.8020029664 0.5970048904
v 42.98866272 37.85676193 1067.256226
vn -0.3907305598 -0.8640565276 0.3173893094
v 43.32627106 37.55028915 1066.828491
vn -0.4170694053 -0.8639844656 0.2821063697
v 43.40803146 37.54409027 1066.897827
vn -0.3193308711 -0.8738811612 0.366550833
v 43.07063675 37.8503685 1067.325195
vn -0.3166378438 -0.8680865765 0.3823168576
v 43.49373245 37.54743958 1066.963379
vn -0.1933671534 -0.864169836 0.4645638764
v 43.15657425 37.85350418 1067.390503
vn -0.1965240091 -0.8613959551 0.4683751464
v 42.84103012 37.89653778 1067.111694
vn -0.5311195254 -0.8276888728 0.1812268347
v 43.17895889 37.58977509 1066.683472
vn -0.5520098209 -0.821167171 0.1448089331
v 43.24959564 37.56571579 1066.756714
vn -0.4701600969 -0.8517652154 0.231182918
v 42.91180801 37.87234879 1067.184692
vn -0.4670562744 -0.8480766416 0.2502488792
v 42.72032166 37.9673233 1066.965942
vn -0.646174252 -0.7619358897 0.04373211041
v 43.05843735 37.66038895 1066.537598
vn -0.6506254673 -0.7589253783 0.02680973522
v 43.1150856 37.62165833 1066.610107
vn -0.5960466266 -0.7975337505 0.09310372174
v 42.7770462 37.9285202 1067.03833
vn -0.5950394273 -0.7958081365 0.1123275608
v 42.62932205 38.06109238 1066.827026
vn -0.735044241 -0.6719218493 -0.09072498977
v 42.96749878 37.75410461 1066.39856
vn -0.737216115 -0.6670703292 -0.1073760986
v 43.00924301 37.70491028 1066.466797
vn -0.6936281323 -0.7192223668 -0.03998919204
v 42.67108154 38.01188278 1066.895142
vn -0.6958767176 -0.7177914977 -0.02304137684
v 42.56031036 38.18616486 1066.682861
vn -0.7999088168 -0.5564005375 -0.2248651534
v 42.89842224 37.87923813 1066.254395
vn -0.8001935482 -0.5488646626 -0.2417393029
v 42.92980957 37.81257248 1066.326904
vn -0.7691140771 -0.6147528887 -0.1747640818
v 42.5916481 38.11954498 1066.755371
vn -0.7728180885 -0.6148356199 -0.1572556645
v 42.52190781 38.33701706 1066.544189
vn -0.8373394608 -0.4142722487 -0.3567087948
v 42.85982132 38.03026581 1066.116089
vn -0.8351722956 -0.4047233164 -0.3724060655
v 42.87514496 37.95130157 1066.18457
vn -0.8194068074 -0.4827740192 -0.3090335429
v 42.53711319 38.25815582 1066.612793
vn -0.8246921897 -0.4844345748 -0.2919005752
v 42.51823044 38.50890732 1066.417603
vn -0.8355395198 -0.1927138567 -0.5145241618
v 42.85581207 38.20246124 1065.98999
vn -0.831423223 -0.1964357644 -0.5197580457
v 42.85329437 38.1139183 1066.051147
vn -0.838622272 -0.3287302554 -0.4343375266
v 42.51552963 38.42053223 1066.479126
vn -0.8455086946 -0.3318488896 -0.4183196723
v 42.61950684 38.88012314 1066.230225
vn -0.7482224107 0.0976908803 -0.6562162042
v 42.95607376 38.57460403 1065.803833
vn -0.739105165 0.1105172709 -0.6644617915
v 42.91802216 38.48113251 1065.840332
vn -0.7750281692 0.01834011264 -0.631660521
v 42.58116531 38.78691864 1066.26709
vn -0.7845795155 0.01304563135 -0.6198909879
v 42.88831329 38.38697815 1065.884033
vn -0.8181962967 -0.1193701848 -0.5624104738
v 42.55118561 38.69300842 1066.311157
vn -0.8214979768 -0.1162559986 -0.558234334
v 42.71791077 39.058918 1066.178955
vn -0.6564708352 0.2661153972 -0.7058531046
v 43.05385208 38.75396347 1065.753296
vn -0.6312143803 0.2976288497 -0.7162300348
v 43.00167465 38.66597748 1065.77478
vn -0.6953847408 0.1923255473 -0.6924239397
v 42.66541672 38.97121811 1066.200806
vn -0.7054179311 0.1868058592 -0.6837317348
v 42.83810806 39.21990204 1066.157593
vn -0.5431924462 0.419057101 -0.7275528312
v 43.17340088 38.91553879 1065.732788
vn -0.5159145594 0.4468657672 -0.7308509946
v 43.11148834 38.83744812 1065.73938
vn -0.5890688896 0.3559186161 -0.7254790068
v 42.77587128 39.14210892 1066.164551
vn -0.6014249325 0.3480012715 -0.7191544771
v 42.97068405 39.35689163 1066.163208
vn -0.4152908325 0.5518530011 -0.7231817245
v 43.30534363 39.0531044 1065.739136
vn -0.4039955139 0.5621874332 -0.7216182947
v 43.23839951 38.98756409 1065.73291
vn -0.4691188335 0.4964570999 -0.7303820252
v 42.90342712 39.29163742 1066.157227
vn -0.4808525145 0.4894645214 -0.7274650335
v 43.12726974 39.48165131 1066.196411
vn -0.2697353363 0.6683328152 -0.6932345629
v 43.46125412 39.17847443 1065.773315
vn -0.2571075559 0.6783082485 -0.6883266568
v 43.38028717 39.11771393 1065.752441
vn -0.3337231576 0.6197524667 -0.7103067636
v 43.04596329 39.4211998 1066.176025
vn -0.344073236 0.6140354872 -0.7103337646
v 43.29878616 39.58249664 1066.258667
vn -0.1076833233 0.7644307017 -0.6356492639
v 43.63210678 39.27993011 1065.836304
vn -0.09482254833 0.7729469538 -0.6273449659
v 43.54465866 39.2322998 1065.801025
vn -0.1782564372 0.7266854048 -0.6634402275
v 43.21100616 39.53517151 1066.223755
vn -0.1880622059 0.7217018604 -0.666167438
v 43.47872925 39.65304184 1066.349243
vn 0.1222988889 0.8477124572 -0.5161652565
v 43.81141663 39.35104752 1065.927734
vn 0.1190919131 0.8506144285 -0.5121251941
v 43.72098541 39.31957626 1065.87854
vn -0.01144389343 0.8078864813 -0.5892270207
v 43.38798904 39.62185287 1066.300415
vn -0.021071041 0.8036020994 -0.5947938561
v 43.82509232 39.68450165 1066.598755
vn 0.3906600177 0.8640858531 -0.3173963428
v 44.15677643 39.38341904 1066.178467
vn 0.4001128078 0.8654934168 -0.3013817072
v 44.07501221 39.38961792 1066.109253
vn 0.32199651 0.8714290857 -0.3700399399
v 43.74311829 39.69089508 1066.529785
vn 0.3148860335 0.8696978688 -0.3800952733
v 43.98931503 39.3862648 1066.043701
vn 0.1934201419 0.8641747236 -0.4645327926
v 43.65718079 39.6877594 1066.464478
vn 0.1964925081 0.8614140153 -0.468355149
v 43.9727211 39.6447258 1066.743286
vn 0.5310257077 0.8277319074 -0.1813052446
v 44.30408478 39.34393311 1066.323486
vn 0.5380159616 0.8267377615 -0.1644491106
v 44.23345184 39.3679924 1066.250366
vn 0.4708182216 0.8499378562 -0.2365076542
v 43.90194321 39.66891479 1066.670288
vn 0.4654048383 0.849612534 -0.2481065392
v 44.09342957 39.57394028 1066.889038
vn 0.6461760402 0.7619364858 -0.04369592667
v 44.42461014 39.27331543 1066.469482
vn 0.6632339954 0.7483361959 -0.01065939479
v 44.36796188 39.31204987 1066.396851
vn 0.5968278646 0.7963595986 -0.09802012146
v 44.03670502 39.61274338 1066.816528
vn 0.5934850574 0.7972375154 -0.1103987619
v 44.47380447 39.22879791 1066.540283
vn 0.6979809999 0.7151120901 0.03791025653
v 44.14266968 39.5293808 1066.959839
vn 0.694509387 0.7190569639 0.02477440238
v 43.53136826 40.08861923 1067.867432
vn 0.7502043843 0.6533213854 0.1018064544
v 43.60025406 39.96366119 1068.011719
vn 0.8115168214 0.5345209837 0.2360672653
v 43.63824844 39.81319427 1068.151001
vn 0.8444199562 0.3902882934 0.3669196367
v 43.64123154 39.6419487 1068.27832
vn 0.8449631929 0.2300401032 0.4828236997
v 43.60731888 39.45874405 1068.386108
vn 0.8126263618 0.06597805768 0.5790382624
v 43.53783035 39.27272034 1068.468506
vn 0.7415288091 -0.1192891821 0.6602311134
v 43.4381218 39.09514618 1068.521484
vn 0.6463204622 -0.2849522233 0.7078644633
v 43.31656647 38.93542862 1068.544556
vn 0.5312799215 -0.433650583 0.7277972698
v 43.18266296 38.79968262 1068.540649
vn 0.3963367641 -0.567465663 0.7217339277
v 43.02466202 38.67624283 1068.509277
vn 0.2474169284 -0.6804099679 0.689802289
v 42.85174179 38.57670593 1068.448853
vn 0.08298394829 -0.7719617486 0.6302291155
v 42.67047501 38.5073967 1068.359985
vn -0.08491961658 -0.8336624503 0.5457065105
v 42.49085999 38.47377014 1068.246216
vn -0.2452067584 -0.8626882434 0.442315042
v 42.3219986 38.47790909 1068.113159
vn -0.4134007096 -0.856266439 0.309689641
v 42.1736908 38.51832199 1067.969482
vn -0.5508388281 -0.8161764741 0.1744492501
v 42.0525856 38.58947754 1067.824219
vn -0.6627167463 -0.7478946447 0.03821107
v 41.9614563 38.68336487 1067.685547
vn -0.751537919 -0.6520528793 -0.1000886634
v 41.89256668 38.80832291 1067.541138
vn -0.8129621148 -0.5331543088 -0.2341775
v 41.8545723 38.95879364 1067.401978
vn -0.8459300399 -0.3889083862 -0.364900887
v 41.8515892 39.1300354 1067.274536
vn -0.8458156586 -0.2292336226 -0.4817133844
v 41.88550186 39.31324387 1067.16687
vn -0.8133791685 -0.06532786787 -0.5780541301
v 41.95499039 39.49926758 1067.084473
vn -0.7430998683 0.1207168475 -0.6582021117
v 42.05469894 39.67683792 1067.031494
vn -0.6479662061 0.2860762775 -0.7059038281
v 42.17625427 39.83655548 1067.008301
vn -0.5327991843 0.4347169399 -0.7260483503
v 42.31015778 39.9723053 1067.012207
vn -0.39759624 0.5687977076 -0.7199905515
v 42.46815872 40.09574127 1067.043701
vn -0.2489213198 0.6817579865 -0.6879274845
v 42.64107895 40.19527817 1067.104126
vn -0.08456931263 0.7733807564 -0.6282756329
v 42.82234573 40.2645874 1067.192993
vn 0.08394665271 0.8344672322 -0.5446258783
v 43.00196075 40.29821777 1067.306763
vn 0.2443394512 0.8633847833 -0.4414350688
v 43.17082214 40.29407501 1067.439819
vn 0.4117705524 0.8577496409 -0.3077507317
v 43.31912994 40.25366211 1067.583496
vn 0.5492963791 0.8176021576 -0.1726272851
v 43.44023514 40.18251038 1067.728638
vn 0.6613640785 0.7491761446 -0.0365065746
v 42.96039963 40.58261871 1068.852051
vn 0.8156321645 0.5373371243 0.214506343
v 42.89163971 40.70745468 1068.70752
vn 0.7523425221 0.6538745761 0.08017940074
v 42.99797058 40.43256378 1068.991821
vn 0.8506860137 0.3953771889 0.3464249074
v 43.00022507 40.26203156 1069.120117
vn 0.8524763584 0.2351983339 0.4668680131
v 42.96530151 40.07980728 1069.229248
vn 0.8194983006 0.06372916698 0.5695270896
v 42.89457321 39.89498901 1069.313232
vn 0.7533801198 -0.109345898 0.6484303474
v 42.79347229 39.71876907 1069.368042
vn 0.6590666175 -0.2744838297 0.700206995
v 42.67047501 39.56045914 1069.393066
vn 0.5440485477 -0.4234803319 0.7243449092
v 42.53515244 39.42608643 1069.390991
vn 0.4081989527 -0.5582974553 0.7222725153
v 42.37564087 39.30411911 1069.361572
vn 0.2595208883 -0.6712237 0.6943397522
v 42.20122528 39.20603561 1069.303101
vn 0.09458552301 -0.7635216713 0.6388178468
v 42.01854324 39.13810349 1069.216064
vn -0.07688137889 -0.8269831538 0.5569453239
v 41.837677 39.10569 1069.104004
vn -0.2470536083 -0.8574030995 0.451469183
v 41.66779709 39.11082077 1068.972412
vn -0.406172961 -0.8528148532 0.3282230794
v 41.51875305 39.15194321 1068.82959
vn -0.54613024 -0.8147920966 0.1945652068
v 41.3972168 39.22351837 1068.684937
vn -0.660720706 -0.7483199239 0.05886779726
v 41.30593872 39.31755066 1068.546387
vn -0.7524035573 -0.6538042426 -0.08018058538
v 41.23717499 39.44238663 1068.401978
vn -0.8156697154 -0.5372912288 -0.2144786417
v 41.19960403 39.59244156 1068.262207
vn -0.8507105708 -0.395390451 -0.3463493884
v 41.19735336 39.76297379 1068.133789
vn -0.8525107503 -0.2352584451 -0.4667749703
v 41.2322731 39.94519806 1068.02478
vn -0.8195332885 -0.06373815984 -0.56947577
v 41.30300522 40.13001633 1067.940674
vn -0.7534453273 0.1092606485 -0.6483689547
v 41.40410233 40.30623627 1067.885986
vn -0.6590839624 0.2745099962 -0.7001803517
v 41.52710342 40.4645462 1067.860962
vn -0.5443180799 0.4232415259 -0.7242820263
v 41.66242218 40.59891891 1067.862915
vn -0.4082899988 0.5582761765 -0.7222374678
v 41.82193375 40.72089005 1067.892456
vn -0.2596284449 0.6712132096 -0.6943096519
v 41.99635315 40.81896973 1067.950806
vn -0.09475971013 0.7634869218 -0.6388335824
v 42.17903519 40.88690186 1068.037964
vn 0.07674895972 0.8269928694 -0.5569491982
v 42.35990143 40.91931534 1068.150024
vn 0.2468863875 0.8574373722 -0.4514956176
v 42.52977753 40.91418457 1068.281616
vn 0.4060283899 0.8528616428 -0.3282803297
v 42.67882156 40.87306213 1068.424316
vn 0.5459997058 0.814863801 -0.1946312934
v 42.80035782 40.80148697 1068.56897
vn 0.6606462598 0.7483848333 -0.05887842178
v 42.33523178 41.21273041 1069.692993
vn 0.8235231638 0.5293838978 0.2038682848
v 42.2665863 41.33744431 1069.54834
vn 0.7603597045 0.6457847953 0.0693910718
v 42.37236023 41.06312561 1069.833374
vn 0.858155787 0.3878587782 0.3363543451
v 42.37384033 40.8933754 1069.962769
vn 0.8592237234 0.2283952832 0.4577883184
v 42.33785248 40.71223831 1070.073242
vn 0.8252337575 0.05793815106 0.5618116856
v 42.26580811 40.52875519 1070.159058
vn 0.7578876615 -0.1138761118 0.6423694491
v 42.1632309 40.35403442 1070.21582
vn 0.662135601 -0.2776965797 0.6960323453
v 42.03869247 40.19728851 1070.24292
vn 0.5457291007 -0.4251048863 0.7221257687
v 41.90185928 40.06444931 1070.24292
vn 0.4083135426 -0.55841434 0.7221173644
v 41.7407341 39.9441185 1070.215698
vn 0.2581826746 -0.6697835922 0.696226716
v 41.56471634 39.84766006 1070.159424
vn 0.09168783575 -0.7605826259 0.6427343488
v 41.38051605 39.78126907 1070.074463
vn -0.08122347295 -0.8226205111 0.562759459
v 41.19831085 39.75021744 1069.964111
vn -0.2527277768 -0.8517670035 0.45893538
v 41.02733612 39.75645828 1069.833984
vn -0.4127729535 -0.8461146951 0.3372067511
v 40.87749481 39.79838943 1069.692383
vn -0.5535037518 -0.8073388338 0.2045423836
v 40.75548553 39.87044144 1069.54834
vn -0.6685662866 -0.7404049635 0.06942349672
v 40.6640358 39.96464539 1069.410034
vn -0.7604209781 -0.6457149386 -0.06936976314
v 40.59539413 40.08935928 1069.265381
vn -0.8235728741 -0.5293188691 -0.2038363069
v 40.55826569 40.23896408 1069.125
vn -0.8581911325 -0.3878429234 -0.3362824619
v 40.55678177 40.40871429 1068.995605
vn -0.8592656255 -0.2284448892 -0.4576849341
v 40.59277344 40.58985519 1068.885132
vn -0.8252753019 -0.05794515088 -0.5617499948
v 40.66481781 40.7733345 1068.799316
vn -0.7579908967 0.113739118 -0.6422719359
v 40.76739502 40.94805527 1068.742554
vn -0.6621999145 0.2776581645 -0.6959865093
v 40.89193344 41.10480499 1068.715454
vn -0.5459088683 0.424975127 -0.7220662236
v 41.02876282 41.23764038 1068.715454
vn -0.408415854 0.558392942 -0.7220760584
v 41.189888 41.35797501 1068.742798
vn -0.2581398785 0.6698750257 -0.696154654
v 41.36590576 41.45442963 1068.799072
vn -0.09199217707 0.7605098486 -0.6427769661
v 41.55010605 41.52082443 1068.884033
vn 0.08103183657 0.8226087689 -0.5628042817
v 41.73231506 41.55187607 1068.994263
vn 0.2524919212 0.8517827988 -0.4590358138
v 41.90328979 41.54563141 1069.12439
vn 0.4126805365 0.8461687565 -0.3371841908
v 42.05312729 41.50370026 1069.266113
vn 0.5533772707 0.8074197173 -0.2045652866
v 42.17513657 41.43164825 1069.410034
vn 0.6684783101 0.7404839396 -0.06942822039
v 41.72621918 41.85463715 1070.534546
vn 0.8319280744 0.520509243 0.1922650784
v 41.65769196 41.97922516 1070.389771
vn 0.7688667774 0.6368082166 0.05761248246
v 41.76288986 41.70552063 1070.675537
vn 0.8661193252 0.3794612288 0.3253405392
v 41.76356506 41.53662872 1070.80603
vn 0.866419673 0.2208117545 0.447838217
v 41.72644806 41.35668945 1070.918091
vn 0.8313606977 0.05147794262 0.5533438325
v 41.65300751 41.17469025 1071.005859
vn 0.7627527714 -0.1188611612 0.6356730461
v 41.54885864 41.00163651 1071.064819
vn 0.6654798985 -0.2812665999 0.6913939714
v 41.42268372 40.8466301 1071.094116
vn 0.5474729538 -0.4271414876 0.719599545
v 41.28424072 40.71549988 1071.096313
vn 0.4084731638 -0.5586933494 0.721811235
v 41.1213913 40.59700012 1071.071411
vn 0.2567596436 -0.6683348417 0.6981425881
v 40.94366074 40.5023613 1071.017578
vn 0.08865250647 -0.7573958635 0.6469097733
v 40.75783539 40.43769073 1070.934814
vn -0.08568477631 -0.8177793622 0.5691177845
v 40.57418442 40.40816879 1070.82666
vn -0.2585990131 -0.8455251455 0.4671335816
v 40.40202713 40.41566849 1070.69812
vn -0.4198518693 -0.8387091756 0.3468303382
v 40.25132751 40.45850754 1070.557617
vn -0.5612999201 -0.7990938425 0.2153866738
v 40.12879944 40.53110886 1070.414429
vn -0.6768741012 -0.7316365242 0.08092892915
v 40.03715515 40.6255188 1070.276367
vn -0.7689279914 -0.6367366314 -0.05758679286
v 39.96862411 40.75011063 1070.131592
vn -0.8319677711 -0.5204613209 -0.1922230124
v 39.93195343 40.89922714 1069.990601
vn -0.8661528826 -0.3794426918 -0.3252728283
v 39.93127823 41.06811905 1069.860107
vn -0.8664649129 -0.2208221555 -0.4477456212
v 39.96839905 41.24805832 1069.748047
vn -0.8314377666 -0.05150618777 -0.5532253981
v 40.0418396 41.43005753 1069.660278
vn -0.7628577352 0.1187904403 -0.6355603337
v 40.14598465 41.60311127 1069.601318
vn -0.6655880809 0.2811640501 -0.6913315654
v 40.27216339 41.75811768 1069.572021
vn -0.5477005243 0.4269483387 -0.7195410132
v 40.41060638 41.88924408 1069.569702
vn -0.4087598026 0.5585246086 -0.7217795253
v 40.573452 42.00774765 1069.594604
vn -0.256780535 0.6683679223 -0.6981032491
v 40.75118637 42.10238647 1069.64856
vn -0.08885981888 0.7573651671 -0.6469172835
v 40.93701172 42.16705322 1069.731201
vn 0.08545808494 0.8177976608 -0.5691255927
v 41.12066269 42.19657516 1069.839478
vn 0.2584373057 0.8455643654 -0.4671521187
v 41.29281998 42.18907928 1069.968018
vn 0.4196681082 0.8387793303 -0.3468831778
v 41.44351959 42.14623642 1070.108521
vn 0.5612052083 0.7991645336 -0.2153711617
v 41.56604767 42.0736351 1070.251709
vn 0.6767818928 0.7317217588 -0.08092894405
v 41.13527298 42.50885391 1071.376343
vn 0.8409103751 0.5105621219 0.1794325858
v 41.06684494 42.63332748 1071.231323
vn 0.7779539227 0.6267333031 0.04464326799
v 41.17147446 42.36026382 1071.517944
vn 0.8746664524 0.3699708581 0.3131775558
v 41.1713028 42.19231415 1071.649658
vn 0.8741735816 0.212204963 0.4367946386
v 41.13299942 42.01369858 1071.763306
vn 0.8379684091 0.04401070252 0.5439411998
v 41.0580864 41.83334732 1071.853149
vn 0.7680140734 -0.1246359199 0.6281881332
v 40.95227432 41.66214752 1071.914551
vn 0.6692370772 -0.2852107584 0.6861315966
v 40.82435608 41.50907898 1071.946411
vn 0.5495367646 -0.4293717146 0.7166932821
v 40.68420029 41.37985992 1071.95105
vn 0.4088481367 -0.559006989 0.7213559151
v 40.51951599 41.26340485 1071.928833
vn 0.2553090453 -0.6668416262 0.700099647
v 40.33995438 41.17080307 1071.877563
vn 0.08553833514 -0.7539371252 0.6513539553
v 40.15238953 41.10807419 1071.797241
vn -0.09052804112 -0.8125380278 0.5758355856
v 39.96718979 41.08027649 1071.691284
vn -0.2648114562 -0.838611722 0.4760307968
v 39.79375839 41.08919144 1071.564575
vn -0.4272917211 -0.8304597139 0.3574330807
v 39.64212799 41.13306808 1071.425415
vn -0.5696331263 -0.7898645401 0.2272271067
v 39.51903152 41.20630264 1071.283081
vn -0.6857308745 -0.7218139172 0.0935831666
v 39.42716217 41.30096054 1071.145386
vn -0.7780281901 -0.6266439557 -0.04460377991
v 39.35873795 41.4254303 1071.000366
vn -0.8409695625 -0.5104826093 -0.17938146
v 39.32253265 41.57402039 1070.858765
vn -0.8747115731 -0.3699573278 -0.3130674362
v 39.32270432 41.74197006 1070.727051
vn -0.8742176294 -0.2121826708 -0.436717391
v 39.36100769 41.92058563 1070.613403
vn -0.838055253 -0.044096753 -0.543800354
v 39.43592072 42.1009407 1070.52356
vn -0.7681379318 0.1245765463 -0.62804842
v 39.54173279 42.2721405 1070.462158
vn -0.6693908572 0.2851415873 -0.6860103011
v 39.66965103 42.42520905 1070.430298
vn -0.5496938825 0.4293031693 -0.7166138887
v 39.80980682 42.55442429 1070.425659
vn -0.4090414345 0.5589544773 -0.7212870717
v 39.97449112 42.67088318 1070.447876
vn -0.2556044459 0.6667612791 -0.7000684142
v 40.15405273 42.76348495 1070.499146
vn -0.08571768552 0.7539266348 -0.6513425708
v 40.34161758 42.82621384 1070.579468
vn 0.09029980749 0.812541008 -0.5758672357
v 40.52681732 42.85401154 1070.685425
vn 0.2645798326 0.8386744261 -0.4760490656
v 40.70024872 42.84509659 1070.812134
vn 0.4270482957 0.8305592537 -0.3574928343
v 40.85187912 42.80121613 1070.951172
vn 0.5694897175 0.7899655104 -0.2272356004
v 40.9749794 42.72798538 1071.093628
vn 0.6856358051 0.7219078541 -0.09355518967
v 40.56463242 43.17612839 1072.21814
vn 0.8505223393 0.499306649 0.1652410477
v 40.49629211 43.30049515 1072.07312
vn 0.7876514196 0.6153740883 0.03033100627
v 40.60036087 43.02809525 1072.360474
vn 0.8838318586 0.3592261672 0.2996627986
v 40.59932327 42.86117554 1072.493408
vn 0.8825160265 0.2024907768 0.4244561195
v 40.55978012 42.684021 1072.609009
vn 0.8451504111 0.03563227877 0.53333956
v 40.48332214 42.50548935 1072.70105
vn 0.773667872 -0.1314959526 0.6197958589
v 40.37576294 42.3363533 1072.765015
vn 0.673312664 -0.2899625897 0.6801262498
v 40.24600983 42.18545151 1072.799561
vn 0.5518511534 -0.432099849 0.7132671475
v 40.10404205 42.0583725 1072.806885
vn 0.4093496501 -0.5595487952 0.7206510901
v 39.93741226 41.94421387 1072.787598
vn 0.2539217472 -0.6652650833 0.7021012306
v 39.75590897 41.85390472 1072.739136
vn 0.0823571831 -0.7501419187 0.6561283469
v 39.56648636 41.79336548 1072.661743
vn -0.09545707703 -0.8066835403 0.5832234621
v 39.37963104 41.7675209 1072.558228
vn -0.2714098394 -0.8309365511 0.4856760204
v 39.20483017 41.77804947 1072.433472
vn -0.4351639152 -0.8212561011 0.3690132499
v 39.05218887 41.82312012 1072.295898
vn -0.5784891844 -0.7795124054 0.2402304709
v 38.9284668 41.89709091 1072.154419
vn -0.6951774359 -0.7107537389 0.1075054407
v 38.83633804 41.99205399 1072.01709
vn -0.7877503037 -0.6152508855 -0.03026274964
v 38.76799774 42.11642075 1071.87207
vn -0.8506145477 -0.4991672039 -0.1651876718
v 38.73226929 42.26445389 1071.729858
vn -0.8838999271 -0.3591810465 -0.2995161712
v 38.73330688 42.4313736 1071.596802
vn -0.8825901151 -0.2024700493 -0.4243118167
v 38.77285004 42.60852814 1071.481323
vn -0.8452183604 -0.03563359007 -0.5332317948
v 38.84930801 42.78705978 1071.38916
vn -0.773868084 0.131283164 -0.6195909381
v 38.9568634 42.95619583 1071.325195
vn -0.6734815836 0.2898913622 -0.6799893975
v 39.08661652 43.10709763 1071.290649
vn -0.5520334244 0.4320391715 -0.7131628394
v 39.22858429 43.23417664 1071.283325
vn -0.4093949199 0.5596398115 -0.7205547094
v 39.39521408 43.34833527 1071.302734
vn -0.2542476058 0.6652039886 -0.7020411491
v 39.57672119 43.43864441 1071.351074
vn -0.08276610821 0.750110507 -0.6561127901
v 39.7661438 43.49918365 1071.428467
vn 0.09528124332 0.806733489 -0.5831831694
v 39.9529953 43.52502823 1071.532104
vn 0.2711626291 0.8310027719 -0.4857007265
v 40.12779617 43.51449966 1071.656738
vn 0.4348947108 0.8213703036 -0.3690764904
v 40.28044128 43.46942902 1071.794312
vn 0.5783027411 0.7796489 -0.2402364314
v 40.40416336 43.39545822 1071.935791
vn 0.6950470209 0.7108883858 -0.1074583679
v 40.01636887 43.8574791 1073.060303
vn 0.860671699 0.486674875 0.1496387422
v 39.9480896 43.98177338 1072.915161
vn 0.7978597283 0.602665782 0.01462318189
v 40.05163193 43.71003723 1073.203369
vn 0.8935260773 0.3471910954 0.2847271264
v 40.04970551 43.54423141 1073.337646
vn 0.8913711309 0.191455707 0.4108554423
v 40.00888824 43.36868668 1073.4552
vn 0.8528206944 0.0262614917 0.5215431452
v 39.93082428 43.19217682 1073.549805
vn 0.7797838449 -0.1391226947 0.6103950143
v 39.82144165 43.02534103 1073.616455
vn 0.6776604056 -0.2955178618 0.6733836532
v 39.68976212 42.87686157 1073.654053
vn 0.5544973612 -0.4352326691 0.7092990875
v 39.54589081 42.75217819 1073.664307
vn 0.4099447727 -0.5603973866 0.7196527719
v 39.37720871 42.64060211 1073.648193
vn 0.2526999116 -0.6636222601 0.7040939331
v 39.19364548 42.55288315 1073.602905
vn 0.07900711894 -0.7461451292 0.6610789299
v 39.00225449 42.49481964 1073.528564
vn -0.1005748957 -0.8002923131 0.5911149383
v 38.81363678 42.47119141 1073.427734
vn -0.2781830728 -0.8224425912 0.4961878657
v 38.63736725 42.4835701 1073.30542
vn -0.4433576465 -0.8110361695 0.3816469312
v 38.48363113 42.53001404 1073.169556
vn -0.587747097 -0.7679927945 0.2544413209
v 38.3592186 42.60485077 1073.029053
vn -0.7050892711 -0.6984152794 0.1227402091
v 38.26678848 42.7001915 1072.892334
vn -0.7979775071 -0.6025119424 -0.0145342797
v 38.1985054 42.82448578 1072.747192
vn -0.8607712388 -0.4865314662 -0.1495325118
v 38.16324615 42.97192764 1072.604248
vn -0.8936087489 -0.3470799029 -0.2846030593
v 38.16516876 43.13773346 1072.469849
vn -0.8914700747 -0.1915121078 -0.4106144011
v 38.20598602 43.31328201 1072.352295
vn -0.852871418 -0.02611309662 -0.5214675665
v 38.28404999 43.48979187 1072.257812
vn -0.7799429893 0.139018178 -0.6102154851
v 38.39343643 43.65662766 1072.19104
vn -0.6779221296 0.2953546047 -0.6731917858
v 38.52511215 43.80510712 1072.153442
vn -0.5547047257 0.4351822734 -0.7091678381
v 38.66898727 43.92978668 1072.143188
vn -0.4100521207 0.5604296327 -0.7195664644
v 38.83766937 44.04136658 1072.159424
vn -0.2529119551 0.6636067033 -0.7040324807
v 39.0212326 44.12908173 1072.20459
vn -0.07946808636 0.74606359 -0.661115706
v 39.21261978 44.18714523 1072.278931
vn 0.1002598703 0.8003466725 -0.5910948515
v 39.4012413 44.21077347 1072.379761
vn 0.2779261172 0.8225482702 -0.4961566031
v 39.57750702 44.19839859 1072.502075
vn 0.4430544972 0.8111816645 -0.3816896975
v 39.73124313 44.15195465 1072.637939
vn 0.5875543356 0.7681481838 -0.2544175982
v 39.85565567 44.07711792 1072.778442
vn 0.7049461007 0.698571384 -0.1226745024
v 39.49304962 44.55332184 1073.902344
vn 0.871242702 0.472599715 0.1326108128
v 39.42478943 44.67758179 1073.757202
vn 0.8084470034 0.5885638595 -0.00246048253
v 39.52785873 44.40649033 1074.046021
vn 0.9036707282 0.3336872458 0.2683879137
v 39.52504349 44.24189377 1074.181763
vn 0.9006795287 0.179093197 0.3958560824
v 39.4829216 44.0681076 1074.301392
vn 0.8608997464 0.01551298425 0.5085381269
v 39.40320206 43.89382935 1074.398682
vn 0.7863554955 -0.1476781815 0.5998634696
v 39.29192352 43.72954941 1074.468506
vn 0.6824121475 -0.3018122613 0.6657499671
v 39.15824127 43.58377075 1074.509277
vn 0.557428062 -0.438983649 0.7046753168
v 39.01237869 43.46177292 1074.522827
vn 0.410738647 -0.5615952015 0.718264997
v 38.84154129 43.35309219 1074.510132
vn 0.2516636848 -0.6620205045 0.7059704065
v 38.65581512 43.26828766 1074.468506
vn 0.07583611459 -0.7418755889 0.6662353277
v 38.46234512 43.21302795 1074.397461
vn -0.1057737097 -0.7934456468 0.5993795991
v 38.2718544 43.19192123 1074.299683
vn -0.2851181328 -0.8132330179 0.5073063374
v 38.09401703 43.20640564 1074.179932
vn -0.4517526031 -0.7998536825 0.3951629102
v 37.93910217 43.25443649 1074.045898
vn -0.5972516537 -0.7553262711 0.2697641551
v 37.81393051 43.33028793 1073.906738
vn -0.7153118253 -0.6847939491 0.139234364
v 37.72114563 43.4261055 1073.77063
vn -0.8085643053 -0.5884022713 0.002544913907
v 37.65288544 43.55036545 1073.625488
vn -0.8713261485 -0.472484082 -0.132474646
v 37.61807632 43.69719696 1073.481689
vn -0.9037461281 -0.333611697 -0.2682277858
v 37.62089157 43.86179352 1073.345947
vn -0.9007667303 -0.1790901721 -0.3956589997
v 37.66301346 44.03557968 1073.226318
vn -0.8609824181 -0.01545169298 -0.5083999038
v 37.742733 44.20985794 1073.12915
vn -0.78642869 0.1477624476 -0.5997467637
v 37.85401154 44.37413788 1073.059326
vn -0.6826418042 0.3016971052 -0.6655666828
v 37.98769379 44.51991653 1073.018555
vn -0.5575911999 0.4389782846 -0.7045496106
v 38.13355637 44.64191437 1073.005005
vn -0.4110518396 0.5615085959 -0.7181535363
v 38.30439377 44.75059509 1073.0177
vn -0.251847595 0.6620642543 -0.7058638334
v 38.49011993 44.83539963 1073.059326
vn -0.07626502961 0.7418262362 -0.6662413478
v 38.68358994 44.89065933 1073.130371
vn 0.105456844 0.7934900522 -0.5993766785
v 38.87408066 44.91176605 1073.228149
vn 0.284820348 0.813333571 -0.5073123574
v 39.05191803 44.89728165 1073.3479
vn 0.4514343441 0.8000152111 -0.3951995671
v 39.20683289 44.84925079 1073.481812
vn 0.597009778 0.7555189729 -0.2697598338
v 39.33200455 44.77339554 1073.620972
vn 0.7151767015 0.6849520206 -0.1391512752
v 38.99739838 45.26347733 1074.743774
vn 0.8820929527 0.4570282102 0.1141806245
v 38.92911148 45.38777542 1074.598755
vn 0.8192670345 0.5730335116 -0.0208366178
v 39.03179932 45.11724472 1074.888184
vn 0.9141455293 0.3186562359 0.2505916059
v 39.02811813 44.9539032 1075.025391
vn 0.9103489518 0.1651939601 0.3794413805
v 38.98470306 44.78199387 1075.147217
vn 0.8693587184 0.003356664907 0.4941701293
v 38.90332413 44.6101265 1075.247314
vn 0.7932412624 -0.1576904804 0.5881343484
v 38.7901268 44.44862366 1075.320312
vn 0.6875627041 -0.3091664612 0.6570187211
v 38.6544075 44.30580139 1075.364624
vn 0.5606637001 -0.4436042905 0.699193418
v 38.50650787 44.18675232 1075.381714
vn 0.4119614363 -0.5632817745 0.7162411809
v 38.33346176 44.08127594 1075.372681
vn 0.2506942749 -0.6608619094 0.7073994279
v 38.14550018 43.99970627 1075.334961
vn 0.07298111916 -0.7375628352 0.6713231802
v 37.94987488 43.9475708 1075.267578
vn -0.1107956916 -0.7862827182 0.6078518033
v 37.75742722 43.92929459 1075.173218
vn -0.2919733226 -0.8034203649 0.5189096928
v 37.57793808 43.94617081 1075.056274
vn -0.4601538777 -0.7878062129 0.409413904
v 37.42176437 43.99602127 1074.924438
vn -0.6068330407 -0.7415758371 0.2860400975
v 37.29576874 44.07307053 1074.786743
vn -0.725700736 -0.6698928475 0.1568503231
v 37.20256805 44.16947937 1074.651245
vn -0.8193705678 -0.5728824735 0.0209168978
v 37.13428116 44.29377747 1074.506226
vn -0.8821718693 -0.4569027424 -0.1140729561
v 37.09988022 44.44001007 1074.361816
vn -0.91421175 -0.3185738921 -0.2504546046
v 37.10356522 44.60335159 1074.224609
vn -0.9104326963 -0.1651832163 -0.3792450428
v 37.14698029 44.77526093 1074.102783
vn -0.8694753647 -0.003368364647 -0.4939648509
v 37.22835922 44.9471283 1074.002686
vn -0.7933646441 0.157671392 -0.5879729986
v 37.34155273 45.10863113 1073.929688
vn -0.687761426 0.3090929389 -0.6568453312
v 37.47727203 45.25145721 1073.885376
vn -0.560777545 0.4436485767 -0.6990740299
v 37.62517548 45.37050247 1073.868408
vn -0.4122164547 0.5632402897 -0.7161270976
v 37.79821777 45.47597885 1073.877319
vn -0.2509393096 0.6608664989 -0.7073082328
v 37.98617935 45.55754852 1073.915161
vn -0.07338008285 0.7375625968 -0.6712799668
v 38.18180847 45.60968399 1073.982422
vn 0.1104146764 0.7863297462 -0.6078602672
v 38.37425232 45.62796021 1074.076782
vn 0.2916345298 0.8035243154 -0.5189393163
v 38.55374146 45.61108398 1074.193726
vn 0.4599046111 0.7879498005 -0.4094176888
v 38.70991516 45.56123352 1074.325562
vn 0.60661906 0.7417502999 -0.2860417366
v 38.83591461 45.48418427 1074.463257
vn 0.7255640626 0.670052886 -0.1567991078
v 38.53130722 45.9887352 1075.585938
vn 0.8930364847 0.4399735928 0.09438777715
v 38.46291351 46.11319733 1075.441162
vn 0.8301087022 0.556132257 -0.04045342281
v 38.56537628 45.84302521 1075.730957
vn 0.9247723818 0.3021200001 0.2313428521
v 38.56090164 45.68092728 1075.869629
vn 0.9202384353 0.1497666538 0.3615677059
v 38.51626205 45.51094055 1075.99353
vn 0.8780764341 -0.01032747608 0.4784089625
v 38.43328094 45.34158325 1076.096558
vn 0.8005099297 -0.1689041853 0.5750262737
v 38.31821823 45.18301773 1076.172974
vn 0.6930477023 -0.3177150786 0.6471028328
v 38.1804924 45.04334641 1076.220947
vn 0.5642098188 -0.4492591023 0.6927002072
v 38.0305748 44.92747116 1076.241577
vn 0.413561672 -0.5656700134 0.7134312391
v 37.85532761 44.82545853 1076.236694
vn 0.2502165735 -0.6600502133 0.7083257437
v 37.6651268 44.74741364 1076.203003
vn 0.07035312802 -0.7334315181 0.6761128902
v 37.46731567 44.69870758 1076.139648
vn -0.1154564694 -0.7789168358 0.6164076328
v 37.27287674 44.68356705 1076.04895
vn -0.2985751629 -0.7931126356 0.5308721662
v 37.09168243 44.70312119 1075.935059
vn -0.4683708847 -0.7749901414 0.4242864847
v 36.93419266 44.75504684 1075.805664
vn -0.6162914634 -0.7268079519 0.3032078147
v 36.80729675 44.83350754 1075.669678
vn -0.7360411286 -0.6537729502 0.1755689234
v 36.71361923 44.93067169 1075.535034
vn -0.830206275 -0.5559802651 0.04053998739
v 36.64522934 45.05513382 1075.390259
vn -0.8931151628 -0.4398379028 -0.09427588433
v 36.61116028 45.20084381 1075.245239
vn -0.9248433113 -0.3019961119 -0.2312210947
v 36.61563492 45.36294556 1075.106689
vn -0.9203170538 -0.1497624367 -0.361369282
v 36.66027451 45.53293228 1074.982666
vn -0.8782125115 0.01023271214 -0.4781611562
v 36.7432518 45.70228577 1074.879639
vn -0.8006664515 0.1688564271 -0.5748223662
v 36.85831833 45.86085129 1074.803223
vn -0.693241477 0.3176501393 -0.6469270587
v 36.99604034 46.00052261 1074.755249
vn -0.5644370317 0.4492032528 -0.6925513148
v 37.14595795 46.11639786 1074.734619
vn -0.4137603045 0.5656875372 -0.7133021951
v 37.32120895 46.21841049 1074.739502
vn -0.2503986359 0.6600905061 -0.7082238793
v 37.51140976 46.29645538 1074.773315
vn -0.07069122046 0.7334625125 -0.6760440469
v 37.70922089 46.34516144 1074.836548
vn 0.1150645986 0.7789863944 -0.6163930297
v 37.90365982 46.36030197 1074.927368
vn 0.2982742488 0.7932341099 -0.5308597684
v 38.08485031 46.34074783 1075.041138
vn 0.4680492878 0.7751643658 -0.4243230522
v 38.2423439 46.28882217 1075.170532
vn 0.6161016822 0.7269753814 -0.3031922281
v 38.36923599 46.2103653 1075.306519
vn 0.7359085679 0.6539372206 -0.1755127162
v 38.097332 46.72858047 1076.428955
vn 0.9033494592 0.4225049913 0.0738190487
v 38.02873611 46.85338974 1076.284546
vn 0.8401694894 0.5389235616 -0.06063567474
v 38.13117981 46.58325195 1076.574341
vn 0.9349676967 0.2850276232 0.2111745179
v 38.12604523 46.42229843 1076.714233
vn 0.9299132824 0.1337884367 0.3425812423
v 38.08031464 46.25419235 1076.840332
vn 0.8868371248 -0.02460201643 0.4614267647
v 37.99586868 46.08737183 1076.946167
vn 0.8079978228 -0.1809089929 0.5607240796
v 37.87906265 45.9318161 1077.026001
vn 0.6989892721 -0.3269920945 0.6359954476
v 37.73944473 45.79541779 1077.077637
vn 0.5684264898 -0.4555894434 0.6850763559
v 37.58760071 45.68286514 1077.102051
vn 0.4158351719 -0.5688524842 0.7095688581
v 37.41022873 45.58451843 1077.101318
vn 0.2506613731 -0.6598532796 0.7083519697
v 37.21784973 45.51023865 1077.071899
vn 0.06875264645 -0.729823947 0.6801691651
v 37.01789474 45.46522903 1077.012695
vn -0.119039461 -0.7719828486 0.624397397
v 36.82147217 45.45351028 1076.925903
vn -0.3040024936 -0.7830832005 0.5425524712
v 36.63856125 45.47602844 1076.81543
vn -0.4754080772 -0.7623133063 0.4391646683
v 36.47970963 45.53030014 1076.688843
vn -0.6247108579 -0.712020576 0.3205667138
v 36.35186005 45.61040878 1076.554688
vn -0.7454589009 -0.6374871731 0.1946820021
v 36.25762558 45.70853043 1076.421143
vn -0.8402491808 -0.5387860537 0.06075310707
v 36.18902969 45.83334351 1076.276855
vn -0.903421402 -0.4223738611 -0.07368882746
v 36.15518188 45.97867203 1076.13147
vn -0.9350342155 -0.2849300504 -0.2110114694
v 36.16031647 46.13962555 1075.991577
vn -0.9300043583 -0.133798182 -0.3423300982
v 36.20604324 46.30772781 1075.865356
vn -0.8869768381 0.02451197058 -0.4611629546
v 36.2904892 46.47454834 1075.759521
vn -0.8081539273 0.1808641255 -0.5605134964
v 36.40729523 46.63010788 1075.679688
vn -0.6991791725 0.3269535601 -0.6358064413
v 36.54691696 46.7665062 1075.628052
vn -0.5686505437 0.4555657208 -0.6849061251
v 36.69875717 46.87905502 1075.603638
vn -0.4160949886 0.5688477755 -0.7094202638
v 36.87612915 46.97740173 1075.60437
vn -0.250900656 0.6599065065 -0.7082176805
v 37.06851196 47.05168915 1075.633911
vn -0.06895039231 0.729911983 -0.6800546646
v 37.26846695 47.09669495 1075.692993
vn 0.1185586527 0.7720599174 -0.6243935823
v 37.46488571 47.1084137 1075.779785
vn 0.3037729859 0.7832182646 -0.5424860716
v 37.64779663 47.08589554 1075.890259
vn 0.4751425385 0.7624919415 -0.4391419291
v 37.80665207 47.03162766 1076.016846
vn 0.6245414615 0.7121925354 -0.3205148578
v 37.93450165 46.9515152 1076.151001
vn 0.7453473806 0.6376439333 -0.1945957839
v 37.70681 47.46031952 1077.250488
vn 0.9132766128 0.4036535323 0.05467742682
v 37.63789368 47.58573151 1077.106812
vn 0.8499636054 0.5208660364 -0.07912319899
v 37.74061584 47.31508255 1077.395874
vn 0.9446220398 0.2660826147 0.1920657009
v 37.73504257 47.15496063 1077.536743
vn 0.9388950467 0.1155503616 0.324228704
v 37.68849182 46.98844147 1077.664551
vn 0.8947868943 -0.04133059457 0.444576472
v 37.60287094 46.82385635 1077.772949
vn 0.8146110773 -0.1954944879 0.5460684299
v 37.48461914 46.67105103 1077.855835
vn 0.7039817572 -0.3389745057 0.6241041422
v 37.34339523 46.5377121 1077.910889
vn 0.571808815 -0.4644786716 0.6762353182
v 37.18989182 46.42831039 1077.938843
vn 0.4173727334 -0.5744475126 0.7041378021
v 37.01066208 46.33349991 1077.942017
vn 0.2502114177 -0.6620422602 0.7064660788
v 36.81634521 46.26289749 1077.916626
vn 0.06642246991 -0.7282584906 0.6820759773
v 36.61445999 46.22156525 1077.861694
vn -0.1231436059 -0.7666597366 0.6301337481
v 36.41621399 46.21330261 1077.778809
vn -0.309941262 -0.7742292881 0.5518200994
v 36.23168945 46.23888397 1077.671753
vn -0.4828161597 -0.7502862215 0.4516183734
v 36.07151794 46.29565811 1077.547974
vn -0.6332176924 -0.697376132 0.335711062
v 35.94269562 46.37760925 1077.415894
vn -0.7547344565 -0.6208828688 0.2118498683
v 35.84783936 46.47690964 1077.283813
vn -0.8499948382 -0.5207937956 0.07926289737
v 35.77892303 46.60232162 1077.140137
vn -0.9133058786 -0.4036090672 -0.05451697111
v 35.74511719 46.74756622 1076.994629
vn -0.9446636438 -0.2660692334 -0.1918795854
v 35.75069046 46.90768051 1076.853882
vn -0.9389712214 -0.1155817583 -0.3239966929
v 35.79724503 47.07420731 1076.725952
vn -0.8949038386 0.04131855071 -0.4443421066
v 35.88286591 47.23878479 1076.617676
vn -0.8147293329 0.1955517083 -0.5458714962
v 36.00111389 47.39159775 1076.53479
vn -0.7042173147 0.3389272392 -0.6238639951
v 36.14234161 47.52493668 1076.479736
vn -0.5720185637 0.4645180702 -0.6760308743
v 36.29584122 47.63433075 1076.451782
vn -0.4175943732 0.5744903088 -0.7039714456
v 36.47507095 47.72914505 1076.448608
vn -0.2505186796 0.6620733738 -0.7063279748
v 36.66938782 47.79974747 1076.473877
vn -0.06660618633 0.728366673 -0.6819425225
v 36.87127304 47.84107971 1076.528931
vn 0.1229786724 0.7667892575 -0.6300082803
v 37.06951904 47.84934616 1076.611816
vn 0.3097171485 0.774363637 -0.5517574549
v 37.25404358 47.82376099 1076.718872
vn 0.4827255011 0.7504067421 -0.4515150487
v 37.41421509 47.76699066 1076.842651
vn 0.6331261396 0.6975066066 -0.3356126845
v 37.54303741 47.68503571 1076.974731
vn 0.7546860576 0.6209849715 -0.2117229104
v 37.32508469 48.2452507 1078.12561
vn 0.9201722145 0.3897381127 0.03724608198
v 37.25564957 48.37173843 1077.983154
vn 0.8561722636 0.5078151822 -0.09535640478
v 37.3591156 48.09955597 1078.270508
vn 0.9519988298 0.2517758012 0.1740894169
v 37.35343552 47.93966675 1078.411499
vn 0.9464778304 0.1014034525 0.3064262569
v 37.30643463 47.77407837 1078.540283
vn 0.9022694826 -0.05473442003 0.4276844263
v 37.22005081 47.6111145 1078.650391
vn 0.8217233419 -0.2075430453 0.5307510495
v 37.10076904 47.46046448 1078.735718
vn 0.7103760839 -0.3493486941 0.6110002398
v 36.95833206 47.32966232 1078.793457
vn 0.577205956 -0.4728983641 0.6657329798
v 36.80352783 47.22299576 1078.824463
vn 0.4218289852 -0.5803830028 0.6965743899
v 36.62279129 47.13132858 1078.831177
vn 0.2535542548 -0.6653774977 0.7021274567
v 36.42684937 47.06412506 1078.809692
vn 0.0682528764 -0.7288892865 0.6812208891
v 36.22328568 47.02629471 1078.758545
vn -0.1228458136 -0.764439106 0.6328836679
v 36.0234108 47.0214386 1078.679443
vn -0.3111266792 -0.769194603 0.5581575632
v 35.83737564 47.0501709 1078.575928
vn -0.4854720235 -0.7426845431 0.4612337947
v 35.67590714 47.10963821 1078.4552
vn -0.637262404 -0.6875418425 0.3481132686
v 35.54605865 47.1937294 1078.325562
vn -0.7599808574 -0.6092235446 0.2264415324
v 35.45045853 47.29457092 1078.19519
vn -0.8561496735 -0.5078151822 0.09555870295
v 35.38101959 47.42106628 1078.052734
vn -0.9201745391 -0.3897514939 -0.03704877198
v 35.34699249 47.56676102 1077.907837
vn -0.952027142 -0.2518156469 -0.1738770306
v 35.35267258 47.72664261 1077.766846
vn -0.9465516806 -0.1014861837 -0.3061706722
v 35.39966965 47.89222717 1077.637939
vn -0.9023733735 0.05471041426 -0.4274681807
v 35.48605728 48.05520248 1077.527954
vn -0.8218116164 0.2076292932 -0.5305805802
v 35.60533524 48.20584869 1077.442627
vn -0.7105727196 0.3493397534 -0.6107766628
v 35.74777222 48.33665466 1077.384766
vn -0.5775182247 0.4728626013 -0.6654875278
v 35.90257645 48.44332886 1077.35376
vn -0.4219681323 0.5804953575 -0.6963964701
v 36.0833168 48.53498077 1077.347046
vn -0.2534922957 0.6655809879 -0.7019569874
v 36.27925873 48.60219193 1077.368652
vn -0.06830155104 0.7290372849 -0.681057632
v 36.48282242 48.64002228 1077.4198
vn 0.122821331 0.7645871043 -0.6327096224
v 36.6826973 48.64487076 1077.498901
vn 0.3109306395 0.7693499923 -0.558052659
v 36.86872864 48.61614609 1077.602295
vn 0.4854983687 0.7427873015 -0.4610405266
v 37.03019714 48.55667877 1077.723145
vn 0.6372951865 0.6876078844 -0.347922653
v 37.16004944 48.47257996 1077.852783
vn 0.7599987984 0.609266758 -0.2262650728
v 36.97736359 49.0152626 1078.989136
vn 0.9249784946 0.3791379929 0.02586872131
v 36.90719604 49.14338303 1078.848511
vn 0.8603101373 0.4988531172 -0.1049383134
v 37.01196671 48.86829758 1079.132568
vn 0.9573047161 0.2399054766 0.1612855643
v 37.00666809 48.70759201 1079.272583
vn 0.9520913959 0.08870377392 0.2926664054
v 36.95981979 48.54170227 1079.401001
vn 0.9079570174 -0.06778469682 0.4135448039
v 36.87334824 48.37896347 1079.511353
vn 0.8272421956 -0.2203989178 0.5168120265
v 36.75376129 48.22904587 1079.597412
vn 0.7155863047 -0.3613947332 0.5977709293
v 36.61083221 48.09938812 1079.656494
vn 0.5818223953 -0.4838575721 0.6537312269
v 36.45539856 47.99416733 1079.689087
vn 0.4257171452 -0.5898358822 0.6861913204
v 36.27383804 47.90438461 1079.697876
vn 0.2565774322 -0.6729712486 0.6937417984
v 36.07692719 47.83938599 1079.678833
vn 0.07031101733 -0.7342262268 0.6752541661
v 35.87227249 47.80403519 1079.630493
vn -0.1220479161 -0.7673107982 0.6295542121
v 35.67124176 47.80179977 1079.554321
vn -0.3114675581 -0.769418776 0.5576582551
v 35.48405075 47.83314896 1079.453735
vn -0.4869532883 -0.7402488589 0.4635818005
v 35.32148361 47.8950882 1079.335815
vn -0.639780283 -0.6826004982 0.3531824052
v 35.19065857 47.98137283 1079.208618
vn -0.7634284496 -0.602048099 0.2339124978
v 35.0942421 48.0840416 1079.080322
vn -0.8603633642 -0.4987242818 0.1051142737
v 35.02407074 48.2121582 1078.939819
vn -0.9250441194 -0.3789882064 -0.02571611665
v 34.98946762 48.35912704 1078.796387
vn -0.9573708177 -0.2397505492 -0.1611236632
v 34.99477005 48.5198288 1078.656372
vn -0.9521571994 -0.08855321258 -0.2924978435
v 35.04161453 48.68572617 1078.527832
vn -0.9080296755 0.06793136895 -0.4133611023
v 35.12808609 48.84846497 1078.417603
vn -0.8272705674 0.2206390947 -0.5166641474
v 35.24767303 48.99838257 1078.331421
vn -0.7156341672 0.3616048992 -0.5975865126
v 35.39060593 49.1280365 1078.272461
vn -0.5819672942 0.4839846194 -0.6535081863
v 35.54603958 49.23325348 1078.239746
vn -0.4258797765 0.5899691582 -0.68597579
v 35.72759628 49.32303619 1078.230957
vn -0.2564191222 0.6732375622 -0.693541944
v 35.92450714 49.38803482 1078.250122
vn -0.07015442848 0.7344466448 -0.6750307679
v 36.12916183 49.42338562 1078.298462
vn 0.1220065132 0.767470479 -0.6293675303
v 36.33019257 49.42562866 1078.374634
vn 0.311321646 0.7695850134 -0.5575103164
v 36.51738739 49.39427567 1078.475098
vn 0.4868631661 0.7404164076 -0.4634089172
v 36.67995071 49.33233261 1078.59314
vn 0.6397523284 0.6827356815 -0.3529716432
v 36.81077576 49.24605942 1078.720215
vn 0.763340354 0.6022144556 -0.2337717414
v 36.64717865 49.77881622 1079.86499
vn 0.928176403 0.3717507124 0.01702713035
v 36.57598114 49.90933228 1079.727295
vn 0.8624833226 0.4937295914 -0.1111468598
v 36.68273544 49.62965775 1080.005859
vn 0.9614479542 0.230449155 0.1500366628
v 36.6782608 49.4670639 1080.143677
vn 0.957036972 0.07757096738 0.279397577
v 36.632061 49.29972076 1080.270508
vn 0.9135167599 -0.08021748811 0.3988135755
v 36.54602051 49.1360321 1080.379639
vn 0.833118856 -0.2337220758 0.501285255
v 36.42663193 48.98572159 1080.46521
vn 0.7215745449 -0.3749527037 0.5820143223
v 36.28367615 48.85619736 1080.524414
vn 0.5877367854 -0.4971002638 0.6383234262
v 36.12802505 48.75154495 1080.557617
vn 0.4312614202 -0.6024164557 0.6716457605
v 35.94603729 48.66283035 1080.567627
vn 0.2615962327 -0.6843372583 0.6806246638
v 35.74848557 48.59939575 1080.550415
vn 0.07459501177 -0.743899405 0.6641153693
v 35.54299927 48.56604385 1080.504395
vn -0.1187306941 -0.774885416 0.6208507419
v 35.34097672 48.56617737 1080.430908
vn -0.3092282116 -0.774554193 0.5517641902
v 35.15268326 48.60013962 1080.333374
vn -0.4859570563 -0.7427161932 0.4606717229
v 34.98897552 48.6647644 1080.218506
vn -0.6399179101 -0.6823648214 0.3533883691
v 34.85704041 48.75364685 1080.09436
vn -0.7646714449 -0.5992203355 0.2370919734
v 34.75959778 48.85871124 1079.968872
vn -0.8626980782 -0.4933567941 0.1111356467
v 34.68839645 48.98922729 1079.831055
vn -0.9283487201 -0.3713194132 -0.01704420894
v 34.65284348 49.13838577 1079.690308
vn -0.9615634084 -0.2299668491 -0.1500367373
v 34.6573143 49.30097198 1079.552368
vn -0.9570841789 -0.07702179253 -0.2793877423
v 34.7035141 49.46832275 1079.425659
vn -0.9134905338 0.0807711482 -0.3987619281
v 34.7895546 49.63201141 1079.316528
vn -0.833030045 0.2342480272 -0.5011873841
v 34.90894318 49.78232193 1079.230957
vn -0.7215367556 0.3753673136 -0.5817938447
v 35.05190277 49.9118576 1079.171753
vn -0.5877699852 0.4974157214 -0.6380470395
v 35.20755386 50.01649857 1079.138428
vn -0.431337595 0.6026759148 -0.6713640094
v 35.38954163 50.10521317 1079.128418
vn -0.2614733577 0.6846713424 -0.6803358197
v 35.58708954 50.16865158 1079.145752
vn -0.07452200353 0.7441551685 -0.663836956
v 35.79257965 50.20199203 1079.191772
vn 0.1186665446 0.7750684619 -0.6206344366
v 35.9946022 50.20186615 1079.265259
vn 0.3090388179 0.774730444 -0.5516228676
v 36.18289566 50.16791153 1079.362793
vn 0.4856950641 0.7429260612 -0.4606095552
v 36.34659958 50.10327911 1079.477661
vn 0.6397053599 0.6826034188 -0.3533123732
v 36.47853851 50.01439667 1079.601807
vn 0.7644289136 0.5995328426 -0.2370839268
v 36.34139252 50.5201683 1080.747803
vn 0.9317886233 0.3629452586 0.006377589423
v 36.26877213 50.65413284 1080.614136
vn 0.8647425175 0.4881954789 -0.117836833
v 36.3782692 50.36781311 1080.884766
vn 0.9663488865 0.2185492814 0.135668695
v 36.37495041 50.20243454 1081.019165
vn 0.9630489945 0.06294789165 0.2618666589
v 36.32966232 50.03290558 1081.143311
vn 0.9204260111 -0.09683597088 0.3787330985
v 36.24424744 49.86776352 1081.250732
vn 0.8406168818 -0.2517667711 0.4795589447
v 36.12516403 49.71677017 1081.335449
vn 0.7293161154 -0.3937371075 0.5595257878
v 35.98220825 49.58731461 1081.394653
vn 0.5954892635 -0.515822947 0.6158890128
v 35.82629013 49.48338699 1081.428711
vn 0.438773334 -0.620480299 0.6499862671
v 35.64374924 49.39610672 1081.44043
vn 0.2684176564 -0.7010902166 0.6606242657
v 35.44535446 49.33480072 1081.425659
vn 0.08052958548 -0.7585868835 0.646576345
v 35.23875427 49.30424118 1081.382935
vn -0.1137973219 -0.7868497372 0.6065621972
v 35.03539658 49.30768204 1081.313477
vn -0.3055405915 -0.7833246589 0.541338563
v 34.84561157 49.3453331 1081.220459
vn -0.4837933183 -0.7479506731 0.4544379413
v 34.68035507 49.41377258 1081.110107
vn -0.6393430233 -0.6838965416 0.3514626026
v 34.5469017 49.5063858 1080.990479
vn -0.7655052543 -0.5971941352 0.2395012975
v 34.44804764 49.61489487 1080.869141
vn -0.8650024533 -0.4877482951 0.1177809238
v 34.37542725 49.74886322 1080.735474
vn -0.9320064783 -0.3623841703 -0.00645134924
v 34.33855057 49.90122604 1080.598511
vn -0.9664891362 -0.2178876102 -0.1357340515
v 34.34186935 50.06659317 1080.463989
vn -0.9630978703 -0.06226989254 -0.261849016
v 34.38715744 50.23612213 1080.339966
vn -0.9203476906 0.09766527265 -0.3787104189
v 34.47257233 50.40126801 1080.232544
vn -0.8405041695 0.2524682879 -0.4793876112
v 34.59165573 50.55225754 1080.147827
vn -0.7291709781 0.3943481743 -0.5592845082
v 34.73461151 50.6817131 1080.088623
vn -0.5954551101 0.5162676573 -0.6155493259
v 34.89052963 50.78564835 1080.054443
vn -0.4386647046 0.620906949 -0.6496521235
v 35.07307434 50.87292862 1080.042847
vn -0.2682393193 0.7014824748 -0.6602802277
v 35.2714653 50.93423843 1080.057617
vn -0.08068586886 0.7588434815 -0.646255672
v 35.47806931 50.96479797 1080.10022
vn 0.1136611998 0.7870787978 -0.6062904596
v 35.68142319 50.96134567 1080.1698
vn 0.305408448 0.7835254073 -0.5411225557
v 35.87120819 50.92370224 1080.262817
vn 0.4835078716 0.7481756806 -0.4543713331
v 36.03646469 50.85525513 1080.373169
vn 0.6390460134 0.6841775179 -0.3514560163
v 36.16991806 50.76264954 1080.492798
vn 0.7652204037 0.597550869 -0.2395219058
v 36.06772232 51.23164749 1081.643555
vn 0.9315335751 0.363127619 -0.01958306506
v 35.99320221 51.37057495 1081.516235
vn 0.8600665927 0.4913901091 -0.1371905804
v 36.10637665 51.07466125 1081.774658
vn 0.9709581137 0.2154662311 0.1039932743
v 36.10462952 50.90522385 1081.904053
vn 0.9725370407 0.05641960353 0.2258064598
v 36.0606041 50.73244858 1082.023926
vn 0.9344006777 -0.1068210602 0.3398303092
v 35.97607422 50.56505585 1082.128418
vn 0.8583199978 -0.2648919821 0.4394530654
v 35.85746002 50.41291046 1082.21167
vn 0.7496343255 -0.4096125364 0.5198710561
v 35.71456528 50.28336334 1082.270752
vn 0.6171246171 -0.5338613391 0.5780564547
v 35.55835724 50.18027496 1082.305908
vn 0.4627961516 -0.638636291 0.6147872806
v 35.37513733 50.09483337 1082.319946
vn 0.2934872806 -0.7196239829 0.6292904615
v 35.1756897 50.03636932 1082.308716
vn 0.1055134386 -0.7769799232 0.6206199527
v 34.96766281 50.00960541 1082.270752
vn -0.09014609456 -0.8044922352 0.5870825648
v 34.76258087 50.0176239 1082.207031
vn -0.284273535 -0.7994577289 0.5292030573
v 34.570858 50.06039429 1082.120483
vn -0.4660389125 -0.7618072629 0.4499527216
v 34.40356445 50.13420486 1082.016968
vn -0.6259900928 -0.6946877241 0.3543238342
v 34.26810455 50.23207474 1081.903931
vn -0.7567641735 -0.6043476462 0.2491423935
v 34.16738129 50.34548187 1081.788818
vn -0.8598062992 -0.4924305975 0.1350748539
v 34.09286118 50.48440933 1081.661499
vn -0.9311748147 -0.3641623855 0.01729653403
v 34.05420685 50.64139557 1081.530396
vn -0.9704830647 -0.2164582312 -0.1063414291
v 34.05595398 50.81083298 1081.401123
vn -0.9719467759 -0.05741777271 -0.2280847877
v 34.0999794 50.98360062 1081.281128
vn -0.9337315559 0.1058274657 -0.341973573
v 34.18450928 51.15100098 1081.176636
vn -0.8576108217 0.2639390826 -0.4414066672
v 34.30312347 51.30313873 1081.093384
vn -0.7489648461 0.408693552 -0.5215566158
v 34.44601822 51.43268585 1081.034302
vn -0.6165463924 0.5330035686 -0.5794633627
v 34.60222626 51.53577423 1080.999146
vn -0.4622141123 0.6376923919 -0.6162033081
v 34.78544617 51.62121201 1080.985229
vn -0.2928048372 0.7184775472 -0.6309162974
v 34.9848938 51.67967606 1080.99646
vn -0.105190143 0.7755515575 -0.6224586368
v 35.19292068 51.70644379 1081.034302
vn 0.09033715725 0.8029531837 -0.5891565084
v 35.39800262 51.69842529 1081.098022
vn 0.2846031785 0.7978953719 -0.5313793421
v 35.58972549 51.65565109 1081.18457
vn 0.4662595093 0.7603274584 -0.4522214234
v 35.75701904 51.58184814 1081.288086
vn 0.6261911392 0.693364799 -0.3565528393
v 35.89247894 51.48397446 1081.401123
vn 0.7569630146 0.603243053 -0.2512067556
v 35.80771637 51.9611702 1082.476929
vn 0.9087761045 0.409891814 -0.07819614559
v 35.84237671 51.88506317 1082.537354
vn 0.9412924051 0.3369735479 -0.02043127455
v 35.76554489 52.03075027 1082.419312
vn 0.871201992 0.4727443457 -0.1323625743
v 35.86749649 51.80576706 1082.5979
vn 0.9636588097 0.2643047869 0.03878996894
v 35.88321686 51.72170258 1082.659668
vn 0.9784080982 0.1824540347 0.09709842503
v 35.88862228 51.63536453 1082.720703
vn 0.9820116758 0.1046596318 0.1571605802
v 35.88341904 51.54661179 1082.781128
vn 0.9768557549 0.01741074771 0.2131894529
v 35.86753464 51.4577713 1082.839111
vn 0.9605778456 -0.0618490316 0.2710441351
v 35.84098816 51.36923981 1082.894653
vn 0.9350346327 -0.1496842504 0.3214106858
v 35.80412292 51.28238678 1082.946777
vn 0.8994542956 -0.2261672914 0.3739389181
v 35.75760651 51.19855118 1082.994629
vn 0.8547776341 -0.3101524115 0.416125834
v 35.70239258 51.11894226 1083.037598
vn 0.802395761 -0.3795359731 0.4605578482
v 35.63964462 51.04458618 1083.075317
vn 0.7423841953 -0.454592973 0.4921493232
v 35.57068634 50.97629929 1083.107422
vn 0.6773098707 -0.5136031508 0.5267476439
v 35.49691391 50.91466141 1083.133789
vn 0.6067804098 -0.5767251849 0.5469968915
v 35.41971588 50.8599968 1083.154663
vn 0.5344097614 -0.6230413914 0.5711616874
v 35.34043503 50.81244278 1083.170044
vn 0.4546178579 -0.6750626564 0.5810447931
v 35.25189972 50.76805115 1083.181274
vn 0.3724491596 -0.7117362618 0.5955780149
v 35.15648651 50.72922897 1083.187134
vn 0.2821605504 -0.7520235181 0.5956895947
v 35.05842972 50.69810104 1083.187012
vn 0.1892284155 -0.7779612541 0.5991401672
v 34.95584488 50.67435074 1083.180786
vn 0.09161257744 -0.8035974503 0.5880801678
v 34.85180283 50.65906143 1083.168457
vn -0.00577671174 -0.8151852489 0.5791715384
v 34.74617767 50.65247726 1083.149658
vn -0.1067311317 -0.8238914013 0.5566070676
v 34.64178467 50.65493393 1083.124878
vn -0.2037716806 -0.8197757602 0.5352054238
v 34.53907394 50.66648102 1083.094116
vn -0.3023855686 -0.8103447556 0.5019007921
v 34.43965912 50.68697739 1083.057983
vn -0.3938432634 -0.7905045152 0.4690310061
v 34.34505081 50.71603394 1083.016846
vn -0.4848934114 -0.7634043694 0.4267225266
v 34.25658035 50.75299454 1082.97168
vn -0.5657812953 -0.7294061184 0.3845234215
v 34.17533493 50.79699707 1082.923218
vn -0.6440039277 -0.6871631145 0.3362526596
v 34.10212326 50.84700775 1082.872314
vn -0.710685432 -0.6419873238 0.2877124846
v 34.03746414 50.90193558 1082.819946
vn -0.7729481459 -0.5885383487 0.2370100021
v 33.98159409 50.96062851 1082.766968
vn -0.823472023 -0.5361821651 0.1854791641
v 33.93447876 51.02197266 1082.713989
vn -0.8713122606 -0.4724842012 0.1325654536
v 33.89230728 51.09155273 1082.656372
vn -0.9083089232 -0.4113441706 0.0759665519
v 33.85764694 51.16765213 1082.595947
vn -0.9414020777 -0.3366519809 0.02067870088
v 33.83252716 51.24695969 1082.5354
vn -0.9631554484 -0.265784204 -0.04111386463
v 33.81680679 51.33101273 1082.473633
vn -0.9785119295 -0.1820649356 -0.09678193182
v 33.81140137 51.41735077 1082.412598
vn -0.981467545 -0.1061435491 -0.1595463753
v 33.81660461 51.50611496 1082.352173
vn -0.976949513 -0.01694107242 -0.2127972692
v 33.83248901 51.59494781 1082.294189
vn -0.9600208998 0.06032791734 -0.273350358
v 33.85903549 51.68348694 1082.238647
vn -0.9351008534 0.1502498686 -0.3209539056
v 33.89590073 51.77033615 1082.186523
vn -0.8988762498 0.224739939 -0.3761827052
v 33.94241714 51.85417557 1082.138672
vn -0.8548793793 0.3106637001 -0.4155349433
v 33.99763107 51.93378067 1082.095703
vn -0.8018339276 0.3781986535 -0.4626317918
v 34.06037903 52.00813675 1082.057983
vn -0.7423968911 0.4552358985 -0.4915354848
v 34.12933731 52.07642365 1082.025879
vn -0.6768042445 0.5123994946 -0.5285667181
v 34.20310974 52.13806534 1081.999512
vn -0.6068996191 0.5772149563 -0.5463476777
v 34.28030777 52.19271851 1081.978638
vn -0.5339688063 0.6220037341 -0.5727029443
v 34.35958862 52.24028397 1081.963257
vn -0.4545873702 0.6756350398 -0.5804030299
v 34.44812393 52.28466415 1081.952026
vn -0.3718291223 0.7105253935 -0.5974083543
v 34.54353714 52.32349396 1081.946167
vn -0.2822988033 0.7524484396 -0.5950871706
v 34.64159393 52.35462189 1081.946289
vn -0.1886360794 0.7765318751 -0.601177752
v 34.74417877 52.37837601 1081.952515
vn -0.09174130857 0.8039748669 -0.5875439644
v 34.84822083 52.39365768 1081.964844
vn 0.006202023476 0.8135747313 -0.5814272761
v 34.95384979 52.40024948 1081.983643
vn 0.1067495868 0.8241987824 -0.5561482906
v 35.05823898 52.397789 1082.008423
vn 0.2042729408 0.8180811405 -0.5376018882
v 35.16094971 52.38624573 1082.039185
vn 0.3023931682 0.8105716109 -0.5015296936
v 35.26036453 52.36574554 1082.075317
vn 0.3943288028 0.788793385 -0.4714974165
v 35.35497284 52.33669281 1082.116455
vn 0.4848138988 0.7636071444 -0.4264499843
v 35.4434433 52.29972839 1082.161621
vn 0.5663035512 0.7277384996 -0.3869069219
v 35.52469254 52.25572968 1082.210083
vn 0.6439198852 0.6873518229 -0.3360278606
v 35.59790039 52.20571136 1082.260986
vn 0.711127758 0.6404858828 -0.2899571061
v 35.66255951 52.15079117 1082.313354
vn 0.7728453875 0.5887563229 -0.2368036658
v 35.71842957 52.09209442 1082.366333
vn 0.8238837123 0.5348660946 -0.1874404848
v 35.66946793 52.49209595 1083.476685
vn 0.944910109 0.322527498 -0.05586474761
v 35.74783707 52.19678879 1083.001831
vn 0.9426174164 0.331348896 -0.04099199548
v 35.71252441 52.27505112 1082.94458
vn 0.9098457098 0.4041300118 -0.09412611276
v 35.6335144 52.57280731 1083.423462
vn 0.9114995003 0.3975670934 -0.1053998023
v 35.66970444 52.34678268 1082.890259
vn 0.8699397445 0.4713814259 -0.1449287981
v 35.59004974 52.64696884 1083.373047
vn 0.8710070252 0.4669851363 -0.1525505483
v 35.71277237 52.32002258 1083.585327
vn 0.9861015677 0.1592767239 0.04727223516
v 35.78991699 52.02935791 1083.118042
vn 0.9825954437 0.1724124402 0.0691383332
v 35.77358627 52.11542511 1083.059204
vn 0.9673371911 0.253100574 0.01410126872
v 35.69583893 52.4083786 1083.530273
vn 0.9702499509 0.2420660853 -0.004366646521
v 35.71518707 52.13711548 1083.69458
vn 0.9884859324 -0.01373082306 0.150688678
v 35.79122925 51.85061264 1083.234009
vn 0.9838780761 0.003251902293 0.1788111031
v 35.79589462 51.94113159 1083.17627
vn 0.9882758856 0.08827933669 0.1245691553
v 35.71931839 52.2296524 1083.640137
vn 0.9923517108 0.07314616442 0.09943681955
v 35.67458344 51.95332336 1083.798218
vn 0.9500994682 -0.1879753172 0.2489503622
v 35.7497139 51.67025375 1083.34314
vn 0.9446040988 -0.1676730961 0.2821504772
v 35.77583313 51.76018906 1083.289673
vn 0.969258368 -0.08274682611 0.2317135185
v 35.70027161 52.0448761 1083.747437
vn 0.9743657708 -0.1013736725 0.2008349448
v 35.59254837 51.77794647 1083.890747
vn 0.8727265596 -0.3536507487 0.3365702629
v 35.66700363 51.49740219 1083.439819
vn 0.8664906025 -0.3310956359 0.37359038
v 35.71321487 51.58220673 1083.393433
vn 0.9101557732 -0.2508575916 0.3296770453
v 35.63845444 51.86389923 1083.846191
vn 0.9160291553 -0.272426784 0.2944048941
v 35.47538376 51.62125397 1083.967163
vn 0.7621244788 -0.5018984079 0.4089795947
v 35.54943466 51.34217834 1083.518555
vn 0.7554867268 -0.4778804481 0.4481853247
v 35.61201859 51.41704178 1083.481689
vn 0.8145789504 -0.4070803225 0.4132151604
v 35.53779984 51.69673157 1083.931152
vn 0.8210678697 -0.4304571748 0.3749055862
v 35.332901 51.49054337 1084.024414
vn 0.6276847124 -0.625554204 0.4633506238
v 35.40681839 51.21191406 1083.57666
vn 0.6207444072 -0.6012176871 0.503203392
v 35.48056793 51.27361679 1083.550293
vn 0.6906031966 -0.5425963402 0.4781803787
v 35.40661621 51.55234528 1083.998169
vn 0.6972280741 -0.5670967698 0.4384908676
v 35.17618942 51.38925171 1084.062012
vn 0.4755268693 -0.7240818143 0.499579519
v 35.25021744 51.11016846 1083.613525
vn 0.468927145 -0.6998903155 0.5387586951
v 35.32958984 51.15740204 1083.597656
vn 0.5475997925 -0.6529576182 0.5232406855
v 35.25564194 51.4361496 1084.045654
vn 0.5543643236 -0.6773437858 0.4836171865
v 34.99150467 51.30877304 1084.083374
vn 0.3033190072 -0.7987616658 0.5195934772
v 35.06588745 51.02827072 1083.632568
vn 0.2967767715 -0.7759929299 0.5565595031
v 35.16152573 51.06631851 1083.62561
vn 0.3860336244 -0.7406186461 0.5499655008
v 35.08735275 51.34598541 1084.074951
vn 0.3926130235 -0.764213562 0.5116958618
v 34.78960037 51.25847626 1084.084106
vn 0.1115779728 -0.8466130495 0.5203812718
v 34.86460114 50.97556686 1083.629517
vn 0.1056699157 -0.8259567022 0.5537412763
v 34.96754074 50.99811935 1083.633911
vn 0.2022754848 -0.8049356341 0.5578201413
v 34.8928833 51.27968979 1084.086426
vn 0.2083171457 -0.8268303871 0.5224514008
v 34.57816696 51.24297333 1084.062866
vn -0.08838573843 -0.8613111377 0.5003309846
v 34.65403366 50.95671463 1083.602783
vn -0.09345383942 -0.8436815143 0.5286471844
v 34.76014328 50.961689 1083.619141
vn 0.006251625717 -0.8390956521 0.5439479947
v 34.68474197 51.2461586 1084.076294
vn 0.01164142881 -0.8583632112 0.5129103661
v 34.3688736 51.26485443 1084.019531
vn -0.286988765 -0.8406153321 0.4593509734
v 34.44582367 50.97444534 1083.552856
vn -0.2908941507 -0.8267905712 0.4814540148
v 34.54911423 50.96096039 1083.580688
vn -0.1933062822 -0.8395981789 0.5076490641
v 34.47272873 51.24919891 1084.043945
vn -0.1888368726 -0.8554133177 0.4822952151
v 34.17233658 51.32342529 1083.956299
vn -0.472709626 -0.7853389382 0.3997353911
v 34.25052643 51.02824783 1083.481934
vn -0.4755574465 -0.7758584023 0.4145948291
v 34.34578705 50.99701309 1083.519775
vn -0.3854554296 -0.8054091334 0.4502668381
v 34.26823425 51.28976059 1083.990234
vn -0.3820926249 -0.8171024919 0.4316813052
v 33.99994278 51.41393661 1083.877563
vn -0.6358389854 -0.6998828053 0.32538113
v 34.07945251 51.11370087 1083.39502
vn -0.6372590065 -0.695137918 0.3326923549
v 34.16138077 51.06743622 1083.440063
vn -0.5597965717 -0.7388337255 0.3751699626
v 34.08253479 51.36512756 1083.918579
vn -0.5576719046 -0.7459673882 0.3640531301
v 33.85940552 51.52838898 1083.789185
vn -0.7689955831 -0.591755271 0.2418087274
v 33.94023895 51.2231102 1083.29834
vn -0.7691824436 -0.5916390419 0.2414987087
v 34.00556564 51.16596603 1083.347534
vn -0.7073536515 -0.6456314325 0.2877687514
v 33.92538834 51.46875381 1083.834229
vn -0.7063964009 -0.6481518745 0.2844349146
v 33.75390244 51.65738678 1083.697144
vn -0.8711746335 -0.4666153491 0.152724728
v 33.83598328 51.34735107 1083.19873
vn -0.8701068759 -0.4710261226 0.1450807601
v 33.8837204 51.28394699 1083.248535
vn -0.822683692 -0.5341789722 0.1945364475
v 33.80224991 51.59165955 1083.743286
vn -0.8231723309 -0.5319902897 0.1984279752
v 33.67448425 51.81225967 1083.593506
vn -0.945078373 -0.3220034838 0.05604116246
v 33.75785065 51.49733734 1083.087158
vn -0.9427746534 -0.330883801 0.04113212228
v 33.79315948 51.41907883 1083.144287
vn -0.9100054502 -0.4037367404 0.09426961839
v 33.71044159 51.73154831 1083.646729
vn -0.9116814137 -0.3971064091 0.1055630296
v 33.63117981 51.98433304 1083.484741
vn -0.9862158298 -0.1586459428 -0.04700902104
v 33.71577072 51.66477203 1082.970947
vn -0.9827060103 -0.1718551219 -0.06895446777
v 33.73210144 51.57870865 1083.029663
vn -0.9674658775 -0.2526180446 -0.01392344851
v 33.64811707 51.89597702 1083.539795
vn -0.970385313 -0.2415185124 0.004600177519
v 33.62876511 52.16724777 1083.375488
vn -0.9885399938 0.01440667175 -0.1502700448
v 33.71445465 51.84351349 1082.854858
vn -0.9839335084 -0.002691850299 -0.1785150915
v 33.70979309 51.75299454 1082.91272
vn -0.9883565307 -0.08778079599 -0.1242815256
v 33.62463379 52.07471085 1083.430054
vn -0.9924328923 -0.07249446958 -0.09910372645
v 33.66937256 52.35103226 1083.271973
vn -0.9501190186 0.1886407435 -0.2483717501
v 33.75597382 52.02388 1082.745728
vn -0.9445823431 0.168314442 -0.2818411887
v 33.72985458 51.93393707 1082.799194
vn -0.9692746401 0.08335520327 -0.2314272225
v 33.64368057 52.25947952 1083.322754
vn -0.9743669629 0.1021790355 -0.2004208565
v 33.75140762 52.52640915 1083.179443
vn -0.8726439476 0.3544531763 -0.335939765
v 33.83868408 52.19673157 1082.64917
vn -0.8665571213 0.3315506279 -0.3730321229
v 33.79247284 52.11192322 1082.695557
vn -0.9100528955 0.2516259849 -0.3293752968
v 33.70549774 52.44046402 1083.223877
vn -0.9159716964 0.2732466459 -0.2938233316
v 33.86857224 52.68309784 1083.103027
vn -0.7620530128 0.5026065111 -0.4082424939
v 33.95625305 52.35194778 1082.570312
vn -0.7553595304 0.4785143733 -0.4477230906
v 33.89366531 52.27708435 1082.607178
vn -0.8145666122 0.4076132178 -0.4127137959
v 33.80615234 52.60763168 1083.138916
vn -0.8210958838 0.4310884178 -0.3741180599
v 34.01105118 52.81381989 1083.045776
vn -0.6274822354 0.6263155937 -0.4625957608
v 34.09886551 52.48220825 1082.512329
vn -0.6208438277 0.6015966535 -0.5026275516
v 34.02511978 52.42050552 1082.538696
vn -0.6903595328 0.5433258414 -0.4777036011
v 33.93733597 52.75201035 1083.071899
vn -0.6970925331 0.5678204298 -0.437769264
v 34.16776276 52.91511154 1083.008057
vn -0.4755787849 0.7246107459 -0.4987625778
v 34.25547028 52.58395767 1082.475342
vn -0.4686773121 0.7004283667 -0.5382765532
v 34.17609787 52.53672409 1082.491211
vn -0.5478081107 0.6532491446 -0.5226584077
v 34.08831024 52.86820602 1083.024536
vn -0.5545706749 0.6778061986 -0.4827319086
v 34.35244751 52.99558258 1082.986816
vn -0.3031196892 0.7993082404 -0.5188687444
v 34.43980026 52.66585541 1082.456421
vn -0.2969619334 0.7762779593 -0.556063056
v 34.34416199 52.6278038 1082.463379
vn -0.3856928647 0.7411394715 -0.5495027304
v 34.25659943 52.95836639 1082.995117
vn -0.3923707008 0.7648447752 -0.510938108
v 34.55435181 53.04587936 1082.985962
vn -0.1117053628 0.8469920754 -0.5197368264
v 34.64108658 52.71855545 1082.459473
vn -0.1056897193 0.8262239695 -0.5533385873
v 34.53814697 52.69600677 1082.454956
vn -0.2023713142 0.8052328825 -0.5573561788
v 34.45106888 53.02467346 1082.983765
vn -0.2086306363 0.8271992803 -0.5217418671
v 34.76578522 53.06138229 1083.007324
vn 0.08847334981 0.8616284132 -0.4997688532
v 34.85165024 52.7374115 1082.486084
vn 0.09354799986 0.8439327478 -0.5282294154
v 34.74554443 52.73243332 1082.469727
vn -0.006410612725 0.839358449 -0.5435405374
v 34.65921402 53.05819702 1082.993774
vn -0.0116122961 0.8586999178 -0.5123471618
v 34.97507858 53.03950119 1083.050537
vn 0.2867375016 0.8408836126 -0.4590167701
v 35.05986404 52.71968842 1082.536011
vn 0.290843755 0.8270022273 -0.4811208546
v 34.95657349 52.73317337 1082.508301
vn 0.193109259 0.8398468494 -0.5073125958
v 34.87122345 53.05515671 1083.026245
vn 0.1886238456 0.855696559 -0.4818759561
v 35.1716156 52.98093033 1083.11377
vn 0.4724389911 0.7856299281 -0.3994834721
v 35.25516129 52.66588211 1082.606934
vn 0.475307554 0.7761154175 -0.4144002497
v 35.15990067 52.69710922 1082.569214
vn 0.3852088153 0.805668056 -0.450014621
v 35.07572174 53.01459503 1083.079956
vn 0.3819849789 0.8173269629 -0.4313514829
v 35.3440094 52.89041901 1083.192505
vn 0.6356691122 0.7001399398 -0.3251596987
v 35.42623138 52.58042908 1082.69397
vn 0.6372133493 0.6952916384 -0.3324584663
v 35.34430695 52.62668991 1082.648804
vn 0.5596787333 0.7390258908 -0.3749673069
v 35.26141739 52.93922806 1083.151611
vn 0.5574581623 0.7462373972 -0.3638271093
v 35.48454666 52.77596664 1083.281006
vn 0.7687776685 0.5920872092 -0.2416891605
v 35.56544876 52.47101593 1082.790527
vn 0.7689439058 0.5919800997 -0.2414224893
v 35.50012207 52.52815628 1082.741455
vn 0.7070948482 0.6459475756 -0.2876954377
v 35.41856766 52.83560181 1083.235962
vn 0.70626086 0.6483965516 -0.284213841
v 35.62196732 52.41017914 1082.840332
vn 0.8225547671 0.5344478488 -0.1943428218
v 35.54170227 52.71269608 1083.326904
vn 0.8229935169 0.5323221087 -0.198279798
v 35.57413864 52.99883652 1084.419312
vn 0.948577404 0.3030070662 -0.09158373624
v 35.61203766 52.75636292 1083.942505
vn 0.9470989704 0.3125949502 -0.07271851599
v 35.57552338 52.83967209 1083.893921
vn 0.913177371 0.3901327848 -0.1179129481
v 35.53719711 53.08490753 1084.376221
vn 0.9142585993 0.3831121922 -0.1317433417
v 35.5315094 52.91641235 1083.848022
vn 0.8721856475 0.4620200694 -0.1607159674
v 35.4927597 53.16437912 1084.335693
vn 0.8728337884 0.4576190412 -0.169546321
v 35.6193161 52.81658173 1084.508911
vn 0.9914908409 0.1300043762 -0.006695690099
v 35.65639877 52.57935715 1084.04248
vn 0.9892560244 0.1445329487 0.02197091095
v 35.63894272 52.67015076 1083.991699
vn 0.9729283452 0.2296895981 -0.02555665188
v 35.60145187 52.90996552 1084.463379
vn 0.974791348 0.217571348 -0.04944193736
v 35.62343216 52.62446594 1084.60083
vn 0.9954220057 -0.05185464397 0.08028812706
v 35.65977478 52.39199829 1084.143799
vn 0.99249506 -0.03281570971 0.1177994236
v 35.66344452 52.48668671 1084.09314
vn 0.9959518313 0.05617192015 0.07017616183
v 35.6267395 52.72145844 1084.55481
vn 0.9985449314 0.03931098059 0.03691386431
v 35.58424759 52.4330368 1084.690063
vn 0.9583371282 -0.2333061397 0.1647973955
v 35.61997223 52.20452499 1084.240845
vn 0.9548099041 -0.2105944455 0.2097330987
v 35.64528275 52.29781342 1084.193115
vn 0.9787535071 -0.1222903207 0.164580211
v 35.60926437 52.52819443 1084.645996
vn 0.9819775224 -0.1433511823 0.123169139
v 35.50327682 52.25198364 1084.771973
vn 0.8819275498 -0.4043925107 0.24221991
v 35.53853226 52.02642059 1084.328491
vn 0.8779855371 -0.3788310289 0.2926233709
v 35.58416748 52.11359787 1084.286133
vn 0.9210151434 -0.2965142131 0.252607286
v 35.54869843 52.34049988 1084.732178
vn 0.9247606397 -0.3208063543 0.2046975642
v 35.38676834 52.09185028 1084.841797
vn 0.7718283534 -0.5559952855 0.3084643185
v 35.42173004 51.86808777 1084.401978
vn 0.7676728964 -0.5286480188 0.3622286022
v 35.48399734 51.94423676 1084.36731
vn 0.8264585733 -0.456623584 0.329334408
v 35.44890976 52.16875839 1084.808594
vn 0.830534339 -0.4832122028 0.2769814134
v 35.24453354 51.95991898 1084.896729
vn 0.6374383569 -0.6808940172 0.3606323004
v 35.2793808 51.73682022 1084.458252
vn 0.6331695914 -0.6529524922 0.4156312346
v 35.35305786 51.79876709 1084.432373
vn 0.7027697563 -0.5943025947 0.3910487592
v 35.31817245 52.02206039 1084.871216
vn 0.7070245147 -0.622053504 0.3364011347
v 35.0877037 51.85942841 1084.935791
vn 0.4853991568 -0.7784032226 0.3980905116
v 35.12259674 51.63594055 1084.496582
vn 0.4811770618 -0.750818491 0.4524822831
v 35.20211029 51.68252182 1084.479614
vn 0.5600283146 -0.7044544816 0.4360185266
v 35.16725922 51.90570068 1084.918213
vn 0.5643023849 -0.7323433161 0.3810985088
v 34.90251923 51.78181839 1084.962402
vn 0.3122279644 -0.8505380154 0.4232006669
v 34.93762207 51.55688858 1084.520386
vn 0.3083603978 -0.8242390156 0.47491467
v 35.03364563 51.59325409 1084.51062
vn 0.3978051543 -0.7905611992 0.4655793011
v 34.99866867 51.81731033 1084.950928
vn 0.4020062983 -0.817565918 0.4122825861
v 34.69972229 51.7365303 1084.972534
vn 0.1199053153 -0.8934310675 0.4329014719
v 34.73520279 51.50906754 1084.525513
vn 0.1162952185 -0.8695814013 0.479899615
v 34.83877182 51.52890396 1084.525391
vn 0.2133012414 -0.8511273265 0.4796715677
v 34.80350494 51.75496292 1084.969604
vn 0.2171798795 -0.87629807 0.4300402701
v 34.48701477 51.72813416 1084.9646
vn -0.08151920885 -0.901311636 0.4254315495
v 34.52304077 51.49704361 1084.510376
vn -0.08465537429 -0.8808887601 0.4656913877
v 34.63000488 51.49835587 1084.52063
vn 0.01594210416 -0.8797569871 0.4751562178
v 34.59427261 51.72750092 1084.970947
vn 0.0194969289 -0.9019785523 0.4313403666
v 34.27611542 51.75889587 1084.937988
vn -0.2815288305 -0.8720567226 0.4003231227
v 34.31282806 51.52325821 1084.474854
vn -0.2839464843 -0.8559277058 0.4321599305
v 34.41716385 51.50534058 1084.495117
vn -0.1852440983 -0.872946322 0.4512751997
v 34.3808136 51.73859787 1084.953613
vn -0.1824969202 -0.8913319111 0.4149966836
v 34.07772064 51.82770538 1084.893921
vn -0.4690818787 -0.8069532514 0.3588713706
v 34.11523438 51.5868187 1084.42041
vn -0.470802933 -0.795750618 0.3809534311
v 34.21167374 51.55059433 1084.449829
vn -0.3795954287 -0.8300358057 0.4085924923
v 34.17457199 51.78878784 1084.917969
vn -0.377486378 -0.8437669277 0.3815250695
v 33.90333557 51.929142 1084.835571
vn -0.6340510249 -0.7110391259 0.3039780855
v 33.94170761 51.68264771 1084.351074
vn -0.6349850893 -0.7050878406 0.3156661391
v 34.02487183 51.63116455 1084.387329
vn -0.5562467575 -0.7538060546 0.3498085141
v 33.98693466 51.87483215 1084.866333
vn -0.5550124645 -0.7623538375 0.3328329325
v 33.76080322 52.0545311 1084.7677
vn -0.7690349817 -0.5924723744 0.2399202287
v 33.80003738 51.80242157 1084.272095
vn -0.7690927982 -0.5918543935 0.2412564009
v 33.86658096 51.74014282 1084.312378
vn -0.7060661316 -0.650749743 0.2792765796
v 33.82777786 51.98945999 1084.802612
vn -0.7055995464 -0.6539996862 0.2727886736
v 33.65340424 52.19387817 1084.695068
vn -0.873024404 -0.4571888745 0.1697254926
v 33.69345856 51.93644333 1084.188965
vn -0.8723565936 -0.4616354406 0.1608932763
v 33.74233246 51.86824799 1084.230713
vn -0.8238400817 -0.5295293331 0.2022035122
v 33.7026825 52.12307739 1084.731689
vn -0.8241432309 -0.5276207328 0.2059230804
v 33.57202911 52.35942459 1084.61145
vn -0.9487270713 -0.3024754226 0.09179097414
v 33.61292648 52.09648514 1084.094482
vn -0.947253406 -0.3120747805 0.07294043154
v 33.64944458 52.01317596 1084.143066
vn -0.9133662581 -0.3896383941 0.1180846095
v 33.60896683 52.27334976 1084.654663
vn -0.9144474268 -0.3826048672 0.1319069415
v 33.52685165 52.54167938 1084.521851
vn -0.9915738702 -0.1293549091 0.006971560419
v 33.56856537 52.27349091 1083.994507
vn -0.9893559813 -0.1438934505 -0.02166660875
v 33.58602524 52.18270493 1084.045288
vn -0.9730660319 -0.2290784866 0.02579868399
v 33.54471207 52.44829178 1084.567505
vn -0.9749110341 -0.2169790268 0.04968493059
v 33.5227356 52.73379135 1084.429932
vn -0.9954198599 0.05251049623 -0.07988723367
v 33.56518936 52.46085358 1083.893188
vn -0.9925239682 0.03351492435 -0.1173579842
v 33.56152344 52.36616135 1083.943848
vn -0.9960159659 -0.05547499284 -0.06981896609
v 33.51942825 52.63679123 1084.476074
vn -0.9985833764 -0.03863293305 -0.03658845648
v 33.56192017 52.9252243 1084.34082
vn -0.9582521319 0.2340079099 -0.1642959118
v 33.60499573 52.64832306 1083.796143
vn -0.9547806978 0.2113163322 -0.2091391385
v 33.57968521 52.55503464 1083.843872
vn -0.9787290096 0.1231193617 -0.1641072184
v 33.53689957 52.83006668 1084.384766
vn -0.9819210172 0.1440945268 -0.1227512732
v 33.64289093 53.10627365 1084.258911
vn -0.8817175627 0.4051730037 -0.2416794747
v 33.6864357 52.82642365 1083.708496
vn -0.8778007627 0.3797298074 -0.2920121551
v 33.64079666 52.73925018 1083.750854
vn -0.9209467173 0.2972637713 -0.2519749105
v 33.59746552 53.01775742 1084.298584
vn -0.9246464968 0.3214859068 -0.2041461319
v 33.75939941 53.26641083 1084.189087
vn -0.7716953754 0.5565497279 -0.3077965081
v 33.8032341 52.98476028 1083.63501
vn -0.7676181793 0.529294014 -0.361400336
v 33.74097061 52.9086113 1083.6698
vn -0.8264023662 0.4572821856 -0.3285606503
v 33.697258 53.18950272 1084.22229
vn -0.8303765655 0.4838364124 -0.2763641179
v 33.90163422 53.39833069 1084.134155
vn -0.6374126077 0.6813315153 -0.3598506451
v 33.94558334 53.11602783 1083.578735
vn -0.6330602765 0.6535804272 -0.4148100019
v 33.87190628 53.05408859 1083.604614
vn -0.7027158141 0.5949189067 -0.3902075887
v 33.82799149 53.33620071 1084.159668
vn -0.7069194317 0.6225672364 -0.3356709778
v 34.05846405 53.49882889 1084.094971
vn -0.485165 0.7788939476 -0.3974155486
v 34.10237122 53.2169075 1083.540405
vn -0.4809502065 0.7514376044 -0.4516950548
v 34.02285385 53.17032623 1083.557373
vn -0.5599429011 0.7050329447 -0.4351925254
v 33.97890854 53.45254898 1084.112549
vn -0.5643217564 0.7327276468 -0.3803303242
v 34.24364853 53.5764389 1084.068359
vn -0.3124298453 0.8507951498 -0.4225342274
v 34.28734589 53.29595566 1083.516602
vn -0.3084208071 0.82466048 -0.4741431475
v 34.19132233 53.25959396 1083.526489
vn -0.3978129327 0.7910249233 -0.4647842944
v 34.14749527 53.54093933 1084.079956
vn -0.4018367231 0.8179795742 -0.4116268456
v 34.44644165 53.62171936 1084.058228
vn -0.1197653413 0.8937246203 -0.4323338568
v 34.48976517 53.34378815 1083.511475
vn -0.1163345054 0.8699505925 -0.4792204797
v 34.38619232 53.32394409 1083.511597
vn -0.2133141309 0.8515298963 -0.4789508283
v 34.34266281 53.603302 1084.061157
vn -0.2171823978 0.8766047359 -0.4294135273
v 34.65914917 53.63012314 1084.066284
vn 0.08146374673 0.9015339613 -0.424970746
v 34.70192719 53.35580444 1083.526611
vn 0.08462954313 0.8811633587 -0.4651762545
v 34.59495926 53.35449219 1083.516357
vn -0.01601386443 0.8800771236 -0.4745606184
v 34.55189133 53.63074875 1084.059937
vn -0.0194176808 0.9022426605 -0.4307913184
v 34.87004852 53.59935379 1084.092896
vn 0.2812505364 0.8722982407 -0.3999923766
v 34.91213608 53.32958603 1083.562134
vn 0.283678323 0.8561989069 -0.4317986369
v 34.80780029 53.34751129 1083.54187
vn 0.185095951 0.8732143044 -0.4508173764
v 34.76535416 53.61966324 1084.077271
vn 0.182329759 0.8915489316 -0.4146038592
v 35.0684433 53.53055573 1084.136963
vn 0.4688168168 0.807210803 -0.3586384356
v 35.10973358 53.26602936 1083.616577
vn 0.4705183804 0.7960181832 -0.3807459772
v 35.01329422 53.30226135 1083.587158
vn 0.3794489801 0.8302540779 -0.408284992
v 34.97159576 53.56946945 1084.112915
vn 0.3772438169 0.8440085053 -0.3812306225
v 35.24282837 53.4291153 1084.19519
vn 0.6337924004 0.7113525867 -0.3037838638
v 35.28326035 53.17019653 1083.685913
vn 0.6347371936 0.7053819299 -0.3155075014
v 35.20009613 53.2216835 1083.649658
vn 0.5560203791 0.7540653348 -0.349609524
v 35.15923309 53.48342514 1084.164551
vn 0.554646194 0.7626975179 -0.3326561153
v 35.38536072 53.30373001 1084.263184
vn 0.768807888 0.5928353071 -0.2397515029
v 35.42493057 53.05043411 1083.764893
vn 0.7688791752 0.5922039747 -0.2410794795
v 35.35838699 53.11271286 1083.724609
vn 0.7058780789 0.6510329247 -0.2790919542
v 35.31838989 53.3687973 1084.228271
vn 0.7054310441 0.6542617083 -0.2725960612
v 35.4826355 52.98460007 1083.806274
vn 0.8236259222 0.5299217105 -0.2020478994
v 35.44348526 53.23518372 1084.299194
vn 0.8238945603 0.5280677676 -0.2057720572
v 35.5658226 53.40422058 1085.407471
vn 0.9485051036 0.2851565182 -0.1379268914
v 35.55780411 53.21663284 1084.908936
vn 0.9492121935 0.2936345935 -0.1130262092
v 35.52065277 53.3054924 1084.87207
vn 0.9146938324 0.3763331771 -0.147338137
v 35.52880478 53.49581528 1085.37793
vn 0.9140241146 0.3702677488 -0.1657158136
v 35.47601318 53.38773346 1084.837891
vn 0.8730813265 0.4534040093 -0.1793148369
v 35.48429489 53.58075333 1085.350952
vn 0.8724924922 0.449680835 -0.1911649555
v 35.61114883 53.21144485 1085.471191
vn 0.9917539954 0.1023720801 -0.0770971328
v 35.60337448 53.02904892 1084.986572
vn 0.9925097227 0.115600124 -0.03951053321
v 35.5853157 53.12506485 1084.946899
vn 0.9756323099 0.2055707574 -0.07669565827
v 35.59321213 53.31003189 1085.438354
vn 0.9748872519 0.1946959645 -0.108112447
v 35.61540604 53.0097847 1085.539551
vn 0.9960251451 -0.08828576654 -0.01181482244
v 35.60785294 52.83210373 1085.067505
vn 0.9967966676 -0.07080125064 0.0371972993
v 35.6109848 52.93143463 1085.026733
vn 0.9997450113 0.02254640311 -0.001234562835
v 35.61864471 53.11140442 1085.504883
vn 0.9989719987 0.007134552114 -0.04476658627
v 35.57634735 52.81037521 1085.609131
vn 0.9592574239 -0.2772099972 0.05458745733
v 35.56897354 52.63662338 1085.147583
vn 0.9600088 -0.2561045885 0.1131087765
v 35.59384918 52.73368454 1085.10791
vn 0.9835062623 -0.1643484086 0.07553194463
v 35.6013031 52.90929794 1085.574341
vn 0.9827400446 -0.18373999 0.02148424648
v 35.4954834 52.62334442 1085.676147
vn 0.8830633163 -0.4540311694 0.1185534671
v 35.48823547 52.45253372 1085.222534
vn 0.8838100433 -0.4300882518 0.1841300577
v 35.53355408 52.54243088 1085.186035
vn 0.9265493155 -0.3451879919 0.1495047361
v 35.54085541 52.71457291 1085.643188
vn 0.9258321524 -0.3677590191 0.08711013943
v 35.37905121 52.45951462 1085.736938
vn 0.7732355595 -0.6090741754 0.1764524579
v 35.37187576 52.29051971 1085.288208
vn 0.7738730907 -0.583463788 0.2463542372
v 35.43395615 52.36821365 1085.256836
vn 0.8325472474 -0.5098716021 0.2165548801
v 35.44115829 52.53797531 1085.70752
vn 0.8318835497 -0.5347268581 0.1484486461
v 35.236866 52.32618713 1085.78833
vn 0.638887465 -0.7355107665 0.2254922241
v 35.22970581 52.15787125 1085.341431
vn 0.6394919157 -0.709125042 0.2969708741
v 35.30332565 52.22023773 1085.316528
vn 0.7090626955 -0.6500575542 0.2732312381
v 35.31048584 52.38874435 1085.763916
vn 0.7084847689 -0.6761394143 0.2021999657
v 35.08005905 52.22634125 1085.828979
vn 0.4868314564 -0.8325006962 0.2644573748
v 35.07286453 52.0576973 1085.381226
vn 0.4874134362 -0.806327939 0.3350572884
v 35.1524353 52.10369492 1085.363037
vn 0.5664233565 -0.7604959607 0.3175067306
v 35.15960693 52.27206039 1085.810059
vn 0.5658702254 -0.7868809104 0.2461896241
v 34.89487076 52.15151978 1085.862427
vn 0.3139098883 -0.9021268487 0.296019882
v 34.8875885 51.98149109 1085.411011
vn 0.3142314255 -0.8771443367 0.363147974
v 34.98379517 52.0161438 1085.397583
vn 0.4040118754 -0.844966352 0.3504372537
v 34.99102783 52.18533325 1085.846802
vn 0.4034853876 -0.8706908822 0.2812418044
v 34.69203949 52.11122131 1085.884766
vn 0.1213492751 -0.9405636787 0.3171976507
v 34.6846199 51.93872833 1085.426758
vn 0.1216065362 -0.9177063107 0.3781890869
v 34.78849792 51.95573807 1085.420654
vn 0.2189890295 -0.9018834233 0.3723574579
v 34.79584122 52.12686539 1085.875
vn 0.2186226696 -0.9259384871 0.3079643846
v 34.47926712 52.10997009 1085.894409
vn -0.08006652445 -0.9419056773 0.3261947632
v 34.4716568 51.93393707 1085.42688
vn -0.07994744927 -0.9221787453 0.378410846
v 34.57905579 51.93136215 1085.428833
vn 0.02107964084 -0.9246740937 0.3801756203
v 34.58656311 52.10550308 1085.891235
vn 0.02082640305 -0.9460804462 0.3232614994
v 34.26827621 52.14974213 1085.889893
vn -0.2802668512 -0.9043730497 0.3218071461
v 34.2604332 51.96924591 1085.410522
vn -0.2803631127 -0.8886094689 0.3630010486
v 34.36530304 51.94656372 1085.420776
vn -0.1811154336 -0.9101368785 0.3726232648
v 34.37302017 52.12472916 1085.893921
vn -0.1812344342 -0.92795223 0.3256665766
v 34.06976318 52.22895432 1085.87146
vn -0.468056947 -0.8296700716 0.3042535782
v 34.06165695 52.04331589 1085.378296
vn -0.4682506621 -0.8185443282 0.3327558637
v 34.15870285 52.00169373 1085.39624
vn -0.3764909208 -0.8579083085 0.3496396542
v 34.16667175 52.18469238 1085.882324
vn -0.3764353991 -0.8713909984 0.31460163
v 33.89524841 52.34156036 1085.840698
vn -0.6332973242 -0.7234243751 0.2749394178
v 33.88686371 52.15039444 1085.332642
vn -0.6336773038 -0.7172467709 0.2898450792
v 33.97066879 52.09323883 1085.356934
vn -0.5543283224 -0.7713270783 0.3126893938
v 33.97891235 52.28162384 1085.857422
vn -0.5540508628 -0.7799921036 0.2909294963
v 33.75257492 52.47814941 1085.800293
vn -0.7685487866 -0.5944393277 0.236589551
v 33.74391937 52.28145218 1085.277466
vn -0.7689849138 -0.5933425426 0.2379218638
v 33.81109619 52.21356583 1085.30603
vn -0.7052966952 -0.6575951576 0.2648115456
v 33.81961823 52.40751648 1085.821411
vn -0.7049918771 -0.6611346006 0.2566856444
v 33.6450386 52.62812805 1085.753906
vn -0.8727293611 -0.4490777254 0.1915010363
v 33.63612366 52.42618561 1085.217041
vn -0.8733057976 -0.4528834522 0.1795369238
v 33.68559647 52.35274124 1085.247681
vn -0.8241949081 -0.5259974003 0.209832117
v 33.69438553 52.55211258 1085.777588
vn -0.8237482309 -0.52458179 0.2150646895
v 33.56351089 52.80466461 1085.697388
vn -0.9486860037 -0.2842878401 0.1384749413
v 33.55433655 52.59728622 1085.145996
vn -0.94938761 -0.2929481268 0.1133339554
v 33.59148407 52.50841904 1085.182861
vn -0.9148942828 -0.3757395446 0.1476083696
v 33.60052872 52.71306992 1085.726929
vn -0.9142828584 -0.3694447577 0.1661248505
v 33.51818848 52.99743652 1085.633667
vn -0.9917975068 -0.1013356447 0.0779023394
v 33.50876236 52.78487015 1085.068481
vn -0.9925841093 -0.1147926226 0.03999363258
v 33.52682114 52.68884659 1085.108032
vn -0.9757430553 -0.204886809 0.07711619139
v 33.53612137 52.89884949 1085.666504
vn -0.9750142097 -0.1936949492 0.1087639108
v 33.51392746 53.19910049 1085.565308
vn -0.9959072471 0.0894530043 0.0129202567
v 33.50428391 52.98182297 1084.987427
vn -0.9967584014 0.07168407738 -0.0365245454
v 33.50115204 52.88248444 1085.028198
vn -0.9997628927 -0.02170077525 0.001814766089
v 33.5106926 53.09747696 1085.599976
vn -0.9989362955 -0.006009654142 0.04571864381
v 33.55298615 53.39850616 1085.49585
vn -0.958989203 0.2784024477 -0.05321456119
v 33.5431633 53.17729568 1084.907349
vn -0.9598657489 0.2570152879 -0.1122537404
v 33.51829147 53.08023453 1084.947021
vn -0.9834132791 0.1652528495 -0.07476505637
v 33.5280304 53.29958344 1085.530518
vn -0.9825405478 0.1849438995 -0.020243356
v 33.63385391 53.58554077 1085.428711
vn -0.8826953769 0.45514974 -0.1169939861
v 33.62390137 53.36138535 1084.832397
vn -0.8835472465 0.4310443401 -0.1831531227
v 33.57858276 53.27148819 1084.868896
vn -0.9263813496 0.346043855 -0.1485641152
v 33.58847809 53.49431229 1085.46167
vn -0.9255128503 0.3689104915 -0.08562131226
v 33.75028229 53.74937057 1085.368042
vn -0.7728648186 0.6100237966 -0.1747883409
v 33.74026108 53.52340317 1084.766724
vn -0.7736733556 0.584189713 -0.2452588677
v 33.67818069 53.44570541 1084.798218
vn -0.8323020339 0.5107184649 -0.2154993415
v 33.6881752 53.67090988 1085.397339
vn -0.8314439058 0.5358510017 -0.1468494385
v 33.8924675 53.88269806 1085.316528
vn -0.6385605931 0.7362847924 -0.2238863409
v 33.88243103 53.65604782 1084.713501
vn -0.6393632293 0.7097057104 -0.29585886
v 33.80881119 53.59368896 1084.738525
vn -0.708841145 0.6507513523 -0.272152245
v 33.81884766 53.82012939 1085.340942
vn -0.7081205845 0.677013278 -0.200544849
v 34.04927444 53.9825325 1085.275879
vn -0.4865295589 0.8331378698 -0.2630023658
v 34.03927231 53.75622177 1084.673706
vn -0.4872527421 0.8068646193 -0.3339973688
v 33.95970154 53.71022415 1084.691895
vn -0.5663003325 0.7610450983 -0.3164084554
v 33.96973038 53.9368248 1085.2948
vn -0.5655781031 0.7875773907 -0.2446288764
v 34.23446655 54.0573616 1085.242432
vn -0.3136816621 0.9026135206 -0.2947756052
v 34.22454834 53.83242798 1084.643921
vn -0.3141992092 0.8775402904 -0.3622179925
v 34.12834167 53.79777908 1084.657349
vn -0.4038023949 0.8454748988 -0.3494507074
v 34.13830948 54.0235405 1085.258057
vn -0.4032282829 0.8712500334 -0.2798756361
v 34.43729401 54.09765244 1085.220093
vn -0.1213151291 0.940887928 -0.3162476122
v 34.42751694 53.87519836 1084.628174
vn -0.1216047183 0.918027997 -0.3774080873
v 34.32363892 53.858181 1084.634277
vn -0.2189467549 0.9022498727 -0.3714936376
v 34.33349228 54.08201981 1085.229858
vn -0.2185107321 0.926328361 -0.3068693578
v 34.65006638 54.09890366 1085.210449
vn 0.07992659509 0.9421479702 -0.3255287707
v 34.64048004 53.87998962 1084.628052
vn 0.07995405048 0.9224063754 -0.3778542876
v 34.53308487 53.88255692 1084.626099
vn -0.02106684633 0.9249529243 -0.3794974387
v 34.5427742 54.10338211 1085.213623
vn -0.0209192019 0.9463542104 -0.3224532604
v 34.8610611 54.05913925 1085.214966
vn 0.2800404727 0.9045805335 -0.3214208484
v 34.85170364 53.84467316 1084.644531
vn 0.2800106108 0.8888770342 -0.3626178205
v 34.74683762 53.86735535 1084.634277
vn 0.181084305 0.9103399515 -0.3721419275
v 34.75631332 54.08415604 1085.210938
vn 0.1810812503 0.9281654954 -0.3251437247
v 35.05957031 53.97992706 1085.233398
vn 0.4676809907 0.8299638629 -0.3040302992
v 35.05047989 53.77060318 1084.676636
vn 0.4679676294 0.8188049197 -0.3325128257
v 34.95343399 53.81222534 1084.658691
vn 0.3761014044 0.8582015634 -0.3493390679
v 34.96266174 54.024189 1085.222534
vn 0.3759821057 0.8716840148 -0.3143317997
v 35.2340889 53.86732101 1085.264282
vn 0.6329477429 0.7237816453 -0.2748040259
v 35.22527313 53.66352463 1084.72229
vn 0.633292377 0.7176479697 -0.2896932065
v 35.14146805 53.72068024 1084.697998
vn 0.5540650487 0.7716020942 -0.3124774992
v 35.15042114 53.92726898 1085.247437
vn 0.5537341833 0.7802849412 -0.2907470465
v 35.37675858 53.73073578 1085.304565
vn 0.7682121992 0.5949426293 -0.2364175618
v 35.36821747 53.53247452 1084.777466
vn 0.7687215209 0.5937556624 -0.2377422899
v 35.30104065 53.60035324 1084.748901
vn 0.7050411701 0.6579479575 -0.2646155357
v 35.30971909 53.80136871 1085.283447
vn 0.7045516372 0.6616509557 -0.2565639317
v 35.42654419 53.46117783 1084.807251
vn 0.8239662647 0.5264392495 -0.2096219212
v 35.43495178 53.6567688 1085.327271
vn 0.8234265447 0.5251790881 -0.2148387283
v 35.65665817 53.65266037 1086.328857
vn 0.9423628449 0.2668537796 -0.2018449157
v 35.59803009 53.54427719 1085.866943
vn 0.9465546608 0.2752674818 -0.1681133956
v 35.56156921 53.63824844 1085.845215
vn 0.9126686454 0.3626560867 -0.1884583384
v 35.62121964 53.74849701 1086.315186
vn 0.9095125198 0.3560283184 -0.2145479321
v 35.51761627 53.72554016 1085.825928
vn 0.8716720343 0.4444584846 -0.2065055668
v 35.5782814 53.837677 1086.303955
vn 0.8695566654 0.4396241009 -0.2249485999
v 35.69900894 53.45184708 1086.362549
vn 0.9824835062 0.07600566745 -0.1701447815
v 35.64230347 53.34702301 1085.915771
vn 0.9886559248 0.0880343914 -0.1216939613
v 35.62488556 53.44782257 1085.890381
vn 0.9723491073 0.1825142354 -0.1456906796
v 35.68253708 53.55439758 1086.344482
vn 0.9671459794 0.1722274274 -0.1869931221
v 35.70061874 53.24301147 1086.404175
vn 0.9838736057 -0.1218980774 -0.1308951378
v 35.64562225 53.14133835 1085.970947
vn 0.9918711185 -0.1066873446 -0.06935080141
v 35.64931107 53.24489975 1085.942627
vn 0.9953284264 -0.00937886443 -0.09609011561
v 35.70513535 53.34809494 1086.382324
vn 0.9882109761 -0.02296642773 -0.1513656676
v 35.65940857 53.03772736 1086.451782
vn 0.9446831346 -0.3165278435 -0.0859297961
v 35.605793 52.93862152 1086.029541
vn 0.95418787 -0.2988951504 -0.01368033513
v 35.63111115 53.03910446 1085.999878
vn 0.9780987501 -0.2039124072 -0.04174439237
v 35.6853714 53.13940811 1086.427368
vn 0.9693098664 -0.2203585058 -0.1089977175
v 35.57699203 52.84643936 1086.50293
vn 0.8666542172 -0.4974964261 -0.03751994297
v 35.52436829 52.74917221 1086.088623
vn 0.8772930503 -0.478077203 0.04241584241
v 35.56999588 52.8414917 1086.059204
vn 0.9203724861 -0.3907729685 0.0145264212
v 35.62306213 52.93957901 1086.477051
vn 0.9102618694 -0.4093677998 -0.061978627
v 35.45969772 52.68016052 1086.554565
vn 0.7557243705 -0.6547909975 0.01137820538
v 35.40761948 52.58392334 1086.144653
vn 0.7670197487 -0.6344549656 0.09564324468
v 35.46985626 52.66296005 1086.117188
vn 0.8258064985 -0.5596446395 0.06958114356
v 35.52215195 52.75961304 1086.528931
vn 0.8147933483 -0.5796068907 -0.0129486043
v 35.31731415 52.54620361 1086.603638
vn 0.6210740805 -0.781606853 0.05794609338
v 35.26535034 52.45018005 1086.194702
vn 0.6325268149 -0.7611821294 0.1432186365
v 35.33898163 52.51282501 1086.170532
vn 0.7021443844 -0.7018021345 0.1202787086
v 35.39095306 52.60886002 1086.57959
vn 0.6907045841 -0.7222841978 0.03510945663
v 35.16090012 52.44729996 1086.647827
vn 0.4691204131 -0.877415359 0.1003410444
v 35.10866165 52.35079956 1086.236816
vn 0.4804157019 -0.8576046228 0.1836166978
v 35.18812561 52.39618683 1086.216797
vn 0.5594522953 -0.8124163747 0.1642946452
v 35.24018478 52.49236298 1086.626465
vn 0.5480892062 -0.8326194286 0.07964383811
v 34.97672653 52.37509155 1086.69104
vn 0.2970279157 -0.9443489909 0.141348511
v 34.92381668 52.27737045 1086.27478
vn 0.3077662885 -0.9257739186 0.2195964307
v 35.01977158 52.31035995 1086.25647
vn 0.3971147239 -0.8952135444 0.2022191435
v 35.07229233 52.40737534 1086.669678
vn 0.3860441148 -0.9145013094 0.121067293
v 34.77555084 52.33913803 1086.729492
vn 0.106003955 -0.9782482386 0.1783075184
v 34.7215538 52.23941803 1086.304932
vn 0.1156708673 -0.9617506862 0.2483060211
v 34.82504272 52.25376129 1086.290894
vn 0.2127669007 -0.9484357238 0.2349466681
v 34.87844086 52.35238266 1086.710815
vn 0.2024745345 -0.966052115 0.1604599208
v 34.56504059 52.34385681 1086.761353
vn -0.09320705384 -0.973477006 0.2089377791
v 34.50956345 52.24142838 1086.325195
vn -0.0850629136 -0.9597337842 0.2677226663
v 34.61643982 52.23521805 1086.316406
vn 0.0154193854 -0.9656872749 0.2592494786
v 34.67112732 52.33620071 1086.746338
vn 0.00644587772 -0.9808743596 0.1945352554
v 34.35682297 52.39099503 1086.784302
vn -0.290558517 -0.9285002351 0.2312207818
v 34.29953384 52.28524017 1086.333984
vn -0.2841246128 -0.9181166291 0.2762879729
v 34.40377808 52.25811005 1086.331055
vn -0.18573457 -0.9437983036 0.2733997703
v 34.46012497 52.36213684 1086.774048
vn -0.1930318773 -0.9559316635 0.2212087512
v 34.16145706 52.47859955 1086.797241
vn -0.4751310945 -0.8454259038 0.2439374626
v 34.10211945 52.3690834 1086.330811
vn -0.4709101021 -0.8387331963 0.2734416127
v 34.19846725 52.32245636 1086.333984
vn -0.3797501624 -0.8828700185 0.2762794793
v 34.25675964 52.43004227 1086.792114
vn -0.3850378394 -0.891458869 0.2388450801
v 33.99026489 52.60008621 1086.799438
vn -0.6369205713 -0.7304273248 0.2465931177
v 33.92876434 52.48659515 1086.316162
vn -0.6347632408 -0.7277107239 0.2598321736
v 34.01184464 52.42418289 1086.324829
vn -0.5562980175 -0.786616683 0.2678930163
v 34.072258 52.53567505 1086.799683
vn -0.5595168471 -0.7913167477 0.2464928031
v 33.85088348 52.74549103 1086.791992
vn -0.7687427402 -0.5928365588 0.2399570495
v 33.78725052 52.62806702 1086.291992
vn -0.7688297629 -0.593909204 0.2370078266
v 33.8537178 52.55500793 1086.305176
vn -0.7058918476 -0.6629583836 0.2494049668
v 33.9162941 52.67048645 1086.796875
vn -0.7068257332 -0.6638427973 0.2443565428
v 33.74643326 52.90376282 1086.776611
vn -0.8696616292 -0.4392055273 0.2253601253
v 33.68079758 52.78264999 1086.260742
vn -0.8718900681 -0.4438591301 0.2068738043
v 33.72961044 52.70437622 1086.2771
vn -0.8234858513 -0.5217089653 0.2229143828
v 33.79426956 52.82369232 1086.785156
vn -0.8222591877 -0.5189396739 0.2336482108
v 33.66805649 53.08878708 1086.751587
vn -0.9424735904 -0.2661702633 0.2022299618
v 33.60038376 52.96391296 1086.219727
vn -0.9466863275 -0.274513036 0.1686047167
v 33.63684082 52.86994171 1086.241577
vn -0.9128726125 -0.3619215786 0.1888817847
v 33.70349503 52.992939 1086.765381
vn -0.9096482992 -0.3554361761 0.2149536461
v 33.62570572 53.28959274 1086.718018
vn -0.982460916 -0.07551456243 0.170493558
v 33.55611038 53.16116714 1086.170898
vn -0.9886549711 -0.08723256737 0.1222778559
v 33.57352829 53.06036758 1086.196411
vn -0.9724041224 -0.1817767173 0.1462444067
v 33.64217758 53.18704987 1086.735962
vn -0.9671398401 -0.1718201637 0.1873990446
v 33.62409592 53.49843597 1086.67627
vn -0.9838066101 0.1221562475 0.1311580986
v 33.5527916 53.36685181 1086.115845
vn -0.9917421341 0.107443206 0.07002536207
v 33.54909897 53.26329041 1086.144165
vn -0.9952594042 0.01011183485 0.09672864527
v 33.61957932 53.39334106 1086.69812
vn -0.988152504 0.0234163478 0.1516783088
v 33.66530609 53.70370865 1086.628662
vn -0.9446162581 0.3166999221 0.08603081852
v 33.59262085 53.56956863 1086.057251
vn -0.9539752603 0.2995396256 0.0143934153
v 33.5673027 53.46908951 1086.086792
vn -0.9779194593 0.2046267241 0.0424436219
v 33.63934326 53.60203934 1086.653198
vn -0.9692220092 0.220658049 0.1091727987
v 33.74771881 53.89500809 1086.577515
vn -0.8666713238 0.4974724948 0.03744205832
v 33.67404556 53.75902557 1085.998169
vn -0.8770596385 0.4785666168 -0.04171776399
v 33.62841797 53.66669846 1086.027588
vn -0.9201462269 0.3913312852 -0.01381322928
v 33.70165253 53.80186844 1086.603394
vn -0.910220623 0.4094572365 0.06199320033
v 33.86501694 54.06127548 1086.525879
vn -0.7558475733 0.6546445489 -0.01161698904
v 33.79079437 53.92426682 1085.942139
vn -0.7668135762 0.634798944 -0.09501203895
v 33.72855759 53.8452301 1085.969604
vn -0.8255930543 0.5600427389 -0.06890756637
v 33.80256271 53.98182297 1086.551514
vn -0.8148492575 0.579531908 0.01278670691
v 34.00740051 54.19524384 1086.476807
vn -0.6213172674 0.7813867927 -0.05830550194
v 33.93306351 54.0580101 1085.89209
vn -0.6324247718 0.761367321 -0.1426839978
v 33.85942841 53.99536514 1085.91626
vn -0.7020152807 0.7020336986 -0.1196796298
v 33.9337616 54.13257599 1086.500854
vn -0.6908923984 0.7220896482 -0.03541488573
v 34.16381454 54.29413605 1086.432617
vn -0.4694767594 0.8771747947 -0.1007769853
v 34.08974838 54.15739059 1085.849854
vn -0.4804570973 0.8576729298 -0.1831886917
v 34.01028824 54.11201096 1085.869995
vn -0.5594681501 0.8125053644 -0.1637998372
v 34.08452988 54.24907684 1086.453979
vn -0.5483747721 0.8323919177 -0.08005490154
v 34.34798813 54.36634445 1086.389526
vn -0.2976099849 0.9441021085 -0.1417727917
v 34.27459717 54.2308197 1085.81189
vn -0.3078577518 0.9258146882 -0.2192960232
v 34.17863846 54.1978302 1085.8302
vn -0.3971679807 0.8952707052 -0.2018611431
v 34.25242233 54.33406448 1086.410889
vn -0.3864367306 0.9142756462 -0.1215184852
v 34.54916382 54.40230942 1086.350952
vn -0.1066038758 0.9781118631 -0.1786974669
v 34.47686005 54.26877213 1085.78186
vn -0.1159717813 0.9617624879 -0.2481199503
v 34.37337112 54.25442886 1085.795898
vn -0.2129099369 0.9484608769 -0.2347153127
v 34.4462738 54.38906479 1086.369629
vn -0.2030797154 0.9658551216 -0.1608803421
v 34.75967407 54.39757919 1086.319092
vn 0.09253180027 0.973483026 -0.2092096359
v 34.6888504 54.26676178 1085.761475
vn 0.0845483467 0.9598109126 -0.2676090896
v 34.58197403 54.27297211 1085.770386
vn -0.01588474214 0.9657188654 -0.2591038346
v 34.65358734 54.40524673 1086.334106
vn -0.007150033023 0.9808051586 -0.1948592961
v 34.96789169 54.35045242 1086.296143
vn 0.2899196446 0.9286659956 -0.231356889
v 34.89888 54.22294998 1085.752686
vn 0.2837034166 0.9182719588 -0.2762046754
v 34.79463577 54.25008011 1085.755615
vn 0.18524459 0.9439195991 -0.2733135223
v 34.86458969 54.37931061 1086.306396
vn 0.1923157871 0.956027329 -0.2214191556
v 35.1632576 54.26284027 1086.283325
vn 0.4746118486 0.845731318 -0.2438895702
v 35.0962944 54.13911057 1085.755859
vn 0.4703053236 0.8390979767 -0.2733633518
v 34.99994278 54.1857338 1085.752808
vn 0.3792684078 0.8830946088 -0.2762233615
v 35.06795502 54.31139755 1086.28833
vn 0.3844863176 0.8916888237 -0.2388751209
v 35.33444977 54.14136124 1086.281006
vn 0.636441946 0.7309166789 -0.2463786304
v 35.26964569 54.02160263 1085.770508
vn 0.6344319582 0.7280656099 -0.2596470416
v 35.1865654 54.08400726 1085.761841
vn 0.5557672977 0.7870307565 -0.2677785754
v 35.25245667 54.20576859 1086.280884
vn 0.5588783622 0.7918112874 -0.246353209
v 35.47383118 53.99595642 1086.288452
vn 0.7684329152 0.5933721662 -0.2396254539
v 35.41116333 53.88013077 1085.7948
vn 0.7684964538 0.5944440961 -0.236747548
v 35.34469223 53.95318222 1085.781616
vn 0.7055305243 0.6634188294 -0.249202922
v 35.40842056 54.070961 1086.283569
vn 0.7065016031 0.6642919779 -0.2440729737
v 35.46879959 53.80381393 1085.809692
vn 0.8231914043 0.5222982168 -0.2226217538
v 35.5304451 53.91775513 1086.295288
vn 0.8221110106 0.5193491578 -0.233259365
v 35.86972046 53.78826141 1087.3302
vn 0.9286954403 0.2584841847 -0.2659148574
v 35.74918747 53.73569489 1086.828369
vn 0.9360486865 0.2617729306 -0.2351336181
v 35.71522522 53.83286285 1086.822632
vn 0.9044386148 0.3521835208 -0.2407437563
v 35.83737564 53.88612747 1087.331299
vn 0.8985849023 0.3495229781 -0.2652901411
v 35.67376709 53.92334747 1086.819336
vn 0.8657875061 0.4368867874 -0.2440122217
v 35.79753494 53.97732162 1087.334717
vn 0.8613760471 0.4350177348 -0.2622802258
v 35.90628433 53.58368301 1087.336426
vn 0.9635609388 0.0640181303 -0.2597151399
v 35.78876877 53.5324173 1086.847046
vn 0.9737573862 0.0686378628 -0.2169916183
v 35.77365875 53.63617325 1086.836426
vn 0.9595685005 0.1660940498 -0.2272467762
v 35.89265442 53.68808365 1087.331909
vn 0.9507662654 0.1620384306 -0.2641724348
v 35.90280533 53.37152481 1087.353882
vn 0.9603576064 -0.1367855072 -0.2429052293
v 35.78793716 53.32139969 1086.875488
vn 0.9730347991 -0.131150052 -0.1897445023
v 35.79362488 53.42753601 1086.860107
vn 0.9783717394 -0.03130625561 -0.2044716477
v 35.90976334 53.47820663 1087.34375
vn 0.9668636918 -0.03662674129 -0.2526519895
v 35.85752106 53.16357803 1087.381958
vn 0.9174368978 -0.3341802955 -0.2159469575
v 35.74475861 53.11436462 1086.912476
vn 0.9321360588 -0.3275131583 -0.1544588953
v 35.77164078 53.21686172 1086.893066
vn 0.9575384855 -0.230608806 -0.1730306
v 35.88538361 53.26649475 1087.366577
vn 0.9437869191 -0.2367886305 -0.2306457013
v 35.77227783 52.97042465 1087.419556
vn 0.8369415998 -0.5167985559 -0.1801332384
v 35.66096878 52.92184067 1086.956177
vn 0.8529622555 -0.5096271634 -0.1128517017
v 35.70764542 53.01552582 1086.933716
vn 0.8970835805 -0.4209598601 -0.1342902184
v 35.81959152 53.06438828 1087.39978
vn 0.8816027045 -0.4279862046 -0.1990088522
v 35.65351868 52.80319595 1087.464111
vn 0.7246630192 -0.6751765013 -0.1378413588
v 35.54294205 52.75491333 1087.003784
vn 0.7414470911 -0.6675967574 -0.06760784984
v 35.60567856 52.83461761 1086.979736
vn 0.8007175922 -0.592166245 -0.09050150216
v 35.71652985 52.88301086 1087.441162
vn 0.784193933 -0.5996362567 -0.1596128345
v 35.51100159 52.6691246 1087.512329
vn 0.5899344683 -0.8021851182 -0.09206718951
v 35.4004631 52.62085724 1087.052246
vn 0.6067275405 -0.7946163416 -0.02160025574
v 35.47407532 52.68349838 1087.028076
vn 0.6763302088 -0.7352517247 -0.0445234701
v 35.58454895 52.73173904 1087.487915
vn 0.6594862342 -0.7428376675 -0.1151958406
v 35.35560989 52.57087326 1087.561157
vn 0.4390023947 -0.8973549008 -0.04506766051
v 35.24450302 52.52236176 1087.098877
vn 0.4552467465 -0.8900662661 0.02307424694
v 35.32349777 52.56716919 1087.075928
vn 0.5339456201 -0.8455184102 0.0008593728999
v 35.43425369 52.61552811 1087.536865
vn 0.5173441172 -0.853006959 -0.06880575418
v 35.17371368 52.50014114 1087.61499
vn 0.2691352963 -0.9630865455 0.005518461112
v 35.06138229 52.45108795 1087.147583
vn 0.2842336595 -0.956266284 0.06903664768
v 35.15633774 52.48282623 1087.123047
vn 0.3726174533 -0.9268487096 0.0459102504
v 35.26797104 52.53158188 1087.587524
vn 0.3568373322 -0.9339472651 -0.02024016343
v 34.97605896 52.46646118 1087.670044
vn 0.08135894686 -0.9950082898 0.05778651312
v 34.86185074 52.41658783 1087.194824
vn 0.09471639991 -0.9889589548 0.1139691472
v 34.96384048 52.42903137 1087.171387
vn 0.1903531104 -0.9774130583 0.09181170166
v 35.07702637 52.4784584 1087.642334
vn 0.1761022657 -0.9838616848 0.0316879563
v 34.77026367 52.47424316 1087.723999
vn -0.113504909 -0.9875547886 0.1088677868
v 34.65355682 52.42328262 1087.238525
vn -0.1024772301 -0.9825326204 0.1553321034
v 34.75846481 52.41456985 1087.217285
vn -0.003878294723 -0.9908018708 0.1352647841
v 34.87384796 52.46495056 1087.697266
vn -0.01610616036 -0.9963617921 0.08368837833
v 34.56773376 52.52507401 1087.773804
vn -0.3056232929 -0.9392976165 0.1559305787
v 34.44802094 52.47280121 1087.275879
vn -0.2974382043 -0.9355080724 0.1906701773
v 34.54992676 52.44270325 1087.258179
vn -0.2010710388 -0.9640177488 0.1738972515
v 34.66808319 52.49429703 1087.749634
vn -0.2107075602 -0.9684467912 0.133090809
v 34.37876129 52.61682892 1087.816895
vn -0.4843927324 -0.8525292873 0.1963605136
v 34.25568008 52.56310272 1087.304932
vn -0.4793090522 -0.8501370549 0.2180132568
v 34.34943771 52.51317596 1087.291626
vn -0.3906300664 -0.8973303437 0.2054419518
v 34.47080612 52.56615829 1087.796387
vn -0.3972521126 -0.9004560709 0.1771148741
v 34.21424866 52.74266052 1087.850708
vn -0.6401483417 -0.7336236238 0.2280493677
v 34.08765411 52.68740845 1087.324219
vn -0.6383236051 -0.7326883674 0.2360312939
v 34.1680603 52.62157822 1087.315918
vn -0.562253356 -0.7948442101 0.2282407433
v 34.29289246 52.67607117 1087.835083
vn -0.565675199 -0.7965372801 0.2134008259
v 34.08143234 52.8923378 1087.87439
vn -0.7660722136 -0.5921514034 0.2499801069
v 33.95139313 52.83558655 1087.333618
vn -0.7675054669 -0.5925796032 0.2445092201
v 34.0152626 52.75921249 1087.3302
vn -0.70684582 -0.6648916006 0.2414292842
v 34.14360046 52.81522369 1087.863892
vn -0.7070544362 -0.6650956273 0.2402537465
v 33.98309708 53.05459213 1087.887817
vn -0.8614095449 -0.4347474575 0.2626181245
v 33.84985733 52.99645996 1087.33374
vn -0.8657759428 -0.4366813302 0.2444205731
v 33.89627075 52.91511917 1087.334717
vn -0.8197872043 -0.5174155235 0.2454182804
v 34.02795029 52.97258377 1087.882324
vn -0.8169162273 -0.5162001252 0.2572649717
v 33.91091156 53.24364853 1087.892334
vn -0.9287208319 -0.2581606209 0.266140461
v 33.77443695 53.18412018 1087.324829
vn -0.9361075759 -0.2612929046 0.2354328334
v 33.80839539 53.08695221 1087.330566
vn -0.9044735432 -0.3518334627 0.2411239892
v 33.94325638 53.14578629 1087.891357
vn -0.8985789418 -0.3493149579 0.2655842602
v 33.87434769 53.44823456 1087.886108
vn -0.9635589719 -0.0640148893 0.2597233951
v 33.73485184 53.38739777 1087.30603
vn -0.9737192988 -0.06847109646 0.2172152996
v 33.74996185 53.28363419 1087.31665
vn -0.9595688581 -0.165717721 0.2275197953
v 33.8879776 53.34383011 1087.890625
vn -0.9507806897 -0.1617819667 0.2642777264
v 33.87782669 53.66039658 1087.868774
vn -0.9604119062 0.1368892491 0.2426321357
v 33.73568726 53.59841156 1087.277588
vn -0.9730211496 0.1312150955 0.1897695661
v 33.72999573 53.49227905 1087.292969
vn -0.9783381224 0.03152428567 0.2045990378
v 33.87086868 53.55371475 1087.878906
vn -0.9669011235 0.03651232272 0.2525253594
v 33.92311096 53.86833954 1087.840576
vn -0.9176465273 0.333946228 0.215417549
v 33.778862 53.80544281 1087.240601
vn -0.9322021008 0.3274220228 0.154253155
v 33.75197983 53.70294952 1087.260132
vn -0.9575643539 0.230572328 0.1729361415
v 33.89524841 53.76542664 1087.855957
vn -0.9439138174 0.2366673052 0.2302504182
v 34.00835419 54.06148529 1087.802979
vn -0.8372234106 0.5166102648 0.1793621182
v 33.86265182 53.99797058 1087.196899
vn -0.8531543612 0.5093937516 0.1124526039
v 33.81597519 53.90428162 1087.219482
vn -0.8971905112 0.4208285213 0.1339869946
v 33.9610405 53.96753311 1087.822876
vn -0.8818808198 0.4277079105 0.198373735
v 34.12711334 54.22873306 1087.758545
vn -0.7251761556 0.6748069525 0.1369493455
v 33.98067856 54.16490173 1087.149292
vn -0.7417602539 0.6673067808 0.06703244895
v 33.91794205 54.08519363 1087.173462
vn -0.8009979129 0.5918617249 0.09001144767
v 34.06410217 54.14890671 1087.781372
vn -0.7846753597 0.5992231369 0.1587959975
v 34.26963043 54.36278915 1087.710205
vn -0.5905682445 0.801825881 0.09112858772
v 34.1231575 54.2989502 1087.10083
vn -0.6072154045 0.7942611575 0.02094534412
v 34.04954529 54.23630905 1087.125
vn -0.6767405272 0.7349113226 0.04390381649
v 34.19608307 54.30018234 1087.734619
vn -0.6600161791 0.7425126433 0.1142526045
v 34.42502213 54.4610405 1087.661377
vn -0.4396917522 0.8970626593 0.0441564247
v 34.2791214 54.39744568 1087.054321
vn -0.4558215439 0.889754355 -0.02374590933
v 34.20012283 54.35264206 1087.077148
vn -0.5344492793 0.8451991677 -0.001535676536
v 34.34637833 54.41638184 1087.685791
vn -0.5180191994 0.8526719213 0.06787319481
v 34.60691833 54.53177643 1087.607666
vn -0.2699180245 0.9628629088 -0.006271748804
v 34.46223831 54.46872711 1087.005615
vn -0.284965694 0.9560052156 -0.06963142008
v 34.36728287 54.43697739 1087.030151
vn -0.3732622266 0.9265571237 -0.04655344784
v 34.51266098 54.50033951 1087.635132
vn -0.3576211631 0.9336651564 0.01940326206
v 34.80456924 54.56545639 1087.552612
vn -0.08216089755 0.9949111938 -0.0583210215
v 34.66176987 54.5032196 1086.958252
vn -0.09544000775 0.9888338447 -0.1144499555
v 34.55978012 54.49077606 1086.981689
vn -0.1911600828 0.9772053361 -0.09234493226
v 34.70360565 54.55346298 1087.580322
vn -0.17691423 0.9836949706 -0.0323350504
v 35.01036835 54.55767059 1087.498535
vn 0.1127280295 0.9876150489 -0.1091279089
v 34.8700676 54.49653244 1086.914551
vn 0.101715982 0.9825676084 -0.1556109786
v 34.76515579 54.50523758 1086.935913
vn 0.003075403627 0.9907540679 -0.1356351376
v 34.90678406 54.56695938 1087.525391
vn 0.01531989686 0.9963405132 -0.08408871293
v 35.21289825 54.50684738 1087.44873
vn 0.3049863875 0.9395045638 -0.1559310108
v 35.07559967 54.44701385 1086.877197
vn 0.2967695594 0.9357055426 -0.1907431334
v 34.97369385 54.477108 1086.89502
vn 0.200308919 0.9641474485 -0.1740575433
v 35.11254883 54.53762436 1087.473022
vn 0.2100243568 0.9685772061 -0.1332215816
v 35.40187073 54.41508484 1087.405762
vn 0.4839005172 0.8528616428 -0.1961309314
v 35.26794052 54.35671234 1086.848145
vn 0.4787901938 0.8504649997 -0.2178744376
v 35.17418289 54.4066391 1086.861572
vn 0.3899965882 0.8976171613 -0.205392614
v 35.3098259 54.46575546 1087.42627
vn 0.3968015909 0.9006730914 -0.1770212054
v 35.56638336 54.28926086 1087.371826
vn 0.6398369074 0.7340069413 -0.2276895642
v 35.43596649 54.23240662 1086.828857
vn 0.6379550099 0.7331001759 -0.2357488722
v 35.3555603 54.29822922 1086.83728
vn 0.5617418289 0.7952711582 -0.2280130088
v 35.48773956 54.35584641 1087.387573
vn 0.5652774572 0.7969051003 -0.2130813301
v 35.69919968 54.13958359 1087.348267
vn 0.7659817338 0.5924285054 -0.2496005595
v 35.57222748 54.08421707 1086.81958
vn 0.7672454715 0.5930724144 -0.2441301495
v 35.508358 54.16059494 1086.822998
vn 0.7066255212 0.6652491689 -0.2410890013
v 35.63703156 54.21669388 1087.358765
vn 0.7069336176 0.6653578877 -0.2398826778
v 35.62734985 54.00468826 1086.818359
vn 0.8195747137 0.5179441571 -0.2450125217
v 35.75268173 54.05933762 1087.340332
vn 0.8167643547 0.5166288018 -0.256886512
v 36.17906189 53.82201385 1088.337158
vn 0.9141325951 0.2558450699 -0.314491421
v 36.01435852 53.81558228 1087.83374
vn 0.9212409258 0.2570056915 -0.2919986546
v 35.98355103 53.91374969 1087.840088
vn 0.8925760388 0.3483165503 -0.2863277197
v 36.14964294 53.92021942 1088.347778
vn 0.8868864775 0.3472653329 -0.3046952188
v 35.94525528 54.00524521 1087.848999
vn 0.8568104506 0.4341186881 -0.2782388628
v 36.11273956 54.0117569 1088.36084
vn 0.8525443077 0.4332129955 -0.2923946977
v 36.21020126 53.61678696 1088.325439
vn 0.9435353875 0.06084684655 -0.325635761
v 36.048069 53.61044312 1087.829834
vn 0.9533618689 0.06217345223 -0.2953568101
v 36.03583908 53.71511459 1087.830322
vn 0.9418878555 0.1603910923 -0.2951644063
v 36.19923019 53.7215004 1088.329712
vn 0.93336761 0.1592147499 -0.3216761351
v 36.20200348 53.40407181 1088.327271
vn 0.9355747104 -0.1406909972 -0.3238920271
v 36.042099 53.397789 1087.838501
vn 0.9477726221 -0.1393232346 -0.2869077921
v 36.05025101 53.50470352 1087.83252
vn 0.955424428 -0.03879217431 -0.2926760912
v 36.21121979 53.51102066 1088.324585
vn 0.9443687201 -0.04000742361 -0.3264462352
v 36.15301895 53.19569778 1088.34314
vn 0.8889194727 -0.3383651972 -0.3087573946
v 35.99485397 53.18946457 1087.859741
vn 0.9029923677 -0.3370079696 -0.266515404
v 36.02362442 53.29256439 1087.847534
vn 0.9302310944 -0.2393493503 -0.2781762779
v 36.1825943 53.29881668 1088.333496
vn 0.9170178175 -0.2407437563 -0.3179949224
v 36.06528854 53.00226974 1088.372559
vn 0.8058618903 -0.5212171674 -0.2809257209
v 35.90828323 52.99605942 1087.8927
vn 0.8212582469 -0.5198277831 -0.2351892591
v 35.95617676 53.09012604 1087.874878
vn 0.8664450049 -0.4309490323 -0.2521031797
v 36.11368561 53.09635544 1088.356323
vn 0.8516247869 -0.4323521256 -0.2963221967
v 35.94536591 52.83490753 1088.413086
vn 0.6924028993 -0.679561913 -0.2424331009
v 35.78888702 52.82870102 1087.934814
vn 0.708322823 -0.6783905029 -0.1951028407
v 35.85213089 52.90856934 1087.91272
vn 0.768176198 -0.6026804447 -0.2160592675
v 36.00879669 52.91477203 1088.391602
vn 0.7524042726 -0.603993237 -0.2628307939
v 35.80296326 52.70087051 1088.461548
vn 0.5576461554 -0.8064874411 -0.1964912564
v 35.64640045 52.69464493 1087.983154
vn 0.5736624002 -0.8053633571 -0.1493363529
v 35.71985245 52.7572403 1087.958496
vn 0.6430626512 -0.7460814714 -0.1727218032
v 35.87630463 52.76345062 1088.436523
vn 0.6270362139 -0.7472249866 -0.2201825231
v 35.64876938 52.6027832 1088.514282
vn 0.4077996612 -0.9014049768 -0.1454939544
v 35.49160767 52.59652328 1088.034058
vn 0.4232783616 -0.9004379511 -0.1002341136
v 35.56988525 52.64110184 1088.008423
vn 0.5012230873 -0.8561959267 -0.1253154576
v 35.7266922 52.64733887 1088.487549
vn 0.4854409695 -0.8572305441 -0.1717639863
v 35.46928024 52.53234482 1088.575806
vn 0.2401537001 -0.9667737484 -0.08760528266
v 35.31094742 52.52603531 1088.092041
vn 0.2545256317 -0.9659835696 -0.04574265331
v 35.40450287 52.5573349 1088.062134
vn 0.3416021168 -0.9369494319 -0.07371412218
v 35.56217194 52.56361008 1088.543945
vn 0.3266134858 -0.9378266335 -0.1174937636
v 35.27521896 52.49910736 1088.642578
vn 0.05577313155 -0.9981541038 -0.0240370594
v 35.11514664 52.49272919 1088.153564
vn 0.06851644069 -0.9975699186 0.0126375854
v 35.21510315 52.50452805 1088.122314
vn 0.1623030752 -0.9865990877 -0.01673119888
v 35.37423325 52.51086426 1088.608398
vn 0.1486801803 -0.9872883558 -0.05617696792
v 35.07413101 52.50746536 1088.711914
vn -0.1345880628 -0.9900176525 0.04184577614
v 34.91179276 52.50099182 1088.216064
vn -0.124062717 -0.9896764159 0.07175680995
v 35.01408386 52.49145126 1088.184814
vn -0.02788268216 -0.9987133741 0.0423572585
v 35.1752243 52.4978714 1088.677002
vn -0.03956640139 -0.9991773367 0.008898298256
v 34.87720871 52.55897141 1088.780029
vn -0.3212700784 -0.9409646988 0.1066346318
v 34.71218109 52.5524025 1088.276001
vn -0.3134171367 -0.9408854246 0.1284690797
v 34.81101608 52.52132034 1088.246582
vn -0.2199428678 -0.9703073502 0.1006418765
v 34.97465134 52.52784348 1088.746338
vn -0.2291729897 -0.9705201387 0.07463549078
v 34.69446945 52.65147781 1088.843506
vn -0.494002074 -0.8533129692 0.1667900532
v 34.52645874 52.64480209 1088.330444
vn -0.4891286492 -0.8535065055 0.1796656996
v 34.61684799 52.59381104 1088.304199
vn -0.4035357237 -0.9017521739 0.1549254805
v 34.78334045 52.60042953 1088.812622
vn -0.4099128246 -0.9017036557 0.1374846548
v 34.53642273 52.77807999 1088.89856
vn -0.6433407664 -0.7335950732 0.2189768553
v 34.36532593 52.77130127 1088.376099
vn -0.6416378021 -0.734007597 0.2225617319
v 34.442276 52.70438385 1088.354492
vn -0.5687717199 -0.7972307801 0.2022915334
v 34.61183167 52.71110916 1088.872192
vn -0.5720653534 -0.7969226837 0.1940501332
v 34.40991211 52.92851257 1088.942871
vn -0.7630438209 -0.5913001895 0.2610138357
v 34.23580933 52.92163086 1088.411255
vn -0.7644224763 -0.591937542 0.2554764152
v 34.29634857 52.84420395 1088.395142
vn -0.7069938779 -0.6651353836 0.2403218001
v 34.46896744 52.85102463 1088.922119
vn -0.707153976 -0.664588511 0.2413614988
v 34.3174057 53.09146118 1088.975464
vn -0.8524796367 -0.4330773056 0.2927840054
v 34.14052963 53.08449173 1088.435547
vn -0.8567945957 -0.4339275658 0.2785855234
v 34.1838913 53.00218201 1088.424805
vn -0.8137212992 -0.5157749057 0.2680184245
v 34.35942078 53.0091095 1088.960693
vn -0.8108900785 -0.5150025487 0.2779023349
v 34.25108337 53.28121567 1088.999268
vn -0.914016366 -0.2558289468 0.3148421943
v 34.07142258 53.27415848 1088.450806
vn -0.9212157726 -0.2568064928 0.2922531366
v 34.10223007 53.17598724 1088.444458
vn -0.8925228715 -0.3482005596 0.2866344452
v 34.28050613 53.1830101 1088.988647
vn -0.8867661953 -0.3472658992 0.3050445318
v 34.219944 53.48643494 1089.010986
vn -0.9434301257 -0.0607781671 0.3259533644
v 34.0377121 53.47930145 1088.45459
vn -0.9533497095 -0.06200574711 0.2954312861
v 34.04994202 53.37462234 1088.454224
vn -0.9418693185 -0.1601751447 0.2953407466
v 34.23091507 53.3817215 1089.006714
vn -0.9332712293 -0.159095034 0.3220148385
v 34.22814178 53.69915771 1089.009155
vn -0.9355020523 0.1405772567 0.3241510391
v 34.0436821 53.69194794 1088.446045
vn -0.9478187561 0.1392687559 0.2867818773
v 34.03553009 53.58503342 1088.451904
vn -0.9554362297 0.03862585872 0.2926596701
v 34.21892548 53.59220886 1089.011841
vn -0.9442638159 0.03997882828 0.3267530203
v 34.27712631 53.90752411 1088.993164
vn -0.8889195919 0.3381534219 0.3089890778
v 34.09092712 53.90027237 1088.424805
vn -0.9031912684 0.3366955519 0.2662361264
v 34.06215668 53.79717255 1088.43689
vn -0.930300951 0.2393300086 0.2779591084
v 34.24755478 53.80440903 1089.00293
vn -0.9169290066 0.2408018559 0.3182070255
v 34.36485672 54.10095596 1088.963867
vn -0.8059174418 0.5210244656 0.2811237872
v 34.17750168 54.09367752 1088.391846
vn -0.8214741349 0.5197023749 0.2347120494
v 34.12960434 53.99960709 1088.409668
vn -0.8666750789 0.4307095408 0.2517212033
v 34.31645966 54.00687408 1088.980103
vn -0.8516872525 0.4320678115 0.2965572178
v 34.48477936 54.26832199 1088.92334
vn -0.692483604 0.6794136763 0.2426179945
v 34.29689789 54.26103592 1088.349609
vn -0.708779037 0.6780737042 0.1945464611
v 34.23365402 54.18117523 1088.371704
vn -0.7684842348 0.6024800539 0.2155220807
v 34.42135239 54.18845367 1088.944824
vn -0.7524886727 0.6038048267 0.2630220354
v 34.62718582 54.40235901 1088.874878
vn -0.5578691959 0.8062890768 0.1966721117
v 34.43938446 54.39509201 1088.301392
vn -0.5741044283 0.8051641583 0.1487102658
v 34.36593246 54.33249664 1088.32605
vn -0.643586278 0.7457629442 0.1721463203
v 34.55384445 54.3397789 1088.89978
vn -0.6272459626 0.746991396 0.2203776538
v 34.78137589 54.50044632 1088.822144
vn -0.4081420898 0.9012085199 0.1457505673
v 34.59417343 54.49321365 1088.250488
vn -0.4238266349 0.9002407789 0.09968706965
v 34.51589584 54.4486351 1088.276001
vn -0.5018127561 0.855933547 0.1247466654
v 34.70345688 54.45588684 1088.848755
vn -0.4856620133 0.8570675254 0.1719525456
v 34.96086502 54.57088089 1088.76062
vn -0.2404640317 0.9666720629 0.08787567168
v 34.77483749 54.56370163 1088.192505
vn -0.2551652491 0.9658350945 0.04531256482
v 34.68128204 54.53240204 1088.22229
vn -0.3422290683 0.9367588758 0.07322652638
v 34.86797333 54.53961182 1088.79248
vn -0.3269078434 0.9376934171 0.1177383065
v 35.1549263 54.60411835 1088.693848
vn -0.05614039302 0.9981259108 0.02435079217
v 34.97063446 54.59701538 1088.130981
vn -0.06914579123 0.997523129 -0.01290022768
v 34.87067795 54.58520889 1088.162231
vn -0.1629461944 0.9864989519 0.01638108119
v 35.05591202 54.59236145 1088.727905
vn -0.1490358263 0.9872179627 0.05647136271
v 35.35601425 54.59576416 1088.624512
vn 0.1342468262 0.9900790453 -0.04148762301
v 35.17398834 54.58874512 1088.068481
vn 0.1234676838 0.9897468686 -0.07181163877
v 35.07169724 54.59828568 1088.099731
vn 0.0272678528 0.9987235069 -0.04251860082
v 35.25492096 54.60535431 1088.659424
vn 0.03922468796 0.9991936684 -0.008569108322
v 35.55293655 54.54425812 1088.556396
vn 0.3209706843 0.9411129951 -0.1062270924
v 35.37360001 54.53733444 1088.008423
vn 0.3129113615 0.9410738945 -0.1283215284
v 35.27476501 54.5684166 1088.037964
vn 0.2193969041 0.9704359174 -0.1005938128
v 35.45549393 54.57538605 1088.590088
vn 0.2288572192 0.9706237316 -0.07425628603
v 35.73567581 54.45174789 1088.49292
vn 0.4937523901 0.8535428643 -0.1663524061
v 35.55932236 54.44493484 1087.954102
vn 0.4887646437 0.8537759781 -0.1793757826
v 35.46893311 54.4959259 1087.980347
vn 0.4032052159 0.901933074 -0.1547330767
v 35.64680481 54.50279999 1088.523804
vn 0.4096957445 0.9018648267 -0.137073949
v 35.89372253 54.32514572 1088.437866
vn 0.6433060765 0.7337351441 -0.2186092585
v 35.72045898 54.31843567 1087.908447
vn 0.641423285 0.7343190908 -0.222152248
v 35.6435051 54.38536072 1087.930054
vn 0.5685418844 0.7974801064 -0.201954484
v 35.81831741 54.39212036 1088.464111
vn 0.5719199777 0.7971292138 -0.1936299056
v 36.02023315 54.17470932 1088.393555
vn 0.7630159855 0.5915229917 -0.2605900466
v 35.84997559 54.16810608 1087.873169
vn 0.7643761039 0.5921683311 -0.2550799847
v 35.78943634 54.24554062 1087.889404
vn 0.7068537474 0.6654397249 -0.2398910969
v 35.96117783 54.25219345 1088.414307
vn 0.7071076632 0.6647839546 -0.2409586459
v 35.9018898 54.08755493 1087.859741
vn 0.8137425184 0.5159264803 -0.2676621377
v 36.0707283 54.09412003 1088.375732
vn 0.8109095693 0.5151951909 -0.2774880826
v 36.59518433 53.7828598 1089.44397
vn 0.8985895514 0.264693886 -0.3499628007
v 36.37946701 53.81005478 1088.891479
vn 0.9075132012 0.2568142712 -0.3323645592
v 36.35135269 53.90816879 1088.90564
vn 0.8812931776 0.3483812511 -0.3193005323
v 36.56813431 53.8808403 1089.460938
vn 0.8734310865 0.3534104526 -0.3349913061
v 36.3157692 53.99961472 1088.922485
vn 0.8480764627 0.4341506958 -0.3037754595
v 36.53362274 53.9721489 1089.480469
vn 0.8406979442 0.4406772554 -0.3146911263
v 36.62195587 53.57807159 1089.420654
vn 0.9248914719 0.07076227665 -0.3735886216
v 36.40819168 53.60501862 1088.873169
vn 0.9348714948 0.06211679056 -0.3495093882
v 36.39839935 53.7096405 1088.880737
vn 0.9256857634 0.1603592783 -0.3426232934
v 36.61311722 53.68257141 1089.430664
vn 0.9157829881 0.1660587192 -0.3657403886
v 36.61001205 53.3657341 1089.412476
vn 0.9146285653 -0.1302933842 -0.3827247024
v 36.39791489 53.39245605 1088.869263
vn 0.9252362847 -0.139146924 -0.3529532254
v 36.40812302 53.49932861 1088.869385
vn 0.9347988963 -0.03872675821 -0.3530598581
v 36.62101364 53.47249985 1089.414551
vn 0.9232446551 -0.03242053464 -0.3828423023
v 36.55814743 53.15766144 1089.420654
vn 0.866529882 -0.328083694 -0.3761476576
v 36.34732437 53.18421555 1088.880737
vn 0.8772903085 -0.3368605673 -0.3418869972
v 36.37763596 53.28727341 1088.873047
vn 0.905923605 -0.2394209802 -0.3492563963
v 36.58904266 53.26063538 1089.414429
vn 0.893227458 -0.232876718 -0.3845947087
v 36.46855545 52.96443176 1089.444946
vn 0.7828431129 -0.5116524696 -0.3540739715
v 36.25854874 52.99088287 1088.907227
vn 0.7934147716 -0.5197791457 -0.3167375028
v 36.30739212 53.08492279 1088.892212
vn 0.8394816518 -0.4309583604 -0.3309764862
v 36.51774597 53.05842209 1089.430786
vn 0.8262203336 -0.4244284034 -0.3704329133
v 36.34786987 52.79718018 1089.483398
vn 0.6695859432 -0.6710881591 -0.318269372
v 36.13817978 52.82356644 1088.946533
vn 0.679612875 -0.6782620549 -0.2794404328
v 36.20175552 52.90341187 1088.925415
vn 0.7396951318 -0.6026590466 -0.2994214594
v 36.41154099 52.87700272 1089.462524
vn 0.7262679935 -0.5966870785 -0.3413199186
v 36.2057457 52.66314316 1089.532471
vn 0.5357885957 -0.799349606 -0.2719756961
v 35.99590302 52.68953705 1088.995239
vn 0.5450867414 -0.80528301 -0.2332374156
v 36.06911087 52.75211716 1088.969971
vn 0.6143876314 -0.7458907962 -0.2572445571
v 36.27882385 52.72573853 1089.506836
vn 0.601205647 -0.7407030463 -0.2998512089
v 36.05272293 52.56497955 1089.588135
vn 0.387881577 -0.8955685496 -0.2179561257
v 35.84232712 52.59141922 1089.049683
vn 0.3958494663 -0.9003617167 -0.1806985885
v 35.91988754 52.63599777 1089.021973
vn 0.4731562138 -0.8560861945 -0.2079415023
v 36.12995911 52.60958481 1089.559814
vn 0.46071437 -0.8517082334 -0.2496704757
v 35.87539673 52.49436569 1089.655396
vn 0.2231637388 -0.9624048471 -0.1548382789
v 35.66400528 52.5209198 1089.11438
vn 0.2293031961 -0.9659184813 -0.1200898364
v 35.75624084 52.55222321 1089.080688
vn 0.3152008951 -0.9368507862 -0.1515222639
v 35.96707535 52.52572632 1089.620361
vn 0.3044274449 -0.9332761168 -0.1905769706
v 35.6844635 52.46085358 1089.730347
vn 0.04247074202 -0.9956393838 -0.08305712789
v 35.47164154 52.48757935 1089.185669
vn 0.046524968 -0.9975423217 -0.05238981172
v 35.56973267 52.49938965 1089.14917
vn 0.138660267 -0.9865335226 -0.08674638718
v 35.78178406 52.47276688 1089.691895
vn 0.1298669577 -0.9840327501 -0.1217131838
v 35.48740005 52.46886063 1089.810425
vn -0.1437700689 -0.9895904064 -0.006399033591
v 35.27274323 52.49580002 1089.260986
vn -0.1418934464 -0.9897024632 0.01884874515
v 35.37268066 52.48627853 1089.223022
vn -0.0478730984 -0.9987103343 -0.01690823771
v 35.58637238 52.4594574 1089.769897
vn -0.05422650278 -0.9974566102 -0.04625750333
v 35.29521561 52.51992798 1089.890991
vn -0.3259838521 -0.9426829219 0.07129788399
v 35.0784111 52.54713058 1089.336182
vn -0.3263190389 -0.9409655333 0.08999872208
v 35.17451477 52.51609421 1089.298828
vn -0.2353707105 -0.970364213 0.0547166504
v 35.3902092 52.48902512 1089.85083
vn -0.2390874773 -0.9704601169 0.03231538832
v 35.11769485 52.61196518 1089.968262
vn -0.4941771924 -0.857047677 0.1458018124
v 34.89852905 52.63945007 1089.407471
vn -0.496571213 -0.853646636 0.1571765989
v 34.98595047 52.58848953 1089.372559
vn -0.4137861133 -0.9018462896 0.124315232
v 35.20391846 52.56115723 1089.93042
vn -0.4147476852 -0.9032791853 0.109868668
v 34.96501541 52.73806381 1090.037598
vn -0.6391985416 -0.7389724255 0.2129435092
v 34.74342728 52.76584625 1089.470581
vn -0.6434417963 -0.7342018485 0.2166339904
v 34.81736374 52.69897461 1089.440186
vn -0.5734684467 -0.7973444462 0.1880845875
v 35.03774261 52.67134476 1090.00415
vn -0.5717035532 -0.799988091 0.1821377128
v 34.84370422 52.88800049 1090.095825
vn -0.7549170852 -0.5978544354 0.2695741951
v 34.61977386 52.91607285 1089.522705
vn -0.7608488798 -0.5920199156 0.2657468915
v 34.67742157 52.83869553 1089.498169
vn -0.7061050534 -0.6652508378 0.2426046282
v 34.90019989 52.81076431 1090.068237
vn -0.7017473578 -0.6689177752 0.2451522201
v 34.75597 53.05050278 1090.141113
vn -0.8405858874 -0.4406678975 0.3150033951
v 34.52989578 53.07884216 1089.5625
vn -0.8480069041 -0.4340178967 0.3041591048
v 34.57062912 52.99657822 1089.544189
vn -0.807561636 -0.515806675 0.2859855294
v 34.79566193 52.96836853 1090.120117
vn -0.8009685278 -0.5200895071 0.296574384
v 34.69440842 53.23978424 1090.177612
vn -0.8984791636 -0.2647106051 0.3502334058
v 34.46619797 53.26840591 1089.593506
vn -0.9073883891 -0.2568992674 0.3326394856
v 34.49431229 53.17028809 1089.579346
vn -0.8811827898 -0.3483623564 0.3196255863
v 34.72145844 53.14181137 1090.160645
vn -0.8721495271 -0.353670001 0.3380424678
v 34.66763687 53.44458008 1090.200928
vn -0.9248205423 -0.07073695958 0.3737690151
v 34.4374733 53.47344208 1089.611816
vn -0.9347845316 -0.06198850647 0.3497646749
v 34.44726562 53.36882019 1089.60437
vn -0.925578773 -0.1603390276 0.3429217637
v 34.67647552 53.34008026 1090.190918
vn -0.9144774079 -0.1663013101 0.3688834012
v 34.67958069 53.65691757 1090.209106
vn -0.9146108627 0.1302333176 0.3827874362
v 34.44775009 53.68599319 1089.615723
vn -0.9251664877 0.139073357 0.3531651497
v 34.43754196 53.57913208 1089.615601
vn -0.9347131848 0.03868376836 0.3532914817
v 34.6685791 53.55015182 1090.207031
vn -0.9219189882 0.03226001561 0.3860372007
v 34.73144531 53.86499023 1090.200928
vn -0.8665647507 0.3280080855 0.3761332333
v 34.49834061 53.8942337 1089.604248
vn -0.8772760034 0.3367810845 0.3420020044
v 34.46802902 53.79118729 1089.611938
vn -0.9058942795 0.2393190414 0.3494023085
v 34.70055008 53.76201248 1090.207153
vn -0.8919202089 0.2326060683 0.3877792358
v 34.82103729 54.05821228 1090.176636
vn -0.7829551697 0.5115624666 0.3539562225
v 34.58711624 54.08757782 1089.577759
vn -0.7934942245 0.5196015239 0.3168299198
v 34.53827286 53.9935379 1089.592773
vn -0.8395584822 0.4307412803 0.331064254
v 34.77184677 53.96422195 1090.190796
vn -0.8249696493 0.4241454005 0.3735314608
v 34.94172287 54.2254715 1090.138184
vn -0.6697304845 0.6710178852 0.3181132674
v 34.7074852 54.25489426 1089.538452
vn -0.6797604561 0.6780742407 0.2795371115
v 34.64390945 54.17504883 1089.55957
vn -0.7398082018 0.6024811864 0.299499929
v 34.87805176 54.14564896 1090.159058
vn -0.7251207829 0.5964061022 0.3442376554
v 35.08384705 54.35950089 1090.089111
vn -0.5359535217 0.7992835045 0.2718448937
v 34.84976196 54.38892365 1089.489746
vn -0.5453168154 0.805090785 0.2333632112
v 34.77655411 54.32634354 1089.515015
vn -0.6145244837 0.7457481623 0.2573311925
v 35.01076889 54.29691315 1090.114746
vn -0.6001899838 0.7404404283 0.3025226593
v 35.23686981 54.45767212 1090.033325
vn -0.3880465627 0.8955228329 0.2178501934
v 35.00333786 54.48703003 1089.435303
vn -0.3961404264 0.900205493 0.1808391511
v 34.92577744 54.44245911 1089.463013
vn -0.4732905626 0.8559901118 0.2080311626
v 35.15963364 54.41305923 1090.061768
vn -0.4597544968 0.8515264988 0.2520484626
v 35.41419601 54.52828598 1089.966187
vn -0.2233344764 0.9623711109 0.1548017263
v 35.1816597 54.55752945 1089.370605
vn -0.2295818031 0.9658283591 0.1202818975
v 35.08942413 54.52622604 1089.404297
vn -0.3154732287 0.9367330074 0.1516834497
v 35.3225174 54.49691772 1090.001221
vn -0.3034611046 0.9330168962 0.1933671832
v 35.60512924 54.56179047 1089.891235
vn -0.04262213036 0.995626688 0.08313168585
v 35.37402344 54.59088135 1089.299316
vn -0.04683240503 0.9975137711 0.0526589714
v 35.2759285 54.5790596 1089.335815
vn -0.1389233619 0.9864766002 0.0869725123
v 35.50780869 54.5498848 1089.929688
vn -0.1287725717 0.9838019013 0.1247055754
v 35.80219269 54.55379105 1089.811157
vn 0.1436847597 0.9896017313 0.00656809425
v 35.57292175 54.58266068 1089.223999
vn 0.1416360438 0.9897454977 -0.01852362789
v 35.47298431 54.59218216 1089.261963
vn 0.04760973528 0.9987179637 0.01719697192
v 35.70322037 54.56319427 1089.851685
vn 0.05541306362 0.9972370267 0.04947453737
v 35.99437714 54.50271606 1089.730469
vn 0.3259584606 0.9427117109 -0.07103323936
v 35.76725388 54.53132629 1089.148804
vn 0.3261295855 0.9410663843 -0.08962991834
v 35.67115021 54.56236649 1089.186157
vn 0.2351402044 0.9704400301 -0.05436193198
v 35.89938354 54.53362656 1089.770752
vn 0.240321964 0.9702611566 -0.02895912901
v 36.17189789 54.41068649 1089.65332
vn 0.4941688478 0.8571118712 -0.145452261
v 35.94713593 54.43901062 1089.077515
vn 0.4964419603 0.8538011312 -0.1567451507
v 35.85971451 54.48995972 1089.112427
vn 0.4136440158 0.901966691 -0.1239143163
v 36.08567429 54.46149445 1089.691162
vn 0.4160540998 0.9030851126 -0.1064717546
v 36.32457733 54.28458023 1089.583984
vn 0.6393504739 0.7389404774 -0.2125981003
v 36.1022377 54.31261063 1089.014404
vn 0.6434531212 0.7343172431 -0.2162089646
v 36.02830124 54.37948608 1089.0448
vn 0.5733925104 0.7974990606 -0.1876599938
v 36.25185013 54.35130692 1089.61731
vn 0.5729887486 0.7998155355 -0.1788268089
v 36.44588852 54.13464355 1089.525757
vn 0.7550387383 0.5978665948 -0.2692062557
v 36.22589111 54.1623764 1088.96228
vn 0.760884881 0.5921379924 -0.2653804719
v 36.16824341 54.23976517 1088.986816
vn 0.7061148882 0.6653834581 -0.2422120273
v 36.38939285 54.21188736 1089.553345
vn 0.7029747963 0.668761909 -0.2420412749
v 36.27503586 54.08187866 1088.940796
vn 0.807626605 0.5159119964 -0.2856117189
v 36.49393082 54.05427933 1089.501465
vn 0.8020862937 0.5199413896 -0.2938001454
v 36.98410034 53.88741302 1090.544678
vn 0.8453570604 0.4193638265 -0.3309159577
v 37.04255295 53.69873428 1090.500977
vn 0.8971162438 0.2412870079 -0.3700850904
v 37.06650162 53.49452209 1090.470947
vn 0.9167373776 0.04676642641 -0.3967436254
v 37.0521698 53.28266907 1090.457031
vn 0.9000546336 -0.1531845331 -0.4079658985
v 36.99850845 53.07497787 1090.460938
vn 0.8463585377 -0.3487555087 -0.4025503695
v 36.90781021 52.8820076 1090.482544
vn 0.7585858107 -0.5287543535 -0.3807446063
v 36.78675079 52.71485519 1090.52002
vn 0.6429755688 -0.6840529442 -0.3444618285
v 36.64494705 52.58079529 1090.569824
vn 0.5084661245 -0.8082290292 -0.2970320582
v 36.49282074 52.48248291 1090.627563
vn 0.3547448218 -0.9040013552 -0.2386161089
v 36.31705856 52.41160965 1090.698364
vn 0.1890577972 -0.9668958783 -0.1713754237
v 36.12831116 52.37771225 1090.778442
vn 0.009301911108 -0.9954423308 -0.09491085261
v 35.934021 52.38519669 1090.864868
vn -0.1739110649 -0.9846717119 -0.0132889403
v 35.74505997 52.43567276 1090.953003
vn -0.3517846763 -0.9334834218 0.06968654692
v 35.57105255 52.52704239 1091.038574
vn -0.5140550733 -0.8446756601 0.1492327005
v 35.42195892 52.65244675 1091.116211
vn -0.6526081562 -0.7247011065 0.2211580724
v 35.30409622 52.80172729 1091.182495
vn -0.7618769407 -0.5830311179 0.2821671069
v 35.21950531 52.96360397 1091.235229
vn -0.8442486525 -0.4194203019 0.3336627781
v 35.1610527 53.15227127 1091.279053
vn -0.8958722949 -0.2414558977 0.3729771078
v 35.13710785 53.35649872 1091.309082
vn -0.915441215 -0.04678546265 0.3997229934
v 35.15143967 53.56834412 1091.322876
vn -0.8987256885 0.1529837847 0.4109600186
v 35.20510101 53.77603531 1091.31897
vn -0.8450607657 0.3484617174 0.4055203795
v 35.29579926 53.96900558 1091.297363
vn -0.7574244142 0.5283234715 0.383643806
v 35.41685486 54.1361618 1091.259888
vn -0.6419440508 0.6836411357 0.3471924365
v 35.5586586 54.2702179 1091.210083
vn -0.5075814724 0.8078565598 0.2995477617
v 35.71078491 54.36852264 1091.152344
vn -0.353970468 0.9036179781 0.2412042022
v 35.8865509 54.43940353 1091.081543
vn -0.1882402003 0.9665409923 0.174252972
v 36.07529831 54.47330856 1091.001465
vn -0.008447363041 0.9951503277 0.09800212085
v 36.26958847 54.46580887 1090.915039
vn 0.174814105 0.98446244 0.01654380374
v 36.4585495 54.41534424 1090.826904
vn 0.3527432084 0.9333646894 -0.06635205448
v 36.63255692 54.32397461 1090.741333
vn 0.5150750875 0.8446288109 -0.1459444165
v 36.78164673 54.19855881 1090.663696
vn 0.6536712646 0.7246816158 -0.2180607021
v 36.89951324 54.0492897 1090.597412
vn 0.7629141212 0.5830333829 -0.2793458104
v 37.52191544 53.58580017 1091.554565
vn 0.8866350055 0.2582502961 -0.3836471438
v 37.46560287 53.7739296 1091.603027
vn 0.8346145749 0.4341874123 -0.3389687836
v 37.5439415 53.38207245 1091.520386
vn 0.9071930647 0.06506723166 -0.4156524837
v 37.52800751 53.17064285 1091.50293
vn 0.8920240998 -0.1340871602 -0.4316406846
v 37.47317123 52.96327209 1091.504272
vn 0.8402505517 -0.3300330043 -0.4301828146
v 37.38179398 52.77051163 1091.524292
vn 0.7546866536 -0.5112249851 -0.411214143
v 37.26057434 52.60344315 1091.561401
vn 0.6411186457 -0.6687753797 -0.3764390945
v 37.11908722 52.46934509 1091.611816
vn 0.5084058642 -0.7957152724 -0.3291818798
v 36.96767426 52.3708992 1091.671021
vn 0.3556872308 -0.8948560357 -0.2696650326
v 36.79308701 52.29977417 1091.744385
vn 0.1925069988 -0.960483253 -0.2010296881
v 36.60595703 52.26551056 1091.827881
vn 0.01509606 -0.9924265742 -0.1219082847
v 36.4136734 52.27253723 1091.918579
vn -0.1660207659 -0.985445261 -0.03653376922
v 36.22702408 52.3224678 1092.011719
vn -0.3423827589 -0.9381605387 0.05127247423
v 36.05551147 52.41323471 1092.102539
vn -0.5036506057 -0.8530709147 0.1364041418
v 35.90894699 52.53803635 1092.185791
vn -0.6419124603 -0.7361787558 0.2144509256
v 35.79349518 52.68671036 1092.257324
vn -0.7514020801 -0.596709013 0.2816616297
v 35.71109009 52.84805298 1092.314819
vn -0.8345287442 -0.4340304732 0.3393808007
v 35.65477753 53.0361824 1092.363159
vn -0.8864874244 -0.2582355738 0.3839979768
v 35.63275146 53.23991013 1092.397461
vn -0.9070422649 -0.06507206708 0.4159806967
v 35.64868927 53.45133972 1092.414795
vn -0.8918865323 0.1340385228 0.4319399595
v 35.70352173 53.65870285 1092.413574
vn -0.8401743174 0.3298648 0.4304606318
v 35.79489899 53.85147095 1092.393433
vn -0.7546799183 0.5110080838 0.4114959538
v 35.91611862 54.01853943 1092.356445
vn -0.6412221789 0.6684974432 0.3767563105
v 36.05760956 54.15263367 1092.30603
vn -0.5084686875 0.7955443859 0.3294976652
v 36.20901871 54.25108337 1092.246704
vn -0.3558539748 0.894679904 0.2700292766
v 36.38360596 54.3222084 1092.173462
vn -0.1927607656 0.9603424668 0.2014586776
v 36.57073975 54.35647202 1092.089966
vn -0.01534250937 0.9923661947 0.1223679706
v 36.76301956 54.34944534 1091.999268
vn 0.1657975912 0.9854647517 0.03701800108
v 36.94966888 54.29951477 1091.906128
vn 0.3421934545 0.9382572174 -0.0507646054
v 37.12118149 54.20874023 1091.815186
vn 0.5035455227 0.8532124758 -0.1359056979
v 37.26774597 54.08394623 1091.732056
vn 0.6419205666 0.7363037467 -0.2139970809
v 37.38319778 53.93526459 1091.660522
vn 0.7514644861 0.5968355536 -0.2812266648
v 38.02053452 53.45476532 1092.598999
vn 0.8817722201 0.2586717606 -0.3944194615
v 37.9657135 53.64246368 1092.650513
vn 0.8313552737 0.4342594147 -0.3467955589
v 38.04123688 53.25142288 1092.562012
vn 0.900854826 0.06565811485 -0.4291265905
v 38.02421951 53.04033661 1092.542358
vn 0.8844304085 -0.1331090182 -0.4472860694
v 37.96861649 52.83322144 1092.541992
vn 0.8316752315 -0.3288447261 -0.4474119544
v 37.87682343 52.64060974 1092.561157
vn 0.7455348372 -0.509773612 -0.4293118119
v 37.75555801 52.47360229 1092.598022
vn 0.6317526102 -0.6671615839 -0.3946948349
v 37.61436462 52.33945847 1092.649048
vn 0.4991669059 -0.7940261364 -0.34692204
v 37.46352386 52.24089432 1092.709351
vn 0.3470079601 -0.893137753 -0.286164999
v 37.28983688 52.16955948 1092.784424
vn 0.1845474392 -0.9588456154 -0.2157715857
v 37.10390472 52.13500214 1092.870361
vn 0.008212574758 -0.9909140468 -0.1342457831
v 36.9131012 52.14165497 1092.963989
vn -0.1715019643 -0.9841116667 -0.04594895989
v 36.72812653 52.19114304 1093.060547
vn -0.3462213874 -0.9370633364 0.04520055279
v 36.55841446 52.28143311 1093.155151
vn -0.5057080388 -0.8522491455 0.1339057386
v 36.41365433 52.40573502 1093.242065
vn -0.6421176195 -0.735678792 0.2155498564
v 36.29990768 52.55394745 1093.317017
vn -0.7498328686 -0.5965211987 0.2862047553
v 36.2190361 52.71485519 1093.377686
vn -0.8311963081 -0.4342464209 0.3471926153
v 36.16421509 52.90255356 1093.429199
vn -0.881608963 -0.2586593628 0.3947923779
v 36.14351273 53.10588837 1093.466187
vn -0.9006903172 -0.06580594182 0.429449141
v 36.16053009 53.31698227 1093.48584
vn -0.8842667341 0.133076176 0.447619319
v 36.21613312 53.52409744 1093.486206
vn -0.831581533 0.328636378 0.4477390945
v 36.30792618 53.71670151 1093.467041
vn -0.745449841 0.5096119642 0.4296512008
v 36.42919159 53.88371658 1093.430176
vn -0.6317585111 0.6669422984 0.3950558305
v 36.57038498 54.01784897 1093.37915
vn -0.4991798103 0.7938570976 0.3472901583
v 36.72122574 54.11641693 1093.318848
vn -0.3470366895 0.8930019736 0.2865536809
v 36.89491272 54.18775177 1093.243774
vn -0.1846628934 0.9587244987 0.2162103951
v 37.08084488 54.22230911 1093.157837
vn -0.008299459703 0.9908522964 0.1346955299
v 37.27164841 54.21566391 1093.064209
vn 0.1714288741 0.9841023088 0.04641985148
v 37.45662308 54.1661644 1092.967651
vn 0.3461825848 0.9371002913 -0.04472878203
v 37.62633514 54.07588577 1092.873047
vn 0.5057149529 0.8523178697 -0.1334414035
v 37.77109528 53.95157242 1092.786133
vn 0.6422013044 0.735730052 -0.2151250839
v 37.88484192 53.80337143 1092.711182
vn 0.7499573827 0.5965588093 -0.2857997417
v 38.56374359 53.30280685 1093.699585
vn 0.8784566522 0.2603301704 -0.4006770849
v 38.50997162 53.49017334 1093.753174
vn 0.828877151 0.4355504513 -0.3510818481
v 38.58350754 53.09978104 1093.660645
vn 0.8968151212 0.0676682815 -0.4371997714
v 38.56572342 52.88895798 1093.639526
vn 0.8798065782 -0.1309721321 -0.4569317698
v 38.50957489 52.68204498 1093.637939
vn 0.8267115951 -0.3264624774 -0.4582250714
v 38.41748428 52.48958206 1093.656494
vn 0.7403370142 -0.5074783564 -0.4408705533
v 38.29618454 52.32262421 1093.693237
vn 0.6266537905 -0.6648530364 -0.4065408707
v 38.15519333 52.18847656 1093.744507
vn 0.494191587 -0.7919641137 -0.3585631549
v 38.00475311 52.08983994 1093.805542
vn 0.3424503803 -0.8913114667 -0.2971391082
v 37.83169556 52.01835632 1093.881836
vn 0.1805993468 -0.9572885633 -0.2257929891
v 37.64661026 51.98358154 1093.96936
vn 0.005002126563 -0.9897301793 -0.1428606361
v 37.45684052 51.98995209 1094.065063
vn -0.1738149822 -0.983361721 -0.05280185491
v 37.2730484 52.03911209 1094.163818
vn -0.3475526571 -0.9367887378 0.0404233411
v 37.104599 52.12904358 1094.260864
vn -0.5060328245 -0.85244596 0.1314025968
v 36.96110916 52.25297546 1094.35022
vn -0.6414363384 -0.7363203168 0.2153876275
v 36.84857178 52.40081024 1094.427612
vn -0.7482169271 -0.5975384712 0.2883041203
v 36.76877594 52.56138229 1094.490356
vn -0.8286940455 -0.4356073737 0.3514432907
v 36.71500778 52.74875259 1094.543945
vn -0.8782591224 -0.2604547441 0.4010290205
v 36.69524002 52.95177841 1094.582886
vn -0.8966334462 -0.06787294894 0.437540561
v 36.71302795 53.16260147 1094.604126
vn -0.8796480894 0.1308263391 0.4572785795
v 36.76917648 53.36950684 1094.605591
vn -0.8265574574 0.3263617754 0.4585747421
v 36.86126328 53.56197739 1094.587036
vn -0.7402249575 0.5073274374 0.4412322342
v 36.98256683 53.72892761 1094.550293
vn -0.6265817285 0.6646840572 0.4069280922
v 37.12355804 53.86307907 1094.499023
vn -0.4941490591 0.7918151617 0.3589504361
v 37.27399826 53.96171951 1094.437988
vn -0.3424478769 0.8911728859 0.2975572348
v 37.44705582 54.03320312 1094.361694
vn -0.1806189269 0.9571810365 0.2262328118
v 37.63214111 54.06797409 1094.274292
vn -0.00498171756 0.9896675348 0.1432944834
v 37.82191086 54.06159973 1094.178467
vn 0.1738656908 0.9833292365 0.05323857814
v 38.00570297 54.01243973 1094.079712
vn 0.3476322591 0.9367777705 -0.03999095038
v 38.17415237 53.92251587 1093.982666
vn 0.5061293244 0.8524547815 -0.1309731305
v 38.3176384 53.79858398 1093.893311
vn 0.6415857077 0.7363087535 -0.214981854
v 38.4301796 53.65074158 1093.815918
vn 0.7483898401 0.5975061655 -0.2879218459
v 39.11824036 53.14130402 1094.802856
vn 0.8770405054 0.2608849108 -0.4034093022
v 39.06509399 53.32844162 1094.857666
vn 0.8280155063 0.4359726906 -0.3525876999
v 39.1374321 52.93849564 1094.762939
vn 0.8948630691 0.06848206371 -0.4410558939
v 39.11914444 52.72787476 1094.740723
vn 0.877390027 -0.130048126 -0.4618161917
v 39.06259918 52.52113724 1094.738403
vn 0.8239482045 -0.3253826797 -0.4639347494
v 38.97024155 52.32879257 1094.756348
vn 0.7373273969 -0.5063476562 -0.4471693039
v 38.8488121 52.1619339 1094.792725
vn 0.6235343218 -0.6637013555 -0.4131651819
v 38.70782852 52.02783585 1094.843872
vn 0.4910911918 -0.7908287644 -0.3652661145
v 38.55751038 51.92919159 1094.905151
vn 0.3394145668 -0.8902893066 -0.3036161065
v 38.38470078 51.85766602 1094.981812
vn 0.1778257936 -0.9563469291 -0.2319019437
v 38.19999313 51.82280731 1095.069946
vn 0.002570024459 -0.9889349341 -0.1483277082
v 38.01071548 51.82905197 1095.166504
vn -0.1758333594 -0.9827460051 -0.05738388374
v 37.82751465 51.87804413 1095.266357
vn -0.3490382433 -0.936381042 0.03691622242
v 37.65972519 51.96776199 1095.364624
vn -0.5069327354 -0.8522610664 0.1291132569
v 37.51691818 52.09148407 1095.4552
vn -0.64174968 -0.7363379002 0.2143916637
v 37.40504456 52.2390976 1095.533813
vn -0.7479208112 -0.5977739096 0.2885840833
v 37.32587051 52.39945602 1095.597778
vn -0.8278095126 -0.4360508025 0.3529746532
v 37.27272415 52.58659363 1095.652588
vn -0.876826942 -0.2610469759 0.4037685394
v 37.25353241 52.78940201 1095.692627
vn -0.8946679831 -0.06867673248 0.441421181
v 37.27182007 53.00003052 1095.714844
vn -0.8772223592 0.1298918277 0.4621785581
v 37.32836914 53.20676041 1095.717163
vn -0.8237570524 0.3253386021 0.4643049538
v 37.42072296 53.39909744 1095.699219
vn -0.737169981 0.5062486529 0.4475407898
v 37.5421524 53.56596375 1095.66272
vn -0.6233594418 0.6636328101 0.4135389626
v 37.68313599 53.7000618 1095.611572
vn -0.4909422994 0.79074049 0.3656571507
v 37.83345413 53.79870605 1095.550293
vn -0.3393775821 0.8901534677 0.3040553629
v 38.00626373 53.87023163 1095.473755
vn -0.1777510345 0.9562572837 0.2323286533
v 38.19097519 53.9050827 1095.38562
vn -0.002457774244 0.9888725281 0.1487451345
v 38.38024902 53.89884567 1095.289062
vn 0.1759603769 0.982698977 0.05779870972
v 38.56344986 53.84985352 1095.189087
vn 0.3491823077 0.9363434315 -0.03650536761
v 38.73123932 53.76013565 1095.090942
vn 0.5070878267 0.8522312641 -0.1287002712
v 38.87404633 53.6364212 1095.000244
vn 0.6419180632 0.7363083363 -0.2139888704
v 38.98591995 53.48880005 1094.921631
vn 0.7481159568 0.5977175832 -0.2881947756
v 39.6709404 52.97558212 1095.89563
vn 0.8771000504 0.260760963 -0.4033598602
v 39.61812592 53.1625824 1095.95105
vn 0.8284423947 0.4356844127 -0.3519407213
v 39.68979263 52.77292252 1095.85498
vn 0.8945615292 0.06843220443 -0.4416749179
v 39.67117691 52.56245422 1095.832031
vn 0.8767397404 -0.1299634576 -0.4630733132
v 39.61433029 52.35586929 1095.829102
vn 0.8229376078 -0.3252848387 -0.4657934308
v 39.52172089 52.16366196 1095.846436
vn 0.736030221 -0.506123364 -0.4495538473
v 39.40009689 51.99691772 1095.882446
vn 0.6219334006 -0.6634575725 -0.4159601629
v 39.2589798 51.86289597 1095.93335
vn 0.4893881381 -0.7904468775 -0.3683652878
v 39.10859299 51.76431656 1095.994263
vn 0.3376624882 -0.8898351789 -0.3068834245
v 38.93577576 51.69282532 1096.070801
vn 0.1759798676 -0.9558736682 -0.2352373004
v 38.75111771 51.65797043 1096.158936
vn 0.0007267231704 -0.9884424806 -0.1515946835
v 38.56196976 51.66418839 1096.255615
vn -0.1775774211 -0.9822476506 -0.06046340242
v 38.37895584 51.71312332 1096.355835
vn -0.3506153226 -0.9358966351 0.0341530256
v 38.21141052 51.80276489 1096.454346
vn -0.5082893968 -0.8518021703 0.126787141
v 38.06888962 51.92637253 1096.54541
vn -0.6428064704 -0.7359408736 0.2125815749
v 37.95732117 52.0738678 1096.624634
vn -0.748644948 -0.59747082 0.2873314619
v 37.8784523 52.23410034 1096.689087
vn -0.8282337785 -0.4357647002 0.3523321748
v 37.82563782 52.42108917 1096.744507
vn -0.8768922687 -0.2608441412 0.4037576616
v 37.8067894 52.62375259 1096.785156
vn -0.8943580985 -0.0685652867 0.4420660734
v 37.82540512 52.83421707 1096.808105
vn -0.8765458465 0.1298567206 0.463470161
v 37.88224792 53.04080582 1096.811035
vn -0.822722733 0.3252648711 0.4661867023
v 37.97486115 53.23300934 1096.793579
vn -0.7358525991 0.5060257912 0.4499542713
v 38.09648514 53.39976501 1096.75769
vn -0.6218016744 0.6633285284 0.4163627923
v 38.23759842 53.53377914 1096.706787
vn -0.4891745746 0.7904012799 0.3687466085
v 38.38798523 53.63236618 1096.645752
vn -0.3374888897 0.8897599578 0.3072921038
v 38.56080627 53.70384979 1096.569336
vn -0.1758693904 0.9557865262 0.2356735915
v 38.74546051 53.73870468 1096.481201
vn -0.0005381219089 0.9883817434 0.1519907713
v 38.93461227 53.73248291 1096.384399
vn 0.1777465045 0.9821916819 0.06087448448
v 39.11762619 53.68354797 1096.284302
vn 0.3508041799 0.9358403087 -0.03375424445
v 39.28517151 53.59391022 1096.185791
vn 0.5084736347 0.8517515659 -0.1263878047
v 39.4276886 53.4703064 1096.094604
vn 0.643001914 0.7358861566 -0.2121792883
v 39.53925705 53.32280731 1096.015503
vn 0.7488861084 0.5973495841 -0.28695485
v 40.22409821 52.80591965 1096.990967
vn 0.8781812787 0.260373652 -0.4012520015
v 40.1714325 52.99282837 1097.046631
vn 0.8296636939 0.4352684617 -0.3495704234
v 40.24276733 52.60337448 1096.949951
vn 0.8954566717 0.06807660311 -0.4399123788
v 40.22393417 52.39302444 1096.926636
vn 0.8774088025 -0.1302452385 -0.4617249966
v 40.16684723 52.18656921 1096.923218
vn 0.8233214617 -0.3255533576 -0.4649266303
v 40.07398987 51.99450684 1096.940063
vn 0.7362009883 -0.5061873794 -0.4492020309
v 39.95212173 51.82788086 1096.975464
vn 0.6218300462 -0.6634447575 -0.4161351323
v 39.81078339 51.69397736 1097.025757
vn 0.488966465 -0.7903980017 -0.3690295219
v 39.66020203 51.59549713 1097.086304
vn 0.3370386362 -0.8896805048 -0.3080154359
v 39.48719788 51.52409744 1097.162354
vn 0.1751513332 -0.9556398988 -0.2368002534
v 39.30238724 51.48931503 1097.25
vn -0.0003148615069 -0.9881427288 -0.1535376757
v 39.11311722 51.49558258 1097.346436
vn -0.1787679791 -0.9818896651 -0.06272725761
v 38.93003082 51.54454422 1097.446289
vn -0.351919651 -0.9354943037 0.03166930005
v 38.76246262 51.63417816 1097.544678
vn -0.5096517801 -0.8513717055 0.1241825148
v 38.61996841 51.75775909 1097.635742
vn -0.6441981792 -0.7354733944 0.2099704444
v 38.50846863 51.90520096 1097.714844
vn -0.7499747872 -0.5970126987 0.2848045528
v 38.42970276 52.06535721 1097.779541
vn -0.8294404149 -0.435390532 0.349948138
v 38.37703705 52.25226974 1097.835205
vn -0.8779803514 -0.260438323 0.4016495645
v 38.35836792 52.45481873 1097.876221
vn -0.8952525854 -0.06817723811 0.4403120279
v 38.37720108 52.66516876 1097.899536
vn -0.8772069812 0.1301433146 0.4621370435
v 38.43428802 52.87161636 1097.902954
vn -0.8231428862 0.3254136145 0.4653405249
v 38.52714539 53.063694 1097.886108
vn -0.735964179 0.5061734915 0.4496055245
v 38.64901352 53.23030472 1097.850708
vn -0.6216617823 0.6633335948 0.4165635407
v 38.79035187 53.36421585 1097.800415
vn -0.4887808561 0.7903151512 0.3694526255
v 38.94093323 53.46269608 1097.739868
vn -0.3368167579 0.8896269798 0.3084125817
v 39.11393738 53.53409576 1097.663818
vn -0.1749678999 0.9555698037 0.2372183651
v 39.29874802 53.56887817 1097.576172
vn 0.0005008995649 0.9880777001 0.1539551467
v 39.48801804 53.562603 1097.479858
vn 0.1789789647 0.9818255901 0.06312704831
v 39.67110443 53.51364899 1097.380005
vn 0.3521374464 0.9354257584 -0.03127031028
v 39.83867264 53.42401505 1097.281494
vn 0.5098573565 0.8513076305 -0.1237773001
v 39.98117065 53.30043411 1097.19043
vn 0.6444014907 0.7354092002 -0.2095712125
v 40.09266663 53.15298843 1097.111328
vn 0.7502022386 0.59691149 -0.2844173908
v 40.77722931 52.63299942 1098.094604
vn 0.8800518513 0.2598131001 -0.3974995315
v 40.72455978 52.81985474 1098.150146
vn 0.8314961195 0.434779644 -0.3458046019
v 40.79582977 52.4305191 1098.053467
vn 0.8972736001 0.06758212298 -0.4362713695
v 40.7768631 52.22027969 1098.029907
vn 0.879106164 -0.1306763589 -0.4583623409
v 40.7195816 52.01395035 1098.026001
vn 0.8248247504 -0.3259218931 -0.4619946778
v 40.62647247 51.82201767 1098.042358
vn 0.7374358773 -0.5065034032 -0.4468138516
v 40.50431442 51.65554047 1098.077026
vn 0.6227892041 -0.6636519432 -0.4143666029
v 40.3626709 51.52178574 1098.126709
vn 0.4896046519 -0.7905231714 -0.367913574
v 40.21178055 51.4234314 1098.186523
vn 0.3373452425 -0.8897105455 -0.3075928688
v 40.03844452 51.35216904 1098.261719
vn 0.1751104593 -0.9555733204 -0.2370991409
v 39.85329819 51.31752014 1098.348633
vn -0.0007052753353 -0.9879807234 -0.1545756757
v 39.66370392 51.32390976 1098.444214
vn -0.1795312166 -0.9816380143 -0.0644620806
v 39.48032761 51.37295532 1098.543335
vn -0.3530086875 -0.9351612329 0.02929811366
v 39.31251144 51.46266937 1098.641235
vn -0.5109876394 -0.8509917259 0.1212631539
v 39.16983032 51.58628464 1098.731812
vn -0.6457663774 -0.7350373864 0.2066540271
v 39.05821228 51.73373413 1098.810669
vn -0.7517226338 -0.5965103507 0.2812268138
v 38.97938538 51.89386749 1098.875122
vn -0.8312714696 -0.4348941147 0.3462005258
v 38.92671967 52.08073425 1098.930786
vn -0.8798379302 -0.2599223554 0.3979014158
v 38.90811539 52.28321075 1098.971802
vn -0.897064805 -0.06761655211 0.4366952777
v 38.92708206 52.49345398 1098.995361
vn -0.8788971901 0.1305745244 0.4587919414
v 38.98436356 52.69977951 1098.999268
vn -0.8246563673 0.3257452548 0.4624196589
v 39.07747269 52.89171982 1098.983032
vn -0.7372397184 0.5064185858 0.4472334981
v 39.19963074 53.05818939 1098.948242
vn -0.622535646 0.6636463404 0.4147564173
v 39.34127808 53.19195175 1098.89856
vn -0.4893985689 0.7904554009 0.3683331013
v 39.49216461 53.29030228 1098.838745
vn -0.3371277452 0.88964957 0.3080073595
v 39.66550064 53.36156082 1098.76355
vn -0.1748779118 0.9555157423 0.2375024408
v 39.85064697 53.39620972 1098.676636
vn 0.0009348025778 0.9879173636 0.1549787819
v 40.04024124 53.38982773 1098.581055
vn 0.1797682494 0.9815685153 0.06485825777
v 40.22362137 53.34076691 1098.481934
vn 0.3532544672 0.9350805879 -0.02890655585
v 40.39143372 53.25107193 1098.384155
vn 0.5112518072 0.8508875966 -0.1208795533
v 40.53411484 53.12745285 1098.293579
vn 0.6460024714 0.7349432111 -0.2062504143
v 40.64573669 52.97999573 1098.214722
vn 0.7519297004 0.5964487195 -0.2808035612
v 41.32521057 52.45874786 1099.201782
vn 0.8826444745 0.2589203715 -0.3922996223
v 41.27241898 52.64560318 1099.25708
vn 0.8339526057 0.4340002239 -0.3408325911
v 41.34384918 52.25631714 1099.160767
vn 0.8998844028 0.06672753394 -0.4309936166
v 41.32481766 52.04615402 1099.137085
vn 0.8816262484 -0.1315632761 -0.4532397985
v 41.26737213 51.83993912 1099.132812
vn 0.8272112012 -0.3266143799 -0.4572140872
v 41.1740036 51.64814758 1099.14856
vn 0.7394752502 -0.5072444081 -0.4425826967
v 41.05151367 51.48183823 1099.182495
vn 0.6245316863 -0.6642073393 -0.4108390808
v 40.90948486 51.34825134 1099.231323
vn 0.4909253716 -0.7909661531 -0.3651914895
v 40.75819016 51.25007248 1099.290161
vn 0.3382213414 -0.8900057077 -0.3057714701
v 40.58439636 51.17898941 1099.36438
vn 0.1754980236 -0.9557155371 -0.2362377197
v 40.39876175 51.14451981 1099.450195
vn -0.000822692411 -0.9879535437 -0.1547486633
v 40.20866776 51.15107727 1099.544556
vn -0.1801543236 -0.9814425707 -0.06568787992
v 40.02481079 51.20028687 1099.6427
vn -0.3541407287 -0.9348005056 0.02706305683
v 39.85656357 51.29011536 1099.73938
vn -0.5125851035 -0.8504719138 0.1181274429
v 39.71351242 51.4138298 1099.829224
vn -0.647700429 -0.7344266176 0.2027354687
v 39.60161209 51.56133652 1099.907349
vn -0.7539587617 -0.5957943201 0.2767225206
v 39.52259064 51.72150803 1099.971436
vn -0.8337308764 -0.4340980351 0.3412501514
v 39.46979523 51.90835571 1100.026733
vn -0.8824167848 -0.2590797246 0.3927063644
v 39.45116043 52.11079407 1100.067749
vn -0.8996718526 -0.06680500507 0.431425184
v 39.47018814 52.32094955 1100.091431
vn -0.8814273477 0.1314576864 0.4536570907
v 39.52763748 52.5271759 1100.095703
vn -0.8269916177 0.3265665472 0.4576451778
v 39.6210022 52.71895599 1100.079956
vn -0.7393166423 0.5070897341 0.4430247247
v 39.74349594 52.88527679 1100.046021
vn -0.6242923737 0.6641722322 0.4112594128
v 39.88552094 53.01886368 1099.997192
vn -0.4907058477 0.7909134626 0.3656004071
v 40.03681564 53.11703873 1099.938354
vn -0.3379769921 0.8899620175 0.3061685264
v 40.21061325 53.18812561 1099.864136
vn -0.1752511859 0.9556605816 0.2366430163
v 40.39624786 53.2225914 1099.77832
vn 0.001073037274 0.9878892899 0.1551565528
v 40.58633804 53.21602631 1099.68396
vn 0.1804226041 0.981366694 0.06608369946
v 40.77019501 53.16681671 1099.585815
vn 0.3544065058 0.9347110391 -0.02666977048
v 40.93844604 53.07698822 1099.489014
vn 0.5128490925 0.8503672481 -0.1177341565
v 41.08149338 52.9532814 1099.399292
vn 0.6479910016 0.734272778 -0.2023639232
v 41.19339752 52.80576706 1099.321167
vn 0.7541951537 0.5956845284 -0.2763144076
v 41.86705399 52.28372192 1100.315796
vn 0.8859385848 0.2576601207 -0.3856476843
v 41.81402588 52.47060013 1100.370605
vn 0.8370522857 0.4328409433 -0.3346522748
v 41.88581085 52.08131027 1100.275146
vn 0.9032533169 0.06539148837 -0.4240959287
v 41.8667717 51.87121201 1100.251343
vn 0.8849357367 -0.1328835934 -0.4463527203
v 41.80918121 51.66510391 1100.246826
vn 0.8303334117 -0.3278608918 -0.4506147504
v 41.71554565 51.47346878 1100.261841
vn 0.7423064709 -0.5083330274 -0.4365531802
v 41.59267807 51.30733109 1100.295044
vn 0.626879096 -0.6652141809 -0.4056016505
v 41.45019531 51.17394257 1100.342773
vn 0.4928411245 -0.7917349339 -0.3609202802
v 41.29841232 51.07596207 1100.400513
vn 0.3395728171 -0.8905759454 -0.3025967777
v 41.12403488 51.00510788 1100.473389
vn 0.1762105227 -0.9560688138 -0.2342696935
v 40.93777084 50.97086716 1100.557739
vn -0.0007815656718 -0.9880514741 -0.154122144
v 40.74702072 50.97765732 1100.650757
vn -0.1807725728 -0.9812771082 -0.06645650417
v 40.56251907 51.02707672 1100.747314
vn -0.3554043472 -0.9343803525 0.02492142655
v 40.39366531 51.11708832 1100.842773
vn -0.5144641399 -0.8498045206 0.1147122011
v 40.25009155 51.24095154 1100.931274
vn -0.6500866413 -0.7335563302 0.1981979609
v 40.13776398 51.38856888 1101.008545
vn -0.7567377687 -0.5947720408 0.2712824643
v 40.0584259 51.54879379 1101.071899
vn -0.8368083835 -0.4329823554 0.3350790441
v 40.0053978 51.735672 1101.126709
vn -0.8857167363 -0.2577988803 0.386064291
v 39.98664093 51.93808746 1101.167358
vn -0.9030433893 -0.06551810354 0.4245232344
v 40.00568008 52.14818954 1101.191162
vn -0.8847443461 0.1327283829 0.4467779994
v 40.06327057 52.35430145 1101.195679
vn -0.8300833702 0.3278911114 0.451053232
v 40.15690613 52.54593658 1101.180542
vn -0.7420970798 0.5082568526 0.4369975924
v 40.27977371 52.71206284 1101.147461
vn -0.6267200708 0.6650878191 0.4060543776
v 40.42225266 52.8454628 1101.099731
vn -0.4926108122 0.7916852236 0.3613434136
v 40.57403946 52.94343567 1101.041992
vn -0.3392799199 0.8905538917 0.3029899299
v 40.7484169 53.01429367 1100.968994
vn -0.1759406477 0.95601964 0.2346728295
v 40.93468094 53.04853058 1100.884644
vn 0.001037118956 0.9879873991 0.1545309722
v 41.12543106 53.04174042 1100.791748
vn 0.1810547262 0.9811979532 0.06685615331
v 41.30993271 52.99232101 1100.69519
vn 0.3556990623 0.9342785478 -0.02453027107
v 41.47878647 52.90230942 1100.599731
vn 0.514731288 0.8496972322 -0.1143081114
v 41.62236023 52.77845383 1100.511108
vn 0.6503682137 0.7334135771 -0.1978021115
v 41.73468781 52.63083267 1100.43396
vn 0.7570049167 0.5946160555 -0.2708788216
v 42.40788269 52.10633087 1101.453125
vn 0.8896532059 0.2571223378 -0.3773663044
v 42.35451889 52.29327393 1101.507202
vn 0.8403538465 0.4322705567 -0.3270283639
v 42.42684174 51.90390778 1101.412842
vn 0.9072868228 0.0647360906 -0.4154995084
v 42.40784454 51.69385529 1101.38916
vn 0.889128387 -0.1335075349 -0.437751621
v 42.35013199 51.48785782 1101.384399
vn 0.8344711661 -0.3285703957 -0.4423791766
v 42.25620651 51.29638672 1101.398804
vn 0.7463265061 -0.5088872313 -0.4289877713
v 42.13291168 51.13045502 1101.430908
vn 0.6305501461 -0.6657437086 -0.3989885449
v 41.98989868 50.99728775 1101.477417
vn 0.496021539 -0.7922131419 -0.3554728925
v 41.83751678 50.89954376 1101.533813
vn 0.342163831 -0.8909624219 -0.2985128164
v 41.66243744 50.82896042 1101.605103
vn 0.1781399101 -0.9563365579 -0.2317036688
v 41.47539139 50.7950058 1101.687744
vn 0.0004260884598 -0.9881889224 -0.1532398015
v 41.28382111 50.80207825 1101.778809
vn -0.1803835332 -0.9812904 -0.06731255352
v 41.09849548 50.85176849 1101.873535
vn -0.3558750153 -0.9342662096 0.02235138975
v 40.92886353 50.94203568 1101.967163
vn -0.5157346129 -0.8495877385 0.1105373353
v 40.7845993 51.06609344 1102.054199
vn -0.6521623135 -0.7331932187 0.1926449537
v 40.67170334 51.21386719 1102.130127
vn -0.7595070004 -0.5942475796 0.2646108568
v 40.59193039 51.37419891 1102.192383
vn -0.8401271105 -0.4323657155 0.3274848461
v 40.53856659 51.56114197 1102.24646
vn -0.8894184828 -0.2572729886 0.3778165579
v 40.51960754 51.76356125 1102.286743
vn -0.9070708156 -0.06488000602 0.4159484208
v 40.53860474 51.97360992 1102.310425
vn -0.8889347315 0.1332988888 0.4382082522
v 40.59631729 52.17961502 1102.315308
vn -0.8342701793 0.3284751177 0.4428288639
v 40.69024277 52.37108612 1102.300781
vn -0.7460497022 0.5089222789 0.4294274747
v 40.8135376 52.53701782 1102.268677
vn -0.630372107 0.6656237245 0.3994697034
v 40.9565506 52.67018509 1102.222168
vn -0.4957547486 0.7921813726 0.3559155762
v 41.1089325 52.76792145 1102.165771
vn -0.3419028223 0.8909145594 0.2989543974
v 41.28401184 52.83851242 1102.094482
vn -0.1778890043 0.956279099 0.2321330905
v 41.47105789 52.87246323 1102.011963
vn -0.0001715475373 0.9881225228 0.1536678374
v 41.66262817 52.86539078 1101.920898
vn 0.1807042062 0.9812045693 0.06770213693
v 41.8479538 52.81569672 1101.82605
vn 0.356177479 0.9341604114 -0.02195327543
v 42.01758575 52.72543716 1101.732422
vn 0.5160661936 0.8494358659 -0.1101561636
v 42.16184998 52.60137939 1101.645508
vn 0.6524593234 0.7330328822 -0.1922487915
v 42.27474594 52.45360184 1101.56958
vn 0.759742856 0.5941401124 -0.2641747892
v 42.92322922 51.93469238 1102.567383
vn 0.8943299651 0.2549167871 -0.3676837087
v 42.86943817 52.12173462 1102.620483
vn 0.8447162509 0.4302923679 -0.3182812631
v 42.94245529 51.73224258 1102.52771
vn 0.9121013284 0.0624272339 -0.4051838815
v 42.92354965 51.52222824 1102.504272
vn 0.8938886523 -0.1358359456 -0.4272138178
v 42.86573029 51.31633377 1102.499146
vn 0.8389922976 -0.3307981789 -0.4320469201
v 42.77150345 51.12502289 1102.512817
vn 0.7503610253 -0.5110324025 -0.4192901254
v 42.64774323 50.95930099 1102.543945
vn 0.6340199113 -0.6676009297 -0.3902918994
v 42.50413513 50.82639694 1102.589111
vn 0.4988540113 -0.7937261462 -0.3480567038
v 42.35108566 50.72891235 1102.643921
vn 0.3442563415 -0.8920999169 -0.2926522493
v 42.17520142 50.658638 1102.713257
vn 0.1793516725 -0.9570975304 -0.2275901735
v 41.98725891 50.62500763 1102.793823
vn 0.000636226905 -0.9885203242 -0.1510867774
v 41.79473495 50.63241577 1102.88269
vn -0.181139797 -0.9811552763 -0.06725111604
v 41.60845184 50.68243027 1102.97522
vn -0.3575663269 -0.9336673021 0.02028958127
v 41.43790436 50.77298355 1103.06665
vn -0.5183116794 -0.8485397696 0.1064580083
v 41.29281998 50.89729691 1103.151855
vn -0.6554281712 -0.7318122983 0.186720714
v 41.17923355 51.04526901 1103.226196
vn -0.7633847594 -0.5925503373 0.257153213
v 41.09892654 51.20573807 1103.287231
vn -0.8445124626 -0.4303487837 0.3187454343
v 41.0451355 51.39277267 1103.340332
vn -0.8940929174 -0.255117923 0.3681205213
v 41.02591324 51.59522247 1103.380005
vn -0.9118902087 -0.06257399172 0.4056362212
v 41.04481888 51.80524063 1103.403442
vn -0.8936876655 0.1357025355 0.4276764393
v 41.10263824 52.01113129 1103.408569
vn -0.8388049603 0.3306548595 0.4325201213
v 41.19686508 52.2024498 1103.394897
vn -0.7501327395 0.510997951 0.4197404385
v 41.32062531 52.36816406 1103.36377
vn -0.6338225007 0.6675181389 0.3907538354
v 41.4642334 52.50107574 1103.318726
vn -0.4986041784 0.7936816812 0.3485158086
v 41.61727905 52.59854507 1103.263794
vn -0.3439352214 0.8920834064 0.2930798531
v 41.79316711 52.66882706 1103.194458
vn -0.1790540963 0.9570521712 0.2280148864
v 41.98110962 52.70245743 1103.113892
vn -0.0003624377423 0.9884547591 0.1515159309
v 42.17363358 52.6950531 1103.025146
vn 0.1814549118 0.9810689092 0.06766052544
v 42.35991669 52.64503479 1102.932617
vn 0.3578941226 0.9335502386 -0.01989249513
v 42.53046417 52.55448151 1102.841064
vn 0.5186327696 0.8483931422 -0.1060617939
v 42.67554855 52.43016815 1102.755981
vn 0.6557667851 0.7316064835 -0.1863380224
v 42.78913498 52.28219986 1102.681641
vn 0.7636274099 0.5924258828 -0.256719172
v 43.43323517 51.76214218 1103.707764
vn 0.899571836 0.2530950606 -0.3559683263
v 43.37891388 51.9493103 1103.759644
vn 0.8494656086 0.4286302924 -0.307708025
v 43.45280838 51.55963898 1103.668945
vn 0.91766572 0.06046564132 -0.3927257955
v 43.43403625 51.34963989 1103.645752
vn 0.8995624781 -0.137801528 -0.414485395
v 43.37611771 51.14384842 1103.640381
vn 0.8445439935 -0.3327216208 -0.4195733666
v 43.28156662 50.9527092 1103.65332
vn 0.7555657625 -0.5128415823 -0.4075706601
v 43.15727615 50.78723526 1103.683105
vn 0.6387216449 -0.6691747904 -0.3797890842
v 43.01298904 50.65461349 1103.726562
vn 0.5028190017 -0.7951001525 -0.3390999436
v 42.85916138 50.55744553 1103.779541
vn 0.3473580778 -0.8931990862 -0.2855482101
v 42.6823349 50.48752213 1103.84668
vn 0.1815523058 -0.9578529596 -0.2226127535
v 42.49333954 50.45427704 1103.924683
vn 0.001776997698 -0.988910079 -0.1485048831
v 42.29968262 50.46208572 1104.010864
vn -0.1811490506 -0.981156826 -0.06720364839
v 42.1122551 50.5124855 1104.100708
vn -0.3587097526 -0.9332800508 0.01776855625
v 41.94060898 50.60340881 1104.189697
vn -0.5205520391 -0.8477758765 0.1014971882
v 41.79453659 50.72802734 1104.272461
vn -0.6586648822 -0.7306938767 0.1795745492
v 41.68011856 50.87624359 1104.344849
vn -0.7674042583 -0.5911978483 0.2481446713
v 41.59915924 51.03689957 1104.404419
vn -0.8492398858 -0.4287374318 0.3081815243
v 41.54483795 51.22405624 1104.456177
vn -0.8993349075 -0.2532934546 0.3564254642
v 41.52526474 51.42656326 1104.495117
vn -0.9174510241 -0.06075125188 0.3931829929
v 41.54404068 51.63655853 1104.518311
vn -0.8993663192 0.1376516819 0.4149605334
v 41.60195541 51.84235382 1104.523682
vn -0.844340384 0.3326370716 0.420049876
v 41.6965065 52.03349304 1104.510742
vn -0.7553784847 0.5127289891 0.4080591798
v 41.82079697 52.19896698 1104.480957
vn -0.6384215355 0.6692088842 0.3802333772
v 41.96508408 52.33158875 1104.437378
vn -0.5025809407 0.7950560451 0.3395560682
v 42.11891174 52.42876434 1104.384399
vn -0.3470605314 0.8931774497 0.285977304
v 42.29574203 52.49868011 1104.317261
vn -0.1812481284 0.9578105807 0.2230427116
v 42.4847374 52.5319252 1104.239258
vn -0.001438461593 0.9888491631 0.1489134431
v 42.6783905 52.52411652 1104.153076
vn 0.1814906299 0.9810658097 0.06760928035
v 42.86581802 52.47371292 1104.063354
vn 0.3590747714 0.9331470728 -0.01737383008
v 43.03746414 52.38279343 1103.974365
vn 0.5208905339 0.8476163149 -0.1010923013
v 43.18354034 52.2581749 1103.891602
vn 0.6589852571 0.7305066586 -0.1791603416
v 43.29795456 52.10995865 1103.819214
vn 0.7676947713 0.5910003185 -0.2477164119
v 43.93570328 51.58916473 1104.879395
vn 0.9053502679 0.251845777 -0.3419278264
v 43.88073349 51.77649307 1104.929688
vn 0.8545489311 0.4274110496 -0.2950694263
v 43.95571136 51.38655853 1104.841553
vn 0.9239926338 0.05908451974 -0.3778182864
v 43.93711853 51.17657089 1104.818848
vn 0.9061897993 -0.1392560452 -0.3992841244
v 43.87911224 50.97088242 1104.813232
vn 0.8512323499 -0.3341262639 -0.4046765864
v 43.78419876 50.77993393 1104.825195
vn 0.7620092034 -0.5142200589 -0.3935983479
v 43.65930557 50.61474228 1104.853516
vn 0.6446651816 -0.6704687476 -0.3672580123
v 43.51423264 50.48244095 1104.89502
vn 0.5080928802 -0.7962329388 -0.3284125328
v 43.35950089 50.38563156 1104.945801
vn 0.3516960144 -0.8941652775 -0.277089119
v 43.18157196 50.31613159 1105.010254
vn 0.1849141717 -0.9585635662 -0.2167086303
v 42.99133682 50.28334427 1105.085205
vn 0.003987669945 -0.9893536568 -0.145476684
v 42.79635239 50.29162598 1105.168091
vn -0.1802256256 -0.981326282 -0.06721243262
v 42.60757065 50.34250259 1105.254517
vn -0.3591504395 -0.9331639409 0.01469830982
v 42.4346199 50.43385696 1105.340332
vn -0.5223088264 -0.8473907709 0.09551125765
v 42.28736496 50.55886459 1105.420166
vn -0.6617104411 -0.7299989462 0.1709994078
v 42.17194748 50.70738983 1105.490112
vn -0.7715229392 -0.5902622938 0.237366423
v 42.09019852 50.86827087 1105.547729
vn -0.8542650938 -0.4276599586 0.2955302
v 42.03523254 51.0555954 1105.598022
vn -0.9051167965 -0.2520002723 0.3424316645
v 42.01522446 51.2582016 1105.635864
vn -0.9237716198 -0.05940223858 0.3783085346
v 42.03381729 51.46818542 1105.658691
vn -0.9060008526 0.1390093267 0.3997985721
v 42.09182358 51.67388153 1105.664307
vn -0.8510103226 0.3340600431 0.4051978588
v 42.18673325 51.86481857 1105.652222
vn -0.7618020773 0.5141295791 0.3941172361
v 42.31162643 52.03002167 1105.624023
vn -0.6444501877 0.670396328 0.3677672148
v 42.45670319 52.16231918 1105.582397
vn -0.5077933073 0.7962342501 0.3288722634
v 42.61143112 52.25912857 1105.531738
vn -0.3514718115 0.8941065073 0.2775627971
v 42.78936386 52.32863235 1105.467285
vn -0.1845915765 0.9585279822 0.2171405554
v 42.979599 52.36141968 1105.392334
vn -0.00362908328 0.9892937541 0.1458926052
v 43.17458344 52.35313416 1105.309448
vn 0.1806161553 0.9812271595 0.06760945916
v 43.36336136 52.30226135 1105.2229
vn 0.3595413864 0.9330195189 -0.01430313475
v 43.5363121 52.21090317 1105.137207
vn 0.5226997733 0.847194314 -0.09511422366
v 43.68356705 52.08589554 1105.057373
vn 0.6620326042 0.729809761 -0.1705594361
v 43.79898453 51.9373703 1104.987305
vn 0.7718042731 0.5900840163 -0.2368945479
v 44.40338516 51.42499161 1106.026978
vn 0.9123503566 0.2486217171 -0.3252753913
v 44.34767914 51.61252975 1106.075317
vn 0.8609544039 0.4245514274 -0.2802027464
v 44.42389297 51.22227478 1105.990356
vn 0.9313316941 0.05574989691 -0.3598795235
v 44.40552902 51.01226807 1105.96814
vn 0.9135800004 -0.1427166909 -0.3807932734
v 44.34744263 50.80667877 1105.96228
vn 0.8583555222 -0.3375466466 -0.3863781691
v 44.25214386 50.61594391 1105.973267
vn 0.7686088085 -0.5173918009 -0.3762262464
v 44.12659836 50.45103836 1105.999878
vn 0.6504614353 -0.6733244061 -0.3514742553
v 43.9806633 50.31909561 1106.039185
vn 0.512999773 -0.7986018658 -0.3147479892
v 43.8249321 50.22267914 1106.08728
vn 0.3555095792 -0.8960098624 -0.2660437524
v 43.64578247 50.15364838 1106.14856
vn 0.1873573512 -0.9598788619 -0.2086379677
v 43.45417404 50.12137985 1106.219971
vn 0.005005067214 -0.9900218248 -0.1408252567
v 43.25770569 50.13019943 1106.299072
vn -0.180709213 -0.9813049436 -0.06621804833
v 43.06741714 50.18161011 1106.381714
vn -0.3611110747 -0.9324462414 0.01195037179
v 42.89300537 50.27347183 1106.463623
vn -0.5256581306 -0.846010983 0.08915689588
v 42.74442673 50.39891815 1106.540161
vn -0.666249752 -0.7280661464 0.1613409072
v 42.6278801 50.54780579 1106.607178
vn -0.7770841122 -0.5878432393 0.2249013931
v 42.54523849 50.70895767 1106.662598
vn -0.8606427908 -0.424885273 0.2806537747
v 42.48952866 50.89649582 1106.71106
vn -0.91211164 -0.2488514781 0.3257687986
v 42.46902084 51.09920502 1106.747559
vn -0.9311195612 -0.05590968207 0.3604031503
v 42.48738861 51.30920792 1106.769775
vn -0.9133936763 0.1424928904 0.381323725
v 42.54547501 51.51480484 1106.775635
vn -0.8581712246 0.3374033272 0.3869122863
v 42.64076996 51.70554352 1106.764648
vn -0.7683945894 0.5173356533 0.3767406642
v 42.76631546 51.87044907 1106.738037
vn -0.6503291726 0.6731746793 0.3520054519
v 42.91225433 52.00239182 1106.698853
vn -0.5127162933 0.798593998 0.3152294755
v 43.06798172 52.09879684 1106.650635
vn -0.3551793993 0.8960055709 0.2664987445
v 43.24713135 52.16783524 1106.589355
vn -0.1870324314 0.9598459005 0.2090807557
v 43.43874359 52.20010376 1106.517944
vn -0.004608742427 0.9899655581 0.1412335336
v 43.63521194 52.19128418 1106.438843
vn 0.1811108291 0.9812034965 0.06662296504
v 43.82550049 52.13986969 1106.356323
vn 0.3615273833 0.9322898984 -0.01155354269
v 43.99991226 52.04801559 1106.274292
vn 0.5260583758 0.8458049297 -0.08875021338
v 44.14849091 51.92256546 1106.197754
vn 0.6666247249 0.7278152704 -0.1609235257
v 44.26503372 51.77367401 1106.130737
vn 0.7773777843 0.5876334906 -0.2244341075
v 44.85604858 51.26244736 1107.209595
vn 0.9199904799 0.246071741 -0.3050674796
v 44.79946899 51.4502449 1107.255615
vn 0.8677274585 0.4223047495 -0.2621216774
v 44.8771553 51.05958176 1107.174561
vn 0.939578712 0.05299088359 -0.3382067084
v 44.85906601 50.84954834 1107.153076
vn 0.9221228361 -0.14554362 -0.3584780097
v 44.80090332 50.6440506 1107.146973
vn 0.8668552637 -0.340329051 -0.3643324077
v 44.70517731 50.4535408 1107.156738
vn 0.7766996026 -0.5200586319 -0.3553544283
v 44.57889175 50.28896332 1107.181274
vn 0.6578609943 -0.6757314801 -0.3325746655
v 44.43196487 50.157444 1107.217896
vn 0.5193443894 -0.8007679582 -0.2984160185
v 44.27509308 50.06149292 1107.262939
vn 0.3607490957 -0.8977259398 -0.2528799772
v 44.09453583 49.99300003 1107.320312
vn 0.1912848204 -0.9611238837 -0.1991256177
v 43.90133667 49.96133041 1107.387451
vn 0.007327263709 -0.9907566905 -0.1354527324
v 43.7031517 49.97079086 1107.461792
vn -0.1800472885 -0.9814890027 -0.06528627127
v 43.51111221 50.02283859 1107.539673
vn -0.3621955812 -0.9320645332 0.008369629271
v 43.3350029 50.11529541 1107.617065
vn -0.5284280181 -0.8450818062 0.08124386519
v 43.18487549 50.24127197 1107.689331
vn -0.6705419421 -0.7266536355 0.1494925469
v 43.0670166 50.3905983 1107.75293
vn -0.7827059031 -0.5859968662 0.2097120881
v 42.98332214 50.55208206 1107.80542
vn -0.8674296141 -0.4226089418 0.2626167238
v 42.92674255 50.73988342 1107.851562
vn -0.9197275043 -0.2464211434 0.3055781126
v 42.90563583 50.94274521 1107.886475
vn -0.9393751621 -0.05317627639 0.3387426138
v 42.92372513 51.15277863 1107.907959
vn -0.9219456315 0.145314008 0.3590266705
v 42.98188782 51.35826874 1107.914062
vn -0.8666895032 0.3401601911 0.3648840785
v 43.07761383 51.54878235 1107.904297
vn -0.7765221 0.519955337 0.3558931351
v 43.20389938 51.71335602 1107.879761
vn -0.6576997638 0.6756265163 0.333106339
v 43.35082626 51.84488297 1107.843262
vn -0.5191774964 0.8006823063 0.2989358008
v 43.50770187 51.94083405 1107.798218
vn -0.3603866398 0.8977395296 0.2533479929
v 43.68825531 52.00932693 1107.740723
vn -0.1909213662 0.9611024857 0.1995771229
v 43.88145447 52.04098892 1107.673706
vn -0.006910128519 0.9907026291 0.1358694434
v 44.07963943 52.03153229 1107.599243
vn 0.1805127859 0.9813771248 0.06568168104
v 44.27167892 51.97948837 1107.521362
vn 0.3626568019 0.9318886995 -0.007971993648
v 44.44779205 51.88703156 1107.44397
vn 0.5288675427 0.8448463678 -0.0808314234
v 44.59791565 51.76105499 1107.371704
vn 0.6709676981 0.7263476253 -0.1490687877
v 44.71577454 51.61172867 1107.308228
vn 0.7830506563 0.5857024193 -0.2092469931
v 45.28093338 51.10546112 1108.413574
vn 0.9288689494 0.2427498996 -0.2797766626
v 45.2233429 51.29357529 1108.456665
vn 0.8756331205 0.4193661511 -0.2395802736
v 45.30273819 50.90239716 1108.380493
vn 0.9491277933 0.04947014898 -0.3109810054
v 45.28498077 50.69231796 1108.359985
vn 0.9319610596 -0.1492500603 -0.3304134309
v 45.22674942 50.48691559 1108.353638
vn 0.8766053319 -0.3439613283 -0.3365318775
v 45.13055038 50.29665756 1108.361938
vn 0.7859634757 -0.5234953165 -0.3289591372
v 45.0034256 50.13246155 1108.384033
vn 0.66629529 -0.6788383126 -0.3085922599
v 44.85538101 50.00141144 1108.417236
vn 0.5266871452 -0.8034402132 -0.2776408792
v 44.69720459 49.90598679 1108.458496
vn 0.3666125536 -0.8999329805 -0.2360421568
v 44.51504898 49.83813858 1108.51123
vn 0.1956315637 -0.9627123475 -0.1868506819
v 44.32003784 49.8071785 1108.572876
vn 0.009875497781 -0.9916763902 -0.1283761412
v 44.11989212 49.81737518 1108.641602
vn -0.1794678122 -0.981695056 -0.06376580894
v 43.9258461 49.87016678 1108.713501
vn -0.3635947704 -0.9315477014 0.004211976193
v 43.74778748 49.96333313 1108.785156
vn -0.5317494869 -0.8438675404 0.07162438333
v 43.59589005 50.08994293 1108.852295
vn -0.6756278872 -0.7247938514 0.1349106431
v 43.47651291 50.23979187 1108.911377
vn -0.7892765403 -0.5836123228 0.1908906251
v 43.39160919 50.40167999 1108.960449
vn -0.8753082156 -0.4197140038 0.2401576042
v 43.33402252 50.58979797 1109.00354
vn -0.928565383 -0.2432162613 0.2803786397
v 43.3122139 50.79285812 1109.036621
vn -0.9488956928 -0.04979728162 0.3116363287
v 43.32997131 51.00293732 1109.057129
vn -0.9317784905 0.1489346474 0.3310699463
v 43.38820648 51.20833969 1109.063477
vn -0.8764523268 0.3436962962 0.337200582
v 43.4844017 51.39859772 1109.055176
vn -0.7857920527 0.523347199 0.3296036124
v 43.61152649 51.56279373 1109.033081
vn -0.6660929918 0.678755939 0.3092094362
v 43.75957108 51.69384384 1108.999878
vn -0.5264656544 0.8033841252 0.2782227099
v 43.9177475 51.78926849 1108.958618
vn -0.3662936985 0.8999278545 0.2365560532
v 44.09990311 51.8571167 1108.905884
vn -0.1952542812 0.9626965523 0.187326178
v 44.29491425 51.88807678 1108.844238
vn -0.009415426292 0.9916260839 0.1287986338
v 44.49506378 51.87788391 1108.775513
vn 0.1799775362 0.9815759659 0.0641612187
v 44.6891098 51.8250885 1108.703613
vn 0.3641257882 0.9313419461 -0.003817575285
v 44.86716461 51.73192215 1108.631958
vn 0.5322619677 0.8435799479 -0.07120474428
v 45.01906586 51.60531235 1108.564819
vn 0.6760976911 0.7244409919 -0.1344515085
v 45.13844299 51.45546341 1108.505737
vn 0.7896896005 0.583219409 -0.1903825402
v 45.66978073 50.95615387 1109.642456
vn 0.9389347434 0.2384571582 -0.2480719537
v 45.61101913 51.14466095 1109.681885
vn 0.8846726418 0.4155314863 -0.2113950402
v 45.69240189 50.75284576 1109.612183
vn 0.9598824978 0.04482337832 -0.2767967284
v 45.6750412 50.54268265 1109.592773
vn 0.9430013895 -0.1539257765 -0.2950511873
v 45.61674118 50.33738708 1109.586182
vn 0.8874396086 -0.3486730754 -0.3014598787
v 45.5200119 50.14740753 1109.592773
vn 0.7962071896 -0.5279039741 -0.2955867052
v 45.39194107 49.98365021 1109.611694
vn 0.6755293608 -0.6828377247 -0.2781955898
v 45.24262238 49.8531456 1109.640747
vn 0.5346916914 -0.8068419695 -0.251218766
v 45.08295822 49.75834656 1109.677002
vn 0.3730392456 -0.9026718736 -0.2145348638
v 44.89896774 49.69124985 1109.723633
vn 0.2001830339 -0.9647150636 -0.1710311323
v 44.70187378 49.66111755 1109.778564
vn 0.01236633118 -0.992808342 -0.1190744042
v 44.49947357 49.67220688 1109.839722
vn -0.1791805774 -0.9818946123 -0.06145935133
v 44.30312347 49.72589111 1109.904175
vn -0.3655588627 -0.9307879806 -0.0006465209299
v 44.12282181 49.81991577 1109.968506
vn -0.5358492732 -0.842189908 0.05984701589
v 43.96887589 49.9472847 1110.028931
vn -0.681655407 -0.7222867012 0.1168237254
v 43.8477478 50.09777832 1110.082397
vn -0.7969408035 -0.5803985596 0.1674002707
v 43.76144409 50.26016235 1110.126831
vn -0.8843526244 -0.415907383 0.2119939774
v 43.7026825 50.44867706 1110.166138
vn -0.93866539 -0.2388641685 0.2486989349
v 43.68006134 50.65198517 1110.196533
vn -0.9596710205 -0.04520072788 0.2774678767
v 43.69742203 50.86214066 1110.21582
vn -0.9428227544 0.1536894888 0.2957445383
v 43.75572205 51.06743622 1110.222412
vn -0.8873046041 0.3484332263 0.3021338284
v 43.85245132 51.25741959 1110.215942
vn -0.7960568666 0.527761817 0.2962447107
v 43.98052597 51.4211731 1110.197021
vn -0.6752998233 0.6828178763 0.2788008749
v 44.12984467 51.5516777 1110.167969
vn -0.5344124436 0.8068478107 0.2517934144
v 44.28950882 51.64647675 1110.131714
vn -0.3726685941 0.9027029276 0.2150477469
v 44.47349548 51.71357346 1110.084961
vn -0.1997394413 0.9647264481 0.1714846492
v 44.67058945 51.74370575 1110.030151
vn -0.01185970102 0.9927636981 0.1194972247
v 44.87298965 51.73261642 1109.968872
vn 0.1797761768 0.9817612171 0.06184993312
v 45.06934357 51.67893219 1109.904419
vn 0.3661418855 0.9305584431 0.001050706138
v 45.24964142 51.58491135 1109.840088
vn 0.5364138484 0.8418607712 -0.05941928923
v 45.40358734 51.4575386 1109.779663
vn 0.682148397 0.7218984365 -0.1163452864
v 45.52471542 51.30705261 1109.726318
vn 0.7973626852 0.5799713135 -0.1668712348
v 46.02200699 50.8133316 1110.933472
vn 0.9485321641 0.2358816266 -0.2112974823
v 45.96198654 51.00229263 1110.96814
vn 0.8929489255 0.4131810665 -0.1786718071
v 46.04551315 50.60972977 1110.906372
vn 0.9705455303 0.04192670062 -0.2372413725
v 46.02858734 50.39946747 1110.888672
vn 0.9543287754 -0.1569331884 -0.2542215288
v 45.97022629 50.19428635 1110.881714
vn 0.8989979029 -0.3516854048 -0.2609983683
v 45.87294006 50.00460815 1110.886108
vn 0.8074858785 -0.5308841467 -0.2571547329
v 45.74385834 49.8413353 1110.901123
vn 0.6860772371 -0.685659945 -0.2432456315
v 45.59318542 49.71144485 1110.925049
vn 0.5440816283 -0.8094348907 -0.2208854854
v 45.43193817 49.61734772 1110.955322
vn 0.3809979856 -0.9048558474 -0.1899380535
v 45.24599457 49.55108643 1110.994629
vn 0.2065390795 -0.9663968086 -0.1530321985
v 45.04668045 49.52189636 1111.041016
vn 0.01674388722 -0.9939407706 -0.1086343452
v 44.84187317 49.53398132 1111.093262
vn -0.1770068407 -0.9824321866 -0.05912356824
v 44.64305496 49.58867264 1111.148315
vn -0.3657037914 -0.9307079315 -0.006596971769
v 44.46035385 49.6836586 1111.203613
vn -0.5383241773 -0.8414862156 0.04591315612
v 44.30421448 49.81190109 1111.255859
vn -0.6863493323 -0.7209582329 0.0956235528
v 44.18120956 49.96310806 1111.302124
vn -0.8036009073 -0.5784702301 0.1399919689
v 44.09339905 50.12606049 1111.340942
vn -0.8926618099 -0.4135569334 0.1792361289
v 44.0333786 50.31502533 1111.37561
vn -0.9483269453 -0.2361762822 0.2118885517
v 44.00987625 50.51862335 1111.40271
vn -0.9703896046 -0.04222114384 0.2378264368
v 44.02680206 50.72888565 1111.42041
vn -0.9541980624 0.1567726135 0.2548105419
v 44.0851593 50.9340744 1111.427368
vn -0.8988607526 0.3516115546 0.2615695596
v 44.18244934 51.12374878 1111.422974
vn -0.8073180318 0.5308742523 0.257701546
v 44.31152725 51.28702545 1111.407959
vn -0.6858244538 0.6857305169 0.2437591702
v 44.46220016 51.41690826 1111.384033
vn -0.5437650084 0.8095149994 0.2213709205
v 44.62345123 51.5110054 1111.35376
vn -0.3806381524 0.9049094915 0.1904032528
v 44.80939484 51.57726669 1111.314575
vn -0.2060450166 0.9664333463 0.153466627
v 45.00870514 51.60645676 1111.268066
vn -0.01617496647 0.9939047694 0.1090487912
v 45.21351242 51.5943718 1111.215942
vn 0.1776330024 0.9822944999 0.05953220651
v 45.41233444 51.53968048 1111.160767
vn 0.3663130105 0.9304651618 0.007025140338
v 45.59503174 51.44469452 1111.105469
vn 0.5388876796 0.8411501646 -0.04545849189
v 45.75117111 51.31645203 1111.053345
vn 0.6868081689 0.7205867767 -0.09512759
v 45.87417603 51.16524506 1111.006958
vn 0.8039496541 0.5781155229 -0.1394537687
v 46.30077744 50.69119263 1112.173706
vn 0.958141923 0.2304627895 -0.1698556393
v 46.23968887 50.88056564 1112.203491
vn 0.901711762 0.4083636403 -0.1419685781
v 46.32503128 50.48733902 1112.149902
vn 0.9806492329 0.03618534654 -0.192399919
v 46.30847931 50.27698517 1112.133789
vn 0.96452564 -0.1628938913 -0.2077398151
v 46.25007629 50.07189178 1112.126587
vn 0.9088683724 -0.3575505316 -0.2147462219
v 46.15232468 49.88249969 1112.128784
vn 0.8166433573 -0.5364004374 -0.2129981518
v 46.02240753 49.7196579 1112.139893
vn 0.6942067742 -0.6905899644 -0.2028852403
v 45.87059784 49.59033585 1112.158569
vn 0.5509459376 -0.8136256337 -0.185666129
v 45.70801926 49.49687195 1112.182617
vn 0.3862864673 -0.9081885815 -0.1611714214
v 45.52043533 49.43138504 1112.214355
vn 0.2099647373 -0.9688031673 -0.131663233
v 45.31925583 49.40304565 1112.252319
vn 0.01823465154 -0.995234549 -0.09578956664
v 45.11242676 49.41604233 1112.295044
vn -0.1775816828 -0.982542038 -0.05546098948
v 44.91153336 49.47164536 1112.340698
vn -0.3683408201 -0.9296085238 -0.01237218734
v 44.72681046 49.56751251 1112.386719
vn -0.5428807735 -0.8392376304 0.03099460714
v 44.56882477 49.69654083 1112.43042
vn -0.6925789714 -0.7177069783 0.07232628018
v 44.44423676 49.84841156 1112.469604
vn -0.8112229109 -0.5743966103 0.1094801053
v 44.35515594 50.01187515 1112.502563
vn -0.9014512897 -0.4087341726 0.1425550729
v 44.29406738 50.2012558 1112.532471
vn -0.9579556584 -0.2307801098 0.1704742014
v 44.26981354 50.40510941 1112.556152
vn -0.9805166125 -0.03639063612 0.1930360347
v 44.28636551 50.61546707 1112.572266
vn -0.9644148946 0.1627563685 0.2083608508
v 44.34476852 50.82055664 1112.579468
vn -0.9087429643 0.3575133085 0.2153379768
v 44.44252014 51.00995255 1112.577271
vn -0.8164583445 0.5364567041 0.2135650516
v 44.57243729 51.1727829 1112.566162
vn -0.693949163 0.6906915307 0.2034203261
v 44.72424698 51.30211258 1112.547485
vn -0.5506225228 0.8137294054 0.1861699224
v 44.88682556 51.39557648 1112.523438
vn -0.3858767152 0.9082791805 0.1616420001
v 45.07440948 51.4610672 1112.491699
vn -0.2094983608 0.968842566 0.1321155578
v 45.27558899 51.48940277 1112.453857
vn -0.0176372081 0.9952030182 0.09622844309
v 45.48241806 51.4764061 1112.411011
vn 0.178225264 0.9824006557 0.05589932203
v 45.68331146 51.42079544 1112.365356
vn 0.3689485192 0.9293612242 0.01283305418
v 45.86803436 51.32493591 1112.319336
vn 0.5434202552 0.8389065266 -0.0305004511
v 46.02602005 51.19590759 1112.275635
vn 0.6930270195 0.717327714 -0.07179466635
v 46.15060806 51.04402924 1112.23645
vn 0.8115444183 0.5740511417 -0.1089078411
v 46.52829361 50.58000183 1113.465576
vn 0.9654209614 0.2272771895 -0.1277007163
v 46.46631241 50.7697525 1113.490112
vn 0.9080548882 0.4055880904 -0.1045685336
v 46.55318069 50.37590027 1113.445557
vn 0.9886134267 0.03273720294 -0.14687334
v 46.53694534 50.16546631 1113.431274
vn 0.9728883505 -0.1664387286 -0.1605814844
v 46.47851562 49.96047592 1113.423706
vn 0.9173025489 -0.3610767126 -0.1678678989
v 46.38039017 49.77134705 1113.423584
vn 0.8247826695 -0.5398176312 -0.1683166474
v 46.24977875 49.60892105 1113.430542
vn 0.7017614841 -0.6937236786 -0.1621056199
v 46.09703064 49.48013687 1113.443481
vn 0.5576236844 -0.8164037466 -0.1501359046
v 45.93334961 49.38726807 1113.460938
vn 0.3918331861 -0.9104861617 -0.1322185546
v 45.74440384 49.32249451 1113.484497
vn 0.2142722309 -0.9705311656 -0.1102574468
v 45.54167557 49.29495621 1113.513184
vn 0.02097251266 -0.9963238835 -0.08305957168
v 45.3331604 49.308815 1113.546021
vn -0.1764522344 -0.9829312563 -0.05206469819
v 45.13053894 49.36528015 1113.581299
vn -0.3689295352 -0.929272294 -0.01854661107
v 44.94412994 49.46197128 1113.617432
vn -0.5451629758 -0.8381856084 0.01556450222
v 44.78460312 49.59172821 1113.6521
vn -0.6964458227 -0.7159729004 0.04843541235
v 44.65869141 49.74421692 1113.68335
vn -0.8164391518 -0.5720949769 0.07832255214
v 44.5685463 49.90816116 1113.710205
vn -0.9078382254 -0.4059129357 0.1051878482
v 44.50656128 50.09791946 1113.734741
vn -0.9652639031 -0.2275887579 0.1283315867
v 44.48167419 50.3020134 1113.754761
vn -0.98851192 -0.03292961791 0.1475120932
v 44.49790955 50.51244354 1113.769043
vn -0.9727998972 0.1663385034 0.1612198651
v 44.55634308 50.71743774 1113.776611
vn -0.9171851873 0.3610852659 0.1684897542
v 44.65446854 50.90657043 1113.776733
vn -0.8246155381 0.5398896337 0.1689036638
v 44.78507614 51.0689888 1113.769775
vn -0.7014937997 0.6938650012 0.1626586765
v 44.93782425 51.19777679 1113.756836
vn -0.5573037267 0.8165252805 0.1506620497
v 45.10150528 51.2906456 1113.73938
vn -0.3914289474 0.9105866551 0.1327227354
v 45.29045105 51.35541916 1113.71582
vn -0.2137596607 0.9705892205 0.1107401848
v 45.49317932 51.38295364 1113.687134
vn -0.02040319331 0.9962962866 0.08353083581
v 45.7016983 51.36910629 1113.654297
vn 0.1770808548 0.9827927947 0.05254189298
v 45.90431976 51.3126297 1113.619019
vn 0.3695307076 0.929023385 0.01904336922
v 46.09072495 51.21595001 1113.582886
vn 0.5456805825 0.8378583789 -0.01503377408
v 46.25025558 51.08618546 1113.548218
vn 0.6968567371 0.7156111598 -0.04786840826
v 46.3761673 50.93370438 1113.516968
vn 0.8167402744 0.5717470646 -0.07772126049
v 46.69408798 50.48428726 1114.768921
vn 0.9709932208 0.2237833887 -0.08422078937
v 46.63144684 50.67436218 1114.788086
vn 0.9130334854 0.4024977386 -0.06607121229
v 46.71944046 50.27998352 1114.752563
vn 0.9945810437 0.02895770967 -0.09984982014
v 46.70344543 50.06949615 1114.740112
vn 0.979013145 -0.1703763455 -0.1118265763
v 46.64500427 49.86458588 1114.732422
vn 0.9233432412 -0.3649586737 -0.1193417907
v 46.5466156 49.67569733 1114.72998
vn 0.8305003047 -0.5434963703 -0.1219873577
v 46.41551208 49.51364517 1114.732666
vn 0.7069421411 -0.6970607042 -0.1197465286
v 46.26209259 49.38531494 1114.739868
vn 0.5621109009 -0.8192853332 -0.1131499335
v 46.0976181 49.29298401 1114.75061
vn 0.3953782022 -0.9128370881 -0.1020027101
v 45.90768814 49.22883606 1114.765991
vn 0.2168277949 -0.9722529054 -0.08780629933
v 45.70383835 49.20199203 1114.785156
vn 0.02239174582 -0.9973264933 -0.06955941767
v 45.49409866 49.21658707 1114.807861
vn -0.1763064116 -0.9831541181 -0.04820874333
v 45.29022217 49.27380753 1114.832642
vn -0.3700198531 -0.9286979437 -0.02460498922
v 45.10258865 49.37119675 1114.858643
vn -0.5474528074 -0.8368365765 -0.000100394871
v 44.94194031 49.50159454 1114.883911
vn -0.6998093724 -0.7139273882 0.0239679683
v 44.81505966 49.65460968 1114.907227
vn -0.8207225204 -0.5694493651 0.0462811403
v 44.72413635 49.8189621 1114.927734
vn -0.9128656983 -0.4027801156 0.06666621566
v 44.66149521 50.00904465 1114.946899
vn -0.9708862305 -0.2240240872 0.08481249213
v 44.63614273 50.21334076 1114.963257
vn -0.9945177436 -0.02912304923 0.1004304439
v 44.65213776 50.42383575 1114.975708
vn -0.9789587259 0.1703191251 0.1123888269
v 44.71057892 50.6287384 1114.983398
vn -0.9232512116 0.3650141358 0.1198828742
v 44.80896759 50.81763458 1114.98584
vn -0.8303588033 0.5435957909 0.1225067452
v 44.94007111 50.97968674 1114.983276
vn -0.7066881061 0.6972313523 0.1202514991
v 45.0934906 51.10800934 1114.975952
vn -0.5617728233 0.8194483519 0.1136475205
v 45.25796509 51.2003479 1114.96521
vn -0.3949892223 0.9129500389 0.1024974957
v 45.44789505 51.26449203 1114.949829
vn -0.2163156867 0.9723221064 0.08830181509
v 45.65174866 51.29133224 1114.930664
vn -0.02181929164 0.9973040223 0.07006136328
v 45.86148453 51.27673721 1114.907959
vn 0.1768998802 0.9830221534 0.04872222245
v 46.06536102 51.21952438 1114.883179
vn 0.37058869 0.9284567833 0.02513958886
v 46.25299454 51.12212753 1114.857178
vn 0.5479278564 0.836525321 0.0006587725366
v 46.4136467 50.99172974 1114.831909
vn 0.7001770139 0.7135860324 -0.02339047566
v 46.54052353 50.83872223 1114.808594
vn 0.8209754825 0.5691323876 -0.04568981007
v 46.79955292 50.40300369 1116.107178
vn 0.9740695357 0.2223172337 -0.04199505225
v 46.7365036 50.59334564 1116.120972
vn 0.9155329466 0.4012165964 -0.02871664427
v 46.82519913 50.19854355 1116.094604
vn 0.9981586337 0.02732912265 -0.05415197089
v 46.8093605 49.98801422 1116.084106
vn 0.9829682112 -0.1721175313 -0.06441326439
v 46.75092316 49.7831955 1116.076172
vn 0.9275183082 -0.3667519987 -0.0721302405
v 46.65238571 49.59451675 1116.071289
vn 0.8347225785 -0.5452754498 -0.07689578086
v 46.52099228 49.43278122 1116.069824
vn 0.7109866738 -0.6988098025 -0.0785035789
v 46.36717224 49.30485916 1116.071289
vn 0.5658348203 -0.8209044933 -0.07711496949
v 46.20222092 49.2129631 1116.075317
vn 0.3986819983 -0.9142149687 -0.07255108654
v 46.01169968 49.14934158 1116.082397
vn 0.2196263522 -0.9733560681 -0.06589594483
v 45.80717087 49.12308121 1116.092163
vn 0.02458233573 -0.9981087446 -0.05634406582
v 45.59669495 49.13829422 1116.104492
vn -0.1748704016 -0.9835913181 -0.04436672106
v 45.39205551 49.19612503 1116.118896
vn -0.3694131076 -0.9287678599 -0.03040068969
v 45.20367432 49.29411316 1116.134521
vn -0.5477045178 -0.8365330696 -0.0152384406
v 45.04233932 49.42502975 1116.150513
vn -0.700914681 -0.7132450938 0.0002692770795
v 44.9148674 49.57847595 1116.165771
vn -0.8226057887 -0.5684084892 0.01521644741
v 44.82346344 49.74316406 1116.17981
vn -0.9154083133 -0.4014580846 0.02930978499
v 44.76041412 49.93349838 1116.193604
vn -0.9740023613 -0.2225010842 0.04257512093
v 44.73476791 50.13795853 1116.206055
vn -0.9981250763 -0.02743662335 0.05471363664
v 44.75060272 50.34848785 1116.216553
vn -0.9829335213 0.1721114218 0.06495627016
v 44.80904007 50.55330658 1116.224487
vn -0.927441299 0.3668431938 0.07265447825
v 44.90757751 50.74198151 1116.22937
vn -0.8345783353 0.5454253554 0.07739655674
v 45.03897095 50.90372086 1116.230957
vn -0.7107595205 0.6989854574 0.07899518311
v 45.19279099 51.03165054 1116.22937
vn -0.5655067563 0.8210837245 0.07761216909
v 45.35774231 51.12353897 1116.225342
vn -0.3983196914 0.9143323302 0.07306027412
v 45.54826355 51.18716049 1116.218384
vn -0.219147712 0.9734290838 0.06640871614
v 45.75279236 51.21342087 1116.208496
vn -0.02403199673 0.9980920553 0.05687478185
v 45.96326828 51.19820786 1116.196167
vn 0.1754234433 0.9834678769 0.0449173823
v 46.16790771 51.14037704 1116.181763
vn 0.3699251711 0.928545177 0.03097213618
v 46.35628891 51.0423851 1116.166138
vn 0.5481306314 0.8362430334 0.01582587324
v 46.51762772 50.91146851 1116.150146
vn 0.7012249827 0.7129399776 0.0003282101534
v 46.64509583 50.75802612 1116.134888
vn 0.8228123784 0.5681251287 -0.01461803261
v 46.8409729 50.3411026 1117.387939
vn 0.9756505489 0.2193269283 -0.001319709118
v 46.77778244 50.5316124 1117.396729
vn 0.9171134233 0.3985618949 0.007167461328
v 46.86672211 50.13654709 1117.378906
vn 0.9996586442 0.02412335761 -0.01003176812
v 46.85094833 49.92600632 1117.370239
vn 0.9843212962 -0.1754079461 -0.01853752695
v 46.79253006 49.7212677 1117.362183
vn 0.9286603928 -0.3699939847 -0.02635042742
v 46.69395828 49.53276062 1117.355225
vn 0.8356302977 -0.548296392 -0.03306225687
v 46.56248856 49.37126923 1117.349854
vn 0.711630404 -0.7015089393 -0.03830661252
v 46.40855408 49.24362564 1117.346191
vn 0.566214025 -0.8231925964 -0.04190006107
v 46.24346542 49.15206146 1117.344238
vn 0.3987416625 -0.9160224795 -0.04367965832
v 46.05276871 49.08882523 1117.34375
vn 0.2193454057 -0.9746424556 -0.0442677252
v 45.84803772 49.06299591 1117.344971
vn 0.02394052409 -0.9987838268 -0.04310118407
v 45.63733292 49.07865143 1117.348022
vn -0.1758131385 -0.9836031199 -0.04018273577
v 45.43245697 49.13692474 1117.352783
vn -0.3706296682 -0.9280999899 -0.03555434942
v 45.24384308 49.23531342 1117.359131
vn -0.5491182208 -0.8352251053 -0.02946454473
v 45.08228683 49.36659622 1117.366577
vn -0.7024533749 -0.7113804817 -0.02229533531
v 44.95462418 49.52034378 1117.374512
vn -0.8242114782 -0.566095233 -0.01454773918
v 44.86306 49.68525696 1117.382568
vn -0.9170372486 -0.3987472057 -0.006585427094
v 44.79986954 49.87576675 1117.391357
vn -0.9756205678 -0.2194561511 0.001884846133
v 44.77412033 50.08031845 1117.400391
vn -0.9996520281 -0.02416630089 0.01057657693
v 44.7898941 50.29086304 1117.40918
vn -0.9843013287 0.1754636467 0.01906174235
v 44.84831619 50.49559402 1117.417114
vn -0.9285891652 0.370136112 0.02686020359
v 44.94688416 50.68410873 1117.424072
vn -0.8354853392 0.5484865308 0.03356690332
v 45.07835388 50.84560013 1117.429443
vn -0.7114087343 0.7017059326 0.03881157935
v 45.23228836 50.97324371 1117.433105
vn -0.5659113526 0.8233744502 0.04241306707
v 45.39737701 51.06480789 1117.435059
vn -0.3983897865 0.9161502719 0.04420644045
v 45.58807373 51.12804413 1117.435669
vn -0.2189100534 0.9747154117 0.04481313378
v 45.79280853 51.15387344 1117.434448
vn -0.02343668044 0.9987713099 0.04366515204
v 46.00350952 51.13821793 1117.431274
vn 0.1763071418 0.9834906459 0.04076725617
v 46.20838547 51.07994461 1117.426514
vn 0.3710716367 0.9279001951 0.03615332767
v 46.39699936 50.98155594 1117.420166
vn 0.5494676232 0.8349736333 0.03007228486
v 46.55855942 50.8502655 1117.412842
vn 0.7026999593 0.7111176252 0.02290115319
v 46.68622208 50.69651794 1117.404785
vn 0.8243608475 0.5658621192 0.01514314394
v 46.8289299 50.29298401 1118.69165
vn 0.9752553701 0.2184042782 0.03430101648
v 46.76580429 50.48360062 1118.695801
vn 0.9166836739 0.3977518976 0.03852895647
v 46.85464096 50.08838272 1118.686035
vn 0.999322176 0.02309241518 0.02866884507
v 46.83885956 49.87785339 1118.678955
vn 0.9840599895 -0.1764998138 0.02176643908
v 46.78046036 49.67319107 1118.670898
vn 0.9284806848 -0.3711194396 0.01392889209
v 46.68194199 49.48481369 1118.662231
vn 0.8355298638 -0.5494168997 0.005558497738
v 46.55054855 49.32351303 1118.65332
vn 0.7116180062 -0.7025609016 -0.002827438526
v 46.39670944 49.19609833 1118.64502
vn 0.5662546158 -0.8241602778 -0.01075128932
v 46.23173141 49.10477066 1118.637329
vn 0.3988505304 -0.9168379307 -0.0180683434
v 46.04116058 49.04181671 1118.630005
vn 0.2195287049 -0.9752858281 -0.02499443479
v 45.83656693 49.01628876 1118.623291
vn 0.02420053817 -0.9992207885 -0.03117859364
v 45.62601089 49.03225327 1118.617798
vn -0.1754937768 -0.9838140607 -0.03621932864
v 45.42128372 49.09082794 1118.61377
vn -0.3702617884 -0.9280741811 -0.03980565444
v 45.23281097 49.18951416 1118.61145
vn -0.5487318039 -0.8349571228 -0.04171371832
v 45.07138062 49.32103348 1118.610962
vn -0.7020597458 -0.7108840346 -0.04190461338
v 44.94382095 49.4749794 1118.612061
vn -0.8238293529 -0.5653876066 -0.04052186757
v 44.85233688 49.64002991 1118.614624
vn -0.916655302 -0.3978687823 -0.03799325973
v 44.78921127 49.83063889 1118.618774
vn -0.9752632976 -0.2184474617 -0.03379642218
v 44.76350021 50.0352478 1118.624512
vn -0.9993364215 -0.02306007966 -0.02819455042
v 44.77928162 50.2457695 1118.631592
vn -0.9840490818 0.1766158789 -0.02131304331
v 44.83768082 50.45043182 1118.639648
vn -0.9284104109 0.3713115156 -0.01348426659
v 44.93619919 50.6388092 1118.648315
vn -0.8353877068 0.5496374369 -0.00511041563
v 45.06759262 50.80011749 1118.657104
vn -0.7113945484 0.7027851343 0.003293450922
v 45.22143173 50.92752457 1118.665527
vn -0.5659818649 0.8243409991 0.0112446351
v 45.38641357 51.01885986 1118.673096
vn -0.3985224962 0.9169700742 0.01859183796
v 45.57698059 51.08181381 1118.680542
vn -0.2191404849 0.9753587246 0.02554971166
v 45.78157425 51.10734177 1118.687256
vn -0.0237693917 0.9992126822 0.0317658633
v 45.99213028 51.09136963 1118.692749
vn 0.1759108156 0.9837170243 0.03682726994
v 46.19685745 51.03280258 1118.696777
vn 0.3706158996 0.9279061556 0.04042296857
v 46.3853302 50.93411636 1118.699097
vn 0.548999846 0.8347501159 0.04232504219
v 46.54676056 50.80259705 1118.699585
vn 0.702229023 0.7106814981 0.04249927774
v 46.67432022 50.64865112 1118.698364
vn 0.8239178061 0.5652177334 0.04108932242
v 46.76905441 50.25888824 1119.985718
vn 0.9738717675 0.2177038193 0.06464414299
v 46.70613098 50.44953918 1119.98584
vn 0.9154439569 0.3971406221 0.06512861699
v 46.79463196 50.05429077 1119.98291
vn 0.9978419542 0.0223229602 0.06175006554
v 46.77878571 49.84379578 1119.977417
vn 0.9825364947 -0.1773408055 0.05632343516
v 46.72040558 49.63920975 1119.96936
vn 0.9269732833 -0.3719700277 0.04856757447
v 46.62198639 49.45094681 1119.959229
vn 0.8340919018 -0.5502539277 0.03887522221
v 46.49076843 49.28977966 1119.94751
vn 0.7102978826 -0.703348875 0.02788028307
v 46.3371582 49.16250992 1119.935303
vn 0.5650989413 -0.8248618245 0.01631299965
v 46.17244339 49.07133484 1119.922974
vn 0.3978877366 -0.9174241424 0.004281314556
v 45.98220444 49.008564 1119.90979
vn 0.2188127935 -0.9757338166 -0.008027250879
v 45.7779808 48.98321915 1119.896606
vn 0.02375046164 -0.9995080233 -0.02048395202
v 45.56782532 48.99937439 1119.883789
vn -0.1756333262 -0.9839246273 -0.03232971206
v 45.3635025 49.05812454 1119.872314
vn -0.3700953126 -0.9279998541 -0.04296225682
v 45.17542648 49.15696335 1119.862671
vn -0.5482573509 -0.8347072005 -0.05174754933
v 45.01435089 49.28862762 1119.855469
vn -0.7013143897 -0.710464716 -0.05829254165
v 44.88710022 49.44266129 1119.85083
vn -0.8228513598 -0.5648174882 -0.06242471188
v 44.79586029 49.60777664 1119.848755
vn -0.9154611826 -0.3971889913 -0.06458878517
v 44.73293304 49.79842758 1119.848877
vn -0.9739103913 -0.2176821232 -0.06413280964
v 44.70735931 50.00302887 1119.851685
vn -0.9978743792 -0.02220836841 -0.06126631051
v 44.72320557 50.21351624 1119.857178
vn -0.9825340509 0.1775010675 -0.05585832894
v 44.78158569 50.41810989 1119.865234
vn -0.9269038439 0.3722031116 -0.04810487852
v 44.88000488 50.60637283 1119.875366
vn -0.8339568973 0.5504916906 -0.03840289265
v 45.01122284 50.76754761 1119.886963
vn -0.7100998759 0.7035681009 -0.02738821693
v 45.16482925 50.89480972 1119.899292
vn -0.5648523569 0.8250408173 -0.01579484902
v 45.32954407 50.98597717 1119.911499
vn -0.3976098597 0.9175469875 -0.003732465906
v 45.51978683 51.04875183 1119.924805
vn -0.2184894532 0.9758013487 0.008608735166
v 45.72401047 51.07410049 1119.937988
vn -0.02341585979 0.9995033145 0.02109218203
v 45.93416595 51.05794525 1119.950806
vn 0.1759519875 0.9838469028 0.03295664489
v 46.13848495 50.99919128 1119.96228
vn 0.3703451455 0.9278706908 0.04359466955
v 46.32656479 50.90035248 1119.971924
vn 0.5484333634 0.8345525861 0.05237184837
v 46.48763657 50.76869965 1119.979126
vn 0.7013995647 0.7103310227 0.05889396742
v 46.61489105 50.61465836 1119.983765
vn 0.8228670359 0.5647314191 0.06299443543
v 46.67170334 50.23683167 1121.262207
vn 0.9721829295 0.217248857 0.08754006028
v 46.60903931 50.42747116 1121.259277
vn 0.9139695764 0.3967684805 0.08505538106
v 46.69709396 50.03226852 1121.261719
vn 0.9959809184 0.02183873579 0.0868621245
v 46.68115616 49.82183456 1121.257568
vn 0.9805755615 -0.1778555065 0.08269833028
v 46.62278366 49.61732101 1121.249634
vn 0.9249830842 -0.3725061715 0.07513657212
v 46.52447891 49.429142 1121.238525
vn 0.8321629167 -0.5507592559 0.06456845999
v 46.39346313 49.26807404 1121.224854
vn 0.708486259 -0.7038288713 0.05169345811
v 46.24013138 49.14090347 1121.209595
vn 0.5634810925 -0.8252801895 0.03743842244
v 46.075737 49.04982758 1121.19397
vn 0.3965075612 -0.9177711606 0.02186045796
v 45.88589478 48.98714828 1121.176392
vn 0.2177160531 -0.9759966135 0.005509952549
v 45.68212509 48.9618988 1121.158081
vn 0.02298729867 -0.9996673465 -0.01169352233
v 45.4724617 48.9781456 1121.139893
vn -0.1760256737 -0.983966589 -0.02871793322
v 45.26865005 49.03697586 1121.122681
vn -0.370085299 -0.9279199839 -0.04473663121
v 45.08106232 49.1358757 1121.107544
vn -0.5478487611 -0.8345080614 -0.0588048473
v 44.92044067 49.26757431 1121.095093
vn -0.7005104423 -0.7101758718 -0.07025206834
v 44.79357529 49.42163849 1121.085938
vn -0.821721971 -0.564432323 -0.07867099345
v 44.70264435 49.58675385 1121.0802
vn -0.9140383005 -0.3967335224 -0.08447811007
v 44.63998032 49.7773819 1121.077148
vn -0.9722505212 -0.2171706408 -0.08698160946
v 44.61458969 49.98195648 1121.077637
vn -0.9960324168 -0.02165893279 -0.08631532639
v 44.6305275 50.19238663 1121.081909
vn -0.98058182 0.1780693829 -0.08216173202
v 44.68889999 50.39690399 1121.089722
vn -0.9249259233 0.3727556169 -0.07460086048
v 44.78720856 50.58508301 1121.100952
vn -0.8320305943 0.5510229468 -0.06402195245
v 44.91822433 50.74615097 1121.114624
vn -0.7083230615 0.7040338516 -0.05113534257
v 45.07155609 50.8733139 1121.129761
vn -0.563280642 0.8254429102 -0.03686292097
v 45.23594666 50.96439743 1121.145508
vn -0.3962856829 0.9178808928 -0.02126718685
v 45.42579269 51.02707672 1121.162964
vn -0.2174668014 0.9760554433 -0.004897867795
v 45.62955856 51.05231476 1121.181274
vn -0.02275293134 0.9996652007 0.01231973153
v 45.83922195 51.03607559 1121.199585
vn 0.1762216687 0.983912766 0.02935313992
v 46.04303741 50.97724915 1121.216675
vn 0.370223403 0.927834034 0.0453722775
v 46.23062134 50.87834549 1121.231934
vn 0.5479203463 0.8344164491 0.05943481624
v 46.39124298 50.7466507 1121.244263
vn 0.7005249858 0.7101000547 0.07087061554
v 46.51811218 50.59258652 1121.253418
vn 0.8216593862 0.5644397736 0.0792690292
v 46.54877853 50.22400665 1122.525391
vn 0.9708200097 0.2172274888 0.1015907899
v 46.48635101 50.41458893 1122.520142
vn 0.9127710462 0.3967713118 0.09706448019
v 46.57400131 50.01950073 1122.526489
vn 0.9944960475 0.02178947255 0.1024833694
v 46.55797195 49.80913162 1122.523315
vn 0.9790223241 -0.177909568 0.09931476414
v 46.49959564 49.60469437 1122.515747
vn 0.9234167933 -0.372590661 0.0920740515
v 46.40136719 49.41658401 1122.50415
vn 0.8306425214 -0.5508621931 0.08114112914
v 46.27051544 49.25558472 1122.489258
vn 0.7070774436 -0.7039304972 0.06725588441
v 46.11740875 49.12848663 1122.472412
vn 0.5622164607 -0.8253884912 0.05144422129
v 45.95328522 49.03746796 1122.45459
vn 0.3954409361 -0.9178723693 0.03371576965
v 45.76377487 48.97483826 1122.434326
vn 0.216871053 -0.9760863185 0.01491555292
v 45.56039047 48.94963074 1122.412842
vn 0.02241308056 -0.9997351766 -0.005219386891
v 45.3511467 48.96590424 1122.391113
vn -0.1763075441 -0.9840051532 -0.02548567951
v 45.14776611 49.02475357 1122.370239
vn -0.3700484037 -0.9279258847 -0.04491940886
v 44.96060944 49.1236496 1122.35144
vn -0.5475065708 -0.8344727159 -0.06238467619
v 44.80037689 49.25533295 1122.335693
vn -0.6998650432 -0.7101103067 -0.07702117413
v 44.67385101 49.40936661 1122.323486
vn -0.8208012581 -0.5643535256 -0.08826302737
v 44.58319473 49.57444763 1122.315308
vn -0.9128981829 -0.3966223896 -0.09647597373
v 44.52076721 49.76502991 1122.310059
vn -0.9709204435 -0.2170491815 -0.1010109112
v 44.49554443 49.96953964 1122.30896
vn -0.9945606589 -0.02153377607 -0.1019088328
v 44.51157379 50.17990875 1122.312134
vn -0.9790313244 0.1781792641 -0.09874138981
v 44.5699501 50.38434601 1122.319702
vn -0.9233626127 0.3728665411 -0.09149866551
v 44.66817856 50.57244873 1122.331299
vn -0.8305255175 0.5511240959 -0.08055812865
v 44.7990303 50.73345184 1122.346191
vn -0.7069195509 0.7041454911 -0.06666252017
v 44.95213699 50.86054611 1122.363037
vn -0.5620492697 0.8255398273 -0.05083875358
v 45.11626053 50.95157242 1122.380859
vn -0.395275414 0.9179660678 -0.03310034052
v 45.30577087 51.01419449 1122.401123
vn -0.2167100012 0.9761314392 -0.01428822614
v 45.50915527 51.03940582 1122.422607
vn -0.02229228988 0.9997343421 0.005852870177
v 45.71839905 51.02313232 1122.444336
vn 0.1763801426 0.9839754701 0.02612182125
v 45.92177963 50.96428299 1122.465088
vn 0.3700625598 0.9278893471 0.04555263743
v 46.10894012 50.86538696 1122.484009
vn 0.5474461317 0.8344656229 0.06300673634
v 46.26916885 50.73370743 1122.499756
vn 0.6997878551 0.7101196647 0.07763403654
v 46.39569855 50.57966995 1122.511841
vn 0.8206812143 0.5644339919 0.08886278421
v 46.41424561 50.217453 1123.767456
vn 0.97030586 0.217426762 0.1059818566
v 46.35194397 50.4079628 1123.761353
vn 0.9123312235 0.3969420791 0.1004428342
v 46.43936539 50.01301575 1123.769409
vn 0.9939361215 0.02197373658 0.1077409834
v 46.42327118 49.80272293 1123.766968
vn 0.9784318209 -0.1777410507 0.1052579284
v 46.36486816 49.59836197 1123.759766
vn 0.9228132367 -0.3724525273 0.09846241027
v 46.2666626 49.41033173 1123.748291
vn 0.8300518394 -0.5507439971 0.08772119135
v 46.13586807 49.24938965 1123.733398
vn 0.7065094113 -0.7038500309 0.07375392318
v 45.98285294 49.12233734 1123.716187
vn 0.5617008805 -0.8253314495 0.05762049183
v 45.81884766 49.03134537 1123.697876
vn 0.3949987292 -0.9178422689 0.03926265985
v 45.6294899 48.96875 1123.67688
vn 0.2165044397 -0.9760819077 0.0197458826
v 45.42628098 48.94356155 1123.654419
vn 0.02215703018 -0.9997535944 -0.001336312271
v 45.21723557 48.95984268 1123.631592
vn -0.1764494926 -0.9840474129 -0.02272239327
v 45.01406479 49.01866913 1123.609497
vn -0.370059222 -0.9279937148 -0.04340335354
v 44.82711411 49.11753845 1123.589355
vn -0.547388196 -0.8345658183 -0.06217747554
v 44.66707993 49.24917603 1123.572266
vn -0.699644208 -0.710208118 -0.07811804116
v 44.54072571 49.40316391 1123.55896
vn -0.8204584718 -0.5644858479 -0.0905739367
v 44.45021439 49.56818771 1123.549683
vn -0.9124801159 -0.3967559636 -0.09982351959
v 44.38791656 49.75870514 1123.543457
vn -0.9704223871 -0.2172100842 -0.105357483
v 44.36279297 49.96314621 1123.541504
vn -0.9940095544 -0.02169897594 -0.1071176305
v 44.37889099 50.17342758 1123.544067
vn -0.9784526825 0.1779964417 -0.1046307385
v 44.43729019 50.37779617 1123.551147
vn -0.92278862 0.3726795316 -0.0978320688
v 44.53549957 50.56582642 1123.562622
vn -0.8299794197 0.5509539247 -0.08708585799
v 44.66629028 50.72676849 1123.577515
vn -0.7064128518 0.7040132284 -0.0731183812
v 44.81930542 50.8538208 1123.594849
vn -0.5615950823 0.8254478574 -0.05698104203
v 44.98331451 50.94480515 1123.613159
vn -0.3949281871 0.9178996086 -0.03862737492
v 45.17267227 51.00740814 1123.634155
vn -0.2164613456 0.9761040807 -0.01911355369
v 45.3758812 51.03259277 1123.656494
vn -0.0221524667 0.9997526407 0.001968236174
v 45.58492661 51.01631546 1123.679321
vn 0.1763996035 0.9840415716 0.02335211262
v 45.78809738 50.95748901 1123.701416
vn 0.3699677885 0.9280005097 0.04403315112
v 45.97504807 50.85861588 1123.721558
vn 0.5472348928 0.8346194625 0.06280355155
v 46.13508224 50.72697449 1123.738647
vn 0.6994807124 0.710300386 0.07874108851
v 46.26143646 50.57299423 1123.751953
vn 0.8202994466 0.5646166801 0.09119677544
v 46.28356934 50.21389008 1124.974976
vn 0.9709184766 0.2165719271 0.102048412
v 46.22128296 50.40433884 1124.968994
vn 0.9130883217 0.3961952627 0.09643170238
v 46.30867004 50.00952911 1124.977173
vn 0.9943512082 0.02108195052 0.1040249243
v 46.29254532 49.79931259 1124.974976
vn 0.9786193371 -0.1786563545 0.1019122377
v 46.23411179 49.59502411 1124.968262
vn 0.9227548242 -0.3733359277 0.09562338144
v 46.13586426 49.40706253 1124.95752
vn 0.82975775 -0.5515344739 0.08550928533
v 46.00502396 49.24617767 1124.943481
vn 0.7060233355 -0.7044938803 0.07224529982
v 45.85196686 49.11917496 1124.927124
vn 0.5610563755 -0.8258240819 0.05683610961
v 45.68791962 49.02822113 1124.90979
vn 0.3942305744 -0.9181753993 0.03919444606
v 45.4985199 48.96563721 1124.889893
vn 0.2155725509 -0.9762738347 0.02044226043
v 45.29527283 48.94045639 1124.86853
vn 0.02112183161 -0.9997768998 0.0001200831684
v 45.08619308 48.95672226 1124.846802
vn -0.1775399446 -0.9838989973 -0.0205501318
v 44.88299179 49.01552963 1124.825684
vn -0.3711504042 -0.9276847839 -0.04059891775
v 44.69602203 49.11436081 1124.806396
vn -0.5484169722 -0.8341307044 -0.05886249244
v 44.5359726 49.24595261 1124.790039
vn -0.7005782127 -0.7096822262 -0.0744394511
v 44.40961838 49.39987564 1124.777222
vn -0.8212713003 -0.5639146566 -0.08668134362
v 44.31911087 49.56483841 1124.768066
vn -0.9131728411 -0.3961561024 -0.09579005092
v 44.25682449 49.75528336 1124.762085
vn -0.9709977508 -0.2165184617 -0.1014054865
v 44.23172379 49.95964432 1124.76001
vn -0.9944201112 -0.02101512812 -0.1033780649
v 44.24784851 50.16986084 1124.762207
vn -0.9786797762 0.178691864 -0.1012676582
v 44.30628204 50.37414932 1124.768799
vn -0.9228246808 0.3733271658 -0.09498132765
v 44.40452957 50.56211853 1124.779541
vn -0.8298259974 0.551530838 -0.08486803621
v 44.53536987 50.72299576 1124.793579
vn -0.7060892582 0.7044932246 -0.07160519809
v 44.68842697 50.84999847 1124.809937
vn -0.5611273646 0.8258195519 -0.0561972633
v 44.85247421 50.94095612 1124.827271
vn -0.3943189085 0.918164432 -0.03855773807
v 45.04187393 51.00353622 1124.847168
vn -0.2156890333 0.9762610793 -0.01981141046
v 45.245121 51.02872086 1124.86853
vn -0.02124134824 0.9997742176 0.0005095882807
v 45.45420074 51.01245117 1124.890381
vn 0.1774083078 0.9839094281 0.02117800899
v 45.65740204 50.9536438 1124.911377
vn 0.3710267842 0.92770648 0.04122880846
v 45.8443718 50.85482025 1124.930664
vn 0.5482849479 0.8341726661 0.05949456617
v 46.00442123 50.72322083 1124.947144
vn 0.7004497647 0.7097422481 0.07507371902
v 46.13077545 50.56929779 1124.959961
vn 0.8211721182 0.5639603734 0.08732180297
v 46.15820694 50.2110939 1126.216309
vn 0.9714748263 0.2172182947 0.09514674544
v 46.09590912 50.40146255 1126.210571
vn 0.9134995937 0.3968050778 0.08980106562
v 46.18330002 50.00681686 1126.218262
vn 0.9950363636 0.02174557745 0.09710724652
v 46.16716003 49.79668045 1126.216309
vn 0.9794158936 -0.1779599637 0.09526152909
v 46.10868835 49.59246445 1126.210327
vn 0.9236386418 -0.3726662099 0.08950751275
v 46.01039124 49.40456772 1126.200439
vn 0.8306677938 -0.5509665012 0.08016810566
v 45.87949753 49.24374771 1126.187378
vn 0.7069346309 -0.7040140033 0.06787998974
v 45.72637558 49.11679077 1126.172363
vn 0.5619122982 -0.8254606724 0.05356570706
v 45.56226349 49.02586365 1126.15625
vn 0.3950221837 -0.917920053 0.03715208918
v 45.3727951 48.96331406 1126.137695
vn 0.2163140625 -0.9761252999 0.01968922466
v 45.16947174 48.93813705 1126.11792
vn 0.02175865881 -0.9997629523 0.0007357276627
v 44.9603157 48.95438766 1126.097656
vn -0.1770279109 -0.984030664 -0.01856669784
v 44.75704575 49.01317596 1126.078125
vn -0.370803237 -0.9279614687 -0.03731591254
v 44.57001495 49.11195755 1126.060181
vn -0.5482468605 -0.834544003 -0.05442148447
v 44.40991974 49.24349976 1126.0448
vn -0.7006034255 -0.7102030516 -0.06903959811
v 44.28352737 49.39735794 1126.032837
vn -0.8215115666 -0.5644715428 -0.08056433499
v 44.19300079 49.56225586 1126.024414
vn -0.9135664105 -0.3967958689 -0.08916000277
v 44.13070297 49.75263596 1126.018677
vn -0.9715282321 -0.217259407 -0.09450540692
v 44.10560608 49.95691299 1126.016602
vn -0.9950971603 -0.02179815993 -0.09646992385
v 44.12174988 50.16704941 1126.018555
vn -0.9794816971 0.1779383719 -0.09462344646
v 44.18021774 50.3712616 1126.024658
vn -0.9237231612 0.3726088405 -0.08887197077
v 44.27851486 50.5591507 1126.034546
vn -0.830778718 0.5508906841 -0.07953743637
v 44.40940857 50.71997452 1126.047485
vn -0.7070550323 0.7039538622 -0.06724701822
v 44.56253052 50.84693527 1126.062622
vn -0.5620248318 0.8254247308 -0.05293504894
v 44.72664261 50.93785477 1126.078735
vn -0.395155251 0.9178881049 -0.03652116284
v 44.91611481 51.0004158 1126.097168
vn -0.216465503 0.9761042595 -0.01905783638
v 45.11943436 51.0255928 1126.116943
vn -0.02191054262 0.9997599125 -0.0001032037908
v 45.32859039 51.00933838 1126.137207
vn 0.176883921 0.9840444326 0.01919987239
v 45.53186035 50.95055389 1126.15686
vn 0.3706843853 0.9279832244 0.03795046732
v 45.71889114 50.85176468 1126.174805
vn 0.5481540561 0.8345632553 0.0550571233
v 45.87898636 50.72022629 1126.190063
vn 0.7005183697 0.7102246881 0.06967663765
v 46.00538254 50.56636047 1126.202026
vn 0.8214263916 0.5645045042 0.08119934052
v 46.04295349 50.2092247 1127.44165
vn 0.9721250534 0.2170073837 0.08877313882
v 45.98065567 50.39952469 1127.436279
vn 0.9141789079 0.3965835869 0.08365632594
v 46.06803894 50.00501633 1127.443726
vn 0.9956434965 0.02149480022 0.09073067456
v 46.05187607 49.79496384 1127.442017
vn 0.9799476862 -0.1782068312 0.08913379163
v 45.99337769 49.59082794 1127.436523
vn 0.9240787029 -0.3728817999 0.08389125764
v 45.89504623 49.40300751 1127.42749
vn 0.8309978843 -0.5511572957 0.07528680563
v 45.76411057 49.24224091 1127.415405
vn 0.7071325779 -0.7041873336 0.06390373409
v 45.61095047 49.11532974 1127.401367
vn 0.5620103478 -0.8255800605 0.05061508343
v 45.4467926 49.02444458 1127.386475
vn 0.3949835002 -0.9180079699 0.03534648195
v 45.25727844 48.96190643 1127.369263
vn 0.2161504328 -0.9761738777 0.01906819642
v 45.0539093 48.93673706 1127.35083
vn 0.02146346867 -0.9997686744 0.001375082298
v 44.8447113 48.95299149 1127.331787
vn -0.1774332821 -0.9839916825 -0.01666866802
v 44.6414032 49.01174927 1127.313477
vn -0.3713228106 -0.9278728366 -0.03422529995
v 44.45433426 49.11049652 1127.296631
vn -0.5488386154 -0.8344156146 -0.05026640743
v 44.29421616 49.24198151 1127.282227
vn -0.7012425661 -0.7100439668 -0.06400322169
v 44.16780472 49.39578629 1127.270996
vn -0.8221694827 -0.5642985702 -0.07486301661
v 44.07727432 49.56061935 1127.262939
vn -0.9142369032 -0.3965844512 -0.08301621675
v 44.0149765 49.75091934 1127.257568
vn -0.9721792936 -0.2170261443 -0.08813104033
v 43.98989105 49.95512009 1127.255493
vn -0.9956998825 -0.02157996222 -0.09008891881
v 44.00605011 50.16517258 1127.25708
vn -0.9800146222 0.1781569272 -0.08849550784
v 44.06454849 50.36930847 1127.262695
vn -0.9241514802 0.372844398 -0.08325314522
v 44.16287994 50.55713654 1127.271729
vn -0.8311010599 0.5510883331 -0.07465033233
v 44.29381561 50.71789551 1127.283813
vn -0.7072563171 0.7041203976 -0.06326892227
v 44.44697952 50.8448143 1127.297729
vn -0.5621237159 0.8255417943 -0.04997692257
v 44.61113358 50.93569946 1127.312744
vn -0.3951041698 0.9179803729 -0.03470887989
v 44.80065155 50.99823761 1127.329956
vn -0.2162796408 0.9761574864 -0.01842998713
v 45.00401688 51.02339935 1127.348389
vn -0.02159288712 0.9997665882 -0.0007361356984
v 45.21321487 51.00715256 1127.36731
vn 0.1773112714 0.9840025902 0.01730953902
v 45.41652679 50.94839478 1127.385742
vn 0.3712024689 0.9278972149 0.03486421332
v 45.60359192 50.84964752 1127.402588
vn 0.5487570167 0.8344305158 0.05090628192
v 45.76371384 50.71816254 1127.41687
vn 0.7011781335 0.7100496292 0.06464331597
v 45.89012146 50.56435776 1127.428223
vn 0.8220959306 0.5643203855 0.07550336421
v 45.9347229 50.20847321 1128.669434
vn 0.9726060033 0.2170026749 0.08335083723
v 45.87244034 50.39869308 1128.664185
vn 0.9146475196 0.396582067 0.07837488502
v 45.95979309 50.00434113 1128.671631
vn 0.9961166382 0.02151197195 0.08537495881
v 45.94361115 49.79437637 1128.670166
vn 0.9803955555 -0.1782106906 0.08405677974
v 45.88508987 49.59031677 1128.665283
vn 0.9244850874 -0.3728784025 0.07930338383
v 45.78673553 49.40255737 1128.65686
vn 0.8313462734 -0.5511531234 0.071369268
v 45.65577698 49.24186325 1128.64563
vn 0.7074055076 -0.7041881084 0.06079947576
v 45.50259018 49.11500168 1128.632568
vn 0.5622055531 -0.825579524 0.04840834811
v 45.33841324 49.02414322 1128.618652
vn 0.3950909376 -0.9180077314 0.0341316238
v 45.14887238 48.96163177 1128.602417
vn 0.2161696851 -0.9761735201 0.01886668988
v 44.94548798 48.93647003 1128.585083
vn 0.02138916589 -0.999768734 0.002239335561
v 44.73627472 48.95271683 1128.567261
vn -0.1776005179 -0.9839920998 -0.01475328859
v 44.53295135 49.01144791 1128.549927
vn -0.3715670407 -0.9278775454 -0.03132343665
v 44.3458786 49.11016083 1128.534058
vn -0.5491731763 -0.834413588 -0.04650568217
v 44.18575668 49.24159622 1128.520386
vn -0.7016298175 -0.7100493908 -0.05954394117
v 44.05934906 49.39533615 1128.509644
vn -0.8226028681 -0.5643038154 -0.06989774108
v 43.96882248 49.56010818 1128.501953
vn -0.9146971703 -0.3965952098 -0.07772631198
v 43.90653992 49.75033188 1128.496582
vn -0.972653091 -0.2170384824 -0.08270587772
v 43.88146591 49.95446014 1128.494507
vn -0.9961704612 -0.02155326121 -0.0847337842
v 43.89764786 50.16442871 1128.49585
vn -0.980461359 0.1781517118 -0.08341138065
v 43.95616913 50.36848831 1128.500854
vn -0.9245530963 0.3728461564 -0.07865956426
v 44.05452728 50.5562439 1128.509277
vn -0.8314430714 0.5510896444 -0.07072947919
v 44.18548584 50.71693802 1128.520386
vn -0.707516551 0.704131484 -0.06015997007
v 44.33867264 50.84380341 1128.533447
vn -0.5623072386 0.8255478144 -0.04776385054
v 44.50284958 50.93465805 1128.547485
vn -0.3952088654 0.9179806709 -0.03348749503
v 44.69238663 50.99716949 1128.563599
vn -0.216288656 0.9761593938 -0.01822246239
v 44.89577484 51.02233124 1128.580933
vn -0.02150506899 0.9997674823 -0.001595064648
v 45.1049881 51.00608444 1128.598755
vn 0.1774989814 0.984000504 0.01539935078
v 45.30831146 50.94735718 1128.616089
vn 0.3714631796 0.9278970957 0.03197078779
v 45.49538422 50.84864426 1128.63208
vn 0.5490832329 0.834436357 0.04715413973
v 45.65550613 50.71720505 1128.645752
vn 0.7015724778 0.7100512981 0.06019323692
v 45.78190994 50.56346512 1128.656494
vn 0.8225476742 0.564303875 0.07054384053
v 45.83231735 50.20905685 1129.899658
vn 0.9729743004 0.2170063555 0.07892539352
v 45.77005005 50.39920044 1129.894409
vn 0.9150136113 0.3965798318 0.07398971915
v 45.85736465 50.0050087 1129.901978
vn 0.9964753389 0.02151882276 0.08107943088
v 45.84116364 49.79512024 1129.900879
vn 0.9807281494 -0.1782213598 0.08005905151
v 45.78262329 49.59113693 1129.896362
vn 0.9247793555 -0.3728825748 0.07577399164
v 45.68425369 49.40345764 1129.888672
vn 0.8315976262 -0.5511441827 0.06845039874
v 45.55327988 49.24281693 1129.878296
vn 0.7076025605 -0.7041775584 0.05858834088
v 45.40008545 49.11600494 1129.865967
vn 0.5623216033 -0.8255842924 0.04695757851
v 45.23590469 49.02519226 1129.852783
vn 0.3951511383 -0.9180044532 0.03351715207
v 45.04636765 48.96269989 1129.837524
vn 0.2161608189 -0.9761712551 0.01908488385
v 44.84298325 48.93755341 1129.821167
vn 0.0213137567 -0.9997673035 0.003320943564
v 44.63377762 48.95379257 1129.804199
vn -0.1777508259 -0.9839918017 -0.01283772662
v 44.4304657 49.01250076 1129.78772
vn -0.371775806 -0.9278807044 -0.02863913029
v 44.2434082 49.11117935 1129.772461
vn -0.5494369268 -0.8344193101 -0.04316745326
v 44.08330536 49.24255753 1129.759399
vn -0.7019412518 -0.7100537419 -0.05569652468
v 43.95692062 49.39624023 1129.748901
vn -0.8229382634 -0.5643194318 -0.06569806486
v 43.8664093 49.56095123 1129.741455
vn -0.9150621891 -0.3965885043 -0.07333993167
v 43.80414581 49.75110245 1129.736206
vn -0.9730193615 -0.2170406282 -0.07827323675
v 43.7790947 49.95514679 1129.733887
vn -0.9965270162 -0.02157009579 -0.08042795956
v 43.79529953 50.16503143 1129.734985
vn -0.9807899594 0.1781702489 -0.07941310853
v 43.85383987 50.36901474 1129.739502
vn -0.9248527884 0.3728320301 -0.07512370497
v 43.95220947 50.55669403 1129.747192
vn -0.8316890597 0.5510867238 -0.06779903919
v 44.08317947 50.71733475 1129.757568
vn -0.7076991796 0.7041341066 -0.05793994293
v 44.23637772 50.84414673 1129.769897
vn -0.5624263287 0.8255494833 -0.04631065577
v 44.40055466 50.93495941 1129.783081
vn -0.3952572346 0.9179822803 -0.03286780789
v 44.59009552 50.99745178 1129.798218
vn -0.2162742615 0.9761585593 -0.01843542978
v 44.79347992 51.02259827 1129.814697
vn -0.02141357772 0.9997671247 -0.002670380985
v 45.00268555 51.00636673 1129.831665
vn 0.1776602417 0.9839994311 0.01348863821
v 45.20599365 50.94765854 1129.848145
vn 0.3717013597 0.9278901815 0.02929096855
v 45.39305115 50.84897995 1129.863403
vn 0.5493721962 0.8344278932 0.04382038116
v 45.55315781 50.71759415 1129.876465
vn 0.7018871307 0.7100555301 0.05635194108
v 45.67954254 50.56390762 1129.886963
vn 0.8228977919 0.5643020272 0.06635124981
v 45.73434067 50.21124649 1131.13208
vn 0.9732396007 0.2170096636 0.07557407022
v 45.6721077 50.40132141 1131.126709
vn 0.9152824283 0.3965821862 0.07057348639
v 45.75936508 50.00727844 1131.134521
vn 0.9967269897 0.02151448466 0.07792557031
v 45.74314117 49.79747391 1131.133789
vn 0.9809581637 -0.1782031655 0.07723148912
v 45.68458939 49.59357452 1131.129761
vn 0.9249712825 -0.3728843331 0.07338517904
v 45.58621216 49.40597534 1131.122559
vn 0.8317451477 -0.5511487126 0.06659663469
v 45.45523834 49.24539566 1131.112793
vn 0.7077229619 -0.704159081 0.05734233931
v 45.30205154 49.11863327 1131.101318
vn 0.5623921752 -0.8255713582 0.04633597285
v 45.13788605 49.02785492 1131.088745
vn 0.3951617777 -0.9179986119 0.03355138749
v 44.94836426 48.96539307 1131.074219
vn 0.2161237299 -0.9761660099 0.01975956559
v 44.74500656 48.9402504 1131.058472
vn 0.02123135515 -0.9997638464 0.004640454426
v 44.53583145 48.95648193 1131.042114
vn -0.1778832674 -0.9839910269 -0.01091668941
v 44.33255768 49.01517105 1131.026245
vn -0.3719587624 -0.9278797507 -0.02618820779
v 44.14553452 49.11380768 1131.011475
vn -0.5496453643 -0.8344262242 -0.04028452933
v 43.98546982 49.24513626 1130.998657
vn -0.7021888494 -0.7100521922 -0.05250489712
v 43.8591156 49.39876556 1130.988403
vn -0.8231955767 -0.5643270612 -0.0623216629
v 43.76863861 49.56341171 1130.980957
vn -0.9153253436 -0.3965997398 -0.06991549581
v 43.70640182 49.75348663 1130.975708
vn -0.973287046 -0.217024371 -0.07491850108
v 43.68138123 49.95745468 1130.973267
vn -0.9967768788 -0.02158466727 -0.07726525515
v 43.69760132 50.16725922 1130.973877
vn -0.9810197949 0.1781481653 -0.07657272369
v 43.75615692 50.3711586 1130.977905
vn -0.9250422716 0.3728361428 -0.07273229212
v 43.85453415 50.55875778 1130.985107
vn -0.8318328261 0.5510949492 -0.06594361365
v 43.98550415 50.71933746 1130.994873
vn -0.7078059912 0.7041290998 -0.05668221787
v 44.13869476 50.84609985 1131.00647
vn -0.5624839664 0.8255454302 -0.04567889497
v 44.30286026 50.9368782 1131.018921
vn -0.3952589035 0.9179804921 -0.0328974165
v 44.49238205 50.99934006 1131.033569
vn -0.2162165493 0.9761584997 -0.01910381764
v 44.69573975 51.02448273 1131.049194
vn -0.02131296322 0.9997649193 -0.003983065486
v 44.90491486 51.00825119 1131.065552
vn 0.1778054386 0.9839975834 0.01157263014
v 45.10818863 50.94955444 1131.081543
vn 0.3718902171 0.9278885126 0.02684382722
v 45.29521179 50.85092163 1131.096313
vn 0.5495996475 0.8344243765 0.04094123095
v 45.45527649 50.71958923 1131.109009
vn 0.7021511793 0.7100405097 0.05316152424
v 45.58163071 50.56595993 1131.119263
vn 0.8231545091 0.5643135905 0.06298304349
v 45.63945007 50.21530914 1132.365723
vn 0.9734185934 0.2169876695 0.07329830527
v 45.57725143 50.4053154 1132.360229
vn 0.9154729843 0.3965699077 0.06812912971
v 45.66444397 50.01142502 1132.368408
vn 0.9968829155 0.02148516849 0.07591329515
v 45.64819717 49.80170441 1132.368042
vn 0.981084168 -0.1782223433 0.07556895912
v 45.58963394 49.59788513 1132.364502
vn 0.9250704646 -0.372879684 0.07214831561
v 45.49125671 49.41035843 1132.35791
vn 0.8318046927 -0.5511516333 0.06582448632
v 45.36029434 49.24985123 1132.348633
vn 0.7077275515 -0.7041780353 0.05705279112
v 45.20713043 49.12313843 1132.337524
vn 0.562378943 -0.8255692124 0.04653421044
v 45.04298782 49.03239441 1132.325562
vn 0.395111531 -0.9179948568 0.03423912451
v 44.853508 48.96995926 1132.311523
vn 0.2160309106 -0.9761630297 0.02089005522
v 44.65019608 48.94483185 1132.296143
vn 0.02110687643 -0.9997580051 0.006195073947
v 44.44107437 48.96105576 1132.280273
vn -0.1780305207 -0.9839838743 -0.008990077302
v 44.237854 49.0197258 1132.264648
vn -0.3721272647 -0.9278722405 -0.02396619134
v 44.05089188 49.11831665 1132.250122
vn -0.5498379469 -0.8344129324 -0.03785910085
v 43.89087677 49.24960709 1132.237427
vn -0.7023878694 -0.7100380063 -0.04997270554
v 43.76457596 49.40317154 1132.227295
vn -0.8234043121 -0.5642974973 -0.05978010222
v 43.67414093 49.56774521 1132.219727
vn -0.9155077934 -0.3966035843 -0.06746203452
v 43.61194229 49.75775146 1132.214233
vn -0.9734604955 -0.2170226276 -0.07263502479
v 43.58694839 49.96162796 1132.211548
vn -0.9969315529 -0.02155732922 -0.07525152713
v 43.60319519 50.17134857 1132.211792
vn -0.981146574 0.1781589538 -0.07490555942
v 43.66175842 50.37516785 1132.215454
vn -0.9251368046 0.3728434741 -0.07148189843
v 43.76013565 50.56270218 1132.222046
vn -0.8318852782 0.5511085391 -0.06516303867
v 43.89109802 50.72320557 1132.231323
vn -0.7078179121 0.7041402459 -0.05639405921
v 44.04426193 50.84991455 1132.242432
vn -0.5624558926 0.8255538344 -0.04587246478
v 44.20840454 50.94065857 1132.254395
vn -0.3951958716 0.9179830551 -0.03357602656
v 44.39788437 51.00310135 1132.268433
vn -0.2161179036 0.9761576653 -0.0202293992
v 44.60119629 51.02822876 1132.283813
vn -0.02117736079 0.9997604489 -0.005533554591
v 44.81031799 51.01200104 1132.299683
vn 0.1779656857 0.9839893579 0.009652473032
v 45.01353836 50.95333481 1132.315308
vn 0.3720762134 0.9278753996 0.02462763712
v 45.20050049 50.85473633 1132.329834
vn 0.5497962832 0.8344100714 0.03852129355
v 45.36051559 50.72345352 1132.342529
vn 0.7023561001 0.7100226879 0.05063326657
v 45.48681641 50.56988907 1132.352661
vn 0.8233689666 0.564278543 0.06044213846
v 45.54615402 50.22151947 1133.60144
vn 0.9735049605 0.2169771641 0.07217378914
v 45.48400497 50.41144943 1133.595581
vn 0.9155884385 0.3965426385 0.06672120094
v 45.57111359 50.01772308 1133.604492
vn 0.9969428182 0.0214760676 0.07512558997
v 45.5548439 49.80808258 1133.604492
vn 0.9811105132 -0.1782534271 0.07515218854
v 45.49626923 49.60434723 1133.601318
vn 0.9250636101 -0.3729005754 0.07212861627
v 45.39789963 49.41689301 1133.595093
vn 0.8317787647 -0.5511453748 0.06620310992
v 45.26696396 49.25645828 1133.586304
vn 0.7076729536 -0.7041717172 0.05780289695
v 45.11383057 49.12979126 1133.575562
vn 0.5622842312 -0.8255723119 0.04761073738
v 44.94973373 49.03908157 1133.563843
vn 0.3949998617 -0.9179903269 0.03562064469
v 44.76030731 48.97667694 1133.550049
vn 0.2159123868 -0.9761531949 0.02251180634
v 44.55706024 48.95156479 1133.535034
vn 0.02096212842 -0.99974823 0.00800320413
v 44.34801102 48.96778107 1133.519287
vn -0.1781808585 -0.9839724302 -0.007061018609
v 44.14487076 49.02642822 1133.503662
vn -0.3722689152 -0.9278643727 -0.02198946476
v 43.95798111 49.12497711 1133.489136
vn -0.5499843359 -0.8344022632 -0.0359185189
v 43.7980423 49.25621033 1133.476318
vn -0.7025238872 -0.7100300193 -0.04814106971
v 43.67180252 49.40971375 1133.465942
vn -0.823533237 -0.5642823577 -0.05812395737
v 43.5814209 49.57422256 1133.458252
vn -0.9156202674 -0.3965808153 -0.0660545826
v 43.51927185 49.76415253 1133.452393
vn -0.9735438228 -0.2170240879 -0.07150486112
v 43.4943161 49.96795273 1133.449341
vn -0.9969912171 -0.02154592425 -0.0744599998
v 43.51058197 50.17758942 1133.449219
vn -0.9811766744 0.1781680435 -0.07448792458
v 43.56915665 50.38131714 1133.452393
vn -0.9251321554 0.3728586137 -0.07146270573
v 43.66752625 50.56877136 1133.458618
vn -0.8318557143 0.5511090159 -0.06553593278
v 43.79846191 50.72921371 1133.467529
vn -0.7077547312 0.7041436434 -0.05713953823
v 43.95159531 50.85587311 1133.478149
vn -0.5623655319 0.8255548477 -0.04694955423
v 44.11569214 50.94659042 1133.48999
vn -0.395068109 0.9179865122 -0.03495638818
v 44.30511856 51.00898743 1133.503784
vn -0.2159823626 0.9761528373 -0.02184708416
v 44.50836563 51.03410721 1133.518799
vn -0.02102927677 0.9997519255 -0.007340081502
v 44.71741486 51.01789093 1133.534546
vn 0.1781328619 0.9839761257 0.007726378739
v 44.92055511 50.95924377 1133.550171
vn 0.3722416759 0.9278591871 0.02265898138
v 45.10744476 50.86068726 1133.564697
vn 0.5499566197 0.8343914747 0.03658661991
v 45.26738358 50.72946167 1133.577515
vn 0.7024962902 0.7100116611 0.04880957305
v 45.39362335 50.57596207 1133.587891
vn 0.8235042095 0.564255774 0.05879006535
v 45.45278168 50.23019791 1134.839844
vn 0.9734919667 0.2169848531 0.07232513279
v 45.39068985 50.42004395 1134.833618
vn 0.91560781 0.3965408206 0.06646585464
v 45.47769547 50.02648544 1134.843384
vn 0.9968987107 0.02150100097 0.07570116967
v 45.46140289 49.81692886 1134.843872
vn 0.9810391665 -0.1782303005 0.07613221556
v 45.40282059 49.61328125 1134.841064
vn 0.9249639511 -0.3728848398 0.07347489148
v 45.30446625 49.42591095 1134.835205
vn 0.8316600919 -0.5511229634 0.06785993278
v 45.1735611 49.26552963 1134.82666
vn 0.7075486183 -0.7041380405 0.05970396474
v 45.02047729 49.13891983 1134.816162
vn 0.5621391535 -0.8255494833 0.04967522994
v 44.8564415 49.04825211 1134.804443
vn 0.3948428035 -0.9179714918 0.03778286278
v 44.66708755 48.98587036 1134.790649
vn 0.2157649994 -0.976133287 0.02468324639
v 44.46392822 48.96075439 1134.775513
vn 0.02082574181 -0.9997320771 0.01010383945
v 44.25497437 48.97697449 1134.759644
vn -0.1783126444 -0.9839605689 -0.00511891162
v 44.05192947 49.03559113 1134.743896
vn -0.3723885417 -0.9278551936 -0.0202855859
v 43.86514282 49.13410568 1134.728882
vn -0.5500727892 -0.8344031572 -0.03451456875
v 43.70529175 49.26528168 1134.71582
vn -0.7025924921 -0.7100327611 -0.04708759114
v 43.57913208 49.41872025 1134.705078
vn -0.8235658407 -0.5643043518 -0.05744439363
v 43.48881912 49.58316422 1134.696899
vn -0.915635407 -0.3965885639 -0.06579744071
v 43.42672729 49.77301407 1134.690674
vn -0.9735302329 -0.2170356661 -0.07165452093
v 43.40181351 49.9767189 1134.687134
vn -0.996948123 -0.02156468667 -0.0750297457
v 43.41810608 50.18627548 1134.686646
vn -0.9811061025 0.1781463772 -0.07546328753
v 43.47668457 50.38992691 1134.689453
vn -0.9250347018 0.3728403747 -0.07280708849
v 43.57504272 50.57730103 1134.695312
vn -0.8317404389 0.5510836244 -0.06719117612
v 43.70594788 50.73767471 1134.703857
vn -0.7076239586 0.7041186094 -0.05903627351
v 43.85903168 50.86428452 1134.714355
vn -0.5622168183 0.8255364299 -0.04900898412
v 44.02306747 50.95495987 1134.726074
vn -0.3949109018 0.9179694057 -0.03711545095
v 44.21242142 51.01734161 1134.739868
vn -0.2158218771 0.9761373997 -0.02401381359
v 44.41558075 51.04244995 1134.755005
vn -0.02087587304 0.9997375607 -0.009434101172
v 44.62453461 51.02623749 1134.770874
vn 0.178279385 0.9839628935 0.005788662471
v 44.8275795 50.96761322 1134.786621
vn 0.3723683357 0.9278483987 0.02095607109
v 45.01436615 50.86909866 1134.801514
vn 0.5500589013 0.8343842626 0.03518727422
v 45.17421722 50.7379303 1134.814697
vn 0.7025735378 0.7100065947 0.04776078835
v 45.30037308 50.58449173 1134.825439
vn 0.8235487938 0.5642604232 0.05811655521
v 45.35760498 50.2416954 1136.0802
vn 0.9733814597 0.2170020938 0.07374738157
v 45.29558182 50.4314537 1136.073486
vn 0.9155295491 0.3965688348 0.06737091392
v 45.38246536 50.03806305 1136.084351
vn 0.9967506528 0.02154205181 0.07761473954
v 45.36613846 49.82859421 1136.085327
vn 0.9808650613 -0.1781754345 0.07846845686
v 45.30755615 49.62503433 1136.082886
vn 0.9247686267 -0.3728342652 0.0761417672
v 45.20922089 49.43773651 1136.077271
vn 0.8314532638 -0.5510720015 0.07074663043
v 45.0783577 49.27742386 1136.068848
vn 0.7073400021 -0.7040877938 0.06269331276
v 44.92533875 49.15086746 1136.05835
vn 0.5619374514 -0.8255021572 0.05265472084
v 44.76137543 49.06023407 1136.046509
vn 0.3946462274 -0.9179335833 0.0406483151
v 44.57212067 48.9978714 1136.032471
vn 0.2155831605 -0.976103127 0.02732377499
v 44.36906815 48.97277069 1136.016968
vn 0.02067593858 -0.9997091293 0.01241527405
v 44.16023636 48.98897552 1136.00061
vn -0.1784278303 -0.9839476943 -0.003234500298
v 43.95731735 49.04756546 1135.984253
vn -0.3724675179 -0.927852571 -0.01891065948
v 43.77065277 49.14603043 1135.96875
vn -0.5501275063 -0.8344002962 -0.03370236978
v 43.61091995 49.27715302 1135.954956
vn -0.702600956 -0.7100399137 -0.04685325548
v 43.48486328 49.4305191 1135.943481
vn -0.8235301375 -0.5643228292 -0.05777417868
v 43.39462662 49.59489059 1135.934692
vn -0.9155601859 -0.3966118395 -0.06669763476
v 43.33260727 49.7846489 1135.927856
vn -0.9734228849 -0.2170429528 -0.07307673991
v 43.30774689 49.98828125 1135.923828
vn -0.9968022108 -0.02157050371 -0.07694203407
v 43.32406998 50.19775009 1135.922852
vn -0.9809266925 0.1781324744 -0.07779254764
v 43.3826561 50.40130997 1135.925171
vn -0.9248300791 0.3728190064 -0.0754673183
v 43.48099136 50.58860779 1135.930908
vn -0.8315073848 0.5510766506 -0.07007145137
v 43.61185074 50.74892044 1135.939331
vn -0.707387507 0.7041000724 -0.06201567128
v 43.7648735 50.87547684 1135.949829
vn -0.561986506 0.8255116343 -0.05197771639
v 43.92883682 50.96611786 1135.96167
vn -0.3946844935 0.9179467559 -0.03997381777
v 44.11809158 51.0284729 1135.975708
vn -0.2156059444 0.9761167765 -0.02664841153
v 44.3211441 51.05357361 1135.991211
vn -0.02069005743 0.9997170568 -0.01173751801
v 44.52997589 51.03736877 1136.007568
vn 0.1784242541 0.9839458466 0.003911777865
v 44.73289108 50.97877884 1136.023926
vn 0.3724722266 0.9278366566 0.01958633028
v 44.91955566 50.88031387 1136.039429
vn 0.5501212478 0.8343769908 0.03437573463
v 45.0792923 50.74919128 1136.053223
vn 0.702583313 0.7100124955 0.04752874747
v 45.20534897 50.5958252 1136.064697
vn 0.8235152364 0.5642749667 0.05845024064
v 45.25914383 50.2560997 1137.321167
vn 0.9731994867 0.2170833647 0.07587901503
v 45.19718933 50.44578171 1137.313721
vn 0.915378511 0.3966308534 0.06903716177
v 45.28395462 50.05256271 1137.325684
vn 0.9965484142 0.0216176305 0.08014919609
v 45.26760483 49.84318161 1137.327026
vn 0.9806501269 -0.1780814976 0.0813158229
v 45.20902634 49.63970566 1137.324829
vn 0.9245504737 -0.3727403581 0.07918967307
v 45.11072159 49.45248413 1137.319336
vn 0.8312349916 -0.5509911776 0.07387233526
v 44.97991562 49.29223633 1137.310791
vn 0.7071382999 -0.7040092349 0.06577511877
v 44.82697296 49.16572571 1137.300171
vn 0.5617623329 -0.8254294991 0.05558058992
v 44.66309738 49.07512283 1137.288086
vn 0.3944902718 -0.9178795815 0.04329547659
v 44.47394943 49.01278687 1137.273682
vn 0.2154595554 -0.9760635495 0.02961593866
v 44.2710228 48.98768997 1137.25769
vn 0.02058239095 -0.9996866584 0.01424476318
v 44.06232452 49.00387955 1137.240601
vn -0.1784758568 -0.9839423895 -0.00194493006
v 43.85954285 49.06243134 1137.223633
vn -0.3724857867 -0.9278590083 -0.01822147705
v 43.67301178 49.16085815 1137.207275
vn -0.5501006842 -0.834420681 -0.03363659978
v 43.51340103 49.29190826 1137.192871
vn -0.7025470734 -0.7100565434 -0.04740611836
v 43.38744354 49.44521332 1137.180786
vn -0.823433578 -0.5643476844 -0.05889720842
v 43.29729462 49.6095047 1137.171387
vn -0.9154214263 -0.3966492116 -0.06835925579
v 43.23534012 49.79918671 1137.164062
vn -0.9732513428 -0.2170859426 -0.07520333678
v 43.21052933 50.00272751 1137.159424
vn -0.9966027737 -0.02159805782 -0.07947592437
v 43.22687912 50.21209717 1137.158081
vn -0.9807004929 0.1781114191 -0.08064042777
v 43.28545761 50.41558075 1137.160278
vn -0.924590826 0.3727832139 -0.07851399481
v 43.38376236 50.60279465 1137.165771
vn -0.8312590122 0.5510454774 -0.07319393009
v 43.51456451 50.76305008 1137.174316
vn -0.7071399689 0.7040711641 -0.06509172916
v 43.66751099 50.8895607 1137.185059
vn -0.5617579222 0.8254783154 -0.05489664897
v 43.83138657 50.98015594 1137.197021
vn -0.3944920897 0.9179106355 -0.04261497036
v 44.02053452 51.04249954 1137.211426
vn -0.2154290974 0.9760907292 -0.02893349156
v 44.22346115 51.06760025 1137.227539
vn -0.02055595256 0.9996967316 -0.01356261224
v 44.43215942 51.05141068 1137.244507
vn 0.1785020083 0.9839360118 0.002627606271
v 44.6349411 50.99285507 1137.261597
vn 0.3724972308 0.9278407693 0.01890234463
v 44.82147217 50.89442825 1137.277832
vn 0.5500972867 0.8343952894 0.03431476653
v 44.98108292 50.76337814 1137.292358
vn 0.7025184035 0.7100394964 0.04808093235
v 45.10704041 50.6100769 1137.304443
vn 0.8234022856 0.5643223524 0.05957351625
v 45.15766907 50.27198792 1138.55896
vn 0.9730402827 0.2171456516 0.0777200982
v 45.09575272 50.46159363 1138.551514
vn 0.9152297378 0.3966700435 0.07076285034
v 45.18246841 50.06853104 1138.563599
vn 0.9963930249 0.02167945169 0.08204197139
v 45.16612625 49.85923767 1138.564941
vn 0.9805071354 -0.1780050844 0.08318598568
v 45.10757828 49.65584183 1138.562744
vn 0.9244211316 -0.3726805449 0.08096156269
v 45.00933075 49.46869659 1138.557007
vn 0.8311248422 -0.550939858 0.07547719777
v 44.87859726 49.30851364 1138.548218
vn 0.7070370317 -0.7039811611 0.06715029478
v 44.72573853 49.1820488 1138.537231
vn 0.5616969466 -0.8253983855 0.05669275299
v 44.56195831 49.09147644 1138.524902
vn 0.3944551349 -0.9178578854 0.04406825081
v 44.37291336 49.02915955 1138.510132
vn 0.2154426277 -0.976053834 0.03005730361
v 44.17010498 49.00406647 1138.493652
vn 0.02059937455 -0.9996852875 0.01431887783
v 43.96152115 49.0202446 1138.476318
vn -0.178441301 -0.9839479923 -0.002245514654
v 43.75885773 49.07876205 1138.458862
vn -0.3724184036 -0.9278727174 -0.01888862997
v 43.57242966 49.17714691 1138.442139
vn -0.5500078797 -0.8344407082 -0.03464226797
v 43.41291046 49.3081398 1138.427368
vn -0.7024370432 -0.7100772262 -0.04870830104
v 43.28702545 49.46137238 1138.415039
vn -0.8233127594 -0.5643606782 -0.06044140458
v 43.19692993 49.62560272 1138.405518
vn -0.915283978 -0.3966653347 -0.07008503377
v 43.13501358 49.81520081 1138.397949
vn -0.9731020331 -0.2171101719 -0.07704296708
v 43.11021423 50.01866531 1138.393311
vn -0.9964494705 -0.02162485383 -0.08136817813
v 43.1265564 50.22795105 1138.39209
vn -0.9805459976 0.1781031489 -0.08251543343
v 43.18510437 50.43134689 1138.394287
vn -0.9244478345 0.3727591932 -0.08029204607
v 43.2833519 50.61849213 1138.400024
vn -0.8311251402 0.551030755 -0.07480705529
v 43.41408539 50.77868271 1138.408813
vn -0.7070285678 0.7040532827 -0.06647991389
v 43.56694412 50.90514755 1138.4198
vn -0.5616728663 0.8254608512 -0.05601752177
v 43.73072433 50.99571609 1138.432129
vn -0.3944420218 0.9178957939 -0.04339165986
v 43.91976547 51.0580368 1138.446899
vn -0.2154149711 0.9760805368 -0.02937956527
v 44.12257767 51.08312988 1138.463379
vn -0.02056514658 0.9996954799 -0.01363996882
v 44.3311615 51.06695175 1138.480713
vn 0.1784617007 0.9839425087 0.002926531713
v 44.53382492 51.00842667 1138.498169
vn 0.3724235892 0.9278564453 0.01957212202
v 44.72025299 50.91004944 1138.514771
vn 0.5499889851 0.8344244957 0.03532524034
v 44.87977219 50.77904892 1138.529663
vn 0.7023935914 0.7100734115 0.04938656464
v 45.00565338 50.62581635 1138.541992
vn 0.8232604861 0.5643638968 0.06111941487
v 45.05496979 50.28634262 1139.79248
vn 0.9729503393 0.2171804607 0.07874216139
v 44.99304199 50.47587585 1139.7854
vn 0.9150952697 0.3967214525 0.07219912112
v 45.07979965 50.08295822 1139.796631
vn 0.9963464141 0.02171980403 0.08259561658
v 45.06351089 49.87374878 1139.797363
vn 0.980507493 -0.1779754013 0.08324526995
v 45.00503159 49.67042923 1139.794678
vn 0.9244676232 -0.3726608455 0.08052010834
v 44.90686798 49.48334503 1139.78833
vn 0.8312156796 -0.5509277582 0.07455938309
v 44.77622986 49.3232193 1139.779175
vn 0.7071729898 -0.703971982 0.06580170244
v 44.62346268 49.19680786 1139.767822
vn 0.5618382096 -0.8254186511 0.05497157201
v 44.45977402 49.10626602 1139.755127
vn 0.3946341574 -0.9178776145 0.04200692847
v 44.27083206 49.04397202 1139.73999
vn 0.2156413943 -0.9760776162 0.02777263336
v 44.06811523 49.01888657 1139.723511
vn 0.02080413699 -0.9997130036 0.01187939197
v 43.85962677 49.03505707 1139.705933
vn -0.1782394201 -0.9839757085 -0.004745450802
v 43.65703964 49.09356308 1139.688599
vn -0.3722263873 -0.9278963804 -0.02134882286
v 43.47067642 49.19190216 1139.672119
vn -0.5498194098 -0.8344654441 -0.03696028143
v 43.31119919 49.32285309 1139.657471
vn -0.7022608519 -0.7101050019 -0.05079928041
v 43.18534088 49.47603226 1139.645508
vn -0.823169589 -0.56437397 -0.06224069372
v 43.09524536 49.64019775 1139.636353
vn -0.9151652455 -0.3966831565 -0.07151963562
v 43.03331757 49.82972717 1139.629272
vn -0.9730197191 -0.2171135694 -0.07806613296
v 43.00849152 50.03311157 1139.625122
vn -0.9964040518 -0.02164812386 -0.08191648126
v 43.02477646 50.24232864 1139.624268
vn -0.9805462956 0.1780766249 -0.0825689882
v 43.08325577 50.44564819 1139.627075
vn -0.9244815111 0.3727716804 -0.0798452422
v 43.18142319 50.63272476 1139.633301
vn -0.8312088847 0.551029563 -0.07387980819
v 43.31206131 50.79285812 1139.642578
vn -0.707144618 0.7040635347 -0.06512340158
v 43.46482468 50.91926193 1139.653931
vn -0.5618180037 0.8254772425 -0.05429458246
v 43.62851334 51.00980377 1139.666626
vn -0.3946147859 0.9179168344 -0.04132590815
v 43.81745911 51.07210159 1139.681641
vn -0.215623796 0.9761006832 -0.02708976157
v 44.02017212 51.09718704 1139.698242
vn -0.02078552917 0.9997212887 -0.01119586825
v 44.2286644 51.08101273 1139.715698
vn 0.1782375574 0.9839724898 0.005427828059
v 44.43125153 51.02250671 1139.733154
vn 0.3722008467 0.927890718 0.02203094214
v 44.61761475 50.92416763 1139.749634
vn 0.5497740507 0.834464848 0.03764238581
v 44.77709198 50.79322433 1139.764282
vn 0.7021952271 0.710120976 0.05147831142
v 44.90295029 50.64004517 1139.776245
vn 0.8231035471 0.5643950701 0.06291915476
v 44.95293045 50.29597855 1141.020752
vn 0.9729430676 0.2171516567 0.07891111821
v 44.89094162 50.4854393 1141.014648
vn 0.9150229692 0.3966812193 0.07332773507
v 44.97783661 50.09267044 1141.023804
vn 0.9964169264 0.02166619897 0.08175477386
v 44.9616394 49.88352966 1141.02356
vn 0.9806494713 -0.1780395061 0.08141589165
v 44.90326309 49.68028641 1141.019897
vn 0.9246780872 -0.3727234602 0.07776666433
v 44.80521011 49.49327469 1141.012695
vn 0.8314726353 -0.551010251 0.07099984586
v 44.67468262 49.33320999 1141.002808
vn 0.7074840665 -0.7040395737 0.06160005555
v 44.52202225 49.20684052 1140.990967
vn 0.5621811152 -0.8254829049 0.0503026247
v 44.35842514 49.11634445 1140.977905
vn 0.3949997425 -0.9179359078 0.03699784726
v 44.16957092 49.0540657 1140.962769
vn 0.2160007805 -0.9761305451 0.02264618315
v 43.96693039 49.0289917 1140.946289
vn 0.02115233801 -0.9997529984 0.006819163915
v 43.75850296 49.0451622 1140.929077
vn -0.1779102087 -0.9840005636 -0.009532703087
v 43.55595779 49.10364532 1140.912109
vn -0.3719409704 -0.9279013276 -0.02567088977
v 43.36961746 49.20195007 1140.89624
vn -0.5495800972 -0.8344518542 -0.04064236581
v 43.21013641 49.33285141 1140.882446
vn -0.702072382 -0.7100772262 -0.05370931327
v 43.08425522 49.48597336 1140.871338
vn -0.8230394721 -0.5643321276 -0.06430637091
v 42.99412537 49.65008545 1140.863159
vn -0.915101707 -0.3966238499 -0.07265228033
v 42.93213654 49.83954239 1140.857056
vn -0.9730198979 -0.2170529366 -0.07823268324
v 42.90723038 50.04285812 1140.854004
vn -0.9964749813 -0.02155035362 -0.0810751766
v 42.92342758 50.25198746 1140.854248
vn -0.9806860685 0.178151682 -0.08072687685
v 42.98180389 50.45523834 1140.85791
vn -0.9246866107 0.372846663 -0.07707168907
v 43.07985687 50.64225006 1140.865112
vn -0.8314682841 0.5511062145 -0.07030249387
v 43.21038437 50.80231476 1140.875
vn -0.7074505091 0.7041345835 -0.06089532375
v 43.36304855 50.92868423 1140.886841
vn -0.5621587038 0.8255409002 -0.04959627986
v 43.52664185 51.01919174 1140.899902
vn -0.3949773014 0.9179736972 -0.03629401326
v 43.71549988 51.08145523 1140.915039
vn -0.215989694 0.976148963 -0.02194611169
v 43.9181366 51.10653305 1140.931519
vn -0.02115939371 0.9997573495 -0.006121692713
v 44.12656403 51.09037399 1140.94873
vn 0.1778898388 0.9839972854 0.01022573374
v 44.32910919 51.03188324 1140.965698
vn 0.3718826175 0.9279054999 0.02635656856
v 44.51544952 50.93357468 1140.981567
vn 0.5495098829 0.8344646692 0.04132378101
v 44.67493057 50.80267334 1140.995361
vn 0.7019853592 0.7101115584 0.0543882288
v 44.80081177 50.64955139 1141.00647
vn 0.8229545951 0.5643784404 0.06498219073
v 44.85296631 50.29776764 1142.248291
vn 0.9729905128 0.2171881199 0.07822273672
v 44.7908783 50.48715591 1142.243896
vn 0.9149411917 0.3967181742 0.07414411008
v 44.87799072 50.09454727 1142.249878
vn 0.9965959787 0.0217286367 0.07952591777
v 44.86192703 49.88549042 1142.248047
vn 0.9809568524 -0.1780048609 0.07770403475
v 44.80368805 49.68232346 1142.24292
vn 0.925105691 -0.3726826906 0.07271190733
v 44.70576859 49.49539185 1142.234619
vn 0.8319947124 -0.5509842634 0.0648162812
v 44.57536697 49.33538437 1142.223755
vn 0.7080693245 -0.7040324807 0.0545534268
v 44.42281342 49.2090683 1142.211304
vn 0.5628292561 -0.8254702091 0.04268759862
v 44.25930786 49.11859894 1142.197998
vn 0.3956764042 -0.9179304242 0.02905093879
v 44.07053375 49.05634689 1142.182861
vn 0.2166800648 -0.9761320353 0.01469633542
v 43.86795425 49.03129196 1142.166626
vn 0.02179821208 -0.9997620583 -0.0008432660252
v 43.65956116 49.04744339 1142.150024
vn -0.1773155183 -0.9840141535 -0.01659366302
v 43.45702744 49.10590744 1142.133911
vn -0.3714139462 -0.9279214144 -0.03183546662
v 43.27066422 49.20417023 1142.119385
vn -0.5491598845 -0.8344685435 -0.04566931725
v 43.1111412 49.33502579 1142.106934
vn -0.701759696 -0.710095644 -0.05742365494
v 42.98519516 49.48808289 1142.09729
vn -0.822835803 -0.5643607378 -0.06662006676
v 42.89498138 49.6521225 1142.090454
vn -0.915024817 -0.3966509104 -0.07346853614
v 42.83289337 49.8415184 1142.085938
vn -0.97307235 -0.2170658708 -0.07754129916
v 42.80786896 50.04473877 1142.084473
vn -0.9966542125 -0.02157210372 -0.07883536071
v 42.82393265 50.25379562 1142.086304
vn -0.9809854031 0.1781487465 -0.0770105347
v 42.88217163 50.45696259 1142.091431
vn -0.9251050949 0.3728207052 -0.07200895995
v 42.98009109 50.6438942 1142.099731
vn -0.8319823146 0.5510854721 -0.06411085278
v 43.11049271 50.80389786 1142.110474
vn -0.7080391049 0.7041174769 -0.05384387821
v 43.26304626 50.93021011 1142.123047
vn -0.5627934933 0.8255310059 -0.04197700322
v 43.42655182 51.02067947 1142.136353
vn -0.3956562877 0.9179611802 -0.02834323049
v 43.61532593 51.08293152 1142.151489
vn -0.2166722268 0.9761440754 -0.01399456523
v 43.81790543 51.10799789 1142.167725
vn -0.02181727812 0.9997608066 0.001536791329
v 44.02629852 51.09184265 1142.184326
vn 0.177271083 0.9840103388 0.01728150621
v 44.22883224 51.0333786 1142.200317
vn 0.3713410497 0.9279269576 0.03251679987
v 44.41519547 50.93510818 1142.214966
vn 0.549057126 0.8344989419 0.04634416103
v 44.57471848 50.80426025 1142.227417
vn 0.7016567588 0.7101425529 0.05809767544
v 44.70066452 50.65119553 1142.237061
vn 0.82273072 0.5644334555 0.06729776412
v 44.75705719 50.28855515 1143.4729
vn 0.9731044173 0.217230022 0.07667376846
v 44.69482803 50.47785187 1143.470581
vn 0.9148678184 0.3967915177 0.07465497404
v 44.78223801 50.08542633 1143.472168
vn 0.9968771338 0.02181360126 0.07589549571
v 44.76634216 49.87647629 1143.468384
vn 0.9814041257 -0.1778950542 0.07210578769
v 44.70826721 49.67340088 1143.461426
vn 0.9257009625 -0.3725687861 0.06534692645
v 44.61050797 49.48654938 1143.45166
vn 0.8327194452 -0.5508557558 0.05600215867
v 44.48024368 49.32662201 1143.439697
vn 0.7088742256 -0.7039195299 0.04466148093
v 44.32780838 49.20035553 1143.426514
vn 0.563688755 -0.8253623843 0.03212302178
v 44.16439056 49.10992813 1143.412964
vn 0.3965659738 -0.9178265333 0.01816237345
v 43.97568512 49.04769897 1143.397827
vn 0.2175615877 -0.976038754 0.003915378358
v 43.77314758 49.02264023 1143.382202
vn 0.02263402939 -0.9996820688 -0.01111048646
v 43.56476212 49.03878021 1143.366577
vn -0.1765531003 -0.9839496017 -0.02592712454
v 43.36220551 49.09721756 1143.351929
vn -0.3707615137 -0.9278730154 -0.03984474763
v 43.17578506 49.19543076 1143.338989
vn -0.5486298203 -0.8344445229 -0.05203519389
v 43.01617432 49.32620621 1143.328491
vn -0.7013809085 -0.710090518 -0.06193783134
v 42.89012146 49.47919464 1143.320923
vn -0.8226268291 -0.5643558502 -0.06919252127
v 42.79978943 49.64315033 1143.316162
vn -0.914973855 -0.3966749907 -0.07397134602
v 42.73756027 49.83244705 1143.313721
vn -0.9731824398 -0.2171214819 -0.07598813623
v 42.71237946 50.03557587 1143.314453
vn -0.996933639 -0.02163395286 -0.07520202547
v 42.72827911 50.24452591 1143.318237
vn -0.9814252257 0.1780622303 -0.07140318304
v 42.78635025 50.44760132 1143.325195
vn -0.9256892204 0.3727214038 -0.06463932991
v 42.88411331 50.63445282 1143.334961
vn -0.8326827884 0.5509826541 -0.0552942045
v 43.01437759 50.794384 1143.346924
vn -0.7088384032 0.7040001154 -0.04395399988
v 43.1668129 50.92064667 1143.360107
vn -0.5636541843 0.8254131079 -0.03141930327
v 43.3302269 51.01107407 1143.373657
vn -0.3965344727 0.9178537726 -0.01746109501
v 43.51893616 51.07329941 1143.388794
vn -0.2175583243 0.9760420322 -0.003218267113
v 43.72147369 51.09836197 1143.404419
vn -0.02266838402 0.9996734262 0.01179943606
v 43.92985535 51.08222198 1143.420044
vn 0.1764954329 0.9839417338 0.026609689
v 44.13241577 51.02378845 1143.434692
vn 0.3706711531 0.9278797507 0.04052297398
v 44.3188324 50.92557144 1143.447632
vn 0.5485136509 0.8344783187 0.0527129136
v 44.47844315 50.79479599 1143.45813
vn 0.7012670636 0.7101436853 0.06261371076
v 44.604496 50.64180756 1143.465698
vn 0.8225044012 0.5644510984 0.06986780465
v 44.66722488 50.26528549 1144.691162
vn 0.9732818007 0.2172774076 0.07425019145
v 44.60481644 50.45445251 1144.691528
vn 0.9148691893 0.3967541754 0.07483659685
v 44.69259644 50.06229401 1144.687744
vn 0.9972482324 0.02186642773 0.07083661109
v 44.67689133 49.85346985 1144.681396
vn 0.9819481373 -0.1777837723 0.06458155066
v 44.61901093 49.65052032 1144.672119
vn 0.9263990521 -0.3724096119 0.05564017221
v 44.52142715 49.46378326 1144.660522
vn 0.8335446715 -0.550655067 0.04452269524
v 44.39131546 49.303936 1144.647217
vn 0.7097877264 -0.7036930919 0.03189753368
v 44.23900223 49.177742 1144.633301
vn 0.5646513104 -0.825120151 0.01859039813
v 44.07567215 49.08735657 1144.619385
vn 0.3975403309 -0.9175745845 0.004311526194
v 43.88702774 49.0251503 1144.604492
vn 0.2185172588 -0.9757847786 -0.009711042978
v 43.68451691 49.00009155 1144.5896
vn 0.02352988906 -0.9994351268 -0.023995772
v 43.47612 49.01620483 1144.575317
vn -0.1757540852 -0.9837179184 -0.03754369169
v 43.27350616 49.0745697 1144.5625
vn -0.3700845242 -0.9276672602 -0.0497087203
v 43.0870018 49.1727066 1144.55188
vn -0.548119545 -0.8342624903 -0.0597582832
v 42.92726898 49.30338287 1144.543945
vn -0.7010210752 -0.7099624872 -0.06725120544
v 42.80107498 49.45624924 1144.538818
vn -0.8224338293 -0.5642859936 -0.0719993934
v 42.71059036 49.62010193 1144.536621
vn -0.9149879217 -0.3966092765 -0.07414992154
v 42.64818192 49.80927277 1144.537109
vn -0.9733709097 -0.2171143144 -0.07355553657
v 42.62281036 50.01226044 1144.540405
vn -0.9973013401 -0.02169116586 -0.07013966143
v 42.63851166 50.22108459 1144.546875
vn -0.9819584489 0.1779825389 -0.06387317181
v 42.69639587 50.42403412 1144.556152
vn -0.9263727665 0.3725824058 -0.05491713807
v 42.79397964 50.61077118 1144.567749
vn -0.8334959745 0.5507872701 -0.04379279912
v 42.92409134 50.77061844 1144.581055
vn -0.7097300291 0.7037841678 -0.03116333671
v 43.07640457 50.89681244 1144.594971
vn -0.5646060705 0.8251673579 -0.01785452291
v 43.23973465 50.98719788 1144.608765
vn -0.3975015879 0.917594552 -0.003575301729
v 43.42837906 51.04940033 1144.623657
vn -0.2185017616 0.9757806659 0.01044390537
v 43.63088989 51.07446289 1144.638672
vn -0.0235697832 0.9994165301 0.0247198157
v 43.8392868 51.05835342 1144.652954
vn 0.1756853759 0.9837026596 0.03825844079
v 44.04189682 50.99998856 1144.665771
vn 0.3699862063 0.9276685119 0.05041198805
v 44.228405 50.90185165 1144.676392
vn 0.5479912162 0.8342968822 0.06045131758
v 44.38813782 50.77117157 1144.684326
vn 0.7008991838 0.7100167871 0.06794474274
v 44.51433182 50.61829758 1144.689331
vn 0.8223224282 0.5643601418 0.07268764079
v 44.58498764 50.22483063 1145.906616
vn 0.9734942317 0.2174272984 0.07095348835
v 44.52237701 50.4138031 1145.910522
vn 0.9148693681 0.396784246 0.07467468828
v 44.61058044 50.02203751 1145.899902
vn 0.9976785183 0.02213539183 0.06440224499
v 44.5951004 49.81341553 1145.890259
vn 0.9825795889 -0.1774550974 0.05519977584
v 44.53742981 49.61065292 1145.878052
vn 0.9272025228 -0.3720064461 0.04366593808
v 44.44004059 49.42407608 1145.864136
vn 0.83449471 -0.5501728058 0.03047015332
v 44.31009293 49.26435471 1145.849243
vn 0.7108297348 -0.7031739354 0.01635586284
v 44.15790558 49.13824463 1145.834229
vn 0.5657525659 -0.8245721459 0.002188131912
v 43.99466705 49.04791641 1145.820068
vn 0.3986556232 -0.9170169234 -0.01239439379
v 43.80607986 48.98572922 1145.805542
vn 0.2196064442 -0.9752398729 -0.02607975714
v 43.60358429 48.96064377 1145.791504
vn 0.02457471564 -0.9989213943 -0.03939776123
v 43.39516068 48.9766922 1145.778931
vn -0.1748342961 -0.9832577705 -0.05135349184
v 43.19247818 49.03495789 1145.768433
vn -0.3692969084 -0.927284956 -0.06133836135
v 43.00585556 49.13295364 1145.760498
vn -0.5475056171 -0.8339728117 -0.06875282526
v 42.84597778 49.26347733 1145.755737
vn -0.7006271482 -0.7097504735 -0.07332027704
v 42.71961594 49.41617584 1145.754028
vn -0.8222298622 -0.5641896129 -0.07502088696
v 42.62895203 49.5798378 1145.755005
vn -0.9149872661 -0.3966426551 -0.07397939265
v 42.56633759 49.76881027 1145.758911
vn -0.9735916853 -0.2172180712 -0.07025315613
v 42.5407486 49.97160339 1145.765747
vn -0.997729063 -0.0219188612 -0.06368935108
v 42.55622864 50.180233 1145.775391
vn -0.9825851917 0.1776465178 -0.05448015034
v 42.61389923 50.38299561 1145.787476
vn -0.9271709919 0.3721698821 -0.04293677211
v 42.71128845 50.56957245 1145.801392
vn -0.8344371915 0.5503006577 -0.02972831391
v 42.84123611 50.72929382 1145.816284
vn -0.7107772827 0.7032439113 -0.01560854539
v 42.99342346 50.8554039 1145.831299
vn -0.565713644 0.8246005177 -0.001436798018
v 43.15666199 50.94573212 1145.845459
vn -0.3986367881 0.9170146585 0.01314541884
v 43.34524918 51.00791931 1145.860107
vn -0.2196234614 0.9752157927 0.02682775818
v 43.54774475 51.03300476 1145.874023
vn -0.02463921905 0.9988903403 0.04013707861
v 43.75616837 51.01695633 1145.886719
vn 0.1747211069 0.9832397103 0.05207851902
v 43.95885086 50.95868301 1145.897217
vn 0.369166106 0.9272893667 0.06205508858
v 44.14547348 50.86068726 1145.905029
vn 0.5473511815 0.8340157866 0.06945776194
v 44.30535126 50.73016357 1145.90979
vn 0.7004578114 0.7098455429 0.07401496917
v 44.4317131 50.57747269 1145.911499
vn 0.8220922351 0.5642974973 0.0757149756
v 44.51216507 50.16447067 1147.117432
vn 0.973751545 0.2175944597 0.06678727269
v 44.44934082 50.35316086 1147.125244
vn 0.9149076939 0.3967972696 0.07413366437
v 44.53797531 49.96195602 1147.106689
vn 0.9981428981 0.02248008922 0.05661601946
v 44.52272034 49.75360489 1147.093384
vn 0.9832386971 -0.1769220978 0.04404771701
v 44.46526718 49.55108643 1147.078125
vn 0.9280245304 -0.371344924 0.02955370955
v 44.36807251 49.36471939 1147.061523
vn 0.8354398608 -0.5494037867 0.0139916027
v 44.23828888 49.20516205 1147.044678
vn 0.7118701935 -0.702308774 -0.001788922353
v 44.08622742 49.0791626 1147.028687
vn 0.5668302774 -0.8236612678 -0.01689839736
v 43.92307281 48.98888397 1147.014282
vn 0.3997431397 -0.9160767794 -0.03176119924
v 43.73453903 48.92670441 1147
vn 0.2206495702 -0.9743145704 -0.04499848559
v 43.5320549 48.901577 1146.987305
vn 0.02554904111 -0.9980397224 -0.05713108182
v 43.32359695 48.91751099 1146.976562
vn -0.1739613563 -0.9824588895 -0.06717126071
v 43.12083435 48.97563171 1146.96875
vn -0.368601948 -0.9265905619 -0.07458219677
v 42.93409348 49.07341766 1146.964233
vn -0.5469688773 -0.83342731 -0.07889186591
v 42.77406311 49.20370102 1146.963135
vn -0.7002705932 -0.7093784213 -0.08002112806
v 42.64752197 49.35614014 1146.96521
vn -0.8220778704 -0.5639821887 -0.07817946374
v 42.55667496 49.51955414 1146.969971
vn -0.9150375724 -0.3966270387 -0.07343877852
v 42.49385071 49.70824814 1146.977783
vn -0.9738438129 -0.2173962891 -0.06608389318
v 42.46804047 49.91075897 1146.988525
vn -0.9981882572 -0.0222591348 -0.0558989495
v 42.48329544 50.11911011 1147.001831
vn -0.9832378626 0.1771066934 -0.04331940413
v 42.54074478 50.32163239 1147.017212
vn -0.9279938936 0.3714787662 -0.02882509306
v 42.63793945 50.50799561 1147.033691
vn -0.8353979588 0.5494855046 -0.0132642528
v 42.76772308 50.66755676 1147.050537
vn -0.7118374705 0.7023397088 0.002511714818
v 42.91978455 50.7935524 1147.066528
vn -0.5668338537 0.8236438632 0.01761258394
v 43.08294296 50.88383865 1147.081055
vn -0.3997689188 0.9160407782 0.03246702999
v 43.27147675 50.9460144 1147.095215
vn -0.2207274586 0.9742646217 0.04569334537
v 43.47396088 50.97114944 1147.108032
vn -0.02567887865 0.9979967475 0.057819359
v 43.68241501 50.95520401 1147.118652
vn 0.1737882495 0.9824427962 0.06785169244
v 43.88517761 50.89709473 1147.126465
vn 0.3683875501 0.9266212583 0.0752576068
v 44.0719223 50.79930115 1147.130981
vn 0.5467512012 0.8335057497 0.07956964523
v 44.23195267 50.66901779 1147.13208
vn 0.7000678182 0.7095011473 0.0807043612
v 44.3584938 50.51657867 1147.130005
vn 0.8219099045 0.5641312599 0.07886705548
v 44.45022583 50.08163834 1148.325806
vn 0.974014461 0.2179603726 0.06155557558
v 44.38722229 50.2699852 1148.337646
vn 0.9149750471 0.3968919218 0.07278374583
v 44.47622681 49.87947464 1148.311157
vn 0.9986031055 0.023087712 0.04752643406
v 44.46116257 49.67146301 1148.294189
vn 0.9838771224 -0.1760685295 0.03139640763
v 44.40389633 49.4692421 1148.275635
vn 0.9288193583 -0.37027511 0.01381961256
v 44.30686569 49.2831192 1148.256592
vn 0.8363515139 -0.5481777191 -0.004168628249
v 44.17721939 49.12373352 1148.238159
vn 0.7128633261 -0.7009698153 -0.02161487006
v 44.02526474 48.99784088 1148.221313
vn 0.567871809 -0.8222578168 -0.03759942949
v 43.8621788 48.90761185 1148.206665
vn 0.4007847011 -0.9146611094 -0.05259949714
v 43.67368698 48.84540176 1148.193115
vn 0.221649155 -0.9729434848 -0.06521192193
v 43.47121048 48.8201828 1148.181885
vn 0.02646321617 -0.9967619181 -0.07593023032
v 43.26272202 48.8359642 1148.173462
vn -0.1731481403 -0.9813261628 -0.08377788216
v 43.05989075 48.8938446 1148.168701
vn -0.3679250777 -0.9256539345 -0.08829467744
v 42.87304306 48.99134827 1148.167725
vn -0.5464739799 -0.832714498 -0.08917830139
v 42.71287918 49.12131119 1148.170532
vn -0.6999483705 -0.7089304924 -0.0865438655
v 42.58618546 49.27342224 1148.176636
vn -0.821947217 -0.5637977123 -0.08083888888
v 42.49517822 49.43650436 1148.185181
vn -0.9151040912 -0.3967213333 -0.07208769023
v 42.43217468 49.62484741 1148.197021
vn -0.9741011858 -0.2177718431 -0.06084622815
v 42.40617371 49.82699966 1148.21167
vn -0.9986416101 -0.02289250866 -0.04680711776
v 42.42123795 50.03502274 1148.22876
vn -0.9838707447 0.1762320697 -0.03066901118
v 42.47850418 50.23723984 1148.247192
vn -0.9287894368 0.3703764975 -0.01309236698
v 42.57553482 50.42336655 1148.266235
vn -0.8363183737 0.5482223034 0.004889171571
v 42.70518112 50.58274078 1148.284668
vn -0.7128491402 0.700962007 0.0223241169
v 42.85713959 50.70863342 1148.301514
vn -0.5678955317 0.8222092986 0.03829579428
v 43.02022171 50.79887772 1148.316162
vn -0.4008549452 0.9145908952 0.05328060314
v 43.20871353 50.86107254 1148.329712
vn -0.2217642665 0.9728724957 0.06587634236
v 43.41119003 50.88629913 1148.340942
vn -0.02664514072 0.996707201 0.07658167183
v 43.6196785 50.87051773 1148.349365
vn 0.1729355901 0.9813081026 0.08442537487
v 43.82250977 50.81263733 1148.354126
vn 0.3676863015 0.925686717 0.08894342184
v 44.00935745 50.71512604 1148.355103
vn 0.546214819 0.8328140378 0.08983393013
v 44.16952515 50.58517075 1148.352295
vn 0.6997376084 0.7090570331 0.08720904589
v 44.29621506 50.43306351 1148.346191
vn 0.8217704892 0.563957274 0.08151971549
v 44.4008255 49.97633362 1149.53186
vn 0.9742907286 0.2185299695 0.05479309708
v 44.33769226 50.16426086 1149.547607
vn 0.9150943756 0.3971510231 0.06980942935
v 44.42696762 49.77458191 1149.513428
vn 0.9990251064 0.02397718281 0.03706636652
v 44.41204453 49.56694412 1149.493042
vn 0.9844306111 -0.1748911887 0.0175917428
v 44.35491562 49.36505127 1149.471802
vn 0.9294841886 -0.3688513041 -0.00280513824
v 44.25800705 49.17918396 1149.450684
vn 0.8371013999 -0.5465673804 -0.02291984297
v 44.12846756 49.0199852 1149.430908
vn 0.7136727571 -0.6992360353 -0.04171526805
v 43.9765892 48.89418411 1149.413574
vn 0.5687003136 -0.8204787374 -0.05826297402
v 43.81356049 48.80395126 1149.39917
vn 0.4016155899 -0.912889719 -0.07305637747
v 43.625103 48.7416954 1149.386597
vn 0.2224403769 -0.9712558985 -0.08474826068
v 43.42263794 48.71632004 1149.377197
vn 0.02717265859 -0.9952238202 -0.09376110882
v 43.2141304 48.73186874 1149.371338
vn -0.1725243628 -0.9800008535 -0.09916467965
v 43.01124954 48.78944778 1149.369751
vn -0.367412746 -0.924603045 -0.1005837172
v 42.82432938 48.88658524 1149.372437
vn -0.5461138487 -0.8319715261 -0.09789296985
v 42.66406631 49.01614761 1149.379272
vn -0.6997442842 -0.7085207105 -0.09141325951
v 42.53726578 49.16784286 1149.389282
vn -0.8219009042 -0.5637221336 -0.08183083683
v 42.4461441 49.33053589 1149.401733
vn -0.915225029 -0.3969734311 -0.0691029951
v 42.38301086 49.51845169 1149.41748
vn -0.9743666053 -0.218370378 -0.05407459289
v 42.35686874 49.72021484 1149.435791
vn -0.9990550876 -0.02383910865 -0.03634122014
v 42.37178802 49.92784119 1149.456177
vn -0.9844204783 0.1750198901 -0.01686472632
v 42.42892075 50.12973785 1149.477539
vn -0.9294540286 0.3689210415 0.003527569119
v 42.5258255 50.31560135 1149.498657
vn -0.8370751739 0.5465772152 0.02363273501
v 42.6553688 50.47480774 1149.518433
vn -0.7136646509 0.6992022395 0.04241497442
v 42.80724716 50.60060883 1149.535767
vn -0.5687279105 0.8204107285 0.05894744396
v 42.97027588 50.69083405 1149.550049
vn -0.4016842544 0.9128052592 0.073731713
v 43.15873337 50.75310135 1149.562622
vn -0.2225828469 0.9711651802 0.08541131765
v 43.36119843 50.77846527 1149.572144
vn -0.02739029005 0.9951559901 0.09441542625
v 43.56970596 50.76292419 1149.578003
vn 0.1722876132 0.979976058 0.09981965274
v 43.77258301 50.70533752 1149.57959
vn 0.3671838641 0.9246221781 0.1012416333
v 43.95950699 50.60820007 1149.576782
vn 0.5458562374 0.8320618272 0.09856025875
v 44.11976624 50.4786377 1149.570068
vn 0.6995224357 0.7086516619 0.09209363163
v 44.24657059 50.32694244 1149.559937
vn 0.8217395544 0.5638570786 0.08251865953
v 44.3656311 49.85092545 1150.735962
vn 0.9745292664 0.2194395959 0.04624964669
v 44.30241394 50.0383873 1150.755371
vn 0.9152373075 0.3976757526 0.06476663798
v 44.39186096 49.64961624 1150.714111
vn 0.9993646741 0.02522137202 0.02518153191
v 44.37703323 49.442379 1150.690674
vn 0.9848557711 -0.1733532697 0.002782743191
v 44.31999588 49.24082184 1150.666992
vn 0.9299794436 -0.367068857 -0.01996640302
v 44.22317886 49.05521011 1150.644165
vn 0.8376463056 -0.5446171165 -0.0417239815
v 44.09371567 48.89616394 1150.623535
vn 0.7142420411 -0.6972013116 -0.06138898432
v 43.94190598 48.77042007 1150.606079
vn 0.569288075 -0.8184248209 -0.0780506283
v 43.77892685 48.68016815 1150.592407
vn 0.4021603465 -0.9109124541 -0.09222577512
v 43.59050751 48.61778259 1150.581177
vn 0.2229926139 -0.9694037437 -0.1026190072
v 43.38806152 48.59220505 1150.57373
vn 0.02765007317 -0.9935901165 -0.1096092463
v 43.1795578 48.60745239 1150.570801
vn -0.1721355915 -0.9786483049 -0.112324886
v 42.97666168 48.66465378 1150.572632
vn -0.3670978844 -0.9235973358 -0.1104856879
v 42.78970718 48.76136017 1150.579102
vn -0.5458968878 -0.8313528299 -0.1041591167
v 42.62939453 48.89045334 1150.589966
vn -0.6996532679 -0.7082890868 -0.09387147427
v 42.50253296 49.04167557 1150.603882
vn -0.8219040632 -0.5639044046 -0.08053293824
v 42.41134262 49.20391846 1150.619873
vn -0.9153472185 -0.3975400627 -0.06404211372
v 42.34812546 49.39138031 1150.639404
vn -0.9745987058 -0.2192841917 -0.04551664367
v 42.3218956 49.59268951 1150.661255
vn -0.9993855953 -0.02511030063 -0.02445216849
v 42.33671951 49.79993439 1150.68457
vn -0.9848435521 0.1734327376 -0.002059807768
v 42.39375687 50.00149155 1150.708374
vn -0.9299503565 0.3671033084 0.02067716606
v 42.49057388 50.18710327 1150.731201
vn -0.8376258612 0.5445950031 0.04241680726
v 42.62003708 50.34614944 1150.751831
vn -0.7142512798 0.697132051 0.06206490472
v 42.77185059 50.47188568 1150.769287
vn -0.5693221092 0.8183375597 0.07871440798
v 42.93482971 50.56214523 1150.782959
vn -0.4022600949 0.9108021855 0.09287711978
v 43.12324905 50.62452316 1150.794189
vn -0.2231135219 0.969306767 0.1032704115
v 43.32569122 50.65010834 1150.801514
vn -0.02787416428 0.9935119152 0.110259518
v 43.53419495 50.63485336 1150.804565
vn 0.1718703955 0.9786188602 0.1129855961
v 43.73709106 50.57765579 1150.802734
vn 0.3668602407 0.9236108661 0.1111598834
v 43.92404938 50.4809494 1150.796143
vn 0.5456579328 0.8314229846 0.1048485711
v 44.08435822 50.35186005 1150.7854
vn 0.6994255781 0.7084195614 0.09458146989
v 44.2112236 50.20063782 1150.771484
vn 0.8217545748 0.5640191436 0.08125197142
v 44.34635544 49.70810699 1151.936768
vn 0.9746914506 0.2206545472 0.03589031845
v 44.28311157 49.89508438 1151.959717
vn 0.9153484702 0.3985171318 0.0576302968
v 44.37263107 49.50724411 1151.911743
vn 0.9995705485 0.02679943293 0.01185312029
v 44.35785294 49.30041122 1151.885742
vn 0.9850982428 -0.1714975834 -0.0130415298
v 44.3008728 49.09917068 1151.859985
vn 0.9302502275 -0.3649873435 -0.03766658902
v 44.20412064 48.91377258 1151.835938
vn 0.8379335999 -0.5424008369 -0.0605687499
v 44.07471848 48.75484085 1151.814819
vn 0.7145258188 -0.694948256 -0.08062136173
v 43.922966 48.62910843 1151.797852
vn 0.569562912 -0.8162105083 -0.09694594145
v 43.76004028 48.53877258 1151.785034
vn 0.4024224579 -0.9088122249 -0.1100748926
v 43.57167053 48.47621918 1151.775635
vn 0.2232145667 -0.9675009847 -0.1188155785
v 43.36927414 48.45036316 1151.77063
vn 0.02786345594 -0.991959095 -0.1234535128
v 43.16080856 48.46523666 1151.770752
vn -0.171987012 -0.9773606658 -0.1232340336
v 42.95793915 48.52199173 1151.776123
vn -0.3669786453 -0.922717154 -0.1179818735
v 42.77099609 48.61819839 1151.786499
vn -0.5458254218 -0.8309143186 -0.1079632044
v 42.61068726 48.74676895 1151.80127
vn -0.6996554136 -0.7082822919 -0.0939065367
v 42.48381424 48.89748001 1151.819092
vn -0.8219531178 -0.5643343329 -0.07694068551
v 42.39260101 49.05923462 1151.838623
vn -0.9154422283 -0.3984076679 -0.05689369515
v 42.32935715 49.24621201 1151.86145
vn -0.9747447968 -0.220538035 -0.0351501368
v 42.30308151 49.44707489 1151.886475
vn -0.9995814562 -0.02670679614 -0.01111992542
v 42.31785583 49.65390778 1151.912476
vn -0.985080421 0.1715438217 0.01375942584
v 42.37483597 49.85514832 1151.938232
vn -0.9302220345 0.3649862409 0.03836632892
v 42.47159195 50.04054642 1151.96228
vn -0.8379167318 0.542350769 0.0612471588
v 42.60099411 50.19947815 1151.983398
vn -0.7145630717 0.6948334575 0.08127794415
v 42.75274658 50.32520676 1152.000488
vn -0.5696217418 0.8160924315 0.09759184718
v 42.9156723 50.41553879 1152.013184
vn -0.4025357962 0.9086843133 0.1107147262
v 43.10404205 50.47809982 1152.022705
vn -0.2233721763 0.9673857093 0.1194559932
v 43.30643845 50.50395584 1152.027588
vn -0.0280803591 0.9918724298 0.1240989268
v 43.51490402 50.48907471 1152.027588
vn 0.1716983616 0.9773278832 0.1238946542
v 43.71777344 50.43232346 1152.022217
vn 0.3667398989 0.922724843 0.1186621711
v 43.90471649 50.33612061 1152.011719
vn 0.5456036329 0.8309689164 0.1086614281
v 44.06502533 50.20755005 1151.996948
vn 0.6994437575 0.7083957791 0.09462481737
v 44.19189835 50.05683899 1151.979126
vn 0.8217970133 0.5644609332 0.077675879
v 44.34467316 49.55027771 1153.135132
vn 0.9747040272 0.2222322524 0.02376708388
v 44.28144836 49.736763 1153.161255
vn 0.9153492451 0.3997345567 0.04845626652
v 44.37094116 49.34985733 1153.107422
vn 0.9995830655 0.02872965485 -0.002882920438
v 44.35617828 49.14339447 1153.079102
vn 0.9851133227 -0.1692947894 -0.02985049039
v 44.29922485 48.94243622 1153.05188
vn 0.930262804 -0.3626120389 -0.05588958785
v 44.20251465 48.75721741 1153.0271
vn 0.8379449248 -0.5399399996 -0.07945517451
v 44.07316589 48.59833145 1153.006104
vn 0.7145473957 -0.6924875975 -0.099413082
v 43.92147827 48.47255325 1152.989868
vn 0.5695593357 -0.8138697743 -0.1149703935
v 43.7586174 48.38207626 1152.978516
vn 0.4024327099 -0.906647563 -0.1266418248
v 43.57032394 48.31926346 1152.971191
vn 0.2232120782 -0.96560359 -0.1333642751
v 43.36800766 48.2930603 1152.968872
vn 0.02789339609 -0.990405798 -0.1353452057
v 43.15962219 48.3074913 1152.97229
vn -0.1719966978 -0.9762195349 -0.1319567412
v 42.95683289 48.3637352 1152.981445
vn -0.3669832349 -0.9220414162 -0.1231379509
v 42.76996231 48.45938492 1152.995728
vn -0.5458137393 -0.8307382464 -0.109367691
v 42.60971069 48.58737946 1153.014404
vn -0.6996438503 -0.7085980773 -0.09158195555
v 42.48288345 48.73754883 1153.036011
vn -0.8219507337 -0.5651015043 -0.07111481577
v 42.39170456 48.89881516 1153.058716
vn -0.9154337645 -0.3996293545 -0.04772185907
v 42.32847977 49.08529663 1153.084839
vn -0.9747424126 -0.2221412063 -0.0230340492
v 42.30221176 49.28570938 1153.112549
vn -0.9995826483 -0.0286618676 0.003612369066
v 42.31697464 49.49217987 1153.140747
vn -0.9850872755 0.1693187952 0.03056574054
v 42.37392807 49.69313049 1153.167969
vn -0.930239141 0.362564832 0.05658490956
v 42.47063828 49.87836075 1153.192871
vn -0.8379388452 0.5398496389 0.08013021946
v 42.59998322 50.03723526 1153.213745
vn -0.7145792246 0.6923595667 0.1000736654
v 42.75167465 50.16302109 1153.230103
vn -0.5696670413 0.8137029409 0.1156158969
v 42.91453552 50.25349808 1153.241455
vn -0.4025394619 0.9065104723 0.1272821575
v 43.10282516 50.31630707 1153.248779
vn -0.2233793586 0.9654758573 0.1340075731
v 43.30514526 50.34251404 1153.250977
vn -0.02809213661 0.9903107882 0.1359976083
v 43.51353073 50.32807541 1153.247681
vn 0.171690762 0.9761834741 0.1326203197
v 43.71632004 50.27183151 1153.238525
vn 0.3667396307 0.9220472574 0.1238182113
v 43.90319061 50.17618942 1153.224121
vn 0.5456076264 0.8307814002 0.1100662202
v 44.06343842 50.04819107 1153.205444
vn 0.6994493604 0.708697021 0.09229937941
v 44.19026566 49.89802551 1153.18396
vn 0.8218132854 0.5652093291 0.0718428418
v 44.36220932 49.37968826 1154.332031
vn 0.9744926095 0.2241975814 0.009979352355
v 44.29905319 49.56568527 1154.36084
vn 0.9151777625 0.4013161063 0.03735074773
v 44.38843155 49.17969131 1154.30188
vn 0.9993391037 0.03101893701 -0.01895167306
v 44.3736496 48.97355652 1154.271851
vn 0.9848472476 -0.1667647362 -0.04759646952
v 44.3167038 48.77283096 1154.24353
vn 0.929984808 -0.3599466681 -0.07460965961
v 44.22002792 48.58770752 1154.218506
vn 0.8376650214 -0.5372505188 -0.09838301688
v 44.09074783 48.42881775 1154.19812
vn 0.7142751217 -0.6898792982 -0.1178034618
v 43.93913651 48.30290604 1154.183105
vn 0.5693288445 -0.8114162683 -0.1321676821
v 43.776371 48.21220398 1154.173584
vn 0.4022071362 -0.9044693112 -0.1420024037
v 43.58819199 48.14906693 1154.168701
vn 0.2230048776 -0.9637659192 -0.1463696808
v 43.38600159 48.12243271 1154.169556
vn 0.02775170468 -0.9889854193 -0.145388037
v 43.17775726 48.13636017 1154.176392
vn -0.1720469743 -0.9752904773 -0.1385941654
v 42.97510529 48.19202805 1154.189453
vn -0.3670206666 -0.9216300249 -0.1260710061
v 42.78837204 48.28706741 1154.207764
vn -0.5457882285 -0.8308688998 -0.1084991321
v 42.62824631 48.41446304 1154.230347
vn -0.6995443106 -0.7092710733 -0.08701885492
v 42.50152206 48.56406403 1154.255371
vn -0.8218051791 -0.5662566423 -0.06316404045
v 42.41042709 48.72483063 1154.281128
vn -0.9152420163 -0.4012368321 -0.0366198495
v 42.34726715 48.91082764 1154.310059
vn -0.9745147228 -0.224132672 -0.009249857627
v 42.32104492 49.1108284 1154.34021
vn -0.9993265271 -0.03097376972 0.01967661828
v 42.33583069 49.31695938 1154.370239
vn -0.9848117232 0.1667693853 0.04831010103
v 42.39277267 49.51768494 1154.398438
vn -0.9299521446 0.3598858118 0.07530741394
v 42.48944855 49.70280075 1154.423462
vn -0.8376681805 0.5371203423 0.09906430542
v 42.61873245 49.86169815 1154.443848
vn -0.7143042684 0.6897343397 0.1184733808
v 42.77033997 49.98761368 1154.458862
vn -0.5694253445 0.8112404943 0.1328293234
v 42.93310928 50.07831573 1154.468506
vn -0.4023569226 0.9042990208 0.1426610798
v 43.1212883 50.14144897 1154.473389
vn -0.2232034951 0.9636202455 0.1470246911
v 43.32347488 50.16808319 1154.472534
vn -0.02793532424 0.9888819456 0.1460550725
v 43.53172302 50.15415573 1154.465576
vn 0.1717801392 0.9752397537 0.1392802298
v 43.73437119 50.09848785 1154.452637
vn 0.3667527437 0.9216408134 0.126770094
v 43.92110825 50.0034523 1154.434326
vn 0.5455721021 0.8309176564 0.1092104018
v 44.08123398 49.87605286 1154.411743
vn 0.6993733048 0.7093507051 0.08774138242
v 44.20795441 49.72645187 1154.386719
vn 0.8216997385 0.5663284063 0.06388803571
v 44.40052032 49.19859695 1155.526855
vn 0.973985076 0.2265474647 -0.005414390471
v 44.33747101 49.38414001 1155.55835
vn 0.9147484899 0.4032870233 0.02438803203
v 44.42666245 48.99899673 1155.494751
vn 0.9987738729 0.03365603089 -0.03630402312
v 44.41184235 48.79315948 1155.463379
vn 0.9842459559 -0.1639239043 -0.0662484616
v 44.35490417 48.59259033 1155.43457
vn 0.9293661118 -0.3570393622 -0.09381625801
v 44.25827408 48.40751266 1155.40979
vn 0.8370625377 -0.5343729258 -0.1173539236
v 44.12907791 48.24852371 1155.390503
vn 0.7137110233 -0.6871487498 -0.1358057112
v 43.97758484 48.12239838 1155.377197
vn 0.5688273907 -0.8089262247 -0.1485725641
v 43.81495667 48.03141785 1155.369751
vn 0.401800245 -0.9023105502 -0.156180203
v 43.62694931 47.96788025 1155.367676
vn 0.2226751745 -0.9620261788 -0.1578651518
v 43.42494965 47.94075012 1155.371948
vn 0.02747053653 -0.9877431393 -0.1536518186
v 43.21691132 47.95409393 1155.38269
vn -0.1721413732 -0.974603653 -0.1432308108
v 43.01447678 48.00912857 1155.399658
vn -0.3669871092 -0.9215362072 -0.1268520504
v 42.82794952 48.10351181 1155.421997
vn -0.5456428528 -0.8313601017 -0.1054240242
v 42.66801453 48.2302742 1155.448364
vn -0.6992839575 -0.7103208303 -0.08028873056
v 42.54145432 48.37929916 1155.476807
vn -0.8214447498 -0.5678049922 -0.05315969139
v 42.45048523 48.53956604 1155.505493
vn -0.9147897363 -0.4032372236 -0.02365217917
v 42.38743591 48.72510529 1155.536987
vn -0.9739891291 -0.2265112698 0.006145688239
v 42.36129379 48.92470932 1155.569092
vn -0.9987477064 -0.03364510834 0.03702664003
v 42.37611389 49.13054276 1155.600464
vn -0.9842008352 0.163906455 0.06695833057
v 42.43305206 49.33111191 1155.62915
vn -0.929331243 0.3569476008 0.09450846165
v 42.52968216 49.5161972 1155.653931
vn -0.8370691538 0.5342124701 0.1180350855
v 42.65887833 49.67517853 1155.67334
vn -0.7137642503 0.6869604588 0.1364769936
v 42.8103714 49.80130386 1155.686646
vn -0.5688830614 0.8087636828 0.1492427438
v 42.97299957 49.89228439 1155.69397
vn -0.4019132555 0.9021424055 0.156859234
v 43.16101074 49.95582962 1155.696045
vn -0.2228946537 0.9618633986 0.1585457921
v 43.36300659 49.98295975 1155.691895
vn -0.02772233635 0.9876289964 0.1543386281
v 43.57104492 49.96960831 1155.681152
vn 0.1719108373 0.9745406508 0.1439347714
v 43.77347946 49.91457367 1155.664185
vn 0.3667556047 0.9215291142 0.127571106
v 43.96000671 49.82019043 1155.641724
vn 0.5454463959 0.8313956261 0.1061581895
v 44.11994553 49.69342804 1155.615356
vn 0.6991223693 0.7103953958 0.0810322836
v 44.24650574 49.54440308 1155.587036
vn 0.8213512301 0.5678706765 0.053898938
v 44.4610405 49.00957108 1156.717773
vn 0.9731149673 0.229225263 -0.02242824063
v 44.39813614 49.19467163 1156.751587
vn 0.913987577 0.4056296051 0.009556218982
v 44.48708725 48.81031036 1156.684082
vn 0.997818768 0.03658057377 -0.05495109409
v 44.47222519 48.60471344 1156.651733
vn 0.9832448363 -0.1608307064 -0.08580826968
v 44.41530609 48.40424347 1156.622803
vn 0.9283471107 -0.3539571166 -0.1135165542
v 44.31875229 48.21913147 1156.598877
vn 0.8360773325 -0.5313881636 -0.1363865286
v 44.18968582 48.05997467 1156.581055
vn 0.7128008604 -0.6843777299 -0.1534341872
v 44.03836823 47.93356705 1156.569824
vn 0.5680170655 -0.8064693809 -0.1642065942
v 43.8759346 47.84221268 1156.565063
vn 0.4011040628 -0.9002674222 -0.1692162007
v 43.68816376 47.77819824 1156.566162
vn 0.2221921086 -0.9604424834 -0.1678717583
v 43.48643875 47.75049973 1156.573975
vn 0.02716815285 -0.9867216945 -0.1601316929
v 43.27869415 47.76319504 1156.588745
vn -0.1722818315 -0.9741867781 -0.1458735168
v 43.07655334 47.81754684 1156.609863
vn -0.3669088483 -0.9217528105 -0.1254976243
v 42.89031219 47.91125107 1156.636353
vn -0.545369029 -0.8321910501 -0.1001532748
v 42.7306366 48.03736115 1156.666504
vn -0.6988055706 -0.7117401361 -0.07139155269
v 42.60429764 48.18580246 1156.69812
vn -0.8208079338 -0.5697238445 -0.04109841585
v 42.51350403 48.34556961 1156.729492
vn -0.9140111208 -0.4055933356 -0.008816024289
v 42.45059967 48.53067017 1156.763184
vn -0.9731010795 -0.2292116135 0.02315999009
v 42.4245491 48.72992325 1156.796997
vn -0.9977778196 -0.03660815954 0.05567056313
v 42.43941498 48.9355278 1156.829346
vn -0.9831885099 0.1607954055 0.08651709557
v 42.49633408 49.13599777 1156.858154
vn -0.9283131361 0.3538276255 0.1141962707
v 42.59288406 49.32110977 1156.882202
vn -0.8360852003 0.5312046409 0.1370515972
v 42.72195435 49.4802742 1156.900024
vn -0.7128586769 0.6841688156 0.1540958285
v 42.87327194 49.60668182 1156.911255
vn -0.5680965781 0.8062778711 0.1648703367
v 43.03570557 49.69802856 1156.916016
vn -0.4012163579 0.9000921845 0.169880867
v 43.22347641 49.76205063 1156.914917
vn -0.2223792821 0.9602798223 0.1685528755
v 43.42520142 49.78974915 1156.907104
vn -0.02739217505 0.9866025448 0.1608262658
v 43.63294601 49.7770462 1156.892334
vn 0.172041297 0.9741227627 0.1465832889
v 43.83508682 49.7226944 1156.871216
vn 0.3666813374 0.9217442274 0.1262234002
v 44.02132797 49.62899017 1156.844727
vn 0.545178175 0.8322267532 0.1008930579
v 44.18100357 49.5028801 1156.814575
vn 0.6986748576 0.7117932439 0.07213767618
v 44.30734253 49.35443878 1156.782959
vn 0.8207346797 0.5697749853 0.04184506834
v 44.5452919 48.81476593 1157.905518
vn 0.9717877507 0.2322579622 -0.04104689881
v 44.48255539 48.99945068 1157.941284
vn 0.9127993584 0.4083459675 -0.007136418018
v 44.57123184 48.61581421 1157.870483
vn 0.9963974357 0.03980498388 -0.07488472015
v 44.55633545 48.41038513 1157.837646
vn 0.9817842245 -0.157498762 -0.1062725782
v 44.49946213 48.20995331 1157.80896
vn 0.9269171953 -0.3506464064 -0.1336846203
v 44.40303802 48.02471161 1157.786255
vn 0.8347146511 -0.5282851458 -0.155455187
v 44.27416229 47.86530304 1157.770264
vn 0.7115736604 -0.6815669537 -0.1706732661
v 44.12308502 47.73853683 1157.761719
vn 0.5669401288 -0.8040644526 -0.1790511459
v 43.96092606 47.64674759 1157.759766
vn 0.4002750814 -0.8983246088 -0.1810878366
v 43.77348709 47.58217621 1157.764404
vn 0.2215848565 -0.9590516686 -0.1764087826
v 43.57212448 47.55383682 1157.776245
vn 0.02686236612 -0.9859526753 -0.1648508012
v 43.36476517 47.56584167 1157.795166
vn -0.1722887158 -0.9740877151 -0.1465256512
v 43.16301727 47.61946106 1157.820557
vn -0.3666351438 -0.9223291278 -0.1220148206
v 42.97714996 47.71244049 1157.851196
vn -0.5448164344 -0.8334148526 -0.09270752966
v 42.81780624 47.837883 1157.885132
vn -0.6979973912 -0.7135524154 -0.06035385653
v 42.69174194 47.98574829 1157.919922
vn -0.8197791576 -0.5720425248 -0.02700904943
v 42.60116577 48.14504623 1157.953735
vn -0.9127966166 -0.4083387256 0.007860663347
v 42.53842926 48.32973099 1157.989502
vn -0.9717538953 -0.2322721779 0.04176165536
v 42.51248932 48.52868271 1158.024658
vn -0.9963417649 -0.03988638148 0.07557876408
v 42.52738571 48.73411942 1158.057495
vn -0.9817199707 0.1574309468 0.1069643199
v 42.58425903 48.93454361 1158.08606
vn -0.9268706441 0.3505128324 0.1343559474
v 42.68068695 49.11978531 1158.108887
vn -0.8347226381 0.5280799866 0.1561079025
v 42.80955887 49.27919769 1158.124756
vn -0.7116117477 0.6813644767 0.1713218838
v 42.96063995 49.40596771 1158.133423
vn -0.5670642853 0.8038308024 0.179705739
v 43.12279892 49.49775696 1158.135376
vn -0.4003777802 0.8981455564 0.1817477047
v 43.31023788 49.56232834 1158.130737
vn -0.2217579782 0.9588888884 0.1770747453
v 43.51159668 49.59066772 1158.118896
vn -0.02703521773 0.9858341813 0.1655296832
v 43.71895599 49.57865906 1158.099854
vn 0.1721039265 0.9740152359 0.1472229362
v 43.92070389 49.52503586 1158.074463
vn 0.3664323688 0.9223144054 0.1227334887
v 44.10657501 49.43205643 1158.043823
vn 0.5446395278 0.8334486485 0.09344056994
v 44.26591873 49.30660629 1158.01001
vn 0.6979030371 0.7135825753 0.06108442321
v 44.39197922 49.15874863 1157.975098
vn 0.8197430372 0.5720594525 0.02773714624
v 44.65487671 48.61621475 1159.091064
vn 0.9700118303 0.2354654521 -0.06027474254
v 44.59234238 48.80051422 1159.128662
vn 0.9111940861 0.4112440646 -0.02456878312
v 44.68070221 48.4175415 1159.05481
vn 0.9945142269 0.04321737587 -0.09525632113
v 44.66578293 48.21224594 1159.021729
vn 0.9798646569 -0.1540599018 -0.127006948
v 44.6089859 48.01179886 1158.993652
vn 0.9250618219 -0.3472336233 -0.1539136469
v 44.51273346 47.82639313 1158.97229
vn 0.832991004 -0.5250886083 -0.1743788272
v 44.38411713 47.6666832 1158.958618
vn 0.7100393176 -0.6787201762 -0.1875714958
v 44.23336029 47.539505 1158.952759
vn 0.5656427145 -0.8016547561 -0.1933855414
v 44.07155228 47.44722748 1158.953979
vn 0.3992744386 -0.8964362144 -0.1923071891
v 43.88453674 47.38206863 1158.96228
vn 0.2209561318 -0.9577403665 -0.1841515899
v 43.68363953 47.35304642 1158.978149
vn 0.02658303082 -0.9853110909 -0.1686872989
v 43.47676849 47.36431885 1159.001465
vn -0.1721995771 -0.9741477966 -0.1462307423
v 43.27550888 47.41718674 1159.03125
vn -0.3661409318 -0.9231041074 -0.1175569445
v 43.09009933 47.50943756 1159.06604
vn -0.543964088 -0.8348633647 -0.08429834247
v 42.93116379 47.63421249 1159.103638
vn -0.6968310475 -0.7156003118 -0.04840105027
v 42.805439 47.78149414 1159.141602
vn -0.8183510303 -0.5745917559 -0.01208087988
v 42.71511841 47.94032669 1159.177734
vn -0.9111507535 -0.4112992585 0.02524245903
v 42.65258026 48.12462616 1159.215332
vn -0.9699504375 -0.2355465889 0.06094226241
v 42.62675476 48.32331085 1159.251587
vn -0.9944456816 -0.04334836453 0.09590964019
v 42.64167404 48.52859879 1159.28479
vn -0.9798033237 0.1539133042 0.1276565343
v 42.69847107 48.72904587 1159.312744
vn -0.9250078201 0.347086221 0.1545692533
v 42.79472351 48.91444778 1159.334106
vn -0.8329792619 0.524892211 0.1750248522
v 42.92333984 49.07416916 1159.347778
vn -0.7100474834 0.6785311103 0.1882236153
v 43.07410049 49.20134735 1159.353638
vn -0.5657358766 0.8014287949 0.1940485835
v 43.23590469 49.29361725 1159.352539
vn -0.3993727863 0.8962480426 0.1929788888
v 43.42292404 49.35878372 1159.344116
vn -0.2210337967 0.9575920105 0.1848286986
v 43.62382126 49.38779449 1159.328247
vn -0.02669267915 0.98519063 0.1693720371
v 43.83068848 49.37653351 1159.304932
vn 0.1720762253 0.9740653634 0.1469232589
v 44.0319519 49.32365417 1159.275146
vn 0.3660449088 0.923053205 0.1182534322
v 44.21735764 49.23141479 1159.240356
vn 0.543872416 0.8348517418 0.08500245959
v 44.376297 49.10663986 1159.202881
vn 0.6967944503 0.7155886292 0.04909620434
v 44.50202179 48.95935822 1159.164917
vn 0.8183708191 0.5745487809 0.0127619179
v 44.78941727 48.41389465 1160.274902
vn 0.96805197 0.2384248376 -0.07764669508
v 44.7271347 48.59777832 1160.314453
vn 0.9094597101 0.4138641953 -0.03999365494
v 44.81507874 48.21552658 1160.237305
vn 0.9923967123 0.04645153508 -0.1139780879
v 44.80010223 48.01041412 1160.203613
vn 0.9776743054 -0.1507518291 -0.1463790387
v 44.7433548 47.81000137 1160.175903
vn 0.922889173 -0.3439440429 -0.1731418818
v 44.64726257 47.62448502 1160.15564
vn 0.8309469819 -0.5219268799 -0.1926641464
v 44.51890182 47.4645195 1160.143677
vn 0.7082008719 -0.6758288741 -0.2042225599
v 44.36847305 47.33699036 1160.140259
vn 0.5640434027 -0.7991558909 -0.2078578323
v 44.20704651 47.24428558 1160.144165
vn 0.3979817033 -0.8944091797 -0.2040656954
v 44.02048111 47.17857742 1160.155884
vn 0.219994694 -0.9562574625 -0.1928056926
v 43.82009506 47.14893341 1160.175537
vn 0.02606928907 -0.9844413996 -0.1737684608
v 43.61376953 47.15950012 1160.202881
vn -0.172278583 -0.9739453197 -0.1474809647
v 43.41305923 47.21165466 1160.236816
vn -0.3657806516 -0.9235832095 -0.1148849949
v 43.22817993 47.30317688 1160.275513
vn -0.543161273 -0.8360130787 -0.07783319801
v 43.06971741 47.42728424 1160.31665
vn -0.6956550479 -0.7173452377 -0.03846939281
v 42.94438934 47.57398987 1160.357544
vn -0.8168588877 -0.5768370032 0.0008229468949
v 42.85438156 47.73235321 1160.39624
vn -0.9093812704 -0.4139741659 0.04063385352
v 42.792099 47.91624069 1160.435791
vn -0.9679709673 -0.2385451943 0.07828395814
v 42.76643753 48.11460495 1160.473389
vn -0.9923174977 -0.04657999426 0.1146134511
v 42.78141785 48.31972122 1160.50708
vn -0.9776052833 0.1505879313 0.1470073909
v 42.83816528 48.52012253 1160.53479
vn -0.9228312969 0.3437769115 0.173781082
v 42.93425369 48.70563889 1160.555054
vn -0.8309069872 0.5217508078 0.1933123469
v 43.06261444 48.8656044 1160.566895
vn -0.708136797 0.6756966114 0.2048814297
v 43.21304321 48.99313354 1160.570312
vn -0.5640304685 0.798991859 0.2085225135
v 43.37447357 49.08583832 1160.566406
vn -0.3980446756 0.8942249417 0.2047492266
v 43.56103516 49.15154648 1160.55481
vn -0.2200450748 0.9561069608 0.1934933811
v 43.7614212 49.18120193 1160.535156
vn -0.02608872019 0.9843187332 0.1744592786
v 43.96774673 49.17062378 1160.50769
vn 0.1722570211 0.9738448262 0.1481681019
v 44.16846085 49.11848068 1160.473877
vn 0.3657872975 0.9234955907 0.1155660376
v 44.35334015 49.02694702 1160.435059
vn 0.5431919098 0.8359303474 0.07850504667
v 44.51179886 48.90283966 1160.393921
vn 0.6956935525 0.7172719836 0.03913264722
v 44.63712692 48.75614166 1160.353027
vn 0.8169243932 0.5767447948 -0.0001738604187
v 44.94556808 48.2045517 1161.457031
vn 0.9662384987 0.2408643812 -0.09147432446
v 44.88362122 48.38794327 1161.498901
vn 0.9079471827 0.4159016311 -0.05155370384
v 44.97097015 48.0065918 1161.417603
vn 0.9903403521 0.04921193048 -0.1296309382
v 44.95582581 47.80178833 1161.382568
vn 0.9754561186 -0.1477561295 -0.163258791
v 44.89902878 47.60155869 1161.35437
vn 0.9205946922 -0.3408567309 -0.1905837357
v 44.80299759 47.41609192 1161.334229
vn 0.8286461234 -0.5189034939 -0.2099636495
v 44.67480469 47.25603485 1161.323364
vn 0.7060334682 -0.6729189157 -0.2206736952
v 44.5246315 47.1282959 1161.321289
vn 0.5620808005 -0.7964821458 -0.2228931636
v 44.36351776 47.03528595 1161.327148
vn 0.3962792754 -0.8920823336 -0.2171446532
v 44.17736053 46.9691658 1161.341309
vn 0.2185717076 -0.9543714523 -0.203473568
v 43.97745132 46.93899918 1161.364014
vn 0.02502047643 -0.9830682278 -0.1815237403
v 43.77165604 46.94897079 1161.394775
vn -0.1728740931 -0.9731516242 -0.1519556493
v 43.57150269 47.00045013 1161.432251
vn -0.3659175336 -0.923407495 -0.115857698
v 43.38718033 47.09129715 1161.474609
vn -0.5428463221 -0.8364514112 -0.07527909428
v 43.22924042 47.21474457 1161.519165
vn -0.6948921084 -0.7183764577 -0.03256138787
v 43.10437393 47.36084747 1161.56311
vn -0.8157028556 -0.5783891678 0.00973805692
v 43.01475143 47.51867676 1161.60437
vn -0.9078647494 -0.4159996808 0.05220972002
v 42.95280457 47.70206833 1161.64624
vn -0.9661562443 -0.24094522 0.09212767333
v 42.9274025 47.90002823 1161.685669
vn -0.9902495742 -0.04931690544 0.1302829981
v 42.94254684 48.1048317 1161.720703
vn -0.975366652 0.147625789 0.1639100611
v 42.99934387 48.30506134 1161.748901
vn -0.9205036759 0.3407370746 0.1912361085
v 43.09537506 48.49052811 1161.769043
vn -0.8286066055 0.5187041759 0.210611105
v 43.22356796 48.65058517 1161.780029
vn -0.7059550285 0.672783196 0.221337378
v 43.37374115 48.77832413 1161.781982
vn -0.5619881749 0.7963635921 0.223549366
v 43.53485489 48.87133026 1161.776123
vn -0.396204561 0.8919539452 0.2178074718
v 43.72101212 48.93746185 1161.761963
vn -0.2185845971 0.9542229176 0.2041552216
v 43.92092133 48.96762085 1161.739258
vn -0.02504449524 0.9829397202 0.182214871
v 44.12671661 48.95765686 1161.708618
vn 0.1728754491 0.973043859 0.1526423991
v 44.32686996 48.90616989 1161.671143
vn 0.3659555912 0.9233070612 0.1165356487
v 44.51119232 48.81532288 1161.628662
vn 0.5428971648 0.8363574743 0.07595303655
v 44.66913223 48.69187546 1161.584106
vn 0.694943428 0.7182959914 0.03323440999
v 44.79399872 48.54578018 1161.540161
vn 0.8157737255 0.5782999396 -0.009076232091
v 45.11965179 47.98435593 1162.637939
vn 0.9647439122 0.2427918613 -0.1015936509
v 45.05813599 48.16717529 1162.682617
vn 0.9068382382 0.417317301 -0.0590816848
v 45.14469147 47.7869339 1162.596069
vn 0.9885120392 0.05157291889 -0.1420710832
v 45.12926483 47.58257294 1162.559204
vn 0.9733546972 -0.1450779289 -0.1775755137
v 45.07228851 47.38267899 1162.529663
vn 0.9183157682 -0.3379078209 -0.2061902285
v 44.97619247 47.19741821 1162.508789
vn 0.8262938857 -0.5158129334 -0.2262198925
v 44.84805298 47.03742981 1162.497925
vn 0.7036331892 -0.6698941588 -0.2369434237
v 44.69802856 46.90961838 1162.49646
vn 0.5598380566 -0.7935196161 -0.2385539114
v 44.53714752 46.81645203 1162.503418
vn 0.3941766918 -0.8893625736 -0.2316440642
v 44.35132217 46.7500267 1162.519287
vn 0.2167175859 -0.9519711137 -0.2162971199
v 44.15182877 46.7194519 1162.544312
vn 0.02349043824 -0.9810913205 -0.1921144724
v 43.94652939 46.72889709 1162.577759
vn -0.1740145981 -0.9716824889 -0.1598502696
v 43.74692154 46.77977753 1162.618408
vn -0.3666121066 -0.9225113392 -0.1206994355
v 43.56316757 46.86996841 1162.664062
vn -0.5430788994 -0.8361543417 -0.07688446343
v 43.40578461 46.99274063 1162.712036
vn -0.6946475506 -0.7186847925 -0.03093475476
v 43.28143311 47.13818741 1162.759155
vn -0.8150110841 -0.5792660117 0.01441539079
v 43.19226074 47.29543304 1162.803101
vn -0.9067512155 -0.4174117744 0.05974620208
v 43.13074112 47.47825241 1162.847778
vn -0.9646603465 -0.2428423911 0.1022643521
v 43.10570526 47.67567825 1162.889526
vn -0.9884145856 -0.05159635469 0.1427390724
v 43.1211319 47.88003922 1162.926392
vn -0.9732555151 0.1449465156 0.178225264
v 43.17810822 48.07992935 1162.956055
vn -0.9181958437 0.3378293812 0.2068519294
v 43.27420044 48.26519012 1162.976807
vn -0.8261929154 0.5156853199 0.226878643
v 43.40234375 48.42517853 1162.987793
vn -0.7035710812 0.6697244048 0.2376067787
v 43.55236816 48.55298233 1162.989258
vn -0.5597236156 0.7933989763 0.2392227799
v 43.71324921 48.64615631 1162.9823
vn -0.3940193057 0.8892607093 0.2323019803
v 43.89907455 48.71257401 1162.966309
vn -0.2166642547 0.9518306851 0.2169677317
v 44.09856796 48.74315643 1162.941406
vn -0.0234575104 0.980958879 0.1927938163
v 44.30386734 48.73371124 1162.907959
vn 0.1740246564 0.9715673923 0.1605371982
v 44.50347519 48.68283081 1162.86731
vn 0.3666726947 0.9223983288 0.1213774756
v 44.68722916 48.59263992 1162.821655
vn 0.5431227088 0.8360630274 0.07756546885
v 44.84461212 48.46986771 1162.773682
vn 0.6947035789 0.7186011076 0.03161256388
v 44.96896362 48.32442093 1162.726562
vn 0.8150812984 0.5791836381 -0.01374212746
v 45.30771255 47.74995041 1163.81543
vn 0.9636176825 0.2444749027 -0.1080414876
v 45.24670792 47.93207932 1163.863037
vn 0.9061074257 0.418387562 -0.06261979043
v 45.33227539 47.55316925 1163.770752
vn 0.9870218039 0.05387353897 -0.1512799859
v 45.3164444 47.34941483 1163.731201
vn 0.9715692997 -0.1422638744 -0.1892462224
v 45.25915527 47.15001297 1163.699585
vn 0.9162791967 -0.3347837329 -0.2198914289
v 45.16285706 46.96512604 1163.677246
vn 0.8241398335 -0.5123912096 -0.2413477749
v 45.03463364 46.80537033 1163.665527
vn 0.7013702989 -0.666426599 -0.2528937757
v 44.88463974 46.67765808 1163.66394
vn 0.5576022267 -0.7900705934 -0.2546924651
v 44.72388458 46.58443832 1163.671265
vn 0.3920433521 -0.8860561252 -0.2473994941
v 44.53829193 46.51784515 1163.68811
vn 0.2148193717 -0.9489164948 -0.2311063707
v 44.33913803 46.48696518 1163.714722
vn 0.02180537581 -0.9784404039 -0.2053750902
v 44.13427353 46.49596405 1163.750366
vn -0.1753162295 -0.9695461988 -0.1710098535
v 43.93517685 46.54628372 1163.793701
vn -0.3675739765 -0.9209663868 -0.1292682439
v 43.75198746 46.63582611 1163.842407
vn -0.5435971618 -0.8352786899 -0.08253245056
v 43.59518814 46.75791168 1163.893555
vn -0.6947504282 -0.718470633 -0.03349226341
v 43.47140121 46.90266418 1163.943848
vn -0.8146956563 -0.5796967149 0.01492489502
v 43.38274765 47.05924988 1163.990845
vn -0.9060173035 -0.4184827209 0.06328392774
v 43.32174301 47.24137115 1164.038574
vn -0.9635252953 -0.2445428073 0.1087096855
v 43.29718018 47.4381485 1164.083252
vn -0.9869168401 -0.05387489125 0.1519627124
v 43.31301117 47.64190674 1164.122681
vn -0.9714472294 0.142217204 0.1899066716
v 43.37030029 47.84130478 1164.154419
vn -0.9161528349 0.3347007334 0.2205433547
v 43.46659851 48.02619553 1164.176636
vn -0.8239840269 0.5123284459 0.2420121282
v 43.59482193 48.18595123 1164.188477
vn -0.7012937665 0.6662592888 0.2535461187
v 43.74481583 48.31366348 1164.190063
vn -0.5574451685 0.7899662256 0.255359143
v 43.90557098 48.40687943 1164.182739
vn -0.3918729424 0.8859434128 0.2480723858
v 44.09116364 48.4734726 1164.165771
vn -0.2146681696 0.9487866163 0.2317791283
v 44.29031754 48.50435638 1164.139282
vn -0.02174789459 0.9782989025 0.2060541511
v 44.49518204 48.4953537 1164.103516
vn 0.1754067093 0.9694100618 0.1716876775
v 44.69427872 48.44503403 1164.060303
vn 0.3676376045 0.9208452106 0.1299487203
v 44.87746811 48.35549164 1164.011475
vn 0.543649435 0.8351767063 0.08321750909
v 45.03426743 48.23341751 1163.960449
vn 0.6948133707 0.7183778882 0.03416995704
v 45.15805435 48.08865738 1163.910034
vn 0.8147662282 0.5796144605 -0.01425002236
v 45.50094223 47.50440598 1164.95874
vn 0.9633536935 0.2439284921 -0.1115732417
v 45.44052505 47.68574524 1165.009644
vn 0.9066144824 0.4172565937 -0.06282623857
v 45.52494049 47.30841446 1164.910767
vn 0.9859421253 0.0539797917 -0.1581274569
v 45.5085907 47.10539246 1164.868164
vn 0.9696990252 -0.1414646357 -0.1991772503
v 45.45085907 46.90666962 1164.83374
vn 0.9136747122 -0.3333520889 -0.2325400263
v 45.35422516 46.72232819 1164.809326
vn 0.820930481 -0.5103377104 -0.2561807632
v 45.22577667 46.56298065 1164.795898
vn 0.6977361441 -0.6638162136 -0.2692810595
v 45.07568741 46.43551254 1164.793457
vn 0.5536417365 -0.787088871 -0.2719779015
v 44.91493988 46.34240341 1164.800415
vn 0.3879523873 -0.8827688694 -0.2649756968
v 44.7294693 46.27577591 1164.817627
vn 0.2106405795 -0.9454988241 -0.2483193576
v 44.53055191 46.24469757 1164.845093
vn 0.01773680933 -0.9749863148 -0.2215560377
v 44.32604218 46.25335312 1164.882446
vn -0.1791139692 -0.9661835432 -0.1854926348
v 44.12739944 46.30317688 1164.927856
vn -0.3709125221 -0.9178326726 -0.1414462924
v 43.94474792 46.39209747 1164.97937
vn -0.5463565588 -0.8324930072 -0.0919232145
v 43.78852463 46.51347733 1165.033569
vn -0.6967867613 -0.7161736488 -0.03979307041
v 43.66532516 46.65748978 1165.087036
vn -0.8159681559 -0.5779759884 0.0118206311
v 43.57723236 46.81334686 1165.137085
vn -0.9065251946 -0.4173494875 0.06349417567
v 43.51681137 46.99468613 1165.18811
vn -0.9632622004 -0.243981719 0.1122448519
v 43.49281693 47.19067764 1165.235962
vn -0.985833168 -0.05395537615 0.1588136554
v 43.50916672 47.39369583 1165.278564
vn -0.9695641398 0.1414368302 0.1998525113
v 43.56689835 47.59242249 1165.312988
vn -0.9135228395 0.3333026171 0.2332068384
v 43.66353226 47.77676392 1165.337402
vn -0.8207448125 0.5103008747 0.2568482161
v 43.79197693 47.93611908 1165.35083
vn -0.6976087093 0.6636857986 0.269931972
v 43.94207001 48.06357956 1165.353394
vn -0.5534675121 0.7869846225 0.2726332247
v 44.10281754 48.15668869 1165.346313
vn -0.3877294958 0.8826698065 0.2656310797
v 44.28828812 48.22332001 1165.329102
vn -0.2104510963 0.9453683496 0.248976022
v 44.48720551 48.25439072 1165.301636
vn -0.0176578071 0.9748336673 0.2222329229
v 44.69171524 48.2457428 1165.264404
vn 0.1792394817 0.966031909 0.1861599386
v 44.89035416 48.19591522 1165.218872
vn 0.3710120618 0.9176892638 0.1421142817
v 45.07300949 48.10699844 1165.167358
vn 0.5464293957 0.8323702216 0.09259968251
v 45.22923279 47.98561478 1165.113281
vn 0.6968529224 0.7160711288 0.04047409818
v 45.35243225 47.84160233 1165.059692
vn 0.8160436749 0.5778827667 -0.01114504319
v 45.71187592 47.22322845 1166.160278
vn 0.9629564881 0.2457896173 -0.1109157354
v 45.65216064 47.40359879 1166.215088
vn 0.9065151811 0.4180760384 -0.05867393315
v 45.73516846 47.0282402 1166.108398
vn 0.9852948189 0.05677697062 -0.1611537635
v 45.71813583 46.82622528 1166.06189
vn 0.9688354731 -0.1378104091 -0.2058303356
v 45.65978622 46.62842941 1166.023926
vn 0.9126390219 -0.3289955556 -0.2425941974
v 45.56263733 46.44490051 1165.996338
vn 0.8197464347 -0.5055114031 -0.269209981
v 45.43379974 46.28620529 1165.980347
vn 0.6964768767 -0.6586860418 -0.2846975029
v 45.2834549 46.15921021 1165.976074
vn 0.5521761775 -0.7819839716 -0.2891410887
v 45.1225853 46.06639099 1165.982056
vn 0.3864827454 -0.8777186871 -0.2832684815
v 44.93711472 45.99988937 1165.998779
vn 0.2093386799 -0.9406638741 -0.267074585
v 44.73834229 45.96874619 1166.026611
vn 0.01658184454 -0.9706099033 -0.2400864512
v 44.53411484 45.97712708 1166.065063
vn -0.1801146567 -0.9624607563 -0.2030468136
v 44.33589554 46.02648163 1166.112427
vn -0.3716793656 -0.914937377 -0.1573025733
v 44.15377808 46.11475372 1166.166504
vn -0.5469425917 -0.8305054307 -0.1054254472
v 43.99816895 46.23534775 1166.223755
vn -0.6971687675 -0.7151294351 -0.05045345426
v 43.8756218 46.37850571 1166.28064
vn -0.8161513209 -0.577822268 0.004299625289
v 43.78817749 46.5334816 1166.334229
vn -0.9064331055 -0.4181588888 0.0593479909
v 43.72846222 46.71385193 1166.389038
vn -0.9628693461 -0.2458219379 0.1115985438
v 43.70517349 46.90883255 1166.440918
vn -0.9851843119 -0.05674172193 0.1618400514
v 43.72220612 47.1108551 1166.487305
vn -0.9686908722 0.137815997 0.2065060288
v 43.78055191 47.30865097 1166.525391
vn -0.9124659896 0.328977704 0.2432682365
v 43.87770462 47.49217987 1166.552979
vn -0.819536984 0.505489707 0.269887656
v 44.00653839 47.65087128 1166.56897
vn -0.6962528229 0.6586316824 0.2853704691
v 44.15688705 47.77786636 1166.573242
vn -0.5519871116 0.7818725705 0.2898025215
v 44.31775284 47.87069321 1166.567261
vn -0.3862710595 0.8775980473 0.2839301825
v 44.50322342 47.93718719 1166.550537
vn -0.2090992182 0.940531075 0.2677290142
v 44.70199966 47.96833038 1166.522705
vn -0.01639612205 0.9704493284 0.240747422
v 44.9062233 47.95994568 1166.484253
vn 0.1802418381 0.9622929692 0.2037281096
v 45.1044426 47.91059875 1166.43689
vn 0.3718074858 0.9147686362 0.157979548
v 45.28656387 47.82232666 1166.382812
vn 0.5470339656 0.8303592801 0.1061007008
v 45.44216919 47.70173264 1166.325439
vn 0.6972483397 0.7150038481 0.05113044381
v 45.56471634 47.55856705 1166.268555
vn 0.8162239194 0.5777243376 -0.003621256445
v 45.91190338 46.9369812 1167.276611
vn 0.9641124606 0.2425237596 -0.1080250368
v 45.85292435 47.11627197 1167.335327
vn 0.9088068604 0.4140013158 -0.0517010577
v 45.93442917 46.74315643 1167.220459
vn 0.9851843119 0.05448962003 -0.1626122594
v 45.91663361 46.54231262 1167.1698
vn 0.9674156308 -0.138977021 -0.2116422355
v 45.85757446 46.3456459 1167.127686
vn 0.9099684954 -0.3289031684 -0.2525471747
v 45.75978851 46.16315079 1167.096313
vn 0.815913558 -0.5042422414 -0.2828865945
v 45.63043594 46.0053215 1167.077271
vn 0.6917643547 -0.6561912894 -0.3014549017
v 45.47971725 45.8789978 1167.070557
vn 0.5468204021 -0.7784351707 -0.3082631528
v 45.31861115 45.78664017 1167.074829
vn 0.380540669 -0.8733290434 -0.3041137159
v 45.13302231 45.7204361 1167.090576
vn 0.202969566 -0.9356139898 -0.2888422608
v 44.93427277 45.68937683 1167.118042
vn 0.01008792594 -0.9650179148 -0.2619898319
v 44.73023224 45.69760513 1167.157104
vn -0.1865538955 -0.9565195441 -0.2242053598
v 44.53234482 45.74657059 1167.205933
vn -0.3776873946 -0.9088866115 -0.1768541038
v 44.35069656 45.83423233 1167.262207
vn -0.5522739887 -0.8246002793 -0.12258818
v 44.19566727 45.95404434 1167.322388
vn -0.7015929818 -0.7096421123 -0.06461646408
v 44.07375717 46.09630203 1167.382568
vn -0.8195278049 -0.5730028152 -0.006477978546
v 43.98697281 46.25032425 1167.439575
vn -0.9087345004 -0.414074868 0.05237989128
v 43.92799377 46.42960358 1167.498291
vn -0.964037478 -0.2425116003 0.1087192371
v 43.90546799 46.62343979 1167.554321
vn -0.9850717783 -0.05447611958 0.1632969826
v 43.92325974 46.82427979 1167.605103
vn -0.9672642946 0.1389920712 0.2123229206
v 43.98232269 47.0209465 1167.647217
vn -0.9097563624 0.3289638758 0.253231287
v 44.08010864 47.20343781 1167.678467
vn -0.8156652451 0.5042666197 0.2835583985
v 44.2094574 47.36126709 1167.69751
vn -0.691480875 0.6561754346 0.3021390438
v 44.3601799 47.48759842 1167.704224
vn -0.5465863347 0.7783309817 0.3089405596
v 44.52128601 47.57994843 1167.699951
vn -0.3803466558 0.8731773496 0.3047912419
v 44.70687485 47.64615631 1167.684326
vn -0.2027187794 0.9354602695 0.2895154357
v 44.90562439 47.67721558 1167.656738
vn -0.009808124974 0.964841187 0.2626505792
v 45.10966492 47.66897964 1167.617676
vn 0.1867384762 0.9563270807 0.2248716652
v 45.30755234 47.62001801 1167.568848
vn 0.3778264523 0.908696115 0.1775344908
v 45.48919678 47.53235626 1167.512573
vn 0.5523474216 0.8244479895 0.1232796609
v 45.64422607 47.41255188 1167.452515
vn 0.7016614676 0.7095115781 0.0653025806
v 45.76613617 47.27029419 1167.392334
vn 0.8195954561 0.5728979111 0.007159919478
v 46.1293869 46.59534454 1168.485352
vn 0.964892745 0.2425375879 -0.1007842571
v 46.07128906 46.77321625 1168.548828
vn 0.9100207686 0.4126089811 -0.0401994735
v 46.15097809 46.40304947 1168.424072
vn 0.9855170846 0.0559662208 -0.1600744724
v 46.13222504 46.20380783 1168.368042
vn 0.9672973156 -0.1361271143 -0.2140218467
v 46.07223511 46.00870895 1168.320679
vn 0.9094011784 -0.3247974515 -0.2598001659
v 45.97360611 45.82767868 1168.284424
vn 0.8148984909 -0.4991006851 -0.2946845591
v 45.84353638 45.6711235 1168.26123
vn 0.6903205514 -0.6502433419 -0.3172398806
v 45.69225693 45.54582596 1168.250977
vn 0.5450127125 -0.7719063163 -0.3272945881
v 45.5307579 45.45422745 1168.252808
vn 0.3784326911 -0.8664161563 -0.3257480264
v 45.34490967 45.38858032 1168.266602
vn 0.2007569969 -0.9285436869 -0.3122551739
v 45.14607239 45.35779953 1168.293213
vn 0.007850711234 -0.9580837488 -0.2863806188
v 44.94213486 45.3659935 1168.332275
vn -0.1887983978 -0.9500264525 -0.2486058623
v 44.74454498 45.41460037 1168.382324
vn -0.3798723519 -0.9030997157 -0.2002695054
v 44.56337357 45.50159454 1168.440796
vn -0.5542873144 -0.8197613955 -0.1440721154
v 44.40896988 45.62047958 1168.504028
vn -0.7034490108 -0.7058437467 -0.08333129436
v 44.28778076 45.76162338 1168.567871
vn -0.8211207986 -0.5703363419 -0.02184231393
v 44.20175934 45.91443634 1168.628906
vn -0.9099538922 -0.4126890004 0.0408860743
v 44.14365768 46.09230423 1168.692383
vn -0.9648197889 -0.2425370514 0.1014817059
v 44.12207031 46.2845993 1168.75354
vn -0.9854063392 -0.05590633303 0.1607758254
v 44.14082336 46.48384476 1168.80957
vn -0.9671385884 0.1361703277 0.2147103846
v 44.20081329 46.678936 1168.856934
vn -0.909198761 0.3248194158 0.2604802251
v 44.29944229 46.85997009 1168.893188
vn -0.8146632314 0.4990912676 0.2953501642
v 44.42950821 47.01652527 1168.916504
vn -0.6900264621 0.6502264738 0.3179135919
v 44.58079147 47.14182281 1168.926636
vn -0.5447630882 0.7718014717 0.3279568553
v 44.7422905 47.23342133 1168.924927
vn -0.3782234192 0.8662574887 0.3264122903
v 44.92813873 47.29906845 1168.911133
vn -0.2005186975 0.9283697009 0.3129248321
v 45.12697601 47.32985306 1168.884521
vn -0.007557174657 0.9578880668 0.2870423794
v 45.33091354 47.32165909 1168.845459
vn 0.1889685541 0.9498159289 0.24928011
v 45.52850342 47.2730484 1168.79541
vn 0.3800127208 0.9028909802 0.2009433955
v 45.70967102 47.18605423 1168.736938
vn 0.5543966293 0.8195685744 0.1447472572
v 45.86407852 47.06716919 1168.673706
vn 0.7034995556 0.7057113051 0.08402370661
v 45.98526764 46.92602921 1168.609863
vn 0.8211860657 0.5702157021 0.02252676338
v 46.33425903 46.23363876 1169.638062
vn 0.9668496847 0.2386727035 -0.09075824916
v 46.27703857 46.40992355 1169.706421
vn 0.9129433632 0.4072958529 -0.02538700402
v 46.35488892 46.04309845 1169.571533
vn 0.9863863587 0.05372206867 -0.1554215848
v 46.3351326 45.84571838 1169.509888
vn 0.9670218229 -0.1365568787 -0.2149906307
v 46.27415466 45.65248871 1169.456787
vn 0.9079754353 -0.3234134614 -0.2664288282
v 46.17459488 45.47323608 1169.415161
vn 0.8123899698 -0.4959602058 -0.306669265
v 46.04371643 45.31826782 1169.387085
vn 0.6868201494 -0.6455388069 -0.3340026736
v 45.89177322 45.19429398 1169.372803
vn 0.5408588648 -0.7657415271 -0.3480109274
v 45.7297821 45.10371399 1169.37146
vn 0.3735016584 -0.8591700196 -0.349747628
v 45.54356766 45.03887177 1169.382812
vn 0.1953953505 -0.9204195738 -0.3385977447
v 45.34453583 45.0085907 1169.407837
vn 0.002178015653 -0.9493632913 -0.3141728938
v 45.14059448 45.01692963 1169.446411
vn -0.1945427358 -0.9410392046 -0.2767640352
v 44.94320679 45.06529999 1169.497192
vn -0.3854708374 -0.8941990733 -0.2276405394
v 44.7624321 45.15168381 1169.557495
vn -0.5594323277 -0.8113465905 -0.1695648134
v 44.60858917 45.26963425 1169.623413
vn -0.7079904675 -0.6982252598 -0.1059764922
v 44.48808289 45.40960693 1169.690918
vn -0.8249284029 -0.5637543797 -0.04091643915
v 44.40281296 45.56110001 1169.755859
vn -0.912884593 -0.4073839784 0.02607712708
v 44.34558868 45.7373848 1169.824097
vn -0.9667808414 -0.2386842519 0.09145841748
v 44.32496262 45.92792511 1169.890625
vn -0.9862774611 -0.0537116006 0.1561149955
v 44.34471893 46.12530518 1169.952393
vn -0.966860652 0.1366033107 0.2156849056
v 44.40569687 46.31853485 1170.005371
vn -0.9077609777 0.3234545887 0.2671088576
v 44.50525284 46.49778366 1170.047119
vn -0.8121644855 0.4959218502 0.3073277175
v 44.6361351 46.65275574 1170.075195
vn -0.6865150928 0.6455195546 0.3346664011
v 44.78807449 46.77672958 1170.089355
vn -0.540520072 0.7656751275 0.3486827016
v 44.95006561 46.86730957 1170.09082
vn -0.3733588457 0.8589636087 0.3504064977
v 45.13628387 46.93215561 1170.079468
vn -0.1951243728 0.920232594 0.3392616212
v 45.3353157 46.96243286 1170.054443
vn -0.001876684721 0.9491482377 0.3148240149
v 45.53925705 46.95409393 1170.015747
vn 0.1947320253 0.9408038855 0.2774301171
v 45.73664474 46.90572739 1169.965088
vn 0.3855690956 0.8939800262 0.2283334881
v 45.91741562 46.81933975 1169.904785
vn 0.5595511794 0.8111224174 0.1702435315
v 46.07125854 46.7013855 1169.838745
vn 0.7080501318 0.6980597973 0.1066656187
v 46.19176865 46.56142044 1169.771362
vn 0.8249740601 0.5636367798 0.04161001369
v 46.53178787 45.83476639 1170.784058
vn 0.9691525102 0.2339921743 -0.07740178704
v 46.47542572 46.00928879 1170.857178
vn 0.9160426259 0.4010129273 -0.007383530028
v 46.55145645 45.64622879 1170.712036
vn 0.9877648354 0.05089314282 -0.1474125981
v 46.53067398 45.45101166 1170.644409
vn 0.9673981071 -0.137392357 -0.212754041
v 46.46866226 45.25999832 1170.585205
vn 0.9073325396 -0.3221694231 -0.2701008618
v 46.36811447 45.08289719 1170.537598
vn 0.8107534051 -0.4927198589 -0.3160792589
v 46.23634338 44.92989349 1170.504028
vn 0.6842364073 -0.6405009627 -0.3486818075
v 46.08365631 44.8075943 1170.485229
vn 0.5374990702 -0.759118557 -0.367197156
v 45.92108154 44.71835709 1170.47998
vn 0.3695604801 -0.8511613011 -0.3727593422
v 45.73439789 44.65463257 1170.488281
vn 0.1907871962 -0.9114105701 -0.3645971417
v 45.5350647 44.6251297 1170.511108
vn -0.002695878735 -0.9395906925 -0.342289418
v 45.33101654 44.63384247 1170.548584
vn -0.19959113 -0.9309027195 -0.3059141934
v 45.13372803 44.68214035 1170.599487
vn -0.3905135989 -0.8841022253 -0.2566366494
v 44.95326614 44.76800919 1170.661133
vn -0.5642225146 -0.8017166257 -0.1972395331
v 44.79991531 44.88504028 1170.729614
vn -0.7123504877 -0.6894403696 -0.1312583387
v 44.68003464 45.02378082 1170.800293
vn -0.8287316561 -0.5560932755 -0.06296145916
v 44.59547806 45.17383957 1170.869263
vn -0.9159967899 -0.4011045396 0.008066123351
v 44.53911591 45.34836197 1170.942383
vn -0.9690861702 -0.2340358198 0.07809772342
v 44.51944733 45.53689957 1171.014404
vn -0.9876599908 -0.05090060085 0.1481110454
v 44.54022598 45.7321167 1171.082031
vn -0.9672483802 0.1373796761 0.2134417593
v 44.6022377 45.92313004 1171.141235
vn -0.9071148038 0.3222056627 0.2707882524
v 44.70278931 46.10023117 1171.188843
vn -0.8105294108 0.4926685393 0.3167330623
v 44.83455658 46.25323486 1171.222412
vn -0.6839768887 0.6404380798 0.3493060768
v 44.98724747 46.37553406 1171.241211
vn -0.5371600986 0.7590643764 0.3678047359
v 45.14981842 46.46477127 1171.246338
vn -0.369359374 0.8509916067 0.3733456135
v 45.33650589 46.52849197 1171.238159
vn -0.1906278878 0.9112078547 0.3651866317
v 45.53583908 46.55799866 1171.215332
vn 0.002893000841 0.9393737316 0.342882812
v 45.73988724 46.54928589 1171.177856
vn 0.1997688413 0.9306733608 0.3064954877
v 45.93717194 46.50098801 1171.126953
vn 0.3905647695 0.8838991523 0.2572575212
v 46.11763382 46.41511917 1171.065308
vn 0.5642994046 0.8015090227 0.1978621632
v 46.27098846 46.29808807 1170.996826
vn 0.7123959064 0.6892695427 0.1319077164
v 46.39086533 46.15934753 1170.926147
vn 0.8287682533 0.5559621453 0.06363386661
v 46.71726608 45.39918137 1171.924316
vn 0.9718546867 0.2275794446 -0.06087750942
v 46.66165924 45.57192993 1172.001831
vn 0.9194297194 0.3930293322 0.01330150664
v 46.73606491 45.21271515 1171.847046
vn 0.9896442294 0.04638903961 -0.1358396262
v 46.7143364 45.01980209 1171.77356
vn 0.9683643579 -0.1398089975 -0.2066976875
v 46.6513443 44.83120346 1171.708252
vn 0.9073393345 -0.3223508894 -0.2698616087
v 46.54983139 44.65650558 1171.654541
vn 0.8098095059 -0.4906665087 -0.3216440976
v 46.41717529 44.50575256 1171.615234
vn 0.6824060678 -0.6363455057 -0.3597031832
v 46.26372147 44.3854332 1171.591309
vn 0.5348253846 -0.753133893 -0.3830811977
v 46.1005249 44.2978363 1171.581909
vn 0.3662832677 -0.8434758782 -0.3929185271
v 45.91330338 44.23555756 1171.586426
vn 0.186842218 -0.9023886919 -0.3883099854
v 45.7135849 44.20715332 1171.606445
vn -0.007109574974 -0.9294857979 -0.3687893152
v 45.50932693 44.21655273 1171.64209
vn -0.204234764 -0.9201074839 -0.3342010677
v 45.31202698 44.26506042 1171.692383
vn -0.395313412 -0.873031497 -0.2855578363
v 45.1317482 44.35064316 1171.754761
vn -0.568908751 -0.7908481956 -0.2256145626
v 44.97875977 44.46693039 1171.824951
vn -0.7167447209 -0.6792033911 -0.1579865664
v 44.85939026 44.60455322 1171.89856
vn -0.8327057362 -0.5468203425 -0.08711277694
v 44.7754364 44.75322723 1171.970947
vn -0.9193860888 -0.3931532204 -0.01263980847
v 44.71982956 44.92597961 1172.048462
vn -0.9717911482 -0.2276672572 0.06156000867
v 44.70103073 45.11244583 1172.125732
vn -0.9895460606 -0.04644115269 0.1365349591
v 44.72276306 45.30535507 1172.199219
vn -0.9682267904 0.1397516131 0.207379669
v 44.78575516 45.49395752 1172.264526
vn -0.9071473479 0.3223216534 0.2705409527
v 44.88726425 45.66865158 1172.318237
vn -0.8095985055 0.4905956388 0.3222827613
v 45.01992035 45.81940842 1172.357544
vn -0.682215035 0.6362133622 0.3602987826
v 45.17337799 45.93972778 1172.38147
vn -0.5345864296 0.7530122399 0.3836533427
v 45.33657455 46.02732468 1172.390869
vn -0.3660646677 0.8433178067 0.3934612274
v 45.52379227 46.08960342 1172.386353
vn -0.1866980493 0.9021970034 0.3888243735
v 45.72351074 46.11800385 1172.366333
vn 0.007262413856 0.9292801619 0.3693042397
v 45.92776871 46.10860443 1172.330688
vn 0.2043483406 0.9198918939 0.3347248137
v 46.12506866 46.06009674 1172.280396
vn 0.3953254223 0.8728457689 0.2861085534
v 46.30534744 45.97451782 1172.21814
vn 0.5689451098 0.7906578183 0.2261894196
v 46.45833588 45.85822678 1172.147827
vn 0.7167963982 0.6790112853 0.1585768461
v 46.57770538 45.72060394 1172.074219
vn 0.8327382803 0.5466697812 0.08774462342
v 46.88586426 44.92807388 1173.06189
vn 0.9747334719 0.2194856256 -0.04148130119
v 46.83082962 45.09924316 1173.143066
vn 0.9228394032 0.3834808469 0.03619275242
v 46.90398026 44.74355316 1172.980103
vn 0.9918629527 0.0401112549 -0.1208261624
v 46.88147354 44.55289078 1172.901367
vn 0.9698225856 -0.1439960152 -0.1967467964
v 46.81764984 44.36672974 1172.830444
vn 0.9079698324 -0.3242504299 -0.2654286921
v 46.7152977 44.19454575 1172.770752
vn 0.8096437454 -0.4901474118 -0.3228506744
v 46.58184052 44.04621887 1172.725708
vn 0.6813749671 -0.6335951686 -0.3664495647
v 46.42766953 43.92811203 1172.696655
vn 0.533020556 -0.7483026981 -0.3948825002
v 46.26386261 43.84242249 1172.682739
vn 0.3638229668 -0.8367100954 -0.4093275368
v 46.07609177 43.78191376 1172.682983
vn 0.1838806868 -0.8939356208 -0.4087383151
v 45.87593079 43.75498199 1172.699463
vn -0.01071680244 -0.9196363688 -0.3926245868
v 45.67136383 43.76545715 1172.732544
vn -0.2081252187 -0.9092172384 -0.3605661392
v 45.47392273 43.81457138 1172.78125
vn -0.3994346261 -0.861531198 -0.3133943379
v 45.29367065 43.90025711 1172.843262
vn -0.5731323361 -0.7791780829 -0.2537732422
v 45.14087296 44.01615143 1172.914429
vn -0.7208189964 -0.6678760648 -0.1853684932
v 45.02183151 44.15294647 1172.989746
vn -0.8365142941 -0.5362243652 -0.1127263084
v 44.93830872 44.30047226 1173.064819
vn -0.9227947593 -0.3836478293 -0.03555507585
v 44.88327408 44.47164154 1173.145996
vn -0.9746755958 -0.2196167558 0.04214156419
v 44.86515808 44.65616226 1173.227783
vn -0.9917770028 -0.04021183401 0.1214963049
v 44.88766479 44.84682465 1173.306519
vn -0.969704926 0.1438823044 0.197408855
v 44.95148849 45.03298569 1173.377563
vn -0.9078031182 0.324166894 0.2661001384
v 45.05384064 45.20516968 1173.437134
vn -0.8094080687 0.4900967777 0.32351771
v 45.18729782 45.35349655 1173.482178
vn -0.681217432 0.6334174871 0.3670491576
v 45.34147263 45.47160339 1173.511353
vn -0.5328166485 0.7481409311 0.3954637349
v 45.50527573 45.55728912 1173.525146
vn -0.3635469377 0.8365465999 0.4099065959
v 45.69304657 45.61780167 1173.524902
vn -0.1836821735 0.8937146664 0.4093103111
v 45.89321136 45.64473343 1173.508423
vn 0.01089491602 0.9193998575 0.3931733072
v 46.09777451 45.63425827 1173.475342
vn 0.2082721442 0.9089602828 0.3611287177
v 46.29521942 45.58514023 1173.426636
vn 0.3995082974 0.8612914681 0.3139587343
v 46.47546768 45.49945831 1173.364624
vn 0.5731999874 0.7789412737 0.2543467879
v 46.62826538 45.383564 1173.293457
vn 0.7208791971 0.667645216 0.1859650761
v 46.74730682 45.24676514 1173.21814
vn 0.8365574479 0.5360264778 0.1133456081
v 47.03266907 44.42477798 1174.197754
vn 0.9774557352 0.2102174014 -0.01972270757
v 46.97801971 44.59463501 1174.281738
vn 0.9258565903 0.3729712665 0.0606797263
v 47.05028915 44.24199295 1174.112183
vn 0.994178772 0.03248636425 -0.1027287468
v 47.02719498 44.05344772 1174.028931
vn 0.9716408253 -0.1496298909 -0.1830984503
v 46.96271896 43.8696785 1173.952759
vn 0.9091891646 -0.3277041316 -0.2568755746
v 46.85968399 43.70003891 1173.887573
vn 0.8102372885 -0.4912500083 -0.3196701109
v 46.72555161 43.55425644 1173.836914
vn 0.6813972592 -0.6323022842 -0.3686347902
v 46.57075119 43.43854523 1173.80249
vn 0.532361567 -0.7448607683 -0.4022109509
v 46.40639114 43.35499954 1173.783813
vn 0.3625223041 -0.8312040567 -0.421517998
v 46.21809769 43.29656219 1173.779541
vn 0.1820643395 -0.886541903 -0.4253187478
v 46.01748276 43.27145004 1173.79187
vn -0.01296974532 -0.9105738997 -0.4131427407
v 45.81256485 43.2834053 1173.821655
vn -0.2108517736 -0.8988162875 -0.3842795789
v 45.61489105 43.33355331 1173.86792
vn -0.4023658931 -0.8502421975 -0.3393963575
v 45.43454742 43.41976166 1173.928711
vn -0.5763044953 -0.7674193382 -0.2809639275
v 45.2817955 43.53565598 1173.999634
vn -0.7240788341 -0.6561174989 -0.2126492262
v 45.16292191 43.67198563 1174.075928
vn -0.8397068977 -0.5249221325 -0.1391008198
v 45.07966232 43.81865311 1174.15271
vn -0.9258133769 -0.3731799424 -0.06005282328
v 45.02501297 43.98850632 1174.236694
vn -0.9774050117 -0.2103920579 0.02036352269
v 45.00739288 44.17129135 1174.322266
vn -0.9941063523 -0.03262821585 0.1033823192
v 45.03048706 44.35983658 1174.405518
vn -0.9715284109 0.1495430619 0.183764562
v 45.09496307 44.54360962 1174.481689
vn -0.9090489149 0.3275888562 0.2575182617
v 45.19799805 44.71324921 1174.546875
vn -0.8100240231 0.4911710918 0.3203311861
v 45.33213043 44.85903168 1174.597534
vn -0.6811814904 0.6321613193 0.3692747056
v 45.48693085 44.97474289 1174.631958
vn -0.5321871042 0.7446594238 0.4028140903
v 45.65128708 45.05828857 1174.650635
vn -0.362262547 0.8310224414 0.4220990241
v 45.83958435 45.11672592 1174.654907
vn -0.1818353683 0.8863124847 0.425894469
v 46.04019928 45.14183426 1174.642578
vn 0.01319252979 0.9103097916 0.4137174189
v 46.24511719 45.129879 1174.612793
vn 0.2109912485 0.8985337615 0.3848633766
v 46.44279099 45.0797348 1174.566528
vn 0.4024780393 0.8499545455 0.3399833143
v 46.62313461 44.99352646 1174.505859
vn 0.5764081478 0.7671301961 0.281540215
v 46.77588654 44.87762833 1174.434814
vn 0.7241734266 0.6558259726 0.2132254839
v 46.89476013 44.74130249 1174.358521
vn 0.839756906 0.5246796012 0.1397127807
v 47.1504631 43.90577316 1175.306641
vn 0.9801980853 0.1979808062 0.003914446104
v 47.09605026 44.07461166 1175.3927
vn 0.9289970994 0.3598643541 0.08638282865
v 47.16775894 43.7244606 1175.218262
vn 0.9963858724 0.02161081508 -0.08214690536
v 47.14425659 43.53782272 1175.131104
vn 0.9732128382 -0.1586274952 -0.1664154381
v 47.07931137 43.35630035 1175.050171
vn 0.9100630283 -0.3344398439 -0.2448168397
v 46.97576141 43.18914413 1174.979858
vn 0.8103148937 -0.4955551028 -0.3127537966
v 46.84111404 43.04591751 1174.92395
vn 0.6807994843 -0.6339161992 -0.3669635653
v 46.68581772 42.93268967 1174.884277
vn 0.5311439633 -0.743863821 -0.4056509435
v 46.52101135 42.85142517 1174.86084
vn 0.3606874943 -0.8276703954 -0.4299607873
v 46.33227158 42.7952652 1174.851685
vn 0.1796088666 -0.8806138635 -0.4384745061
v 46.13125992 42.77225113 1174.859619
vn -0.015961539 -0.9023603201 -0.4306868017
v 45.92600632 42.78601074 1174.885498
vn -0.21423994 -0.8885959387 -0.4055841267
v 45.72808838 42.83755112 1174.928833
vn -0.405978024 -0.8384231329 -0.3636324108
v 45.54759979 42.92466736 1174.987427
vn -0.579996407 -0.7545077801 -0.3071191609
v 45.39480591 43.04094696 1175.057495
vn -0.7277126908 -0.6426446438 -0.2396707237
v 45.27599335 43.17716217 1175.133911
vn -0.8431639075 -0.511403203 -0.1659559011
v 45.19287491 43.32329178 1175.21167
vn -0.9289545417 -0.3601180315 -0.08578168601
v 45.13846588 43.49213409 1175.297729
vn -0.980160594 -0.1981775761 -0.003288229229
v 45.12117004 43.67344284 1175.386108
vn -0.9963291883 -0.02178573422 0.08278617263
v 45.14467239 43.86008453 1175.473389
vn -0.9731211066 0.1584962904 0.1670755446
v 45.20961761 44.04160309 1175.554199
vn -0.9099115729 0.3343625963 0.2454843372
v 45.31316376 44.20876312 1175.624512
vn -0.8101391792 0.4954377711 0.3133942187
v 45.44781494 44.35198593 1175.68042
vn -0.6805902123 0.633772552 0.3675993979
v 45.60311127 44.46521378 1175.720093
vn -0.5309708118 0.7436563373 0.4062575996
v 45.76791763 44.54647827 1175.74353
vn -0.3604717553 0.827449441 0.4305665493
v 45.95665741 44.60263824 1175.752686
vn -0.1793668717 0.8803786039 0.439045608
v 46.15766907 44.62565231 1175.744751
vn 0.01619043946 0.9020960331 0.4312314987
v 46.36291885 44.6118927 1175.718872
vn 0.2144022435 0.8883058429 0.4061334729
v 46.56084061 44.56035614 1175.675659
vn 0.4060956836 0.8381239176 0.3641903698
v 46.74132919 44.4732399 1175.616943
vn 0.5801407695 0.7541748881 0.3076636493
v 46.89412308 44.35695648 1175.546875
vn 0.7278240323 0.6423131824 0.2402206659
v 47.01293564 44.22074127 1175.470459
vn 0.8432043791 0.5111436844 0.1665489823
v 47.24235916 43.33987427 1176.463257
vn 0.9819835424 0.1866684407 0.02938005142
v 47.18808365 43.50796127 1176.550659
vn 0.9307091236 0.3478198051 0.1131455526
v 47.25944901 43.15983963 1176.372437
vn 0.9981917739 0.01148527395 -0.05900208279
v 47.235672 42.97498322 1176.281738
vn 0.9749749303 -0.1671593636 -0.1465662569
v 47.17040253 42.79567337 1176.196533
vn 0.911716938 -0.3410084248 -0.229097113
v 47.06649017 42.6310463 1176.121216
vn 0.8117864132 -0.499922514 -0.3017950952
v 46.93146515 42.49050903 1176.059937
vn 0.6819945574 -0.6359812617 -0.361124903
v 46.7757988 42.37996292 1176.014893
vn 0.5320023298 -0.7436335683 -0.4049476981
v 46.61064911 42.30122375 1175.98645
vn 0.3611857891 -0.8251242638 -0.4344131351
v 46.42156601 42.24766159 1175.972046
vn 0.1799790263 -0.875800252 -0.4478631914
v 46.22023392 42.22711182 1175.974854
vn -0.01594448462 -0.8954378963 -0.4449008107
v 46.01470184 42.24308777 1175.996216
vn -0.214565888 -0.879807353 -0.4241468012
v 45.81655884 42.29645157 1176.035645
vn -0.4067137837 -0.8280854225 -0.3858217895
v 45.63591766 42.38490677 1176.091553
vn -0.5810954571 -0.7430389524 -0.3319957256
v 45.48305511 42.50197601 1176.159912
vn -0.7290569544 -0.6305644512 -0.2662038207
v 45.36423874 42.63843155 1176.235596
vn -0.8447465897 -0.4991167784 -0.1930948347
v 45.28118896 42.78431702 1176.313843
vn -0.9306789041 -0.3480888009 -0.1125655621
v 45.22691345 42.95240021 1176.401123
vn -0.9819579124 -0.1868970692 -0.02877704985
v 45.20982361 43.13243484 1176.492065
vn -0.9981526136 -0.01167311147 0.05962493271
v 45.23360062 43.31729507 1176.582642
vn -0.9749023318 0.1670116484 0.147216171
v 45.29887009 43.49660492 1176.667847
vn -0.9116008282 0.3408734798 0.2297590673
v 45.40278244 43.66123199 1176.743164
vn -0.8116130829 0.4998036623 0.3024575114
v 45.53780746 43.80176926 1176.804443
vn -0.6818016768 0.6358231902 0.3617669046
v 45.69347382 43.91231537 1176.849487
vn -0.5318745971 0.7433954477 0.405552268
v 45.8586235 43.99105072 1176.878052
vn -0.3610982001 0.8248507977 0.4350048602
v 46.0477066 44.0446167 1176.892456
vn -0.1797402799 0.8755493164 0.448449403
v 46.2490387 44.06516266 1176.889648
vn 0.01622653194 0.8951592445 0.4454510808
v 46.45457077 44.04919052 1176.868286
vn 0.2148543745 0.8794860244 0.4246669114
v 46.65271378 43.99582672 1176.828735
vn 0.4068488479 0.8277696967 0.3863564432
v 46.83335495 43.90737152 1176.772949
vn 0.5811877847 0.7427241206 0.3325381279
v 46.9862175 43.79030228 1176.70459
vn 0.7291704416 0.6302081943 0.2667359114
v 47.10503387 43.65384674 1176.628784
vn 0.8447945118 0.4988186955 0.1936547756
v 47.29821777 42.76747131 1177.592896
vn 0.9833652377 0.1728845835 0.05571151525
v 47.24399948 42.93513489 1177.680908
vn 0.9321914315 0.3337076902 0.1402080208
v 47.31520844 42.58839798 1177.500244
vn 0.9994062185 -0.00141716667 -0.0344270505
v 47.29130173 42.40503693 1177.40686
vn 0.9759648442 -0.178675279 -0.1247708723
v 47.22586441 42.22770309 1177.317993
vn 0.9124388695 -0.350623697 -0.2109937221
v 47.12176514 42.0654335 1177.238159
vn 0.8122398853 -0.5072228909 -0.2880820632
v 46.98654175 41.92747879 1177.171875
vn 0.6821584105 -0.6407594681 -0.3522601724
v 46.83067703 41.81957626 1177.121704
vn 0.531891644 -0.7458080053 -0.4010756612
v 46.66534042 41.74339294 1177.088257
vn 0.3607898951 -0.8246152401 -0.4357067645
v 46.4760704 41.69251633 1177.068604
vn 0.1792166382 -0.8726611137 -0.4542510509
v 46.27455521 41.67459106 1177.066284
vn -0.0168471653 -0.8896622062 -0.4563083351
v 46.06886673 41.69300079 1177.082764
vn -0.2157929242 -0.8715727329 -0.440220803
v 45.87059402 41.74846649 1177.118042
vn -0.4080259204 -0.8177421689 -0.4059711397
v 45.68985748 41.83857727 1177.170532
vn -0.5825889707 -0.7309587002 -0.3553722799
v 45.53694153 41.95677567 1177.236572
vn -0.7306653857 -0.6172329187 -0.2918074429
v 45.41811371 42.09381104 1177.311035
vn -0.8462792039 -0.4852187037 -0.2199416608
v 45.33508301 42.23976898 1177.388916
vn -0.9321696758 -0.3340034783 -0.1396472901
v 45.28086853 42.40743256 1177.476929
vn -0.9833535552 -0.1731371284 -0.05513055623
v 45.26387787 42.58650589 1177.56958
vn -0.9993855357 0.001199111925 0.03503020108
v 45.28778458 42.76986694 1177.662964
vn -0.9759134054 0.1785163879 0.1253989488
v 45.35322189 42.94720078 1177.751831
vn -0.9123555422 0.3504601121 0.2116248161
v 45.45732117 43.10947037 1177.831787
vn -0.8121002913 0.5070816875 0.2887234688
v 45.59254456 43.24742508 1177.897949
vn -0.6819351315 0.640640378 0.3529085219
v 45.74840927 43.35532761 1177.94812
vn -0.5317425728 0.7455893755 0.4016793668
v 45.91374207 43.43151093 1177.981567
vn -0.3606651127 0.8243598938 0.4362928271
v 46.1030159 43.48238754 1178.001343
vn -0.1791197658 0.8723835349 0.454821974
v 46.30452728 43.50031281 1178.003662
vn 0.01718356833 0.8893747926 0.4568558037
v 46.51021957 43.48190308 1177.987061
vn 0.2160957754 0.8712373376 0.4407358766
v 46.70849228 43.42643738 1177.951782
vn 0.4082817733 0.8173617721 0.4064796865
v 46.88922501 43.3363266 1177.899292
vn 0.5826919675 0.730620563 0.3558983505
v 47.04214478 43.2181282 1177.833252
vn 0.7307158113 0.6169185042 0.2923456728
v 47.1609726 43.08109665 1177.758789
vn 0.8463346958 0.4848777354 0.2204795033
v 47.31821823 42.1799736 1178.722534
vn 0.9838252664 0.1591030508 0.08230458945
v 47.26402664 42.34751129 1178.810669
vn 0.9326553941 0.3198259473 0.1669290215
v 47.33518219 42.00157928 1178.628784
vn 0.9998530746 -0.01459036302 -0.008995579556
v 47.31124115 41.81945801 1178.533203
vn 0.9763810635 -0.1907108575 -0.1015350968
v 47.2457695 41.64388657 1178.44104
vn 0.9128192663 -0.3609891832 -0.1909130365
v 47.14163589 41.48381805 1178.357056
vn 0.8125610352 -0.5155315995 -0.2719774842
v 47.00637436 41.34835815 1178.286133
vn 0.6823475957 -0.6467754841 -0.3407098055
v 46.85048294 41.24307251 1178.231079
vn 0.532043457 -0.7493139505 -0.3942820728
v 46.68511963 41.16947174 1178.192749
vn 0.3608746529 -0.8255053759 -0.433947444
v 46.49582672 41.12136841 1178.167725
vn 0.1792158484 -0.8709369302 -0.4575484395
v 46.29429245 41.10621262 1178.160156
vn -0.01700033993 -0.8852724433 -0.4647619724
v 46.08858871 41.12726593 1178.171509
vn -0.2159807235 -0.8646480441 -0.453581363
v 45.89031219 41.18508911 1178.202271
vn -0.4083275497 -0.808523953 -0.4237424135
v 45.70957565 41.27715302 1178.250854
vn -0.5828576684 -0.7199131846 -0.3768314719
v 45.55666733 41.39678574 1178.313965
vn -0.7310994864 -0.6046891212 -0.3159819245
v 45.43785477 41.53470993 1178.386719
vn -0.8467615843 -0.4717468619 -0.2458653301
v 45.35484314 41.68104172 1178.463745
vn -0.9326258302 -0.3201782703 -0.1664178222
v 45.30065155 41.84857941 1178.551758
vn -0.9838258624 -0.1593836844 -0.08175244927
v 45.28368759 42.02697754 1178.645508
vn -0.9998509884 0.01436494663 0.00957552623
v 45.30762863 42.209095 1178.741211
vn -0.9763578773 0.1905103773 0.102132529
v 45.37310028 42.38467026 1178.833374
vn -0.9127348661 0.3608664274 0.1915475577
v 45.47723389 42.54473495 1178.917236
vn -0.8124119639 0.5154277086 0.2726189792
v 45.61249542 42.68019485 1178.988159
vn -0.6821936369 0.646615088 0.3413220942
v 45.76838684 42.78548431 1179.043213
vn -0.5319105983 0.7490959167 0.3948752284
v 45.93374634 42.85908127 1179.081665
vn -0.3607095778 0.8252742887 0.4345238507
v 46.12304306 42.9071846 1179.106567
vn -0.179031238 0.8706752658 0.4581182897
v 46.32457352 42.92234039 1179.114258
vn 0.01714989915 0.884970665 0.465330869
v 46.53028107 42.90128708 1179.102905
vn 0.2162519842 0.8643070459 0.4541017115
v 46.72855759 42.8434639 1179.072144
vn 0.4086235464 0.808118701 0.4242298007
v 46.90929031 42.75140381 1179.023438
vn 0.5830520988 0.7194975615 0.3773241043
v 47.06220245 42.63176727 1178.960327
vn 0.7311072946 0.6043980122 0.3165203333
v 47.18101501 42.49384308 1178.887695
vn 0.8467661738 0.4714565873 0.2464055717
v 47.30104828 41.5833931 1179.848877
vn 0.9834135771 0.1449990422 0.1089632064
v 47.24688339 41.75107574 1179.936646
vn 0.9322320819 0.3059302866 0.1932614446
v 47.31801224 41.40540695 1179.754517
vn 0.999453485 -0.02833792754 0.01702144556
v 47.29410553 41.2242775 1179.657227
vn 0.9760125875 -0.2035589218 -0.07722193748
v 47.22869873 41.05024338 1179.562378
vn 0.9124917388 -0.3724115789 -0.1693175137
v 47.12466049 40.89219666 1179.474731
vn 0.8123128414 -0.5250416994 -0.2539273798
v 46.9895134 40.75909805 1179.399414
vn 0.6821683645 -0.6540634036 -0.3268752098
v 46.83374786 40.65634918 1179.339722
vn 0.5319358706 -0.7541905046 -0.3850206733
v 46.66851807 40.58530426 1179.296509
vn 0.3608531356 -0.8277825117 -0.4296057522
v 46.47937393 40.53999329 1179.266357
vn 0.1791971326 -0.870572269 -0.4582491517
v 46.27799606 40.52768326 1179.253418
vn -0.01691469923 -0.8821520805 -0.4706608355
v 46.07244492 40.55150986 1179.259521
vn -0.2157308757 -0.8588651419 -0.4645545185
v 45.87431335 40.611866 1179.2854
vn -0.4081123471 -0.8002393842 -0.4393873811
v 45.69371033 40.70609665 1179.329834
vn -0.5825093389 -0.7095563412 -0.3965004683
v 45.540905 40.82741547 1179.389648
vn -0.7307077646 -0.5926782489 -0.3388195634
v 45.42217255 40.96648788 1179.460083
vn -0.8463922739 -0.4585214853 -0.2708840966
v 45.33921051 41.11343765 1179.535767
vn -0.932222724 -0.3062816858 -0.1927494705
v 45.28504562 41.28112411 1179.623413
vn -0.9834263921 -0.1453074813 -0.1084353477
v 45.26808167 41.45911026 1179.717773
vn -0.9994696379 0.02810321562 -0.01645210944
v 45.29198837 41.64023972 1179.815186
vn -0.9760103822 0.2033482194 0.07780233026
v 45.35739517 41.81427002 1179.910034
vn -0.9124443531 0.3722492158 0.1699287593
v 45.46143341 41.97232056 1179.997681
vn -0.8121734262 0.5249417424 0.2545791268
v 45.59658051 42.10541916 1180.072876
vn -0.682030797 0.6539002657 0.3274880648
v 45.75234604 42.20816803 1180.13269
vn -0.5317813158 0.7539992332 0.3856083155
v 45.91757202 42.27921295 1180.175781
vn -0.36070171 0.8275561333 0.4301687181
v 46.10671997 42.32452011 1180.206055
vn -0.179017067 0.8703180552 0.458802104
v 46.30809784 42.33683395 1180.218994
vn 0.01709676348 0.8818500042 0.4712199271
v 46.51364517 42.31300735 1180.212891
vn 0.2159589231 0.8585124612 0.46510005
v 46.71177673 42.2526474 1180.187012
vn 0.4083377421 0.7998483777 0.4398896694
v 46.89238358 42.15841675 1180.142456
vn 0.5827624798 0.7090892792 0.3969638646
v 47.0451889 42.03709793 1180.082642
vn 0.7307309508 0.5923491716 0.3393445909
v 47.16392136 41.89802551 1180.012329
vn 0.8463692069 0.4582391083 0.2714334428
v 47.24594116 40.98286819 1180.969604
vn 0.9821456671 0.1307398826 0.1352664381
v 47.19183731 41.15092468 1181.056396
vn 0.9310277104 0.292086035 0.2187992334
v 47.26290894 40.80504608 1180.875122
vn 0.9981658459 -0.04251411557 0.04309813678
v 47.23907089 40.62466431 1180.776489
vn 0.9747528434 -0.2170544714 -0.05238555744
v 47.17380142 40.45194244 1180.679321
vn 0.9113025665 -0.3846907318 -0.1467673481
v 47.06996155 40.29570389 1180.588501
vn 0.8112165928 -0.5356275439 -0.2345864177
v 46.93506241 40.16479874 1180.509277
vn 0.6813129187 -0.662471354 -0.3113589585
v 46.77957153 40.06446075 1180.445068
vn 0.5312549472 -0.7602788806 -0.3738237023
v 46.61462784 39.99588776 1180.397339
vn 0.3604049385 -0.8313064575 -0.4231286049
v 46.42580032 39.95332336 1180.362061
vn 0.1789232641 -0.8714371324 -0.4567097723
v 46.22475815 39.94385529 1180.343872
vn -0.01699403673 -0.8801877499 -0.4743213058
v 46.01954269 39.97050095 1180.344727
vn -0.21551615 -0.854113996 -0.4733307958
v 45.82173157 40.03348923 1180.365601
vn -0.4076580107 -0.792853713 -0.4529877603
v 45.64141083 40.13003159 1180.405762
vn -0.5818616152 -0.6998330951 -0.414331615
v 45.4888382 40.25321198 1180.461914
vn -0.7297682166 -0.5811586976 -0.3601289392
v 45.3702774 40.39362717 1180.529663
vn -0.84533149 -0.4455881417 -0.2947301269
v 45.28742981 40.54140472 1180.60376
vn -0.9310550094 -0.292394191 -0.2182708532
v 45.23332596 40.70946121 1180.690552
vn -0.9821822047 -0.1310222447 -0.1347268522
v 45.21635818 40.88728333 1180.785034
vn -0.9981996417 0.04228467122 -0.04253840819
v 45.24019623 41.0676651 1180.883667
vn -0.974765718 0.2168565542 0.05296241492
v 45.3054657 41.24038696 1180.980835
vn -0.9112647772 0.3845488727 0.1473725438
v 45.40930557 41.3966217 1181.071655
vn -0.811152339 0.5354634523 0.2351824939
v 45.54420471 41.52753067 1181.150879
vn -0.6811497211 0.6623432636 0.3119878769
v 45.69969559 41.62786865 1181.215088
vn -0.5311515927 0.7600669265 0.3744011521
v 45.86463928 41.69644165 1181.262817
vn -0.3602021635 0.8310979009 0.423710674
v 46.0534668 41.73900604 1181.298096
vn -0.178764239 0.871181488 0.457259357
v 46.25450897 41.74847412 1181.316284
vn 0.01719738729 0.8798987865 0.4748497903
v 46.45972061 41.72182846 1181.31543
vn 0.2157101482 0.8537740111 0.4738555253
v 46.65753555 41.65884018 1181.294556
vn 0.4077320993 0.7925168276 0.4535103738
v 46.83785629 41.56229782 1181.254517
vn 0.5819924474 0.69943434 0.4148209393
v 46.99042892 41.43911743 1181.198242
vn 0.7298339605 0.5807712078 0.3606204987
v 47.10898972 41.29870224 1181.130493
vn 0.8453341722 0.4452470541 0.2952374816
v 47.15261078 40.3756485 1182.096191
vn 0.9801387191 0.1179811656 0.1594004035
v 47.098629 40.54429626 1182.181763
vn 0.9290965199 0.2799142003 0.2417182773
v 47.16955185 40.19775009 1182.001953
vn 0.9961746931 -0.05542996898 0.06755331159
v 47.14578247 40.01784134 1181.90271
vn 0.9728567004 -0.2296348512 -0.02859452367
v 47.08068466 39.84614944 1181.803833
vn 0.9095782042 -0.3964076936 -0.1246130392
v 46.977108 39.69145203 1181.710205
vn 0.8097427487 -0.5459967256 -0.2149517834
v 46.84254837 39.56248474 1181.627563
vn 0.6800674796 -0.6711708307 -0.2950220406
v 46.68744659 39.4643364 1181.559326
vn 0.5304105282 -0.766956985 -0.3611670732
v 46.52291107 39.39805222 1181.507446
vn 0.3598267436 -0.8357865214 -0.4147114456
v 46.33454895 39.35808563 1181.467407
vn 0.1788214296 -0.8735263944 -0.4527411759
v 46.13400269 39.35134506 1181.444092
vn -0.01675806195 -0.8797322512 -0.47517398
v 45.92928696 39.38074875 1181.439819
vn -0.2149656415 -0.8510577083 -0.4790517092
v 45.73195267 39.44636536 1181.455811
vn -0.4066577554 -0.7873334289 -0.463395685
v 45.5520668 39.5452652 1181.491455
vn -0.5806022882 -0.6920118332 -0.428976208
v 45.39986038 39.67041016 1181.543945
vn -0.7282309532 -0.5714241266 -0.3783572018
v 45.28158188 39.81230927 1181.608887
vn -0.8435531855 -0.4344284236 -0.3157371879
v 45.19892502 39.96108246 1181.680908
vn -0.9291319251 -0.2801887989 -0.2412636578
v 45.14494324 40.12973404 1181.766479
vn -0.980196774 -0.1181704476 -0.1589025408
v 45.12800598 40.30763245 1181.860718
vn -0.996219039 0.05527027324 -0.0670286268
v 45.15177536 40.4875412 1181.959961
vn -0.9728761315 0.2294843942 0.02913690358
v 45.21686935 40.65923309 1182.05896
vn -0.9095631242 0.3962648213 0.1251763403
v 45.32044601 40.81393051 1182.152466
vn -0.8096789718 0.5458618402 0.2155338526
v 45.45500565 40.9428978 1182.235229
vn -0.6799766421 0.6710065007 0.2956044972
v 45.61011124 41.04104614 1182.303345
vn -0.5302457213 0.7667803764 0.3617835641
v 45.77464676 41.10733032 1182.355225
vn -0.3597198725 0.8355425596 0.4152953923
v 45.96300507 41.14729691 1182.395264
vn -0.1786862016 0.8732579947 0.4533119798
v 46.16355515 41.15403366 1182.418579
vn 0.01688383333 0.8794414401 0.4757076204
v 46.36826706 41.12463379 1182.422852
vn 0.2150710672 0.8507410884 0.4795664847
v 46.56560135 41.05901718 1182.40686
vn 0.4067254961 0.7870013118 0.4639001191
v 46.74548721 40.96011734 1182.371216
vn 0.5805937052 0.6917108893 0.4294729531
v 46.89769363 40.83497238 1182.318726
vn 0.7281832099 0.5711590052 0.3788491189
v 47.01597595 40.69307327 1182.253906
vn 0.8435092568 0.4341656268 0.3162156343
v 47.02671051 39.77488327 1183.214233
vn 0.9778775573 0.1069406644 0.1797753572
v 46.97293854 39.94436264 1183.298096
vn 0.9270239472 0.269757688 0.2604945898
v 47.04353714 39.59656906 1183.120972
vn 0.9937949181 -0.06697000563 0.08880684525
v 47.01977158 39.41670609 1183.021729
vn 0.9704459906 -0.2412088662 -0.007271493785
v 46.95478821 39.24554443 1182.921875
vn 0.9072297215 -0.4075487554 -0.1041068807
v 46.85143661 39.09183884 1182.82666
vn 0.8075503111 -0.5562488437 -0.1960860193
v 46.7171936 38.96424866 1182.741455
vn 0.6780877709 -0.6801633239 -0.2785226703
v 46.56247711 38.86775208 1182.67041
vn 0.528722167 -0.7743823528 -0.3475412428
v 46.39836884 38.80326843 1182.615234
vn 0.3585700989 -0.8413455486 -0.4044318795
v 46.21050644 38.76540375 1182.571289
vn 0.1780045033 -0.8770684004 -0.4461674988
v 46.01050186 38.760952 1182.543701
vn -0.01712793484 -0.8810451627 -0.4727219939
v 45.80635452 38.79273224 1182.535034
vn -0.2149099261 -0.8500314355 -0.4808953106
v 45.60958481 38.86068726 1182.546631
vn -0.406105727 -0.7839922905 -0.4695042372
v 45.43022156 38.9617691 1182.578125
vn -0.5795205832 -0.6865568161 -0.4390850067
v 45.27847672 39.08880997 1182.626953
vn -0.7267587185 -0.5640630722 -0.3919880986
v 45.16056824 39.23224258 1182.688843
vn -0.8417541385 -0.4254991114 -0.3322656453
v 45.07819366 39.38214874 1182.758667
vn -0.9270761609 -0.2700171471 -0.2600394785
v 45.02442169 39.5516243 1182.842529
vn -0.9779434204 -0.1071503833 -0.179291442
v 45.00759506 39.72994232 1182.935791
vn -0.9938517213 0.06678844988 -0.08830667287
v 45.03136063 39.90980148 1183.035034
vn -0.9704840183 0.2410394698 0.007793603465
v 45.09634399 40.08096313 1183.134766
vn -0.9072489738 0.4073690176 0.1046409979
v 45.19969559 40.23466873 1183.230103
vn -0.8075504303 0.5560548902 0.1966348439
v 45.3339386 40.36225891 1183.315308
vn -0.6780946851 0.6799334884 0.2790663838
v 45.48865509 40.45875549 1183.386353
vn -0.5286240578 0.774181366 0.3481376469
v 45.65276337 40.52323914 1183.441528
vn -0.3585236073 0.8410855532 0.4050134718
v 45.84062576 40.56110382 1183.485474
vn -0.1779406667 0.8767874241 0.4467447698
v 46.04063034 40.56555557 1183.513062
vn 0.01718671247 0.8807489872 0.4732713699
v 46.24477768 40.53377914 1183.521729
vn 0.2149634063 0.8497187495 0.4814237356
v 46.44154739 40.46582031 1183.510132
vn 0.4060995877 0.7836886048 0.4700162411
v 46.62091064 40.36473846 1183.478638
vn 0.5795503259 0.6862216592 0.4395693839
v 46.77265549 40.2376976 1183.42981
vn 0.7266951203 0.5638021827 0.3924809396
v 46.89056396 40.0942688 1183.36792
vn 0.8416973948 0.4252452254 0.3327341676
v 46.87287521 39.18229294 1184.330444
vn 0.9756273031 0.09814103693 0.196264416
v 46.81941605 39.35283279 1184.412231
vn 0.9250535369 0.2620635629 0.2749521434
v 46.88948441 39.00322342 1184.23877
vn 0.9913307428 -0.0765215829 0.1068074927
v 46.8656044 38.82297897 1184.140503
vn 0.9678675532 -0.2511967421 0.01151297428
v 46.80063629 38.65184021 1184.040771
vn 0.9046506882 -0.4175362885 -0.08526745439
v 46.69741821 38.49856567 1183.944824
vn 0.8050484061 -0.5658746958 -0.1779969186
v 46.56341934 38.3717804 1183.858276
vn 0.6758002043 -0.6890053749 -0.2618504167
v 46.40903473 38.27638245 1183.785278
vn 0.5266364217 -0.7821994424 -0.3328935206
v 46.24530792 38.21319199 1183.727661
vn 0.3569343984 -0.8477778435 -0.3922634423
v 46.05792236 38.17692566 1183.680786
vn 0.1766814888 -0.8819580674 -0.4369595349
v 45.85846329 38.17429352 1183.64978
vn -0.01786940545 -0.8841343522 -0.4668909013
v 45.65490723 38.2080574 1183.637329
vn -0.2151674926 -0.8511565328 -0.4787854552
v 45.45874023 38.27804565 1183.64502
vn -0.4058685303 -0.7830755115 -0.4712361395
v 45.27996826 38.38111496 1183.672729
vn -0.5788118243 -0.6836348772 -0.4445449114
v 45.12876129 38.50997543 1183.718018
vn -0.7255141735 -0.5593777895 -0.4009060264
v 45.01131821 38.65497208 1183.776855
vn -0.8401165009 -0.4192293882 -0.3441670239
v 44.92931366 38.80613327 1183.844116
vn -0.9251079559 -0.2623877823 -0.274459362
v 44.87585068 38.97667694 1183.925903
vn -0.9756967425 -0.09845045209 -0.1957635283
v 44.8592453 39.15574265 1184.017578
vn -0.9914070368 0.07626476884 -0.1062814146
v 44.88312149 39.33599091 1184.115967
vn -0.9679393768 0.2509433031 -0.01098979171
v 44.94809341 39.50712967 1184.215576
vn -0.9046948552 0.417327106 0.08582109958
v 45.05131149 39.66040039 1184.311523
vn -0.8051049709 0.5656255484 0.1785322726
v 45.18530655 39.78718567 1184.398071
vn -0.6758679152 0.6887354851 0.2623852193
v 45.33969498 39.88258362 1184.471191
vn -0.5266894698 0.7819334865 0.3334340453
v 45.50341797 39.94577789 1184.528687
vn -0.3568326235 0.8475491405 0.3928497434
v 45.69080353 39.98204422 1184.575562
vn -0.1767080128 0.8816803098 0.4375089407
v 45.89026642 39.98467255 1184.606567
vn 0.01793600246 0.8838348389 0.4674551189
v 46.09382248 39.95091248 1184.619019
vn 0.2151904553 0.8508495092 0.4793204963
v 46.28998947 39.88092041 1184.611328
vn 0.4058076739 0.7827959061 0.4717527628
v 46.46875763 39.7778511 1184.58374
vn 0.5787683725 0.6833435893 0.4450491071
v 46.61996841 39.64899445 1184.53833
vn 0.725507319 0.5590357184 0.4013952911
v 46.7374115 39.5039978 1184.479614
vn 0.8400598168 0.4189259112 0.3446746171
v 46.69621658 38.60253906 1185.446411
vn 0.9736074805 0.09138409793 0.2091350704
v 46.64317703 38.77434921 1185.525513
vn 0.9234285951 0.2566128373 0.2853584886
v 46.71247864 38.42242813 1185.356812
vn 0.9889681935 -0.08437656611 0.1217478439
v 46.68836212 38.24142838 1185.260132
vn 0.9652503729 -0.2598229051 0.02799516171
v 46.62327576 38.06988144 1185.161499
vn 0.9018751383 -0.4266219735 -0.06793291867
v 46.52006912 37.91657639 1185.065674
vn 0.8022610545 -0.5749978423 -0.1604826748
v 46.38620758 37.79011536 1184.978638
vn 0.6730837822 -0.6978470087 -0.2448831499
v 46.23206329 37.69535446 1184.904419
vn 0.5240893364 -0.7904337645 -0.3170881271
v 46.06866074 37.63303757 1184.845337
vn 0.3545749485 -0.8551301956 -0.3781917095
v 45.88170242 37.5979538 1184.796143
vn 0.1747473478 -0.8881365657 -0.4250608981
v 45.68275452 37.59677124 1184.762451
vn -0.01939058118 -0.8888663054 -0.4577561319
v 45.47978592 37.63219452 1184.746704
vn -0.2161141187 -0.8542563915 -0.4728009701
v 45.28424454 37.70397949 1184.750854
vn -0.4062693119 -0.7843913436 -0.4686954618
v 45.10611343 37.80888748 1184.774902
vn -0.578722477 -0.6830595732 -0.4455445409
v 44.955513 37.93951797 1184.816772
vn -0.7248545289 -0.5570331216 -0.4053394198
v 44.83861542 38.08611679 1184.872314
vn -0.8389704823 -0.4152365923 -0.3517202437
v 44.75708008 38.23866272 1184.93689
vn -0.923494339 -0.2569333017 -0.2848570347
v 44.70404053 38.41047287 1185.016113
vn -0.9736808538 -0.09172122926 -0.208645314
v 44.68777466 38.5905838 1185.105591
vn -0.9890568256 0.08403084427 -0.1212658435
v 44.71189117 38.77158356 1185.202271
vn -0.9653459191 0.2595214546 -0.02749213204
v 44.77698135 38.94313049 1185.301025
vn -0.9019655585 0.4263483286 0.06844885647
v 44.88018799 39.09643555 1185.396729
vn -0.802333951 0.5747472644 0.1610149443
v 45.01404572 39.22289276 1185.483765
vn -0.6731644869 0.6975838542 0.2454105616
v 45.16819 39.31765366 1185.557983
vn -0.5242406726 0.7901340723 0.3175843656
v 45.33159637 39.37997437 1185.617188
vn -0.3546353877 0.8548721671 0.3787179589
v 45.51855469 39.41505814 1185.66626
vn -0.1747760922 0.8878737092 0.4255978763
v 45.71750259 39.41624069 1185.700073
vn 0.01942418888 0.8885861039 0.4582984447
v 45.92047119 39.38081741 1185.715698
vn 0.2161564082 0.8539495468 0.4733355939
v 46.11600876 39.30903244 1185.711548
vn 0.4062728584 0.7840798497 0.4692133069
v 46.29414368 39.20412445 1185.6875
vn 0.5786398053 0.6827862859 0.4460704029
v 46.44474411 39.07349396 1185.645752
vn 0.7248574495 0.5566715002 0.4058307409
v 46.56163788 38.92689133 1185.590088
vn 0.8389212489 0.414916575 0.3522149622
v 46.03521347 37.12742233 1186.033081
vn 0.5211482048 -0.7990680337 -0.2998246551
v 45.87204361 37.06562805 1185.9729
vn 0.3516926765 -0.8632880449 -0.36200279
v 45.68544006 37.03139114 1185.922241
vn 0.1721834242 -0.8954692483 -0.4104725718
v 45.48695755 37.03134537 1185.88623
vn -0.02158818953 -0.8950767517 -0.4453891814
v 45.28455353 37.06818008 1185.867676
vn -0.2177811414 -0.859087944 -0.4631838799
v 45.0896492 37.14157867 1185.868652
vn -0.4074402153 -0.7875953913 -0.462261796
v 44.9121933 37.24822235 1185.88916
vn -0.5791851878 -0.6846230626 -0.4425334036
v 44.76226807 37.38059998 1185.927368
vn -0.7247561812 -0.5568218827 -0.4058052301
v 44.64600754 37.528862 1185.979492
vn -0.8382957578 -0.4133554101 -0.3555243611
v 46.27687836 38.13298798 1187.185547
vn 0.8557155132 0.3783451915 0.3529955447
v 46.07943726 38.40351105 1187.184204
vn 0.3992399871 0.3805720806 0.8341296911
v 45.85450745 38.57489777 1187.183228
vn 0.3730180562 0.7942529917 0.4796037078
v 45.52445984 38.66731262 1187.182861
vn 0.0891481936 0.6596184373 0.7462949157
v 44.64485931 36.64552307 1187.192993
vn -0.3197192252 -0.298042208 0.8994167447
v 44.33230209 37.22567368 1187.190063
vn -0.4194970429 -0.07149489224 0.9049368501
v 44.41302872 36.9599762 1187.191406
vn -0.01157911774 0.0007421293412 0.9999327064
v 44.34919357 37.13131332 1187.190552
vn -0.9219497442 -0.3237447739 -0.2125982791
v 45.28923416 37.3850441 1187.189209
vn 1.224646853e-16 0.005000054371 0.999987483
v 44.51148224 36.79385376 1187.192261
vn -0.09949981421 -0.0558732897 0.993467629
v 44.41841888 36.94565201 1187.191528
vn -0.7948642373 -0.4827968478 -0.3675569296
v 44.52423096 36.77305222 1187.192383
vn -0.6703346968 -0.6219227314 -0.4048005939
v 44.81045151 36.5259819 1187.193604
vn -0.5276387334 -0.7870030403 -0.319724232
v 44.83968735 36.50634003 1187.193604
vn -0.3538864851 -0.8347884417 -0.4217732251
v 44.66643524 36.62272644 1187.193115
vn -0.531735599 -0.7389258742 -0.4138185382
v 45.20865631 36.40823364 1187.194214
vn -0.0673340857 -0.4819468856 0.873609364
v 45.0013237 36.4448967 1187.19397
vn -0.3552523553 -0.9347646832 0.00327309221
v 45.24025726 36.40385818 1187.194214
vn 0.04395217076 -0.922659874 -0.3831018209
v 46.30826187 38.04953003 1187.186035
vn 0.04235425219 0.02092382312 0.9988835454
v 45.03430939 36.43235779 1187.194092
vn -0.1582476348 -0.8974322677 -0.4117924571
v 45.42082596 36.41838837 1187.194092
vn 0.01460403111 -0.1751860976 0.9844270349
v 45.62756729 36.4736557 1187.193848
vn 0.009183399379 -0.02641965821 0.9996087551
v 45.64240646 36.47800446 1187.193848
vn 0.4247758985 -0.8609068394 -0.2800086439
v 45.81570053 36.5666275 1187.193359
vn 0.4580363035 -0.8724079132 -0.1706081778
v 46.27611542 37.11601639 1187.190552
vn 0.3905882537 -0.1445017308 0.9091534615
v 45.44579697 36.42040253 1187.194092
vn 0.2427303791 -0.9093415737 -0.3379051089
v 46.21318817 38.23711777 1187.185059
vn 0.1932489425 0.1231638715 0.9733886719
v 46.13600922 36.86663818 1187.191772
vn 0.7505638003 -0.6390696168 -0.1680595726
v 45.72422791 38.6244278 1187.183105
vn 0.3025230467 0.798187077 0.5209388137
v 44.95820999 38.55111313 1187.183472
vn -0.4233161509 0.8129019737 0.399992317
v 46.17057037 38.30682755 1187.184692
vn 0.7465029955 0.5271193981 0.4060522914
v 45.05269241 38.60043716 1187.183228
vn -0.4006060958 0.8492000699 0.3440551758
v 45.91292953 38.53553391 1187.183472
vn 0.4387569129 0.6548520327 0.615354538
v 44.79702377 38.44612503 1187.18396
vn -0.6491366625 0.6908074617 0.3184441626
v 46.02798462 38.45806885 1187.18396
vn 0.54927665 0.6951342225 0.463771075
v 45.2488327 38.65937805 1187.182983
vn -0.23047629 0.888589263 0.3965978026
v 44.87820435 38.50934982 1187.183594
vn -0.5596043468 0.7801315784 0.2797100246
v 45.6598587 38.64890289 1187.182983
vn 0.1841292232 0.8602043986 0.4755469263
v 44.64783478 38.3084259 1187.184692
vn -0.7627403736 0.5629606247 0.3182805479
v 45.13297272 38.62455368 1187.183105
vn -0.01067924779 0.04047626629 0.9991234541
v 44.71012878 38.37845993 1187.184326
vn -0.6632552147 0.7195999026 0.2055930793
v 45.45404434 38.67686462 1187.182861
vn -0.04295827076 0.8981115818 0.4376644194
v 44.43869781 38.0096283 1187.186157
vn -0.9455797672 0.3251196444 -0.01327184122
v 45.32459641 38.66583252 1187.182861
vn -0.02289145254 0.2744162083 0.9613385201
v 44.51879501 38.14175797 1187.185547
vn -0.280754745 0.1418216228 0.9492436051
v 44.55990219 38.20957565 1187.185181
vn -0.784172833 0.6077902913 0.1251554936
v 44.41695786 37.95254898 1187.186401
vn -0.4397485554 0.171799168 0.881536305
v 44.34738159 37.74881744 1187.1875
vn -0.5212359428 0.1011157408 0.8474011421
v 45.9895401 36.70206451 1187.192749
vn 0.5545629859 -0.567921102 0.608215034
v 46.15226364 36.89344406 1187.191772
vn 0.4066081047 -0.2420458049 0.8809561133
v 44.35501099 37.78993225 1187.187256
vn -0.9818387032 0.1598518044 -0.1021770239
v 44.31258011 37.53857422 1187.188599
vn -0.4923772216 0.004352676217 0.8703710437
v 45.8670311 36.6054039 1187.193237
vn 0.3492287099 -0.440397203 0.8270971179
v 44.31264877 37.56172943 1187.188477
vn -0.9825056195 -0.008946287446 -0.1860178858
v 44.31262207 37.33443451 1187.189575
vn -0.9730702043 -0.06236493215 -0.2219121903
v 44.91859055 38.75619888 1066.333252
vn 0.9622282982 0.2327774912 -0.1411784738
v 44.84945297 38.8813858 1066.189209
vn 0.8910580873 0.3945460618 -0.2243855447
v 44.9573822 38.60499573 1066.471436
vn 0.9633623362 -0.07976286858 -0.2560680509
v 44.9617157 38.43251038 1066.597046
vn 0.9829804301 0.04949545115 0.1769171059
v 44.9296608 38.24759674 1066.702393
vn 0.9302612543 -0.04302962497 0.3643658757
v 44.76527023 37.87958527 1066.831665
vn 0.8532446027 -0.5202814341 -0.03579004854
v 44.86244583 38.05948639 1066.781982
vn 0.9006255269 -0.2731159329 0.3380552828
v 44.64635086 37.71744537 1066.85144
vn 0.7380859852 -0.5783560276 0.3474670649
v 44.3597641 37.45337296 1066.809326
vn 0.503411293 -0.8264406919 0.2521365881
v 44.51502228 37.57933044 1066.844238
vn 0.6271759868 -0.7249605656 0.2847498357
v 44.18955994 37.35134125 1066.745483
vn 0.5009264946 -0.8514575958 -0.1552177519
v 43.83349228 37.24398041 1066.536621
vn -0.05705405399 -0.968748033 0.2413961589
v 44.01085663 37.27967834 1066.65332
vn 0.1449710727 -0.9420351386 0.3025774956
v 43.66646576 37.24644089 1066.401367
vn -0.140921548 -0.9897222519 0.02430931106
v 43.5194664 37.28564835 1066.255981
vn 0.0614923276 -0.9255352616 -0.3736350238
v 43.39912415 37.35610199 1066.109741
vn -0.3254382908 -0.9095087647 -0.2586188912
v 43.3082428 37.44976425 1065.970703
vn -0.3658725023 -0.8253489137 -0.4300423861
v 43.23910522 37.57495117 1065.82666
vn -0.4163938463 -0.7245661616 -0.5491994619
v 43.20030975 37.72615433 1065.688477
vn -0.1659678817 -0.6367307901 -0.7530130148
v 43.19597626 37.89863968 1065.562744
vn -0.5627141595 -0.4258999825 -0.7084927559
v 43.22803116 38.08355331 1065.457397
vn -0.6297966242 -0.2249949872 -0.7434604764
v 43.29524994 38.27166367 1065.37793
vn -0.5178412199 -0.06763433665 -0.8527989388
v 43.39242172 38.4515686 1065.328125
vn 0.04011296481 -0.2297605276 -0.9724202156
v 43.51134109 38.61370468 1065.30835
vn -0.2135826796 0.1025868654 -0.9715237617
v 43.79792786 38.8777771 1065.350586
vn 0.04810017347 0.3375403583 -0.9400812984
v 43.64266968 38.75181961 1065.315552
vn -0.1370896995 0.2731005549 -0.9521672726
v 43.96813583 38.97980881 1065.414429
vn 0.3334909976 0.1629768163 -0.9285592437
v 44.32419968 39.08717346 1065.623169
vn 0.3588958085 0.6991109252 -0.6184154749
v 44.14683914 39.05147171 1065.506592
vn 0.2652755082 0.5797073245 -0.7704338431
v 44.4912262 39.08471298 1065.758545
vn 0.5515249968 0.652849555 -0.5192375779
v 44.63822556 39.04550552 1065.903931
vn 0.7586634159 0.1916104555 -0.6226678491
v 44.75856781 38.97504807 1066.050171
vn 0.8341547251 0.3517112732 -0.4248353541
v 45.14100266 38.8285675 1186.711548
vn -0.3519358337 0.8629874587 0.3624828756
v 46.10085297 38.64597321 1186.79541
vn 0.5792341232 0.6842530966 0.4430412352
v 45.92339706 38.75261688 1186.815918
vn 0.4073441625 0.7873356342 0.4627886117
v 45.52608871 38.86285019 1186.79834
vn 0.02153803594 0.8948104978 0.4459263086
v 45.72849274 38.82601547 1186.816772
vn 0.2177990675 0.8587950468 0.4637182653
v 46.2507782 38.51359558 1186.75708
vn 0.7247558832 0.5564578772 0.4063047767
v 46.51628494 37.85660553 1186.480591
vn 0.9867783189 -0.09069244564 0.1343258917
v 46.50049973 38.03802109 1186.567383
vn 0.9718855619 0.08639582247 0.219030261
v 44.35647583 37.14405823 1187.15625
vn -0.9215462208 -0.2515285611 -0.2957802117
v 46.38341522 37.51438522 1187.188721
vn 0.9855943322 -0.1163614169 0.1227348149
v 46.34613037 37.94880295 1187.186401
vn 0.9342953563 0.2122849822 0.2864041328
v 46.38370514 37.60499573 1187.188232
vn 0.9572522044 -0.08994642645 0.2749141753
v 46.34100342 37.28623199 1187.189819
vn 0.9109562039 -0.4117740393 -0.02451422624
v 46.35446548 37.35864639 1187.189453
vn 0.3222104311 -0.08613751829 0.942741096
v 46.3841362 37.73827744 1187.1875
vn 0.9749014974 0.0754167065 0.2094741762
v 46.36703873 38.36533356 1186.704956
vn 0.8382293582 0.4130553305 0.3560293019
v 45.82181168 36.57762527 1187.171387
vn 0.5175529718 -0.8082100749 -0.2809544206
v 44.55230713 36.83843231 1187.049805
vn -0.7253730893 -0.558345437 -0.4025968611
v 45.472435 36.48233795 1187.059082
vn 0.1688742191 -0.9038777351 -0.3930477798
v 44.43677139 36.98841095 1187.098267
vn -0.8382167816 -0.4131920636 -0.3559001982
v 44.70148468 36.704319 1187.015259
vn -0.5805332065 -0.6878376603 -0.4357298911
v 44.87822723 36.59603119 1186.998169
vn -0.4093616605 -0.7925081253 -0.452055186
v 45.07249069 36.52118301 1187.000366
vn -0.2203172147 -0.865439713 -0.4499715567
v 44.68996048 38.54573059 1186.48999
vn -0.7993537784 0.5834497213 0.1435965896
v 44.52126694 38.21966553 1186.298218
vn -0.9627879262 0.266923964 -0.04232069105
v 44.97782898 38.76677322 1186.651367
vn -0.5212312341 0.7988144159 0.3003555834
v 44.82381439 38.6722641 1186.576782
vn -0.670137167 0.7064329982 0.2277468294
v 44.49676132 38.03759003 1186.203857
vn -0.9868723154 0.0903435871 -0.1338694692
v 44.51254654 37.85617447 1186.117065
vn -0.9719510078 -0.0867773965 -0.2185884565
v 44.56503677 37.68290329 1186.041016
vn -0.9222741723 -0.2534430623 -0.2918509543
v 46.49177933 37.67453003 1186.38623
vn 0.9626715779 -0.267269969 0.04278136045
v 46.42642212 37.5022049 1186.289185
vn 0.8990091681 -0.4348903 -0.05150699988
v 44.24605942 38.81660461 1065.752441
vn 0.5465794802 -0.4841451943 -0.6832674146
v 44.46414948 38.52347946 1066.134521
vn 0.5465959311 -0.4841135144 -0.6832766533
v 44.07884598 38.16557693 1066.079956
vn 0.5465755463 -0.4841277599 -0.6832828522
v 43.86075974 38.45869827 1065.697754
vn 0.5466544628 -0.4841119349 -0.6832309365
v 43.69354248 37.80767059 1066.025269
vn 0.5466140509 -0.4841662347 -0.6832247972
v 43.47545624 38.10079193 1065.643066
vn 0.5465877652 -0.4841413498 -0.6832634807
v 44.29693604 37.8724556 1066.462036
vn 0.5465663075 -0.484159708 -0.683267653
v 43.91163254 37.51454926 1066.407471
vn 0.5465717316 -0.4841673374 -0.6832578778
v 44.68223572 38.23035812 1066.516724
vn 0.5466356277 -0.4840977192 -0.6832560897
v 46.18922806 37.22193146 1186.107666
vn 0.6700095534 -0.7067157626 -0.2272444665
v 44.58662033 38.39199066 1186.395264
vn -0.8991376758 0.4345676601 0.05198402703
v 46.25725174 37.06653595 1187.190918
vn 0.8125805855 -0.5701588988 -0.1209611446
v 46.32308578 37.34846497 1186.194458
vn 0.7992227674 -0.5837504268 -0.1431030184
v 45.27435684 36.48316193 1187.02124
vn -0.02459667623 -0.902611196 -0.4297534823
v 45.65877151 36.5160408 1187.11084
vn 0.348269403 -0.8722035289 -0.3434667289
v 46.36579895 37.83987808 1187.187012
vn 0.9587742686 0.08371431381 0.2715581357
v 46.44800949 38.21129608 1186.643555
vn 0.9222151637 0.2531131506 0.2923234105
v 45.3276062 38.86280823 1186.762329
vn -0.1722609103 0.8952115774 0.4110017419
# mm_gid 0
g mmGroup0
f 1//1 2//2 3//3 
f 1//1 3//3 4//4 
f 4//4 3//3 5//5 
f 4//4 5//5 6//6 
f 7//7 8//8 9//9 
f 7//7 9//9 10//10 
f 10//10 9//9 2//2 
f 10//10 2//2 1//1 
f 11//11 12//12 13//13 
f 11//11 13//13 14//14 
f 14//14 13//13 8//8 
f 14//14 8//8 7//7 
f 15//15 16//16 17//17 
f 15//15 17//17 18//18 
f 18//18 17//17 19//19 
f 18//18 19//19 20//20 
f 21//21 22//22 23//23 
f 21//21 23//23 24//24 
f 24//24 23//23 16//16 
f 24//24 16//16 15//15 
f 25//25 26//26 27//27 
f 25//25 27//27 28//28 
f 28//28 27//27 22//22 
f 28//28 22//22 21//21 
f 29//29 30//30 31//31 
f 29//29 31//31 32//32 
f 32//32 31//31 26//26 
f 32//32 26//26 25//25 
f 33//33 34//34 35//35 
f 33//33 35//35 36//36 
f 36//36 35//35 30//30 
f 36//36 30//30 29//29 
f 37//37 38//38 39//39 
f 37//37 39//39 40//40 
f 40//40 39//39 34//34 
f 40//40 34//34 33//33 
f 41//41 42//42 43//43 
f 41//41 43//43 44//44 
f 44//44 43//43 38//38 
f 44//44 38//38 37//37 
f 45//45 46//46 47//47 
f 45//45 47//47 48//48 
f 48//48 47//47 49//49 
f 48//48 49//49 50//50 
f 51//51 52//52 53//53 
f 51//51 53//53 54//54 
f 54//54 53//53 46//46 
f 54//54 46//46 45//45 
f 55//55 56//56 57//57 
f 55//55 57//57 58//58 
f 58//58 57//57 52//52 
f 58//58 52//52 51//51 
f 59//59 60//60 61//61 
f 59//59 61//61 62//62 
f 62//62 61//61 56//56 
f 62//62 56//56 55//55 
f 63//63 64//64 65//65 
f 63//63 65//65 66//66 
f 66//66 65//65 60//60 
f 66//66 60//60 59//59 
f 67//67 68//68 69//69 
f 67//67 69//69 70//70 
f 70//70 69//69 64//64 
f 70//70 64//64 63//63 
f 71//71 72//72 73//73 
f 71//71 73//73 74//74 
f 74//74 73//73 68//68 
f 74//74 68//68 67//67 
f 75//75 76//76 77//77 
f 75//75 77//77 78//78 
f 78//78 77//77 79//79 
f 78//78 79//79 80//80 
f 81//81 82//82 83//83 
f 81//81 83//83 84//84 
f 84//84 83//83 76//76 
f 84//84 76//76 75//75 
f 85//85 86//86 87//87 
f 85//85 87//87 88//88 
f 88//88 87//87 82//82 
f 88//88 82//82 81//81 
f 89//89 90//90 91//91 
f 89//89 91//91 92//92 
f 92//92 91//91 86//86 
f 92//92 86//86 85//85 
f 93//93 94//94 95//95 
f 93//93 95//95 96//96 
f 96//96 95//95 90//90 
f 96//96 90//90 89//89 
f 97//97 98//98 99//99 
f 97//97 99//99 100//100 
f 100//100 99//99 94//94 
f 100//100 94//94 93//93 
f 101//101 102//102 103//103 
f 101//101 103//103 104//104 
f 104//104 103//103 98//98 
f 104//104 98//98 97//97 
f 105//105 106//106 107//107 
f 105//105 107//107 108//108 
f 108//108 107//107 109//109 
f 108//108 109//109 110//110 
f 111//111 112//112 113//113 
f 111//111 113//113 114//114 
f 114//114 113//113 106//106 
f 114//114 106//106 105//105 
f 115//115 116//116 117//117 
f 115//115 117//117 118//118 
f 118//118 117//117 112//112 
f 118//118 112//112 111//111 
f 6//6 5//5 119//119 
f 6//6 119//119 120//120 
f 120//120 119//119 116//116 
f 120//120 116//116 115//115 
f 4//4 6//6 121//121 
f 122//122 1//1 4//4 
f 121//121 122//122 4//4 
f 10//10 1//1 122//122 
f 123//123 7//7 10//10 
f 122//122 123//123 10//10 
f 14//14 7//7 123//123 
f 124//124 11//11 14//14 
f 123//123 124//124 14//14 
f 125//125 20//20 11//11 
f 125//125 11//11 124//124 
f 18//18 20//20 125//125 
f 126//126 15//15 18//18 
f 125//125 126//126 18//18 
f 24//24 15//15 126//126 
f 127//127 21//21 24//24 
f 126//126 127//127 24//24 
f 28//28 21//21 127//127 
f 128//128 25//25 28//28 
f 127//127 128//128 28//28 
f 32//32 25//25 128//128 
f 129//129 29//29 32//32 
f 128//128 129//129 32//32 
f 36//36 29//29 129//129 
f 130//130 33//33 36//36 
f 129//129 130//130 36//36 
f 40//40 33//33 130//130 
f 131//131 37//37 40//40 
f 130//130 131//131 40//40 
f 44//44 37//37 131//131 
f 132//132 41//41 44//44 
f 131//131 132//132 44//44 
f 133//133 50//50 41//41 
f 133//133 41//41 132//132 
f 48//48 50//50 133//133 
f 134//134 45//45 48//48 
f 133//133 134//134 48//48 
f 54//54 45//45 134//134 
f 135//135 51//51 54//54 
f 134//134 135//135 54//54 
f 58//58 51//51 135//135 
f 136//136 55//55 58//58 
f 135//135 136//136 58//58 
f 62//62 55//55 136//136 
f 137//137 59//59 62//62 
f 136//136 137//137 62//62 
f 66//66 59//59 137//137 
f 138//138 63//63 66//66 
f 137//137 138//138 66//66 
f 70//70 63//63 138//138 
f 139//139 67//67 70//70 
f 138//138 139//139 70//70 
f 74//74 67//67 139//139 
f 140//140 71//71 74//74 
f 139//139 140//140 74//74 
f 141//141 80//80 71//71 
f 141//141 71//71 140//140 
f 78//78 80//80 141//141 
f 142//142 75//75 78//78 
f 141//141 142//142 78//78 
f 84//84 75//75 142//142 
f 143//143 81//81 84//84 
f 142//142 143//143 84//84 
f 88//88 81//81 143//143 
f 144//144 85//85 88//88 
f 143//143 144//144 88//88 
f 92//92 85//85 144//144 
f 145//145 89//89 92//92 
f 144//144 145//145 92//92 
f 96//96 89//89 145//145 
f 146//146 93//93 96//96 
f 145//145 146//146 96//96 
f 100//100 93//93 146//146 
f 147//147 97//97 100//100 
f 146//146 147//147 100//100 
f 104//104 97//97 147//147 
f 148//148 101//101 104//104 
f 147//147 148//148 104//104 
f 149//149 110//110 101//101 
f 149//149 101//101 148//148 
f 108//108 110//110 149//149 
f 150//150 105//105 108//108 
f 149//149 150//150 108//108 
f 114//114 105//105 150//150 
f 151//151 111//111 114//114 
f 150//150 151//151 114//114 
f 118//118 111//111 151//151 
f 152//152 115//115 118//118 
f 151//151 152//152 118//118 
f 120//120 115//115 152//152 
f 121//121 6//6 120//120 
f 152//152 121//121 120//120 
f 153//153 122//122 121//121 
f 153//153 121//121 154//154 
f 155//155 123//123 122//122 
f 155//155 122//122 153//153 
f 156//156 124//124 123//123 
f 156//156 123//123 155//155 
f 157//157 125//125 124//124 
f 157//157 124//124 156//156 
f 158//158 126//126 125//125 
f 158//158 125//125 157//157 
f 159//159 127//127 126//126 
f 159//159 126//126 158//158 
f 160//160 128//128 127//127 
f 160//160 127//127 159//159 
f 161//161 129//129 128//128 
f 161//161 128//128 160//160 
f 162//162 130//130 129//129 
f 162//162 129//129 161//161 
f 163//163 131//131 130//130 
f 163//163 130//130 162//162 
f 164//164 132//132 131//131 
f 164//164 131//131 163//163 
f 165//165 133//133 132//132 
f 165//165 132//132 164//164 
f 166//166 134//134 133//133 
f 166//166 133//133 165//165 
f 167//167 135//135 134//134 
f 167//167 134//134 166//166 
f 168//168 136//136 135//135 
f 168//168 135//135 167//167 
f 169//169 137//137 136//136 
f 169//169 136//136 168//168 
f 170//170 138//138 137//137 
f 170//170 137//137 169//169 
f 171//171 139//139 138//138 
f 171//171 138//138 170//170 
f 172//172 140//140 139//139 
f 172//172 139//139 171//171 
f 173//173 141//141 140//140 
f 173//173 140//140 172//172 
f 174//174 142//142 141//141 
f 174//174 141//141 173//173 
f 175//175 143//143 142//142 
f 175//175 142//142 174//174 
f 176//176 144//144 143//143 
f 176//176 143//143 175//175 
f 177//177 145//145 144//144 
f 177//177 144//144 176//176 
f 178//178 146//146 145//145 
f 178//178 145//145 177//177 
f 179//179 147//147 146//146 
f 179//179 146//146 178//178 
f 180//180 148//148 147//147 
f 180//180 147//147 179//179 
f 181//181 149//149 148//148 
f 181//181 148//148 180//180 
f 182//182 150//150 149//149 
f 182//182 149//149 181//181 
f 183//183 151//151 150//150 
f 183//183 150//150 182//182 
f 184//184 152//152 151//151 
f 184//184 151//151 183//183 
f 154//154 121//121 152//152 
f 154//154 152//152 184//184 
f 185//185 153//153 154//154 
f 185//185 154//154 186//186 
f 187//187 155//155 153//153 
f 187//187 153//153 185//185 
f 188//188 156//156 155//155 
f 188//188 155//155 187//187 
f 189//189 157//157 156//156 
f 189//189 156//156 188//188 
f 190//190 158//158 157//157 
f 190//190 157//157 189//189 
f 191//191 159//159 158//158 
f 191//191 158//158 190//190 
f 192//192 160//160 159//159 
f 192//192 159//159 191//191 
f 193//193 161//161 160//160 
f 193//193 160//160 192//192 
f 194//194 162//162 161//161 
f 194//194 161//161 193//193 
f 195//195 163//163 162//162 
f 195//195 162//162 194//194 
f 196//196 164//164 163//163 
f 196//196 163//163 195//195 
f 197//197 165//165 164//164 
f 197//197 164//164 196//196 
f 198//198 166//166 165//165 
f 198//198 165//165 197//197 
f 199//199 167//167 166//166 
f 199//199 166//166 198//198 
f 200//200 168//168 167//167 
f 200//200 167//167 199//199 
f 201//201 169//169 168//168 
f 201//201 168//168 200//200 
f 202//202 170//170 169//169 
f 202//202 169//169 201//201 
f 203//203 171//171 170//170 
f 203//203 170//170 202//202 
f 204//204 172//172 171//171 
f 204//204 171//171 203//203 
f 205//205 173//173 172//172 
f 205//205 172//172 204//204 
f 206//206 174//174 173//173 
f 206//206 173//173 205//205 
f 207//207 175//175 174//174 
f 207//207 174//174 206//206 
f 208//208 176//176 175//175 
f 208//208 175//175 207//207 
f 209//209 177//177 176//176 
f 209//209 176//176 208//208 
f 210//210 178//178 177//177 
f 210//210 177//177 209//209 
f 211//211 179//179 178//178 
f 211//211 178//178 210//210 
f 212//212 180//180 179//179 
f 212//212 179//179 211//211 
f 213//213 181//181 180//180 
f 213//213 180//180 212//212 
f 214//214 182//182 181//181 
f 214//214 181//181 213//213 
f 215//215 183//183 182//182 
f 215//215 182//182 214//214 
f 216//216 184//184 183//183 
f 216//216 183//183 215//215 
f 186//186 154//154 184//184 
f 186//186 184//184 216//216 
f 217//217 185//185 186//186 
f 217//217 186//186 218//218 
f 219//219 187//187 185//185 
f 219//219 185//185 217//217 
f 220//220 188//188 187//187 
f 220//220 187//187 219//219 
f 221//221 189//189 188//188 
f 221//221 188//188 220//220 
f 222//222 190//190 189//189 
f 222//222 189//189 221//221 
f 223//223 191//191 190//190 
f 223//223 190//190 222//222 
f 224//224 192//192 191//191 
f 224//224 191//191 223//223 
f 225//225 193//193 192//192 
f 225//225 192//192 224//224 
f 226//226 194//194 193//193 
f 226//226 193//193 225//225 
f 227//227 195//195 194//194 
f 227//227 194//194 226//226 
f 228//228 196//196 195//195 
f 228//228 195//195 227//227 
f 229//229 197//197 196//196 
f 229//229 196//196 228//228 
f 230//230 198//198 197//197 
f 230//230 197//197 229//229 
f 231//231 199//199 198//198 
f 231//231 198//198 230//230 
f 232//232 200//200 199//199 
f 232//232 199//199 231//231 
f 233//233 201//201 200//200 
f 233//233 200//200 232//232 
f 234//234 202//202 201//201 
f 234//234 201//201 233//233 
f 235//235 203//203 202//202 
f 235//235 202//202 234//234 
f 236//236 204//204 203//203 
f 236//236 203//203 235//235 
f 237//237 205//205 204//204 
f 237//237 204//204 236//236 
f 238//238 206//206 205//205 
f 238//238 205//205 237//237 
f 239//239 207//207 206//206 
f 239//239 206//206 238//238 
f 240//240 208//208 207//207 
f 240//240 207//207 239//239 
f 241//241 209//209 208//208 
f 241//241 208//208 240//240 
f 242//242 210//210 209//209 
f 242//242 209//209 241//241 
f 243//243 211//211 210//210 
f 243//243 210//210 242//242 
f 244//244 212//212 211//211 
f 244//244 211//211 243//243 
f 245//245 213//213 212//212 
f 245//245 212//212 244//244 
f 246//246 214//214 213//213 
f 246//246 213//213 245//245 
f 247//247 215//215 214//214 
f 247//247 214//214 246//246 
f 248//248 216//216 215//215 
f 248//248 215//215 247//247 
f 218//218 186//186 216//216 
f 218//218 216//216 248//248 
f 249//249 217//217 218//218 
f 249//249 218//218 250//250 
f 251//251 219//219 217//217 
f 251//251 217//217 249//249 
f 252//252 220//220 219//219 
f 252//252 219//219 251//251 
f 253//253 221//221 220//220 
f 253//253 220//220 252//252 
f 254//254 222//222 221//221 
f 254//254 221//221 253//253 
f 255//255 223//223 222//222 
f 255//255 222//222 254//254 
f 256//256 224//224 223//223 
f 256//256 223//223 255//255 
f 257//257 225//225 224//224 
f 257//257 224//224 256//256 
f 258//258 226//226 225//225 
f 258//258 225//225 257//257 
f 259//259 227//227 226//226 
f 259//259 226//226 258//258 
f 260//260 228//228 227//227 
f 260//260 227//227 259//259 
f 261//261 229//229 228//228 
f 261//261 228//228 260//260 
f 262//262 230//230 229//229 
f 262//262 229//229 261//261 
f 263//263 231//231 230//230 
f 263//263 230//230 262//262 
f 264//264 232//232 231//231 
f 264//264 231//231 263//263 
f 265//265 233//233 232//232 
f 265//265 232//232 264//264 
f 266//266 234//234 233//233 
f 266//266 233//233 265//265 
f 267//267 235//235 234//234 
f 267//267 234//234 266//266 
f 268//268 236//236 235//235 
f 268//268 235//235 267//267 
f 269//269 237//237 236//236 
f 269//269 236//236 268//268 
f 270//270 238//238 237//237 
f 270//270 237//237 269//269 
f 271//271 239//239 238//238 
f 271//271 238//238 270//270 
f 272//272 240//240 239//239 
f 272//272 239//239 271//271 
f 273//273 241//241 240//240 
f 273//273 240//240 272//272 
f 274//274 242//242 241//241 
f 274//274 241//241 273//273 
f 275//275 243//243 242//242 
f 275//275 242//242 274//274 
f 276//276 244//244 243//243 
f 276//276 243//243 275//275 
f 277//277 245//245 244//244 
f 277//277 244//244 276//276 
f 278//278 246//246 245//245 
f 278//278 245//245 277//277 
f 279//279 247//247 246//246 
f 279//279 246//246 278//278 
f 280//280 248//248 247//247 
f 280//280 247//247 279//279 
f 250//250 218//218 248//248 
f 250//250 248//248 280//280 
f 281//281 249//249 250//250 
f 281//281 250//250 282//282 
f 283//283 251//251 249//249 
f 283//283 249//249 281//281 
f 284//284 252//252 251//251 
f 284//284 251//251 283//283 
f 285//285 253//253 252//252 
f 285//285 252//252 284//284 
f 286//286 254//254 253//253 
f 286//286 253//253 285//285 
f 287//287 255//255 254//254 
f 287//287 254//254 286//286 
f 288//288 256//256 255//255 
f 288//288 255//255 287//287 
f 289//289 257//257 256//256 
f 289//289 256//256 288//288 
f 290//290 258//258 257//257 
f 290//290 257//257 289//289 
f 291//291 259//259 258//258 
f 291//291 258//258 290//290 
f 292//292 260//260 259//259 
f 292//292 259//259 291//291 
f 293//293 261//261 260//260 
f 293//293 260//260 292//292 
f 294//294 262//262 261//261 
f 294//294 261//261 293//293 
f 295//295 263//263 262//262 
f 295//295 262//262 294//294 
f 296//296 264//264 263//263 
f 296//296 263//263 295//295 
f 297//297 265//265 264//264 
f 297//297 264//264 296//296 
f 298//298 266//266 265//265 
f 298//298 265//265 297//297 
f 299//299 267//267 266//266 
f 299//299 266//266 298//298 
f 300//300 268//268 267//267 
f 300//300 267//267 299//299 
f 301//301 269//269 268//268 
f 301//301 268//268 300//300 
f 302//302 270//270 269//269 
f 302//302 269//269 301//301 
f 303//303 271//271 270//270 
f 303//303 270//270 302//302 
f 304//304 272//272 271//271 
f 304//304 271//271 303//303 
f 305//305 273//273 272//272 
f 305//305 272//272 304//304 
f 306//306 274//274 273//273 
f 306//306 273//273 305//305 
f 307//307 275//275 274//274 
f 307//307 274//274 306//306 
f 308//308 276//276 275//275 
f 308//308 275//275 307//307 
f 309//309 277//277 276//276 
f 309//309 276//276 308//308 
f 310//310 278//278 277//277 
f 310//310 277//277 309//309 
f 311//311 279//279 278//278 
f 311//311 278//278 310//310 
f 312//312 280//280 279//279 
f 312//312 279//279 311//311 
f 282//282 250//250 280//280 
f 282//282 280//280 312//312 
f 313//313 281//281 282//282 
f 313//313 282//282 314//314 
f 315//315 283//283 281//281 
f 315//315 281//281 313//313 
f 316//316 284//284 283//283 
f 316//316 283//283 315//315 
f 317//317 285//285 284//284 
f 317//317 284//284 316//316 
f 318//318 286//286 285//285 
f 318//318 285//285 317//317 
f 319//319 287//287 286//286 
f 319//319 286//286 318//318 
f 320//320 288//288 287//287 
f 320//320 287//287 319//319 
f 321//321 289//289 288//288 
f 321//321 288//288 320//320 
f 322//322 290//290 289//289 
f 322//322 289//289 321//321 
f 323//323 291//291 290//290 
f 323//323 290//290 322//322 
f 324//324 292//292 291//291 
f 324//324 291//291 323//323 
f 325//325 293//293 292//292 
f 325//325 292//292 324//324 
f 326//326 294//294 293//293 
f 326//326 293//293 325//325 
f 327//327 295//295 294//294 
f 327//327 294//294 326//326 
f 328//328 296//296 295//295 
f 328//328 295//295 327//327 
f 329//329 297//297 296//296 
f 329//329 296//296 328//328 
f 330//330 298//298 297//297 
f 330//330 297//297 329//329 
f 331//331 299//299 298//298 
f 331//331 298//298 330//330 
f 332//332 300//300 299//299 
f 332//332 299//299 331//331 
f 333//333 301//301 300//300 
f 333//333 300//300 332//332 
f 334//334 302//302 301//301 
f 334//334 301//301 333//333 
f 335//335 303//303 302//302 
f 335//335 302//302 334//334 
f 336//336 304//304 303//303 
f 336//336 303//303 335//335 
f 337//337 305//305 304//304 
f 337//337 304//304 336//336 
f 338//338 306//306 305//305 
f 338//338 305//305 337//337 
f 339//339 307//307 306//306 
f 339//339 306//306 338//338 
f 340//340 308//308 307//307 
f 340//340 307//307 339//339 
f 341//341 309//309 308//308 
f 341//341 308//308 340//340 
f 342//342 310//310 309//309 
f 342//342 309//309 341//341 
f 343//343 311//311 310//310 
f 343//343 310//310 342//342 
f 344//344 312//312 311//311 
f 344//344 311//311 343//343 
f 314//314 282//282 312//312 
f 314//314 312//312 344//344 
f 345//345 313//313 314//314 
f 345//345 314//314 346//346 
f 347//347 315//315 313//313 
f 347//347 313//313 345//345 
f 348//348 316//316 315//315 
f 348//348 315//315 347//347 
f 349//349 317//317 316//316 
f 349//349 316//316 348//348 
f 350//350 318//318 317//317 
f 350//350 317//317 349//349 
f 351//351 319//319 318//318 
f 351//351 318//318 350//350 
f 352//352 320//320 319//319 
f 352//352 319//319 351//351 
f 353//353 321//321 320//320 
f 353//353 320//320 352//352 
f 354//354 322//322 321//321 
f 354//354 321//321 353//353 
f 355//355 323//323 322//322 
f 355//355 322//322 354//354 
f 356//356 324//324 323//323 
f 356//356 323//323 355//355 
f 357//357 325//325 324//324 
f 357//357 324//324 356//356 
f 358//358 326//326 325//325 
f 358//358 325//325 357//357 
f 359//359 327//327 326//326 
f 359//359 326//326 358//358 
f 360//360 328//328 327//327 
f 360//360 327//327 359//359 
f 361//361 329//329 328//328 
f 361//361 328//328 360//360 
f 362//362 330//330 329//329 
f 362//362 329//329 361//361 
f 363//363 331//331 330//330 
f 363//363 330//330 362//362 
f 364//364 332//332 331//331 
f 364//364 331//331 363//363 
f 365//365 333//333 332//332 
f 365//365 332//332 364//364 
f 366//366 334//334 333//333 
f 366//366 333//333 365//365 
f 367//367 335//335 334//334 
f 367//367 334//334 366//366 
f 368//368 336//336 335//335 
f 368//368 335//335 367//367 
f 369//369 337//337 336//336 
f 369//369 336//336 368//368 
f 370//370 338//338 337//337 
f 370//370 337//337 369//369 
f 371//371 339//339 338//338 
f 371//371 338//338 370//370 
f 372//372 340//340 339//339 
f 372//372 339//339 371//371 
f 373//373 341//341 340//340 
f 373//373 340//340 372//372 
f 374//374 342//342 341//341 
f 374//374 341//341 373//373 
f 375//375 343//343 342//342 
f 375//375 342//342 374//374 
f 376//376 344//344 343//343 
f 376//376 343//343 375//375 
f 346//346 314//314 344//344 
f 346//346 344//344 376//376 
f 377//377 345//345 346//346 
f 377//377 346//346 378//378 
f 379//379 347//347 345//345 
f 379//379 345//345 377//377 
f 380//380 348//348 347//347 
f 380//380 347//347 379//379 
f 381//381 349//349 348//348 
f 381//381 348//348 380//380 
f 382//382 350//350 349//349 
f 382//382 349//349 381//381 
f 383//383 351//351 350//350 
f 383//383 350//350 382//382 
f 384//384 352//352 351//351 
f 384//384 351//351 383//383 
f 385//385 353//353 352//352 
f 385//385 352//352 384//384 
f 386//386 354//354 353//353 
f 386//386 353//353 385//385 
f 387//387 355//355 354//354 
f 387//387 354//354 386//386 
f 388//388 356//356 355//355 
f 388//388 355//355 387//387 
f 389//389 357//357 356//356 
f 389//389 356//356 388//388 
f 390//390 358//358 357//357 
f 390//390 357//357 389//389 
f 391//391 359//359 358//358 
f 391//391 358//358 390//390 
f 392//392 360//360 359//359 
f 392//392 359//359 391//391 
f 393//393 361//361 360//360 
f 393//393 360//360 392//392 
f 394//394 362//362 361//361 
f 394//394 361//361 393//393 
f 395//395 363//363 362//362 
f 395//395 362//362 394//394 
f 396//396 364//364 363//363 
f 396//396 363//363 395//395 
f 397//397 365//365 364//364 
f 397//397 364//364 396//396 
f 398//398 366//366 365//365 
f 398//398 365//365 397//397 
f 399//399 367//367 366//366 
f 399//399 366//366 398//398 
f 400//400 368//368 367//367 
f 400//400 367//367 399//399 
f 401//401 369//369 368//368 
f 401//401 368//368 400//400 
f 402//402 370//370 369//369 
f 402//402 369//369 401//401 
f 403//403 371//371 370//370 
f 403//403 370//370 402//402 
f 404//404 372//372 371//371 
f 404//404 371//371 403//403 
f 405//405 373//373 372//372 
f 405//405 372//372 404//404 
f 406//406 374//374 373//373 
f 406//406 373//373 405//405 
f 407//407 375//375 374//374 
f 407//407 374//374 406//406 
f 408//408 376//376 375//375 
f 408//408 375//375 407//407 
f 378//378 346//346 376//376 
f 378//378 376//376 408//408 
f 409//409 377//377 378//378 
f 409//409 378//378 410//410 
f 411//411 379//379 377//377 
f 411//411 377//377 409//409 
f 412//412 380//380 379//379 
f 412//412 379//379 411//411 
f 413//413 381//381 380//380 
f 413//413 380//380 412//412 
f 414//414 382//382 381//381 
f 414//414 381//381 413//413 
f 415//415 383//383 382//382 
f 415//415 382//382 414//414 
f 416//416 384//384 383//383 
f 416//416 383//383 415//415 
f 417//417 385//385 384//384 
f 417//417 384//384 416//416 
f 418//418 386//386 385//385 
f 418//418 385//385 417//417 
f 419//419 387//387 386//386 
f 419//419 386//386 418//418 
f 420//420 388//388 387//387 
f 420//420 387//387 419//419 
f 421//421 389//389 388//388 
f 421//421 388//388 420//420 
f 422//422 390//390 389//389 
f 422//422 389//389 421//421 
f 423//423 391//391 390//390 
f 423//423 390//390 422//422 
f 424//424 392//392 391//391 
f 424//424 391//391 423//423 
f 425//425 393//393 392//392 
f 425//425 392//392 424//424 
f 426//426 394//394 393//393 
f 426//426 393//393 425//425 
f 427//427 395//395 394//394 
f 427//427 394//394 426//426 
f 428//428 396//396 395//395 
f 428//428 395//395 427//427 
f 429//429 397//397 396//396 
f 429//429 396//396 428//428 
f 430//430 398//398 397//397 
f 430//430 397//397 429//429 
f 431//431 399//399 398//398 
f 431//431 398//398 430//430 
f 432//432 400//400 399//399 
f 432//432 399//399 431//431 
f 433//433 401//401 400//400 
f 433//433 400//400 432//432 
f 434//434 402//402 401//401 
f 434//434 401//401 433//433 
f 435//435 403//403 402//402 
f 435//435 402//402 434//434 
f 436//436 404//404 403//403 
f 436//436 403//403 435//435 
f 437//437 405//405 404//404 
f 437//437 404//404 436//436 
f 438//438 406//406 405//405 
f 438//438 405//405 437//437 
f 439//439 407//407 406//406 
f 439//439 406//406 438//438 
f 440//440 408//408 407//407 
f 440//440 407//407 439//439 
f 410//410 378//378 408//408 
f 410//410 408//408 440//440 
f 441//441 409//409 410//410 
f 441//441 410//410 442//442 
f 443//443 411//411 409//409 
f 443//443 409//409 441//441 
f 444//444 412//412 411//411 
f 444//444 411//411 443//443 
f 445//445 413//413 412//412 
f 445//445 412//412 444//444 
f 446//446 414//414 413//413 
f 446//446 413//413 445//445 
f 447//447 415//415 414//414 
f 447//447 414//414 446//446 
f 448//448 416//416 415//415 
f 448//448 415//415 447//447 
f 449//449 417//417 416//416 
f 449//449 416//416 448//448 
f 450//450 418//418 417//417 
f 450//450 417//417 449//449 
f 451//451 419//419 418//418 
f 451//451 418//418 450//450 
f 452//452 420//420 419//419 
f 452//452 419//419 451//451 
f 453//453 421//421 420//420 
f 453//453 420//420 452//452 
f 454//454 422//422 421//421 
f 454//454 421//421 453//453 
f 455//455 423//423 422//422 
f 455//455 422//422 454//454 
f 456//456 424//424 423//423 
f 456//456 423//423 455//455 
f 457//457 425//425 424//424 
f 457//457 424//424 456//456 
f 458//458 426//426 425//425 
f 458//458 425//425 457//457 
f 459//459 427//427 426//426 
f 459//459 426//426 458//458 
f 460//460 428//428 427//427 
f 460//460 427//427 459//459 
f 461//461 429//429 428//428 
f 461//461 428//428 460//460 
f 462//462 430//430 429//429 
f 462//462 429//429 461//461 
f 463//463 431//431 430//430 
f 463//463 430//430 462//462 
f 464//464 432//432 431//431 
f 464//464 431//431 463//463 
f 465//465 433//433 432//432 
f 465//465 432//432 464//464 
f 466//466 434//434 433//433 
f 466//466 433//433 465//465 
f 467//467 435//435 434//434 
f 467//467 434//434 466//466 
f 468//468 436//436 435//435 
f 468//468 435//435 467//467 
f 469//469 437//437 436//436 
f 469//469 436//436 468//468 
f 470//470 438//438 437//437 
f 470//470 437//437 469//469 
f 471//471 439//439 438//438 
f 471//471 438//438 470//470 
f 472//472 440//440 439//439 
f 472//472 439//439 471//471 
f 442//442 410//410 440//440 
f 442//442 440//440 472//472 
f 473//473 441//441 442//442 
f 473//473 442//442 474//474 
f 475//475 443//443 441//441 
f 475//475 441//441 473//473 
f 476//476 444//444 443//443 
f 476//476 443//443 475//475 
f 477//477 445//445 444//444 
f 477//477 444//444 476//476 
f 478//478 446//446 445//445 
f 478//478 445//445 477//477 
f 479//479 447//447 446//446 
f 479//479 446//446 478//478 
f 480//480 448//448 447//447 
f 480//480 447//447 479//479 
f 481//481 449//449 448//448 
f 481//481 448//448 480//480 
f 482//482 450//450 449//449 
f 482//482 449//449 481//481 
f 483//483 451//451 450//450 
f 483//483 450//450 482//482 
f 484//484 452//452 451//451 
f 484//484 451//451 483//483 
f 485//485 453//453 452//452 
f 485//485 452//452 484//484 
f 486//486 454//454 453//453 
f 486//486 453//453 485//485 
f 487//487 455//455 454//454 
f 487//487 454//454 486//486 
f 488//488 456//456 455//455 
f 488//488 455//455 487//487 
f 489//489 457//457 456//456 
f 489//489 456//456 488//488 
f 490//490 458//458 457//457 
f 490//490 457//457 489//489 
f 491//491 459//459 458//458 
f 491//491 458//458 490//490 
f 492//492 460//460 459//459 
f 492//492 459//459 491//491 
f 493//493 461//461 460//460 
f 493//493 460//460 492//492 
f 494//494 462//462 461//461 
f 494//494 461//461 493//493 
f 495//495 463//463 462//462 
f 495//495 462//462 494//494 
f 496//496 464//464 463//463 
f 496//496 463//463 495//495 
f 497//497 465//465 464//464 
f 497//497 464//464 496//496 
f 498//498 466//466 465//465 
f 498//498 465//465 497//497 
f 499//499 467//467 466//466 
f 499//499 466//466 498//498 
f 500//500 468//468 467//467 
f 500//500 467//467 499//499 
f 501//501 469//469 468//468 
f 501//501 468//468 500//500 
f 502//502 470//470 469//469 
f 502//502 469//469 501//501 
f 503//503 471//471 470//470 
f 503//503 470//470 502//502 
f 504//504 472//472 471//471 
f 504//504 471//471 503//503 
f 474//474 442//442 472//472 
f 474//474 472//472 504//504 
f 505//505 473//473 474//474 
f 505//505 474//474 506//506 
f 507//507 475//475 473//473 
f 507//507 473//473 505//505 
f 508//508 476//476 475//475 
f 508//508 475//475 507//507 
f 509//509 477//477 476//476 
f 509//509 476//476 508//508 
f 510//510 478//478 477//477 
f 510//510 477//477 509//509 
f 511//511 479//479 478//478 
f 511//511 478//478 510//510 
f 512//512 480//480 479//479 
f 512//512 479//479 511//511 
f 513//513 481//481 480//480 
f 513//513 480//480 512//512 
f 514//514 482//482 481//481 
f 514//514 481//481 513//513 
f 515//515 483//483 482//482 
f 515//515 482//482 514//514 
f 516//516 484//484 483//483 
f 516//516 483//483 515//515 
f 517//517 485//485 484//484 
f 517//517 484//484 516//516 
f 518//518 486//486 485//485 
f 518//518 485//485 517//517 
f 519//519 487//487 486//486 
f 519//519 486//486 518//518 
f 520//520 488//488 487//487 
f 520//520 487//487 519//519 
f 521//521 489//489 488//488 
f 521//521 488//488 520//520 
f 522//522 490//490 489//489 
f 522//522 489//489 521//521 
f 523//523 491//491 490//490 
f 523//523 490//490 522//522 
f 524//524 492//492 491//491 
f 524//524 491//491 523//523 
f 525//525 493//493 492//492 
f 525//525 492//492 524//524 
f 526//526 494//494 493//493 
f 526//526 493//493 525//525 
f 527//527 495//495 494//494 
f 527//527 494//494 526//526 
f 528//528 496//496 495//495 
f 528//528 495//495 527//527 
f 529//529 497//497 496//496 
f 529//529 496//496 528//528 
f 530//530 498//498 497//497 
f 530//530 497//497 529//529 
f 531//531 499//499 498//498 
f 531//531 498//498 530//530 
f 532//532 500//500 499//499 
f 532//532 499//499 531//531 
f 533//533 501//501 500//500 
f 533//533 500//500 532//532 
f 534//534 502//502 501//501 
f 534//534 501//501 533//533 
f 535//535 503//503 502//502 
f 535//535 502//502 534//534 
f 536//536 504//504 503//503 
f 536//536 503//503 535//535 
f 506//506 474//474 504//504 
f 506//506 504//504 536//536 
f 537//537 505//505 506//506 
f 537//537 506//506 538//538 
f 539//539 507//507 505//505 
f 539//539 505//505 537//537 
f 540//540 508//508 507//507 
f 540//540 507//507 539//539 
f 541//541 509//509 508//508 
f 541//541 508//508 540//540 
f 542//542 510//510 509//509 
f 542//542 509//509 541//541 
f 543//543 511//511 510//510 
f 543//543 510//510 542//542 
f 544//544 512//512 511//511 
f 544//544 511//511 543//543 
f 545//545 513//513 512//512 
f 545//545 512//512 544//544 
f 546//546 514//514 513//513 
f 546//546 513//513 545//545 
f 547//547 515//515 514//514 
f 547//547 514//514 546//546 
f 548//548 516//516 515//515 
f 548//548 515//515 547//547 
f 549//549 517//517 516//516 
f 549//549 516//516 548//548 
f 550//550 518//518 517//517 
f 550//550 517//517 549//549 
f 551//551 519//519 518//518 
f 551//551 518//518 550//550 
f 552//552 520//520 519//519 
f 552//552 519//519 551//551 
f 553//553 521//521 520//520 
f 553//553 520//520 552//552 
f 554//554 522//522 521//521 
f 554//554 521//521 553//553 
f 555//555 523//523 522//522 
f 555//555 522//522 554//554 
f 556//556 524//524 523//523 
f 556//556 523//523 555//555 
f 557//557 525//525 524//524 
f 557//557 524//524 556//556 
f 558//558 526//526 525//525 
f 558//558 525//525 557//557 
f 559//559 527//527 526//526 
f 559//559 526//526 558//558 
f 560//560 528//528 527//527 
f 560//560 527//527 559//559 
f 561//561 529//529 528//528 
f 561//561 528//528 560//560 
f 562//562 530//530 529//529 
f 562//562 529//529 561//561 
f 563//563 531//531 530//530 
f 563//563 530//530 562//562 
f 564//564 532//532 531//531 
f 564//564 531//531 563//563 
f 565//565 533//533 532//532 
f 565//565 532//532 564//564 
f 566//566 534//534 533//533 
f 566//566 533//533 565//565 
f 567//567 535//535 534//534 
f 567//567 534//534 566//566 
f 568//568 536//536 535//535 
f 568//568 535//535 567//567 
f 538//538 506//506 536//536 
f 538//538 536//536 568//568 
f 569//569 537//537 538//538 
f 569//569 538//538 570//570 
f 571//571 539//539 537//537 
f 571//571 537//537 569//569 
f 572//572 540//540 539//539 
f 572//572 539//539 571//571 
f 573//573 541//541 540//540 
f 573//573 540//540 572//572 
f 574//574 542//542 541//541 
f 574//574 541//541 573//573 
f 575//575 543//543 542//542 
f 575//575 542//542 574//574 
f 576//576 544//544 543//543 
f 576//576 543//543 575//575 
f 577//577 545//545 544//544 
f 577//577 544//544 576//576 
f 578//578 546//546 545//545 
f 578//578 545//545 577//577 
f 579//579 547//547 546//546 
f 579//579 546//546 578//578 
f 580//580 548//548 547//547 
f 580//580 547//547 579//579 
f 581//581 549//549 548//548 
f 581//581 548//548 580//580 
f 582//582 550//550 549//549 
f 582//582 549//549 581//581 
f 583//583 551//551 550//550 
f 583//583 550//550 582//582 
f 584//584 552//552 551//551 
f 584//584 551//551 583//583 
f 585//585 553//553 552//552 
f 585//585 552//552 584//584 
f 586//586 554//554 553//553 
f 586//586 553//553 585//585 
f 587//587 555//555 554//554 
f 587//587 554//554 586//586 
f 588//588 556//556 555//555 
f 588//588 555//555 587//587 
f 589//589 557//557 556//556 
f 589//589 556//556 588//588 
f 590//590 558//558 557//557 
f 590//590 557//557 589//589 
f 591//591 559//559 558//558 
f 591//591 558//558 590//590 
f 592//592 560//560 559//559 
f 592//592 559//559 591//591 
f 593//593 561//561 560//560 
f 593//593 560//560 592//592 
f 594//594 562//562 561//561 
f 594//594 561//561 593//593 
f 595//595 563//563 562//562 
f 595//595 562//562 594//594 
f 596//596 564//564 563//563 
f 596//596 563//563 595//595 
f 597//597 565//565 564//564 
f 597//597 564//564 596//596 
f 598//598 566//566 565//565 
f 598//598 565//565 597//597 
f 599//599 567//567 566//566 
f 599//599 566//566 598//598 
f 600//600 568//568 567//567 
f 600//600 567//567 599//599 
f 570//570 538//538 568//568 
f 570//570 568//568 600//600 
f 601//601 569//569 570//570 
f 601//601 570//570 602//602 
f 603//603 571//571 569//569 
f 603//603 569//569 601//601 
f 604//604 572//572 571//571 
f 604//604 571//571 603//603 
f 605//605 573//573 572//572 
f 605//605 572//572 604//604 
f 606//606 574//574 573//573 
f 606//606 573//573 605//605 
f 607//607 575//575 574//574 
f 607//607 574//574 606//606 
f 608//608 576//576 575//575 
f 608//608 575//575 607//607 
f 609//609 577//577 576//576 
f 609//609 576//576 608//608 
f 610//610 578//578 577//577 
f 610//610 577//577 609//609 
f 611//611 579//579 578//578 
f 611//611 578//578 610//610 
f 612//612 580//580 579//579 
f 612//612 579//579 611//611 
f 613//613 581//581 580//580 
f 613//613 580//580 612//612 
f 614//614 582//582 581//581 
f 614//614 581//581 613//613 
f 615//615 583//583 582//582 
f 615//615 582//582 614//614 
f 616//616 584//584 583//583 
f 616//616 583//583 615//615 
f 617//617 585//585 584//584 
f 617//617 584//584 616//616 
f 618//618 586//586 585//585 
f 618//618 585//585 617//617 
f 619//619 587//587 586//586 
f 619//619 586//586 618//618 
f 620//620 588//588 587//587 
f 620//620 587//587 619//619 
f 621//621 589//589 588//588 
f 621//621 588//588 620//620 
f 622//622 590//590 589//589 
f 622//622 589//589 621//621 
f 623//623 591//591 590//590 
f 623//623 590//590 622//622 
f 624//624 592//592 591//591 
f 624//624 591//591 623//623 
f 625//625 593//593 592//592 
f 625//625 592//592 624//624 
f 626//626 594//594 593//593 
f 626//626 593//593 625//625 
f 627//627 595//595 594//594 
f 627//627 594//594 626//626 
f 628//628 596//596 595//595 
f 628//628 595//595 627//627 
f 629//629 597//597 596//596 
f 629//629 596//596 628//628 
f 630//630 598//598 597//597 
f 630//630 597//597 629//629 
f 631//631 599//599 598//598 
f 631//631 598//598 630//630 
f 632//632 600//600 599//599 
f 632//632 599//599 631//631 
f 602//602 570//570 600//600 
f 602//602 600//600 632//632 
f 633//633 601//601 602//602 
f 633//633 602//602 634//634 
f 635//635 603//603 601//601 
f 635//635 601//601 633//633 
f 636//636 604//604 603//603 
f 636//636 603//603 635//635 
f 637//637 605//605 604//604 
f 637//637 604//604 636//636 
f 638//638 606//606 605//605 
f 638//638 605//605 637//637 
f 639//639 607//607 606//606 
f 639//639 606//606 638//638 
f 640//640 608//608 607//607 
f 640//640 607//607 639//639 
f 641//641 609//609 608//608 
f 641//641 608//608 640//640 
f 642//642 610//610 609//609 
f 642//642 609//609 641//641 
f 643//643 611//611 610//610 
f 643//643 610//610 642//642 
f 644//644 612//612 611//611 
f 644//644 611//611 643//643 
f 645//645 613//613 612//612 
f 645//645 612//612 644//644 
f 646//646 614//614 613//613 
f 646//646 613//613 645//645 
f 647//647 615//615 614//614 
f 647//647 614//614 646//646 
f 648//648 616//616 615//615 
f 648//648 615//615 647//647 
f 649//649 617//617 616//616 
f 649//649 616//616 648//648 
f 650//650 618//618 617//617 
f 650//650 617//617 649//649 
f 651//651 619//619 618//618 
f 651//651 618//618 650//650 
f 652//652 620//620 619//619 
f 652//652 619//619 651//651 
f 653//653 621//621 620//620 
f 653//653 620//620 652//652 
f 654//654 622//622 621//621 
f 654//654 621//621 653//653 
f 655//655 623//623 622//622 
f 655//655 622//622 654//654 
f 656//656 624//624 623//623 
f 656//656 623//623 655//655 
f 657//657 625//625 624//624 
f 657//657 624//624 656//656 
f 658//658 626//626 625//625 
f 658//658 625//625 657//657 
f 659//659 627//627 626//626 
f 659//659 626//626 658//658 
f 660//660 628//628 627//627 
f 660//660 627//627 659//659 
f 661//661 629//629 628//628 
f 661//661 628//628 660//660 
f 662//662 630//630 629//629 
f 662//662 629//629 661//661 
f 663//663 631//631 630//630 
f 663//663 630//630 662//662 
f 664//664 632//632 631//631 
f 664//664 631//631 663//663 
f 634//634 602//602 632//632 
f 634//634 632//632 664//664 
f 665//665 666//666 633//633 
f 634//634 667//667 665//665 
f 633//633 634//634 665//665 
f 668//668 669//669 635//635 
f 633//633 666//666 668//668 
f 635//635 633//633 668//668 
f 670//670 671//671 636//636 
f 635//635 669//669 670//670 
f 636//636 635//635 670//670 
f 672//672 673//673 637//637 
f 636//636 671//671 672//672 
f 637//637 636//636 672//672 
f 674//674 675//675 638//638 
f 637//637 673//673 674//674 
f 638//638 637//637 674//674 
f 676//676 677//677 639//639 
f 638//638 675//675 676//676 
f 639//639 638//638 676//676 
f 678//678 679//679 640//640 
f 639//639 677//677 678//678 
f 640//640 639//639 678//678 
f 680//680 681//681 641//641 
f 640//640 679//679 680//680 
f 641//641 640//640 680//680 
f 682//682 683//683 642//642 
f 641//641 681//681 682//682 
f 642//642 641//641 682//682 
f 684//684 685//685 643//643 
f 642//642 683//683 684//684 
f 643//643 642//642 684//684 
f 686//686 687//687 644//644 
f 643//643 685//685 686//686 
f 644//644 643//643 686//686 
f 688//688 689//689 645//645 
f 644//644 687//687 688//688 
f 645//645 644//644 688//688 
f 690//690 691//691 646//646 
f 645//645 689//689 690//690 
f 646//646 645//645 690//690 
f 692//692 693//693 647//647 
f 646//646 691//691 692//692 
f 647//647 646//646 692//692 
f 694//694 695//695 648//648 
f 647//647 693//693 694//694 
f 648//648 647//647 694//694 
f 696//696 697//697 649//649 
f 648//648 695//695 696//696 
f 649//649 648//648 696//696 
f 698//698 699//699 650//650 
f 649//649 697//697 698//698 
f 650//650 649//649 698//698 
f 700//700 701//701 651//651 
f 650//650 699//699 700//700 
f 651//651 650//650 700//700 
f 702//702 703//703 652//652 
f 651//651 701//701 702//702 
f 652//652 651//651 702//702 
f 704//704 705//705 653//653 
f 652//652 703//703 704//704 
f 653//653 652//652 704//704 
f 706//706 707//707 654//654 
f 653//653 705//705 706//706 
f 654//654 653//653 706//706 
f 708//708 709//709 655//655 
f 654//654 707//707 708//708 
f 655//655 654//654 708//708 
f 710//710 711//711 656//656 
f 655//655 709//709 710//710 
f 656//656 655//655 710//710 
f 712//712 713//713 657//657 
f 656//656 711//711 712//712 
f 657//657 656//656 712//712 
f 714//714 715//715 658//658 
f 657//657 713//713 714//714 
f 658//658 657//657 714//714 
f 716//716 717//717 659//659 
f 658//658 715//715 716//716 
f 659//659 658//658 716//716 
f 718//718 719//719 660//660 
f 659//659 717//717 718//718 
f 660//660 659//659 718//718 
f 720//720 721//721 661//661 
f 660//660 719//719 720//720 
f 661//661 660//660 720//720 
f 722//722 723//723 662//662 
f 661//661 721//721 722//722 
f 662//662 661//661 722//722 
f 724//724 725//725 663//663 
f 662//662 723//723 724//724 
f 663//663 662//662 724//724 
f 726//726 727//727 664//664 
f 663//663 725//725 726//726 
f 664//664 663//663 726//726 
f 728//728 667//667 634//634 
f 664//664 727//727 728//728 
f 634//634 664//664 728//728 
f 729//729 730//730 731//731 
f 729//729 731//731 732//732 
f 730//730 666//666 665//665 
f 730//730 665//665 731//731 
f 731//731 665//665 667//667 
f 731//731 667//667 733//733 
f 732//732 731//731 733//733 
f 732//732 733//733 734//734 
f 735//735 736//736 737//737 
f 735//735 737//737 738//738 
f 736//736 669//669 668//668 
f 736//736 668//668 737//737 
f 737//737 668//668 666//666 
f 737//737 666//666 730//730 
f 738//738 737//737 730//730 
f 738//738 730//730 729//729 
f 739//739 740//740 741//741 
f 739//739 741//741 742//742 
f 740//740 671//671 670//670 
f 740//740 670//670 741//741 
f 741//741 670//670 669//669 
f 741//741 669//669 736//736 
f 742//742 741//741 736//736 
f 742//742 736//736 735//735 
f 743//743 744//744 745//745 
f 743//743 745//745 746//746 
f 744//744 673//673 672//672 
f 744//744 672//672 745//745 
f 745//745 672//672 671//671 
f 745//745 671//671 740//740 
f 746//746 745//745 740//740 
f 746//746 740//740 739//739 
f 747//747 748//748 749//749 
f 747//747 749//749 750//750 
f 748//748 675//675 674//674 
f 748//748 674//674 749//749 
f 749//749 674//674 673//673 
f 749//749 673//673 744//744 
f 750//750 749//749 744//744 
f 750//750 744//744 743//743 
f 751//751 752//752 753//753 
f 751//751 753//753 754//754 
f 752//752 677//677 676//676 
f 752//752 676//676 753//753 
f 753//753 676//676 675//675 
f 753//753 675//675 748//748 
f 754//754 753//753 748//748 
f 754//754 748//748 747//747 
f 755//755 756//756 757//757 
f 755//755 757//757 758//758 
f 756//756 679//679 678//678 
f 756//756 678//678 757//757 
f 757//757 678//678 677//677 
f 757//757 677//677 752//752 
f 758//758 757//757 752//752 
f 758//758 752//752 751//751 
f 759//759 760//760 761//761 
f 759//759 761//761 762//762 
f 760//760 681//681 680//680 
f 760//760 680//680 761//761 
f 761//761 680//680 679//679 
f 761//761 679//679 756//756 
f 762//762 761//761 756//756 
f 762//762 756//756 755//755 
f 763//763 764//764 765//765 
f 763//763 765//765 766//766 
f 764//764 683//683 682//682 
f 764//764 682//682 765//765 
f 765//765 682//682 681//681 
f 765//765 681//681 760//760 
f 766//766 765//765 760//760 
f 766//766 760//760 759//759 
f 767//767 768//768 769//769 
f 767//767 769//769 770//770 
f 768//768 685//685 684//684 
f 768//768 684//684 769//769 
f 769//769 684//684 683//683 
f 769//769 683//683 764//764 
f 770//770 769//769 764//764 
f 770//770 764//764 763//763 
f 771//771 772//772 773//773 
f 771//771 773//773 774//774 
f 772//772 687//687 686//686 
f 772//772 686//686 773//773 
f 773//773 686//686 685//685 
f 773//773 685//685 768//768 
f 774//774 773//773 768//768 
f 774//774 768//768 767//767 
f 775//775 776//776 777//777 
f 775//775 777//777 778//778 
f 776//776 689//689 688//688 
f 776//776 688//688 777//777 
f 777//777 688//688 687//687 
f 777//777 687//687 772//772 
f 778//778 777//777 772//772 
f 778//778 772//772 771//771 
f 779//779 780//780 781//781 
f 779//779 781//781 782//782 
f 780//780 691//691 690//690 
f 780//780 690//690 781//781 
f 781//781 690//690 689//689 
f 781//781 689//689 776//776 
f 782//782 781//781 776//776 
f 782//782 776//776 775//775 
f 783//783 784//784 785//785 
f 783//783 785//785 786//786 
f 784//784 693//693 692//692 
f 784//784 692//692 785//785 
f 785//785 692//692 691//691 
f 785//785 691//691 780//780 
f 786//786 785//785 780//780 
f 786//786 780//780 779//779 
f 787//787 788//788 789//789 
f 787//787 789//789 790//790 
f 788//788 695//695 694//694 
f 788//788 694//694 789//789 
f 789//789 694//694 693//693 
f 789//789 693//693 784//784 
f 790//790 789//789 784//784 
f 790//790 784//784 783//783 
f 791//791 792//792 793//793 
f 791//791 793//793 794//794 
f 792//792 697//697 696//696 
f 792//792 696//696 793//793 
f 793//793 696//696 695//695 
f 793//793 695//695 788//788 
f 794//794 793//793 788//788 
f 794//794 788//788 787//787 
f 795//795 796//796 797//797 
f 795//795 797//797 798//798 
f 796//796 699//699 698//698 
f 796//796 698//698 797//797 
f 797//797 698//698 697//697 
f 797//797 697//697 792//792 
f 798//798 797//797 792//792 
f 798//798 792//792 791//791 
f 799//799 800//800 801//801 
f 799//799 801//801 802//802 
f 800//800 701//701 700//700 
f 800//800 700//700 801//801 
f 801//801 700//700 699//699 
f 801//801 699//699 796//796 
f 802//802 801//801 796//796 
f 802//802 796//796 795//795 
f 803//803 804//804 805//805 
f 803//803 805//805 806//806 
f 804//804 703//703 702//702 
f 804//804 702//702 805//805 
f 805//805 702//702 701//701 
f 805//805 701//701 800//800 
f 806//806 805//805 800//800 
f 806//806 800//800 799//799 
f 807//807 808//808 809//809 
f 807//807 809//809 810//810 
f 808//808 705//705 704//704 
f 808//808 704//704 809//809 
f 809//809 704//704 703//703 
f 809//809 703//703 804//804 
f 810//810 809//809 804//804 
f 810//810 804//804 803//803 
f 811//811 812//812 813//813 
f 811//811 813//813 814//814 
f 812//812 707//707 706//706 
f 812//812 706//706 813//813 
f 813//813 706//706 705//705 
f 813//813 705//705 808//808 
f 814//814 813//813 808//808 
f 814//814 808//808 807//807 
f 815//815 816//816 817//817 
f 815//815 817//817 818//818 
f 816//816 709//709 708//708 
f 816//816 708//708 817//817 
f 817//817 708//708 707//707 
f 817//817 707//707 812//812 
f 818//818 817//817 812//812 
f 818//818 812//812 811//811 
f 819//819 820//820 821//821 
f 819//819 821//821 822//822 
f 820//820 711//711 710//710 
f 820//820 710//710 821//821 
f 821//821 710//710 709//709 
f 821//821 709//709 816//816 
f 822//822 821//821 816//816 
f 822//822 816//816 815//815 
f 823//823 824//824 825//825 
f 823//823 825//825 826//826 
f 824//824 713//713 712//712 
f 824//824 712//712 825//825 
f 825//825 712//712 711//711 
f 825//825 711//711 820//820 
f 826//826 825//825 820//820 
f 826//826 820//820 819//819 
f 827//827 828//828 829//829 
f 827//827 829//829 830//830 
f 828//828 715//715 714//714 
f 828//828 714//714 829//829 
f 829//829 714//714 713//713 
f 829//829 713//713 824//824 
f 830//830 829//829 824//824 
f 830//830 824//824 823//823 
f 831//831 832//832 833//833 
f 831//831 833//833 834//834 
f 832//832 717//717 716//716 
f 832//832 716//716 833//833 
f 833//833 716//716 715//715 
f 833//833 715//715 828//828 
f 834//834 833//833 828//828 
f 834//834 828//828 827//827 
f 835//835 836//836 837//837 
f 835//835 837//837 838//838 
f 836//836 719//719 718//718 
f 836//836 718//718 837//837 
f 837//837 718//718 717//717 
f 837//837 717//717 832//832 
f 838//838 837//837 832//832 
f 838//838 832//832 831//831 
f 839//839 840//840 841//841 
f 839//839 841//841 842//842 
f 840//840 721//721 720//720 
f 840//840 720//720 841//841 
f 841//841 720//720 719//719 
f 841//841 719//719 836//836 
f 842//842 841//841 836//836 
f 842//842 836//836 835//835 
f 843//843 844//844 845//845 
f 843//843 845//845 846//846 
f 844//844 723//723 722//722 
f 844//844 722//722 845//845 
f 845//845 722//722 721//721 
f 845//845 721//721 840//840 
f 846//846 845//845 840//840 
f 846//846 840//840 839//839 
f 847//847 848//848 849//849 
f 847//847 849//849 850//850 
f 848//848 725//725 724//724 
f 848//848 724//724 849//849 
f 849//849 724//724 723//723 
f 849//849 723//723 844//844 
f 850//850 849//849 844//844 
f 850//850 844//844 843//843 
f 851//851 852//852 853//853 
f 851//851 853//853 854//854 
f 852//852 727//727 726//726 
f 852//852 726//726 853//853 
f 853//853 726//726 725//725 
f 853//853 725//725 848//848 
f 854//854 853//853 848//848 
f 854//854 848//848 847//847 
f 734//734 733//733 855//855 
f 734//734 855//855 856//856 
f 733//733 667//667 728//728 
f 733//733 728//728 855//855 
f 855//855 728//728 727//727 
f 855//855 727//727 852//852 
f 856//856 855//855 852//852 
f 856//856 852//852 851//851 
f 857//857 858//858 859//859 
f 857//857 859//859 860//860 
f 858//858 729//729 732//732 
f 858//858 732//732 859//859 
f 859//859 732//732 734//734 
f 859//859 734//734 861//861 
f 860//860 859//859 861//861 
f 860//860 861//861 862//862 
f 863//863 864//864 865//865 
f 863//863 865//865 866//866 
f 864//864 735//735 738//738 
f 864//864 738//738 865//865 
f 865//865 738//738 729//729 
f 865//865 729//729 858//858 
f 866//866 865//865 858//858 
f 866//866 858//858 857//857 
f 867//867 868//868 869//869 
f 867//867 869//869 870//870 
f 868//868 739//739 742//742 
f 868//868 742//742 869//869 
f 869//869 742//742 735//735 
f 869//869 735//735 864//864 
f 870//870 869//869 864//864 
f 870//870 864//864 863//863 
f 871//871 872//872 873//873 
f 871//871 873//873 874//874 
f 872//872 743//743 746//746 
f 872//872 746//746 873//873 
f 873//873 746//746 739//739 
f 873//873 739//739 868//868 
f 874//874 873//873 868//868 
f 874//874 868//868 867//867 
f 875//875 876//876 877//877 
f 875//875 877//877 878//878 
f 876//876 747//747 750//750 
f 876//876 750//750 877//877 
f 877//877 750//750 743//743 
f 877//877 743//743 872//872 
f 878//878 877//877 872//872 
f 878//878 872//872 871//871 
f 879//879 880//880 881//881 
f 879//879 881//881 882//882 
f 880//880 751//751 754//754 
f 880//880 754//754 881//881 
f 881//881 754//754 747//747 
f 881//881 747//747 876//876 
f 882//882 881//881 876//876 
f 882//882 876//876 875//875 
f 883//883 884//884 885//885 
f 883//883 885//885 886//886 
f 884//884 755//755 758//758 
f 884//884 758//758 885//885 
f 885//885 758//758 751//751 
f 885//885 751//751 880//880 
f 886//886 885//885 880//880 
f 886//886 880//880 879//879 
f 887//887 888//888 889//889 
f 887//887 889//889 890//890 
f 888//888 759//759 762//762 
f 888//888 762//762 889//889 
f 889//889 762//762 755//755 
f 889//889 755//755 884//884 
f 890//890 889//889 884//884 
f 890//890 884//884 883//883 
f 891//891 892//892 893//893 
f 891//891 893//893 894//894 
f 892//892 763//763 766//766 
f 892//892 766//766 893//893 
f 893//893 766//766 759//759 
f 893//893 759//759 888//888 
f 894//894 893//893 888//888 
f 894//894 888//888 887//887 
f 895//895 896//896 897//897 
f 895//895 897//897 898//898 
f 896//896 767//767 770//770 
f 896//896 770//770 897//897 
f 897//897 770//770 763//763 
f 897//897 763//763 892//892 
f 898//898 897//897 892//892 
f 898//898 892//892 891//891 
f 899//899 900//900 901//901 
f 899//899 901//901 902//902 
f 900//900 771//771 774//774 
f 900//900 774//774 901//901 
f 901//901 774//774 767//767 
f 901//901 767//767 896//896 
f 902//902 901//901 896//896 
f 902//902 896//896 895//895 
f 903//903 904//904 905//905 
f 903//903 905//905 906//906 
f 904//904 775//775 778//778 
f 904//904 778//778 905//905 
f 905//905 778//778 771//771 
f 905//905 771//771 900//900 
f 906//906 905//905 900//900 
f 906//906 900//900 899//899 
f 907//907 908//908 909//909 
f 907//907 909//909 910//910 
f 908//908 779//779 782//782 
f 908//908 782//782 909//909 
f 909//909 782//782 775//775 
f 909//909 775//775 904//904 
f 910//910 909//909 904//904 
f 910//910 904//904 903//903 
f 911//911 912//912 913//913 
f 911//911 913//913 914//914 
f 912//912 783//783 786//786 
f 912//912 786//786 913//913 
f 913//913 786//786 779//779 
f 913//913 779//779 908//908 
f 914//914 913//913 908//908 
f 914//914 908//908 907//907 
f 915//915 916//916 917//917 
f 915//915 917//917 918//918 
f 916//916 787//787 790//790 
f 916//916 790//790 917//917 
f 917//917 790//790 783//783 
f 917//917 783//783 912//912 
f 918//918 917//917 912//912 
f 918//918 912//912 911//911 
f 919//919 920//920 921//921 
f 919//919 921//921 922//922 
f 920//920 791//791 794//794 
f 920//920 794//794 921//921 
f 921//921 794//794 787//787 
f 921//921 787//787 916//916 
f 922//922 921//921 916//916 
f 922//922 916//916 915//915 
f 923//923 924//924 925//925 
f 923//923 925//925 926//926 
f 924//924 795//795 798//798 
f 924//924 798//798 925//925 
f 925//925 798//798 791//791 
f 925//925 791//791 920//920 
f 926//926 925//925 920//920 
f 926//926 920//920 919//919 
f 927//927 928//928 929//929 
f 927//927 929//929 930//930 
f 928//928 799//799 802//802 
f 928//928 802//802 929//929 
f 929//929 802//802 795//795 
f 929//929 795//795 924//924 
f 930//930 929//929 924//924 
f 930//930 924//924 923//923 
f 931//931 932//932 933//933 
f 931//931 933//933 934//934 
f 932//932 803//803 806//806 
f 932//932 806//806 933//933 
f 933//933 806//806 799//799 
f 933//933 799//799 928//928 
f 934//934 933//933 928//928 
f 934//934 928//928 927//927 
f 935//935 936//936 937//937 
f 935//935 937//937 938//938 
f 936//936 807//807 810//810 
f 936//936 810//810 937//937 
f 937//937 810//810 803//803 
f 937//937 803//803 932//932 
f 938//938 937//937 932//932 
f 938//938 932//932 931//931 
f 939//939 940//940 941//941 
f 939//939 941//941 942//942 
f 940//940 811//811 814//814 
f 940//940 814//814 941//941 
f 941//941 814//814 807//807 
f 941//941 807//807 936//936 
f 942//942 941//941 936//936 
f 942//942 936//936 935//935 
f 943//943 944//944 945//945 
f 943//943 945//945 946//946 
f 944//944 815//815 818//818 
f 944//944 818//818 945//945 
f 945//945 818//818 811//811 
f 945//945 811//811 940//940 
f 946//946 945//945 940//940 
f 946//946 940//940 939//939 
f 947//947 948//948 949//949 
f 947//947 949//949 950//950 
f 948//948 819//819 822//822 
f 948//948 822//822 949//949 
f 949//949 822//822 815//815 
f 949//949 815//815 944//944 
f 950//950 949//949 944//944 
f 950//950 944//944 943//943 
f 951//951 952//952 953//953 
f 951//951 953//953 954//954 
f 952//952 823//823 826//826 
f 952//952 826//826 953//953 
f 953//953 826//826 819//819 
f 953//953 819//819 948//948 
f 954//954 953//953 948//948 
f 954//954 948//948 947//947 
f 955//955 956//956 957//957 
f 955//955 957//957 958//958 
f 956//956 827//827 830//830 
f 956//956 830//830 957//957 
f 957//957 830//830 823//823 
f 957//957 823//823 952//952 
f 958//958 957//957 952//952 
f 958//958 952//952 951//951 
f 959//959 960//960 961//961 
f 959//959 961//961 962//962 
f 960//960 831//831 834//834 
f 960//960 834//834 961//961 
f 961//961 834//834 827//827 
f 961//961 827//827 956//956 
f 962//962 961//961 956//956 
f 962//962 956//956 955//955 
f 963//963 964//964 965//965 
f 963//963 965//965 966//966 
f 964//964 835//835 838//838 
f 964//964 838//838 965//965 
f 965//965 838//838 831//831 
f 965//965 831//831 960//960 
f 966//966 965//965 960//960 
f 966//966 960//960 959//959 
f 967//967 968//968 969//969 
f 967//967 969//969 970//970 
f 968//968 839//839 842//842 
f 968//968 842//842 969//969 
f 969//969 842//842 835//835 
f 969//969 835//835 964//964 
f 970//970 969//969 964//964 
f 970//970 964//964 963//963 
f 971//971 972//972 973//973 
f 971//971 973//973 974//974 
f 972//972 843//843 846//846 
f 972//972 846//846 973//973 
f 973//973 846//846 839//839 
f 973//973 839//839 968//968 
f 974//974 973//973 968//968 
f 974//974 968//968 967//967 
f 975//975 976//976 977//977 
f 975//975 977//977 978//978 
f 976//976 847//847 850//850 
f 976//976 850//850 977//977 
f 977//977 850//850 843//843 
f 977//977 843//843 972//972 
f 978//978 977//977 972//972 
f 978//978 972//972 971//971 
f 979//979 980//980 981//981 
f 979//979 981//981 982//982 
f 980//980 851//851 854//854 
f 980//980 854//854 981//981 
f 981//981 854//854 847//847 
f 981//981 847//847 976//976 
f 982//982 981//981 976//976 
f 982//982 976//976 975//975 
f 862//862 861//861 983//983 
f 862//862 983//983 984//984 
f 861//861 734//734 856//856 
f 861//861 856//856 983//983 
f 983//983 856//856 851//851 
f 983//983 851//851 980//980 
f 984//984 983//983 980//980 
f 984//984 980//980 979//979 
f 985//985 986//986 987//987 
f 985//985 987//987 988//988 
f 986//986 857//857 860//860 
f 986//986 860//860 987//987 
f 987//987 860//860 862//862 
f 987//987 862//862 989//989 
f 988//988 987//987 989//989 
f 988//988 989//989 990//990 
f 991//991 992//992 993//993 
f 991//991 993//993 994//994 
f 992//992 863//863 866//866 
f 992//992 866//866 993//993 
f 993//993 866//866 857//857 
f 993//993 857//857 986//986 
f 994//994 993//993 986//986 
f 994//994 986//986 985//985 
f 995//995 996//996 997//997 
f 995//995 997//997 998//998 
f 996//996 867//867 870//870 
f 996//996 870//870 997//997 
f 997//997 870//870 863//863 
f 997//997 863//863 992//992 
f 998//998 997//997 992//992 
f 998//998 992//992 991//991 
f 999//999 1000//1000 1001//1001 
f 999//999 1001//1001 1002//1002 
f 1000//1000 871//871 874//874 
f 1000//1000 874//874 1001//1001 
f 1001//1001 874//874 867//867 
f 1001//1001 867//867 996//996 
f 1002//1002 1001//1001 996//996 
f 1002//1002 996//996 995//995 
f 1003//1003 1004//1004 1005//1005 
f 1003//1003 1005//1005 1006//1006 
f 1004//1004 875//875 878//878 
f 1004//1004 878//878 1005//1005 
f 1005//1005 878//878 871//871 
f 1005//1005 871//871 1000//1000 
f 1006//1006 1005//1005 1000//1000 
f 1006//1006 1000//1000 999//999 
f 1007//1007 1008//1008 1009//1009 
f 1007//1007 1009//1009 1010//1010 
f 1008//1008 879//879 882//882 
f 1008//1008 882//882 1009//1009 
f 1009//1009 882//882 875//875 
f 1009//1009 875//875 1004//1004 
f 1010//1010 1009//1009 1004//1004 
f 1010//1010 1004//1004 1003//1003 
f 1011//1011 1012//1012 1013//1013 
f 1011//1011 1013//1013 1014//1014 
f 1012//1012 883//883 886//886 
f 1012//1012 886//886 1013//1013 
f 1013//1013 886//886 879//879 
f 1013//1013 879//879 1008//1008 
f 1014//1014 1013//1013 1008//1008 
f 1014//1014 1008//1008 1007//1007 
f 1015//1015 1016//1016 1017//1017 
f 1015//1015 1017//1017 1018//1018 
f 1016//1016 887//887 890//890 
f 1016//1016 890//890 1017//1017 
f 1017//1017 890//890 883//883 
f 1017//1017 883//883 1012//1012 
f 1018//1018 1017//1017 1012//1012 
f 1018//1018 1012//1012 1011//1011 
f 1019//1019 1020//1020 1021//1021 
f 1019//1019 1021//1021 1022//1022 
f 1020//1020 891//891 894//894 
f 1020//1020 894//894 1021//1021 
f 1021//1021 894//894 887//887 
f 1021//1021 887//887 1016//1016 
f 1022//1022 1021//1021 1016//1016 
f 1022//1022 1016//1016 1015//1015 
f 1023//1023 1024//1024 1025//1025 
f 1023//1023 1025//1025 1026//1026 
f 1024//1024 895//895 898//898 
f 1024//1024 898//898 1025//1025 
f 1025//1025 898//898 891//891 
f 1025//1025 891//891 1020//1020 
f 1026//1026 1025//1025 1020//1020 
f 1026//1026 1020//1020 1019//1019 
f 1027//1027 1028//1028 1029//1029 
f 1027//1027 1029//1029 1030//1030 
f 1028//1028 899//899 902//902 
f 1028//1028 902//902 1029//1029 
f 1029//1029 902//902 895//895 
f 1029//1029 895//895 1024//1024 
f 1030//1030 1029//1029 1024//1024 
f 1030//1030 1024//1024 1023//1023 
f 1031//1031 1032//1032 1033//1033 
f 1031//1031 1033//1033 1034//1034 
f 1032//1032 903//903 906//906 
f 1032//1032 906//906 1033//1033 
f 1033//1033 906//906 899//899 
f 1033//1033 899//899 1028//1028 
f 1034//1034 1033//1033 1028//1028 
f 1034//1034 1028//1028 1027//1027 
f 1035//1035 1036//1036 1037//1037 
f 1035//1035 1037//1037 1038//1038 
f 1036//1036 907//907 910//910 
f 1036//1036 910//910 1037//1037 
f 1037//1037 910//910 903//903 
f 1037//1037 903//903 1032//1032 
f 1038//1038 1037//1037 1032//1032 
f 1038//1038 1032//1032 1031//1031 
f 1039//1039 1040//1040 1041//1041 
f 1039//1039 1041//1041 1042//1042 
f 1040//1040 911//911 914//914 
f 1040//1040 914//914 1041//1041 
f 1041//1041 914//914 907//907 
f 1041//1041 907//907 1036//1036 
f 1042//1042 1041//1041 1036//1036 
f 1042//1042 1036//1036 1035//1035 
f 1043//1043 1044//1044 1045//1045 
f 1043//1043 1045//1045 1046//1046 
f 1044//1044 915//915 918//918 
f 1044//1044 918//918 1045//1045 
f 1045//1045 918//918 911//911 
f 1045//1045 911//911 1040//1040 
f 1046//1046 1045//1045 1040//1040 
f 1046//1046 1040//1040 1039//1039 
f 1047//1047 1048//1048 1049//1049 
f 1047//1047 1049//1049 1050//1050 
f 1048//1048 919//919 922//922 
f 1048//1048 922//922 1049//1049 
f 1049//1049 922//922 915//915 
f 1049//1049 915//915 1044//1044 
f 1050//1050 1049//1049 1044//1044 
f 1050//1050 1044//1044 1043//1043 
f 1051//1051 1052//1052 1053//1053 
f 1051//1051 1053//1053 1054//1054 
f 1052//1052 923//923 926//926 
f 1052//1052 926//926 1053//1053 
f 1053//1053 926//926 919//919 
f 1053//1053 919//919 1048//1048 
f 1054//1054 1053//1053 1048//1048 
f 1054//1054 1048//1048 1047//1047 
f 1055//1055 1056//1056 1057//1057 
f 1055//1055 1057//1057 1058//1058 
f 1056//1056 927//927 930//930 
f 1056//1056 930//930 1057//1057 
f 1057//1057 930//930 923//923 
f 1057//1057 923//923 1052//1052 
f 1058//1058 1057//1057 1052//1052 
f 1058//1058 1052//1052 1051//1051 
f 1059//1059 1060//1060 1061//1061 
f 1059//1059 1061//1061 1062//1062 
f 1060//1060 931//931 934//934 
f 1060//1060 934//934 1061//1061 
f 1061//1061 934//934 927//927 
f 1061//1061 927//927 1056//1056 
f 1062//1062 1061//1061 1056//1056 
f 1062//1062 1056//1056 1055//1055 
f 1063//1063 1064//1064 1065//1065 
f 1063//1063 1065//1065 1066//1066 
f 1064//1064 935//935 938//938 
f 1064//1064 938//938 1065//1065 
f 1065//1065 938//938 931//931 
f 1065//1065 931//931 1060//1060 
f 1066//1066 1065//1065 1060//1060 
f 1066//1066 1060//1060 1059//1059 
f 1067//1067 1068//1068 1069//1069 
f 1067//1067 1069//1069 1070//1070 
f 1068//1068 939//939 942//942 
f 1068//1068 942//942 1069//1069 
f 1069//1069 942//942 935//935 
f 1069//1069 935//935 1064//1064 
f 1070//1070 1069//1069 1064//1064 
f 1070//1070 1064//1064 1063//1063 
f 1071//1071 1072//1072 1073//1073 
f 1071//1071 1073//1073 1074//1074 
f 1072//1072 943//943 946//946 
f 1072//1072 946//946 1073//1073 
f 1073//1073 946//946 939//939 
f 1073//1073 939//939 1068//1068 
f 1074//1074 1073//1073 1068//1068 
f 1074//1074 1068//1068 1067//1067 
f 1075//1075 1076//1076 1077//1077 
f 1075//1075 1077//1077 1078//1078 
f 1076//1076 947//947 950//950 
f 1076//1076 950//950 1077//1077 
f 1077//1077 950//950 943//943 
f 1077//1077 943//943 1072//1072 
f 1078//1078 1077//1077 1072//1072 
f 1078//1078 1072//1072 1071//1071 
f 1079//1079 1080//1080 1081//1081 
f 1079//1079 1081//1081 1082//1082 
f 1080//1080 951//951 954//954 
f 1080//1080 954//954 1081//1081 
f 1081//1081 954//954 947//947 
f 1081//1081 947//947 1076//1076 
f 1082//1082 1081//1081 1076//1076 
f 1082//1082 1076//1076 1075//1075 
f 1083//1083 1084//1084 1085//1085 
f 1083//1083 1085//1085 1086//1086 
f 1084//1084 955//955 958//958 
f 1084//1084 958//958 1085//1085 
f 1085//1085 958//958 951//951 
f 1085//1085 951//951 1080//1080 
f 1086//1086 1085//1085 1080//1080 
f 1086//1086 1080//1080 1079//1079 
f 1087//1087 1088//1088 1089//1089 
f 1087//1087 1089//1089 1090//1090 
f 1088//1088 959//959 962//962 
f 1088//1088 962//962 1089//1089 
f 1089//1089 962//962 955//955 
f 1089//1089 955//955 1084//1084 
f 1090//1090 1089//1089 1084//1084 
f 1090//1090 1084//1084 1083//1083 
f 1091//1091 1092//1092 1093//1093 
f 1091//1091 1093//1093 1094//1094 
f 1092//1092 963//963 966//966 
f 1092//1092 966//966 1093//1093 
f 1093//1093 966//966 959//959 
f 1093//1093 959//959 1088//1088 
f 1094//1094 1093//1093 1088//1088 
f 1094//1094 1088//1088 1087//1087 
f 1095//1095 1096//1096 1097//1097 
f 1095//1095 1097//1097 1098//1098 
f 1096//1096 967//967 970//970 
f 1096//1096 970//970 1097//1097 
f 1097//1097 970//970 963//963 
f 1097//1097 963//963 1092//1092 
f 1098//1098 1097//1097 1092//1092 
f 1098//1098 1092//1092 1091//1091 
f 1099//1099 1100//1100 1101//1101 
f 1099//1099 1101//1101 1102//1102 
f 1100//1100 971//971 974//974 
f 1100//1100 974//974 1101//1101 
f 1101//1101 974//974 967//967 
f 1101//1101 967//967 1096//1096 
f 1102//1102 1101//1101 1096//1096 
f 1102//1102 1096//1096 1095//1095 
f 1103//1103 1104//1104 1105//1105 
f 1103//1103 1105//1105 1106//1106 
f 1104//1104 975//975 978//978 
f 1104//1104 978//978 1105//1105 
f 1105//1105 978//978 971//971 
f 1105//1105 971//971 1100//1100 
f 1106//1106 1105//1105 1100//1100 
f 1106//1106 1100//1100 1099//1099 
f 1107//1107 1108//1108 1109//1109 
f 1107//1107 1109//1109 1110//1110 
f 1108//1108 979//979 982//982 
f 1108//1108 982//982 1109//1109 
f 1109//1109 982//982 975//975 
f 1109//1109 975//975 1104//1104 
f 1110//1110 1109//1109 1104//1104 
f 1110//1110 1104//1104 1103//1103 
f 990//990 989//989 1111//1111 
f 990//990 1111//1111 1112//1112 
f 989//989 862//862 984//984 
f 989//989 984//984 1111//1111 
f 1111//1111 984//984 979//979 
f 1111//1111 979//979 1108//1108 
f 1112//1112 1111//1111 1108//1108 
f 1112//1112 1108//1108 1107//1107 
f 1113//1113 1114//1114 1115//1115 
f 1113//1113 1115//1115 1116//1116 
f 1114//1114 985//985 988//988 
f 1114//1114 988//988 1115//1115 
f 1115//1115 988//988 990//990 
f 1115//1115 990//990 1117//1117 
f 1116//1116 1115//1115 1117//1117 
f 1116//1116 1117//1117 1118//1118 
f 1119//1119 1120//1120 1121//1121 
f 1119//1119 1121//1121 1122//1122 
f 1120//1120 991//991 994//994 
f 1120//1120 994//994 1121//1121 
f 1121//1121 994//994 985//985 
f 1121//1121 985//985 1114//1114 
f 1122//1122 1121//1121 1114//1114 
f 1122//1122 1114//1114 1113//1113 
f 1123//1123 1124//1124 1125//1125 
f 1123//1123 1125//1125 1126//1126 
f 1124//1124 995//995 998//998 
f 1124//1124 998//998 1125//1125 
f 1125//1125 998//998 991//991 
f 1125//1125 991//991 1120//1120 
f 1126//1126 1125//1125 1120//1120 
f 1126//1126 1120//1120 1119//1119 
f 1127//1127 1128//1128 1129//1129 
f 1127//1127 1129//1129 1130//1130 
f 1128//1128 999//999 1002//1002 
f 1128//1128 1002//1002 1129//1129 
f 1129//1129 1002//1002 995//995 
f 1129//1129 995//995 1124//1124 
f 1130//1130 1129//1129 1124//1124 
f 1130//1130 1124//1124 1123//1123 
f 1131//1131 1132//1132 1133//1133 
f 1131//1131 1133//1133 1134//1134 
f 1132//1132 1003//1003 1006//1006 
f 1132//1132 1006//1006 1133//1133 
f 1133//1133 1006//1006 999//999 
f 1133//1133 999//999 1128//1128 
f 1134//1134 1133//1133 1128//1128 
f 1134//1134 1128//1128 1127//1127 
f 1135//1135 1136//1136 1137//1137 
f 1135//1135 1137//1137 1138//1138 
f 1136//1136 1007//1007 1010//1010 
f 1136//1136 1010//1010 1137//1137 
f 1137//1137 1010//1010 1003//1003 
f 1137//1137 1003//1003 1132//1132 
f 1138//1138 1137//1137 1132//1132 
f 1138//1138 1132//1132 1131//1131 
f 1139//1139 1140//1140 1141//1141 
f 1139//1139 1141//1141 1142//1142 
f 1140//1140 1011//1011 1014//1014 
f 1140//1140 1014//1014 1141//1141 
f 1141//1141 1014//1014 1007//1007 
f 1141//1141 1007//1007 1136//1136 
f 1142//1142 1141//1141 1136//1136 
f 1142//1142 1136//1136 1135//1135 
f 1143//1143 1144//1144 1145//1145 
f 1143//1143 1145//1145 1146//1146 
f 1144//1144 1015//1015 1018//1018 
f 1144//1144 1018//1018 1145//1145 
f 1145//1145 1018//1018 1011//1011 
f 1145//1145 1011//1011 1140//1140 
f 1146//1146 1145//1145 1140//1140 
f 1146//1146 1140//1140 1139//1139 
f 1147//1147 1148//1148 1149//1149 
f 1147//1147 1149//1149 1150//1150 
f 1148//1148 1019//1019 1022//1022 
f 1148//1148 1022//1022 1149//1149 
f 1149//1149 1022//1022 1015//1015 
f 1149//1149 1015//1015 1144//1144 
f 1150//1150 1149//1149 1144//1144 
f 1150//1150 1144//1144 1143//1143 
f 1151//1151 1152//1152 1153//1153 
f 1151//1151 1153//1153 1154//1154 
f 1152//1152 1023//1023 1026//1026 
f 1152//1152 1026//1026 1153//1153 
f 1153//1153 1026//1026 1019//1019 
f 1153//1153 1019//1019 1148//1148 
f 1154//1154 1153//1153 1148//1148 
f 1154//1154 1148//1148 1147//1147 
f 1155//1155 1156//1156 1157//1157 
f 1155//1155 1157//1157 1158//1158 
f 1156//1156 1027//1027 1030//1030 
f 1156//1156 1030//1030 1157//1157 
f 1157//1157 1030//1030 1023//1023 
f 1157//1157 1023//1023 1152//1152 
f 1158//1158 1157//1157 1152//1152 
f 1158//1158 1152//1152 1151//1151 
f 1159//1159 1160//1160 1161//1161 
f 1159//1159 1161//1161 1162//1162 
f 1160//1160 1031//1031 1034//1034 
f 1160//1160 1034//1034 1161//1161 
f 1161//1161 1034//1034 1027//1027 
f 1161//1161 1027//1027 1156//1156 
f 1162//1162 1161//1161 1156//1156 
f 1162//1162 1156//1156 1155//1155 
f 1163//1163 1164//1164 1165//1165 
f 1163//1163 1165//1165 1166//1166 
f 1164//1164 1035//1035 1038//1038 
f 1164//1164 1038//1038 1165//1165 
f 1165//1165 1038//1038 1031//1031 
f 1165//1165 1031//1031 1160//1160 
f 1166//1166 1165//1165 1160//1160 
f 1166//1166 1160//1160 1159//1159 
f 1167//1167 1168//1168 1169//1169 
f 1167//1167 1169//1169 1170//1170 
f 1168//1168 1039//1039 1042//1042 
f 1168//1168 1042//1042 1169//1169 
f 1169//1169 1042//1042 1035//1035 
f 1169//1169 1035//1035 1164//1164 
f 1170//1170 1169//1169 1164//1164 
f 1170//1170 1164//1164 1163//1163 
f 1171//1171 1172//1172 1173//1173 
f 1171//1171 1173//1173 1174//1174 
f 1172//1172 1043//1043 1046//1046 
f 1172//1172 1046//1046 1173//1173 
f 1173//1173 1046//1046 1039//1039 
f 1173//1173 1039//1039 1168//1168 
f 1174//1174 1173//1173 1168//1168 
f 1174//1174 1168//1168 1167//1167 
f 1175//1175 1176//1176 1177//1177 
f 1175//1175 1177//1177 1178//1178 
f 1176//1176 1047//1047 1050//1050 
f 1176//1176 1050//1050 1177//1177 
f 1177//1177 1050//1050 1043//1043 
f 1177//1177 1043//1043 1172//1172 
f 1178//1178 1177//1177 1172//1172 
f 1178//1178 1172//1172 1171//1171 
f 1179//1179 1180//1180 1181//1181 
f 1179//1179 1181//1181 1182//1182 
f 1180//1180 1051//1051 1054//1054 
f 1180//1180 1054//1054 1181//1181 
f 1181//1181 1054//1054 1047//1047 
f 1181//1181 1047//1047 1176//1176 
f 1182//1182 1181//1181 1176//1176 
f 1182//1182 1176//1176 1175//1175 
f 1183//1183 1184//1184 1185//1185 
f 1183//1183 1185//1185 1186//1186 
f 1184//1184 1055//1055 1058//1058 
f 1184//1184 1058//1058 1185//1185 
f 1185//1185 1058//1058 1051//1051 
f 1185//1185 1051//1051 1180//1180 
f 1186//1186 1185//1185 1180//1180 
f 1186//1186 1180//1180 1179//1179 
f 1187//1187 1188//1188 1189//1189 
f 1187//1187 1189//1189 1190//1190 
f 1188//1188 1059//1059 1062//1062 
f 1188//1188 1062//1062 1189//1189 
f 1189//1189 1062//1062 1055//1055 
f 1189//1189 1055//1055 1184//1184 
f 1190//1190 1189//1189 1184//1184 
f 1190//1190 1184//1184 1183//1183 
f 1191//1191 1192//1192 1193//1193 
f 1191//1191 1193//1193 1194//1194 
f 1192//1192 1063//1063 1066//1066 
f 1192//1192 1066//1066 1193//1193 
f 1193//1193 1066//1066 1059//1059 
f 1193//1193 1059//1059 1188//1188 
f 1194//1194 1193//1193 1188//1188 
f 1194//1194 1188//1188 1187//1187 
f 1195//1195 1196//1196 1197//1197 
f 1195//1195 1197//1197 1198//1198 
f 1196//1196 1067//1067 1070//1070 
f 1196//1196 1070//1070 1197//1197 
f 1197//1197 1070//1070 1063//1063 
f 1197//1197 1063//1063 1192//1192 
f 1198//1198 1197//1197 1192//1192 
f 1198//1198 1192//1192 1191//1191 
f 1199//1199 1200//1200 1201//1201 
f 1199//1199 1201//1201 1202//1202 
f 1200//1200 1071//1071 1074//1074 
f 1200//1200 1074//1074 1201//1201 
f 1201//1201 1074//1074 1067//1067 
f 1201//1201 1067//1067 1196//1196 
f 1202//1202 1201//1201 1196//1196 
f 1202//1202 1196//1196 1195//1195 
f 1203//1203 1204//1204 1205//1205 
f 1203//1203 1205//1205 1206//1206 
f 1204//1204 1075//1075 1078//1078 
f 1204//1204 1078//1078 1205//1205 
f 1205//1205 1078//1078 1071//1071 
f 1205//1205 1071//1071 1200//1200 
f 1206//1206 1205//1205 1200//1200 
f 1206//1206 1200//1200 1199//1199 
f 1207//1207 1208//1208 1209//1209 
f 1207//1207 1209//1209 1210//1210 
f 1208//1208 1079//1079 1082//1082 
f 1208//1208 1082//1082 1209//1209 
f 1209//1209 1082//1082 1075//1075 
f 1209//1209 1075//1075 1204//1204 
f 1210//1210 1209//1209 1204//1204 
f 1210//1210 1204//1204 1203//1203 
f 1211//1211 1212//1212 1213//1213 
f 1211//1211 1213//1213 1214//1214 
f 1212//1212 1083//1083 1086//1086 
f 1212//1212 1086//1086 1213//1213 
f 1213//1213 1086//1086 1079//1079 
f 1213//1213 1079//1079 1208//1208 
f 1214//1214 1213//1213 1208//1208 
f 1214//1214 1208//1208 1207//1207 
f 1215//1215 1216//1216 1217//1217 
f 1215//1215 1217//1217 1218//1218 
f 1216//1216 1087//1087 1090//1090 
f 1216//1216 1090//1090 1217//1217 
f 1217//1217 1090//1090 1083//1083 
f 1217//1217 1083//1083 1212//1212 
f 1218//1218 1217//1217 1212//1212 
f 1218//1218 1212//1212 1211//1211 
f 1219//1219 1220//1220 1221//1221 
f 1219//1219 1221//1221 1222//1222 
f 1220//1220 1091//1091 1094//1094 
f 1220//1220 1094//1094 1221//1221 
f 1221//1221 1094//1094 1087//1087 
f 1221//1221 1087//1087 1216//1216 
f 1222//1222 1221//1221 1216//1216 
f 1222//1222 1216//1216 1215//1215 
f 1223//1223 1224//1224 1225//1225 
f 1223//1223 1225//1225 1226//1226 
f 1224//1224 1095//1095 1098//1098 
f 1224//1224 1098//1098 1225//1225 
f 1225//1225 1098//1098 1091//1091 
f 1225//1225 1091//1091 1220//1220 
f 1226//1226 1225//1225 1220//1220 
f 1226//1226 1220//1220 1219//1219 
f 1227//1227 1228//1228 1229//1229 
f 1227//1227 1229//1229 1230//1230 
f 1228//1228 1099//1099 1102//1102 
f 1228//1228 1102//1102 1229//1229 
f 1229//1229 1102//1102 1095//1095 
f 1229//1229 1095//1095 1224//1224 
f 1230//1230 1229//1229 1224//1224 
f 1230//1230 1224//1224 1223//1223 
f 1231//1231 1232//1232 1233//1233 
f 1231//1231 1233//1233 1234//1234 
f 1232//1232 1103//1103 1106//1106 
f 1232//1232 1106//1106 1233//1233 
f 1233//1233 1106//1106 1099//1099 
f 1233//1233 1099//1099 1228//1228 
f 1234//1234 1233//1233 1228//1228 
f 1234//1234 1228//1228 1227//1227 
f 1235//1235 1236//1236 1237//1237 
f 1235//1235 1237//1237 1238//1238 
f 1236//1236 1107//1107 1110//1110 
f 1236//1236 1110//1110 1237//1237 
f 1237//1237 1110//1110 1103//1103 
f 1237//1237 1103//1103 1232//1232 
f 1238//1238 1237//1237 1232//1232 
f 1238//1238 1232//1232 1231//1231 
f 1118//1118 1117//1117 1239//1239 
f 1118//1118 1239//1239 1240//1240 
f 1117//1117 990//990 1112//1112 
f 1117//1117 1112//1112 1239//1239 
f 1239//1239 1112//1112 1107//1107 
f 1239//1239 1107//1107 1236//1236 
f 1240//1240 1239//1239 1236//1236 
f 1240//1240 1236//1236 1235//1235 
f 1241//1241 1242//1242 1243//1243 
f 1241//1241 1243//1243 1244//1244 
f 1242//1242 1113//1113 1116//1116 
f 1242//1242 1116//1116 1243//1243 
f 1243//1243 1116//1116 1118//1118 
f 1243//1243 1118//1118 1245//1245 
f 1244//1244 1243//1243 1245//1245 
f 1244//1244 1245//1245 1246//1246 
f 1247//1247 1248//1248 1249//1249 
f 1247//1247 1249//1249 1250//1250 
f 1248//1248 1119//1119 1122//1122 
f 1248//1248 1122//1122 1249//1249 
f 1249//1249 1122//1122 1113//1113 
f 1249//1249 1113//1113 1242//1242 
f 1250//1250 1249//1249 1242//1242 
f 1250//1250 1242//1242 1241//1241 
f 1251//1251 1252//1252 1253//1253 
f 1251//1251 1253//1253 1254//1254 
f 1252//1252 1123//1123 1126//1126 
f 1252//1252 1126//1126 1253//1253 
f 1253//1253 1126//1126 1119//1119 
f 1253//1253 1119//1119 1248//1248 
f 1254//1254 1253//1253 1248//1248 
f 1254//1254 1248//1248 1247//1247 
f 1255//1255 1256//1256 1257//1257 
f 1255//1255 1257//1257 1258//1258 
f 1256//1256 1127//1127 1130//1130 
f 1256//1256 1130//1130 1257//1257 
f 1257//1257 1130//1130 1123//1123 
f 1257//1257 1123//1123 1252//1252 
f 1258//1258 1257//1257 1252//1252 
f 1258//1258 1252//1252 1251//1251 
f 1259//1259 1260//1260 1261//1261 
f 1259//1259 1261//1261 1262//1262 
f 1260//1260 1131//1131 1134//1134 
f 1260//1260 1134//1134 1261//1261 
f 1261//1261 1134//1134 1127//1127 
f 1261//1261 1127//1127 1256//1256 
f 1262//1262 1261//1261 1256//1256 
f 1262//1262 1256//1256 1255//1255 
f 1263//1263 1264//1264 1265//1265 
f 1263//1263 1265//1265 1266//1266 
f 1264//1264 1135//1135 1138//1138 
f 1264//1264 1138//1138 1265//1265 
f 1265//1265 1138//1138 1131//1131 
f 1265//1265 1131//1131 1260//1260 
f 1266//1266 1265//1265 1260//1260 
f 1266//1266 1260//1260 1259//1259 
f 1267//1267 1268//1268 1269//1269 
f 1267//1267 1269//1269 1270//1270 
f 1268//1268 1139//1139 1142//1142 
f 1268//1268 1142//1142 1269//1269 
f 1269//1269 1142//1142 1135//1135 
f 1269//1269 1135//1135 1264//1264 
f 1270//1270 1269//1269 1264//1264 
f 1270//1270 1264//1264 1263//1263 
f 1271//1271 1272//1272 1273//1273 
f 1271//1271 1273//1273 1274//1274 
f 1272//1272 1143//1143 1146//1146 
f 1272//1272 1146//1146 1273//1273 
f 1273//1273 1146//1146 1139//1139 
f 1273//1273 1139//1139 1268//1268 
f 1274//1274 1273//1273 1268//1268 
f 1274//1274 1268//1268 1267//1267 
f 1275//1275 1276//1276 1277//1277 
f 1275//1275 1277//1277 1278//1278 
f 1276//1276 1147//1147 1150//1150 
f 1276//1276 1150//1150 1277//1277 
f 1277//1277 1150//1150 1143//1143 
f 1277//1277 1143//1143 1272//1272 
f 1278//1278 1277//1277 1272//1272 
f 1278//1278 1272//1272 1271//1271 
f 1279//1279 1280//1280 1281//1281 
f 1279//1279 1281//1281 1282//1282 
f 1280//1280 1151//1151 1154//1154 
f 1280//1280 1154//1154 1281//1281 
f 1281//1281 1154//1154 1147//1147 
f 1281//1281 1147//1147 1276//1276 
f 1282//1282 1281//1281 1276//1276 
f 1282//1282 1276//1276 1275//1275 
f 1283//1283 1284//1284 1285//1285 
f 1283//1283 1285//1285 1286//1286 
f 1284//1284 1155//1155 1158//1158 
f 1284//1284 1158//1158 1285//1285 
f 1285//1285 1158//1158 1151//1151 
f 1285//1285 1151//1151 1280//1280 
f 1286//1286 1285//1285 1280//1280 
f 1286//1286 1280//1280 1279//1279 
f 1287//1287 1288//1288 1289//1289 
f 1287//1287 1289//1289 1290//1290 
f 1288//1288 1159//1159 1162//1162 
f 1288//1288 1162//1162 1289//1289 
f 1289//1289 1162//1162 1155//1155 
f 1289//1289 1155//1155 1284//1284 
f 1290//1290 1289//1289 1284//1284 
f 1290//1290 1284//1284 1283//1283 
f 1291//1291 1292//1292 1293//1293 
f 1291//1291 1293//1293 1294//1294 
f 1292//1292 1163//1163 1166//1166 
f 1292//1292 1166//1166 1293//1293 
f 1293//1293 1166//1166 1159//1159 
f 1293//1293 1159//1159 1288//1288 
f 1294//1294 1293//1293 1288//1288 
f 1294//1294 1288//1288 1287//1287 
f 1295//1295 1296//1296 1297//1297 
f 1295//1295 1297//1297 1298//1298 
f 1296//1296 1167//1167 1170//1170 
f 1296//1296 1170//1170 1297//1297 
f 1297//1297 1170//1170 1163//1163 
f 1297//1297 1163//1163 1292//1292 
f 1298//1298 1297//1297 1292//1292 
f 1298//1298 1292//1292 1291//1291 
f 1299//1299 1300//1300 1301//1301 
f 1299//1299 1301//1301 1302//1302 
f 1300//1300 1171//1171 1174//1174 
f 1300//1300 1174//1174 1301//1301 
f 1301//1301 1174//1174 1167//1167 
f 1301//1301 1167//1167 1296//1296 
f 1302//1302 1301//1301 1296//1296 
f 1302//1302 1296//1296 1295//1295 
f 1303//1303 1304//1304 1305//1305 
f 1303//1303 1305//1305 1306//1306 
f 1304//1304 1175//1175 1178//1178 
f 1304//1304 1178//1178 1305//1305 
f 1305//1305 1178//1178 1171//1171 
f 1305//1305 1171//1171 1300//1300 
f 1306//1306 1305//1305 1300//1300 
f 1306//1306 1300//1300 1299//1299 
f 1307//1307 1308//1308 1309//1309 
f 1307//1307 1309//1309 1310//1310 
f 1308//1308 1179//1179 1182//1182 
f 1308//1308 1182//1182 1309//1309 
f 1309//1309 1182//1182 1175//1175 
f 1309//1309 1175//1175 1304//1304 
f 1310//1310 1309//1309 1304//1304 
f 1310//1310 1304//1304 1303//1303 
f 1311//1311 1312//1312 1313//1313 
f 1311//1311 1313//1313 1314//1314 
f 1312//1312 1183//1183 1186//1186 
f 1312//1312 1186//1186 1313//1313 
f 1313//1313 1186//1186 1179//1179 
f 1313//1313 1179//1179 1308//1308 
f 1314//1314 1313//1313 1308//1308 
f 1314//1314 1308//1308 1307//1307 
f 1315//1315 1316//1316 1317//1317 
f 1315//1315 1317//1317 1318//1318 
f 1316//1316 1187//1187 1190//1190 
f 1316//1316 1190//1190 1317//1317 
f 1317//1317 1190//1190 1183//1183 
f 1317//1317 1183//1183 1312//1312 
f 1318//1318 1317//1317 1312//1312 
f 1318//1318 1312//1312 1311//1311 
f 1319//1319 1320//1320 1321//1321 
f 1319//1319 1321//1321 1322//1322 
f 1320//1320 1191//1191 1194//1194 
f 1320//1320 1194//1194 1321//1321 
f 1321//1321 1194//1194 1187//1187 
f 1321//1321 1187//1187 1316//1316 
f 1322//1322 1321//1321 1316//1316 
f 1322//1322 1316//1316 1315//1315 
f 1323//1323 1324//1324 1325//1325 
f 1323//1323 1325//1325 1326//1326 
f 1324//1324 1195//1195 1198//1198 
f 1324//1324 1198//1198 1325//1325 
f 1325//1325 1198//1198 1191//1191 
f 1325//1325 1191//1191 1320//1320 
f 1326//1326 1325//1325 1320//1320 
f 1326//1326 1320//1320 1319//1319 
f 1327//1327 1328//1328 1329//1329 
f 1327//1327 1329//1329 1330//1330 
f 1328//1328 1199//1199 1202//1202 
f 1328//1328 1202//1202 1329//1329 
f 1329//1329 1202//1202 1195//1195 
f 1329//1329 1195//1195 1324//1324 
f 1330//1330 1329//1329 1324//1324 
f 1330//1330 1324//1324 1323//1323 
f 1331//1331 1332//1332 1333//1333 
f 1331//1331 1333//1333 1334//1334 
f 1332//1332 1203//1203 1206//1206 
f 1332//1332 1206//1206 1333//1333 
f 1333//1333 1206//1206 1199//1199 
f 1333//1333 1199//1199 1328//1328 
f 1334//1334 1333//1333 1328//1328 
f 1334//1334 1328//1328 1327//1327 
f 1335//1335 1336//1336 1337//1337 
f 1335//1335 1337//1337 1338//1338 
f 1336//1336 1207//1207 1210//1210 
f 1336//1336 1210//1210 1337//1337 
f 1337//1337 1210//1210 1203//1203 
f 1337//1337 1203//1203 1332//1332 
f 1338//1338 1337//1337 1332//1332 
f 1338//1338 1332//1332 1331//1331 
f 1339//1339 1340//1340 1341//1341 
f 1339//1339 1341//1341 1342//1342 
f 1340//1340 1211//1211 1214//1214 
f 1340//1340 1214//1214 1341//1341 
f 1341//1341 1214//1214 1207//1207 
f 1341//1341 1207//1207 1336//1336 
f 1342//1342 1341//1341 1336//1336 
f 1342//1342 1336//1336 1335//1335 
f 1343//1343 1344//1344 1345//1345 
f 1343//1343 1345//1345 1346//1346 
f 1344//1344 1215//1215 1218//1218 
f 1344//1344 1218//1218 1345//1345 
f 1345//1345 1218//1218 1211//1211 
f 1345//1345 1211//1211 1340//1340 
f 1346//1346 1345//1345 1340//1340 
f 1346//1346 1340//1340 1339//1339 
f 1347//1347 1348//1348 1349//1349 
f 1347//1347 1349//1349 1350//1350 
f 1348//1348 1219//1219 1222//1222 
f 1348//1348 1222//1222 1349//1349 
f 1349//1349 1222//1222 1215//1215 
f 1349//1349 1215//1215 1344//1344 
f 1350//1350 1349//1349 1344//1344 
f 1350//1350 1344//1344 1343//1343 
f 1351//1351 1352//1352 1353//1353 
f 1351//1351 1353//1353 1354//1354 
f 1352//1352 1223//1223 1226//1226 
f 1352//1352 1226//1226 1353//1353 
f 1353//1353 1226//1226 1219//1219 
f 1353//1353 1219//1219 1348//1348 
f 1354//1354 1353//1353 1348//1348 
f 1354//1354 1348//1348 1347//1347 
f 1355//1355 1356//1356 1357//1357 
f 1355//1355 1357//1357 1358//1358 
f 1356//1356 1227//1227 1230//1230 
f 1356//1356 1230//1230 1357//1357 
f 1357//1357 1230//1230 1223//1223 
f 1357//1357 1223//1223 1352//1352 
f 1358//1358 1357//1357 1352//1352 
f 1358//1358 1352//1352 1351//1351 
f 1359//1359 1360//1360 1361//1361 
f 1359//1359 1361//1361 1362//1362 
f 1360//1360 1231//1231 1234//1234 
f 1360//1360 1234//1234 1361//1361 
f 1361//1361 1234//1234 1227//1227 
f 1361//1361 1227//1227 1356//1356 
f 1362//1362 1361//1361 1356//1356 
f 1362//1362 1356//1356 1355//1355 
f 1363//1363 1364//1364 1365//1365 
f 1363//1363 1365//1365 1366//1366 
f 1364//1364 1235//1235 1238//1238 
f 1364//1364 1238//1238 1365//1365 
f 1365//1365 1238//1238 1231//1231 
f 1365//1365 1231//1231 1360//1360 
f 1366//1366 1365//1365 1360//1360 
f 1366//1366 1360//1360 1359//1359 
f 1246//1246 1245//1245 1367//1367 
f 1246//1246 1367//1367 1368//1368 
f 1245//1245 1118//1118 1240//1240 
f 1245//1245 1240//1240 1367//1367 
f 1367//1367 1240//1240 1235//1235 
f 1367//1367 1235//1235 1364//1364 
f 1368//1368 1367//1367 1364//1364 
f 1368//1368 1364//1364 1363//1363 
f 1369//1369 1370//1370 1371//1371 
f 1369//1369 1371//1371 1372//1372 
f 1370//1370 1241//1241 1244//1244 
f 1370//1370 1244//1244 1371//1371 
f 1371//1371 1244//1244 1246//1246 
f 1371//1371 1246//1246 1373//1373 
f 1372//1372 1371//1371 1373//1373 
f 1372//1372 1373//1373 1374//1374 
f 1375//1375 1376//1376 1377//1377 
f 1375//1375 1377//1377 1378//1378 
f 1376//1376 1247//1247 1250//1250 
f 1376//1376 1250//1250 1377//1377 
f 1377//1377 1250//1250 1241//1241 
f 1377//1377 1241//1241 1370//1370 
f 1378//1378 1377//1377 1370//1370 
f 1378//1378 1370//1370 1369//1369 
f 1379//1379 1380//1380 1381//1381 
f 1379//1379 1381//1381 1382//1382 
f 1380//1380 1251//1251 1254//1254 
f 1380//1380 1254//1254 1381//1381 
f 1381//1381 1254//1254 1247//1247 
f 1381//1381 1247//1247 1376//1376 
f 1382//1382 1381//1381 1376//1376 
f 1382//1382 1376//1376 1375//1375 
f 1383//1383 1384//1384 1385//1385 
f 1383//1383 1385//1385 1386//1386 
f 1384//1384 1255//1255 1258//1258 
f 1384//1384 1258//1258 1385//1385 
f 1385//1385 1258//1258 1251//1251 
f 1385//1385 1251//1251 1380//1380 
f 1386//1386 1385//1385 1380//1380 
f 1386//1386 1380//1380 1379//1379 
f 1387//1387 1388//1388 1389//1389 
f 1387//1387 1389//1389 1390//1390 
f 1388//1388 1259//1259 1262//1262 
f 1388//1388 1262//1262 1389//1389 
f 1389//1389 1262//1262 1255//1255 
f 1389//1389 1255//1255 1384//1384 
f 1390//1390 1389//1389 1384//1384 
f 1390//1390 1384//1384 1383//1383 
f 1391//1391 1392//1392 1393//1393 
f 1391//1391 1393//1393 1394//1394 
f 1392//1392 1263//1263 1266//1266 
f 1392//1392 1266//1266 1393//1393 
f 1393//1393 1266//1266 1259//1259 
f 1393//1393 1259//1259 1388//1388 
f 1394//1394 1393//1393 1388//1388 
f 1394//1394 1388//1388 1387//1387 
f 1395//1395 1396//1396 1397//1397 
f 1395//1395 1397//1397 1398//1398 
f 1396//1396 1267//1267 1270//1270 
f 1396//1396 1270//1270 1397//1397 
f 1397//1397 1270//1270 1263//1263 
f 1397//1397 1263//1263 1392//1392 
f 1398//1398 1397//1397 1392//1392 
f 1398//1398 1392//1392 1391//1391 
f 1399//1399 1400//1400 1401//1401 
f 1399//1399 1401//1401 1402//1402 
f 1400//1400 1271//1271 1274//1274 
f 1400//1400 1274//1274 1401//1401 
f 1401//1401 1274//1274 1267//1267 
f 1401//1401 1267//1267 1396//1396 
f 1402//1402 1401//1401 1396//1396 
f 1402//1402 1396//1396 1395//1395 
f 1403//1403 1404//1404 1405//1405 
f 1403//1403 1405//1405 1406//1406 
f 1404//1404 1275//1275 1278//1278 
f 1404//1404 1278//1278 1405//1405 
f 1405//1405 1278//1278 1271//1271 
f 1405//1405 1271//1271 1400//1400 
f 1406//1406 1405//1405 1400//1400 
f 1406//1406 1400//1400 1399//1399 
f 1407//1407 1408//1408 1409//1409 
f 1407//1407 1409//1409 1410//1410 
f 1408//1408 1279//1279 1282//1282 
f 1408//1408 1282//1282 1409//1409 
f 1409//1409 1282//1282 1275//1275 
f 1409//1409 1275//1275 1404//1404 
f 1410//1410 1409//1409 1404//1404 
f 1410//1410 1404//1404 1403//1403 
f 1411//1411 1412//1412 1413//1413 
f 1411//1411 1413//1413 1414//1414 
f 1412//1412 1283//1283 1286//1286 
f 1412//1412 1286//1286 1413//1413 
f 1413//1413 1286//1286 1279//1279 
f 1413//1413 1279//1279 1408//1408 
f 1414//1414 1413//1413 1408//1408 
f 1414//1414 1408//1408 1407//1407 
f 1415//1415 1416//1416 1417//1417 
f 1415//1415 1417//1417 1418//1418 
f 1416//1416 1287//1287 1290//1290 
f 1416//1416 1290//1290 1417//1417 
f 1417//1417 1290//1290 1283//1283 
f 1417//1417 1283//1283 1412//1412 
f 1418//1418 1417//1417 1412//1412 
f 1418//1418 1412//1412 1411//1411 
f 1419//1419 1420//1420 1421//1421 
f 1419//1419 1421//1421 1422//1422 
f 1420//1420 1291//1291 1294//1294 
f 1420//1420 1294//1294 1421//1421 
f 1421//1421 1294//1294 1287//1287 
f 1421//1421 1287//1287 1416//1416 
f 1422//1422 1421//1421 1416//1416 
f 1422//1422 1416//1416 1415//1415 
f 1423//1423 1424//1424 1425//1425 
f 1423//1423 1425//1425 1426//1426 
f 1424//1424 1295//1295 1298//1298 
f 1424//1424 1298//1298 1425//1425 
f 1425//1425 1298//1298 1291//1291 
f 1425//1425 1291//1291 1420//1420 
f 1426//1426 1425//1425 1420//1420 
f 1426//1426 1420//1420 1419//1419 
f 1427//1427 1428//1428 1429//1429 
f 1427//1427 1429//1429 1430//1430 
f 1428//1428 1299//1299 1302//1302 
f 1428//1428 1302//1302 1429//1429 
f 1429//1429 1302//1302 1295//1295 
f 1429//1429 1295//1295 1424//1424 
f 1430//1430 1429//1429 1424//1424 
f 1430//1430 1424//1424 1423//1423 
f 1431//1431 1432//1432 1433//1433 
f 1431//1431 1433//1433 1434//1434 
f 1432//1432 1303//1303 1306//1306 
f 1432//1432 1306//1306 1433//1433 
f 1433//1433 1306//1306 1299//1299 
f 1433//1433 1299//1299 1428//1428 
f 1434//1434 1433//1433 1428//1428 
f 1434//1434 1428//1428 1427//1427 
f 1435//1435 1436//1436 1437//1437 
f 1435//1435 1437//1437 1438//1438 
f 1436//1436 1307//1307 1310//1310 
f 1436//1436 1310//1310 1437//1437 
f 1437//1437 1310//1310 1303//1303 
f 1437//1437 1303//1303 1432//1432 
f 1438//1438 1437//1437 1432//1432 
f 1438//1438 1432//1432 1431//1431 
f 1439//1439 1440//1440 1441//1441 
f 1439//1439 1441//1441 1442//1442 
f 1440//1440 1311//1311 1314//1314 
f 1440//1440 1314//1314 1441//1441 
f 1441//1441 1314//1314 1307//1307 
f 1441//1441 1307//1307 1436//1436 
f 1442//1442 1441//1441 1436//1436 
f 1442//1442 1436//1436 1435//1435 
f 1443//1443 1444//1444 1445//1445 
f 1443//1443 1445//1445 1446//1446 
f 1444//1444 1315//1315 1318//1318 
f 1444//1444 1318//1318 1445//1445 
f 1445//1445 1318//1318 1311//1311 
f 1445//1445 1311//1311 1440//1440 
f 1446//1446 1445//1445 1440//1440 
f 1446//1446 1440//1440 1439//1439 
f 1447//1447 1448//1448 1449//1449 
f 1447//1447 1449//1449 1450//1450 
f 1448//1448 1319//1319 1322//1322 
f 1448//1448 1322//1322 1449//1449 
f 1449//1449 1322//1322 1315//1315 
f 1449//1449 1315//1315 1444//1444 
f 1450//1450 1449//1449 1444//1444 
f 1450//1450 1444//1444 1443//1443 
f 1451//1451 1452//1452 1453//1453 
f 1451//1451 1453//1453 1454//1454 
f 1452//1452 1323//1323 1326//1326 
f 1452//1452 1326//1326 1453//1453 
f 1453//1453 1326//1326 1319//1319 
f 1453//1453 1319//1319 1448//1448 
f 1454//1454 1453//1453 1448//1448 
f 1454//1454 1448//1448 1447//1447 
f 1455//1455 1456//1456 1457//1457 
f 1455//1455 1457//1457 1458//1458 
f 1456//1456 1327//1327 1330//1330 
f 1456//1456 1330//1330 1457//1457 
f 1457//1457 1330//1330 1323//1323 
f 1457//1457 1323//1323 1452//1452 
f 1458//1458 1457//1457 1452//1452 
f 1458//1458 1452//1452 1451//1451 
f 1459//1459 1460//1460 1461//1461 
f 1459//1459 1461//1461 1462//1462 
f 1460//1460 1331//1331 1334//1334 
f 1460//1460 1334//1334 1461//1461 
f 1461//1461 1334//1334 1327//1327 
f 1461//1461 1327//1327 1456//1456 
f 1462//1462 1461//1461 1456//1456 
f 1462//1462 1456//1456 1455//1455 
f 1463//1463 1464//1464 1465//1465 
f 1463//1463 1465//1465 1466//1466 
f 1464//1464 1335//1335 1338//1338 
f 1464//1464 1338//1338 1465//1465 
f 1465//1465 1338//1338 1331//1331 
f 1465//1465 1331//1331 1460//1460 
f 1466//1466 1465//1465 1460//1460 
f 1466//1466 1460//1460 1459//1459 
f 1467//1467 1468//1468 1469//1469 
f 1467//1467 1469//1469 1470//1470 
f 1468//1468 1339//1339 1342//1342 
f 1468//1468 1342//1342 1469//1469 
f 1469//1469 1342//1342 1335//1335 
f 1469//1469 1335//1335 1464//1464 
f 1470//1470 1469//1469 1464//1464 
f 1470//1470 1464//1464 1463//1463 
f 1471//1471 1472//1472 1473//1473 
f 1471//1471 1473//1473 1474//1474 
f 1472//1472 1343//1343 1346//1346 
f 1472//1472 1346//1346 1473//1473 
f 1473//1473 1346//1346 1339//1339 
f 1473//1473 1339//1339 1468//1468 
f 1474//1474 1473//1473 1468//1468 
f 1474//1474 1468//1468 1467//1467 
f 1475//1475 1476//1476 1477//1477 
f 1475//1475 1477//1477 1478//1478 
f 1476//1476 1347//1347 1350//1350 
f 1476//1476 1350//1350 1477//1477 
f 1477//1477 1350//1350 1343//1343 
f 1477//1477 1343//1343 1472//1472 
f 1478//1478 1477//1477 1472//1472 
f 1478//1478 1472//1472 1471//1471 
f 1479//1479 1480//1480 1481//1481 
f 1479//1479 1481//1481 1482//1482 
f 1480//1480 1351//1351 1354//1354 
f 1480//1480 1354//1354 1481//1481 
f 1481//1481 1354//1354 1347//1347 
f 1481//1481 1347//1347 1476//1476 
f 1482//1482 1481//1481 1476//1476 
f 1482//1482 1476//1476 1475//1475 
f 1483//1483 1484//1484 1485//1485 
f 1483//1483 1485//1485 1486//1486 
f 1484//1484 1355//1355 1358//1358 
f 1484//1484 1358//1358 1485//1485 
f 1485//1485 1358//1358 1351//1351 
f 1485//1485 1351//1351 1480//1480 
f 1486//1486 1485//1485 1480//1480 
f 1486//1486 1480//1480 1479//1479 
f 1487//1487 1488//1488 1489//1489 
f 1487//1487 1489//1489 1490//1490 
f 1488//1488 1359//1359 1362//1362 
f 1488//1488 1362//1362 1489//1489 
f 1489//1489 1362//1362 1355//1355 
f 1489//1489 1355//1355 1484//1484 
f 1490//1490 1489//1489 1484//1484 
f 1490//1490 1484//1484 1483//1483 
f 1491//1491 1492//1492 1493//1493 
f 1491//1491 1493//1493 1494//1494 
f 1492//1492 1363//1363 1366//1366 
f 1492//1492 1366//1366 1493//1493 
f 1493//1493 1366//1366 1359//1359 
f 1493//1493 1359//1359 1488//1488 
f 1494//1494 1493//1493 1488//1488 
f 1494//1494 1488//1488 1487//1487 
f 1374//1374 1373//1373 1495//1495 
f 1374//1374 1495//1495 1496//1496 
f 1373//1373 1246//1246 1368//1368 
f 1373//1373 1368//1368 1495//1495 
f 1495//1495 1368//1368 1363//1363 
f 1495//1495 1363//1363 1492//1492 
f 1496//1496 1495//1495 1492//1492 
f 1496//1496 1492//1492 1491//1491 
f 1497//1497 1498//1498 1499//1499 
f 1497//1497 1499//1499 1500//1500 
f 1498//1498 1369//1369 1372//1372 
f 1498//1498 1372//1372 1499//1499 
f 1499//1499 1372//1372 1374//1374 
f 1499//1499 1374//1374 1501//1501 
f 1500//1500 1499//1499 1501//1501 
f 1500//1500 1501//1501 1502//1502 
f 1503//1503 1504//1504 1505//1505 
f 1503//1503 1505//1505 1506//1506 
f 1504//1504 1375//1375 1378//1378 
f 1504//1504 1378//1378 1505//1505 
f 1505//1505 1378//1378 1369//1369 
f 1505//1505 1369//1369 1498//1498 
f 1506//1506 1505//1505 1498//1498 
f 1506//1506 1498//1498 1497//1497 
f 1507//1507 1508//1508 1509//1509 
f 1507//1507 1509//1509 1510//1510 
f 1508//1508 1379//1379 1382//1382 
f 1508//1508 1382//1382 1509//1509 
f 1509//1509 1382//1382 1375//1375 
f 1509//1509 1375//1375 1504//1504 
f 1510//1510 1509//1509 1504//1504 
f 1510//1510 1504//1504 1503//1503 
f 1511//1511 1512//1512 1513//1513 
f 1511//1511 1513//1513 1514//1514 
f 1512//1512 1383//1383 1386//1386 
f 1512//1512 1386//1386 1513//1513 
f 1513//1513 1386//1386 1379//1379 
f 1513//1513 1379//1379 1508//1508 
f 1514//1514 1513//1513 1508//1508 
f 1514//1514 1508//1508 1507//1507 
f 1515//1515 1516//1516 1517//1517 
f 1515//1515 1517//1517 1518//1518 
f 1516//1516 1387//1387 1390//1390 
f 1516//1516 1390//1390 1517//1517 
f 1517//1517 1390//1390 1383//1383 
f 1517//1517 1383//1383 1512//1512 
f 1518//1518 1517//1517 1512//1512 
f 1518//1518 1512//1512 1511//1511 
f 1519//1519 1520//1520 1521//1521 
f 1519//1519 1521//1521 1522//1522 
f 1520//1520 1391//1391 1394//1394 
f 1520//1520 1394//1394 1521//1521 
f 1521//1521 1394//1394 1387//1387 
f 1521//1521 1387//1387 1516//1516 
f 1522//1522 1521//1521 1516//1516 
f 1522//1522 1516//1516 1515//1515 
f 1523//1523 1524//1524 1525//1525 
f 1523//1523 1525//1525 1526//1526 
f 1524//1524 1395//1395 1398//1398 
f 1524//1524 1398//1398 1525//1525 
f 1525//1525 1398//1398 1391//1391 
f 1525//1525 1391//1391 1520//1520 
f 1526//1526 1525//1525 1520//1520 
f 1526//1526 1520//1520 1519//1519 
f 1527//1527 1528//1528 1529//1529 
f 1527//1527 1529//1529 1530//1530 
f 1528//1528 1399//1399 1402//1402 
f 1528//1528 1402//1402 1529//1529 
f 1529//1529 1402//1402 1395//1395 
f 1529//1529 1395//1395 1524//1524 
f 1530//1530 1529//1529 1524//1524 
f 1530//1530 1524//1524 1523//1523 
f 1531//1531 1532//1532 1533//1533 
f 1531//1531 1533//1533 1534//1534 
f 1532//1532 1403//1403 1406//1406 
f 1532//1532 1406//1406 1533//1533 
f 1533//1533 1406//1406 1399//1399 
f 1533//1533 1399//1399 1528//1528 
f 1534//1534 1533//1533 1528//1528 
f 1534//1534 1528//1528 1527//1527 
f 1535//1535 1536//1536 1537//1537 
f 1535//1535 1537//1537 1538//1538 
f 1536//1536 1407//1407 1410//1410 
f 1536//1536 1410//1410 1537//1537 
f 1537//1537 1410//1410 1403//1403 
f 1537//1537 1403//1403 1532//1532 
f 1538//1538 1537//1537 1532//1532 
f 1538//1538 1532//1532 1531//1531 
f 1539//1539 1540//1540 1541//1541 
f 1539//1539 1541//1541 1542//1542 
f 1540//1540 1411//1411 1414//1414 
f 1540//1540 1414//1414 1541//1541 
f 1541//1541 1414//1414 1407//1407 
f 1541//1541 1407//1407 1536//1536 
f 1542//1542 1541//1541 1536//1536 
f 1542//1542 1536//1536 1535//1535 
f 1543//1543 1544//1544 1545//1545 
f 1543//1543 1545//1545 1546//1546 
f 1544//1544 1415//1415 1418//1418 
f 1544//1544 1418//1418 1545//1545 
f 1545//1545 1418//1418 1411//1411 
f 1545//1545 1411//1411 1540//1540 
f 1546//1546 1545//1545 1540//1540 
f 1546//1546 1540//1540 1539//1539 
f 1547//1547 1548//1548 1549//1549 
f 1547//1547 1549//1549 1550//1550 
f 1548//1548 1419//1419 1422//1422 
f 1548//1548 1422//1422 1549//1549 
f 1549//1549 1422//1422 1415//1415 
f 1549//1549 1415//1415 1544//1544 
f 1550//1550 1549//1549 1544//1544 
f 1550//1550 1544//1544 1543//1543 
f 1551//1551 1552//1552 1553//1553 
f 1551//1551 1553//1553 1554//1554 
f 1552//1552 1423//1423 1426//1426 
f 1552//1552 1426//1426 1553//1553 
f 1553//1553 1426//1426 1419//1419 
f 1553//1553 1419//1419 1548//1548 
f 1554//1554 1553//1553 1548//1548 
f 1554//1554 1548//1548 1547//1547 
f 1555//1555 1556//1556 1557//1557 
f 1555//1555 1557//1557 1558//1558 
f 1556//1556 1427//1427 1430//1430 
f 1556//1556 1430//1430 1557//1557 
f 1557//1557 1430//1430 1423//1423 
f 1557//1557 1423//1423 1552//1552 
f 1558//1558 1557//1557 1552//1552 
f 1558//1558 1552//1552 1551//1551 
f 1559//1559 1560//1560 1561//1561 
f 1559//1559 1561//1561 1562//1562 
f 1560//1560 1431//1431 1434//1434 
f 1560//1560 1434//1434 1561//1561 
f 1561//1561 1434//1434 1427//1427 
f 1561//1561 1427//1427 1556//1556 
f 1562//1562 1561//1561 1556//1556 
f 1562//1562 1556//1556 1555//1555 
f 1563//1563 1564//1564 1565//1565 
f 1563//1563 1565//1565 1566//1566 
f 1564//1564 1435//1435 1438//1438 
f 1564//1564 1438//1438 1565//1565 
f 1565//1565 1438//1438 1431//1431 
f 1565//1565 1431//1431 1560//1560 
f 1566//1566 1565//1565 1560//1560 
f 1566//1566 1560//1560 1559//1559 
f 1567//1567 1568//1568 1569//1569 
f 1567//1567 1569//1569 1570//1570 
f 1568//1568 1439//1439 1442//1442 
f 1568//1568 1442//1442 1569//1569 
f 1569//1569 1442//1442 1435//1435 
f 1569//1569 1435//1435 1564//1564 
f 1570//1570 1569//1569 1564//1564 
f 1570//1570 1564//1564 1563//1563 
f 1571//1571 1572//1572 1573//1573 
f 1571//1571 1573//1573 1574//1574 
f 1572//1572 1443//1443 1446//1446 
f 1572//1572 1446//1446 1573//1573 
f 1573//1573 1446//1446 1439//1439 
f 1573//1573 1439//1439 1568//1568 
f 1574//1574 1573//1573 1568//1568 
f 1574//1574 1568//1568 1567//1567 
f 1575//1575 1576//1576 1577//1577 
f 1575//1575 1577//1577 1578//1578 
f 1576//1576 1447//1447 1450//1450 
f 1576//1576 1450//1450 1577//1577 
f 1577//1577 1450//1450 1443//1443 
f 1577//1577 1443//1443 1572//1572 
f 1578//1578 1577//1577 1572//1572 
f 1578//1578 1572//1572 1571//1571 
f 1579//1579 1580//1580 1581//1581 
f 1579//1579 1581//1581 1582//1582 
f 1580//1580 1451//1451 1454//1454 
f 1580//1580 1454//1454 1581//1581 
f 1581//1581 1454//1454 1447//1447 
f 1581//1581 1447//1447 1576//1576 
f 1582//1582 1581//1581 1576//1576 
f 1582//1582 1576//1576 1575//1575 
f 1583//1583 1584//1584 1585//1585 
f 1583//1583 1585//1585 1586//1586 
f 1584//1584 1455//1455 1458//1458 
f 1584//1584 1458//1458 1585//1585 
f 1585//1585 1458//1458 1451//1451 
f 1585//1585 1451//1451 1580//1580 
f 1586//1586 1585//1585 1580//1580 
f 1586//1586 1580//1580 1579//1579 
f 1587//1587 1588//1588 1589//1589 
f 1587//1587 1589//1589 1590//1590 
f 1588//1588 1459//1459 1462//1462 
f 1588//1588 1462//1462 1589//1589 
f 1589//1589 1462//1462 1455//1455 
f 1589//1589 1455//1455 1584//1584 
f 1590//1590 1589//1589 1584//1584 
f 1590//1590 1584//1584 1583//1583 
f 1591//1591 1592//1592 1593//1593 
f 1591//1591 1593//1593 1594//1594 
f 1592//1592 1463//1463 1466//1466 
f 1592//1592 1466//1466 1593//1593 
f 1593//1593 1466//1466 1459//1459 
f 1593//1593 1459//1459 1588//1588 
f 1594//1594 1593//1593 1588//1588 
f 1594//1594 1588//1588 1587//1587 
f 1595//1595 1596//1596 1597//1597 
f 1595//1595 1597//1597 1598//1598 
f 1596//1596 1467//1467 1470//1470 
f 1596//1596 1470//1470 1597//1597 
f 1597//1597 1470//1470 1463//1463 
f 1597//1597 1463//1463 1592//1592 
f 1598//1598 1597//1597 1592//1592 
f 1598//1598 1592//1592 1591//1591 
f 1599//1599 1600//1600 1601//1601 
f 1599//1599 1601//1601 1602//1602 
f 1600//1600 1471//1471 1474//1474 
f 1600//1600 1474//1474 1601//1601 
f 1601//1601 1474//1474 1467//1467 
f 1601//1601 1467//1467 1596//1596 
f 1602//1602 1601//1601 1596//1596 
f 1602//1602 1596//1596 1595//1595 
f 1603//1603 1604//1604 1605//1605 
f 1603//1603 1605//1605 1606//1606 
f 1604//1604 1475//1475 1478//1478 
f 1604//1604 1478//1478 1605//1605 
f 1605//1605 1478//1478 1471//1471 
f 1605//1605 1471//1471 1600//1600 
f 1606//1606 1605//1605 1600//1600 
f 1606//1606 1600//1600 1599//1599 
f 1607//1607 1608//1608 1609//1609 
f 1607//1607 1609//1609 1610//1610 
f 1608//1608 1479//1479 1482//1482 
f 1608//1608 1482//1482 1609//1609 
f 1609//1609 1482//1482 1475//1475 
f 1609//1609 1475//1475 1604//1604 
f 1610//1610 1609//1609 1604//1604 
f 1610//1610 1604//1604 1603//1603 
f 1611//1611 1612//1612 1613//1613 
f 1611//1611 1613//1613 1614//1614 
f 1612//1612 1483//1483 1486//1486 
f 1612//1612 1486//1486 1613//1613 
f 1613//1613 1486//1486 1479//1479 
f 1613//1613 1479//1479 1608//1608 
f 1614//1614 1613//1613 1608//1608 
f 1614//1614 1608//1608 1607//1607 
f 1615//1615 1616//1616 1617//1617 
f 1615//1615 1617//1617 1618//1618 
f 1616//1616 1487//1487 1490//1490 
f 1616//1616 1490//1490 1617//1617 
f 1617//1617 1490//1490 1483//1483 
f 1617//1617 1483//1483 1612//1612 
f 1618//1618 1617//1617 1612//1612 
f 1618//1618 1612//1612 1611//1611 
f 1619//1619 1620//1620 1621//1621 
f 1619//1619 1621//1621 1622//1622 
f 1620//1620 1491//1491 1494//1494 
f 1620//1620 1494//1494 1621//1621 
f 1621//1621 1494//1494 1487//1487 
f 1621//1621 1487//1487 1616//1616 
f 1622//1622 1621//1621 1616//1616 
f 1622//1622 1616//1616 1615//1615 
f 1502//1502 1501//1501 1623//1623 
f 1502//1502 1623//1623 1624//1624 
f 1501//1501 1374//1374 1496//1496 
f 1501//1501 1496//1496 1623//1623 
f 1623//1623 1496//1496 1491//1491 
f 1623//1623 1491//1491 1620//1620 
f 1624//1624 1623//1623 1620//1620 
f 1624//1624 1620//1620 1619//1619 
f 1500//1500 1502//1502 1625//1625 
f 1626//1626 1497//1497 1500//1500 
f 1625//1625 1626//1626 1500//1500 
f 1506//1506 1497//1497 1626//1626 
f 1627//1627 1503//1503 1506//1506 
f 1626//1626 1627//1627 1506//1506 
f 1510//1510 1503//1503 1627//1627 
f 1628//1628 1507//1507 1510//1510 
f 1627//1627 1628//1628 1510//1510 
f 1514//1514 1507//1507 1628//1628 
f 1629//1629 1511//1511 1514//1514 
f 1628//1628 1629//1629 1514//1514 
f 1518//1518 1511//1511 1629//1629 
f 1630//1630 1515//1515 1518//1518 
f 1629//1629 1630//1630 1518//1518 
f 1522//1522 1515//1515 1630//1630 
f 1631//1631 1519//1519 1522//1522 
f 1630//1630 1631//1631 1522//1522 
f 1526//1526 1519//1519 1631//1631 
f 1632//1632 1523//1523 1526//1526 
f 1631//1631 1632//1632 1526//1526 
f 1530//1530 1523//1523 1632//1632 
f 1633//1633 1527//1527 1530//1530 
f 1632//1632 1633//1633 1530//1530 
f 1534//1534 1527//1527 1633//1633 
f 1634//1634 1531//1531 1534//1534 
f 1633//1633 1634//1634 1534//1534 
f 1538//1538 1531//1531 1634//1634 
f 1635//1635 1535//1535 1538//1538 
f 1634//1634 1635//1635 1538//1538 
f 1542//1542 1535//1535 1635//1635 
f 1636//1636 1539//1539 1542//1542 
f 1635//1635 1636//1636 1542//1542 
f 1546//1546 1539//1539 1636//1636 
f 1637//1637 1543//1543 1546//1546 
f 1636//1636 1637//1637 1546//1546 
f 1550//1550 1543//1543 1637//1637 
f 1638//1638 1547//1547 1550//1550 
f 1637//1637 1638//1638 1550//1550 
f 1554//1554 1547//1547 1638//1638 
f 1639//1639 1551//1551 1554//1554 
f 1638//1638 1639//1639 1554//1554 
f 1558//1558 1551//1551 1639//1639 
f 1640//1640 1555//1555 1558//1558 
f 1639//1639 1640//1640 1558//1558 
f 1562//1562 1555//1555 1640//1640 
f 1641//1641 1559//1559 1562//1562 
f 1640//1640 1641//1641 1562//1562 
f 1566//1566 1559//1559 1641//1641 
f 1642//1642 1563//1563 1566//1566 
f 1641//1641 1642//1642 1566//1566 
f 1570//1570 1563//1563 1642//1642 
f 1643//1643 1567//1567 1570//1570 
f 1642//1642 1643//1643 1570//1570 
f 1574//1574 1567//1567 1643//1643 
f 1644//1644 1571//1571 1574//1574 
f 1643//1643 1644//1644 1574//1574 
f 1578//1578 1571//1571 1644//1644 
f 1645//1645 1575//1575 1578//1578 
f 1644//1644 1645//1645 1578//1578 
f 1582//1582 1575//1575 1645//1645 
f 1646//1646 1579//1579 1582//1582 
f 1645//1645 1646//1646 1582//1582 
f 1586//1586 1579//1579 1646//1646 
f 1647//1647 1583//1583 1586//1586 
f 1646//1646 1647//1647 1586//1586 
f 1590//1590 1583//1583 1647//1647 
f 1648//1648 1587//1587 1590//1590 
f 1647//1647 1648//1648 1590//1590 
f 1594//1594 1587//1587 1648//1648 
f 1649//1649 1591//1591 1594//1594 
f 1648//1648 1649//1649 1594//1594 
f 1598//1598 1591//1591 1649//1649 
f 1650//1650 1595//1595 1598//1598 
f 1649//1649 1650//1650 1598//1598 
f 1602//1602 1595//1595 1650//1650 
f 1651//1651 1599//1599 1602//1602 
f 1650//1650 1651//1651 1602//1602 
f 1606//1606 1599//1599 1651//1651 
f 1652//1652 1603//1603 1606//1606 
f 1651//1651 1652//1652 1606//1606 
f 1610//1610 1603//1603 1652//1652 
f 1653//1653 1607//1607 1610//1610 
f 1652//1652 1653//1653 1610//1610 
f 1614//1614 1607//1607 1653//1653 
f 1654//1654 1611//1611 1614//1614 
f 1653//1653 1654//1654 1614//1614 
f 1618//1618 1611//1611 1654//1654 
f 1655//1655 1615//1615 1618//1618 
f 1654//1654 1655//1655 1618//1618 
f 1622//1622 1615//1615 1655//1655 
f 1656//1656 1619//1619 1622//1622 
f 1655//1655 1656//1656 1622//1622 
f 1624//1624 1619//1619 1656//1656 
f 1625//1625 1502//1502 1624//1624 
f 1656//1656 1625//1625 1624//1624 
f 1657//1657 1626//1626 1625//1625 
f 1657//1657 1625//1625 1658//1658 
f 1659//1659 1627//1627 1626//1626 
f 1659//1659 1626//1626 1657//1657 
f 1660//1660 1628//1628 1627//1627 
f 1660//1660 1627//1627 1659//1659 
f 1661//1661 1629//1629 1628//1628 
f 1661//1661 1628//1628 1660//1660 
f 1662//1662 1630//1630 1629//1629 
f 1662//1662 1629//1629 1661//1661 
f 1663//1663 1631//1631 1630//1630 
f 1663//1663 1630//1630 1662//1662 
f 1664//1664 1632//1632 1631//1631 
f 1664//1664 1631//1631 1663//1663 
f 1665//1665 1633//1633 1632//1632 
f 1665//1665 1632//1632 1664//1664 
f 1666//1666 1634//1634 1633//1633 
f 1666//1666 1633//1633 1665//1665 
f 1667//1667 1635//1635 1634//1634 
f 1667//1667 1634//1634 1666//1666 
f 1668//1668 1636//1636 1635//1635 
f 1668//1668 1635//1635 1667//1667 
f 1669//1669 1637//1637 1636//1636 
f 1669//1669 1636//1636 1668//1668 
f 1670//1670 1638//1638 1637//1637 
f 1670//1670 1637//1637 1669//1669 
f 1671//1671 1639//1639 1638//1638 
f 1671//1671 1638//1638 1670//1670 
f 1672//1672 1640//1640 1639//1639 
f 1672//1672 1639//1639 1671//1671 
f 1673//1673 1641//1641 1640//1640 
f 1673//1673 1640//1640 1672//1672 
f 1674//1674 1642//1642 1641//1641 
f 1674//1674 1641//1641 1673//1673 
f 1675//1675 1643//1643 1642//1642 
f 1675//1675 1642//1642 1674//1674 
f 1676//1676 1644//1644 1643//1643 
f 1676//1676 1643//1643 1675//1675 
f 1677//1677 1645//1645 1644//1644 
f 1677//1677 1644//1644 1676//1676 
f 1678//1678 1646//1646 1645//1645 
f 1678//1678 1645//1645 1677//1677 
f 1679//1679 1647//1647 1646//1646 
f 1679//1679 1646//1646 1678//1678 
f 1680//1680 1648//1648 1647//1647 
f 1680//1680 1647//1647 1679//1679 
f 1681//1681 1649//1649 1648//1648 
f 1681//1681 1648//1648 1680//1680 
f 1682//1682 1650//1650 1649//1649 
f 1682//1682 1649//1649 1681//1681 
f 1683//1683 1651//1651 1650//1650 
f 1683//1683 1650//1650 1682//1682 
f 1684//1684 1652//1652 1651//1651 
f 1684//1684 1651//1651 1683//1683 
f 1685//1685 1653//1653 1652//1652 
f 1685//1685 1652//1652 1684//1684 
f 1686//1686 1654//1654 1653//1653 
f 1686//1686 1653//1653 1685//1685 
f 1687//1687 1655//1655 1654//1654 
f 1687//1687 1654//1654 1686//1686 
f 1688//1688 1656//1656 1655//1655 
f 1688//1688 1655//1655 1687//1687 
f 1658//1658 1625//1625 1656//1656 
f 1658//1658 1656//1656 1688//1688 
f 1689//1689 1657//1657 1658//1658 
f 1689//1689 1658//1658 1690//1690 
f 1691//1691 1659//1659 1657//1657 
f 1691//1691 1657//1657 1689//1689 
f 1692//1692 1660//1660 1659//1659 
f 1692//1692 1659//1659 1691//1691 
f 1693//1693 1661//1661 1660//1660 
f 1693//1693 1660//1660 1692//1692 
f 1694//1694 1662//1662 1661//1661 
f 1694//1694 1661//1661 1693//1693 
f 1695//1695 1663//1663 1662//1662 
f 1695//1695 1662//1662 1694//1694 
f 1696//1696 1664//1664 1663//1663 
f 1696//1696 1663//1663 1695//1695 
f 1697//1697 1665//1665 1664//1664 
f 1697//1697 1664//1664 1696//1696 
f 1698//1698 1666//1666 1665//1665 
f 1698//1698 1665//1665 1697//1697 
f 1699//1699 1667//1667 1666//1666 
f 1699//1699 1666//1666 1698//1698 
f 1700//1700 1668//1668 1667//1667 
f 1700//1700 1667//1667 1699//1699 
f 1701//1701 1669//1669 1668//1668 
f 1701//1701 1668//1668 1700//1700 
f 1702//1702 1670//1670 1669//1669 
f 1702//1702 1669//1669 1701//1701 
f 1703//1703 1671//1671 1670//1670 
f 1703//1703 1670//1670 1702//1702 
f 1704//1704 1672//1672 1671//1671 
f 1704//1704 1671//1671 1703//1703 
f 1705//1705 1673//1673 1672//1672 
f 1705//1705 1672//1672 1704//1704 
f 1706//1706 1674//1674 1673//1673 
f 1706//1706 1673//1673 1705//1705 
f 1707//1707 1675//1675 1674//1674 
f 1707//1707 1674//1674 1706//1706 
f 1708//1708 1676//1676 1675//1675 
f 1708//1708 1675//1675 1707//1707 
f 1709//1709 1677//1677 1676//1676 
f 1709//1709 1676//1676 1708//1708 
f 1710//1710 1678//1678 1677//1677 
f 1710//1710 1677//1677 1709//1709 
f 1711//1711 1679//1679 1678//1678 
f 1711//1711 1678//1678 1710//1710 
f 1712//1712 1680//1680 1679//1679 
f 1712//1712 1679//1679 1711//1711 
f 1713//1713 1681//1681 1680//1680 
f 1713//1713 1680//1680 1712//1712 
f 1714//1714 1682//1682 1681//1681 
f 1714//1714 1681//1681 1713//1713 
f 1715//1715 1683//1683 1682//1682 
f 1715//1715 1682//1682 1714//1714 
f 1716//1716 1684//1684 1683//1683 
f 1716//1716 1683//1683 1715//1715 
f 1717//1717 1685//1685 1684//1684 
f 1717//1717 1684//1684 1716//1716 
f 1718//1718 1686//1686 1685//1685 
f 1718//1718 1685//1685 1717//1717 
f 1719//1719 1687//1687 1686//1686 
f 1719//1719 1686//1686 1718//1718 
f 1720//1720 1688//1688 1687//1687 
f 1720//1720 1687//1687 1719//1719 
f 1690//1690 1658//1658 1688//1688 
f 1690//1690 1688//1688 1720//1720 
f 1721//1721 1689//1689 1690//1690 
f 1721//1721 1690//1690 1722//1722 
f 1723//1723 1691//1691 1689//1689 
f 1723//1723 1689//1689 1721//1721 
f 1724//1724 1692//1692 1691//1691 
f 1724//1724 1691//1691 1723//1723 
f 1725//1725 1693//1693 1692//1692 
f 1725//1725 1692//1692 1724//1724 
f 1726//1726 1694//1694 1693//1693 
f 1726//1726 1693//1693 1725//1725 
f 1727//1727 1695//1695 1694//1694 
f 1727//1727 1694//1694 1726//1726 
f 1728//1728 1696//1696 1695//1695 
f 1728//1728 1695//1695 1727//1727 
f 1729//1729 1697//1697 1696//1696 
f 1729//1729 1696//1696 1728//1728 
f 1730//1730 1698//1698 1697//1697 
f 1730//1730 1697//1697 1729//1729 
f 1731//1731 1699//1699 1698//1698 
f 1731//1731 1698//1698 1730//1730 
f 1732//1732 1700//1700 1699//1699 
f 1732//1732 1699//1699 1731//1731 
f 1733//1733 1701//1701 1700//1700 
f 1733//1733 1700//1700 1732//1732 
f 1734//1734 1702//1702 1701//1701 
f 1734//1734 1701//1701 1733//1733 
f 1735//1735 1703//1703 1702//1702 
f 1735//1735 1702//1702 1734//1734 
f 1736//1736 1704//1704 1703//1703 
f 1736//1736 1703//1703 1735//1735 
f 1737//1737 1705//1705 1704//1704 
f 1737//1737 1704//1704 1736//1736 
f 1738//1738 1706//1706 1705//1705 
f 1738//1738 1705//1705 1737//1737 
f 1739//1739 1707//1707 1706//1706 
f 1739//1739 1706//1706 1738//1738 
f 1740//1740 1708//1708 1707//1707 
f 1740//1740 1707//1707 1739//1739 
f 1741//1741 1709//1709 1708//1708 
f 1741//1741 1708//1708 1740//1740 
f 1742//1742 1710//1710 1709//1709 
f 1742//1742 1709//1709 1741//1741 
f 1743//1743 1711//1711 1710//1710 
f 1743//1743 1710//1710 1742//1742 
f 1744//1744 1712//1712 1711//1711 
f 1744//1744 1711//1711 1743//1743 
f 1745//1745 1713//1713 1712//1712 
f 1745//1745 1712//1712 1744//1744 
f 1746//1746 1714//1714 1713//1713 
f 1746//1746 1713//1713 1745//1745 
f 1747//1747 1715//1715 1714//1714 
f 1747//1747 1714//1714 1746//1746 
f 1748//1748 1716//1716 1715//1715 
f 1748//1748 1715//1715 1747//1747 
f 1749//1749 1717//1717 1716//1716 
f 1749//1749 1716//1716 1748//1748 
f 1750//1750 1718//1718 1717//1717 
f 1750//1750 1717//1717 1749//1749 
f 1751//1751 1719//1719 1718//1718 
f 1751//1751 1718//1718 1750//1750 
f 1752//1752 1720//1720 1719//1719 
f 1752//1752 1719//1719 1751//1751 
f 1722//1722 1690//1690 1720//1720 
f 1722//1722 1720//1720 1752//1752 
f 1753//1753 1721//1721 1722//1722 
f 1753//1753 1722//1722 1754//1754 
f 1755//1755 1723//1723 1721//1721 
f 1755//1755 1721//1721 1753//1753 
f 1756//1756 1724//1724 1723//1723 
f 1756//1756 1723//1723 1755//1755 
f 1757//1757 1725//1725 1724//1724 
f 1757//1757 1724//1724 1756//1756 
f 1758//1758 1726//1726 1725//1725 
f 1758//1758 1725//1725 1757//1757 
f 1759//1759 1727//1727 1726//1726 
f 1759//1759 1726//1726 1758//1758 
f 1760//1760 1728//1728 1727//1727 
f 1760//1760 1727//1727 1759//1759 
f 1761//1761 1729//1729 1728//1728 
f 1761//1761 1728//1728 1760//1760 
f 1762//1762 1730//1730 1729//1729 
f 1762//1762 1729//1729 1761//1761 
f 1763//1763 1731//1731 1730//1730 
f 1763//1763 1730//1730 1762//1762 
f 1764//1764 1732//1732 1731//1731 
f 1764//1764 1731//1731 1763//1763 
f 1765//1765 1733//1733 1732//1732 
f 1765//1765 1732//1732 1764//1764 
f 1766//1766 1734//1734 1733//1733 
f 1766//1766 1733//1733 1765//1765 
f 1767//1767 1735//1735 1734//1734 
f 1767//1767 1734//1734 1766//1766 
f 1768//1768 1736//1736 1735//1735 
f 1768//1768 1735//1735 1767//1767 
f 1769//1769 1737//1737 1736//1736 
f 1769//1769 1736//1736 1768//1768 
f 1770//1770 1738//1738 1737//1737 
f 1770//1770 1737//1737 1769//1769 
f 1771//1771 1739//1739 1738//1738 
f 1771//1771 1738//1738 1770//1770 
f 1772//1772 1740//1740 1739//1739 
f 1772//1772 1739//1739 1771//1771 
f 1773//1773 1741//1741 1740//1740 
f 1773//1773 1740//1740 1772//1772 
f 1774//1774 1742//1742 1741//1741 
f 1774//1774 1741//1741 1773//1773 
f 1775//1775 1743//1743 1742//1742 
f 1775//1775 1742//1742 1774//1774 
f 1776//1776 1744//1744 1743//1743 
f 1776//1776 1743//1743 1775//1775 
f 1777//1777 1745//1745 1744//1744 
f 1777//1777 1744//1744 1776//1776 
f 1778//1778 1746//1746 1745//1745 
f 1778//1778 1745//1745 1777//1777 
f 1779//1779 1747//1747 1746//1746 
f 1779//1779 1746//1746 1778//1778 
f 1780//1780 1748//1748 1747//1747 
f 1780//1780 1747//1747 1779//1779 
f 1781//1781 1749//1749 1748//1748 
f 1781//1781 1748//1748 1780//1780 
f 1782//1782 1750//1750 1749//1749 
f 1782//1782 1749//1749 1781//1781 
f 1783//1783 1751//1751 1750//1750 
f 1783//1783 1750//1750 1782//1782 
f 1784//1784 1752//1752 1751//1751 
f 1784//1784 1751//1751 1783//1783 
f 1754//1754 1722//1722 1752//1752 
f 1754//1754 1752//1752 1784//1784 
f 1785//1785 1753//1753 1754//1754 
f 1785//1785 1754//1754 1786//1786 
f 1787//1787 1755//1755 1753//1753 
f 1787//1787 1753//1753 1785//1785 
f 1788//1788 1756//1756 1755//1755 
f 1788//1788 1755//1755 1787//1787 
f 1789//1789 1757//1757 1756//1756 
f 1789//1789 1756//1756 1788//1788 
f 1790//1790 1758//1758 1757//1757 
f 1790//1790 1757//1757 1789//1789 
f 1791//1791 1759//1759 1758//1758 
f 1791//1791 1758//1758 1790//1790 
f 1792//1792 1760//1760 1759//1759 
f 1792//1792 1759//1759 1791//1791 
f 1793//1793 1761//1761 1760//1760 
f 1793//1793 1760//1760 1792//1792 
f 1794//1794 1762//1762 1761//1761 
f 1794//1794 1761//1761 1793//1793 
f 1795//1795 1763//1763 1762//1762 
f 1795//1795 1762//1762 1794//1794 
f 1796//1796 1764//1764 1763//1763 
f 1796//1796 1763//1763 1795//1795 
f 1797//1797 1765//1765 1764//1764 
f 1797//1797 1764//1764 1796//1796 
f 1798//1798 1766//1766 1765//1765 
f 1798//1798 1765//1765 1797//1797 
f 1799//1799 1767//1767 1766//1766 
f 1799//1799 1766//1766 1798//1798 
f 1800//1800 1768//1768 1767//1767 
f 1800//1800 1767//1767 1799//1799 
f 1801//1801 1769//1769 1768//1768 
f 1801//1801 1768//1768 1800//1800 
f 1802//1802 1770//1770 1769//1769 
f 1802//1802 1769//1769 1801//1801 
f 1803//1803 1771//1771 1770//1770 
f 1803//1803 1770//1770 1802//1802 
f 1804//1804 1772//1772 1771//1771 
f 1804//1804 1771//1771 1803//1803 
f 1805//1805 1773//1773 1772//1772 
f 1805//1805 1772//1772 1804//1804 
f 1806//1806 1774//1774 1773//1773 
f 1806//1806 1773//1773 1805//1805 
f 1807//1807 1775//1775 1774//1774 
f 1807//1807 1774//1774 1806//1806 
f 1808//1808 1776//1776 1775//1775 
f 1808//1808 1775//1775 1807//1807 
f 1809//1809 1777//1777 1776//1776 
f 1809//1809 1776//1776 1808//1808 
f 1810//1810 1778//1778 1777//1777 
f 1810//1810 1777//1777 1809//1809 
f 1811//1811 1779//1779 1778//1778 
f 1811//1811 1778//1778 1810//1810 
f 1812//1812 1780//1780 1779//1779 
f 1812//1812 1779//1779 1811//1811 
f 1813//1813 1781//1781 1780//1780 
f 1813//1813 1780//1780 1812//1812 
f 1814//1814 1782//1782 1781//1781 
f 1814//1814 1781//1781 1813//1813 
f 1815//1815 1783//1783 1782//1782 
f 1815//1815 1782//1782 1814//1814 
f 1816//1816 1784//1784 1783//1783 
f 1816//1816 1783//1783 1815//1815 
f 1786//1786 1754//1754 1784//1784 
f 1786//1786 1784//1784 1816//1816 
f 1817//1817 1785//1785 1786//1786 
f 1817//1817 1786//1786 1818//1818 
f 1819//1819 1787//1787 1785//1785 
f 1819//1819 1785//1785 1817//1817 
f 1820//1820 1788//1788 1787//1787 
f 1820//1820 1787//1787 1819//1819 
f 1821//1821 1789//1789 1788//1788 
f 1821//1821 1788//1788 1820//1820 
f 1822//1822 1790//1790 1789//1789 
f 1822//1822 1789//1789 1821//1821 
f 1823//1823 1791//1791 1790//1790 
f 1823//1823 1790//1790 1822//1822 
f 1824//1824 1792//1792 1791//1791 
f 1824//1824 1791//1791 1823//1823 
f 1825//1825 1793//1793 1792//1792 
f 1825//1825 1792//1792 1824//1824 
f 1826//1826 1794//1794 1793//1793 
f 1826//1826 1793//1793 1825//1825 
f 1827//1827 1795//1795 1794//1794 
f 1827//1827 1794//1794 1826//1826 
f 1828//1828 1796//1796 1795//1795 
f 1828//1828 1795//1795 1827//1827 
f 1829//1829 1797//1797 1796//1796 
f 1829//1829 1796//1796 1828//1828 
f 1830//1830 1798//1798 1797//1797 
f 1830//1830 1797//1797 1829//1829 
f 1831//1831 1799//1799 1798//1798 
f 1831//1831 1798//1798 1830//1830 
f 1832//1832 1800//1800 1799//1799 
f 1832//1832 1799//1799 1831//1831 
f 1833//1833 1801//1801 1800//1800 
f 1833//1833 1800//1800 1832//1832 
f 1834//1834 1802//1802 1801//1801 
f 1834//1834 1801//1801 1833//1833 
f 1835//1835 1803//1803 1802//1802 
f 1835//1835 1802//1802 1834//1834 
f 1836//1836 1804//1804 1803//1803 
f 1836//1836 1803//1803 1835//1835 
f 1837//1837 1805//1805 1804//1804 
f 1837//1837 1804//1804 1836//1836 
f 1838//1838 1806//1806 1805//1805 
f 1838//1838 1805//1805 1837//1837 
f 1839//1839 1807//1807 1806//1806 
f 1839//1839 1806//1806 1838//1838 
f 1840//1840 1808//1808 1807//1807 
f 1840//1840 1807//1807 1839//1839 
f 1841//1841 1809//1809 1808//1808 
f 1841//1841 1808//1808 1840//1840 
f 1842//1842 1810//1810 1809//1809 
f 1842//1842 1809//1809 1841//1841 
f 1843//1843 1811//1811 1810//1810 
f 1843//1843 1810//1810 1842//1842 
f 1844//1844 1812//1812 1811//1811 
f 1844//1844 1811//1811 1843//1843 
f 1845//1845 1813//1813 1812//1812 
f 1845//1845 1812//1812 1844//1844 
f 1846//1846 1814//1814 1813//1813 
f 1846//1846 1813//1813 1845//1845 
f 1847//1847 1815//1815 1814//1814 
f 1847//1847 1814//1814 1846//1846 
f 1848//1848 1816//1816 1815//1815 
f 1848//1848 1815//1815 1847//1847 
f 1818//1818 1786//1786 1816//1816 
f 1818//1818 1816//1816 1848//1848 
f 1849//1849 1817//1817 1818//1818 
f 1849//1849 1818//1818 1850//1850 
f 1851//1851 1819//1819 1817//1817 
f 1851//1851 1817//1817 1849//1849 
f 1852//1852 1820//1820 1819//1819 
f 1852//1852 1819//1819 1851//1851 
f 1853//1853 1821//1821 1820//1820 
f 1853//1853 1820//1820 1852//1852 
f 1854//1854 1822//1822 1821//1821 
f 1854//1854 1821//1821 1853//1853 
f 1855//1855 1823//1823 1822//1822 
f 1855//1855 1822//1822 1854//1854 
f 1856//1856 1824//1824 1823//1823 
f 1856//1856 1823//1823 1855//1855 
f 1857//1857 1825//1825 1824//1824 
f 1857//1857 1824//1824 1856//1856 
f 1858//1858 1826//1826 1825//1825 
f 1858//1858 1825//1825 1857//1857 
f 1859//1859 1827//1827 1826//1826 
f 1859//1859 1826//1826 1858//1858 
f 1860//1860 1828//1828 1827//1827 
f 1860//1860 1827//1827 1859//1859 
f 1861//1861 1829//1829 1828//1828 
f 1861//1861 1828//1828 1860//1860 
f 1862//1862 1830//1830 1829//1829 
f 1862//1862 1829//1829 1861//1861 
f 1863//1863 1831//1831 1830//1830 
f 1863//1863 1830//1830 1862//1862 
f 1864//1864 1832//1832 1831//1831 
f 1864//1864 1831//1831 1863//1863 
f 1865//1865 1833//1833 1832//1832 
f 1865//1865 1832//1832 1864//1864 
f 1866//1866 1834//1834 1833//1833 
f 1866//1866 1833//1833 1865//1865 
f 1867//1867 1835//1835 1834//1834 
f 1867//1867 1834//1834 1866//1866 
f 1868//1868 1836//1836 1835//1835 
f 1868//1868 1835//1835 1867//1867 
f 1869//1869 1837//1837 1836//1836 
f 1869//1869 1836//1836 1868//1868 
f 1870//1870 1838//1838 1837//1837 
f 1870//1870 1837//1837 1869//1869 
f 1871//1871 1839//1839 1838//1838 
f 1871//1871 1838//1838 1870//1870 
f 1872//1872 1840//1840 1839//1839 
f 1872//1872 1839//1839 1871//1871 
f 1873//1873 1841//1841 1840//1840 
f 1873//1873 1840//1840 1872//1872 
f 1874//1874 1842//1842 1841//1841 
f 1874//1874 1841//1841 1873//1873 
f 1875//1875 1843//1843 1842//1842 
f 1875//1875 1842//1842 1874//1874 
f 1876//1876 1844//1844 1843//1843 
f 1876//1876 1843//1843 1875//1875 
f 1877//1877 1845//1845 1844//1844 
f 1877//1877 1844//1844 1876//1876 
f 1878//1878 1846//1846 1845//1845 
f 1878//1878 1845//1845 1877//1877 
f 1879//1879 1847//1847 1846//1846 
f 1879//1879 1846//1846 1878//1878 
f 1880//1880 1848//1848 1847//1847 
f 1880//1880 1847//1847 1879//1879 
f 1850//1850 1818//1818 1848//1848 
f 1850//1850 1848//1848 1880//1880 
f 1881//1881 1849//1849 1850//1850 
f 1881//1881 1850//1850 1882//1882 
f 1883//1883 1851//1851 1849//1849 
f 1883//1883 1849//1849 1881//1881 
f 1884//1884 1852//1852 1851//1851 
f 1884//1884 1851//1851 1883//1883 
f 1885//1885 1853//1853 1852//1852 
f 1885//1885 1852//1852 1884//1884 
f 1886//1886 1854//1854 1853//1853 
f 1886//1886 1853//1853 1885//1885 
f 1887//1887 1855//1855 1854//1854 
f 1887//1887 1854//1854 1886//1886 
f 1888//1888 1856//1856 1855//1855 
f 1888//1888 1855//1855 1887//1887 
f 1889//1889 1857//1857 1856//1856 
f 1889//1889 1856//1856 1888//1888 
f 1890//1890 1858//1858 1857//1857 
f 1890//1890 1857//1857 1889//1889 
f 1891//1891 1859//1859 1858//1858 
f 1891//1891 1858//1858 1890//1890 
f 1892//1892 1860//1860 1859//1859 
f 1892//1892 1859//1859 1891//1891 
f 1893//1893 1861//1861 1860//1860 
f 1893//1893 1860//1860 1892//1892 
f 1894//1894 1862//1862 1861//1861 
f 1894//1894 1861//1861 1893//1893 
f 1895//1895 1863//1863 1862//1862 
f 1895//1895 1862//1862 1894//1894 
f 1896//1896 1864//1864 1863//1863 
f 1896//1896 1863//1863 1895//1895 
f 1897//1897 1865//1865 1864//1864 
f 1897//1897 1864//1864 1896//1896 
f 1898//1898 1866//1866 1865//1865 
f 1898//1898 1865//1865 1897//1897 
f 1899//1899 1867//1867 1866//1866 
f 1899//1899 1866//1866 1898//1898 
f 1900//1900 1868//1868 1867//1867 
f 1900//1900 1867//1867 1899//1899 
f 1901//1901 1869//1869 1868//1868 
f 1901//1901 1868//1868 1900//1900 
f 1902//1902 1870//1870 1869//1869 
f 1902//1902 1869//1869 1901//1901 
f 1903//1903 1871//1871 1870//1870 
f 1903//1903 1870//1870 1902//1902 
f 1904//1904 1872//1872 1871//1871 
f 1904//1904 1871//1871 1903//1903 
f 1905//1905 1873//1873 1872//1872 
f 1905//1905 1872//1872 1904//1904 
f 1906//1906 1874//1874 1873//1873 
f 1906//1906 1873//1873 1905//1905 
f 1907//1907 1875//1875 1874//1874 
f 1907//1907 1874//1874 1906//1906 
f 1908//1908 1876//1876 1875//1875 
f 1908//1908 1875//1875 1907//1907 
f 1909//1909 1877//1877 1876//1876 
f 1909//1909 1876//1876 1908//1908 
f 1910//1910 1878//1878 1877//1877 
f 1910//1910 1877//1877 1909//1909 
f 1911//1911 1879//1879 1878//1878 
f 1911//1911 1878//1878 1910//1910 
f 1912//1912 1880//1880 1879//1879 
f 1912//1912 1879//1879 1911//1911 
f 1882//1882 1850//1850 1880//1880 
f 1882//1882 1880//1880 1912//1912 
f 1913//1913 1881//1881 1882//1882 
f 1913//1913 1882//1882 1914//1914 
f 1915//1915 1883//1883 1881//1881 
f 1915//1915 1881//1881 1913//1913 
f 1916//1916 1884//1884 1883//1883 
f 1916//1916 1883//1883 1915//1915 
f 1917//1917 1885//1885 1884//1884 
f 1917//1917 1884//1884 1916//1916 
f 1918//1918 1886//1886 1885//1885 
f 1918//1918 1885//1885 1917//1917 
f 1919//1919 1887//1887 1886//1886 
f 1919//1919 1886//1886 1918//1918 
f 1920//1920 1888//1888 1887//1887 
f 1920//1920 1887//1887 1919//1919 
f 1921//1921 1889//1889 1888//1888 
f 1921//1921 1888//1888 1920//1920 
f 1922//1922 1890//1890 1889//1889 
f 1922//1922 1889//1889 1921//1921 
f 1923//1923 1891//1891 1890//1890 
f 1923//1923 1890//1890 1922//1922 
f 1924//1924 1892//1892 1891//1891 
f 1924//1924 1891//1891 1923//1923 
f 1925//1925 1893//1893 1892//1892 
f 1925//1925 1892//1892 1924//1924 
f 1926//1926 1894//1894 1893//1893 
f 1926//1926 1893//1893 1925//1925 
f 1927//1927 1895//1895 1894//1894 
f 1927//1927 1894//1894 1926//1926 
f 1928//1928 1896//1896 1895//1895 
f 1928//1928 1895//1895 1927//1927 
f 1929//1929 1897//1897 1896//1896 
f 1929//1929 1896//1896 1928//1928 
f 1930//1930 1898//1898 1897//1897 
f 1930//1930 1897//1897 1929//1929 
f 1931//1931 1899//1899 1898//1898 
f 1931//1931 1898//1898 1930//1930 
f 1932//1932 1900//1900 1899//1899 
f 1932//1932 1899//1899 1931//1931 
f 1933//1933 1901//1901 1900//1900 
f 1933//1933 1900//1900 1932//1932 
f 1934//1934 1902//1902 1901//1901 
f 1934//1934 1901//1901 1933//1933 
f 1935//1935 1903//1903 1902//1902 
f 1935//1935 1902//1902 1934//1934 
f 1936//1936 1904//1904 1903//1903 
f 1936//1936 1903//1903 1935//1935 
f 1937//1937 1905//1905 1904//1904 
f 1937//1937 1904//1904 1936//1936 
f 1938//1938 1906//1906 1905//1905 
f 1938//1938 1905//1905 1937//1937 
f 1939//1939 1907//1907 1906//1906 
f 1939//1939 1906//1906 1938//1938 
f 1940//1940 1908//1908 1907//1907 
f 1940//1940 1907//1907 1939//1939 
f 1941//1941 1909//1909 1908//1908 
f 1941//1941 1908//1908 1940//1940 
f 1942//1942 1910//1910 1909//1909 
f 1942//1942 1909//1909 1941//1941 
f 1943//1943 1911//1911 1910//1910 
f 1943//1943 1910//1910 1942//1942 
f 1944//1944 1912//1912 1911//1911 
f 1944//1944 1911//1911 1943//1943 
f 1914//1914 1882//1882 1912//1912 
f 1914//1914 1912//1912 1944//1944 
f 1945//1945 1913//1913 1914//1914 
f 1945//1945 1914//1914 1946//1946 
f 1947//1947 1915//1915 1913//1913 
f 1947//1947 1913//1913 1945//1945 
f 1948//1948 1916//1916 1915//1915 
f 1948//1948 1915//1915 1947//1947 
f 1949//1949 1917//1917 1916//1916 
f 1949//1949 1916//1916 1948//1948 
f 1950//1950 1918//1918 1917//1917 
f 1950//1950 1917//1917 1949//1949 
f 1951//1951 1919//1919 1918//1918 
f 1951//1951 1918//1918 1950//1950 
f 1952//1952 1920//1920 1919//1919 
f 1952//1952 1919//1919 1951//1951 
f 1953//1953 1921//1921 1920//1920 
f 1953//1953 1920//1920 1952//1952 
f 1954//1954 1922//1922 1921//1921 
f 1954//1954 1921//1921 1953//1953 
f 1955//1955 1923//1923 1922//1922 
f 1955//1955 1922//1922 1954//1954 
f 1956//1956 1924//1924 1923//1923 
f 1956//1956 1923//1923 1955//1955 
f 1957//1957 1925//1925 1924//1924 
f 1957//1957 1924//1924 1956//1956 
f 1958//1958 1926//1926 1925//1925 
f 1958//1958 1925//1925 1957//1957 
f 1959//1959 1927//1927 1926//1926 
f 1959//1959 1926//1926 1958//1958 
f 1960//1960 1928//1928 1927//1927 
f 1960//1960 1927//1927 1959//1959 
f 1961//1961 1929//1929 1928//1928 
f 1961//1961 1928//1928 1960//1960 
f 1962//1962 1930//1930 1929//1929 
f 1962//1962 1929//1929 1961//1961 
f 1963//1963 1931//1931 1930//1930 
f 1963//1963 1930//1930 1962//1962 
f 1964//1964 1932//1932 1931//1931 
f 1964//1964 1931//1931 1963//1963 
f 1965//1965 1933//1933 1932//1932 
f 1965//1965 1932//1932 1964//1964 
f 1966//1966 1934//1934 1933//1933 
f 1966//1966 1933//1933 1965//1965 
f 1967//1967 1935//1935 1934//1934 
f 1967//1967 1934//1934 1966//1966 
f 1968//1968 1936//1936 1935//1935 
f 1968//1968 1935//1935 1967//1967 
f 1969//1969 1937//1937 1936//1936 
f 1969//1969 1936//1936 1968//1968 
f 1970//1970 1938//1938 1937//1937 
f 1970//1970 1937//1937 1969//1969 
f 1971//1971 1939//1939 1938//1938 
f 1971//1971 1938//1938 1970//1970 
f 1972//1972 1940//1940 1939//1939 
f 1972//1972 1939//1939 1971//1971 
f 1973//1973 1941//1941 1940//1940 
f 1973//1973 1940//1940 1972//1972 
f 1974//1974 1942//1942 1941//1941 
f 1974//1974 1941//1941 1973//1973 
f 1975//1975 1943//1943 1942//1942 
f 1975//1975 1942//1942 1974//1974 
f 1976//1976 1944//1944 1943//1943 
f 1976//1976 1943//1943 1975//1975 
f 1946//1946 1914//1914 1944//1944 
f 1946//1946 1944//1944 1976//1976 
f 1977//1977 1945//1945 1946//1946 
f 1977//1977 1946//1946 1978//1978 
f 1979//1979 1947//1947 1945//1945 
f 1979//1979 1945//1945 1977//1977 
f 1980//1980 1948//1948 1947//1947 
f 1980//1980 1947//1947 1979//1979 
f 1981//1981 1949//1949 1948//1948 
f 1981//1981 1948//1948 1980//1980 
f 1982//1982 1950//1950 1949//1949 
f 1982//1982 1949//1949 1981//1981 
f 1983//1983 1951//1951 1950//1950 
f 1983//1983 1950//1950 1982//1982 
f 1984//1984 1952//1952 1951//1951 
f 1984//1984 1951//1951 1983//1983 
f 1985//1985 1953//1953 1952//1952 
f 1985//1985 1952//1952 1984//1984 
f 1986//1986 1954//1954 1953//1953 
f 1986//1986 1953//1953 1985//1985 
f 1987//1987 1955//1955 1954//1954 
f 1987//1987 1954//1954 1986//1986 
f 1988//1988 1956//1956 1955//1955 
f 1988//1988 1955//1955 1987//1987 
f 1989//1989 1957//1957 1956//1956 
f 1989//1989 1956//1956 1988//1988 
f 1990//1990 1958//1958 1957//1957 
f 1990//1990 1957//1957 1989//1989 
f 1991//1991 1959//1959 1958//1958 
f 1991//1991 1958//1958 1990//1990 
f 1992//1992 1960//1960 1959//1959 
f 1992//1992 1959//1959 1991//1991 
f 1993//1993 1961//1961 1960//1960 
f 1993//1993 1960//1960 1992//1992 
f 1994//1994 1962//1962 1961//1961 
f 1994//1994 1961//1961 1993//1993 
f 1995//1995 1963//1963 1962//1962 
f 1995//1995 1962//1962 1994//1994 
f 1996//1996 1964//1964 1963//1963 
f 1996//1996 1963//1963 1995//1995 
f 1997//1997 1965//1965 1964//1964 
f 1997//1997 1964//1964 1996//1996 
f 1998//1998 1966//1966 1965//1965 
f 1998//1998 1965//1965 1997//1997 
f 1999//1999 1967//1967 1966//1966 
f 1999//1999 1966//1966 1998//1998 
f 2000//2000 1968//1968 1967//1967 
f 2000//2000 1967//1967 1999//1999 
f 2001//2001 1969//1969 1968//1968 
f 2001//2001 1968//1968 2000//2000 
f 2002//2002 1970//1970 1969//1969 
f 2002//2002 1969//1969 2001//2001 
f 2003//2003 1971//1971 1970//1970 
f 2003//2003 1970//1970 2002//2002 
f 2004//2004 1972//1972 1971//1971 
f 2004//2004 1971//1971 2003//2003 
f 2005//2005 1973//1973 1972//1972 
f 2005//2005 1972//1972 2004//2004 
f 2006//2006 1974//1974 1973//1973 
f 2006//2006 1973//1973 2005//2005 
f 2007//2007 1975//1975 1974//1974 
f 2007//2007 1974//1974 2006//2006 
f 2008//2008 1976//1976 1975//1975 
f 2008//2008 1975//1975 2007//2007 
f 1978//1978 1946//1946 1976//1976 
f 1978//1978 1976//1976 2008//2008 
f 2009//2009 1977//1977 1978//1978 
f 2009//2009 1978//1978 2010//2010 
f 2011//2011 1979//1979 1977//1977 
f 2011//2011 1977//1977 2009//2009 
f 2012//2012 1980//1980 1979//1979 
f 2012//2012 1979//1979 2011//2011 
f 2013//2013 1981//1981 1980//1980 
f 2013//2013 1980//1980 2012//2012 
f 2014//2014 1982//1982 1981//1981 
f 2014//2014 1981//1981 2013//2013 
f 2015//2015 1983//1983 1982//1982 
f 2015//2015 1982//1982 2014//2014 
f 2016//2016 1984//1984 1983//1983 
f 2016//2016 1983//1983 2015//2015 
f 2017//2017 1985//1985 1984//1984 
f 2017//2017 1984//1984 2016//2016 
f 2018//2018 1986//1986 1985//1985 
f 2018//2018 1985//1985 2017//2017 
f 2019//2019 1987//1987 1986//1986 
f 2019//2019 1986//1986 2018//2018 
f 2020//2020 1988//1988 1987//1987 
f 2020//2020 1987//1987 2019//2019 
f 2021//2021 1989//1989 1988//1988 
f 2021//2021 1988//1988 2020//2020 
f 2022//2022 1990//1990 1989//1989 
f 2022//2022 1989//1989 2021//2021 
f 2023//2023 1991//1991 1990//1990 
f 2023//2023 1990//1990 2022//2022 
f 2024//2024 1992//1992 1991//1991 
f 2024//2024 1991//1991 2023//2023 
f 2025//2025 1993//1993 1992//1992 
f 2025//2025 1992//1992 2024//2024 
f 2026//2026 1994//1994 1993//1993 
f 2026//2026 1993//1993 2025//2025 
f 2027//2027 1995//1995 1994//1994 
f 2027//2027 1994//1994 2026//2026 
f 2028//2028 1996//1996 1995//1995 
f 2028//2028 1995//1995 2027//2027 
f 2029//2029 1997//1997 1996//1996 
f 2029//2029 1996//1996 2028//2028 
f 2030//2030 1998//1998 1997//1997 
f 2030//2030 1997//1997 2029//2029 
f 2031//2031 1999//1999 1998//1998 
f 2031//2031 1998//1998 2030//2030 
f 2032//2032 2000//2000 1999//1999 
f 2032//2032 1999//1999 2031//2031 
f 2033//2033 2001//2001 2000//2000 
f 2033//2033 2000//2000 2032//2032 
f 2034//2034 2002//2002 2001//2001 
f 2034//2034 2001//2001 2033//2033 
f 2035//2035 2003//2003 2002//2002 
f 2035//2035 2002//2002 2034//2034 
f 2036//2036 2004//2004 2003//2003 
f 2036//2036 2003//2003 2035//2035 
f 2037//2037 2005//2005 2004//2004 
f 2037//2037 2004//2004 2036//2036 
f 2038//2038 2006//2006 2005//2005 
f 2038//2038 2005//2005 2037//2037 
f 2039//2039 2007//2007 2006//2006 
f 2039//2039 2006//2006 2038//2038 
f 2040//2040 2008//2008 2007//2007 
f 2040//2040 2007//2007 2039//2039 
f 2010//2010 1978//1978 2008//2008 
f 2010//2010 2008//2008 2040//2040 
f 2041//2041 2009//2009 2010//2010 
f 2041//2041 2010//2010 2042//2042 
f 2043//2043 2011//2011 2009//2009 
f 2043//2043 2009//2009 2041//2041 
f 2044//2044 2012//2012 2011//2011 
f 2044//2044 2011//2011 2043//2043 
f 2045//2045 2013//2013 2012//2012 
f 2045//2045 2012//2012 2044//2044 
f 2046//2046 2014//2014 2013//2013 
f 2046//2046 2013//2013 2045//2045 
f 2047//2047 2015//2015 2014//2014 
f 2047//2047 2014//2014 2046//2046 
f 2048//2048 2016//2016 2015//2015 
f 2048//2048 2015//2015 2047//2047 
f 2049//2049 2017//2017 2016//2016 
f 2049//2049 2016//2016 2048//2048 
f 2050//2050 2018//2018 2017//2017 
f 2050//2050 2017//2017 2049//2049 
f 2051//2051 2019//2019 2018//2018 
f 2051//2051 2018//2018 2050//2050 
f 2052//2052 2020//2020 2019//2019 
f 2052//2052 2019//2019 2051//2051 
f 2053//2053 2021//2021 2020//2020 
f 2053//2053 2020//2020 2052//2052 
f 2054//2054 2022//2022 2021//2021 
f 2054//2054 2021//2021 2053//2053 
f 2055//2055 2023//2023 2022//2022 
f 2055//2055 2022//2022 2054//2054 
f 2056//2056 2024//2024 2023//2023 
f 2056//2056 2023//2023 2055//2055 
f 2057//2057 2025//2025 2024//2024 
f 2057//2057 2024//2024 2056//2056 
f 2058//2058 2026//2026 2025//2025 
f 2058//2058 2025//2025 2057//2057 
f 2059//2059 2027//2027 2026//2026 
f 2059//2059 2026//2026 2058//2058 
f 2060//2060 2028//2028 2027//2027 
f 2060//2060 2027//2027 2059//2059 
f 2061//2061 2029//2029 2028//2028 
f 2061//2061 2028//2028 2060//2060 
f 2062//2062 2030//2030 2029//2029 
f 2062//2062 2029//2029 2061//2061 
f 2063//2063 2031//2031 2030//2030 
f 2063//2063 2030//2030 2062//2062 
f 2064//2064 2032//2032 2031//2031 
f 2064//2064 2031//2031 2063//2063 
f 2065//2065 2033//2033 2032//2032 
f 2065//2065 2032//2032 2064//2064 
f 2066//2066 2034//2034 2033//2033 
f 2066//2066 2033//2033 2065//2065 
f 2067//2067 2035//2035 2034//2034 
f 2067//2067 2034//2034 2066//2066 
f 2068//2068 2036//2036 2035//2035 
f 2068//2068 2035//2035 2067//2067 
f 2069//2069 2037//2037 2036//2036 
f 2069//2069 2036//2036 2068//2068 
f 2070//2070 2038//2038 2037//2037 
f 2070//2070 2037//2037 2069//2069 
f 2071//2071 2039//2039 2038//2038 
f 2071//2071 2038//2038 2070//2070 
f 2072//2072 2040//2040 2039//2039 
f 2072//2072 2039//2039 2071//2071 
f 2042//2042 2010//2010 2040//2040 
f 2042//2042 2040//2040 2072//2072 
f 2073//2073 2041//2041 2042//2042 
f 2073//2073 2042//2042 2074//2074 
f 2075//2075 2043//2043 2041//2041 
f 2075//2075 2041//2041 2073//2073 
f 2076//2076 2044//2044 2043//2043 
f 2076//2076 2043//2043 2075//2075 
f 2077//2077 2045//2045 2044//2044 
f 2077//2077 2044//2044 2076//2076 
f 2078//2078 2046//2046 2045//2045 
f 2078//2078 2045//2045 2077//2077 
f 2079//2079 2047//2047 2046//2046 
f 2079//2079 2046//2046 2078//2078 
f 2080//2080 2048//2048 2047//2047 
f 2080//2080 2047//2047 2079//2079 
f 2081//2081 2049//2049 2048//2048 
f 2081//2081 2048//2048 2080//2080 
f 2082//2082 2050//2050 2049//2049 
f 2082//2082 2049//2049 2081//2081 
f 2083//2083 2051//2051 2050//2050 
f 2083//2083 2050//2050 2082//2082 
f 2084//2084 2052//2052 2051//2051 
f 2084//2084 2051//2051 2083//2083 
f 2085//2085 2053//2053 2052//2052 
f 2085//2085 2052//2052 2084//2084 
f 2086//2086 2054//2054 2053//2053 
f 2086//2086 2053//2053 2085//2085 
f 2087//2087 2055//2055 2054//2054 
f 2087//2087 2054//2054 2086//2086 
f 2088//2088 2056//2056 2055//2055 
f 2088//2088 2055//2055 2087//2087 
f 2089//2089 2057//2057 2056//2056 
f 2089//2089 2056//2056 2088//2088 
f 2090//2090 2058//2058 2057//2057 
f 2090//2090 2057//2057 2089//2089 
f 2091//2091 2059//2059 2058//2058 
f 2091//2091 2058//2058 2090//2090 
f 2092//2092 2060//2060 2059//2059 
f 2092//2092 2059//2059 2091//2091 
f 2093//2093 2061//2061 2060//2060 
f 2093//2093 2060//2060 2092//2092 
f 2094//2094 2062//2062 2061//2061 
f 2094//2094 2061//2061 2093//2093 
f 2095//2095 2063//2063 2062//2062 
f 2095//2095 2062//2062 2094//2094 
f 2096//2096 2064//2064 2063//2063 
f 2096//2096 2063//2063 2095//2095 
f 2097//2097 2065//2065 2064//2064 
f 2097//2097 2064//2064 2096//2096 
f 2098//2098 2066//2066 2065//2065 
f 2098//2098 2065//2065 2097//2097 
f 2099//2099 2067//2067 2066//2066 
f 2099//2099 2066//2066 2098//2098 
f 2100//2100 2068//2068 2067//2067 
f 2100//2100 2067//2067 2099//2099 
f 2101//2101 2069//2069 2068//2068 
f 2101//2101 2068//2068 2100//2100 
f 2102//2102 2070//2070 2069//2069 
f 2102//2102 2069//2069 2101//2101 
f 2103//2103 2071//2071 2070//2070 
f 2103//2103 2070//2070 2102//2102 
f 2104//2104 2072//2072 2071//2071 
f 2104//2104 2071//2071 2103//2103 
f 2074//2074 2042//2042 2072//2072 
f 2074//2074 2072//2072 2104//2104 
f 2105//2105 2073//2073 2074//2074 
f 2105//2105 2074//2074 2106//2106 
f 2107//2107 2075//2075 2073//2073 
f 2107//2107 2073//2073 2105//2105 
f 2108//2108 2076//2076 2075//2075 
f 2108//2108 2075//2075 2107//2107 
f 2109//2109 2077//2077 2076//2076 
f 2109//2109 2076//2076 2108//2108 
f 2110//2110 2078//2078 2077//2077 
f 2110//2110 2077//2077 2109//2109 
f 2111//2111 2079//2079 2078//2078 
f 2111//2111 2078//2078 2110//2110 
f 2112//2112 2080//2080 2079//2079 
f 2112//2112 2079//2079 2111//2111 
f 2113//2113 2081//2081 2080//2080 
f 2113//2113 2080//2080 2112//2112 
f 2114//2114 2082//2082 2081//2081 
f 2114//2114 2081//2081 2113//2113 
f 2115//2115 2083//2083 2082//2082 
f 2115//2115 2082//2082 2114//2114 
f 2116//2116 2084//2084 2083//2083 
f 2116//2116 2083//2083 2115//2115 
f 2117//2117 2085//2085 2084//2084 
f 2117//2117 2084//2084 2116//2116 
f 2118//2118 2086//2086 2085//2085 
f 2118//2118 2085//2085 2117//2117 
f 2119//2119 2087//2087 2086//2086 
f 2119//2119 2086//2086 2118//2118 
f 2120//2120 2088//2088 2087//2087 
f 2120//2120 2087//2087 2119//2119 
f 2121//2121 2089//2089 2088//2088 
f 2121//2121 2088//2088 2120//2120 
f 2122//2122 2090//2090 2089//2089 
f 2122//2122 2089//2089 2121//2121 
f 2123//2123 2091//2091 2090//2090 
f 2123//2123 2090//2090 2122//2122 
f 2124//2124 2092//2092 2091//2091 
f 2124//2124 2091//2091 2123//2123 
f 2125//2125 2093//2093 2092//2092 
f 2125//2125 2092//2092 2124//2124 
f 2126//2126 2094//2094 2093//2093 
f 2126//2126 2093//2093 2125//2125 
f 2127//2127 2095//2095 2094//2094 
f 2127//2127 2094//2094 2126//2126 
f 2128//2128 2096//2096 2095//2095 
f 2128//2128 2095//2095 2127//2127 
f 2129//2129 2097//2097 2096//2096 
f 2129//2129 2096//2096 2128//2128 
f 2130//2130 2098//2098 2097//2097 
f 2130//2130 2097//2097 2129//2129 
f 2131//2131 2099//2099 2098//2098 
f 2131//2131 2098//2098 2130//2130 
f 2132//2132 2100//2100 2099//2099 
f 2132//2132 2099//2099 2131//2131 
f 2133//2133 2101//2101 2100//2100 
f 2133//2133 2100//2100 2132//2132 
f 2134//2134 2102//2102 2101//2101 
f 2134//2134 2101//2101 2133//2133 
f 2135//2135 2103//2103 2102//2102 
f 2135//2135 2102//2102 2134//2134 
f 2136//2136 2104//2104 2103//2103 
f 2136//2136 2103//2103 2135//2135 
f 2106//2106 2074//2074 2104//2104 
f 2106//2106 2104//2104 2136//2136 
f 2137//2137 2105//2105 2106//2106 
f 2137//2137 2106//2106 2138//2138 
f 2139//2139 2107//2107 2105//2105 
f 2139//2139 2105//2105 2137//2137 
f 2140//2140 2108//2108 2107//2107 
f 2140//2140 2107//2107 2139//2139 
f 2141//2141 2109//2109 2108//2108 
f 2141//2141 2108//2108 2140//2140 
f 2142//2142 2110//2110 2109//2109 
f 2142//2142 2109//2109 2141//2141 
f 2143//2143 2111//2111 2110//2110 
f 2143//2143 2110//2110 2142//2142 
f 2144//2144 2112//2112 2111//2111 
f 2144//2144 2111//2111 2143//2143 
f 2145//2145 2113//2113 2112//2112 
f 2145//2145 2112//2112 2144//2144 
f 2146//2146 2114//2114 2113//2113 
f 2146//2146 2113//2113 2145//2145 
f 2147//2147 2115//2115 2114//2114 
f 2147//2147 2114//2114 2146//2146 
f 2148//2148 2116//2116 2115//2115 
f 2148//2148 2115//2115 2147//2147 
f 2149//2149 2117//2117 2116//2116 
f 2149//2149 2116//2116 2148//2148 
f 2150//2150 2118//2118 2117//2117 
f 2150//2150 2117//2117 2149//2149 
f 2151//2151 2119//2119 2118//2118 
f 2151//2151 2118//2118 2150//2150 
f 2152//2152 2120//2120 2119//2119 
f 2152//2152 2119//2119 2151//2151 
f 2153//2153 2121//2121 2120//2120 
f 2153//2153 2120//2120 2152//2152 
f 2154//2154 2122//2122 2121//2121 
f 2154//2154 2121//2121 2153//2153 
f 2155//2155 2123//2123 2122//2122 
f 2155//2155 2122//2122 2154//2154 
f 2156//2156 2124//2124 2123//2123 
f 2156//2156 2123//2123 2155//2155 
f 2157//2157 2125//2125 2124//2124 
f 2157//2157 2124//2124 2156//2156 
f 2158//2158 2126//2126 2125//2125 
f 2158//2158 2125//2125 2157//2157 
f 2159//2159 2127//2127 2126//2126 
f 2159//2159 2126//2126 2158//2158 
f 2160//2160 2128//2128 2127//2127 
f 2160//2160 2127//2127 2159//2159 
f 2161//2161 2129//2129 2128//2128 
f 2161//2161 2128//2128 2160//2160 
f 2162//2162 2130//2130 2129//2129 
f 2162//2162 2129//2129 2161//2161 
f 2163//2163 2131//2131 2130//2130 
f 2163//2163 2130//2130 2162//2162 
f 2164//2164 2132//2132 2131//2131 
f 2164//2164 2131//2131 2163//2163 
f 2165//2165 2133//2133 2132//2132 
f 2165//2165 2132//2132 2164//2164 
f 2166//2166 2134//2134 2133//2133 
f 2166//2166 2133//2133 2165//2165 
f 2167//2167 2135//2135 2134//2134 
f 2167//2167 2134//2134 2166//2166 
f 2168//2168 2136//2136 2135//2135 
f 2168//2168 2135//2135 2167//2167 
f 2138//2138 2106//2106 2136//2136 
f 2138//2138 2136//2136 2168//2168 
f 2169//2169 2137//2137 2138//2138 
f 2169//2169 2138//2138 2170//2170 
f 2171//2171 2139//2139 2137//2137 
f 2171//2171 2137//2137 2169//2169 
f 2172//2172 2140//2140 2139//2139 
f 2172//2172 2139//2139 2171//2171 
f 2173//2173 2141//2141 2140//2140 
f 2173//2173 2140//2140 2172//2172 
f 2174//2174 2142//2142 2141//2141 
f 2174//2174 2141//2141 2173//2173 
f 2175//2175 2143//2143 2142//2142 
f 2175//2175 2142//2142 2174//2174 
f 2176//2176 2144//2144 2143//2143 
f 2176//2176 2143//2143 2175//2175 
f 2177//2177 2145//2145 2144//2144 
f 2177//2177 2144//2144 2176//2176 
f 2178//2178 2146//2146 2145//2145 
f 2178//2178 2145//2145 2177//2177 
f 2179//2179 2147//2147 2146//2146 
f 2179//2179 2146//2146 2178//2178 
f 2180//2180 2148//2148 2147//2147 
f 2180//2180 2147//2147 2179//2179 
f 2181//2181 2149//2149 2148//2148 
f 2181//2181 2148//2148 2180//2180 
f 2182//2182 2150//2150 2149//2149 
f 2182//2182 2149//2149 2181//2181 
f 2183//2183 2151//2151 2150//2150 
f 2183//2183 2150//2150 2182//2182 
f 2184//2184 2152//2152 2151//2151 
f 2184//2184 2151//2151 2183//2183 
f 2185//2185 2153//2153 2152//2152 
f 2185//2185 2152//2152 2184//2184 
f 2186//2186 2154//2154 2153//2153 
f 2186//2186 2153//2153 2185//2185 
f 2187//2187 2155//2155 2154//2154 
f 2187//2187 2154//2154 2186//2186 
f 2188//2188 2156//2156 2155//2155 
f 2188//2188 2155//2155 2187//2187 
f 2189//2189 2157//2157 2156//2156 
f 2189//2189 2156//2156 2188//2188 
f 2190//2190 2158//2158 2157//2157 
f 2190//2190 2157//2157 2189//2189 
f 2191//2191 2159//2159 2158//2158 
f 2191//2191 2158//2158 2190//2190 
f 2192//2192 2160//2160 2159//2159 
f 2192//2192 2159//2159 2191//2191 
f 2193//2193 2161//2161 2160//2160 
f 2193//2193 2160//2160 2192//2192 
f 2194//2194 2162//2162 2161//2161 
f 2194//2194 2161//2161 2193//2193 
f 2195//2195 2163//2163 2162//2162 
f 2195//2195 2162//2162 2194//2194 
f 2196//2196 2164//2164 2163//2163 
f 2196//2196 2163//2163 2195//2195 
f 2197//2197 2165//2165 2164//2164 
f 2197//2197 2164//2164 2196//2196 
f 2198//2198 2166//2166 2165//2165 
f 2198//2198 2165//2165 2197//2197 
f 2199//2199 2167//2167 2166//2166 
f 2199//2199 2166//2166 2198//2198 
f 2200//2200 2168//2168 2167//2167 
f 2200//2200 2167//2167 2199//2199 
f 2170//2170 2138//2138 2168//2168 
f 2170//2170 2168//2168 2200//2200 
f 2201//2201 2169//2169 2170//2170 
f 2201//2201 2170//2170 2202//2202 
f 2203//2203 2171//2171 2169//2169 
f 2203//2203 2169//2169 2201//2201 
f 2204//2204 2172//2172 2171//2171 
f 2204//2204 2171//2171 2203//2203 
f 2205//2205 2173//2173 2172//2172 
f 2205//2205 2172//2172 2204//2204 
f 2206//2206 2174//2174 2173//2173 
f 2206//2206 2173//2173 2205//2205 
f 2207//2207 2175//2175 2174//2174 
f 2207//2207 2174//2174 2206//2206 
f 2208//2208 2176//2176 2175//2175 
f 2208//2208 2175//2175 2207//2207 
f 2209//2209 2177//2177 2176//2176 
f 2209//2209 2176//2176 2208//2208 
f 2210//2210 2178//2178 2177//2177 
f 2210//2210 2177//2177 2209//2209 
f 2211//2211 2179//2179 2178//2178 
f 2211//2211 2178//2178 2210//2210 
f 2212//2212 2180//2180 2179//2179 
f 2212//2212 2179//2179 2211//2211 
f 2213//2213 2181//2181 2180//2180 
f 2213//2213 2180//2180 2212//2212 
f 2214//2214 2182//2182 2181//2181 
f 2214//2214 2181//2181 2213//2213 
f 2215//2215 2183//2183 2182//2182 
f 2215//2215 2182//2182 2214//2214 
f 2216//2216 2184//2184 2183//2183 
f 2216//2216 2183//2183 2215//2215 
f 2217//2217 2185//2185 2184//2184 
f 2217//2217 2184//2184 2216//2216 
f 2218//2218 2186//2186 2185//2185 
f 2218//2218 2185//2185 2217//2217 
f 2219//2219 2187//2187 2186//2186 
f 2219//2219 2186//2186 2218//2218 
f 2220//2220 2188//2188 2187//2187 
f 2220//2220 2187//2187 2219//2219 
f 2221//2221 2189//2189 2188//2188 
f 2221//2221 2188//2188 2220//2220 
f 2222//2222 2190//2190 2189//2189 
f 2222//2222 2189//2189 2221//2221 
f 2223//2223 2191//2191 2190//2190 
f 2223//2223 2190//2190 2222//2222 
f 2224//2224 2192//2192 2191//2191 
f 2224//2224 2191//2191 2223//2223 
f 2225//2225 2193//2193 2192//2192 
f 2225//2225 2192//2192 2224//2224 
f 2226//2226 2194//2194 2193//2193 
f 2226//2226 2193//2193 2225//2225 
f 2227//2227 2195//2195 2194//2194 
f 2227//2227 2194//2194 2226//2226 
f 2228//2228 2196//2196 2195//2195 
f 2228//2228 2195//2195 2227//2227 
f 2229//2229 2197//2197 2196//2196 
f 2229//2229 2196//2196 2228//2228 
f 2230//2230 2198//2198 2197//2197 
f 2230//2230 2197//2197 2229//2229 
f 2231//2231 2199//2199 2198//2198 
f 2231//2231 2198//2198 2230//2230 
f 2232//2232 2200//2200 2199//2199 
f 2232//2232 2199//2199 2231//2231 
f 2202//2202 2170//2170 2200//2200 
f 2202//2202 2200//2200 2232//2232 
f 2233//2233 2201//2201 2202//2202 
f 2233//2233 2202//2202 2234//2234 
f 2235//2235 2203//2203 2201//2201 
f 2235//2235 2201//2201 2233//2233 
f 2236//2236 2204//2204 2203//2203 
f 2236//2236 2203//2203 2235//2235 
f 2237//2237 2205//2205 2204//2204 
f 2237//2237 2204//2204 2236//2236 
f 2238//2238 2206//2206 2205//2205 
f 2238//2238 2205//2205 2237//2237 
f 2239//2239 2207//2207 2206//2206 
f 2239//2239 2206//2206 2238//2238 
f 2240//2240 2208//2208 2207//2207 
f 2240//2240 2207//2207 2239//2239 
f 2241//2241 2209//2209 2208//2208 
f 2241//2241 2208//2208 2240//2240 
f 2242//2242 2210//2210 2209//2209 
f 2242//2242 2209//2209 2241//2241 
f 2243//2243 2211//2211 2210//2210 
f 2243//2243 2210//2210 2242//2242 
f 2244//2244 2212//2212 2211//2211 
f 2244//2244 2211//2211 2243//2243 
f 2245//2245 2213//2213 2212//2212 
f 2245//2245 2212//2212 2244//2244 
f 2246//2246 2214//2214 2213//2213 
f 2246//2246 2213//2213 2245//2245 
f 2247//2247 2215//2215 2214//2214 
f 2247//2247 2214//2214 2246//2246 
f 2248//2248 2216//2216 2215//2215 
f 2248//2248 2215//2215 2247//2247 
f 2249//2249 2217//2217 2216//2216 
f 2249//2249 2216//2216 2248//2248 
f 2250//2250 2218//2218 2217//2217 
f 2250//2250 2217//2217 2249//2249 
f 2251//2251 2219//2219 2218//2218 
f 2251//2251 2218//2218 2250//2250 
f 2252//2252 2220//2220 2219//2219 
f 2252//2252 2219//2219 2251//2251 
f 2253//2253 2221//2221 2220//2220 
f 2253//2253 2220//2220 2252//2252 
f 2254//2254 2222//2222 2221//2221 
f 2254//2254 2221//2221 2253//2253 
f 2255//2255 2223//2223 2222//2222 
f 2255//2255 2222//2222 2254//2254 
f 2256//2256 2224//2224 2223//2223 
f 2256//2256 2223//2223 2255//2255 
f 2257//2257 2225//2225 2224//2224 
f 2257//2257 2224//2224 2256//2256 
f 2258//2258 2226//2226 2225//2225 
f 2258//2258 2225//2225 2257//2257 
f 2259//2259 2227//2227 2226//2226 
f 2259//2259 2226//2226 2258//2258 
f 2260//2260 2228//2228 2227//2227 
f 2260//2260 2227//2227 2259//2259 
f 2261//2261 2229//2229 2228//2228 
f 2261//2261 2228//2228 2260//2260 
f 2262//2262 2230//2230 2229//2229 
f 2262//2262 2229//2229 2261//2261 
f 2263//2263 2231//2231 2230//2230 
f 2263//2263 2230//2230 2262//2262 
f 2264//2264 2232//2232 2231//2231 
f 2264//2264 2231//2231 2263//2263 
f 2234//2234 2202//2202 2232//2232 
f 2234//2234 2232//2232 2264//2264 
f 2265//2265 2233//2233 2234//2234 
f 2265//2265 2234//2234 2266//2266 
f 2267//2267 2235//2235 2233//2233 
f 2267//2267 2233//2233 2265//2265 
f 2268//2268 2236//2236 2235//2235 
f 2268//2268 2235//2235 2267//2267 
f 2269//2269 2237//2237 2236//2236 
f 2269//2269 2236//2236 2268//2268 
f 2270//2270 2238//2238 2237//2237 
f 2270//2270 2237//2237 2269//2269 
f 2271//2271 2239//2239 2238//2238 
f 2271//2271 2238//2238 2270//2270 
f 2272//2272 2240//2240 2239//2239 
f 2272//2272 2239//2239 2271//2271 
f 2273//2273 2241//2241 2240//2240 
f 2273//2273 2240//2240 2272//2272 
f 2274//2274 2242//2242 2241//2241 
f 2274//2274 2241//2241 2273//2273 
f 2275//2275 2243//2243 2242//2242 
f 2275//2275 2242//2242 2274//2274 
f 2276//2276 2244//2244 2243//2243 
f 2276//2276 2243//2243 2275//2275 
f 2277//2277 2245//2245 2244//2244 
f 2277//2277 2244//2244 2276//2276 
f 2278//2278 2246//2246 2245//2245 
f 2278//2278 2245//2245 2277//2277 
f 2279//2279 2247//2247 2246//2246 
f 2279//2279 2246//2246 2278//2278 
f 2280//2280 2248//2248 2247//2247 
f 2280//2280 2247//2247 2279//2279 
f 2281//2281 2249//2249 2248//2248 
f 2281//2281 2248//2248 2280//2280 
f 2282//2282 2250//2250 2249//2249 
f 2282//2282 2249//2249 2281//2281 
f 2283//2283 2251//2251 2250//2250 
f 2283//2283 2250//2250 2282//2282 
f 2284//2284 2252//2252 2251//2251 
f 2284//2284 2251//2251 2283//2283 
f 2285//2285 2253//2253 2252//2252 
f 2285//2285 2252//2252 2284//2284 
f 2286//2286 2254//2254 2253//2253 
f 2286//2286 2253//2253 2285//2285 
f 2287//2287 2255//2255 2254//2254 
f 2287//2287 2254//2254 2286//2286 
f 2288//2288 2256//2256 2255//2255 
f 2288//2288 2255//2255 2287//2287 
f 2289//2289 2257//2257 2256//2256 
f 2289//2289 2256//2256 2288//2288 
f 2290//2290 2258//2258 2257//2257 
f 2290//2290 2257//2257 2289//2289 
f 2291//2291 2259//2259 2258//2258 
f 2291//2291 2258//2258 2290//2290 
f 2292//2292 2260//2260 2259//2259 
f 2292//2292 2259//2259 2291//2291 
f 2293//2293 2261//2261 2260//2260 
f 2293//2293 2260//2260 2292//2292 
f 2294//2294 2262//2262 2261//2261 
f 2294//2294 2261//2261 2293//2293 
f 2295//2295 2263//2263 2262//2262 
f 2295//2295 2262//2262 2294//2294 
f 2296//2296 2264//2264 2263//2263 
f 2296//2296 2263//2263 2295//2295 
f 2266//2266 2234//2234 2264//2264 
f 2266//2266 2264//2264 2296//2296 
f 2297//2297 2265//2265 2266//2266 
f 2297//2297 2266//2266 2298//2298 
f 2299//2299 2267//2267 2265//2265 
f 2299//2299 2265//2265 2297//2297 
f 2300//2300 2268//2268 2267//2267 
f 2300//2300 2267//2267 2299//2299 
f 2301//2301 2269//2269 2268//2268 
f 2301//2301 2268//2268 2300//2300 
f 2302//2302 2270//2270 2269//2269 
f 2302//2302 2269//2269 2301//2301 
f 2303//2303 2271//2271 2270//2270 
f 2303//2303 2270//2270 2302//2302 
f 2304//2304 2272//2272 2271//2271 
f 2304//2304 2271//2271 2303//2303 
f 2305//2305 2273//2273 2272//2272 
f 2305//2305 2272//2272 2304//2304 
f 2306//2306 2274//2274 2273//2273 
f 2306//2306 2273//2273 2305//2305 
f 2307//2307 2275//2275 2274//2274 
f 2307//2307 2274//2274 2306//2306 
f 2308//2308 2276//2276 2275//2275 
f 2308//2308 2275//2275 2307//2307 
f 2309//2309 2277//2277 2276//2276 
f 2309//2309 2276//2276 2308//2308 
f 2310//2310 2278//2278 2277//2277 
f 2310//2310 2277//2277 2309//2309 
f 2311//2311 2279//2279 2278//2278 
f 2311//2311 2278//2278 2310//2310 
f 2312//2312 2280//2280 2279//2279 
f 2312//2312 2279//2279 2311//2311 
f 2313//2313 2281//2281 2280//2280 
f 2313//2313 2280//2280 2312//2312 
f 2314//2314 2282//2282 2281//2281 
f 2314//2314 2281//2281 2313//2313 
f 2315//2315 2283//2283 2282//2282 
f 2315//2315 2282//2282 2314//2314 
f 2316//2316 2284//2284 2283//2283 
f 2316//2316 2283//2283 2315//2315 
f 2317//2317 2285//2285 2284//2284 
f 2317//2317 2284//2284 2316//2316 
f 2318//2318 2286//2286 2285//2285 
f 2318//2318 2285//2285 2317//2317 
f 2319//2319 2287//2287 2286//2286 
f 2319//2319 2286//2286 2318//2318 
f 2320//2320 2288//2288 2287//2287 
f 2320//2320 2287//2287 2319//2319 
f 2321//2321 2289//2289 2288//2288 
f 2321//2321 2288//2288 2320//2320 
f 2322//2322 2290//2290 2289//2289 
f 2322//2322 2289//2289 2321//2321 
f 2323//2323 2291//2291 2290//2290 
f 2323//2323 2290//2290 2322//2322 
f 2324//2324 2292//2292 2291//2291 
f 2324//2324 2291//2291 2323//2323 
f 2325//2325 2293//2293 2292//2292 
f 2325//2325 2292//2292 2324//2324 
f 2326//2326 2294//2294 2293//2293 
f 2326//2326 2293//2293 2325//2325 
f 2327//2327 2295//2295 2294//2294 
f 2327//2327 2294//2294 2326//2326 
f 2328//2328 2296//2296 2295//2295 
f 2328//2328 2295//2295 2327//2327 
f 2298//2298 2266//2266 2296//2296 
f 2298//2298 2296//2296 2328//2328 
f 2329//2329 2297//2297 2298//2298 
f 2329//2329 2298//2298 2330//2330 
f 2331//2331 2299//2299 2297//2297 
f 2331//2331 2297//2297 2329//2329 
f 2332//2332 2300//2300 2299//2299 
f 2332//2332 2299//2299 2331//2331 
f 2333//2333 2301//2301 2300//2300 
f 2333//2333 2300//2300 2332//2332 
f 2334//2334 2302//2302 2301//2301 
f 2334//2334 2301//2301 2333//2333 
f 2335//2335 2303//2303 2302//2302 
f 2335//2335 2302//2302 2334//2334 
f 2336//2336 2304//2304 2303//2303 
f 2336//2336 2303//2303 2335//2335 
f 2337//2337 2305//2305 2304//2304 
f 2337//2337 2304//2304 2336//2336 
f 2338//2338 2306//2306 2305//2305 
f 2338//2338 2305//2305 2337//2337 
f 2339//2339 2307//2307 2306//2306 
f 2339//2339 2306//2306 2338//2338 
f 2340//2340 2308//2308 2307//2307 
f 2340//2340 2307//2307 2339//2339 
f 2341//2341 2309//2309 2308//2308 
f 2341//2341 2308//2308 2340//2340 
f 2342//2342 2310//2310 2309//2309 
f 2342//2342 2309//2309 2341//2341 
f 2343//2343 2311//2311 2310//2310 
f 2343//2343 2310//2310 2342//2342 
f 2344//2344 2312//2312 2311//2311 
f 2344//2344 2311//2311 2343//2343 
f 2345//2345 2313//2313 2312//2312 
f 2345//2345 2312//2312 2344//2344 
f 2346//2346 2314//2314 2313//2313 
f 2346//2346 2313//2313 2345//2345 
f 2347//2347 2315//2315 2314//2314 
f 2347//2347 2314//2314 2346//2346 
f 2348//2348 2316//2316 2315//2315 
f 2348//2348 2315//2315 2347//2347 
f 2349//2349 2317//2317 2316//2316 
f 2349//2349 2316//2316 2348//2348 
f 2350//2350 2318//2318 2317//2317 
f 2350//2350 2317//2317 2349//2349 
f 2351//2351 2319//2319 2318//2318 
f 2351//2351 2318//2318 2350//2350 
f 2352//2352 2320//2320 2319//2319 
f 2352//2352 2319//2319 2351//2351 
f 2353//2353 2321//2321 2320//2320 
f 2353//2353 2320//2320 2352//2352 
f 2354//2354 2322//2322 2321//2321 
f 2354//2354 2321//2321 2353//2353 
f 2355//2355 2323//2323 2322//2322 
f 2355//2355 2322//2322 2354//2354 
f 2356//2356 2324//2324 2323//2323 
f 2356//2356 2323//2323 2355//2355 
f 2357//2357 2325//2325 2324//2324 
f 2357//2357 2324//2324 2356//2356 
f 2358//2358 2326//2326 2325//2325 
f 2358//2358 2325//2325 2357//2357 
f 2359//2359 2327//2327 2326//2326 
f 2359//2359 2326//2326 2358//2358 
f 2360//2360 2328//2328 2327//2327 
f 2360//2360 2327//2327 2359//2359 
f 2330//2330 2298//2298 2328//2328 
f 2330//2330 2328//2328 2360//2360 
f 2361//2361 2329//2329 2330//2330 
f 2361//2361 2330//2330 2362//2362 
f 2363//2363 2331//2331 2329//2329 
f 2363//2363 2329//2329 2361//2361 
f 2364//2364 2332//2332 2331//2331 
f 2364//2364 2331//2331 2363//2363 
f 2365//2365 2333//2333 2332//2332 
f 2365//2365 2332//2332 2364//2364 
f 2366//2366 2334//2334 2333//2333 
f 2366//2366 2333//2333 2365//2365 
f 2367//2367 2335//2335 2334//2334 
f 2367//2367 2334//2334 2366//2366 
f 2368//2368 2336//2336 2335//2335 
f 2368//2368 2335//2335 2367//2367 
f 2369//2369 2337//2337 2336//2336 
f 2369//2369 2336//2336 2368//2368 
f 2370//2370 2338//2338 2337//2337 
f 2370//2370 2337//2337 2369//2369 
f 2371//2371 2339//2339 2338//2338 
f 2371//2371 2338//2338 2370//2370 
f 2372//2372 2340//2340 2339//2339 
f 2372//2372 2339//2339 2371//2371 
f 2373//2373 2341//2341 2340//2340 
f 2373//2373 2340//2340 2372//2372 
f 2374//2374 2342//2342 2341//2341 
f 2374//2374 2341//2341 2373//2373 
f 2375//2375 2343//2343 2342//2342 
f 2375//2375 2342//2342 2374//2374 
f 2376//2376 2344//2344 2343//2343 
f 2376//2376 2343//2343 2375//2375 
f 2377//2377 2345//2345 2344//2344 
f 2377//2377 2344//2344 2376//2376 
f 2378//2378 2346//2346 2345//2345 
f 2378//2378 2345//2345 2377//2377 
f 2379//2379 2347//2347 2346//2346 
f 2379//2379 2346//2346 2378//2378 
f 2380//2380 2348//2348 2347//2347 
f 2380//2380 2347//2347 2379//2379 
f 2381//2381 2349//2349 2348//2348 
f 2381//2381 2348//2348 2380//2380 
f 2382//2382 2350//2350 2349//2349 
f 2382//2382 2349//2349 2381//2381 
f 2383//2383 2351//2351 2350//2350 
f 2383//2383 2350//2350 2382//2382 
f 2384//2384 2352//2352 2351//2351 
f 2384//2384 2351//2351 2383//2383 
f 2385//2385 2353//2353 2352//2352 
f 2385//2385 2352//2352 2384//2384 
f 2386//2386 2354//2354 2353//2353 
f 2386//2386 2353//2353 2385//2385 
f 2387//2387 2355//2355 2354//2354 
f 2387//2387 2354//2354 2386//2386 
f 2388//2388 2356//2356 2355//2355 
f 2388//2388 2355//2355 2387//2387 
f 2389//2389 2357//2357 2356//2356 
f 2389//2389 2356//2356 2388//2388 
f 2390//2390 2358//2358 2357//2357 
f 2390//2390 2357//2357 2389//2389 
f 2391//2391 2359//2359 2358//2358 
f 2391//2391 2358//2358 2390//2390 
f 2392//2392 2360//2360 2359//2359 
f 2392//2392 2359//2359 2391//2391 
f 2362//2362 2330//2330 2360//2360 
f 2362//2362 2360//2360 2392//2392 
f 2393//2393 2361//2361 2362//2362 
f 2393//2393 2362//2362 2394//2394 
f 2395//2395 2363//2363 2361//2361 
f 2395//2395 2361//2361 2393//2393 
f 2396//2396 2364//2364 2363//2363 
f 2396//2396 2363//2363 2395//2395 
f 2397//2397 2365//2365 2364//2364 
f 2397//2397 2364//2364 2396//2396 
f 2398//2398 2366//2366 2365//2365 
f 2398//2398 2365//2365 2397//2397 
f 2399//2399 2367//2367 2366//2366 
f 2399//2399 2366//2366 2398//2398 
f 2400//2400 2368//2368 2367//2367 
f 2400//2400 2367//2367 2399//2399 
f 2401//2401 2369//2369 2368//2368 
f 2401//2401 2368//2368 2400//2400 
f 2402//2402 2370//2370 2369//2369 
f 2402//2402 2369//2369 2401//2401 
f 2403//2403 2371//2371 2370//2370 
f 2403//2403 2370//2370 2402//2402 
f 2404//2404 2372//2372 2371//2371 
f 2404//2404 2371//2371 2403//2403 
f 2405//2405 2373//2373 2372//2372 
f 2405//2405 2372//2372 2404//2404 
f 2406//2406 2374//2374 2373//2373 
f 2406//2406 2373//2373 2405//2405 
f 2407//2407 2375//2375 2374//2374 
f 2407//2407 2374//2374 2406//2406 
f 2408//2408 2376//2376 2375//2375 
f 2408//2408 2375//2375 2407//2407 
f 2409//2409 2377//2377 2376//2376 
f 2409//2409 2376//2376 2408//2408 
f 2410//2410 2378//2378 2377//2377 
f 2410//2410 2377//2377 2409//2409 
f 2411//2411 2379//2379 2378//2378 
f 2411//2411 2378//2378 2410//2410 
f 2412//2412 2380//2380 2379//2379 
f 2412//2412 2379//2379 2411//2411 
f 2413//2413 2381//2381 2380//2380 
f 2413//2413 2380//2380 2412//2412 
f 2414//2414 2382//2382 2381//2381 
f 2414//2414 2381//2381 2413//2413 
f 2415//2415 2383//2383 2382//2382 
f 2415//2415 2382//2382 2414//2414 
f 2416//2416 2384//2384 2383//2383 
f 2416//2416 2383//2383 2415//2415 
f 2417//2417 2385//2385 2384//2384 
f 2417//2417 2384//2384 2416//2416 
f 2418//2418 2386//2386 2385//2385 
f 2418//2418 2385//2385 2417//2417 
f 2419//2419 2387//2387 2386//2386 
f 2419//2419 2386//2386 2418//2418 
f 2420//2420 2388//2388 2387//2387 
f 2420//2420 2387//2387 2419//2419 
f 2421//2421 2389//2389 2388//2388 
f 2421//2421 2388//2388 2420//2420 
f 2422//2422 2390//2390 2389//2389 
f 2422//2422 2389//2389 2421//2421 
f 2423//2423 2391//2391 2390//2390 
f 2423//2423 2390//2390 2422//2422 
f 2424//2424 2392//2392 2391//2391 
f 2424//2424 2391//2391 2423//2423 
f 2394//2394 2362//2362 2392//2392 
f 2394//2394 2392//2392 2424//2424 
f 2425//2425 2393//2393 2394//2394 
f 2425//2425 2394//2394 2426//2426 
f 2427//2427 2395//2395 2393//2393 
f 2427//2427 2393//2393 2425//2425 
f 2428//2428 2396//2396 2395//2395 
f 2428//2428 2395//2395 2427//2427 
f 2429//2429 2397//2397 2396//2396 
f 2429//2429 2396//2396 2428//2428 
f 2430//2430 2398//2398 2397//2397 
f 2430//2430 2397//2397 2429//2429 
f 2431//2431 2399//2399 2398//2398 
f 2431//2431 2398//2398 2430//2430 
f 2432//2432 2400//2400 2399//2399 
f 2432//2432 2399//2399 2431//2431 
f 2433//2433 2401//2401 2400//2400 
f 2433//2433 2400//2400 2432//2432 
f 2434//2434 2402//2402 2401//2401 
f 2434//2434 2401//2401 2433//2433 
f 2435//2435 2403//2403 2402//2402 
f 2435//2435 2402//2402 2434//2434 
f 2436//2436 2404//2404 2403//2403 
f 2436//2436 2403//2403 2435//2435 
f 2437//2437 2405//2405 2404//2404 
f 2437//2437 2404//2404 2436//2436 
f 2438//2438 2406//2406 2405//2405 
f 2438//2438 2405//2405 2437//2437 
f 2439//2439 2407//2407 2406//2406 
f 2439//2439 2406//2406 2438//2438 
f 2440//2440 2408//2408 2407//2407 
f 2440//2440 2407//2407 2439//2439 
f 2441//2441 2409//2409 2408//2408 
f 2441//2441 2408//2408 2440//2440 
f 2442//2442 2410//2410 2409//2409 
f 2442//2442 2409//2409 2441//2441 
f 2443//2443 2411//2411 2410//2410 
f 2443//2443 2410//2410 2442//2442 
f 2444//2444 2412//2412 2411//2411 
f 2444//2444 2411//2411 2443//2443 
f 2445//2445 2413//2413 2412//2412 
f 2445//2445 2412//2412 2444//2444 
f 2446//2446 2414//2414 2413//2413 
f 2446//2446 2413//2413 2445//2445 
f 2447//2447 2415//2415 2414//2414 
f 2447//2447 2414//2414 2446//2446 
f 2448//2448 2416//2416 2415//2415 
f 2448//2448 2415//2415 2447//2447 
f 2449//2449 2417//2417 2416//2416 
f 2449//2449 2416//2416 2448//2448 
f 2450//2450 2418//2418 2417//2417 
f 2450//2450 2417//2417 2449//2449 
f 2451//2451 2419//2419 2418//2418 
f 2451//2451 2418//2418 2450//2450 
f 2452//2452 2420//2420 2419//2419 
f 2452//2452 2419//2419 2451//2451 
f 2453//2453 2421//2421 2420//2420 
f 2453//2453 2420//2420 2452//2452 
f 2454//2454 2422//2422 2421//2421 
f 2454//2454 2421//2421 2453//2453 
f 2455//2455 2423//2423 2422//2422 
f 2455//2455 2422//2422 2454//2454 
f 2456//2456 2424//2424 2423//2423 
f 2456//2456 2423//2423 2455//2455 
f 2426//2426 2394//2394 2424//2424 
f 2426//2426 2424//2424 2456//2456 
f 2457//2457 2425//2425 2426//2426 
f 2457//2457 2426//2426 2458//2458 
f 2459//2459 2427//2427 2425//2425 
f 2459//2459 2425//2425 2457//2457 
f 2460//2460 2428//2428 2427//2427 
f 2460//2460 2427//2427 2459//2459 
f 2461//2461 2429//2429 2428//2428 
f 2461//2461 2428//2428 2460//2460 
f 2462//2462 2430//2430 2429//2429 
f 2462//2462 2429//2429 2461//2461 
f 2463//2463 2431//2431 2430//2430 
f 2463//2463 2430//2430 2462//2462 
f 2464//2464 2432//2432 2431//2431 
f 2464//2464 2431//2431 2463//2463 
f 2465//2465 2433//2433 2432//2432 
f 2465//2465 2432//2432 2464//2464 
f 2466//2466 2434//2434 2433//2433 
f 2466//2466 2433//2433 2465//2465 
f 2467//2467 2435//2435 2434//2434 
f 2467//2467 2434//2434 2466//2466 
f 2468//2468 2436//2436 2435//2435 
f 2468//2468 2435//2435 2467//2467 
f 2469//2469 2437//2437 2436//2436 
f 2469//2469 2436//2436 2468//2468 
f 2470//2470 2438//2438 2437//2437 
f 2470//2470 2437//2437 2469//2469 
f 2471//2471 2439//2439 2438//2438 
f 2471//2471 2438//2438 2470//2470 
f 2472//2472 2440//2440 2439//2439 
f 2472//2472 2439//2439 2471//2471 
f 2473//2473 2441//2441 2440//2440 
f 2473//2473 2440//2440 2472//2472 
f 2474//2474 2442//2442 2441//2441 
f 2474//2474 2441//2441 2473//2473 
f 2475//2475 2443//2443 2442//2442 
f 2475//2475 2442//2442 2474//2474 
f 2476//2476 2444//2444 2443//2443 
f 2476//2476 2443//2443 2475//2475 
f 2477//2477 2445//2445 2444//2444 
f 2477//2477 2444//2444 2476//2476 
f 2478//2478 2446//2446 2445//2445 
f 2478//2478 2445//2445 2477//2477 
f 2479//2479 2447//2447 2446//2446 
f 2479//2479 2446//2446 2478//2478 
f 2480//2480 2448//2448 2447//2447 
f 2480//2480 2447//2447 2479//2479 
f 2481//2481 2449//2449 2448//2448 
f 2481//2481 2448//2448 2480//2480 
f 2482//2482 2450//2450 2449//2449 
f 2482//2482 2449//2449 2481//2481 
f 2483//2483 2451//2451 2450//2450 
f 2483//2483 2450//2450 2482//2482 
f 2484//2484 2452//2452 2451//2451 
f 2484//2484 2451//2451 2483//2483 
f 2485//2485 2453//2453 2452//2452 
f 2485//2485 2452//2452 2484//2484 
f 2486//2486 2454//2454 2453//2453 
f 2486//2486 2453//2453 2485//2485 
f 2487//2487 2455//2455 2454//2454 
f 2487//2487 2454//2454 2486//2486 
f 2488//2488 2456//2456 2455//2455 
f 2488//2488 2455//2455 2487//2487 
f 2458//2458 2426//2426 2456//2456 
f 2458//2458 2456//2456 2488//2488 
f 2489//2489 2457//2457 2458//2458 
f 2489//2489 2458//2458 2490//2490 
f 2491//2491 2459//2459 2457//2457 
f 2491//2491 2457//2457 2489//2489 
f 2492//2492 2460//2460 2459//2459 
f 2492//2492 2459//2459 2491//2491 
f 2493//2493 2461//2461 2460//2460 
f 2493//2493 2460//2460 2492//2492 
f 2494//2494 2462//2462 2461//2461 
f 2494//2494 2461//2461 2493//2493 
f 2495//2495 2463//2463 2462//2462 
f 2495//2495 2462//2462 2494//2494 
f 2496//2496 2464//2464 2463//2463 
f 2496//2496 2463//2463 2495//2495 
f 2497//2497 2465//2465 2464//2464 
f 2497//2497 2464//2464 2496//2496 
f 2498//2498 2466//2466 2465//2465 
f 2498//2498 2465//2465 2497//2497 
f 2499//2499 2467//2467 2466//2466 
f 2499//2499 2466//2466 2498//2498 
f 2500//2500 2468//2468 2467//2467 
f 2500//2500 2467//2467 2499//2499 
f 2501//2501 2469//2469 2468//2468 
f 2501//2501 2468//2468 2500//2500 
f 2502//2502 2470//2470 2469//2469 
f 2502//2502 2469//2469 2501//2501 
f 2503//2503 2471//2471 2470//2470 
f 2503//2503 2470//2470 2502//2502 
f 2504//2504 2472//2472 2471//2471 
f 2504//2504 2471//2471 2503//2503 
f 2505//2505 2473//2473 2472//2472 
f 2505//2505 2472//2472 2504//2504 
f 2506//2506 2474//2474 2473//2473 
f 2506//2506 2473//2473 2505//2505 
f 2507//2507 2475//2475 2474//2474 
f 2507//2507 2474//2474 2506//2506 
f 2508//2508 2476//2476 2475//2475 
f 2508//2508 2475//2475 2507//2507 
f 2509//2509 2477//2477 2476//2476 
f 2509//2509 2476//2476 2508//2508 
f 2510//2510 2478//2478 2477//2477 
f 2510//2510 2477//2477 2509//2509 
f 2511//2511 2479//2479 2478//2478 
f 2511//2511 2478//2478 2510//2510 
f 2512//2512 2480//2480 2479//2479 
f 2512//2512 2479//2479 2511//2511 
f 2513//2513 2481//2481 2480//2480 
f 2513//2513 2480//2480 2512//2512 
f 2514//2514 2482//2482 2481//2481 
f 2514//2514 2481//2481 2513//2513 
f 2515//2515 2483//2483 2482//2482 
f 2515//2515 2482//2482 2514//2514 
f 2516//2516 2484//2484 2483//2483 
f 2516//2516 2483//2483 2515//2515 
f 2517//2517 2485//2485 2484//2484 
f 2517//2517 2484//2484 2516//2516 
f 2518//2518 2486//2486 2485//2485 
f 2518//2518 2485//2485 2517//2517 
f 2519//2519 2487//2487 2486//2486 
f 2519//2519 2486//2486 2518//2518 
f 2520//2520 2488//2488 2487//2487 
f 2520//2520 2487//2487 2519//2519 
f 2490//2490 2458//2458 2488//2488 
f 2490//2490 2488//2488 2520//2520 
f 2521//2521 2489//2489 2490//2490 
f 2521//2521 2490//2490 2522//2522 
f 2523//2523 2491//2491 2489//2489 
f 2523//2523 2489//2489 2521//2521 
f 2524//2524 2492//2492 2491//2491 
f 2524//2524 2491//2491 2523//2523 
f 2525//2525 2493//2493 2492//2492 
f 2525//2525 2492//2492 2524//2524 
f 2526//2526 2494//2494 2493//2493 
f 2526//2526 2493//2493 2525//2525 
f 2527//2527 2495//2495 2494//2494 
f 2527//2527 2494//2494 2526//2526 
f 2528//2528 2496//2496 2495//2495 
f 2528//2528 2495//2495 2527//2527 
f 2529//2529 2497//2497 2496//2496 
f 2529//2529 2496//2496 2528//2528 
f 2530//2530 2498//2498 2497//2497 
f 2530//2530 2497//2497 2529//2529 
f 2531//2531 2499//2499 2498//2498 
f 2531//2531 2498//2498 2530//2530 
f 2532//2532 2500//2500 2499//2499 
f 2532//2532 2499//2499 2531//2531 
f 2533//2533 2501//2501 2500//2500 
f 2533//2533 2500//2500 2532//2532 
f 2534//2534 2502//2502 2501//2501 
f 2534//2534 2501//2501 2533//2533 
f 2535//2535 2503//2503 2502//2502 
f 2535//2535 2502//2502 2534//2534 
f 2536//2536 2504//2504 2503//2503 
f 2536//2536 2503//2503 2535//2535 
f 2537//2537 2505//2505 2504//2504 
f 2537//2537 2504//2504 2536//2536 
f 2538//2538 2506//2506 2505//2505 
f 2538//2538 2505//2505 2537//2537 
f 2539//2539 2507//2507 2506//2506 
f 2539//2539 2506//2506 2538//2538 
f 2540//2540 2508//2508 2507//2507 
f 2540//2540 2507//2507 2539//2539 
f 2541//2541 2509//2509 2508//2508 
f 2541//2541 2508//2508 2540//2540 
f 2542//2542 2510//2510 2509//2509 
f 2542//2542 2509//2509 2541//2541 
f 2543//2543 2511//2511 2510//2510 
f 2543//2543 2510//2510 2542//2542 
f 2544//2544 2512//2512 2511//2511 
f 2544//2544 2511//2511 2543//2543 
f 2545//2545 2513//2513 2512//2512 
f 2545//2545 2512//2512 2544//2544 
f 2546//2546 2514//2514 2513//2513 
f 2546//2546 2513//2513 2545//2545 
f 2547//2547 2515//2515 2514//2514 
f 2547//2547 2514//2514 2546//2546 
f 2548//2548 2516//2516 2515//2515 
f 2548//2548 2515//2515 2547//2547 
f 2549//2549 2517//2517 2516//2516 
f 2549//2549 2516//2516 2548//2548 
f 2550//2550 2518//2518 2517//2517 
f 2550//2550 2517//2517 2549//2549 
f 2551//2551 2519//2519 2518//2518 
f 2551//2551 2518//2518 2550//2550 
f 2552//2552 2520//2520 2519//2519 
f 2552//2552 2519//2519 2551//2551 
f 2522//2522 2490//2490 2520//2520 
f 2522//2522 2520//2520 2552//2552 
f 2553//2553 2521//2521 2522//2522 
f 2553//2553 2522//2522 2554//2554 
f 2555//2555 2523//2523 2521//2521 
f 2555//2555 2521//2521 2553//2553 
f 2556//2556 2524//2524 2523//2523 
f 2556//2556 2523//2523 2555//2555 
f 2557//2557 2525//2525 2524//2524 
f 2557//2557 2524//2524 2556//2556 
f 2558//2558 2526//2526 2525//2525 
f 2558//2558 2525//2525 2557//2557 
f 2559//2559 2527//2527 2526//2526 
f 2559//2559 2526//2526 2558//2558 
f 2560//2560 2528//2528 2527//2527 
f 2560//2560 2527//2527 2559//2559 
f 2561//2561 2529//2529 2528//2528 
f 2561//2561 2528//2528 2560//2560 
f 2562//2562 2530//2530 2529//2529 
f 2562//2562 2529//2529 2561//2561 
f 2563//2563 2531//2531 2530//2530 
f 2563//2563 2530//2530 2562//2562 
f 2564//2564 2532//2532 2531//2531 
f 2564//2564 2531//2531 2563//2563 
f 2565//2565 2533//2533 2532//2532 
f 2565//2565 2532//2532 2564//2564 
f 2566//2566 2534//2534 2533//2533 
f 2566//2566 2533//2533 2565//2565 
f 2567//2567 2535//2535 2534//2534 
f 2567//2567 2534//2534 2566//2566 
f 2568//2568 2536//2536 2535//2535 
f 2568//2568 2535//2535 2567//2567 
f 2569//2569 2537//2537 2536//2536 
f 2569//2569 2536//2536 2568//2568 
f 2570//2570 2538//2538 2537//2537 
f 2570//2570 2537//2537 2569//2569 
f 2571//2571 2539//2539 2538//2538 
f 2571//2571 2538//2538 2570//2570 
f 2572//2572 2540//2540 2539//2539 
f 2572//2572 2539//2539 2571//2571 
f 2573//2573 2541//2541 2540//2540 
f 2573//2573 2540//2540 2572//2572 
f 2574//2574 2542//2542 2541//2541 
f 2574//2574 2541//2541 2573//2573 
f 2575//2575 2543//2543 2542//2542 
f 2575//2575 2542//2542 2574//2574 
f 2576//2576 2544//2544 2543//2543 
f 2576//2576 2543//2543 2575//2575 
f 2577//2577 2545//2545 2544//2544 
f 2577//2577 2544//2544 2576//2576 
f 2578//2578 2546//2546 2545//2545 
f 2578//2578 2545//2545 2577//2577 
f 2579//2579 2547//2547 2546//2546 
f 2579//2579 2546//2546 2578//2578 
f 2580//2580 2548//2548 2547//2547 
f 2580//2580 2547//2547 2579//2579 
f 2581//2581 2549//2549 2548//2548 
f 2581//2581 2548//2548 2580//2580 
f 2582//2582 2550//2550 2549//2549 
f 2582//2582 2549//2549 2581//2581 
f 2583//2583 2551//2551 2550//2550 
f 2583//2583 2550//2550 2582//2582 
f 2584//2584 2552//2552 2551//2551 
f 2584//2584 2551//2551 2583//2583 
f 2554//2554 2522//2522 2552//2552 
f 2554//2554 2552//2552 2584//2584 
f 2585//2585 2553//2553 2554//2554 
f 2585//2585 2554//2554 2586//2586 
f 2587//2587 2555//2555 2553//2553 
f 2587//2587 2553//2553 2585//2585 
f 2588//2588 2556//2556 2555//2555 
f 2588//2588 2555//2555 2587//2587 
f 2589//2589 2557//2557 2556//2556 
f 2589//2589 2556//2556 2588//2588 
f 2590//2590 2558//2558 2557//2557 
f 2590//2590 2557//2557 2589//2589 
f 2591//2591 2559//2559 2558//2558 
f 2591//2591 2558//2558 2590//2590 
f 2592//2592 2560//2560 2559//2559 
f 2592//2592 2559//2559 2591//2591 
f 2593//2593 2561//2561 2560//2560 
f 2593//2593 2560//2560 2592//2592 
f 2594//2594 2562//2562 2561//2561 
f 2594//2594 2561//2561 2593//2593 
f 2595//2595 2563//2563 2562//2562 
f 2595//2595 2562//2562 2594//2594 
f 2596//2596 2564//2564 2563//2563 
f 2596//2596 2563//2563 2595//2595 
f 2597//2597 2565//2565 2564//2564 
f 2597//2597 2564//2564 2596//2596 
f 2598//2598 2566//2566 2565//2565 
f 2598//2598 2565//2565 2597//2597 
f 2599//2599 2567//2567 2566//2566 
f 2599//2599 2566//2566 2598//2598 
f 2600//2600 2568//2568 2567//2567 
f 2600//2600 2567//2567 2599//2599 
f 2601//2601 2569//2569 2568//2568 
f 2601//2601 2568//2568 2600//2600 
f 2602//2602 2570//2570 2569//2569 
f 2602//2602 2569//2569 2601//2601 
f 2603//2603 2571//2571 2570//2570 
f 2603//2603 2570//2570 2602//2602 
f 2604//2604 2572//2572 2571//2571 
f 2604//2604 2571//2571 2603//2603 
f 2605//2605 2573//2573 2572//2572 
f 2605//2605 2572//2572 2604//2604 
f 2606//2606 2574//2574 2573//2573 
f 2606//2606 2573//2573 2605//2605 
f 2607//2607 2575//2575 2574//2574 
f 2607//2607 2574//2574 2606//2606 
f 2608//2608 2576//2576 2575//2575 
f 2608//2608 2575//2575 2607//2607 
f 2609//2609 2577//2577 2576//2576 
f 2609//2609 2576//2576 2608//2608 
f 2610//2610 2578//2578 2577//2577 
f 2610//2610 2577//2577 2609//2609 
f 2611//2611 2579//2579 2578//2578 
f 2611//2611 2578//2578 2610//2610 
f 2612//2612 2580//2580 2579//2579 
f 2612//2612 2579//2579 2611//2611 
f 2613//2613 2581//2581 2580//2580 
f 2613//2613 2580//2580 2612//2612 
f 2614//2614 2582//2582 2581//2581 
f 2614//2614 2581//2581 2613//2613 
f 2615//2615 2583//2583 2582//2582 
f 2615//2615 2582//2582 2614//2614 
f 2616//2616 2584//2584 2583//2583 
f 2616//2616 2583//2583 2615//2615 
f 2586//2586 2554//2554 2584//2584 
f 2586//2586 2584//2584 2616//2616 
f 2617//2617 2585//2585 2586//2586 
f 2617//2617 2586//2586 2618//2618 
f 2619//2619 2587//2587 2585//2585 
f 2619//2619 2585//2585 2617//2617 
f 2620//2620 2588//2588 2587//2587 
f 2620//2620 2587//2587 2619//2619 
f 2621//2621 2589//2589 2588//2588 
f 2621//2621 2588//2588 2620//2620 
f 2622//2622 2590//2590 2589//2589 
f 2622//2622 2589//2589 2621//2621 
f 2623//2623 2591//2591 2590//2590 
f 2623//2623 2590//2590 2622//2622 
f 2624//2624 2592//2592 2591//2591 
f 2624//2624 2591//2591 2623//2623 
f 2625//2625 2593//2593 2592//2592 
f 2625//2625 2592//2592 2624//2624 
f 2626//2626 2594//2594 2593//2593 
f 2626//2626 2593//2593 2625//2625 
f 2627//2627 2595//2595 2594//2594 
f 2627//2627 2594//2594 2626//2626 
f 2628//2628 2596//2596 2595//2595 
f 2628//2628 2595//2595 2627//2627 
f 2629//2629 2597//2597 2596//2596 
f 2629//2629 2596//2596 2628//2628 
f 2630//2630 2598//2598 2597//2597 
f 2630//2630 2597//2597 2629//2629 
f 2631//2631 2599//2599 2598//2598 
f 2631//2631 2598//2598 2630//2630 
f 2632//2632 2600//2600 2599//2599 
f 2632//2632 2599//2599 2631//2631 
f 2633//2633 2601//2601 2600//2600 
f 2633//2633 2600//2600 2632//2632 
f 2634//2634 2602//2602 2601//2601 
f 2634//2634 2601//2601 2633//2633 
f 2635//2635 2603//2603 2602//2602 
f 2635//2635 2602//2602 2634//2634 
f 2636//2636 2604//2604 2603//2603 
f 2636//2636 2603//2603 2635//2635 
f 2637//2637 2605//2605 2604//2604 
f 2637//2637 2604//2604 2636//2636 
f 2638//2638 2606//2606 2605//2605 
f 2638//2638 2605//2605 2637//2637 
f 2639//2639 2607//2607 2606//2606 
f 2639//2639 2606//2606 2638//2638 
f 2640//2640 2608//2608 2607//2607 
f 2640//2640 2607//2607 2639//2639 
f 2641//2641 2609//2609 2608//2608 
f 2641//2641 2608//2608 2640//2640 
f 2642//2642 2610//2610 2609//2609 
f 2642//2642 2609//2609 2641//2641 
f 2643//2643 2611//2611 2610//2610 
f 2643//2643 2610//2610 2642//2642 
f 2644//2644 2612//2612 2611//2611 
f 2644//2644 2611//2611 2643//2643 
f 2645//2645 2613//2613 2612//2612 
f 2645//2645 2612//2612 2644//2644 
f 2646//2646 2614//2614 2613//2613 
f 2646//2646 2613//2613 2645//2645 
f 2647//2647 2615//2615 2614//2614 
f 2647//2647 2614//2614 2646//2646 
f 2648//2648 2616//2616 2615//2615 
f 2648//2648 2615//2615 2647//2647 
f 2618//2618 2586//2586 2616//2616 
f 2618//2618 2616//2616 2648//2648 
f 2649//2649 2617//2617 2618//2618 
f 2649//2649 2618//2618 2650//2650 
f 2651//2651 2619//2619 2617//2617 
f 2651//2651 2617//2617 2649//2649 
f 2652//2652 2620//2620 2619//2619 
f 2652//2652 2619//2619 2651//2651 
f 2653//2653 2621//2621 2620//2620 
f 2653//2653 2620//2620 2652//2652 
f 2654//2654 2622//2622 2621//2621 
f 2654//2654 2621//2621 2653//2653 
f 2655//2655 2623//2623 2622//2622 
f 2655//2655 2622//2622 2654//2654 
f 2656//2656 2624//2624 2623//2623 
f 2656//2656 2623//2623 2655//2655 
f 2657//2657 2625//2625 2624//2624 
f 2657//2657 2624//2624 2656//2656 
f 2658//2658 2626//2626 2625//2625 
f 2658//2658 2625//2625 2657//2657 
f 2659//2659 2627//2627 2626//2626 
f 2659//2659 2626//2626 2658//2658 
f 2660//2660 2628//2628 2627//2627 
f 2660//2660 2627//2627 2659//2659 
f 2661//2661 2629//2629 2628//2628 
f 2661//2661 2628//2628 2660//2660 
f 2662//2662 2630//2630 2629//2629 
f 2662//2662 2629//2629 2661//2661 
f 2663//2663 2631//2631 2630//2630 
f 2663//2663 2630//2630 2662//2662 
f 2664//2664 2632//2632 2631//2631 
f 2664//2664 2631//2631 2663//2663 
f 2665//2665 2633//2633 2632//2632 
f 2665//2665 2632//2632 2664//2664 
f 2666//2666 2634//2634 2633//2633 
f 2666//2666 2633//2633 2665//2665 
f 2667//2667 2635//2635 2634//2634 
f 2667//2667 2634//2634 2666//2666 
f 2668//2668 2636//2636 2635//2635 
f 2668//2668 2635//2635 2667//2667 
f 2669//2669 2637//2637 2636//2636 
f 2669//2669 2636//2636 2668//2668 
f 2670//2670 2638//2638 2637//2637 
f 2670//2670 2637//2637 2669//2669 
f 2671//2671 2639//2639 2638//2638 
f 2671//2671 2638//2638 2670//2670 
f 2672//2672 2640//2640 2639//2639 
f 2672//2672 2639//2639 2671//2671 
f 2673//2673 2641//2641 2640//2640 
f 2673//2673 2640//2640 2672//2672 
f 2674//2674 2642//2642 2641//2641 
f 2674//2674 2641//2641 2673//2673 
f 2675//2675 2643//2643 2642//2642 
f 2675//2675 2642//2642 2674//2674 
f 2676//2676 2644//2644 2643//2643 
f 2676//2676 2643//2643 2675//2675 
f 2677//2677 2645//2645 2644//2644 
f 2677//2677 2644//2644 2676//2676 
f 2678//2678 2646//2646 2645//2645 
f 2678//2678 2645//2645 2677//2677 
f 2679//2679 2647//2647 2646//2646 
f 2679//2679 2646//2646 2678//2678 
f 2680//2680 2648//2648 2647//2647 
f 2680//2680 2647//2647 2679//2679 
f 2650//2650 2618//2618 2648//2648 
f 2650//2650 2648//2648 2680//2680 
f 2681//2681 2649//2649 2650//2650 
f 2681//2681 2650//2650 2682//2682 
f 2683//2683 2651//2651 2649//2649 
f 2683//2683 2649//2649 2681//2681 
f 2684//2684 2652//2652 2651//2651 
f 2684//2684 2651//2651 2683//2683 
f 2685//2685 2653//2653 2652//2652 
f 2685//2685 2652//2652 2684//2684 
f 2686//2686 2654//2654 2653//2653 
f 2686//2686 2653//2653 2685//2685 
f 2687//2687 2655//2655 2654//2654 
f 2687//2687 2654//2654 2686//2686 
f 2688//2688 2656//2656 2655//2655 
f 2688//2688 2655//2655 2687//2687 
f 2689//2689 2657//2657 2656//2656 
f 2689//2689 2656//2656 2688//2688 
f 2690//2690 2658//2658 2657//2657 
f 2690//2690 2657//2657 2689//2689 
f 2691//2691 2659//2659 2658//2658 
f 2691//2691 2658//2658 2690//2690 
f 2692//2692 2660//2660 2659//2659 
f 2692//2692 2659//2659 2691//2691 
f 2693//2693 2661//2661 2660//2660 
f 2693//2693 2660//2660 2692//2692 
f 2694//2694 2662//2662 2661//2661 
f 2694//2694 2661//2661 2693//2693 
f 2695//2695 2663//2663 2662//2662 
f 2695//2695 2662//2662 2694//2694 
f 2696//2696 2664//2664 2663//2663 
f 2696//2696 2663//2663 2695//2695 
f 2697//2697 2665//2665 2664//2664 
f 2697//2697 2664//2664 2696//2696 
f 2698//2698 2666//2666 2665//2665 
f 2698//2698 2665//2665 2697//2697 
f 2699//2699 2667//2667 2666//2666 
f 2699//2699 2666//2666 2698//2698 
f 2700//2700 2668//2668 2667//2667 
f 2700//2700 2667//2667 2699//2699 
f 2701//2701 2669//2669 2668//2668 
f 2701//2701 2668//2668 2700//2700 
f 2702//2702 2670//2670 2669//2669 
f 2702//2702 2669//2669 2701//2701 
f 2703//2703 2671//2671 2670//2670 
f 2703//2703 2670//2670 2702//2702 
f 2704//2704 2672//2672 2671//2671 
f 2704//2704 2671//2671 2703//2703 
f 2705//2705 2673//2673 2672//2672 
f 2705//2705 2672//2672 2704//2704 
f 2706//2706 2674//2674 2673//2673 
f 2706//2706 2673//2673 2705//2705 
f 2707//2707 2675//2675 2674//2674 
f 2707//2707 2674//2674 2706//2706 
f 2708//2708 2676//2676 2675//2675 
f 2708//2708 2675//2675 2707//2707 
f 2709//2709 2677//2677 2676//2676 
f 2709//2709 2676//2676 2708//2708 
f 2710//2710 2678//2678 2677//2677 
f 2710//2710 2677//2677 2709//2709 
f 2711//2711 2679//2679 2678//2678 
f 2711//2711 2678//2678 2710//2710 
f 2712//2712 2680//2680 2679//2679 
f 2712//2712 2679//2679 2711//2711 
f 2682//2682 2650//2650 2680//2680 
f 2682//2682 2680//2680 2712//2712 
f 2713//2713 2681//2681 2682//2682 
f 2713//2713 2682//2682 2714//2714 
f 2715//2715 2683//2683 2681//2681 
f 2715//2715 2681//2681 2713//2713 
f 2716//2716 2684//2684 2683//2683 
f 2716//2716 2683//2683 2715//2715 
f 2717//2717 2685//2685 2684//2684 
f 2717//2717 2684//2684 2716//2716 
f 2718//2718 2686//2686 2685//2685 
f 2718//2718 2685//2685 2717//2717 
f 2719//2719 2687//2687 2686//2686 
f 2719//2719 2686//2686 2718//2718 
f 2720//2720 2688//2688 2687//2687 
f 2720//2720 2687//2687 2719//2719 
f 2721//2721 2689//2689 2688//2688 
f 2721//2721 2688//2688 2720//2720 
f 2722//2722 2690//2690 2689//2689 
f 2722//2722 2689//2689 2721//2721 
f 2723//2723 2691//2691 2690//2690 
f 2723//2723 2690//2690 2722//2722 
f 2724//2724 2692//2692 2691//2691 
f 2724//2724 2691//2691 2723//2723 
f 2725//2725 2693//2693 2692//2692 
f 2725//2725 2692//2692 2724//2724 
f 2726//2726 2694//2694 2693//2693 
f 2726//2726 2693//2693 2725//2725 
f 2727//2727 2695//2695 2694//2694 
f 2727//2727 2694//2694 2726//2726 
f 2728//2728 2696//2696 2695//2695 
f 2728//2728 2695//2695 2727//2727 
f 2729//2729 2697//2697 2696//2696 
f 2729//2729 2696//2696 2728//2728 
f 2730//2730 2698//2698 2697//2697 
f 2730//2730 2697//2697 2729//2729 
f 2731//2731 2699//2699 2698//2698 
f 2731//2731 2698//2698 2730//2730 
f 2732//2732 2700//2700 2699//2699 
f 2732//2732 2699//2699 2731//2731 
f 2733//2733 2701//2701 2700//2700 
f 2733//2733 2700//2700 2732//2732 
f 2734//2734 2702//2702 2701//2701 
f 2734//2734 2701//2701 2733//2733 
f 2735//2735 2703//2703 2702//2702 
f 2735//2735 2702//2702 2734//2734 
f 2736//2736 2704//2704 2703//2703 
f 2736//2736 2703//2703 2735//2735 
f 2737//2737 2705//2705 2704//2704 
f 2737//2737 2704//2704 2736//2736 
f 2738//2738 2706//2706 2705//2705 
f 2738//2738 2705//2705 2737//2737 
f 2739//2739 2707//2707 2706//2706 
f 2739//2739 2706//2706 2738//2738 
f 2740//2740 2708//2708 2707//2707 
f 2740//2740 2707//2707 2739//2739 
f 2741//2741 2709//2709 2708//2708 
f 2741//2741 2708//2708 2740//2740 
f 2742//2742 2710//2710 2709//2709 
f 2742//2742 2709//2709 2741//2741 
f 2743//2743 2711//2711 2710//2710 
f 2743//2743 2710//2710 2742//2742 
f 2744//2744 2712//2712 2711//2711 
f 2744//2744 2711//2711 2743//2743 
f 2714//2714 2682//2682 2712//2712 
f 2714//2714 2712//2712 2744//2744 
f 2745//2745 2713//2713 2714//2714 
f 2745//2745 2714//2714 2746//2746 
f 2747//2747 2715//2715 2713//2713 
f 2747//2747 2713//2713 2745//2745 
f 2748//2748 2716//2716 2715//2715 
f 2748//2748 2715//2715 2747//2747 
f 2749//2749 2717//2717 2716//2716 
f 2749//2749 2716//2716 2748//2748 
f 2750//2750 2718//2718 2717//2717 
f 2750//2750 2717//2717 2749//2749 
f 2751//2751 2719//2719 2718//2718 
f 2751//2751 2718//2718 2750//2750 
f 2752//2752 2720//2720 2719//2719 
f 2752//2752 2719//2719 2751//2751 
f 2753//2753 2721//2721 2720//2720 
f 2753//2753 2720//2720 2752//2752 
f 2754//2754 2722//2722 2721//2721 
f 2754//2754 2721//2721 2753//2753 
f 2755//2755 2723//2723 2722//2722 
f 2755//2755 2722//2722 2754//2754 
f 2756//2756 2724//2724 2723//2723 
f 2756//2756 2723//2723 2755//2755 
f 2757//2757 2725//2725 2724//2724 
f 2757//2757 2724//2724 2756//2756 
f 2758//2758 2726//2726 2725//2725 
f 2758//2758 2725//2725 2757//2757 
f 2759//2759 2727//2727 2726//2726 
f 2759//2759 2726//2726 2758//2758 
f 2760//2760 2728//2728 2727//2727 
f 2760//2760 2727//2727 2759//2759 
f 2761//2761 2729//2729 2728//2728 
f 2761//2761 2728//2728 2760//2760 
f 2762//2762 2730//2730 2729//2729 
f 2762//2762 2729//2729 2761//2761 
f 2763//2763 2731//2731 2730//2730 
f 2763//2763 2730//2730 2762//2762 
f 2764//2764 2732//2732 2731//2731 
f 2764//2764 2731//2731 2763//2763 
f 2765//2765 2733//2733 2732//2732 
f 2765//2765 2732//2732 2764//2764 
f 2766//2766 2734//2734 2733//2733 
f 2766//2766 2733//2733 2765//2765 
f 2767//2767 2735//2735 2734//2734 
f 2767//2767 2734//2734 2766//2766 
f 2768//2768 2736//2736 2735//2735 
f 2768//2768 2735//2735 2767//2767 
f 2769//2769 2737//2737 2736//2736 
f 2769//2769 2736//2736 2768//2768 
f 2770//2770 2738//2738 2737//2737 
f 2770//2770 2737//2737 2769//2769 
f 2771//2771 2739//2739 2738//2738 
f 2771//2771 2738//2738 2770//2770 
f 2772//2772 2740//2740 2739//2739 
f 2772//2772 2739//2739 2771//2771 
f 2773//2773 2741//2741 2740//2740 
f 2773//2773 2740//2740 2772//2772 
f 2774//2774 2742//2742 2741//2741 
f 2774//2774 2741//2741 2773//2773 
f 2775//2775 2743//2743 2742//2742 
f 2775//2775 2742//2742 2774//2774 
f 2776//2776 2744//2744 2743//2743 
f 2776//2776 2743//2743 2775//2775 
f 2746//2746 2714//2714 2744//2744 
f 2746//2746 2744//2744 2776//2776 
f 2777//2777 2745//2745 2746//2746 
f 2777//2777 2746//2746 2778//2778 
f 2779//2779 2747//2747 2745//2745 
f 2779//2779 2745//2745 2777//2777 
f 2780//2780 2748//2748 2747//2747 
f 2780//2780 2747//2747 2779//2779 
f 2781//2781 2749//2749 2748//2748 
f 2781//2781 2748//2748 2780//2780 
f 2782//2782 2750//2750 2749//2749 
f 2782//2782 2749//2749 2781//2781 
f 2783//2783 2751//2751 2750//2750 
f 2783//2783 2750//2750 2782//2782 
f 2784//2784 2752//2752 2751//2751 
f 2784//2784 2751//2751 2783//2783 
f 2785//2785 2753//2753 2752//2752 
f 2785//2785 2752//2752 2784//2784 
f 2786//2786 2754//2754 2753//2753 
f 2786//2786 2753//2753 2785//2785 
f 2787//2787 2755//2755 2754//2754 
f 2787//2787 2754//2754 2786//2786 
f 2788//2788 2756//2756 2755//2755 
f 2788//2788 2755//2755 2787//2787 
f 2789//2789 2757//2757 2756//2756 
f 2789//2789 2756//2756 2788//2788 
f 2790//2790 2758//2758 2757//2757 
f 2790//2790 2757//2757 2789//2789 
f 2791//2791 2759//2759 2758//2758 
f 2791//2791 2758//2758 2790//2790 
f 2792//2792 2760//2760 2759//2759 
f 2792//2792 2759//2759 2791//2791 
f 2793//2793 2761//2761 2760//2760 
f 2793//2793 2760//2760 2792//2792 
f 2794//2794 2762//2762 2761//2761 
f 2794//2794 2761//2761 2793//2793 
f 2795//2795 2763//2763 2762//2762 
f 2795//2795 2762//2762 2794//2794 
f 2796//2796 2764//2764 2763//2763 
f 2796//2796 2763//2763 2795//2795 
f 2797//2797 2765//2765 2764//2764 
f 2797//2797 2764//2764 2796//2796 
f 2798//2798 2766//2766 2765//2765 
f 2798//2798 2765//2765 2797//2797 
f 2799//2799 2767//2767 2766//2766 
f 2799//2799 2766//2766 2798//2798 
f 2800//2800 2768//2768 2767//2767 
f 2800//2800 2767//2767 2799//2799 
f 2801//2801 2769//2769 2768//2768 
f 2801//2801 2768//2768 2800//2800 
f 2802//2802 2770//2770 2769//2769 
f 2802//2802 2769//2769 2801//2801 
f 2803//2803 2771//2771 2770//2770 
f 2803//2803 2770//2770 2802//2802 
f 2804//2804 2772//2772 2771//2771 
f 2804//2804 2771//2771 2803//2803 
f 2805//2805 2773//2773 2772//2772 
f 2805//2805 2772//2772 2804//2804 
f 2806//2806 2774//2774 2773//2773 
f 2806//2806 2773//2773 2805//2805 
f 2807//2807 2775//2775 2774//2774 
f 2807//2807 2774//2774 2806//2806 
f 2808//2808 2776//2776 2775//2775 
f 2808//2808 2775//2775 2807//2807 
f 2778//2778 2746//2746 2776//2776 
f 2778//2778 2776//2776 2808//2808 
f 2809//2809 2777//2777 2778//2778 
f 2809//2809 2778//2778 2810//2810 
f 2811//2811 2779//2779 2777//2777 
f 2811//2811 2777//2777 2809//2809 
f 2812//2812 2780//2780 2779//2779 
f 2812//2812 2779//2779 2811//2811 
f 2813//2813 2781//2781 2780//2780 
f 2813//2813 2780//2780 2812//2812 
f 2814//2814 2782//2782 2781//2781 
f 2814//2814 2781//2781 2813//2813 
f 2815//2815 2783//2783 2782//2782 
f 2815//2815 2782//2782 2814//2814 
f 2816//2816 2784//2784 2783//2783 
f 2816//2816 2783//2783 2815//2815 
f 2817//2817 2785//2785 2784//2784 
f 2817//2817 2784//2784 2816//2816 
f 2818//2818 2786//2786 2785//2785 
f 2818//2818 2785//2785 2817//2817 
f 2819//2819 2787//2787 2786//2786 
f 2819//2819 2786//2786 2818//2818 
f 2820//2820 2788//2788 2787//2787 
f 2820//2820 2787//2787 2819//2819 
f 2821//2821 2789//2789 2788//2788 
f 2821//2821 2788//2788 2820//2820 
f 2822//2822 2790//2790 2789//2789 
f 2822//2822 2789//2789 2821//2821 
f 2823//2823 2791//2791 2790//2790 
f 2823//2823 2790//2790 2822//2822 
f 2824//2824 2792//2792 2791//2791 
f 2824//2824 2791//2791 2823//2823 
f 2825//2825 2793//2793 2792//2792 
f 2825//2825 2792//2792 2824//2824 
f 2826//2826 2794//2794 2793//2793 
f 2826//2826 2793//2793 2825//2825 
f 2827//2827 2795//2795 2794//2794 
f 2827//2827 2794//2794 2826//2826 
f 2828//2828 2796//2796 2795//2795 
f 2828//2828 2795//2795 2827//2827 
f 2829//2829 2797//2797 2796//2796 
f 2829//2829 2796//2796 2828//2828 
f 2830//2830 2798//2798 2797//2797 
f 2830//2830 2797//2797 2829//2829 
f 2831//2831 2799//2799 2798//2798 
f 2831//2831 2798//2798 2830//2830 
f 2832//2832 2800//2800 2799//2799 
f 2832//2832 2799//2799 2831//2831 
f 2833//2833 2801//2801 2800//2800 
f 2833//2833 2800//2800 2832//2832 
f 2834//2834 2802//2802 2801//2801 
f 2834//2834 2801//2801 2833//2833 
f 2835//2835 2803//2803 2802//2802 
f 2835//2835 2802//2802 2834//2834 
f 2836//2836 2804//2804 2803//2803 
f 2836//2836 2803//2803 2835//2835 
f 2837//2837 2805//2805 2804//2804 
f 2837//2837 2804//2804 2836//2836 
f 2838//2838 2806//2806 2805//2805 
f 2838//2838 2805//2805 2837//2837 
f 2839//2839 2807//2807 2806//2806 
f 2839//2839 2806//2806 2838//2838 
f 2840//2840 2808//2808 2807//2807 
f 2840//2840 2807//2807 2839//2839 
f 2810//2810 2778//2778 2808//2808 
f 2810//2810 2808//2808 2840//2840 
f 2841//2841 2809//2809 2810//2810 
f 2841//2841 2810//2810 2842//2842 
f 2843//2843 2811//2811 2809//2809 
f 2843//2843 2809//2809 2841//2841 
f 2844//2844 2812//2812 2811//2811 
f 2844//2844 2811//2811 2843//2843 
f 2845//2845 2813//2813 2812//2812 
f 2845//2845 2812//2812 2844//2844 
f 2846//2846 2814//2814 2813//2813 
f 2846//2846 2813//2813 2845//2845 
f 2847//2847 2815//2815 2814//2814 
f 2847//2847 2814//2814 2846//2846 
f 2848//2848 2816//2816 2815//2815 
f 2848//2848 2815//2815 2847//2847 
f 2849//2849 2817//2817 2816//2816 
f 2849//2849 2816//2816 2848//2848 
f 2850//2850 2818//2818 2817//2817 
f 2850//2850 2817//2817 2849//2849 
f 2851//2851 2819//2819 2818//2818 
f 2851//2851 2818//2818 2850//2850 
f 2852//2852 2820//2820 2819//2819 
f 2852//2852 2819//2819 2851//2851 
f 2853//2853 2821//2821 2820//2820 
f 2853//2853 2820//2820 2852//2852 
f 2854//2854 2822//2822 2821//2821 
f 2854//2854 2821//2821 2853//2853 
f 2855//2855 2823//2823 2822//2822 
f 2855//2855 2822//2822 2854//2854 
f 2856//2856 2824//2824 2823//2823 
f 2856//2856 2823//2823 2855//2855 
f 2857//2857 2825//2825 2824//2824 
f 2857//2857 2824//2824 2856//2856 
f 2858//2858 2826//2826 2825//2825 
f 2858//2858 2825//2825 2857//2857 
f 2859//2859 2827//2827 2826//2826 
f 2859//2859 2826//2826 2858//2858 
f 2860//2860 2828//2828 2827//2827 
f 2860//2860 2827//2827 2859//2859 
f 2861//2861 2829//2829 2828//2828 
f 2861//2861 2828//2828 2860//2860 
f 2862//2862 2830//2830 2829//2829 
f 2862//2862 2829//2829 2861//2861 
f 2863//2863 2831//2831 2830//2830 
f 2863//2863 2830//2830 2862//2862 
f 2864//2864 2832//2832 2831//2831 
f 2864//2864 2831//2831 2863//2863 
f 2865//2865 2833//2833 2832//2832 
f 2865//2865 2832//2832 2864//2864 
f 2866//2866 2834//2834 2833//2833 
f 2866//2866 2833//2833 2865//2865 
f 2867//2867 2835//2835 2834//2834 
f 2867//2867 2834//2834 2866//2866 
f 2868//2868 2836//2836 2835//2835 
f 2868//2868 2835//2835 2867//2867 
f 2869//2869 2837//2837 2836//2836 
f 2869//2869 2836//2836 2868//2868 
f 2870//2870 2838//2838 2837//2837 
f 2870//2870 2837//2837 2869//2869 
f 2871//2871 2839//2839 2838//2838 
f 2871//2871 2838//2838 2870//2870 
f 2872//2872 2840//2840 2839//2839 
f 2872//2872 2839//2839 2871//2871 
f 2842//2842 2810//2810 2840//2840 
f 2842//2842 2840//2840 2872//2872 
f 2873//2873 2841//2841 2842//2842 
f 2873//2873 2842//2842 2874//2874 
f 2875//2875 2843//2843 2841//2841 
f 2875//2875 2841//2841 2873//2873 
f 2876//2876 2844//2844 2843//2843 
f 2876//2876 2843//2843 2875//2875 
f 2877//2877 2845//2845 2844//2844 
f 2877//2877 2844//2844 2876//2876 
f 2878//2878 2846//2846 2845//2845 
f 2878//2878 2845//2845 2877//2877 
f 2879//2879 2847//2847 2846//2846 
f 2879//2879 2846//2846 2878//2878 
f 2880//2880 2848//2848 2847//2847 
f 2880//2880 2847//2847 2879//2879 
f 2881//2881 2849//2849 2848//2848 
f 2881//2881 2848//2848 2880//2880 
f 2882//2882 2850//2850 2849//2849 
f 2882//2882 2849//2849 2881//2881 
f 2883//2883 2851//2851 2850//2850 
f 2883//2883 2850//2850 2882//2882 
f 2884//2884 2852//2852 2851//2851 
f 2884//2884 2851//2851 2883//2883 
f 2885//2885 2853//2853 2852//2852 
f 2885//2885 2852//2852 2884//2884 
f 2886//2886 2854//2854 2853//2853 
f 2886//2886 2853//2853 2885//2885 
f 2887//2887 2855//2855 2854//2854 
f 2887//2887 2854//2854 2886//2886 
f 2888//2888 2856//2856 2855//2855 
f 2888//2888 2855//2855 2887//2887 
f 2889//2889 2857//2857 2856//2856 
f 2889//2889 2856//2856 2888//2888 
f 2890//2890 2858//2858 2857//2857 
f 2890//2890 2857//2857 2889//2889 
f 2891//2891 2859//2859 2858//2858 
f 2891//2891 2858//2858 2890//2890 
f 2892//2892 2860//2860 2859//2859 
f 2892//2892 2859//2859 2891//2891 
f 2893//2893 2861//2861 2860//2860 
f 2893//2893 2860//2860 2892//2892 
f 2894//2894 2862//2862 2861//2861 
f 2894//2894 2861//2861 2893//2893 
f 2895//2895 2863//2863 2862//2862 
f 2895//2895 2862//2862 2894//2894 
f 2896//2896 2864//2864 2863//2863 
f 2896//2896 2863//2863 2895//2895 
f 2897//2897 2865//2865 2864//2864 
f 2897//2897 2864//2864 2896//2896 
f 2898//2898 2866//2866 2865//2865 
f 2898//2898 2865//2865 2897//2897 
f 2899//2899 2867//2867 2866//2866 
f 2899//2899 2866//2866 2898//2898 
f 2900//2900 2868//2868 2867//2867 
f 2900//2900 2867//2867 2899//2899 
f 2901//2901 2869//2869 2868//2868 
f 2901//2901 2868//2868 2900//2900 
f 2902//2902 2870//2870 2869//2869 
f 2902//2902 2869//2869 2901//2901 
f 2903//2903 2871//2871 2870//2870 
f 2903//2903 2870//2870 2902//2902 
f 2904//2904 2872//2872 2871//2871 
f 2904//2904 2871//2871 2903//2903 
f 2874//2874 2842//2842 2872//2872 
f 2874//2874 2872//2872 2904//2904 
f 2905//2905 2873//2873 2874//2874 
f 2905//2905 2874//2874 2906//2906 
f 2907//2907 2875//2875 2873//2873 
f 2907//2907 2873//2873 2905//2905 
f 2908//2908 2876//2876 2875//2875 
f 2908//2908 2875//2875 2907//2907 
f 2909//2909 2877//2877 2876//2876 
f 2909//2909 2876//2876 2908//2908 
f 2910//2910 2878//2878 2877//2877 
f 2910//2910 2877//2877 2909//2909 
f 2911//2911 2879//2879 2878//2878 
f 2911//2911 2878//2878 2910//2910 
f 2912//2912 2880//2880 2879//2879 
f 2912//2912 2879//2879 2911//2911 
f 2913//2913 2881//2881 2880//2880 
f 2913//2913 2880//2880 2912//2912 
f 2914//2914 2882//2882 2881//2881 
f 2914//2914 2881//2881 2913//2913 
f 2915//2915 2883//2883 2882//2882 
f 2915//2915 2882//2882 2914//2914 
f 2916//2916 2884//2884 2883//2883 
f 2916//2916 2883//2883 2915//2915 
f 2917//2917 2885//2885 2884//2884 
f 2917//2917 2884//2884 2916//2916 
f 2918//2918 2886//2886 2885//2885 
f 2918//2918 2885//2885 2917//2917 
f 2919//2919 2887//2887 2886//2886 
f 2919//2919 2886//2886 2918//2918 
f 2920//2920 2888//2888 2887//2887 
f 2920//2920 2887//2887 2919//2919 
f 2921//2921 2889//2889 2888//2888 
f 2921//2921 2888//2888 2920//2920 
f 2922//2922 2890//2890 2889//2889 
f 2922//2922 2889//2889 2921//2921 
f 2923//2923 2891//2891 2890//2890 
f 2923//2923 2890//2890 2922//2922 
f 2924//2924 2892//2892 2891//2891 
f 2924//2924 2891//2891 2923//2923 
f 2925//2925 2893//2893 2892//2892 
f 2925//2925 2892//2892 2924//2924 
f 2926//2926 2894//2894 2893//2893 
f 2926//2926 2893//2893 2925//2925 
f 2927//2927 2895//2895 2894//2894 
f 2927//2927 2894//2894 2926//2926 
f 2928//2928 2896//2896 2895//2895 
f 2928//2928 2895//2895 2927//2927 
f 2929//2929 2897//2897 2896//2896 
f 2929//2929 2896//2896 2928//2928 
f 2930//2930 2898//2898 2897//2897 
f 2930//2930 2897//2897 2929//2929 
f 2931//2931 2899//2899 2898//2898 
f 2931//2931 2898//2898 2930//2930 
f 2932//2932 2900//2900 2899//2899 
f 2932//2932 2899//2899 2931//2931 
f 2933//2933 2901//2901 2900//2900 
f 2933//2933 2900//2900 2932//2932 
f 2934//2934 2902//2902 2901//2901 
f 2934//2934 2901//2901 2933//2933 
f 2935//2935 2903//2903 2902//2902 
f 2935//2935 2902//2902 2934//2934 
f 2936//2936 2904//2904 2903//2903 
f 2936//2936 2903//2903 2935//2935 
f 2906//2906 2874//2874 2904//2904 
f 2906//2906 2904//2904 2936//2936 
f 2937//2937 2905//2905 2906//2906 
f 2937//2937 2906//2906 2938//2938 
f 2939//2939 2907//2907 2905//2905 
f 2939//2939 2905//2905 2937//2937 
f 2940//2940 2908//2908 2907//2907 
f 2940//2940 2907//2907 2939//2939 
f 2941//2941 2909//2909 2908//2908 
f 2941//2941 2908//2908 2940//2940 
f 2942//2942 2910//2910 2909//2909 
f 2942//2942 2909//2909 2941//2941 
f 2943//2943 2911//2911 2910//2910 
f 2943//2943 2910//2910 2942//2942 
f 2944//2944 2912//2912 2911//2911 
f 2944//2944 2911//2911 2943//2943 
f 2945//2945 2913//2913 2912//2912 
f 2945//2945 2912//2912 2944//2944 
f 2946//2946 2914//2914 2913//2913 
f 2946//2946 2913//2913 2945//2945 
f 2947//2947 2915//2915 2914//2914 
f 2947//2947 2914//2914 2946//2946 
f 2948//2948 2916//2916 2915//2915 
f 2948//2948 2915//2915 2947//2947 
f 2949//2949 2917//2917 2916//2916 
f 2949//2949 2916//2916 2948//2948 
f 2950//2950 2918//2918 2917//2917 
f 2950//2950 2917//2917 2949//2949 
f 2951//2951 2919//2919 2918//2918 
f 2951//2951 2918//2918 2950//2950 
f 2952//2952 2920//2920 2919//2919 
f 2952//2952 2919//2919 2951//2951 
f 2953//2953 2921//2921 2920//2920 
f 2953//2953 2920//2920 2952//2952 
f 2954//2954 2922//2922 2921//2921 
f 2954//2954 2921//2921 2953//2953 
f 2955//2955 2923//2923 2922//2922 
f 2955//2955 2922//2922 2954//2954 
f 2956//2956 2924//2924 2923//2923 
f 2956//2956 2923//2923 2955//2955 
f 2957//2957 2925//2925 2924//2924 
f 2957//2957 2924//2924 2956//2956 
f 2958//2958 2926//2926 2925//2925 
f 2958//2958 2925//2925 2957//2957 
f 2959//2959 2927//2927 2926//2926 
f 2959//2959 2926//2926 2958//2958 
f 2960//2960 2928//2928 2927//2927 
f 2960//2960 2927//2927 2959//2959 
f 2961//2961 2929//2929 2928//2928 
f 2961//2961 2928//2928 2960//2960 
f 2962//2962 2930//2930 2929//2929 
f 2962//2962 2929//2929 2961//2961 
f 2963//2963 2931//2931 2930//2930 
f 2963//2963 2930//2930 2962//2962 
f 2964//2964 2932//2932 2931//2931 
f 2964//2964 2931//2931 2963//2963 
f 2965//2965 2933//2933 2932//2932 
f 2965//2965 2932//2932 2964//2964 
f 2966//2966 2934//2934 2933//2933 
f 2966//2966 2933//2933 2965//2965 
f 2967//2967 2935//2935 2934//2934 
f 2967//2967 2934//2934 2966//2966 
f 2968//2968 2936//2936 2935//2935 
f 2968//2968 2935//2935 2967//2967 
f 2938//2938 2906//2906 2936//2936 
f 2938//2938 2936//2936 2968//2968 
f 2969//2969 2937//2937 2938//2938 
f 2969//2969 2938//2938 2970//2970 
f 2971//2971 2939//2939 2937//2937 
f 2971//2971 2937//2937 2969//2969 
f 2972//2972 2940//2940 2939//2939 
f 2972//2972 2939//2939 2971//2971 
f 2973//2973 2941//2941 2940//2940 
f 2973//2973 2940//2940 2972//2972 
f 2974//2974 2942//2942 2941//2941 
f 2974//2974 2941//2941 2973//2973 
f 2975//2975 2943//2943 2942//2942 
f 2975//2975 2942//2942 2974//2974 
f 2976//2976 2944//2944 2943//2943 
f 2976//2976 2943//2943 2975//2975 
f 2977//2977 2945//2945 2944//2944 
f 2977//2977 2944//2944 2976//2976 
f 2978//2978 2946//2946 2945//2945 
f 2978//2978 2945//2945 2977//2977 
f 2979//2979 2947//2947 2946//2946 
f 2979//2979 2946//2946 2978//2978 
f 2980//2980 2948//2948 2947//2947 
f 2980//2980 2947//2947 2979//2979 
f 2981//2981 2949//2949 2948//2948 
f 2981//2981 2948//2948 2980//2980 
f 2982//2982 2950//2950 2949//2949 
f 2982//2982 2949//2949 2981//2981 
f 2983//2983 2951//2951 2950//2950 
f 2983//2983 2950//2950 2982//2982 
f 2984//2984 2952//2952 2951//2951 
f 2984//2984 2951//2951 2983//2983 
f 2985//2985 2953//2953 2952//2952 
f 2985//2985 2952//2952 2984//2984 
f 2986//2986 2954//2954 2953//2953 
f 2986//2986 2953//2953 2985//2985 
f 2987//2987 2955//2955 2954//2954 
f 2987//2987 2954//2954 2986//2986 
f 2988//2988 2956//2956 2955//2955 
f 2988//2988 2955//2955 2987//2987 
f 2989//2989 2957//2957 2956//2956 
f 2989//2989 2956//2956 2988//2988 
f 2990//2990 2958//2958 2957//2957 
f 2990//2990 2957//2957 2989//2989 
f 2991//2991 2959//2959 2958//2958 
f 2991//2991 2958//2958 2990//2990 
f 2992//2992 2960//2960 2959//2959 
f 2992//2992 2959//2959 2991//2991 
f 2993//2993 2961//2961 2960//2960 
f 2993//2993 2960//2960 2992//2992 
f 2994//2994 2962//2962 2961//2961 
f 2994//2994 2961//2961 2993//2993 
f 2995//2995 2963//2963 2962//2962 
f 2995//2995 2962//2962 2994//2994 
f 2996//2996 2964//2964 2963//2963 
f 2996//2996 2963//2963 2995//2995 
f 2997//2997 2965//2965 2964//2964 
f 2997//2997 2964//2964 2996//2996 
f 2998//2998 2966//2966 2965//2965 
f 2998//2998 2965//2965 2997//2997 
f 2999//2999 2967//2967 2966//2966 
f 2999//2999 2966//2966 2998//2998 
f 3000//3000 2968//2968 2967//2967 
f 3000//3000 2967//2967 2999//2999 
f 2970//2970 2938//2938 2968//2968 
f 2970//2970 2968//2968 3000//3000 
f 3001//3001 2969//2969 2970//2970 
f 3001//3001 2970//2970 3002//3002 
f 3003//3003 2971//2971 2969//2969 
f 3003//3003 2969//2969 3001//3001 
f 3004//3004 2972//2972 2971//2971 
f 3004//3004 2971//2971 3003//3003 
f 3005//3005 2973//2973 2972//2972 
f 3005//3005 2972//2972 3004//3004 
f 3006//3006 2974//2974 2973//2973 
f 3006//3006 2973//2973 3005//3005 
f 3007//3007 2975//2975 2974//2974 
f 3007//3007 2974//2974 3006//3006 
f 3008//3008 2976//2976 2975//2975 
f 3008//3008 2975//2975 3007//3007 
f 3009//3009 2977//2977 2976//2976 
f 3009//3009 2976//2976 3008//3008 
f 3010//3010 2978//2978 2977//2977 
f 3010//3010 2977//2977 3009//3009 
f 3011//3011 2979//2979 2978//2978 
f 3011//3011 2978//2978 3010//3010 
f 3012//3012 2980//2980 2979//2979 
f 3012//3012 2979//2979 3011//3011 
f 3013//3013 2981//2981 2980//2980 
f 3013//3013 2980//2980 3012//3012 
f 3014//3014 2982//2982 2981//2981 
f 3014//3014 2981//2981 3013//3013 
f 3015//3015 2983//2983 2982//2982 
f 3015//3015 2982//2982 3014//3014 
f 3016//3016 2984//2984 2983//2983 
f 3016//3016 2983//2983 3015//3015 
f 3017//3017 2985//2985 2984//2984 
f 3017//3017 2984//2984 3016//3016 
f 3018//3018 2986//2986 2985//2985 
f 3018//3018 2985//2985 3017//3017 
f 3019//3019 2987//2987 2986//2986 
f 3019//3019 2986//2986 3018//3018 
f 3020//3020 2988//2988 2987//2987 
f 3020//3020 2987//2987 3019//3019 
f 3021//3021 2989//2989 2988//2988 
f 3021//3021 2988//2988 3020//3020 
f 3022//3022 2990//2990 2989//2989 
f 3022//3022 2989//2989 3021//3021 
f 3023//3023 2991//2991 2990//2990 
f 3023//3023 2990//2990 3022//3022 
f 3024//3024 2992//2992 2991//2991 
f 3024//3024 2991//2991 3023//3023 
f 3025//3025 2993//2993 2992//2992 
f 3025//3025 2992//2992 3024//3024 
f 3026//3026 2994//2994 2993//2993 
f 3026//3026 2993//2993 3025//3025 
f 3027//3027 2995//2995 2994//2994 
f 3027//3027 2994//2994 3026//3026 
f 3028//3028 2996//2996 2995//2995 
f 3028//3028 2995//2995 3027//3027 
f 3029//3029 2997//2997 2996//2996 
f 3029//3029 2996//2996 3028//3028 
f 3030//3030 2998//2998 2997//2997 
f 3030//3030 2997//2997 3029//3029 
f 3031//3031 2999//2999 2998//2998 
f 3031//3031 2998//2998 3030//3030 
f 3032//3032 3000//3000 2999//2999 
f 3032//3032 2999//2999 3031//3031 
f 3002//3002 2970//2970 3000//3000 
f 3002//3002 3000//3000 3032//3032 
f 3033//3033 3001//3001 3002//3002 
f 3033//3033 3002//3002 3034//3034 
f 3035//3035 3003//3003 3001//3001 
f 3035//3035 3001//3001 3033//3033 
f 3036//3036 3004//3004 3003//3003 
f 3036//3036 3003//3003 3035//3035 
f 3037//3037 3005//3005 3004//3004 
f 3037//3037 3004//3004 3036//3036 
f 3038//3038 3006//3006 3005//3005 
f 3038//3038 3005//3005 3037//3037 
f 3039//3039 3007//3007 3006//3006 
f 3039//3039 3006//3006 3038//3038 
f 3040//3040 3008//3008 3007//3007 
f 3040//3040 3007//3007 3039//3039 
f 3041//3041 3009//3009 3008//3008 
f 3041//3041 3008//3008 3040//3040 
f 3042//3042 3010//3010 3009//3009 
f 3042//3042 3009//3009 3041//3041 
f 3043//3043 3011//3011 3010//3010 
f 3043//3043 3010//3010 3042//3042 
f 3044//3044 3012//3012 3011//3011 
f 3044//3044 3011//3011 3043//3043 
f 3045//3045 3013//3013 3012//3012 
f 3045//3045 3012//3012 3044//3044 
f 3046//3046 3014//3014 3013//3013 
f 3046//3046 3013//3013 3045//3045 
f 3047//3047 3015//3015 3014//3014 
f 3047//3047 3014//3014 3046//3046 
f 3048//3048 3016//3016 3015//3015 
f 3048//3048 3015//3015 3047//3047 
f 3049//3049 3017//3017 3016//3016 
f 3049//3049 3016//3016 3048//3048 
f 3050//3050 3018//3018 3017//3017 
f 3050//3050 3017//3017 3049//3049 
f 3051//3051 3019//3019 3018//3018 
f 3051//3051 3018//3018 3050//3050 
f 3052//3052 3020//3020 3019//3019 
f 3052//3052 3019//3019 3051//3051 
f 3053//3053 3021//3021 3020//3020 
f 3053//3053 3020//3020 3052//3052 
f 3054//3054 3022//3022 3021//3021 
f 3054//3054 3021//3021 3053//3053 
f 3055//3055 3023//3023 3022//3022 
f 3055//3055 3022//3022 3054//3054 
f 3056//3056 3024//3024 3023//3023 
f 3056//3056 3023//3023 3055//3055 
f 3057//3057 3025//3025 3024//3024 
f 3057//3057 3024//3024 3056//3056 
f 3058//3058 3026//3026 3025//3025 
f 3058//3058 3025//3025 3057//3057 
f 3059//3059 3027//3027 3026//3026 
f 3059//3059 3026//3026 3058//3058 
f 3060//3060 3028//3028 3027//3027 
f 3060//3060 3027//3027 3059//3059 
f 3061//3061 3029//3029 3028//3028 
f 3061//3061 3028//3028 3060//3060 
f 3062//3062 3030//3030 3029//3029 
f 3062//3062 3029//3029 3061//3061 
f 3063//3063 3031//3031 3030//3030 
f 3063//3063 3030//3030 3062//3062 
f 3064//3064 3032//3032 3031//3031 
f 3064//3064 3031//3031 3063//3063 
f 3034//3034 3002//3002 3032//3032 
f 3034//3034 3032//3032 3064//3064 
f 3065//3065 3033//3033 3034//3034 
f 3065//3065 3034//3034 3066//3066 
f 3067//3067 3035//3035 3033//3033 
f 3067//3067 3033//3033 3065//3065 
f 3068//3068 3036//3036 3035//3035 
f 3068//3068 3035//3035 3067//3067 
f 3069//3069 3037//3037 3036//3036 
f 3069//3069 3036//3036 3068//3068 
f 3070//3070 3038//3038 3037//3037 
f 3070//3070 3037//3037 3069//3069 
f 3071//3071 3039//3039 3038//3038 
f 3071//3071 3038//3038 3070//3070 
f 3072//3072 3040//3040 3039//3039 
f 3072//3072 3039//3039 3071//3071 
f 3073//3073 3041//3041 3040//3040 
f 3073//3073 3040//3040 3072//3072 
f 3074//3074 3042//3042 3041//3041 
f 3074//3074 3041//3041 3073//3073 
f 3075//3075 3043//3043 3042//3042 
f 3075//3075 3042//3042 3074//3074 
f 3076//3076 3044//3044 3043//3043 
f 3076//3076 3043//3043 3075//3075 
f 3077//3077 3045//3045 3044//3044 
f 3077//3077 3044//3044 3076//3076 
f 3078//3078 3046//3046 3045//3045 
f 3078//3078 3045//3045 3077//3077 
f 3079//3079 3047//3047 3046//3046 
f 3079//3079 3046//3046 3078//3078 
f 3080//3080 3048//3048 3047//3047 
f 3080//3080 3047//3047 3079//3079 
f 3081//3081 3049//3049 3048//3048 
f 3081//3081 3048//3048 3080//3080 
f 3082//3082 3050//3050 3049//3049 
f 3082//3082 3049//3049 3081//3081 
f 3083//3083 3051//3051 3050//3050 
f 3083//3083 3050//3050 3082//3082 
f 3084//3084 3052//3052 3051//3051 
f 3084//3084 3051//3051 3083//3083 
f 3085//3085 3053//3053 3052//3052 
f 3085//3085 3052//3052 3084//3084 
f 3086//3086 3054//3054 3053//3053 
f 3086//3086 3053//3053 3085//3085 
f 3087//3087 3055//3055 3054//3054 
f 3087//3087 3054//3054 3086//3086 
f 3088//3088 3056//3056 3055//3055 
f 3088//3088 3055//3055 3087//3087 
f 3089//3089 3057//3057 3056//3056 
f 3089//3089 3056//3056 3088//3088 
f 3090//3090 3058//3058 3057//3057 
f 3090//3090 3057//3057 3089//3089 
f 3091//3091 3059//3059 3058//3058 
f 3091//3091 3058//3058 3090//3090 
f 3092//3092 3060//3060 3059//3059 
f 3092//3092 3059//3059 3091//3091 
f 3093//3093 3061//3061 3060//3060 
f 3093//3093 3060//3060 3092//3092 
f 3094//3094 3062//3062 3061//3061 
f 3094//3094 3061//3061 3093//3093 
f 3095//3095 3063//3063 3062//3062 
f 3095//3095 3062//3062 3094//3094 
f 3096//3096 3064//3064 3063//3063 
f 3096//3096 3063//3063 3095//3095 
f 3066//3066 3034//3034 3064//3064 
f 3066//3066 3064//3064 3096//3096 
f 3097//3097 3065//3065 3066//3066 
f 3097//3097 3066//3066 3098//3098 
f 3099//3099 3067//3067 3065//3065 
f 3099//3099 3065//3065 3097//3097 
f 3100//3100 3068//3068 3067//3067 
f 3100//3100 3067//3067 3099//3099 
f 3101//3101 3069//3069 3068//3068 
f 3101//3101 3068//3068 3100//3100 
f 3102//3102 3070//3070 3069//3069 
f 3102//3102 3069//3069 3101//3101 
f 3103//3103 3071//3071 3070//3070 
f 3103//3103 3070//3070 3102//3102 
f 3104//3104 3072//3072 3071//3071 
f 3104//3104 3071//3071 3103//3103 
f 3105//3105 3073//3073 3072//3072 
f 3105//3105 3072//3072 3104//3104 
f 3106//3106 3074//3074 3073//3073 
f 3106//3106 3073//3073 3105//3105 
f 3107//3107 3075//3075 3074//3074 
f 3107//3107 3074//3074 3106//3106 
f 3108//3108 3076//3076 3075//3075 
f 3108//3108 3075//3075 3107//3107 
f 3109//3109 3077//3077 3076//3076 
f 3109//3109 3076//3076 3108//3108 
f 3110//3110 3078//3078 3077//3077 
f 3110//3110 3077//3077 3109//3109 
f 3111//3111 3079//3079 3078//3078 
f 3111//3111 3078//3078 3110//3110 
f 3112//3112 3080//3080 3079//3079 
f 3112//3112 3079//3079 3111//3111 
f 3113//3113 3081//3081 3080//3080 
f 3113//3113 3080//3080 3112//3112 
f 3114//3114 3082//3082 3081//3081 
f 3114//3114 3081//3081 3113//3113 
f 3115//3115 3083//3083 3082//3082 
f 3115//3115 3082//3082 3114//3114 
f 3116//3116 3084//3084 3083//3083 
f 3116//3116 3083//3083 3115//3115 
f 3117//3117 3085//3085 3084//3084 
f 3117//3117 3084//3084 3116//3116 
f 3118//3118 3086//3086 3085//3085 
f 3118//3118 3085//3085 3117//3117 
f 3119//3119 3087//3087 3086//3086 
f 3119//3119 3086//3086 3118//3118 
f 3120//3120 3088//3088 3087//3087 
f 3120//3120 3087//3087 3119//3119 
f 3121//3121 3089//3089 3088//3088 
f 3121//3121 3088//3088 3120//3120 
f 3122//3122 3090//3090 3089//3089 
f 3122//3122 3089//3089 3121//3121 
f 3123//3123 3091//3091 3090//3090 
f 3123//3123 3090//3090 3122//3122 
f 3124//3124 3092//3092 3091//3091 
f 3124//3124 3091//3091 3123//3123 
f 3125//3125 3093//3093 3092//3092 
f 3125//3125 3092//3092 3124//3124 
f 3126//3126 3094//3094 3093//3093 
f 3126//3126 3093//3093 3125//3125 
f 3127//3127 3095//3095 3094//3094 
f 3127//3127 3094//3094 3126//3126 
f 3128//3128 3096//3096 3095//3095 
f 3128//3128 3095//3095 3127//3127 
f 3098//3098 3066//3066 3096//3096 
f 3098//3098 3096//3096 3128//3128 
f 3129//3129 3097//3097 3098//3098 
f 3129//3129 3098//3098 3130//3130 
f 3131//3131 3099//3099 3097//3097 
f 3131//3131 3097//3097 3129//3129 
f 3132//3132 3100//3100 3099//3099 
f 3132//3132 3099//3099 3131//3131 
f 3133//3133 3101//3101 3100//3100 
f 3133//3133 3100//3100 3132//3132 
f 3134//3134 3102//3102 3101//3101 
f 3134//3134 3101//3101 3133//3133 
f 3135//3135 3103//3103 3102//3102 
f 3135//3135 3102//3102 3134//3134 
f 3136//3136 3104//3104 3103//3103 
f 3136//3136 3103//3103 3135//3135 
f 3137//3137 3105//3105 3104//3104 
f 3137//3137 3104//3104 3136//3136 
f 3138//3138 3106//3106 3105//3105 
f 3138//3138 3105//3105 3137//3137 
f 3139//3139 3107//3107 3106//3106 
f 3139//3139 3106//3106 3138//3138 
f 3140//3140 3108//3108 3107//3107 
f 3140//3140 3107//3107 3139//3139 
f 3141//3141 3109//3109 3108//3108 
f 3141//3141 3108//3108 3140//3140 
f 3142//3142 3110//3110 3109//3109 
f 3142//3142 3109//3109 3141//3141 
f 3143//3143 3111//3111 3110//3110 
f 3143//3143 3110//3110 3142//3142 
f 3144//3144 3112//3112 3111//3111 
f 3144//3144 3111//3111 3143//3143 
f 3145//3145 3113//3113 3112//3112 
f 3145//3145 3112//3112 3144//3144 
f 3146//3146 3114//3114 3113//3113 
f 3146//3146 3113//3113 3145//3145 
f 3147//3147 3115//3115 3114//3114 
f 3147//3147 3114//3114 3146//3146 
f 3148//3148 3116//3116 3115//3115 
f 3148//3148 3115//3115 3147//3147 
f 3149//3149 3117//3117 3116//3116 
f 3149//3149 3116//3116 3148//3148 
f 3150//3150 3118//3118 3117//3117 
f 3150//3150 3117//3117 3149//3149 
f 3151//3151 3119//3119 3118//3118 
f 3151//3151 3118//3118 3150//3150 
f 3152//3152 3120//3120 3119//3119 
f 3152//3152 3119//3119 3151//3151 
f 3153//3153 3121//3121 3120//3120 
f 3153//3153 3120//3120 3152//3152 
f 3154//3154 3122//3122 3121//3121 
f 3154//3154 3121//3121 3153//3153 
f 3155//3155 3123//3123 3122//3122 
f 3155//3155 3122//3122 3154//3154 
f 3156//3156 3124//3124 3123//3123 
f 3156//3156 3123//3123 3155//3155 
f 3157//3157 3125//3125 3124//3124 
f 3157//3157 3124//3124 3156//3156 
f 3158//3158 3126//3126 3125//3125 
f 3158//3158 3125//3125 3157//3157 
f 3159//3159 3127//3127 3126//3126 
f 3159//3159 3126//3126 3158//3158 
f 3160//3160 3128//3128 3127//3127 
f 3160//3160 3127//3127 3159//3159 
f 3130//3130 3098//3098 3128//3128 
f 3130//3130 3128//3128 3160//3160 
f 3161//3161 3129//3129 3130//3130 
f 3161//3161 3130//3130 3162//3162 
f 3163//3163 3131//3131 3129//3129 
f 3163//3163 3129//3129 3161//3161 
f 3164//3164 3132//3132 3131//3131 
f 3164//3164 3131//3131 3163//3163 
f 3165//3165 3133//3133 3132//3132 
f 3165//3165 3132//3132 3164//3164 
f 3166//3166 3134//3134 3133//3133 
f 3166//3166 3133//3133 3165//3165 
f 3167//3167 3135//3135 3134//3134 
f 3167//3167 3134//3134 3166//3166 
f 3168//3168 3136//3136 3135//3135 
f 3168//3168 3135//3135 3167//3167 
f 3169//3169 3137//3137 3136//3136 
f 3169//3169 3136//3136 3168//3168 
f 3170//3170 3138//3138 3137//3137 
f 3170//3170 3137//3137 3169//3169 
f 3171//3171 3139//3139 3138//3138 
f 3171//3171 3138//3138 3170//3170 
f 3172//3172 3140//3140 3139//3139 
f 3172//3172 3139//3139 3171//3171 
f 3173//3173 3141//3141 3140//3140 
f 3173//3173 3140//3140 3172//3172 
f 3174//3174 3142//3142 3141//3141 
f 3174//3174 3141//3141 3173//3173 
f 3175//3175 3143//3143 3142//3142 
f 3175//3175 3142//3142 3174//3174 
f 3176//3176 3144//3144 3143//3143 
f 3176//3176 3143//3143 3175//3175 
f 3177//3177 3145//3145 3144//3144 
f 3177//3177 3144//3144 3176//3176 
f 3178//3178 3146//3146 3145//3145 
f 3178//3178 3145//3145 3177//3177 
f 3179//3179 3147//3147 3146//3146 
f 3179//3179 3146//3146 3178//3178 
f 3180//3180 3148//3148 3147//3147 
f 3180//3180 3147//3147 3179//3179 
f 3181//3181 3149//3149 3148//3148 
f 3181//3181 3148//3148 3180//3180 
f 3182//3182 3150//3150 3149//3149 
f 3182//3182 3149//3149 3181//3181 
f 3183//3183 3151//3151 3150//3150 
f 3183//3183 3150//3150 3182//3182 
f 3184//3184 3152//3152 3151//3151 
f 3184//3184 3151//3151 3183//3183 
f 3185//3185 3153//3153 3152//3152 
f 3185//3185 3152//3152 3184//3184 
f 3186//3186 3154//3154 3153//3153 
f 3186//3186 3153//3153 3185//3185 
f 3187//3187 3155//3155 3154//3154 
f 3187//3187 3154//3154 3186//3186 
f 3188//3188 3156//3156 3155//3155 
f 3188//3188 3155//3155 3187//3187 
f 3189//3189 3157//3157 3156//3156 
f 3189//3189 3156//3156 3188//3188 
f 3190//3190 3158//3158 3157//3157 
f 3190//3190 3157//3157 3189//3189 
f 3191//3191 3159//3159 3158//3158 
f 3191//3191 3158//3158 3190//3190 
f 3192//3192 3160//3160 3159//3159 
f 3192//3192 3159//3159 3191//3191 
f 3162//3162 3130//3130 3160//3160 
f 3162//3162 3160//3160 3192//3192 
f 3193//3193 3161//3161 3162//3162 
f 3193//3193 3162//3162 3194//3194 
f 3195//3195 3163//3163 3161//3161 
f 3195//3195 3161//3161 3193//3193 
f 3196//3196 3164//3164 3163//3163 
f 3196//3196 3163//3163 3195//3195 
f 3197//3197 3165//3165 3164//3164 
f 3197//3197 3164//3164 3196//3196 
f 3198//3198 3166//3166 3165//3165 
f 3198//3198 3165//3165 3197//3197 
f 3199//3199 3167//3167 3166//3166 
f 3199//3199 3166//3166 3198//3198 
f 3200//3200 3168//3168 3167//3167 
f 3200//3200 3167//3167 3199//3199 
f 3201//3201 3169//3169 3168//3168 
f 3201//3201 3168//3168 3200//3200 
f 3202//3202 3170//3170 3169//3169 
f 3202//3202 3169//3169 3201//3201 
f 3203//3203 3171//3171 3170//3170 
f 3203//3203 3170//3170 3202//3202 
f 3204//3204 3172//3172 3171//3171 
f 3204//3204 3171//3171 3203//3203 
f 3205//3205 3173//3173 3172//3172 
f 3205//3205 3172//3172 3204//3204 
f 3206//3206 3174//3174 3173//3173 
f 3206//3206 3173//3173 3205//3205 
f 3207//3207 3175//3175 3174//3174 
f 3207//3207 3174//3174 3206//3206 
f 3208//3208 3176//3176 3175//3175 
f 3208//3208 3175//3175 3207//3207 
f 3209//3209 3177//3177 3176//3176 
f 3209//3209 3176//3176 3208//3208 
f 3210//3210 3178//3178 3177//3177 
f 3210//3210 3177//3177 3209//3209 
f 3211//3211 3179//3179 3178//3178 
f 3211//3211 3178//3178 3210//3210 
f 3212//3212 3180//3180 3179//3179 
f 3212//3212 3179//3179 3211//3211 
f 3213//3213 3181//3181 3180//3180 
f 3213//3213 3180//3180 3212//3212 
f 3214//3214 3182//3182 3181//3181 
f 3214//3214 3181//3181 3213//3213 
f 3215//3215 3183//3183 3182//3182 
f 3215//3215 3182//3182 3214//3214 
f 3216//3216 3184//3184 3183//3183 
f 3216//3216 3183//3183 3215//3215 
f 3217//3217 3185//3185 3184//3184 
f 3217//3217 3184//3184 3216//3216 
f 3218//3218 3186//3186 3185//3185 
f 3218//3218 3185//3185 3217//3217 
f 3219//3219 3187//3187 3186//3186 
f 3219//3219 3186//3186 3218//3218 
f 3220//3220 3188//3188 3187//3187 
f 3220//3220 3187//3187 3219//3219 
f 3221//3221 3189//3189 3188//3188 
f 3221//3221 3188//3188 3220//3220 
f 3222//3222 3190//3190 3189//3189 
f 3222//3222 3189//3189 3221//3221 
f 3223//3223 3191//3191 3190//3190 
f 3223//3223 3190//3190 3222//3222 
f 3224//3224 3192//3192 3191//3191 
f 3224//3224 3191//3191 3223//3223 
f 3194//3194 3162//3162 3192//3192 
f 3194//3194 3192//3192 3224//3224 
f 3225//3225 3193//3193 3194//3194 
f 3225//3225 3194//3194 3226//3226 
f 3227//3227 3195//3195 3193//3193 
f 3227//3227 3193//3193 3225//3225 
f 3228//3228 3196//3196 3195//3195 
f 3228//3228 3195//3195 3227//3227 
f 3229//3229 3197//3197 3196//3196 
f 3229//3229 3196//3196 3228//3228 
f 3230//3230 3198//3198 3197//3197 
f 3230//3230 3197//3197 3229//3229 
f 3231//3231 3199//3199 3198//3198 
f 3231//3231 3198//3198 3230//3230 
f 3232//3232 3200//3200 3199//3199 
f 3232//3232 3199//3199 3231//3231 
f 3233//3233 3201//3201 3200//3200 
f 3233//3233 3200//3200 3232//3232 
f 3234//3234 3202//3202 3201//3201 
f 3234//3234 3201//3201 3233//3233 
f 3235//3235 3203//3203 3202//3202 
f 3235//3235 3202//3202 3234//3234 
f 3236//3236 3204//3204 3203//3203 
f 3236//3236 3203//3203 3235//3235 
f 3237//3237 3205//3205 3204//3204 
f 3237//3237 3204//3204 3236//3236 
f 3238//3238 3206//3206 3205//3205 
f 3238//3238 3205//3205 3237//3237 
f 3239//3239 3207//3207 3206//3206 
f 3239//3239 3206//3206 3238//3238 
f 3240//3240 3208//3208 3207//3207 
f 3240//3240 3207//3207 3239//3239 
f 3241//3241 3209//3209 3208//3208 
f 3241//3241 3208//3208 3240//3240 
f 3242//3242 3210//3210 3209//3209 
f 3242//3242 3209//3209 3241//3241 
f 3243//3243 3211//3211 3210//3210 
f 3243//3243 3210//3210 3242//3242 
f 3244//3244 3212//3212 3211//3211 
f 3244//3244 3211//3211 3243//3243 
f 3245//3245 3213//3213 3212//3212 
f 3245//3245 3212//3212 3244//3244 
f 3246//3246 3214//3214 3213//3213 
f 3246//3246 3213//3213 3245//3245 
f 3247//3247 3215//3215 3214//3214 
f 3247//3247 3214//3214 3246//3246 
f 3248//3248 3216//3216 3215//3215 
f 3248//3248 3215//3215 3247//3247 
f 3249//3249 3217//3217 3216//3216 
f 3249//3249 3216//3216 3248//3248 
f 3250//3250 3218//3218 3217//3217 
f 3250//3250 3217//3217 3249//3249 
f 3251//3251 3219//3219 3218//3218 
f 3251//3251 3218//3218 3250//3250 
f 3252//3252 3220//3220 3219//3219 
f 3252//3252 3219//3219 3251//3251 
f 3253//3253 3221//3221 3220//3220 
f 3253//3253 3220//3220 3252//3252 
f 3254//3254 3222//3222 3221//3221 
f 3254//3254 3221//3221 3253//3253 
f 3255//3255 3223//3223 3222//3222 
f 3255//3255 3222//3222 3254//3254 
f 3256//3256 3224//3224 3223//3223 
f 3256//3256 3223//3223 3255//3255 
f 3226//3226 3194//3194 3224//3224 
f 3226//3226 3224//3224 3256//3256 
f 3257//3257 3225//3225 3226//3226 
f 3257//3257 3226//3226 3258//3258 
f 3259//3259 3227//3227 3225//3225 
f 3259//3259 3225//3225 3257//3257 
f 3260//3260 3228//3228 3227//3227 
f 3260//3260 3227//3227 3259//3259 
f 3261//3261 3229//3229 3228//3228 
f 3261//3261 3228//3228 3260//3260 
f 3262//3262 3230//3230 3229//3229 
f 3262//3262 3229//3229 3261//3261 
f 3263//3263 3231//3231 3230//3230 
f 3263//3263 3230//3230 3262//3262 
f 3264//3264 3232//3232 3231//3231 
f 3264//3264 3231//3231 3263//3263 
f 3265//3265 3233//3233 3232//3232 
f 3265//3265 3232//3232 3264//3264 
f 3266//3266 3234//3234 3233//3233 
f 3266//3266 3233//3233 3265//3265 
f 3267//3267 3235//3235 3234//3234 
f 3267//3267 3234//3234 3266//3266 
f 3268//3268 3236//3236 3235//3235 
f 3268//3268 3235//3235 3267//3267 
f 3269//3269 3237//3237 3236//3236 
f 3269//3269 3236//3236 3268//3268 
f 3270//3270 3238//3238 3237//3237 
f 3270//3270 3237//3237 3269//3269 
f 3271//3271 3239//3239 3238//3238 
f 3271//3271 3238//3238 3270//3270 
f 3272//3272 3240//3240 3239//3239 
f 3272//3272 3239//3239 3271//3271 
f 3273//3273 3241//3241 3240//3240 
f 3273//3273 3240//3240 3272//3272 
f 3274//3274 3242//3242 3241//3241 
f 3274//3274 3241//3241 3273//3273 
f 3275//3275 3243//3243 3242//3242 
f 3275//3275 3242//3242 3274//3274 
f 3276//3276 3244//3244 3243//3243 
f 3276//3276 3243//3243 3275//3275 
f 3277//3277 3245//3245 3244//3244 
f 3277//3277 3244//3244 3276//3276 
f 3278//3278 3246//3246 3245//3245 
f 3278//3278 3245//3245 3277//3277 
f 3279//3279 3247//3247 3246//3246 
f 3279//3279 3246//3246 3278//3278 
f 3280//3280 3248//3248 3247//3247 
f 3280//3280 3247//3247 3279//3279 
f 3281//3281 3249//3249 3248//3248 
f 3281//3281 3248//3248 3280//3280 
f 3282//3282 3250//3250 3249//3249 
f 3282//3282 3249//3249 3281//3281 
f 3283//3283 3251//3251 3250//3250 
f 3283//3283 3250//3250 3282//3282 
f 3284//3284 3252//3252 3251//3251 
f 3284//3284 3251//3251 3283//3283 
f 3285//3285 3253//3253 3252//3252 
f 3285//3285 3252//3252 3284//3284 
f 3286//3286 3254//3254 3253//3253 
f 3286//3286 3253//3253 3285//3285 
f 3287//3287 3255//3255 3254//3254 
f 3287//3287 3254//3254 3286//3286 
f 3288//3288 3256//3256 3255//3255 
f 3288//3288 3255//3255 3287//3287 
f 3258//3258 3226//3226 3256//3256 
f 3258//3258 3256//3256 3288//3288 
f 3289//3289 3257//3257 3258//3258 
f 3289//3289 3258//3258 3290//3290 
f 3291//3291 3259//3259 3257//3257 
f 3291//3291 3257//3257 3289//3289 
f 3292//3292 3260//3260 3259//3259 
f 3292//3292 3259//3259 3291//3291 
f 3293//3293 3261//3261 3260//3260 
f 3293//3293 3260//3260 3292//3292 
f 3294//3294 3262//3262 3261//3261 
f 3294//3294 3261//3261 3293//3293 
f 3295//3295 3263//3263 3262//3262 
f 3295//3295 3262//3262 3294//3294 
f 3296//3296 3264//3264 3263//3263 
f 3296//3296 3263//3263 3295//3295 
f 3297//3297 3265//3265 3264//3264 
f 3297//3297 3264//3264 3296//3296 
f 3298//3298 3266//3266 3265//3265 
f 3298//3298 3265//3265 3297//3297 
f 3299//3299 3267//3267 3266//3266 
f 3299//3299 3266//3266 3298//3298 
f 3300//3300 3268//3268 3267//3267 
f 3300//3300 3267//3267 3299//3299 
f 3301//3301 3269//3269 3268//3268 
f 3301//3301 3268//3268 3300//3300 
f 3302//3302 3270//3270 3269//3269 
f 3302//3302 3269//3269 3301//3301 
f 3303//3303 3271//3271 3270//3270 
f 3303//3303 3270//3270 3302//3302 
f 3304//3304 3272//3272 3271//3271 
f 3304//3304 3271//3271 3303//3303 
f 3305//3305 3273//3273 3272//3272 
f 3305//3305 3272//3272 3304//3304 
f 3306//3306 3274//3274 3273//3273 
f 3306//3306 3273//3273 3305//3305 
f 3307//3307 3275//3275 3274//3274 
f 3307//3307 3274//3274 3306//3306 
f 3308//3308 3276//3276 3275//3275 
f 3308//3308 3275//3275 3307//3307 
f 3309//3309 3277//3277 3276//3276 
f 3309//3309 3276//3276 3308//3308 
f 3310//3310 3278//3278 3277//3277 
f 3310//3310 3277//3277 3309//3309 
f 3311//3311 3279//3279 3278//3278 
f 3311//3311 3278//3278 3310//3310 
f 3312//3312 3280//3280 3279//3279 
f 3312//3312 3279//3279 3311//3311 
f 3313//3313 3281//3281 3280//3280 
f 3313//3313 3280//3280 3312//3312 
f 3314//3314 3282//3282 3281//3281 
f 3314//3314 3281//3281 3313//3313 
f 3315//3315 3283//3283 3282//3282 
f 3315//3315 3282//3282 3314//3314 
f 3316//3316 3284//3284 3283//3283 
f 3316//3316 3283//3283 3315//3315 
f 3317//3317 3285//3285 3284//3284 
f 3317//3317 3284//3284 3316//3316 
f 3318//3318 3286//3286 3285//3285 
f 3318//3318 3285//3285 3317//3317 
f 3319//3319 3287//3287 3286//3286 
f 3319//3319 3286//3286 3318//3318 
f 3320//3320 3288//3288 3287//3287 
f 3320//3320 3287//3287 3319//3319 
f 3290//3290 3258//3258 3288//3288 
f 3290//3290 3288//3288 3320//3320 
f 3321//3321 3289//3289 3290//3290 
f 3321//3321 3290//3290 3322//3322 
f 3323//3323 3291//3291 3289//3289 
f 3323//3323 3289//3289 3321//3321 
f 3324//3324 3292//3292 3291//3291 
f 3324//3324 3291//3291 3323//3323 
f 3325//3325 3293//3293 3292//3292 
f 3325//3325 3292//3292 3324//3324 
f 3326//3326 3294//3294 3293//3293 
f 3326//3326 3293//3293 3325//3325 
f 3327//3327 3295//3295 3294//3294 
f 3327//3327 3294//3294 3326//3326 
f 3328//3328 3296//3296 3295//3295 
f 3328//3328 3295//3295 3327//3327 
f 3329//3329 3297//3297 3296//3296 
f 3329//3329 3296//3296 3328//3328 
f 3330//3330 3298//3298 3297//3297 
f 3330//3330 3297//3297 3329//3329 
f 3331//3331 3299//3299 3298//3298 
f 3331//3331 3298//3298 3330//3330 
f 3332//3332 3300//3300 3299//3299 
f 3332//3332 3299//3299 3331//3331 
f 3333//3333 3301//3301 3300//3300 
f 3333//3333 3300//3300 3332//3332 
f 3334//3334 3302//3302 3301//3301 
f 3334//3334 3301//3301 3333//3333 
f 3335//3335 3303//3303 3302//3302 
f 3335//3335 3302//3302 3334//3334 
f 3336//3336 3304//3304 3303//3303 
f 3336//3336 3303//3303 3335//3335 
f 3337//3337 3305//3305 3304//3304 
f 3337//3337 3304//3304 3336//3336 
f 3338//3338 3306//3306 3305//3305 
f 3338//3338 3305//3305 3337//3337 
f 3339//3339 3307//3307 3306//3306 
f 3339//3339 3306//3306 3338//3338 
f 3340//3340 3308//3308 3307//3307 
f 3340//3340 3307//3307 3339//3339 
f 3341//3341 3309//3309 3308//3308 
f 3341//3341 3308//3308 3340//3340 
f 3342//3342 3310//3310 3309//3309 
f 3342//3342 3309//3309 3341//3341 
f 3343//3343 3311//3311 3310//3310 
f 3343//3343 3310//3310 3342//3342 
f 3344//3344 3312//3312 3311//3311 
f 3344//3344 3311//3311 3343//3343 
f 3345//3345 3313//3313 3312//3312 
f 3345//3345 3312//3312 3344//3344 
f 3346//3346 3314//3314 3313//3313 
f 3346//3346 3313//3313 3345//3345 
f 3347//3347 3315//3315 3314//3314 
f 3347//3347 3314//3314 3346//3346 
f 3348//3348 3316//3316 3315//3315 
f 3348//3348 3315//3315 3347//3347 
f 3349//3349 3317//3317 3316//3316 
f 3349//3349 3316//3316 3348//3348 
f 3350//3350 3318//3318 3317//3317 
f 3350//3350 3317//3317 3349//3349 
f 3351//3351 3319//3319 3318//3318 
f 3351//3351 3318//3318 3350//3350 
f 3352//3352 3320//3320 3319//3319 
f 3352//3352 3319//3319 3351//3351 
f 3322//3322 3290//3290 3320//3320 
f 3322//3322 3320//3320 3352//3352 
f 3353//3353 3321//3321 3322//3322 
f 3353//3353 3322//3322 3354//3354 
f 3355//3355 3323//3323 3321//3321 
f 3355//3355 3321//3321 3353//3353 
f 3356//3356 3324//3324 3323//3323 
f 3356//3356 3323//3323 3355//3355 
f 3357//3357 3325//3325 3324//3324 
f 3357//3357 3324//3324 3356//3356 
f 3358//3358 3326//3326 3325//3325 
f 3358//3358 3325//3325 3357//3357 
f 3359//3359 3327//3327 3326//3326 
f 3359//3359 3326//3326 3358//3358 
f 3360//3360 3328//3328 3327//3327 
f 3360//3360 3327//3327 3359//3359 
f 3361//3361 3329//3329 3328//3328 
f 3361//3361 3328//3328 3360//3360 
f 3362//3362 3330//3330 3329//3329 
f 3362//3362 3329//3329 3361//3361 
f 3363//3363 3331//3331 3330//3330 
f 3363//3363 3330//3330 3362//3362 
f 3364//3364 3332//3332 3331//3331 
f 3364//3364 3331//3331 3363//3363 
f 3365//3365 3333//3333 3332//3332 
f 3365//3365 3332//3332 3364//3364 
f 3366//3366 3334//3334 3333//3333 
f 3366//3366 3333//3333 3365//3365 
f 3367//3367 3335//3335 3334//3334 
f 3367//3367 3334//3334 3366//3366 
f 3368//3368 3336//3336 3335//3335 
f 3368//3368 3335//3335 3367//3367 
f 3369//3369 3337//3337 3336//3336 
f 3369//3369 3336//3336 3368//3368 
f 3370//3370 3338//3338 3337//3337 
f 3370//3370 3337//3337 3369//3369 
f 3371//3371 3339//3339 3338//3338 
f 3371//3371 3338//3338 3370//3370 
f 3372//3372 3340//3340 3339//3339 
f 3372//3372 3339//3339 3371//3371 
f 3373//3373 3341//3341 3340//3340 
f 3373//3373 3340//3340 3372//3372 
f 3374//3374 3342//3342 3341//3341 
f 3374//3374 3341//3341 3373//3373 
f 3375//3375 3343//3343 3342//3342 
f 3375//3375 3342//3342 3374//3374 
f 3376//3376 3344//3344 3343//3343 
f 3376//3376 3343//3343 3375//3375 
f 3377//3377 3345//3345 3344//3344 
f 3377//3377 3344//3344 3376//3376 
f 3378//3378 3346//3346 3345//3345 
f 3378//3378 3345//3345 3377//3377 
f 3379//3379 3347//3347 3346//3346 
f 3379//3379 3346//3346 3378//3378 
f 3380//3380 3348//3348 3347//3347 
f 3380//3380 3347//3347 3379//3379 
f 3381//3381 3349//3349 3348//3348 
f 3381//3381 3348//3348 3380//3380 
f 3382//3382 3350//3350 3349//3349 
f 3382//3382 3349//3349 3381//3381 
f 3383//3383 3351//3351 3350//3350 
f 3383//3383 3350//3350 3382//3382 
f 3384//3384 3352//3352 3351//3351 
f 3384//3384 3351//3351 3383//3383 
f 3354//3354 3322//3322 3352//3352 
f 3354//3354 3352//3352 3384//3384 
f 3385//3385 3353//3353 3354//3354 
f 3385//3385 3354//3354 3386//3386 
f 3387//3387 3355//3355 3353//3353 
f 3387//3387 3353//3353 3385//3385 
f 3388//3388 3356//3356 3355//3355 
f 3388//3388 3355//3355 3387//3387 
f 3389//3389 3357//3357 3356//3356 
f 3389//3389 3356//3356 3388//3388 
f 3390//3390 3358//3358 3357//3357 
f 3390//3390 3357//3357 3389//3389 
f 3391//3391 3359//3359 3358//3358 
f 3391//3391 3358//3358 3390//3390 
f 3392//3392 3360//3360 3359//3359 
f 3392//3392 3359//3359 3391//3391 
f 3393//3393 3361//3361 3360//3360 
f 3393//3393 3360//3360 3392//3392 
f 3394//3394 3362//3362 3361//3361 
f 3394//3394 3361//3361 3393//3393 
f 3395//3395 3363//3363 3362//3362 
f 3395//3395 3362//3362 3394//3394 
f 3396//3396 3364//3364 3363//3363 
f 3396//3396 3363//3363 3395//3395 
f 3397//3397 3365//3365 3364//3364 
f 3397//3397 3364//3364 3396//3396 
f 3398//3398 3366//3366 3365//3365 
f 3398//3398 3365//3365 3397//3397 
f 3399//3399 3367//3367 3366//3366 
f 3399//3399 3366//3366 3398//3398 
f 3400//3400 3368//3368 3367//3367 
f 3400//3400 3367//3367 3399//3399 
f 3401//3401 3369//3369 3368//3368 
f 3401//3401 3368//3368 3400//3400 
f 3402//3402 3370//3370 3369//3369 
f 3402//3402 3369//3369 3401//3401 
f 3403//3403 3371//3371 3370//3370 
f 3403//3403 3370//3370 3402//3402 
f 3404//3404 3372//3372 3371//3371 
f 3404//3404 3371//3371 3403//3403 
f 3405//3405 3373//3373 3372//3372 
f 3405//3405 3372//3372 3404//3404 
f 3406//3406 3374//3374 3373//3373 
f 3406//3406 3373//3373 3405//3405 
f 3407//3407 3375//3375 3374//3374 
f 3407//3407 3374//3374 3406//3406 
f 3408//3408 3376//3376 3375//3375 
f 3408//3408 3375//3375 3407//3407 
f 3409//3409 3377//3377 3376//3376 
f 3409//3409 3376//3376 3408//3408 
f 3410//3410 3378//3378 3377//3377 
f 3410//3410 3377//3377 3409//3409 
f 3411//3411 3379//3379 3378//3378 
f 3411//3411 3378//3378 3410//3410 
f 3412//3412 3380//3380 3379//3379 
f 3412//3412 3379//3379 3411//3411 
f 3413//3413 3381//3381 3380//3380 
f 3413//3413 3380//3380 3412//3412 
f 3414//3414 3382//3382 3381//3381 
f 3414//3414 3381//3381 3413//3413 
f 3415//3415 3383//3383 3382//3382 
f 3415//3415 3382//3382 3414//3414 
f 3416//3416 3384//3384 3383//3383 
f 3416//3416 3383//3383 3415//3415 
f 3386//3386 3354//3354 3384//3384 
f 3386//3386 3384//3384 3416//3416 
f 3417//3417 3385//3385 3386//3386 
f 3417//3417 3386//3386 3418//3418 
f 3419//3419 3387//3387 3385//3385 
f 3419//3419 3385//3385 3417//3417 
f 3420//3420 3388//3388 3387//3387 
f 3420//3420 3387//3387 3419//3419 
f 3421//3421 3389//3389 3388//3388 
f 3421//3421 3388//3388 3420//3420 
f 3422//3422 3390//3390 3389//3389 
f 3422//3422 3389//3389 3421//3421 
f 3423//3423 3391//3391 3390//3390 
f 3423//3423 3390//3390 3422//3422 
f 3424//3424 3392//3392 3391//3391 
f 3424//3424 3391//3391 3423//3423 
f 3425//3425 3393//3393 3392//3392 
f 3425//3425 3392//3392 3424//3424 
f 3426//3426 3394//3394 3393//3393 
f 3426//3426 3393//3393 3425//3425 
f 3427//3427 3395//3395 3394//3394 
f 3427//3427 3394//3394 3426//3426 
f 3428//3428 3396//3396 3395//3395 
f 3428//3428 3395//3395 3427//3427 
f 3429//3429 3397//3397 3396//3396 
f 3429//3429 3396//3396 3428//3428 
f 3430//3430 3398//3398 3397//3397 
f 3430//3430 3397//3397 3429//3429 
f 3431//3431 3399//3399 3398//3398 
f 3431//3431 3398//3398 3430//3430 
f 3432//3432 3400//3400 3399//3399 
f 3432//3432 3399//3399 3431//3431 
f 3433//3433 3401//3401 3400//3400 
f 3433//3433 3400//3400 3432//3432 
f 3434//3434 3402//3402 3401//3401 
f 3434//3434 3401//3401 3433//3433 
f 3435//3435 3403//3403 3402//3402 
f 3435//3435 3402//3402 3434//3434 
f 3436//3436 3404//3404 3403//3403 
f 3436//3436 3403//3403 3435//3435 
f 3437//3437 3405//3405 3404//3404 
f 3437//3437 3404//3404 3436//3436 
f 3438//3438 3406//3406 3405//3405 
f 3438//3438 3405//3405 3437//3437 
f 3439//3439 3407//3407 3406//3406 
f 3439//3439 3406//3406 3438//3438 
f 3440//3440 3408//3408 3407//3407 
f 3440//3440 3407//3407 3439//3439 
f 3441//3441 3409//3409 3408//3408 
f 3441//3441 3408//3408 3440//3440 
f 3442//3442 3410//3410 3409//3409 
f 3442//3442 3409//3409 3441//3441 
f 3443//3443 3411//3411 3410//3410 
f 3443//3443 3410//3410 3442//3442 
f 3444//3444 3412//3412 3411//3411 
f 3444//3444 3411//3411 3443//3443 
f 3445//3445 3413//3413 3412//3412 
f 3445//3445 3412//3412 3444//3444 
f 3446//3446 3414//3414 3413//3413 
f 3446//3446 3413//3413 3445//3445 
f 3447//3447 3415//3415 3414//3414 
f 3447//3447 3414//3414 3446//3446 
f 3448//3448 3416//3416 3415//3415 
f 3448//3448 3415//3415 3447//3447 
f 3418//3418 3386//3386 3416//3416 
f 3418//3418 3416//3416 3448//3448 
f 3449//3449 3417//3417 3418//3418 
f 3449//3449 3418//3418 3450//3450 
f 3451//3451 3419//3419 3417//3417 
f 3451//3451 3417//3417 3449//3449 
f 3452//3452 3420//3420 3419//3419 
f 3452//3452 3419//3419 3451//3451 
f 3453//3453 3421//3421 3420//3420 
f 3453//3453 3420//3420 3452//3452 
f 3454//3454 3422//3422 3421//3421 
f 3454//3454 3421//3421 3453//3453 
f 3455//3455 3423//3423 3422//3422 
f 3455//3455 3422//3422 3454//3454 
f 3456//3456 3424//3424 3423//3423 
f 3456//3456 3423//3423 3455//3455 
f 3457//3457 3425//3425 3424//3424 
f 3457//3457 3424//3424 3456//3456 
f 3458//3458 3426//3426 3425//3425 
f 3458//3458 3425//3425 3457//3457 
f 3459//3459 3427//3427 3426//3426 
f 3459//3459 3426//3426 3458//3458 
f 3460//3460 3428//3428 3427//3427 
f 3460//3460 3427//3427 3459//3459 
f 3461//3461 3429//3429 3428//3428 
f 3461//3461 3428//3428 3460//3460 
f 3462//3462 3430//3430 3429//3429 
f 3462//3462 3429//3429 3461//3461 
f 3463//3463 3431//3431 3430//3430 
f 3463//3463 3430//3430 3462//3462 
f 3464//3464 3432//3432 3431//3431 
f 3464//3464 3431//3431 3463//3463 
f 3465//3465 3433//3433 3432//3432 
f 3465//3465 3432//3432 3464//3464 
f 3466//3466 3434//3434 3433//3433 
f 3466//3466 3433//3433 3465//3465 
f 3467//3467 3435//3435 3434//3434 
f 3467//3467 3434//3434 3466//3466 
f 3468//3468 3436//3436 3435//3435 
f 3468//3468 3435//3435 3467//3467 
f 3469//3469 3437//3437 3436//3436 
f 3469//3469 3436//3436 3468//3468 
f 3470//3470 3438//3438 3437//3437 
f 3470//3470 3437//3437 3469//3469 
f 3471//3471 3439//3439 3438//3438 
f 3471//3471 3438//3438 3470//3470 
f 3472//3472 3440//3440 3439//3439 
f 3472//3472 3439//3439 3471//3471 
f 3473//3473 3441//3441 3440//3440 
f 3473//3473 3440//3440 3472//3472 
f 3474//3474 3442//3442 3441//3441 
f 3474//3474 3441//3441 3473//3473 
f 3475//3475 3443//3443 3442//3442 
f 3475//3475 3442//3442 3474//3474 
f 3476//3476 3444//3444 3443//3443 
f 3476//3476 3443//3443 3475//3475 
f 3477//3477 3445//3445 3444//3444 
f 3477//3477 3444//3444 3476//3476 
f 3478//3478 3446//3446 3445//3445 
f 3478//3478 3445//3445 3477//3477 
f 3479//3479 3447//3447 3446//3446 
f 3479//3479 3446//3446 3478//3478 
f 3480//3480 3448//3448 3447//3447 
f 3480//3480 3447//3447 3479//3479 
f 3450//3450 3418//3418 3448//3448 
f 3450//3450 3448//3448 3480//3480 
f 3481//3481 3449//3449 3450//3450 
f 3481//3481 3450//3450 3482//3482 
f 3483//3483 3451//3451 3449//3449 
f 3483//3483 3449//3449 3481//3481 
f 3484//3484 3452//3452 3451//3451 
f 3484//3484 3451//3451 3483//3483 
f 3485//3485 3453//3453 3452//3452 
f 3485//3485 3452//3452 3484//3484 
f 3486//3486 3454//3454 3453//3453 
f 3486//3486 3453//3453 3485//3485 
f 3487//3487 3455//3455 3454//3454 
f 3487//3487 3454//3454 3486//3486 
f 3488//3488 3456//3456 3455//3455 
f 3488//3488 3455//3455 3487//3487 
f 3489//3489 3457//3457 3456//3456 
f 3489//3489 3456//3456 3488//3488 
f 3490//3490 3458//3458 3457//3457 
f 3490//3490 3457//3457 3489//3489 
f 3491//3491 3459//3459 3458//3458 
f 3491//3491 3458//3458 3490//3490 
f 3492//3492 3460//3460 3459//3459 
f 3492//3492 3459//3459 3491//3491 
f 3493//3493 3461//3461 3460//3460 
f 3493//3493 3460//3460 3492//3492 
f 3494//3494 3462//3462 3461//3461 
f 3494//3494 3461//3461 3493//3493 
f 3495//3495 3463//3463 3462//3462 
f 3495//3495 3462//3462 3494//3494 
f 3496//3496 3464//3464 3463//3463 
f 3496//3496 3463//3463 3495//3495 
f 3497//3497 3465//3465 3464//3464 
f 3497//3497 3464//3464 3496//3496 
f 3498//3498 3466//3466 3465//3465 
f 3498//3498 3465//3465 3497//3497 
f 3499//3499 3467//3467 3466//3466 
f 3499//3499 3466//3466 3498//3498 
f 3500//3500 3468//3468 3467//3467 
f 3500//3500 3467//3467 3499//3499 
f 3501//3501 3469//3469 3468//3468 
f 3501//3501 3468//3468 3500//3500 
f 3502//3502 3470//3470 3469//3469 
f 3502//3502 3469//3469 3501//3501 
f 3503//3503 3471//3471 3470//3470 
f 3503//3503 3470//3470 3502//3502 
f 3504//3504 3472//3472 3471//3471 
f 3504//3504 3471//3471 3503//3503 
f 3505//3505 3473//3473 3472//3472 
f 3505//3505 3472//3472 3504//3504 
f 3506//3506 3474//3474 3473//3473 
f 3506//3506 3473//3473 3505//3505 
f 3507//3507 3475//3475 3474//3474 
f 3507//3507 3474//3474 3506//3506 
f 3508//3508 3476//3476 3475//3475 
f 3508//3508 3475//3475 3507//3507 
f 3509//3509 3477//3477 3476//3476 
f 3509//3509 3476//3476 3508//3508 
f 3510//3510 3478//3478 3477//3477 
f 3510//3510 3477//3477 3509//3509 
f 3511//3511 3479//3479 3478//3478 
f 3511//3511 3478//3478 3510//3510 
f 3512//3512 3480//3480 3479//3479 
f 3512//3512 3479//3479 3511//3511 
f 3482//3482 3450//3450 3480//3480 
f 3482//3482 3480//3480 3512//3512 
f 3513//3513 3481//3481 3482//3482 
f 3513//3513 3482//3482 3514//3514 
f 3515//3515 3483//3483 3481//3481 
f 3515//3515 3481//3481 3513//3513 
f 3516//3516 3484//3484 3483//3483 
f 3516//3516 3483//3483 3515//3515 
f 3517//3517 3485//3485 3484//3484 
f 3517//3517 3484//3484 3516//3516 
f 3518//3518 3486//3486 3485//3485 
f 3518//3518 3485//3485 3517//3517 
f 3519//3519 3487//3487 3486//3486 
f 3519//3519 3486//3486 3518//3518 
f 3520//3520 3488//3488 3487//3487 
f 3520//3520 3487//3487 3519//3519 
f 3521//3521 3489//3489 3488//3488 
f 3521//3521 3488//3488 3520//3520 
f 3522//3522 3490//3490 3489//3489 
f 3522//3522 3489//3489 3521//3521 
f 3523//3523 3491//3491 3490//3490 
f 3523//3523 3490//3490 3522//3522 
f 3524//3524 3492//3492 3491//3491 
f 3524//3524 3491//3491 3523//3523 
f 3525//3525 3493//3493 3492//3492 
f 3525//3525 3492//3492 3524//3524 
f 3526//3526 3494//3494 3493//3493 
f 3526//3526 3493//3493 3525//3525 
f 3527//3527 3495//3495 3494//3494 
f 3527//3527 3494//3494 3526//3526 
f 3528//3528 3496//3496 3495//3495 
f 3528//3528 3495//3495 3527//3527 
f 3529//3529 3497//3497 3496//3496 
f 3529//3529 3496//3496 3528//3528 
f 3530//3530 3498//3498 3497//3497 
f 3530//3530 3497//3497 3529//3529 
f 3531//3531 3499//3499 3498//3498 
f 3531//3531 3498//3498 3530//3530 
f 3532//3532 3500//3500 3499//3499 
f 3532//3532 3499//3499 3531//3531 
f 3533//3533 3501//3501 3500//3500 
f 3533//3533 3500//3500 3532//3532 
f 3534//3534 3502//3502 3501//3501 
f 3534//3534 3501//3501 3533//3533 
f 3535//3535 3503//3503 3502//3502 
f 3535//3535 3502//3502 3534//3534 
f 3536//3536 3504//3504 3503//3503 
f 3536//3536 3503//3503 3535//3535 
f 3537//3537 3505//3505 3504//3504 
f 3537//3537 3504//3504 3536//3536 
f 3538//3538 3506//3506 3505//3505 
f 3538//3538 3505//3505 3537//3537 
f 3539//3539 3507//3507 3506//3506 
f 3539//3539 3506//3506 3538//3538 
f 3540//3540 3508//3508 3507//3507 
f 3540//3540 3507//3507 3539//3539 
f 3541//3541 3509//3509 3508//3508 
f 3541//3541 3508//3508 3540//3540 
f 3542//3542 3510//3510 3509//3509 
f 3542//3542 3509//3509 3541//3541 
f 3543//3543 3511//3511 3510//3510 
f 3543//3543 3510//3510 3542//3542 
f 3544//3544 3512//3512 3511//3511 
f 3544//3544 3511//3511 3543//3543 
f 3514//3514 3482//3482 3512//3512 
f 3514//3514 3512//3512 3544//3544 
f 3545//3545 3513//3513 3514//3514 
f 3545//3545 3514//3514 3546//3546 
f 3547//3547 3515//3515 3513//3513 
f 3547//3547 3513//3513 3545//3545 
f 3548//3548 3516//3516 3515//3515 
f 3548//3548 3515//3515 3547//3547 
f 3549//3549 3517//3517 3516//3516 
f 3549//3549 3516//3516 3548//3548 
f 3550//3550 3518//3518 3517//3517 
f 3550//3550 3517//3517 3549//3549 
f 3551//3551 3519//3519 3518//3518 
f 3551//3551 3518//3518 3550//3550 
f 3552//3552 3520//3520 3519//3519 
f 3552//3552 3519//3519 3551//3551 
f 3553//3553 3521//3521 3520//3520 
f 3553//3553 3520//3520 3552//3552 
f 3554//3554 3522//3522 3521//3521 
f 3554//3554 3521//3521 3553//3553 
f 3555//3555 3523//3523 3522//3522 
f 3555//3555 3522//3522 3554//3554 
f 3556//3556 3524//3524 3523//3523 
f 3556//3556 3523//3523 3555//3555 
f 3557//3557 3525//3525 3524//3524 
f 3557//3557 3524//3524 3556//3556 
f 3558//3558 3526//3526 3525//3525 
f 3558//3558 3525//3525 3557//3557 
f 3559//3559 3527//3527 3526//3526 
f 3559//3559 3526//3526 3558//3558 
f 3560//3560 3528//3528 3527//3527 
f 3560//3560 3527//3527 3559//3559 
f 3561//3561 3529//3529 3528//3528 
f 3561//3561 3528//3528 3560//3560 
f 3562//3562 3530//3530 3529//3529 
f 3562//3562 3529//3529 3561//3561 
f 3563//3563 3531//3531 3530//3530 
f 3563//3563 3530//3530 3562//3562 
f 3564//3564 3532//3532 3531//3531 
f 3564//3564 3531//3531 3563//3563 
f 3565//3565 3533//3533 3532//3532 
f 3565//3565 3532//3532 3564//3564 
f 3566//3566 3534//3534 3533//3533 
f 3566//3566 3533//3533 3565//3565 
f 3567//3567 3535//3535 3534//3534 
f 3567//3567 3534//3534 3566//3566 
f 3568//3568 3536//3536 3535//3535 
f 3568//3568 3535//3535 3567//3567 
f 3569//3569 3537//3537 3536//3536 
f 3569//3569 3536//3536 3568//3568 
f 3570//3570 3538//3538 3537//3537 
f 3570//3570 3537//3537 3569//3569 
f 3571//3571 3539//3539 3538//3538 
f 3571//3571 3538//3538 3570//3570 
f 3572//3572 3540//3540 3539//3539 
f 3572//3572 3539//3539 3571//3571 
f 3573//3573 3541//3541 3540//3540 
f 3573//3573 3540//3540 3572//3572 
f 3574//3574 3542//3542 3541//3541 
f 3574//3574 3541//3541 3573//3573 
f 3575//3575 3543//3543 3542//3542 
f 3575//3575 3542//3542 3574//3574 
f 3576//3576 3544//3544 3543//3543 
f 3576//3576 3543//3543 3575//3575 
f 3546//3546 3514//3514 3544//3544 
f 3546//3546 3544//3544 3576//3576 
f 3577//3577 3545//3545 3546//3546 
f 3577//3577 3546//3546 3578//3578 
f 3579//3579 3547//3547 3545//3545 
f 3579//3579 3545//3545 3577//3577 
f 3580//3580 3548//3548 3547//3547 
f 3580//3580 3547//3547 3579//3579 
f 3581//3581 3549//3549 3548//3548 
f 3581//3581 3548//3548 3580//3580 
f 3582//3582 3550//3550 3549//3549 
f 3582//3582 3549//3549 3581//3581 
f 3583//3583 3551//3551 3550//3550 
f 3583//3583 3550//3550 3582//3582 
f 3584//3584 3552//3552 3551//3551 
f 3584//3584 3551//3551 3583//3583 
f 3585//3585 3553//3553 3552//3552 
f 3585//3585 3552//3552 3584//3584 
f 3586//3586 3554//3554 3553//3553 
f 3586//3586 3553//3553 3585//3585 
f 3587//3587 3555//3555 3554//3554 
f 3587//3587 3554//3554 3586//3586 
f 3588//3588 3556//3556 3555//3555 
f 3588//3588 3555//3555 3587//3587 
f 3589//3589 3557//3557 3556//3556 
f 3589//3589 3556//3556 3588//3588 
f 3590//3590 3558//3558 3557//3557 
f 3590//3590 3557//3557 3589//3589 
f 3591//3591 3559//3559 3558//3558 
f 3591//3591 3558//3558 3590//3590 
f 3592//3592 3560//3560 3559//3559 
f 3592//3592 3559//3559 3591//3591 
f 3593//3593 3561//3561 3560//3560 
f 3593//3593 3560//3560 3592//3592 
f 3594//3594 3562//3562 3561//3561 
f 3594//3594 3561//3561 3593//3593 
f 3595//3595 3563//3563 3562//3562 
f 3595//3595 3562//3562 3594//3594 
f 3596//3596 3564//3564 3563//3563 
f 3596//3596 3563//3563 3595//3595 
f 3597//3597 3565//3565 3564//3564 
f 3597//3597 3564//3564 3596//3596 
f 3598//3598 3566//3566 3565//3565 
f 3598//3598 3565//3565 3597//3597 
f 3599//3599 3567//3567 3566//3566 
f 3599//3599 3566//3566 3598//3598 
f 3600//3600 3568//3568 3567//3567 
f 3600//3600 3567//3567 3599//3599 
f 3601//3601 3569//3569 3568//3568 
f 3601//3601 3568//3568 3600//3600 
f 3602//3602 3570//3570 3569//3569 
f 3602//3602 3569//3569 3601//3601 
f 3603//3603 3571//3571 3570//3570 
f 3603//3603 3570//3570 3602//3602 
f 3604//3604 3572//3572 3571//3571 
f 3604//3604 3571//3571 3603//3603 
f 3605//3605 3573//3573 3572//3572 
f 3605//3605 3572//3572 3604//3604 
f 3606//3606 3574//3574 3573//3573 
f 3606//3606 3573//3573 3605//3605 
f 3607//3607 3575//3575 3574//3574 
f 3607//3607 3574//3574 3606//3606 
f 3608//3608 3576//3576 3575//3575 
f 3608//3608 3575//3575 3607//3607 
f 3578//3578 3546//3546 3576//3576 
f 3578//3578 3576//3576 3608//3608 
f 3609//3609 3577//3577 3578//3578 
f 3609//3609 3578//3578 3610//3610 
f 3611//3611 3579//3579 3577//3577 
f 3611//3611 3577//3577 3609//3609 
f 3612//3612 3580//3580 3579//3579 
f 3612//3612 3579//3579 3611//3611 
f 3613//3613 3581//3581 3580//3580 
f 3613//3613 3580//3580 3612//3612 
f 3614//3614 3582//3582 3581//3581 
f 3614//3614 3581//3581 3613//3613 
f 3615//3615 3583//3583 3582//3582 
f 3615//3615 3582//3582 3614//3614 
f 3616//3616 3584//3584 3583//3583 
f 3616//3616 3583//3583 3615//3615 
f 3617//3617 3585//3585 3584//3584 
f 3617//3617 3584//3584 3616//3616 
f 3618//3618 3586//3586 3585//3585 
f 3618//3618 3585//3585 3617//3617 
f 3619//3619 3587//3587 3586//3586 
f 3619//3619 3586//3586 3618//3618 
f 3620//3620 3588//3588 3587//3587 
f 3620//3620 3587//3587 3619//3619 
f 3621//3621 3589//3589 3588//3588 
f 3621//3621 3588//3588 3620//3620 
f 3622//3622 3590//3590 3589//3589 
f 3622//3622 3589//3589 3621//3621 
f 3623//3623 3591//3591 3590//3590 
f 3623//3623 3590//3590 3622//3622 
f 3624//3624 3592//3592 3591//3591 
f 3624//3624 3591//3591 3623//3623 
f 3625//3625 3593//3593 3592//3592 
f 3625//3625 3592//3592 3624//3624 
f 3626//3626 3594//3594 3593//3593 
f 3626//3626 3593//3593 3625//3625 
f 3627//3627 3595//3595 3594//3594 
f 3627//3627 3594//3594 3626//3626 
f 3628//3628 3596//3596 3595//3595 
f 3628//3628 3595//3595 3627//3627 
f 3629//3629 3597//3597 3596//3596 
f 3629//3629 3596//3596 3628//3628 
f 3630//3630 3598//3598 3597//3597 
f 3630//3630 3597//3597 3629//3629 
f 3631//3631 3599//3599 3598//3598 
f 3631//3631 3598//3598 3630//3630 
f 3632//3632 3600//3600 3599//3599 
f 3632//3632 3599//3599 3631//3631 
f 3633//3633 3601//3601 3600//3600 
f 3633//3633 3600//3600 3632//3632 
f 3634//3634 3602//3602 3601//3601 
f 3634//3634 3601//3601 3633//3633 
f 3635//3635 3603//3603 3602//3602 
f 3635//3635 3602//3602 3634//3634 
f 3636//3636 3604//3604 3603//3603 
f 3636//3636 3603//3603 3635//3635 
f 3637//3637 3605//3605 3604//3604 
f 3637//3637 3604//3604 3636//3636 
f 3638//3638 3606//3606 3605//3605 
f 3638//3638 3605//3605 3637//3637 
f 3639//3639 3607//3607 3606//3606 
f 3639//3639 3606//3606 3638//3638 
f 3640//3640 3608//3608 3607//3607 
f 3640//3640 3607//3607 3639//3639 
f 3610//3610 3578//3578 3608//3608 
f 3610//3610 3608//3608 3640//3640 
f 3641//3641 3609//3609 3610//3610 
f 3641//3641 3610//3610 3642//3642 
f 3643//3643 3611//3611 3609//3609 
f 3643//3643 3609//3609 3641//3641 
f 3644//3644 3612//3612 3611//3611 
f 3644//3644 3611//3611 3643//3643 
f 3645//3645 3613//3613 3612//3612 
f 3645//3645 3612//3612 3644//3644 
f 3646//3646 3614//3614 3613//3613 
f 3646//3646 3613//3613 3645//3645 
f 3647//3647 3615//3615 3614//3614 
f 3647//3647 3614//3614 3646//3646 
f 3648//3648 3616//3616 3615//3615 
f 3648//3648 3615//3615 3647//3647 
f 3649//3649 3617//3617 3616//3616 
f 3649//3649 3616//3616 3648//3648 
f 3650//3650 3618//3618 3617//3617 
f 3650//3650 3617//3617 3649//3649 
f 3651//3651 3619//3619 3618//3618 
f 3651//3651 3618//3618 3650//3650 
f 3652//3652 3620//3620 3619//3619 
f 3652//3652 3619//3619 3651//3651 
f 3653//3653 3621//3621 3620//3620 
f 3653//3653 3620//3620 3652//3652 
f 3654//3654 3622//3622 3621//3621 
f 3654//3654 3621//3621 3653//3653 
f 3655//3655 3623//3623 3622//3622 
f 3655//3655 3622//3622 3654//3654 
f 3656//3656 3624//3624 3623//3623 
f 3656//3656 3623//3623 3655//3655 
f 3657//3657 3625//3625 3624//3624 
f 3657//3657 3624//3624 3656//3656 
f 3658//3658 3626//3626 3625//3625 
f 3658//3658 3625//3625 3657//3657 
f 3659//3659 3627//3627 3626//3626 
f 3659//3659 3626//3626 3658//3658 
f 3660//3660 3628//3628 3627//3627 
f 3660//3660 3627//3627 3659//3659 
f 3661//3661 3629//3629 3628//3628 
f 3661//3661 3628//3628 3660//3660 
f 3662//3662 3630//3630 3629//3629 
f 3662//3662 3629//3629 3661//3661 
f 3663//3663 3631//3631 3630//3630 
f 3663//3663 3630//3630 3662//3662 
f 3664//3664 3632//3632 3631//3631 
f 3664//3664 3631//3631 3663//3663 
f 3665//3665 3633//3633 3632//3632 
f 3665//3665 3632//3632 3664//3664 
f 3666//3666 3634//3634 3633//3633 
f 3666//3666 3633//3633 3665//3665 
f 3667//3667 3635//3635 3634//3634 
f 3667//3667 3634//3634 3666//3666 
f 3668//3668 3636//3636 3635//3635 
f 3668//3668 3635//3635 3667//3667 
f 3669//3669 3637//3637 3636//3636 
f 3669//3669 3636//3636 3668//3668 
f 3670//3670 3638//3638 3637//3637 
f 3670//3670 3637//3637 3669//3669 
f 3671//3671 3639//3639 3638//3638 
f 3671//3671 3638//3638 3670//3670 
f 3672//3672 3640//3640 3639//3639 
f 3672//3672 3639//3639 3671//3671 
f 3642//3642 3610//3610 3640//3640 
f 3642//3642 3640//3640 3672//3672 
f 3673//3673 3641//3641 3642//3642 
f 3673//3673 3642//3642 3674//3674 
f 3675//3675 3643//3643 3641//3641 
f 3675//3675 3641//3641 3673//3673 
f 3676//3676 3644//3644 3643//3643 
f 3676//3676 3643//3643 3675//3675 
f 3677//3677 3645//3645 3644//3644 
f 3677//3677 3644//3644 3676//3676 
f 3678//3678 3646//3646 3645//3645 
f 3678//3678 3645//3645 3677//3677 
f 3679//3679 3647//3647 3646//3646 
f 3679//3679 3646//3646 3678//3678 
f 3680//3680 3648//3648 3647//3647 
f 3680//3680 3647//3647 3679//3679 
f 3681//3681 3649//3649 3648//3648 
f 3681//3681 3648//3648 3680//3680 
f 3682//3682 3650//3650 3649//3649 
f 3682//3682 3649//3649 3681//3681 
f 3683//3683 3651//3651 3650//3650 
f 3683//3683 3650//3650 3682//3682 
f 3684//3684 3652//3652 3651//3651 
f 3684//3684 3651//3651 3683//3683 
f 3685//3685 3653//3653 3652//3652 
f 3685//3685 3652//3652 3684//3684 
f 3686//3686 3654//3654 3653//3653 
f 3686//3686 3653//3653 3685//3685 
f 3687//3687 3655//3655 3654//3654 
f 3687//3687 3654//3654 3686//3686 
f 3688//3688 3656//3656 3655//3655 
f 3688//3688 3655//3655 3687//3687 
f 3689//3689 3657//3657 3656//3656 
f 3689//3689 3656//3656 3688//3688 
f 3690//3690 3658//3658 3657//3657 
f 3690//3690 3657//3657 3689//3689 
f 3691//3691 3659//3659 3658//3658 
f 3691//3691 3658//3658 3690//3690 
f 3692//3692 3660//3660 3659//3659 
f 3692//3692 3659//3659 3691//3691 
f 3693//3693 3661//3661 3660//3660 
f 3693//3693 3660//3660 3692//3692 
f 3694//3694 3662//3662 3661//3661 
f 3694//3694 3661//3661 3693//3693 
f 3695//3695 3663//3663 3662//3662 
f 3695//3695 3662//3662 3694//3694 
f 3696//3696 3664//3664 3663//3663 
f 3696//3696 3663//3663 3695//3695 
f 3697//3697 3665//3665 3664//3664 
f 3697//3697 3664//3664 3696//3696 
f 3698//3698 3666//3666 3665//3665 
f 3698//3698 3665//3665 3697//3697 
f 3699//3699 3667//3667 3666//3666 
f 3699//3699 3666//3666 3698//3698 
f 3700//3700 3668//3668 3667//3667 
f 3700//3700 3667//3667 3699//3699 
f 3701//3701 3669//3669 3668//3668 
f 3701//3701 3668//3668 3700//3700 
f 3702//3702 3670//3670 3669//3669 
f 3702//3702 3669//3669 3701//3701 
f 3703//3703 3671//3671 3670//3670 
f 3703//3703 3670//3670 3702//3702 
f 3704//3704 3672//3672 3671//3671 
f 3704//3704 3671//3671 3703//3703 
f 3674//3674 3642//3642 3672//3672 
f 3674//3674 3672//3672 3704//3704 
f 3705//3705 3673//3673 3674//3674 
f 3705//3705 3674//3674 3706//3706 
f 3707//3707 3675//3675 3673//3673 
f 3707//3707 3673//3673 3705//3705 
f 3708//3708 3676//3676 3675//3675 
f 3708//3708 3675//3675 3707//3707 
f 3709//3709 3677//3677 3676//3676 
f 3709//3709 3676//3676 3708//3708 
f 3710//3710 3678//3678 3677//3677 
f 3710//3710 3677//3677 3709//3709 
f 3711//3711 3679//3679 3678//3678 
f 3711//3711 3678//3678 3710//3710 
f 3712//3712 3680//3680 3679//3679 
f 3712//3712 3679//3679 3711//3711 
f 3713//3713 3681//3681 3680//3680 
f 3713//3713 3680//3680 3712//3712 
f 3714//3714 3682//3682 3681//3681 
f 3714//3714 3681//3681 3713//3713 
f 3715//3715 3683//3683 3682//3682 
f 3715//3715 3682//3682 3714//3714 
f 3716//3716 3684//3684 3683//3683 
f 3716//3716 3683//3683 3715//3715 
f 3717//3717 3685//3685 3684//3684 
f 3717//3717 3684//3684 3716//3716 
f 3718//3718 3686//3686 3685//3685 
f 3718//3718 3685//3685 3717//3717 
f 3719//3719 3687//3687 3686//3686 
f 3719//3719 3686//3686 3718//3718 
f 3720//3720 3688//3688 3687//3687 
f 3720//3720 3687//3687 3719//3719 
f 3721//3721 3689//3689 3688//3688 
f 3721//3721 3688//3688 3720//3720 
f 3722//3722 3690//3690 3689//3689 
f 3722//3722 3689//3689 3721//3721 
f 3723//3723 3691//3691 3690//3690 
f 3723//3723 3690//3690 3722//3722 
f 3724//3724 3692//3692 3691//3691 
f 3724//3724 3691//3691 3723//3723 
f 3725//3725 3693//3693 3692//3692 
f 3725//3725 3692//3692 3724//3724 
f 3726//3726 3694//3694 3693//3693 
f 3726//3726 3693//3693 3725//3725 
f 3727//3727 3695//3695 3694//3694 
f 3727//3727 3694//3694 3726//3726 
f 3728//3728 3696//3696 3695//3695 
f 3728//3728 3695//3695 3727//3727 
f 3729//3729 3697//3697 3696//3696 
f 3729//3729 3696//3696 3728//3728 
f 3730//3730 3698//3698 3697//3697 
f 3730//3730 3697//3697 3729//3729 
f 3731//3731 3699//3699 3698//3698 
f 3731//3731 3698//3698 3730//3730 
f 3732//3732 3700//3700 3699//3699 
f 3732//3732 3699//3699 3731//3731 
f 3733//3733 3701//3701 3700//3700 
f 3733//3733 3700//3700 3732//3732 
f 3734//3734 3702//3702 3701//3701 
f 3734//3734 3701//3701 3733//3733 
f 3735//3735 3703//3703 3702//3702 
f 3735//3735 3702//3702 3734//3734 
f 3736//3736 3704//3704 3703//3703 
f 3736//3736 3703//3703 3735//3735 
f 3706//3706 3674//3674 3704//3704 
f 3706//3706 3704//3704 3736//3736 
f 3737//3737 3705//3705 3706//3706 
f 3737//3737 3706//3706 3738//3738 
f 3739//3739 3707//3707 3705//3705 
f 3739//3739 3705//3705 3737//3737 
f 3740//3740 3708//3708 3707//3707 
f 3740//3740 3707//3707 3739//3739 
f 3741//3741 3709//3709 3708//3708 
f 3741//3741 3708//3708 3740//3740 
f 3742//3742 3710//3710 3709//3709 
f 3742//3742 3709//3709 3741//3741 
f 3743//3743 3711//3711 3710//3710 
f 3743//3743 3710//3710 3742//3742 
f 3744//3744 3712//3712 3711//3711 
f 3744//3744 3711//3711 3743//3743 
f 3745//3745 3713//3713 3712//3712 
f 3745//3745 3712//3712 3744//3744 
f 3746//3746 3714//3714 3713//3713 
f 3746//3746 3713//3713 3745//3745 
f 3747//3747 3715//3715 3714//3714 
f 3747//3747 3714//3714 3746//3746 
f 3748//3748 3716//3716 3715//3715 
f 3748//3748 3715//3715 3747//3747 
f 3749//3749 3717//3717 3716//3716 
f 3749//3749 3716//3716 3748//3748 
f 3750//3750 3718//3718 3717//3717 
f 3750//3750 3717//3717 3749//3749 
f 3751//3751 3719//3719 3718//3718 
f 3751//3751 3718//3718 3750//3750 
f 3752//3752 3720//3720 3719//3719 
f 3752//3752 3719//3719 3751//3751 
f 3753//3753 3721//3721 3720//3720 
f 3753//3753 3720//3720 3752//3752 
f 3754//3754 3722//3722 3721//3721 
f 3754//3754 3721//3721 3753//3753 
f 3755//3755 3723//3723 3722//3722 
f 3755//3755 3722//3722 3754//3754 
f 3756//3756 3724//3724 3723//3723 
f 3756//3756 3723//3723 3755//3755 
f 3757//3757 3725//3725 3724//3724 
f 3757//3757 3724//3724 3756//3756 
f 3758//3758 3726//3726 3725//3725 
f 3758//3758 3725//3725 3757//3757 
f 3759//3759 3727//3727 3726//3726 
f 3759//3759 3726//3726 3758//3758 
f 3760//3760 3728//3728 3727//3727 
f 3760//3760 3727//3727 3759//3759 
f 3761//3761 3729//3729 3728//3728 
f 3761//3761 3728//3728 3760//3760 
f 3762//3762 3730//3730 3729//3729 
f 3762//3762 3729//3729 3761//3761 
f 3763//3763 3731//3731 3730//3730 
f 3763//3763 3730//3730 3762//3762 
f 3764//3764 3732//3732 3731//3731 
f 3764//3764 3731//3731 3763//3763 
f 3765//3765 3733//3733 3732//3732 
f 3765//3765 3732//3732 3764//3764 
f 3766//3766 3734//3734 3733//3733 
f 3766//3766 3733//3733 3765//3765 
f 3767//3767 3735//3735 3734//3734 
f 3767//3767 3734//3734 3766//3766 
f 3768//3768 3736//3736 3735//3735 
f 3768//3768 3735//3735 3767//3767 
f 3738//3738 3706//3706 3736//3736 
f 3738//3738 3736//3736 3768//3768 
f 3769//3769 3737//3737 3738//3738 
f 3769//3769 3738//3738 3770//3770 
f 3771//3771 3739//3739 3737//3737 
f 3771//3771 3737//3737 3769//3769 
f 3772//3772 3740//3740 3739//3739 
f 3772//3772 3739//3739 3771//3771 
f 3773//3773 3741//3741 3740//3740 
f 3773//3773 3740//3740 3772//3772 
f 3774//3774 3742//3742 3741//3741 
f 3774//3774 3741//3741 3773//3773 
f 3775//3775 3743//3743 3742//3742 
f 3775//3775 3742//3742 3774//3774 
f 3776//3776 3744//3744 3743//3743 
f 3776//3776 3743//3743 3775//3775 
f 3777//3777 3745//3745 3744//3744 
f 3777//3777 3744//3744 3776//3776 
f 3778//3778 3746//3746 3745//3745 
f 3778//3778 3745//3745 3777//3777 
f 3779//3779 3747//3747 3746//3746 
f 3779//3779 3746//3746 3778//3778 
f 3780//3780 3748//3748 3747//3747 
f 3780//3780 3747//3747 3779//3779 
f 3781//3781 3749//3749 3748//3748 
f 3781//3781 3748//3748 3780//3780 
f 3782//3782 3750//3750 3749//3749 
f 3782//3782 3749//3749 3781//3781 
f 3783//3783 3751//3751 3750//3750 
f 3783//3783 3750//3750 3782//3782 
f 3784//3784 3752//3752 3751//3751 
f 3784//3784 3751//3751 3783//3783 
f 3785//3785 3753//3753 3752//3752 
f 3785//3785 3752//3752 3784//3784 
f 3786//3786 3754//3754 3753//3753 
f 3786//3786 3753//3753 3785//3785 
f 3787//3787 3755//3755 3754//3754 
f 3787//3787 3754//3754 3786//3786 
f 3788//3788 3756//3756 3755//3755 
f 3788//3788 3755//3755 3787//3787 
f 3789//3789 3757//3757 3756//3756 
f 3789//3789 3756//3756 3788//3788 
f 3790//3790 3758//3758 3757//3757 
f 3790//3790 3757//3757 3789//3789 
f 3791//3791 3759//3759 3758//3758 
f 3791//3791 3758//3758 3790//3790 
f 3792//3792 3760//3760 3759//3759 
f 3792//3792 3759//3759 3791//3791 
f 3793//3793 3761//3761 3760//3760 
f 3793//3793 3760//3760 3792//3792 
f 3794//3794 3762//3762 3761//3761 
f 3794//3794 3761//3761 3793//3793 
f 3795//3795 3763//3763 3762//3762 
f 3795//3795 3762//3762 3794//3794 
f 3796//3796 3764//3764 3763//3763 
f 3796//3796 3763//3763 3795//3795 
f 3797//3797 3765//3765 3764//3764 
f 3797//3797 3764//3764 3796//3796 
f 3798//3798 3766//3766 3765//3765 
f 3798//3798 3765//3765 3797//3797 
f 3799//3799 3767//3767 3766//3766 
f 3799//3799 3766//3766 3798//3798 
f 3800//3800 3768//3768 3767//3767 
f 3800//3800 3767//3767 3799//3799 
f 3770//3770 3738//3738 3768//3768 
f 3770//3770 3768//3768 3800//3800 
f 3801//3801 3769//3769 3770//3770 
f 3801//3801 3770//3770 3802//3802 
f 3803//3803 3771//3771 3769//3769 
f 3803//3803 3769//3769 3801//3801 
f 3804//3804 3772//3772 3771//3771 
f 3804//3804 3771//3771 3803//3803 
f 3805//3805 3773//3773 3772//3772 
f 3805//3805 3772//3772 3804//3804 
f 3806//3806 3774//3774 3773//3773 
f 3806//3806 3773//3773 3805//3805 
f 3807//3807 3775//3775 3774//3774 
f 3807//3807 3774//3774 3806//3806 
f 3808//3808 3776//3776 3775//3775 
f 3808//3808 3775//3775 3807//3807 
f 3809//3809 3777//3777 3776//3776 
f 3809//3809 3776//3776 3808//3808 
f 3810//3810 3778//3778 3777//3777 
f 3810//3810 3777//3777 3809//3809 
f 3811//3811 3779//3779 3778//3778 
f 3811//3811 3778//3778 3810//3810 
f 3812//3812 3780//3780 3779//3779 
f 3812//3812 3779//3779 3811//3811 
f 3813//3813 3781//3781 3780//3780 
f 3813//3813 3780//3780 3812//3812 
f 3814//3814 3782//3782 3781//3781 
f 3814//3814 3781//3781 3813//3813 
f 3815//3815 3783//3783 3782//3782 
f 3815//3815 3782//3782 3814//3814 
f 3816//3816 3784//3784 3783//3783 
f 3816//3816 3783//3783 3815//3815 
f 3817//3817 3785//3785 3784//3784 
f 3817//3817 3784//3784 3816//3816 
f 3818//3818 3786//3786 3785//3785 
f 3818//3818 3785//3785 3817//3817 
f 3819//3819 3787//3787 3786//3786 
f 3819//3819 3786//3786 3818//3818 
f 3820//3820 3788//3788 3787//3787 
f 3820//3820 3787//3787 3819//3819 
f 3821//3821 3789//3789 3788//3788 
f 3821//3821 3788//3788 3820//3820 
f 3822//3822 3790//3790 3789//3789 
f 3822//3822 3789//3789 3821//3821 
f 3823//3823 3791//3791 3790//3790 
f 3823//3823 3790//3790 3822//3822 
f 3824//3824 3792//3792 3791//3791 
f 3824//3824 3791//3791 3823//3823 
f 3825//3825 3793//3793 3792//3792 
f 3825//3825 3792//3792 3824//3824 
f 3826//3826 3794//3794 3793//3793 
f 3826//3826 3793//3793 3825//3825 
f 3827//3827 3795//3795 3794//3794 
f 3827//3827 3794//3794 3826//3826 
f 3828//3828 3796//3796 3795//3795 
f 3828//3828 3795//3795 3827//3827 
f 3829//3829 3797//3797 3796//3796 
f 3829//3829 3796//3796 3828//3828 
f 3830//3830 3798//3798 3797//3797 
f 3830//3830 3797//3797 3829//3829 
f 3831//3831 3799//3799 3798//3798 
f 3831//3831 3798//3798 3830//3830 
f 3832//3832 3800//3800 3799//3799 
f 3832//3832 3799//3799 3831//3831 
f 3802//3802 3770//3770 3800//3800 
f 3802//3802 3800//3800 3832//3832 
f 3833//3833 3801//3801 3802//3802 
f 3833//3833 3802//3802 3834//3834 
f 3835//3835 3803//3803 3801//3801 
f 3835//3835 3801//3801 3833//3833 
f 3836//3836 3804//3804 3803//3803 
f 3836//3836 3803//3803 3835//3835 
f 3837//3837 3805//3805 3804//3804 
f 3837//3837 3804//3804 3836//3836 
f 3838//3838 3806//3806 3805//3805 
f 3838//3838 3805//3805 3837//3837 
f 3839//3839 3807//3807 3806//3806 
f 3839//3839 3806//3806 3838//3838 
f 3840//3840 3808//3808 3807//3807 
f 3840//3840 3807//3807 3839//3839 
f 3841//3841 3809//3809 3808//3808 
f 3841//3841 3808//3808 3840//3840 
f 3842//3842 3810//3810 3809//3809 
f 3842//3842 3809//3809 3841//3841 
f 3843//3843 3811//3811 3810//3810 
f 3843//3843 3810//3810 3842//3842 
f 3844//3844 3812//3812 3811//3811 
f 3844//3844 3811//3811 3843//3843 
f 3845//3845 3813//3813 3812//3812 
f 3845//3845 3812//3812 3844//3844 
f 3846//3846 3814//3814 3813//3813 
f 3846//3846 3813//3813 3845//3845 
f 3847//3847 3815//3815 3814//3814 
f 3847//3847 3814//3814 3846//3846 
f 3848//3848 3816//3816 3815//3815 
f 3848//3848 3815//3815 3847//3847 
f 3849//3849 3817//3817 3816//3816 
f 3849//3849 3816//3816 3848//3848 
f 3850//3850 3818//3818 3817//3817 
f 3850//3850 3817//3817 3849//3849 
f 3851//3851 3819//3819 3818//3818 
f 3851//3851 3818//3818 3850//3850 
f 3852//3852 3820//3820 3819//3819 
f 3852//3852 3819//3819 3851//3851 
f 3853//3853 3821//3821 3820//3820 
f 3853//3853 3820//3820 3852//3852 
f 3854//3854 3822//3822 3821//3821 
f 3854//3854 3821//3821 3853//3853 
f 3855//3855 3823//3823 3822//3822 
f 3855//3855 3822//3822 3854//3854 
f 3856//3856 3824//3824 3823//3823 
f 3856//3856 3823//3823 3855//3855 
f 3857//3857 3825//3825 3824//3824 
f 3857//3857 3824//3824 3856//3856 
f 3858//3858 3826//3826 3825//3825 
f 3858//3858 3825//3825 3857//3857 
f 3859//3859 3827//3827 3826//3826 
f 3859//3859 3826//3826 3858//3858 
f 3860//3860 3828//3828 3827//3827 
f 3860//3860 3827//3827 3859//3859 
f 3861//3861 3829//3829 3828//3828 
f 3861//3861 3828//3828 3860//3860 
f 3862//3862 3830//3830 3829//3829 
f 3862//3862 3829//3829 3861//3861 
f 3863//3863 3831//3831 3830//3830 
f 3863//3863 3830//3830 3862//3862 
f 3864//3864 3832//3832 3831//3831 
f 3864//3864 3831//3831 3863//3863 
f 3834//3834 3802//3802 3832//3832 
f 3834//3834 3832//3832 3864//3864 
f 3865//3865 3833//3833 3834//3834 
f 3865//3865 3834//3834 3866//3866 
f 3867//3867 3835//3835 3833//3833 
f 3867//3867 3833//3833 3865//3865 
f 3868//3868 3836//3836 3835//3835 
f 3868//3868 3835//3835 3867//3867 
f 3869//3869 3837//3837 3836//3836 
f 3869//3869 3836//3836 3868//3868 
f 3870//3870 3838//3838 3837//3837 
f 3870//3870 3837//3837 3869//3869 
f 3871//3871 3839//3839 3838//3838 
f 3871//3871 3838//3838 3870//3870 
f 3872//3872 3840//3840 3839//3839 
f 3872//3872 3839//3839 3871//3871 
f 3873//3873 3841//3841 3840//3840 
f 3873//3873 3840//3840 3872//3872 
f 3874//3874 3842//3842 3841//3841 
f 3874//3874 3841//3841 3873//3873 
f 3875//3875 3843//3843 3842//3842 
f 3875//3875 3842//3842 3874//3874 
f 3876//3876 3844//3844 3843//3843 
f 3876//3876 3843//3843 3875//3875 
f 3877//3877 3845//3845 3844//3844 
f 3877//3877 3844//3844 3876//3876 
f 3878//3878 3846//3846 3845//3845 
f 3878//3878 3845//3845 3877//3877 
f 3879//3879 3847//3847 3846//3846 
f 3879//3879 3846//3846 3878//3878 
f 3880//3880 3848//3848 3847//3847 
f 3880//3880 3847//3847 3879//3879 
f 3881//3881 3849//3849 3848//3848 
f 3881//3881 3848//3848 3880//3880 
f 3882//3882 3850//3850 3849//3849 
f 3882//3882 3849//3849 3881//3881 
f 3883//3883 3851//3851 3850//3850 
f 3883//3883 3850//3850 3882//3882 
f 3884//3884 3852//3852 3851//3851 
f 3884//3884 3851//3851 3883//3883 
f 3885//3885 3853//3853 3852//3852 
f 3885//3885 3852//3852 3884//3884 
f 3886//3886 3854//3854 3853//3853 
f 3886//3886 3853//3853 3885//3885 
f 3887//3887 3855//3855 3854//3854 
f 3887//3887 3854//3854 3886//3886 
f 3888//3888 3856//3856 3855//3855 
f 3888//3888 3855//3855 3887//3887 
f 3889//3889 3857//3857 3856//3856 
f 3889//3889 3856//3856 3888//3888 
f 3890//3890 3858//3858 3857//3857 
f 3890//3890 3857//3857 3889//3889 
f 3891//3891 3859//3859 3858//3858 
f 3891//3891 3858//3858 3890//3890 
f 3892//3892 3860//3860 3859//3859 
f 3892//3892 3859//3859 3891//3891 
f 3893//3893 3861//3861 3860//3860 
f 3893//3893 3860//3860 3892//3892 
f 3894//3894 3862//3862 3861//3861 
f 3894//3894 3861//3861 3893//3893 
f 3895//3895 3863//3863 3862//3862 
f 3895//3895 3862//3862 3894//3894 
f 3896//3896 3864//3864 3863//3863 
f 3896//3896 3863//3863 3895//3895 
f 3866//3866 3834//3834 3864//3864 
f 3866//3866 3864//3864 3896//3896 
f 3897//3897 3865//3865 3866//3866 
f 3897//3897 3866//3866 3898//3898 
f 3899//3899 3867//3867 3865//3865 
f 3899//3899 3865//3865 3897//3897 
f 3900//3900 3868//3868 3867//3867 
f 3900//3900 3867//3867 3899//3899 
f 3901//3901 3869//3869 3868//3868 
f 3901//3901 3868//3868 3900//3900 
f 3902//3902 3870//3870 3869//3869 
f 3902//3902 3869//3869 3901//3901 
f 3903//3903 3871//3871 3870//3870 
f 3903//3903 3870//3870 3902//3902 
f 3904//3904 3872//3872 3871//3871 
f 3904//3904 3871//3871 3903//3903 
f 3905//3905 3873//3873 3872//3872 
f 3905//3905 3872//3872 3904//3904 
f 3906//3906 3874//3874 3873//3873 
f 3906//3906 3873//3873 3905//3905 
f 3907//3907 3875//3875 3874//3874 
f 3907//3907 3874//3874 3906//3906 
f 3908//3908 3876//3876 3875//3875 
f 3908//3908 3875//3875 3907//3907 
f 3909//3909 3877//3877 3876//3876 
f 3909//3909 3876//3876 3908//3908 
f 3910//3910 3878//3878 3877//3877 
f 3910//3910 3877//3877 3909//3909 
f 3911//3911 3879//3879 3878//3878 
f 3911//3911 3878//3878 3910//3910 
f 3912//3912 3880//3880 3879//3879 
f 3912//3912 3879//3879 3911//3911 
f 3913//3913 3881//3881 3880//3880 
f 3913//3913 3880//3880 3912//3912 
f 3914//3914 3882//3882 3881//3881 
f 3914//3914 3881//3881 3913//3913 
f 3915//3915 3883//3883 3882//3882 
f 3915//3915 3882//3882 3914//3914 
f 3916//3916 3884//3884 3883//3883 
f 3916//3916 3883//3883 3915//3915 
f 3917//3917 3885//3885 3884//3884 
f 3917//3917 3884//3884 3916//3916 
f 3918//3918 3886//3886 3885//3885 
f 3918//3918 3885//3885 3917//3917 
f 3919//3919 3887//3887 3886//3886 
f 3919//3919 3886//3886 3918//3918 
f 3920//3920 3888//3888 3887//3887 
f 3920//3920 3887//3887 3919//3919 
f 3921//3921 3889//3889 3888//3888 
f 3921//3921 3888//3888 3920//3920 
f 3922//3922 3890//3890 3889//3889 
f 3922//3922 3889//3889 3921//3921 
f 3923//3923 3891//3891 3890//3890 
f 3923//3923 3890//3890 3922//3922 
f 3924//3924 3892//3892 3891//3891 
f 3924//3924 3891//3891 3923//3923 
f 3925//3925 3893//3893 3892//3892 
f 3925//3925 3892//3892 3924//3924 
f 3926//3926 3894//3894 3893//3893 
f 3926//3926 3893//3893 3925//3925 
f 3927//3927 3895//3895 3894//3894 
f 3927//3927 3894//3894 3926//3926 
f 3928//3928 3896//3896 3895//3895 
f 3928//3928 3895//3895 3927//3927 
f 3898//3898 3866//3866 3896//3896 
f 3898//3898 3896//3896 3928//3928 
f 3929//3929 3897//3897 3898//3898 
f 3929//3929 3898//3898 3930//3930 
f 3931//3931 3899//3899 3897//3897 
f 3931//3931 3897//3897 3929//3929 
f 3932//3932 3900//3900 3899//3899 
f 3932//3932 3899//3899 3931//3931 
f 3933//3933 3901//3901 3900//3900 
f 3933//3933 3900//3900 3932//3932 
f 3934//3934 3902//3902 3901//3901 
f 3934//3934 3901//3901 3933//3933 
f 3935//3935 3903//3903 3902//3902 
f 3935//3935 3902//3902 3934//3934 
f 3936//3936 3904//3904 3903//3903 
f 3936//3936 3903//3903 3935//3935 
f 3937//3937 3905//3905 3904//3904 
f 3937//3937 3904//3904 3936//3936 
f 3938//3938 3906//3906 3905//3905 
f 3938//3938 3905//3905 3937//3937 
f 3939//3939 3907//3907 3906//3906 
f 3939//3939 3906//3906 3938//3938 
f 3940//3940 3908//3908 3907//3907 
f 3940//3940 3907//3907 3939//3939 
f 3941//3941 3909//3909 3908//3908 
f 3941//3941 3908//3908 3940//3940 
f 3942//3942 3910//3910 3909//3909 
f 3942//3942 3909//3909 3941//3941 
f 3943//3943 3911//3911 3910//3910 
f 3943//3943 3910//3910 3942//3942 
f 3944//3944 3912//3912 3911//3911 
f 3944//3944 3911//3911 3943//3943 
f 3945//3945 3913//3913 3912//3912 
f 3945//3945 3912//3912 3944//3944 
f 3946//3946 3914//3914 3913//3913 
f 3946//3946 3913//3913 3945//3945 
f 3947//3947 3915//3915 3914//3914 
f 3947//3947 3914//3914 3946//3946 
f 3948//3948 3916//3916 3915//3915 
f 3948//3948 3915//3915 3947//3947 
f 3949//3949 3917//3917 3916//3916 
f 3949//3949 3916//3916 3948//3948 
f 3950//3950 3918//3918 3917//3917 
f 3950//3950 3917//3917 3949//3949 
f 3951//3951 3919//3919 3918//3918 
f 3951//3951 3918//3918 3950//3950 
f 3952//3952 3920//3920 3919//3919 
f 3952//3952 3919//3919 3951//3951 
f 3953//3953 3921//3921 3920//3920 
f 3953//3953 3920//3920 3952//3952 
f 3954//3954 3922//3922 3921//3921 
f 3954//3954 3921//3921 3953//3953 
f 3955//3955 3923//3923 3922//3922 
f 3955//3955 3922//3922 3954//3954 
f 3956//3956 3924//3924 3923//3923 
f 3956//3956 3923//3923 3955//3955 
f 3957//3957 3925//3925 3924//3924 
f 3957//3957 3924//3924 3956//3956 
f 3958//3958 3926//3926 3925//3925 
f 3958//3958 3925//3925 3957//3957 
f 3959//3959 3927//3927 3926//3926 
f 3959//3959 3926//3926 3958//3958 
f 3960//3960 3928//3928 3927//3927 
f 3960//3960 3927//3927 3959//3959 
f 3930//3930 3898//3898 3928//3928 
f 3930//3930 3928//3928 3960//3960 
f 3961//3961 3929//3929 3930//3930 
f 3961//3961 3930//3930 3962//3962 
f 3963//3963 3931//3931 3929//3929 
f 3963//3963 3929//3929 3961//3961 
f 3964//3964 3932//3932 3931//3931 
f 3964//3964 3931//3931 3963//3963 
f 3965//3965 3933//3933 3932//3932 
f 3965//3965 3932//3932 3964//3964 
f 3966//3966 3934//3934 3933//3933 
f 3966//3966 3933//3933 3965//3965 
f 3967//3967 3935//3935 3934//3934 
f 3967//3967 3934//3934 3966//3966 
f 3968//3968 3936//3936 3935//3935 
f 3968//3968 3935//3935 3967//3967 
f 3969//3969 3937//3937 3936//3936 
f 3969//3969 3936//3936 3968//3968 
f 3970//3970 3938//3938 3937//3937 
f 3970//3970 3937//3937 3969//3969 
f 3971//3971 3939//3939 3938//3938 
f 3971//3971 3938//3938 3970//3970 
f 3972//3972 3940//3940 3939//3939 
f 3972//3972 3939//3939 3971//3971 
f 3973//3973 3941//3941 3940//3940 
f 3973//3973 3940//3940 3972//3972 
f 3974//3974 3942//3942 3941//3941 
f 3974//3974 3941//3941 3973//3973 
f 3975//3975 3943//3943 3942//3942 
f 3975//3975 3942//3942 3974//3974 
f 3976//3976 3944//3944 3943//3943 
f 3976//3976 3943//3943 3975//3975 
f 3977//3977 3945//3945 3944//3944 
f 3977//3977 3944//3944 3976//3976 
f 3978//3978 3946//3946 3945//3945 
f 3978//3978 3945//3945 3977//3977 
f 3979//3979 3947//3947 3946//3946 
f 3979//3979 3946//3946 3978//3978 
f 3980//3980 3948//3948 3947//3947 
f 3980//3980 3947//3947 3979//3979 
f 3981//3981 3949//3949 3948//3948 
f 3981//3981 3948//3948 3980//3980 
f 3982//3982 3950//3950 3949//3949 
f 3982//3982 3949//3949 3981//3981 
f 3983//3983 3951//3951 3950//3950 
f 3983//3983 3950//3950 3982//3982 
f 3984//3984 3952//3952 3951//3951 
f 3984//3984 3951//3951 3983//3983 
f 3985//3985 3953//3953 3952//3952 
f 3985//3985 3952//3952 3984//3984 
f 3986//3986 3954//3954 3953//3953 
f 3986//3986 3953//3953 3985//3985 
f 3987//3987 3955//3955 3954//3954 
f 3987//3987 3954//3954 3986//3986 
f 3988//3988 3956//3956 3955//3955 
f 3988//3988 3955//3955 3987//3987 
f 3989//3989 3957//3957 3956//3956 
f 3989//3989 3956//3956 3988//3988 
f 3990//3990 3958//3958 3957//3957 
f 3990//3990 3957//3957 3989//3989 
f 3991//3991 3959//3959 3958//3958 
f 3991//3991 3958//3958 3990//3990 
f 3992//3992 3960//3960 3959//3959 
f 3992//3992 3959//3959 3991//3991 
f 3962//3962 3930//3930 3960//3960 
f 3962//3962 3960//3960 3992//3992 
f 3993//3993 3961//3961 3962//3962 
f 3993//3993 3962//3962 3994//3994 
f 3995//3995 3963//3963 3961//3961 
f 3995//3995 3961//3961 3993//3993 
f 3996//3996 3964//3964 3963//3963 
f 3996//3996 3963//3963 3995//3995 
f 3997//3997 3965//3965 3964//3964 
f 3997//3997 3964//3964 3996//3996 
f 3998//3998 3966//3966 3965//3965 
f 3998//3998 3965//3965 3997//3997 
f 3999//3999 3967//3967 3966//3966 
f 3999//3999 3966//3966 3998//3998 
f 4000//4000 3968//3968 3967//3967 
f 4000//4000 3967//3967 3999//3999 
f 4001//4001 3969//3969 3968//3968 
f 4001//4001 3968//3968 4000//4000 
f 4002//4002 3970//3970 3969//3969 
f 4002//4002 3969//3969 4001//4001 
f 4003//4003 3971//3971 3970//3970 
f 4003//4003 3970//3970 4002//4002 
f 4004//4004 3972//3972 3971//3971 
f 4004//4004 3971//3971 4003//4003 
f 4005//4005 3973//3973 3972//3972 
f 4005//4005 3972//3972 4004//4004 
f 4006//4006 3974//3974 3973//3973 
f 4006//4006 3973//3973 4005//4005 
f 4007//4007 3975//3975 3974//3974 
f 4007//4007 3974//3974 4006//4006 
f 4008//4008 3976//3976 3975//3975 
f 4008//4008 3975//3975 4007//4007 
f 4009//4009 3977//3977 3976//3976 
f 4009//4009 3976//3976 4008//4008 
f 4010//4010 3978//3978 3977//3977 
f 4010//4010 3977//3977 4009//4009 
f 4011//4011 3979//3979 3978//3978 
f 4011//4011 3978//3978 4010//4010 
f 4012//4012 3980//3980 3979//3979 
f 4012//4012 3979//3979 4011//4011 
f 4013//4013 3981//3981 3980//3980 
f 4013//4013 3980//3980 4012//4012 
f 4014//4014 3982//3982 3981//3981 
f 4014//4014 3981//3981 4013//4013 
f 4015//4015 3983//3983 3982//3982 
f 4015//4015 3982//3982 4014//4014 
f 4016//4016 3984//3984 3983//3983 
f 4016//4016 3983//3983 4015//4015 
f 4017//4017 3985//3985 3984//3984 
f 4017//4017 3984//3984 4016//4016 
f 4018//4018 3986//3986 3985//3985 
f 4018//4018 3985//3985 4017//4017 
f 4019//4019 3987//3987 3986//3986 
f 4019//4019 3986//3986 4018//4018 
f 4020//4020 3988//3988 3987//3987 
f 4020//4020 3987//3987 4019//4019 
f 4021//4021 3989//3989 3988//3988 
f 4021//4021 3988//3988 4020//4020 
f 4022//4022 3990//3990 3989//3989 
f 4022//4022 3989//3989 4021//4021 
f 4023//4023 3991//3991 3990//3990 
f 4023//4023 3990//3990 4022//4022 
f 4024//4024 3992//3992 3991//3991 
f 4024//4024 3991//3991 4023//4023 
f 3994//3994 3962//3962 3992//3992 
f 3994//3994 3992//3992 4024//4024 
f 4025//4025 3993//3993 3994//3994 
f 4025//4025 3994//3994 4026//4026 
f 4027//4027 3995//3995 3993//3993 
f 4027//4027 3993//3993 4025//4025 
f 4028//4028 3996//3996 3995//3995 
f 4028//4028 3995//3995 4027//4027 
f 4029//4029 3997//3997 3996//3996 
f 4029//4029 3996//3996 4028//4028 
f 4030//4030 3998//3998 3997//3997 
f 4030//4030 3997//3997 4029//4029 
f 4031//4031 3999//3999 3998//3998 
f 4031//4031 3998//3998 4030//4030 
f 4032//4032 4000//4000 3999//3999 
f 4032//4032 3999//3999 4031//4031 
f 4033//4033 4001//4001 4000//4000 
f 4033//4033 4000//4000 4032//4032 
f 4034//4034 4002//4002 4001//4001 
f 4034//4034 4001//4001 4033//4033 
f 4035//4035 4003//4003 4002//4002 
f 4035//4035 4002//4002 4034//4034 
f 4036//4036 4004//4004 4003//4003 
f 4036//4036 4003//4003 4035//4035 
f 4037//4037 4005//4005 4004//4004 
f 4037//4037 4004//4004 4036//4036 
f 4038//4038 4006//4006 4005//4005 
f 4038//4038 4005//4005 4037//4037 
f 4039//4039 4007//4007 4006//4006 
f 4039//4039 4006//4006 4038//4038 
f 4040//4040 4008//4008 4007//4007 
f 4040//4040 4007//4007 4039//4039 
f 4041//4041 4009//4009 4008//4008 
f 4041//4041 4008//4008 4040//4040 
f 4042//4042 4010//4010 4009//4009 
f 4042//4042 4009//4009 4041//4041 
f 4043//4043 4011//4011 4010//4010 
f 4043//4043 4010//4010 4042//4042 
f 4044//4044 4012//4012 4011//4011 
f 4044//4044 4011//4011 4043//4043 
f 4045//4045 4013//4013 4012//4012 
f 4045//4045 4012//4012 4044//4044 
f 4046//4046 4014//4014 4013//4013 
f 4046//4046 4013//4013 4045//4045 
f 4047//4047 4015//4015 4014//4014 
f 4047//4047 4014//4014 4046//4046 
f 4048//4048 4016//4016 4015//4015 
f 4048//4048 4015//4015 4047//4047 
f 4049//4049 4017//4017 4016//4016 
f 4049//4049 4016//4016 4048//4048 
f 4050//4050 4018//4018 4017//4017 
f 4050//4050 4017//4017 4049//4049 
f 4051//4051 4019//4019 4018//4018 
f 4051//4051 4018//4018 4050//4050 
f 4052//4052 4020//4020 4019//4019 
f 4052//4052 4019//4019 4051//4051 
f 4053//4053 4021//4021 4020//4020 
f 4053//4053 4020//4020 4052//4052 
f 4054//4054 4022//4022 4021//4021 
f 4054//4054 4021//4021 4053//4053 
f 4055//4055 4023//4023 4022//4022 
f 4055//4055 4022//4022 4054//4054 
f 4056//4056 4024//4024 4023//4023 
f 4056//4056 4023//4023 4055//4055 
f 4026//4026 3994//3994 4024//4024 
f 4026//4026 4024//4024 4056//4056 
f 4057//4057 4025//4025 4026//4026 
f 4057//4057 4026//4026 4058//4058 
f 4059//4059 4027//4027 4025//4025 
f 4059//4059 4025//4025 4057//4057 
f 4060//4060 4028//4028 4027//4027 
f 4060//4060 4027//4027 4059//4059 
f 4061//4061 4029//4029 4028//4028 
f 4061//4061 4028//4028 4060//4060 
f 4062//4062 4030//4030 4029//4029 
f 4062//4062 4029//4029 4061//4061 
f 4063//4063 4031//4031 4030//4030 
f 4063//4063 4030//4030 4062//4062 
f 4064//4064 4032//4032 4031//4031 
f 4064//4064 4031//4031 4063//4063 
f 4065//4065 4033//4033 4032//4032 
f 4065//4065 4032//4032 4064//4064 
f 4066//4066 4034//4034 4033//4033 
f 4066//4066 4033//4033 4065//4065 
f 4067//4067 4035//4035 4034//4034 
f 4067//4067 4034//4034 4066//4066 
f 4068//4068 4036//4036 4035//4035 
f 4068//4068 4035//4035 4067//4067 
f 4069//4069 4037//4037 4036//4036 
f 4069//4069 4036//4036 4068//4068 
f 4070//4070 4038//4038 4037//4037 
f 4070//4070 4037//4037 4069//4069 
f 4071//4071 4039//4039 4038//4038 
f 4071//4071 4038//4038 4070//4070 
f 4072//4072 4040//4040 4039//4039 
f 4072//4072 4039//4039 4071//4071 
f 4073//4073 4041//4041 4040//4040 
f 4073//4073 4040//4040 4072//4072 
f 4074//4074 4042//4042 4041//4041 
f 4074//4074 4041//4041 4073//4073 
f 4075//4075 4043//4043 4042//4042 
f 4075//4075 4042//4042 4074//4074 
f 4076//4076 4044//4044 4043//4043 
f 4076//4076 4043//4043 4075//4075 
f 4077//4077 4045//4045 4044//4044 
f 4077//4077 4044//4044 4076//4076 
f 4078//4078 4046//4046 4045//4045 
f 4078//4078 4045//4045 4077//4077 
f 4079//4079 4047//4047 4046//4046 
f 4079//4079 4046//4046 4078//4078 
f 4080//4080 4048//4048 4047//4047 
f 4080//4080 4047//4047 4079//4079 
f 4081//4081 4049//4049 4048//4048 
f 4081//4081 4048//4048 4080//4080 
f 4082//4082 4050//4050 4049//4049 
f 4082//4082 4049//4049 4081//4081 
f 4083//4083 4051//4051 4050//4050 
f 4083//4083 4050//4050 4082//4082 
f 4084//4084 4052//4052 4051//4051 
f 4084//4084 4051//4051 4083//4083 
f 4085//4085 4053//4053 4052//4052 
f 4085//4085 4052//4052 4084//4084 
f 4086//4086 4054//4054 4053//4053 
f 4086//4086 4053//4053 4085//4085 
f 4087//4087 4055//4055 4054//4054 
f 4087//4087 4054//4054 4086//4086 
f 4088//4088 4056//4056 4055//4055 
f 4088//4088 4055//4055 4087//4087 
f 4058//4058 4026//4026 4056//4056 
f 4058//4058 4056//4056 4088//4088 
f 4089//4089 4057//4057 4058//4058 
f 4089//4089 4058//4058 4090//4090 
f 4091//4091 4059//4059 4057//4057 
f 4091//4091 4057//4057 4089//4089 
f 4092//4092 4060//4060 4059//4059 
f 4092//4092 4059//4059 4091//4091 
f 4093//4093 4061//4061 4060//4060 
f 4093//4093 4060//4060 4092//4092 
f 4094//4094 4062//4062 4061//4061 
f 4094//4094 4061//4061 4093//4093 
f 4095//4095 4063//4063 4062//4062 
f 4095//4095 4062//4062 4094//4094 
f 4096//4096 4064//4064 4063//4063 
f 4096//4096 4063//4063 4095//4095 
f 4097//4097 4065//4065 4064//4064 
f 4097//4097 4064//4064 4096//4096 
f 4098//4098 4066//4066 4065//4065 
f 4098//4098 4065//4065 4097//4097 
f 4099//4099 4067//4067 4066//4066 
f 4099//4099 4066//4066 4098//4098 
f 4100//4100 4068//4068 4067//4067 
f 4100//4100 4067//4067 4099//4099 
f 4101//4101 4069//4069 4068//4068 
f 4101//4101 4068//4068 4100//4100 
f 4102//4102 4070//4070 4069//4069 
f 4102//4102 4069//4069 4101//4101 
f 4103//4103 4071//4071 4070//4070 
f 4103//4103 4070//4070 4102//4102 
f 4104//4104 4072//4072 4071//4071 
f 4104//4104 4071//4071 4103//4103 
f 4105//4105 4073//4073 4072//4072 
f 4105//4105 4072//4072 4104//4104 
f 4106//4106 4074//4074 4073//4073 
f 4106//4106 4073//4073 4105//4105 
f 4107//4107 4075//4075 4074//4074 
f 4107//4107 4074//4074 4106//4106 
f 4108//4108 4076//4076 4075//4075 
f 4108//4108 4075//4075 4107//4107 
f 4109//4109 4077//4077 4076//4076 
f 4109//4109 4076//4076 4108//4108 
f 4110//4110 4078//4078 4077//4077 
f 4110//4110 4077//4077 4109//4109 
f 4111//4111 4079//4079 4078//4078 
f 4111//4111 4078//4078 4110//4110 
f 4112//4112 4080//4080 4079//4079 
f 4112//4112 4079//4079 4111//4111 
f 4113//4113 4081//4081 4080//4080 
f 4113//4113 4080//4080 4112//4112 
f 4114//4114 4082//4082 4081//4081 
f 4114//4114 4081//4081 4113//4113 
f 4115//4115 4083//4083 4082//4082 
f 4115//4115 4082//4082 4114//4114 
f 4116//4116 4084//4084 4083//4083 
f 4116//4116 4083//4083 4115//4115 
f 4117//4117 4085//4085 4084//4084 
f 4117//4117 4084//4084 4116//4116 
f 4118//4118 4086//4086 4085//4085 
f 4118//4118 4085//4085 4117//4117 
f 4119//4119 4087//4087 4086//4086 
f 4119//4119 4086//4086 4118//4118 
f 4120//4120 4088//4088 4087//4087 
f 4120//4120 4087//4087 4119//4119 
f 4090//4090 4058//4058 4088//4088 
f 4090//4090 4088//4088 4120//4120 
f 4121//4121 4089//4089 4090//4090 
f 4121//4121 4090//4090 4122//4122 
f 4123//4123 4091//4091 4089//4089 
f 4123//4123 4089//4089 4121//4121 
f 4124//4124 4092//4092 4091//4091 
f 4124//4124 4091//4091 4123//4123 
f 4125//4125 4093//4093 4092//4092 
f 4125//4125 4092//4092 4124//4124 
f 4126//4126 4094//4094 4093//4093 
f 4126//4126 4093//4093 4125//4125 
f 4127//4127 4095//4095 4094//4094 
f 4127//4127 4094//4094 4126//4126 
f 4128//4128 4096//4096 4095//4095 
f 4128//4128 4095//4095 4127//4127 
f 4129//4129 4097//4097 4096//4096 
f 4129//4129 4096//4096 4128//4128 
f 4130//4130 4098//4098 4097//4097 
f 4130//4130 4097//4097 4129//4129 
f 4131//4131 4099//4099 4098//4098 
f 4131//4131 4098//4098 4130//4130 
f 4132//4132 4100//4100 4099//4099 
f 4132//4132 4099//4099 4131//4131 
f 4133//4133 4101//4101 4100//4100 
f 4133//4133 4100//4100 4132//4132 
f 4134//4134 4102//4102 4101//4101 
f 4134//4134 4101//4101 4133//4133 
f 4135//4135 4103//4103 4102//4102 
f 4135//4135 4102//4102 4134//4134 
f 4136//4136 4104//4104 4103//4103 
f 4136//4136 4103//4103 4135//4135 
f 4137//4137 4105//4105 4104//4104 
f 4137//4137 4104//4104 4136//4136 
f 4138//4138 4106//4106 4105//4105 
f 4138//4138 4105//4105 4137//4137 
f 4139//4139 4107//4107 4106//4106 
f 4139//4139 4106//4106 4138//4138 
f 4140//4140 4108//4108 4107//4107 
f 4140//4140 4107//4107 4139//4139 
f 4141//4141 4109//4109 4108//4108 
f 4141//4141 4108//4108 4140//4140 
f 4142//4142 4110//4110 4109//4109 
f 4142//4142 4109//4109 4141//4141 
f 4143//4143 4111//4111 4110//4110 
f 4143//4143 4110//4110 4142//4142 
f 4144//4144 4112//4112 4111//4111 
f 4144//4144 4111//4111 4143//4143 
f 4145//4145 4113//4113 4112//4112 
f 4145//4145 4112//4112 4144//4144 
f 4146//4146 4114//4114 4113//4113 
f 4146//4146 4113//4113 4145//4145 
f 4147//4147 4115//4115 4114//4114 
f 4147//4147 4114//4114 4146//4146 
f 4148//4148 4116//4116 4115//4115 
f 4148//4148 4115//4115 4147//4147 
f 4149//4149 4117//4117 4116//4116 
f 4149//4149 4116//4116 4148//4148 
f 4150//4150 4118//4118 4117//4117 
f 4150//4150 4117//4117 4149//4149 
f 4151//4151 4119//4119 4118//4118 
f 4151//4151 4118//4118 4150//4150 
f 4152//4152 4120//4120 4119//4119 
f 4152//4152 4119//4119 4151//4151 
f 4122//4122 4090//4090 4120//4120 
f 4122//4122 4120//4120 4152//4152 
f 4153//4153 4121//4121 4122//4122 
f 4153//4153 4122//4122 4154//4154 
f 4155//4155 4123//4123 4121//4121 
f 4155//4155 4121//4121 4153//4153 
f 4156//4156 4124//4124 4123//4123 
f 4156//4156 4123//4123 4155//4155 
f 4157//4157 4125//4125 4124//4124 
f 4157//4157 4124//4124 4156//4156 
f 4158//4158 4126//4126 4125//4125 
f 4158//4158 4125//4125 4157//4157 
f 4159//4159 4127//4127 4126//4126 
f 4159//4159 4126//4126 4158//4158 
f 4160//4160 4128//4128 4127//4127 
f 4160//4160 4127//4127 4159//4159 
f 4161//4161 4129//4129 4128//4128 
f 4161//4161 4128//4128 4160//4160 
f 4162//4162 4130//4130 4129//4129 
f 4162//4162 4129//4129 4161//4161 
f 4163//4163 4131//4131 4130//4130 
f 4163//4163 4130//4130 4162//4162 
f 4164//4164 4132//4132 4131//4131 
f 4164//4164 4131//4131 4163//4163 
f 4165//4165 4133//4133 4132//4132 
f 4165//4165 4132//4132 4164//4164 
f 4166//4166 4134//4134 4133//4133 
f 4166//4166 4133//4133 4165//4165 
f 4167//4167 4135//4135 4134//4134 
f 4167//4167 4134//4134 4166//4166 
f 4168//4168 4136//4136 4135//4135 
f 4168//4168 4135//4135 4167//4167 
f 4169//4169 4137//4137 4136//4136 
f 4169//4169 4136//4136 4168//4168 
f 4170//4170 4138//4138 4137//4137 
f 4170//4170 4137//4137 4169//4169 
f 4171//4171 4139//4139 4138//4138 
f 4171//4171 4138//4138 4170//4170 
f 4172//4172 4140//4140 4139//4139 
f 4172//4172 4139//4139 4171//4171 
f 4173//4173 4141//4141 4140//4140 
f 4173//4173 4140//4140 4172//4172 
f 4174//4174 4142//4142 4141//4141 
f 4174//4174 4141//4141 4173//4173 
f 4175//4175 4143//4143 4142//4142 
f 4175//4175 4142//4142 4174//4174 
f 4176//4176 4144//4144 4143//4143 
f 4176//4176 4143//4143 4175//4175 
f 4177//4177 4145//4145 4144//4144 
f 4177//4177 4144//4144 4176//4176 
f 4178//4178 4146//4146 4145//4145 
f 4178//4178 4145//4145 4177//4177 
f 4179//4179 4147//4147 4146//4146 
f 4179//4179 4146//4146 4178//4178 
f 4180//4180 4148//4148 4147//4147 
f 4180//4180 4147//4147 4179//4179 
f 4181//4181 4149//4149 4148//4148 
f 4181//4181 4148//4148 4180//4180 
f 4182//4182 4150//4150 4149//4149 
f 4182//4182 4149//4149 4181//4181 
f 4183//4183 4151//4151 4150//4150 
f 4183//4183 4150//4150 4182//4182 
f 4184//4184 4152//4152 4151//4151 
f 4184//4184 4151//4151 4183//4183 
f 4154//4154 4122//4122 4152//4152 
f 4154//4154 4152//4152 4184//4184 
f 4185//4185 4153//4153 4154//4154 
f 4185//4185 4154//4154 4186//4186 
f 4187//4187 4155//4155 4153//4153 
f 4187//4187 4153//4153 4185//4185 
f 4188//4188 4156//4156 4155//4155 
f 4188//4188 4155//4155 4187//4187 
f 4189//4189 4157//4157 4156//4156 
f 4189//4189 4156//4156 4188//4188 
f 4190//4190 4158//4158 4157//4157 
f 4190//4190 4157//4157 4189//4189 
f 4191//4191 4159//4159 4158//4158 
f 4191//4191 4158//4158 4190//4190 
f 4192//4192 4160//4160 4159//4159 
f 4192//4192 4159//4159 4191//4191 
f 4193//4193 4161//4161 4160//4160 
f 4193//4193 4160//4160 4192//4192 
f 4194//4194 4162//4162 4161//4161 
f 4194//4194 4161//4161 4193//4193 
f 4195//4195 4163//4163 4162//4162 
f 4195//4195 4162//4162 4194//4194 
f 4196//4196 4164//4164 4163//4163 
f 4196//4196 4163//4163 4195//4195 
f 4197//4197 4165//4165 4164//4164 
f 4197//4197 4164//4164 4196//4196 
f 4198//4198 4166//4166 4165//4165 
f 4198//4198 4165//4165 4197//4197 
f 4199//4199 4167//4167 4166//4166 
f 4199//4199 4166//4166 4198//4198 
f 4200//4200 4168//4168 4167//4167 
f 4200//4200 4167//4167 4199//4199 
f 4201//4201 4169//4169 4168//4168 
f 4201//4201 4168//4168 4200//4200 
f 4202//4202 4170//4170 4169//4169 
f 4202//4202 4169//4169 4201//4201 
f 4203//4203 4171//4171 4170//4170 
f 4203//4203 4170//4170 4202//4202 
f 4204//4204 4172//4172 4171//4171 
f 4204//4204 4171//4171 4203//4203 
f 4205//4205 4173//4173 4172//4172 
f 4205//4205 4172//4172 4204//4204 
f 4206//4206 4174//4174 4173//4173 
f 4206//4206 4173//4173 4205//4205 
f 4207//4207 4175//4175 4174//4174 
f 4207//4207 4174//4174 4206//4206 
f 4208//4208 4176//4176 4175//4175 
f 4208//4208 4175//4175 4207//4207 
f 4209//4209 4177//4177 4176//4176 
f 4209//4209 4176//4176 4208//4208 
f 4210//4210 4178//4178 4177//4177 
f 4210//4210 4177//4177 4209//4209 
f 4211//4211 4179//4179 4178//4178 
f 4211//4211 4178//4178 4210//4210 
f 4212//4212 4180//4180 4179//4179 
f 4212//4212 4179//4179 4211//4211 
f 4213//4213 4181//4181 4180//4180 
f 4213//4213 4180//4180 4212//4212 
f 4214//4214 4182//4182 4181//4181 
f 4214//4214 4181//4181 4213//4213 
f 4215//4215 4183//4183 4182//4182 
f 4215//4215 4182//4182 4214//4214 
f 4216//4216 4184//4184 4183//4183 
f 4216//4216 4183//4183 4215//4215 
f 4186//4186 4154//4154 4184//4184 
f 4186//4186 4184//4184 4216//4216 
f 4217//4217 4192//4192 4191//4191 
f 4218//4218 4193//4193 4192//4192 
f 4218//4218 4192//4192 4217//4217 
f 4219//4219 4194//4194 4193//4193 
f 4219//4219 4193//4193 4218//4218 
f 4220//4220 4195//4195 4194//4194 
f 4220//4220 4194//4194 4219//4219 
f 4221//4221 4196//4196 4195//4195 
f 4221//4221 4195//4195 4220//4220 
f 4222//4222 4197//4197 4196//4196 
f 4222//4222 4196//4196 4221//4221 
f 4223//4223 4198//4198 4197//4197 
f 4223//4223 4197//4197 4222//4222 
f 4224//4224 4199//4199 4198//4198 
f 4224//4224 4198//4198 4223//4223 
f 4225//4225 4200//4200 4199//4199 
f 4225//4225 4199//4199 4224//4224 
f 4321//4321 4233//4233 4231//4231 
f 4332//4332 4236//4236 4232//4232 
f 4232//4232 4233//4233 4332//4332 
f 4321//4321 4332//4332 4233//4233 
f 4330//4330 4237//4237 4235//4235 
f 4235//4235 4236//4236 4330//4330 
f 4332//4332 4330//4330 4236//4236 
f 4333//4333 4240//4240 4230//4230 
f 4230//4230 4237//4237 4333//4333 
f 4330//4330 4333//4333 4237//4237 
f 4334//4334 4239//4239 4238//4238 
f 4333//4333 4238//4238 4240//4240 
f 4333//4333 4334//4334 4238//4238 
f 3//3 4281//4281 4282//4282 
f 9//9 4283//4283 4281//4281 
f 4284//4284 4283//4283 13//13 
f 4284//4284 13//13 12//12 
f 4285//4285 4284//4284 12//12 
f 4285//4285 12//12 19//19 
f 3//3 4282//4282 5//5 
f 4281//4281 3//3 2//2 
f 4281//4281 2//2 9//9 
f 4283//4283 8//8 13//13 
f 4283//4283 9//9 8//8 
f 4286//4286 4287//4287 16//16 
f 4286//4286 16//16 23//23 
f 4288//4288 4286//4286 22//22 
f 4288//4288 22//22 27//27 
f 4289//4289 4290//4290 35//35 
f 4289//4289 35//35 34//34 
f 4289//4289 39//39 4291//4291 
f 31//31 4290//4290 4288//4288 
f 4292//4292 4293//4293 42//42 
f 4292//4292 42//42 49//49 
f 4293//4293 4291//4291 38//38 
f 4293//4293 38//38 43//43 
f 47//47 4294//4294 4292//4292 
f 4295//4295 4294//4294 46//46 
f 4295//4295 46//46 53//53 
f 4296//4296 61//61 4297//4297 
f 4296//4296 4295//4295 52//52 
f 4296//4296 52//52 57//57 
f 4285//4285 19//19 17//17 
f 4285//4285 17//17 4287//4287 
f 19//19 12//12 11//11 
f 19//19 11//11 20//20 
f 4287//4287 17//17 16//16 
f 4288//4288 27//27 26//26 
f 4286//4286 23//23 22//22 
f 4290//4290 30//30 35//35 
f 4289//4289 34//34 39//39 
f 4290//4290 31//31 30//30 
f 4288//4288 26//26 31//31 
f 4293//4293 43//43 42//42 
f 4292//4292 49//49 47//47 
f 4294//4294 47//47 46//46 
f 49//49 42//42 41//41 
f 49//49 41//41 50//50 
f 4296//4296 56//56 61//61 
f 4296//4296 57//57 56//56 
f 4295//4295 53//53 52//52 
f 4291//4291 39//39 38//38 
f 60//60 4297//4297 61//61 
f 4298//4298 4297//4297 65//65 
f 4298//4298 65//65 64//64 
f 60//60 65//65 4297//4297 
f 69//69 4299//4299 4298//4298 
f 4299//4299 73//73 4300//4300 
f 4301//4301 4300//4300 72//72 
f 4301//4301 72//72 79//79 
f 4298//4298 64//64 69//69 
f 4299//4299 69//69 68//68 
f 4300//4300 73//73 72//72 
f 79//79 72//72 71//71 
f 79//79 71//71 80//80 
f 4299//4299 68//68 73//73 
f 77//77 4301//4301 79//79 
f 4302//4302 83//83 4303//4303 
f 4304//4304 4303//4303 82//82 
f 4304//4304 82//82 87//87 
f 4305//4305 4306//4306 95//95 
f 4305//4305 95//95 94//94 
f 4305//4305 99//99 4307//4307 
f 4306//4306 4304//4304 86//86 
f 4306//4306 86//86 91//91 
f 4308//4308 4309//4309 102//102 
f 4308//4308 102//102 109//109 
f 4309//4309 4307//4307 103//103 
f 4309//4309 103//103 102//102 
f 107//107 4310//4310 4308//4308 
f 4310//4310 113//113 4311//4311 
f 4282//4282 4312//4312 116//116 
f 4282//4282 116//116 119//119 
f 4312//4312 4311//4311 117//117 
f 4312//4312 117//117 116//116 
f 77//77 76//76 4302//4302 
f 77//77 4302//4302 4301//4301 
f 4302//4302 76//76 83//83 
f 4303//4303 83//83 82//82 
f 4304//4304 87//87 86//86 
f 4307//4307 99//99 98//98 
f 4305//4305 94//94 99//99 
f 4306//4306 90//90 95//95 
f 4306//4306 91//91 90//90 
f 109//109 102//102 101//101 
f 109//109 101//101 110//110 
f 4310//4310 107//107 106//106 
f 4310//4310 106//106 113//113 
f 4308//4308 109//109 107//107 
f 4282//4282 119//119 5//5 
f 4311//4311 112//112 117//117 
f 4311//4311 113//113 112//112 
f 4307//4307 98//98 103//103 
f 4335//4335 4245//4245 4242//4242 
f 4334//4334 4242//4242 4239//4239 
f 4334//4334 4335//4335 4242//4242 
f 4358//4358 4243//4243 4241//4241 
f 4335//4335 4241//4241 4245//4245 
f 4335//4335 4358//4358 4241//4241 
f 4331//4331 4251//4251 4246//4246 
f 4358//4358 4246//4246 4243//4243 
f 4358//4358 4331//4331 4246//4246 
f 4359//4359 4248//4248 4247//4247 
f 4331//4331 4247//4247 4251//4251 
f 4331//4331 4359//4359 4247//4247 
f 4359//4359 4249//4249 4248//4248 
f 4359//4359 4329//4329 4249//4249 
f 4329//4329 4278//4278 4249//4249 
f 4328//4328 4226//4226 4361//4361 
f 4361//4361 4244//4244 4323//4323 
f 4244//4244 4361//4361 4226//4226 
f 4318//4318 4256//4256 4328//4328 
f 4328//4328 4252//4252 4226//4226 
f 4252//4252 4328//4328 4256//4256 
f 4314//4314 4260//4260 4227//4227 
f 4318//4318 4227//4227 4256//4256 
f 4318//4318 4314//4314 4227//4227 
f 4315//4315 4228//4228 4258//4258 
f 4314//4314 4258//4258 4260//4260 
f 4314//4314 4315//4315 4258//4258 
f 4317//4317 4263//4263 4254//4254 
f 4315//4315 4254//4254 4228//4228 
f 4315//4315 4317//4317 4254//4254 
f 4316//4316 4267//4267 4229//4229 
f 4317//4317 4229//4229 4263//4263 
f 4317//4317 4316//4316 4229//4229 
f 4362//4362 4261//4261 4269//4269 
f 4269//4269 4267//4267 4362//4362 
f 4316//4316 4362//4362 4267//4267 
f 4313//4313 4257//4257 4265//4265 
f 4265//4265 4261//4261 4313//4313 
f 4362//4362 4313//4313 4261//4261 
f 4338//4338 4262//4262 4255//4255 
f 4255//4255 4257//4257 4338//4338 
f 4313//4313 4338//4338 4257//4257 
f 4266//4266 4259//4259 4336//4336 
f 4259//4259 4262//4262 4339//4339 
f 4338//4338 4339//4339 4262//4262 
f 4271//4271 4264//4264 4355//4355 
f 4264//4264 4266//4266 4336//4336 
f 4339//4339 4336//4336 4259//4259 
f 4268//4268 4270//4270 4337//4337 
f 4270//4270 4271//4271 4355//4355 
f 4336//4336 4355//4355 4264//4264 
f 4276//4276 4272//4272 4340//4340 
f 4272//4272 4268//4268 4340//4340 
f 4355//4355 4337//4337 4270//4270 
f 4279//4279 4273//4273 4341//4341 
f 4273//4273 4276//4276 4341//4341 
f 4337//4337 4340//4340 4268//4268 
f 4280//4280 4277//4277 4342//4342 
f 4277//4277 4279//4279 4342//4342 
f 4340//4340 4341//4341 4276//4276 
f 4342//4342 4231//4231 4280//4280 
f 4342//4342 4321//4321 4231//4231 
f 4341//4341 4342//4342 4279//4279 
f 4321//4321 4225//4225 4332//4332 
f 4321//4321 4342//4342 4225//4225 
f 4332//4332 4224//4224 4330//4330 
f 4332//4332 4225//4225 4224//4224 
f 4330//4330 4223//4223 4333//4333 
f 4330//4330 4224//4224 4223//4223 
f 4333//4333 4222//4222 4334//4334 
f 4333//4333 4223//4223 4222//4222 
f 4334//4334 4221//4221 4335//4335 
f 4334//4334 4222//4222 4221//4221 
f 4335//4335 4220//4220 4358//4358 
f 4335//4335 4221//4221 4220//4220 
f 4358//4358 4219//4219 4331//4331 
f 4358//4358 4220//4220 4219//4219 
f 4331//4331 4218//4218 4359//4359 
f 4331//4331 4219//4219 4218//4218 
f 4359//4359 4217//4217 4329//4329 
f 4359//4359 4218//4218 4217//4217 
f 4274//4274 4278//4278 4354//4354 
f 4329//4329 4354//4354 4278//4278 
f 4329//4329 4217//4217 4354//4354 
f 4253//4253 4354//4354 4275//4275 
f 4274//4274 4354//4354 4253//4253 
f 4356//4356 4357//4357 4250//4250 
f 4275//4275 4354//4354 4356//4356 
f 4357//4357 4356//4356 4354//4354 
f 4325//4325 4344//4344 4326//4326 
f 4250//4250 4357//4357 4325//4325 
f 4344//4344 4325//4325 4357//4357 
f 4322//4322 4343//4343 4324//4324 
f 4343//4343 4326//4326 4344//4344 
f 4326//4326 4343//4343 4322//4322 
f 4327//4327 4319//4319 4360//4360 
f 4319//4319 4324//4324 4343//4343 
f 4324//4324 4319//4319 4327//4327 
f 4361//4361 4323//4323 4320//4320 
f 4320//4320 4360//4360 4319//4319 
f 4345//4345 4346//4346 4347//4347 
f 4345//4345 4347//4347 4348//4348 
f 4348//4348 4347//4347 4349//4349 
f 4348//4348 4349//4349 4350//4350 
f 4347//4347 4351//4351 4352//4352 
f 4347//4347 4352//4352 4349//4349 
f 4346//4346 4353//4353 4351//4351 
f 4346//4346 4351//4351 4347//4347 
f 4352//4352 4294//4294 4295//4295 
f 4297//4297 4349//4349 4296//4296 
f 4349//4349 4295//4295 4296//4296 
f 4292//4292 4294//4294 4352//4352 
f 4289//4289 4291//4291 4351//4351 
f 4352//4352 4291//4291 4293//4293 
f 4291//4291 4352//4352 4351//4351 
f 4292//4292 4352//4352 4293//4293 
f 4295//4295 4349//4349 4352//4352 
f 4350//4350 4299//4299 4300//4300 
f 4301//4301 4350//4350 4300//4300 
f 4350//4350 4301//4301 4302//4302 
f 4299//4299 4349//4349 4298//4298 
f 4299//4299 4350//4350 4349//4349 
f 4303//4303 4348//4348 4350//4350 
f 4304//4304 4348//4348 4303//4303 
f 4348//4348 4304//4304 4306//4306 
f 4302//4302 4303//4303 4350//4350 
f 4349//4349 4297//4297 4298//4298 
f 4289//4289 4351//4351 4290//4290 
f 4351//4351 4286//4286 4288//4288 
f 4286//4286 4351//4351 4353//4353 
f 4283//4283 4353//4353 4346//4346 
f 4353//4353 4287//4287 4286//4286 
f 4290//4290 4351//4351 4288//4288 
f 4353//4353 4284//4284 4285//4285 
f 4283//4283 4346//4346 4281//4281 
f 4283//4283 4284//4284 4353//4353 
f 4353//4353 4285//4285 4287//4287 
f 4282//4282 4281//4281 4346//4346 
f 4307//4307 4345//4345 4348//4348 
f 4305//4305 4307//4307 4348//4348 
f 4309//4309 4345//4345 4307//4307 
f 4309//4309 4308//4308 4345//4345 
f 4306//4306 4305//4305 4348//4348 
f 4345//4345 4311//4311 4346//4346 
f 4345//4345 4308//4308 4310//4310 
f 4310//4310 4311//4311 4345//4345 
f 4311//4311 4312//4312 4346//4346 
f 4346//4346 4312//4312 4282//4282 
f 4360//4360 4320//4320 4323//4323 
f 4361//4361 4216//4216 4328//4328 
f 4361//4361 4186//4186 4216//4216 
f 4328//4328 4215//4215 4318//4318 
f 4328//4328 4216//4216 4215//4215 
f 4318//4318 4214//4214 4314//4314 
f 4318//4318 4215//4215 4214//4214 
f 4314//4314 4213//4213 4315//4315 
f 4314//4314 4214//4214 4213//4213 
f 4315//4315 4212//4212 4317//4317 
f 4315//4315 4213//4213 4212//4212 
f 4317//4317 4211//4211 4316//4316 
f 4317//4317 4212//4212 4211//4211 
f 4316//4316 4210//4210 4362//4362 
f 4316//4316 4211//4211 4210//4210 
f 4362//4362 4209//4209 4313//4313 
f 4362//4362 4210//4210 4209//4209 
f 4313//4313 4208//4208 4338//4338 
f 4313//4313 4209//4209 4208//4208 
f 4338//4338 4207//4207 4339//4339 
f 4338//4338 4208//4208 4207//4207 
f 4339//4339 4206//4206 4336//4336 
f 4339//4339 4207//4207 4206//4206 
f 4336//4336 4205//4205 4355//4355 
f 4336//4336 4206//4206 4205//4205 
f 4355//4355 4204//4204 4337//4337 
f 4355//4355 4205//4205 4204//4204 
f 4337//4337 4203//4203 4340//4340 
f 4337//4337 4204//4204 4203//4203 
f 4340//4340 4202//4202 4341//4341 
f 4340//4340 4203//4203 4202//4202 
f 4341//4341 4201//4201 4342//4342 
f 4341//4341 4202//4202 4201//4201 
f 4342//4342 4200//4200 4225//4225 
f 4342//4342 4201//4201 4200//4200 
f 4217//4217 4191//4191 4354//4354 
f 4354//4354 4190//4190 4357//4357 
f 4354//4354 4191//4191 4190//4190 
f 4357//4357 4189//4189 4344//4344 
f 4357//4357 4190//4190 4189//4189 
f 4344//4344 4188//4188 4343//4343 
f 4344//4344 4189//4189 4188//4188 
f 4343//4343 4187//4187 4319//4319 
f 4343//4343 4188//4188 4187//4187 
f 4319//4319 4185//4185 4320//4320 
f 4319//4319 4187//4187 4185//4185 
f 4320//4320 4186//4186 4361//4361 
f 4320//4320 4185//4185 4186//4186 
# mm_gid 1
g mmGroup1
f 4234//4234 4232//4232 4247//4247 
f 4234//4234 4244//4244 4265//4265 
f 4234//4234 4231//4231 4232//4232 
f 4231//4231 4234//4234 4277//4277 
f 4234//4234 4265//4265 4270//4270 
f 4324//4324 4244//4244 4326//4326 
f 4277//4277 4234//4234 4273//4273 
f 4234//4234 4326//4326 4244//4244 
f 4360//4360 4244//4244 4324//4324 
f 4326//4326 4234//4234 4250//4250 
f 4273//4273 4234//4234 4272//4272 
f 4327//4327 4360//4360 4324//4324 
f 4324//4324 4326//4326 4322//4322 
f 4326//4326 4250//4250 4325//4325 
f 4250//4250 4275//4275 4356//4356 
f 4275//4275 4250//4250 4234//4234 
f 4275//4275 4274//4274 4253//4253 
f 4270//4270 4272//4272 4234//4234 
f 4278//4278 4274//4274 4234//4234 
f 4249//4249 4247//4247 4248//4248 
f 4247//4247 4246//4246 4251//4251 
f 4247//4247 4278//4278 4234//4234 
f 4246//4246 4241//4241 4243//4243 
f 4241//4241 4242//4242 4245//4245 
f 4246//4246 4235//4235 4241//4241 
f 4242//4242 4238//4238 4239//4239 
f 4241//4241 4230//4230 4242//4242 
f 4238//4238 4230//4230 4240//4240 
f 4242//4242 4230//4230 4238//4238 
f 4241//4241 4235//4235 4230//4230 
f 4230//4230 4235//4235 4237//4237 
f 4235//4235 4232//4232 4236//4236 
f 4247//4247 4232//4232 4246//4246 
f 4246//4246 4232//4232 4235//4235 
f 4231//4231 4277//4277 4280//4280 
f 4277//4277 4273//4273 4279//4279 
f 4278//4278 4247//4247 4249//4249 
f 4272//4272 4270//4270 4268//4268 
f 4273//4273 4272//4272 4276//4276 
f 4270//4270 4264//4264 4271//4271 
f 4274//4274 4275//4275 4234//4234 
f 4264//4264 4270//4270 4265//4265 
f 4264//4264 4259//4259 4266//4266 
f 4259//4259 4255//4255 4262//4262 
f 4259//4259 4264//4264 4265//4265 
f 4255//4255 4265//4265 4257//4257 
f 4255//4255 4259//4259 4265//4265 
f 4265//4265 4269//4269 4261//4261 
f 4265//4265 4252//4252 4269//4269 
f 4265//4265 4244//4244 4252//4252 
f 4269//4269 4229//4229 4267//4267 
f 4269//4269 4227//4227 4229//4229 
f 4229//4229 4258//4258 4254//4254 
f 4229//4229 4254//4254 4263//4263 
f 4258//4258 4227//4227 4260//4260 
f 4254//4254 4258//4258 4228//4228 
f 4229//4229 4227//4227 4258//4258 
f 4227//4227 4252//4252 4256//4256 
f 4252//4252 4244//4244 4226//4226 
f 4269//4269 4252//4252 4227//4227 
f 4244//4244 4360//4360 4323//4323 
f 4232//4232 4231//4231 4233//4233 
