v 44.29654312 38.59997559 1067.916748
vn 0.7159290314 -0.1649447083 0.67840904
v 44.65960312 38.26963043 1067.456177
vn 0.7061732411 -0.1770890504 0.6855354309
v 44.71366882 38.3823967 1067.418457
vn 0.7489174008 -0.0927747488 0.6561368704
v 44.351017 38.71236801 1067.87854
vn 0.7543532848 -0.08409626037 0.6510598063
v 44.75680161 38.49236298 1067.374023
vn 0.7796924114 -0.0125448266 0.6260370612
v 44.39451981 38.8219986 1067.833618
vn 0.7874847651 -0.001746568712 0.6163316965
v 44.15943527 38.3807106 1067.967163
vn 0.6140373945 -0.3290494978 0.717415154
v 44.52338791 38.04955673 1067.505493
vn 0.6025982499 -0.3417051435 0.7211885452
v 44.5966568 38.15932846 1067.485107
vn 0.6603941917 -0.2593771517 0.7047006488
v 44.23316956 38.49006271 1067.946167
vn 0.6663716435 -0.2497280091 0.7025558352
v 43.9862709 38.1742363 1067.980103
vn 0.4348324835 -0.5337076187 0.7253115773
v 44.35118866 37.84220123 1067.517212
vn 0.4346326292 -0.5336233377 0.7254933715
v 44.44166946 37.94384003 1067.516235
vn 0.5438123345 -0.41983518 0.7266405821
v 44.07723999 38.27542877 1067.978516
vn 0.5499325991 -0.4097267389 0.7278036475
v 43.56616211 37.84652328 1067.886719
vn 0.1715334654 -0.7300440073 0.6615224481
v 43.93305588 37.5126915 1067.421265
vn 0.1585837901 -0.7394992113 0.6542110443
v 44.04351425 37.58144379 1067.459717
vn 0.245382458 -0.6888636351 0.6820955276
v 43.67710114 37.91483688 1067.924438
vn 0.2510997653 -0.6789416075 0.68991822
v 44.15113831 37.66008377 1067.48877
vn 0.3687170148 -0.5930182934 0.7158051729
v 43.7852211 37.99302673 1067.953003
vn 0.3684242666 -0.5927893519 0.7161454558
v 43.34285736 37.74238205 1067.786621
vn 0.004582338501 -0.8088235259 0.5880335569
v 43.71064758 37.40773773 1067.320068
vn -0.007414863911 -0.8162200451 0.5776935816
v 43.82152939 37.45463943 1067.37439
vn 0.07966444641 -0.7823832631 0.6176811457
v 43.45417404 37.78889084 1067.840332
vn 0.08443127573 -0.7733831406 0.6282912493
v 43.12844849 37.68280029 1067.661377
vn -0.1560776979 -0.8544666171 0.495506376
v 43.49700546 37.34745407 1067.193848
vn -0.1837231517 -0.8643246889 0.4681758881
v 43.602005 37.37208557 1067.259399
vn -0.08417975157 -0.8429400325 0.5313810706
v 43.23381424 37.7070961 1067.72644
vn -0.08066510409 -0.8351127505 0.5441321731
v 42.93319702 37.66488266 1067.521118
vn -0.3060929477 -0.8689817786 0.3888158202
v 43.30237961 37.32897186 1067.052856
vn -0.3147516549 -0.8721598983 0.3745243251
v 43.3968277 37.33333206 1067.124512
vn -0.2392346263 -0.8711218834 0.4288512766
v 43.02793503 37.66897583 1067.592529
vn -0.2350029349 -0.8642929792 0.4447147846
v 42.74023438 37.68735504 1067.353638
vn -0.4485628903 -0.8532189727 0.2660990655
v 43.10993958 37.35096359 1066.884644
vn -0.4563269019 -0.8541029692 0.2495472431
v 43.2054863 37.33442307 1066.972168
vn -0.3825505674 -0.8691049814 0.313546896
v 42.83602905 37.67058945 1067.440918
vn -0.381414175 -0.8633866906 0.3302827477
v 42.56526566 37.75415802 1067.168335
vn -0.5804021358 -0.8042476773 0.1277461201
v 42.93535233 37.41742325 1066.698853
vn -0.5997713208 -0.7952992916 0.08816691488
v 43.0203743 37.37834167 1066.794189
vn -0.5200295448 -0.8349708915 0.1799803078
v 42.65045547 37.71492386 1067.263428
vn -0.5204168558 -0.8305580616 0.1983421147
v 42.4175415 37.86576843 1066.972168
vn -0.7247234583 -0.6854766011 -0.069983989
v 42.78782272 37.52885437 1066.502441
vn -0.7189651728 -0.6907369494 -0.0772754401
v 42.85778809 37.46747589 1066.601685
vn -0.6419933438 -0.7659657598 0.0337790139
v 42.48757935 37.80432129 1067.071289
vn -0.6425204873 -0.7642685771 0.05532564223
v 42.23923874 38.20351028 1066.588989
vn -0.8272764087 -0.471370101 -0.3056533635
v 42.60931396 37.86678696 1066.119629
vn -0.825709343 -0.4626732171 -0.3227035701
v 42.63757324 37.77043533 1066.210815
vn -0.8025727272 -0.5390210748 -0.2556037605
v 42.26737213 38.1072731 1066.68042
vn -0.8081541657 -0.5393955112 -0.2365148962
v 42.6771431 37.68106461 1066.30603
vn -0.7558678389 -0.6395100951 -0.1403233856
v 42.30686569 38.01797485 1066.775757
vn -0.760812521 -0.6349823475 -0.1340213716
v 42.21730042 38.4101181 1066.422974
vn -0.8448680043 -0.3177321255 -0.4304002523
v 42.58698654 38.07374954 1065.954102
vn -0.8407710195 -0.3077467084 -0.4454166889
v 42.59251785 37.96846771 1066.033691
vn -0.8351483345 -0.3906505704 -0.3871943057
v 42.22261429 38.30503464 1066.50293
vn -0.8422680497 -0.3922922611 -0.3697178662
v 42.23825455 38.62412643 1066.285278
vn -0.8303183913 -0.1580561548 -0.5344058275
v 42.60741043 38.28823853 1065.817017
vn -0.8242129683 -0.1476955116 -0.5466800332
v 42.59221268 38.18088913 1065.881714
vn -0.834546864 -0.2318553776 -0.499774605
v 42.22277832 38.51703262 1066.350342
vn -0.8427527547 -0.2344594002 -0.4845581353
v 42.29512024 38.83306122 1066.179443
vn -0.7875499129 0.001499703503 -0.6162490249
v 42.66365051 38.49774551 1065.711914
vn -0.7796080112 0.01274075825 -0.6261381507
v 42.63159561 38.39429092 1065.760376
vn -0.8045284748 -0.07228241116 -0.5894991159
v 42.2627449 38.72990417 1066.228394
vn -0.8133484721 -0.075715065 -0.5768288374
v 42.39309692 39.05508423 1066.096313
vn -0.71591115 0.164932549 -0.6784308553
v 42.76084518 38.72047424 1065.629883
vn -0.7061784267 0.1770828664 -0.6855316758
v 42.70677948 38.60771179 1065.667603
vn -0.7460311055 0.09036678821 -0.659750998
v 42.33862305 38.9426918 1066.134521
vn -0.7560505271 0.08585648239 -0.6488577127
v 42.53020477 39.2743454 1066.045898
vn -0.6140493155 0.3290311396 -0.7174133658
v 42.89706421 38.94054794 1065.580566
vn -0.60257864 0.3416683972 -0.7212223411
v 42.8237915 38.83077621 1065.600952
vn -0.6574842334 0.2566177845 -0.7084220648
v 42.4564743 39.16499329 1066.066895
vn -0.6682389379 0.2514409125 -0.7001672983
v 42.70337296 39.4808197 1066.032959
vn -0.4348135591 0.5337206125 -0.7253133655
v 43.06925964 39.14790344 1065.568848
vn -0.4347289503 0.5335247517 -0.7255081534
v 42.97878265 39.04626465 1065.569824
vn -0.54063344 0.4170742035 -0.7305919528
v 42.61240005 39.37963104 1066.034546
vn -0.5519707203 0.4114277661 -0.725296855
v 43.12347794 39.80853653 1066.126343
vn -0.1715465039 0.7300317883 -0.6615326405
v 43.48739243 39.47741318 1065.664795
vn -0.158578217 0.7394672632 -0.6542485356
v 43.37693787 39.40866089 1065.626343
vn -0.2422284335 0.6860007048 -0.6860964894
v 43.01253891 39.74022293 1066.088623
vn -0.2532409132 0.6806773543 -0.6874207854
v 43.26931 39.33002472 1065.59729
vn -0.3687953353 0.592967391 -0.7158070207
v 42.90441895 39.66203308 1066.060181
vn -0.3684197068 0.5927731395 -0.7161612511
v 43.34678268 39.91267395 1066.22644
vn -0.004593010992 0.808825016 -0.5880314708
v 43.70980453 39.58236694 1065.765991
vn 0.007224783767 0.8161414862 -0.5778070092
v 43.59891891 39.53546524 1065.71167
vn -0.07664054632 0.7796421051 -0.621517837
v 43.235466 39.86616898 1066.172729
vn -0.08633445203 0.7751337886 -0.6258705258
v 43.56119537 39.97225571 1066.351685
vn 0.1561093628 0.8544887304 -0.4954582453
v 43.92344284 39.6426506 1065.892212
vn 0.1664200127 0.8596751094 -0.4829731286
v 43.81844711 39.6180191 1065.826538
vn 0.08702337742 0.8404348493 -0.5348796248
v 43.45582962 39.9479599 1066.286621
vn 0.07885105163 0.8367270231 -0.5419136882
v 43.75644684 39.99017334 1066.491943
vn 0.3062615693 0.868971765 -0.388705492
v 44.11807251 39.66113281 1066.033203
vn 0.314792186 0.8721729517 -0.3744598329
v 44.02362442 39.65677643 1065.961426
vn 0.2396627963 0.8686389923 -0.4336220622
v 43.66170502 39.98608017 1066.420532
vn 0.2334005982 0.8657308817 -0.4427574873
v 43.94940948 39.96770096 1066.659424
vn 0.4484726191 0.8532418609 -0.2661778033
v 44.31050873 39.63914108 1066.201294
vn 0.4563756287 0.8540925384 -0.2494939417
v 44.21496201 39.65568161 1066.11377
vn 0.3852593005 0.8665879369 -0.317176044
v 43.85361099 39.98447037 1066.572266
vn 0.3796574473 0.8650248051 -0.3280126154
v 44.12437439 39.90090179 1066.844727
vn 0.5803880095 0.8042544127 -0.1277678609
v 44.48509598 39.57268143 1066.387085
vn 0.6029160619 0.7924685478 -0.09211842716
v 44.40007782 39.611763 1066.29187
vn 0.5229767561 0.8323045373 -0.1837511957
v 44.03918457 39.94013596 1066.749634
vn 0.5185279846 0.8322994113 -0.1959754229
v 44.27209854 39.78929138 1067.041016
vn 0.7247139812 0.6854881048 0.069969289
v 44.63262558 39.46125031 1066.583618
vn 0.7189676166 0.6907325983 0.07729164511
v 44.56266403 39.5226326 1066.484375
vn 0.6463541985 0.7620264292 -0.03926854953
v 44.2020607 39.85073853 1066.941772
vn 0.6405682564 0.7660826445 -0.05281744525
v 44.45040131 39.45154953 1067.424072
vn 0.8272599578 0.4714588821 0.3055609167
v 44.81113434 39.12332153 1066.966431
vn 0.8257107735 0.4627102017 0.3226467669
v 44.78287506 39.21966934 1066.875244
vn 0.8057383895 0.5361735225 0.2516021132
v 44.42226791 39.5477829 1067.332642
vn 0.8061861396 0.5411986709 0.2390982062
v 44.74330521 39.30904007 1066.780029
vn 0.7558742166 0.6394991875 0.140338853
v 44.38277435 39.63708496 1067.237427
vn 0.7608291507 0.6349553466 0.1340548396
v 44.47233963 39.2449379 1067.590088
vn 0.8448665142 0.3175903857 0.4305077195
v 44.83346176 38.91635895 1067.131958
vn 0.8407853246 0.307720691 0.4454077482
v 44.82793427 39.02163696 1067.052368
vn 0.8381942511 0.3878661692 0.383393079
v 44.46702576 39.35002518 1067.510254
vn 0.8403715491 0.3940503597 0.372155875
v 44.4513855 39.03092957 1067.727783
vn 0.830340445 0.1581836492 0.5343338847
v 44.81303787 38.70186615 1067.268921
vn 0.8241965175 0.1475934237 0.5467323661
v 44.82823563 38.80921555 1067.204346
vn 0.8373223543 0.2291603386 0.4963635504
v 44.46686172 39.13802338 1067.66272
vn 0.8409971595 0.2360786498 0.4868167937
v 44.78885269 38.59581375 1067.325562
vn 0.8070162535 0.07004615664 0.5863602757
v 44.42689514 38.92515564 1067.78479
vn 0.8117967248 0.07715078443 0.578821063
v 43.67985535 39.49127197 1068.755005
vn 0.7829970717 -0.02611332759 0.6214770675
v 43.58023834 39.27078629 1068.84021
vn 0.7064443231 -0.1886228472 0.6821714044
v 43.44125366 39.05327606 1068.893066
vn 0.5997877121 -0.3505723774 0.7192730308
v 43.2660408 38.84872055 1068.908569
vn 0.4699106514 -0.4994966686 0.7277960181
v 43.06288147 38.66947937 1068.884155
vn 0.3251152933 -0.6256266236 0.7091483474
v 42.84176254 38.52490997 1068.820557
vn 0.1497556567 -0.7378130555 0.658183217
v 42.61656189 38.42254257 1068.7229
vn -0.01715440862 -0.811511457 0.58408463
v 42.40051651 38.36449051 1068.599731
vn -0.1767955124 -0.8526667356 0.4916328192
v 42.20394135 38.34780884 1068.461304
vn -0.3312589526 -0.8631772399 0.3810413778
v 42.00985718 38.37133408 1068.295288
vn -0.4732480347 -0.8425462246 0.2572006285
v 41.83408737 38.43888474 1068.110962
vn -0.6030242443 -0.7888777256 0.1184640601
v 41.68593597 38.55089569 1067.915283
vn -0.7094677687 -0.7042871118 -0.02520269714
v 41.57525635 38.70310593 1067.718872
vn -0.7858348489 -0.5959458947 -0.1652638167
v 41.50805283 38.88824463 1067.531616
vn -0.837957263 -0.4480966628 -0.3115076125
v 41.48692322 39.09409714 1067.364624
vn -0.8512094021 -0.2947194278 -0.4342614412
v 41.50899124 39.30706024 1067.225464
vn -0.8328884244 -0.1366810352 -0.5362976193
v 41.56717682 39.51475906 1067.117798
vn -0.7845119238 0.0274956841 -0.6195038557
v 41.66679382 39.73524857 1067.032715
vn -0.7080950141 0.190156281 -0.680030942
v 41.8057785 39.95275497 1066.979858
vn -0.6017170548 0.3519597948 -0.7169803977
v 41.98099136 40.1573143 1066.964233
vn -0.4710268974 0.5002661943 -0.726544857
v 42.1841507 40.33655167 1066.988647
vn -0.326130718 0.6262772679 -0.7081070542
v 42.40526962 40.48112488 1067.052246
vn -0.1516664922 0.7394154668 -0.6559436321
v 42.63047028 40.58348846 1067.149902
vn 0.01536815614 0.8130490184 -0.5819923878
v 42.84651566 40.64154053 1067.273071
vn 0.1751859933 0.8540868759 -0.4897401929
v 43.04308701 40.6582222 1067.411499
vn 0.3297111988 0.8646185994 -0.3791110516
v 43.23717499 40.63469696 1067.577637
vn 0.4715327024 0.8441389203 -0.2551203966
v 43.41294479 40.5671463 1067.761841
vn 0.6012322903 0.7905699015 -0.1162711978
v 43.56109619 40.45513535 1067.95752
vn 0.7084797621 0.7052359581 0.02643191442
v 43.67177582 40.30292511 1068.153931
vn 0.7850017548 0.5967381597 0.1663607061
v 43.73897934 40.11778641 1068.341187
vn 0.8361866474 0.449795723 0.3138083518
v 43.76010895 39.9119339 1068.508179
vn 0.849542141 0.2962228954 0.4364975691
v 43.73803711 39.69897079 1068.647339
vn 0.8313715458 0.1380881965 0.5382871032
v 42.87953186 39.95505524 1069.765503
vn 0.7186404467 -0.1800559163 0.6716664433
v 42.98090363 40.17382812 1069.677979
vn 0.7939817309 -0.01905871555 0.6076428294
v 42.73853683 39.73950958 1069.820923
vn 0.6128748059 -0.3409523964 0.712836504
v 42.56112671 39.53709793 1069.839355
vn 0.4808974266 -0.4910710156 0.7263517976
v 42.35570526 39.3600769 1069.817993
vn 0.3278950453 -0.6227672696 0.7103842497
v 42.13236237 39.21767426 1069.757324
vn 0.1624483764 -0.7284145951 0.665599525
v 41.90511703 39.11730576 1069.662354
vn -0.006012341008 -0.8032770157 0.595575273
v 41.68730545 39.06098175 1069.541626
vn -0.1678160578 -0.8458291292 0.506370306
v 41.48929977 39.04570007 1069.405029
vn -0.3252583444 -0.8578637838 0.3978400528
v 41.2939949 39.0704155 1069.240479
vn -0.4686173797 -0.838993907 0.2765627205
v 41.1173439 39.13882828 1069.057373
vn -0.6003326774 -0.7874695063 0.1396155357
v 40.96871948 39.25130081 1068.862305
vn -0.7104399204 -0.7037380934 -0.005277103744
v 40.85801315 39.40353394 1068.666016
vn -0.7927882671 -0.5903514028 -0.1515652537
v 40.79124832 39.58824539 1068.478149
vn -0.8423811793 -0.4537044466 -0.2907682359
v 40.77097321 39.7932663 1068.310059
vn -0.8578876257 -0.3019536436 -0.4157556891
v 40.7942276 40.00507355 1068.169312
vn -0.841347456 -0.1449319571 -0.5207006931
v 40.8538208 40.21139526 1068.059814
vn -0.7940279245 0.01897764951 -0.6075849533
v 40.95519257 40.43016815 1067.97229
vn -0.7187060118 0.179922387 -0.6716320515
v 41.09618759 40.64570999 1067.91687
vn -0.6130124331 0.3407578766 -0.7128112316
v 41.27359772 40.84812164 1067.898315
vn -0.4811356068 0.4908433855 -0.7263479233
v 41.47901917 41.02514648 1067.9198
vn -0.3279552162 0.6227344871 -0.7103852034
v 41.70236206 41.16754913 1067.980469
vn -0.1626493633 0.7283185124 -0.6656555533
v 41.92960739 41.26791763 1068.075439
vn 0.005789297633 0.8032121658 -0.5956649184
v 42.14741898 41.32424164 1068.196167
vn 0.1676947474 0.8458184004 -0.5064284205
v 42.34542465 41.33952332 1068.332764
vn 0.3250485361 0.857876122 -0.3979849815
v 42.54072952 41.31480789 1068.497192
vn 0.4685312212 0.8390232921 -0.276619643
v 42.71738052 41.24639511 1068.68042
vn 0.6002432108 0.7875252962 -0.1396853924
v 42.86600494 41.13391876 1068.875366
vn 0.7103922963 0.7037864923 0.005238104612
v 42.97670746 40.98168945 1069.071777
vn 0.7927725911 0.5903739929 0.1515592486
v 43.0434761 40.79697418 1069.259521
vn 0.8423724174 0.4537218213 0.2907665372
v 43.06375122 40.59195709 1069.427734
vn 0.8578863144 0.3019668758 0.4157487452
v 43.04049683 40.38014984 1069.568481
vn 0.8413347602 0.1448644698 0.5207399726
v 42.19678879 40.65328598 1070.691895
vn 0.7230636477 -0.1845587343 0.6656703353
v 42.30003738 40.87013626 1070.601807
vn 0.7997486591 -0.02513456903 0.5998086333
v 42.05364227 40.43994522 1070.750244
vn 0.6156918406 -0.3438138962 0.7090243697
v 41.87387466 40.23994827 1070.771973
vn 0.4819568992 -0.4921651781 0.724907577
v 41.66601181 40.06541824 1070.753784
vn 0.327051878 -0.6220664382 0.7113862634
v 41.4402771 39.92546463 1070.696411
vn 0.1599355191 -0.7257953286 0.6690604091
v 41.21082687 39.82735443 1070.604492
vn -0.0102746645 -0.7990341187 0.6011978984
v 40.99110031 39.77298355 1070.486206
vn -0.1734607071 -0.8401012421 0.5139467716
v 40.79154205 39.7592926 1070.351807
vn -0.3320817351 -0.8508558869 0.4071436822
v 40.59490967 39.78536606 1070.189087
vn -0.476447016 -0.8309983611 0.2871236205
v 40.41729355 39.85477066 1070.007324
vn -0.6088609099 -0.7787420154 0.1511597484
v 40.26813507 39.9677887 1069.812988
vn -0.7193603516 -0.69460392 0.006789289415
v 40.15738678 40.12006378 1069.616699
vn -0.80173558 -0.5811801553 -0.1394623369
v 40.09106827 40.30432129 1069.428223
vn -0.8509823084 -0.4449027479 -0.2790890932
v 40.07168961 40.50842285 1069.258911
vn -0.8658172488 -0.2938063443 -0.4050164521
v 40.09620285 40.71894073 1069.116455
vn -0.8483317494 -0.1376985312 -0.5112459064
v 40.15729523 40.92372894 1069.005005
vn -0.7998099923 0.02499580756 -0.5997326374
v 40.26054382 41.14057922 1068.914917
vn -0.7232095599 0.1843533069 -0.665568769
v 40.40369034 41.35391998 1068.856445
vn -0.6158180237 0.3436528146 -0.7089928985
v 40.58345795 41.55391693 1068.834839
vn -0.4821180105 0.4919897616 -0.724919498
v 40.7913208 41.72845078 1068.852905
vn -0.3272103071 0.6219508648 -0.7114144564
v 41.01705551 41.86840057 1068.9104
vn -0.1600679457 0.7257410884 -0.6690875888
v 41.24650574 41.96651459 1069.002319
vn 0.00994502008 0.7989327312 -0.6013381481
v 41.4662323 42.02088165 1069.120483
vn 0.1733237803 0.840095222 -0.5140028596
v 41.66579056 42.0345726 1069.255005
vn 0.3318931758 0.8508802652 -0.4072464406
v 41.86242294 42.00849915 1069.417603
vn 0.4763016999 0.8310413957 -0.2872401178
v 42.04003906 41.93909836 1069.599487
vn 0.6088008285 0.7787778378 -0.1512172073
v 42.18919754 41.82608032 1069.793823
vn 0.719312191 0.694653213 -0.006844500545
v 42.29994583 41.67380142 1069.990112
vn 0.8017214537 0.5812051296 0.139439255
v 42.36626434 41.48954391 1070.178467
vn 0.8509918451 0.4448652267 0.2791196704
v 42.38564301 41.28544617 1070.3479
vn 0.8658230901 0.2938388288 0.4049804509
v 42.36112976 41.07492447 1070.490356
vn 0.8483311534 0.1376561671 0.5112582445
v 41.53286743 41.36762238 1071.62085
vn 0.727878809 -0.1898390353 0.6589033008
v 41.63812256 41.58232117 1071.528076
vn 0.8060551286 -0.0319856815 0.590975523
v 41.38741302 41.15676498 1071.682495
vn 0.6188234687 -0.3471458554 0.7046611309
v 41.20510864 40.95948792 1071.707764
vn 0.4832514226 -0.4934061468 0.7232001424
v 40.99462509 40.78777695 1071.693359
vn 0.3263005614 -0.6213036776 0.7123971581
v 40.76631165 40.65059662 1071.639526
vn 0.1572636068 -0.7229965925 0.672713995
v 40.53447342 40.55504608 1071.550903
vn -0.0146466447 -0.7942957282 0.6073547602
v 40.31267548 40.50290298 1071.435547
vn -0.1794682741 -0.8337367177 0.5221821666
v 40.11143112 40.49102402 1071.303467
vn -0.3393264115 -0.8430230618 0.4173364043
v 39.91334534 40.51865768 1071.142822
vn -0.4847649336 -0.8220270872 0.2987882495
v 39.73466492 40.58919907 1070.962524
vn -0.6179751158 -0.76892066 0.1639138758
v 39.58491135 40.70285797 1070.769043
vn -0.7289165854 -0.6843062043 0.0201414749
v 39.47409058 40.85521698 1070.572754
vn -0.811337173 -0.570831418 -0.1260298342
v 39.40822601 41.03897858 1070.383789
vn -0.8602428436 -0.4349229634 -0.2661282122
v 39.3897934 41.24206161 1070.213013
vn -0.8743838072 -0.2845970392 -0.3930108249
v 39.41564178 41.45114899 1070.068726
vn -0.855908215 -0.1295126975 -0.5006471872
v 39.47833252 41.65421677 1069.955078
vn -0.8060906529 0.0318607688 -0.5909337997
v 39.58358383 41.86891556 1069.862183
vn -0.7280098796 0.1896027476 -0.65882653
v 39.72904205 42.07977295 1069.800537
vn -0.6190027595 0.3469382524 -0.7046058774
v 39.91134262 42.27705002 1069.775269
vn -0.4833237231 0.4933409393 -0.7231963277
v 40.12182617 42.44876099 1069.789795
vn -0.3264760673 0.6211738586 -0.7124299407
v 40.35014343 42.58594131 1069.843628
vn -0.1574447602 0.7228991389 -0.6727762818
v 40.58198166 42.68148804 1069.932251
vn 0.01434141118 0.794193387 -0.6074958444
v 40.80377579 42.73363495 1070.047485
vn 0.1792462319 0.8337051272 -0.5223088861
v 41.00502396 42.7455101 1070.179688
vn 0.3391873837 0.8430398107 -0.4174155593
v 41.20310593 42.71788025 1070.34021
vn 0.4845691323 0.8220863342 -0.2989427447
v 41.38178635 42.64733887 1070.520508
vn 0.6179006696 0.7689642906 -0.1639899462
v 41.53153992 42.53367996 1070.714111
vn 0.728862226 0.6843619347 -0.02021375671
v 41.6423645 42.38132095 1070.910278
vn 0.8113167286 0.5708669424 0.1260004193
v 41.70822525 42.19755936 1071.099365
vn 0.8602486253 0.4348989427 0.2661487758
v 41.72665787 41.9944725 1071.27002
vn 0.8743903637 0.2845285833 0.3930457532
v 41.70081329 41.78538895 1071.414307
vn 0.8559086919 0.1295123249 0.5006464124
v 40.89003372 42.09975815 1072.553223
vn 0.7332336903 -0.1959400475 0.6511342525
v 40.99741745 42.31203079 1072.457275
vn 0.8130208254 -0.03977935761 0.580874145
v 40.74211502 41.89170074 1072.618408
vn 0.6223127246 -0.3511607647 0.6995806098
v 40.5571022 41.69750595 1072.647583
vn 0.4846973121 -0.4951215386 0.7210569978
v 40.34380722 41.52899551 1072.637207
vn 0.3257074952 -0.6205505133 0.713324368
v 40.11271667 41.39497375 1072.587402
vn 0.154598847 -0.7199031711 0.6766377091
v 39.87830734 41.30234909 1072.502563
vn -0.01916397735 -0.7890095711 0.6140819192
v 39.65427399 41.25275421 1072.390503
vn -0.1857234836 -0.8265770674 0.5312975645
v 39.45119476 41.24296188 1072.260986
vn -0.3470888436 -0.8341910839 0.4285493195
v 39.25152588 41.27239227 1072.102661
vn -0.493632108 -0.8118739128 0.311749965
v 39.07167816 41.34426498 1071.924072
vn -0.627740562 -0.7577673793 0.1781302541
v 38.92124939 41.45869064 1071.731567
vn -0.7391812801 -0.6725918651 0.03508915752
v 38.81031036 41.61117935 1071.535522
vn -0.8216933608 -0.5590239763 -0.1109606028
v 38.74490356 41.79442215 1071.345825
vn -0.8702691197 -0.4235038757 -0.2515473962
v 38.72745132 41.9963913 1071.173584
vn -0.8836945891 -0.2740164101 -0.3794718683
v 38.75470352 42.20388031 1071.027344
vn -0.8641915917 -0.1201027781 -0.4886187017
v 38.81908798 42.40502548 1070.911133
vn -0.8130524158 0.03970301896 -0.580835104
v 38.9264679 42.61729813 1070.815186
vn -0.73334378 0.1957253814 -0.6510748863
v 39.07439041 42.82535172 1070.75
vn -0.6224910617 0.3509344757 -0.6995354891
v 39.25939941 43.01954651 1070.720825
vn -0.4849124849 0.4949359894 -0.7210397124
v 39.4726944 43.18806076 1070.731201
vn -0.325920552 0.6204167008 -0.7133435011
v 39.70378494 43.32208252 1070.781006
vn -0.1548167765 0.7198089361 -0.6766881347
v 39.93819809 43.41470337 1070.865845
vn 0.01890875213 0.7889494896 -0.6141670942
v 40.16223145 43.46430206 1070.977905
vn 0.1854668707 0.8265516162 -0.531426847
v 40.36531067 43.47409439 1071.107422
vn 0.346906662 0.8342114091 -0.4286573231
v 40.56497574 43.44466019 1071.265747
vn 0.493468821 0.8119333386 -0.3118537366
v 40.74482727 43.37278748 1071.444336
vn 0.6276021004 0.7578594089 -0.1782265753
v 40.89525604 43.25836182 1071.636841
vn 0.7391074896 0.6726700664 -0.0351433754
v 41.00619125 43.10587311 1071.832886
vn 0.8216596246 0.5590769053 0.1109436899
v 41.07159805 42.92263031 1072.022583
vn 0.8702523112 0.4235227704 0.2515738308
v 41.08905029 42.72066116 1072.194824
vn 0.8836824298 0.273987323 0.3795211613
v 41.06180191 42.51317215 1072.341064
vn 0.8641701341 0.1200415865 0.48867172
v 40.2726059 42.84958649 1073.487183
vn 0.7391041517 -0.2029978931 0.642274797
v 40.38222885 43.05913162 1073.387817
vn 0.8205458522 -0.04887301847 0.5694874525
v 40.12208557 42.64469147 1073.556274
vn 0.6261207461 -0.3559841514 0.6937204599
v 39.9342041 42.45399094 1073.589722
vn 0.4864055514 -0.4972718954 0.7184221148
v 39.7179184 42.28911591 1073.583862
vn 0.3251621425 -0.6199747324 0.7140734792
v 39.48386765 42.15869522 1073.538574
vn 0.151877895 -0.7166042328 0.6807433367
v 39.24670792 42.06942368 1073.457886
vn -0.02390944213 -0.7831928134 0.6213190556
v 39.02026749 42.02275467 1073.349487
vn -0.1922834367 -0.8185639977 0.5412763357
v 38.81521225 42.01536942 1073.223022
vn -0.3552604914 -0.8242511749 0.4409081638
v 38.61382675 42.04689407 1073.067261
vn -0.503084898 -0.800393343 0.3260000944
v 38.43268967 42.12033844 1072.890625
vn -0.638141036 -0.7451149225 0.1938550919
v 38.28149796 42.23569107 1072.699219
vn -0.7501446605 -0.6592518687 0.05167163163
v 38.17039108 42.38838959 1072.503418
vn -0.8327789307 -0.5455343127 -0.09418915957
v 38.10542297 42.57109833 1072.31311
vn -0.8810284734 -0.4103963375 -0.2352948934
v 38.08897018 42.77185059 1072.139404
vn -0.8937100172 -0.2618714571 -0.3642880321
v 38.11767197 42.97756958 1071.990967
vn -0.8731065392 -0.1092163175 -0.475138694
v 38.18382645 43.17656326 1071.87207
vn -0.8205949664 0.04881207272 -0.569421947
v 38.29345322 43.3861084 1071.772705
vn -0.7392115593 0.2028309554 -0.642203927
v 38.44396973 43.59100342 1071.703613
vn -0.6263859272 0.3556642532 -0.6936451793
v 38.6318512 43.78170395 1071.670044
vn -0.4866784215 0.4970385134 -0.7183988094
v 38.8481369 43.94657516 1071.675903
vn -0.3254905641 0.6197744608 -0.7140976787
v 39.08218765 44.07699966 1071.721191
vn -0.1520937532 0.7165266871 -0.6807767749
v 39.3193512 44.16627121 1071.802002
vn 0.02370384336 0.7831628323 -0.6213647127
v 39.54578781 44.21294022 1071.9104
vn 0.1920216233 0.8185683489 -0.5413626432
v 39.75084686 44.22032547 1072.036865
vn 0.3549663723 0.8243089318 -0.4410369992
v 39.95223236 44.18880081 1072.192505
vn 0.5028867126 0.8004786372 -0.3260964453
v 40.13336945 44.11535645 1072.369263
vn 0.6379830837 0.7452303171 -0.1939313859
v 40.28456116 44.00000381 1072.560547
vn 0.7500352859 0.6593726873 -0.05171790719
v 40.39566803 43.8473053 1072.756348
vn 0.8327168226 0.5456308722 0.09417881817
v 40.46063614 43.66459656 1072.946777
vn 0.88100034 0.4104432166 0.2353184819
v 40.47708893 43.46384048 1073.120361
vn 0.8936858177 0.2618318498 0.3643757701
v 40.44838333 43.25812149 1073.268921
vn 0.873090148 0.1092188582 0.4751682281
v 39.68389511 43.61805725 1074.422363
vn 0.7454599142 -0.2111469656 0.6322234273
v 39.79585648 43.82454681 1074.319214
vn 0.8285562396 -0.05945655704 0.5567400455
v 39.53065109 43.41673279 1074.49585
vn 0.6304059029 -0.3615505695 0.6869276166
v 39.3397522 43.2299881 1074.534058
vn 0.4883752167 -0.4999833703 0.7151966691
v 39.12030792 43.06925201 1074.533325
vn 0.324834317 -0.6195566654 0.7145853043
v 38.88311768 42.94293976 1074.49292
vn 0.1490993053 -0.7132171988 0.6849018931
v 38.64302826 42.8575058 1074.41687
vn -0.02876995504 -0.7769004703 0.628965795
v 38.41401291 42.81420517 1074.312622
vn -0.1990300715 -0.8097621799 0.5519712567
v 38.20683289 42.80960464 1074.189453
vn -0.3637149632 -0.8132299781 0.4542779624
v 38.003582 42.84356689 1074.036743
vn -0.51286906 -0.7875956893 0.3415528238
v 37.82103348 42.91885757 1073.862305
vn -0.648984611 -0.7309426665 0.211049214
v 37.66897964 43.03534317 1073.672363
vn -0.7616169453 -0.6442490816 0.06987666339
v 37.55763245 43.18835068 1073.476929
vn -0.8444171548 -0.5303106308 -0.07569904625
v 37.4930687 43.37053299 1073.285889
vn -0.8923650384 -0.3955609798 -0.2172928452
v 37.47761917 43.56996918 1073.110718
vn -0.9043022394 -0.2480175346 -0.3474546969
v 37.5078125 43.77373505 1072.959717
vn -0.8826114535 -0.09686297178 -0.4600158632
v 37.57580185 43.97032547 1072.838013
vn -0.8285829425 0.05941088498 -0.5567051768
v 37.6877594 44.17681503 1072.734985
vn -0.7455331683 0.2110518068 -0.6321688294
v 37.84100342 44.3781395 1072.661499
vn -0.6306132674 0.3612875044 -0.686875701
v 38.03190231 44.56488419 1072.623169
vn -0.4887051284 0.4996919036 -0.7151750326
v 38.25134659 44.72562027 1072.624023
vn -0.3251322508 0.619363904 -0.7146169543
v 38.48853683 44.85193253 1072.664307
vn -0.1495151967 0.7130428553 -0.6849927306
v 38.72863007 44.93736649 1072.740356
vn 0.02849301323 0.7768594027 -0.6290290952
v 38.9576416 44.98066711 1072.844604
vn 0.1987590045 0.8097602725 -0.5520716906
v 39.16482544 44.98526764 1072.967773
vn 0.3634743392 0.8132784367 -0.4543837607
v 39.36807251 44.95130539 1073.120483
vn 0.5126544833 0.787694037 -0.3416481316
v 39.55062103 44.87601471 1073.294922
vn 0.6488301754 0.7310587764 -0.2111220062
v 39.70267487 44.75952911 1073.484863
vn 0.7615051866 0.6443750858 -0.06993277371
v 39.81402206 44.60652161 1073.680298
vn 0.8443590999 0.5304041505 0.07569114864
v 39.87858582 44.42434311 1073.871338
vn 0.8923283815 0.395640403 0.2172988206
v 39.89403534 44.22490311 1074.046631
vn 0.9042786956 0.247977078 0.3475448489
v 39.86384201 44.02113724 1074.19751
vn 0.8825771809 0.09675890952 0.460103482
v 39.12649536 44.40694427 1075.360107
vn 0.7522583008 -0.2208034545 0.6207683086
v 39.24083328 44.61005402 1075.253052
vn 0.8370829225 -0.0716201067 0.5423676968
v 38.97045135 44.20958328 1075.438354
vn 0.6352642179 -0.3680850565 0.678935051
v 38.77643204 44.02725983 1075.481934
vn 0.4907775521 -0.5034587979 0.7111024261
v 38.55370331 43.87117386 1075.486572
vn 0.3248835206 -0.6195489764 0.7145696878
v 38.31324005 43.74950409 1075.451782
vn 0.1467344016 -0.7098235488 0.6889263988
v 38.07007217 43.6684227 1075.380859
vn -0.03345957026 -0.7703466415 0.6367468238
v 37.83834457 43.6289711 1075.281128
vn -0.2056160271 -0.8003388643 0.5631871223
v 37.62890244 43.62757111 1075.161865
vn -0.3721102178 -0.8012861013 0.4684811831
v 37.42365646 43.66436386 1075.012451
vn -0.5226984024 -0.7736030817 0.3582243323
v 37.2395668 43.74183273 1074.840698
vn -0.6599716544 -0.7153353691 0.2296361625
v 37.08653641 43.85969925 1074.652344
vn -0.7733345628 -0.6276251674 0.08966811746
v 36.97486115 44.01317215 1074.457397
vn -0.8563895226 -0.51334095 -0.05548060313
v 36.9106369 44.19487 1074.265869
vn -0.90410465 -0.3789457679 -0.197471261
v 36.89616013 44.39293289 1074.088989
vn -0.9153516889 -0.2323591262 -0.3288472593
v 36.92783737 44.59459305 1073.935547
vn -0.8926122189 -0.08279142529 -0.4431580007
v 36.99767685 44.78855896 1073.810669
vn -0.8371419311 0.07148700953 -0.5422942042
v 37.11201859 44.99167252 1073.703613
vn -0.7523615956 0.2206616849 -0.6206935644
v 37.26805878 45.18903351 1073.625366
vn -0.6353926659 0.3679434657 -0.6788915992
v 37.46208191 45.37135315 1073.581909
vn -0.491070807 0.5031932592 -0.7110878825
v 37.68480682 45.52744293 1073.577148
vn -0.3252544403 0.6193377376 -0.714583993
v 37.92527008 45.6491127 1073.611938
vn -0.1471087784 0.709662199 -0.6890127659
v 38.16843796 45.73019028 1073.682861
vn 0.03314612061 0.7702746391 -0.6368502975
v 38.40016556 45.76964569 1073.782593
vn 0.2053362131 0.800341785 -0.5632850528
v 38.6096077 45.77104568 1073.901855
vn 0.371840328 0.8013291955 -0.4686216414
v 38.81485367 45.73425293 1074.05127
vn 0.5225691199 0.7736551166 -0.3583006263
v 38.99894333 45.65678024 1074.223145
vn 0.6598508358 0.7154201865 -0.2297190726
v 39.15197372 45.53891373 1074.411499
vn 0.7732400298 0.6277290583 -0.08975557983
v 39.26364899 45.38544083 1074.606323
vn 0.8563552499 0.5134008527 0.05545497686
v 39.32787323 45.2037468 1074.797852
vn 0.9040966034 0.3789592385 0.1974823475
v 39.34235382 45.00568008 1074.974731
vn 0.9153465629 0.2323300391 0.3288820982
v 39.31067276 44.80401993 1075.128174
vn 0.8925756216 0.08267189562 0.4432540536
v 38.60503387 45.2148056 1076.299194
vn 0.759447515 -0.2321052849 0.6077554226
v 38.72169113 45.41434097 1076.187988
vn 0.846016407 -0.08548228443 0.5262594819
v 38.44624329 45.021698 1076.382324
vn 0.6404372454 -0.3761434853 0.6695940495
v 38.24912643 44.84416199 1076.431519
vn 0.4937576056 -0.5078482032 0.705899179
v 38.02312469 44.69314194 1076.442017
vn 0.3253162801 -0.6202803254 0.7137377858
v 37.77936554 44.57657623 1076.413208
vn 0.1448695362 -0.706710279 0.692512393
v 37.53308105 44.50032425 1076.3479
vn -0.03777668998 -0.7637048364 0.6444593668
v 37.29857635 44.46517181 1076.253174
vn -0.2119639516 -0.7904935479 0.5746226907
v 37.08679962 44.46738815 1076.138062
vn -0.3802790046 -0.7885605097 0.4832806289
v 36.8794632 44.50741959 1075.992432
vn -0.5324444771 -0.7584918737 0.3757565022
v 36.6937294 44.58744431 1075.823608
vn -0.6709133387 -0.6983308792 0.2494178265
v 36.53960419 44.70700836 1075.637207
vn -0.7850938439 -0.6093651056 0.1109137461
v 36.42747879 44.86118698 1075.443237
vn -0.8685008883 -0.4945448041 -0.03363941237
v 36.36347961 45.04254532 1075.251221
vn -0.916061759 -0.3604104221 -0.1758839041
v 36.34985733 45.23928833 1075.072754
vn -0.9266941547 -0.214779079 -0.3083957434
v 36.38292694 45.43880081 1074.91687
vn -0.9029260874 -0.06671734154 -0.4245859683
v 36.45454025 45.63002777 1074.788818
vn -0.8460973501 0.08530905098 -0.5261574388
v 36.57119751 45.82955933 1074.677612
vn -0.7595669031 0.2319072187 -0.6076817513
v 36.7299881 46.02266693 1074.594482
vn -0.640647471 0.3759332001 -0.6695110202
v 36.92710114 46.20020676 1074.545288
vn -0.4939877391 0.5076648593 -0.7058700323
v 37.15310669 46.35122299 1074.53479
vn -0.3256300688 0.6200855374 -0.7137639523
v 37.39686584 46.4677887 1074.563599
vn -0.1452104598 0.706577003 -0.6925770044
v 37.64315033 46.54404449 1074.628906
vn 0.03742049262 0.7636179328 -0.644583106
v 37.87765503 46.5791893 1074.723633
vn 0.2117016464 0.7904744744 -0.5747455955
v 38.08943176 46.57697678 1074.838745
vn 0.3799890876 0.7885939479 -0.4834541082
v 38.29676819 46.53694534 1074.984253
vn 0.5322528481 0.7585586905 -0.375893116
v 38.48250198 46.45691681 1075.153198
vn 0.6708194613 0.6983917952 -0.2494998127
v 38.63662338 46.33735657 1075.3396
vn 0.7850191593 0.6094451547 -0.1110021621
v 38.74875259 46.18317795 1075.533569
vn 0.8684737682 0.4945952296 0.03359849006
v 38.81275177 46.00181961 1075.725586
vn 0.9160596728 0.3604061306 0.1759037077
v 38.82637405 45.80508041 1075.904053
vn 0.9266912937 0.2147253454 0.3084417582
v 38.79330444 45.60556412 1076.059937
vn 0.9029072523 0.06664923579 0.4246367216
v 38.12337875 46.04046249 1077.239014
vn 0.7668994665 -0.2448182106 0.5932362676
v 38.24215698 46.23635864 1077.123657
vn 0.855027914 -0.1008021161 0.5086907148
v 37.96202469 45.85174561 1077.327148
vn 0.6459285021 -0.3856923282 0.6588003039
v 37.76198578 45.67922211 1077.381958
vn 0.4972327054 -0.513581574 0.6992807388
v 37.53284836 45.53357315 1077.398682
vn 0.3264977932 -0.6220557094 0.7116501331
v 37.28590012 45.42247391 1077.376099
vn 0.1437022537 -0.7044909 0.6950123906
v 37.03656769 45.35144424 1077.316772
vn -0.0412526913 -0.7576765418 0.6513251662
v 36.79932022 45.32100296 1077.227295
vn -0.2174916267 -0.7810006738 0.5854360461
v 36.58520508 45.32722855 1077.116821
vn -0.387583077 -0.7759179473 0.4977255464
v 36.37573624 45.37091827 1076.975342
vn -0.5413381457 -0.7431905866 0.3932184279
v 36.18827438 45.4539032 1076.809814
vn -0.6810840964 -0.6808458567 0.2693944573
v 36.03293991 45.57554626 1076.625854
vn -0.7961742282 -0.5903477669 0.1326501667
v 35.92021179 45.73075867 1076.432983
vn -0.8800494075 -0.4747544527 -0.01101139281
v 35.85625458 45.91204453 1076.240967
vn -0.9276066422 -0.3406476676 -0.1533136219
v 35.84330368 46.10764694 1076.061157
vn -0.9377815127 -0.1958521754 -0.2867189944
v 35.87756729 46.30511475 1075.902954
vn -0.9131442308 -0.04920889065 -0.4046554863
v 35.95077133 46.49361801 1075.771851
vn -0.8550992608 0.1006576493 -0.5085993409
v 36.06954956 46.68951035 1075.656372
vn -0.7670788765 0.2445633858 -0.5931093693
v 36.23090363 46.87823105 1075.568237
vn -0.6461571455 0.385453105 -0.6587160826
v 36.43094254 47.05075455 1075.513428
vn -0.4974946082 0.5133970976 -0.6992299557
v 36.66007996 47.1964035 1075.496704
vn -0.3266900778 0.6219297647 -0.7116719484
v 36.9070282 47.30749893 1075.519409
vn -0.143892318 0.7044007182 -0.6950644255
v 37.15636063 47.37853241 1075.578735
vn 0.04089632258 0.757583797 -0.6514555216
v 37.39360809 47.40897369 1075.668091
vn 0.2172031552 0.7809727788 -0.585580349
v 37.60772324 47.40274811 1075.778564
vn 0.3874164522 0.7759293318 -0.4978374839
v 37.81719208 47.35905457 1075.920044
vn 0.5411818624 0.7432348132 -0.3933499753
v 38.00465393 47.27607727 1076.085571
vn 0.6810275316 0.6808755398 -0.2694624364
v 38.1599884 47.15442657 1076.269531
vn 0.7961395383 0.590380013 -0.132715106
v 38.27271652 46.99921036 1076.462402
vn 0.8800506592 0.4747525454 0.01099152211
v 38.33666992 46.81793213 1076.654541
vn 0.9276195765 0.3406017125 0.1533377022
v 38.34962463 46.62232971 1076.834229
vn 0.9377787113 0.1957338452 0.2868089378
v 38.31536102 46.42486191 1076.992432
vn 0.913138032 0.04916561395 0.4046748281
v 37.68341064 46.87918091 1078.178955
vn 0.7742194533 -0.2585446835 0.5777013898
v 37.80389023 47.07183456 1078.059937
vn 0.8635177016 -0.1168521121 0.4905943274
v 37.51993179 46.6945076 1078.271606
vn 0.6516883969 -0.3965755701 0.6465524435
v 37.3174057 46.52672195 1078.331665
vn 0.5012430549 -0.5210666656 0.6908291578
v 37.0855484 46.38625717 1078.354248
vn 0.328635931 -0.625757575 0.7074078321
v 36.83577728 46.28053665 1078.337646
vn 0.1437364817 -0.7043760419 0.6951217651
v 36.58369446 46.2147522 1078.28418
vn -0.04310461506 -0.7537568808 0.6557381749
v 36.34391785 46.18912888 1078.200195
vn -0.2213033587 -0.7736247778 0.5937419534
v 36.12760162 46.19954681 1078.09436
vn -0.3930344284 -0.7653387785 0.5096866488
v 35.91607285 46.24716949 1077.957275
vn -0.5482807159 -0.729799211 0.4083887637
v 35.72687149 46.33347321 1077.795532
vn -0.6893364191 -0.6650347114 0.2873048782
v 35.57022095 46.45762634 1077.61438
vn -0.8054310679 -0.5726948977 0.1526477337
v 35.45670319 46.61435318 1077.423218
vn -0.8899421692 -0.4559577703 0.01027158182
v 35.3925209 46.79607391 1077.231567
vn -0.9377266765 -0.3214782178 -0.1316069216
v 35.3799057 46.99103165 1077.051147
vn -0.9477197528 -0.1770395786 -0.2654886544
v 35.41500092 47.18692017 1076.891113
vn -0.9225511551 -0.03150815889 -0.3845862448
v 35.48941422 47.37311554 1076.757446
vn -0.8635493517 0.1167193577 -0.4905702174
v 35.60989761 47.5657692 1076.638428
vn -0.774338603 0.2583557367 -0.5776262283
v 35.77337646 47.7504425 1076.545776
vn -0.651966393 0.3963073492 -0.6464365721
v 35.97589874 47.91823578 1076.485596
vn -0.5014920831 0.5209036469 -0.6907713413
v 36.20775604 48.05868912 1076.463013
vn -0.32884565 0.6256657839 -0.7073915601
v 36.45752716 48.16441345 1076.479614
vn -0.1438679695 0.7043286562 -0.6951425672
v 36.70960999 48.23019028 1076.533081
vn 0.0429787375 0.7537186742 -0.655790329
v 36.94939041 48.25582504 1076.617065
vn 0.2211537659 0.7735945582 -0.5938370824
v 37.16570282 48.24539566 1076.7229
vn 0.3930527568 0.7653076649 -0.5097192526
v 37.37723541 48.19777679 1076.859985
vn 0.5482931137 0.7297600508 -0.40844208
v 37.56643295 48.11147308 1077.021729
vn 0.6894160509 0.6649436951 -0.2873245478
v 37.7230835 47.98732376 1077.203003
vn 0.8055066466 0.5725833774 -0.1526673287
v 37.83660507 47.83059692 1077.394165
vn 0.8900173903 0.4558109641 -0.01026579365
v 37.90078354 47.64888382 1077.585693
vn 0.9377880692 0.3212758601 0.1316639483
v 37.91339874 47.45391846 1077.766113
vn 0.9477404356 0.1768342704 0.2655517161
v 37.87830353 47.25802994 1077.926147
vn 0.92254287 0.03135543317 0.3846185803
v 37.28325653 47.72215271 1079.118652
vn 0.780813992 -0.2722127736 0.562343061
v 37.40465546 47.9128952 1078.997559
vn 0.87069875 -0.1318643242 0.4738095105
v 37.11849976 47.54016495 1079.214355
vn 0.6574531794 -0.408295095 0.6332854033
v 36.91436005 47.3757515 1079.278198
vn 0.5058583021 -0.5304484963 0.6802438498
v 36.68063354 47.23921204 1079.305176
vn 0.3319470584 -0.6323383451 0.6999710202
v 36.42882538 47.13776016 1079.293335
vn 0.145581305 -0.707921207 0.6911249161
v 36.17467117 47.07632446 1079.244751
vn -0.04276447743 -0.7541889548 0.6552634835
v 35.9329071 47.05487061 1079.165405
vn -0.2224881649 -0.7710351944 0.5966604948
v 35.71478271 47.0690918 1079.063721
vn -0.3956105113 -0.7598622441 0.5158504844
v 35.50146866 47.12046814 1078.930908
vn -0.5521169901 -0.7216098905 0.4176673591
v 35.31065369 47.21017075 1078.772949
vn -0.694432497 -0.6543183327 0.2993843555
v 35.15264511 47.33719635 1078.594971
vn -0.8115820289 -0.5598261356 0.1671206504
v 35.03810883 47.49606323 1078.406128
vn -0.8968934417 -0.4414471686 0.0265810322
v 34.97331238 47.67909241 1078.216064
vn -0.9451931715 -0.3059123158 -0.114138253
v 34.96050644 47.87446594 1078.036011
vn -0.9553872943 -0.1610442996 -0.247588113
v 34.99580765 48.06993866 1077.87561
vn -0.9301235676 -0.01571022347 -0.3669105768
v 35.07075882 48.25501633 1077.740601
vn -0.8707589507 0.1316853762 -0.4737486541
v 35.19215775 48.44575119 1077.619385
vn -0.7809032202 0.2720722258 -0.5622872114
v 35.35691833 48.62774658 1077.523804
vn -0.6575309038 0.4082241058 -0.6332504749
v 35.56105423 48.7921524 1077.459839
vn -0.5059774518 0.5303893089 -0.6802014709
v 35.79478455 48.92869949 1077.432983
vn -0.3319008648 0.6323872805 -0.6999487281
v 36.0465889 49.03014374 1077.444824
vn -0.1455510557 0.7079705 -0.6910808086
v 36.3007431 49.09157944 1077.493408
vn 0.04279470071 0.7542203665 -0.6552253366
v 36.54250717 49.11303329 1077.572754
vn 0.2224377394 0.7710362077 -0.5966780186
v 36.76063156 49.0988121 1077.674316
vn 0.3957229555 0.7598320246 -0.5158087015
v 36.97394562 49.04743958 1077.807251
vn 0.5522964001 0.7215152979 -0.4175935388
v 37.16476059 48.95773315 1077.96521
vn 0.6945838332 0.6541846991 -0.2993254364
v 37.32276917 48.83071136 1078.143188
vn 0.811699748 0.5596677661 -0.1670795679
v 37.43730545 48.67184067 1078.331909
vn 0.8969902396 0.4412531853 -0.02653555572
v 37.5021019 48.48881912 1078.522095
vn 0.9452577233 0.3056904674 0.1141980588
v 37.51491165 48.29343796 1078.702026
vn 0.9554116726 0.1608262509 0.2476356179
v 37.47960663 48.09796906 1078.862549
vn 0.9301280975 0.01559080742 0.3669041991
v 36.91342545 48.55592728 1080.060059
vn 0.7869161367 -0.2858394682 0.5468627214
v 37.03477097 48.74680328 1079.939087
vn 0.8768465519 -0.1454200447 0.4582501352
v 36.74843597 48.37444305 1080.15625
vn 0.6633356214 -0.4213610291 0.6184179187
v 36.54376602 48.21123123 1080.221436
vn 0.5112076998 -0.5424637794 0.6666331887
v 36.30921936 48.07653427 1080.250488
vn 0.3365729749 -0.6427515149 0.688178122
v 36.05634308 47.97747803 1080.241333
vn 0.1492446959 -0.7163311839 0.6816125512
v 35.8009491 47.91884613 1080.195923
vn -0.04009129107 -0.7602577806 0.6483832002
v 35.55784988 47.90039444 1080.119995
vn -0.2209195495 -0.7746571898 0.5925375819
v 35.33839417 47.91762543 1080.021729
vn -0.3953144252 -0.7609400749 0.5144868493
v 35.12361908 47.97229385 1079.892578
vn -0.5529773831 -0.7200263143 0.4192590117
v 34.93132401 48.06533432 1079.738403
vn -0.6964616776 -0.6500301957 0.3039768338
v 34.77187347 48.19560623 1079.564087
vn -0.8147276044 -0.5529440641 0.1745619029
v 34.65602493 48.35744095 1079.378662
vn -0.9010236859 -0.4322231412 0.03659953177
v 34.59011078 48.54299545 1079.191406
vn -0.9501240849 -0.2947345078 -0.1019597501
v 34.5764389 48.74032974 1079.01355
vn -0.9609036446 -0.1484404206 -0.2337297201
v 34.61116028 48.93711853 1078.854614
vn -0.9359927177 -0.002161731711 -0.3520126939
v 34.68580246 49.1228981 1078.720459
vn -0.876752913 0.1456927359 -0.4583426416
v 34.80714798 49.31377411 1078.599487
vn -0.7869154215 0.2859371305 -0.5468126535
v 34.97213745 49.4952507 1078.503174
vn -0.663215518 0.4215492606 -0.6184185147
v 35.1768074 49.65847015 1078.437988
vn -0.5111407042 0.5425952673 -0.666577518
v 35.41135406 49.79316711 1078.408936
vn -0.3364394307 0.6429064274 -0.6880987287
v 35.66423035 49.89222336 1078.418091
vn -0.1491352469 0.7164263725 -0.6815364361
v 35.91962433 49.95085526 1078.463623
vn 0.04025814682 0.7603301406 -0.6482880712
v 36.16272354 49.96930695 1078.539551
vn 0.2208277583 0.7746876478 -0.5925319791
v 36.38217926 49.95207214 1078.637695
vn 0.3951785862 0.7609642148 -0.5145554543
v 36.59695435 49.89740753 1078.766846
vn 0.5529330373 0.720041275 -0.4192917943
v 36.78924942 49.80436707 1078.921021
vn 0.6964021921 0.6500663161 -0.3040358126
v 36.94869995 49.67409515 1079.095459
vn 0.8146461844 0.5530286431 -0.1746737361
v 37.06454849 49.51225662 1079.280884
vn 0.9009464383 0.4323714375 -0.03674898669
v 37.13046265 49.32670593 1079.468018
vn 0.9500823617 0.2949174643 0.1018195748
v 37.14413452 49.12937164 1079.645874
vn 0.960898757 0.1486345083 0.2336265594
v 37.10941315 48.93258286 1079.80481
vn 0.9360429645 0.002442694036 0.3518772423
v 36.56964493 49.36733246 1081.005005
vn 0.7942339182 -0.3028948009 0.526732564
v 36.69045639 49.55945969 1080.885498
vn 0.8838027716 -0.1616313756 0.4390534759
v 36.40484619 49.18540192 1081.100708
vn 0.6707331538 -0.4386669695 0.5980705023
v 36.19999313 49.02262497 1081.166504
vn 0.5183888674 -0.5593199134 0.6468648911
v 35.96487808 48.88927078 1081.197021
vn 0.343185097 -0.6585025787 0.6697748303
v 35.71108246 48.79240036 1081.19043
vn 0.1550668925 -0.73028934 0.6653057337
v 35.45447159 48.7366333 1081.148315
vn -0.03527048975 -0.7718975544 0.6347678304
v 35.20996475 48.72151947 1081.076294
vn -0.2171309441 -0.7836171389 0.5820638537
v 34.98900604 48.74230576 1080.9823
vn -0.3928053081 -0.7669280171 0.5074695945
v 34.7725029 48.80104828 1080.85791
vn -0.551943779 -0.7227799892 0.4158691466
v 34.57836151 48.8984642 1080.70874
vn -0.6872224212 -0.6560328007 0.3120037019
v 34.41701889 49.03320312 1080.539673
vn -0.8070722818 -0.5594658852 0.1887650639
v 34.29933929 49.19936371 1080.359253
vn -0.8977710605 -0.4370080531 0.05505584925
v 34.23174667 49.3888855 1080.176636
vn -0.9513956308 -0.2973242104 -0.08027858287
v 34.2166481 49.58958435 1080.002808
vn -0.9663782716 -0.1484849155 -0.2099173516
v 34.25024796 49.78901291 1079.846924
vn -0.94500947 0.0003856772673 -0.3270426691
v 34.32410049 49.9766655 1079.714844
vn -0.8894725442 0.1487679332 -0.4320957363
v 34.44490814 50.16879272 1079.595337
vn -0.8028270006 0.2901567519 -0.5208433867
v 34.60970688 50.35071564 1079.499512
vn -0.6819437742 0.4269027114 -0.5938912034
v 34.81456375 50.51349258 1079.433838
vn -0.5316112041 0.5492367148 -0.6447701454
v 35.04967499 50.6468544 1079.40332
vn -0.3579467237 0.6504724026 -0.6698953509
v 35.30347061 50.74371719 1079.409912
vn -0.1704932898 0.7247044444 -0.6676342487
v 35.56008148 50.79948425 1079.451904
vn 0.02041793615 0.7689374685 -0.6389979124
v 35.80458832 50.81460571 1079.524048
vn 0.2034428567 0.7830438018 -0.5877528787
v 36.02555084 50.7938118 1079.618042
vn 0.3786273003 0.7687077522 -0.5154898763
v 36.24205017 50.73506927 1079.742432
vn 0.5386811495 0.7270114422 -0.4257663786
v 36.43619156 50.63765717 1079.891602
vn 0.6854214072 0.6560024619 -0.3160036206
v 36.59753418 50.50291824 1080.060669
vn 0.8144363165 0.5506953001 -0.1828338504
v 36.71521759 50.33675385 1080.241089
vn 0.9040207267 0.4250605404 -0.0454977788
v 36.7828064 50.14723969 1080.423706
vn 0.9544455409 0.2846227884 0.0895742923
v 36.79790878 49.9465332 1080.597534
vn 0.9663492441 0.1358384192 0.2184424549
v 36.76430511 49.74710464 1080.753418
vn 0.9423329234 -0.01231884956 0.3344501853
v 36.26049042 50.14437485 1081.957153
vn 0.8134283423 -0.3161341846 0.4882555306
v 36.38051605 50.33847427 1081.839966
vn 0.8994037509 -0.1728946269 0.4014726877
v 36.09600449 49.96165466 1082.05188
vn 0.6928266883 -0.4537976086 0.5604096055
v 35.89093781 49.79940033 1082.118164
vn 0.5424729586 -0.5759257078 0.61158216
v 35.65507889 49.66791153 1082.151001
vn 0.3682075441 -0.6759751439 0.6383422613
v 35.40003586 49.57418823 1082.148315
vn 0.1796965748 -0.7480050325 0.638903439
v 35.14176559 49.5226059 1082.111328
vn -0.01246743556 -0.789103806 0.614133358
v 34.89531708 49.51237488 1082.045288
vn -0.1971309781 -0.7994387746 0.5674830675
v 34.67227554 49.53840256 1081.957642
vn -0.373960346 -0.7809957862 0.5001991987
v 34.45337677 49.60318756 1081.840698
vn -0.5424990654 -0.7322592735 0.411692977
v 34.25666046 49.70708084 1081.699585
vn -0.656150341 -0.6751323342 0.3371394873
v 34.17009735 49.77314758 1081.621338
vn -0.7622482181 -0.6006640196 0.2412062287
v 34.09267426 49.84849548 1081.538574
vn -0.8210769296 -0.5419537425 0.1792173684
v 34.02667236 49.93125534 1081.453369
vn -0.8678742647 -0.4835697114 0.1138184369
v 33.97242355 50.02112961 1081.366211
vn -0.9094871879 -0.4128375351 0.04897186533
v 33.93084717 50.11675644 1081.278198
vn -0.9380077124 -0.3461063206 -0.01875910722
v 33.90246582 50.21660233 1081.190796
vn -0.9600676298 -0.2672504485 -0.08274845034
v 33.88739777 50.31903076 1081.105469
vn -0.9691818953 -0.1961192638 -0.1490761638
v 33.88534546 50.42240524 1081.023315
vn -0.9713686109 -0.1141409427 -0.2083622813
v 33.89564896 50.52515793 1080.945312
vn -0.9620049596 -0.0432527028 -0.2695842087
v 33.91735077 50.62585831 1080.872314
vn -0.9462773204 0.03703876585 -0.3212279677
v 33.94926453 50.72327042 1080.805054
vn -0.9212397933 0.1038623676 -0.3748731613
v 33.99006271 50.81638336 1080.743774
vn -0.8892938495 0.1823468804 -0.4194115698
v 34.04377747 50.91331863 1080.683472
vn -0.848216176 0.248001501 -0.4680006206
v 34.11008835 51.01049042 1080.626709
vn -0.7992530465 0.3250114918 -0.5055315495
v 34.18644714 51.1032753 1080.576416
vn -0.7406436801 0.38908723 -0.5477755666
v 34.27457428 51.1932106 1080.531982
vn -0.6746684909 0.4615654349 -0.5760033131
v 34.37218857 51.27730179 1080.494995
vn -0.6010651588 0.5185251832 -0.6081547737
v 34.47964096 51.35546112 1080.465576
vn -0.5206089616 0.5820356607 -0.6246605515
v 34.59422684 51.42545319 1080.444824
vn -0.4348433018 0.6287301183 -0.6446779966
v 34.71549988 51.48694611 1080.432739
vn -0.3434727788 0.6797733307 -0.648023665
v 34.84160614 51.53892136 1080.429688
vn -0.2501989901 0.7132703066 -0.6547105908
v 34.97054291 51.5806694 1080.435425
vn -0.1530333906 0.7490381598 -0.644610405
v 35.10027313 51.61179733 1080.449951
vn -0.05744032562 0.7678845525 -0.63800776
v 35.22881699 51.63225174 1080.472412
vn 0.03951739147 0.787065804 -0.6156019568
v 35.35434341 51.64229965 1080.502319
vn 0.1317806393 0.7912073731 -0.5971806645
v 35.47526169 51.64248276 1080.538452
vn 0.2227422297 0.7944315672 -0.5650348663
v 35.59025192 51.63356781 1080.580078
vn 0.3070889413 0.7854976654 -0.5372986197
v 35.69830322 51.61646271 1080.626099
vn 0.3928749859 0.7741340995 -0.4963523746
v 35.80874252 51.58929825 1080.680786
vn 0.4728527665 0.7522929907 -0.4587652385
v 35.917202 51.5516777 1080.743042
vn 0.5534220934 0.725880146 -0.4084384441
v 36.01839447 51.50488663 1080.810425
vn 0.6284351349 0.689694941 -0.3597084284
v 36.1139183 51.44777679 1080.884277
vn 0.6998438239 0.6477781534 -0.3010017872
v 36.20048141 51.38171005 1080.962402
vn 0.7630467415 0.5984536409 -0.2441575676
v 36.27790451 51.30636978 1081.045166
vn 0.8429008722 0.516438067 -0.1510293633
v 36.39815521 51.13372803 1081.217651
vn 0.899194181 0.4313000143 -0.07368914783
v 36.46811295 50.93825531 1081.392944
vn 0.9573951364 0.2823199332 0.060745731
v 36.48523331 50.73245621 1081.560547
vn 0.9739892483 0.1297075003 0.1857981384
v 36.453228 50.52899933 1081.711426
vn 0.9538652301 -0.0221465826 0.2994171679
v 36.0667305 50.96450043 1082.858398
vn 0.8602744341 -0.2801941335 0.4259333014
v 36.00092697 50.86589432 1082.913208
vn 0.8111470342 -0.3574474156 0.4628950953
v 36.11980057 51.06322098 1082.800415
vn 0.9004893899 -0.2125192583 0.3794132769
v 35.92492294 50.77212143 1082.962158
vn 0.7532100081 -0.4230366051 0.5037009716
v 35.83699417 50.68162918 1083.005859
vn 0.6871424317 -0.4947897494 0.5319947004
v 35.73940659 50.5974617 1083.042847
vn 0.6138939261 -0.5528205633 0.5634924173
v 35.63180923 50.51971054 1083.072754
vn 0.5327957273 -0.6151535511 0.5811323524
v 35.51689911 50.45061493 1083.094727
vn 0.4472904801 -0.6621667743 0.6012207866
v 35.39513397 50.39051056 1083.108521
vn 0.354968518 -0.7112714648 0.6067044139
v 35.26836395 50.34037781 1083.114136
vn 0.2619051933 -0.7444098592 0.6142145991
v 35.13860703 50.30091858 1083.111328
vn 0.1635136008 -0.7775394917 0.607203126
v 35.00791931 50.27245712 1083.100464
vn 0.06766891479 -0.7955745459 0.6020648479
v 34.87829971 50.2550087 1083.081909
vn -0.03038084507 -0.81150949 0.5835489631
v 34.75159836 50.24824524 1083.056519
vn -0.1230018213 -0.8144389987 0.5670623183
v 34.62943268 50.25154495 1083.024902
vn -0.2158287764 -0.8141124845 0.5391092896
v 34.51314163 50.26409531 1082.988037
vn -0.3003993928 -0.8036752939 0.5136791468
v 34.40376663 50.28490448 1082.947021
vn -0.387467891 -0.7885763049 0.4775102139
v 34.29185104 50.31619263 1082.897827
vn -0.468067646 -0.7652839422 0.4418746531
v 34.18180847 50.35824966 1082.841431
vn -0.5504758954 -0.7342217565 0.3973596394
v 34.07899475 50.40955734 1082.780029
vn -0.6283141375 -0.6959825754 0.3476054966
v 33.98177719 50.47139359 1082.712524
vn -0.7009915113 -0.6487110853 0.2962849438
v 34.11273193 50.09479904 1082.200928
vn -0.6688046455 -0.6703383327 0.3214760423
v 33.81435394 50.62240601 1082.564453
vn -0.8193184733 -0.5404801369 0.1913072169
v 33.94712067 50.24057007 1082.045654
vn -0.8185270429 -0.5428950191 0.1878256351
v 34.02536011 50.16303635 1082.12561
vn -0.7604575753 -0.6005433202 0.2470870614
v 33.8935051 50.54224014 1082.640747
vn -0.7605164647 -0.600117743 0.2479382604
v 33.69073105 50.80447388 1082.404541
vn -0.9118955731 -0.404089421 0.07182044536
v 33.82528687 50.41747665 1081.878784
vn -0.909733057 -0.4103685021 0.06311475486
v 33.8803215 50.32548904 1081.963257
vn -0.8686592579 -0.4790925384 0.1261007637
v 33.7466507 50.70993423 1082.485596
vn -0.8701611161 -0.4747005999 0.1322081089
v 33.61764145 51.0086937 1082.240845
vn -0.9665401578 -0.2515553832 -0.05019954592
v 33.75386047 50.61690521 1081.708496
vn -0.9631186724 -0.2614115477 -0.06376890093
v 33.78295517 50.51513672 1081.793457
vn -0.9413579702 -0.3374090493 -0.0005200234591
v 33.64754486 50.90459061 1082.32251
vn -0.9441636801 -0.329303354 0.01069137361
v 33.59780884 51.22208405 1082.083374
vn -0.9815231562 -0.09221545607 -0.1676562577
v 33.73546982 50.82612228 1081.54541
vn -0.9770072103 -0.105151996 -0.1854721904
v 33.73812866 50.72111893 1081.625488
vn -0.9749366045 -0.1835438758 -0.1257386506
v 33.60115814 51.1150856 1082.160767
vn -0.978926897 -0.1720862985 -0.1099474058
v 33.62763977 51.43161774 1081.94043
vn -0.9594727159 0.06438758224 -0.2743470967
v 33.76646423 51.03231049 1081.397949
vn -0.9540775418 0.04890231416 -0.2955411971
v 33.74523544 50.93032837 1081.469238
vn -0.9698219895 -0.02732820064 -0.2422776818
v 33.60695267 51.32806778 1082.009644
vn -0.9748117328 -0.01304354053 -0.222647503
v 33.69875336 51.62660217 1081.817871
vn -0.9050251842 0.2137224674 -0.3677664101
v 33.83843231 51.224823 1081.271973
vn -0.8989187479 0.1963995397 -0.3916278183
v 33.79797363 51.13080597 1081.332031
vn -0.9306773543 0.1224861592 -0.3447270989
v 33.65868378 51.53145981 1081.876465
vn -0.9364083409 0.1390186101 -0.3222005665
v 33.81762695 51.82392883 1081.705078
vn -0.817099452 0.3591148853 -0.4509822726
v 33.95793152 51.42035294 1081.156738
vn -0.8105678558 0.3404195309 -0.4765441716
v 33.89185333 51.3225441 1081.212646
vn -0.8591823578 0.26866135 -0.4354615808
v 33.75182724 51.72531509 1081.759888
vn -0.8655591607 0.2866976261 -0.4106236398
v 33.98156357 52.00818634 1081.612427
vn -0.6942775249 0.4971610606 -0.5203937292
v 34.12217712 51.60372543 1081.062866
vn -0.6875030994 0.4778167903 -0.5468369126
v 34.0341301 51.51356125 1081.107056
vn -0.7527273893 0.4111659527 -0.5141440034
v 33.89363098 51.91770172 1081.656128
vn -0.7594525814 0.4302325845 -0.4879873693
v 34.1867485 52.17011261 1081.545532
vn -0.5409661531 0.618080318 -0.570379138
v 34.32731247 51.76578522 1080.996216
vn -0.5342609286 0.59880656 -0.5966539383
v 34.21978378 51.68782806 1081.025879
vn -0.6139966249 0.5410825014 -0.5746632814
v 34.07914734 52.09236145 1081.575439
vn -0.6209446192 0.5603949428 -0.5480741858
v 34.42342377 52.29931641 1081.509766
vn -0.3637297451 0.7147696614 -0.5973315835
v 34.56357193 51.8961792 1080.962036
vn -0.3573728502 0.6964041591 -0.6223390698
v 34.44205856 51.83534241 1080.974854
vn -0.4478781521 0.6511348486 -0.6127222776
v 34.30165482 52.23920822 1081.52356
vn -0.4545651674 0.670001328 -0.5869145989
v 34.67995071 52.38890839 1081.506958
vn -0.1723416448 0.7815631032 -0.5995477438
v 34.81933212 51.9879837 1080.96228
vn -0.1665240079 0.7648482323 -0.622315824
v 34.68999863 51.94729996 1080.957764
vn -0.26295048 0.734523952 -0.625565052
v 34.55018997 52.34944534 1081.50415
vn -0.2692697346 0.7520925403 -0.6015402079
v 34.94025421 52.43481445 1081.536377
vn 0.02198238112 0.8158366084 -0.5778645277
v 35.07857513 52.03695679 1080.99585
vn 0.02696662955 0.8014131188 -0.5975030065
v 34.94952011 52.0178833 1080.975098
vn -0.06920655072 0.7871829271 -0.6128242016
v 34.81063461 52.4173584 1081.517822
vn -0.07490839809 0.8027780056 -0.5915541053
v 35.18912125 52.4382782 1081.593384
vn 0.2079721838 0.8185096383 -0.5355273485
v 35.32617569 52.04407883 1081.057861
vn 0.2121649534 0.8068047762 -0.5514091849
v 35.20466232 52.04550171 1081.023682
vn 0.1213083044 0.807818234 -0.5768136382
v 35.06695557 52.44158173 1081.561768
vn 0.1164901927 0.8209441304 -0.5589998364
v 35.41478729 52.40492249 1081.671265
vn 0.3804895878 0.7928842306 -0.4759855568
v 35.55046082 52.01470947 1081.141113
vn 0.383629024 0.784203589 -0.4877023101
v 35.44178391 52.03350449 1081.097412
vn 0.2984060049 0.7989899516 -0.5220813751
v 35.30541229 52.42572784 1081.630249
vn 0.2949240208 0.8091734648 -0.5081909895
v 35.63674927 52.3315773 1081.776855
vn 0.5440554023 0.7384744287 -0.3983204961
v 35.77080917 51.94602203 1081.253052
vn 0.545969069 0.7332199812 -0.4053470194
v 35.66160202 51.98566055 1081.193359
vn 0.4657842815 0.7624579072 -0.4491134882
v 35.5267067 52.37362289 1081.720459
vn 0.4632268846 0.7694963813 -0.4396546483
v 35.83677673 52.21842194 1081.905762
vn 0.6939602494 0.6536217928 -0.301989615
v 35.96908951 51.83790588 1081.388794
vn 0.6946437955 0.6520534754 -0.3038030267
v 35.8727684 51.89716339 1081.317749
vn 0.6233336926 0.6960610747 -0.3563061059
v 35.73956299 52.28025818 1081.838257
vn 0.6221044064 0.699429512 -0.3518301845
v 36.0042038 52.06741714 1082.053833
vn 0.8191526532 0.540676713 -0.1914617866
v 36.13469696 51.69214249 1081.544067
vn 0.8379804492 0.5194076896 -0.1673451215
v 36.05646133 51.76967621 1081.464233
vn 0.760312438 0.6006715298 -0.247222051
v 35.92505264 52.14758682 1081.977539
vn 0.7604039311 0.6002248526 -0.2480241656
v 36.07190704 51.97988892 1082.13269
vn 0.870793879 0.4739833474 -0.1306055784
v 36.12782288 51.88535309 1082.213745
vn 0.9137143493 0.4012328088 -0.06432948261
v 36.17100906 51.78522491 1082.295776
vn 0.9440970421 0.3296558261 -0.002796260407
v 36.20091248 51.68113327 1082.377441
vn 0.9665375948 0.2495647669 0.05935045332
v 36.2173996 51.57473755 1082.45752
vn 0.9772901535 0.1743028462 0.1205092221
v 36.22074509 51.46773911 1082.534912
vn 0.9797831774 0.09123999625 0.1780453473
v 36.21160126 51.36174774 1082.608643
vn 0.9717566371 0.01704426296 0.235368818
v 36.19091797 51.25820923 1082.677856
vn 0.9562382698 -0.06421538442 0.2854553759
v 36.15987396 51.15836334 1082.741821
vn 0.9321970344 -0.1333907992 0.3364752531
v 35.80865479 51.50548935 1083.871216
vn 0.8312492967 -0.4053889215 0.3803741038
v 35.89564896 51.19633865 1083.390015
vn 0.8241426945 -0.3806244135 0.419420898
v 35.96113586 51.29593658 1083.33667
vn 0.8723071218 -0.3075630963 0.3801120818
v 35.87380981 51.60627365 1083.819702
vn 0.8791335225 -0.3314938247 0.3423975706
v 36.01382446 51.39586258 1083.280396
vn 0.911459744 -0.233746171 0.3385318816
v 35.92609024 51.70764923 1083.765747
vn 0.9179518223 -0.2566668987 0.302467376
v 35.64548111 51.31867218 1083.960083
vn 0.7089402676 -0.5454999804 0.4470273852
v 35.73207474 51.01094055 1083.481079
vn 0.7015333176 -0.5196425319 0.4876706004
v 35.81987 51.10186005 1083.437988
vn 0.766643703 -0.4523488879 0.4556730688
v 35.73312378 51.41014099 1083.917847
vn 0.7739300728 -0.4777956605 0.4156243205
v 35.44028854 51.15677643 1084.026978
vn 0.5556532741 -0.6664743423 0.4970527291
v 35.52687454 50.84907913 1083.547974
vn 0.5481489301 -0.6405911446 0.5377506018
v 35.63453293 50.92664719 1083.517822
vn 0.6282045245 -0.5829870105 0.5152525902
v 35.54799271 51.23418427 1083.99646
vn 0.6356551051 -0.6090258956 0.4743733406
v 35.20280075 51.03029251 1084.066895
vn 0.3780352473 -0.7610941529 0.5270911455
v 35.28978348 50.72119141 1083.585815
vn 0.3706736267 -0.7363253832 0.5660618544
v 35.41180801 50.78048325 1083.570679
vn 0.4619280696 -0.6919721365 0.5547945499
v 35.32507706 51.08870697 1084.050415
vn 0.4690823853 -0.7176449895 0.5147303939
v 34.94468689 50.94602203 1084.077637
vn 0.1851946861 -0.8241490126 0.5352395177
v 35.03245926 50.63410187 1083.592163
vn 0.1786342561 -0.8012725711 0.5710096955
v 35.16265869 50.67217255 1083.592896
vn 0.2757803798 -0.7728930116 0.5714731812
v 35.07532883 50.98251724 1084.07605
vn 0.2826421559 -0.796884954 0.5339360833
v 34.68214417 50.90761185 1084.05957
vn -0.01085472666 -0.8529433012 0.5218907595
v 34.77103424 50.59171295 1083.567749
vn -0.01665298268 -0.8329956532 0.5530288815
v 34.90124512 50.60729218 1083.583618
vn 0.08061099797 -0.8213241696 0.5647374988
v 34.81295013 50.92107391 1084.072021
vn 0.0868563056 -0.8428176641 0.5311444402
v 34.43057251 50.91321182 1084.016113
vn -0.198815763 -0.8489276767 0.4896877408
v 34.52082062 50.59247208 1083.516846
vn -0.2036752701 -0.8325020075 0.5152249932
v 34.64368057 50.58698654 1083.545288
vn -0.1116329357 -0.8365458846 0.5364038348
v 34.55413437 50.90522385 1084.040649
vn -0.1065161973 -0.8548098207 0.5078921318
v 34.20194244 50.95648956 1083.953125
vn -0.3737530112 -0.815777421 0.4413795471
v 34.2936821 50.63045502 1083.445679
vn -0.3772740364 -0.8033449054 0.4607615769
v 34.40380478 50.60730743 1083.483276
vn -0.291123867 -0.8214812279 0.4903218448
v 34.31282043 50.93065262 1083.986694
vn -0.2869824171 -0.8359789848 0.4677394629
v 33.97650528 51.04149246 1083.865112
vn -0.5399395227 -0.7527467608 0.3766133487
v 34.06999588 50.70920944 1083.3479
vn -0.5422823429 -0.7448374033 0.3887764215
v 34.18093109 50.66435623 1083.400269
vn -0.4607595801 -0.7779731154 0.427151531
v 34.0883522 50.99340439 1083.912476
vn -0.4577325284 -0.7882315516 0.4113051891
v 33.77268219 51.16736603 1083.755371
vn -0.6926797628 -0.6583365202 0.2945976555
v 33.86808777 50.82825851 1083.227539
vn -0.693605125 -0.6554606557 0.298802942
v 33.96626282 50.76341629 1083.290649
vn -0.6209572554 -0.7036066055 0.3454704583
v 33.87183762 51.09902954 1083.81311
vn -0.6193944812 -0.7089859843 0.3371784985
v 33.60129547 51.33165359 1083.627197
vn -0.8208031654 -0.5354258418 0.1990008354
v 33.69869995 50.98542023 1083.088257
vn -0.8201873302 -0.5378443599 0.194977358
v 33.77883911 50.90216064 1083.160034
vn -0.7607405186 -0.599734664 0.2481777966
v 33.68244171 51.24479294 1083.693481
vn -0.7606287599 -0.5999334455 0.248039782
v 33.47376251 51.52681732 1083.487061
vn -0.9163346887 -0.3891619444 0.09425329417
v 33.57315063 51.17354202 1082.937012
vn -0.9142177105 -0.3968329132 0.08203437924
v 33.63002396 51.07600403 1083.013794
vn -0.8717868924 -0.4697044194 0.139159441
v 33.53162003 51.42577744 1083.55835
vn -0.8731378913 -0.4646644294 0.1473676413
v 33.39701462 51.74331284 1083.341797
vn -0.9736798406 -0.2274954468 -0.01390657201
v 33.49825668 51.3834343 1082.781616
vn -0.9701686502 -0.2400599867 -0.03382365406
v 33.52903748 51.27656937 1082.859253
vn -0.9471487999 -0.319889456 0.02408139594
v 33.42870331 51.63322067 1083.414429
vn -0.9499791265 -0.3097103536 0.04023943096
v 33.37398148 51.9674263 1083.200439
vn -0.9910370708 -0.06011259928 -0.1192980185
v 33.47684479 51.60175705 1082.631226
vn -0.9862947464 -0.07700577378 -0.1459203064
v 33.4809494 51.49239731 1082.7052
vn -0.9831494093 -0.1586862057 -0.09075229615
v 33.37886047 51.85528946 1083.270142
vn -0.9873018861 -0.1438799798 -0.06733115762
v 33.4012146 52.18566513 1083.070679
vn -0.9709300399 0.1029299945 -0.2161024511
v 33.50540161 51.81528854 1082.494141
vn -0.9651742578 0.08255873621 -0.2482391745
v 33.48531342 51.70986938 1082.560547
vn -0.9800745845 0.003750914475 -0.1985944808
v 33.3817482 52.07803345 1083.133789
vn -0.9853491783 0.02250649221 -0.169057548
v 33.47039413 52.38714218 1082.957886
vn -0.9178970456 0.2573797405 -0.3020276725
v 33.57556915 52.01324844 1082.375854
vn -0.9113889933 0.2342521101 -0.338372618
v 33.53593063 51.91674805 1082.432373
vn -0.9424760938 0.1584112793 -0.2943546474
v 33.43120956 52.2890358 1083.011963
vn -0.9486585259 0.180169031 -0.2599732578
v 33.58782959 52.58930588 1082.852417
vn -0.8311337233 0.406152159 -0.3798119426
v 33.69374466 52.21276474 1082.266113
vn -0.8240274787 0.3811511397 -0.4191688597
v 33.62825775 52.11317444 1082.31958
vn -0.8722615838 0.3080236614 -0.3798435628
v 33.52267456 52.48852158 1082.903931
vn -0.8790383339 0.3322526813 -0.3419060409
v 33.75100327 52.7761116 1082.76355
vn -0.7088987827 0.5461328626 -0.4463198781
v 33.85731506 52.39816284 1082.175049
vn -0.7014234662 0.5200715065 -0.4873712957
v 33.76951981 52.30724716 1082.218262
vn -0.7665079832 0.4528495669 -0.4554039836
v 33.66336441 52.68465424 1082.805786
vn -0.773793757 0.4785465002 -0.4150138795
v 33.95619583 52.9380188 1082.696655
vn -0.5554405451 0.6671367288 -0.4964014292
v 34.06251907 52.56002426 1082.108154
vn -0.5481220484 0.6409305334 -0.5373734236
v 33.95486069 52.48246384 1082.138428
vn -0.6279854178 0.5834784508 -0.5149633288
v 33.84849167 52.86061096 1082.727051
vn -0.635447681 0.609759748 -0.4737080038
v 34.19368744 53.06449509 1082.656738
vn -0.3778565526 0.7616580129 -0.5264043212
v 34.29961014 52.68792725 1082.070435
vn -0.3705530763 0.7365977168 -0.5657863617
v 34.1775856 52.62862015 1082.085449
vn -0.4616586268 0.692433238 -0.554443419
v 34.07141113 53.00608826 1082.673218
vn -0.4690085351 0.7181804776 -0.5140503645
v 34.45179749 53.14876556 1082.645996
vn -0.1849860549 0.8245403171 -0.5347087383
v 34.55693436 52.77500153 1082.064087
vn -0.1783906966 0.8015130758 -0.57074821
v 34.42673111 52.73693848 1082.063232
vn -0.2756596208 0.7731142044 -0.5712321997
v 34.32115936 53.11227036 1082.647583
vn -0.2826460004 0.7972952724 -0.5333212018
v 34.71434402 53.18717575 1082.664062
vn 0.01075285766 0.8531768322 -0.5215109587
v 34.81835556 52.81739426 1082.088379
vn 0.01666386798 0.8330990672 -0.5528727174
v 34.68814468 52.80181122 1082.072632
vn -0.08074561507 0.8214522004 -0.5645321012
v 34.58353424 53.17371368 1082.651611
vn -0.0869133845 0.8431025147 -0.5306828022
v 34.96591568 53.1815834 1082.70752
vn 0.1987467557 0.8490858674 -0.4894414842
v 35.068573 52.81663895 1082.139404
vn 0.2034529746 0.8325999379 -0.5151546001
v 34.94570923 52.82211685 1082.110962
vn 0.1117915213 0.8366485238 -0.5362107158
v 34.84235001 53.18956375 1082.682983
vn 0.1065649763 0.8549931049 -0.5075733662
v 35.19454193 53.13829803 1082.770508
vn 0.3737824857 0.8158447742 -0.4412300885
v 35.29571152 52.77865601 1082.210571
vn 0.3773275316 0.8033705354 -0.4606730938
v 35.18558884 52.80181122 1082.172852
vn 0.291069001 0.8215363622 -0.4902620018
v 35.08366776 53.16413498 1082.736938
vn 0.2868203521 0.8361087441 -0.4676069617
v 35.41998291 53.05329514 1082.858521
vn 0.5398074985 0.7528211474 -0.3766539395
v 35.51939774 52.69989395 1082.30835
vn 0.5420362353 0.7449607849 -0.3888832033
v 35.40845871 52.74475098 1082.255981
vn 0.4606387317 0.7780236602 -0.427189827
v 35.30813599 53.10139084 1082.811157
vn 0.4575083554 0.7883652449 -0.4112983942
v 35.623806 52.92743683 1082.968262
vn 0.6924968958 0.6584790945 -0.2947087884
v 35.72130585 52.58085251 1082.428711
vn 0.6934323907 0.6555801034 -0.2989418507
v 35.6231308 52.64569473 1082.365479
vn 0.6207922697 0.7037020922 -0.3455724716
v 35.52465057 52.99576569 1082.910522
vn 0.6191060543 0.7091674209 -0.3373266757
v 35.7951889 52.76314163 1083.096436
vn 0.8206009269 0.5356782675 -0.1991555542
v 35.89068985 52.4236908 1082.567993
vn 0.8200314045 0.5380381942 -0.1950984895
v 35.81055069 52.50695038 1082.496094
vn 0.760556221 0.5999078751 -0.2483238876
v 35.71404266 52.85000229 1083.030151
vn 0.7604144812 0.600133419 -0.248213008
v 35.92272186 52.56797791 1083.236572
vn 0.9161354303 0.3895891905 -0.09442520887
v 36.01624298 52.235569 1082.719116
vn 0.9140568376 0.3971704841 -0.08219312876
v 35.95936584 52.33310699 1082.642456
vn 0.8715879917 0.4700161815 -0.1393526942
v 35.86486435 52.66901016 1083.165283
vn 0.8729221225 0.4650126398 -0.1475472599
v 35.99946976 52.35148239 1083.381836
vn 0.973556757 0.228023842 0.01386794355
v 36.09113693 52.02567673 1082.874634
vn 0.9700674415 0.2404835522 0.03371724859
v 36.06035233 52.13254166 1082.796997
vn 0.9470239878 0.3202496171 -0.02420289256
v 35.96778488 52.46156311 1083.309082
vn 0.9498248696 0.3101706803 -0.04033509642
v 36.0225029 52.12736893 1083.523193
vn 0.9909855127 0.06074132398 0.1194076687
v 36.11254501 51.80735397 1083.025024
vn 0.9862610102 0.07743227482 0.1459228694
v 36.10844421 51.91671371 1082.95105
vn 0.983083427 0.1591290385 0.09069116414
v 36.0176239 52.23949814 1083.453491
vn 0.9872150421 0.1444563419 0.06737062335
v 35.99526978 51.9091301 1083.652954
vn 0.9709451199 -0.1022097915 0.2163762897
v 36.08398819 51.59382248 1083.162109
vn 0.9652157426 -0.08196819574 0.2482736707
v 36.10407639 51.69923782 1083.095581
vn 0.9800695777 -0.003262957325 0.1986277103
v 36.01473999 52.01675415 1083.589844
vn 0.9853286147 -0.02184824646 0.1692635268
v 36.05346298 51.49235535 1083.223877
vn 0.942522347 -0.1579178572 0.2944717407
v 35.96527863 51.80575943 1083.71167
vn 0.9486782551 -0.1794960201 0.2603664994
v 35.70209122 52.03259277 1084.82666
vn 0.8425377607 -0.4623658061 0.2763113678
v 35.74396896 51.78344345 1084.346924
vn 0.8376280069 -0.4334321916 0.3324393034
v 35.80880737 51.8855896 1084.297729
vn 0.8852870464 -0.3585446477 0.2961630523
v 35.76667404 52.13628006 1084.780396
vn 0.8900384903 -0.3862908185 0.2420969754
v 35.86071396 51.98860931 1084.246582
vn 0.9238278866 -0.2825118899 0.2583197653
v 35.81827164 52.24111176 1084.732788
vn 0.9283308983 -0.3089398742 0.2067798227
v 35.53961945 51.84218597 1084.908936
vn 0.720795393 -0.6051332355 0.3380351663
v 35.58118057 51.59495544 1084.432861
vn 0.7155505419 -0.5748394728 0.3969219029
v 35.66867065 51.6870842 1084.391846
vn 0.7804790735 -0.5066069365 0.3663356602
v 35.62697983 51.93508911 1084.869263
vn 0.7856020331 -0.5363118649 0.3085434437
v 35.3345108 51.67983246 1084.974854
vn 0.5676054955 -0.7264223099 0.3874721527
v 35.37602234 51.43289566 1084.499512
vn 0.5623621941 -0.6958189011 0.4467491806
v 35.4837532 51.51018143 1084.468872
vn 0.6423219442 -0.6385337114 0.4239071012
v 35.44225311 51.75705719 1084.944092
vn 0.6475131512 -0.6692200899 0.3645150065
v 35.09645081 51.55622101 1085.020142
vn 0.3893915117 -0.8190407157 0.4213627279
v 35.13819885 51.3078537 1084.54187
vn 0.3841966391 -0.7895296216 0.4785769284
v 35.26068878 51.365345 1084.523926
vn 0.4756313562 -0.7466472983 0.465072751
v 35.21909332 51.61278152 1085.000244
vn 0.4810138047 -0.7767683864 0.4065176547
v 34.8371315 51.47802734 1085.041992
vn 0.1957733929 -0.8775055408 0.4377862811
v 34.87939835 51.22655106 1084.557739
vn 0.19106251 -0.8501657248 0.4906254709
v 35.01042557 51.26138306 1084.553223
vn 0.2889245152 -0.8241447806 0.4871426523
v 34.96845245 51.51111221 1085.034058
vn 0.2938221991 -0.8527585864 0.4318232536
v 34.57284164 51.44844437 1085.039917
vn -0.00165580702 -0.8997553587 0.4363914728
v 34.61586761 51.19244385 1084.546997
vn -0.005827051587 -0.8756996393 0.4828211069
v 34.74720383 51.2036171 1084.555664
vn 0.09236238897 -0.8673182726 0.4891096354
v 34.70458221 51.4571991 1085.043823
vn 0.09684025496 -0.8931210041 0.4392685294
v 34.31912994 51.46485901 1085.016235
vn -0.1911485046 -0.8877091408 0.4188493192
v 34.3630867 51.2032814 1084.512573
vn -0.1946630478 -0.8677034974 0.4573805332
v 34.48727417 51.19257736 1084.532471
vn -0.1018532738 -0.875635922 0.4721097648
v 34.44380188 51.45127106 1085.030518
vn -0.09799734503 -0.8977503181 0.4294658303
v 34.08813477 51.52010345 1084.97522
vn -0.3679034412 -0.8454582691 0.387101233
v 34.13312531 51.25234604 1084.459595
vn -0.3706466854 -0.8300523162 0.4166943431
v 34.2446785 51.22357178 1084.488037
vn -0.2831093967 -0.85261482 0.4392004907
v 34.20021439 51.48819733 1084.997559
vn -0.2799578011 -0.8704155087 0.4049697518
v 33.85990143 51.61925888 1084.912964
vn -0.5361016393 -0.7720292211 0.3414175808
v 33.90610886 51.34417343 1084.383301
vn -0.5379007459 -0.7619145513 0.3607616723
v 34.01877594 51.29253387 1084.424561
vn -0.4551227093 -0.8000442386 0.3908868134
v 33.97319794 51.56381226 1084.946899
vn -0.4529365301 -0.8128632307 0.3661991656
v 33.65301132 51.76064682 1084.831665
vn -0.6912010312 -0.6660103202 0.2804841995
v 33.70056534 51.4775238 1084.286377
vn -0.6920554042 -0.6617332697 0.2883893549
v 33.80060196 51.40536499 1084.337646
vn -0.6180279255 -0.7153262496 0.3261131942
v 33.75373459 51.68436432 1084.874878
vn -0.616601944 -0.7226050496 0.3124803603
v 33.47840118 51.94124222 1084.733276
vn -0.8217164874 -0.530954361 0.2070495188
v 33.52737045 51.6496582 1084.171753
vn -0.8214819431 -0.5328646898 0.203033492
v 33.60942841 51.55884552 1084.231201
vn -0.7605854273 -0.6004135609 0.2470088601
v 33.5611763 51.84615707 1084.784546
vn -0.7603008747 -0.601587832 0.2450197488
v 33.34767151 52.15261078 1084.622681
vn -0.9195887446 -0.3726736009 0.1243823692
v 33.39804459 51.85260773 1084.044922
vn -0.9183119535 -0.380707711 0.1084657311
v 33.45679474 51.74770355 1084.109619
vn -0.8744753003 -0.4591197073 0.1565314382
v 33.40711975 52.04353333 1084.679321
vn -0.8752278686 -0.454128474 0.1665638238
v 33.26791 52.38437653 1084.505371
vn -0.9791634083 -0.1996911168 0.03691145405
v 33.3196106 52.07642365 1083.912354
vn -0.976898551 -0.2134788781 0.009795160964
v 33.35212326 51.96276093 1083.978882
vn -0.9526008368 -0.2983892858 0.05929157138
v 33.30107117 52.26683807 1084.564453
vn -0.9543778896 -0.2874208689 0.08094463497
v 33.24222183 52.6219368 1084.388672
vn -0.9984874725 -0.02235346846 -0.05023029447
v 33.29509354 52.30696869 1083.781982
vn -0.9953367114 -0.04123996571 -0.08720128238
v 33.30068588 52.1917572 1083.846436
vn -0.991084516 -0.1273145825 -0.03927406296
v 33.24837494 52.50336075 1084.446533
vn -0.9938104153 -0.1108660623 -0.00703803543
v 33.26728439 52.8512001 1084.279053
vn -0.9799895883 0.1488829255 -0.1321146786
v 33.3211174 52.53046799 1083.661377
vn -0.9761050344 0.1257930398 -0.177186504
v 33.30221939 52.42037201 1083.720093
vn -0.9901066422 0.04355596751 -0.1333855242
v 33.24883652 52.73839188 1084.332642
vn -0.9936497211 0.06462973356 -0.09210422635
v 33.33481979 53.06102371 1084.181519
vn -0.9281839728 0.3096808791 -0.2063304186
v 33.38938141 52.73592758 1083.555298
vn -0.9237756729 0.2832573652 -0.2576892674
v 33.35061646 52.63599014 1083.606323
vn -0.9541915059 0.2046613991 -0.2182481289
v 33.29638672 52.95907593 1084.228516
vn -0.9583687186 0.2294995189 -0.1698805392
v 33.45100403 53.26953506 1084.087646
vn -0.8423502445 0.4630610645 -0.2757181227
v 33.5061264 52.94108963 1083.454956
vn -0.8374205828 0.4343627989 -0.3317464292
v 33.44128799 52.83893967 1083.50415
vn -0.8851581812 0.3594072163 -0.2955020368
v 33.38641739 53.16585541 1084.133911
vn -0.8898560405 0.3870417774 -0.2415675223
v 33.61347198 53.45994949 1084.005371
vn -0.7206786275 0.6056724191 -0.3373177052
v 33.66891479 53.12957764 1083.369019
vn -0.7154101133 0.5755936503 -0.3960811794
v 33.58142471 53.03744888 1083.410156
vn -0.7803080082 0.5074413419 -0.3655443788
v 33.5261116 53.36704636 1084.045044
vn -0.7853292227 0.5370747447 -0.3079102635
v 33.81858063 53.62229538 1083.939331
vn -0.5674008131 0.7269454598 -0.3867900968
v 33.87407303 53.29163742 1083.30249
vn -0.5621341467 0.6965613365 -0.4458783269
v 33.76634216 53.21435547 1083.33313
vn -0.6420904398 0.6393325925 -0.4230528176
v 33.71083832 53.54507828 1083.970093
vn -0.6473132968 0.6697747707 -0.3638505638
v 34.05664062 53.74591446 1083.894165
vn -0.38919577 0.8194473386 -0.4207525849
v 34.11189651 53.41667938 1083.26001
vn -0.3841889799 0.790009737 -0.4777901471
v 33.98940659 53.35918427 1083.278076
vn -0.4755390286 0.7472199798 -0.4642466009
v 33.93399811 53.68935394 1083.91394
vn -0.4807313681 0.7772836685 -0.4058662951
v 34.31595993 53.82410812 1083.872314
vn -0.1958604604 0.8777468204 -0.4372632802
v 34.37069702 53.49797058 1083.244141
vn -0.1909485906 0.8505728245 -0.4899637401
v 34.2396698 53.46314621 1083.248657
vn -0.2888328433 0.8246251345 -0.4863835573
v 34.18464279 53.79102325 1083.880249
vn -0.2937220335 0.8530797958 -0.4312565923
v 34.58024979 53.8536911 1083.874268
vn 0.001525315805 0.8999189734 -0.436054498
v 34.63422775 53.53208542 1083.254883
vn 0.005646793637 0.8759654164 -0.4823409021
v 34.50289154 53.52091217 1083.246338
vn -0.09236225486 0.8676320314 -0.4885528684
v 34.44850922 53.84493637 1083.870361
vn -0.09691870213 0.8933278918 -0.4388303459
v 34.8339653 53.83727646 1083.897949
vn 0.1910170317 0.8878415227 -0.4186286628
v 34.88700867 53.52125168 1083.289307
vn 0.1945676357 0.8678824902 -0.4570814669
v 34.7628212 53.5319519 1083.269409
vn 0.1017824411 0.8758656383 -0.4716987908
v 34.70928955 53.85086441 1083.883667
vn 0.09790060669 0.8978919983 -0.429191649
v 35.06495667 53.78203201 1083.939087
vn 0.3678494692 0.8455216885 -0.3870140612
v 35.11697006 53.47219086 1083.342285
vn 0.3706406653 0.8301301599 -0.4165445566
v 35.00541687 53.50095749 1083.313843
vn 0.2830618024 0.8527561426 -0.4389567375
v 34.95288086 53.81393814 1083.916626
vn 0.2799397409 0.8705014586 -0.404797405
v 35.29319382 53.68287659 1084.001221
vn 0.5357686281 0.7722374201 -0.3414694071
v 35.34398651 53.38035583 1083.418579
vn 0.5377156734 0.7620349526 -0.3607832491
v 35.23131943 53.43199539 1083.377441
vn 0.4548661709 0.8002019525 -0.3908626735
v 35.17989349 53.73832321 1083.967407
vn 0.4526364803 0.8130216599 -0.3662184477
v 35.50008392 53.54148865 1084.082642
vn 0.6908861399 0.6662645936 -0.2806559801
v 35.54953003 53.24701691 1083.515503
vn 0.6917321086 0.6619845033 -0.2885883152
v 35.44949341 53.31917572 1083.464355
vn 0.6177803278 0.7154830098 -0.326238364
v 35.39935684 53.61777115 1084.039429
vn 0.616376102 0.7227700353 -0.3125443757
v 35.67469025 53.36089325 1084.18103
vn 0.8214341998 0.5313221216 -0.2072262168
v 35.72272491 53.07487106 1083.630249
vn 0.8212553859 0.5331510305 -0.2031984031
v 35.64066696 53.16569519 1083.570679
vn 0.7603711486 0.600622654 -0.2471601963
v 35.59191895 53.45597076 1084.129761
vn 0.7599935532 0.6018992662 -0.2452081293
v 35.80541992 53.14951706 1084.291504
vn 0.9193436503 0.3732281029 -0.124531284
v 35.85204697 52.87193298 1083.756958
vn 0.9181041121 0.3811744452 -0.1085858792
v 35.79330063 52.97682571 1083.692383
vn 0.874207437 0.459564358 -0.156722486
v 35.74597549 53.25860214 1084.234985
vn 0.8749365807 0.4546221495 -0.1667474508
v 35.88518143 52.91775894 1084.408813
vn 0.979033649 0.2003229409 -0.0369297564
v 35.93048477 52.64811325 1083.889648
vn 0.9767650366 0.2140894234 -0.009787427261
v 35.89797211 52.76177216 1083.82312
vn 0.9524211287 0.2989475727 -0.05936583132
v 35.85202408 53.03530502 1084.349854
vn 0.9541988373 0.287991643 -0.0810271427
v 35.9108696 52.68019867 1084.525635
vn 0.9984647632 0.02304325067 0.05037010089
v 35.95500183 52.41756439 1084.019897
vn 0.9952895045 0.04193542525 0.08740855008
v 35.94940948 52.53277588 1083.955566
vn 0.9909952283 0.1279765815 0.03937506676
v 35.90471649 52.79877472 1084.467773
vn 0.9937340617 0.1115450263 0.007090642117
v 35.88580704 52.45093155 1084.635254
vn 0.9800539017 -0.1481809914 0.1324263811
v 35.92897797 52.19406128 1084.140625
vn 0.9761371017 -0.1249922216 0.1775761694
v 35.94787598 52.30415726 1084.081787
vn 0.9901046753 -0.04276673496 0.1336554438
v 35.90425491 52.56374359 1084.581665
vn 0.9936750531 -0.06392624974 0.09232196212
v 35.89947891 52.08854675 1084.195679
vn 0.9542341828 -0.2039024979 0.218771264
v 35.85670471 52.34305954 1084.685669
vn 0.9584669471 -0.228798613 0.1702711731
v 35.69306564 52.42107773 1085.769165
vn 0.8433687687 -0.5205463767 0.1332690269
v 35.68491364 52.24442291 1085.297974
vn 0.8447835445 -0.4918757975 0.2107106
v 35.74937439 52.34965515 1085.255127
vn 0.8921917081 -0.4146640003 0.179018721
v 35.75759888 52.52781296 1085.730347
vn 0.8908026218 -0.4422230721 0.1044480801
v 35.80082321 52.4563446 1085.21167
vn 0.9303923249 -0.3359242976 0.1467141658
v 35.80913925 52.63628769 1085.691528
vn 0.929025948 -0.3622088432 0.07560153306
v 35.53066635 52.22676468 1085.841797
vn 0.7216927409 -0.6662259698 0.1878897995
v 35.52260208 52.05202866 1085.375732
vn 0.7232225537 -0.6360430121 0.2690694332
v 35.60989761 52.14573669 1085.337891
vn 0.7878336906 -0.5668088794 0.240926832
v 35.61799622 52.32125854 1085.80603
vn 0.7863488793 -0.5963807702 0.1611999422
v 35.32557297 52.06367874 1085.906006
vn 0.5683910251 -0.7881525755 0.2361083925
v 35.31752014 51.88927841 1085.440918
vn 0.5698846579 -0.7577574253 0.3178602457
v 35.42526627 51.96648407 1085.410156
vn 0.6498808861 -0.7004982829 0.2948846817
v 35.43331528 52.14084625 1085.875122
vn 0.6484040022 -0.730899632 0.2129741311
v 35.08747864 51.94270325 1085.957764
vn 0.3900971413 -0.8787600398 0.2749636173
v 35.07934952 51.76699066 1085.489014
vn 0.391571641 -0.8493464589 0.3539523482
v 35.20206451 51.82268143 1085.467285
vn 0.4832163453 -0.8077827692 0.3376224935
v 35.21014786 51.99752045 1085.933594
vn 0.4817494154 -0.837823391 0.256845206
v 34.82807159 51.87041092 1085.994019
vn 0.1964032948 -0.9327321053 0.3023848534
v 34.81978607 51.69176865 1085.517456
vn 0.1977910846 -0.9055297971 0.375359118
v 34.95124435 51.72316742 1085.505859
vn 0.2959014773 -0.8820730448 0.3665916622
v 34.95944214 51.9001503 1085.977905
vn 0.2944498658 -0.9105373621 0.2902085483
v 34.56364822 51.84954453 1086.013428
vn -0.001090742531 -0.9483690262 0.3171671033
v 34.55513382 51.66658401 1085.525269
vn 0.0001342973119 -0.9244510531 0.3813007176
v 34.68706512 51.67298126 1085.523926
vn 0.09871610999 -0.9196081161 0.3802315295
v 34.69546127 51.85362625 1086.005859
vn 0.09743995965 -0.9452785254 0.3113743365
v 34.30976868 51.87672806 1086.016235
vn -0.1907039583 -0.9281616807 0.3196058273
v 34.3009758 51.68843842 1085.513672
vn -0.1898205727 -0.9082798362 0.37282148
v 34.42588043 51.67202377 1085.521729
vn -0.0964282155 -0.9204666018 0.3787384629
v 34.43452835 51.85754776 1086.016724
vn -0.0975233689 -0.9424312115 0.3198634386
v 34.07859039 51.94394684 1086.004517
vn -0.3677427769 -0.8765297532 0.3105815053
v 34.06948853 51.7497406 1085.486084
vn -0.3668837547 -0.8613039851 0.3514992595
v 34.1818161 51.71475601 1085.501587
vn -0.2788042128 -0.8887149692 0.3639422059
v 34.19076157 51.90595627 1086.011963
vn -0.2798041105 -0.9063466787 0.3166154027
v 33.85013199 52.0573349 1085.977173
vn -0.5360480547 -0.792414844 0.2910861969
v 33.84066772 51.85609055 1085.439819
vn -0.5355552435 -0.7824388146 0.3177579641
v 33.95426941 51.79689789 1085.465454
vn -0.4521254599 -0.8260980248 0.3363698125
v 33.96354675 51.99448395 1085.99292
vn -0.452786535 -0.8387987614 0.3023259938
v 33.64299774 52.21438217 1085.934204
vn -0.6912551522 -0.674433887 0.2594325244
v 33.63313293 52.00540543 1085.376099
vn -0.6909972429 -0.6704112291 0.2703175843
v 33.73418808 51.92506027 1085.410278
vn -0.6162477136 -0.7300349474 0.2954450548
v 33.74384689 52.13007355 1085.957764
vn -0.6166508198 -0.7370583415 0.2765624225
v 33.4681282 52.41150665 1085.876343
vn -0.8218503594 -0.5268369913 0.2168058008
v 33.45784378 52.19436264 1085.296387
vn -0.8220074773 -0.5289515257 0.2109835446
v 33.5409584 52.09505844 1085.338257
vn -0.7603213191 -0.6028193831 0.241909638
v 33.55103302 52.30807877 1085.907104
vn -0.760394156 -0.6037504077 0.2393452227
v 33.33713531 52.63933563 1085.806152
vn -0.9198037982 -0.3560668528 0.1648557484
v 33.3264389 52.41407013 1085.204346
vn -0.920299232 -0.3643612862 0.1424436867
v 33.38621902 52.30084229 1085.251709
vn -0.8757214546 -0.4489548504 0.177627176
v 33.39671326 52.52206421 1085.842651
vn -0.8754194379 -0.4436814189 0.1918008327
v 33.25712585 52.88667297 1085.727051
vn -0.9794752002 -0.1712674946 0.1062814444
v 33.24603653 52.65372086 1085.104614
vn -0.9802865386 -0.185399428 0.06830380857
v 33.27950668 52.53232574 1085.155029
vn -0.9552996755 -0.276053071 0.1058169007
v 33.29040527 52.76152039 1085.767456
vn -0.9546459317 -0.2647706866 0.1361896545
v 33.23121643 53.13800812 1085.644043
vn -0.998865068 0.01642963849 0.04470575228
v 33.21978378 52.89826202 1085.003418
vn -0.9999713898 -0.002786358353 -0.007032343652
v 33.22620773 52.77633286 1085.053833
vn -0.9951196313 -0.09384494275 0.03049647436
v 33.23747635 53.01281357 1085.685669
vn -0.9941544533 -0.07705321908 0.07562852651
v 33.25609589 53.37862015 1085.562256
vn -0.9804345965 0.1961803883 -0.01616254076
v 33.24437714 53.13327789 1084.906616
vn -0.9817688465 0.1727969646 -0.07919083536
v 33.22615051 53.01775742 1084.954102
vn -0.9952935576 0.08647087216 -0.04374323413
v 33.23773575 53.26046371 1085.602783
vn -0.9940618873 0.1079174504 0.01395529788
v 33.32349014 53.5970993 1085.485962
vn -0.9286364317 0.3635614216 -0.07387499511
v 33.31156158 53.34749222 1084.818848
vn -0.9301817417 0.3369365633 -0.1457248032
v 33.27329254 53.24352264 1084.86145
vn -0.9602720737 0.2551892698 -0.1129423305
v 33.28512192 53.49116898 1085.523193
vn -0.9588378668 0.2803146839 -0.04531719908
v 33.43955994 53.81229401 1085.408447
vn -0.8428570628 0.521856308 -0.1313698292
v 33.42747116 53.55940628 1084.732544
vn -0.8445345759 0.49280563 -0.209532693
v 33.36301041 53.45417404 1084.775391
vn -0.8919237256 0.4156959057 -0.1779579073
v 33.3750267 53.70555878 1085.447144
vn -0.8903213739 0.4436154962 -0.1026312262
v 33.60196304 54.00660706 1085.335693
vn -0.7211180925 0.667386651 -0.1859671772
v 33.58978271 53.75180817 1084.654785
vn -0.7228421569 0.6369910836 -0.2678462267
v 33.50248718 53.6580925 1084.692505
vn -0.7875161171 0.5677574277 -0.2397288531
v 33.51462936 53.912117 1085.37146
vn -0.7858598232 0.5975514054 -0.1592376977
v 33.80705261 54.16970062 1085.271484
vn -0.5678979754 0.7890381217 -0.2343303561
v 33.79486465 53.91455078 1084.5896
vn -0.569586277 0.75848037 -0.3166685998
v 33.68711472 53.83734512 1084.620361
vn -0.6495911479 0.7012916207 -0.2936348915
v 33.69931412 54.09253311 1085.302368
vn -0.6478570104 0.7319266796 -0.211103335
v 34.04515076 54.2906723 1085.219849
vn -0.389724791 0.8793786168 -0.2735101581
v 34.03303528 54.03684235 1084.541504
vn -0.391343683 0.8498924971 -0.352892071
v 33.91031647 53.9811554 1084.563232
vn -0.4829257727 0.8084243536 -0.3365008235
v 33.92248154 54.23585892 1085.243896
vn -0.4813021123 0.8385828137 -0.2552002966
v 34.3045578 54.36296463 1085.183472
vn -0.1962826103 0.9330989718 -0.3013294339
v 34.29259872 54.11206055 1084.513062
vn -0.1977066696 0.9058929086 -0.3745264709
v 34.16114044 54.08066177 1084.524658
vn -0.2957559824 0.8825194836 -0.3656333983
v 34.17318726 54.33322906 1085.199585
vn -0.2943279147 0.9109843373 -0.288926661
v 34.56897736 54.38383484 1085.164062
vn 0.0009932988323 0.9485791326 -0.3165385425
v 34.55725098 54.13724136 1084.505249
vn -0.0001962805982 0.9246815443 -0.3807414472
v 34.42531586 54.13084793 1084.506592
vn -0.09877634048 0.9198920131 -0.3795285225
v 34.43716812 54.37975311 1085.171631
vn -0.09743151069 0.945559442 -0.3105227649
v 34.8228569 54.35664749 1085.161377
vn 0.1905215383 0.9282940626 -0.3193300664
v 34.811409 54.11539078 1084.516846
vn 0.1896135509 0.9084324241 -0.3725550771
v 34.68650436 54.13180542 1084.508789
vn 0.09637367725 0.9206433892 -0.3783224821
v 34.69809723 54.3758316 1085.160767
vn 0.09746611118 0.9425858259 -0.3194250166
v 35.05403519 54.28942871 1085.173096
vn 0.3673838079 0.8766700625 -0.3106102347
v 35.04289627 54.05409622 1084.544434
vn 0.3666626215 0.8614379764 -0.3514016271
v 34.9305687 54.08907318 1084.528931
vn 0.2786728144 0.8888331652 -0.3637541831
v 34.94186401 54.3274231 1085.165527
vn 0.2794885039 0.906475246 -0.3165261447
v 35.28249359 54.17604446 1085.200317
vn 0.5355343223 0.7926804423 -0.2913086116
v 35.27171707 53.94774246 1084.590698
vn 0.5351495147 0.782661438 -0.3178931773
v 35.15811157 54.0069313 1084.565063
vn 0.451814115 0.8262506723 -0.3364132643
v 35.16907883 54.2388916 1085.18457
vn 0.4522477388 0.8390368819 -0.3024716675
v 35.48963165 54.01898956 1085.243286
vn 0.6907018423 0.6749013066 -0.2596906424
v 35.47925186 53.7984314 1084.654297
vn 0.6905945539 0.6707577705 -0.2704869509
v 35.37819672 53.87876892 1084.620239
vn 0.6158366203 0.7303181887 -0.2956020534
v 35.38877869 54.103302 1085.219727
vn 0.6161209941 0.7374010086 -0.2768297493
v 35.66450119 53.82187271 1085.301147
vn 0.821367979 0.5275511742 -0.2168973088
v 35.65454102 53.60946655 1084.734131
vn 0.8216385245 0.529458046 -0.2111500055
v 35.57142639 53.70877457 1084.692261
vn 0.7599802017 0.6031876206 -0.2420636714
v 35.58159637 53.9253006 1085.270386
vn 0.7598509789 0.6043605804 -0.2395302802
v 35.79549026 53.59404373 1085.371338
vn 0.9194514155 0.3570659459 -0.1646602154
v 35.78594589 53.38976669 1084.826172
vn 0.9199946523 0.3651115298 -0.1424900591
v 35.72616577 53.50298691 1084.778809
vn 0.8753891587 0.4495595694 -0.1777358949
v 35.73591614 53.71131134 1085.334839
vn 0.8749716878 0.4445737898 -0.1917777359
v 35.87549973 53.34670639 1085.450439
vn 0.9793277979 0.1724728793 -0.1056892276
v 35.86634827 53.15010834 1084.925903
vn 0.9801404476 0.1862451285 -0.06809919327
v 35.83287811 53.27151108 1084.875366
vn 0.9550820589 0.2768338919 -0.1057413593
v 35.84222031 53.47185898 1085.410034
vn 0.9543805718 0.265918225 -0.1358133703
v 35.90140915 53.09537125 1085.533447
vn 0.9989319444 -0.01509475801 -0.04367045313
v 35.89260101 52.90556717 1085.0271
vn 0.9999647737 0.003745202906 0.007511848118
v 35.88617706 53.02749634 1084.976685
vn 0.9950437546 0.09475598484 -0.03015439212
v 35.89515305 53.22055817 1085.491821
vn 0.994112134 0.07837497443 -0.07482267171
v 35.87653351 52.85475922 1085.615234
vn 0.980678618 -0.1948325336 0.01759928837
v 35.86800385 52.6705513 1085.123901
vn 0.9818789363 -0.1718220264 0.07994368672
v 35.88623428 52.78607178 1085.076416
vn 0.9953490496 -0.08550670743 0.04437158629
v 35.89489365 52.97290802 1085.574829
vn 0.9942275286 -0.1065351963 -0.01272105239
v 35.83909225 52.56030655 1085.169067
vn 0.9604241252 -0.2542226911 0.113825731
v 35.84750366 52.74221039 1085.654297
vn 0.9591551423 -0.2789651453 0.04690319672
v 35.79892731 52.65463257 1086.698242
vn 0.8211532831 -0.5681844354 -0.0536070168
v 35.72991562 52.55649567 1086.231323
vn 0.8358389735 -0.5473453999 0.0422642231
v 35.79479218 52.66450119 1086.196777
vn 0.8835225701 -0.4680947363 0.01658720709
v 35.86438751 52.76347733 1086.667725
vn 0.8693528175 -0.4882693589 -0.07628086209
v 35.84674835 52.77450562 1086.16333
vn 0.9220783114 -0.3869115412 -0.00842695497
v 35.9170723 52.87452316 1086.639282
vn 0.9085276723 -0.4062775373 -0.09754998237
v 35.6354866 52.45791245 1086.761475
vn 0.6984644532 -0.7156179547 -0.006188398227
v 35.56711197 52.36069489 1086.298828
vn 0.7137596607 -0.694182992 0.09304384887
v 35.65459824 52.45576096 1086.265137
vn 0.7785804272 -0.6238728166 0.06778799742
v 35.72320175 52.55330658 1086.72937
vn 0.7635382414 -0.6450536847 -0.03025030345
v 35.4305191 52.29497147 1086.826538
vn 0.5451506972 -0.8372551203 0.04259839654
v 35.3620224 52.19759369 1086.363159
vn 0.5604572296 -0.8160556555 0.1412120908
v 35.46970749 52.27458191 1086.331543
vn 0.6404139996 -0.7589733601 0.1175981238
v 35.53804779 52.37173462 1086.793945
vn 0.6250154376 -0.7804009914 0.01816672832
v 35.19375992 52.17682266 1086.889648
vn 0.3678309619 -0.9255167246 0.09010625631
v 35.12435532 52.07815933 1086.420044
vn 0.3824728429 -0.9054605961 0.1839990616
v 35.24675751 52.13201523 1086.3927
vn 0.4738345742 -0.8653178811 0.1634189337
v 35.31560898 52.22989655 1086.858521
vn 0.4588183463 -0.8860257268 0.06666425616
v 34.93684769 52.10993576 1086.947632
vn 0.1760723889 -0.9752359986 0.1338402182
v 34.86578751 52.0089035 1086.466797
vn 0.1893691868 -0.9571428299 0.2191276699
v 34.99668884 52.03695679 1086.444946
vn 0.2871066928 -0.9362153411 0.2026587725
v 35.0668335 52.13667297 1086.919556
vn 0.2731005847 -0.9553714395 0.1126120985
v 34.67588806 52.09661865 1086.997192
vn -0.01864557341 -0.9850392938 0.171318382
v 34.60254669 51.99233627 1086.500854
vn -0.00711549446 -0.9695450664 0.2448096722
v 34.7337265 51.994133 1086.485474
vn 0.09081166238 -0.968174994 0.233217448
v 34.80586243 52.09669876 1086.973633
vn 0.0783572644 -0.9850403666 0.1534782499
v 34.42615891 52.13289261 1087.036133
vn -0.2050071955 -0.9579104781 0.2009465694
v 34.35009384 52.02471542 1086.521362
vn -0.1956078857 -0.9454790354 0.260397613
v 34.47411728 52.00284576 1086.512817
vn -0.1031111553 -0.9617314935 0.2538516819
v 34.54877853 52.10902405 1087.018066
vn -0.1135068163 -0.9757458568 0.1871798038
v 34.19950104 52.21004105 1087.063965
vn -0.3783615828 -0.8985645771 0.2223155051
v 34.12047958 52.09763336 1086.529175
vn -0.3714373112 -0.8895086646 0.2660988867
v 34.2318573 52.05675507 1086.526855
vn -0.2840862572 -0.9215855002 0.2645282447
v 34.30938339 52.16702271 1087.051514
vn -0.2921898365 -0.9324263334 0.2126176655
v 33.97632599 52.33505249 1087.083008
vn -0.5425661206 -0.8059070706 0.2369300127
v 33.89385986 52.21772003 1086.52478
vn -0.5383008718 -0.800593257 0.2632158101
v 34.00632095 52.15140152 1086.528687
vn -0.4557845592 -0.8494531512 0.2658754885
v 34.0870018 52.26617813 1087.074829
vn -0.4613476992 -0.8567342162 0.2305749208
v 33.77492905 52.50476456 1087.090454
vn -0.6932448149 -0.6785538197 0.2428503633
v 33.68872833 52.38208389 1086.506836
vn -0.691904664 -0.6773574948 0.2499095052
v 33.78855515 52.29403687 1086.517578
vn -0.6181253791 -0.7426099181 0.257781893
v 33.87284851 52.41399384 1087.088257
vn -0.6208862662 -0.7459234595 0.2410361618
v 33.60602951 52.71508026 1087.085083
vn -0.8192700744 -0.5211996436 0.2390553504
v 33.51594925 52.58683777 1086.475098
vn -0.8209823966 -0.5242103338 0.2262553722
v 33.59780121 52.47956848 1086.492798
vn -0.7603061795 -0.6038786769 0.23930116
v 33.68592834 52.60501099 1087.089478
vn -0.7600331306 -0.6030560136 0.242225334
v 33.48091125 52.9559021 1087.066528
vn -0.9126715064 -0.3409740031 0.2253163606
v 33.38702393 52.82221603 1086.430664
vn -0.9174041152 -0.3480117619 0.1930219382
v 33.44557571 52.70120621 1086.454468
vn -0.8737422824 -0.4383614957 0.2107452899
v 33.53757858 52.83219528 1087.077393
vn -0.8705017567 -0.4332916439 0.2334202081
v 33.40637207 53.21538162 1087.035522
vn -0.9681949019 -0.1473553926 0.2022004128
v 33.30894852 53.07662201 1086.375732
vn -0.9756378531 -0.1582729965 0.1519224197
v 33.34128571 52.94801712 1086.404297
vn -0.951497376 -0.2541870475 0.1733254492
v 33.43698883 53.08430099 1087.05249
vn -0.9453930259 -0.2451108396 0.2148317546
v 33.38522339 53.47729874 1086.994629
vn -0.9840208888 0.04805858061 0.1714446694
v 33.28473282 53.33414078 1086.313843
vn -0.9938411713 0.03389555588 0.1055029035
v 33.29018021 53.20598602 1086.345459
vn -0.9896987677 -0.06173821911 0.1291694194
v 33.38920593 53.34704208 1087.016113
vn -0.9810011983 -0.04920391738 0.1876583248
v 33.41393661 53.72647476 1086.946777
vn -0.9627532363 0.2339854389 0.1354880333
v 33.31098175 53.57977676 1086.249268
vn -0.9744602442 0.217214331 0.05696656182
v 33.29197693 53.45926666 1086.281616
vn -0.9885327816 0.1272371709 0.08132456988
v 33.39378357 53.60430908 1086.971313
vn -0.9777029157 0.1428158432 0.1539500952
v 33.48416901 53.95129776 1086.895508
vn -0.9087157249 0.4060638249 0.09668439627
v 33.37939835 53.80200958 1086.185791
vn -0.9218999743 0.3873296082 0.008729990572
v 33.34056473 53.69436264 1086.217163
vn -0.9524917603 0.30279091 0.03281931952
v 33.4445076 53.84247589 1086.921387
vn -0.9400114417 0.3206829429 0.1163656414
v 33.602314 54.17118835 1086.836548
vn -0.8215308189 0.5677449107 0.0524674952
v 33.49623489 54.02001572 1086.117798
vn -0.83567518 0.5476096869 -0.04207925498
v 33.43135834 53.91201401 1086.152222
vn -0.8833455443 0.4684376717 -0.01633367687
v 33.53685379 54.06235123 1086.866943
vn -0.8696119785 0.4879638553 0.07527441531
v 33.7657547 54.36791992 1086.773193
vn -0.6990363598 0.7150700092 0.004795503337
v 33.65903854 54.2158165 1086.050171
vn -0.7137247324 0.6942209601 -0.0930281803
v 33.57155228 54.12075043 1086.083984
vn -0.7784993649 0.6239856482 -0.06768007576
v 33.67803574 54.27251816 1086.80542
vn -0.7639878392 0.6445800662 0.02896801196
v 33.9707222 54.53084946 1086.708252
vn -0.5459324718 0.8366659284 -0.04413484782
v 33.8641243 54.37891769 1085.985962
vn -0.5605347753 0.8159679174 -0.1414111406
v 33.75643921 54.30192947 1086.017456
vn -0.6404201984 0.7589540482 -0.1176892444
v 33.86319351 54.45409775 1086.740845
vn -0.625690043 0.7798242569 -0.01965025254
v 34.20748138 54.64899826 1086.645142
vn -0.368819654 0.9249714613 -0.09165103734
v 34.1017952 54.49835205 1085.928955
vn -0.3827704787 0.9052587748 -0.1843727231
v 33.97939301 54.44449234 1085.956421
vn -0.4740923941 0.8651237488 -0.1636988223
v 34.08563232 54.59593201 1086.67627
vn -0.4597105384 0.8854449987 -0.06821593642
v 34.46439362 54.71588898 1086.587158
vn -0.1771757156 0.974840045 -0.1352614164
v 34.36036301 54.56760025 1085.882202
vn -0.189952448 0.9569113851 -0.2196330726
v 34.22945786 54.53955841 1085.904175
vn -0.2875570953 0.9359785318 -0.2031136304
v 34.33440781 54.68915176 1086.615234
vn -0.274141252 0.9548957944 -0.114107959
v 34.72535324 54.72920227 1086.537598
vn 0.01753990911 0.9848526716 -0.1725037843
v 34.62360382 54.58417511 1085.848145
vn 0.00647206232 0.9694106579 -0.2453590035
v 34.4924202 54.58237839 1085.863525
vn -0.09140402079 0.9679867029 -0.2337671667
v 34.59537888 54.72913361 1086.561157
vn -0.07946569473 0.9847465158 -0.1547885686
v 34.9750824 54.69293213 1086.498535
vn 0.2040560544 0.9579271078 -0.2018335462
v 34.87605286 54.55179214 1085.827637
vn 0.1951184124 0.9454304576 -0.2609407306
v 34.75203323 54.57366562 1085.836182
vn 0.1024362445 0.9616552591 -0.2544129193
v 34.85246277 54.71680832 1086.516724
vn 0.1124537066 0.9756687284 -0.1882145405
v 35.20174026 54.61579132 1086.470703
vn 0.377530545 0.8987687826 -0.2229021341
v 35.10566711 54.47887421 1085.819824
vn 0.3707822263 0.8896473646 -0.2665484548
v 34.9942894 54.51975632 1085.822266
vn 0.2833728194 0.9216675758 -0.2650071084
v 35.0918541 54.65880966 1086.483276
vn 0.291318953 0.9325310588 -0.21335195
v 35.42491531 54.49076843 1086.45166
vn 0.5417861938 0.8063435555 -0.2372294515
v 35.33229065 54.35879135 1085.824219
vn 0.5376318693 0.8009288907 -0.2635618448
v 35.21982574 54.42510986 1085.820312
vn 0.4549992979 0.8497422338 -0.2662963867
v 35.31423569 54.55965424 1086.459961
vn 0.4605359137 0.8570545316 -0.231006965
v 35.62631226 54.321064 1086.444336
vn 0.6926509142 0.6791384816 -0.2429108769
v 35.53742218 54.19442749 1085.842163
vn 0.6913540959 0.6778569818 -0.2500787377
v 35.43759537 54.28247452 1085.831421
vn 0.6174675226 0.7430701256 -0.2580322027
v 35.52839279 54.41183853 1086.446533
vn 0.6202997565 0.746350348 -0.2412246913
v 35.79521179 54.11075211 1086.449707
vn 0.8188652396 0.5218657255 -0.2389892042
v 35.71019745 53.98967361 1085.873901
vn 0.8205081224 0.524951756 -0.2262565345
v 35.62834549 54.0969429 1085.856323
vn 0.7597526312 0.6045329571 -0.2394072115
v 35.71530914 54.22082138 1086.445312
vn 0.7596082687 0.6036046743 -0.2421914935
v 35.92033005 53.86993027 1086.468262
vn 0.9124653339 0.3415852487 -0.2252255231
v 35.83912277 53.75429535 1085.918335
vn 0.9171023369 0.3488992155 -0.1928540915
v 35.78057098 53.87530518 1085.894653
vn 0.8733643889 0.4391614199 -0.2106463015
v 35.86366272 53.99363708 1086.457397
vn 0.8702220917 0.4339090288 -0.2333162725
v 35.99486923 53.61045074 1086.499146
vn 0.968120575 0.147800982 -0.2022310346
v 35.91719818 53.49988937 1085.973267
vn 0.9755599499 0.1590724587 -0.151587218
v 35.88486099 53.62848663 1085.944702
vn 0.951307714 0.2550761104 -0.1730600893
v 35.96425247 53.74151993 1086.4823
vn 0.9452479482 0.2456922829 -0.214805916
v 36.01601791 53.34853363 1086.540161
vn 0.983987093 -0.04783809558 -0.17170012
v 35.94141769 53.24236298 1086.035156
vn 0.9939064384 -0.03313330188 -0.1051295176
v 35.93596649 53.37052536 1086.003662
vn 0.9896950722 0.06253185123 -0.1288155317
v 36.01203156 53.47878647 1086.518555
vn 0.9809688926 0.04945255443 -0.1877616942
v 35.98730087 53.09935379 1086.588013
vn 0.9626595378 -0.2340571433 -0.1360290349
v 35.91516495 52.99672699 1086.099731
vn 0.9746080041 -0.2166483998 -0.05659297481
v 35.93416977 53.11724472 1086.067383
vn 0.9886474013 -0.1265986264 -0.08092679828
v 36.00745773 53.22152328 1086.563477
vn 0.9776512384 -0.1427438706 -0.1543444544
v 35.88558197 52.88214874 1086.131836
vn 0.9526481032 -0.302336663 -0.03246698529
v 35.95672989 52.98335648 1086.613403
vn 0.9398853183 -0.3207922578 -0.1170806661
v 36.05535507 52.75974274 1087.745605
vn 0.7848858237 -0.5837980509 -0.2076876163
v 35.90922546 52.72321701 1087.212402
vn 0.803232789 -0.5793163776 -0.1385986805
v 35.97541809 52.83251953 1087.185303
vn 0.851893127 -0.4990561306 -0.1588113159
v 36.12222672 52.86922455 1087.721069
vn 0.8339483142 -0.5034346581 -0.2260171026
v 36.02903748 52.9441452 1087.161133
vn 0.89168185 -0.4166328609 -0.1769759953
v 36.17672729 52.98109818 1087.700073
vn 0.874337852 -0.4207985103 -0.2417890877
v 35.89056015 52.56238556 1087.803101
vn 0.6613643169 -0.7318162322 -0.1644451767
v 35.74505234 52.52602768 1087.272217
vn 0.6801236868 -0.7270894051 -0.09366283566
v 35.83301163 52.62157822 1087.241211
vn 0.7452853918 -0.6564206481 -0.1168826222
v 35.97871017 52.65799332 1087.772705
vn 0.7266409397 -0.6610437632 -0.1871206313
v 35.68631744 52.3997345 1087.871094
vn 0.5087123513 -0.8534123302 -0.1135744378
v 35.54038239 52.36327362 1087.338623
vn 0.527091682 -0.8486754298 -0.04386804998
v 35.64762497 52.43985748 1087.304688
vn 0.6066977382 -0.7919121981 -0.06923093647
v 35.79321289 52.47623825 1087.835815
vn 0.5880590081 -0.7966424823 -0.1398120224
v 35.45241547 52.28282928 1087.946045
vn 0.3336447179 -0.9409425855 -0.05751739442
v 35.30498886 52.24597549 1087.408081
vn 0.3508760333 -0.9363857508 0.008232205175
v 35.42602158 52.29853439 1087.373169
vn 0.4412158132 -0.8972216249 -0.01794250682
v 35.57256699 52.33516693 1087.907837
vn 0.4233267009 -0.9018847346 -0.08601394296
v 35.2003746 52.21807861 1088.024292
vn 0.1454948783 -0.9893587232 0.0007807126967
v 35.050457 52.18056107 1087.477173
vn 0.1608977169 -0.9851511121 0.05991049483
v 35.17913818 52.20648956 1087.442993
vn 0.2569345832 -0.96581918 0.03432083502
v 35.32769012 52.2436409 1087.984985
vn 0.2405394614 -0.9702228904 -0.02843067423
v 34.94594574 52.20763779 1088.101074
vn -0.04449932277 -0.9973344803 0.05782496184
v 34.79270935 52.16925049 1087.541748
vn -0.03150369599 -0.9936395884 0.1081104055
v 34.92098999 52.1682663 1087.510254
vn 0.06429861486 -0.9943371415 0.08461296558
v 35.07247925 52.20619583 1088.06311
vn 0.05001109838 -0.9983078241 0.0296720136
v 34.70388031 52.24729538 1088.171997
vn -0.2254059464 -0.9679846168 0.1104444638
v 34.54676819 52.2078743 1087.598389
vn -0.2151630074 -0.9649333358 0.1503612399
v 34.66743851 52.18278885 1087.571167
vn -0.1250523031 -0.9835827947 0.1301028728
v 34.82255936 52.2216835 1088.137451
vn -0.13673307 -0.9869662523 0.08486246318
v 34.48545074 52.32808304 1088.234253
vn -0.3928191662 -0.906059742 0.1573178023
v 34.32419205 52.28756714 1087.645264
vn -0.3856329322 -0.9037637115 0.1857373565
v 34.43201447 52.24327087 1087.623169
vn -0.3009387255 -0.938593328 0.1687556207
v 34.59118271 52.28322983 1088.204346
vn -0.3096998334 -0.9412938356 0.1343572885
v 34.27180099 52.4573288 1088.292969
vn -0.5501734018 -0.8107303977 0.2000636011
v 34.10575485 52.41553116 1087.686401
vn -0.5464677811 -0.8091837168 0.2158578634
v 34.21398163 52.34513855 1087.666748
vn -0.4669259787 -0.8610295057 0.2015149742
v 34.37755966 52.3862648 1088.26416
vn -0.4724844098 -0.8629262447 0.1792116761
v 34.0806427 52.63158417 1088.34314
vn -0.6936453581 -0.6802514195 0.2368842363
v 33.90945816 52.5884285 1087.717651
vn -0.6936060786 -0.6796264052 0.2387855947
v 34.004776 52.49603271 1087.703247
vn -0.6230485439 -0.7480873466 0.2284202278
v 34.17334747 52.53848648 1088.319214
vn -0.6250084639 -0.7491111159 0.2195381224
v 33.92229462 52.84658432 1088.381836
vn -0.8122362494 -0.5197313428 0.2648615837
v 33.74583054 52.80202866 1087.736816
vn -0.8159241676 -0.520103097 0.2525084019
v 33.82308197 52.69029999 1087.72876
vn -0.7586180568 -0.602932632 0.2469229102
v 33.99689865 52.73416519 1088.364136
vn -0.7568016648 -0.6030442715 0.2521683574
v 33.80744934 53.09199142 1088.40625
vn -0.8985883594 -0.3360883594 0.2821056545
v 33.62585449 53.04605484 1087.742188
vn -0.9059028029 -0.3374694288 0.2558406889
v 33.67997742 52.92076874 1087.741333
vn -0.8654821515 -0.430878222 0.2555084229
v 33.85903931 52.96601868 1088.395996
vn -0.8598647714 -0.4301647544 0.2749378979
v 33.74238205 53.35569382 1088.414917
vn -0.9475402236 -0.1395073682 0.2875850797
v 33.55607224 53.30849838 1087.733521
vn -0.9582016468 -0.1417556554 0.248505488
v 33.58437729 53.17598724 1087.739624
vn -0.9369386435 -0.2405993789 0.2534913719
v 33.76839828 53.22256088 1088.412598
vn -0.9278869629 -0.2388225943 0.2863381207
v 33.72936249 53.62124252 1088.407959
vn -0.9577884674 0.05860097706 0.2814377844
v 33.53901672 53.57298279 1087.71167
vn -0.9712833166 0.05557487532 0.2313442975
v 33.54104996 53.44150543 1087.724121
vn -0.9695764184 -0.04258202389 0.2410568297
v 33.72947693 53.48925781 1088.41333
vn -0.9574242234 -0.03991162777 0.2859124243
v 33.76451492 53.87331009 1088.387085
vn -0.9321182966 0.2468155622 0.2650236785
v 33.57099152 53.82419205 1087.678955
vn -0.9478397965 0.2430321425 0.2062403411
v 33.54931641 53.70108032 1087.696411
vn -0.9637972116 0.1511865258 0.2196304202
v 33.74136353 53.74979782 1088.399048
vn -0.949113667 0.1546013951 0.2743750811
v 33.83938217 54.10021973 1088.355347
vn -0.8748446703 0.4205051661 0.2404624075
v 33.64358139 54.05049896 1087.638794
vn -0.8921869993 0.4162256718 0.1753812134
v 33.60285568 53.94099808 1087.659668
vn -0.9242557287 0.3303006291 0.1914494634
v 33.79763031 53.99044418 1088.372314
vn -0.9076597095 0.3343599737 0.2536874413
v 33.96075058 54.32157898 1088.309814
vn -0.7856193781 0.5833607316 0.2061368823
v 33.7633934 54.27143478 1087.587524
vn -0.8040081263 0.5786857605 0.1367249042
v 33.69719696 54.16212463 1087.614624
vn -0.852514863 0.4985466599 0.1570655406
v 33.89387894 54.21209335 1088.334351
vn -0.8345842957 0.5030226111 0.2245824337
v 34.1255455 54.51893234 1088.252319
vn -0.6622895598 0.7313565612 0.1627577245
v 33.92756653 54.4686203 1087.52771
vn -0.6810868382 0.7264553308 0.09156084806
v 33.83960342 54.37306213 1087.558838
vn -0.7461619377 0.6557804346 0.1148666665
v 34.03739548 54.42332458 1088.282715
vn -0.7275006175 0.6605570316 0.1854920089
v 34.32979202 54.6815834 1088.184448
vn -0.5098273158 0.8529672623 0.1119062081
v 34.13223267 54.63137054 1087.461304
vn -0.5282968283 0.8480327129 0.04174861312
v 34.02499008 54.55478287 1087.495239
vn -0.6078157425 0.7912377715 0.06710296124
v 34.22289658 54.60508347 1088.219604
vn -0.5891117454 0.7961578965 0.1381303668
v 34.563694 54.79848862 1088.109497
vn -0.334831506 0.9406120181 0.05600773916
v 34.36762619 54.74866867 1087.391846
vn -0.3521985114 0.9358696342 -0.01020751614
v 34.24659348 54.69610596 1087.42688
vn -0.442505151 0.8966254592 0.01587385498
v 34.44353867 54.7461586 1088.147583
vn -0.4244962335 0.9014859796 0.08441556245
v 34.81573486 54.86323929 1088.031128
vn -0.1466817558 0.9891816974 -0.002017352497
v 34.62216187 54.81407928 1087.322754
vn -0.1622513235 0.984826088 -0.06158020347
v 34.49348068 54.78815079 1087.357056
vn -0.2583052218 0.9653866291 -0.03615295514
v 34.68841553 54.837677 1088.070435
vn -0.2417155206 0.9699702859 0.02704143524
v 35.07016373 54.87368011 1087.954468
vn 0.04346482083 0.9973269701 -0.05873485655
v 34.87990952 54.82540131 1087.258301
vn 0.03022188321 0.9935418963 -0.1093670949
v 34.75162888 54.82637787 1087.289795
vn -0.06556572765 0.9941265583 -0.08610147983
v 34.94363022 54.8751297 1087.99231
vn -0.05109981075 0.9982197881 -0.03075861
v 35.31222916 54.83402252 1087.883423
vn 0.2245858312 0.9681090117 -0.1110233888
v 35.12585068 54.78676605 1087.20166
vn 0.2141691148 0.9650189281 -0.1512285024
v 35.00518036 54.8118515 1087.22876
vn 0.1239071265 0.9835866094 -0.1311654001
v 35.19355011 54.8596344 1087.917969
vn 0.1357334852 0.9870420694 -0.08558222651
v 35.53065491 54.75322723 1087.821289
vn 0.3921276033 0.9063100219 -0.1576010734
v 35.34842682 54.70707703 1087.154663
vn 0.384753257 0.9040421247 -0.1862061918
v 35.2406044 54.75138092 1087.17688
vn 0.3000384867 0.938762188 -0.1694180518
v 35.42492294 54.79808807 1087.851074
vn 0.3090195358 0.941452682 -0.1348102242
v 35.74430466 54.62398911 1087.762451
vn 0.5496689081 0.8110608459 -0.2001108676
v 35.56686401 54.57910919 1087.113647
vn 0.5457313061 0.809640348 -0.2160088569
v 35.45863724 54.64951324 1087.133301
vn 0.466255486 0.8613176346 -0.2018360049
v 35.6385498 54.6950531 1087.79126
vn 0.4718850851 0.8632232547 -0.1793602556
v 35.93546295 54.44973373 1087.71228
vn 0.6933814287 0.6805416942 -0.2368230671
v 35.76316071 54.40621567 1087.082397
vn 0.6931661367 0.6800855398 -0.2387559861
v 35.66783905 54.49861908 1087.09668
vn 0.6225157976 0.7485139966 -0.2284751683
v 35.84276199 54.54283142 1087.736206
vn 0.6245368719 0.7495158911 -0.2194986492
v 36.09381104 54.23473358 1087.673584
vn 0.8120594621 0.5200461745 -0.2647855282
v 35.92678833 54.19262314 1087.063232
vn 0.8157063127 0.5204851031 -0.2524252236
v 35.8495369 54.30434036 1087.071167
vn 0.7582358718 0.6034498215 -0.2468333244
v 36.019207 54.34715652 1087.691406
vn 0.7565097809 0.6034525633 -0.2520673573
v 36.20866013 53.98933411 1087.64917
vn 0.8984194398 0.3364800513 -0.2821766436
v 36.04676437 53.94858551 1087.057739
vn 0.9057280421 0.3378868103 -0.2559086978
v 35.99264145 54.07388306 1087.058716
vn 0.8652229905 0.431410104 -0.2554887831
v 36.15706635 54.11530685 1087.659546
vn 0.8597340584 0.4304376245 -0.2749196887
v 36.2737236 53.7256279 1087.640503
vn 0.9474224448 0.1396031827 -0.2879265249
v 36.11654663 53.68614197 1087.066406
vn 0.9580911398 0.1418777406 -0.248861447
v 36.08824158 53.81865311 1087.060303
vn 0.9368195534 0.2408707142 -0.2536739111
v 36.24770737 53.85875702 1087.642822
vn 0.9277833104 0.2389841676 -0.286539197
v 36.28674698 53.46007538 1087.647461
vn 0.9575800896 -0.05870187283 -0.282124877
v 36.13359833 53.42166901 1087.088379
vn 0.971103847 -0.05559906736 -0.2320905328
v 36.13156509 53.55313873 1087.075928
vn 0.9694430232 0.04254514724 -0.2415990382
v 36.28663254 53.59206009 1087.64209
vn 0.9572771192 0.0398706086 -0.2864103317
v 36.25159073 53.20801163 1087.668335
vn 0.931759119 -0.2470452636 -0.2660706341
v 36.10162735 53.17045212 1087.120972
vn 0.9474986196 -0.2433696687 -0.2074067146
v 36.12329865 53.29356003 1087.103516
vn 0.9635606408 -0.151283443 -0.2205997109
v 36.27474213 53.33152008 1087.656372
vn 0.948836267 -0.1547446549 -0.2752522528
v 36.06976318 53.05364609 1087.140381
vn 0.923838675 -0.3306664228 -0.1928258687
v 36.21847916 53.09087372 1087.683105
vn 0.9071866274 -0.3347374499 -0.2548789084
v 36.40969467 52.75986862 1088.787354
vn 0.7525557876 -0.5786998868 -0.3142709434
v 36.22126007 52.76952362 1088.261719
vn 0.7676455379 -0.5852822661 -0.2610842884
v 36.28866577 52.87904358 1088.238892
vn 0.8171442747 -0.5049116015 -0.2780998349
v 36.47753143 52.86935806 1088.765625
vn 0.798587203 -0.4999593198 -0.3351106644
v 36.3438797 52.99095917 1088.220215
vn 0.8580656648 -0.4223368466 -0.292155534
v 36.5333252 52.98123169 1088.748535
vn 0.8428202868 -0.4154878855 -0.3420873284
v 36.24415207 52.5625 1088.842651
vn 0.6293967366 -0.7274304628 -0.2733215094
v 36.05602646 52.57213974 1088.317871
vn 0.6436907053 -0.7333180308 -0.2188765407
v 36.14428711 52.66775131 1088.287842
vn 0.7091013193 -0.6625478268 -0.2412585914
v 36.33247757 52.65811157 1088.812744
vn 0.6906052828 -0.6578326821 -0.3005337417
v 36.04082489 52.39985657 1088.91333
vn 0.4785266519 -0.8499315381 -0.2205189615
v 35.85223389 52.40951538 1088.387207
vn 0.4913742542 -0.8547950983 -0.166963011
v 35.95878601 52.48598862 1088.350952
vn 0.5704694986 -0.7980841398 -0.1939749122
v 36.14704895 52.47634888 1088.876099
vn 0.5527225733 -0.7939739227 -0.2531860471
v 35.80953217 52.2829628 1088.995972
vn 0.306273371 -0.9387293458 -0.1580626816
v 35.61969757 52.29269791 1088.466431
vn 0.317261219 -0.9422078729 -0.1076551452
v 35.73905563 52.34497452 1088.425781
vn 0.4063642025 -0.9032242298 -0.1380366534
v 35.92817307 52.33528519 1088.953247
vn 0.390211761 -0.8998914361 -0.1947567463
v 35.56168365 52.21823883 1089.086548
vn 0.122048147 -0.9884996414 -0.08929032832
v 35.36987305 52.22807693 1088.551636
vn 0.1308095753 -0.9904260635 -0.04410228133
v 35.49598312 52.25356293 1088.508667
vn 0.2249440551 -0.9713888764 -0.07618253678
v 35.6867218 52.24378967 1089.040649
vn 0.2109411657 -0.9690813422 -0.1280046701
v 35.31271362 52.20783234 1089.179565
vn -0.06337108463 -0.9978216887 -0.01833076216
v 35.11834717 52.21781921 1088.637451
vn -0.05698038638 -0.9981775284 0.01987047307
v 35.2433548 52.21627808 1088.594727
vn 0.03635970131 -0.9992676377 -0.01192378625
v 35.43638229 52.20637131 1089.133179
vn 0.02496285737 -0.9980769157 -0.05673921108
v 35.07696152 52.24753571 1089.269165
vn -0.2434867471 -0.9681182504 0.05883222818
v 34.87965393 52.25769043 1088.718872
vn -0.2352847308 -0.9685810804 0.0805715844
v 34.99660492 52.23196411 1088.678955
vn -0.1479284316 -0.9876906276 0.05083744973
v 35.19240952 52.22189331 1089.225098
vn -0.16344136 -0.9863070846 0.02202882059
v 34.865242 52.32836533 1089.351196
vn -0.4055117667 -0.9059754014 0.1215268672
v 34.664814 52.33869553 1088.792358
vn -0.3997839987 -0.9064046144 0.1363942772
v 34.76873779 52.29372787 1088.756836
vn -0.3181878626 -0.9417658448 0.1087824628
v 34.96759796 52.28348541 1089.311401
vn -0.3251997828 -0.9413189888 0.09035276622
v 34.65928268 52.45764923 1089.432739
vn -0.5570262074 -0.8103914261 0.1816247851
v 34.45528412 52.46819305 1088.864014
vn -0.553997457 -0.8107887506 0.1889667958
v 34.55891418 52.39700317 1088.828491
vn -0.4779759049 -0.8631044626 0.1630636156
v 34.76107407 52.38656616 1089.392212
vn -0.4823946655 -0.8626912832 0.1518522948
v 34.47632217 52.63196564 1089.507202
vn -0.6941450834 -0.679567337 0.2373833209
v 34.26852798 52.64272308 1088.927856
vn -0.6940830946 -0.6799114943 0.2365776896
v 34.35899353 52.54949188 1088.896973
vn -0.6271349192 -0.7489895225 0.2138140947
v 34.56485748 52.53884506 1089.470947
vn -0.6286520362 -0.748646915 0.2105336636
v 34.32635498 52.8470192 1089.570679
vn -0.8061162829 -0.518774271 0.2846924067
v 34.11468887 52.85800552 1088.980591
vn -0.8090702891 -0.5190746188 0.2756207585
v 34.18703079 52.74543381 1088.955811
vn -0.75536412 -0.6026331186 0.25740695
v 34.39675903 52.73456955 1089.540527
vn -0.7539277673 -0.6022928357 0.2623666227
v 34.21959686 53.09247589 1089.619019
vn -0.8859401345 -0.335013181 0.3207433522
v 34.00419998 53.10367584 1089.018677
vn -0.8918507695 -0.3352431655 0.3036679626
v 34.05364227 52.97757339 1089.001587
vn -0.8548628688 -0.4294565022 0.2911642492
v 34.26720047 52.96647644 1089.596924
vn -0.8504731655 -0.4290571809 0.3043111861
v 34.16191483 53.35622787 1089.649536
vn -0.9289715886 -0.1382211596 0.343375504
v 33.94312286 53.36762238 1089.039795
vn -0.9375882149 -0.1383729726 0.319031775
v 33.96720505 53.23438263 1089.031372
vn -0.9195151925 -0.2377566546 0.3129912913
v 34.18435669 53.22307587 1089.636597
vn -0.9122354984 -0.2374782413 0.333812058
v 34.15515518 53.62181854 1089.661133
vn -0.9341381192 0.06003548205 0.3518262208
v 33.93349075 53.6333847 1089.043335
vn -0.9450617433 0.05993888155 0.32134974
v 33.93199539 53.50130081 1089.043701
vn -0.9460266829 -0.03858843818 0.3217833042
v 34.15230179 53.48981476 1089.657715
vn -0.9361940026 -0.0385077484 0.349367857
v 34.19518661 53.87391281 1089.654663
vn -0.9044134021 0.2483686954 0.346914053
v 33.9712944 53.88561249 1089.030762
vn -0.9171794057 0.2483043522 0.3116518557
v 33.94691467 53.76203156 1089.03894
vn -0.9352055192 0.1560204625 0.3178808689
v 34.16978073 53.7503891 1089.660034
vn -0.9232913852 0.1561377645 0.3509331048
v 34.27347946 54.10085297 1089.633057
vn -0.8442843556 0.4218963385 0.3304352164
v 34.04803085 54.11264038 1089.004883
vn -0.8583074212 0.4220839739 0.2918107212
v 34.00543976 54.00281906 1089.019287
vn -0.8918509483 0.3359104097 0.3029292524
v 34.23019409 53.99106598 1089.645508
vn -0.878387332 0.3358576596 0.3400519192
v 34.39710617 54.32221603 1089.594238
vn -0.7530453205 0.5848522186 0.3014474511
v 34.17065048 54.33407974 1088.963257
vn -0.7679978609 0.5849910378 0.2607004941
v 34.10324097 54.22455978 1088.986084
vn -0.8173958063 0.5047110319 0.2777244449
v 34.32926941 54.21272659 1089.615967
vn -0.8028620481 0.5045468807 0.3175609112
v 34.56264877 54.51958466 1089.53894
vn -0.6289034486 0.7327620983 0.2598848045
v 34.33588409 54.53146744 1088.907104
vn -0.6441807151 0.7330029607 0.2184899747
v 34.24762344 54.43585587 1088.937134
vn -0.7095229626 0.6622401476 0.2408633828
v 34.47432327 54.42398071 1089.568848
vn -0.6943675876 0.6620081067 0.2821328342
v 34.76597595 54.68222809 1089.468262
vn -0.4770210087 0.854159832 0.2070311904
v 34.53967667 54.6940918 1088.837769
vn -0.4919952154 0.8545078039 0.1666046381
v 34.43312073 54.61761093 1088.874023
vn -0.5710169673 0.7977838516 0.1935988963
v 34.65975189 54.60573578 1089.505493
vn -0.5557934642 0.797503829 0.234694019
v 34.99726868 54.79912186 1089.38562
vn -0.3038581014 0.941605866 0.145081535
v 34.77221298 54.81091309 1088.758545
vn -0.3179917037 0.9419950247 0.107362479
v 34.65285492 54.75863266 1088.799194
vn -0.4070094824 0.9029884934 0.1376772821
v 34.87862778 54.74679947 1089.428345
vn -0.3924454749 0.9025880694 0.1769784242
v 35.24511719 54.86384583 1089.295044
vn -0.1189099923 0.9898827672 0.07741121948
v 35.02203751 54.87553024 1088.67334
vn -0.1315084547 0.9903437495 0.04387181252
v 34.89592743 54.85003662 1088.716431
vn -0.2256323546 0.9712508321 0.07590669394
v 35.12007904 54.83830261 1089.340942
vn -0.2122650743 0.970801115 0.1117532551
v 35.49408722 54.87425232 1089.202026
vn 0.06694550067 0.9977239966 0.008070808835
v 35.27355957 54.88578033 1088.587524
vn 0.05633502454 0.9982113242 -0.02001398243
v 35.14855194 54.8873291 1088.630249
vn -0.03704775125 0.9992445111 0.01174031384
v 35.37041855 54.87571335 1089.248413
vn -0.0254025925 0.998765409 0.04268858954
v 35.72983932 54.83454895 1089.112427
vn 0.2430793494 0.9682193995 -0.0588526167
v 35.51225662 54.84592056 1088.506104
vn 0.234738037 0.9687090516 -0.08062803
v 35.39530563 54.87163544 1088.546021
vn 0.1473137289 0.9877774119 -0.05093527585
v 35.61439133 54.86019135 1089.156494
vn 0.1568107754 0.9872884154 -0.02592206746
v 35.94155884 54.75371933 1089.030396
vn 0.4051831067 0.9061279297 -0.1214858964
v 35.72709656 54.76490784 1088.432617
vn 0.3993705809 0.9065881371 -0.1363859177
v 35.62317276 54.8098793 1088.46814
vn 0.3177208602 0.9419209361 -0.1088044941
v 35.83920288 54.79859924 1089.07019
vn 0.32483989 0.9414440989 -0.09034419805
v 36.14751816 54.62443542 1088.948853
vn 0.5567899346 0.8105683327 -0.1815597862
v 35.93662262 54.63541031 1088.361084
vn 0.55368644 0.8110125661 -0.1889177412
v 35.83299637 54.706604 1088.396484
vn 0.4775867164 0.8633261919 -0.1630302519
v 36.04573059 54.69551849 1088.98938
vn 0.4820691347 0.8628860712 -0.1517793387
v 36.33047867 54.45012665 1088.87439
vn 0.6939679384 0.6797733307 -0.2373114377
v 36.12338257 54.46087646 1088.297119
vn 0.693793416 0.6802404523 -0.2364817411
v 36.03291702 54.55410767 1088.328125
vn 0.6267765164 0.7493163347 -0.2137199491
v 36.24194336 54.54323959 1088.910645
vn 0.6284288168 0.7488569021 -0.2104533762
v 36.48044586 54.23506165 1088.810913
vn 0.8060086966 0.518961668 -0.2846555114
v 36.27722168 54.24559784 1088.244385
vn 0.808902204 0.5193724036 -0.2755531371
v 36.20487595 54.35816574 1088.269165
vn 0.7551891804 0.6028784513 -0.2573458254
v 36.41004181 54.34751511 1088.841064
vn 0.7537927032 0.6024911404 -0.2622994483
v 36.58720779 53.98960876 1088.762573
vn 0.883245945 0.3449799418 -0.3175932169
v 36.38771057 53.99993134 1088.206421
vn 0.8917608261 0.3354969323 -0.3036518991
v 36.33826828 54.12603378 1088.223389
vn 0.8548172116 0.4295634925 -0.2911404669
v 36.53960037 54.11560822 1088.784668
vn 0.8503751755 0.4292622209 -0.3042958677
v 36.64488602 53.72585678 1088.732056
vn 0.9255043268 0.145766452 -0.3495624959
v 36.44878769 53.73597717 1088.185181
vn 0.9375527501 0.1384460479 -0.319104284
v 36.42470169 53.86922073 1088.193604
vn 0.919468224 0.2379114926 -0.3130116761
v 36.62244415 53.85900879 1088.744873
vn 0.907513082 0.2518061697 -0.3361750841
v 36.65164566 53.46026611 1088.720459
vn 0.9313450456 -0.05258686095 -0.3603207767
v 36.4584198 53.47021484 1088.181641
vn 0.9449968338 -0.06000002474 -0.3215290904
v 36.45991516 53.60230637 1088.181274
vn 0.945977509 0.03858345747 -0.3219284117
v 36.65450287 53.5922699 1088.723877
vn 0.9318625331 0.0437349081 -0.3601659238
v 36.61161423 53.20817184 1088.726929
vn 0.9022495151 -0.2415147722 -0.3572343588
v 36.42061615 53.21798706 1088.194214
vn 0.9170454741 -0.2484785467 -0.3119070232
v 36.44499588 53.34156799 1088.186035
vn 0.9351032376 -0.1561525166 -0.3181167841
v 36.63702393 53.33169556 1088.721558
vn 0.9187537432 -0.1510640234 -0.3647892773
v 36.38647079 53.10078049 1088.205688
vn 0.8916392922 -0.336203903 -0.3032264709
v 36.57660675 53.09101868 1088.736084
vn 0.8737205863 -0.3311977684 -0.3562588096
v 36.99552917 52.91224289 1089.897461
vn 0.8167999983 -0.4350658655 -0.3788870871
v 36.8704567 52.69107437 1089.932617
vn 0.7216576934 -0.5966534019 -0.3510197997
v 36.70459747 52.49375534 1089.987061
vn 0.5949420333 -0.7421274185 -0.3086921871
v 36.50217819 52.33097076 1090.060059
vn 0.4422871172 -0.8603843451 -0.2532210052
v 36.27303314 52.21377945 1090.148071
vn 0.2700722814 -0.9445429444 -0.1868144721
v 36.02846909 52.14857483 1090.246948
vn 0.08811330795 -0.9896516204 -0.1132507473
v 35.78369522 52.13757324 1090.350342
vn -0.1015322208 -0.9942766428 -0.03324447945
v 35.30724335 52.21916962 1089.860596
vn -0.2233766466 -0.9741771817 0.03288856149
v 35.55271912 52.17659378 1090.452026
vn -0.2133296877 -0.9769646525 0.005525970366
v 35.34602737 52.25671387 1090.546631
vn -0.4080693126 -0.9077253938 0.09753993154
v 35.09827423 52.29968262 1089.949829
vn -0.4092369378 -0.9057155848 0.1104736254
v 35.19924927 52.25496292 1089.906372
vn -0.3299788535 -0.9408782721 0.07656395435
v 35.445858 52.21218872 1090.500488
vn -0.33210814 -0.9412522316 0.06122394279
v 35.14578247 52.38518906 1090.642578
vn -0.5553347468 -0.8142157793 0.1692806482
v 34.89544678 52.42860794 1090.039429
vn -0.5586186051 -0.8104589581 0.1763563156
v 34.99562454 52.35770798 1089.994751
vn -0.4850403666 -0.8626214266 0.1435969472
v 35.24462891 52.31452179 1090.594604
vn -0.4844368994 -0.8643658757 0.1348795444
v 34.96886826 52.55863953 1090.732178
vn -0.6881878972 -0.6854531765 0.2378053814
v 34.71580505 52.60253525 1090.122437
vn -0.6933128834 -0.6800743937 0.2383613288
v 34.80265427 52.50961304 1090.081787
vn -0.6289858818 -0.7489756942 0.2083558887
v 35.05433655 52.46596527 1090.68811
vn -0.6258663535 -0.7519905567 0.206885308
v 34.8250351 52.77283096 1090.811035
vn -0.7961403131 -0.5265371799 0.2981932759
v 34.56921005 52.81720734 1090.194702
vn -0.802909255 -0.5196762681 0.2920159996
v 34.63792801 52.70494461 1090.160156
vn -0.7518569231 -0.6030538678 0.2665280402
v 34.89237213 52.66081619 1090.773071
vn -0.7462630868 -0.6072605252 0.2726281583
v 34.7241478 53.01745605 1090.874023
vn -0.8724979162 -0.3440661728 0.3469378352
v 34.4656868 53.06228638 1090.251343
vn -0.8805123568 -0.3361994922 0.3341674507
v 34.51169968 52.93647385 1090.22522
vn -0.8461418748 -0.4300894439 0.3147491217
v 34.76886368 52.89186478 1090.844727
vn -0.8382110596 -0.4354265928 0.3283379972
v 34.67177963 53.28045654 1090.917969
vn -0.912543118 -0.1483145803 0.3811401725
v 34.41093826 53.32570267 1090.289551
vn -0.9215361476 -0.1396648437 0.3623048663
v 34.43196106 53.19271851 1090.272949
vn -0.9057288766 -0.238958329 0.3500773311
v 34.69165802 53.14767838 1090.89856
vn -0.8958374858 -0.2451011091 0.3706758618
v 34.66946793 53.54542923 1090.940674
vn -0.9154053926 0.04961854964 0.3994632959
v 34.4066391 53.59101868 1090.307495
vn -0.9250094295 0.05826932192 0.3754493892
v 34.40261841 53.45914078 1090.301025
vn -0.9278623462 -0.0401029028 0.3707603812
v 34.66451263 53.41371155 1090.932007
vn -0.9164166451 -0.04661285877 0.3975019455
v 34.7129097 53.79703903 1090.942749
vn -0.8840168118 0.2382337451 0.4021927118
v 34.44856644 53.84289551 1090.305908
vn -0.893994987 0.2465971261 0.3741160333
v 34.42228317 53.71947861 1090.309082
vn -0.9134645462 0.154406637 0.3764852881
v 34.68593216 53.67374039 1090.944214
vn -0.9008883238 0.1477044672 0.4081466198
v 34.79352951 54.02365494 1090.927002
vn -0.8230983615 0.4118276238 0.391033411
v 34.5281601 54.06968689 1090.28772
vn -0.8330077529 0.4200279117 0.3601036072
v 34.48429489 53.95997238 1090.298706
vn -0.867498219 0.3340050578 0.3686291277
v 34.74921417 53.91401672 1090.93689
vn -0.8541807532 0.3275668323 0.4038257003
v 34.91860199 54.24483109 1090.891846
vn -0.7318506241 0.5750533938 0.3656614423
v 34.65260696 54.29096985 1090.251099
vn -0.7412493229 0.582967639 0.3327133954
v 34.58443069 54.18151093 1090.271851
vn -0.791305244 0.5026034713 0.34817487
v 34.85017014 54.13541794 1090.912109
vn -0.7777501345 0.4960734844 0.3860256076
v 35.08446121 54.44215012 1090.837402
vn -0.6086473465 0.7236802578 0.3253233135
v 34.81835175 54.48831558 1090.196289
vn -0.6170719266 0.7308948636 0.2915731966
v 34.73000717 54.39270401 1090.226074
vn -0.6824932694 0.6601268053 0.3137444556
v 34.99612427 54.34653854 1090.867188
vn -0.6691981554 0.653863728 0.3530383408
v 35.28687668 54.60492706 1090.764404
vn -0.4583134651 0.8464604616 0.2710229158
v 35.02120972 54.65101624 1090.12439
vn -0.4655234814 0.8524785638 0.2378407121
v 34.91530609 54.57447815 1090.162476
vn -0.5440613627 0.7957334518 0.2660931051
v 35.18126678 54.52834702 1090.803223
vn -0.5315138102 0.7900890708 0.3053723574
v 35.51602173 54.72212601 1090.676392
vn -0.2876033187 0.9355405569 0.2050564885
v 35.2513504 54.7680397 1090.038818
vn -0.2932662666 0.9401008487 0.1737965941
v 35.13336945 54.71564102 1090.08313
vn -0.3813827932 0.9009620547 0.2069166601
v 35.39860916 54.66962814 1090.722168
vn -0.3699958324 0.896268785 0.2445513457
v 35.76058578 54.78733063 1090.577515
vn -0.1055976823 0.9857657552 0.130824253
v 35.49742126 54.83298111 1089.943481
vn -0.1096308753 0.9886384606 0.1028350815
v 35.37334442 54.80731201 1089.991943
vn -0.2022186816 0.9694376588 0.1389182508
v 35.63732147 54.76152802 1090.62793
vn -0.1925426722 0.9658388495 0.1734435856
v 36.00536346 54.79832458 1090.474121
vn 0.07699891925 0.9956285954 0.05286602676
v 35.74410629 54.84365082 1089.844727
vn 0.07460595667 0.9967842102 0.02924264222
v 35.62163162 54.8449707 1089.894165
vn -0.01687607169 0.9976720214 0.06607387215
v 35.88388443 54.79948044 1090.526001
vn -0.00912441127 0.995336473 0.09603150934
v 36.23633957 54.75930786 1090.372437
vn 0.2497075349 0.9680222869 -0.02406308241
v 35.97725296 54.80424881 1089.748291
vn 0.2489006966 0.9675936103 -0.04255587235
v 35.86314011 54.8297348 1089.795898
vn 0.1635760069 0.986504972 -0.007132804953
v 36.12333298 54.78459549 1090.422729
vn 0.1692202389 0.9854280353 0.01720745489
v 36.44303131 54.6791954 1090.277832
vn 0.4079761207 0.9077665806 -0.09754632413
v 36.18622208 54.72373581 1089.65918
vn 0.4089810252 0.90582937 -0.1104881614
v 36.08525085 54.76846313 1089.702637
vn 0.3297018707 0.9409712553 -0.07661481947
v 36.34320068 54.72370911 1090.323975
vn 0.3331848681 0.9410441518 -0.05851250887
v 36.6432724 54.5507164 1090.182007
vn 0.5552341342 0.8142915964 -0.1692462564
v 36.38904953 54.59480667 1089.569458
vn 0.5583481789 0.8106611371 -0.1762835383
v 36.28887177 54.66571045 1089.614258
vn 0.4847764075 0.8627741337 -0.1435708851
v 36.54442596 54.62137604 1090.229858
vn 0.4857257307 0.864121139 -0.1317770332
v 36.82018661 54.3772583 1090.092285
vn 0.6881549954 0.6854911447 -0.237790972
v 36.56869125 54.42087936 1089.48645
vn 0.6932208538 0.6801815629 -0.2383231372
v 36.48184204 54.5138092 1089.5271
vn 0.6288214922 0.7491300106 -0.2082971483
v 36.73472214 54.46994019 1090.136353
vn 0.6271942258 0.7517906427 -0.2035639435
v 36.96401978 54.16306686 1090.013428
vn 0.7961126566 0.5265747309 -0.2982006669
v 36.71528625 54.20621872 1089.414307
vn 0.8028281331 0.5198197961 -0.2919835448
v 36.6465683 54.31847 1089.448853
vn 0.751801312 0.60314399 -0.2664810717
v 36.89668274 54.27508926 1090.051392
vn 0.7477023602 0.6070293188 -0.2691775262
v 37.06490707 53.91844177 1089.950439
vn 0.8883389831 0.2825176418 -0.3619911969
v 36.81881332 53.96112823 1089.357544
vn 0.8905687928 0.3060030043 -0.3365254998
v 36.77280045 54.08694458 1089.383789
vn 0.8460488319 0.4302968085 -0.3147157133
v 37.02019119 54.04403305 1089.979736
vn 0.8396990895 0.435159415 -0.3248718083
v 37.11727524 53.65544128 1089.906494
vn 0.916819036 0.1356693357 -0.3755485117
v 37.11958694 53.39047623 1089.883789
vn 0.9171289206 -0.07111055404 -0.3921961486
v 37.07614517 53.1388588 1089.881714
vn 0.8830251098 -0.2572116852 -0.3925669193
v 37.38610077 52.57749939 1091.09314
vn 0.7140956521 -0.5805528164 -0.3911851645
v 37.51198959 52.79850006 1091.059814
vn 0.8073188066 -0.4182440639 -0.4163030684
v 37.22018814 52.38018799 1091.147583
vn 0.5897842646 -0.7276775241 -0.350199908
v 37.01853943 52.21725082 1091.222168
vn 0.4398466945 -0.8483994007 -0.2945391834
v 36.79098129 52.09969711 1091.313843
vn 0.270290792 -0.9358152747 -0.226257965
v 36.54875183 52.03398895 1091.417969
vn 0.09086636454 -0.9846224785 -0.1492041647
v 36.3068924 52.02235413 1091.527954
vn -0.08852022886 -0.9937599301 -0.06786322594
v 36.07919693 52.0606575 1091.636963
vn -0.260851264 -0.9652546048 0.01549575012
v 35.87592316 52.14002609 1091.73938
vn -0.4309875965 -0.8966708183 0.1011492535
v 35.67953873 52.26766586 1091.843994
vn -0.5742866397 -0.7991307378 0.1777214557
v 35.50667572 52.44023895 1091.942749
vn -0.7016094327 -0.667026341 0.250639379
v 35.36691666 52.65353012 1092.030762
vn -0.803027153 -0.5060184598 0.3147898912
v 35.26989746 52.89731979 1092.102539
vn -0.8725678921 -0.3227496147 0.3666851521
v 35.22099304 53.15956116 1092.154297
vn -0.9061222076 -0.1276475638 0.4032971859
v 35.22154617 53.42390823 1092.183472
vn -0.9034156203 0.06823516637 0.4233015478
v 35.26713943 53.67505264 1092.19043
vn -0.8678532839 0.2538750768 0.4270575047
v 35.34918213 53.90135193 1092.177856
vn -0.8006064892 0.4314233959 0.4158162177
v 35.47507095 54.12234497 1092.144531
vn -0.7048528194 0.5927944779 0.3895859122
v 35.64098358 54.31966782 1092.09021
vn -0.5782188177 0.738176167 0.3475039005
v 35.84263611 54.48261261 1092.015625
vn -0.4262251854 0.8566017747 0.2908014953
v 36.07019424 54.60015488 1091.92395
vn -0.2552945316 0.9411059618 0.2216850817
v 36.31242371 54.66586304 1091.819824
vn -0.07520219684 0.9867057204 0.1440709531
v 36.55428314 54.67750168 1091.709839
vn 0.103957206 0.992616117 0.06249913946
v 36.78197479 54.6391983 1091.600708
vn 0.2722597122 0.9620531797 -0.01812048815
v 36.98524857 54.55982971 1091.498413
vn 0.4318750203 0.8965522051 -0.09837762266
v 37.181633 54.43218613 1091.393799
vn 0.5753132105 0.7990627885 -0.1746807247
v 37.35449982 54.25961685 1091.295044
vn 0.7027626038 0.6669998169 -0.247458905
v 37.49425888 54.04631424 1091.206909
vn 0.804304719 0.5059937239 -0.3115514219
v 37.59127426 53.80254364 1091.135132
vn 0.8725079298 0.3256342411 -0.364269495
v 37.6401825 53.54029465 1091.083496
vn 0.9052715302 0.1443979144 -0.399540633
v 37.63962936 53.27594376 1091.054321
vn 0.9055801034 -0.05161575973 -0.42102319
v 37.59403229 53.02479935 1091.047241
vn 0.872623086 -0.2383856773 -0.426264286
v 37.93796921 52.43575668 1092.260986
vn 0.7033826113 -0.5778865814 -0.4138840139
v 38.06430435 52.65663528 1092.228638
vn 0.796998322 -0.4156432748 -0.4382172525
v 37.77212906 52.23842239 1092.315552
vn 0.5790610909 -0.7250384092 -0.3728371263
v 37.57111359 52.07531357 1092.391602
vn 0.4295875728 -0.8458487391 -0.3162189424
v 37.34473801 51.95746231 1092.485718
vn 0.260963589 -0.9334546924 -0.2460900396
v 37.10419083 51.89132309 1092.593384
vn 0.08275617659 -0.9825815558 -0.1663879603
v 36.86439133 51.87916183 1092.707764
vn -0.09508597106 -0.9921045899 -0.08177471906
v 36.63898468 51.91687393 1092.821655
vn -0.2627260685 -0.9648669362 0.002619163599
v 36.43807602 51.99564362 1092.929077
vn -0.4224172533 -0.9021507502 0.08767932653
v 36.24433136 52.12260437 1093.039185
vn -0.5646437407 -0.8079553843 0.1684803069
v 36.07421875 52.29447556 1093.143799
vn -0.6915116906 -0.6790762544 0.2463068217
v 35.93720627 52.50707245 1093.237671
vn -0.7930731177 -0.5209578872 0.3156547248
v 35.84277344 52.75018311 1093.314941
vn -0.8634041548 -0.339848727 0.3728755116
v 35.79615402 53.01184845 1093.371582
vn -0.8982163668 -0.1460912228 0.4145657122
v 35.79857254 53.27571487 1093.404663
vn -0.8970570564 0.04959020391 0.4391234815
v 35.84553909 53.52651596 1093.414551
vn -0.8630374074 0.2359572947 0.4466437101
v 35.92845535 53.75258636 1093.403931
vn -0.7971275449 0.4154634476 0.4381527603
v 36.0547905 53.97346878 1093.371582
vn -0.7035925984 0.5776789784 0.4138169587
v 36.22063065 54.17080307 1093.317017
vn -0.5793729424 0.7248059511 0.3728046119
v 36.42164612 54.33390808 1093.240967
vn -0.4299662411 0.8456501365 0.3162355423
v 36.6480217 54.45175552 1093.146851
vn -0.2613334358 0.9333382845 0.2461391985
v 36.88856888 54.51789856 1093.039185
vn -0.08316323906 0.9825310707 0.1664831042
v 37.12836838 54.53006363 1092.924805
vn 0.09472052753 0.9921299219 0.08189171553
v 37.35377121 54.49235153 1092.810913
vn 0.2624258399 0.9649489522 -0.002500708215
v 37.55468369 54.41357803 1092.703491
vn 0.4221719801 0.9022769332 -0.08756253868
v 37.74842453 54.28662109 1092.593384
vn 0.5644469261 0.8081163168 -0.1683675945
v 37.91853714 54.11474991 1092.48877
vn 0.691378355 0.67924577 -0.2462135553
v 38.05554962 53.90215302 1092.394897
vn 0.7930012941 0.5211003423 -0.3156000376
v 38.14998627 53.65903854 1092.317627
vn 0.8633680344 0.3399574459 -0.3728599846
v 38.19660568 53.39737701 1092.260986
vn 0.8982005715 0.1460389942 -0.4146183133
v 38.19418716 53.13350296 1092.227905
vn 0.8970148563 -0.04966463521 -0.4392012358
v 38.14722061 52.8827095 1092.218018
vn 0.8629814386 -0.2360288352 -0.4467140734
v 38.52086639 52.27399063 1093.445801
vn 0.6969999671 -0.5754804015 -0.4278005958
v 38.64748764 52.49479294 1093.414062
vn 0.7907126546 -0.4133402109 -0.4515787959
v 38.35507965 52.07664108 1093.500488
vn 0.5727825761 -0.722712338 -0.3867906034
v 38.15448761 51.91341782 1093.577271
vn 0.4236531556 -0.8437022567 -0.3296734095
v 37.92889786 51.79535294 1093.673096
vn 0.2555927038 -0.9315911531 -0.2584768236
v 37.68945694 51.72890854 1093.782959
vn 0.07823362201 -0.981056273 -0.1772233397
v 37.45101547 51.716362 1093.900146
vn -0.09868039936 -0.9909829497 -0.09063660353
v 37.22711563 51.75366974 1094.01709
vn -0.265271008 -0.9641655684 -0.004012916703
v 37.02775574 51.83200455 1094.127686
vn -0.4237843156 -0.9019020796 0.08354342729
v 36.83574677 51.95848846 1094.241333
vn -0.5648080111 -0.8081655502 0.1669141948
v 36.66744232 52.12984848 1094.349609
vn -0.690407455 -0.679772079 0.2474823743
v 36.53223038 52.34195328 1094.447144
vn -0.7907260656 -0.5221194625 0.3195991516
v 36.43948746 52.58460617 1094.527954
vn -0.8599097133 -0.3413947821 0.3794797361
v 36.3943634 52.84584808 1094.587524
vn -0.8937100172 -0.147958532 0.4235453308
v 36.39800262 53.10938263 1094.623169
vn -0.8917303681 0.04743939266 0.450073868
v 36.44586182 53.35992813 1094.634888
vn -0.8570762277 0.2338169217 0.4590751231
v 36.52934647 53.58584976 1094.625244
vn -0.7908019423 0.413204968 0.4515461922
v 36.65596771 53.80664444 1094.593506
vn -0.6971243024 0.5753347874 0.4277938902
v 36.82175446 54.00400162 1094.538818
vn -0.572996676 0.7225275636 0.3868187666
v 37.0223465 54.16722107 1094.462036
vn -0.4239315689 0.8435413837 0.3297271132
v 37.24793625 54.28528976 1094.366333
vn -0.2558459342 0.9315066934 0.2585307956
v 37.48737717 54.35173798 1094.256348
vn -0.07845368236 0.9810264111 0.1772912741
v 37.72581863 54.3642807 1094.13916
vn 0.09847138077 0.9909964204 0.0907163322
v 37.94971848 54.32697296 1094.022217
vn 0.2651178837 0.9642073512 0.004081748892
v 38.14907837 54.24863052 1093.911743
vn 0.4236645699 0.9019641876 -0.08348002285
v 38.34108734 54.12215805 1093.797974
vn 0.5647064447 0.8082485795 -0.1668557972
v 38.50939178 53.95078659 1093.689697
vn 0.690356195 0.6798319221 -0.2474609166
v 38.64460373 53.73868942 1093.592163
vn 0.7907244563 0.5221078992 -0.31962201
v 38.73734665 53.49604034 1093.511475
vn 0.8599097133 0.3413676023 -0.379504174
v 38.78246689 53.2347908 1093.451782
vn 0.8937091827 0.1478787512 -0.4235749245
v 38.77883148 52.97126389 1093.41626
vn 0.8916915059 -0.0476224497 -0.4501314759
v 38.73097229 52.72071457 1093.404541
vn 0.8570303321 -0.233856976 -0.45914042
v 39.10435104 52.10456085 1094.607178
vn 0.6930219531 -0.5748487711 -0.435051173
v 39.23127365 52.32527161 1094.575928
vn 0.7870348692 -0.4128547311 -0.4583961964
v 38.9384346 51.90724564 1094.661499
vn 0.5686448216 -0.7219744921 -0.3942028582
v 38.73789597 51.74401474 1094.738525
vn 0.4195027053 -0.8429009318 -0.3369502723
v 38.51255035 51.62587357 1094.834717
vn 0.2516042888 -0.9307512641 -0.26532498
v 38.27353668 51.55929947 1094.945557
vn 0.07456463575 -0.9802101254 -0.1833798885
v 38.03567123 51.54659653 1095.063843
vn -0.1018612385 -0.9901680946 -0.09587207437
v 37.81245041 51.5837059 1095.182129
vn -0.2678821683 -0.9634171128 -0.008159062825
v 37.61382675 51.66182709 1095.294189
vn -0.4257256985 -0.9012503624 0.08065606654
v 37.42266846 51.78806686 1095.409546
vn -0.5660623908 -0.8076037765 0.1653770357
v 37.25527954 51.95915985 1095.519653
vn -0.6908502579 -0.6793530583 0.2473971397
v 37.12101364 52.1709938 1095.619141
vn -0.790370822 -0.5217844248 0.3210217953
v 37.02919769 52.41337585 1095.70166
vn -0.8587070704 -0.3412157893 0.3823531568
v 36.98493195 52.67437363 1095.762939
vn -0.8917127252 -0.1479279548 0.4277449548
v 36.98930359 52.93768692 1095.800049
vn -0.8890328407 0.04719231278 0.4554047287
v 37.03775406 53.18806839 1095.812988
vn -0.8538139462 0.2334220558 0.4653126895
v 37.12166214 53.41386032 1095.804199
vn -0.787083745 0.412781626 0.4583780766
v 37.24858475 53.63457108 1095.773071
vn -0.69312644 0.5747190714 0.4350560009
v 37.41450119 53.83188629 1095.718628
vn -0.5687568188 0.7218871117 0.3942013085
v 37.61504364 53.99512482 1095.641724
vn -0.4196636081 0.8428027034 0.3369955719
v 37.84038925 54.11326218 1095.545532
vn -0.2517371178 0.9307003021 0.2653778195
v 38.07940292 54.17982483 1095.434692
vn -0.07466842979 0.9801946878 0.1834202409
v 38.31726837 54.1925354 1095.316406
vn 0.1017676145 0.9901737571 0.0959129855
v 38.5404892 54.15543747 1095.19812
vn 0.2678180933 0.9634346962 0.00818940904
v 38.73911285 54.07730484 1095.08606
vn 0.4256839156 0.9012718797 -0.08063595742
v 38.93027115 53.95107651 1094.970703
vn 0.5660210848 0.8076370358 -0.1653557122
v 39.09766006 53.77997208 1094.860596
vn 0.690844357 0.6793628335 -0.2473867685
v 39.23192215 53.56814957 1094.761108
vn 0.790358901 0.5218000412 -0.3210257292
v 39.32374191 53.3257637 1094.678589
vn 0.858727634 0.3411282003 -0.3823850751
v 39.36800766 53.06476974 1094.61731
vn 0.8917176723 0.1479237825 -0.4277361035
v 39.3636322 52.80145264 1094.5802
vn 0.8890179992 -0.0473462753 -0.4554178119
v 39.31518555 52.55107117 1094.567261
vn 0.8538116217 -0.2334064245 -0.4653247297
v 39.70082855 51.9258461 1095.785767
vn 0.6919589639 -0.5739856362 -0.4378735721
v 39.82809067 52.14645386 1095.755249
vn 0.7861645222 -0.4119837582 -0.4606676996
v 39.53462982 51.72861862 1095.8396
vn 0.5675216317 -0.7210468054 -0.397505641
v 39.33387756 51.56544113 1095.916138
vn 0.4182219505 -0.8420758247 -0.3405858576
v 39.10840988 51.44734955 1096.012207
vn 0.2503255308 -0.9299941063 -0.2691618204
v 38.86936569 51.38078308 1096.122925
vn 0.07330340892 -0.9795743227 -0.1872452199
v 38.63156509 51.36805725 1096.241333
vn -0.1030679494 -0.9896742105 -0.0996087566
v 38.40849304 51.40511703 1096.359863
vn -0.269012928 -0.9630665183 -0.01161761675
v 38.21007538 51.48317719 1096.47229
vn -0.4266933203 -0.9010625482 0.07758260518
v 38.019207 51.60933304 1096.588379
vn -0.5668269992 -0.8075956106 0.1627774537
v 37.85217667 51.78032303 1096.699097
vn -0.6914113164 -0.6795018911 0.2454131097
v 37.71833038 51.99202728 1096.799438
vn -0.7906602025 -0.5221421123 0.3197249472
v 37.62696838 52.23426819 1096.882812
vn -0.8587608337 -0.3416686058 0.3818276823
v 37.58317184 52.49512482 1096.945068
vn -0.8914924264 -0.1485310346 0.4279950261
v 37.58800507 52.75830841 1096.983032
vn -0.8885451555 0.04652731866 0.4564238489
v 37.63687134 53.00856018 1096.996826
vn -0.853102982 0.2325894684 0.4670304656
v 37.72114182 53.23424911 1096.98877
vn -0.7861579061 0.4119956791 0.4606683552
v 37.84840393 53.45486069 1096.958252
vn -0.6920519471 0.5738441348 0.4379120469
v 38.01460266 53.65208435 1096.904541
vn -0.5675629377 0.7210016847 0.3975284398
v 38.21535492 53.81526184 1096.828003
vn -0.4183198214 0.8420181274 0.3406083584
v 38.4408226 53.93336105 1096.731934
vn -0.2503722012 0.9299779534 0.2691741884
v 38.67986679 53.99991989 1096.621216
vn -0.07334062457 0.979568243 0.1872623414
v 38.91766739 54.01264954 1096.502808
vn 0.1030492559 0.9896754026 0.09961676598
v 39.14073944 53.97558594 1096.384155
vn 0.2689998746 0.963070035 0.01162423473
v 39.3391571 53.89752197 1096.271729
vn 0.4266951382 0.9010617733 -0.0775814876
v 39.53002548 53.77137756 1096.155762
vn 0.5668399334 0.8075842261 -0.1627887934
v 39.69705582 53.60038757 1096.045044
vn 0.691421628 0.679489255 -0.2454189658
v 39.8309021 53.38868332 1095.944702
vn 0.7906516194 0.5221607089 -0.3197158277
v 39.9222641 53.14644241 1095.861206
vn 0.858767271 0.3416300416 -0.3818477094
v 39.96605682 52.88557816 1095.799072
vn 0.8914900422 0.1485181749 -0.4280044734
v 39.96122742 52.62240219 1095.760986
vn 0.8885406256 -0.04658174142 -0.4564270675
v 39.91236115 52.37215042 1095.747314
vn 0.8530930281 -0.2326456159 -0.4670207202
v 40.28451157 51.74670029 1096.941528
vn 0.6914759278 -0.5749480724 -0.4373736978
v 40.41212463 51.96720886 1096.911621
vn 0.7861344814 -0.4131033123 -0.459715426
v 40.117939 51.54959106 1096.994629
vn 0.5666359663 -0.7217462659 -0.3974997401
v 39.9168129 51.38653183 1097.070312
vn 0.416960001 -0.8424968123 -0.341091603
v 39.69098282 51.26853943 1097.165649
vn 0.2486023158 -0.9301782846 -0.2701208591
v 39.45162201 51.20207977 1097.275757
vn 0.07133857906 -0.979447484 -0.1886623651
v 39.21355438 51.18943787 1097.393677
vn -0.1052124277 -0.9892656803 -0.1014090776
v 38.99027634 51.22655869 1097.511841
vn -0.2712155879 -0.9624205828 -0.0137375202
v 38.79172516 51.3046608 1097.624023
vn -0.4289457798 -0.9001905918 0.07524918765
v 38.60077667 51.43083572 1097.739868
vn -0.5690526366 -0.8065203428 0.1603247225
v 38.43373489 51.60183334 1097.850586
vn -0.6935358047 -0.6782259345 0.2429355979
v 38.29995346 51.81351089 1097.95105
vn -0.7925411463 -0.5207715034 0.3172941208
v 38.2087326 52.05571747 1098.03479
vn -0.860344708 -0.3402198851 0.3795489669
v 38.16514587 52.31650925 1098.097412
vn -0.8927150369 -0.1470593363 0.4259499609
v 38.17024231 52.57960892 1098.135864
vn -0.88935709 0.04800841212 0.4546857476
v 38.21940613 52.82976913 1098.150146
vn -0.8535043001 0.2338476181 0.4656669497
v 38.30399323 53.05536652 1098.142822
vn -0.7861615419 0.4130294919 0.4597354233
v 38.43160629 53.27585983 1098.113037
vn -0.6915555596 0.5748288035 0.4374045432
v 38.59817886 53.47297668 1098.059937
vn -0.566610992 0.721765995 0.3974994719
v 38.79930496 53.63603592 1097.984131
vn -0.4169734418 0.8424858451 0.3411023021
v 39.02513504 53.75402832 1097.888916
vn -0.24864766 0.9301618934 0.2701354921
v 39.26449585 53.82048798 1097.778809
vn -0.07133599371 0.9794483185 0.1886588484
v 39.50256348 53.83313751 1097.660889
vn 0.1052193046 0.9892654419 0.1014038324
v 39.72584152 53.79600525 1097.542725
vn 0.2712343037 0.9624154568 0.01372684725
v 39.9243927 53.71790314 1097.430542
vn 0.4289683104 0.9001786709 -0.07526303083
v 40.11534119 53.59173203 1097.314697
vn 0.5690903068 0.8064905405 -0.1603409797
v 40.28238297 53.42073441 1097.203979
vn 0.6935691237 0.6781871319 -0.2429487407
v 40.4161644 53.20904922 1097.103516
vn 0.792573452 0.5207214355 -0.3172957301
v 40.50738525 52.96685791 1097.019775
vn 0.8603585362 0.3401905 -0.3795439303
v 40.55096817 52.70605469 1096.957153
vn 0.8927111626 0.147033304 -0.4259671569
v 40.54587555 52.44295883 1096.918579
vn 0.8893526196 -0.04798566923 -0.4546969533
v 40.49671173 52.1927948 1096.904297
vn 0.853495717 -0.2338974476 -0.4656576812
v 40.89247513 51.55629349 1098.155884
vn 0.6935162544 -0.5742931962 -0.434997201
v 41.02048874 51.77666855 1098.126831
vn 0.7882719636 -0.4124472737 -0.4566339254
v 40.72541809 51.35933304 1098.208008
vn 0.5684877634 -0.7211520076 -0.3959311843
v 40.52374268 51.19644165 1098.282593
vn 0.4186436236 -0.8419295549 -0.3404293358
v 40.29732895 51.07863617 1098.376709
vn 0.24990426 -0.9297576547 -0.2703674734
v 40.05736923 51.01235962 1098.485718
vn 0.0722540617 -0.979157269 -0.1898167431
v 39.81873703 50.999897 1098.602417
vn -0.1047276929 -0.9891110063 -0.1033999845
v 39.59494781 51.03717804 1098.719604
vn -0.2712058425 -0.9623811245 -0.01643196307
v 39.39596176 51.11541748 1098.830933
vn -0.4293451309 -0.9002731442 0.07190958411
v 39.20462036 51.24171448 1098.945923
vn -0.5698165894 -0.8067433834 0.1564422101
v 39.03726196 51.41281128 1099.05603
vn -0.6946678758 -0.6785894036 0.2386481613
v 38.90325928 51.6245575 1099.156006
vn -0.7940077782 -0.5212755799 0.3127673864
v 38.81193161 51.86679459 1099.239502
vn -0.8620974422 -0.3408561051 0.3749735355
v 38.76836395 52.12758636 1099.302246
vn -0.8946873546 -0.1478050798 0.4215307534
v 38.77358627 52.39064407 1099.341064
vn -0.8914738297 0.04729284719 0.4505971372
v 38.82298279 52.64073563 1099.355835
vn -0.8556357026 0.2332959175 0.4620179534
v 38.90786743 52.86623383 1099.348999
vn -0.7882696986 0.4124565423 0.4566295147
v 39.03588486 53.08660889 1099.319946
vn -0.6935882568 0.5741931796 0.4350143373
v 39.20293808 53.28356934 1099.267944
vn -0.5684939623 0.7211438417 0.3959370553
v 39.40461349 53.44645691 1099.193237
vn -0.41855371 0.8419870138 0.3403977454
v 39.63102722 53.56426239 1099.099121
vn -0.2499175072 0.9297523499 0.270373404
v 39.87098694 53.63053894 1098.990112
vn -0.07221678644 0.9791621566 0.1898056269
v 40.10962296 53.64300537 1098.873413
vn 0.1047818512 0.9891079068 0.1033745632
v 40.33340836 53.60572052 1098.756226
vn 0.2712490857 0.9623693228 0.01640907861
v 40.53239441 53.52748489 1098.644897
vn 0.4293934405 0.9002480507 -0.07193573564
v 40.72373581 53.40118408 1098.529907
vn 0.5698680282 0.8067013025 -0.1564718932
v 40.89109421 53.23008728 1098.4198
vn 0.6947000027 0.6785498261 -0.2386672348
v 41.02509689 53.01833344 1098.319824
vn 0.7940531969 0.5211888552 -0.3127965331
v 41.11642456 52.77610779 1098.236328
vn 0.862119019 0.3407914639 -0.374982655
v 41.15999603 52.51531219 1098.173584
vn 0.8946977854 0.1477373838 -0.4215324223
v 41.1547699 52.2522583 1098.134766
vn 0.8914638758 -0.04738594592 -0.4506070912
v 41.10537338 52.00216675 1098.120117
vn 0.8556329608 -0.2333046943 -0.4620185196
v 41.47441864 51.37070847 1099.335327
vn 0.6953344941 -0.5757795572 -0.4301021099
v 41.60285568 51.59095001 1099.307129
vn 0.7905943394 -0.4140345156 -0.4511496723
v 41.3068161 51.17392349 1099.386353
vn 0.5696841478 -0.7224646211 -0.3917969167
v 41.10447693 51.01124191 1099.459717
vn 0.419280678 -0.8428859711 -0.3372639418
v 40.87731552 50.89367676 1099.552246
vn 0.2499495447 -0.930336535 -0.2683266401
v 40.63656235 50.82765579 1099.659668
vn 0.07161062956 -0.9793732166 -0.1889444292
v 40.3971405 50.81544113 1099.77478
vn -0.1059043035 -0.9889500141 -0.1037409976
v 40.17261124 50.85295868 1099.890381
vn -0.2728821635 -0.9618805051 -0.01792273298
v 39.97296524 50.93141174 1100.000366
vn -0.4314975441 -0.8994461298 0.06932937354
v 39.78098679 51.0579071 1100.114136
vn -0.5723813772 -0.8056082726 0.1528884172
v 39.61307144 51.22917938 1100.223145
vn -0.697574079 -0.6771521568 0.2342123389
v 39.47862625 51.441082 1100.322144
vn -0.7971149087 -0.519602716 0.3076050282
v 39.38698959 51.68340683 1100.405151
vn -0.8652626872 -0.3390521407 0.3692750931
v 39.34327316 51.94425201 1100.467529
vn -0.8977971673 -0.1458551288 0.415555656
v 39.34851074 52.20729828 1100.506348
vn -0.8943921924 0.04916234687 0.4445735812
v 39.39806366 52.45734024 1100.521362
vn -0.8582851887 0.235072121 0.4561662376
v 39.48322678 52.68274689 1100.515137
vn -0.7905708551 0.4140773118 0.45115152
v 39.61166382 52.90298843 1100.487061
vn -0.6953852177 0.5757212639 0.430098176
v 39.77926636 53.09977722 1100.436035
vn -0.5697263479 0.722427547 0.3918039799
v 39.98160553 53.26245499 1100.362671
vn -0.4191641808 0.8429563046 0.337233007
v 40.20876694 53.38002777 1100.27002
vn -0.2498965859 0.9303551316 0.2683114111
v 40.44952011 53.44604492 1100.16272
vn -0.07157444209 0.9793793559 0.1889262795
v 40.68894577 53.4582634 1100.047607
vn 0.1059963703 0.9889446497 0.1036977321
v 40.91347122 53.42073822 1099.931885
vn 0.2729539275 0.9618608356 0.01788537204
v 41.11311722 53.34229279 1099.822021
vn 0.4315730333 0.8994070292 -0.0693666786
v 41.30509567 53.21578979 1099.708252
vn 0.5724531412 0.8055496812 -0.1529285312
v 41.47301102 53.04451752 1099.599243
vn 0.6976078749 0.6771069169 -0.2342424691
v 41.60746002 52.83262253 1099.500122
vn 0.7971686125 0.5194967389 -0.3076448441
v 41.69909286 52.59029007 1099.417236
vn 0.8652942181 0.3389343023 -0.3693094552
v 41.7428093 52.32945251 1099.354858
vn 0.8978031278 0.145779103 -0.415569514
v 41.73757172 52.06639862 1099.31604
vn 0.8943908215 -0.04926546291 -0.4445649385
v 41.6880188 51.81636429 1099.301025
vn 0.8582897186 -0.2350778878 -0.4561547339
v 42.06147385 51.18034363 1100.549438
vn 0.6989143491 -0.5762847662 -0.4235736728
v 42.19037628 51.4004364 1100.522339
vn 0.7943766117 -0.4146815836 -0.4438523948
v 41.89322281 50.98376846 1100.599121
vn 0.5727895498 -0.7229602933 -0.3863166273
v 41.69007492 50.82135773 1100.670898
vn 0.4218003154 -0.8433009982 -0.3330585063
v 41.46197891 50.70409393 1100.761475
vn 0.2519462407 -0.9305757284 -0.2656161189
v 41.22021484 50.63840103 1100.866699
vn 0.07284333557 -0.9795048833 -0.187787354
v 40.97975922 50.62652588 1100.979736
vn -0.1054774821 -0.9889532924 -0.1041435823
v 40.75424194 50.66435623 1101.093384
vn -0.2732006907 -0.9617528915 -0.01981800608
v 40.55370331 50.74309921 1101.201416
vn -0.4325661063 -0.8991840482 0.06598954648
v 40.36084366 50.86988449 1101.313354
vn -0.5740949512 -0.8052619696 0.1482167095
v 40.19213486 51.04141617 1101.420776
vn -0.6999267936 -0.6767279506 0.2283457667
v 40.05701828 51.25352859 1101.518433
vn -0.8000791073 -0.5190380216 0.3007871807
v 39.96488953 51.49602509 1101.600342
vn -0.8686640859 -0.3384683728 0.3617483974
v 39.92087555 51.75695038 1101.662109
vn -0.9015263915 -0.1451617628 0.4076496661
v 39.92603302 52.02004242 1101.700684
vn -0.8982805014 0.04982123896 0.4365890324
v 39.97569656 52.27004242 1101.716064
vn -0.8622002006 0.2356791496 0.4484040141
v 40.06113815 52.49535751 1101.710449
vn -0.7943178415 0.4147860408 0.4438600242
v 40.19004059 52.71545029 1101.683228
vn -0.6988832355 0.5763081312 0.4235931337
v 40.35829163 52.91202545 1101.633545
vn -0.5728159547 0.722930789 0.3863326907
v 40.56143951 53.07443619 1101.56189
vn -0.4217752516 0.843316257 0.3330515921
v 40.78953552 53.19169998 1101.471191
vn -0.2518183589 0.9306253791 0.2655633092
v 41.03129959 53.25739288 1101.365967
vn -0.07276108861 0.979519248 0.1877442896
v 41.27175522 53.26927567 1101.25293
vn 0.1055732891 0.9889482856 0.1040942371
v 41.49727249 53.23143768 1101.139282
vn 0.2733007371 0.961725533 0.01976635121
v 41.69781113 53.1526947 1101.03125
vn 0.4326549768 0.899137795 -0.06603705138
v 41.89067078 53.02590942 1100.919312
vn 0.5741944909 0.8051815629 -0.1482679397
v 42.05937958 52.85437775 1100.81189
vn 0.7000074983 0.6766289473 -0.2283916324
v 42.19449615 52.64227295 1100.714233
vn 0.800134182 0.5189313889 -0.3008247614
v 42.28662491 52.39977646 1100.632446
vn 0.8687174916 0.3382976055 -0.3617798984
v 42.33063507 52.13884354 1100.570557
vn 0.9015362859 0.1451567262 -0.4076296091
v 42.32548141 51.87575912 1100.531982
vn 0.8982714415 -0.05000064149 -0.4365870953
v 42.27581406 51.62575912 1100.516724
vn 0.8621758223 -0.2357951552 -0.4483899474
v 42.63072205 50.99272919 1101.757935
vn 0.7028988004 -0.5777615905 -0.4148793221
v 42.76012802 51.21265411 1101.731812
vn 0.7987085581 -0.4163981676 -0.4343698621
v 42.46175003 50.79639053 1101.80603
vn 0.5762423873 -0.7242036462 -0.3787794113
v 42.25766754 50.63428497 1101.875732
vn 0.4244539142 -0.8443441987 -0.3269888461
v 42.02848053 50.51737976 1101.964111
vn 0.2537469566 -0.9313126802 -0.2612837851
v 41.78551102 50.45208359 1102.066772
vn 0.07381228358 -0.9798916578 -0.1853754818
v 41.54381943 50.44060898 1102.177124
vn -0.105442442 -0.989004612 -0.1036905348
v 41.31710434 50.47884369 1102.288208
vn -0.2740644813 -0.9614761472 -0.0212655738
v 41.11546707 50.55794907 1102.394043
vn -0.4342906475 -0.8985900879 0.06266962737
v 40.9215126 50.68509293 1102.50354
vn -0.5766339898 -0.8043579459 0.1431833953
v 40.75180054 50.85695648 1102.608887
vn -0.7031693459 -0.6755750179 0.2217008471
v 40.61582565 51.06934738 1102.704712
vn -0.803948462 -0.517634511 0.2927821875
v 40.52304077 51.31206131 1102.785156
vn -0.8730081916 -0.3368496299 0.3526881933
v 40.47860336 51.57312775 1102.846069
vn -0.9061383009 -0.1434813738 0.3979026079
v 40.48358536 51.83626938 1102.884277
vn -0.9029883742 0.05158356205 0.4265572727
v 40.53332138 52.08625031 1102.89978
vn -0.8668251038 0.2373832315 0.4384786189
v 40.61903763 52.31147766 1102.894775
vn -0.7986972928 0.4164043367 0.4343846738
v 40.74843979 52.53140259 1102.86853
vn -0.7028327584 0.5778375864 0.4148853123
v 40.91741562 52.72774124 1102.820435
vn -0.5762094855 0.724229157 0.378780663
v 41.12149429 52.88985062 1102.750732
vn -0.4244609773 0.8443378806 0.3269960284
v 41.35068512 53.00675583 1102.662476
vn -0.2536652982 0.931342423 0.2612568736
v 41.59365463 53.07204819 1102.559814
vn -0.07366432995 0.9799140692 0.1853159368
v 41.83534622 53.0835228 1102.449341
vn 0.1055798009 0.9889968038 0.1036256403
v 42.0620575 53.04528809 1102.338257
vn 0.274181664 0.9614440799 0.02120658755
v 42.26369476 52.96618271 1102.232544
vn 0.4344084561 0.8985288739 -0.06273112446
v 42.45764923 52.83903885 1102.122925
vn 0.5767513514 0.8042631745 -0.1432432383
v 42.6273613 52.66717529 1102.0177
vn 0.7032812834 0.6754415035 -0.2217525244
v 42.76333618 52.45478439 1101.921875
vn 0.8040120602 0.5175204873 -0.292809099
v 42.85612488 52.21207809 1101.841309
vn 0.8730540276 0.3366965353 -0.3527210355
v 42.90056229 51.95100403 1101.780518
vn 0.906149745 0.1434186101 -0.3978991508
v 42.89558029 51.6878624 1101.742188
vn 0.902982533 -0.0517022945 -0.4265553057
v 42.84584045 51.43788528 1101.726807
vn 0.8667925 -0.2375125438 -0.4384729266
v 43.18622971 50.80657959 1102.976074
vn 0.7077760696 -0.5794644356 -0.4040717483
v 43.316185 51.02632141 1102.95105
vn 0.8040338159 -0.4182169437 -0.4226396382
v 43.01643753 50.61051941 1103.022339
vn 0.5805680156 -0.7256214023 -0.3693431318
v 42.81129074 50.44876862 1103.089722
vn 0.4279761314 -0.8455056548 -0.3193064928
v 42.58082962 50.33229065 1103.175293
vn 0.2562929392 -0.9321672916 -0.2556914687
v 42.33645248 50.2674675 1103.274902
vn 0.07531384379 -0.98039186 -0.1820978522
v 42.09329987 50.25647736 1103.38208
vn -0.1050009578 -0.9891441464 -0.1028039083
v 41.86516571 50.2951889 1103.48999
vn -0.2746917605 -0.9612643123 -0.02270142175
v 41.66221237 50.3747406 1103.592896
vn -0.4359612763 -0.8980338573 0.05893228948
v 41.46693802 50.50232697 1103.699585
vn -0.5792878866 -0.8034740686 0.1373135597
v 41.29600525 50.67459488 1103.802124
vn -0.7067565918 -0.674367249 0.2138315737
v 41.15897369 50.88734818 1103.89563
vn -0.8082859516 -0.516220212 0.2831792533
v 41.06535721 51.13033295 1103.974365
vn -0.8779751658 -0.3352211118 0.3417402208
v 41.02037048 51.39159012 1104.034058
vn -0.9115265608 -0.1416819096 0.3860642016
v 41.02509689 51.65481567 1104.071655
vn -0.9085655808 0.05343765765 0.4143103063
v 41.07486725 51.90478134 1104.08728
vn -0.8723754287 0.2392673641 0.4262772202
v 41.16086197 52.12992096 1104.082764
vn -0.8040421009 0.418187052 0.4226533473
v 41.29081726 52.34965515 1104.057861
vn -0.7077723145 0.5794577599 0.4040879309
v 41.46060562 52.54572678 1104.011597
vn -0.5805285573 0.7256505489 0.3693479598
v 41.66575623 52.70746994 1103.944214
vn -0.4279267192 0.8455356956 0.3192931712
v 41.89621353 52.82395172 1103.858643
vn -0.2562017739 0.9322017431 0.255657196
v 42.14059448 52.88877487 1103.759033
vn -0.07516301423 0.9804156423 0.1820320487
v 42.3837471 52.89975739 1103.651855
vn 0.1051757559 0.989133954 0.1027235612
v 42.61188126 52.86104584 1103.543945
vn 0.2748372555 0.9612243772 0.02263163216
v 42.81483459 52.78150177 1103.44104
vn 0.4361098409 0.897957027 -0.05900331214
v 43.01010513 52.65391541 1103.334351
vn 0.5794341564 0.8033559322 -0.13738738
v 43.1810379 52.48163986 1103.231812
vn 0.7068599463 0.6742431521 -0.2138812542
v 43.31807327 52.26889801 1103.138184
vn 0.8083874583 0.5160344839 -0.2832280993
v 43.41168594 52.02590942 1103.05957
vn 0.8780385256 0.3350323737 -0.3417626619
v 43.45667648 51.76464462 1102.999878
vn 0.9115436077 0.1415919513 -0.3860569894
v 43.45194626 51.5014267 1102.962158
vn 0.908564508 -0.05354360864 -0.4142989516
v 43.40217972 51.25145721 1102.946655
vn 0.8723524213 -0.2393702567 -0.4262664914
v 43.72476578 50.62292099 1104.2052
vn 0.7136028409 -0.5814634562 -0.3907316625
v 43.85532379 50.84246063 1104.181641
vn 0.8103481531 -0.4203352034 -0.4082330167
v 43.55405426 50.42717361 1104.24939
vn 0.5857015848 -0.7273752093 -0.3576016128
v 43.34768677 50.26583862 1104.313965
vn 0.4322194159 -0.8469299078 -0.3096709847
v 43.11576843 50.14985275 1104.39624
vn 0.2594173253 -0.9332306981 -0.2485621721
v 42.86975861 50.08558655 1104.492065
vn 0.07724787295 -0.9810378551 -0.1777569056
v 42.62490845 50.07518768 1104.595337
vn -0.1043572649 -0.9893622398 -0.1013507023
v 42.39511108 50.11446762 1104.699463
vn -0.2752708793 -0.9610648751 -0.02408855595
v 42.19061661 50.19453812 1104.798828
vn -0.4377809763 -0.8974144459 0.05472781509
v 41.99378967 50.32265854 1104.901978
vn -0.5822363496 -0.8024818897 0.1304746717
v 41.82140732 50.49541855 1105.001343
vn -0.7107985616 -0.673007369 0.2045151144
v 41.68310928 50.70859909 1105.091919
vn -0.8133009076 -0.5144985914 0.2717219889
v 41.58849335 50.951931 1105.168335
vn -0.8837186098 -0.3332847953 0.3285766542
v 41.54281998 51.21342087 1105.22644
vn -0.9177814126 -0.1395758837 0.3717470169
v 41.54721069 51.47675705 1105.263306
vn -0.915071249 0.05568098649 0.3994298577
v 41.59698105 51.72672272 1105.278931
vn -0.878896296 0.2414210737 0.4114088118
v 41.68326187 51.95176315 1105.275146
vn -0.8103366494 0.4203138649 0.4082777798
v 41.8138237 52.1713028 1105.251587
vn -0.7135773897 0.5814888477 0.3907403648
v 41.98453522 52.36704636 1105.207275
vn -0.5856223702 0.7274393439 0.357600987
v 42.1908989 52.52838135 1105.1427
vn -0.432162106 0.846960485 0.3096672595
v 42.42281723 52.64435959 1105.060547
vn -0.2593179345 0.9332683086 0.2485247105
v 42.66882706 52.70862961 1104.964722
vn -0.077076599 0.9810642004 0.1776857525
v 42.91368103 52.7190361 1104.86145
vn 0.1045581698 0.9893506765 0.1012560129
v 43.14347458 52.67975616 1104.757202
vn 0.2754568458 0.9610137343 0.0240033213
v 43.34796906 52.59968567 1104.657837
vn 0.4379583001 0.897323072 -0.05480773747
v 43.5447998 52.47156525 1104.554688
vn 0.5824312568 0.802325666 -0.1305655837
v 43.71717834 52.29880142 1104.455444
vn 0.7109541893 0.6728203297 -0.2045897096
v 43.85547638 52.08562469 1104.364746
vn 0.8134072423 0.5143075585 -0.2717652917
v 43.95009232 51.84229279 1104.288452
vn 0.8838094473 0.3330086768 -0.3286123276
v 43.9957695 51.58080292 1104.230347
vn 0.9178082943 0.1394523084 -0.371727109
v 43.99137497 51.31746674 1104.193359
vn 0.9150814414 -0.05578952283 -0.3993913829
v 43.94160843 51.06749344 1104.177856
vn 0.8788703084 -0.2416127622 -0.4113517404
v 44.24274445 50.44277954 1105.447632
vn 0.7201981544 -0.5844094157 -0.3738720119
v 44.37397766 50.66208267 1105.425781
vn 0.8175682425 -0.4234974384 -0.3901692629
v 44.07099533 50.24739456 1105.48938
vn 0.5913642645 -0.7299967408 -0.3426267207
v 43.8632431 50.08654404 1105.550659
vn 0.4367813766 -0.8490453362 -0.2972273231
v 43.62965012 49.97114944 1105.628784
vn 0.262647897 -0.9347779155 -0.2391783893
v 43.38176346 49.90753555 1105.720215
vn 0.07899273932 -0.9819629192 -0.171781674
v 43.13495255 49.89780807 1105.818726
vn -0.1040605679 -0.9896348715 -0.09896595031
v 42.90322876 49.93775558 1105.918335
vn -0.2763939798 -0.9607127309 -0.02524765953
v 42.69694138 50.01845169 1106.013306
vn -0.440323323 -0.8964438438 0.05003780872
v 42.49829865 50.14719772 1106.112183
vn -0.5861108303 -0.8009192348 0.1224847659
v 42.32422256 50.32055664 1106.207397
vn -0.7158947587 -0.6708925366 0.1933854669
v 42.18443298 50.53424835 1106.294434
vn -0.8194454312 -0.5118792653 0.2578542233
v 42.08862305 50.77800369 1106.36792
vn -0.8906491995 -0.3302965164 0.3124870956
v 42.04212189 51.03977203 1106.424072
vn -0.9252097607 -0.1363891661 0.3540973663
v 42.04608917 51.30326462 1106.459961
vn -0.9227068424 0.05904066935 0.380954504
v 42.0958252 51.55324173 1106.475342
vn -0.8864361644 0.2448048145 0.3928123415
v 42.18241119 51.77817917 1106.47229
vn -0.817576766 0.4234300852 0.3902244866
v 42.31364441 51.99747849 1106.450439
vn -0.7201858163 0.5844004154 0.3739098012
v 42.48539352 52.19286728 1106.408691
vn -0.5912955403 0.7300505638 0.3426306546
v 42.69314575 52.3537178 1106.347412
vn -0.4366821349 0.849104166 0.2972050011
v 42.92673492 52.46912003 1106.269287
vn -0.2624992132 0.9348341227 0.2391219288
v 43.17462158 52.53273392 1106.177856
vn -0.07878430933 0.9819948673 0.1716946661
v 43.42143631 52.54244995 1106.079346
vn 0.1042979583 0.9896193743 0.09887066483
v 43.6531601 52.50250244 1105.979736
vn 0.2766207457 0.9606500268 0.0251503624
v 43.85944748 52.42180634 1105.884766
vn 0.4405476153 0.89632833 -0.0501325801
v 44.05809021 52.29305649 1105.785889
vn 0.5863363147 0.8007397056 -0.1225791946
v 44.23216629 52.11970139 1105.690674
vn 0.7160998583 0.6706498861 -0.193467766
v 44.37195587 51.90600204 1105.603638
vn 0.8195890188 0.5116307139 -0.2578911185
v 44.46776199 51.66226578 1105.530151
vn 0.8907539845 0.3300062418 -0.3124950826
v 44.51426315 51.40048218 1105.473999
vn 0.9252493382 0.1361646056 -0.3540802598
v 44.51029587 51.13699722 1105.43811
vn 0.922709465 -0.05918401107 -0.3809258938
v 44.46056366 50.8870163 1105.422729
vn 0.8864177465 -0.2449411303 -0.3927689195
v 44.75568771 50.26018143 1106.758911
vn 0.7290942669 -0.5855251551 -0.3543753326
v 44.88769913 50.4792099 1106.739014
vn 0.8266714215 -0.4247069657 -0.3691048622
v 44.5827179 50.06523132 1106.797607
vn 0.5997005701 -0.7310336828 -0.3254979849
v 44.37332535 49.90496445 1106.854614
vn 0.44423154 -0.8499740362 -0.2832005024
v 44.1377449 49.79027176 1106.927734
vn 0.2689085901 -0.9355813265 -0.2288575172
v 43.88761902 49.72745895 1107.013306
vn 0.08371014148 -0.9826442003 -0.1655384451
v 43.63845825 49.71857071 1107.105957
vn -0.1010420695 -0.9901468158 -0.09695269912
v 43.40442276 49.75933838 1107.199585
vn -0.2751387954 -0.9610152245 -0.02735711262
v 43.19597626 49.84080887 1107.289062
vn -0.4408156872 -0.8965284824 0.04379783198
v 42.99514389 49.97034073 1107.382324
vn -0.5882291198 -0.8008494973 0.1123680398
v 42.8190155 50.14442062 1107.47229
vn -0.7196967006 -0.6706485152 0.1796306819
v 42.67741776 50.35876083 1107.554688
vn -0.8248254061 -0.5114759207 0.2409469783
v 42.58015442 50.60301971 1107.62439
vn -0.897439003 -0.3296808004 0.2931106687
v 42.53263092 50.86516953 1107.677979
vn -0.9330939054 -0.1356882453 0.333053261
v 42.53606033 51.12884521 1107.712524
vn -0.931368649 0.05991687626 0.3591133058
v 42.58572006 51.37885284 1107.727783
vn -0.8954752684 0.2459544688 0.370985806
v 42.67264557 51.60366821 1107.725586
vn -0.8266931772 0.4246259332 0.3691493273
v 42.80465698 51.82268524 1107.705688
vn -0.7290949821 0.5855047703 0.3544074595
v 42.9776268 52.01764679 1107.666992
vn -0.5996476412 0.7310708165 0.3255121708
v 43.18701935 52.17791367 1107.609985
vn -0.4441229999 0.8500371575 0.2831812203
v 43.42259979 52.29259872 1107.536865
vn -0.2686943114 0.9356595874 0.2287892997
v 43.67272568 52.35541916 1107.451294
vn -0.0834556371 0.9826825261 0.1654396206
v 43.92188644 52.36429977 1107.358643
vn 0.1013242379 0.9901291132 0.09683873504
v 44.15592194 52.32352829 1107.265015
vn 0.2754163742 0.9609388709 0.02724641189
v 44.36436844 52.24206924 1107.175537
vn 0.4410900176 0.8963882327 -0.04390621185
v 44.56520081 52.11253738 1107.082275
vn 0.5885170698 0.8006233573 -0.1124719009
v 44.74132538 51.93844604 1106.99231
vn 0.7199468613 0.670358777 -0.1797099262
v 44.88292694 51.72410583 1106.909912
vn 0.8250066638 0.5111584663 -0.2410001308
v 44.98019028 51.47984695 1106.84021
vn 0.8975555301 0.3293486238 -0.2931271791
v 45.02770996 51.21770477 1106.786621
vn 0.9331484437 0.1354017258 -0.3330170512
v 45.02428436 50.95402527 1106.752075
vn 0.9313694239 -0.06016817689 -0.3590693772
v 44.97462082 50.70402527 1106.736816
vn 0.8954632282 -0.2460749298 -0.3709349334
v 45.19715118 50.0985527 1107.981079
vn 0.7372155786 -0.5906127095 -0.3281612992
v 45.32995605 50.31728745 1107.963379
vn 0.8357940912 -0.4301501513 -0.3412023783
v 45.02292252 49.90406418 1108.016235
vn 0.6064448953 -0.7355356812 -0.3020130098
v 44.8118248 49.74441528 1108.068604
vn 0.4493688941 -0.8536244631 -0.2634252906
v 44.57417297 49.63048935 1108.135986
vn 0.2722118199 -0.9382216334 -0.2136373222
v 44.32170868 49.56852722 1108.215088
vn 0.08513513207 -0.9841638803 -0.155478254
v 44.07009125 49.56053543 1108.300903
vn -0.1015496701 -0.9905363917 -0.09233295172
v 43.83363342 49.60219955 1108.387817
vn -0.2774169147 -0.9603369236 -0.02815842442
v 43.62292099 49.6844902 1108.471069
vn -0.4448970258 -0.894792974 0.03757837787
v 43.41978455 49.81486511 1108.557861
vn -0.5940295458 -0.7980678082 0.1010778323
v 43.24149323 49.98974228 1108.641846
vn -0.7269785404 -0.6669216156 0.1634557843
v 43.09797668 50.20478439 1108.718994
vn -0.8333042264 -0.5069613457 0.2204409689
v 42.99917221 50.44961166 1108.784546
vn -0.9068251848 -0.3244517148 0.2690708935
v 42.95055389 50.71214676 1108.834961
vn -0.9429527521 -0.1300465912 0.3064767718
v 42.95339203 50.97604752 1108.86792
vn -0.9413156509 0.06560068578 0.3310912848
v 43.00295639 51.22608948 1108.882935
vn -0.905175209 0.2515565753 0.3426035047
v 43.09021378 51.45077896 1108.881592
vn -0.835763216 0.43007496 0.3413727283
v 43.22301865 51.66950989 1108.863892
vn -0.7372007966 0.5905519724 0.3283036947
v 43.39724731 51.86400604 1108.828735
vn -0.6064027548 0.7355369329 0.3020946383
v 43.60834122 52.02364731 1108.776367
vn -0.4492636323 0.8536709547 0.2634542286
v 43.84599686 52.13758087 1108.709106
vn -0.2719612718 0.9383064508 0.2135837972
v 44.09846115 52.199543 1108.629883
vn -0.08479440212 0.9842107296 0.1553676128
v 44.35007858 52.20752335 1108.544067
vn 0.1018935367 0.9905129671 0.09220473468
v 44.58653641 52.16587067 1108.457153
vn 0.277772069 0.9602380395 0.02802732587
v 44.79724884 52.08358002 1108.373901
vn 0.4452575147 0.8946086764 -0.03769698739
v 45.00038528 51.95320129 1108.287109
vn 0.5944005847 0.7977790236 -0.1011761203
v 45.17867279 51.77832794 1108.203125
vn 0.727329433 0.6665263176 -0.1635071188
v 45.32218933 51.56328583 1108.125977
vn 0.8335844874 0.5065056682 -0.2204287946
v 45.42099762 51.31845474 1108.060425
vn 0.9070003629 0.3240149021 -0.2690067589
v 45.46961212 51.05591202 1108.01001
vn 0.9430515766 0.1296254992 -0.3063509464
v 45.4667778 50.79202271 1107.977051
vn 0.9413447976 -0.0660078302 -0.330927372
v 45.41720963 50.54197693 1107.962158
vn 0.9051729441 -0.2518033087 -0.3424281478
v 45.61941147 49.93813705 1109.280273
vn 0.7478187084 -0.5938676 -0.2967970371
v 45.75315094 50.1565094 1109.265503
vn 0.8469254971 -0.4336730838 -0.3076440692
v 45.44369507 49.74420166 1109.310791
vn 0.6160710454 -0.7384551167 -0.2741176486
v 45.23057175 49.58533478 1109.356934
vn 0.457598418 -0.8561069369 -0.2401761115
v 44.99044418 49.47234344 1109.416626
vn 0.2787072361 -0.9401578903 -0.1960239708
v 44.73518372 49.41144943 1109.487061
vn 0.08964146674 -0.9854838252 -0.1441734582
v 44.48062134 49.40458298 1109.563721
vn -0.09920375049 -0.9912004471 -0.0876371339
v 44.2412529 49.44734955 1109.641724
vn -0.2772500515 -0.9603300691 -0.02997677587
v 44.02782059 49.5306778 1109.716553
vn -0.4468873739 -0.8941130638 0.02921470068
v 43.82191086 49.66210938 1109.7948
vn -0.598069787 -0.7967556715 0.0865618214
v 43.64101028 49.83797455 1109.870605
vn -0.7330176234 -0.6649921536 0.1430755109
v 43.49518204 50.05390167 1109.940552
vn -0.8411175013 -0.5045068264 0.194920972
v 43.39450073 50.29944229 1110.000366
vn -0.9161132574 -0.32159549 0.2394008934
v 43.34455109 50.56248856 1110.046631
vn -0.9533711672 -0.1267421246 0.2738976181
v 43.3466568 50.8266716 1110.077271
vn -0.9523935318 0.06909103692 0.2969394028
v 43.39608383 51.07676315 1110.091919
vn -0.9164913893 0.2550610006 0.3082002699
v 43.48371506 51.30131149 1110.091797
vn -0.846891284 0.4335966408 0.3078459501
v 43.61745453 51.51969147 1110.076904
vn -0.7477524877 0.593871057 0.2969569564
v 43.79317474 51.71360779 1110.046387
vn -0.6159892082 0.7384852171 0.2742204964
v 44.00629807 51.87248611 1110.000366
vn -0.4574071467 0.8562026024 0.2401996106
v 44.24642181 51.98547745 1109.940674
vn -0.2783913612 0.9402629733 0.1959687471
v 44.50168228 52.04637146 1109.870117
vn -0.08919070661 0.9855439067 0.1440422684
v 44.75624466 52.05323792 1109.793457
vn 0.09964036196 0.9911695123 0.08749192953
v 44.9956131 52.01047134 1109.715576
vn 0.2776891291 0.9602076411 0.02983383648
v 45.20904541 51.92713928 1109.640747
vn 0.4473389685 0.8938830495 -0.02934183739
v 45.41495514 51.79571152 1109.5625
vn 0.5985027552 0.7964208126 -0.08665084094
v 45.59585571 51.61984253 1109.486572
vn 0.7334175706 0.664542079 -0.1431170106
v 45.74168396 51.40391541 1109.416626
vn 0.8414443135 0.5039743781 -0.194887951
v 45.84236526 51.1583786 1109.356934
vn 0.9163312316 0.321061641 -0.239283219
v 45.89231491 50.89532089 1109.310547
vn 0.9534802437 0.1263214201 -0.2737120986
v 45.8902092 50.63115692 1109.279907
vn 0.9524353147 -0.06946944445 -0.2967169881
v 45.84078598 50.38105774 1109.265381
vn 0.9164725542 -0.2554031312 -0.3079728484
v 45.99156189 49.78911972 1110.60376
vn 0.7586465478 -0.5981744528 -0.2581526339
v 46.12627792 50.00710297 1110.592407
vn 0.8584343195 -0.4383095801 -0.2664117515
v 45.81426239 49.5958252 1110.628662
vn 0.6257794499 -0.7422818542 -0.2396199703
v 45.59899139 49.43782043 1110.667114
vn 0.4657412767 -0.8593327999 -0.2112633586
v 45.35623932 49.32587433 1110.717407
vn 0.2849407196 -0.9426330328 -0.1739304215
v 45.09799576 49.26617432 1110.777344
vn 0.09372351319 -0.9871065021 -0.1297561228
v 44.8402977 49.26056671 1110.842773
vn -0.09736151993 -0.9919216037 -0.08131559193
v 44.59782791 49.30457687 1110.909668
vn -0.2776801586 -0.9601515532 -0.03166641667
v 44.38148499 49.3890686 1110.974121
vn -0.4495754242 -0.8930300474 0.01947402023
v 44.17261124 49.52168655 1111.04187
vn -0.6028748751 -0.7948263288 0.06923148781
v 43.98892212 49.69867706 1111.107788
vn -0.7398707867 -0.6622327566 0.1184863448
v 43.8406105 49.91559601 1111.168945
vn -0.8497878313 -0.500988245 0.1639250666
v 43.73791504 50.16194153 1111.221436
vn -0.9262394905 -0.3174818456 0.2031887919
v 43.68652725 50.42556381 1111.262695
vn -0.9645248055 -0.1222369373 0.2339872569
v 43.68783951 50.69006348 1111.290527
vn -0.9641205072 0.07392159849 0.2549651265
v 43.73709869 50.94021606 1111.304443
vn -0.9283319712 0.2599233687 0.2657810748
v 43.82512283 51.16461182 1111.305786
vn -0.8584368825 0.4382690191 0.2664703131
v 43.95983887 51.38259888 1111.294434
vn -0.7585388422 0.5983051658 0.2581661046
v 44.13713455 51.57588959 1111.269531
vn -0.6255860329 0.7424584031 0.2395780981
v 44.35240936 51.73390198 1111.231079
vn -0.4654134214 0.859533906 0.2111678123
v 44.59516144 51.84584045 1111.180664
vn -0.2845068574 0.9427880645 0.1738002151
v 44.85340118 51.90554047 1111.12085
vn -0.09318840504 0.9871784449 0.1295942515
v 45.11109924 51.9111557 1111.055298
vn 0.09792480618 0.9918798804 0.08114793897
v 45.35357285 51.86713791 1110.988403
vn 0.278185159 0.9600098729 0.03152803704
v 45.56991196 51.78264618 1110.92395
vn 0.4500651062 0.8927808404 -0.01959076896
v 45.77878571 51.65003204 1110.856323
vn 0.6033409238 0.7944648266 -0.06932052225
v 45.96247864 51.47303772 1110.790283
vn 0.7402530909 0.6617976427 -0.118529588
v 46.11079025 51.25612259 1110.729248
vn 0.8500666022 0.5005148053 -0.1639258116
v 46.21348572 51.00977325 1110.676636
vn 0.9264000058 0.3170410097 -0.2031453103
v 46.2648735 50.74615097 1110.635498
vn 0.9645883441 0.1218743846 -0.2339145392
v 46.26356125 50.48165894 1110.607666
vn 0.9641302228 -0.07410439849 -0.2548754215
v 46.21430206 50.23149872 1110.593628
vn 0.9283144474 -0.260066241 -0.2657026052
v 46.30281067 49.65459824 1111.948242
vn 0.7687158585 -0.6025127172 -0.2146027088
v 46.43841171 49.87221146 1111.940674
vn 0.8691334724 -0.4429472089 -0.2200108916
v 46.12409592 49.46192169 1111.966919
vn 0.634819746 -0.7461413741 -0.2006912231
v 45.90687943 49.30474472 1111.996948
vn 0.473313868 -0.8626018763 -0.1785833091
v 45.66175079 49.19383621 1112.037109
vn 0.2907575965 -0.9451396465 -0.1488995999
v 45.40081787 49.13529587 1112.085449
vn 0.09754680842 -0.9887558222 -0.1133424267
v 45.14028168 49.13090897 1112.138672
vn -0.09561509639 -0.9926648736 -0.07398746908
v 44.89500046 49.1761322 1112.193359
vn -0.2780259252 -0.9599946141 -0.03334578872
v 44.67602539 49.26176834 1112.246582
vn -0.4520074427 -0.8919712305 0.00875175558
v 44.46446609 49.39554596 1112.302612
vn -0.6072764993 -0.7929168344 0.04998099059
v 44.27824402 49.57362747 1112.357666
vn -0.7461592555 -0.6595091224 0.09107189626
v 44.12767792 49.79152298 1112.409058
vn -0.8577504754 -0.4975384474 0.1293045431
v 44.02315521 50.03865433 1112.453735
vn -0.9355769157 -0.3134148717 0.1626866609
v 43.97045898 50.30284882 1112.489258
vn -0.9748374224 -0.117742233 0.1892848015
v 43.97104263 50.56765366 1112.513916
vn -0.9749807119 0.07863903791 0.2079145759
v 44.02014542 50.81787872 1112.527222
vn -0.9393129945 0.2647342086 0.2181899846
v 44.10851288 51.0421257 1112.530029
vn -0.8691234589 0.4429525137 0.220039621
v 44.24411011 51.25973129 1112.522461
vn -0.768574059 0.6026958823 0.2145963758
v 44.42282867 51.45240784 1112.503662
vn -0.6345559955 0.7463822961 0.200629577
v 44.64004517 51.60958481 1112.473633
vn -0.4729364514 0.862832427 0.1784693897
v 44.88516998 51.72049713 1112.433472
vn -0.2902639508 0.9453144073 0.148753196
v 45.14610291 51.77903748 1112.385254
vn -0.09698495269 0.9888293743 0.1131831333
v 45.4066391 51.78341293 1112.332031
vn 0.09622702003 0.9926173091 0.07383271307
v 45.65192032 51.73819733 1112.277222
vn 0.2785667777 0.9598419666 0.03322517872
v 45.87089539 51.65256119 1112.224121
vn 0.4525151253 0.891712904 -0.00884074159
v 46.08245468 51.5187912 1112.167969
vn 0.6077544689 0.7925468683 -0.05003939196
v 46.26868057 51.34070206 1112.113037
vn 0.7465507984 0.65906322 -0.09109099209
v 46.41924286 51.12281418 1112.061646
vn 0.8580211997 0.4970782101 -0.1292783022
v 46.52376938 50.8756752 1112.016968
vn 0.9357156157 0.3130354881 -0.1626193374
v 46.57646561 50.61148071 1111.981323
vn 0.9748875499 0.1174525321 -0.18920663
v 46.57588196 50.34667587 1111.956665
vn 0.9749825001 -0.07880675793 -0.2078428864
v 46.52677917 50.09645081 1111.943359
vn 0.9393082261 -0.2647944093 -0.218137458
v 46.54790878 49.53623199 1113.309937
vn 0.7769387364 -0.6065019965 -0.1688831598
v 46.68421936 49.75349426 1113.306274
vn 0.8778982759 -0.447145164 -0.1713352948
v 46.36804199 49.34410477 1113.322266
vn 0.6422170997 -0.7496859431 -0.1597753614
v 46.14925385 49.18769455 1113.343506
vn 0.479568541 -0.8655771017 -0.1441882104
v 45.90219879 49.07771683 1113.372925
vn 0.2955670059 -0.9474353194 -0.1225009337
v 45.63907623 49.02022934 1113.408936
vn 0.1007433608 -0.9902737141 -0.0959623903
v 45.37623215 49.01696777 1113.449341
vn -0.09416906536 -0.9933578372 -0.0661239177
v 45.12866592 49.06329727 1113.491333
vn -0.2782725096 -0.9598667622 -0.03493196145
v 44.907547 49.14996719 1113.532593
vn -0.4539707303 -0.8910136223 -0.002313836478
v 44.69380188 49.2848053 1113.576416
vn -0.6108583808 -0.7911725044 0.02996803634
v 44.50551605 49.46388245 1113.619995
vn -0.7512795925 -0.6570193172 0.06248649582
v 44.35311508 49.68266296 1113.661133
vn -0.8642524481 -0.4943615496 0.09313604236
v 44.24709702 49.9305191 1113.697388
vn -0.943185389 -0.3097137809 0.1203275323
v 44.19332886 50.19523239 1113.727051
vn -0.9832465053 -0.1136667356 0.14249973
v 44.1933136 50.46032715 1113.748413
vn -0.9838480353 0.08295027167 0.1586262137
v 44.24228287 50.71062088 1113.760986
vn -0.9482936859 0.2690940499 0.168307811
v 44.33092499 50.93473053 1113.765259
vn -0.8778519034 0.4472269714 0.1713594198
v 44.46723557 51.1519928 1113.761597
vn -0.7767919898 0.6066936255 0.168869853
v 44.64710236 51.3441124 1113.749268
vn -0.6419317722 0.7499415278 0.1597227007
v 44.8658905 51.50052643 1113.728027
vn -0.4791503549 0.8658248782 0.1440909207
v 45.11294556 51.61050415 1113.698608
vn -0.2950295806 0.9476192594 0.1223735586
v 45.37606812 51.66799164 1113.662598
vn -0.1001252383 0.9903496504 0.09582524002
v 45.6389122 51.6712532 1113.622192
vn 0.0947856307 0.9933074117 0.06600052118
v 45.88647842 51.62492371 1113.5802
vn 0.2788378 0.9597061276 0.03483636677
v 46.10759735 51.53825378 1113.53894
vn 0.4544865191 0.8907507658 0.002250407357
v 46.32134247 51.40341568 1113.495117
vn 0.6113339663 0.7908039689 -0.02999727055
v 46.5096283 51.22433853 1113.451538
vn 0.7516672015 0.6565768123 -0.06247679144
v 46.66202927 51.00555801 1113.4104
vn 0.8645026088 0.4939335287 -0.09308523685
v 46.76804733 50.75770187 1113.374023
vn 0.9433212876 0.3093307316 -0.1202476472
v 46.82181549 50.49298859 1113.344482
vn 0.9832934737 0.1133780777 -0.1424055845
v 46.82183075 50.22789383 1113.32312
vn 0.9838521481 -0.08307143301 -0.1585373431
v 46.77286148 49.9776001 1113.310547
vn 0.9483027458 -0.2691011727 -0.1682452857
v 46.72513962 49.43484879 1114.68457
vn 0.7830382586 -0.6097179055 -0.1228625849
v 46.86196136 49.65181351 1114.684937
vn 0.8843391538 -0.4505178332 -0.1223845258
v 46.54443359 49.24320602 1114.69043
vn 0.647736907 -0.7525833249 -0.1185547784
v 46.32449722 49.08744812 1114.702759
vn 0.4843077064 -0.8680195212 -0.1094902828
v 46.07603455 48.97827148 1114.721191
vn 0.2992857695 -0.9493404031 -0.09581646323
v 45.81131363 48.92171478 1114.744873
vn 0.1032957286 -0.9915621877 -0.0783225894
v 45.54677963 48.91941452 1114.772095
vn -0.09286047518 -0.9939857721 -0.05804481357
v 45.29754257 48.96670151 1114.801147
vn -0.2782204151 -0.9598290324 -0.03635494784
v 45.07485199 49.05426788 1114.830078
vn -0.4551659822 -0.8903076053 -0.01327739377
v 44.8595047 49.1900177 1114.86145
vn -0.6132457256 -0.7898290753 0.009984578937
v 44.66970444 49.36996841 1114.893188
vn -0.7548160553 -0.6550622582 0.03385581076
v 44.51595688 49.58952332 1114.92395
vn -0.8688098192 -0.4918723404 0.05684323981
v 44.40884018 49.8380127 1114.95166
vn -0.9486071467 -0.3067526817 0.077764377
v 44.35428238 50.10317612 1114.975098
vn -0.9892956614 -0.1103844196 0.09544289857
v 44.3538208 50.36853027 1114.993042
vn -0.9902757406 0.08642072231 0.1090204641
v 44.40268707 50.61888123 1115.004761
vn -0.9548454881 0.2726350129 0.1180686876
v 44.49152756 50.84287262 1115.01062
vn -0.8842736483 0.4506639242 0.1223200411
v 44.6283493 51.05984116 1115.010986
vn -0.7828742266 0.6099476218 0.1227675453
v 44.80905533 51.25148392 1115.005127
vn -0.6474360228 0.7528598309 0.1184426844
v 45.0289917 51.40724182 1114.992798
vn -0.483862102 0.8682838678 0.1093646958
v 45.27745438 51.51640701 1114.974365
vn -0.2987254858 0.9495301247 0.09568478167
v 45.54217529 51.57297516 1114.950806
vn -0.1026589498 0.9916378856 0.07820142061
v 45.80670547 51.57527161 1114.923462
vn 0.09348960221 0.9939323664 0.05794976652
v 46.05594635 51.52798843 1114.894531
vn 0.2787750363 0.9596704841 0.03629141673
v 46.27863693 51.44042206 1114.865601
vn 0.4556757808 0.890047431 0.01323569845
v 46.49398422 51.3046608 1114.834106
vn 0.6137011647 0.7894749641 -0.01000766736
v 46.68378448 51.12472153 1114.802368
vn 0.7551722527 0.6546513438 -0.03385894746
v 46.83753204 50.90516663 1114.771729
vn 0.8690382838 0.4914697409 -0.05683249235
v 46.94464874 50.65667725 1114.743896
vn 0.9487095475 0.3064392805 -0.0777508989
v 46.99920654 50.39151382 1114.720459
vn 0.9893222451 0.1101469398 -0.09544202685
v 46.99966812 50.1261673 1114.702637
vn 0.9902675152 -0.08649977297 -0.1090325415
v 46.95080185 49.87580872 1114.690796
vn 0.9548625946 -0.2725609839 -0.1181013286
v 46.83325958 49.35202789 1116.048218
vn 0.7863369584 -0.6130475402 -0.07646520436
v 46.97039032 49.56876373 1116.05249
vn 0.8879727721 -0.4540497065 -0.07309739292
v 46.65205002 49.16077423 1116.047852
vn 0.6505349874 -0.755569756 -0.07693254948
v 46.43142319 49.00554276 1116.051514
vn 0.4865238965 -0.8704954982 -0.07437817752
v 46.18210983 48.89702225 1116.059326
vn 0.3008138239 -0.9512037039 -0.06872103363
v 45.9164238 48.84119415 1116.070801
vn 0.1040724069 -0.9927402139 -0.06029743701
v 45.65087128 48.83966827 1116.085327
vn -0.09283277392 -0.9944444299 -0.04962210357
v 45.40061951 48.88772583 1116.101685
vn -0.2789048851 -0.9595869184 -0.03748416528
v 45.17698288 48.97602463 1116.118774
vn -0.456561327 -0.8893681765 -0.02400123887
v 44.96066284 49.1125145 1116.138062
vn -0.6153167486 -0.7882188559 -0.009814283811
v 44.76994324 49.29315948 1116.158325
vn -0.757510066 -0.6528016329 0.005341450218
v 44.61537933 49.51333618 1116.178711
vn -0.8720122576 -0.4890506864 0.02059265971
v 44.50759506 49.76233292 1116.19812
vn -0.9521846771 -0.3034918308 0.03517232835
v 44.45255661 50.02787018 1116.215576
vn -0.9931081533 -0.1067958027 0.04827933013
v 44.45182037 50.29342651 1116.22998
vn -0.9941660762 0.09014102817 0.05923159048
v 44.5006218 50.54382706 1116.240967
vn -0.9586799741 0.2763421834 0.06758502126
v 44.58957291 50.76773453 1116.248169
vn -0.8878812194 0.4542464614 0.07298702002
v 44.72670364 50.98447037 1116.252441
vn -0.7861434817 0.6133118272 0.07633530349
v 44.90791321 51.17572784 1116.252808
vn -0.6502121091 0.7558615804 0.07679489255
v 45.12854004 51.33095551 1116.249146
vn -0.4860466123 0.8707734346 0.074245058
v 45.37785339 51.43948746 1116.241333
vn -0.3002321124 0.9513960481 0.06860236079
v 45.64353943 51.49531555 1116.229858
vn -0.1034334004 0.9928128123 0.06020145491
v 45.90909195 51.4968338 1116.215332
vn 0.09345141053 0.994389832 0.04955551401
v 46.15934372 51.44877625 1116.198975
vn 0.2794366777 0.9594335556 0.03744847327
v 46.38298416 51.36048508 1116.181885
vn 0.4570324123 0.8891264796 0.02398855984
v 46.5993042 51.22399521 1116.16272
vn 0.6157397032 0.7878885269 0.00981253013
v 46.79001999 51.04334259 1116.142456
vn 0.7578259706 0.6524348855 -0.005336895119
v 46.94458771 50.82316208 1116.121948
vn 0.8722079992 0.4887015522 -0.02059134282
v 47.05237198 50.57416916 1116.102539
vn 0.9522691369 0.3032251596 -0.03518530354
v 47.10741043 50.3086319 1116.085083
vn 0.9931221008 0.1066480353 -0.04831822589
v 47.10814285 50.04308319 1116.070679
vn 0.9941587448 -0.09017624706 -0.05930153653
v 47.05934143 49.79267502 1116.059814
vn 0.9587050676 -0.2762326598 -0.06767679751
v 46.87651825 49.28498459 1117.451538
vn 0.7881465554 -0.6146030426 -0.03298599273
v 47.01376343 49.50154495 1117.459473
vn 0.8897242546 -0.4557003975 -0.0269804094
v 46.69512558 49.09401703 1117.445068
vn 0.6523124576 -0.7570034266 -0.03787144646
v 46.47423935 48.93919754 1117.44043
vn 0.4881942272 -0.8717542887 -0.04136241227
v 46.22461319 48.83115768 1117.437866
vn 0.3023036718 -0.9522337317 -0.0431666337
v 45.95856476 48.77589417 1117.437622
vn 0.1053085178 -0.993500948 -0.04319766909
v 45.69263077 48.77495956 1117.439697
vn -0.09190863371 -0.9949027896 -0.04148830101
v 45.44200134 48.82360458 1117.443726
vn -0.2783344388 -0.9597209692 -0.03828263283
v 45.21800995 48.9124527 1117.449219
vn -0.4563219249 -0.8891735673 -0.03377346694
v 45.0013237 49.04951096 1117.456543
vn -0.6153920293 -0.7877203822 -0.02809420042
v 44.81026459 49.23069763 1117.465576
vn -0.7579274774 -0.6519970298 -0.02111369558
v 44.65538788 49.45135498 1117.475952
vn -0.8727586269 -0.4879753888 -0.01313145552
v 44.54735184 49.70074081 1117.487183
vn -0.9532388449 -0.3021841645 -0.004524952732
v 44.49213028 49.96656036 1117.498657
vn -0.9944320321 -0.1052940041 0.004259919282
v 44.49129486 50.23228073 1117.509766
vn -0.9956978559 0.09178356826 0.01270881295
v 44.54006577 50.48272324 1117.519775
vn -0.9603509307 0.2780492604 0.02036287822
v 44.62906265 50.70656967 1117.52832
vn -0.8896054626 0.4559411407 0.02682913467
v 44.76630402 50.92312622 1117.536255
vn -0.7879227996 0.6148980856 0.03283375129
v 44.9477005 51.11409378 1117.542725
vn -0.651964128 0.7573107481 0.03772515804
v 45.16858292 51.26892471 1117.547485
vn -0.4877073169 0.8720327616 0.04123605415
v 45.41821289 51.37695312 1117.549927
vn -0.3017190993 0.9524235129 0.0430705063
v 45.68425751 51.43222809 1117.550171
vn -0.1046924368 0.9935686588 0.04313699156
v 45.9501915 51.43315506 1117.548096
vn 0.09249211848 0.9948499799 0.04145723209
v 46.20082092 51.38451004 1117.544067
vn 0.2788184881 0.9595808387 0.03827317059
v 46.42481613 51.29566193 1117.538574
vn 0.456746757 0.8889552951 0.03377741203
v 46.64150238 51.15860367 1117.53125
vn 0.6157513857 0.7874392271 0.028100878
v 46.83256149 50.97742462 1117.522217
vn 0.7581841946 0.6516986489 0.02111087181
v 46.9874382 50.75676727 1117.511841
vn 0.8729124665 0.4877007604 0.0131076863
v 47.09547043 50.50737 1117.50061
vn 0.9532983303 0.3019971251 0.00447218027
v 47.15069199 50.24156189 1117.489136
vn 0.9944378138 0.1052359939 -0.004344976041
v 47.15153122 49.97583389 1117.478027
vn 0.9957021475 -0.09172146022 -0.01282362267
v 47.1027565 49.72539139 1117.468018
vn 0.9603925943 -0.2778951228 -0.0205018986
v 46.85836029 49.2356987 1118.833496
vn 0.7879034281 -0.6157694459 0.006018297281
v 46.99556732 49.45214844 1118.844604
vn 0.8893927336 -0.4569204748 0.01428947691
v 46.67703247 49.04491425 1118.821777
vn 0.6521654725 -0.7580717206 -0.002725542989
v 46.45623779 48.89035416 1118.809692
vn 0.4881345034 -0.8726921678 -0.01153875422
v 46.20672226 48.78264618 1118.798096
vn 0.3023385108 -0.9529918432 -0.01994974539
v 45.94080353 48.72774506 1118.787598
vn 0.105427973 -0.9940468073 -0.02749326453
v 45.67500305 48.727211 1118.778687
vn -0.09169754386 -0.9952141047 -0.03377055377
v 45.42450714 48.77625275 1118.771729
vn -0.278062582 -0.9597892165 -0.0385472104
v 45.20064163 48.86547089 1118.766968
vn -0.4559898376 -0.888990283 -0.04206545651
v 44.98408508 49.00291061 1118.763794
vn -0.6149781346 -0.7873151302 -0.04400867596
v 44.79314804 49.18444824 1118.762817
vn -0.7574673891 -0.651362896 -0.0443800725
v 44.63838577 49.40542603 1118.764282
vn -0.8722689152 -0.4871361852 -0.04295707121
v 44.53044128 49.6550827 1118.768066
vn -0.9527389407 -0.3011765182 -0.03976396471
v 44.47528458 49.92108154 1118.77417
vn -0.9939476848 -0.1041521654 -0.03493268788
v 44.4744873 50.18692017 1118.782104
vn -0.9952468276 0.09302329272 -0.0288180057
v 44.52326965 50.437397 1118.79126
vn -0.9599456191 0.2793307602 -0.02187895589
v 44.61225128 50.66120148 1118.800903
vn -0.8892461061 0.4571986496 -0.0145183159
v 44.74945831 50.87765121 1118.812012
vn -0.7876498103 0.6160916686 -0.006230484229
v 44.93078613 51.06842804 1118.823853
vn -0.651800096 0.7583865523 0.002545007039
v 45.15158081 51.22298813 1118.835815
vn -0.4876596928 0.8729593754 0.01140100043
v 45.40109634 51.33069611 1118.847412
vn -0.3017822504 0.9531700015 0.0198597163
v 45.66701508 51.38559723 1118.85791
vn -0.1048644334 0.9941076636 0.02744874358
v 45.93281555 51.38613129 1118.866821
vn 0.0922190398 0.9951661825 0.03376270458
v 46.18331146 51.33708954 1118.873779
vn 0.2784714997 0.9596703649 0.03855460137
v 46.40717697 51.24787903 1118.878662
vn 0.4563335776 0.8888135552 0.0420733802
v 46.62373352 51.11044312 1118.881714
vn 0.6152714491 0.7870861292 0.044005353
v 46.81467056 50.92889786 1118.88269
vn 0.7576556802 0.6511461735 0.04434573278
v 46.96943283 50.70792389 1118.881348
vn 0.8723714948 0.4869591594 0.0428811349
v 47.07737732 50.45826721 1118.877441
vn 0.952773869 0.3010823429 0.03964028507
v 47.13253403 50.19226074 1118.871338
vn 0.993950367 0.104183875 0.03476268798
v 47.1333313 49.92642975 1118.863403
vn 0.9952661991 -0.09287952632 0.02861062065
v 47.08454895 49.67595291 1118.854248
vn 0.9600145817 -0.279111445 0.02165214345
v 46.79080582 49.20259094 1120.164307
vn 0.7852924466 -0.6178660989 0.03946240246
v 46.92789459 49.41897202 1120.177856
vn 0.886972785 -0.4591522813 0.04958245531
v 46.60968018 49.01191711 1120.148438
vn 0.6494508386 -0.7599061131 0.02750029787
v 46.3891716 48.85750198 1120.130615
vn 0.4854198694 -0.8741655946 0.01421599276
v 46.14001083 48.7499733 1120.111816
vn 0.2997480631 -0.9540183544 0.0002273158316
v 45.87450027 48.69528961 1120.092896
vn 0.1030942574 -0.994577527 -0.01367977168
v 45.60913467 48.69498062 1120.075195
vn -0.09366156906 -0.995244801 -0.02674395218
v 45.35907364 48.74423599 1120.059448
vn -0.2795450091 -0.9593679309 -0.03831067681
v 45.1356163 48.83366013 1120.046265
vn -0.4570429027 -0.8881118298 -0.0486737825
v 44.91948318 48.97131729 1120.034668
vn -0.6156159639 -0.7859721184 -0.05713802204
v 44.72894669 49.15306473 1120.025513
vn -0.7575870156 -0.6496085525 -0.06380164623
v 44.574543 49.37422562 1120.019653
vn -0.8718594313 -0.4850100577 -0.06801772118
v 44.46689987 49.62403107 1120.017456
vn -0.9517828822 -0.2987961173 -0.0695002377
v 44.41196442 49.89015198 1120.019165
vn -0.9924862981 -0.1016441435 -0.06811314076
v 44.41129684 50.15604401 1120.024414
vn -0.9933629036 0.0955254212 -0.06407047808
v 44.46012115 50.40655136 1120.032715
vn -0.957752645 0.2817182243 -0.05783319846
v 44.54906464 50.63033295 1120.043213
vn -0.8868082166 0.4594490826 -0.0497770533
v 44.68615341 50.84671783 1120.056641
vn -0.7850250602 0.6181945205 -0.03963806853
v 44.86727905 51.03739166 1120.072632
vn -0.6490849853 0.7602134943 -0.0276429709
v 45.08778763 51.19181061 1120.090454
vn -0.484975934 0.8744103312 -0.01431647036
v 45.33694839 51.29933548 1120.109253
vn -0.2992561758 0.9541727901 -0.0002839470981
v 45.60245895 51.35402679 1120.128174
vn -0.1026073843 0.9946281314 0.01366083883
v 45.86782455 51.35433578 1120.145874
vn 0.0940811187 0.9952050447 0.02675104141
v 46.11788559 51.30506897 1120.161621
vn 0.2798710465 0.9592722058 0.0383284539
v 46.34134293 51.21564865 1120.174683
vn 0.4572779238 0.8879902363 0.04868550599
v 46.55747604 51.07799911 1120.186401
vn 0.6158033013 0.7858256698 0.05713478848
v 46.74801254 50.89625168 1120.195557
vn 0.7576932907 0.6494877338 0.06376939267
v 46.90241623 50.67508698 1120.201416
vn 0.8718972206 0.4849524498 0.06794369966
v 47.01005936 50.42527771 1120.203613
vn 0.9517859817 0.2988130152 0.06938443333
v 47.06499481 50.1591568 1120.201904
vn 0.992482841 0.1017805636 0.06795948744
v 47.06566238 49.89326477 1120.196655
vn 0.9933960438 -0.09530345351 0.06388744712
v 47.01683807 49.64276505 1120.188354
vn 0.9578445554 -0.2814462185 0.05763503537
v 46.67691803 49.18058777 1121.57251
vn 0.784352839 -0.6170342565 0.06371326745
v 46.81386566 49.39694595 1121.587769
vn 0.8856723905 -0.4582175612 0.07497361302
v 46.49604416 48.98996735 1121.553467
vn 0.6489272714 -0.7592308521 0.04961745068
v 46.27589417 48.83561325 1121.531128
vn 0.4853223264 -0.8737015724 0.03328432143
v 46.02718353 48.72817993 1121.506714
vn 0.3000801504 -0.9537892342 0.01542665251
v 45.76219177 48.67359543 1121.481445
vn 0.1038120911 -0.9945925474 -0.002946313936
v 45.49738693 48.67339325 1121.456787
vn -0.09262185544 -0.9954836965 -0.0208186619
v 45.24788666 48.72276306 1121.434082
vn -0.2782532871 -0.9597856402 -0.03723720461
v 45.02495575 48.81229401 1121.414307
vn -0.4554631114 -0.8887056112 -0.05249500647
v 44.80937195 48.95005417 1121.395874
vn -0.6137772799 -0.7867439985 -0.06566078961
v 44.61936188 49.13190842 1121.380249
vn -0.755567193 -0.6505420208 -0.07689788938
v 44.46543121 49.35315323 1121.36853
vn -0.8697447777 -0.4860824943 -0.08525137603
v 44.35818481 49.6030426 1121.36145
vn -0.9496822357 -0.2999410033 -0.09021677077
v 44.30354691 49.86922455 1121.359375
vn -0.9904868603 -0.1028169319 -0.09145725518
v 44.30305862 50.13515472 1121.362427
vn -0.9915391803 0.09442388266 -0.08907388151
v 44.35195541 50.38566589 1121.369873
vn -0.9561447501 0.2807374895 -0.08350877464
v 44.44086456 50.60945129 1121.380737
vn -0.8854946494 0.4585420489 -0.07508964092
v 44.57780838 50.82579803 1121.395996
vn -0.7840858102 0.6173629761 -0.06381517649
v 44.75868607 51.0164299 1121.415039
vn -0.6485787034 0.759523809 -0.04969169945
v 44.97883606 51.17077255 1121.437378
vn -0.4849400222 0.8739119768 -0.03333163261
v 45.22754669 51.27820587 1121.46167
vn -0.2996757627 0.9539160728 -0.01544511691
v 45.49253464 51.332798 1121.487061
vn -0.1034383178 0.9946314692 0.002949640155
v 45.75734329 51.33299637 1121.511719
vn 0.09292842448 0.9954547882 0.02083495259
v 46.00684357 51.28362274 1121.534424
vn 0.2784645855 0.9597236514 0.03725653142
v 46.22977066 51.19410324 1121.554077
vn 0.4555926025 0.888638556 0.05250661075
v 46.44535828 51.05634308 1121.572632
vn 0.6138506532 0.7866871357 0.06565634161
v 46.63536835 50.87448883 1121.588135
vn 0.7555792928 0.6505308747 0.07687341422
v 46.78929901 50.65323257 1121.599976
vn 0.8697109818 0.4861519039 0.08520066738
v 46.89654541 50.40335464 1121.607056
vn 0.949647069 0.3000766039 0.09013585001
v 46.95118332 50.1371727 1121.609009
vn 0.9904728532 0.1030424759 0.09135540575
v 46.95166779 49.87124252 1121.606079
vn 0.9915791154 -0.09411349148 0.08895798773
v 46.90277481 49.62072754 1121.598633
vn 0.956250608 -0.2804121077 0.08338982612
v 46.54009628 49.16917038 1122.924072
vn 0.782582283 -0.6175939441 0.07837545127
v 46.67697144 49.38552094 1122.939941
vn 0.8839675188 -0.4587875605 0.09008586407
v 46.35937119 48.9785614 1122.903442
vn 0.6471559405 -0.759732008 0.06321744621
v 46.13944626 48.82423019 1122.878906
vn 0.4836241901 -0.8741042018 0.04527157173
v 45.89102936 48.71681976 1122.851562
vn 0.2985269427 -0.9540662169 0.02528392337
v 45.62638855 48.66226196 1122.822876
vn 0.1024744064 -0.9947259426 0.004393267911
v 45.36196136 48.66209412 1122.794434
vn -0.09368563443 -0.9954692721 -0.01624549553
v 45.11284637 48.71149826 1122.767944
vn -0.2789933681 -0.9596366286 -0.03550062329
v 44.89028931 48.80105591 1122.744507
vn -0.4558811486 -0.8884225488 -0.05364480987
v 44.6750946 48.93885422 1122.722168
vn -0.6138787866 -0.786323607 -0.06962792575
v 44.48546219 49.12073517 1122.702759
vn -0.7553238869 -0.6499910355 -0.08365108073
v 44.33188248 49.34201431 1122.687622
vn -0.8691507578 -0.4854190052 -0.09457992017
v 44.22493362 49.59193039 1122.67749
vn -0.9487416148 -0.2992208898 -0.101765275
v 44.17052841 49.85812759 1122.673218
vn -0.9892460704 -0.102068387 -0.1047580838
v 44.17019653 50.12407303 1122.674683
vn -0.9900613427 0.09514262527 -0.1035683528
v 44.2191658 50.37459183 1122.681396
vn -0.9545091391 0.2813997567 -0.0986232236
v 44.30807877 50.59837723 1122.692261
vn -0.8837736249 0.4591516852 -0.09013279527
v 44.44495392 50.81472397 1122.70813
vn -0.7823249698 0.6179149747 -0.07841373235
v 44.62568283 51.00533295 1122.72876
vn -0.6468412876 0.7599979043 -0.06324143708
v 44.84560394 51.15965652 1122.753296
vn -0.4833093286 0.8742777705 -0.04528238624
v 45.09402084 51.26707458 1122.780518
vn -0.2982288301 0.9541594982 -0.02528203093
v 45.35866165 51.32162476 1122.809326
vn -0.1022324413 0.9947508574 -0.004384686705
v 45.62308884 51.3217926 1122.837769
vn 0.09384398162 0.9954541922 0.01625505835
v 45.87220383 51.27239609 1122.864258
vn 0.2790640295 0.959615767 0.03550871462
v 46.09476089 51.18283081 1122.887695
vn 0.4558701515 0.8884281516 0.05364583805
v 46.3099556 51.04504395 1122.910034
vn 0.6138225198 0.7863681316 0.06962108612
v 46.49959183 50.86315536 1122.929321
vn 0.7552281618 0.6501049995 0.08362979442
v 46.65316772 50.64187241 1122.94458
vn 0.8690233827 0.4856540263 0.09454407543
v 46.76012039 50.39196396 1122.954712
vn 0.9486517906 0.2995217144 0.1017177403
v 46.8145256 50.12576675 1122.958984
vn 0.9892168641 0.1024106219 0.1046996042
v 46.81485367 49.85981369 1122.95752
vn 0.990105629 -0.0947426483 0.1035117954
v 46.7658844 49.60929489 1122.950806
vn 0.9546250105 -0.2810258567 0.09856754541
v 46.39411926 49.16366196 1124.262817
vn 0.7821765542 -0.6176735163 0.08172673732
v 46.53104782 49.3800087 1124.278198
vn 0.8836099505 -0.4588779211 0.093083404
v 46.2133522 48.97305298 1124.242554
vn 0.6467009187 -0.7598156333 0.06676896662
v 45.99340057 48.81872177 1124.218262
vn 0.4831597209 -0.8741657138 0.04889737815
v 45.74497223 48.71131134 1124.19104
vn 0.2980571687 -0.954112649 0.02882671542
v 45.48033905 48.65676117 1124.162231
vn 0.1020452753 -0.9947498441 0.007714143489
v 45.21593094 48.65659332 1124.133667
vn -0.09406069666 -0.9954777956 -0.01328491606
v 44.9668541 48.70599747 1124.106812
vn -0.2793023884 -0.9596357942 -0.03300463408
v 44.7443428 48.79556274 1124.082886
vn -0.4561075568 -0.888423562 -0.05166687816
v 44.52920532 48.93336487 1124.060059
vn -0.6140372753 -0.7863208055 -0.06824811548
v 44.33964157 49.11524582 1124.040039
vn -0.7553839087 -0.6500132084 -0.08293366432
v 44.18614197 49.33653641 1124.024048
vn -0.8691341281 -0.485447824 -0.09458457679
v 44.07927322 49.58645248 1124.013306
vn -0.9486447573 -0.2992782593 -0.1024968401
v 44.02495193 49.85264969 1124.008179
vn -0.9890850782 -0.1021403074 -0.1061983183
v 44.02470016 50.11859894 1124.008911
vn -0.9898495674 0.09505824 -0.1056495085
v 44.07374191 50.36911774 1124.015015
vn -0.9542614222 0.2813096046 -0.1012423709
v 44.1627121 50.59290314 1124.025269
vn -0.8835124969 0.4590686262 -0.09306810796
v 44.29964066 50.80924988 1124.040771
vn -0.7820528746 0.6178324223 -0.0817091763
v 44.48040771 50.99986649 1124.060913
vn -0.6465773582 0.759921968 -0.06675599515
v 44.70035934 51.15419769 1124.085205
vn -0.4830352962 0.8742349744 -0.04888880253
v 44.94878769 51.26160049 1124.112427
vn -0.2979736328 0.954138875 -0.02882233448
v 45.21342087 51.31615829 1124.141235
vn -0.101998955 0.9947546124 -0.007711810526
v 45.47782516 51.31632614 1124.169922
vn 0.09405696392 0.9954782128 0.0132831037
v 45.72690582 51.266922 1124.196777
vn 0.2792593539 0.9596484303 0.03300106525
v 45.94941711 51.17734909 1124.220581
vn 0.4560254216 0.888465941 0.05166299641
v 46.1645546 51.03956223 1124.24353
vn 0.6139322519 0.7864032388 0.06824339926
v 46.35411835 50.85767365 1124.263428
vn 0.7552828789 0.6501305699 0.08293397725
v 46.50761795 50.63638306 1124.279419
vn 0.8690192699 0.4856535792 0.09458394349
v 46.61448669 50.38646698 1124.290283
vn 0.9485691786 0.2995150983 0.1025047824
v 46.66880798 50.12026978 1124.29541
vn 0.9890605807 0.1023647934 0.1062100157
v 46.66905975 49.8543129 1124.294556
vn 0.9898707271 -0.09481770545 0.1056673601
v 46.62001801 49.60380173 1124.288574
vn 0.9543241858 -0.2810898721 0.1012613475
v 46.25430298 49.16037369 1125.594604
vn 0.7825337052 -0.6177434325 0.07767934352
v 46.39135742 49.37672043 1125.608887
vn 0.884070456 -0.4589520395 0.08821795136
v 46.0733757 48.96975708 1125.575928
vn 0.6469464898 -0.7598683834 0.06372084469
v 45.85323715 48.81541824 1125.553467
vn 0.4832918346 -0.8741972446 0.0469917804
v 45.60460663 48.70800781 1125.528198
vn 0.2980675697 -0.9541296363 0.02814852633
v 45.33975983 48.65344238 1125.501343
vn 0.1019412354 -0.9947559237 0.008281878196
v 45.07514572 48.65327454 1125.474731
vn -0.09425476938 -0.9954814911 -0.01151930075
v 44.82587433 48.70267487 1125.449707
vn -0.279581517 -0.9596481919 -0.0301579684
v 44.60319519 48.79223633 1125.42749
vn -0.4564718604 -0.8884518147 -0.04782096669
v 44.38790131 48.93003464 1125.406006
vn -0.6144646406 -0.7863800526 -0.06355830282
v 44.19820404 49.11190796 1125.387329
vn -0.7558928132 -0.6500865221 -0.07754737139
v 44.04460144 49.33319855 1125.372314
vn -0.8696812987 -0.4855786562 -0.08870044351
v 43.93767166 49.58311462 1125.362183
vn -0.9492447972 -0.2994149327 -0.09635856748
v 43.8833313 49.84931183 1125.357178
vn -0.9897063971 -0.1023221463 -0.1000573784
v 43.88310242 50.11526108 1125.357788
vn -0.9904772639 0.0948908478 -0.0997524336
v 43.93220139 50.36577988 1125.363281
vn -0.9548742771 0.2811389267 -0.09579174966
v 44.02126312 50.58957291 1125.372681
vn -0.884090662 0.4589131474 -0.08821787685
v 44.15831375 50.80591965 1125.386963
vn -0.7825715542 0.6176950932 -0.0776822567
v 44.33924103 50.99653625 1125.40564
vn -0.6470115185 0.759812355 -0.06372853369
v 44.55937958 51.15087509 1125.428101
vn -0.4833654463 0.8741561174 -0.0469994992
v 44.8080101 51.25829315 1125.453491
vn -0.2981590033 0.9541007876 -0.02815944701
v 45.07286072 51.31284714 1125.480225
vn -0.1020399407 0.9947457314 -0.008292078041
v 45.33747101 51.3130188 1125.506836
vn 0.09416915476 0.9954896569 0.01151171699
v 45.5867424 51.26361084 1125.53186
vn 0.2795108557 0.9596689939 0.03015196323
v 45.80942154 51.17405701 1125.554077
vn 0.4564077258 0.8884850144 0.04781556875
v 46.02471542 51.0362587 1125.575562
vn 0.6144146919 0.7864193916 0.06355457008
v 46.21441269 50.85437775 1125.594238
vn 0.7558578849 0.6501274109 0.07754516602
v 46.36801529 50.63309479 1125.609253
vn 0.8696541786 0.4856273532 0.08869996667
v 46.47494507 50.38317871 1125.619507
vn 0.9492333531 0.2994511724 0.09635902196
v 46.52928925 50.11698151 1125.62439
vn 0.9897086024 0.1022969633 0.1000609696
v 46.52951431 49.85103226 1125.623779
vn 0.9904750586 -0.09491404891 0.09975192696
v 46.48041534 49.60051346 1125.618286
vn 0.9548662901 -0.2811657488 0.09579269588
v 46.12533569 49.1579361 1126.92749
vn 0.7830539942 -0.6177332997 0.07233250886
v 46.26250458 49.37429047 1126.940552
vn 0.8846657872 -0.4589586854 0.08199609816
v 45.94426346 48.96731186 1126.9104
vn 0.6473543644 -0.7598642707 0.05948631465
v 45.72395325 48.81298065 1126.889648
vn 0.4835698605 -0.8741962314 0.04405843839
v 45.4751358 48.70556259 1126.866333
vn 0.2982163429 -0.95412606 0.02665418945
v 45.21009064 48.65099716 1126.841553
vn 0.1019467041 -0.9947554469 0.008274700493
v 44.94528198 48.65082169 1126.816895
vn -0.09439234436 -0.9954841733 -0.01006837189
v 44.69583511 48.70022202 1126.793701
vn -0.2798377872 -0.9596576095 -0.02735147253
v 44.47299957 48.78977966 1126.773071
vn -0.4568529129 -0.8884653449 -0.04375791922
v 44.25756073 48.92756653 1126.753174
vn -0.6149519682 -0.7863993049 -0.058397457
v 44.06773758 49.10945129 1126.735718
vn -0.7564697266 -0.6501153708 -0.07143901289
v 43.91403961 49.33073044 1126.721802
vn -0.8703320622 -0.4856121242 -0.08187185973
v 43.8070488 49.58063889 1126.712158
vn -0.9499421716 -0.2994572222 -0.08907971531
v 43.75268936 49.84684372 1126.70752
vn -0.9904255271 -0.1023618132 -0.09262479842
v 43.75247955 50.11279297 1126.707764
vn -0.9911898375 0.09483558685 -0.09246062487
v 43.80163193 50.36332321 1126.712769
vn -0.9555491209 0.2811079025 -0.08890543878
v 43.89077377 50.5871048 1126.721313
vn -0.8847019076 0.4588873982 -0.08200536668
v 44.02794266 50.80345917 1126.734497
vn -0.7831072807 0.6176649928 -0.072339423
v 44.20901489 50.99407578 1126.751587
vn -0.6474408507 0.7597896457 -0.05949838087
v 44.4293251 51.14841461 1126.772339
vn -0.4836723208 0.8741390109 -0.04406902194
v 44.67814636 51.25583267 1126.795654
vn -0.2983257771 0.9540915489 -0.02666466124
v 44.94319153 51.3103981 1126.820435
vn -0.1020485833 0.9947448969 -0.008283995092
v 45.20799637 51.31057358 1126.845093
vn 0.09430024773 0.9954929948 0.01006021257
v 45.45744705 51.26117325 1126.868286
vn 0.2797809541 0.9596742988 0.02734706737
v 45.68027878 51.1716156 1126.888916
vn 0.4568041563 0.8884906769 0.04375230148
v 45.89572144 51.03382874 1126.908813
vn 0.6149235368 0.7864217162 0.05839434639
v 46.08554459 50.85194397 1126.926147
vn 0.7564584017 0.6501287818 0.07143747061
v 46.23923874 50.63066483 1126.940186
vn 0.8703269958 0.4856211841 0.08187180758
v 46.34622955 50.38074875 1126.949829
vn 0.9499444962 0.2994500101 0.08907940239
v 46.4005928 50.11455154 1126.954468
vn 0.9904322624 0.1022987962 0.09262237698
v 46.4007988 49.84860229 1126.954102
vn 0.9911837578 -0.09490649402 0.09245277196
v 46.35164642 49.59807205 1126.949219
vn 0.955529809 -0.2811771929 0.08889394253
v 46.00524139 49.15673447 1128.262329
vn 0.7834384441 -0.6177284122 0.06808686256
v 46.14250565 49.37308121 1128.274414
vn 0.8851163983 -0.458961159 0.07696512341
v 45.8240509 48.96611023 1128.246582
vn 0.6476604342 -0.7598515153 0.05622833595
v 45.60360336 48.81177139 1128.227295
vn 0.4837661684 -0.8741924763 0.04192685708
v 45.35463333 48.7043457 1128.205688
vn 0.2983058393 -0.954122901 0.02575174719
v 45.08943558 48.64979172 1128.182617
vn 0.1019263044 -0.9947544932 0.008631049655
v 44.82448196 48.64960861 1128.159546
vn -0.09452165663 -0.9954865575 -0.008492116816
v 44.57489777 48.69900513 1128.137939
vn -0.2800810635 -0.9596595764 -0.02466059662
v 44.35194778 48.78856277 1128.11853
vn -0.4571756423 -0.8884747624 -0.04003814235
v 44.13639832 48.92635345 1128.099854
vn -0.6153628826 -0.7864057422 -0.05380116403
v 43.94648743 49.10823441 1128.083496
vn -0.7569478154 -0.6501236558 -0.06610058993
v 43.79272461 49.32951355 1128.07019
vn -0.8708572388 -0.4856266081 -0.07598958164
v 43.68569565 49.57942581 1128.061035
vn -0.950497508 -0.2994731665 -0.0828872174
v 43.63132858 49.84562683 1128.056396
vn -0.9909900427 -0.1023615673 -0.08637631685
v 43.63114548 50.1115799 1128.056396
vn -0.9917379618 0.09482054412 -0.08639948815
v 43.68034744 50.36209869 1128.060791
vn -0.9560595155 0.2811046243 -0.08324925601
v 43.76956177 50.58588791 1128.068604
vn -0.8851536512 0.4588873386 -0.07697703689
v 43.90682602 50.80224609 1128.080688
vn -0.7834874392 0.6176651716 -0.06809666753
v 44.08801651 50.99287033 1128.096436
vn -0.6477321982 0.7597895861 -0.05623864383
v 44.30846405 51.14719772 1128.115723
vn -0.4838528931 0.8741439581 -0.04193728045
v 44.55743408 51.25462341 1128.137329
vn -0.2984030247 0.9540922642 -0.02576041408
v 44.82263184 51.30918884 1128.1604
vn -0.1020099968 0.9947458506 -0.008637815714
v 45.08758545 51.30936432 1128.183472
vn 0.09444925934 0.9954935312 0.008486276492
v 45.33716965 51.25996399 1128.205078
vn 0.2800281346 0.9596750736 0.02465656027
v 45.56011963 51.17040634 1128.224487
vn 0.4571462274 0.888489902 0.0400371328
v 45.7756691 51.03262711 1128.243164
vn 0.6153407693 0.7864232063 0.05379894748
v 45.96557999 50.85074234 1128.259521
vn 0.756942451 0.6501302719 0.06609648466
v 46.1193428 50.6294632 1128.272827
vn 0.8708657622 0.485612154 0.07598464936
v 46.22636795 50.37954712 1128.281982
vn 0.9505059719 0.2994471788 0.08288393915
v 46.28073883 50.11334991 1128.286621
vn 0.990994215 0.1023230627 0.08637362719
v 46.28092194 49.84740067 1128.286621
vn 0.9917319417 -0.09488913417 0.08639312536
v 46.23171997 49.59687042 1128.282227
vn 0.9560435414 -0.2811616361 0.08323985338
v 45.89266586 49.15700531 1129.598755
vn 0.7837026119 -0.6177359223 0.06490430236
v 46.03001404 49.37337112 1129.609863
vn 0.8854502439 -0.4589507878 0.07308916748
v 45.71138 48.9663887 1129.584106
vn 0.6478644013 -0.7598465085 0.05389847234
v 45.49082184 48.81205368 1129.566162
vn 0.4838912189 -0.8741879463 0.04055481404
v 45.24173737 48.70463562 1129.545898
vn 0.2983431518 -0.9541205168 0.02540432289
v 44.97642136 48.65007019 1129.52417
vn 0.101879321 -0.9947531223 0.009317175485
v 44.71135712 48.64988708 1129.502563
vn -0.09465202689 -0.9954870939 -0.006818044931
v 44.46166992 48.69929504 1129.482056
vn -0.2802865505 -0.9596620202 -0.02209706977
v 44.23863602 48.78884506 1129.463745
vn -0.457452178 -0.8884775639 -0.03667619452
v 44.02301025 48.92663193 1129.445923
vn -0.6156891584 -0.7864159942 -0.04976732656
v 43.83303452 49.10851669 1129.430176
vn -0.757329762 -0.6501280069 -0.06152392551
v 43.67922974 49.32979584 1129.41748
vn -0.8712719083 -0.4856322706 -0.0710388869
v 43.57218552 49.57971191 1129.408447
vn -0.9509277344 -0.2994821668 -0.07776141912
v 43.51782227 49.84590912 1129.403809
vn -0.9914209843 -0.1023596674 -0.08128296584
v 43.51766205 50.11185837 1129.403564
vn -0.992149353 0.09482390434 -0.08153555542
v 43.5669136 50.36238861 1129.407349
vn -0.9564404488 0.281095475 -0.0787845999
v 43.65618515 50.5861702 1129.414429
vn -0.8854832053 0.4588861465 -0.07309608907
v 43.79353333 50.80252457 1129.425537
vn -0.783757329 0.6176655293 -0.06491369754
v 43.97481918 50.9931488 1129.440186
vn -0.6479333639 0.7597870827 -0.05390679836
v 44.19537354 51.14748764 1129.45813
vn -0.4839623272 0.87414819 -0.04056368023
v 44.44446182 51.2549057 1129.478394
vn -0.2984248996 0.9540947676 -0.02541195415
v 44.70977783 51.30946732 1129.500122
vn -0.101952523 0.9947455525 -0.009322999045
v 44.97484207 51.30964279 1129.521851
vn 0.09459640831 0.9954923987 0.006814113352
v 45.22452927 51.26025391 1129.542236
vn 0.2802452445 0.9596741199 0.02209399268
v 45.44756317 51.17068863 1129.560669
vn 0.4574402869 0.8884837627 0.0366743356
v 45.66318893 51.03290176 1129.578369
vn 0.6156817079 0.7864218354 0.04976711422
v 45.85316467 50.851017 1129.594116
vn 0.7573218942 0.6501374841 0.06152057648
v 46.00696945 50.62974548 1129.606934
vn 0.8712827563 0.4856134951 0.07103464007
v 46.11401367 50.37982941 1129.615845
vn 0.9509448409 0.2994298935 0.07775371522
v 46.16837692 50.1136322 1129.620483
vn 0.9914265275 0.1023124829 0.08127463609
v 46.16853714 49.84767151 1129.620728
vn 0.9921441078 -0.09488352388 0.08153020591
v 46.11928558 49.59715271 1129.616943
vn 0.9564211369 -0.2811626792 0.07877900451
v 45.78583527 49.15910721 1130.936523
vn 0.783859849 -0.6177405119 0.06293161213
v 45.92324829 49.37546539 1130.946777
vn 0.8856554627 -0.4589570463 0.07051810622
v 45.60447311 48.96848297 1130.922729
vn 0.6479609609 -0.759853363 0.05262617767
v 45.38383484 48.81415558 1130.905884
vn 0.4839315116 -0.8741889596 0.04004978016
v 45.13466263 48.7067337 1130.886719
vn 0.2983257473 -0.9541181326 0.02569632232
v 44.86925888 48.65217209 1130.866089
vn 0.1017901003 -0.9947516918 0.01038603578
v 44.60411453 48.65199661 1130.845337
vn -0.09479300678 -0.9954842925 -0.005025884137
v 44.35436249 48.70139694 1130.825806
vn -0.280483067 -0.9596573114 -0.01967504248
v 44.13127136 48.79095078 1130.808105
vn -0.457691282 -0.8884719014 -0.03371040151
v 43.91559601 48.92874908 1130.790894
vn -0.6159632206 -0.78640908 -0.04636883736
v 43.72558594 49.11062241 1130.775635
vn -0.7576246262 -0.6501259804 -0.05780270696
v 43.57176208 49.33191299 1130.763184
vn -0.8715858459 -0.4856237173 -0.06713923067
v 43.46471405 49.58182144 1130.75415
vn -0.9512419105 -0.2994779646 -0.07383601367
v 43.41036606 49.84801865 1130.749268
vn -0.9917256832 -0.1023480967 -0.07749193162
v 43.41024017 50.1139679 1130.748657
vn -0.9924294949 0.09484353662 -0.07802835852
v 43.45953369 50.36449432 1130.751953
vn -0.9566857219 0.2811144292 -0.07567757368
v 43.54885864 50.58827972 1130.758423
vn -0.8856880665 0.4588938653 -0.07052036375
v 43.68627167 50.80463409 1130.768677
vn -0.7839123607 0.6176733375 -0.06293686479
v 43.86763382 50.99525833 1130.782349
vn -0.6480296254 0.7597942948 -0.05263269693
v 44.08827209 51.14958954 1130.799194
vn -0.4839943647 0.8741539121 -0.04005524889
v 44.33744812 51.2570076 1130.818481
vn -0.2983799875 0.9541010857 -0.02570002526
v 44.60284805 51.31156921 1130.839111
vn -0.1018516794 0.9947453141 -0.01038978808
v 44.8679924 51.31174469 1130.859741
vn 0.09475645423 0.9954878092 0.005023667123
v 45.11774445 51.26234818 1130.879395
vn 0.2804522812 0.9596663713 0.0196727179
v 45.34083557 51.17279053 1130.897095
vn 0.4576865733 0.8884743452 0.03370968252
v 45.55651093 51.03499603 1130.914185
vn 0.6159743071 0.7864004374 0.0463684462
v 45.746521 50.8531189 1130.929443
vn 0.7576304674 0.6501191258 0.05780288577
v 45.90034485 50.63183594 1130.942017
vn 0.8716000319 0.4855981767 0.06713999063
v 46.00739288 50.38192368 1130.950928
vn 0.9512607455 0.29941836 0.07383533567
v 46.06174088 50.11572647 1130.955811
vn 0.9917318225 0.1022912264 0.07748856395
v 46.06187057 49.84977341 1130.956421
vn 0.9924240708 -0.09490294755 0.0780248493
v 46.01257324 49.59925461 1130.953247
vn 0.9566688538 -0.2811723948 0.07567548007
v 45.68288422 49.16336441 1132.276123
vn 0.7839282155 -0.6177300215 0.06217912212
v 45.82035065 49.37971497 1132.285645
vn 0.8857571483 -0.4589516521 0.06926508993
v 45.50146484 48.97274399 1132.263184
vn 0.6479891539 -0.7598429322 0.05242864788
v 45.28076553 48.81841278 1132.24707
vn 0.4839101434 -0.8741837144 0.040420454
v 45.03153229 48.71100235 1132.228638
vn 0.2982648313 -0.9541115761 0.0266309455
v 44.76607513 48.65643692 1132.20874
vn 0.1016952842 -0.9947450757 0.01184366923
v 44.50088501 48.65626144 1132.188599
vn -0.09492576867 -0.9954794645 -0.003114009975
v 44.251091 48.7056694 1132.169556
vn -0.2806435525 -0.9596544504 -0.01739357598
v 44.02797318 48.79522324 1132.152222
vn -0.457878083 -0.8884692788 -0.03114493191
v 43.81227875 48.93301392 1132.135376
vn -0.6161674261 -0.7864068151 -0.04361277819
v 43.62226105 49.11489487 1132.120239
vn -0.7578329444 -0.6501305103 -0.05495080724
v 43.46843719 49.33617783 1132.107666
vn -0.871794939 -0.48563236 -0.06430243701
v 43.3614006 49.5860939 1132.098511
vn -0.9514473081 -0.2994796336 -0.07113345712
v 43.30707932 49.85229111 1132.093384
vn -0.9919149876 -0.1023485884 -0.07502925396
v 43.30698776 50.11823273 1132.092285
vn -0.992595613 0.09483616799 -0.07589507848
v 43.35632324 50.36875534 1132.094971
vn -0.9568231702 0.2811086774 -0.07394176722
v 43.44569397 50.59254456 1132.10083
vn -0.8857872486 0.4588936567 -0.06926403195
v 43.5831604 50.8088913 1132.110352
vn -0.7839722633 0.6176739931 -0.06217959523
v 43.76457977 50.9995079 1132.123291
vn -0.6480432153 0.7597967386 -0.0524298735
v 43.98527908 51.15384674 1132.139404
vn -0.4839687347 0.8741511703 -0.04042287916
v 44.23451233 51.26125717 1132.157837
vn -0.2983082533 0.9540979266 -0.02663245425
v 44.49996948 51.3158226 1132.177734
vn -0.1017311737 0.9947413802 -0.01184543688
v 44.76515961 51.31599808 1132.197876
vn 0.09490064532 0.9954819083 0.003112874227
v 45.0149498 51.26659012 1132.217041
vn 0.2806334198 0.9596574306 0.01739172637
v 45.23807144 51.17703629 1132.234253
vn 0.4578861892 0.8884651065 0.03114457615
v 45.45376587 51.03923798 1132.251221
vn 0.6161856055 0.7863925099 0.04361332953
v 45.64378357 50.85736465 1132.266357
vn 0.7578579783 0.6501011252 0.05495283753
v 45.79760742 50.6360817 1132.278809
vn 0.8718191981 0.485588342 0.06430578232
v 45.90464401 50.38616562 1132.287964
vn 0.9514642954 0.2994254529 0.07113427669
v 45.9589653 50.11996841 1132.293213
vn 0.9919213653 0.1022881866 0.0750278309
v 45.95905685 49.85401917 1132.294312
vn 0.9925881028 -0.09491542727 0.07589450479
v 45.90972137 49.60349655 1132.291504
vn 0.9568007588 -0.2811850011 0.0739415586
v 45.58202362 49.17011261 1133.617188
vn 0.7838951349 -0.6177170277 0.06272228807
v 45.7195282 49.38645935 1133.626099
vn 0.8857491016 -0.4589451849 0.06941078603
v 45.40056229 48.97950363 1133.604736
vn 0.6479242444 -0.7598329782 0.05336676165
v 45.17982483 48.82516479 1133.589111
vn 0.4838250577 -0.8741695285 0.04172412679
v 44.93056107 48.71775436 1133.571045
vn 0.2981485426 -0.9541014433 0.02824736573
v 44.66507721 48.66319656 1133.551514
vn 0.1015710682 -0.9947338104 0.01371075585
v 44.39986801 48.66302109 1133.531738
vn -0.09506449103 -0.9954705238 -0.001074637403
v 44.15006638 48.71242905 1133.512695
vn -0.280785799 -0.959649086 -0.01526206266
v 43.92694855 48.80198288 1133.495483
vn -0.4580280483 -0.8884644508 -0.02900441363
v 43.71125793 48.93977356 1133.478516
vn -0.6163114309 -0.7864063382 -0.04153691977
v 43.52125549 49.12165451 1133.463135
vn -0.7579703331 -0.6501303911 -0.05302339792
v 43.36745453 49.34293747 1133.450317
vn -0.8719192743 -0.4856317341 -0.06259860843
v 43.26044846 49.59284592 1133.440796
vn -0.9515479803 -0.2994917333 -0.06972181052
v 43.2061615 49.85904312 1133.435059
vn -0.9919933081 -0.1023617536 -0.07396877557
v 43.20610809 50.12498474 1133.433472
vn -0.9926471114 0.09483305365 -0.07522224635
v 43.25548553 50.37550735 1133.435669
vn -0.956844449 0.2811089754 -0.07366450876
v 43.34489441 50.59928131 1133.44104
vn -0.8857746124 0.4588956237 -0.06941268593
v 43.4824028 50.8156395 1133.450073
vn -0.7839326262 0.6176694036 -0.06272275001
v 43.66386414 51.0062561 1133.462524
vn -0.6479765773 0.7597882748 -0.05336780846
v 43.88460159 51.16057587 1133.478027
vn -0.4838761389 0.8741412163 -0.04172554985
v 44.13386536 51.26799774 1133.496094
vn -0.2981924713 0.954087615 -0.02825012803
v 44.3993454 51.32255173 1133.515625
vn -0.1015923694 0.9947316051 -0.01371205505
v 44.6645546 51.3227272 1133.535522
vn 0.09505855292 0.9954711199 0.001073986175
v 44.91435623 51.27333069 1133.554443
vn 0.2807922661 0.9596472383 0.01526199747
v 45.13747787 51.18376541 1133.571777
vn 0.4580537677 0.888451159 0.02900425903
v 45.35316467 51.04597855 1133.588745
vn 0.6163443327 0.7863805294 0.04153706506
v 45.54317093 50.86409378 1133.604004
vn 0.7580079436 0.6500865221 0.05302345753
v 45.69697189 50.64281464 1133.616821
vn 0.8719533682 0.4855704308 0.06259964406
v 45.80397797 50.39290619 1133.626343
vn 0.951570034 0.2994206548 0.06972635537
v 45.85826492 50.12671661 1133.63208
vn 0.9920013547 0.1022811979 0.07397170365
v 45.85831451 49.86076355 1133.633667
vn 0.9926396012 -0.09491104633 0.07522304356
v 45.80894089 49.61024475 1133.63147
vn 0.956822753 -0.2811836898 0.07366127521
v 45.48123169 49.17975235 1134.959106
vn 0.7837415934 -0.6177079082 0.06470006704
v 45.61876678 49.39610291 1134.967773
vn 0.8856122494 -0.4589494467 0.07110787183
v 45.29974747 48.98913574 1134.947021
vn 0.6477578282 -0.7598172426 0.05556593835
v 45.07899475 48.83481216 1134.931641
vn 0.4836545587 -0.8741493225 0.04405916482
v 44.82972717 48.7273941 1134.913696
vn 0.2979786992 -0.9540810585 0.03062650189
v 44.56424713 48.6728363 1134.894043
vn 0.1013960317 -0.9947169423 0.01603370346
v 44.29905319 48.67266083 1134.874023
vn -0.09522490948 -0.9954551458 0.001107748598
v 44.04927444 48.72206116 1134.854736
vn -0.2809309065 -0.9596359134 -0.0132931713
v 43.8261795 48.8116188 1134.837036
vn -0.4581499696 -0.8884546161 -0.02733032778
v 43.61052704 48.94940567 1134.81958
vn -0.6164125204 -0.786395967 -0.04021167755
v 43.42056656 49.13128281 1134.803711
vn -0.7580398321 -0.650123179 -0.05211029947
v 43.26681137 49.35255814 1134.790283
vn -0.8719537854 -0.4856285751 -0.0621410571
v 43.15985489 49.60246658 1134.780151
vn -0.9515486956 -0.2994838655 -0.06974555552
v 43.10561752 49.86865616 1134.773804
vn -0.9919558167 -0.1023675799 -0.0744618848
v 43.10560989 50.13459778 1134.771606
vn -0.992577076 0.09482130408 -0.0761557743
v 43.15502548 50.38511276 1134.773193
vn -0.9567452073 0.281095773 -0.07499149442
v 43.2444725 50.60888672 1134.778076
vn -0.8856464624 0.4588831365 -0.07111005485
v 43.3820076 50.82523727 1134.786743
vn -0.7837758064 0.6176642776 -0.06470178068
v 43.56349182 51.01585388 1134.798828
vn -0.6477966309 0.7597840428 -0.05556732416
v 43.78424454 51.17017746 1134.814209
vn -0.4836871326 0.8741312623 -0.04406038672
v 44.03351212 51.27758789 1134.832153
vn -0.297993511 0.9540764093 -0.03062832542
v 44.29898834 51.33215332 1134.851807
vn -0.1013985798 0.9947166443 -0.01603491418
v 44.56418228 51.3323288 1134.871826
vn 0.09524220973 0.9954535365 -0.001106810058
v 44.81396103 51.28292084 1134.891113
vn 0.2809588015 0.9596277475 0.01329577249
v 45.03705597 51.19337082 1134.908813
vn 0.4581858218 0.888436079 0.02733330242
v 45.25270844 51.05558395 1134.92627
vn 0.6164580584 0.7863602042 0.04021344706
v 45.44267273 50.87370682 1134.942139
vn 0.758084178 0.6500712633 0.05211256817
v 45.59642792 50.65242767 1134.955566
vn 0.8719967604 0.4855511487 0.06214255467
v 45.7033844 50.40252304 1134.965698
vn 0.9515761733 0.2993963957 0.06974679232
v 45.75762177 50.13633347 1134.972046
vn 0.9919656515 0.102270171 0.07446477562
v 45.75762558 49.87039185 1134.974243
vn 0.9925677776 -0.09491594881 0.07615923136
v 45.70820999 49.61987686 1134.972656
vn 0.9567249417 -0.2811641097 0.07499395311
v 45.37820053 49.19270325 1136.302734
vn 0.7835111618 -0.6176504493 0.06795691699
v 45.5157547 49.4090538 1136.311157
vn 0.8853957057 -0.4588748217 0.07421834767
v 45.19671249 49.00209427 1136.290649
vn 0.6475444436 -0.7597509027 0.05886172503
v 44.97597122 48.84776306 1136.275146
vn 0.483443588 -0.8740988374 0.04726001248
v 44.72672653 48.740345 1136.256836
vn 0.2977953553 -0.9540380239 0.03360590711
v 44.46128845 48.68578339 1136.236694
vn 0.1012420058 -0.9946866035 0.01867105626
v 44.1961441 48.68560028 1136.216064
vn -0.09535868466 -0.9954375029 0.003302702913
v 43.94642639 48.73498917 1136.195923
vn -0.2810330689 -0.959627986 -0.01160104759
v 43.72339249 48.82453918 1136.177612
vn -0.4582134485 -0.8884555697 -0.0262122564
v 43.50780869 48.96231461 1136.15918
vn -0.6164315939 -0.7864073515 -0.03969388455
v 43.31792068 49.14419174 1136.142334
vn -0.7580173016 -0.650138855 -0.0522428602
v 43.16424179 49.36545944 1136.12793
vn -0.8718887568 -0.4856440127 -0.06292754412
v 43.05735779 49.61535263 1136.116821
vn -0.9514397979 -0.299497515 -0.0711588189
v 43.00318527 49.88152695 1136.109619
vn -0.9918042421 -0.1023778841 -0.07644058764
v 43.00323486 50.14746475 1136.106689
vn -0.9923862815 0.09481414407 -0.07861125469
v 43.05269241 50.39797974 1136.107788
vn -0.9565234184 0.2810837924 -0.07781289518
v 43.14216614 50.62175369 1136.112305
vn -0.8854054809 0.4588571489 -0.07421049476
v 43.27972031 50.83809662 1136.120605
vn -0.7835146189 0.6176466942 -0.06795182079
v 43.46120834 51.02871323 1136.13269
vn -0.6475245953 0.759768486 -0.05885392427
v 43.68194962 51.18304062 1136.148315
vn -0.4834218919 0.8741112947 -0.04725211486
v 43.93119049 51.29046249 1136.166504
vn -0.2977499366 0.9540525675 -0.03359533474
v 44.19662857 51.34501648 1136.186646
vn -0.1011758 0.9946935177 -0.01866099611
v 44.46177292 51.34519958 1136.207397
vn 0.09542297572 0.9954313636 -0.003295244649
v 44.71149445 51.2958107 1136.227417
vn 0.281095773 0.9596095085 0.01160719153
v 44.93452454 51.20626068 1136.24585
vn 0.4582704604 0.8884259462 0.02621980198
v 45.15010834 51.06848526 1136.264282
vn 0.6164866686 0.7863637209 0.03970239684
v 45.33999634 50.88661575 1136.281128
vn 0.7580624819 0.6500855684 0.05224931985
v 45.49367905 50.66534805 1136.295532
vn 0.871922791 0.4855822921 0.06293257326
v 45.60056305 50.41545486 1136.306641
vn 0.9514584541 0.2994367778 0.07116460055
v 45.65473557 50.14927292 1136.313843
vn 0.9918084145 0.1023332402 0.0764458701
v 45.65468597 49.88333511 1136.316772
vn 0.9923818707 -0.09485851973 0.07861381769
v 45.60522842 49.63282013 1136.315674
vn 0.9565168619 -0.2811042964 0.07781910151
v 45.2713623 49.20892715 1137.644409
vn 0.7833030224 -0.6175680161 0.071036309
v 45.40891647 49.42527771 1137.65271
vn 0.8851774335 -0.458784163 0.07731758803
v 45.08988953 49.01831055 1137.63208
vn 0.6473522186 -0.7596814036 0.06180076674
v 44.86917877 48.86398315 1137.616211
vn 0.4832851589 -0.8740372658 0.04994257167
v 44.61997604 48.75655746 1137.597412
vn 0.2976541817 -0.9539979696 0.03591475263
v 44.35459518 48.70198441 1137.576538
vn 0.1011378989 -0.9946607351 0.02052111365
v 44.08951187 48.70179749 1137.555054
vn -0.09542171657 -0.995426178 0.004631840624
v 43.83985901 48.75117493 1137.53418
vn -0.2810681462 -0.9596267343 -0.01082804333
v 43.61689377 48.84070969 1137.515015
vn -0.4582153559 -0.8884595037 -0.026045857
v 43.40138245 48.97847748 1137.495728
vn -0.6163890958 -0.7864195704 -0.04010893404
v 43.21156693 49.16033173 1137.478027
vn -0.7579323649 -0.6501559615 -0.05325212702
v 43.0579567 49.38158417 1137.462646
vn -0.8717623949 -0.4856642783 -0.06450214237
v 42.95113373 49.63147354 1137.450806
vn -0.9512807727 -0.2994995117 -0.07324550301
v 42.89701462 49.89764023 1137.442993
vn -0.9916070104 -0.1023845896 -0.07894865423
v 42.89710236 50.1635704 1137.439575
vn -0.9921589494 0.09480985254 -0.08143535256
v 42.94658661 50.41407776 1137.440308
vn -0.9562756419 0.281072706 -0.08083941787
v 43.03607178 50.63784409 1137.444702
vn -0.8851403594 0.4588556886 -0.0773172006
v 43.17362595 50.85418701 1137.453003
vn -0.7832529545 0.6176316738 -0.07103468478
v 43.35509872 51.04481125 1137.465332
vn -0.6472639441 0.7597571015 -0.06179442257
v 43.57580948 51.19914246 1137.481201
vn -0.4831810594 0.8740953207 -0.04993386567
v 43.82501221 51.30656815 1137.5
vn -0.2975447476 0.9540324807 -0.03590501472
v 44.09039307 51.36113739 1137.520874
vn -0.1010197997 0.9946730137 -0.02050920762
v 44.35547638 51.36132812 1137.542358
vn 0.0955311805 0.9954157472 -0.004619685467
v 44.60512924 51.31195068 1137.563232
vn 0.2811557055 0.9596009851 0.01083730441
v 44.82809448 51.22241211 1137.58252
vn 0.458280921 0.8884254694 0.02605293132
v 45.0436058 51.08464432 1137.601685
vn 0.6164414287 0.7863782048 0.04011614248
v 45.23342133 50.90279007 1137.619507
vn 0.7579637766 0.6501188278 0.05325780436
v 45.38703156 50.68153763 1137.634766
vn 0.8717811704 0.4856303632 0.06450393796
v 45.49385452 50.43165207 1137.646606
vn 0.95128268 0.2994942367 0.07324223965
v 45.54797363 50.16547394 1137.654419
vn 0.9916044474 0.1024102494 0.07894752175
v 45.54788589 49.89955139 1137.657959
vn 0.9921635389 -0.09476297349 0.08143425733
v 45.49840164 49.64904404 1137.657104
vn 0.9562866092 -0.2810362577 0.08083676547
v 45.16165161 49.22603226 1138.97998
vn 0.7832604051 -0.6175255179 0.07187065482
v 45.29917526 49.442379 1138.988647
vn 0.8851015568 -0.458743006 0.07842279226
v 44.98021698 49.03541565 1138.967163
vn 0.6473271847 -0.7596611381 0.06230956316
v 44.75954437 48.88106918 1138.950806
vn 0.4833005071 -0.8740192652 0.05010963231
v 44.51038742 48.77364349 1138.931519
vn 0.2976955175 -0.953992188 0.03572525829
v 44.24504471 48.71905899 1138.910156
vn 0.1011947915 -0.9946659207 0.01998445019
v 43.97999954 48.71887207 1138.888184
vn -0.09534883499 -0.9954367876 0.003775472054
v 43.7303772 48.76824951 1138.866943
vn -0.2809672356 -0.9596428275 -0.01195907779
v 43.50743866 48.85777664 1138.847412
vn -0.4580977559 -0.8884782791 -0.02743722685
v 43.29195023 48.9955368 1138.827881
vn -0.6162611246 -0.7864382267 -0.04167906567
v 43.10214615 49.17739105 1138.809937
vn -0.7578001022 -0.6501683593 -0.05495543405
v 42.94854355 49.39864349 1138.794556
vn -0.8716212511 -0.4856796861 -0.0662696138
v 42.8417244 49.64853287 1138.782593
vn -0.9511355162 -0.2995239496 -0.07501127571
v 42.78759384 49.91470718 1138.774902
vn -0.9914695024 -0.1023922712 -0.08064754307
v 42.78766632 50.18063736 1138.771606
vn -0.9920302033 0.09479864687 -0.08300173283
v 42.83712769 50.43115234 1138.772705
vn -0.9561576843 0.2810730934 -0.08222136647
v 42.92658615 50.6549263 1138.777344
vn -0.8850492835 0.458842665 -0.07842959464
v 43.0641098 50.87127686 1138.786133
vn -0.7831794024 0.6176275015 -0.07187712193
v 43.24554443 51.06190109 1138.798828
vn -0.6472216249 0.7597506046 -0.06231496483
v 43.46621704 51.21623611 1138.815308
vn -0.4831649661 0.8740941882 -0.05010960996
v 43.71537399 51.3236618 1138.834595
vn -0.2975720465 0.9540307522 -0.03572423011
v 43.98071671 51.37824631 1138.855957
vn -0.1010791287 0.9946776628 -0.01998330839
v 44.24576187 51.37844467 1138.877808
vn 0.09544274956 0.9954277873 -0.003772486467
v 44.49538422 51.32906723 1138.89917
vn 0.2810427845 0.9596206546 0.01196465828
v 44.71832275 51.23953247 1138.918701
vn 0.4581469595 0.8884527683 0.0274414625
v 44.93381119 51.10176849 1138.938232
vn 0.6162906289 0.7864149213 0.04168245196
v 45.12361526 50.91991806 1138.956177
vn 0.7578004599 0.650167942 0.05495569855
v 45.27721786 50.6986618 1138.971558
vn 0.8716132045 0.4856938422 0.06627118587
v 45.38403702 50.44877625 1138.983521
vn 0.951123178 0.2995638549 0.0750080049
v 45.43816757 50.18259811 1138.991211
vn 0.9914631248 0.1024612263 0.0806383267
v 45.43809509 49.91666794 1138.994385
vn 0.9920406938 -0.0946976319 0.08299203217
v 45.38863373 49.6661644 1138.993408
vn 0.9561859965 -0.2809793651 0.08221250027
v 45.05143356 49.24010086 1140.307617
vn 0.7834489346 -0.6175497174 0.06957075745
v 45.18888855 49.45646286 1140.317139
vn 0.8852344751 -0.4587790966 0.07669243217
v 44.87005615 49.04947662 1140.294189
vn 0.6475508809 -0.7596964836 0.05949059129
v 44.64943314 48.89512634 1140.277222
vn 0.4835429192 -0.8740645051 0.04687739909
v 44.40031052 48.78769302 1140.257446
vn 0.2979606688 -0.9540345669 0.03220925853
v 44.13498688 48.73311615 1140.235962
vn 0.1014671847 -0.9947048426 0.01633148082
v 43.86994171 48.73291779 1140.213989
vn -0.09508524835 -0.9954691529 0.0001272874506
v 43.62030411 48.78230286 1140.192871
vn -0.2807167768 -0.9596659541 -0.01547109894
v 43.39733505 48.87183762 1140.173584
vn -0.4578593075 -0.8884943724 -0.03070271946
v 43.18180466 49.00960541 1140.154663
vn -0.6160616875 -0.7864367366 -0.04455550388
v 42.99194717 49.19146729 1140.137329
vn -0.7576298118 -0.650162518 -0.05732182413
v 42.83827591 49.41273499 1140.122803
vn -0.8715043664 -0.4856463969 -0.06802696735
v 42.73137283 49.66262817 1140.111816
vn -0.9510586858 -0.2995001078 -0.07607274503
v 42.67716217 49.92881775 1140.10498
vn -0.9914451838 -0.1023635417 -0.08098272234
v 42.67715073 50.19476318 1140.102783
vn -0.9920583963 0.09484012425 -0.0826164037
v 42.7265358 50.44528198 1140.104736
vn -0.956233263 0.2811249793 -0.08115870506
v 42.8159256 50.66906738 1140.110352
vn -0.8851807714 0.4588839412 -0.07668481767
v 42.95337677 50.88542938 1140.119873
vn -0.7833590508 0.6176652908 -0.06955674291
v 43.13475418 51.07605743 1140.133301
vn -0.647444427 0.7597882748 -0.05947706848
v 43.3553772 51.2304039 1140.150269
vn -0.4834104776 0.8741385341 -0.04686243832
v 43.60450363 51.33783722 1140.170044
vn -0.2978478968 0.9540703297 -0.03219323605
v 43.86982727 51.39242172 1140.191528
vn -0.1013685837 0.9947150946 -0.016317131
v 44.13487244 51.39260864 1140.213501
vn 0.09515698999 0.9954622984 -0.0001170296164
v 44.38450623 51.3432312 1140.234619
vn 0.2807602882 0.9596530795 0.01547901891
v 44.60747528 51.25368881 1140.253906
vn 0.4578830004 0.8884819746 0.03070797026
v 44.82300949 51.11592102 1140.272827
vn 0.6160570383 0.7864403725 0.04455682635
v 45.01286697 50.93406296 1140.290161
vn 0.757604897 0.6501916647 0.05732051656
v 45.16653824 50.71279526 1140.304688
vn 0.8714697957 0.4857092202 0.06802130491
v 45.2734375 50.46289825 1140.315674
vn 0.9510359168 0.299572736 0.07607174665
v 45.32764816 50.19670868 1140.322388
vn 0.9914334416 0.10247612 0.08098364621
v 45.32765961 49.93076324 1140.324707
vn 0.9920716286 -0.09470055997 0.08261778951
v 45.27827835 49.68024445 1140.322754
vn 0.9562747478 -0.280982852 0.08116165549
v 44.94281769 49.24717331 1141.629395
vn 0.7838859558 -0.6175913215 0.06406041235
v 45.08016968 49.46353912 1141.640259
vn 0.8856113553 -0.458801806 0.07206571102
v 44.76152039 49.05653763 1141.61499
vn 0.6480561495 -0.7597274184 0.0532682389
v 44.54095078 48.90219498 1141.597412
vn 0.4840730131 -0.8741047978 0.04017663747
v 44.29185104 48.79475403 1141.577393
vn 0.2985033095 -0.9540733099 0.02529701777
v 44.02652359 48.74017715 1141.555908
vn 0.1020028815 -0.9947388172 0.009492462501
v 43.76144028 48.73997879 1141.534424
vn -0.09458036721 -0.9954968095 -0.006373683456
v 43.51174545 48.78936386 1141.514038
vn -0.2802628279 -0.9596844912 -0.02141182311
v 43.28869629 48.87890625 1141.495728
vn -0.4574645758 -0.8885037303 -0.03587937728
v 43.07305908 49.01668167 1141.478027
vn -0.6157477498 -0.7864329219 -0.04876411706
v 42.88307571 49.19855118 1141.46228
vn -0.7574060559 -0.6501478553 -0.0603643842
v 42.72926331 49.41982269 1141.449341
vn -0.8713826537 -0.4856183231 -0.0697645247
v 42.62221146 49.66972733 1141.440308
vn -0.9510475397 -0.2994457781 -0.07642525434
v 42.56784821 49.93592453 1141.435425
vn -0.9915351272 -0.1023135781 -0.0799376145
v 42.56768799 50.20188141 1141.434937
vn -0.99224931 0.09487764537 -0.0802468136
v 42.61694336 50.45240021 1141.438477
vn -0.9565161467 0.2811650634 -0.0776085481
v 42.70622253 50.67619705 1141.445435
vn -0.8855425715 0.4589387178 -0.07203900069
v 42.84357452 50.89255905 1141.456177
vn -0.7837972045 0.6177074313 -0.06402737647
v 43.02487183 51.08319092 1141.470581
vn -0.6479346752 0.7598338127 -0.05322823673
v 43.24544144 51.2375412 1141.488159
vn -0.4839491546 0.8741751313 -0.04013757408
v 43.49454117 51.34497452 1141.508301
vn -0.2983926833 0.9541088343 -0.0252622515
v 43.75987244 51.39955902 1141.529663
vn -0.1019231603 0.9947472811 -0.00946342852
v 44.02495193 51.39975739 1141.55127
vn 0.09462100267 0.995492816 0.006393362302
v 44.27465057 51.35037231 1141.571655
vn 0.2802777886 0.959679842 0.02142236382
v 44.49769592 51.26082993 1141.589844
vn 0.4574548006 0.8885085583 0.03588312492
v 44.71333313 51.12304688 1141.607666
vn 0.6157153845 0.7864585519 0.04875945672
v 44.9033165 50.94118118 1141.623291
vn 0.7573546767 0.650208354 0.06035716832
v 45.05712891 50.71991348 1141.63623
vn 0.8713206649 0.4857307971 0.06975585967
v 45.16418076 50.47000122 1141.645386
vn 0.9510053992 0.2995812595 0.07641856372
v 45.21854782 50.20380783 1141.650146
vn 0.9915193319 0.1024650186 0.0799395591
v 45.21870422 49.93785477 1141.650635
vn 0.9922634363 -0.09471806884 0.08026046306
v 45.16944885 49.68732834 1141.647095
vn 0.9565640688 -0.2809955776 0.07763129473
v 44.83791351 49.24328995 1142.947144
vn 0.7846215963 -0.6174989939 0.05535336956
v 44.9751358 49.45964432 1142.959595
vn 0.8862439394 -0.4586999416 0.06454503536
v 44.65671158 49.05265808 1142.931519
vn 0.6488742232 -0.759642899 0.04364604503
v 44.436203 48.8983078 1142.913208
vn 0.4849424958 -0.8740308881 0.03001246601
v 44.18711853 48.79086685 1142.892944
vn 0.2993793786 -0.9540163279 0.01499621104
v 43.92175674 48.73628235 1142.871826
vn 0.1028556377 -0.9946961403 -0.0005207354552
v 43.65660858 48.7360878 1142.851196
vn -0.0937859863 -0.9954683781 -0.01571402885
v 43.40680313 48.78546524 1142.832153
vn -0.279553324 -0.9596686959 -0.0297642611
v 43.18362808 48.875 1142.815552
vn -0.4568676353 -0.8884970546 -0.04295258597
v 42.96782684 49.01276779 1142.799927
vn -0.6152755618 -0.7864404917 -0.05428950116
v 42.77765656 49.19462967 1142.786499
vn -0.7570888996 -0.65016222 -0.06407402456
v 42.62363052 49.41588974 1142.776367
vn -0.8712238669 -0.4856542349 -0.07147651166
v 42.51636124 49.66578293 1142.77002
vn -0.9510633945 -0.2994903326 -0.07605214417
v 42.46177673 49.9319725 1142.767822
vn -0.9917227626 -0.1023582891 -0.07751581818
v 42.46141815 50.19791794 1142.77002
vn -0.9925951958 0.09482609481 -0.07591328025
v 42.51049423 50.44843674 1142.775757
vn -0.9570086598 0.2810851634 -0.07159330696
v 42.59962463 50.67222977 1142.784546
vn -0.8861610889 0.4588642418 -0.06451494992
v 42.73685074 50.88858414 1142.796875
vn -0.7845195532 0.6176316738 -0.05531898886
v 42.91804886 51.079216 1142.8125
vn -0.6487402916 0.7597593069 -0.04361066222
v 43.13856125 51.23356628 1142.830933
vn -0.4848165214 0.8741019368 -0.02997983061
v 43.38764572 51.34100342 1142.851196
vn -0.2992806733 0.9540476799 -0.01497166324
v 43.65300369 51.39558411 1142.872192
vn -0.1027861685 0.9947033525 0.0005373305175
v 43.91815567 51.39577866 1142.892822
vn 0.0938045159 0.9954665303 0.01572056115
v 44.16795731 51.34640121 1142.911865
vn 0.2795458138 0.9596709013 0.02976349369
v 44.39113235 51.25687408 1142.928467
vn 0.4568256736 0.8885189295 0.04294617102
v 44.60693359 51.11910629 1142.944214
vn 0.6151977777 0.7865021229 0.0542781651
v 44.7971077 50.93724442 1142.95752
vn 0.7570080757 0.6502577066 0.06406050175
v 44.95112991 50.71598434 1142.967773
vn 0.8711437583 0.4857992828 0.07146785408
v 45.0583992 50.46608353 1142.974121
vn 0.9510061145 0.2996722162 0.076051943
v 45.1129837 50.19989777 1142.976196
vn 0.9917010665 0.1025633961 0.07752268761
v 45.1133461 49.93395615 1142.974121
vn 0.9926134348 -0.09462135285 0.07592972368
v 45.06427002 49.68343353 1142.968262
vn 0.9570580721 -0.280910939 0.07161647081
v 44.73933792 49.22457504 1144.255737
vn 0.7855069041 -0.6173292398 0.04340003058
v 44.87641144 49.44091034 1144.270264
vn 0.8870175481 -0.4585572183 0.05408438668
v 44.55825043 49.03396606 1144.238647
vn 0.6498318911 -0.7594624162 0.03058273345
v 44.33780289 48.87963104 1144.219482
vn 0.4859433174 -0.873837471 0.01634526066
v 44.08872604 48.77219009 1144.199219
vn 0.3003773391 -0.9538195729 0.001272584894
v 43.82331467 48.71759796 1144.178833
vn 0.1038098931 -0.9945022464 -0.01374013722
v 43.55805969 48.71737289 1144.159546
vn -0.09290381521 -0.9952835441 -0.02792016044
v 43.3081131 48.76673126 1144.142456
vn -0.2787835002 -0.9594973922 -0.04055202752
v 43.08476639 48.85623169 1144.128052
vn -0.45622769 -0.8883461952 -0.05193542689
v 42.86874771 48.99396515 1144.115234
vn -0.6148023009 -0.7863076329 -0.06114310026
v 42.67832565 49.17577744 1144.105225
vn -0.7567973733 -0.6500555277 -0.06845100969
v 42.52403259 49.39698792 1144.098633
vn -0.8711218834 -0.485586226 -0.07316187024
v 42.41648102 49.64683151 1144.095947
vn -0.9511644244 -0.2994478345 -0.07494798303
v 42.36162186 49.91296768 1144.097534
vn -0.9920142889 -0.102364108 -0.0736830011
v 42.36100769 50.17886734 1144.103027
vn -0.9930644035 0.09478383511 -0.0695637539
v 42.40986252 50.42934418 1144.111694
vn -0.9576351643 0.2809962928 -0.06305510551
v 42.49881363 50.65309906 1144.122803
vn -0.8869247437 0.4587417245 -0.05404179171
v 42.63588715 50.86943436 1144.137207
vn -0.7853835821 0.6174896955 -0.04334928095
v 42.81697464 51.06005096 1144.154297
vn -0.6496884823 0.7595874071 -0.03052657284
v 43.03742218 51.2143898 1144.173462
vn -0.4858028591 0.873916626 -0.01628884859
v 43.28649902 51.32183075 1144.193848
vn -0.3002766967 0.9538513422 -0.001222472754
v 43.5519104 51.37641907 1144.214233
vn -0.1037384048 0.9945091605 0.01378153265
v 43.81716537 51.37663651 1144.233398
vn 0.09292110056 0.9952811003 0.02795093507
v 44.06711197 51.32728958 1144.25061
vn 0.2787578404 0.9595040083 0.04057299718
v 44.29045868 51.23778915 1144.264893
vn 0.456178695 0.8883706927 0.05194676295
v 44.50647736 51.10005569 1144.27771
vn 0.6147013307 0.7863863707 0.0611451678
v 44.6968956 50.91824341 1144.287842
vn 0.7566818595 0.650190115 0.06844957173
v 44.85119247 50.69703293 1144.294434
vn 0.8710281253 0.4857550859 0.07315719873
v 44.95874405 50.44718552 1144.296997
vn 0.9510926008 0.2996759713 0.07494761795
v 45.01360321 50.18104553 1144.295532
vn 0.9919880629 0.1026096568 0.07369484752
v 45.01421738 49.91514969 1144.290039
vn 0.9930863976 -0.09453489631 0.06958890706
v 44.96536255 49.66466522 1144.281372
vn 0.9576941133 -0.2807873785 0.06309057027
v 44.64912415 49.18723679 1145.557739
vn 0.7865575552 -0.6168699861 0.02826066315
v 44.78601837 49.40349197 1145.574707
vn 0.8879473209 -0.458137691 0.0407362245
v 44.46816254 48.99668503 1145.538818
vn 0.6509702206 -0.7589715123 0.01414486207
v 44.24778366 48.84237289 1145.518555
vn 0.487118274 -0.8733356595 -0.0007566311397
v 43.99870682 48.73493958 1145.498291
vn 0.3015517294 -0.9533188939 -0.015801467
v 43.73323059 48.68032074 1145.47876
vn 0.1049326658 -0.9940239191 -0.03009348549
v 43.46785355 48.68005371 1145.461304
vn -0.09187966585 -0.994844377 -0.04292739928
v 43.21773148 48.72933197 1145.446777
vn -0.2778857648 -0.9591112137 -0.05371398106
v 42.99417877 48.81874847 1145.435425
vn -0.4554833174 -0.8880283237 -0.06277436763
v 42.77790451 48.95637131 1145.42627
vn -0.6142415404 -0.7860715389 -0.06927404553
v 42.58718872 49.13805389 1145.420532
vn -0.756456852 -0.6499055028 -0.07345685363
v 42.43257141 49.35913467 1145.418579
vn -0.8710106015 -0.4855383337 -0.07478670031
v 42.32468796 49.60883331 1145.420654
vn -0.9512904882 -0.2995067239 -0.07308993489
v 42.26950455 49.87483215 1145.427002
vn -0.9923748374 -0.1025053337 -0.06844606251
v 42.26859283 50.1405983 1145.436768
vn -0.9936366081 0.09454374015 -0.06121896952
v 42.31719208 50.39096451 1145.449219
vn -0.9583901763 0.2806804478 -0.05202650651
v 42.40593338 50.61462784 1145.463379
vn -0.8878438473 0.4583439231 -0.04067162052
v 42.54282761 50.83088684 1145.480347
vn -0.7864265442 0.6170405149 -0.0281833373
v 42.72378922 51.0214386 1145.499268
vn -0.650826335 0.7590965033 -0.01405724511
v 42.94416809 51.1757431 1145.519531
vn -0.4869885743 0.8734079003 0.0008476479561
v 43.19324493 51.28317642 1145.539795
vn -0.3014728427 0.9533423781 0.01588962786
v 43.45872116 51.33779526 1145.559326
vn -0.1049046293 0.9940244555 0.0301722642
v 43.72409821 51.33806992 1145.576782
vn 0.09186091274 0.9948434234 0.04299044609
v 43.97422028 51.28878784 1145.591309
vn 0.2778175175 0.959128201 0.05376305804
v 44.19777298 51.19937134 1145.602661
vn 0.455393672 0.8880717158 0.0628111586
v 44.41404724 51.06175232 1145.611816
vn 0.6141089797 0.7861731052 0.06929615885
v 44.60476303 50.88005829 1145.617554
vn 0.7563003898 0.6500859261 0.07347112894
v 44.75938034 50.65898895 1145.619629
vn 0.8708809018 0.485768944 0.07479946315
v 44.86726379 50.40928268 1145.617432
vn 0.9512033463 0.2997802794 0.07310222089
v 44.9224472 50.14329147 1145.611206
vn 0.9923425913 0.1028039232 0.06846544892
v 44.92335892 49.87752151 1145.601318
vn 0.9936606884 -0.09426945448 0.06125111878
v 44.87475967 49.62715912 1145.588867
vn 0.9584565759 -0.2804448009 0.05207401514
v 44.56948471 49.12768555 1146.851929
vn 0.7876247764 -0.6160727739 0.01007812843
v 44.70619202 49.34378815 1146.871948
vn 0.8889029026 -0.4574335515 0.02462155558
v 44.38865662 48.93723679 1146.830811
vn 0.6521072388 -0.7581067085 -0.005512742326
v 44.16834641 48.78298187 1146.809448
vn 0.4882850051 -0.8724284172 -0.02112873271
v 43.91926956 48.67555618 1146.789185
vn 0.3026864827 -0.9524074793 -0.03606811166
v 43.65372086 48.62088776 1146.770874
vn 0.1060187966 -0.9931352139 -0.04942101985
v 43.38820267 48.62051773 1146.755615
vn -0.09089848399 -0.9940158725 -0.06057969108
v 43.13789368 48.66964722 1146.744141
vn -0.2770294547 -0.9583728909 -0.0691094771
v 42.91411591 48.75889587 1146.73645
vn -0.4548053145 -0.8873977065 -0.07534877956
v 42.69756699 48.89630508 1146.731812
vn -0.6137427092 -0.7855855823 -0.07858251035
v 42.50653458 49.07775116 1146.731201
vn -0.7561739087 -0.649582684 -0.07901529968
v 42.35157776 49.2985611 1146.734863
vn -0.8709586859 -0.4853941202 -0.07631211728
v 42.24333954 49.54799271 1146.742798
vn -0.9514671564 -0.2995721102 -0.0704755187
v 42.18781281 49.8137207 1146.754639
vn -0.9927814603 -0.1027692854 -0.0618336685
v 42.18658066 50.07924271 1146.769653
vn -0.9942570329 0.09411002696 -0.05095352978
v 42.23490524 50.32939529 1146.786621
vn -0.9591952562 0.2800936997 -0.03862563148
v 42.32342911 50.55288315 1146.804321
vn -0.8888118863 0.4576133192 -0.02456546389
v 42.46013641 50.76899338 1146.824341
vn -0.7875189185 0.6162090302 -0.01001945604
v 42.64096451 50.95944214 1146.845459
vn -0.652012527 0.7581877708 0.00556803681
v 42.86127472 51.11368942 1146.866821
vn -0.4882295132 0.8724583387 0.02117456682
v 43.11035538 51.22111893 1146.887207
vn -0.3027025163 0.9524012208 0.0360978581
v 43.37590408 51.27579117 1146.905396
vn -0.1060836017 0.9931272864 0.0494411625
v 43.64141846 51.27616119 1146.920654
vn 0.09076525271 0.9940274954 0.06058897078
v 43.89173126 51.22703171 1146.932129
vn 0.276866734 0.9584200382 0.06910735369
v 44.11550522 51.13778305 1146.939941
vn 0.4546194077 0.887493968 0.07533728331
v 44.33205414 51.00037384 1146.944458
vn 0.6135350466 0.7857487202 0.07857299596
v 44.52308655 50.81892776 1146.945068
vn 0.7559680939 0.6498227715 0.07901019603
v 44.67804718 50.59811783 1146.941406
vn 0.8707883954 0.4856983125 0.07632023096
v 44.78628159 50.34868622 1146.933472
vn 0.9513627291 0.2998977005 0.07050029933
v 44.84181213 50.08295059 1146.921631
vn 0.9927446246 0.103102684 0.06187003478
v 44.84304047 49.81742859 1146.906616
vn 0.9942824841 -0.09381655604 0.05099804699
v 44.79471588 49.56728363 1146.889771
vn 0.959261775 -0.279858768 0.03867728263
v 44.50214386 49.04246902 1148.143433
vn 0.7886497974 -0.6147564054 -0.01030063909
v 44.63869858 49.2583847 1148.166504
vn 0.8898235559 -0.4562599957 0.006394816097
v 44.32141876 48.85214996 1148.120361
vn 0.6531909108 -0.7566984296 -0.02736982517
v 44.10115051 48.6979599 1148.098145
vn 0.4893907905 -0.8709732294 -0.04361543059
v 43.8520546 48.59049606 1148.078247
vn 0.30377388 -0.9509602785 -0.05827507004
v 43.58642197 48.53572464 1148.061646
vn 0.1070210785 -0.9917576313 -0.07045038044
v 43.32076263 48.53516769 1148.049072
vn -0.08997236937 -0.9927566051 -0.07961999625
v 43.07027054 48.5840683 1148.041138
vn -0.2762293816 -0.9572774768 -0.08554074913
v 42.84628296 48.67304993 1148.037354
vn -0.4541689754 -0.8865047693 -0.08854300529
v 42.62947845 48.81012726 1148.03772
vn -0.6133075356 -0.7849137187 -0.08811526
v 42.43815613 48.99121094 1148.042725
vn -0.7559303641 -0.6491932273 -0.08436514437
v 42.28288651 49.21162796 1148.052368
vn -0.8709354997 -0.4852956831 -0.07719755918
v 42.17433167 49.4606514 1148.066406
vn -0.9516659379 -0.2997800112 -0.06681264937
v 42.11849976 49.72599792 1148.084106
vn -0.9931958318 -0.1032829508 -0.05380243436
v 42.11699295 49.99116898 1148.10437
vn -0.9948730469 0.09332530946 -0.03896154463
v 42.16508484 50.24102783 1148.125854
vn -0.9599853158 0.2790822685 -0.02326590195
v 42.25342178 50.46427536 1148.147217
vn -0.8897497058 0.4564046562 -0.006346585695
v 42.3899765 50.68019485 1148.170166
vn -0.7885727882 0.6148545146 0.01034028176
v 42.5707016 50.8705101 1148.193237
vn -0.6531506181 0.7567324638 0.02739051171
v 42.79096985 51.02470779 1148.215454
vn -0.4894073606 0.8709639311 0.04361516982
v 43.04006577 51.13216782 1148.235352
vn -0.303873539 0.9509299397 0.05825071037
v 43.30569839 51.18695068 1148.252075
vn -0.1071819291 0.9917433262 0.0704075247
v 43.57135773 51.18749619 1148.264526
vn 0.08977359533 0.9927784801 0.07957106084
v 43.82184982 51.1385994 1148.272583
vn 0.2760020792 0.9573474526 0.0854908675
v 44.0458374 51.04961777 1148.276245
vn 0.4539289773 0.8866324425 0.08849530667
v 44.26264191 50.91253662 1148.275879
vn 0.6130362153 0.7851299644 0.0880767405
v 44.45396423 50.73145676 1148.270996
vn 0.7556893826 0.6494767666 0.08434179425
v 44.60923386 50.51103973 1148.261353
vn 0.8707515597 0.4856259227 0.07719607651
v 44.71778488 50.26200867 1148.247314
vn 0.9515553117 0.3001259267 0.06683492661
v 44.77362061 49.9966774 1148.229492
vn 0.9931588173 0.1036168635 0.05384294316
v 44.77512741 49.73149872 1148.209229
vn 0.9948967099 -0.09305196255 0.03901069611
v 44.72703552 49.48163986 1148.187744
vn 0.9600456953 -0.2788701355 0.02331738546
v 44.44903946 48.93067932 1149.436279
vn 0.7894945741 -0.6129536629 -0.03140272945
v 44.58549881 49.14638901 1149.46167
vn 0.8905947804 -0.4546157718 -0.01286038104
v 44.26837158 48.74047852 1149.411743
vn 0.6540819407 -0.7547959089 -0.0495974049
v 44.04811478 48.58630371 1149.389282
vn 0.4902882874 -0.8690496087 -0.06610697508
v 43.7989769 48.47875595 1149.370361
vn 0.3046633303 -0.949084878 -0.08011321723
v 43.53325653 48.42380142 1149.355713
vn 0.1078383327 -0.990016818 -0.09076094627
v 43.2674675 48.42296982 1149.346436
vn -0.08925805986 -0.991211772 -0.09763334692
v 43.01681519 48.47153473 1149.342285
vn -0.2756111324 -0.9559822679 -0.100679487
v 42.79265213 48.56013489 1149.342896
vn -0.4536928833 -0.8855075836 -0.1001954153
v 42.57563782 48.69676971 1149.348389
vn -0.6129847765 -0.78424716 -0.09594818205
v 42.38408661 48.8773613 1149.359009
vn -0.7557762861 -0.6489016414 -0.08791393042
v 42.22857285 49.09726334 1149.374512
vn -0.8709657788 -0.4853911698 -0.07625002414
v 42.11977768 49.3457756 1149.394531
vn -0.9518857598 -0.3002482653 -0.06135509908
v 42.06371689 49.61063766 1149.417847
vn -0.9935868382 -0.1041227728 -0.04408700019
v 42.0620079 49.87538147 1149.443115
vn -0.9954198003 0.09214905649 -0.02545475774
v 42.10993195 50.12488937 1149.468628
vn -0.9606643915 0.2776334584 -0.006604396738
v 42.19814301 50.3478775 1149.493042
vn -0.8905343413 0.4547331333 0.01289743278
v 42.33460236 50.56358719 1149.518555
vn -0.7894373536 0.6130260229 0.03142863512
v 42.51527405 50.75378036 1149.542969
vn -0.6540647149 0.7548104525 0.04960378632
v 42.73553085 50.90795517 1149.56543
vn -0.4903481007 0.869017005 0.06609266251
v 42.98466873 51.01550293 1149.584473
vn -0.3047852516 0.9490484595 0.08008078486
v 43.2503891 51.07046509 1149.598999
vn -0.1080450788 0.9899986386 0.09071373194
v 43.51617432 51.07129669 1149.608398
vn 0.08901446313 0.9912385941 0.09758313745
v 43.76682663 51.02273178 1149.612427
vn 0.2753741145 0.9560554624 0.1006331965
v 43.99098969 50.93412399 1149.611816
vn 0.4534385502 0.8856415749 0.100162141
v 44.20800781 50.79748917 1149.606323
vn 0.6126954556 0.7844753265 0.09593059868
v 44.39955902 50.61689758 1149.595825
vn 0.7555336356 0.649184227 0.08791352063
v 44.55507278 50.39700317 1149.5802
vn 0.8707892299 0.485705018 0.07626730949
v 44.66386414 50.14848328 1149.560181
vn 0.9517751336 0.3005911112 0.06139244139
v 44.71992874 49.88362885 1149.536865
vn 0.9935511947 0.1044407859 0.04413794354
v 44.72163773 49.61888504 1149.511597
vn 0.9954416156 -0.09189842641 0.02550758049
v 44.67370987 49.36937714 1149.486084
vn 0.9607147574 -0.2774579525 0.006650019437
v 44.41242218 48.79496384 1150.731201
vn 0.7900930643 -0.6107455492 -0.0523718074
v 44.54882812 49.01049042 1150.758301
vn 0.8911587596 -0.4525250196 -0.03251391649
v 44.23177338 48.60484695 1150.705811
vn 0.654712081 -0.7525235415 -0.0711363703
v 44.01150894 48.45063782 1150.683838
vn 0.4909112453 -0.8668172359 -0.08737304062
v 43.76232529 48.34292984 1150.666382
vn 0.3052708507 -0.9469760656 -0.1002301946
v 43.49653244 48.28767776 1150.654419
vn 0.1084192917 -0.9881204963 -0.1089178324
v 43.23064423 48.28647614 1150.648682
vn -0.0887838155 -0.9896009564 -0.1131696105
v 42.97987366 48.33459473 1150.648804
vn -0.2752069533 -0.9547069669 -0.1131183803
v 42.7555809 48.42272568 1150.653931
vn -0.4533960521 -0.8846168518 -0.1090183929
v 42.53841782 48.558815 1150.664673
vn -0.6127855182 -0.7837777138 -0.1009276956
v 42.34670639 48.73880768 1150.680908
vn -0.7557106614 -0.6488724947 -0.08868969232
v 42.19102859 48.95809937 1150.702271
vn -0.8710221648 -0.4858312905 -0.07272128761
v 42.08207321 49.20602036 1150.727905
vn -0.952073276 -0.301132977 -0.05362270772
v 42.02585983 49.4703331 1150.756592
vn -0.9938981533 -0.1054069102 -0.03249383718
v 42.02402496 49.73460388 1150.786377
vn -0.9958391786 0.0905174613 -0.01053018402
v 42.07184601 49.98374176 1150.81543
vn -0.9611735344 0.2757261097 0.01098159235
v 42.15998459 50.20646286 1150.842407
vn -0.8911110759 0.4526176453 0.03253103048
v 42.29639435 50.42198181 1150.869629
vn -0.7900713086 0.6107740998 0.05236734822
v 42.47703934 50.61209869 1150.894897
vn -0.654728651 0.7525113821 0.071113199
v 42.69730759 50.76631546 1150.916992
vn -0.4910162389 0.866762042 0.08733024448
v 42.94648743 50.87402344 1150.934448
vn -0.305429846 0.9469299912 0.100180991
v 43.21228027 50.92926788 1150.946289
vn -0.1086262539 0.9881033301 0.10886769
v 43.47816849 50.93046951 1150.952026
vn 0.08848240972 0.9896332026 0.1131238937
v 43.72893906 50.88235855 1150.952026
vn 0.2749433219 0.9547865391 0.113087751
v 43.95323181 50.7942276 1150.946777
vn 0.4531280696 0.8847557902 0.1090053171
v 44.17039871 50.65813828 1150.936035
vn 0.6124959588 0.7840025425 0.1009390801
v 44.36210632 50.47814178 1150.919922
vn 0.7554616332 0.6491575837 0.08872527629
v 44.51778793 50.25884628 1150.898438
vn 0.870845139 0.486140132 0.07277730852
v 44.62674332 50.01092529 1150.872803
vn 0.9519687891 0.3014518321 0.05368644744
v 44.68295288 49.74662018 1150.844238
vn 0.9938645959 0.1057023853 0.03256005794
v 44.68478775 49.4823494 1150.814453
vn 0.9958589077 -0.09029366821 0.01058607176
v 44.63696671 49.23321152 1150.785278
vn 0.9612158537 -0.275579989 -0.01094402932
v 44.39464951 48.63884354 1152.02417
vn 0.7903383374 -0.6082823277 -0.07319803536
v 44.53103638 48.8542366 1152.052612
vn 0.8914017677 -0.4501534402 -0.05258072168
v 44.21400833 48.44873047 1151.998901
vn 0.6549375653 -0.7500656247 -0.09196918458
v 43.99372864 48.29438019 1151.977905
vn 0.4911278486 -0.864443481 -0.1073820591
v 43.74452209 48.18641281 1151.962646
vn 0.3054437339 -0.9447962642 -0.118592374
v 43.47868347 48.13078308 1151.953979
vn 0.1085667312 -0.9862127304 -0.1248908713
v 43.21274185 48.12909698 1151.952148
vn -0.08863965422 -0.98804003 -0.126173988
v 42.96191025 48.17667389 1151.956787
vn -0.2751200795 -0.9535352588 -0.1227985695
v 42.73755264 48.26423645 1151.966553
vn -0.453350395 -0.8838885427 -0.1149540544
v 42.52031326 48.39968491 1151.982666
vn -0.6127921939 -0.7835037112 -0.1029935256
v 42.32852554 48.57901764 1152.004395
vn -0.7557585835 -0.649094224 -0.08663513511
v 42.17276764 48.7976265 1152.031494
vn -0.8711220622 -0.4865346253 -0.06656143814
v 42.06373596 49.04491425 1152.062378
vn -0.9522078633 -0.3023286164 -0.04356152564
v 42.00745392 49.30865097 1152.095703
vn -0.9940758944 -0.1070199013 -0.01896875165
v 42.00555801 49.57245255 1152.129517
vn -0.9960529804 0.08856678754 0.005861126352
v 42.0533371 49.82123184 1152.161499
vn -0.9614139199 0.2735161483 0.0295325499
v 42.14144135 50.04371262 1152.19043
vn -0.8913704157 0.4502147138 0.05258804187
v 42.27782822 50.25910568 1152.21875
vn -0.7903347611 0.6082892418 0.07317877561
v 42.45847321 50.44921875 1152.244141
vn -0.6549943089 0.7500213981 0.09192574769
v 42.67874908 50.6035614 1152.265137
vn -0.4912600815 0.8643761873 0.1073186919
v 42.92795563 50.71153641 1152.280396
vn -0.3056489825 0.9447387457 0.1185218096
v 43.19379425 50.76716614 1152.289062
vn -0.1088287011 0.9861912131 0.1248327345
v 43.45973587 50.76885223 1152.290894
vn 0.08834163845 0.9880723357 0.1261300743
v 43.71056747 50.72127533 1152.286255
vn 0.2748321891 0.9536215663 0.1227726713
v 43.93492508 50.63371277 1152.276367
vn 0.4530702233 0.8840326667 0.1149503812
v 44.15216446 50.49826431 1152.260376
vn 0.6124956608 0.783732295 0.103018187
v 44.34395218 50.31893539 1152.238647
vn 0.7555148602 0.6493712068 0.08668517321
v 44.49971008 50.10032272 1152.211548
vn 0.8709443808 0.4868430197 0.06663168222
v 44.60874557 49.85303497 1152.180664
vn 0.9521121979 0.3026185334 0.04363904521
v 44.6650238 49.58929825 1152.147217
vn 0.9940469861 0.107275866 0.01903984882
v 44.66691971 49.32549667 1152.113525
vn 0.9960705042 -0.08837323636 -0.005806940608
v 44.61914444 49.07671738 1152.081543
vn 0.9614499211 -0.2733929455 -0.02950076759
v 44.39793396 48.46484375 1153.320068
vn 0.7902700305 -0.6055269837 -0.09386371821
v 44.53432083 48.68018723 1153.348755
vn 0.8913314939 -0.4474317431 -0.07302762568
v 44.2172966 48.27464294 1153.29541
vn 0.6548705101 -0.7473832965 -0.1120840237
v 43.99702835 48.12005997 1153.276123
vn 0.4910730124 -0.8619379401 -0.1261360794
v 43.74782562 48.01170731 1153.263672
vn 0.3053861558 -0.9425804615 -0.1352084875
v 43.48200226 47.95556259 1153.258789
vn 0.1084895805 -0.9843716621 -0.1387172937
v 43.21607208 47.95327759 1153.261475
vn -0.08868517727 -0.9866327047 -0.1367145777
v 42.96525192 48.00020981 1153.270874
vn -0.2751446664 -0.952601552 -0.1297911704
v 42.74090576 48.08712387 1153.285522
vn -0.4533566535 -0.8834732175 -0.1180795431
v 42.52367783 48.22186279 1153.306885
vn -0.6127899885 -0.7836054564 -0.1022299379
v 42.33190155 48.4004631 1153.334106
vn -0.7557347417 -0.6497439742 -0.08183983713
v 42.17615128 48.61837387 1153.366455
vn -0.8710877299 -0.4877072275 -0.05786049739
v 42.06713104 48.86500168 1153.402344
vn -0.9521656632 -0.3039789796 -0.03126227111
v 42.01085663 49.12817001 1153.439941
vn -0.9940247536 -0.1090959534 -0.003593033645
v 42.00896835 49.3915329 1153.476929
vn -0.9960002303 0.08616401255 0.02364985272
v 42.05674744 49.64001083 1153.51123
vn -0.9613611698 0.2708953917 0.04899371415
v 42.1448555 49.86232376 1153.541504
vn -0.8913199902 0.4474540055 0.07303179801
v 42.28123856 50.07766724 1153.57019
vn -0.7902899384 0.6055036783 0.09384599328
v 42.46187592 50.26786804 1153.594849
vn -0.654951036 0.7473188043 0.1120437533
v 42.68214798 50.42245102 1153.614136
vn -0.4912299514 0.861856401 0.1260822117
v 42.93134689 50.53081131 1153.626587
vn -0.3056235313 0.942512393 0.1351465583
v 43.19717407 50.58695221 1153.63147
vn -0.1087834388 0.9843474627 0.1386585087
v 43.46310043 50.58922577 1153.628784
vn 0.08836513013 0.9866662025 0.1366800219
v 43.71392441 50.54229355 1153.619385
vn 0.2748330235 0.9526930451 0.1297795624
v 43.93826675 50.45538712 1153.604736
vn 0.4530678391 0.8836203218 0.1180875823
v 44.15549469 50.32065582 1153.583374
vn 0.612500906 0.7838268876 0.1022647768
v 44.34727097 50.14205551 1153.556152
vn 0.7554986477 0.6500111222 0.08189853281
v 44.50302124 49.92414474 1153.523804
vn 0.8709192872 0.4879998565 0.05792905763
v 44.61204529 49.67751694 1153.487915
vn 0.9520748258 0.3042560518 0.03133351728
v 44.66831589 49.41434479 1153.450317
vn 0.9939998388 0.1093203649 0.003657496534
v 44.67020798 49.15098572 1153.41333
vn 0.9960151911 -0.0860042721 -0.02360165678
v 44.62242508 48.90250397 1153.379028
vn 0.9613882303 -0.2708041668 -0.04896664247
v 44.42460251 48.27561951 1154.619995
vn 0.7898645401 -0.6025189161 -0.1143894941
v 44.56097794 48.49101257 1154.648315
vn 0.8909068108 -0.444385767 -0.09384211898
v 44.24399567 48.08520508 1154.59668
vn 0.6545030475 -0.7445299625 -0.1315329224
v 44.02377701 47.93025208 1154.579956
vn 0.4907397032 -0.8593719006 -0.1437165588
v 43.77465057 47.82138443 1154.571045
vn 0.3051267266 -0.940395534 -0.1501794904
v 43.50891113 47.76461411 1154.570435
vn 0.1083074063 -0.982659936 -0.1504957676
v 43.24308395 47.76162338 1154.578003
vn -0.08882018179 -0.985450387 -0.1449086666
v 42.99236679 47.80781555 1154.592529
vn -0.2751973569 -0.9519710541 -0.1342294216
v 42.76812363 47.89400101 1154.612183
vn -0.4533111155 -0.8834354877 -0.1185360104
v 42.55100632 48.02795792 1154.638916
vn -0.6126628518 -0.784147203 -0.09877958894
v 42.35933685 48.20578766 1154.671509
vn -0.7555356026 -0.6508649588 -0.07443641126
v 42.20369339 48.42295837 1154.708862
vn -0.8708101511 -0.4893932343 -0.0467325002
v 42.09476089 48.66893005 1154.749146
vn -0.9518359303 -0.3061460853 -0.01682066917
v 42.03856277 48.93157196 1154.790405
vn -0.9936543703 -0.1116572991 0.01355234906
v 42.03672791 49.19454956 1154.830078
vn -0.9956045747 0.08331766725 0.0427755639
v 42.08454132 49.44278717 1154.866089
vn -0.9609550834 0.267878741 0.06932745129
v 42.17266083 49.6650238 1154.896851
vn -0.8909107447 0.4443768263 0.09384740889
v 42.30903625 49.88041687 1154.925171
vn -0.7899059057 0.6024660468 0.1143822894
v 42.4896431 50.07083893 1154.948486
vn -0.6546089053 0.7444406748 0.1315117031
v 42.70986176 50.2257843 1154.96521
vn -0.4909185767 0.8592745066 0.1436879188
v 42.958992 50.33465195 1154.974121
vn -0.3053931594 0.9403125048 0.1501579732
v 43.22472763 50.39142227 1154.974731
vn -0.1086194441 0.9826279283 0.1504796147
v 43.49055862 50.39441681 1154.967163
vn 0.08849057555 0.9854807854 0.1449037194
v 43.74127197 50.34822083 1154.952637
vn 0.2748711109 0.9520625472 0.1342488229
v 43.96551514 50.26203918 1154.932983
vn 0.4530218542 0.8835785389 0.1185756475
v 44.18263245 50.12808609 1154.90625
vn 0.6123920679 0.7843517065 0.09883497655
v 44.37430191 49.95024872 1154.873657
vn 0.7553133368 0.6511147022 0.07450795919
v 44.52994537 49.733078 1154.836304
vn 0.8706538081 0.4896635413 0.04681430385
v 44.63887787 49.48710632 1154.796021
vn 0.9517541528 0.3063960671 0.0168974176
v 44.69507599 49.22445679 1154.754761
vn 0.9936335087 0.1118505076 -0.01348962914
v 44.69691086 48.96148682 1154.715088
vn 0.9956172109 -0.08318962157 -0.04272978753
v 44.64909744 48.71324158 1154.679077
vn 0.9609730244 -0.2678208351 -0.06930288672
v 44.47682571 48.07443619 1155.920532
vn 0.7888330817 -0.5995915532 -0.1350270957
v 44.61315918 48.2899971 1155.947754
vn 0.889904201 -0.4413407445 -0.1152774468
v 44.2963028 47.88368988 1155.899414
vn 0.6534975171 -0.7418069839 -0.1505435556
v 44.07621384 47.72824478 1155.885864
vn 0.4898018837 -0.8569658995 -0.1603234112
v 43.82725525 47.61874008 1155.881104
vn 0.3042716384 -0.9384174943 -0.1636808515
v 43.56171417 47.56121826 1155.885376
vn 0.107618615 -0.9811751246 -0.1603546441
v 43.2960968 47.55739975 1155.898193
vn -0.08932124078 -0.9845173359 -0.1508221328
v 43.04559708 47.60276794 1155.918091
vn -0.2755464613 -0.9515991211 -0.1361367851
v 42.82156372 47.6881485 1155.942993
vn -0.4534593225 -0.8836578131 -0.1162907779
v 42.60466385 47.82127762 1155.974976
vn -0.6126115918 -0.7849466801 -0.0925514549
v 42.41320419 47.99829865 1156.012695
vn -0.7553025484 -0.6522155404 -0.06428863108
v 42.25775146 48.21473312 1156.054932
vn -0.8703922033 -0.4912516177 -0.03300380334
v 42.14898682 48.46007919 1156.099243
vn -0.9512377381 -0.3084587455 -2.946368841e-05
v 42.09291458 48.722229 1156.143677
vn -0.9929041862 -0.1143319607 0.03270244598
v 42.09115982 48.98488617 1156.185425
vn -0.994738996 0.08039712161 0.0634875074
v 42.13901138 49.23298264 1156.22229
vn -0.9600132704 0.2648254931 0.09078545868
v 42.22713089 49.45521927 1156.253052
vn -0.8899223208 0.4413024485 0.1152839288
v 42.36346436 49.67078018 1156.280396
vn -0.7888967395 0.5995107293 0.1350142658
v 42.54398346 49.86152267 1156.301392
vn -0.6536154151 0.7417060733 0.1505287886
v 42.76407242 50.01697159 1156.314941
vn -0.4900112748 0.8568490744 0.1603077501
v 43.01303482 50.12647629 1156.319702
vn -0.304558754 0.93832618 0.1636700779
v 43.27857208 50.18400574 1156.31543
vn -0.1079662591 0.9811343551 0.1603702754
v 43.54418945 50.18781281 1156.302612
vn 0.08899646997 0.9845427275 0.1508485675
v 43.79468918 50.14244843 1156.282715
vn 0.2752154768 0.9516888261 0.1361792088
v 44.01872253 50.05705643 1156.257935
vn 0.4531651437 0.8837999701 0.1163570285
v 44.23562241 49.92393494 1156.22583
vn 0.61235255 0.7851388454 0.09263540059
v 44.42708206 49.74691391 1156.18811
vn 0.7550885677 0.6524540782 0.06438159943
v 44.58253479 49.53048325 1156.145874
vn 0.8702430725 0.4915093482 0.03309902176
v 44.69130325 49.28513336 1156.101562
vn 0.9511636496 0.3086870611 0.0001164183268
v 44.74737549 49.02298355 1156.057129
vn 0.9928876162 0.1144956499 -0.03263384476
v 44.74912643 48.7603302 1156.015381
vn 0.9947491288 -0.08030636609 -0.06344299763
v 44.70127487 48.51223373 1155.978516
vn 0.9600233436 -0.2647977471 -0.09076004475
v 44.55852127 47.86028671 1157.245239
vn 0.7886392474 -0.5951206088 -0.1545301974
v 44.69474411 48.07613373 1157.270752
vn 0.8893308043 -0.4365779459 -0.1359795779
v 44.37818146 47.66907883 1157.227051
vn 0.653681457 -0.7378706932 -0.1680697352
v 44.15834045 47.51298523 1157.217529
vn 0.4904036522 -0.8537166715 -0.1751344651
v 43.90968323 47.40269089 1157.217529
vn 0.3052355051 -0.9360303283 -0.1751526743
v 43.64448166 47.34427643 1157.227417
vn 0.1088401526 -0.9797515869 -0.1680493802
v 43.37922668 47.33952713 1157.246094
vn -0.08785524964 -0.9840791225 -0.1544983685
v 43.12908554 47.38396454 1157.271606
vn -0.2739512622 -0.9521068335 -0.1358060837
v 42.90538406 47.46847534 1157.30188
vn -0.4517485797 -0.8850981593 -0.111912787
v 42.6888237 47.60071564 1157.339478
vn -0.6107612848 -0.7873056531 -0.08438280225
v 42.49768448 47.7768898 1157.382446
vn -0.7534159422 -0.6554479003 -0.05246423185
v 42.34251785 47.99258041 1157.429199
vn -0.8685719371 -0.4952384531 -0.01793462969
v 42.23398209 48.23731613 1157.477295
vn -0.9495816827 -0.3130191565 0.01771012321
v 42.1780777 48.49903107 1157.524414
vn -0.9914810658 -0.1192550287 0.0523786284
v 42.1764183 48.76144028 1157.567627
vn -0.993588388 0.07534027845 0.08429652452
v 42.22428894 49.00947952 1157.604858
vn -0.9591379762 0.2598597109 0.1119251996
v 42.31235886 49.23182678 1157.634888
vn -0.8893598318 0.4365226626 0.1359671205
v 42.4485817 49.44766998 1157.6604
vn -0.7887259722 0.595012784 0.154502973
v 42.62892151 49.63889313 1157.678589
vn -0.6538233161 0.7377534509 0.1680325121
v 42.84876633 49.79497147 1157.68811
vn -0.4906313419 0.8535919189 0.1751047522
v 43.09742355 49.90526581 1157.68811
vn -0.3055357337 0.935936749 0.1751295179
v 43.36262131 49.96368027 1157.678223
vn -0.1092121154 0.9797110558 0.1680446565
v 43.62787628 49.96842957 1157.659668
vn 0.08751437813 0.9841058254 0.1545216143
v 43.87802124 49.92399979 1157.634033
vn 0.2736645639 0.9521836638 0.1358453184
v 44.10172272 49.83948135 1157.60376
vn 0.4514588714 0.8852379918 0.1119757295
v 44.31827927 49.70724869 1157.566162
vn 0.6105152965 0.7874881625 0.08445957303
v 44.50941849 49.53106689 1157.523193
vn 0.7532168031 0.6556694508 0.05255489424
v 44.66458511 49.31538391 1157.47644
vn 0.8684438467 0.495459795 0.01802460663
v 44.77312088 49.07064819 1157.428345
vn 0.949518621 0.3132147789 -0.01763249561
v 44.82902527 48.80892563 1157.381226
vn 0.9914678335 0.1193900779 -0.0523212105
v 44.83068848 48.54651642 1157.338013
vn 0.993596375 -0.07527395338 -0.08426194638
v 44.78281784 48.2984848 1157.300781
vn 0.9591389894 -0.2598593831 -0.1119172946
v 44.66104889 47.65776443 1158.463501
vn 0.7848876715 -0.5942339301 -0.1756058335
v 44.79708862 47.87398148 1158.486816
vn 0.8860126734 -0.4355944991 -0.1588676274
v 44.48097992 47.46602249 1158.448486
vn 0.6496216655 -0.7370423675 -0.1864410192
v 44.26148605 47.30924988 1158.443115
vn 0.4862087369 -0.8529311419 -0.1900250763
v 44.01324463 47.19813538 1158.44812
vn 0.301127702 -0.9352862835 -0.1859077215
v 43.74850845 47.13880539 1158.463379
vn 0.1050217003 -0.9790813923 -0.1742702574
v 43.48373032 47.13311386 1158.487671
vn -0.0912219882 -0.9835276604 -0.1560508311
v 43.23404694 47.17663193 1158.518799
vn -0.276665628 -0.9517436624 -0.1328162402
v 43.01077271 47.26029968 1158.554199
vn -0.4538628459 -0.8849330544 -0.104412958
v 42.7946434 47.39169312 1158.596802
vn -0.6123306155 -0.7872518301 -0.07270300388
v 42.60389709 47.56709671 1158.644409
vn -0.7542822957 -0.6555138826 -0.0368748866
v 42.44907379 47.78210449 1158.695312
vn -0.8686486483 -0.4954275489 0.001009269268
v 42.34080124 48.02631378 1158.746582
vn -0.9488218427 -0.3133611381 0.03926692531
v 42.28507233 48.28768539 1158.795776
vn -0.9899156094 -0.1197691113 0.07564678043
v 42.28348923 48.5499382 1158.839966
vn -0.9913128614 0.07460352033 0.1083193943
v 42.3313446 48.79800797 1158.877075
vn -0.9563158154 0.2588842809 0.1357904226
v 42.41932297 49.02053833 1158.906006
vn -0.8860529065 0.4355249405 0.1588342339
v 42.55535889 49.23675537 1158.929321
vn -0.7849860787 0.5941154361 0.1755668968
v 42.73543167 49.4284935 1158.944336
vn -0.6497946978 0.7368988991 0.1864051819
v 42.95492172 49.58527756 1158.949707
vn -0.4864111543 0.8528219461 0.1899971515
v 43.20316315 49.69638443 1158.944702
vn -0.3013938665 0.9352016449 0.1859020591
v 43.46789932 49.75571442 1158.929443
vn -0.1053158566 0.9790481925 0.1742792577
v 43.73268127 49.76140594 1158.905151
vn 0.09093089402 0.983551681 0.1560695022
v 43.98236084 49.71788788 1158.874023
vn 0.2764436901 0.9518046379 0.1328415573
v 44.20563507 49.63422012 1158.838623
vn 0.453653276 0.8850359321 0.1044512615
v 44.42176819 49.50282669 1158.796021
vn 0.6121426821 0.7873937488 0.07274914533
v 44.61251068 49.32742691 1158.748413
vn 0.7541458607 0.6556684971 0.03691709787
v 44.7673378 49.11242294 1158.69751
vn 0.8685657978 0.4955728948 -0.0009732564213
v 44.87560654 48.86820602 1158.64624
vn 0.9487880468 0.3134663403 -0.03924465552
v 44.93133926 48.60683441 1158.597046
vn 0.9899092913 0.1198252067 -0.07564058155
v 44.93291855 48.3445816 1158.552856
vn 0.9913116097 -0.07460740954 -0.1083284989
v 44.88506317 48.09651184 1158.515747
vn 0.9563020468 -0.2589243948 -0.1358107775
v 44.80867386 47.42562103 1159.832153
vn 0.7847772241 -0.5885588527 -0.1942246854
v 44.94446945 47.64221573 1159.853271
vn 0.8851917982 -0.4295010269 -0.1787856817
v 44.62896729 47.23329544 1159.820557
vn 0.650252521 -0.7320914268 -0.2030120045
v 44.40995407 47.0757637 1159.819702
vn 0.4875567257 -0.8489593267 -0.2038541436
v 44.16228485 46.96374893 1159.829956
vn 0.3031513095 -0.9324837923 -0.1964008957
v 43.89818192 46.90342331 1159.851196
vn 0.1075688601 -0.9775792956 -0.1810184866
v 43.63406372 46.89669037 1159.881592
vn -0.08831436187 -0.9833442569 -0.1588540971
v 43.38502884 46.93918991 1159.918701
vn -0.2736029029 -0.9527818561 -0.1317127049
v 43.1623497 47.02192307 1159.959595
vn -0.4505907297 -0.8871726394 -0.09946188331
v 42.94681931 47.15236664 1160.007812
vn -0.6088541746 -0.7906864285 -0.0641214028
v 42.75663376 47.32688522 1160.060669
vn -0.7507998347 -0.6600628495 -0.02483210899
v 42.60229111 47.54114151 1160.115967
vn -0.8653472066 -0.5009140968 0.01610402018
v 42.49440384 47.78474808 1160.170776
vn -0.9458637238 -0.3195481896 0.0568398647
v 42.43893051 48.04571533 1160.222412
vn -0.987428546 -0.1263473779 0.09497994184
v 42.43746948 48.30778122 1160.2677
vn -0.9893595576 0.06798505783 0.1286299974
v 42.48531723 48.55586243 1160.304688
vn -0.9548954964 0.2524801791 0.1562956274
v 42.57317352 48.77859116 1160.33252
vn -0.8852192163 0.4294590652 0.1787509173
v 42.70896912 48.99518585 1160.353516
vn -0.7848391533 0.5884854794 0.1941968203
v 42.88867569 49.18751144 1160.365112
vn -0.6503875256 0.7319764495 0.2029938996
v 43.1076889 49.34504318 1160.366089
vn -0.4876986742 0.8488784432 0.2038514018
v 43.35535812 49.45705795 1160.355713
vn -0.3032796085 0.9324389696 0.1964156181
v 43.61946106 49.51738358 1160.334473
vn -0.1077269018 0.9775566459 0.1810467392
v 43.88357925 49.52411652 1160.304077
vn 0.08817730844 0.9833516479 0.1588844359
v 44.13261414 49.48161697 1160.266968
vn 0.2735055685 0.9528074861 0.1317294091
v 44.35529327 49.39888382 1160.226074
vn 0.450504154 0.8872159123 0.09946822375
v 44.57082367 49.26843643 1160.177856
vn 0.6087762713 0.7907466292 0.06411910802
v 44.76100922 49.09392166 1160.125122
vn 0.7507555485 0.6601139307 0.02481373958
v 44.91535187 48.879673 1160.069702
vn 0.8653241992 0.5009527206 -0.01613742299
v 45.02323914 48.63605118 1160.014893
vn 0.945862174 0.3195438385 -0.05688980967
v 45.07871246 48.37509155 1159.963379
vn 0.9874271154 0.1263144016 -0.09503847361
v 45.08017349 48.11302567 1159.918091
vn 0.9893490076 -0.0680309236 -0.1286869198
v 45.03232574 47.86494446 1159.881104
vn 0.9548648596 -0.2525652647 -0.156345278
v 44.97286606 47.20259476 1161.101562
vn 0.7815029621 -0.5861853957 -0.2136346549
v 45.10855484 47.41933823 1161.121826
vn 0.8820411563 -0.4271297753 -0.1989057809
v 44.79339218 47.00995636 1161.091797
vn 0.6469504237 -0.7298220992 -0.2209408283
v 44.57473755 46.85192108 1161.093628
vn 0.4843284786 -0.8468874693 -0.2195620835
v 44.32753372 46.73927689 1161.107666
vn 0.3001591861 -0.9306637645 -0.2092115432
v 44.06398392 46.67819214 1161.133179
vn 0.1049866229 -0.9760711789 -0.1904282123
v 43.80047226 46.67063141 1161.168335
vn -0.09039872885 -0.982215941 -0.1645598412
v 43.55205536 46.71228409 1161.210205
vn -0.2750839591 -0.952085495 -0.1336486936
v 43.32997131 46.79421234 1161.255737
vn -0.4515168965 -0.8869116306 -0.09757173806
v 43.11506271 46.92380524 1161.308838
vn -0.6092206836 -0.7908431888 -0.05845722929
v 42.92548752 47.09750366 1161.366333
vn -0.7505427003 -0.6606410742 -0.01546062436
v 42.77170944 47.31098557 1161.426025
vn -0.8644414544 -0.5019033551 0.02887843922
v 42.66430283 47.55394363 1161.484497
vn -0.9443269372 -0.3209152222 0.0725261271
v 42.60920715 47.81439972 1161.539062
vn -0.9853144288 -0.1280791461 0.1129211932
v 42.60800171 48.07612228 1161.586304
vn -0.9867737889 0.06597851217 0.148068592
v 42.65597534 48.32403564 1161.624146
vn -0.9519668818 0.2502468228 0.1764526367
v 42.74384308 48.54675674 1161.6521
vn -0.882062912 0.4270947278 0.1988846958
v 42.87953186 48.7634964 1161.672241
vn -0.7815082073 0.5861825347 0.2136233896
v 43.05900574 48.95613861 1161.682007
vn -0.6470060349 0.729775548 0.2209317684
v 43.27766037 49.11416626 1161.680176
vn -0.4844166338 0.8468363881 0.2195647657
v 43.52486801 49.22681808 1161.666138
vn -0.3002471328 0.9306313992 0.2092292756
v 43.788414 49.28790283 1161.640625
vn -0.1050659046 0.9760585427 0.1904490888
v 44.05192566 49.29545593 1161.605469
vn 0.09030463547 0.9822198749 0.1645880938
v 44.30034637 49.25380325 1161.563599
vn 0.2750317156 0.9520977139 0.1336692423
v 44.52242661 49.17188263 1161.518066
vn 0.4514517486 0.8869431019 0.09758733213
v 44.73733521 49.04228592 1161.465088
vn 0.6091628075 0.790887177 0.05846491456
v 44.92691422 48.86858368 1161.407593
vn 0.7504983544 0.6606914997 0.01545905042
v 45.08069229 48.65510178 1161.3479
vn 0.8644134998 0.50195086 -0.02889051102
v 45.18809509 48.41215134 1161.289307
vn 0.9443154931 0.320943296 -0.07255102694
v 45.24319077 48.15169525 1161.234863
vn 0.985311985 0.1280680448 -0.1129549295
v 45.24439621 47.88996506 1161.187622
vn 0.9867702127 -0.06596203893 -0.1480999887
v 45.19642258 47.6420517 1161.149658
vn 0.9519542456 -0.2502710223 -0.1764865071
v 45.16002274 46.96566391 1162.379517
vn 0.7790938616 -0.5826398134 -0.2313949168
v 45.29577637 47.18233109 1162.400146
vn 0.8796011209 -0.4236650765 -0.2163556367
v 44.98061371 46.77294159 1162.370117
vn 0.6446376443 -0.7263809443 -0.238354817
v 44.76216507 46.61465454 1162.373413
vn 0.4821999073 -0.8436970711 -0.2359204739
v 44.51530075 46.50157166 1162.389771
vn 0.2982926369 -0.9278559089 -0.2238413393
v 44.25221252 46.43990707 1162.418457
vn 0.1034901887 -0.9737485647 -0.2027401477
v 43.98924637 46.43166351 1162.457275
vn -0.09152450413 -0.9804646373 -0.1741045564
v 43.74142456 46.4725647 1162.503296
vn -0.2757932544 -0.9509407282 -0.140177682
v 43.51994705 46.5537262 1162.552856
vn -0.4517647922 -0.88641572 -0.1008747295
v 43.30570602 46.68247223 1162.610474
vn -0.6090077162 -0.7910110354 -0.05840491503
v 43.11681366 46.8553009 1162.672607
vn -0.7498592734 -0.6614899039 -0.01192390453
v 42.96371078 47.06793594 1162.736938
vn -0.8633016348 -0.5034152865 0.03582405671
v 42.85692978 47.31010056 1162.799805
vn -0.9427769184 -0.3230218887 0.08263520151
v 42.80237579 47.56986618 1162.85791
vn -0.9834147096 -0.1306857318 0.1257647127
v 42.8015976 47.83104706 1162.908081
vn -0.9846036434 0.06293357909 0.1630797237
v 42.8498764 48.07857132 1162.94812
vn -0.9496104121 0.2469687611 0.1929935515
v 42.93791962 48.30107117 1162.977173
vn -0.8796024919 0.4236665666 0.2163472772
v 43.07367325 48.5177269 1162.997803
vn -0.7790733576 0.5826640129 0.2314029336
v 43.25308228 48.71045303 1163.007202
vn -0.6446396708 0.7263790965 0.2383550853
v 43.47153091 48.86874008 1163.003906
vn -0.4822184145 0.843683362 0.2359318137
v 43.71839523 48.98182297 1162.987549
vn -0.2983523011 0.9278308153 0.223865822
v 43.98148346 49.04348755 1162.958984
vn -0.1035366729 0.9737387896 0.2027632296
v 44.24444962 49.05173874 1162.920044
vn 0.09147474915 0.9804654121 0.1741260737
v 44.49227142 49.01082993 1162.874146
vn 0.2757492959 0.9509497881 0.1402027905
v 44.71374893 48.92967606 1162.824463
vn 0.4517328441 0.8864298463 0.100893952
v 44.92798996 48.80092239 1162.766846
vn 0.6089502573 0.7910534143 0.05842984468
v 45.11688232 48.6280899 1162.704712
vn 0.7498070598 0.6615487337 0.01194271352
v 45.2699852 48.41546631 1162.640381
vn 0.8632611036 0.5034857392 -0.03581071272
v 45.3767662 48.17329407 1162.577515
vn 0.9427511692 0.3230988383 -0.08262789994
v 45.43132019 47.91352844 1162.519409
vn 0.9834076166 0.1307398975 -0.1257640272
v 45.43209839 47.65235519 1162.469238
vn 0.9846071601 -0.06288512051 -0.163077265
v 45.38381958 47.40481949 1162.429199
vn 0.9496226311 -0.2469183207 -0.192997843
v 45.36237717 46.71401596 1163.644165
vn 0.7763065696 -0.579267323 -0.2485910803
v 45.49839783 46.93034744 1163.666382
vn 0.8770428896 -0.420496732 -0.2323323041
v 45.18283844 46.52145004 1163.633911
vn 0.6417803168 -0.7228494883 -0.2561378777
v 44.96440506 46.36314774 1163.637329
vn 0.4793452919 -0.8401851654 -0.253607899
v 44.71771622 46.24985123 1163.654785
vn 0.2955623269 -0.9245010614 -0.2407086492
v 44.45494843 46.18778229 1163.685425
vn 0.1009868458 -0.9706892967 -0.2180916667
v 44.19242477 46.17898178 1163.727051
vn -0.09367996454 -0.9778124094 -0.187368378
v 43.94513321 46.21922684 1163.776367
vn -0.277580142 -0.9487703443 -0.1509440839
v 43.72423553 46.29965973 1163.82959
vn -0.4530886114 -0.8848035932 -0.1087812111
v 43.51067352 46.42756653 1163.891479
vn -0.6098299026 -0.7900124192 -0.06314956397
v 43.3225174 46.59948349 1163.958252
vn -0.7501189113 -0.6611711383 -0.0132056959
v 43.17017746 46.81116104 1164.027344
vn -0.862983048 -0.5037926435 0.03812171891
v 43.06414795 47.05239868 1164.094849
vn -0.9418801665 -0.32409513 0.08845413476
v 43.01029587 47.31129456 1164.157349
vn -0.9819837213 -0.1323771477 0.1348488331
v 43.01012802 47.57170868 1164.211304
vn -0.9826983809 0.06066329777 0.1749965847
v 43.05889511 47.81863022 1164.254395
vn -0.9473307133 0.2441979796 0.2071999758
v 43.14730453 48.0406723 1164.285767
vn -0.8770005107 0.4205853343 0.2323317975
v 43.28332138 48.25700378 1164.307983
vn -0.7762623429 0.5793250203 0.2485947162
v 43.46286392 48.4495697 1164.318237
vn -0.6417450905 0.7228748798 0.2561545968
v 43.68129349 48.60787582 1164.314819
vn -0.4792848825 0.8402154446 0.2536218166
v 43.92798615 48.72116852 1164.297363
vn -0.2955495417 0.9245011806 0.2407238632
v 44.19075394 48.78323746 1164.266724
vn -0.1009936258 0.970682621 0.2181181759
v 44.45327377 48.79204178 1164.225098
vn 0.0936800018 0.9778071046 0.187396273
v 44.70056534 48.75179291 1164.175781
vn 0.277554512 0.9487735629 0.1509710848
v 44.92146301 48.67136383 1164.122559
vn 0.4530755281 0.8848074675 0.1088041142
v 45.13502502 48.54344559 1164.060669
vn 0.6097821593 0.7900468111 0.06318031251
v 45.32318497 48.37153625 1163.993896
vn 0.7500627041 0.6612342596 0.01323684957
v 45.4755249 48.1598587 1163.924805
vn 0.8629360199 0.5038749576 -0.03809737787
v 45.5815506 47.91862106 1163.8573
vn 0.9418486953 0.3241916597 -0.08843535185
v 45.63540268 47.65972519 1163.7948
vn 0.981970787 0.1324851811 -0.1348371059
v 45.63557053 47.39930344 1163.740845
vn 0.9827061892 -0.06056365371 -0.1749872565
v 45.58680344 47.15238953 1163.697754
vn 0.9473529458 -0.2441176325 -0.2071931809
v 45.57594681 46.44225311 1164.899658
vn 0.7735602856 -0.5756259561 -0.2650645077
v 45.71244431 46.65796661 1164.924805
vn 0.8746493459 -0.4172752798 -0.2467180938
v 45.39605713 46.25013351 1164.887451
vn 0.6387660503 -0.7188982368 -0.2741592824
v 45.1774292 46.09207535 1164.889771
vn 0.4762305319 -0.8360406756 -0.2724709809
v 44.93071747 45.97880554 1164.906982
vn 0.2924634218 -0.9203488827 -0.2596594691
v 44.66810608 45.91654205 1164.938599
vn 0.09793756902 -0.9667192698 -0.2363516092
v 44.40590286 45.90733719 1164.982178
vn -0.09648539126 -0.9741581678 -0.2042214572
v 44.15906143 45.94701004 1165.034058
vn -0.2800298035 -0.9455601573 -0.1658290029
v 43.93869781 46.02676392 1165.090454
vn -0.455147028 -0.8821308017 -0.1211873591
v 43.72580719 46.15382004 1165.15625
vn -0.6113933921 -0.7879879475 -0.07261652499
v 43.53841782 46.32475662 1165.227539
vn -0.7511126995 -0.6598930359 -0.01925957948
v 43.38692474 46.53535843 1165.301636
vn -0.8633596301 -0.5033180118 0.03579253331
v 43.28177261 46.77547836 1165.374268
vn -0.9416090846 -0.3244624734 0.08998019993
v 43.22877884 47.03327942 1165.441895
vn -0.9810806513 -0.1335713714 0.1401406229
v 43.22940445 47.29268646 1165.500488
vn -0.9812099338 0.05876329169 0.1837767959
v 43.278862 47.53873825 1165.547607
vn -0.9453335404 0.241620481 0.2190070152
v 43.36782837 47.76006317 1165.582275
vn -0.8745802641 0.4174072146 0.2467399687
v 43.50432587 47.97577667 1165.6073
vn -0.7734374404 0.5757844448 0.2650789022
v 43.68421555 48.16789627 1165.619507
vn -0.6386937499 0.7189531922 0.2741834819
v 43.90284348 48.32595062 1165.61731
vn -0.4761234224 0.8360916972 0.2725017071
v 44.14955521 48.43922424 1165.599976
vn -0.2923728824 0.9203714728 0.2596814632
v 44.4121666 48.50148773 1165.568481
vn -0.09791082889 0.9667170048 0.2363720387
v 44.67436981 48.5106926 1165.524902
vn 0.09650078416 0.974149406 0.2042560428
v 44.92121506 48.47101974 1165.473022
vn 0.2800590098 0.9455454946 0.1658635288
v 45.14157486 48.39126587 1165.416626
vn 0.4551504254 0.8821242452 0.1212225184
v 45.3544693 48.26420593 1165.350708
vn 0.6113662124 0.7880057096 0.07265222818
v 45.54185486 48.09327316 1165.279419
vn 0.7510583997 0.6599536538 0.01929951832
v 45.69334793 47.88267136 1165.205444
vn 0.8633029461 0.5034183264 -0.03574998677
v 45.79850388 47.64255142 1165.132812
vn 0.9415684342 0.3245914876 -0.08994057029
v 45.85149384 47.38475037 1165.065186
vn 0.9810654521 0.1337086111 -0.1401163787
v 45.85086823 47.12533569 1165.006592
vn 0.9812240005 -0.05859776214 -0.1837545931
v 45.80141449 46.87929153 1164.959473
vn 0.9453701973 -0.2414959222 -0.2189860493
v 45.79528809 46.14718246 1166.140747
vn 0.770744741 -0.5718642473 -0.2809339464
v 45.9324913 46.36195755 1166.1698
vn 0.8723418117 -0.4142374098 -0.2596673667
v 45.61481857 45.95584869 1166.125244
vn 0.6355111003 -0.714554131 -0.2924688458
v 45.39577103 45.79835892 1166.125122
vn 0.4726722836 -0.8312638402 -0.2925429642
v 45.14883041 45.6853981 1166.141113
vn 0.2887209952 -0.9153473973 -0.2806765437
v 44.88619232 45.62316895 1166.172485
vn 0.09422786534 -0.9616854787 -0.2574532628
v 44.62416458 45.61373138 1166.217041
vn -0.100165531 -0.9692933559 -0.2245823741
v 44.37766647 45.65294266 1166.270996
vn -0.2834314108 -0.9410338402 -0.1847211123
v 44.15777969 45.73205566 1166.330078
vn -0.4581486881 -0.8781040311 -0.1379605234
v 43.94553757 45.85824203 1166.399536
vn -0.6139212847 -0.7845978737 -0.08664213121
v 43.75894165 46.0281105 1166.475342
vn -0.7530369759 -0.6572985649 -0.02989793755
v 43.60836029 46.23748398 1166.554443
vn -0.8645987511 -0.5016237497 0.02902800217
v 43.50419617 46.47628403 1166.63269
vn -0.9420963526 -0.3237514198 0.08740413934
v 43.45221329 46.73271942 1166.706055
vn -0.9807931781 -0.13389422 0.1418346763
v 43.45381546 46.99081421 1166.770264
vn -0.9801806808 0.05747303739 0.1895855218
v 43.50415802 47.235672 1166.822266
vn -0.9436118603 0.2394984066 0.2285544127
v 43.59388733 47.45597458 1166.861206
vn -0.8722612858 0.4143852293 0.2597020566
v 43.73108673 47.67074203 1166.890381
vn -0.7705947757 0.5720472932 0.2809726
v 43.91155624 47.86207581 1166.905762
vn -0.6353331208 0.714699626 0.2924999893
v 44.1306076 48.01957703 1166.905884
vn -0.472489804 0.8313566446 0.2925738692
v 44.37754822 48.13253403 1166.889893
vn -0.2885584831 0.9153876901 0.2807122767
v 44.6401825 48.19476318 1166.858521
vn -0.09410078079 0.9616858363 0.2574984133
v 44.90221405 48.20419693 1166.813965
vn 0.1002122164 0.969278574 0.2246253043
v 45.14870834 48.16498947 1166.760132
vn 0.2834872007 0.9410080314 0.1847672462
v 45.36859512 48.08587265 1166.700928
vn 0.4581829607 0.8780791163 0.1380053312
v 45.58084106 47.95969391 1166.63147
vn 0.6138986945 0.7846102715 0.08668964356
v 45.76743698 47.78982162 1166.555664
vn 0.752986908 0.6573536396 0.02994902432
v 45.91801453 47.58044052 1166.476562
vn 0.8645345569 0.5017374158 -0.0289744176
v 46.02218246 47.3416481 1166.398315
vn 0.9420428872 0.3239220083 -0.08734861761
v 46.07416534 47.08520508 1166.324951
vn 0.9807764888 0.1340625584 -0.1417910904
v 46.07256317 46.82711029 1166.260864
vn 0.9801985621 -0.05728604272 -0.1895496696
v 46.02222061 46.58226013 1166.20874
vn 0.9436771274 -0.2392765731 -0.2285173684
v 46.01663589 45.82376862 1167.370483
vn 0.7680612803 -0.5677450895 -0.2962219119
v 46.1547699 46.03717804 1167.404785
vn 0.8703113794 -0.4111154079 -0.271186769
v 45.83535385 45.63362503 1167.350464
vn 0.6321995854 -0.7096008658 -0.3111113012
v 45.61565399 45.47708893 1167.346802
vn 0.4689315557 -0.8256006837 -0.3138259649
v 45.36827087 45.36477661 1167.360229
vn 0.2846396863 -0.9092290998 -0.3037807345
v 45.10542679 45.30285645 1167.390625
vn 0.08997097611 -0.9553604722 -0.2814099193
v 44.84342194 45.29338074 1167.435181
vn -0.1043119505 -0.9630161524 -0.2484328747
v 44.59716797 45.33223724 1167.490479
vn -0.2874965668 -0.9350129366 -0.2075971514
v 44.37769699 45.41074753 1167.55188
vn -0.4618909359 -0.8725554347 -0.1590716094
v 44.16607666 45.53601837 1167.624756
vn -0.6172072887 -0.7797366977 -0.1051943749
v 43.98029709 45.70469666 1167.705078
vn -0.7557405233 -0.6533172727 -0.04508634284
v 43.83069992 45.91263199 1167.789795
vn -0.8665806651 -0.4987170994 0.01786601171
v 43.72763443 46.14981079 1167.874146
vn -0.9432781339 -0.3220295012 0.08076722175
v 43.67682266 46.40454483 1167.953979
vn -0.9811275005 -0.133407414 0.1399686933
v 43.6795845 46.66094208 1168.024536
vn -0.979667604 0.05666258186 0.192459777
v 43.73101425 46.90419388 1168.082764
vn -0.9423084259 0.2375147343 0.2358847111
v 43.82171249 47.12308884 1168.127075
vn -0.8701708913 0.4113752544 0.2712434232
v 43.9598465 47.33649063 1168.161255
vn -0.7678722739 0.5679717064 0.2962774336
v 44.14112854 47.52663803 1168.181274
vn -0.6320264339 0.7097379565 0.3111504018
v 44.36082458 47.68317413 1168.185059
vn -0.4686827362 0.825724721 0.3138712049
v 44.60821152 47.79548264 1168.171509
vn -0.28441751 0.9092859626 0.3038185835
v 44.8710556 47.8574028 1168.141235
vn -0.08980306238 0.955360949 0.2814621031
v 45.13305664 47.86688232 1168.096558
vn 0.1044691876 0.9629849792 0.2484876364
v 45.37931442 47.82802582 1168.04126
vn 0.2875528038 0.9349837899 0.2076504529
v 45.5987854 47.74951553 1167.979858
vn 0.4619253874 0.8725289106 0.1591170728
v 45.81040573 47.6242485 1167.906982
vn 0.6171783805 0.7797518969 0.1052514538
v 45.9961853 47.45557022 1167.82666
vn 0.7556799054 0.6533830762 0.04514986649
v 46.14578247 47.24763107 1167.741943
vn 0.8665062189 0.4988490641 -0.01779305562
v 46.24884796 47.01045609 1167.657593
vn 0.9432167411 0.3222278357 -0.08069339395
v 46.29965973 46.75571823 1167.577759
vn 0.9811058044 0.1336401999 -0.1398990154
v 46.29689407 46.4993248 1167.507202
vn 0.9796895385 -0.05646476522 -0.1924062073
v 46.24546432 46.25606537 1167.449097
vn 0.9423745275 -0.2373010963 -0.2358355969
v 46.2348175 45.46893692 1168.583618
vn 0.7653167248 -0.5633944273 -0.3112507761
v 46.37408066 45.68050766 1168.624146
vn 0.8684132099 -0.4081231356 -0.2815919816
v 46.05250931 45.28046417 1168.557861
vn 0.628732264 -0.703948617 -0.3303816319
v 45.83194733 45.12533188 1168.549438
vn 0.4647102654 -0.8189596534 -0.3366741836
v 45.58391953 45.01407242 1168.559326
vn 0.2800543904 -0.9017493129 -0.3292683959
v 45.32068253 44.95278931 1168.587402
vn 0.085019961 -0.947413981 -0.3085098267
v 45.05855942 44.94351196 1168.63147
vn -0.1093652248 -0.9549053311 -0.2760344446
v 44.81243515 44.98215866 1168.687378
vn -0.2923731506 -0.9270656109 -0.2346641421
v 44.59329987 45.06011581 1168.75061
vn -0.4665552676 -0.8650006652 -0.184662044
v 44.38226318 45.18444061 1168.826782
vn -0.6214370728 -0.7728777528 -0.1283586323
v 44.19729614 45.35179901 1168.911621
vn -0.759352088 -0.6474398971 -0.06485395133
v 44.04872131 45.55807114 1169.001953
vn -0.8694156408 -0.4940758348 0.002343123313
v 43.94684219 45.79332352 1169.093018
vn -0.9452095628 -0.3188339174 0.07016991079
v 43.89731598 46.04595566 1169.179932
vn -0.9820881486 -0.1317542344 0.1346983761
v 43.90139389 46.30021286 1169.257812
vn -0.9796334505 0.05674488842 0.1926091462
v 43.9540863 46.54141998 1169.322998
vn -0.9413287044 0.2360180765 0.2412379682
v 44.04592896 46.75844574 1169.373657
vn -0.8682772517 0.4083721936 0.2816500962
v 44.18519211 46.97000885 1169.414185
vn -0.7651101947 0.5636416674 0.3113109171
v 44.36749649 47.1584816 1169.439941
vn -0.6285119653 0.7041164041 0.3304432333
v 44.58805847 47.31361389 1169.448486
vn -0.4644966125 0.8190600276 0.3367247283
v 44.83609009 47.42487717 1169.438477
vn -0.2797382772 0.9018253684 0.3293288946
v 45.09932709 47.48615646 1169.4104
vn -0.08482109755 0.9474135041 0.3085660934
v 45.3614502 47.49542999 1169.366333
vn 0.1094976217 0.9548705816 0.2761022747
v 45.60757446 47.45678329 1169.310425
vn 0.2924539745 0.9270205498 0.2347414196
v 45.82670593 47.37882996 1169.247192
vn 0.4665747285 0.864974916 0.1847333312
v 46.03774643 47.25450134 1169.171021
vn 0.6214055419 0.7728899717 0.128437683
v 46.22271347 47.08714676 1169.086182
vn 0.7592828274 0.6475122571 0.06494183093
v 46.3712883 46.88087463 1168.99585
vn 0.8693315387 0.4942242503 -0.002249154728
v 46.47316742 46.64562988 1168.904907
vn 0.9451456666 0.3190438747 -0.07007625699
v 46.52268982 46.39299393 1168.817871
vn 0.9820640087 0.1320343614 -0.1346003264
v 46.51861572 46.13873291 1168.73999
vn 0.9796656966 -0.05646440014 -0.1925276369
v 46.46592331 45.89752579 1168.674805
vn 0.9414023161 -0.235787347 -0.2411762625
v 46.44662094 45.07635117 1169.784424
vn 0.7628539801 -0.5588344336 -0.3252043426
v 46.5871582 45.28554535 1169.832275
vn 0.8669192791 -0.4052859247 -0.2901624739
v 46.26312637 44.89008713 1169.752075
vn 0.6253843904 -0.6977292895 -0.3493825793
v 46.04152679 44.73688889 1169.737549
vn 0.4606362581 -0.8112809062 -0.3600521386
v 45.79267883 44.62715912 1169.74292
vn 0.2752404809 -0.892976284 -0.3561404049
v 45.52887726 44.56692505 1169.767822
vn 0.07993084192 -0.9378448725 -0.3377248645
v 45.26647568 44.5581665 1169.810181
vn -0.1147264764 -0.9449622631 -0.3064052761
v 45.02035141 44.59681702 1169.866211
vn -0.2977510393 -0.9171157479 -0.2650339007
v 44.80145264 44.67433548 1169.930786
vn -0.4716886878 -0.8554144502 -0.2139530629
v 44.59091187 44.79774094 1170.009766
vn -0.6262076497 -0.7639918327 -0.1555006355
v 44.40669632 44.96369553 1170.098877
vn -0.7635464668 -0.6396268606 -0.08873716742
v 44.25911713 45.16811371 1170.194946
vn -0.8728609085 -0.4876633883 -0.0172686018
v 44.15843582 45.40113831 1170.292603
vn -0.9477591515 -0.3140897453 0.05567930266
v 44.11024857 45.65128326 1170.387207
vn -0.9836367965 -0.1288915724 0.1258792877
v 44.11571503 45.90295029 1170.473022
vn -0.9801466465 0.0576893948 0.189695701
v 44.16976929 46.14162064 1170.545898
vn -0.940819025 0.2350952178 0.2441101819
v 44.2628746 46.35628891 1170.60376
vn -0.8667730689 0.4055514634 0.2902282774
v 44.40341568 46.56548309 1170.651611
vn -0.7626596093 0.5590745211 0.325247556
v 44.58690643 46.7517395 1170.68396
vn -0.6251369119 0.6979318857 0.3494209051
v 44.80850601 46.90494537 1170.698364
vn -0.46038118 0.8114120364 0.3600829244
v 45.05735779 47.01467133 1170.693115
vn -0.2750614583 0.8930239081 0.3561592996
v 45.32115555 47.0749054 1170.668213
vn -0.07970251143 0.9378585815 0.3377407193
v 45.58355713 47.08366776 1170.625732
vn 0.1148413792 0.9449402094 0.3064301014
v 45.82968521 47.04501343 1170.569824
vn 0.2977679372 0.9170951247 0.2650863826
v 46.04858017 46.96749115 1170.505249
vn 0.4717076123 0.8553883433 0.2140157372
v 46.25912476 46.84409332 1170.42627
vn 0.6261500716 0.764021337 0.1555875093
v 46.4433403 46.67813492 1170.337158
vn 0.7634749413 0.6397002339 0.08882396668
v 46.59091568 46.47371674 1170.241089
vn 0.8727721572 0.4878186285 0.01737171225
v 46.6916008 46.24069595 1170.143311
vn 0.9476905465 0.3143158257 -0.05557183176
v 46.73978806 45.99055099 1170.048828
vn 0.9836162925 0.1291410923 -0.1257836372
v 46.73431778 45.73888016 1169.963013
vn 0.9801810384 -0.05739928037 -0.1896059513
v 46.68026733 45.50020981 1169.890137
vn 0.9408994317 -0.2348401546 -0.2440457493
v 46.64718246 44.64396667 1170.972656
vn 0.761017859 -0.5550101995 -0.3358802795
v 46.78903961 44.85031128 1171.02832
vn 0.8660244942 -0.4035850167 -0.2951621413
v 46.46242523 44.46042252 1170.932739
vn 0.6225350499 -0.6919351816 -0.3656170964
v 46.23968506 44.30968475 1170.911621
vn 0.4569881856 -0.8036184907 -0.381259948
v 45.98988724 44.20199966 1170.911255
vn 0.2708808184 -0.8837800622 -0.381518513
v 45.72538376 44.14329147 1170.932007
vn 0.07498709857 -0.9274976254 -0.3662309945
v 45.46255493 44.13545609 1170.971924
vn -0.1199126244 -0.9338953495 -0.3368389308
v 45.21627808 44.17443848 1171.026978
vn -0.3031032085 -0.9057599902 -0.2961879671
v 44.99747849 44.25175476 1171.092163
vn -0.4769350588 -0.8441852331 -0.2447125763
v 44.78728867 44.37440109 1171.173218
vn -0.6312007308 -0.7532927394 -0.1847585738
v 44.60369492 44.53902817 1171.265991
vn -0.7680638433 -0.6299033165 -0.1153247133
v 44.4569931 44.74155807 1171.367188
vn -0.8767317533 -0.4793071747 -0.04007637873
v 44.35740662 44.97221756 1171.471436
vn -0.9508187175 -0.3074547648 0.03762074932
v 44.31048584 45.21963501 1171.573486
vn -0.9857651591 -0.1242436916 0.1132721156
v 44.31730652 45.46839142 1171.667358
vn -0.9812822342 0.06019318849 0.1829262525
v 44.372715 45.70414352 1171.748291
vn -0.940956533 0.2354821563 0.2432056218
v 44.46710205 45.91604996 1171.813721
vn -0.865881443 0.4038469791 0.2952236235
v 44.60896301 46.12239075 1171.869263
vn -0.7608395219 0.5552304983 0.3359201849
v 44.79371643 46.30593491 1171.90918
vn -0.6223950386 0.692071557 0.3655973077
v 45.0164566 46.45667267 1171.93042
vn -0.4567794204 0.8037614226 0.3812088072
v 45.26625443 46.56435776 1171.930664
vn -0.270750165 0.8838535547 0.3814409971
v 45.5307579 46.62307358 1171.910034
vn -0.07490608096 0.9275377393 0.366145879
v 45.79358673 46.63090134 1171.870117
vn 0.1199867651 0.9339178801 0.3367500305
v 46.03986359 46.59191513 1171.815063
vn 0.3030771613 0.9057891369 0.2961254418
v 46.25866318 46.51459885 1171.749878
vn 0.4769292176 0.844201982 0.2446661741
v 46.468853 46.39195633 1171.668701
vn 0.6311075687 0.7533675432 0.1847717166
v 46.65245056 46.22732925 1171.57605
vn 0.7679688334 0.630010128 0.1153737083
v 46.79914856 46.02480316 1171.474731
vn 0.8766422868 0.4794641137 0.04015531018
v 46.89873505 45.79413986 1171.370483
vn 0.9507520795 0.3076741993 -0.03751062229
v 46.94565582 45.54672241 1171.268433
vn 0.9857497811 0.1244578809 -0.1131707504
v 46.93883514 45.297966 1171.174683
vn 0.981315136 -0.05995671079 -0.1828272492
v 46.88343048 45.0622139 1171.09375
vn 0.9410231709 -0.2352791876 -0.24314408
v 46.83162308 44.17171097 1172.15564
vn 0.7600292563 -0.5527276397 -0.341829896
v 46.97471237 44.37493134 1172.219116
vn 0.865922749 -0.4036164284 -0.295417577
v 46.6456604 43.99124908 1172.108032
vn 0.6207122207 -0.6873064041 -0.3772614896
v 46.42178726 43.84340286 1172.07959
vn 0.4542644322 -0.7968800068 -0.3982788622
v 46.17100143 43.73825836 1172.072876
vn 0.2674846947 -0.87512362 -0.4032500684
v 45.90570068 43.68159103 1172.088501
vn 0.07097898424 -0.9173220396 -0.3917680979
v 45.64231491 43.67520142 1172.124756
vn -0.1243504956 -0.9226246476 -0.365103662
v 45.39572525 43.71500015 1172.177734
vn -0.3077923656 -0.8938498497 -0.3260311186
v 45.17684555 43.79254532 1172.242432
vn -0.481731534 -0.8320385814 -0.2750391364
v 44.96680069 43.91485214 1172.324341
vn -0.6358796954 -0.7413786054 -0.2145105898
v 44.78359222 44.07851791 1172.419678
vn -0.7724741697 -0.6186597943 -0.1433307081
v 44.63752747 44.27945328 1172.524902
vn -0.8806629777 -0.4692352116 -0.06520024687
v 44.5388031 44.50794983 1172.634644
vn -0.9541242123 -0.2989589274 0.0164482072
v 44.49291992 44.75274277 1172.743286
vn -0.9883164763 -0.1176540777 0.09689189494
v 44.50089264 44.99857712 1172.844482
vn -0.9829923511 0.06465715915 0.1718878448
v 44.5574913 45.2313118 1172.932983
vn -0.9418005347 0.2377074957 0.2377118766
v 44.65303802 45.44026947 1173.005859
vn -0.8658410311 0.4037605524 0.2954602838
v 44.7961235 45.64348984 1173.069214
vn -0.7598767877 0.5529161096 0.3418640494
v 44.98208618 45.82395554 1173.116943
vn -0.6205924153 0.6874200702 0.3772515655
v 45.20595932 45.97179794 1173.145386
vn -0.4541192055 0.7969850898 0.398234278
v 45.45674515 46.07694244 1173.1521
vn -0.2673093975 0.8752108812 0.4031769335
v 45.7220459 46.13360977 1173.136475
vn -0.07084874809 0.9173743725 0.3916691542
v 45.98543167 46.13999939 1173.100098
vn 0.1244565025 0.9226521254 0.3649981916
v 46.23202133 46.10020065 1173.047119
vn 0.3077917695 0.8938809633 0.325946331
v 46.45090103 46.02265549 1172.982422
vn 0.4816971421 0.8320769668 0.2749831676
v 46.66094589 45.90034866 1172.900513
vn 0.6358060837 0.7414476871 0.2144899517
v 46.84415436 45.73668289 1172.805298
vn 0.77237463 0.6187767982 0.1433622688
v 46.99021912 45.53574753 1172.700073
vn 0.8805906177 0.469363004 0.06525718421
v 47.0889473 45.30725098 1172.590332
vn 0.9540707469 0.2991347015 -0.01635474339
v 47.13482666 45.06245804 1172.481567
vn 0.9883041978 0.1178435162 -0.09678691626
v 47.12685394 44.81662369 1172.380493
vn 0.9830240011 -0.06445676088 -0.1717820764
v 47.07025909 44.58388901 1172.29187
vn 0.9418679476 -0.2375276983 -0.237624526
v 46.99459839 43.66150284 1173.337769
vn 0.759871006 -0.5523497462 -0.3427911997
v 47.13872147 43.86147308 1173.408691
vn 0.866555512 -0.4056085348 -0.2907976508
v 46.80757523 43.48435593 1173.282471
vn 0.6197894216 -0.6844245195 -0.3839585483
v 46.5826683 43.33975983 1173.24646
vn 0.4526182115 -0.7915690541 -0.4105547667
v 46.3309288 43.23760223 1173.23291
vn 0.2650774419 -0.8676168919 -0.4206838012
v 46.06480789 43.1835022 1173.242554
vn 0.06800762564 -0.9079138041 -0.4136030674
v 45.80078125 43.17913055 1173.27417
vn -0.1278090179 -0.911732614 -0.3903952837
v 45.55374908 43.22032166 1173.323975
vn -0.3115876913 -0.881929636 -0.3537134528
v 45.33462143 43.29864883 1173.386841
vn -0.4857233167 -0.8195069432 -0.3041071892
v 45.12450409 43.42118835 1173.468262
vn -0.6398807168 -0.7287238836 -0.243955344
v 44.94142914 43.58444214 1173.564453
vn -0.7763879299 -0.6063221693 -0.1720324904
v 44.79571533 43.78429031 1173.672241
vn -0.8843328357 -0.4577040374 -0.09199143946
v 44.6975441 44.01105499 1173.785889
vn -0.9573821425 -0.2887315452 -0.007314706687
v 44.65240097 44.25354767 1173.899902
vn -0.9910311103 -0.1091360673 0.07711489499
v 44.66123962 44.4966774 1174.007446
vn -0.9850649238 0.07115042955 0.1567950845
v 44.71877289 44.72648239 1174.102661
vn -0.943166554 0.2420613617 0.2276908457
v 44.81526566 44.93248749 1174.182373
vn -0.8664877415 0.405714035 0.2908523381
v 44.95938873 45.13245773 1174.253418
vn -0.7597528696 0.5524862409 0.3428331614
v 45.1464119 45.30960464 1174.308716
vn -0.6196215153 0.684556067 0.3839949667
v 45.37131882 45.45420074 1174.344727
vn -0.4523723722 0.7916943431 0.4105840623
v 45.62305832 45.55635834 1174.358276
vn -0.2648690343 0.8676792979 0.4206863642
v 45.88917923 45.61045837 1174.348633
vn -0.06785722822 0.9079294205 0.4135935009
v 46.15320587 45.61483002 1174.317017
vn 0.1279935837 0.9117250443 0.3903525174
v 46.40023804 45.57363892 1174.267212
vn 0.3116282821 0.8819221854 0.3536962867
v 46.61936569 45.49531174 1174.204346
vn 0.4857543707 0.8194929957 0.3040952981
v 46.82948303 45.37277222 1174.122925
vn 0.6398797035 0.7287214398 0.2439652979
v 47.01255798 45.20951843 1174.026733
vn 0.7763600349 0.6063511372 0.1720563024
v 47.15827179 45.00967026 1173.918945
vn 0.8842879534 0.457780838 0.09204104543
v 47.25644302 44.78290558 1173.805176
vn 0.9573435187 0.2888576984 0.00739016803
v 47.30158615 44.5404129 1173.691162
vn 0.9910205007 0.1092994139 -0.07701965421
v 47.2927475 44.29728317 1173.58374
vn 0.9850914478 -0.07098723948 -0.1567024589
v 47.23521423 44.06747818 1173.488403
vn 0.9432480335 -0.2418453097 -0.2275828272
v 47.13021851 43.11874008 1174.518188
vn 0.7602888346 -0.5541539192 -0.3389311433
v 47.27516556 43.31541443 1174.596313
vn 0.8676050305 -0.4098301232 -0.281603992
v 46.94232941 42.9450798 1174.455322
vn 0.6195021868 -0.6836477518 -0.3858014941
v 46.71654129 42.8040123 1174.411743
vn 0.45173648 -0.7881276608 -0.4180776775
v 46.46395874 42.70521927 1174.390747
vn 0.2635846734 -0.8616582751 -0.4336681962
v 46.19708252 42.65416718 1174.393799
vn 0.06591773778 -0.899702847 -0.4314969778
v 45.93242264 42.65233231 1174.419922
vn -0.1303451359 -0.9016356468 -0.4123873711
v 45.68490601 42.69546127 1174.465454
vn -0.3144509196 -0.8703947663 -0.3788582683
v 45.46545029 42.77510452 1174.525513
vn -0.4889145792 -0.8069019914 -0.3314690292
v 45.25513458 42.89844513 1174.605225
vn -0.6431636214 -0.7155750394 -0.2725672424
v 45.07202148 43.0618515 1174.70105
vn -0.7796655893 -0.593108952 -0.2008566409
v 44.92644501 43.26114273 1174.809937
vn -0.8875296116 -0.4448883832 -0.119856298
v 44.82859039 43.48664093 1174.926514
vn -0.9603361487 -0.2768748403 -0.03308744729
v 44.7839241 43.72721481 1175.044678
vn -0.9936250448 -0.0986989215 0.05447774753
v 44.79337311 43.96790314 1175.157349
vn -0.9871975183 0.07977169752 0.1381213814
v 44.85159302 44.19494247 1175.258667
vn -0.9447881579 0.2485797256 0.2135028541
v 44.94881058 44.39803696 1175.344727
vn -0.8674898148 0.4100129306 0.2816927433
v 45.09375763 44.5947113 1175.422852
vn -0.7601755857 0.5542708635 0.3389939368
v 45.28165054 44.76837158 1175.48584
vn -0.6193544269 0.6837577224 0.3858438134
v 45.50743866 44.90943909 1175.529419
vn -0.4514310956 0.7882750034 0.4181297421
v 45.7600174 45.00823212 1175.550293
vn -0.2632715702 0.8617455363 0.4336849749
v 46.02689362 45.05928802 1175.547241
vn -0.06575189531 0.8997124434 0.4315022826
v 46.29155731 45.06111908 1175.52124
vn 0.1305295378 0.9016135335 0.4123773575
v 46.53907394 45.01799011 1175.475586
vn 0.3146010935 0.8703535199 0.3788284063
v 46.75852966 44.93834686 1175.415649
vn 0.4889190793 0.8069004416 0.3314661682
v 46.96884537 44.81500626 1175.335938
vn 0.6432049274 0.7155408263 0.2725595534
v 47.15195465 44.6516037 1175.240112
vn 0.7796913385 0.593077004 0.2008508742
v 47.29753113 44.45230865 1175.131104
vn 0.8875047565 0.4449290633 0.1198892519
v 47.39538956 44.22681046 1175.014648
vn 0.9603068829 0.2769687772 0.03315054625
v 47.44005203 43.98623657 1174.896484
vn 0.9936155677 0.09884038568 -0.05439342931
v 47.43060684 43.74554825 1174.783691
vn 0.9872261286 -0.07959722728 -0.1380175352
v 47.37238312 43.51850891 1174.682373
vn 0.9448483586 -0.2484253049 -0.2134161144
v 47.23370361 42.54753113 1175.699341
vn 0.7610218525 -0.5580405593 -0.3308118284
v 47.37924957 42.74092102 1175.784302
vn 0.8687351346 -0.4161786437 -0.2685043812
v 47.04516602 42.37744904 1175.629028
vn 0.6197748184 -0.6848531365 -0.3832170963
v 46.81869888 42.24011612 1175.577759
vn 0.4514037669 -0.7866126299 -0.4212780595
v 46.56545258 42.14500427 1175.549194
vn 0.26282987 -0.8573803902 -0.4425147772
v 46.29795456 42.09739304 1175.545166
vn 0.06468752027 -0.892885685 -0.445612669
v 46.03274918 42.09856415 1175.565063
vn -0.1319877952 -0.8925923705 -0.4311126769
v 45.78479767 42.14413071 1175.605591
vn -0.3163319826 -0.859575212 -0.4013284147
v 45.56501389 42.22558594 1175.661743
vn -0.491058439 -0.7946661115 -0.3568857014
v 45.35445786 42.35026932 1175.73877
vn -0.6455734372 -0.7023118138 -0.2999884784
v 45.17122269 42.51437378 1175.83313
vn -0.7821327448 -0.5793714523 -0.2293405533
v 45.02565384 42.71363831 1175.942139
vn -0.8899875283 -0.4312008023 -0.1482838988
v 44.92794418 42.93835449 1176.060303
vn -0.9627011418 -0.2637653947 -0.06028503552
v 44.88355637 43.17741394 1176.181641
vn -0.9957928061 -0.0867190063 0.02960655838
v 44.89339066 43.41598129 1176.298706
vn -0.9890833497 0.09020941705 0.1165178642
v 44.95207596 43.64045715 1176.405273
vn -0.9463380575 0.2570940852 0.1958235949
v 45.04980087 43.84075165 1176.497192
vn -0.8686439991 0.4163176417 0.268583715
v 45.19534683 44.03414154 1176.582031
vn -0.7608237267 0.5582488775 0.3309160173
v 45.38388443 44.20422363 1176.652344
vn -0.619597137 0.6849793792 0.3832788467
v 45.61035156 44.34155655 1176.703735
vn -0.4511908293 0.7867219448 0.4213020802
v 45.86359787 44.43666458 1176.7323
vn -0.2625155151 0.8574753404 0.4425173998
v 46.13109589 44.48427963 1176.736328
vn -0.06443146616 0.892916739 0.4455875754
v 46.39630127 44.48310852 1176.716431
vn 0.1321377754 0.8925830126 0.4310860038
v 46.64425278 44.43754196 1176.675903
vn 0.316577673 0.8595143557 0.4012650549
v 46.86403656 44.35608673 1176.619629
vn 0.4911665022 0.7946231961 0.3568325639
v 47.07459259 44.23140335 1176.542725
vn 0.6455886364 0.7023074031 0.2999660969
v 47.25782776 44.06729889 1176.448364
vn 0.7821623683 0.5793409944 0.2293165177
v 47.40339661 43.86803055 1176.339355
vn 0.8899926543 0.4311925769 0.1482770294
v 47.50110626 43.64331818 1176.221191
vn 0.9626806974 0.2638310492 0.06032440811
v 47.54549408 43.40425873 1176.099854
vn 0.9957854152 0.08682519943 -0.02954207361
v 47.53565979 43.16569138 1175.982788
vn 0.9891107082 -0.090036273 -0.116419293
v 47.47697449 42.94121552 1175.876099
vn 0.9463948011 -0.2569514811 -0.195736587
v 47.30101395 41.95376968 1176.880005
vn 0.7616149783 -0.5639951229 -0.3191428781
v 47.4469223 42.1439743 1176.971191
vn 0.8696222901 -0.4244757891 -0.252145648
v 47.11206818 41.78725815 1176.802612
vn 0.6201509237 -0.6880637407 -0.3768037856
v 46.88516617 41.65375519 1176.74353
vn 0.4514624774 -0.7869816422 -0.4205252528
v 46.63147736 41.56253052 1176.707275
vn 0.2624906898 -0.854870975 -0.4475424886
v 46.36355591 41.51865768 1176.695801
vn 0.06404282153 -0.8875858784 -0.4561686516
v 46.09796906 41.52320862 1176.708984
vn -0.1329272091 -0.8847712278 -0.4466656148
v 45.8496933 41.57162857 1176.743896
vn -0.3175836205 -0.8495958447 -0.421102792
v 45.62966156 41.65533066 1176.795654
vn -0.4923476875 -0.7829725146 -0.3801944256
v 45.41889954 41.78185272 1176.868896
vn -0.6470685005 -0.6892421842 -0.3259564042
v 45.23553085 41.94717407 1176.960938
vn -0.7837430835 -0.565372467 -0.2571006119
v 45.0899086 42.14693832 1177.06897
vn -0.8916208148 -0.4168531001 -0.1767648757
v 44.99223709 42.37136078 1177.187622
vn -0.9643004537 -0.2496454716 -0.08832776546
v 44.94797516 42.60935211 1177.311035
vn -0.9972992539 -0.07337786257 0.00314983516
v 44.95801544 42.84616089 1177.431763
vn -0.9904372096 0.1022290289 0.09264663607
v 45.01696396 43.06835556 1177.542847
vn -0.9474744201 0.2674795091 0.1753481627
v 45.11499023 43.26602936 1177.639893
vn -0.86956352 0.4245618284 0.2522034049
v 45.26089859 43.45623779 1177.731201
vn -0.7614679337 0.5641494393 0.3192209601
v 45.44984436 43.62274551 1177.808594
vn -0.6198801994 0.6882534623 0.3769027591
v 45.67674637 43.75625229 1177.867554
vn -0.4511578679 0.7871216536 0.4205901921
v 45.93043518 43.84747696 1177.903809
vn -0.2621831596 0.8549514413 0.4475690424
v 46.19835663 43.89134598 1177.915283
vn -0.06375008821 0.8876162767 0.456150502
v 46.46394348 43.88679504 1177.9021
vn 0.1331018358 0.8847643137 0.4466273487
v 46.71221924 43.83837509 1177.86731
vn 0.317697376 0.8495733142 0.4210623801
v 46.93225098 43.754673 1177.815552
vn 0.4925607145 0.7828757167 0.3801178038
v 47.143013 43.62815475 1177.742188
vn 0.6471475959 0.6891940832 0.3259011805
v 47.32638168 43.4628334 1177.650269
vn 0.7837820649 0.5653340816 0.2570662796
v 47.47200394 43.26306915 1177.542236
vn 0.8916399479 0.416821152 0.176743567
v 47.56967545 43.03864288 1177.423462
vn 0.9642943144 0.2496655434 0.08833808452
v 47.61393738 42.80065155 1177.300049
vn 0.9972929955 0.07346460223 -0.003101408016
v 47.60389709 42.56384277 1177.179443
vn 0.9904564619 -0.102105476 -0.09257679433
v 47.54494858 42.34165192 1177.068237
vn 0.9475445151 -0.2672973871 -0.1752470583
v 47.32923508 41.3411293 1178.062988
vn 0.761975348 -0.5715503097 -0.3045059443
v 47.47528076 41.52832031 1178.160034
vn 0.8700991273 -0.4342260063 -0.2331851423
v 47.14012527 41.1781044 1177.978882
vn 0.6203659177 -0.6930314898 -0.3672240078
v 46.91304779 41.04844666 1177.912476
vn 0.4515789449 -0.7890888453 -0.4164315462
v 46.65917587 40.96121597 1177.86853
vn 0.2624799013 -0.8540253639 -0.4491603076
v 46.39107132 40.92129517 1177.849365
vn 0.06397424638 -0.8838315606 -0.4634102881
v 46.12532043 40.92950821 1177.855469
vn -0.1331520677 -0.8783223033 -0.4591519237
v 45.87689972 40.98112488 1177.884155
vn -0.3179639578 -0.8407765627 -0.4381708801
v 45.65674591 41.06744766 1177.930908
vn -0.4928527772 -0.7720803022 -0.4012333155
v 45.44588089 41.19623947 1177.999756
vn -0.6475713849 -0.6767635942 -0.3502032161
v 45.26243591 41.36324692 1178.088501
vn -0.7843449712 -0.5516309142 -0.2837363183
v 45.11677551 41.56399536 1178.19458
vn -0.8922622204 -0.4024001956 -0.2047980577
v 45.01909637 41.78861237 1178.312988
vn -0.9649657607 -0.2350400835 -0.1166072786
v 44.97486496 42.0259819 1178.437622
vn -0.9979481101 -0.05926315486 -0.02423636056
v 44.98497009 42.2614212 1178.560913
vn -0.9910498857 0.1153315529 0.06722152233
v 45.04401398 42.48164368 1178.675903
vn -0.9480235577 0.2791380286 0.1527523398
v 45.14215088 42.67692947 1178.777466
vn -0.8700034618 0.434373796 0.2332668602
v 45.28820038 42.8641243 1178.874634
vn -0.7618588805 0.5716727376 0.3045674562
v 45.47730637 43.02714539 1178.95874
vn -0.6201145053 0.6932113171 0.3673093021
v 45.70438385 43.15680695 1179.025146
vn -0.4512868822 0.7892226577 0.4164945781
v 45.95825577 43.24403381 1179.069092
vn -0.2621532977 0.8541020751 0.4492051601
v 46.22636032 43.28395462 1179.088257
vn -0.06365162134 0.8838472366 0.4634247422
v 46.49211502 43.27574158 1179.082153
vn 0.1334263086 0.8782973886 0.4591200054
v 46.74053574 43.22412491 1179.053467
vn 0.3181402683 0.840731442 0.4381293952
v 46.96068954 43.13780212 1179.006714
vn 0.4930141568 0.7720011473 0.4011873603
v 47.17155075 43.00901413 1178.937866
vn 0.6477200389 0.6766533852 0.3501412868
v 47.35499573 42.84200287 1178.849121
vn 0.7844333053 0.551533699 0.2836812139
v 47.50065994 42.64125443 1178.74292
vn 0.8922978044 0.4023394287 0.2047622949
v 47.59833527 42.41664124 1178.624634
vn 0.964959681 0.2350640595 0.1166092008
v 47.64256668 42.17926788 1178.5
vn 0.9979435205 0.05932923034 0.02426419035
v 47.63246536 41.94382858 1178.376709
vn 0.9910662174 -0.1152210385 -0.06717004627
v 47.57342148 41.72360992 1178.261719
vn 0.9480819106 -0.2789809406 -0.1526771039
v 47.31656265 40.71604919 1179.245605
vn 0.7621623278 -0.58001405 -0.2875626385
v 47.46255493 40.90044403 1179.348022
vn 0.8700979948 -0.4447575808 -0.2124151886
v 47.12752151 40.55636597 1179.155151
vn 0.6206563711 -0.6991232634 -0.3549822271
v 46.90051651 40.43047714 1179.081543
vn 0.4519684315 -0.7925080657 -0.4094575942
v 46.6467247 40.34725571 1179.030029
vn 0.262955755 -0.8545882702 -0.4478092492
v 46.37870026 40.31137848 1179.003296
vn 0.06451707333 -0.881537199 -0.4676855505
v 46.11302185 40.32343292 1179.002075
vn -0.1325036287 -0.8733327985 -0.4687564969
v 45.8646698 40.37847519 1179.024292
vn -0.3173500001 -0.8333536386 -0.4525601268
v 45.64457703 40.46769333 1179.065552
vn -0.4922226965 -0.7624918818 -0.4199082553
v 45.43376541 40.59909058 1179.129517
vn -0.6469564438 -0.6653639674 -0.3724757135
v 45.2503624 40.7681694 1179.214355
vn -0.7837708592 -0.538787365 -0.3088873923
v 45.1047287 40.97031403 1179.317871
vn -0.8917178512 -0.3886651397 -0.2319023758
v 45.007061 41.19554138 1179.434937
vn -0.9645267725 -0.2208844572 -0.1445619017
v 44.96282959 41.43270493 1179.560059
vn -0.9976270199 -0.04525205493 -0.05189046264
v 44.97291183 41.66714859 1179.685181
vn -0.9908460975 0.128634125 0.04095474631
v 45.0319252 41.8857193 1179.803345
vn -0.9479369521 0.2912579775 0.1287801266
v 45.13002014 42.0788765 1179.908936
vn -0.8699987531 0.444917053 0.2124876827
v 45.27601242 42.26327133 1180.011353
vn -0.7620116472 0.5801694393 0.2876485884
v 45.46505737 42.42295456 1180.101807
vn -0.620377481 0.699320972 0.3550801873
v 45.69205856 42.54884338 1180.175293
vn -0.4516974092 0.7926288843 0.4095227718
v 45.94585419 42.63206482 1180.226929
vn -0.2626495063 0.8546647429 0.447843045
v 46.21387482 42.66794205 1180.253662
vn -0.0641835928 0.8815539479 0.4676997662
v 46.47955322 42.6558876 1180.254883
vn 0.1327989846 0.8732873797 0.4687574804
v 46.72790527 42.60084534 1180.232666
vn 0.3175421357 0.8332944512 0.4525343776
v 46.94800186 42.5116272 1180.191406
vn 0.4924353659 0.7623875141 0.4198484123
v 47.15881348 42.38023376 1180.127441
vn 0.6470999718 0.665260911 0.3724104762
v 47.34221649 42.21115494 1180.042603
vn 0.7838509083 0.5387017727 0.3088334799
v 47.48785019 42.0090065 1179.939087
vn 0.8917922974 0.3885365129 0.2318315208
v 47.58551407 41.78377914 1179.821899
vn 0.9645302892 0.2208780795 0.1445483118
v 47.6297493 41.54661942 1179.696899
vn 0.9976236224 0.04530923814 0.0519059673
v 47.61966324 41.31217194 1179.571777
vn 0.9908605814 -0.1285350621 -0.04091444984
v 47.56065369 41.09360123 1179.453613
vn 0.9479870796 -0.2911216319 -0.1287193894
v 47.26398849 40.10279083 1180.391113
vn 0.7602210045 -0.591307044 -0.2691096365
v 47.40977097 40.28470993 1180.498047
vn 0.8682906628 -0.458060056 -0.1904003769
v 47.07520676 39.9461441 1180.294922
vn 0.6187013388 -0.7078158855 -0.3408890069
v 46.84850311 39.8237648 1180.214844
vn 0.4500003755 -0.7982319593 -0.4004065096
v 46.59503937 39.74435425 1180.15625
vn 0.2611448169 -0.8570405245 -0.4441677332
v 46.32735062 39.7123909 1180.12207
vn 0.06294263154 -0.8806408644 -0.4695848227
v 46.06199646 39.72822571 1180.113892
vn -0.1338163018 -0.8691888452 -0.4760293663
v 45.81394196 39.78671646 1180.129639
vn -0.3182533383 -0.8262788653 -0.4647343457
v 45.59410477 39.87890244 1180.165405
vn -0.4927898347 -0.7527121902 -0.436557591
v 45.38352966 40.01304626 1180.224121
vn -0.6471799016 -0.6532531381 -0.3929612339
v 45.20032501 40.18440628 1180.304688
vn -0.7836849689 -0.5246192217 -0.3325845897
v 45.05483627 40.38822174 1180.405151
vn -0.8912799358 -0.3729676306 -0.257905513
v 44.9572525 40.61438751 1180.520508
vn -0.963671267 -0.2044390589 -0.1718790233
v 44.91303253 40.85169601 1180.645264
vn -0.99643296 -0.02864362858 -0.07937853038
v 44.92306519 41.08551407 1180.771606
vn -0.9893715382 0.1446994245 0.01435402222
v 44.98196793 41.30278778 1180.892212
vn -0.9462806582 0.3061674833 0.1039923802
v 45.07991028 41.49414062 1181.001221
vn -0.8681800365 0.4582381845 0.1904762536
v 45.22569275 41.67606354 1181.108154
vn -0.7600633502 0.5914687514 0.2691995502
v 45.41447449 41.83271027 1181.204346
vn -0.6184473038 0.7079840899 0.3410007358
v 45.64117813 41.95508957 1181.284424
vn -0.4497642517 0.7983365059 0.4004634023
v 45.89464569 42.03450012 1181.34314
vn -0.2608494163 0.8571026921 0.444221288
v 46.16233063 42.06646347 1181.377197
vn -0.06254833937 0.8806498051 0.4696207047
v 46.42768478 42.05062866 1181.385376
vn 0.1340942383 0.8691459298 0.4760295153
v 46.67573929 41.99213791 1181.369629
vn 0.3183985651 0.8262257576 0.4647292793
v 46.89558029 41.89995193 1181.333984
vn 0.4929613471 0.752615571 0.4365305007
v 47.10615158 41.76580429 1181.275146
vn 0.647361517 0.6531086564 0.3929022551
v 47.28935623 41.59444809 1181.19458
vn 0.7837346792 0.5245733857 0.3325398266
v 47.43484879 41.39062881 1181.094238
vn 0.8913151622 0.3729217052 0.2578501701
v 47.53242874 41.16446686 1180.97876
vn 0.9636853337 0.2044057846 0.1718394905
v 47.57664871 40.92715836 1180.854004
vn 0.996430099 0.02871185727 0.07938980311
v 47.56661606 40.6933403 1180.727661
vn 0.9893878698 -0.144591108 -0.01432046853
v 47.50771332 40.47606659 1180.607178
vn 0.9463310242 -0.3060303926 -0.1039372981
v 47.16416931 39.44300842 1181.615601
vn 0.7596361637 -0.6005946994 -0.2494773418
v 47.30961227 39.62268066 1181.726685
vn 0.8672549725 -0.4687077403 -0.1678745151
v 46.97582245 39.28923798 1181.51416
vn 0.6186773777 -0.7152869105 -0.3249660134
v 46.74963379 39.17027283 1181.427612
vn 0.4505927265 -0.803567946 -0.3889019191
v 46.49674225 39.09464645 1181.361938
vn 0.2621182203 -0.8600585461 -0.4377137125
v 46.22965622 39.06665039 1181.320557
vn 0.06437090784 -0.8811975121 -0.4683453143
v 45.96489334 39.08639145 1181.305054
vn -0.1320316941 -0.8673038483 -0.479949683
v 45.71738815 39.14850998 1181.314087
vn -0.3161944747 -0.8220925331 -0.4734816849
v 45.49803162 39.24388885 1181.343872
vn -0.4905819595 -0.7463344932 -0.4497934878
v 45.28791809 39.38106537 1181.397095
vn -0.6446896791 -0.6450465322 -0.4102318287
v 45.10510635 39.55503082 1181.472778
vn -0.7810627818 -0.5148271322 -0.3534033895
v 44.95992661 39.76087952 1181.569336
vn -0.8887314796 -0.3618361354 -0.2814800441
v 44.86254501 39.98835754 1181.682373
vn -0.9612705708 -0.1924470067 -0.1972893178
v 44.81840515 40.22618484 1181.806152
vn -0.9942771792 -0.01631053537 -0.1055785343
v 44.82839584 40.45972443 1181.932983
vn -0.9875405431 0.1569399536 -0.01155738439
v 44.88714981 40.67600632 1182.05542
vn -0.9448080063 0.3178774714 0.07932049036
v 44.98485947 40.86581039 1182.167358
vn -0.8671357632 0.468909651 0.1679265797
v 45.13029861 41.04547882 1182.278442
vn -0.7594786286 0.6007701755 0.2495343983
v 45.31864929 41.19925308 1182.379883
vn -0.6184475422 0.715441823 0.325062573
v 45.54483795 41.31821442 1182.466309
vn -0.450322032 0.8036727905 0.3889989257
v 45.79772949 41.3938446 1182.532104
vn -0.2619526088 0.8600918651 0.4377474189
v 46.06481552 41.42183685 1182.573486
vn -0.06409291923 0.8812046051 0.46837008
v 46.3295784 41.40209579 1182.588989
vn 0.132224068 0.8672795892 0.4799405634
v 46.57708359 41.33998108 1182.579956
vn 0.3163249791 0.8220638037 0.473444432
v 46.79644012 41.24459839 1182.550171
vn 0.4906125367 0.7463444471 0.4497435987
v 47.00655365 41.10742188 1182.496948
vn 0.6448048353 0.6449869275 0.4101445377
v 47.18936539 40.93345642 1182.421265
vn 0.7810889482 0.5148407221 0.3533257842
v 47.33454514 40.72760773 1182.324707
vn 0.8887228966 0.3619119525 0.2814095616
v 47.43192673 40.5001297 1182.21167
vn 0.961263299 0.1925477982 0.197226271
v 47.47606659 40.26230621 1182.087891
vn 0.9942778349 0.01646633074 0.1055482179
v 47.4660759 40.02876282 1181.96106
vn 0.987569809 -0.1567557305 0.01155568566
v 47.40732193 39.81248093 1181.838623
vn 0.9448675513 -0.3177037835 -0.07930696011
v 47.02906418 38.80373764 1182.805786
vn 0.7570896149 -0.6113727689 -0.230301246
v 47.17421722 38.981987 1182.919678
vn 0.8645740151 -0.4805979133 -0.1467563361
v 46.84112167 38.65195084 1182.700684
vn 0.6162579656 -0.7245565653 -0.3086161017
v 46.61545181 38.53549194 1182.609619
vn 0.4485482275 -0.8108316064 -0.3759742379
v 46.36316299 38.46276855 1182.538452
vn 0.2606154382 -0.8650128841 -0.4287566841
v 46.09672928 38.43793488 1182.491089
vn 0.06322361529 -0.8836816549 -0.46379897
v 45.8326416 38.46089935 1182.469604
vn -0.1326101124 -0.8672614694 -0.4798668027
v 45.5857811 38.52610779 1182.4729
vn -0.3162332773 -0.8196296096 -0.4777068496
v 45.36701202 38.62430191 1182.497437
vn -0.4900752008 -0.7415620685 -0.4581615627
v 45.15748215 38.76425552 1182.545532
vn -0.64378196 -0.6380496621 -0.4224185348
v 44.97520065 38.94073868 1182.616455
vn -0.779613018 -0.5059173107 -0.369122237
v 44.83047104 39.14871216 1182.709106
vn -0.8868615031 -0.3512577415 -0.300157845
v 44.73342514 39.3777771 1182.819214
vn -0.9590529799 -0.1805894077 -0.2181852758
v 44.68949509 39.61656952 1182.941162
vn -0.9917854667 -0.003725460963 -0.1278581619
v 44.69955826 39.85041428 1183.067505
vn -0.9848900437 0.1697477549 -0.03431236371
v 44.758255 40.06638718 1183.19043
vn -0.942109406 0.3304334283 0.05695279688
v 44.85579681 40.25535965 1183.303955
vn -0.864495635 0.4807302654 0.1467844844
v 45.00094986 40.43360519 1183.417725
vn -0.7569686174 0.6115068793 0.2303429693
v 45.18889236 40.58539581 1183.522827
vn -0.6161559224 0.7246345878 0.3086366653
v 45.41456223 40.70185471 1183.614014
vn -0.4483514428 0.8109112978 0.3760370016
v 45.66685486 40.77457809 1183.685059
vn -0.2603756487 0.8650487661 0.428829968
v 45.93328476 40.79940796 1183.732422
vn -0.06308848411 0.8836763501 0.463827461
v 46.19737625 40.7764473 1183.753906
vn 0.1327451468 0.8672403097 0.4798676968
v 46.44423676 40.71123505 1183.75061
vn 0.3163267076 0.8196084499 0.4776812494
v 46.66300201 40.61304474 1183.726074
vn 0.4901132882 0.7415658236 0.4581147134
v 46.87253571 40.47308731 1183.678101
vn 0.643810451 0.6380618811 0.4223566353
v 47.05481339 40.29660416 1183.607056
vn 0.7796766758 0.5058868527 0.3690295219
v 47.19954681 40.08863068 1183.514404
vn 0.8868819475 0.3512783647 0.3000732064
v 47.2965889 39.85956573 1183.404297
vn 0.959048748 0.1806795001 0.2181292474
v 47.34052277 39.62077713 1183.282349
vn 0.9917908907 0.003831716022 0.1278131604
v 47.33045578 39.38692856 1183.156006
vn 0.984911859 -0.1696265489 0.03428426385
v 47.27175903 39.17095947 1183.033081
vn 0.9421500564 -0.3303155005 -0.05696440861
v 46.86142349 38.16902924 1184.003906
vn 0.7544997931 -0.6212595105 -0.2115815133
v 47.00640869 38.34663391 1184.119019
vn 0.8618374467 -0.4909989238 -0.1271075159
v 46.67378616 38.0184021 1183.896606
vn 0.6139071584 -0.7335478067 -0.2915914357
v 46.44855499 37.90361404 1183.802368
vn 0.4464748502 -0.8185664415 -0.3613989055
v 46.19681931 37.83299637 1183.727295
vn 0.2590063512 -0.8711287379 -0.4171935916
v 45.93103409 37.81060791 1183.675293
vn 0.0621647723 -0.8879599571 -0.4557001591
v 45.66763306 37.83619308 1183.648926
vn -0.1332454383 -0.869557023 -0.4755168557
v 45.42146683 37.90403748 1183.647217
vn -0.3162448704 -0.8199811578 -0.4770954251
v 45.20336151 38.00473404 1183.666992
vn -0.4895183146 -0.7399744391 -0.4613129497
v 44.99451447 38.14728165 1183.710083
vn -0.6428368092 -0.6344602704 -0.429209739
v 44.81289291 38.32624817 1183.776489
vn -0.7781708241 -0.5004729033 -0.3794431388
v 44.66875839 38.53647614 1183.864868
vn -0.8849392533 -0.3442100585 -0.3136908412
v 44.57221222 38.76742935 1183.971313
vn -0.9567866325 -0.1721111238 -0.2343867272
v 44.52865982 39.00764465 1184.090698
vn -0.9892587662 0.005810744595 -0.1460593343
v 44.5389595 39.24237442 1184.215332
vn -0.9822096825 0.1799281538 -0.05375889689
v 44.5977478 39.45869064 1184.337524
vn -0.9393746853 0.3408863246 0.0370372273
v 44.69525528 39.64752197 1184.451294
vn -0.8618132472 0.4910379052 0.1271209419
v 44.84024048 39.82512665 1184.566284
vn -0.7544535995 0.6213065386 0.2116080523
v 45.02787781 39.97575378 1184.673706
vn -0.6138754487 0.7335695028 0.291603595
v 45.25310898 40.09054184 1184.767944
vn -0.4464039803 0.8185968995 0.3614174724
v 45.50484467 40.16115952 1184.843018
vn -0.2588016093 0.8711653948 0.4172440469
v 45.77062988 40.18354797 1184.894897
vn -0.06200857088 0.8879555464 0.455730021
v 46.03403091 40.1579628 1184.921387
vn 0.1332406849 0.8695498705 0.47553128
v 46.28019714 40.09011841 1184.923096
vn 0.3163640499 0.8199242949 0.477114141
v 46.49830246 39.98942184 1184.90332
vn 0.4896535575 0.7398908138 0.4613035917
v 46.70714951 39.84687424 1184.860107
vn 0.6428528428 0.6344518661 0.4291981757
v 46.88877106 39.66790771 1184.793823
vn 0.7782203555 0.5004099607 0.3794245124
v 47.03290558 39.45767975 1184.705444
vn 0.8849890828 0.3441149294 0.3136546016
v 47.12945175 39.22672653 1184.598877
vn 0.9567962289 0.1720908135 0.2343623191
v 47.17300415 38.98651123 1184.479614
vn 0.9892604351 -0.005798959639 0.1460485011
v 47.16270447 38.75178146 1184.35498
vn 0.9822108746 -0.1799268126 0.05374169722
v 47.10391617 38.53546906 1184.232666
vn 0.9393845201 -0.3408590257 -0.03703851998
v 46.66735077 37.54626465 1185.208618
vn 0.7514336109 -0.6309514046 -0.1929969639
v 46.81233597 37.72388077 1185.32373
vn 0.8587861657 -0.5007087588 -0.1085223258
v 46.47986221 37.39611053 1185.100464
vn 0.6109277606 -0.7428600192 -0.2737265229
v 46.25494003 37.28230286 1185.004272
vn 0.4437438846 -0.8271032572 -0.3449515998
v 46.00366211 37.2131424 1184.926392
vn 0.2565533519 -0.8785507083 -0.4029007256
v 45.73845673 37.19261169 1184.87085
vn 0.06020561978 -0.8939580917 -0.444088012
v 45.47572708 37.22033691 1184.84021
vn -0.1347163171 -0.873927772 -0.4670136869
v 45.23027039 37.29045105 1184.834229
vn -0.3172383308 -0.8226003051 -0.4718989432
v 45.01287079 37.39341354 1184.849609
vn -0.4898536503 -0.7408348918 -0.459572643
v 44.8047905 37.538414 1184.887939
vn -0.6425743103 -0.633502543 -0.4310136735
v 44.62393951 37.71985626 1184.949585
vn -0.7773891687 -0.4975548387 -0.3848444819
v 44.48054886 37.93247223 1185.033325
vn -0.8835418224 -0.3395565152 -0.3225759566
v 44.38467789 38.16558456 1185.13562
vn -0.9548697472 -0.1658501029 -0.2464091331
v 44.34169006 38.40761566 1185.251465
vn -0.9869104028 0.01343338657 -0.1607089192
v 44.35241699 38.64372253 1185.373413
vn -0.9795302153 0.1885836422 -0.0704042986
v 44.41148758 38.86093903 1185.493896
vn -0.9364798665 0.3502018154 0.01908141747
v 44.50912857 39.05020905 1185.606812
vn -0.8588041663 0.5006811023 0.1085074767
v 44.65411377 39.22782898 1185.721802
vn -0.7514414787 0.6309433579 0.1929926425
v 44.84160233 39.37797928 1185.830078
vn -0.6109719872 0.7428306937 0.273707509
v 45.06652451 39.49179077 1185.92627
vn -0.4437164366 0.8271101117 0.3449703753
v 46.69752502 39.05423737 1185.980957
vn 0.7774418592 0.4974915087 0.3848199248
v 46.84091568 38.8416214 1185.897095
vn 0.8836160302 0.3394142389 0.3225224316
v 46.93678665 38.60850906 1185.7948
vn 0.9548897743 0.165785253 0.246375367
v 46.97977448 38.36647797 1185.679077
vn 0.9869151115 -0.0134856049 0.1606756002
v 46.96904755 38.13036728 1185.557129
vn 0.9795210361 -0.1886458397 0.070365116
v 46.90998077 37.9131546 1185.436523
vn 0.9364662766 -0.3502369523 -0.01910416596
v 44.83569336 38.85115433 1187.215942
vn -0.5179342628 0.8022887111 0.2967775762
v 44.43671417 38.54063797 1187.216187
vn -0.6511928439 0.6721729636 0.3523228765
v 44.59238052 38.69154358 1187.216064
vn -0.6684542298 0.7093150616 0.2236987054
v 44.27383804 38.33609009 1187.216431
vn -0.7270050049 0.5225939751 0.4453754425
v 44.09801865 38.01412964 1187.216797
vn -0.9338150024 0.3568952978 -0.02480545454
v 44.00236893 37.62207794 1187.217285
vn -0.3141768873 0.007972200401 0.9493309855
v 44.88877106 37.35723877 1187.217529
vn 1.224646853e-16 0.001000014832 0.9999995232
v 45.89942932 36.23405838 1187.218628
vn 0.4446761608 -0.8524265885 -0.2750127017
v 45.67469788 38.07779312 1187.216797
vn 1.224646853e-16 0.001000014832 0.9999995232
v 46.14446259 37.11306763 1187.217529
vn 1.224646853e-16 0.001000014832 0.9999995232
v 46.52585602 36.91493988 1187.217896
vn 0.7221727371 -0.4339672029 0.5386455655
v 46.63503647 37.20180511 1187.217529
vn 0.4573047459 -0.1356376559 0.8789054751
v 46.66804504 37.31229401 1187.217407
vn 0.9689620733 -0.2302401662 0.09001078457
v 46.5859642 37.03754425 1187.217773
vn 0.9174953103 -0.3977363408 -0.002859949134
v 46.6852417 37.8461113 1187.217041
vn 0.08886364847 0.007150786463 0.9960181117
v 46.6919899 37.51946259 1187.217285
vn 0.3434798717 -0.03890008852 0.938354075
v 46.68117523 37.90404892 1187.216919
vn 0.922834754 0.2156950682 0.319141984
v 44.63365173 38.71861649 1187.216064
vn -0.01032564323 0.01677305996 0.9998059869
v 46.70207977 37.60670853 1187.217285
vn 0.9819799662 -0.04640252143 0.1831997931
v 46.61287308 38.15623474 1187.216675
vn 0.6915894747 0.1880540997 0.6973806024
v 46.60479355 38.18605042 1187.216675
vn 0.8296798468 0.398045212 0.3913967311
v 44.86089325 38.86121368 1187.215942
vn -0.1929608583 0.4890397191 0.8506504893
v 45.10625839 38.95813751 1187.215942
vn -0.2937008142 0.8097540736 0.507974565
v 46.29978561 36.56190491 1187.218262
vn 0.7278549075 -0.6611955762 -0.1817900538
v 46.4795723 38.43441391 1187.216309
vn 0.7255188227 0.3932806253 0.5647590756
v 44.05800629 37.88020325 1187.216919
vn -0.9271056652 0.1895184815 0.3233540356
v 46.36591339 36.65398407 1187.21814
vn 0.6849259138 -0.5913392305 0.4256694317
v 44.38417816 38.48972321 1187.216309
vn -0.7913157344 0.5942166448 0.1439652294
v 44.07914734 36.86555099 1187.217896
vn -0.8739137053 -0.3549287319 -0.3321150839
v 44.21722031 38.25725937 1187.216553
vn -0.8831067085 0.4649361074 0.06290449947
v 44.22458649 36.59034729 1187.218262
vn -0.100919053 -0.07990273833 0.9916808605
v 44.00279236 37.14759445 1187.217651
vn -0.9461067319 -0.186925903 -0.2644630969
v 44.20656586 36.6128273 1187.218262
vn -0.769349575 -0.5086014867 -0.3865563273
v 44.14870834 38.11751175 1187.216675
vn -0.8900510669 0.3462234437 0.2965441942
v 44.01591492 37.73933411 1187.217163
vn -0.9718892574 0.2093467563 -0.1077272817
v 44.3891449 36.39096451 1187.218506
vn -0.6282802224 -0.7756402493 -0.06038352475
v 44.09983063 36.82452393 1187.218018
vn -0.8481112719 -0.4280333221 -0.3122415543
v 44.02048492 37.08222961 1187.217651
vn -0.9594146609 -0.2597662508 -0.1097498462
v 44.3757019 36.40190125 1187.218384
vn -0.7038475275 -0.5813711286 -0.4081742764
v 43.98191071 37.44498062 1187.217407
vn -0.9804248214 0.05051340908 -0.1903039515
v 45.03761673 36.06061172 1187.21875
vn -0.2252985984 -0.8623620868 -0.4534007013
v 43.98842239 37.35226822 1187.217407
vn -0.280136317 -0.01876629144 0.9597767591
v 44.58125687 36.23601532 1187.218628
vn -0.4718675315 -0.7829483747 -0.4053799212
v 44.79579544 36.12669373 1187.21875
vn -0.3224180341 -0.8391398787 -0.4380535483
v 45.05131912 36.05993652 1187.21875
vn -0.1492595524 -0.9542835355 -0.2589681447
v 45.32925797 36.05125809 1187.218872
vn 0.05987398699 -0.9681799412 0.2429870665
v 46.09159851 36.36013031 1187.218506
vn 0.5697345138 -0.7780672312 -0.2646015286
v 46.46675491 36.79439163 1187.218018
vn 0.8486257792 -0.5202037692 -0.09603283554
v 45.30622864 36.04733658 1187.218872
vn -0.02793938667 -0.9004529119 -0.4340552092
v 45.61864853 36.10888672 1187.21875
vn 0.05133927613 -0.1804326624 0.9822465777
v 46.15373611 36.42035294 1187.218384
vn 0.4857658744 -0.6062504649 0.6296759844
v 45.58209991 36.09429932 1187.21875
vn 0.1792746335 -0.9009910226 -0.3950642943
v 45.84827805 36.2005043 1187.218628
vn 0.3831816912 -0.8598402143 -0.3374115527
v 45.02597427 37.94216919 1066.995972
vn 0.8927741647 -0.4118220508 0.1826387495
v 45.12241745 38.16557693 1066.914795
vn 0.9517862201 -0.2740383446 0.1378621608
v 44.89061737 37.72132492 1067.044067
vn 0.8049580455 -0.5868085027 -0.0877404511
v 44.71935654 37.51313019 1067.054688
vn 0.6762121916 -0.6446546316 0.3565915525
v 44.52026749 37.3301506 1067.025024
vn 0.501567781 -0.7330577374 0.4594084322
v 44.08158112 37.07619095 1066.854004
vn 0.4329172373 -0.8833910227 -0.1794520169
v 44.30312729 37.1819191 1066.956299
vn 0.3634376824 -0.8638917804 0.3487177789
v 43.86868668 37.01524353 1066.726929
vn 0.2259054482 -0.9733196497 -0.04019445181
v 43.48272705 37.01776123 1066.416382
vn -0.07006268948 -0.9830590487 -0.1693699509
v 43.67465591 36.99622345 1066.585205
vn 0.01528411079 -0.999881804 0.001656582463
v 43.30849838 37.08389664 1066.230103
vn 0.1342706829 -0.8550953269 -0.5007827878
v 43.05047226 37.34737396 1065.837036
vn -0.5556808114 -0.7448401451 -0.3693670332
v 43.1611557 37.19515991 1066.033447
vn -0.4209399521 -0.8683001399 -0.2624202967
v 42.98244095 37.5332756 1065.650879
vn -0.5559644103 -0.6210516095 -0.5524476767
v 42.95973969 37.74057388 1065.48584
vn -0.0894657746 -0.5786768794 -0.8106349111
v 42.97964478 37.95552826 1065.349365
vn -0.3832423091 -0.4017698467 -0.8316888213
v 43.03527832 38.16557693 1065.245117
vn -0.3501892388 -0.2626892328 -0.8990894556
v 43.13171768 38.38898087 1065.16394
vn -0.2845471203 -0.1291618496 -0.9499211311
v 43.26707458 38.60982513 1065.115723
vn 0.04846274108 -0.169934392 -0.9842630029
v 43.43833542 38.81801987 1065.105225
vn -0.1987780184 0.2216146886 -0.9546592236
v 43.63742447 39.00099945 1065.134766
vn -0.1565389037 0.4270100296 -0.8905941844
v 43.85456467 39.14923477 1065.203491
vn 0.05291806161 0.4939636588 -0.8678706884
v 44.07611084 39.25496292 1065.305786
vn 0.4297287166 0.1145693287 -0.895660162
v 44.28900909 39.31591034 1065.432983
vn 0.4349366128 0.4383845031 -0.7865425348
v 44.6749649 39.31338882 1065.74353
vn 0.6778706908 0.4345679879 -0.5929940939
v 44.48303604 39.33493042 1065.574707
vn 0.5596436262 0.4541118145 -0.6932398677
v 44.84919357 39.24725342 1065.929688
vn 0.7702556252 0.03943261132 -0.6365150213
v 45.1072197 38.98377609 1066.322876
vn 0.8975325227 0.4364652336 -0.06271751225
v 44.99653625 39.13599014 1066.126465
vn 0.8286427855 0.499922812 -0.2518498302
v 45.17525101 38.79787827 1066.509033
vn 0.9678045511 0.2498470247 0.03050860763
v 45.19795227 38.59057617 1066.674072
vn 0.9435279965 -0.1888257712 -0.2722126544
v 45.17804718 38.37562561 1066.810425
vn 0.9879920483 -0.1403067261 0.06469719857
v 45.87908936 38.92869949 1187.215942
vn 0.1921789795 0.7138824463 0.6733788848
v 46.10206985 38.81686783 1187.215942
vn 0.5098763108 0.7159317136 0.4769359529
v 46.30646133 38.65141678 1187.216064
vn 0.5977685452 0.6645642519 0.4483605325
v 45.37535858 39.00434875 1187.21582
vn -0.07441379875 0.8950601816 0.4396929443
v 44.30092239 38.46598434 1186.777954
vn -0.8556420207 0.5096225739 0.09034156054
v 44.4461174 38.6441803 1186.891724
vn -0.7481587529 0.6403050423 0.1739767939
v 46.76450729 37.76239777 1186.890015
vn 0.9848266244 -0.01929911971 0.1724648327
v 44.85842896 38.90785217 1187.096802
vn -0.4405303001 0.8362967372 0.3264059722
v 46.75312424 37.52445984 1186.771729
vn 0.9769575 -0.195822686 0.08489705622
v 46.72230148 38.00661469 1187.001343
vn 0.9533652067 0.1616269797 0.2548949718
v 46.62729263 38.24214935 1187.098755
vn 0.8827238083 0.3370637 0.327393949
v 46.48480606 38.45730209 1187.17749
vn 0.7772086263 0.497023195 0.385894686
v 45.26028824 36.6158371 1186.052002
vn -0.1368570924 -0.8801780939 -0.4544850588
v 45.78711319 36.60551453 1186.144409
vn 0.2535764575 -0.8870968819 -0.385691762
v 44.79888535 36.79299164 1186.053223
vn -0.4909262657 -0.743966043 -0.453327626
v 45.01554108 36.6879425 1186.041992
vn -0.3189077079 -0.8273621202 -0.4623525143
v 46.03807068 36.67376328 1186.224121
vn 0.4404896498 -0.8363224864 -0.326394856
v 46.26285553 36.78717422 1186.321045
vn 0.6075792909 -0.7523607612 -0.2545599043
v 46.59557724 37.1156311 1186.542969
vn 0.8555961251 -0.509693563 -0.09037584811
v 46.09119415 39.48364258 1186.096313
vn 0.3173106015 0.8225695491 0.4719038904
v 46.30859375 39.38068008 1186.080811
vn 0.4900231361 0.740724802 0.459569484
v 44.5916481 36.94036484 1186.086792
vn -0.6429368854 -0.6349633932 -0.4283148944
v 44.14337158 38.05715561 1186.549194
vn -0.9769733548 0.1957140863 -0.08496517688
v 44.13199234 37.81921768 1186.430908
vn -0.9848169684 0.01918339729 -0.1725325882
v 44.17419815 37.57500076 1186.319458
vn -0.9533359408 -0.16171287 -0.2549500763
v 44.41168976 37.12431335 1186.143311
vn -0.7771427035 -0.4971006215 -0.3859277368
v 44.20294189 38.27576447 1186.666992
vn -0.9335715771 0.3583828509 0.002422265708
v 45.84573746 39.55375671 1186.09021
vn 0.1347236037 0.873921752 0.467022866
v 45.31780624 39.56095123 1186.00415
vn -0.2564717829 0.8785616159 0.4029289484
v 46.69355774 37.30585098 1186.653931
vn 0.9335384965 -0.3584687114 -0.002473338507
v 45.89216995 38.92513657 1187.215942
vn 0.4010254741 0.7887846231 0.4658298194
v 45.63975525 38.99250412 1187.21582
vn 0.09881549329 0.8712374568 0.480812639
v 44.80272675 38.75025177 1066.244751
vn 0.5466144085 -0.4841482639 -0.6832372546
v 44.60063171 38.16557693 1066.497314
vn 0.5465994477 -0.4841290414 -0.683262825
v 44.07884598 38.16557693 1066.079956
vn 0.5465919375 -0.4841486514 -0.6832549572
v 44.28094101 38.75025177 1065.827271
vn 0.5465988517 -0.484146595 -0.6832509041
v 43.55706024 38.16557693 1065.662476
vn 0.5465941429 -0.484161377 -0.6832441688
v 43.75915527 38.75025177 1065.409912
vn 0.5465837121 -0.4841440022 -0.6832648516
v 43.87675095 37.58089828 1066.33252
vn 0.5465852618 -0.484141469 -0.683265388
v 43.35496521 37.58089828 1065.915161
vn 0.5465778112 -0.4841467738 -0.6832675934
v 44.39853668 37.58089828 1066.75
vn 0.5465964675 -0.4841572344 -0.6832452416
v 46.45038223 36.93743515 1186.429077
vn 0.748106122 -0.6403625607 -0.1739914119
v 45.52239609 36.58636093 1186.08606
vn 0.05754692852 -0.9014898539 -0.4289572835
v 46.36137772 38.58347321 1187.216187
vn 0.1339192837 0.1085347459 0.9850308895
v 46.51667404 39.23567963 1186.04248
vn 0.6426287293 0.6334500313 0.4310097098
v 45.10938644 38.97610092 1187.176514
vn -0.2535262704 0.8870925307 0.3857347667
v 44.6336441 38.79444122 1186.999878
vn -0.6076797843 0.7522883415 0.2545340359
v 45.28794098 38.98901749 1187.21582
vn -0.02964393981 0.1703920513 0.9849303365
v 45.58300781 39.58148193 1186.059692
vn -0.06003411114 0.8939504623 0.4441266656
v 44.269207 37.33946609 1186.222046
vn -0.8826429248 -0.3372066021 -0.3274647593
# mm_gid 0
g mmGroup0
f 1//1 2//2 3//3 
f 1//1 3//3 4//4 
f 4//4 3//3 5//5 
f 4//4 5//5 6//6 
f 7//7 8//8 9//9 
f 7//7 9//9 10//10 
f 10//10 9//9 2//2 
f 10//10 2//2 1//1 
f 11//11 12//12 13//13 
f 11//11 13//13 14//14 
f 14//14 13//13 8//8 
f 14//14 8//8 7//7 
f 15//15 16//16 17//17 
f 15//15 17//17 18//18 
f 18//18 17//17 19//19 
f 18//18 19//19 20//20 
f 21//21 22//22 23//23 
f 21//21 23//23 24//24 
f 24//24 23//23 16//16 
f 24//24 16//16 15//15 
f 25//25 26//26 27//27 
f 25//25 27//27 28//28 
f 28//28 27//27 22//22 
f 28//28 22//22 21//21 
f 29//29 30//30 31//31 
f 29//29 31//31 32//32 
f 32//32 31//31 26//26 
f 32//32 26//26 25//25 
f 33//33 34//34 35//35 
f 33//33 35//35 36//36 
f 36//36 35//35 30//30 
f 36//36 30//30 29//29 
f 37//37 38//38 39//39 
f 37//37 39//39 40//40 
f 40//40 39//39 34//34 
f 40//40 34//34 33//33 
f 41//41 42//42 43//43 
f 41//41 43//43 44//44 
f 44//44 43//43 38//38 
f 44//44 38//38 37//37 
f 45//45 46//46 47//47 
f 45//45 47//47 48//48 
f 48//48 47//47 49//49 
f 48//48 49//49 50//50 
f 51//51 52//52 53//53 
f 51//51 53//53 54//54 
f 54//54 53//53 46//46 
f 54//54 46//46 45//45 
f 55//55 56//56 57//57 
f 55//55 57//57 58//58 
f 58//58 57//57 52//52 
f 58//58 52//52 51//51 
f 59//59 60//60 61//61 
f 59//59 61//61 62//62 
f 62//62 61//61 56//56 
f 62//62 56//56 55//55 
f 63//63 64//64 65//65 
f 63//63 65//65 66//66 
f 66//66 65//65 60//60 
f 66//66 60//60 59//59 
f 67//67 68//68 69//69 
f 67//67 69//69 70//70 
f 70//70 69//69 64//64 
f 70//70 64//64 63//63 
f 71//71 72//72 73//73 
f 71//71 73//73 74//74 
f 74//74 73//73 68//68 
f 74//74 68//68 67//67 
f 75//75 76//76 77//77 
f 75//75 77//77 78//78 
f 78//78 77//77 79//79 
f 78//78 79//79 80//80 
f 81//81 82//82 83//83 
f 81//81 83//83 84//84 
f 84//84 83//83 76//76 
f 84//84 76//76 75//75 
f 85//85 86//86 87//87 
f 85//85 87//87 88//88 
f 88//88 87//87 82//82 
f 88//88 82//82 81//81 
f 89//89 90//90 91//91 
f 89//89 91//91 92//92 
f 92//92 91//91 86//86 
f 92//92 86//86 85//85 
f 93//93 94//94 95//95 
f 93//93 95//95 96//96 
f 96//96 95//95 90//90 
f 96//96 90//90 89//89 
f 97//97 98//98 99//99 
f 97//97 99//99 100//100 
f 100//100 99//99 94//94 
f 100//100 94//94 93//93 
f 101//101 102//102 103//103 
f 101//101 103//103 104//104 
f 104//104 103//103 98//98 
f 104//104 98//98 97//97 
f 105//105 106//106 107//107 
f 105//105 107//107 108//108 
f 108//108 107//107 109//109 
f 108//108 109//109 110//110 
f 111//111 112//112 113//113 
f 111//111 113//113 114//114 
f 114//114 113//113 106//106 
f 114//114 106//106 105//105 
f 115//115 116//116 117//117 
f 115//115 117//117 118//118 
f 118//118 117//117 112//112 
f 118//118 112//112 111//111 
f 6//6 5//5 119//119 
f 6//6 119//119 120//120 
f 120//120 119//119 116//116 
f 120//120 116//116 115//115 
f 4//4 6//6 121//121 
f 122//122 1//1 4//4 
f 121//121 122//122 4//4 
f 10//10 1//1 122//122 
f 123//123 7//7 10//10 
f 122//122 123//123 10//10 
f 14//14 7//7 123//123 
f 124//124 11//11 14//14 
f 123//123 124//124 14//14 
f 125//125 20//20 11//11 
f 125//125 11//11 124//124 
f 18//18 20//20 125//125 
f 126//126 15//15 18//18 
f 125//125 126//126 18//18 
f 24//24 15//15 126//126 
f 127//127 21//21 24//24 
f 126//126 127//127 24//24 
f 28//28 21//21 127//127 
f 128//128 25//25 28//28 
f 127//127 128//128 28//28 
f 32//32 25//25 128//128 
f 129//129 29//29 32//32 
f 128//128 129//129 32//32 
f 36//36 29//29 129//129 
f 130//130 33//33 36//36 
f 129//129 130//130 36//36 
f 40//40 33//33 130//130 
f 131//131 37//37 40//40 
f 130//130 131//131 40//40 
f 44//44 37//37 131//131 
f 132//132 41//41 44//44 
f 131//131 132//132 44//44 
f 133//133 50//50 41//41 
f 133//133 41//41 132//132 
f 48//48 50//50 133//133 
f 134//134 45//45 48//48 
f 133//133 134//134 48//48 
f 54//54 45//45 134//134 
f 135//135 51//51 54//54 
f 134//134 135//135 54//54 
f 58//58 51//51 135//135 
f 136//136 55//55 58//58 
f 135//135 136//136 58//58 
f 62//62 55//55 136//136 
f 137//137 59//59 62//62 
f 136//136 137//137 62//62 
f 66//66 59//59 137//137 
f 138//138 63//63 66//66 
f 137//137 138//138 66//66 
f 70//70 63//63 138//138 
f 139//139 67//67 70//70 
f 138//138 139//139 70//70 
f 74//74 67//67 139//139 
f 140//140 71//71 74//74 
f 139//139 140//140 74//74 
f 141//141 80//80 71//71 
f 141//141 71//71 140//140 
f 78//78 80//80 141//141 
f 142//142 75//75 78//78 
f 141//141 142//142 78//78 
f 84//84 75//75 142//142 
f 143//143 81//81 84//84 
f 142//142 143//143 84//84 
f 88//88 81//81 143//143 
f 144//144 85//85 88//88 
f 143//143 144//144 88//88 
f 92//92 85//85 144//144 
f 145//145 89//89 92//92 
f 144//144 145//145 92//92 
f 96//96 89//89 145//145 
f 146//146 93//93 96//96 
f 145//145 146//146 96//96 
f 100//100 93//93 146//146 
f 147//147 97//97 100//100 
f 146//146 147//147 100//100 
f 104//104 97//97 147//147 
f 148//148 101//101 104//104 
f 147//147 148//148 104//104 
f 149//149 110//110 101//101 
f 149//149 101//101 148//148 
f 108//108 110//110 149//149 
f 150//150 105//105 108//108 
f 149//149 150//150 108//108 
f 114//114 105//105 150//150 
f 151//151 111//111 114//114 
f 150//150 151//151 114//114 
f 118//118 111//111 151//151 
f 152//152 115//115 118//118 
f 151//151 152//152 118//118 
f 120//120 115//115 152//152 
f 121//121 6//6 120//120 
f 152//152 121//121 120//120 
f 153//153 122//122 121//121 
f 153//153 121//121 154//154 
f 155//155 123//123 122//122 
f 155//155 122//122 153//153 
f 156//156 124//124 123//123 
f 156//156 123//123 155//155 
f 157//157 125//125 124//124 
f 157//157 124//124 156//156 
f 158//158 126//126 125//125 
f 158//158 125//125 157//157 
f 159//159 127//127 126//126 
f 159//159 126//126 158//158 
f 160//160 128//128 127//127 
f 160//160 127//127 159//159 
f 161//161 129//129 128//128 
f 161//161 128//128 160//160 
f 162//162 130//130 129//129 
f 162//162 129//129 161//161 
f 163//163 131//131 130//130 
f 163//163 130//130 162//162 
f 164//164 132//132 131//131 
f 164//164 131//131 163//163 
f 165//165 133//133 132//132 
f 165//165 132//132 164//164 
f 166//166 134//134 133//133 
f 166//166 133//133 165//165 
f 167//167 135//135 134//134 
f 167//167 134//134 166//166 
f 168//168 136//136 135//135 
f 168//168 135//135 167//167 
f 169//169 137//137 136//136 
f 169//169 136//136 168//168 
f 170//170 138//138 137//137 
f 170//170 137//137 169//169 
f 171//171 139//139 138//138 
f 171//171 138//138 170//170 
f 172//172 140//140 139//139 
f 172//172 139//139 171//171 
f 173//173 141//141 140//140 
f 173//173 140//140 172//172 
f 174//174 142//142 141//141 
f 174//174 141//141 173//173 
f 175//175 143//143 142//142 
f 175//175 142//142 174//174 
f 176//176 144//144 143//143 
f 176//176 143//143 175//175 
f 177//177 145//145 144//144 
f 177//177 144//144 176//176 
f 178//178 146//146 145//145 
f 178//178 145//145 177//177 
f 179//179 147//147 146//146 
f 179//179 146//146 178//178 
f 180//180 148//148 147//147 
f 180//180 147//147 179//179 
f 181//181 149//149 148//148 
f 181//181 148//148 180//180 
f 182//182 150//150 149//149 
f 182//182 149//149 181//181 
f 183//183 151//151 150//150 
f 183//183 150//150 182//182 
f 184//184 152//152 151//151 
f 184//184 151//151 183//183 
f 154//154 121//121 152//152 
f 154//154 152//152 184//184 
f 185//185 153//153 154//154 
f 185//185 154//154 186//186 
f 187//187 155//155 153//153 
f 187//187 153//153 185//185 
f 188//188 156//156 155//155 
f 188//188 155//155 187//187 
f 189//189 157//157 156//156 
f 189//189 156//156 188//188 
f 190//190 158//158 157//157 
f 190//190 157//157 189//189 
f 191//191 159//159 158//158 
f 191//191 158//158 190//190 
f 192//192 160//160 159//159 
f 192//192 159//159 191//191 
f 193//193 161//161 160//160 
f 193//193 160//160 192//192 
f 194//194 162//162 161//161 
f 194//194 161//161 193//193 
f 195//195 163//163 162//162 
f 195//195 162//162 194//194 
f 196//196 164//164 163//163 
f 196//196 163//163 195//195 
f 197//197 165//165 164//164 
f 197//197 164//164 196//196 
f 198//198 166//166 165//165 
f 198//198 165//165 197//197 
f 199//199 167//167 166//166 
f 199//199 166//166 198//198 
f 200//200 168//168 167//167 
f 200//200 167//167 199//199 
f 201//201 169//169 168//168 
f 201//201 168//168 200//200 
f 202//202 170//170 169//169 
f 202//202 169//169 201//201 
f 203//203 171//171 170//170 
f 203//203 170//170 202//202 
f 204//204 172//172 171//171 
f 204//204 171//171 203//203 
f 205//205 173//173 172//172 
f 205//205 172//172 204//204 
f 206//206 174//174 173//173 
f 206//206 173//173 205//205 
f 207//207 175//175 174//174 
f 207//207 174//174 206//206 
f 208//208 176//176 175//175 
f 208//208 175//175 207//207 
f 209//209 177//177 176//176 
f 209//209 176//176 208//208 
f 210//210 178//178 177//177 
f 210//210 177//177 209//209 
f 211//211 179//179 178//178 
f 211//211 178//178 210//210 
f 212//212 180//180 179//179 
f 212//212 179//179 211//211 
f 213//213 181//181 180//180 
f 213//213 180//180 212//212 
f 214//214 182//182 181//181 
f 214//214 181//181 213//213 
f 215//215 183//183 182//182 
f 215//215 182//182 214//214 
f 216//216 184//184 183//183 
f 216//216 183//183 215//215 
f 186//186 154//154 184//184 
f 186//186 184//184 216//216 
f 217//217 185//185 186//186 
f 217//217 186//186 218//218 
f 219//219 187//187 185//185 
f 219//219 185//185 217//217 
f 220//220 188//188 187//187 
f 220//220 187//187 219//219 
f 221//221 189//189 188//188 
f 221//221 188//188 220//220 
f 222//222 190//190 189//189 
f 222//222 189//189 221//221 
f 223//223 191//191 190//190 
f 223//223 190//190 222//222 
f 224//224 192//192 191//191 
f 224//224 191//191 223//223 
f 225//225 193//193 192//192 
f 225//225 192//192 224//224 
f 226//226 194//194 193//193 
f 226//226 193//193 225//225 
f 227//227 195//195 194//194 
f 227//227 194//194 226//226 
f 228//228 196//196 195//195 
f 228//228 195//195 227//227 
f 229//229 197//197 196//196 
f 229//229 196//196 228//228 
f 230//230 198//198 197//197 
f 230//230 197//197 229//229 
f 231//231 199//199 198//198 
f 231//231 198//198 230//230 
f 232//232 200//200 199//199 
f 232//232 199//199 231//231 
f 233//233 201//201 200//200 
f 233//233 200//200 232//232 
f 234//234 202//202 201//201 
f 234//234 201//201 233//233 
f 235//235 203//203 202//202 
f 235//235 202//202 234//234 
f 236//236 204//204 203//203 
f 236//236 203//203 235//235 
f 237//237 205//205 204//204 
f 237//237 204//204 236//236 
f 238//238 206//206 205//205 
f 238//238 205//205 237//237 
f 239//239 207//207 206//206 
f 239//239 206//206 238//238 
f 240//240 208//208 207//207 
f 240//240 207//207 239//239 
f 241//241 209//209 208//208 
f 241//241 208//208 240//240 
f 242//242 210//210 209//209 
f 242//242 209//209 241//241 
f 243//243 211//211 210//210 
f 243//243 210//210 242//242 
f 244//244 212//212 211//211 
f 244//244 211//211 243//243 
f 245//245 213//213 212//212 
f 245//245 212//212 244//244 
f 246//246 214//214 213//213 
f 246//246 213//213 245//245 
f 247//247 215//215 214//214 
f 247//247 214//214 246//246 
f 248//248 216//216 215//215 
f 248//248 215//215 247//247 
f 218//218 186//186 216//216 
f 218//218 216//216 248//248 
f 249//249 217//217 218//218 
f 249//249 218//218 250//250 
f 251//251 219//219 217//217 
f 251//251 217//217 249//249 
f 252//252 220//220 219//219 
f 252//252 219//219 251//251 
f 253//253 221//221 220//220 
f 253//253 220//220 252//252 
f 254//254 222//222 221//221 
f 254//254 221//221 253//253 
f 255//255 223//223 222//222 
f 255//255 222//222 254//254 
f 256//256 224//224 223//223 
f 256//256 223//223 255//255 
f 257//257 225//225 224//224 
f 257//257 224//224 256//256 
f 258//258 226//226 225//225 
f 258//258 225//225 257//257 
f 259//259 227//227 226//226 
f 259//259 226//226 258//258 
f 260//260 228//228 227//227 
f 260//260 227//227 259//259 
f 261//261 229//229 228//228 
f 261//261 228//228 260//260 
f 262//262 230//230 229//229 
f 262//262 229//229 261//261 
f 263//263 231//231 230//230 
f 263//263 230//230 262//262 
f 264//264 232//232 231//231 
f 264//264 231//231 263//263 
f 265//265 233//233 232//232 
f 265//265 232//232 264//264 
f 266//266 234//234 233//233 
f 266//266 233//233 265//265 
f 267//267 235//235 234//234 
f 267//267 234//234 266//266 
f 268//268 236//236 235//235 
f 268//268 235//235 267//267 
f 269//269 237//237 236//236 
f 269//269 236//236 268//268 
f 270//270 238//238 237//237 
f 270//270 237//237 269//269 
f 271//271 239//239 238//238 
f 271//271 238//238 270//270 
f 272//272 240//240 239//239 
f 272//272 239//239 271//271 
f 273//273 241//241 240//240 
f 273//273 240//240 272//272 
f 274//274 242//242 241//241 
f 274//274 241//241 273//273 
f 275//275 243//243 242//242 
f 275//275 242//242 274//274 
f 276//276 244//244 243//243 
f 276//276 243//243 275//275 
f 277//277 245//245 244//244 
f 277//277 244//244 276//276 
f 278//278 246//246 245//245 
f 278//278 245//245 277//277 
f 279//279 247//247 246//246 
f 279//279 246//246 278//278 
f 280//280 248//248 247//247 
f 280//280 247//247 279//279 
f 250//250 218//218 248//248 
f 250//250 248//248 280//280 
f 281//281 249//249 250//250 
f 281//281 250//250 282//282 
f 283//283 251//251 249//249 
f 283//283 249//249 281//281 
f 284//284 252//252 251//251 
f 284//284 251//251 283//283 
f 285//285 253//253 252//252 
f 285//285 252//252 284//284 
f 286//286 254//254 253//253 
f 286//286 253//253 285//285 
f 287//287 255//255 254//254 
f 287//287 254//254 286//286 
f 288//288 256//256 255//255 
f 288//288 255//255 287//287 
f 289//289 257//257 256//256 
f 289//289 256//256 288//288 
f 290//290 258//258 257//257 
f 290//290 257//257 289//289 
f 291//291 259//259 258//258 
f 291//291 258//258 290//290 
f 292//292 260//260 259//259 
f 292//292 259//259 291//291 
f 293//293 261//261 260//260 
f 293//293 260//260 292//292 
f 294//294 262//262 261//261 
f 294//294 261//261 293//293 
f 295//295 263//263 262//262 
f 295//295 262//262 294//294 
f 296//296 264//264 263//263 
f 296//296 263//263 295//295 
f 297//297 265//265 264//264 
f 297//297 264//264 296//296 
f 298//298 266//266 265//265 
f 298//298 265//265 297//297 
f 299//299 267//267 266//266 
f 299//299 266//266 298//298 
f 300//300 268//268 267//267 
f 300//300 267//267 299//299 
f 301//301 269//269 268//268 
f 301//301 268//268 300//300 
f 302//302 270//270 269//269 
f 302//302 269//269 301//301 
f 303//303 271//271 270//270 
f 303//303 270//270 302//302 
f 304//304 272//272 271//271 
f 304//304 271//271 303//303 
f 305//305 273//273 272//272 
f 305//305 272//272 304//304 
f 306//306 274//274 273//273 
f 306//306 273//273 305//305 
f 307//307 275//275 274//274 
f 307//307 274//274 306//306 
f 308//308 276//276 275//275 
f 308//308 275//275 307//307 
f 309//309 277//277 276//276 
f 309//309 276//276 308//308 
f 310//310 278//278 277//277 
f 310//310 277//277 309//309 
f 311//311 279//279 278//278 
f 311//311 278//278 310//310 
f 312//312 280//280 279//279 
f 312//312 279//279 311//311 
f 282//282 250//250 280//280 
f 282//282 280//280 312//312 
f 313//313 281//281 282//282 
f 313//313 282//282 314//314 
f 315//315 283//283 281//281 
f 315//315 281//281 313//313 
f 316//316 284//284 283//283 
f 316//316 283//283 315//315 
f 317//317 285//285 284//284 
f 317//317 284//284 316//316 
f 318//318 286//286 285//285 
f 318//318 285//285 317//317 
f 319//319 287//287 286//286 
f 319//319 286//286 318//318 
f 320//320 288//288 287//287 
f 320//320 287//287 319//319 
f 321//321 289//289 288//288 
f 321//321 288//288 320//320 
f 322//322 290//290 289//289 
f 322//322 289//289 321//321 
f 323//323 291//291 290//290 
f 323//323 290//290 322//322 
f 324//324 292//292 291//291 
f 324//324 291//291 323//323 
f 325//325 293//293 292//292 
f 325//325 292//292 324//324 
f 326//326 294//294 293//293 
f 326//326 293//293 325//325 
f 327//327 295//295 294//294 
f 327//327 294//294 326//326 
f 328//328 296//296 295//295 
f 328//328 295//295 327//327 
f 329//329 297//297 296//296 
f 329//329 296//296 328//328 
f 330//330 298//298 297//297 
f 330//330 297//297 329//329 
f 331//331 299//299 298//298 
f 331//331 298//298 330//330 
f 332//332 300//300 299//299 
f 332//332 299//299 331//331 
f 333//333 301//301 300//300 
f 333//333 300//300 332//332 
f 334//334 302//302 301//301 
f 334//334 301//301 333//333 
f 335//335 303//303 302//302 
f 335//335 302//302 334//334 
f 336//336 304//304 303//303 
f 336//336 303//303 335//335 
f 337//337 305//305 304//304 
f 337//337 304//304 336//336 
f 338//338 306//306 305//305 
f 338//338 305//305 337//337 
f 339//339 307//307 306//306 
f 339//339 306//306 338//338 
f 340//340 308//308 307//307 
f 340//340 307//307 339//339 
f 341//341 309//309 308//308 
f 341//341 308//308 340//340 
f 342//342 310//310 309//309 
f 342//342 309//309 341//341 
f 343//343 311//311 310//310 
f 343//343 310//310 342//342 
f 344//344 312//312 311//311 
f 344//344 311//311 343//343 
f 314//314 282//282 312//312 
f 314//314 312//312 344//344 
f 345//345 313//313 314//314 
f 345//345 314//314 346//346 
f 347//347 315//315 313//313 
f 347//347 313//313 345//345 
f 348//348 316//316 315//315 
f 348//348 315//315 347//347 
f 349//349 317//317 316//316 
f 349//349 316//316 348//348 
f 350//350 318//318 317//317 
f 350//350 317//317 349//349 
f 351//351 319//319 318//318 
f 351//351 318//318 350//350 
f 352//352 320//320 319//319 
f 352//352 319//319 351//351 
f 353//353 321//321 320//320 
f 353//353 320//320 352//352 
f 354//354 322//322 321//321 
f 354//354 321//321 353//353 
f 355//355 323//323 322//322 
f 355//355 322//322 354//354 
f 356//356 324//324 323//323 
f 356//356 323//323 355//355 
f 357//357 325//325 324//324 
f 357//357 324//324 356//356 
f 358//358 326//326 325//325 
f 358//358 325//325 357//357 
f 359//359 327//327 326//326 
f 359//359 326//326 358//358 
f 360//360 328//328 327//327 
f 360//360 327//327 359//359 
f 361//361 329//329 328//328 
f 361//361 328//328 360//360 
f 362//362 330//330 329//329 
f 362//362 329//329 361//361 
f 363//363 331//331 330//330 
f 363//363 330//330 362//362 
f 364//364 332//332 331//331 
f 364//364 331//331 363//363 
f 365//365 333//333 332//332 
f 365//365 332//332 364//364 
f 366//366 334//334 333//333 
f 366//366 333//333 365//365 
f 367//367 335//335 334//334 
f 367//367 334//334 366//366 
f 368//368 336//336 335//335 
f 368//368 335//335 367//367 
f 369//369 337//337 336//336 
f 369//369 336//336 368//368 
f 370//370 338//338 337//337 
f 370//370 337//337 369//369 
f 371//371 339//339 338//338 
f 371//371 338//338 370//370 
f 372//372 340//340 339//339 
f 372//372 339//339 371//371 
f 373//373 341//341 340//340 
f 373//373 340//340 372//372 
f 374//374 342//342 341//341 
f 374//374 341//341 373//373 
f 375//375 343//343 342//342 
f 375//375 342//342 374//374 
f 376//376 344//344 343//343 
f 376//376 343//343 375//375 
f 346//346 314//314 344//344 
f 346//346 344//344 376//376 
f 377//377 345//345 346//346 
f 377//377 346//346 378//378 
f 379//379 347//347 345//345 
f 379//379 345//345 377//377 
f 380//380 348//348 347//347 
f 380//380 347//347 379//379 
f 381//381 349//349 348//348 
f 381//381 348//348 380//380 
f 382//382 350//350 349//349 
f 382//382 349//349 381//381 
f 383//383 351//351 350//350 
f 383//383 350//350 382//382 
f 384//384 352//352 351//351 
f 384//384 351//351 383//383 
f 385//385 353//353 352//352 
f 385//385 352//352 384//384 
f 386//386 354//354 353//353 
f 386//386 353//353 385//385 
f 387//387 355//355 354//354 
f 387//387 354//354 386//386 
f 388//388 356//356 355//355 
f 388//388 355//355 387//387 
f 389//389 357//357 356//356 
f 389//389 356//356 388//388 
f 390//390 358//358 357//357 
f 390//390 357//357 389//389 
f 391//391 359//359 358//358 
f 391//391 358//358 390//390 
f 392//392 360//360 359//359 
f 392//392 359//359 391//391 
f 393//393 361//361 360//360 
f 393//393 360//360 392//392 
f 394//394 362//362 361//361 
f 394//394 361//361 393//393 
f 395//395 363//363 362//362 
f 395//395 362//362 394//394 
f 396//396 364//364 363//363 
f 396//396 363//363 395//395 
f 397//397 365//365 364//364 
f 397//397 364//364 396//396 
f 398//398 366//366 365//365 
f 398//398 365//365 397//397 
f 399//399 367//367 366//366 
f 399//399 366//366 398//398 
f 400//400 368//368 367//367 
f 400//400 367//367 399//399 
f 401//401 369//369 368//368 
f 401//401 368//368 400//400 
f 402//402 370//370 369//369 
f 402//402 369//369 401//401 
f 403//403 371//371 370//370 
f 403//403 370//370 402//402 
f 404//404 372//372 371//371 
f 404//404 371//371 403//403 
f 405//405 373//373 372//372 
f 405//405 372//372 404//404 
f 406//406 374//374 373//373 
f 406//406 373//373 405//405 
f 407//407 375//375 374//374 
f 407//407 374//374 406//406 
f 408//408 376//376 375//375 
f 408//408 375//375 407//407 
f 378//378 346//346 376//376 
f 378//378 376//376 408//408 
f 409//409 377//377 378//378 
f 409//409 378//378 410//410 
f 411//411 379//379 377//377 
f 411//411 377//377 409//409 
f 412//412 380//380 379//379 
f 412//412 379//379 411//411 
f 413//413 381//381 380//380 
f 413//413 380//380 412//412 
f 414//414 382//382 381//381 
f 414//414 381//381 413//413 
f 415//415 383//383 382//382 
f 415//415 382//382 414//414 
f 416//416 384//384 383//383 
f 416//416 383//383 415//415 
f 417//417 385//385 384//384 
f 417//417 384//384 416//416 
f 418//418 386//386 385//385 
f 418//418 385//385 417//417 
f 419//419 387//387 386//386 
f 419//419 386//386 418//418 
f 420//420 388//388 387//387 
f 420//420 387//387 419//419 
f 421//421 389//389 388//388 
f 421//421 388//388 420//420 
f 422//422 390//390 389//389 
f 422//422 389//389 421//421 
f 423//423 391//391 390//390 
f 423//423 390//390 422//422 
f 424//424 392//392 391//391 
f 424//424 391//391 423//423 
f 425//425 393//393 392//392 
f 425//425 392//392 424//424 
f 426//426 394//394 393//393 
f 426//426 393//393 425//425 
f 427//427 395//395 394//394 
f 427//427 394//394 426//426 
f 428//428 396//396 395//395 
f 428//428 395//395 427//427 
f 429//429 397//397 396//396 
f 429//429 396//396 428//428 
f 430//430 398//398 397//397 
f 430//430 397//397 429//429 
f 431//431 399//399 398//398 
f 431//431 398//398 430//430 
f 432//432 400//400 399//399 
f 432//432 399//399 431//431 
f 433//433 401//401 400//400 
f 433//433 400//400 432//432 
f 434//434 402//402 401//401 
f 434//434 401//401 433//433 
f 435//435 403//403 402//402 
f 435//435 402//402 434//434 
f 436//436 404//404 403//403 
f 436//436 403//403 435//435 
f 437//437 405//405 404//404 
f 437//437 404//404 436//436 
f 438//438 406//406 405//405 
f 438//438 405//405 437//437 
f 439//439 407//407 406//406 
f 439//439 406//406 438//438 
f 440//440 408//408 407//407 
f 440//440 407//407 439//439 
f 410//410 378//378 408//408 
f 410//410 408//408 440//440 
f 441//441 409//409 410//410 
f 441//441 410//410 442//442 
f 443//443 411//411 409//409 
f 443//443 409//409 441//441 
f 444//444 412//412 411//411 
f 444//444 411//411 443//443 
f 445//445 413//413 412//412 
f 445//445 412//412 444//444 
f 446//446 414//414 413//413 
f 446//446 413//413 445//445 
f 447//447 415//415 414//414 
f 447//447 414//414 446//446 
f 448//448 416//416 415//415 
f 448//448 415//415 447//447 
f 449//449 417//417 416//416 
f 449//449 416//416 448//448 
f 450//450 418//418 417//417 
f 450//450 417//417 449//449 
f 451//451 419//419 418//418 
f 451//451 418//418 450//450 
f 452//452 420//420 419//419 
f 452//452 419//419 451//451 
f 453//453 421//421 420//420 
f 453//453 420//420 452//452 
f 454//454 422//422 421//421 
f 454//454 421//421 453//453 
f 455//455 423//423 422//422 
f 455//455 422//422 454//454 
f 456//456 424//424 423//423 
f 456//456 423//423 455//455 
f 457//457 425//425 424//424 
f 457//457 424//424 456//456 
f 458//458 426//426 425//425 
f 458//458 425//425 457//457 
f 459//459 427//427 426//426 
f 459//459 426//426 458//458 
f 460//460 428//428 427//427 
f 460//460 427//427 459//459 
f 461//461 429//429 428//428 
f 461//461 428//428 460//460 
f 462//462 430//430 429//429 
f 462//462 429//429 461//461 
f 463//463 431//431 430//430 
f 463//463 430//430 462//462 
f 464//464 432//432 431//431 
f 464//464 431//431 463//463 
f 465//465 433//433 432//432 
f 465//465 432//432 464//464 
f 466//466 434//434 433//433 
f 466//466 433//433 465//465 
f 467//467 435//435 434//434 
f 467//467 434//434 466//466 
f 468//468 436//436 435//435 
f 468//468 435//435 467//467 
f 469//469 437//437 436//436 
f 469//469 436//436 468//468 
f 470//470 438//438 437//437 
f 470//470 437//437 469//469 
f 471//471 439//439 438//438 
f 471//471 438//438 470//470 
f 472//472 440//440 439//439 
f 472//472 439//439 471//471 
f 442//442 410//410 440//440 
f 442//442 440//440 472//472 
f 473//473 441//441 442//442 
f 473//473 442//442 474//474 
f 475//475 443//443 441//441 
f 475//475 441//441 473//473 
f 476//476 444//444 443//443 
f 476//476 443//443 475//475 
f 477//477 445//445 444//444 
f 477//477 444//444 476//476 
f 478//478 446//446 445//445 
f 478//478 445//445 477//477 
f 479//479 447//447 446//446 
f 479//479 446//446 478//478 
f 480//480 448//448 447//447 
f 480//480 447//447 479//479 
f 481//481 449//449 448//448 
f 481//481 448//448 480//480 
f 482//482 450//450 449//449 
f 482//482 449//449 481//481 
f 483//483 451//451 450//450 
f 483//483 450//450 482//482 
f 484//484 452//452 451//451 
f 484//484 451//451 483//483 
f 485//485 453//453 452//452 
f 485//485 452//452 484//484 
f 486//486 454//454 453//453 
f 486//486 453//453 485//485 
f 487//487 455//455 454//454 
f 487//487 454//454 486//486 
f 488//488 456//456 455//455 
f 488//488 455//455 487//487 
f 489//489 457//457 456//456 
f 489//489 456//456 488//488 
f 490//490 458//458 457//457 
f 490//490 457//457 489//489 
f 491//491 459//459 458//458 
f 491//491 458//458 490//490 
f 492//492 460//460 459//459 
f 492//492 459//459 491//491 
f 493//493 461//461 460//460 
f 493//493 460//460 492//492 
f 494//494 462//462 461//461 
f 494//494 461//461 493//493 
f 495//495 463//463 462//462 
f 495//495 462//462 494//494 
f 496//496 464//464 463//463 
f 496//496 463//463 495//495 
f 497//497 465//465 464//464 
f 497//497 464//464 496//496 
f 498//498 466//466 465//465 
f 498//498 465//465 497//497 
f 499//499 467//467 466//466 
f 499//499 466//466 498//498 
f 500//500 468//468 467//467 
f 500//500 467//467 499//499 
f 501//501 469//469 468//468 
f 501//501 468//468 500//500 
f 502//502 470//470 469//469 
f 502//502 469//469 501//501 
f 503//503 471//471 470//470 
f 503//503 470//470 502//502 
f 504//504 472//472 471//471 
f 504//504 471//471 503//503 
f 474//474 442//442 472//472 
f 474//474 472//472 504//504 
f 505//505 473//473 474//474 
f 505//505 474//474 506//506 
f 507//507 475//475 473//473 
f 507//507 473//473 505//505 
f 508//508 476//476 475//475 
f 508//508 475//475 507//507 
f 509//509 477//477 476//476 
f 509//509 476//476 508//508 
f 510//510 478//478 477//477 
f 510//510 477//477 509//509 
f 511//511 479//479 478//478 
f 511//511 478//478 510//510 
f 512//512 480//480 479//479 
f 512//512 479//479 511//511 
f 513//513 481//481 480//480 
f 513//513 480//480 512//512 
f 514//514 482//482 481//481 
f 514//514 481//481 513//513 
f 515//515 483//483 482//482 
f 515//515 482//482 514//514 
f 516//516 484//484 483//483 
f 516//516 483//483 515//515 
f 517//517 485//485 484//484 
f 517//517 484//484 516//516 
f 518//518 486//486 485//485 
f 518//518 485//485 517//517 
f 519//519 487//487 486//486 
f 519//519 486//486 518//518 
f 520//520 488//488 487//487 
f 520//520 487//487 519//519 
f 521//521 489//489 488//488 
f 521//521 488//488 520//520 
f 522//522 490//490 489//489 
f 522//522 489//489 521//521 
f 523//523 491//491 490//490 
f 523//523 490//490 522//522 
f 524//524 492//492 491//491 
f 524//524 491//491 523//523 
f 525//525 493//493 492//492 
f 525//525 492//492 524//524 
f 526//526 494//494 493//493 
f 526//526 493//493 525//525 
f 527//527 495//495 494//494 
f 527//527 494//494 526//526 
f 528//528 496//496 495//495 
f 528//528 495//495 527//527 
f 529//529 497//497 496//496 
f 529//529 496//496 528//528 
f 530//530 498//498 497//497 
f 530//530 497//497 529//529 
f 531//531 499//499 498//498 
f 531//531 498//498 530//530 
f 532//532 500//500 499//499 
f 532//532 499//499 531//531 
f 533//533 501//501 500//500 
f 533//533 500//500 532//532 
f 534//534 502//502 501//501 
f 534//534 501//501 533//533 
f 535//535 503//503 502//502 
f 535//535 502//502 534//534 
f 536//536 504//504 503//503 
f 536//536 503//503 535//535 
f 506//506 474//474 504//504 
f 506//506 504//504 536//536 
f 537//537 505//505 506//506 
f 537//537 506//506 538//538 
f 539//539 507//507 505//505 
f 539//539 505//505 537//537 
f 540//540 508//508 507//507 
f 540//540 507//507 539//539 
f 541//541 509//509 508//508 
f 541//541 508//508 540//540 
f 542//542 510//510 509//509 
f 542//542 509//509 541//541 
f 543//543 511//511 510//510 
f 543//543 510//510 542//542 
f 544//544 512//512 511//511 
f 544//544 511//511 543//543 
f 545//545 513//513 512//512 
f 545//545 512//512 544//544 
f 546//546 514//514 513//513 
f 546//546 513//513 545//545 
f 547//547 515//515 514//514 
f 547//547 514//514 546//546 
f 548//548 516//516 515//515 
f 548//548 515//515 547//547 
f 549//549 517//517 516//516 
f 549//549 516//516 548//548 
f 550//550 518//518 517//517 
f 550//550 517//517 549//549 
f 551//551 519//519 518//518 
f 551//551 518//518 550//550 
f 552//552 520//520 519//519 
f 552//552 519//519 551//551 
f 553//553 521//521 520//520 
f 553//553 520//520 552//552 
f 554//554 522//522 521//521 
f 554//554 521//521 553//553 
f 555//555 523//523 522//522 
f 555//555 522//522 554//554 
f 556//556 524//524 523//523 
f 556//556 523//523 555//555 
f 557//557 525//525 524//524 
f 557//557 524//524 556//556 
f 558//558 526//526 525//525 
f 558//558 525//525 557//557 
f 559//559 527//527 526//526 
f 559//559 526//526 558//558 
f 560//560 528//528 527//527 
f 560//560 527//527 559//559 
f 561//561 529//529 528//528 
f 561//561 528//528 560//560 
f 562//562 530//530 529//529 
f 562//562 529//529 561//561 
f 563//563 531//531 530//530 
f 563//563 530//530 562//562 
f 564//564 532//532 531//531 
f 564//564 531//531 563//563 
f 565//565 533//533 532//532 
f 565//565 532//532 564//564 
f 566//566 534//534 533//533 
f 566//566 533//533 565//565 
f 567//567 535//535 534//534 
f 567//567 534//534 566//566 
f 568//568 536//536 535//535 
f 568//568 535//535 567//567 
f 538//538 506//506 536//536 
f 538//538 536//536 568//568 
f 569//569 537//537 538//538 
f 569//569 538//538 570//570 
f 571//571 539//539 537//537 
f 571//571 537//537 569//569 
f 572//572 540//540 539//539 
f 572//572 539//539 571//571 
f 573//573 541//541 540//540 
f 573//573 540//540 572//572 
f 574//574 542//542 541//541 
f 574//574 541//541 573//573 
f 575//575 543//543 542//542 
f 575//575 542//542 574//574 
f 576//576 544//544 543//543 
f 576//576 543//543 575//575 
f 577//577 545//545 544//544 
f 577//577 544//544 576//576 
f 578//578 546//546 545//545 
f 578//578 545//545 577//577 
f 579//579 547//547 546//546 
f 579//579 546//546 578//578 
f 580//580 581//581 548//548 
f 547//547 579//579 580//580 
f 548//548 547//547 580//580 
f 582//582 583//583 549//549 
f 548//548 581//581 582//582 
f 549//549 548//548 582//582 
f 584//584 585//585 550//550 
f 549//549 583//583 584//584 
f 550//550 549//549 584//584 
f 586//586 587//587 551//551 
f 550//550 585//585 586//586 
f 551//551 550//550 586//586 
f 588//588 589//589 552//552 
f 551//551 587//587 588//588 
f 552//552 551//551 588//588 
f 590//590 591//591 553//553 
f 552//552 589//589 590//590 
f 553//553 552//552 590//590 
f 592//592 593//593 554//554 
f 553//553 591//591 592//592 
f 554//554 553//553 592//592 
f 594//594 595//595 555//555 
f 554//554 593//593 594//594 
f 555//555 554//554 594//594 
f 596//596 597//597 556//556 
f 555//555 595//595 596//596 
f 556//556 555//555 596//596 
f 598//598 599//599 557//557 
f 556//556 597//597 598//598 
f 557//557 556//556 598//598 
f 600//600 601//601 558//558 
f 557//557 599//599 600//600 
f 558//558 557//557 600//600 
f 602//602 603//603 559//559 
f 558//558 601//601 602//602 
f 559//559 558//558 602//602 
f 604//604 605//605 560//560 
f 559//559 603//603 604//604 
f 560//560 559//559 604//604 
f 606//606 607//607 561//561 
f 560//560 605//605 606//606 
f 561//561 560//560 606//606 
f 608//608 609//609 562//562 
f 561//561 607//607 608//608 
f 562//562 561//561 608//608 
f 610//610 611//611 563//563 
f 562//562 609//609 610//610 
f 563//563 562//562 610//610 
f 612//612 613//613 564//564 
f 563//563 611//611 612//612 
f 564//564 563//563 612//612 
f 614//614 565//565 564//564 
f 614//614 564//564 613//613 
f 615//615 566//566 565//565 
f 615//615 565//565 614//614 
f 616//616 567//567 566//566 
f 616//616 566//566 615//615 
f 617//617 568//568 567//567 
f 617//617 567//567 616//616 
f 570//570 538//538 568//568 
f 570//570 568//568 617//617 
f 618//618 619//619 569//569 
f 570//570 620//620 618//618 
f 569//569 570//570 618//618 
f 621//621 622//622 571//571 
f 569//569 619//619 621//621 
f 571//571 569//569 621//621 
f 623//623 624//624 572//572 
f 571//571 622//622 623//623 
f 572//572 571//571 623//623 
f 625//625 626//626 573//573 
f 572//572 624//624 625//625 
f 573//573 572//572 625//625 
f 627//627 628//628 574//574 
f 573//573 626//626 627//627 
f 574//574 573//573 627//627 
f 629//629 630//630 575//575 
f 574//574 628//628 629//629 
f 575//575 574//574 629//629 
f 631//631 632//632 576//576 
f 575//575 630//630 631//631 
f 576//576 575//575 631//631 
f 633//633 634//634 577//577 
f 576//576 632//632 633//633 
f 577//577 576//576 633//633 
f 635//635 636//636 578//578 
f 577//577 634//634 635//635 
f 578//578 577//577 635//635 
f 637//637 638//638 639//639 
f 639//639 579//579 578//578 
f 578//578 636//636 637//637 
f 637//637 639//639 578//578 
f 640//640 641//641 642//642 
f 640//640 642//642 643//643 
f 641//641 581//581 580//580 
f 641//641 580//580 642//642 
f 642//642 580//580 579//579 
f 642//642 579//579 639//639 
f 643//643 642//642 639//639 
f 643//643 639//639 638//638 
f 644//644 645//645 646//646 
f 644//644 646//646 647//647 
f 645//645 583//583 582//582 
f 645//645 582//582 646//646 
f 646//646 582//582 581//581 
f 646//646 581//581 641//641 
f 647//647 646//646 641//641 
f 647//647 641//641 640//640 
f 648//648 649//649 650//650 
f 648//648 650//650 651//651 
f 649//649 585//585 584//584 
f 649//649 584//584 650//650 
f 650//650 584//584 583//583 
f 650//650 583//583 645//645 
f 651//651 650//650 645//645 
f 651//651 645//645 644//644 
f 652//652 653//653 654//654 
f 652//652 654//654 655//655 
f 653//653 587//587 586//586 
f 653//653 586//586 654//654 
f 654//654 586//586 585//585 
f 654//654 585//585 649//649 
f 655//655 654//654 649//649 
f 655//655 649//649 648//648 
f 656//656 657//657 658//658 
f 656//656 658//658 659//659 
f 657//657 589//589 588//588 
f 657//657 588//588 658//658 
f 658//658 588//588 587//587 
f 658//658 587//587 653//653 
f 659//659 658//658 653//653 
f 659//659 653//653 652//652 
f 660//660 661//661 662//662 
f 660//660 662//662 663//663 
f 661//661 591//591 590//590 
f 661//661 590//590 662//662 
f 662//662 590//590 589//589 
f 662//662 589//589 657//657 
f 663//663 662//662 657//657 
f 663//663 657//657 656//656 
f 664//664 665//665 666//666 
f 664//664 666//666 667//667 
f 665//665 593//593 592//592 
f 665//665 592//592 666//666 
f 666//666 592//592 591//591 
f 666//666 591//591 661//661 
f 667//667 666//666 661//661 
f 667//667 661//661 660//660 
f 668//668 669//669 670//670 
f 668//668 670//670 671//671 
f 669//669 595//595 594//594 
f 669//669 594//594 670//670 
f 670//670 594//594 593//593 
f 670//670 593//593 665//665 
f 671//671 670//670 665//665 
f 671//671 665//665 664//664 
f 672//672 673//673 674//674 
f 672//672 674//674 675//675 
f 673//673 597//597 596//596 
f 673//673 596//596 674//674 
f 674//674 596//596 595//595 
f 674//674 595//595 669//669 
f 675//675 674//674 669//669 
f 675//675 669//669 668//668 
f 676//676 677//677 678//678 
f 676//676 678//678 679//679 
f 677//677 599//599 598//598 
f 677//677 598//598 678//678 
f 678//678 598//598 597//597 
f 678//678 597//597 673//673 
f 679//679 678//678 673//673 
f 679//679 673//673 672//672 
f 680//680 681//681 682//682 
f 680//680 682//682 683//683 
f 681//681 601//601 600//600 
f 681//681 600//600 682//682 
f 682//682 600//600 599//599 
f 682//682 599//599 677//677 
f 683//683 682//682 677//677 
f 683//683 677//677 676//676 
f 684//684 685//685 686//686 
f 684//684 686//686 687//687 
f 685//685 603//603 602//602 
f 685//685 602//602 686//686 
f 686//686 602//602 601//601 
f 686//686 601//601 681//681 
f 687//687 686//686 681//681 
f 687//687 681//681 680//680 
f 688//688 689//689 690//690 
f 688//688 690//690 691//691 
f 689//689 605//605 604//604 
f 689//689 604//604 690//690 
f 690//690 604//604 603//603 
f 690//690 603//603 685//685 
f 691//691 690//690 685//685 
f 691//691 685//685 684//684 
f 692//692 693//693 694//694 
f 692//692 694//694 695//695 
f 693//693 607//607 606//606 
f 693//693 606//606 694//694 
f 694//694 606//606 605//605 
f 694//694 605//605 689//689 
f 695//695 694//694 689//689 
f 695//695 689//689 688//688 
f 696//696 697//697 698//698 
f 696//696 698//698 699//699 
f 697//697 609//609 608//608 
f 697//697 608//608 698//698 
f 698//698 608//608 607//607 
f 698//698 607//607 693//693 
f 699//699 698//698 693//693 
f 699//699 693//693 692//692 
f 700//700 701//701 702//702 
f 700//700 702//702 703//703 
f 701//701 611//611 610//610 
f 701//701 610//610 702//702 
f 702//702 610//610 609//609 
f 702//702 609//609 697//697 
f 703//703 702//702 697//697 
f 703//703 697//697 696//696 
f 704//704 705//705 706//706 
f 704//704 706//706 707//707 
f 705//705 613//613 612//612 
f 705//705 612//612 706//706 
f 706//706 612//612 611//611 
f 706//706 611//611 701//701 
f 707//707 706//706 701//701 
f 707//707 701//701 700//700 
f 705//705 704//704 708//708 
f 708//708 709//709 614//614 
f 614//614 613//613 705//705 
f 705//705 708//708 614//614 
f 710//710 711//711 615//615 
f 614//614 709//709 710//710 
f 615//615 614//614 710//710 
f 712//712 713//713 616//616 
f 615//615 711//711 712//712 
f 616//616 615//615 712//712 
f 714//714 715//715 617//617 
f 616//616 713//713 714//714 
f 617//617 616//616 714//714 
f 716//716 620//620 570//570 
f 617//617 715//715 716//716 
f 570//570 617//617 716//716 
f 717//717 718//718 719//719 
f 717//717 719//719 720//720 
f 718//718 619//619 618//618 
f 718//718 618//618 719//719 
f 719//719 618//618 620//620 
f 719//719 620//620 721//721 
f 720//720 719//719 721//721 
f 720//720 721//721 722//722 
f 723//723 724//724 725//725 
f 723//723 725//725 726//726 
f 724//724 622//622 621//621 
f 724//724 621//621 725//725 
f 725//725 621//621 619//619 
f 725//725 619//619 718//718 
f 726//726 725//725 718//718 
f 726//726 718//718 717//717 
f 727//727 728//728 729//729 
f 727//727 729//729 730//730 
f 728//728 624//624 623//623 
f 728//728 623//623 729//729 
f 729//729 623//623 622//622 
f 729//729 622//622 724//724 
f 730//730 729//729 724//724 
f 730//730 724//724 723//723 
f 731//731 732//732 733//733 
f 731//731 733//733 734//734 
f 732//732 626//626 625//625 
f 732//732 625//625 733//733 
f 733//733 625//625 624//624 
f 733//733 624//624 728//728 
f 734//734 733//733 728//728 
f 734//734 728//728 727//727 
f 735//735 736//736 737//737 
f 735//735 737//737 738//738 
f 736//736 628//628 627//627 
f 736//736 627//627 737//737 
f 737//737 627//627 626//626 
f 737//737 626//626 732//732 
f 738//738 737//737 732//732 
f 738//738 732//732 731//731 
f 739//739 740//740 741//741 
f 739//739 741//741 742//742 
f 740//740 630//630 629//629 
f 740//740 629//629 741//741 
f 741//741 629//629 628//628 
f 741//741 628//628 736//736 
f 742//742 741//741 736//736 
f 742//742 736//736 735//735 
f 743//743 744//744 745//745 
f 743//743 745//745 746//746 
f 744//744 632//632 631//631 
f 744//744 631//631 745//745 
f 745//745 631//631 630//630 
f 745//745 630//630 740//740 
f 746//746 745//745 740//740 
f 746//746 740//740 739//739 
f 747//747 748//748 749//749 
f 747//747 749//749 750//750 
f 748//748 634//634 633//633 
f 748//748 633//633 749//749 
f 749//749 633//633 632//632 
f 749//749 632//632 744//744 
f 750//750 749//749 744//744 
f 750//750 744//744 743//743 
f 751//751 752//752 753//753 
f 751//751 753//753 754//754 
f 752//752 636//636 635//635 
f 752//752 635//635 753//753 
f 753//753 635//635 634//634 
f 753//753 634//634 748//748 
f 754//754 753//753 748//748 
f 754//754 748//748 747//747 
f 755//755 756//756 757//757 
f 755//755 757//757 758//758 
f 756//756 638//638 637//637 
f 756//756 637//637 757//757 
f 757//757 637//637 636//636 
f 757//757 636//636 752//752 
f 758//758 757//757 752//752 
f 758//758 752//752 751//751 
f 759//759 760//760 761//761 
f 759//759 761//761 762//762 
f 760//760 640//640 643//643 
f 760//760 643//643 761//761 
f 761//761 643//643 638//638 
f 761//761 638//638 756//756 
f 762//762 761//761 756//756 
f 762//762 756//756 755//755 
f 763//763 764//764 765//765 
f 763//763 765//765 766//766 
f 764//764 644//644 647//647 
f 764//764 647//647 765//765 
f 765//765 647//647 640//640 
f 765//765 640//640 760//760 
f 766//766 765//765 760//760 
f 766//766 760//760 759//759 
f 767//767 768//768 769//769 
f 767//767 769//769 770//770 
f 768//768 648//648 651//651 
f 768//768 651//651 769//769 
f 769//769 651//651 644//644 
f 769//769 644//644 764//764 
f 770//770 769//769 764//764 
f 770//770 764//764 763//763 
f 771//771 772//772 773//773 
f 771//771 773//773 774//774 
f 772//772 652//652 655//655 
f 772//772 655//655 773//773 
f 773//773 655//655 648//648 
f 773//773 648//648 768//768 
f 774//774 773//773 768//768 
f 774//774 768//768 767//767 
f 775//775 776//776 777//777 
f 775//775 777//777 778//778 
f 776//776 656//656 659//659 
f 776//776 659//659 777//777 
f 777//777 659//659 652//652 
f 777//777 652//652 772//772 
f 778//778 777//777 772//772 
f 778//778 772//772 771//771 
f 779//779 780//780 781//781 
f 779//779 781//781 782//782 
f 780//780 660//660 663//663 
f 780//780 663//663 781//781 
f 781//781 663//663 656//656 
f 781//781 656//656 776//776 
f 782//782 781//781 776//776 
f 782//782 776//776 775//775 
f 783//783 784//784 785//785 
f 783//783 785//785 786//786 
f 784//784 664//664 667//667 
f 784//784 667//667 785//785 
f 785//785 667//667 660//660 
f 785//785 660//660 780//780 
f 786//786 785//785 780//780 
f 786//786 780//780 779//779 
f 787//787 788//788 789//789 
f 787//787 789//789 790//790 
f 788//788 668//668 671//671 
f 788//788 671//671 789//789 
f 789//789 671//671 664//664 
f 789//789 664//664 784//784 
f 790//790 789//789 784//784 
f 790//790 784//784 783//783 
f 791//791 792//792 793//793 
f 791//791 793//793 794//794 
f 792//792 672//672 675//675 
f 792//792 675//675 793//793 
f 793//793 675//675 668//668 
f 793//793 668//668 788//788 
f 794//794 793//793 788//788 
f 794//794 788//788 787//787 
f 795//795 796//796 797//797 
f 795//795 797//797 798//798 
f 796//796 676//676 679//679 
f 796//796 679//679 797//797 
f 797//797 679//679 672//672 
f 797//797 672//672 792//792 
f 798//798 797//797 792//792 
f 798//798 792//792 791//791 
f 799//799 800//800 801//801 
f 799//799 801//801 802//802 
f 800//800 680//680 683//683 
f 800//800 683//683 801//801 
f 801//801 683//683 676//676 
f 801//801 676//676 796//796 
f 802//802 801//801 796//796 
f 802//802 796//796 795//795 
f 803//803 804//804 805//805 
f 803//803 805//805 806//806 
f 804//804 684//684 687//687 
f 804//804 687//687 805//805 
f 805//805 687//687 680//680 
f 805//805 680//680 800//800 
f 806//806 805//805 800//800 
f 806//806 800//800 799//799 
f 807//807 808//808 809//809 
f 807//807 809//809 810//810 
f 808//808 688//688 691//691 
f 808//808 691//691 809//809 
f 809//809 691//691 684//684 
f 809//809 684//684 804//804 
f 810//810 809//809 804//804 
f 810//810 804//804 803//803 
f 811//811 812//812 813//813 
f 811//811 813//813 814//814 
f 812//812 692//692 695//695 
f 812//812 695//695 813//813 
f 813//813 695//695 688//688 
f 813//813 688//688 808//808 
f 814//814 813//813 808//808 
f 814//814 808//808 807//807 
f 815//815 816//816 817//817 
f 815//815 817//817 818//818 
f 816//816 696//696 699//699 
f 816//816 699//699 817//817 
f 817//817 699//699 692//692 
f 817//817 692//692 812//812 
f 818//818 817//817 812//812 
f 818//818 812//812 811//811 
f 819//819 820//820 821//821 
f 819//819 821//821 822//822 
f 820//820 700//700 703//703 
f 820//820 703//703 821//821 
f 821//821 703//703 696//696 
f 821//821 696//696 816//816 
f 822//822 821//821 816//816 
f 822//822 816//816 815//815 
f 823//823 824//824 825//825 
f 823//823 825//825 826//826 
f 824//824 704//704 707//707 
f 824//824 707//707 825//825 
f 825//825 707//707 700//700 
f 825//825 700//700 820//820 
f 826//826 825//825 820//820 
f 826//826 820//820 819//819 
f 827//827 828//828 829//829 
f 827//827 829//829 830//830 
f 828//828 709//709 708//708 
f 828//828 708//708 829//829 
f 829//829 708//708 704//704 
f 829//829 704//704 824//824 
f 830//830 829//829 824//824 
f 830//830 824//824 823//823 
f 831//831 832//832 833//833 
f 831//831 833//833 834//834 
f 832//832 711//711 710//710 
f 832//832 710//710 833//833 
f 833//833 710//710 709//709 
f 833//833 709//709 828//828 
f 834//834 833//833 828//828 
f 834//834 828//828 827//827 
f 835//835 836//836 837//837 
f 835//835 837//837 838//838 
f 836//836 713//713 712//712 
f 836//836 712//712 837//837 
f 837//837 712//712 711//711 
f 837//837 711//711 832//832 
f 838//838 837//837 832//832 
f 838//838 832//832 831//831 
f 839//839 840//840 841//841 
f 839//839 841//841 842//842 
f 840//840 715//715 714//714 
f 840//840 714//714 841//841 
f 841//841 714//714 713//713 
f 841//841 713//713 836//836 
f 842//842 841//841 836//836 
f 842//842 836//836 835//835 
f 722//722 721//721 843//843 
f 722//722 843//843 844//844 
f 721//721 620//620 716//716 
f 721//721 716//716 843//843 
f 843//843 716//716 715//715 
f 843//843 715//715 840//840 
f 844//844 843//843 840//840 
f 844//844 840//840 839//839 
f 845//845 846//846 847//847 
f 845//845 847//847 848//848 
f 846//846 717//717 720//720 
f 846//846 720//720 847//847 
f 847//847 720//720 722//722 
f 847//847 722//722 849//849 
f 848//848 847//847 849//849 
f 848//848 849//849 850//850 
f 851//851 852//852 853//853 
f 851//851 853//853 854//854 
f 852//852 723//723 726//726 
f 852//852 726//726 853//853 
f 853//853 726//726 717//717 
f 853//853 717//717 846//846 
f 854//854 853//853 846//846 
f 854//854 846//846 845//845 
f 855//855 856//856 857//857 
f 855//855 857//857 858//858 
f 856//856 727//727 730//730 
f 856//856 730//730 857//857 
f 857//857 730//730 723//723 
f 857//857 723//723 852//852 
f 858//858 857//857 852//852 
f 858//858 852//852 851//851 
f 859//859 860//860 861//861 
f 859//859 861//861 862//862 
f 860//860 731//731 734//734 
f 860//860 734//734 861//861 
f 861//861 734//734 727//727 
f 861//861 727//727 856//856 
f 862//862 861//861 856//856 
f 862//862 856//856 855//855 
f 863//863 864//864 865//865 
f 863//863 865//865 866//866 
f 864//864 735//735 738//738 
f 864//864 738//738 865//865 
f 865//865 738//738 731//731 
f 865//865 731//731 860//860 
f 866//866 865//865 860//860 
f 866//866 860//860 859//859 
f 867//867 868//868 869//869 
f 867//867 869//869 870//870 
f 868//868 739//739 742//742 
f 868//868 742//742 869//869 
f 869//869 742//742 735//735 
f 869//869 735//735 864//864 
f 870//870 869//869 864//864 
f 870//870 864//864 863//863 
f 871//871 872//872 873//873 
f 871//871 873//873 874//874 
f 872//872 743//743 746//746 
f 872//872 746//746 873//873 
f 873//873 746//746 739//739 
f 873//873 739//739 868//868 
f 874//874 873//873 868//868 
f 874//874 868//868 867//867 
f 875//875 876//876 877//877 
f 875//875 877//877 878//878 
f 876//876 747//747 750//750 
f 876//876 750//750 877//877 
f 877//877 750//750 743//743 
f 877//877 743//743 872//872 
f 878//878 877//877 872//872 
f 878//878 872//872 871//871 
f 879//879 880//880 881//881 
f 879//879 881//881 882//882 
f 880//880 751//751 754//754 
f 880//880 754//754 881//881 
f 881//881 754//754 747//747 
f 881//881 747//747 876//876 
f 882//882 881//881 876//876 
f 882//882 876//876 875//875 
f 883//883 884//884 885//885 
f 883//883 885//885 886//886 
f 884//884 755//755 758//758 
f 884//884 758//758 885//885 
f 885//885 758//758 751//751 
f 885//885 751//751 880//880 
f 886//886 885//885 880//880 
f 886//886 880//880 879//879 
f 887//887 888//888 889//889 
f 887//887 889//889 890//890 
f 888//888 759//759 762//762 
f 888//888 762//762 889//889 
f 889//889 762//762 755//755 
f 889//889 755//755 884//884 
f 890//890 889//889 884//884 
f 890//890 884//884 883//883 
f 891//891 892//892 893//893 
f 891//891 893//893 894//894 
f 892//892 763//763 766//766 
f 892//892 766//766 893//893 
f 893//893 766//766 759//759 
f 893//893 759//759 888//888 
f 894//894 893//893 888//888 
f 894//894 888//888 887//887 
f 895//895 896//896 897//897 
f 895//895 897//897 898//898 
f 896//896 767//767 770//770 
f 896//896 770//770 897//897 
f 897//897 770//770 763//763 
f 897//897 763//763 892//892 
f 898//898 897//897 892//892 
f 898//898 892//892 891//891 
f 899//899 900//900 901//901 
f 899//899 901//901 902//902 
f 900//900 771//771 774//774 
f 900//900 774//774 901//901 
f 901//901 774//774 767//767 
f 901//901 767//767 896//896 
f 902//902 901//901 896//896 
f 902//902 896//896 895//895 
f 903//903 904//904 905//905 
f 903//903 905//905 906//906 
f 904//904 775//775 778//778 
f 904//904 778//778 905//905 
f 905//905 778//778 771//771 
f 905//905 771//771 900//900 
f 906//906 905//905 900//900 
f 906//906 900//900 899//899 
f 907//907 908//908 909//909 
f 907//907 909//909 910//910 
f 908//908 779//779 782//782 
f 908//908 782//782 909//909 
f 909//909 782//782 775//775 
f 909//909 775//775 904//904 
f 910//910 909//909 904//904 
f 910//910 904//904 903//903 
f 911//911 912//912 913//913 
f 911//911 913//913 914//914 
f 912//912 783//783 786//786 
f 912//912 786//786 913//913 
f 913//913 786//786 779//779 
f 913//913 779//779 908//908 
f 914//914 913//913 908//908 
f 914//914 908//908 907//907 
f 915//915 916//916 917//917 
f 915//915 917//917 918//918 
f 916//916 787//787 790//790 
f 916//916 790//790 917//917 
f 917//917 790//790 783//783 
f 917//917 783//783 912//912 
f 918//918 917//917 912//912 
f 918//918 912//912 911//911 
f 919//919 920//920 921//921 
f 919//919 921//921 922//922 
f 920//920 791//791 794//794 
f 920//920 794//794 921//921 
f 921//921 794//794 787//787 
f 921//921 787//787 916//916 
f 922//922 921//921 916//916 
f 922//922 916//916 915//915 
f 923//923 924//924 925//925 
f 923//923 925//925 926//926 
f 924//924 795//795 798//798 
f 924//924 798//798 925//925 
f 925//925 798//798 791//791 
f 925//925 791//791 920//920 
f 926//926 925//925 920//920 
f 926//926 920//920 919//919 
f 927//927 928//928 929//929 
f 927//927 929//929 930//930 
f 928//928 799//799 802//802 
f 928//928 802//802 929//929 
f 929//929 802//802 795//795 
f 929//929 795//795 924//924 
f 930//930 929//929 924//924 
f 930//930 924//924 923//923 
f 931//931 932//932 933//933 
f 931//931 933//933 934//934 
f 932//932 803//803 806//806 
f 932//932 806//806 933//933 
f 933//933 806//806 799//799 
f 933//933 799//799 928//928 
f 934//934 933//933 928//928 
f 934//934 928//928 927//927 
f 935//935 936//936 937//937 
f 935//935 937//937 938//938 
f 936//936 807//807 810//810 
f 936//936 810//810 937//937 
f 937//937 810//810 803//803 
f 937//937 803//803 932//932 
f 938//938 937//937 932//932 
f 938//938 932//932 931//931 
f 939//939 940//940 941//941 
f 939//939 941//941 942//942 
f 940//940 811//811 814//814 
f 940//940 814//814 941//941 
f 941//941 814//814 807//807 
f 941//941 807//807 936//936 
f 942//942 941//941 936//936 
f 942//942 936//936 935//935 
f 943//943 944//944 945//945 
f 943//943 945//945 946//946 
f 944//944 815//815 818//818 
f 944//944 818//818 945//945 
f 945//945 818//818 811//811 
f 945//945 811//811 940//940 
f 946//946 945//945 940//940 
f 946//946 940//940 939//939 
f 947//947 948//948 949//949 
f 947//947 949//949 950//950 
f 948//948 819//819 822//822 
f 948//948 822//822 949//949 
f 949//949 822//822 815//815 
f 949//949 815//815 944//944 
f 950//950 949//949 944//944 
f 950//950 944//944 943//943 
f 951//951 952//952 953//953 
f 951//951 953//953 954//954 
f 952//952 823//823 826//826 
f 952//952 826//826 953//953 
f 953//953 826//826 819//819 
f 953//953 819//819 948//948 
f 954//954 953//953 948//948 
f 954//954 948//948 947//947 
f 955//955 956//956 957//957 
f 955//955 957//957 958//958 
f 956//956 827//827 830//830 
f 956//956 830//830 957//957 
f 957//957 830//830 823//823 
f 957//957 823//823 952//952 
f 958//958 957//957 952//952 
f 958//958 952//952 951//951 
f 959//959 960//960 961//961 
f 959//959 961//961 962//962 
f 960//960 831//831 834//834 
f 960//960 834//834 961//961 
f 961//961 834//834 827//827 
f 961//961 827//827 956//956 
f 962//962 961//961 956//956 
f 962//962 956//956 955//955 
f 963//963 964//964 965//965 
f 963//963 965//965 966//966 
f 964//964 835//835 838//838 
f 964//964 838//838 965//965 
f 965//965 838//838 831//831 
f 965//965 831//831 960//960 
f 966//966 965//965 960//960 
f 966//966 960//960 959//959 
f 967//967 968//968 969//969 
f 967//967 969//969 970//970 
f 968//968 839//839 842//842 
f 968//968 842//842 969//969 
f 969//969 842//842 835//835 
f 969//969 835//835 964//964 
f 970//970 969//969 964//964 
f 970//970 964//964 963//963 
f 850//850 849//849 971//971 
f 850//850 971//971 972//972 
f 849//849 722//722 844//844 
f 849//849 844//844 971//971 
f 971//971 844//844 839//839 
f 971//971 839//839 968//968 
f 972//972 971//971 968//968 
f 972//972 968//968 967//967 
f 973//973 974//974 975//975 
f 973//973 975//975 976//976 
f 974//974 845//845 848//848 
f 974//974 848//848 975//975 
f 975//975 848//848 850//850 
f 975//975 850//850 977//977 
f 976//976 975//975 977//977 
f 976//976 977//977 978//978 
f 979//979 980//980 981//981 
f 979//979 981//981 982//982 
f 980//980 851//851 854//854 
f 980//980 854//854 981//981 
f 981//981 854//854 845//845 
f 981//981 845//845 974//974 
f 982//982 981//981 974//974 
f 982//982 974//974 973//973 
f 983//983 984//984 985//985 
f 983//983 985//985 986//986 
f 984//984 855//855 858//858 
f 984//984 858//858 985//985 
f 985//985 858//858 851//851 
f 985//985 851//851 980//980 
f 986//986 985//985 980//980 
f 986//986 980//980 979//979 
f 987//987 988//988 989//989 
f 987//987 989//989 990//990 
f 988//988 859//859 862//862 
f 988//988 862//862 989//989 
f 989//989 862//862 855//855 
f 989//989 855//855 984//984 
f 990//990 989//989 984//984 
f 990//990 984//984 983//983 
f 991//991 992//992 993//993 
f 991//991 993//993 994//994 
f 992//992 863//863 866//866 
f 992//992 866//866 993//993 
f 993//993 866//866 859//859 
f 993//993 859//859 988//988 
f 994//994 993//993 988//988 
f 994//994 988//988 987//987 
f 995//995 996//996 997//997 
f 995//995 997//997 998//998 
f 996//996 867//867 870//870 
f 996//996 870//870 997//997 
f 997//997 870//870 863//863 
f 997//997 863//863 992//992 
f 998//998 997//997 992//992 
f 998//998 992//992 991//991 
f 999//999 1000//1000 1001//1001 
f 999//999 1001//1001 1002//1002 
f 1000//1000 871//871 874//874 
f 1000//1000 874//874 1001//1001 
f 1001//1001 874//874 867//867 
f 1001//1001 867//867 996//996 
f 1002//1002 1001//1001 996//996 
f 1002//1002 996//996 995//995 
f 1003//1003 1004//1004 1005//1005 
f 1003//1003 1005//1005 1006//1006 
f 1004//1004 875//875 878//878 
f 1004//1004 878//878 1005//1005 
f 1005//1005 878//878 871//871 
f 1005//1005 871//871 1000//1000 
f 1006//1006 1005//1005 1000//1000 
f 1006//1006 1000//1000 999//999 
f 1007//1007 1008//1008 1009//1009 
f 1007//1007 1009//1009 1010//1010 
f 1008//1008 879//879 882//882 
f 1008//1008 882//882 1009//1009 
f 1009//1009 882//882 875//875 
f 1009//1009 875//875 1004//1004 
f 1010//1010 1009//1009 1004//1004 
f 1010//1010 1004//1004 1003//1003 
f 1011//1011 1012//1012 1013//1013 
f 1011//1011 1013//1013 1014//1014 
f 1012//1012 883//883 886//886 
f 1012//1012 886//886 1013//1013 
f 1013//1013 886//886 879//879 
f 1013//1013 879//879 1008//1008 
f 1014//1014 1013//1013 1008//1008 
f 1014//1014 1008//1008 1007//1007 
f 1015//1015 1016//1016 1017//1017 
f 1015//1015 1017//1017 1018//1018 
f 1016//1016 887//887 890//890 
f 1016//1016 890//890 1017//1017 
f 1017//1017 890//890 883//883 
f 1017//1017 883//883 1012//1012 
f 1018//1018 1017//1017 1012//1012 
f 1018//1018 1012//1012 1011//1011 
f 1019//1019 1020//1020 1021//1021 
f 1019//1019 1021//1021 1022//1022 
f 1020//1020 891//891 894//894 
f 1020//1020 894//894 1021//1021 
f 1021//1021 894//894 887//887 
f 1021//1021 887//887 1016//1016 
f 1022//1022 1021//1021 1016//1016 
f 1022//1022 1016//1016 1015//1015 
f 1023//1023 1024//1024 1025//1025 
f 1023//1023 1025//1025 1026//1026 
f 1024//1024 895//895 898//898 
f 1024//1024 898//898 1025//1025 
f 1025//1025 898//898 891//891 
f 1025//1025 891//891 1020//1020 
f 1026//1026 1025//1025 1020//1020 
f 1026//1026 1020//1020 1019//1019 
f 1027//1027 1028//1028 1029//1029 
f 1027//1027 1029//1029 1030//1030 
f 1028//1028 899//899 902//902 
f 1028//1028 902//902 1029//1029 
f 1029//1029 902//902 895//895 
f 1029//1029 895//895 1024//1024 
f 1030//1030 1029//1029 1024//1024 
f 1030//1030 1024//1024 1023//1023 
f 1031//1031 1032//1032 1033//1033 
f 1031//1031 1033//1033 1034//1034 
f 1032//1032 903//903 906//906 
f 1032//1032 906//906 1033//1033 
f 1033//1033 906//906 899//899 
f 1033//1033 899//899 1028//1028 
f 1034//1034 1033//1033 1028//1028 
f 1034//1034 1028//1028 1027//1027 
f 1035//1035 1036//1036 1037//1037 
f 1035//1035 1037//1037 1038//1038 
f 1036//1036 907//907 910//910 
f 1036//1036 910//910 1037//1037 
f 1037//1037 910//910 903//903 
f 1037//1037 903//903 1032//1032 
f 1038//1038 1037//1037 1032//1032 
f 1038//1038 1032//1032 1031//1031 
f 1039//1039 1040//1040 1041//1041 
f 1039//1039 1041//1041 1042//1042 
f 1040//1040 911//911 914//914 
f 1040//1040 914//914 1041//1041 
f 1041//1041 914//914 907//907 
f 1041//1041 907//907 1036//1036 
f 1042//1042 1041//1041 1036//1036 
f 1042//1042 1036//1036 1035//1035 
f 1043//1043 1044//1044 1045//1045 
f 1043//1043 1045//1045 1046//1046 
f 1044//1044 915//915 918//918 
f 1044//1044 918//918 1045//1045 
f 1045//1045 918//918 911//911 
f 1045//1045 911//911 1040//1040 
f 1046//1046 1045//1045 1040//1040 
f 1046//1046 1040//1040 1039//1039 
f 1047//1047 1048//1048 1049//1049 
f 1047//1047 1049//1049 1050//1050 
f 1048//1048 919//919 922//922 
f 1048//1048 922//922 1049//1049 
f 1049//1049 922//922 915//915 
f 1049//1049 915//915 1044//1044 
f 1050//1050 1049//1049 1044//1044 
f 1050//1050 1044//1044 1043//1043 
f 1051//1051 1052//1052 1053//1053 
f 1051//1051 1053//1053 1054//1054 
f 1052//1052 923//923 926//926 
f 1052//1052 926//926 1053//1053 
f 1053//1053 926//926 919//919 
f 1053//1053 919//919 1048//1048 
f 1054//1054 1053//1053 1048//1048 
f 1054//1054 1048//1048 1047//1047 
f 1055//1055 1056//1056 1057//1057 
f 1055//1055 1057//1057 1058//1058 
f 1056//1056 927//927 930//930 
f 1056//1056 930//930 1057//1057 
f 1057//1057 930//930 923//923 
f 1057//1057 923//923 1052//1052 
f 1058//1058 1057//1057 1052//1052 
f 1058//1058 1052//1052 1051//1051 
f 1059//1059 1060//1060 1061//1061 
f 1059//1059 1061//1061 1062//1062 
f 1060//1060 931//931 934//934 
f 1060//1060 934//934 1061//1061 
f 1061//1061 934//934 927//927 
f 1061//1061 927//927 1056//1056 
f 1062//1062 1061//1061 1056//1056 
f 1062//1062 1056//1056 1055//1055 
f 1063//1063 1064//1064 1065//1065 
f 1063//1063 1065//1065 1066//1066 
f 1064//1064 935//935 938//938 
f 1064//1064 938//938 1065//1065 
f 1065//1065 938//938 931//931 
f 1065//1065 931//931 1060//1060 
f 1066//1066 1065//1065 1060//1060 
f 1066//1066 1060//1060 1059//1059 
f 1067//1067 1068//1068 1069//1069 
f 1067//1067 1069//1069 1070//1070 
f 1068//1068 939//939 942//942 
f 1068//1068 942//942 1069//1069 
f 1069//1069 942//942 935//935 
f 1069//1069 935//935 1064//1064 
f 1070//1070 1069//1069 1064//1064 
f 1070//1070 1064//1064 1063//1063 
f 1071//1071 1072//1072 1073//1073 
f 1071//1071 1073//1073 1074//1074 
f 1072//1072 943//943 946//946 
f 1072//1072 946//946 1073//1073 
f 1073//1073 946//946 939//939 
f 1073//1073 939//939 1068//1068 
f 1074//1074 1073//1073 1068//1068 
f 1074//1074 1068//1068 1067//1067 
f 1075//1075 1076//1076 1077//1077 
f 1075//1075 1077//1077 1078//1078 
f 1076//1076 947//947 950//950 
f 1076//1076 950//950 1077//1077 
f 1077//1077 950//950 943//943 
f 1077//1077 943//943 1072//1072 
f 1078//1078 1077//1077 1072//1072 
f 1078//1078 1072//1072 1071//1071 
f 1079//1079 1080//1080 1081//1081 
f 1079//1079 1081//1081 1082//1082 
f 1080//1080 951//951 954//954 
f 1080//1080 954//954 1081//1081 
f 1081//1081 954//954 947//947 
f 1081//1081 947//947 1076//1076 
f 1082//1082 1081//1081 1076//1076 
f 1082//1082 1076//1076 1075//1075 
f 1083//1083 1084//1084 1085//1085 
f 1083//1083 1085//1085 1086//1086 
f 1084//1084 955//955 958//958 
f 1084//1084 958//958 1085//1085 
f 1085//1085 958//958 951//951 
f 1085//1085 951//951 1080//1080 
f 1086//1086 1085//1085 1080//1080 
f 1086//1086 1080//1080 1079//1079 
f 1087//1087 1088//1088 1089//1089 
f 1087//1087 1089//1089 1090//1090 
f 1088//1088 959//959 962//962 
f 1088//1088 962//962 1089//1089 
f 1089//1089 962//962 955//955 
f 1089//1089 955//955 1084//1084 
f 1090//1090 1089//1089 1084//1084 
f 1090//1090 1084//1084 1083//1083 
f 1091//1091 1092//1092 1093//1093 
f 1091//1091 1093//1093 1094//1094 
f 1092//1092 963//963 966//966 
f 1092//1092 966//966 1093//1093 
f 1093//1093 966//966 959//959 
f 1093//1093 959//959 1088//1088 
f 1094//1094 1093//1093 1088//1088 
f 1094//1094 1088//1088 1087//1087 
f 1095//1095 1096//1096 1097//1097 
f 1095//1095 1097//1097 1098//1098 
f 1096//1096 967//967 970//970 
f 1096//1096 970//970 1097//1097 
f 1097//1097 970//970 963//963 
f 1097//1097 963//963 1092//1092 
f 1098//1098 1097//1097 1092//1092 
f 1098//1098 1092//1092 1091//1091 
f 978//978 977//977 1099//1099 
f 978//978 1099//1099 1100//1100 
f 977//977 850//850 972//972 
f 977//977 972//972 1099//1099 
f 1099//1099 972//972 967//967 
f 1099//1099 967//967 1096//1096 
f 1100//1100 1099//1099 1096//1096 
f 1100//1100 1096//1096 1095//1095 
f 1101//1101 1102//1102 1103//1103 
f 1101//1101 1103//1103 1104//1104 
f 1102//1102 973//973 976//976 
f 1102//1102 976//976 1103//1103 
f 1103//1103 976//976 978//978 
f 1103//1103 978//978 1105//1105 
f 1104//1104 1103//1103 1105//1105 
f 1104//1104 1105//1105 1106//1106 
f 1107//1107 1108//1108 1109//1109 
f 1107//1107 1109//1109 1110//1110 
f 1108//1108 979//979 982//982 
f 1108//1108 982//982 1109//1109 
f 1109//1109 982//982 973//973 
f 1109//1109 973//973 1102//1102 
f 1110//1110 1109//1109 1102//1102 
f 1110//1110 1102//1102 1101//1101 
f 1111//1111 1112//1112 1113//1113 
f 1111//1111 1113//1113 1114//1114 
f 1112//1112 983//983 986//986 
f 1112//1112 986//986 1113//1113 
f 1113//1113 986//986 979//979 
f 1113//1113 979//979 1108//1108 
f 1114//1114 1113//1113 1108//1108 
f 1114//1114 1108//1108 1107//1107 
f 1115//1115 1116//1116 1117//1117 
f 1115//1115 1117//1117 1118//1118 
f 1116//1116 987//987 990//990 
f 1116//1116 990//990 1117//1117 
f 1117//1117 990//990 983//983 
f 1117//1117 983//983 1112//1112 
f 1118//1118 1117//1117 1112//1112 
f 1118//1118 1112//1112 1111//1111 
f 1119//1119 1120//1120 1121//1121 
f 1119//1119 1121//1121 1122//1122 
f 1120//1120 991//991 994//994 
f 1120//1120 994//994 1121//1121 
f 1121//1121 994//994 987//987 
f 1121//1121 987//987 1116//1116 
f 1122//1122 1121//1121 1116//1116 
f 1122//1122 1116//1116 1115//1115 
f 1123//1123 1124//1124 1125//1125 
f 1123//1123 1125//1125 1126//1126 
f 1124//1124 995//995 998//998 
f 1124//1124 998//998 1125//1125 
f 1125//1125 998//998 991//991 
f 1125//1125 991//991 1120//1120 
f 1126//1126 1125//1125 1120//1120 
f 1126//1126 1120//1120 1119//1119 
f 1127//1127 1128//1128 1129//1129 
f 1127//1127 1129//1129 1130//1130 
f 1128//1128 999//999 1002//1002 
f 1128//1128 1002//1002 1129//1129 
f 1129//1129 1002//1002 995//995 
f 1129//1129 995//995 1124//1124 
f 1130//1130 1129//1129 1124//1124 
f 1130//1130 1124//1124 1123//1123 
f 1131//1131 1132//1132 1133//1133 
f 1131//1131 1133//1133 1134//1134 
f 1132//1132 1003//1003 1006//1006 
f 1132//1132 1006//1006 1133//1133 
f 1133//1133 1006//1006 999//999 
f 1133//1133 999//999 1128//1128 
f 1134//1134 1133//1133 1128//1128 
f 1134//1134 1128//1128 1127//1127 
f 1135//1135 1136//1136 1137//1137 
f 1135//1135 1137//1137 1138//1138 
f 1136//1136 1007//1007 1010//1010 
f 1136//1136 1010//1010 1137//1137 
f 1137//1137 1010//1010 1003//1003 
f 1137//1137 1003//1003 1132//1132 
f 1138//1138 1137//1137 1132//1132 
f 1138//1138 1132//1132 1131//1131 
f 1139//1139 1140//1140 1141//1141 
f 1139//1139 1141//1141 1142//1142 
f 1140//1140 1011//1011 1014//1014 
f 1140//1140 1014//1014 1141//1141 
f 1141//1141 1014//1014 1007//1007 
f 1141//1141 1007//1007 1136//1136 
f 1142//1142 1141//1141 1136//1136 
f 1142//1142 1136//1136 1135//1135 
f 1143//1143 1144//1144 1145//1145 
f 1143//1143 1145//1145 1146//1146 
f 1144//1144 1015//1015 1018//1018 
f 1144//1144 1018//1018 1145//1145 
f 1145//1145 1018//1018 1011//1011 
f 1145//1145 1011//1011 1140//1140 
f 1146//1146 1145//1145 1140//1140 
f 1146//1146 1140//1140 1139//1139 
f 1147//1147 1148//1148 1149//1149 
f 1147//1147 1149//1149 1150//1150 
f 1148//1148 1019//1019 1022//1022 
f 1148//1148 1022//1022 1149//1149 
f 1149//1149 1022//1022 1015//1015 
f 1149//1149 1015//1015 1144//1144 
f 1150//1150 1149//1149 1144//1144 
f 1150//1150 1144//1144 1143//1143 
f 1151//1151 1152//1152 1153//1153 
f 1151//1151 1153//1153 1154//1154 
f 1152//1152 1023//1023 1026//1026 
f 1152//1152 1026//1026 1153//1153 
f 1153//1153 1026//1026 1019//1019 
f 1153//1153 1019//1019 1148//1148 
f 1154//1154 1153//1153 1148//1148 
f 1154//1154 1148//1148 1147//1147 
f 1155//1155 1156//1156 1157//1157 
f 1155//1155 1157//1157 1158//1158 
f 1156//1156 1027//1027 1030//1030 
f 1156//1156 1030//1030 1157//1157 
f 1157//1157 1030//1030 1023//1023 
f 1157//1157 1023//1023 1152//1152 
f 1158//1158 1157//1157 1152//1152 
f 1158//1158 1152//1152 1151//1151 
f 1159//1159 1160//1160 1161//1161 
f 1159//1159 1161//1161 1162//1162 
f 1160//1160 1031//1031 1034//1034 
f 1160//1160 1034//1034 1161//1161 
f 1161//1161 1034//1034 1027//1027 
f 1161//1161 1027//1027 1156//1156 
f 1162//1162 1161//1161 1156//1156 
f 1162//1162 1156//1156 1155//1155 
f 1163//1163 1164//1164 1165//1165 
f 1163//1163 1165//1165 1166//1166 
f 1164//1164 1035//1035 1038//1038 
f 1164//1164 1038//1038 1165//1165 
f 1165//1165 1038//1038 1031//1031 
f 1165//1165 1031//1031 1160//1160 
f 1166//1166 1165//1165 1160//1160 
f 1166//1166 1160//1160 1159//1159 
f 1167//1167 1168//1168 1169//1169 
f 1167//1167 1169//1169 1170//1170 
f 1168//1168 1039//1039 1042//1042 
f 1168//1168 1042//1042 1169//1169 
f 1169//1169 1042//1042 1035//1035 
f 1169//1169 1035//1035 1164//1164 
f 1170//1170 1169//1169 1164//1164 
f 1170//1170 1164//1164 1163//1163 
f 1171//1171 1172//1172 1173//1173 
f 1171//1171 1173//1173 1174//1174 
f 1172//1172 1043//1043 1046//1046 
f 1172//1172 1046//1046 1173//1173 
f 1173//1173 1046//1046 1039//1039 
f 1173//1173 1039//1039 1168//1168 
f 1174//1174 1173//1173 1168//1168 
f 1174//1174 1168//1168 1167//1167 
f 1175//1175 1176//1176 1177//1177 
f 1175//1175 1177//1177 1178//1178 
f 1176//1176 1047//1047 1050//1050 
f 1176//1176 1050//1050 1177//1177 
f 1177//1177 1050//1050 1043//1043 
f 1177//1177 1043//1043 1172//1172 
f 1178//1178 1177//1177 1172//1172 
f 1178//1178 1172//1172 1171//1171 
f 1179//1179 1180//1180 1181//1181 
f 1179//1179 1181//1181 1182//1182 
f 1180//1180 1051//1051 1054//1054 
f 1180//1180 1054//1054 1181//1181 
f 1181//1181 1054//1054 1047//1047 
f 1181//1181 1047//1047 1176//1176 
f 1182//1182 1181//1181 1176//1176 
f 1182//1182 1176//1176 1175//1175 
f 1183//1183 1184//1184 1185//1185 
f 1183//1183 1185//1185 1186//1186 
f 1184//1184 1055//1055 1058//1058 
f 1184//1184 1058//1058 1185//1185 
f 1185//1185 1058//1058 1051//1051 
f 1185//1185 1051//1051 1180//1180 
f 1186//1186 1185//1185 1180//1180 
f 1186//1186 1180//1180 1179//1179 
f 1187//1187 1188//1188 1189//1189 
f 1187//1187 1189//1189 1190//1190 
f 1188//1188 1059//1059 1062//1062 
f 1188//1188 1062//1062 1189//1189 
f 1189//1189 1062//1062 1055//1055 
f 1189//1189 1055//1055 1184//1184 
f 1190//1190 1189//1189 1184//1184 
f 1190//1190 1184//1184 1183//1183 
f 1191//1191 1192//1192 1193//1193 
f 1191//1191 1193//1193 1194//1194 
f 1192//1192 1063//1063 1066//1066 
f 1192//1192 1066//1066 1193//1193 
f 1193//1193 1066//1066 1059//1059 
f 1193//1193 1059//1059 1188//1188 
f 1194//1194 1193//1193 1188//1188 
f 1194//1194 1188//1188 1187//1187 
f 1195//1195 1196//1196 1197//1197 
f 1195//1195 1197//1197 1198//1198 
f 1196//1196 1067//1067 1070//1070 
f 1196//1196 1070//1070 1197//1197 
f 1197//1197 1070//1070 1063//1063 
f 1197//1197 1063//1063 1192//1192 
f 1198//1198 1197//1197 1192//1192 
f 1198//1198 1192//1192 1191//1191 
f 1199//1199 1200//1200 1201//1201 
f 1199//1199 1201//1201 1202//1202 
f 1200//1200 1071//1071 1074//1074 
f 1200//1200 1074//1074 1201//1201 
f 1201//1201 1074//1074 1067//1067 
f 1201//1201 1067//1067 1196//1196 
f 1202//1202 1201//1201 1196//1196 
f 1202//1202 1196//1196 1195//1195 
f 1203//1203 1204//1204 1205//1205 
f 1203//1203 1205//1205 1206//1206 
f 1204//1204 1075//1075 1078//1078 
f 1204//1204 1078//1078 1205//1205 
f 1205//1205 1078//1078 1071//1071 
f 1205//1205 1071//1071 1200//1200 
f 1206//1206 1205//1205 1200//1200 
f 1206//1206 1200//1200 1199//1199 
f 1207//1207 1208//1208 1209//1209 
f 1207//1207 1209//1209 1210//1210 
f 1208//1208 1079//1079 1082//1082 
f 1208//1208 1082//1082 1209//1209 
f 1209//1209 1082//1082 1075//1075 
f 1209//1209 1075//1075 1204//1204 
f 1210//1210 1209//1209 1204//1204 
f 1210//1210 1204//1204 1203//1203 
f 1211//1211 1212//1212 1213//1213 
f 1211//1211 1213//1213 1214//1214 
f 1212//1212 1083//1083 1086//1086 
f 1212//1212 1086//1086 1213//1213 
f 1213//1213 1086//1086 1079//1079 
f 1213//1213 1079//1079 1208//1208 
f 1214//1214 1213//1213 1208//1208 
f 1214//1214 1208//1208 1207//1207 
f 1215//1215 1216//1216 1217//1217 
f 1215//1215 1217//1217 1218//1218 
f 1216//1216 1087//1087 1090//1090 
f 1216//1216 1090//1090 1217//1217 
f 1217//1217 1090//1090 1083//1083 
f 1217//1217 1083//1083 1212//1212 
f 1218//1218 1217//1217 1212//1212 
f 1218//1218 1212//1212 1211//1211 
f 1219//1219 1220//1220 1221//1221 
f 1219//1219 1221//1221 1222//1222 
f 1220//1220 1091//1091 1094//1094 
f 1220//1220 1094//1094 1221//1221 
f 1221//1221 1094//1094 1087//1087 
f 1221//1221 1087//1087 1216//1216 
f 1222//1222 1221//1221 1216//1216 
f 1222//1222 1216//1216 1215//1215 
f 1223//1223 1224//1224 1225//1225 
f 1223//1223 1225//1225 1226//1226 
f 1224//1224 1095//1095 1098//1098 
f 1224//1224 1098//1098 1225//1225 
f 1225//1225 1098//1098 1091//1091 
f 1225//1225 1091//1091 1220//1220 
f 1226//1226 1225//1225 1220//1220 
f 1226//1226 1220//1220 1219//1219 
f 1106//1106 1105//1105 1227//1227 
f 1106//1106 1227//1227 1228//1228 
f 1105//1105 978//978 1100//1100 
f 1105//1105 1100//1100 1227//1227 
f 1227//1227 1100//1100 1095//1095 
f 1227//1227 1095//1095 1224//1224 
f 1228//1228 1227//1227 1224//1224 
f 1228//1228 1224//1224 1223//1223 
f 1229//1229 1230//1230 1231//1231 
f 1229//1229 1231//1231 1232//1232 
f 1230//1230 1101//1101 1104//1104 
f 1230//1230 1104//1104 1231//1231 
f 1231//1231 1104//1104 1106//1106 
f 1231//1231 1106//1106 1233//1233 
f 1232//1232 1231//1231 1233//1233 
f 1232//1232 1233//1233 1234//1234 
f 1235//1235 1236//1236 1237//1237 
f 1235//1235 1237//1237 1238//1238 
f 1236//1236 1107//1107 1110//1110 
f 1236//1236 1110//1110 1237//1237 
f 1237//1237 1110//1110 1101//1101 
f 1237//1237 1101//1101 1230//1230 
f 1238//1238 1237//1237 1230//1230 
f 1238//1238 1230//1230 1229//1229 
f 1239//1239 1240//1240 1241//1241 
f 1239//1239 1241//1241 1242//1242 
f 1240//1240 1111//1111 1114//1114 
f 1240//1240 1114//1114 1241//1241 
f 1241//1241 1114//1114 1107//1107 
f 1241//1241 1107//1107 1236//1236 
f 1242//1242 1241//1241 1236//1236 
f 1242//1242 1236//1236 1235//1235 
f 1243//1243 1244//1244 1245//1245 
f 1243//1243 1245//1245 1246//1246 
f 1244//1244 1115//1115 1118//1118 
f 1244//1244 1118//1118 1245//1245 
f 1245//1245 1118//1118 1111//1111 
f 1245//1245 1111//1111 1240//1240 
f 1246//1246 1245//1245 1240//1240 
f 1246//1246 1240//1240 1239//1239 
f 1247//1247 1248//1248 1249//1249 
f 1247//1247 1249//1249 1250//1250 
f 1248//1248 1119//1119 1122//1122 
f 1248//1248 1122//1122 1249//1249 
f 1249//1249 1122//1122 1115//1115 
f 1249//1249 1115//1115 1244//1244 
f 1250//1250 1249//1249 1244//1244 
f 1250//1250 1244//1244 1243//1243 
f 1251//1251 1252//1252 1253//1253 
f 1251//1251 1253//1253 1254//1254 
f 1252//1252 1123//1123 1126//1126 
f 1252//1252 1126//1126 1253//1253 
f 1253//1253 1126//1126 1119//1119 
f 1253//1253 1119//1119 1248//1248 
f 1254//1254 1253//1253 1248//1248 
f 1254//1254 1248//1248 1247//1247 
f 1255//1255 1256//1256 1257//1257 
f 1255//1255 1257//1257 1258//1258 
f 1256//1256 1127//1127 1130//1130 
f 1256//1256 1130//1130 1257//1257 
f 1257//1257 1130//1130 1123//1123 
f 1257//1257 1123//1123 1252//1252 
f 1258//1258 1257//1257 1252//1252 
f 1258//1258 1252//1252 1251//1251 
f 1259//1259 1260//1260 1261//1261 
f 1259//1259 1261//1261 1262//1262 
f 1260//1260 1131//1131 1134//1134 
f 1260//1260 1134//1134 1261//1261 
f 1261//1261 1134//1134 1127//1127 
f 1261//1261 1127//1127 1256//1256 
f 1262//1262 1261//1261 1256//1256 
f 1262//1262 1256//1256 1255//1255 
f 1263//1263 1264//1264 1265//1265 
f 1263//1263 1265//1265 1266//1266 
f 1264//1264 1135//1135 1138//1138 
f 1264//1264 1138//1138 1265//1265 
f 1265//1265 1138//1138 1131//1131 
f 1265//1265 1131//1131 1260//1260 
f 1266//1266 1265//1265 1260//1260 
f 1266//1266 1260//1260 1259//1259 
f 1267//1267 1268//1268 1269//1269 
f 1267//1267 1269//1269 1270//1270 
f 1268//1268 1139//1139 1142//1142 
f 1268//1268 1142//1142 1269//1269 
f 1269//1269 1142//1142 1135//1135 
f 1269//1269 1135//1135 1264//1264 
f 1270//1270 1269//1269 1264//1264 
f 1270//1270 1264//1264 1263//1263 
f 1271//1271 1272//1272 1273//1273 
f 1271//1271 1273//1273 1274//1274 
f 1272//1272 1143//1143 1146//1146 
f 1272//1272 1146//1146 1273//1273 
f 1273//1273 1146//1146 1139//1139 
f 1273//1273 1139//1139 1268//1268 
f 1274//1274 1273//1273 1268//1268 
f 1274//1274 1268//1268 1267//1267 
f 1275//1275 1276//1276 1277//1277 
f 1275//1275 1277//1277 1278//1278 
f 1276//1276 1147//1147 1150//1150 
f 1276//1276 1150//1150 1277//1277 
f 1277//1277 1150//1150 1143//1143 
f 1277//1277 1143//1143 1272//1272 
f 1278//1278 1277//1277 1272//1272 
f 1278//1278 1272//1272 1271//1271 
f 1279//1279 1280//1280 1281//1281 
f 1279//1279 1281//1281 1282//1282 
f 1280//1280 1151//1151 1154//1154 
f 1280//1280 1154//1154 1281//1281 
f 1281//1281 1154//1154 1147//1147 
f 1281//1281 1147//1147 1276//1276 
f 1282//1282 1281//1281 1276//1276 
f 1282//1282 1276//1276 1275//1275 
f 1283//1283 1284//1284 1285//1285 
f 1283//1283 1285//1285 1286//1286 
f 1284//1284 1155//1155 1158//1158 
f 1284//1284 1158//1158 1285//1285 
f 1285//1285 1158//1158 1151//1151 
f 1285//1285 1151//1151 1280//1280 
f 1286//1286 1285//1285 1280//1280 
f 1286//1286 1280//1280 1279//1279 
f 1287//1287 1288//1288 1289//1289 
f 1287//1287 1289//1289 1290//1290 
f 1288//1288 1159//1159 1162//1162 
f 1288//1288 1162//1162 1289//1289 
f 1289//1289 1162//1162 1155//1155 
f 1289//1289 1155//1155 1284//1284 
f 1290//1290 1289//1289 1284//1284 
f 1290//1290 1284//1284 1283//1283 
f 1291//1291 1292//1292 1293//1293 
f 1291//1291 1293//1293 1294//1294 
f 1292//1292 1163//1163 1166//1166 
f 1292//1292 1166//1166 1293//1293 
f 1293//1293 1166//1166 1159//1159 
f 1293//1293 1159//1159 1288//1288 
f 1294//1294 1293//1293 1288//1288 
f 1294//1294 1288//1288 1287//1287 
f 1295//1295 1296//1296 1297//1297 
f 1295//1295 1297//1297 1298//1298 
f 1296//1296 1167//1167 1170//1170 
f 1296//1296 1170//1170 1297//1297 
f 1297//1297 1170//1170 1163//1163 
f 1297//1297 1163//1163 1292//1292 
f 1298//1298 1297//1297 1292//1292 
f 1298//1298 1292//1292 1291//1291 
f 1299//1299 1300//1300 1301//1301 
f 1299//1299 1301//1301 1302//1302 
f 1300//1300 1171//1171 1174//1174 
f 1300//1300 1174//1174 1301//1301 
f 1301//1301 1174//1174 1167//1167 
f 1301//1301 1167//1167 1296//1296 
f 1302//1302 1301//1301 1296//1296 
f 1302//1302 1296//1296 1295//1295 
f 1303//1303 1304//1304 1305//1305 
f 1303//1303 1305//1305 1306//1306 
f 1304//1304 1175//1175 1178//1178 
f 1304//1304 1178//1178 1305//1305 
f 1305//1305 1178//1178 1171//1171 
f 1305//1305 1171//1171 1300//1300 
f 1306//1306 1305//1305 1300//1300 
f 1306//1306 1300//1300 1299//1299 
f 1307//1307 1308//1308 1309//1309 
f 1307//1307 1309//1309 1310//1310 
f 1308//1308 1179//1179 1182//1182 
f 1308//1308 1182//1182 1309//1309 
f 1309//1309 1182//1182 1175//1175 
f 1309//1309 1175//1175 1304//1304 
f 1310//1310 1309//1309 1304//1304 
f 1310//1310 1304//1304 1303//1303 
f 1311//1311 1312//1312 1313//1313 
f 1311//1311 1313//1313 1314//1314 
f 1312//1312 1183//1183 1186//1186 
f 1312//1312 1186//1186 1313//1313 
f 1313//1313 1186//1186 1179//1179 
f 1313//1313 1179//1179 1308//1308 
f 1314//1314 1313//1313 1308//1308 
f 1314//1314 1308//1308 1307//1307 
f 1315//1315 1316//1316 1317//1317 
f 1315//1315 1317//1317 1318//1318 
f 1316//1316 1187//1187 1190//1190 
f 1316//1316 1190//1190 1317//1317 
f 1317//1317 1190//1190 1183//1183 
f 1317//1317 1183//1183 1312//1312 
f 1318//1318 1317//1317 1312//1312 
f 1318//1318 1312//1312 1311//1311 
f 1319//1319 1320//1320 1321//1321 
f 1319//1319 1321//1321 1322//1322 
f 1320//1320 1191//1191 1194//1194 
f 1320//1320 1194//1194 1321//1321 
f 1321//1321 1194//1194 1187//1187 
f 1321//1321 1187//1187 1316//1316 
f 1322//1322 1321//1321 1316//1316 
f 1322//1322 1316//1316 1315//1315 
f 1323//1323 1324//1324 1325//1325 
f 1323//1323 1325//1325 1326//1326 
f 1324//1324 1195//1195 1198//1198 
f 1324//1324 1198//1198 1325//1325 
f 1325//1325 1198//1198 1191//1191 
f 1325//1325 1191//1191 1320//1320 
f 1326//1326 1325//1325 1320//1320 
f 1326//1326 1320//1320 1319//1319 
f 1327//1327 1328//1328 1329//1329 
f 1327//1327 1329//1329 1330//1330 
f 1328//1328 1199//1199 1202//1202 
f 1328//1328 1202//1202 1329//1329 
f 1329//1329 1202//1202 1195//1195 
f 1329//1329 1195//1195 1324//1324 
f 1330//1330 1329//1329 1324//1324 
f 1330//1330 1324//1324 1323//1323 
f 1331//1331 1332//1332 1333//1333 
f 1331//1331 1333//1333 1334//1334 
f 1332//1332 1203//1203 1206//1206 
f 1332//1332 1206//1206 1333//1333 
f 1333//1333 1206//1206 1199//1199 
f 1333//1333 1199//1199 1328//1328 
f 1334//1334 1333//1333 1328//1328 
f 1334//1334 1328//1328 1327//1327 
f 1335//1335 1336//1336 1337//1337 
f 1335//1335 1337//1337 1338//1338 
f 1336//1336 1207//1207 1210//1210 
f 1336//1336 1210//1210 1337//1337 
f 1337//1337 1210//1210 1203//1203 
f 1337//1337 1203//1203 1332//1332 
f 1338//1338 1337//1337 1332//1332 
f 1338//1338 1332//1332 1331//1331 
f 1339//1339 1340//1340 1341//1341 
f 1339//1339 1341//1341 1342//1342 
f 1340//1340 1211//1211 1214//1214 
f 1340//1340 1214//1214 1341//1341 
f 1341//1341 1214//1214 1207//1207 
f 1341//1341 1207//1207 1336//1336 
f 1342//1342 1341//1341 1336//1336 
f 1342//1342 1336//1336 1335//1335 
f 1343//1343 1344//1344 1345//1345 
f 1343//1343 1345//1345 1346//1346 
f 1344//1344 1215//1215 1218//1218 
f 1344//1344 1218//1218 1345//1345 
f 1345//1345 1218//1218 1211//1211 
f 1345//1345 1211//1211 1340//1340 
f 1346//1346 1345//1345 1340//1340 
f 1346//1346 1340//1340 1339//1339 
f 1347//1347 1348//1348 1349//1349 
f 1347//1347 1349//1349 1350//1350 
f 1348//1348 1219//1219 1222//1222 
f 1348//1348 1222//1222 1349//1349 
f 1349//1349 1222//1222 1215//1215 
f 1349//1349 1215//1215 1344//1344 
f 1350//1350 1349//1349 1344//1344 
f 1350//1350 1344//1344 1343//1343 
f 1351//1351 1352//1352 1353//1353 
f 1351//1351 1353//1353 1354//1354 
f 1352//1352 1223//1223 1226//1226 
f 1352//1352 1226//1226 1353//1353 
f 1353//1353 1226//1226 1219//1219 
f 1353//1353 1219//1219 1348//1348 
f 1354//1354 1353//1353 1348//1348 
f 1354//1354 1348//1348 1347//1347 
f 1234//1234 1233//1233 1355//1355 
f 1234//1234 1355//1355 1356//1356 
f 1233//1233 1106//1106 1228//1228 
f 1233//1233 1228//1228 1355//1355 
f 1355//1355 1228//1228 1223//1223 
f 1355//1355 1223//1223 1352//1352 
f 1356//1356 1355//1355 1352//1352 
f 1356//1356 1352//1352 1351//1351 
f 1357//1357 1358//1358 1359//1359 
f 1357//1357 1359//1359 1360//1360 
f 1358//1358 1229//1229 1232//1232 
f 1358//1358 1232//1232 1359//1359 
f 1359//1359 1232//1232 1234//1234 
f 1359//1359 1234//1234 1361//1361 
f 1360//1360 1359//1359 1361//1361 
f 1360//1360 1361//1361 1362//1362 
f 1363//1363 1364//1364 1365//1365 
f 1363//1363 1365//1365 1366//1366 
f 1364//1364 1235//1235 1238//1238 
f 1364//1364 1238//1238 1365//1365 
f 1365//1365 1238//1238 1229//1229 
f 1365//1365 1229//1229 1358//1358 
f 1366//1366 1365//1365 1358//1358 
f 1366//1366 1358//1358 1357//1357 
f 1367//1367 1368//1368 1369//1369 
f 1367//1367 1369//1369 1370//1370 
f 1368//1368 1239//1239 1242//1242 
f 1368//1368 1242//1242 1369//1369 
f 1369//1369 1242//1242 1235//1235 
f 1369//1369 1235//1235 1364//1364 
f 1370//1370 1369//1369 1364//1364 
f 1370//1370 1364//1364 1363//1363 
f 1371//1371 1372//1372 1373//1373 
f 1371//1371 1373//1373 1374//1374 
f 1372//1372 1243//1243 1246//1246 
f 1372//1372 1246//1246 1373//1373 
f 1373//1373 1246//1246 1239//1239 
f 1373//1373 1239//1239 1368//1368 
f 1374//1374 1373//1373 1368//1368 
f 1374//1374 1368//1368 1367//1367 
f 1375//1375 1376//1376 1377//1377 
f 1375//1375 1377//1377 1378//1378 
f 1376//1376 1247//1247 1250//1250 
f 1376//1376 1250//1250 1377//1377 
f 1377//1377 1250//1250 1243//1243 
f 1377//1377 1243//1243 1372//1372 
f 1378//1378 1377//1377 1372//1372 
f 1378//1378 1372//1372 1371//1371 
f 1379//1379 1380//1380 1381//1381 
f 1379//1379 1381//1381 1382//1382 
f 1380//1380 1251//1251 1254//1254 
f 1380//1380 1254//1254 1381//1381 
f 1381//1381 1254//1254 1247//1247 
f 1381//1381 1247//1247 1376//1376 
f 1382//1382 1381//1381 1376//1376 
f 1382//1382 1376//1376 1375//1375 
f 1383//1383 1384//1384 1385//1385 
f 1383//1383 1385//1385 1386//1386 
f 1384//1384 1255//1255 1258//1258 
f 1384//1384 1258//1258 1385//1385 
f 1385//1385 1258//1258 1251//1251 
f 1385//1385 1251//1251 1380//1380 
f 1386//1386 1385//1385 1380//1380 
f 1386//1386 1380//1380 1379//1379 
f 1387//1387 1388//1388 1389//1389 
f 1387//1387 1389//1389 1390//1390 
f 1388//1388 1259//1259 1262//1262 
f 1388//1388 1262//1262 1389//1389 
f 1389//1389 1262//1262 1255//1255 
f 1389//1389 1255//1255 1384//1384 
f 1390//1390 1389//1389 1384//1384 
f 1390//1390 1384//1384 1383//1383 
f 1391//1391 1392//1392 1393//1393 
f 1391//1391 1393//1393 1394//1394 
f 1392//1392 1263//1263 1266//1266 
f 1392//1392 1266//1266 1393//1393 
f 1393//1393 1266//1266 1259//1259 
f 1393//1393 1259//1259 1388//1388 
f 1394//1394 1393//1393 1388//1388 
f 1394//1394 1388//1388 1387//1387 
f 1395//1395 1396//1396 1397//1397 
f 1395//1395 1397//1397 1398//1398 
f 1396//1396 1267//1267 1270//1270 
f 1396//1396 1270//1270 1397//1397 
f 1397//1397 1270//1270 1263//1263 
f 1397//1397 1263//1263 1392//1392 
f 1398//1398 1397//1397 1392//1392 
f 1398//1398 1392//1392 1391//1391 
f 1399//1399 1400//1400 1401//1401 
f 1399//1399 1401//1401 1402//1402 
f 1400//1400 1271//1271 1274//1274 
f 1400//1400 1274//1274 1401//1401 
f 1401//1401 1274//1274 1267//1267 
f 1401//1401 1267//1267 1396//1396 
f 1402//1402 1401//1401 1396//1396 
f 1402//1402 1396//1396 1395//1395 
f 1403//1403 1404//1404 1405//1405 
f 1403//1403 1405//1405 1406//1406 
f 1404//1404 1275//1275 1278//1278 
f 1404//1404 1278//1278 1405//1405 
f 1405//1405 1278//1278 1271//1271 
f 1405//1405 1271//1271 1400//1400 
f 1406//1406 1405//1405 1400//1400 
f 1406//1406 1400//1400 1399//1399 
f 1407//1407 1408//1408 1409//1409 
f 1407//1407 1409//1409 1410//1410 
f 1408//1408 1279//1279 1282//1282 
f 1408//1408 1282//1282 1409//1409 
f 1409//1409 1282//1282 1275//1275 
f 1409//1409 1275//1275 1404//1404 
f 1410//1410 1409//1409 1404//1404 
f 1410//1410 1404//1404 1403//1403 
f 1411//1411 1412//1412 1413//1413 
f 1411//1411 1413//1413 1414//1414 
f 1412//1412 1283//1283 1286//1286 
f 1412//1412 1286//1286 1413//1413 
f 1413//1413 1286//1286 1279//1279 
f 1413//1413 1279//1279 1408//1408 
f 1414//1414 1413//1413 1408//1408 
f 1414//1414 1408//1408 1407//1407 
f 1415//1415 1416//1416 1417//1417 
f 1415//1415 1417//1417 1418//1418 
f 1416//1416 1287//1287 1290//1290 
f 1416//1416 1290//1290 1417//1417 
f 1417//1417 1290//1290 1283//1283 
f 1417//1417 1283//1283 1412//1412 
f 1418//1418 1417//1417 1412//1412 
f 1418//1418 1412//1412 1411//1411 
f 1419//1419 1420//1420 1421//1421 
f 1419//1419 1421//1421 1422//1422 
f 1420//1420 1291//1291 1294//1294 
f 1420//1420 1294//1294 1421//1421 
f 1421//1421 1294//1294 1287//1287 
f 1421//1421 1287//1287 1416//1416 
f 1422//1422 1421//1421 1416//1416 
f 1422//1422 1416//1416 1415//1415 
f 1423//1423 1424//1424 1425//1425 
f 1423//1423 1425//1425 1426//1426 
f 1424//1424 1295//1295 1298//1298 
f 1424//1424 1298//1298 1425//1425 
f 1425//1425 1298//1298 1291//1291 
f 1425//1425 1291//1291 1420//1420 
f 1426//1426 1425//1425 1420//1420 
f 1426//1426 1420//1420 1419//1419 
f 1427//1427 1428//1428 1429//1429 
f 1427//1427 1429//1429 1430//1430 
f 1428//1428 1299//1299 1302//1302 
f 1428//1428 1302//1302 1429//1429 
f 1429//1429 1302//1302 1295//1295 
f 1429//1429 1295//1295 1424//1424 
f 1430//1430 1429//1429 1424//1424 
f 1430//1430 1424//1424 1423//1423 
f 1431//1431 1432//1432 1433//1433 
f 1431//1431 1433//1433 1434//1434 
f 1432//1432 1303//1303 1306//1306 
f 1432//1432 1306//1306 1433//1433 
f 1433//1433 1306//1306 1299//1299 
f 1433//1433 1299//1299 1428//1428 
f 1434//1434 1433//1433 1428//1428 
f 1434//1434 1428//1428 1427//1427 
f 1435//1435 1436//1436 1437//1437 
f 1435//1435 1437//1437 1438//1438 
f 1436//1436 1307//1307 1310//1310 
f 1436//1436 1310//1310 1437//1437 
f 1437//1437 1310//1310 1303//1303 
f 1437//1437 1303//1303 1432//1432 
f 1438//1438 1437//1437 1432//1432 
f 1438//1438 1432//1432 1431//1431 
f 1439//1439 1440//1440 1441//1441 
f 1439//1439 1441//1441 1442//1442 
f 1440//1440 1311//1311 1314//1314 
f 1440//1440 1314//1314 1441//1441 
f 1441//1441 1314//1314 1307//1307 
f 1441//1441 1307//1307 1436//1436 
f 1442//1442 1441//1441 1436//1436 
f 1442//1442 1436//1436 1435//1435 
f 1443//1443 1444//1444 1445//1445 
f 1443//1443 1445//1445 1446//1446 
f 1444//1444 1315//1315 1318//1318 
f 1444//1444 1318//1318 1445//1445 
f 1445//1445 1318//1318 1311//1311 
f 1445//1445 1311//1311 1440//1440 
f 1446//1446 1445//1445 1440//1440 
f 1446//1446 1440//1440 1439//1439 
f 1447//1447 1448//1448 1449//1449 
f 1447//1447 1449//1449 1450//1450 
f 1448//1448 1319//1319 1322//1322 
f 1448//1448 1322//1322 1449//1449 
f 1449//1449 1322//1322 1315//1315 
f 1449//1449 1315//1315 1444//1444 
f 1450//1450 1449//1449 1444//1444 
f 1450//1450 1444//1444 1443//1443 
f 1451//1451 1452//1452 1453//1453 
f 1451//1451 1453//1453 1454//1454 
f 1452//1452 1323//1323 1326//1326 
f 1452//1452 1326//1326 1453//1453 
f 1453//1453 1326//1326 1319//1319 
f 1453//1453 1319//1319 1448//1448 
f 1454//1454 1453//1453 1448//1448 
f 1454//1454 1448//1448 1447//1447 
f 1455//1455 1456//1456 1457//1457 
f 1455//1455 1457//1457 1458//1458 
f 1456//1456 1327//1327 1330//1330 
f 1456//1456 1330//1330 1457//1457 
f 1457//1457 1330//1330 1323//1323 
f 1457//1457 1323//1323 1452//1452 
f 1458//1458 1457//1457 1452//1452 
f 1458//1458 1452//1452 1451//1451 
f 1459//1459 1460//1460 1461//1461 
f 1459//1459 1461//1461 1462//1462 
f 1460//1460 1331//1331 1334//1334 
f 1460//1460 1334//1334 1461//1461 
f 1461//1461 1334//1334 1327//1327 
f 1461//1461 1327//1327 1456//1456 
f 1462//1462 1461//1461 1456//1456 
f 1462//1462 1456//1456 1455//1455 
f 1463//1463 1464//1464 1465//1465 
f 1463//1463 1465//1465 1466//1466 
f 1464//1464 1335//1335 1338//1338 
f 1464//1464 1338//1338 1465//1465 
f 1465//1465 1338//1338 1331//1331 
f 1465//1465 1331//1331 1460//1460 
f 1466//1466 1465//1465 1460//1460 
f 1466//1466 1460//1460 1459//1459 
f 1467//1467 1468//1468 1469//1469 
f 1467//1467 1469//1469 1470//1470 
f 1468//1468 1339//1339 1342//1342 
f 1468//1468 1342//1342 1469//1469 
f 1469//1469 1342//1342 1335//1335 
f 1469//1469 1335//1335 1464//1464 
f 1470//1470 1469//1469 1464//1464 
f 1470//1470 1464//1464 1463//1463 
f 1471//1471 1472//1472 1473//1473 
f 1471//1471 1473//1473 1474//1474 
f 1472//1472 1343//1343 1346//1346 
f 1472//1472 1346//1346 1473//1473 
f 1473//1473 1346//1346 1339//1339 
f 1473//1473 1339//1339 1468//1468 
f 1474//1474 1473//1473 1468//1468 
f 1474//1474 1468//1468 1467//1467 
f 1475//1475 1476//1476 1477//1477 
f 1475//1475 1477//1477 1478//1478 
f 1476//1476 1347//1347 1350//1350 
f 1476//1476 1350//1350 1477//1477 
f 1477//1477 1350//1350 1343//1343 
f 1477//1477 1343//1343 1472//1472 
f 1478//1478 1477//1477 1472//1472 
f 1478//1478 1472//1472 1471//1471 
f 1479//1479 1480//1480 1481//1481 
f 1479//1479 1481//1481 1482//1482 
f 1480//1480 1351//1351 1354//1354 
f 1480//1480 1354//1354 1481//1481 
f 1481//1481 1354//1354 1347//1347 
f 1481//1481 1347//1347 1476//1476 
f 1482//1482 1481//1481 1476//1476 
f 1482//1482 1476//1476 1475//1475 
f 1362//1362 1361//1361 1483//1483 
f 1362//1362 1483//1483 1484//1484 
f 1361//1361 1234//1234 1356//1356 
f 1361//1361 1356//1356 1483//1483 
f 1483//1483 1356//1356 1351//1351 
f 1483//1483 1351//1351 1480//1480 
f 1484//1484 1483//1483 1480//1480 
f 1484//1484 1480//1480 1479//1479 
f 1360//1360 1362//1362 1485//1485 
f 1486//1486 1357//1357 1360//1360 
f 1485//1485 1486//1486 1360//1360 
f 1366//1366 1357//1357 1486//1486 
f 1487//1487 1363//1363 1366//1366 
f 1486//1486 1487//1487 1366//1366 
f 1370//1370 1363//1363 1487//1487 
f 1488//1488 1367//1367 1370//1370 
f 1487//1487 1488//1488 1370//1370 
f 1374//1374 1367//1367 1488//1488 
f 1489//1489 1371//1371 1374//1374 
f 1488//1488 1489//1489 1374//1374 
f 1378//1378 1371//1371 1489//1489 
f 1490//1490 1375//1375 1378//1378 
f 1489//1489 1490//1490 1378//1378 
f 1382//1382 1375//1375 1490//1490 
f 1491//1491 1379//1379 1382//1382 
f 1490//1490 1491//1491 1382//1382 
f 1492//1492 1383//1383 1386//1386 
f 1386//1386 1379//1379 1491//1491 
f 1491//1491 1493//1493 1492//1492 
f 1492//1492 1386//1386 1491//1491 
f 1494//1494 1495//1495 1496//1496 
f 1494//1494 1496//1496 1497//1497 
f 1495//1495 1387//1387 1390//1390 
f 1495//1495 1390//1390 1496//1496 
f 1496//1496 1390//1390 1383//1383 
f 1496//1496 1383//1383 1492//1492 
f 1497//1497 1496//1496 1492//1492 
f 1497//1497 1492//1492 1493//1493 
f 1498//1498 1499//1499 1500//1500 
f 1498//1498 1500//1500 1501//1501 
f 1499//1499 1391//1391 1394//1394 
f 1499//1499 1394//1394 1500//1500 
f 1500//1500 1394//1394 1387//1387 
f 1500//1500 1387//1387 1495//1495 
f 1501//1501 1500//1500 1495//1495 
f 1501//1501 1495//1495 1494//1494 
f 1502//1502 1503//1503 1504//1504 
f 1502//1502 1504//1504 1505//1505 
f 1503//1503 1395//1395 1398//1398 
f 1503//1503 1398//1398 1504//1504 
f 1504//1504 1398//1398 1391//1391 
f 1504//1504 1391//1391 1499//1499 
f 1505//1505 1504//1504 1499//1499 
f 1505//1505 1499//1499 1498//1498 
f 1506//1506 1507//1507 1508//1508 
f 1506//1506 1508//1508 1509//1509 
f 1507//1507 1399//1399 1402//1402 
f 1507//1507 1402//1402 1508//1508 
f 1508//1508 1402//1402 1395//1395 
f 1508//1508 1395//1395 1503//1503 
f 1509//1509 1508//1508 1503//1503 
f 1509//1509 1503//1503 1502//1502 
f 1510//1510 1511//1511 1512//1512 
f 1510//1510 1512//1512 1513//1513 
f 1511//1511 1403//1403 1406//1406 
f 1511//1511 1406//1406 1512//1512 
f 1512//1512 1406//1406 1399//1399 
f 1512//1512 1399//1399 1507//1507 
f 1513//1513 1512//1512 1507//1507 
f 1513//1513 1507//1507 1506//1506 
f 1514//1514 1515//1515 1516//1516 
f 1514//1514 1516//1516 1517//1517 
f 1515//1515 1407//1407 1410//1410 
f 1515//1515 1410//1410 1516//1516 
f 1516//1516 1410//1410 1403//1403 
f 1516//1516 1403//1403 1511//1511 
f 1517//1517 1516//1516 1511//1511 
f 1517//1517 1511//1511 1510//1510 
f 1518//1518 1519//1519 1520//1520 
f 1518//1518 1520//1520 1521//1521 
f 1519//1519 1411//1411 1414//1414 
f 1519//1519 1414//1414 1520//1520 
f 1520//1520 1414//1414 1407//1407 
f 1520//1520 1407//1407 1515//1515 
f 1521//1521 1520//1520 1515//1515 
f 1521//1521 1515//1515 1514//1514 
f 1522//1522 1523//1523 1524//1524 
f 1522//1522 1524//1524 1525//1525 
f 1523//1523 1415//1415 1418//1418 
f 1523//1523 1418//1418 1524//1524 
f 1524//1524 1418//1418 1411//1411 
f 1524//1524 1411//1411 1519//1519 
f 1525//1525 1524//1524 1519//1519 
f 1525//1525 1519//1519 1518//1518 
f 1526//1526 1527//1527 1528//1528 
f 1526//1526 1528//1528 1529//1529 
f 1527//1527 1419//1419 1422//1422 
f 1527//1527 1422//1422 1528//1528 
f 1528//1528 1422//1422 1415//1415 
f 1528//1528 1415//1415 1523//1523 
f 1529//1529 1528//1528 1523//1523 
f 1529//1529 1523//1523 1522//1522 
f 1530//1530 1531//1531 1532//1532 
f 1530//1530 1532//1532 1533//1533 
f 1531//1531 1423//1423 1426//1426 
f 1531//1531 1426//1426 1532//1532 
f 1532//1532 1426//1426 1419//1419 
f 1532//1532 1419//1419 1527//1527 
f 1533//1533 1532//1532 1527//1527 
f 1533//1533 1527//1527 1526//1526 
f 1534//1534 1535//1535 1536//1536 
f 1534//1534 1536//1536 1537//1537 
f 1535//1535 1427//1427 1430//1430 
f 1535//1535 1430//1430 1536//1536 
f 1536//1536 1430//1430 1423//1423 
f 1536//1536 1423//1423 1531//1531 
f 1537//1537 1536//1536 1531//1531 
f 1537//1537 1531//1531 1530//1530 
f 1538//1538 1539//1539 1540//1540 
f 1538//1538 1540//1540 1541//1541 
f 1539//1539 1431//1431 1434//1434 
f 1539//1539 1434//1434 1540//1540 
f 1540//1540 1434//1434 1427//1427 
f 1540//1540 1427//1427 1535//1535 
f 1541//1541 1540//1540 1535//1535 
f 1541//1541 1535//1535 1534//1534 
f 1542//1542 1543//1543 1544//1544 
f 1542//1542 1544//1544 1545//1545 
f 1543//1543 1435//1435 1438//1438 
f 1543//1543 1438//1438 1544//1544 
f 1544//1544 1438//1438 1431//1431 
f 1544//1544 1431//1431 1539//1539 
f 1545//1545 1544//1544 1539//1539 
f 1545//1545 1539//1539 1538//1538 
f 1546//1546 1547//1547 1548//1548 
f 1546//1546 1548//1548 1549//1549 
f 1547//1547 1439//1439 1442//1442 
f 1547//1547 1442//1442 1548//1548 
f 1548//1548 1442//1442 1435//1435 
f 1548//1548 1435//1435 1543//1543 
f 1549//1549 1548//1548 1543//1543 
f 1549//1549 1543//1543 1542//1542 
f 1550//1550 1551//1551 1552//1552 
f 1550//1550 1552//1552 1553//1553 
f 1551//1551 1443//1443 1446//1446 
f 1551//1551 1446//1446 1552//1552 
f 1552//1552 1446//1446 1439//1439 
f 1552//1552 1439//1439 1547//1547 
f 1553//1553 1552//1552 1547//1547 
f 1553//1553 1547//1547 1546//1546 
f 1554//1554 1555//1555 1556//1556 
f 1554//1554 1556//1556 1557//1557 
f 1555//1555 1447//1447 1450//1450 
f 1555//1555 1450//1450 1556//1556 
f 1556//1556 1450//1450 1443//1443 
f 1556//1556 1443//1443 1551//1551 
f 1557//1557 1556//1556 1551//1551 
f 1557//1557 1551//1551 1550//1550 
f 1558//1558 1559//1559 1560//1560 
f 1558//1558 1560//1560 1561//1561 
f 1559//1559 1451//1451 1454//1454 
f 1559//1559 1454//1454 1560//1560 
f 1560//1560 1454//1454 1447//1447 
f 1560//1560 1447//1447 1555//1555 
f 1561//1561 1560//1560 1555//1555 
f 1561//1561 1555//1555 1554//1554 
f 1562//1562 1563//1563 1564//1564 
f 1562//1562 1564//1564 1565//1565 
f 1563//1563 1455//1455 1458//1458 
f 1563//1563 1458//1458 1564//1564 
f 1564//1564 1458//1458 1451//1451 
f 1564//1564 1451//1451 1559//1559 
f 1565//1565 1564//1564 1559//1559 
f 1565//1565 1559//1559 1558//1558 
f 1566//1566 1567//1567 1568//1568 
f 1566//1566 1568//1568 1569//1569 
f 1567//1567 1459//1459 1462//1462 
f 1567//1567 1462//1462 1568//1568 
f 1568//1568 1462//1462 1455//1455 
f 1568//1568 1455//1455 1563//1563 
f 1569//1569 1568//1568 1563//1563 
f 1569//1569 1563//1563 1562//1562 
f 1570//1570 1571//1571 1572//1572 
f 1570//1570 1572//1572 1573//1573 
f 1571//1571 1463//1463 1466//1466 
f 1571//1571 1466//1466 1572//1572 
f 1572//1572 1466//1466 1459//1459 
f 1572//1572 1459//1459 1567//1567 
f 1573//1573 1572//1572 1567//1567 
f 1573//1573 1567//1567 1566//1566 
f 1574//1574 1575//1575 1576//1576 
f 1574//1574 1576//1576 1577//1577 
f 1575//1575 1467//1467 1470//1470 
f 1575//1575 1470//1470 1576//1576 
f 1576//1576 1470//1470 1463//1463 
f 1576//1576 1463//1463 1571//1571 
f 1577//1577 1576//1576 1571//1571 
f 1577//1577 1571//1571 1570//1570 
f 1474//1474 1467//1467 1575//1575 
f 1575//1575 1574//1574 1578//1578 
f 1578//1578 1471//1471 1474//1474 
f 1474//1474 1575//1575 1578//1578 
f 1478//1478 1471//1471 1578//1578 
f 1579//1579 1475//1475 1478//1478 
f 1578//1578 1579//1579 1478//1478 
f 1482//1482 1475//1475 1579//1579 
f 1580//1580 1479//1479 1482//1482 
f 1579//1579 1580//1580 1482//1482 
f 1484//1484 1479//1479 1580//1580 
f 1485//1485 1362//1362 1484//1484 
f 1580//1580 1485//1485 1484//1484 
f 1581//1581 1486//1486 1485//1485 
f 1581//1581 1485//1485 1582//1582 
f 1583//1583 1487//1487 1486//1486 
f 1583//1583 1486//1486 1581//1581 
f 1584//1584 1488//1488 1487//1487 
f 1584//1584 1487//1487 1583//1583 
f 1585//1585 1489//1489 1488//1488 
f 1585//1585 1488//1488 1584//1584 
f 1586//1586 1490//1490 1489//1489 
f 1586//1586 1489//1489 1585//1585 
f 1587//1587 1491//1491 1490//1490 
f 1587//1587 1490//1490 1586//1586 
f 1588//1588 1493//1493 1491//1491 
f 1588//1588 1491//1491 1587//1587 
f 1497//1497 1493//1493 1588//1588 
f 1589//1589 1494//1494 1497//1497 
f 1588//1588 1589//1589 1497//1497 
f 1501//1501 1494//1494 1589//1589 
f 1590//1590 1498//1498 1501//1501 
f 1589//1589 1590//1590 1501//1501 
f 1505//1505 1498//1498 1590//1590 
f 1591//1591 1502//1502 1505//1505 
f 1590//1590 1591//1591 1505//1505 
f 1509//1509 1502//1502 1591//1591 
f 1592//1592 1506//1506 1509//1509 
f 1591//1591 1592//1592 1509//1509 
f 1513//1513 1506//1506 1592//1592 
f 1593//1593 1510//1510 1513//1513 
f 1592//1592 1593//1593 1513//1513 
f 1517//1517 1510//1510 1593//1593 
f 1594//1594 1514//1514 1517//1517 
f 1593//1593 1594//1594 1517//1517 
f 1521//1521 1514//1514 1594//1594 
f 1595//1595 1518//1518 1521//1521 
f 1594//1594 1595//1595 1521//1521 
f 1525//1525 1518//1518 1595//1595 
f 1596//1596 1522//1522 1525//1525 
f 1595//1595 1596//1596 1525//1525 
f 1529//1529 1522//1522 1596//1596 
f 1597//1597 1526//1526 1529//1529 
f 1596//1596 1597//1597 1529//1529 
f 1533//1533 1526//1526 1597//1597 
f 1598//1598 1530//1530 1533//1533 
f 1597//1597 1598//1598 1533//1533 
f 1537//1537 1530//1530 1598//1598 
f 1599//1599 1534//1534 1537//1537 
f 1598//1598 1599//1599 1537//1537 
f 1541//1541 1534//1534 1599//1599 
f 1600//1600 1538//1538 1541//1541 
f 1599//1599 1600//1600 1541//1541 
f 1545//1545 1538//1538 1600//1600 
f 1601//1601 1542//1542 1545//1545 
f 1600//1600 1601//1601 1545//1545 
f 1549//1549 1542//1542 1601//1601 
f 1602//1602 1546//1546 1549//1549 
f 1601//1601 1602//1602 1549//1549 
f 1553//1553 1546//1546 1602//1602 
f 1603//1603 1550//1550 1553//1553 
f 1602//1602 1603//1603 1553//1553 
f 1557//1557 1550//1550 1603//1603 
f 1604//1604 1554//1554 1557//1557 
f 1603//1603 1604//1604 1557//1557 
f 1561//1561 1554//1554 1604//1604 
f 1605//1605 1558//1558 1561//1561 
f 1604//1604 1605//1605 1561//1561 
f 1565//1565 1558//1558 1605//1605 
f 1606//1606 1562//1562 1565//1565 
f 1605//1605 1606//1606 1565//1565 
f 1569//1569 1562//1562 1606//1606 
f 1607//1607 1566//1566 1569//1569 
f 1606//1606 1607//1607 1569//1569 
f 1573//1573 1566//1566 1607//1607 
f 1608//1608 1570//1570 1573//1573 
f 1607//1607 1608//1608 1573//1573 
f 1577//1577 1570//1570 1608//1608 
f 1609//1609 1574//1574 1577//1577 
f 1608//1608 1609//1609 1577//1577 
f 1610//1610 1578//1578 1574//1574 
f 1610//1610 1574//1574 1609//1609 
f 1611//1611 1579//1579 1578//1578 
f 1611//1611 1578//1578 1610//1610 
f 1612//1612 1580//1580 1579//1579 
f 1612//1612 1579//1579 1611//1611 
f 1582//1582 1485//1485 1580//1580 
f 1582//1582 1580//1580 1612//1612 
f 1613//1613 1581//1581 1582//1582 
f 1613//1613 1582//1582 1614//1614 
f 1615//1615 1583//1583 1581//1581 
f 1615//1615 1581//1581 1613//1613 
f 1616//1616 1584//1584 1583//1583 
f 1616//1616 1583//1583 1615//1615 
f 1617//1617 1585//1585 1584//1584 
f 1617//1617 1584//1584 1616//1616 
f 1618//1618 1586//1586 1585//1585 
f 1618//1618 1585//1585 1617//1617 
f 1619//1619 1587//1587 1586//1586 
f 1619//1619 1586//1586 1618//1618 
f 1620//1620 1588//1588 1587//1587 
f 1620//1620 1587//1587 1619//1619 
f 1621//1621 1589//1589 1588//1588 
f 1621//1621 1588//1588 1620//1620 
f 1622//1622 1590//1590 1589//1589 
f 1622//1622 1589//1589 1621//1621 
f 1623//1623 1591//1591 1590//1590 
f 1623//1623 1590//1590 1622//1622 
f 1624//1624 1592//1592 1591//1591 
f 1624//1624 1591//1591 1623//1623 
f 1625//1625 1593//1593 1592//1592 
f 1625//1625 1592//1592 1624//1624 
f 1626//1626 1594//1594 1593//1593 
f 1626//1626 1593//1593 1625//1625 
f 1627//1627 1595//1595 1594//1594 
f 1627//1627 1594//1594 1626//1626 
f 1628//1628 1596//1596 1595//1595 
f 1628//1628 1595//1595 1627//1627 
f 1629//1629 1597//1597 1596//1596 
f 1629//1629 1596//1596 1628//1628 
f 1630//1630 1598//1598 1597//1597 
f 1630//1630 1597//1597 1629//1629 
f 1631//1631 1599//1599 1598//1598 
f 1631//1631 1598//1598 1630//1630 
f 1632//1632 1600//1600 1599//1599 
f 1632//1632 1599//1599 1631//1631 
f 1633//1633 1601//1601 1600//1600 
f 1633//1633 1600//1600 1632//1632 
f 1634//1634 1602//1602 1601//1601 
f 1634//1634 1601//1601 1633//1633 
f 1635//1635 1603//1603 1602//1602 
f 1635//1635 1602//1602 1634//1634 
f 1636//1636 1604//1604 1603//1603 
f 1636//1636 1603//1603 1635//1635 
f 1637//1637 1605//1605 1604//1604 
f 1637//1637 1604//1604 1636//1636 
f 1638//1638 1606//1606 1605//1605 
f 1638//1638 1605//1605 1637//1637 
f 1639//1639 1607//1607 1606//1606 
f 1639//1639 1606//1606 1638//1638 
f 1640//1640 1608//1608 1607//1607 
f 1640//1640 1607//1607 1639//1639 
f 1641//1641 1609//1609 1608//1608 
f 1641//1641 1608//1608 1640//1640 
f 1642//1642 1610//1610 1609//1609 
f 1642//1642 1609//1609 1641//1641 
f 1643//1643 1611//1611 1610//1610 
f 1643//1643 1610//1610 1642//1642 
f 1644//1644 1612//1612 1611//1611 
f 1644//1644 1611//1611 1643//1643 
f 1614//1614 1582//1582 1612//1612 
f 1614//1614 1612//1612 1644//1644 
f 1645//1645 1613//1613 1614//1614 
f 1645//1645 1614//1614 1646//1646 
f 1647//1647 1615//1615 1613//1613 
f 1647//1647 1613//1613 1645//1645 
f 1648//1648 1616//1616 1615//1615 
f 1648//1648 1615//1615 1647//1647 
f 1649//1649 1617//1617 1616//1616 
f 1649//1649 1616//1616 1648//1648 
f 1650//1650 1618//1618 1617//1617 
f 1650//1650 1617//1617 1649//1649 
f 1651//1651 1619//1619 1618//1618 
f 1651//1651 1618//1618 1650//1650 
f 1652//1652 1620//1620 1619//1619 
f 1652//1652 1619//1619 1651//1651 
f 1653//1653 1621//1621 1620//1620 
f 1653//1653 1620//1620 1652//1652 
f 1654//1654 1622//1622 1621//1621 
f 1654//1654 1621//1621 1653//1653 
f 1655//1655 1623//1623 1622//1622 
f 1655//1655 1622//1622 1654//1654 
f 1656//1656 1624//1624 1623//1623 
f 1656//1656 1623//1623 1655//1655 
f 1657//1657 1625//1625 1624//1624 
f 1657//1657 1624//1624 1656//1656 
f 1658//1658 1626//1626 1625//1625 
f 1658//1658 1625//1625 1657//1657 
f 1659//1659 1627//1627 1626//1626 
f 1659//1659 1626//1626 1658//1658 
f 1660//1660 1628//1628 1627//1627 
f 1660//1660 1627//1627 1659//1659 
f 1661//1661 1629//1629 1628//1628 
f 1661//1661 1628//1628 1660//1660 
f 1662//1662 1630//1630 1629//1629 
f 1662//1662 1629//1629 1661//1661 
f 1663//1663 1631//1631 1630//1630 
f 1663//1663 1630//1630 1662//1662 
f 1664//1664 1632//1632 1631//1631 
f 1664//1664 1631//1631 1663//1663 
f 1665//1665 1633//1633 1632//1632 
f 1665//1665 1632//1632 1664//1664 
f 1666//1666 1634//1634 1633//1633 
f 1666//1666 1633//1633 1665//1665 
f 1667//1667 1635//1635 1634//1634 
f 1667//1667 1634//1634 1666//1666 
f 1668//1668 1636//1636 1635//1635 
f 1668//1668 1635//1635 1667//1667 
f 1669//1669 1637//1637 1636//1636 
f 1669//1669 1636//1636 1668//1668 
f 1670//1670 1638//1638 1637//1637 
f 1670//1670 1637//1637 1669//1669 
f 1671//1671 1639//1639 1638//1638 
f 1671//1671 1638//1638 1670//1670 
f 1672//1672 1640//1640 1639//1639 
f 1672//1672 1639//1639 1671//1671 
f 1673//1673 1641//1641 1640//1640 
f 1673//1673 1640//1640 1672//1672 
f 1674//1674 1642//1642 1641//1641 
f 1674//1674 1641//1641 1673//1673 
f 1675//1675 1643//1643 1642//1642 
f 1675//1675 1642//1642 1674//1674 
f 1676//1676 1644//1644 1643//1643 
f 1676//1676 1643//1643 1675//1675 
f 1646//1646 1614//1614 1644//1644 
f 1646//1646 1644//1644 1676//1676 
f 1677//1677 1645//1645 1646//1646 
f 1677//1677 1646//1646 1678//1678 
f 1679//1679 1647//1647 1645//1645 
f 1679//1679 1645//1645 1677//1677 
f 1680//1680 1648//1648 1647//1647 
f 1680//1680 1647//1647 1679//1679 
f 1681//1681 1649//1649 1648//1648 
f 1681//1681 1648//1648 1680//1680 
f 1682//1682 1650//1650 1649//1649 
f 1682//1682 1649//1649 1681//1681 
f 1683//1683 1651//1651 1650//1650 
f 1683//1683 1650//1650 1682//1682 
f 1684//1684 1652//1652 1651//1651 
f 1684//1684 1651//1651 1683//1683 
f 1685//1685 1653//1653 1652//1652 
f 1685//1685 1652//1652 1684//1684 
f 1686//1686 1654//1654 1653//1653 
f 1686//1686 1653//1653 1685//1685 
f 1687//1687 1655//1655 1654//1654 
f 1687//1687 1654//1654 1686//1686 
f 1688//1688 1656//1656 1655//1655 
f 1688//1688 1655//1655 1687//1687 
f 1689//1689 1657//1657 1656//1656 
f 1689//1689 1656//1656 1688//1688 
f 1690//1690 1658//1658 1657//1657 
f 1690//1690 1657//1657 1689//1689 
f 1691//1691 1659//1659 1658//1658 
f 1691//1691 1658//1658 1690//1690 
f 1692//1692 1660//1660 1659//1659 
f 1692//1692 1659//1659 1691//1691 
f 1693//1693 1661//1661 1660//1660 
f 1693//1693 1660//1660 1692//1692 
f 1694//1694 1662//1662 1661//1661 
f 1694//1694 1661//1661 1693//1693 
f 1695//1695 1663//1663 1662//1662 
f 1695//1695 1662//1662 1694//1694 
f 1696//1696 1664//1664 1663//1663 
f 1696//1696 1663//1663 1695//1695 
f 1697//1697 1665//1665 1664//1664 
f 1697//1697 1664//1664 1696//1696 
f 1698//1698 1666//1666 1665//1665 
f 1698//1698 1665//1665 1697//1697 
f 1699//1699 1667//1667 1666//1666 
f 1699//1699 1666//1666 1698//1698 
f 1700//1700 1668//1668 1667//1667 
f 1700//1700 1667//1667 1699//1699 
f 1701//1701 1669//1669 1668//1668 
f 1701//1701 1668//1668 1700//1700 
f 1702//1702 1670//1670 1669//1669 
f 1702//1702 1669//1669 1701//1701 
f 1703//1703 1671//1671 1670//1670 
f 1703//1703 1670//1670 1702//1702 
f 1704//1704 1672//1672 1671//1671 
f 1704//1704 1671//1671 1703//1703 
f 1705//1705 1673//1673 1672//1672 
f 1705//1705 1672//1672 1704//1704 
f 1706//1706 1674//1674 1673//1673 
f 1706//1706 1673//1673 1705//1705 
f 1707//1707 1675//1675 1674//1674 
f 1707//1707 1674//1674 1706//1706 
f 1708//1708 1676//1676 1675//1675 
f 1708//1708 1675//1675 1707//1707 
f 1678//1678 1646//1646 1676//1676 
f 1678//1678 1676//1676 1708//1708 
f 1709//1709 1677//1677 1678//1678 
f 1709//1709 1678//1678 1710//1710 
f 1711//1711 1679//1679 1677//1677 
f 1711//1711 1677//1677 1709//1709 
f 1712//1712 1680//1680 1679//1679 
f 1712//1712 1679//1679 1711//1711 
f 1713//1713 1681//1681 1680//1680 
f 1713//1713 1680//1680 1712//1712 
f 1714//1714 1682//1682 1681//1681 
f 1714//1714 1681//1681 1713//1713 
f 1715//1715 1683//1683 1682//1682 
f 1715//1715 1682//1682 1714//1714 
f 1716//1716 1684//1684 1683//1683 
f 1716//1716 1683//1683 1715//1715 
f 1717//1717 1685//1685 1684//1684 
f 1717//1717 1684//1684 1716//1716 
f 1718//1718 1686//1686 1685//1685 
f 1718//1718 1685//1685 1717//1717 
f 1719//1719 1687//1687 1686//1686 
f 1719//1719 1686//1686 1718//1718 
f 1720//1720 1688//1688 1687//1687 
f 1720//1720 1687//1687 1719//1719 
f 1721//1721 1689//1689 1688//1688 
f 1721//1721 1688//1688 1720//1720 
f 1722//1722 1690//1690 1689//1689 
f 1722//1722 1689//1689 1721//1721 
f 1723//1723 1691//1691 1690//1690 
f 1723//1723 1690//1690 1722//1722 
f 1724//1724 1692//1692 1691//1691 
f 1724//1724 1691//1691 1723//1723 
f 1725//1725 1693//1693 1692//1692 
f 1725//1725 1692//1692 1724//1724 
f 1726//1726 1694//1694 1693//1693 
f 1726//1726 1693//1693 1725//1725 
f 1727//1727 1695//1695 1694//1694 
f 1727//1727 1694//1694 1726//1726 
f 1728//1728 1696//1696 1695//1695 
f 1728//1728 1695//1695 1727//1727 
f 1729//1729 1697//1697 1696//1696 
f 1729//1729 1696//1696 1728//1728 
f 1730//1730 1698//1698 1697//1697 
f 1730//1730 1697//1697 1729//1729 
f 1731//1731 1699//1699 1698//1698 
f 1731//1731 1698//1698 1730//1730 
f 1732//1732 1700//1700 1699//1699 
f 1732//1732 1699//1699 1731//1731 
f 1733//1733 1701//1701 1700//1700 
f 1733//1733 1700//1700 1732//1732 
f 1734//1734 1702//1702 1701//1701 
f 1734//1734 1701//1701 1733//1733 
f 1735//1735 1703//1703 1702//1702 
f 1735//1735 1702//1702 1734//1734 
f 1736//1736 1704//1704 1703//1703 
f 1736//1736 1703//1703 1735//1735 
f 1737//1737 1705//1705 1704//1704 
f 1737//1737 1704//1704 1736//1736 
f 1738//1738 1706//1706 1705//1705 
f 1738//1738 1705//1705 1737//1737 
f 1739//1739 1707//1707 1706//1706 
f 1739//1739 1706//1706 1738//1738 
f 1740//1740 1708//1708 1707//1707 
f 1740//1740 1707//1707 1739//1739 
f 1710//1710 1678//1678 1708//1708 
f 1710//1710 1708//1708 1740//1740 
f 1741//1741 1709//1709 1710//1710 
f 1741//1741 1710//1710 1742//1742 
f 1743//1743 1711//1711 1709//1709 
f 1743//1743 1709//1709 1741//1741 
f 1744//1744 1712//1712 1711//1711 
f 1744//1744 1711//1711 1743//1743 
f 1745//1745 1713//1713 1712//1712 
f 1745//1745 1712//1712 1744//1744 
f 1746//1746 1714//1714 1713//1713 
f 1746//1746 1713//1713 1745//1745 
f 1747//1747 1715//1715 1714//1714 
f 1747//1747 1714//1714 1746//1746 
f 1748//1748 1716//1716 1715//1715 
f 1748//1748 1715//1715 1747//1747 
f 1749//1749 1717//1717 1716//1716 
f 1749//1749 1716//1716 1748//1748 
f 1750//1750 1718//1718 1717//1717 
f 1750//1750 1717//1717 1749//1749 
f 1751//1751 1719//1719 1718//1718 
f 1751//1751 1718//1718 1750//1750 
f 1752//1752 1720//1720 1719//1719 
f 1752//1752 1719//1719 1751//1751 
f 1753//1753 1721//1721 1720//1720 
f 1753//1753 1720//1720 1752//1752 
f 1754//1754 1722//1722 1721//1721 
f 1754//1754 1721//1721 1753//1753 
f 1755//1755 1723//1723 1722//1722 
f 1755//1755 1722//1722 1754//1754 
f 1756//1756 1724//1724 1723//1723 
f 1756//1756 1723//1723 1755//1755 
f 1757//1757 1725//1725 1724//1724 
f 1757//1757 1724//1724 1756//1756 
f 1758//1758 1726//1726 1725//1725 
f 1758//1758 1725//1725 1757//1757 
f 1759//1759 1727//1727 1726//1726 
f 1759//1759 1726//1726 1758//1758 
f 1760//1760 1728//1728 1727//1727 
f 1760//1760 1727//1727 1759//1759 
f 1761//1761 1729//1729 1728//1728 
f 1761//1761 1728//1728 1760//1760 
f 1762//1762 1730//1730 1729//1729 
f 1762//1762 1729//1729 1761//1761 
f 1763//1763 1731//1731 1730//1730 
f 1763//1763 1730//1730 1762//1762 
f 1764//1764 1732//1732 1731//1731 
f 1764//1764 1731//1731 1763//1763 
f 1765//1765 1733//1733 1732//1732 
f 1765//1765 1732//1732 1764//1764 
f 1766//1766 1734//1734 1733//1733 
f 1766//1766 1733//1733 1765//1765 
f 1767//1767 1735//1735 1734//1734 
f 1767//1767 1734//1734 1766//1766 
f 1768//1768 1736//1736 1735//1735 
f 1768//1768 1735//1735 1767//1767 
f 1769//1769 1737//1737 1736//1736 
f 1769//1769 1736//1736 1768//1768 
f 1770//1770 1738//1738 1737//1737 
f 1770//1770 1737//1737 1769//1769 
f 1771//1771 1739//1739 1738//1738 
f 1771//1771 1738//1738 1770//1770 
f 1772//1772 1740//1740 1739//1739 
f 1772//1772 1739//1739 1771//1771 
f 1742//1742 1710//1710 1740//1740 
f 1742//1742 1740//1740 1772//1772 
f 1773//1773 1741//1741 1742//1742 
f 1773//1773 1742//1742 1774//1774 
f 1775//1775 1743//1743 1741//1741 
f 1775//1775 1741//1741 1773//1773 
f 1776//1776 1744//1744 1743//1743 
f 1776//1776 1743//1743 1775//1775 
f 1777//1777 1745//1745 1744//1744 
f 1777//1777 1744//1744 1776//1776 
f 1778//1778 1746//1746 1745//1745 
f 1778//1778 1745//1745 1777//1777 
f 1779//1779 1747//1747 1746//1746 
f 1779//1779 1746//1746 1778//1778 
f 1780//1780 1748//1748 1747//1747 
f 1780//1780 1747//1747 1779//1779 
f 1781//1781 1749//1749 1748//1748 
f 1781//1781 1748//1748 1780//1780 
f 1782//1782 1750//1750 1749//1749 
f 1782//1782 1749//1749 1781//1781 
f 1783//1783 1751//1751 1750//1750 
f 1783//1783 1750//1750 1782//1782 
f 1784//1784 1752//1752 1751//1751 
f 1784//1784 1751//1751 1783//1783 
f 1785//1785 1753//1753 1752//1752 
f 1785//1785 1752//1752 1784//1784 
f 1786//1786 1754//1754 1753//1753 
f 1786//1786 1753//1753 1785//1785 
f 1787//1787 1755//1755 1754//1754 
f 1787//1787 1754//1754 1786//1786 
f 1788//1788 1756//1756 1755//1755 
f 1788//1788 1755//1755 1787//1787 
f 1789//1789 1757//1757 1756//1756 
f 1789//1789 1756//1756 1788//1788 
f 1790//1790 1758//1758 1757//1757 
f 1790//1790 1757//1757 1789//1789 
f 1791//1791 1759//1759 1758//1758 
f 1791//1791 1758//1758 1790//1790 
f 1792//1792 1760//1760 1759//1759 
f 1792//1792 1759//1759 1791//1791 
f 1793//1793 1761//1761 1760//1760 
f 1793//1793 1760//1760 1792//1792 
f 1794//1794 1762//1762 1761//1761 
f 1794//1794 1761//1761 1793//1793 
f 1795//1795 1763//1763 1762//1762 
f 1795//1795 1762//1762 1794//1794 
f 1796//1796 1764//1764 1763//1763 
f 1796//1796 1763//1763 1795//1795 
f 1797//1797 1765//1765 1764//1764 
f 1797//1797 1764//1764 1796//1796 
f 1798//1798 1766//1766 1765//1765 
f 1798//1798 1765//1765 1797//1797 
f 1799//1799 1767//1767 1766//1766 
f 1799//1799 1766//1766 1798//1798 
f 1800//1800 1768//1768 1767//1767 
f 1800//1800 1767//1767 1799//1799 
f 1801//1801 1769//1769 1768//1768 
f 1801//1801 1768//1768 1800//1800 
f 1802//1802 1770//1770 1769//1769 
f 1802//1802 1769//1769 1801//1801 
f 1803//1803 1771//1771 1770//1770 
f 1803//1803 1770//1770 1802//1802 
f 1804//1804 1772//1772 1771//1771 
f 1804//1804 1771//1771 1803//1803 
f 1774//1774 1742//1742 1772//1772 
f 1774//1774 1772//1772 1804//1804 
f 1805//1805 1773//1773 1774//1774 
f 1805//1805 1774//1774 1806//1806 
f 1807//1807 1775//1775 1773//1773 
f 1807//1807 1773//1773 1805//1805 
f 1808//1808 1776//1776 1775//1775 
f 1808//1808 1775//1775 1807//1807 
f 1809//1809 1777//1777 1776//1776 
f 1809//1809 1776//1776 1808//1808 
f 1810//1810 1778//1778 1777//1777 
f 1810//1810 1777//1777 1809//1809 
f 1811//1811 1779//1779 1778//1778 
f 1811//1811 1778//1778 1810//1810 
f 1812//1812 1780//1780 1779//1779 
f 1812//1812 1779//1779 1811//1811 
f 1813//1813 1781//1781 1780//1780 
f 1813//1813 1780//1780 1812//1812 
f 1814//1814 1782//1782 1781//1781 
f 1814//1814 1781//1781 1813//1813 
f 1815//1815 1783//1783 1782//1782 
f 1815//1815 1782//1782 1814//1814 
f 1816//1816 1784//1784 1783//1783 
f 1816//1816 1783//1783 1815//1815 
f 1817//1817 1785//1785 1784//1784 
f 1817//1817 1784//1784 1816//1816 
f 1818//1818 1786//1786 1785//1785 
f 1818//1818 1785//1785 1817//1817 
f 1819//1819 1787//1787 1786//1786 
f 1819//1819 1786//1786 1818//1818 
f 1820//1820 1788//1788 1787//1787 
f 1820//1820 1787//1787 1819//1819 
f 1821//1821 1789//1789 1788//1788 
f 1821//1821 1788//1788 1820//1820 
f 1822//1822 1790//1790 1789//1789 
f 1822//1822 1789//1789 1821//1821 
f 1823//1823 1791//1791 1790//1790 
f 1823//1823 1790//1790 1822//1822 
f 1824//1824 1792//1792 1791//1791 
f 1824//1824 1791//1791 1823//1823 
f 1825//1825 1793//1793 1792//1792 
f 1825//1825 1792//1792 1824//1824 
f 1826//1826 1794//1794 1793//1793 
f 1826//1826 1793//1793 1825//1825 
f 1827//1827 1795//1795 1794//1794 
f 1827//1827 1794//1794 1826//1826 
f 1828//1828 1796//1796 1795//1795 
f 1828//1828 1795//1795 1827//1827 
f 1829//1829 1797//1797 1796//1796 
f 1829//1829 1796//1796 1828//1828 
f 1830//1830 1798//1798 1797//1797 
f 1830//1830 1797//1797 1829//1829 
f 1831//1831 1799//1799 1798//1798 
f 1831//1831 1798//1798 1830//1830 
f 1832//1832 1800//1800 1799//1799 
f 1832//1832 1799//1799 1831//1831 
f 1833//1833 1801//1801 1800//1800 
f 1833//1833 1800//1800 1832//1832 
f 1834//1834 1802//1802 1801//1801 
f 1834//1834 1801//1801 1833//1833 
f 1835//1835 1803//1803 1802//1802 
f 1835//1835 1802//1802 1834//1834 
f 1836//1836 1804//1804 1803//1803 
f 1836//1836 1803//1803 1835//1835 
f 1806//1806 1774//1774 1804//1804 
f 1806//1806 1804//1804 1836//1836 
f 1837//1837 1805//1805 1806//1806 
f 1837//1837 1806//1806 1838//1838 
f 1839//1839 1807//1807 1805//1805 
f 1839//1839 1805//1805 1837//1837 
f 1840//1840 1808//1808 1807//1807 
f 1840//1840 1807//1807 1839//1839 
f 1841//1841 1809//1809 1808//1808 
f 1841//1841 1808//1808 1840//1840 
f 1842//1842 1810//1810 1809//1809 
f 1842//1842 1809//1809 1841//1841 
f 1843//1843 1811//1811 1810//1810 
f 1843//1843 1810//1810 1842//1842 
f 1844//1844 1812//1812 1811//1811 
f 1844//1844 1811//1811 1843//1843 
f 1845//1845 1813//1813 1812//1812 
f 1845//1845 1812//1812 1844//1844 
f 1846//1846 1814//1814 1813//1813 
f 1846//1846 1813//1813 1845//1845 
f 1847//1847 1815//1815 1814//1814 
f 1847//1847 1814//1814 1846//1846 
f 1848//1848 1816//1816 1815//1815 
f 1848//1848 1815//1815 1847//1847 
f 1849//1849 1817//1817 1816//1816 
f 1849//1849 1816//1816 1848//1848 
f 1850//1850 1818//1818 1817//1817 
f 1850//1850 1817//1817 1849//1849 
f 1851//1851 1819//1819 1818//1818 
f 1851//1851 1818//1818 1850//1850 
f 1852//1852 1820//1820 1819//1819 
f 1852//1852 1819//1819 1851//1851 
f 1853//1853 1821//1821 1820//1820 
f 1853//1853 1820//1820 1852//1852 
f 1854//1854 1822//1822 1821//1821 
f 1854//1854 1821//1821 1853//1853 
f 1855//1855 1823//1823 1822//1822 
f 1855//1855 1822//1822 1854//1854 
f 1856//1856 1824//1824 1823//1823 
f 1856//1856 1823//1823 1855//1855 
f 1857//1857 1825//1825 1824//1824 
f 1857//1857 1824//1824 1856//1856 
f 1858//1858 1826//1826 1825//1825 
f 1858//1858 1825//1825 1857//1857 
f 1859//1859 1827//1827 1826//1826 
f 1859//1859 1826//1826 1858//1858 
f 1860//1860 1828//1828 1827//1827 
f 1860//1860 1827//1827 1859//1859 
f 1861//1861 1829//1829 1828//1828 
f 1861//1861 1828//1828 1860//1860 
f 1862//1862 1830//1830 1829//1829 
f 1862//1862 1829//1829 1861//1861 
f 1863//1863 1831//1831 1830//1830 
f 1863//1863 1830//1830 1862//1862 
f 1864//1864 1832//1832 1831//1831 
f 1864//1864 1831//1831 1863//1863 
f 1865//1865 1833//1833 1832//1832 
f 1865//1865 1832//1832 1864//1864 
f 1866//1866 1834//1834 1833//1833 
f 1866//1866 1833//1833 1865//1865 
f 1867//1867 1835//1835 1834//1834 
f 1867//1867 1834//1834 1866//1866 
f 1868//1868 1836//1836 1835//1835 
f 1868//1868 1835//1835 1867//1867 
f 1838//1838 1806//1806 1836//1836 
f 1838//1838 1836//1836 1868//1868 
f 1869//1869 1837//1837 1838//1838 
f 1869//1869 1838//1838 1870//1870 
f 1871//1871 1839//1839 1837//1837 
f 1871//1871 1837//1837 1869//1869 
f 1872//1872 1840//1840 1839//1839 
f 1872//1872 1839//1839 1871//1871 
f 1873//1873 1841//1841 1840//1840 
f 1873//1873 1840//1840 1872//1872 
f 1874//1874 1842//1842 1841//1841 
f 1874//1874 1841//1841 1873//1873 
f 1875//1875 1843//1843 1842//1842 
f 1875//1875 1842//1842 1874//1874 
f 1876//1876 1844//1844 1843//1843 
f 1876//1876 1843//1843 1875//1875 
f 1877//1877 1845//1845 1844//1844 
f 1877//1877 1844//1844 1876//1876 
f 1878//1878 1846//1846 1845//1845 
f 1878//1878 1845//1845 1877//1877 
f 1879//1879 1847//1847 1846//1846 
f 1879//1879 1846//1846 1878//1878 
f 1880//1880 1848//1848 1847//1847 
f 1880//1880 1847//1847 1879//1879 
f 1881//1881 1849//1849 1848//1848 
f 1881//1881 1848//1848 1880//1880 
f 1882//1882 1850//1850 1849//1849 
f 1882//1882 1849//1849 1881//1881 
f 1883//1883 1851//1851 1850//1850 
f 1883//1883 1850//1850 1882//1882 
f 1884//1884 1852//1852 1851//1851 
f 1884//1884 1851//1851 1883//1883 
f 1885//1885 1853//1853 1852//1852 
f 1885//1885 1852//1852 1884//1884 
f 1886//1886 1854//1854 1853//1853 
f 1886//1886 1853//1853 1885//1885 
f 1887//1887 1855//1855 1854//1854 
f 1887//1887 1854//1854 1886//1886 
f 1888//1888 1856//1856 1855//1855 
f 1888//1888 1855//1855 1887//1887 
f 1889//1889 1857//1857 1856//1856 
f 1889//1889 1856//1856 1888//1888 
f 1890//1890 1858//1858 1857//1857 
f 1890//1890 1857//1857 1889//1889 
f 1891//1891 1859//1859 1858//1858 
f 1891//1891 1858//1858 1890//1890 
f 1892//1892 1860//1860 1859//1859 
f 1892//1892 1859//1859 1891//1891 
f 1893//1893 1861//1861 1860//1860 
f 1893//1893 1860//1860 1892//1892 
f 1894//1894 1862//1862 1861//1861 
f 1894//1894 1861//1861 1893//1893 
f 1895//1895 1863//1863 1862//1862 
f 1895//1895 1862//1862 1894//1894 
f 1896//1896 1864//1864 1863//1863 
f 1896//1896 1863//1863 1895//1895 
f 1897//1897 1865//1865 1864//1864 
f 1897//1897 1864//1864 1896//1896 
f 1898//1898 1866//1866 1865//1865 
f 1898//1898 1865//1865 1897//1897 
f 1899//1899 1867//1867 1866//1866 
f 1899//1899 1866//1866 1898//1898 
f 1900//1900 1868//1868 1867//1867 
f 1900//1900 1867//1867 1899//1899 
f 1870//1870 1838//1838 1868//1868 
f 1870//1870 1868//1868 1900//1900 
f 1901//1901 1869//1869 1870//1870 
f 1901//1901 1870//1870 1902//1902 
f 1903//1903 1871//1871 1869//1869 
f 1903//1903 1869//1869 1901//1901 
f 1904//1904 1872//1872 1871//1871 
f 1904//1904 1871//1871 1903//1903 
f 1905//1905 1873//1873 1872//1872 
f 1905//1905 1872//1872 1904//1904 
f 1906//1906 1874//1874 1873//1873 
f 1906//1906 1873//1873 1905//1905 
f 1907//1907 1875//1875 1874//1874 
f 1907//1907 1874//1874 1906//1906 
f 1908//1908 1876//1876 1875//1875 
f 1908//1908 1875//1875 1907//1907 
f 1909//1909 1877//1877 1876//1876 
f 1909//1909 1876//1876 1908//1908 
f 1910//1910 1878//1878 1877//1877 
f 1910//1910 1877//1877 1909//1909 
f 1911//1911 1879//1879 1878//1878 
f 1911//1911 1878//1878 1910//1910 
f 1912//1912 1880//1880 1879//1879 
f 1912//1912 1879//1879 1911//1911 
f 1913//1913 1881//1881 1880//1880 
f 1913//1913 1880//1880 1912//1912 
f 1914//1914 1882//1882 1881//1881 
f 1914//1914 1881//1881 1913//1913 
f 1915//1915 1883//1883 1882//1882 
f 1915//1915 1882//1882 1914//1914 
f 1916//1916 1884//1884 1883//1883 
f 1916//1916 1883//1883 1915//1915 
f 1917//1917 1885//1885 1884//1884 
f 1917//1917 1884//1884 1916//1916 
f 1918//1918 1886//1886 1885//1885 
f 1918//1918 1885//1885 1917//1917 
f 1919//1919 1887//1887 1886//1886 
f 1919//1919 1886//1886 1918//1918 
f 1920//1920 1888//1888 1887//1887 
f 1920//1920 1887//1887 1919//1919 
f 1921//1921 1889//1889 1888//1888 
f 1921//1921 1888//1888 1920//1920 
f 1922//1922 1890//1890 1889//1889 
f 1922//1922 1889//1889 1921//1921 
f 1923//1923 1891//1891 1890//1890 
f 1923//1923 1890//1890 1922//1922 
f 1924//1924 1892//1892 1891//1891 
f 1924//1924 1891//1891 1923//1923 
f 1925//1925 1893//1893 1892//1892 
f 1925//1925 1892//1892 1924//1924 
f 1926//1926 1894//1894 1893//1893 
f 1926//1926 1893//1893 1925//1925 
f 1927//1927 1895//1895 1894//1894 
f 1927//1927 1894//1894 1926//1926 
f 1928//1928 1896//1896 1895//1895 
f 1928//1928 1895//1895 1927//1927 
f 1929//1929 1897//1897 1896//1896 
f 1929//1929 1896//1896 1928//1928 
f 1930//1930 1898//1898 1897//1897 
f 1930//1930 1897//1897 1929//1929 
f 1931//1931 1899//1899 1898//1898 
f 1931//1931 1898//1898 1930//1930 
f 1932//1932 1900//1900 1899//1899 
f 1932//1932 1899//1899 1931//1931 
f 1902//1902 1870//1870 1900//1900 
f 1902//1902 1900//1900 1932//1932 
f 1933//1933 1901//1901 1902//1902 
f 1933//1933 1902//1902 1934//1934 
f 1935//1935 1903//1903 1901//1901 
f 1935//1935 1901//1901 1933//1933 
f 1936//1936 1904//1904 1903//1903 
f 1936//1936 1903//1903 1935//1935 
f 1937//1937 1905//1905 1904//1904 
f 1937//1937 1904//1904 1936//1936 
f 1938//1938 1906//1906 1905//1905 
f 1938//1938 1905//1905 1937//1937 
f 1939//1939 1907//1907 1906//1906 
f 1939//1939 1906//1906 1938//1938 
f 1940//1940 1908//1908 1907//1907 
f 1940//1940 1907//1907 1939//1939 
f 1941//1941 1909//1909 1908//1908 
f 1941//1941 1908//1908 1940//1940 
f 1942//1942 1910//1910 1909//1909 
f 1942//1942 1909//1909 1941//1941 
f 1943//1943 1911//1911 1910//1910 
f 1943//1943 1910//1910 1942//1942 
f 1944//1944 1912//1912 1911//1911 
f 1944//1944 1911//1911 1943//1943 
f 1945//1945 1913//1913 1912//1912 
f 1945//1945 1912//1912 1944//1944 
f 1946//1946 1914//1914 1913//1913 
f 1946//1946 1913//1913 1945//1945 
f 1947//1947 1915//1915 1914//1914 
f 1947//1947 1914//1914 1946//1946 
f 1948//1948 1916//1916 1915//1915 
f 1948//1948 1915//1915 1947//1947 
f 1949//1949 1917//1917 1916//1916 
f 1949//1949 1916//1916 1948//1948 
f 1950//1950 1918//1918 1917//1917 
f 1950//1950 1917//1917 1949//1949 
f 1951//1951 1919//1919 1918//1918 
f 1951//1951 1918//1918 1950//1950 
f 1952//1952 1920//1920 1919//1919 
f 1952//1952 1919//1919 1951//1951 
f 1953//1953 1921//1921 1920//1920 
f 1953//1953 1920//1920 1952//1952 
f 1954//1954 1922//1922 1921//1921 
f 1954//1954 1921//1921 1953//1953 
f 1955//1955 1923//1923 1922//1922 
f 1955//1955 1922//1922 1954//1954 
f 1956//1956 1924//1924 1923//1923 
f 1956//1956 1923//1923 1955//1955 
f 1957//1957 1925//1925 1924//1924 
f 1957//1957 1924//1924 1956//1956 
f 1958//1958 1926//1926 1925//1925 
f 1958//1958 1925//1925 1957//1957 
f 1959//1959 1927//1927 1926//1926 
f 1959//1959 1926//1926 1958//1958 
f 1960//1960 1928//1928 1927//1927 
f 1960//1960 1927//1927 1959//1959 
f 1961//1961 1929//1929 1928//1928 
f 1961//1961 1928//1928 1960//1960 
f 1962//1962 1930//1930 1929//1929 
f 1962//1962 1929//1929 1961//1961 
f 1963//1963 1931//1931 1930//1930 
f 1963//1963 1930//1930 1962//1962 
f 1964//1964 1932//1932 1931//1931 
f 1964//1964 1931//1931 1963//1963 
f 1934//1934 1902//1902 1932//1932 
f 1934//1934 1932//1932 1964//1964 
f 1965//1965 1933//1933 1934//1934 
f 1965//1965 1934//1934 1966//1966 
f 1967//1967 1935//1935 1933//1933 
f 1967//1967 1933//1933 1965//1965 
f 1968//1968 1936//1936 1935//1935 
f 1968//1968 1935//1935 1967//1967 
f 1969//1969 1937//1937 1936//1936 
f 1969//1969 1936//1936 1968//1968 
f 1970//1970 1938//1938 1937//1937 
f 1970//1970 1937//1937 1969//1969 
f 1971//1971 1939//1939 1938//1938 
f 1971//1971 1938//1938 1970//1970 
f 1972//1972 1940//1940 1939//1939 
f 1972//1972 1939//1939 1971//1971 
f 1973//1973 1941//1941 1940//1940 
f 1973//1973 1940//1940 1972//1972 
f 1974//1974 1942//1942 1941//1941 
f 1974//1974 1941//1941 1973//1973 
f 1975//1975 1943//1943 1942//1942 
f 1975//1975 1942//1942 1974//1974 
f 1976//1976 1944//1944 1943//1943 
f 1976//1976 1943//1943 1975//1975 
f 1977//1977 1945//1945 1944//1944 
f 1977//1977 1944//1944 1976//1976 
f 1978//1978 1946//1946 1945//1945 
f 1978//1978 1945//1945 1977//1977 
f 1979//1979 1947//1947 1946//1946 
f 1979//1979 1946//1946 1978//1978 
f 1980//1980 1948//1948 1947//1947 
f 1980//1980 1947//1947 1979//1979 
f 1981//1981 1949//1949 1948//1948 
f 1981//1981 1948//1948 1980//1980 
f 1982//1982 1950//1950 1949//1949 
f 1982//1982 1949//1949 1981//1981 
f 1983//1983 1951//1951 1950//1950 
f 1983//1983 1950//1950 1982//1982 
f 1984//1984 1952//1952 1951//1951 
f 1984//1984 1951//1951 1983//1983 
f 1985//1985 1953//1953 1952//1952 
f 1985//1985 1952//1952 1984//1984 
f 1986//1986 1954//1954 1953//1953 
f 1986//1986 1953//1953 1985//1985 
f 1987//1987 1955//1955 1954//1954 
f 1987//1987 1954//1954 1986//1986 
f 1988//1988 1956//1956 1955//1955 
f 1988//1988 1955//1955 1987//1987 
f 1989//1989 1957//1957 1956//1956 
f 1989//1989 1956//1956 1988//1988 
f 1990//1990 1958//1958 1957//1957 
f 1990//1990 1957//1957 1989//1989 
f 1991//1991 1959//1959 1958//1958 
f 1991//1991 1958//1958 1990//1990 
f 1992//1992 1960//1960 1959//1959 
f 1992//1992 1959//1959 1991//1991 
f 1993//1993 1961//1961 1960//1960 
f 1993//1993 1960//1960 1992//1992 
f 1994//1994 1962//1962 1961//1961 
f 1994//1994 1961//1961 1993//1993 
f 1995//1995 1963//1963 1962//1962 
f 1995//1995 1962//1962 1994//1994 
f 1996//1996 1964//1964 1963//1963 
f 1996//1996 1963//1963 1995//1995 
f 1966//1966 1934//1934 1964//1964 
f 1966//1966 1964//1964 1996//1996 
f 1997//1997 1965//1965 1966//1966 
f 1997//1997 1966//1966 1998//1998 
f 1999//1999 1967//1967 1965//1965 
f 1999//1999 1965//1965 1997//1997 
f 2000//2000 1968//1968 1967//1967 
f 2000//2000 1967//1967 1999//1999 
f 2001//2001 1969//1969 1968//1968 
f 2001//2001 1968//1968 2000//2000 
f 2002//2002 1970//1970 1969//1969 
f 2002//2002 1969//1969 2001//2001 
f 2003//2003 1971//1971 1970//1970 
f 2003//2003 1970//1970 2002//2002 
f 2004//2004 1972//1972 1971//1971 
f 2004//2004 1971//1971 2003//2003 
f 2005//2005 1973//1973 1972//1972 
f 2005//2005 1972//1972 2004//2004 
f 2006//2006 1974//1974 1973//1973 
f 2006//2006 1973//1973 2005//2005 
f 2007//2007 1975//1975 1974//1974 
f 2007//2007 1974//1974 2006//2006 
f 2008//2008 1976//1976 1975//1975 
f 2008//2008 1975//1975 2007//2007 
f 2009//2009 1977//1977 1976//1976 
f 2009//2009 1976//1976 2008//2008 
f 2010//2010 1978//1978 1977//1977 
f 2010//2010 1977//1977 2009//2009 
f 2011//2011 1979//1979 1978//1978 
f 2011//2011 1978//1978 2010//2010 
f 2012//2012 1980//1980 1979//1979 
f 2012//2012 1979//1979 2011//2011 
f 2013//2013 1981//1981 1980//1980 
f 2013//2013 1980//1980 2012//2012 
f 2014//2014 1982//1982 1981//1981 
f 2014//2014 1981//1981 2013//2013 
f 2015//2015 1983//1983 1982//1982 
f 2015//2015 1982//1982 2014//2014 
f 2016//2016 1984//1984 1983//1983 
f 2016//2016 1983//1983 2015//2015 
f 2017//2017 1985//1985 1984//1984 
f 2017//2017 1984//1984 2016//2016 
f 2018//2018 1986//1986 1985//1985 
f 2018//2018 1985//1985 2017//2017 
f 2019//2019 1987//1987 1986//1986 
f 2019//2019 1986//1986 2018//2018 
f 2020//2020 1988//1988 1987//1987 
f 2020//2020 1987//1987 2019//2019 
f 2021//2021 1989//1989 1988//1988 
f 2021//2021 1988//1988 2020//2020 
f 2022//2022 1990//1990 1989//1989 
f 2022//2022 1989//1989 2021//2021 
f 2023//2023 1991//1991 1990//1990 
f 2023//2023 1990//1990 2022//2022 
f 2024//2024 1992//1992 1991//1991 
f 2024//2024 1991//1991 2023//2023 
f 2025//2025 1993//1993 1992//1992 
f 2025//2025 1992//1992 2024//2024 
f 2026//2026 1994//1994 1993//1993 
f 2026//2026 1993//1993 2025//2025 
f 2027//2027 1995//1995 1994//1994 
f 2027//2027 1994//1994 2026//2026 
f 2028//2028 1996//1996 1995//1995 
f 2028//2028 1995//1995 2027//2027 
f 1998//1998 1966//1966 1996//1996 
f 1998//1998 1996//1996 2028//2028 
f 2029//2029 1997//1997 1998//1998 
f 2029//2029 1998//1998 2030//2030 
f 2031//2031 1999//1999 1997//1997 
f 2031//2031 1997//1997 2029//2029 
f 2032//2032 2000//2000 1999//1999 
f 2032//2032 1999//1999 2031//2031 
f 2033//2033 2001//2001 2000//2000 
f 2033//2033 2000//2000 2032//2032 
f 2034//2034 2002//2002 2001//2001 
f 2034//2034 2001//2001 2033//2033 
f 2035//2035 2003//2003 2002//2002 
f 2035//2035 2002//2002 2034//2034 
f 2036//2036 2004//2004 2003//2003 
f 2036//2036 2003//2003 2035//2035 
f 2037//2037 2005//2005 2004//2004 
f 2037//2037 2004//2004 2036//2036 
f 2038//2038 2006//2006 2005//2005 
f 2038//2038 2005//2005 2037//2037 
f 2039//2039 2007//2007 2006//2006 
f 2039//2039 2006//2006 2038//2038 
f 2040//2040 2008//2008 2007//2007 
f 2040//2040 2007//2007 2039//2039 
f 2041//2041 2009//2009 2008//2008 
f 2041//2041 2008//2008 2040//2040 
f 2042//2042 2010//2010 2009//2009 
f 2042//2042 2009//2009 2041//2041 
f 2043//2043 2011//2011 2010//2010 
f 2043//2043 2010//2010 2042//2042 
f 2044//2044 2012//2012 2011//2011 
f 2044//2044 2011//2011 2043//2043 
f 2045//2045 2013//2013 2012//2012 
f 2045//2045 2012//2012 2044//2044 
f 2046//2046 2014//2014 2013//2013 
f 2046//2046 2013//2013 2045//2045 
f 2047//2047 2015//2015 2014//2014 
f 2047//2047 2014//2014 2046//2046 
f 2048//2048 2016//2016 2015//2015 
f 2048//2048 2015//2015 2047//2047 
f 2049//2049 2017//2017 2016//2016 
f 2049//2049 2016//2016 2048//2048 
f 2050//2050 2018//2018 2017//2017 
f 2050//2050 2017//2017 2049//2049 
f 2051//2051 2019//2019 2018//2018 
f 2051//2051 2018//2018 2050//2050 
f 2052//2052 2020//2020 2019//2019 
f 2052//2052 2019//2019 2051//2051 
f 2053//2053 2021//2021 2020//2020 
f 2053//2053 2020//2020 2052//2052 
f 2054//2054 2022//2022 2021//2021 
f 2054//2054 2021//2021 2053//2053 
f 2055//2055 2023//2023 2022//2022 
f 2055//2055 2022//2022 2054//2054 
f 2056//2056 2024//2024 2023//2023 
f 2056//2056 2023//2023 2055//2055 
f 2057//2057 2025//2025 2024//2024 
f 2057//2057 2024//2024 2056//2056 
f 2058//2058 2026//2026 2025//2025 
f 2058//2058 2025//2025 2057//2057 
f 2059//2059 2027//2027 2026//2026 
f 2059//2059 2026//2026 2058//2058 
f 2060//2060 2028//2028 2027//2027 
f 2060//2060 2027//2027 2059//2059 
f 2030//2030 1998//1998 2028//2028 
f 2030//2030 2028//2028 2060//2060 
f 2061//2061 2029//2029 2030//2030 
f 2061//2061 2030//2030 2062//2062 
f 2063//2063 2031//2031 2029//2029 
f 2063//2063 2029//2029 2061//2061 
f 2064//2064 2032//2032 2031//2031 
f 2064//2064 2031//2031 2063//2063 
f 2065//2065 2033//2033 2032//2032 
f 2065//2065 2032//2032 2064//2064 
f 2066//2066 2034//2034 2033//2033 
f 2066//2066 2033//2033 2065//2065 
f 2067//2067 2035//2035 2034//2034 
f 2067//2067 2034//2034 2066//2066 
f 2068//2068 2036//2036 2035//2035 
f 2068//2068 2035//2035 2067//2067 
f 2069//2069 2037//2037 2036//2036 
f 2069//2069 2036//2036 2068//2068 
f 2070//2070 2038//2038 2037//2037 
f 2070//2070 2037//2037 2069//2069 
f 2071//2071 2039//2039 2038//2038 
f 2071//2071 2038//2038 2070//2070 
f 2072//2072 2040//2040 2039//2039 
f 2072//2072 2039//2039 2071//2071 
f 2073//2073 2041//2041 2040//2040 
f 2073//2073 2040//2040 2072//2072 
f 2074//2074 2042//2042 2041//2041 
f 2074//2074 2041//2041 2073//2073 
f 2075//2075 2043//2043 2042//2042 
f 2075//2075 2042//2042 2074//2074 
f 2076//2076 2044//2044 2043//2043 
f 2076//2076 2043//2043 2075//2075 
f 2077//2077 2045//2045 2044//2044 
f 2077//2077 2044//2044 2076//2076 
f 2078//2078 2046//2046 2045//2045 
f 2078//2078 2045//2045 2077//2077 
f 2079//2079 2047//2047 2046//2046 
f 2079//2079 2046//2046 2078//2078 
f 2080//2080 2048//2048 2047//2047 
f 2080//2080 2047//2047 2079//2079 
f 2081//2081 2049//2049 2048//2048 
f 2081//2081 2048//2048 2080//2080 
f 2082//2082 2050//2050 2049//2049 
f 2082//2082 2049//2049 2081//2081 
f 2083//2083 2051//2051 2050//2050 
f 2083//2083 2050//2050 2082//2082 
f 2084//2084 2052//2052 2051//2051 
f 2084//2084 2051//2051 2083//2083 
f 2085//2085 2053//2053 2052//2052 
f 2085//2085 2052//2052 2084//2084 
f 2086//2086 2054//2054 2053//2053 
f 2086//2086 2053//2053 2085//2085 
f 2087//2087 2055//2055 2054//2054 
f 2087//2087 2054//2054 2086//2086 
f 2088//2088 2056//2056 2055//2055 
f 2088//2088 2055//2055 2087//2087 
f 2089//2089 2057//2057 2056//2056 
f 2089//2089 2056//2056 2088//2088 
f 2090//2090 2058//2058 2057//2057 
f 2090//2090 2057//2057 2089//2089 
f 2091//2091 2059//2059 2058//2058 
f 2091//2091 2058//2058 2090//2090 
f 2092//2092 2060//2060 2059//2059 
f 2092//2092 2059//2059 2091//2091 
f 2062//2062 2030//2030 2060//2060 
f 2062//2062 2060//2060 2092//2092 
f 2093//2093 2061//2061 2062//2062 
f 2093//2093 2062//2062 2094//2094 
f 2095//2095 2063//2063 2061//2061 
f 2095//2095 2061//2061 2093//2093 
f 2096//2096 2064//2064 2063//2063 
f 2096//2096 2063//2063 2095//2095 
f 2097//2097 2065//2065 2064//2064 
f 2097//2097 2064//2064 2096//2096 
f 2098//2098 2066//2066 2065//2065 
f 2098//2098 2065//2065 2097//2097 
f 2099//2099 2067//2067 2066//2066 
f 2099//2099 2066//2066 2098//2098 
f 2100//2100 2068//2068 2067//2067 
f 2100//2100 2067//2067 2099//2099 
f 2101//2101 2069//2069 2068//2068 
f 2101//2101 2068//2068 2100//2100 
f 2102//2102 2070//2070 2069//2069 
f 2102//2102 2069//2069 2101//2101 
f 2103//2103 2071//2071 2070//2070 
f 2103//2103 2070//2070 2102//2102 
f 2104//2104 2072//2072 2071//2071 
f 2104//2104 2071//2071 2103//2103 
f 2105//2105 2073//2073 2072//2072 
f 2105//2105 2072//2072 2104//2104 
f 2106//2106 2074//2074 2073//2073 
f 2106//2106 2073//2073 2105//2105 
f 2107//2107 2075//2075 2074//2074 
f 2107//2107 2074//2074 2106//2106 
f 2108//2108 2076//2076 2075//2075 
f 2108//2108 2075//2075 2107//2107 
f 2109//2109 2077//2077 2076//2076 
f 2109//2109 2076//2076 2108//2108 
f 2110//2110 2078//2078 2077//2077 
f 2110//2110 2077//2077 2109//2109 
f 2111//2111 2079//2079 2078//2078 
f 2111//2111 2078//2078 2110//2110 
f 2112//2112 2080//2080 2079//2079 
f 2112//2112 2079//2079 2111//2111 
f 2113//2113 2081//2081 2080//2080 
f 2113//2113 2080//2080 2112//2112 
f 2114//2114 2082//2082 2081//2081 
f 2114//2114 2081//2081 2113//2113 
f 2115//2115 2083//2083 2082//2082 
f 2115//2115 2082//2082 2114//2114 
f 2116//2116 2084//2084 2083//2083 
f 2116//2116 2083//2083 2115//2115 
f 2117//2117 2085//2085 2084//2084 
f 2117//2117 2084//2084 2116//2116 
f 2118//2118 2086//2086 2085//2085 
f 2118//2118 2085//2085 2117//2117 
f 2119//2119 2087//2087 2086//2086 
f 2119//2119 2086//2086 2118//2118 
f 2120//2120 2088//2088 2087//2087 
f 2120//2120 2087//2087 2119//2119 
f 2121//2121 2089//2089 2088//2088 
f 2121//2121 2088//2088 2120//2120 
f 2122//2122 2090//2090 2089//2089 
f 2122//2122 2089//2089 2121//2121 
f 2123//2123 2091//2091 2090//2090 
f 2123//2123 2090//2090 2122//2122 
f 2124//2124 2092//2092 2091//2091 
f 2124//2124 2091//2091 2123//2123 
f 2094//2094 2062//2062 2092//2092 
f 2094//2094 2092//2092 2124//2124 
f 2125//2125 2093//2093 2094//2094 
f 2125//2125 2094//2094 2126//2126 
f 2127//2127 2095//2095 2093//2093 
f 2127//2127 2093//2093 2125//2125 
f 2128//2128 2096//2096 2095//2095 
f 2128//2128 2095//2095 2127//2127 
f 2129//2129 2097//2097 2096//2096 
f 2129//2129 2096//2096 2128//2128 
f 2130//2130 2098//2098 2097//2097 
f 2130//2130 2097//2097 2129//2129 
f 2131//2131 2099//2099 2098//2098 
f 2131//2131 2098//2098 2130//2130 
f 2132//2132 2100//2100 2099//2099 
f 2132//2132 2099//2099 2131//2131 
f 2133//2133 2101//2101 2100//2100 
f 2133//2133 2100//2100 2132//2132 
f 2134//2134 2102//2102 2101//2101 
f 2134//2134 2101//2101 2133//2133 
f 2135//2135 2103//2103 2102//2102 
f 2135//2135 2102//2102 2134//2134 
f 2136//2136 2104//2104 2103//2103 
f 2136//2136 2103//2103 2135//2135 
f 2137//2137 2105//2105 2104//2104 
f 2137//2137 2104//2104 2136//2136 
f 2138//2138 2106//2106 2105//2105 
f 2138//2138 2105//2105 2137//2137 
f 2139//2139 2107//2107 2106//2106 
f 2139//2139 2106//2106 2138//2138 
f 2140//2140 2108//2108 2107//2107 
f 2140//2140 2107//2107 2139//2139 
f 2141//2141 2109//2109 2108//2108 
f 2141//2141 2108//2108 2140//2140 
f 2142//2142 2110//2110 2109//2109 
f 2142//2142 2109//2109 2141//2141 
f 2143//2143 2111//2111 2110//2110 
f 2143//2143 2110//2110 2142//2142 
f 2144//2144 2112//2112 2111//2111 
f 2144//2144 2111//2111 2143//2143 
f 2145//2145 2113//2113 2112//2112 
f 2145//2145 2112//2112 2144//2144 
f 2146//2146 2114//2114 2113//2113 
f 2146//2146 2113//2113 2145//2145 
f 2147//2147 2115//2115 2114//2114 
f 2147//2147 2114//2114 2146//2146 
f 2148//2148 2116//2116 2115//2115 
f 2148//2148 2115//2115 2147//2147 
f 2149//2149 2117//2117 2116//2116 
f 2149//2149 2116//2116 2148//2148 
f 2150//2150 2118//2118 2117//2117 
f 2150//2150 2117//2117 2149//2149 
f 2151//2151 2119//2119 2118//2118 
f 2151//2151 2118//2118 2150//2150 
f 2152//2152 2120//2120 2119//2119 
f 2152//2152 2119//2119 2151//2151 
f 2153//2153 2121//2121 2120//2120 
f 2153//2153 2120//2120 2152//2152 
f 2154//2154 2122//2122 2121//2121 
f 2154//2154 2121//2121 2153//2153 
f 2155//2155 2123//2123 2122//2122 
f 2155//2155 2122//2122 2154//2154 
f 2156//2156 2124//2124 2123//2123 
f 2156//2156 2123//2123 2155//2155 
f 2126//2126 2094//2094 2124//2124 
f 2126//2126 2124//2124 2156//2156 
f 2157//2157 2125//2125 2126//2126 
f 2157//2157 2126//2126 2158//2158 
f 2159//2159 2127//2127 2125//2125 
f 2159//2159 2125//2125 2157//2157 
f 2160//2160 2128//2128 2127//2127 
f 2160//2160 2127//2127 2159//2159 
f 2161//2161 2129//2129 2128//2128 
f 2161//2161 2128//2128 2160//2160 
f 2162//2162 2130//2130 2129//2129 
f 2162//2162 2129//2129 2161//2161 
f 2163//2163 2131//2131 2130//2130 
f 2163//2163 2130//2130 2162//2162 
f 2164//2164 2132//2132 2131//2131 
f 2164//2164 2131//2131 2163//2163 
f 2165//2165 2133//2133 2132//2132 
f 2165//2165 2132//2132 2164//2164 
f 2166//2166 2134//2134 2133//2133 
f 2166//2166 2133//2133 2165//2165 
f 2167//2167 2135//2135 2134//2134 
f 2167//2167 2134//2134 2166//2166 
f 2168//2168 2136//2136 2135//2135 
f 2168//2168 2135//2135 2167//2167 
f 2169//2169 2137//2137 2136//2136 
f 2169//2169 2136//2136 2168//2168 
f 2170//2170 2138//2138 2137//2137 
f 2170//2170 2137//2137 2169//2169 
f 2171//2171 2139//2139 2138//2138 
f 2171//2171 2138//2138 2170//2170 
f 2172//2172 2140//2140 2139//2139 
f 2172//2172 2139//2139 2171//2171 
f 2173//2173 2141//2141 2140//2140 
f 2173//2173 2140//2140 2172//2172 
f 2174//2174 2142//2142 2141//2141 
f 2174//2174 2141//2141 2173//2173 
f 2175//2175 2143//2143 2142//2142 
f 2175//2175 2142//2142 2174//2174 
f 2176//2176 2144//2144 2143//2143 
f 2176//2176 2143//2143 2175//2175 
f 2177//2177 2145//2145 2144//2144 
f 2177//2177 2144//2144 2176//2176 
f 2178//2178 2146//2146 2145//2145 
f 2178//2178 2145//2145 2177//2177 
f 2179//2179 2147//2147 2146//2146 
f 2179//2179 2146//2146 2178//2178 
f 2180//2180 2148//2148 2147//2147 
f 2180//2180 2147//2147 2179//2179 
f 2181//2181 2149//2149 2148//2148 
f 2181//2181 2148//2148 2180//2180 
f 2182//2182 2150//2150 2149//2149 
f 2182//2182 2149//2149 2181//2181 
f 2183//2183 2151//2151 2150//2150 
f 2183//2183 2150//2150 2182//2182 
f 2184//2184 2152//2152 2151//2151 
f 2184//2184 2151//2151 2183//2183 
f 2185//2185 2153//2153 2152//2152 
f 2185//2185 2152//2152 2184//2184 
f 2186//2186 2154//2154 2153//2153 
f 2186//2186 2153//2153 2185//2185 
f 2187//2187 2155//2155 2154//2154 
f 2187//2187 2154//2154 2186//2186 
f 2188//2188 2156//2156 2155//2155 
f 2188//2188 2155//2155 2187//2187 
f 2158//2158 2126//2126 2156//2156 
f 2158//2158 2156//2156 2188//2188 
f 2189//2189 2157//2157 2158//2158 
f 2189//2189 2158//2158 2190//2190 
f 2191//2191 2159//2159 2157//2157 
f 2191//2191 2157//2157 2189//2189 
f 2192//2192 2160//2160 2159//2159 
f 2192//2192 2159//2159 2191//2191 
f 2193//2193 2161//2161 2160//2160 
f 2193//2193 2160//2160 2192//2192 
f 2194//2194 2162//2162 2161//2161 
f 2194//2194 2161//2161 2193//2193 
f 2195//2195 2163//2163 2162//2162 
f 2195//2195 2162//2162 2194//2194 
f 2196//2196 2164//2164 2163//2163 
f 2196//2196 2163//2163 2195//2195 
f 2197//2197 2165//2165 2164//2164 
f 2197//2197 2164//2164 2196//2196 
f 2198//2198 2166//2166 2165//2165 
f 2198//2198 2165//2165 2197//2197 
f 2199//2199 2167//2167 2166//2166 
f 2199//2199 2166//2166 2198//2198 
f 2200//2200 2168//2168 2167//2167 
f 2200//2200 2167//2167 2199//2199 
f 2201//2201 2169//2169 2168//2168 
f 2201//2201 2168//2168 2200//2200 
f 2202//2202 2170//2170 2169//2169 
f 2202//2202 2169//2169 2201//2201 
f 2203//2203 2171//2171 2170//2170 
f 2203//2203 2170//2170 2202//2202 
f 2204//2204 2172//2172 2171//2171 
f 2204//2204 2171//2171 2203//2203 
f 2205//2205 2173//2173 2172//2172 
f 2205//2205 2172//2172 2204//2204 
f 2206//2206 2174//2174 2173//2173 
f 2206//2206 2173//2173 2205//2205 
f 2207//2207 2175//2175 2174//2174 
f 2207//2207 2174//2174 2206//2206 
f 2208//2208 2176//2176 2175//2175 
f 2208//2208 2175//2175 2207//2207 
f 2209//2209 2177//2177 2176//2176 
f 2209//2209 2176//2176 2208//2208 
f 2210//2210 2178//2178 2177//2177 
f 2210//2210 2177//2177 2209//2209 
f 2211//2211 2179//2179 2178//2178 
f 2211//2211 2178//2178 2210//2210 
f 2212//2212 2180//2180 2179//2179 
f 2212//2212 2179//2179 2211//2211 
f 2213//2213 2181//2181 2180//2180 
f 2213//2213 2180//2180 2212//2212 
f 2214//2214 2182//2182 2181//2181 
f 2214//2214 2181//2181 2213//2213 
f 2215//2215 2183//2183 2182//2182 
f 2215//2215 2182//2182 2214//2214 
f 2216//2216 2184//2184 2183//2183 
f 2216//2216 2183//2183 2215//2215 
f 2217//2217 2185//2185 2184//2184 
f 2217//2217 2184//2184 2216//2216 
f 2218//2218 2186//2186 2185//2185 
f 2218//2218 2185//2185 2217//2217 
f 2219//2219 2187//2187 2186//2186 
f 2219//2219 2186//2186 2218//2218 
f 2220//2220 2188//2188 2187//2187 
f 2220//2220 2187//2187 2219//2219 
f 2190//2190 2158//2158 2188//2188 
f 2190//2190 2188//2188 2220//2220 
f 2221//2221 2189//2189 2190//2190 
f 2221//2221 2190//2190 2222//2222 
f 2223//2223 2191//2191 2189//2189 
f 2223//2223 2189//2189 2221//2221 
f 2224//2224 2192//2192 2191//2191 
f 2224//2224 2191//2191 2223//2223 
f 2225//2225 2193//2193 2192//2192 
f 2225//2225 2192//2192 2224//2224 
f 2226//2226 2194//2194 2193//2193 
f 2226//2226 2193//2193 2225//2225 
f 2227//2227 2195//2195 2194//2194 
f 2227//2227 2194//2194 2226//2226 
f 2228//2228 2196//2196 2195//2195 
f 2228//2228 2195//2195 2227//2227 
f 2229//2229 2197//2197 2196//2196 
f 2229//2229 2196//2196 2228//2228 
f 2230//2230 2198//2198 2197//2197 
f 2230//2230 2197//2197 2229//2229 
f 2231//2231 2199//2199 2198//2198 
f 2231//2231 2198//2198 2230//2230 
f 2232//2232 2200//2200 2199//2199 
f 2232//2232 2199//2199 2231//2231 
f 2233//2233 2201//2201 2200//2200 
f 2233//2233 2200//2200 2232//2232 
f 2234//2234 2202//2202 2201//2201 
f 2234//2234 2201//2201 2233//2233 
f 2235//2235 2203//2203 2202//2202 
f 2235//2235 2202//2202 2234//2234 
f 2236//2236 2204//2204 2203//2203 
f 2236//2236 2203//2203 2235//2235 
f 2237//2237 2205//2205 2204//2204 
f 2237//2237 2204//2204 2236//2236 
f 2238//2238 2206//2206 2205//2205 
f 2238//2238 2205//2205 2237//2237 
f 2239//2239 2207//2207 2206//2206 
f 2239//2239 2206//2206 2238//2238 
f 2240//2240 2208//2208 2207//2207 
f 2240//2240 2207//2207 2239//2239 
f 2241//2241 2209//2209 2208//2208 
f 2241//2241 2208//2208 2240//2240 
f 2242//2242 2210//2210 2209//2209 
f 2242//2242 2209//2209 2241//2241 
f 2243//2243 2211//2211 2210//2210 
f 2243//2243 2210//2210 2242//2242 
f 2244//2244 2212//2212 2211//2211 
f 2244//2244 2211//2211 2243//2243 
f 2245//2245 2213//2213 2212//2212 
f 2245//2245 2212//2212 2244//2244 
f 2246//2246 2214//2214 2213//2213 
f 2246//2246 2213//2213 2245//2245 
f 2247//2247 2215//2215 2214//2214 
f 2247//2247 2214//2214 2246//2246 
f 2248//2248 2216//2216 2215//2215 
f 2248//2248 2215//2215 2247//2247 
f 2249//2249 2217//2217 2216//2216 
f 2249//2249 2216//2216 2248//2248 
f 2250//2250 2218//2218 2217//2217 
f 2250//2250 2217//2217 2249//2249 
f 2251//2251 2219//2219 2218//2218 
f 2251//2251 2218//2218 2250//2250 
f 2252//2252 2220//2220 2219//2219 
f 2252//2252 2219//2219 2251//2251 
f 2222//2222 2190//2190 2220//2220 
f 2222//2222 2220//2220 2252//2252 
f 2253//2253 2221//2221 2222//2222 
f 2253//2253 2222//2222 2254//2254 
f 2255//2255 2223//2223 2221//2221 
f 2255//2255 2221//2221 2253//2253 
f 2256//2256 2224//2224 2223//2223 
f 2256//2256 2223//2223 2255//2255 
f 2257//2257 2225//2225 2224//2224 
f 2257//2257 2224//2224 2256//2256 
f 2258//2258 2226//2226 2225//2225 
f 2258//2258 2225//2225 2257//2257 
f 2259//2259 2227//2227 2226//2226 
f 2259//2259 2226//2226 2258//2258 
f 2260//2260 2228//2228 2227//2227 
f 2260//2260 2227//2227 2259//2259 
f 2261//2261 2229//2229 2228//2228 
f 2261//2261 2228//2228 2260//2260 
f 2262//2262 2230//2230 2229//2229 
f 2262//2262 2229//2229 2261//2261 
f 2263//2263 2231//2231 2230//2230 
f 2263//2263 2230//2230 2262//2262 
f 2264//2264 2232//2232 2231//2231 
f 2264//2264 2231//2231 2263//2263 
f 2265//2265 2233//2233 2232//2232 
f 2265//2265 2232//2232 2264//2264 
f 2266//2266 2234//2234 2233//2233 
f 2266//2266 2233//2233 2265//2265 
f 2267//2267 2235//2235 2234//2234 
f 2267//2267 2234//2234 2266//2266 
f 2268//2268 2236//2236 2235//2235 
f 2268//2268 2235//2235 2267//2267 
f 2269//2269 2237//2237 2236//2236 
f 2269//2269 2236//2236 2268//2268 
f 2270//2270 2238//2238 2237//2237 
f 2270//2270 2237//2237 2269//2269 
f 2271//2271 2239//2239 2238//2238 
f 2271//2271 2238//2238 2270//2270 
f 2272//2272 2240//2240 2239//2239 
f 2272//2272 2239//2239 2271//2271 
f 2273//2273 2241//2241 2240//2240 
f 2273//2273 2240//2240 2272//2272 
f 2274//2274 2242//2242 2241//2241 
f 2274//2274 2241//2241 2273//2273 
f 2275//2275 2243//2243 2242//2242 
f 2275//2275 2242//2242 2274//2274 
f 2276//2276 2244//2244 2243//2243 
f 2276//2276 2243//2243 2275//2275 
f 2277//2277 2245//2245 2244//2244 
f 2277//2277 2244//2244 2276//2276 
f 2278//2278 2246//2246 2245//2245 
f 2278//2278 2245//2245 2277//2277 
f 2279//2279 2247//2247 2246//2246 
f 2279//2279 2246//2246 2278//2278 
f 2280//2280 2248//2248 2247//2247 
f 2280//2280 2247//2247 2279//2279 
f 2281//2281 2249//2249 2248//2248 
f 2281//2281 2248//2248 2280//2280 
f 2282//2282 2250//2250 2249//2249 
f 2282//2282 2249//2249 2281//2281 
f 2283//2283 2251//2251 2250//2250 
f 2283//2283 2250//2250 2282//2282 
f 2284//2284 2252//2252 2251//2251 
f 2284//2284 2251//2251 2283//2283 
f 2254//2254 2222//2222 2252//2252 
f 2254//2254 2252//2252 2284//2284 
f 2285//2285 2253//2253 2254//2254 
f 2285//2285 2254//2254 2286//2286 
f 2287//2287 2255//2255 2253//2253 
f 2287//2287 2253//2253 2285//2285 
f 2288//2288 2256//2256 2255//2255 
f 2288//2288 2255//2255 2287//2287 
f 2289//2289 2257//2257 2256//2256 
f 2289//2289 2256//2256 2288//2288 
f 2290//2290 2258//2258 2257//2257 
f 2290//2290 2257//2257 2289//2289 
f 2291//2291 2259//2259 2258//2258 
f 2291//2291 2258//2258 2290//2290 
f 2292//2292 2260//2260 2259//2259 
f 2292//2292 2259//2259 2291//2291 
f 2293//2293 2261//2261 2260//2260 
f 2293//2293 2260//2260 2292//2292 
f 2294//2294 2262//2262 2261//2261 
f 2294//2294 2261//2261 2293//2293 
f 2295//2295 2263//2263 2262//2262 
f 2295//2295 2262//2262 2294//2294 
f 2296//2296 2264//2264 2263//2263 
f 2296//2296 2263//2263 2295//2295 
f 2297//2297 2265//2265 2264//2264 
f 2297//2297 2264//2264 2296//2296 
f 2298//2298 2266//2266 2265//2265 
f 2298//2298 2265//2265 2297//2297 
f 2299//2299 2267//2267 2266//2266 
f 2299//2299 2266//2266 2298//2298 
f 2300//2300 2268//2268 2267//2267 
f 2300//2300 2267//2267 2299//2299 
f 2301//2301 2269//2269 2268//2268 
f 2301//2301 2268//2268 2300//2300 
f 2302//2302 2270//2270 2269//2269 
f 2302//2302 2269//2269 2301//2301 
f 2303//2303 2271//2271 2270//2270 
f 2303//2303 2270//2270 2302//2302 
f 2304//2304 2272//2272 2271//2271 
f 2304//2304 2271//2271 2303//2303 
f 2305//2305 2273//2273 2272//2272 
f 2305//2305 2272//2272 2304//2304 
f 2306//2306 2274//2274 2273//2273 
f 2306//2306 2273//2273 2305//2305 
f 2307//2307 2275//2275 2274//2274 
f 2307//2307 2274//2274 2306//2306 
f 2308//2308 2276//2276 2275//2275 
f 2308//2308 2275//2275 2307//2307 
f 2309//2309 2277//2277 2276//2276 
f 2309//2309 2276//2276 2308//2308 
f 2310//2310 2278//2278 2277//2277 
f 2310//2310 2277//2277 2309//2309 
f 2311//2311 2279//2279 2278//2278 
f 2311//2311 2278//2278 2310//2310 
f 2312//2312 2280//2280 2279//2279 
f 2312//2312 2279//2279 2311//2311 
f 2313//2313 2281//2281 2280//2280 
f 2313//2313 2280//2280 2312//2312 
f 2314//2314 2282//2282 2281//2281 
f 2314//2314 2281//2281 2313//2313 
f 2315//2315 2283//2283 2282//2282 
f 2315//2315 2282//2282 2314//2314 
f 2316//2316 2284//2284 2283//2283 
f 2316//2316 2283//2283 2315//2315 
f 2286//2286 2254//2254 2284//2284 
f 2286//2286 2284//2284 2316//2316 
f 2317//2317 2285//2285 2286//2286 
f 2317//2317 2286//2286 2318//2318 
f 2319//2319 2287//2287 2285//2285 
f 2319//2319 2285//2285 2317//2317 
f 2320//2320 2288//2288 2287//2287 
f 2320//2320 2287//2287 2319//2319 
f 2321//2321 2289//2289 2288//2288 
f 2321//2321 2288//2288 2320//2320 
f 2322//2322 2290//2290 2289//2289 
f 2322//2322 2289//2289 2321//2321 
f 2323//2323 2291//2291 2290//2290 
f 2323//2323 2290//2290 2322//2322 
f 2324//2324 2292//2292 2291//2291 
f 2324//2324 2291//2291 2323//2323 
f 2325//2325 2293//2293 2292//2292 
f 2325//2325 2292//2292 2324//2324 
f 2326//2326 2294//2294 2293//2293 
f 2326//2326 2293//2293 2325//2325 
f 2327//2327 2295//2295 2294//2294 
f 2327//2327 2294//2294 2326//2326 
f 2328//2328 2296//2296 2295//2295 
f 2328//2328 2295//2295 2327//2327 
f 2329//2329 2297//2297 2296//2296 
f 2329//2329 2296//2296 2328//2328 
f 2330//2330 2298//2298 2297//2297 
f 2330//2330 2297//2297 2329//2329 
f 2331//2331 2299//2299 2298//2298 
f 2331//2331 2298//2298 2330//2330 
f 2332//2332 2300//2300 2299//2299 
f 2332//2332 2299//2299 2331//2331 
f 2333//2333 2301//2301 2300//2300 
f 2333//2333 2300//2300 2332//2332 
f 2334//2334 2302//2302 2301//2301 
f 2334//2334 2301//2301 2333//2333 
f 2335//2335 2303//2303 2302//2302 
f 2335//2335 2302//2302 2334//2334 
f 2336//2336 2304//2304 2303//2303 
f 2336//2336 2303//2303 2335//2335 
f 2337//2337 2305//2305 2304//2304 
f 2337//2337 2304//2304 2336//2336 
f 2338//2338 2306//2306 2305//2305 
f 2338//2338 2305//2305 2337//2337 
f 2339//2339 2307//2307 2306//2306 
f 2339//2339 2306//2306 2338//2338 
f 2340//2340 2308//2308 2307//2307 
f 2340//2340 2307//2307 2339//2339 
f 2341//2341 2309//2309 2308//2308 
f 2341//2341 2308//2308 2340//2340 
f 2342//2342 2310//2310 2309//2309 
f 2342//2342 2309//2309 2341//2341 
f 2343//2343 2311//2311 2310//2310 
f 2343//2343 2310//2310 2342//2342 
f 2344//2344 2312//2312 2311//2311 
f 2344//2344 2311//2311 2343//2343 
f 2345//2345 2313//2313 2312//2312 
f 2345//2345 2312//2312 2344//2344 
f 2346//2346 2314//2314 2313//2313 
f 2346//2346 2313//2313 2345//2345 
f 2347//2347 2315//2315 2314//2314 
f 2347//2347 2314//2314 2346//2346 
f 2348//2348 2316//2316 2315//2315 
f 2348//2348 2315//2315 2347//2347 
f 2318//2318 2286//2286 2316//2316 
f 2318//2318 2316//2316 2348//2348 
f 2349//2349 2317//2317 2318//2318 
f 2349//2349 2318//2318 2350//2350 
f 2351//2351 2319//2319 2317//2317 
f 2351//2351 2317//2317 2349//2349 
f 2352//2352 2320//2320 2319//2319 
f 2352//2352 2319//2319 2351//2351 
f 2353//2353 2321//2321 2320//2320 
f 2353//2353 2320//2320 2352//2352 
f 2354//2354 2322//2322 2321//2321 
f 2354//2354 2321//2321 2353//2353 
f 2355//2355 2323//2323 2322//2322 
f 2355//2355 2322//2322 2354//2354 
f 2356//2356 2324//2324 2323//2323 
f 2356//2356 2323//2323 2355//2355 
f 2357//2357 2325//2325 2324//2324 
f 2357//2357 2324//2324 2356//2356 
f 2358//2358 2326//2326 2325//2325 
f 2358//2358 2325//2325 2357//2357 
f 2359//2359 2327//2327 2326//2326 
f 2359//2359 2326//2326 2358//2358 
f 2360//2360 2328//2328 2327//2327 
f 2360//2360 2327//2327 2359//2359 
f 2361//2361 2329//2329 2328//2328 
f 2361//2361 2328//2328 2360//2360 
f 2362//2362 2330//2330 2329//2329 
f 2362//2362 2329//2329 2361//2361 
f 2363//2363 2331//2331 2330//2330 
f 2363//2363 2330//2330 2362//2362 
f 2364//2364 2332//2332 2331//2331 
f 2364//2364 2331//2331 2363//2363 
f 2365//2365 2333//2333 2332//2332 
f 2365//2365 2332//2332 2364//2364 
f 2366//2366 2334//2334 2333//2333 
f 2366//2366 2333//2333 2365//2365 
f 2367//2367 2335//2335 2334//2334 
f 2367//2367 2334//2334 2366//2366 
f 2368//2368 2336//2336 2335//2335 
f 2368//2368 2335//2335 2367//2367 
f 2369//2369 2337//2337 2336//2336 
f 2369//2369 2336//2336 2368//2368 
f 2370//2370 2338//2338 2337//2337 
f 2370//2370 2337//2337 2369//2369 
f 2371//2371 2339//2339 2338//2338 
f 2371//2371 2338//2338 2370//2370 
f 2372//2372 2340//2340 2339//2339 
f 2372//2372 2339//2339 2371//2371 
f 2373//2373 2341//2341 2340//2340 
f 2373//2373 2340//2340 2372//2372 
f 2374//2374 2342//2342 2341//2341 
f 2374//2374 2341//2341 2373//2373 
f 2375//2375 2343//2343 2342//2342 
f 2375//2375 2342//2342 2374//2374 
f 2376//2376 2344//2344 2343//2343 
f 2376//2376 2343//2343 2375//2375 
f 2377//2377 2345//2345 2344//2344 
f 2377//2377 2344//2344 2376//2376 
f 2378//2378 2346//2346 2345//2345 
f 2378//2378 2345//2345 2377//2377 
f 2379//2379 2347//2347 2346//2346 
f 2379//2379 2346//2346 2378//2378 
f 2380//2380 2348//2348 2347//2347 
f 2380//2380 2347//2347 2379//2379 
f 2350//2350 2318//2318 2348//2348 
f 2350//2350 2348//2348 2380//2380 
f 2381//2381 2349//2349 2350//2350 
f 2381//2381 2350//2350 2382//2382 
f 2383//2383 2351//2351 2349//2349 
f 2383//2383 2349//2349 2381//2381 
f 2384//2384 2352//2352 2351//2351 
f 2384//2384 2351//2351 2383//2383 
f 2385//2385 2353//2353 2352//2352 
f 2385//2385 2352//2352 2384//2384 
f 2386//2386 2354//2354 2353//2353 
f 2386//2386 2353//2353 2385//2385 
f 2387//2387 2355//2355 2354//2354 
f 2387//2387 2354//2354 2386//2386 
f 2388//2388 2356//2356 2355//2355 
f 2388//2388 2355//2355 2387//2387 
f 2389//2389 2357//2357 2356//2356 
f 2389//2389 2356//2356 2388//2388 
f 2390//2390 2358//2358 2357//2357 
f 2390//2390 2357//2357 2389//2389 
f 2391//2391 2359//2359 2358//2358 
f 2391//2391 2358//2358 2390//2390 
f 2392//2392 2360//2360 2359//2359 
f 2392//2392 2359//2359 2391//2391 
f 2393//2393 2361//2361 2360//2360 
f 2393//2393 2360//2360 2392//2392 
f 2394//2394 2362//2362 2361//2361 
f 2394//2394 2361//2361 2393//2393 
f 2395//2395 2363//2363 2362//2362 
f 2395//2395 2362//2362 2394//2394 
f 2396//2396 2364//2364 2363//2363 
f 2396//2396 2363//2363 2395//2395 
f 2397//2397 2365//2365 2364//2364 
f 2397//2397 2364//2364 2396//2396 
f 2398//2398 2366//2366 2365//2365 
f 2398//2398 2365//2365 2397//2397 
f 2399//2399 2367//2367 2366//2366 
f 2399//2399 2366//2366 2398//2398 
f 2400//2400 2368//2368 2367//2367 
f 2400//2400 2367//2367 2399//2399 
f 2401//2401 2369//2369 2368//2368 
f 2401//2401 2368//2368 2400//2400 
f 2402//2402 2370//2370 2369//2369 
f 2402//2402 2369//2369 2401//2401 
f 2403//2403 2371//2371 2370//2370 
f 2403//2403 2370//2370 2402//2402 
f 2404//2404 2372//2372 2371//2371 
f 2404//2404 2371//2371 2403//2403 
f 2405//2405 2373//2373 2372//2372 
f 2405//2405 2372//2372 2404//2404 
f 2406//2406 2374//2374 2373//2373 
f 2406//2406 2373//2373 2405//2405 
f 2407//2407 2375//2375 2374//2374 
f 2407//2407 2374//2374 2406//2406 
f 2408//2408 2376//2376 2375//2375 
f 2408//2408 2375//2375 2407//2407 
f 2409//2409 2377//2377 2376//2376 
f 2409//2409 2376//2376 2408//2408 
f 2410//2410 2378//2378 2377//2377 
f 2410//2410 2377//2377 2409//2409 
f 2411//2411 2379//2379 2378//2378 
f 2411//2411 2378//2378 2410//2410 
f 2412//2412 2380//2380 2379//2379 
f 2412//2412 2379//2379 2411//2411 
f 2382//2382 2350//2350 2380//2380 
f 2382//2382 2380//2380 2412//2412 
f 2413//2413 2381//2381 2382//2382 
f 2413//2413 2382//2382 2414//2414 
f 2415//2415 2383//2383 2381//2381 
f 2415//2415 2381//2381 2413//2413 
f 2416//2416 2384//2384 2383//2383 
f 2416//2416 2383//2383 2415//2415 
f 2417//2417 2385//2385 2384//2384 
f 2417//2417 2384//2384 2416//2416 
f 2418//2418 2386//2386 2385//2385 
f 2418//2418 2385//2385 2417//2417 
f 2419//2419 2387//2387 2386//2386 
f 2419//2419 2386//2386 2418//2418 
f 2420//2420 2388//2388 2387//2387 
f 2420//2420 2387//2387 2419//2419 
f 2421//2421 2389//2389 2388//2388 
f 2421//2421 2388//2388 2420//2420 
f 2422//2422 2390//2390 2389//2389 
f 2422//2422 2389//2389 2421//2421 
f 2423//2423 2391//2391 2390//2390 
f 2423//2423 2390//2390 2422//2422 
f 2424//2424 2392//2392 2391//2391 
f 2424//2424 2391//2391 2423//2423 
f 2425//2425 2393//2393 2392//2392 
f 2425//2425 2392//2392 2424//2424 
f 2426//2426 2394//2394 2393//2393 
f 2426//2426 2393//2393 2425//2425 
f 2427//2427 2395//2395 2394//2394 
f 2427//2427 2394//2394 2426//2426 
f 2428//2428 2396//2396 2395//2395 
f 2428//2428 2395//2395 2427//2427 
f 2429//2429 2397//2397 2396//2396 
f 2429//2429 2396//2396 2428//2428 
f 2430//2430 2398//2398 2397//2397 
f 2430//2430 2397//2397 2429//2429 
f 2431//2431 2399//2399 2398//2398 
f 2431//2431 2398//2398 2430//2430 
f 2432//2432 2400//2400 2399//2399 
f 2432//2432 2399//2399 2431//2431 
f 2433//2433 2401//2401 2400//2400 
f 2433//2433 2400//2400 2432//2432 
f 2434//2434 2402//2402 2401//2401 
f 2434//2434 2401//2401 2433//2433 
f 2435//2435 2403//2403 2402//2402 
f 2435//2435 2402//2402 2434//2434 
f 2436//2436 2404//2404 2403//2403 
f 2436//2436 2403//2403 2435//2435 
f 2437//2437 2405//2405 2404//2404 
f 2437//2437 2404//2404 2436//2436 
f 2438//2438 2406//2406 2405//2405 
f 2438//2438 2405//2405 2437//2437 
f 2439//2439 2407//2407 2406//2406 
f 2439//2439 2406//2406 2438//2438 
f 2440//2440 2408//2408 2407//2407 
f 2440//2440 2407//2407 2439//2439 
f 2441//2441 2409//2409 2408//2408 
f 2441//2441 2408//2408 2440//2440 
f 2442//2442 2410//2410 2409//2409 
f 2442//2442 2409//2409 2441//2441 
f 2443//2443 2411//2411 2410//2410 
f 2443//2443 2410//2410 2442//2442 
f 2444//2444 2412//2412 2411//2411 
f 2444//2444 2411//2411 2443//2443 
f 2414//2414 2382//2382 2412//2412 
f 2414//2414 2412//2412 2444//2444 
f 2445//2445 2413//2413 2414//2414 
f 2445//2445 2414//2414 2446//2446 
f 2447//2447 2415//2415 2413//2413 
f 2447//2447 2413//2413 2445//2445 
f 2448//2448 2416//2416 2415//2415 
f 2448//2448 2415//2415 2447//2447 
f 2449//2449 2417//2417 2416//2416 
f 2449//2449 2416//2416 2448//2448 
f 2450//2450 2418//2418 2417//2417 
f 2450//2450 2417//2417 2449//2449 
f 2451//2451 2419//2419 2418//2418 
f 2451//2451 2418//2418 2450//2450 
f 2452//2452 2420//2420 2419//2419 
f 2452//2452 2419//2419 2451//2451 
f 2453//2453 2421//2421 2420//2420 
f 2453//2453 2420//2420 2452//2452 
f 2454//2454 2422//2422 2421//2421 
f 2454//2454 2421//2421 2453//2453 
f 2455//2455 2423//2423 2422//2422 
f 2455//2455 2422//2422 2454//2454 
f 2456//2456 2424//2424 2423//2423 
f 2456//2456 2423//2423 2455//2455 
f 2457//2457 2425//2425 2424//2424 
f 2457//2457 2424//2424 2456//2456 
f 2458//2458 2426//2426 2425//2425 
f 2458//2458 2425//2425 2457//2457 
f 2459//2459 2427//2427 2426//2426 
f 2459//2459 2426//2426 2458//2458 
f 2460//2460 2428//2428 2427//2427 
f 2460//2460 2427//2427 2459//2459 
f 2461//2461 2429//2429 2428//2428 
f 2461//2461 2428//2428 2460//2460 
f 2462//2462 2430//2430 2429//2429 
f 2462//2462 2429//2429 2461//2461 
f 2463//2463 2431//2431 2430//2430 
f 2463//2463 2430//2430 2462//2462 
f 2464//2464 2432//2432 2431//2431 
f 2464//2464 2431//2431 2463//2463 
f 2465//2465 2433//2433 2432//2432 
f 2465//2465 2432//2432 2464//2464 
f 2466//2466 2434//2434 2433//2433 
f 2466//2466 2433//2433 2465//2465 
f 2467//2467 2435//2435 2434//2434 
f 2467//2467 2434//2434 2466//2466 
f 2468//2468 2436//2436 2435//2435 
f 2468//2468 2435//2435 2467//2467 
f 2469//2469 2437//2437 2436//2436 
f 2469//2469 2436//2436 2468//2468 
f 2470//2470 2438//2438 2437//2437 
f 2470//2470 2437//2437 2469//2469 
f 2471//2471 2439//2439 2438//2438 
f 2471//2471 2438//2438 2470//2470 
f 2472//2472 2440//2440 2439//2439 
f 2472//2472 2439//2439 2471//2471 
f 2473//2473 2441//2441 2440//2440 
f 2473//2473 2440//2440 2472//2472 
f 2474//2474 2442//2442 2441//2441 
f 2474//2474 2441//2441 2473//2473 
f 2475//2475 2443//2443 2442//2442 
f 2475//2475 2442//2442 2474//2474 
f 2476//2476 2444//2444 2443//2443 
f 2476//2476 2443//2443 2475//2475 
f 2446//2446 2414//2414 2444//2444 
f 2446//2446 2444//2444 2476//2476 
f 2477//2477 2445//2445 2446//2446 
f 2477//2477 2446//2446 2478//2478 
f 2479//2479 2447//2447 2445//2445 
f 2479//2479 2445//2445 2477//2477 
f 2480//2480 2448//2448 2447//2447 
f 2480//2480 2447//2447 2479//2479 
f 2481//2481 2449//2449 2448//2448 
f 2481//2481 2448//2448 2480//2480 
f 2482//2482 2450//2450 2449//2449 
f 2482//2482 2449//2449 2481//2481 
f 2483//2483 2451//2451 2450//2450 
f 2483//2483 2450//2450 2482//2482 
f 2484//2484 2452//2452 2451//2451 
f 2484//2484 2451//2451 2483//2483 
f 2485//2485 2453//2453 2452//2452 
f 2485//2485 2452//2452 2484//2484 
f 2486//2486 2454//2454 2453//2453 
f 2486//2486 2453//2453 2485//2485 
f 2487//2487 2455//2455 2454//2454 
f 2487//2487 2454//2454 2486//2486 
f 2488//2488 2456//2456 2455//2455 
f 2488//2488 2455//2455 2487//2487 
f 2489//2489 2457//2457 2456//2456 
f 2489//2489 2456//2456 2488//2488 
f 2490//2490 2458//2458 2457//2457 
f 2490//2490 2457//2457 2489//2489 
f 2491//2491 2459//2459 2458//2458 
f 2491//2491 2458//2458 2490//2490 
f 2492//2492 2460//2460 2459//2459 
f 2492//2492 2459//2459 2491//2491 
f 2493//2493 2461//2461 2460//2460 
f 2493//2493 2460//2460 2492//2492 
f 2494//2494 2462//2462 2461//2461 
f 2494//2494 2461//2461 2493//2493 
f 2495//2495 2463//2463 2462//2462 
f 2495//2495 2462//2462 2494//2494 
f 2496//2496 2464//2464 2463//2463 
f 2496//2496 2463//2463 2495//2495 
f 2497//2497 2465//2465 2464//2464 
f 2497//2497 2464//2464 2496//2496 
f 2498//2498 2466//2466 2465//2465 
f 2498//2498 2465//2465 2497//2497 
f 2499//2499 2467//2467 2466//2466 
f 2499//2499 2466//2466 2498//2498 
f 2500//2500 2468//2468 2467//2467 
f 2500//2500 2467//2467 2499//2499 
f 2501//2501 2469//2469 2468//2468 
f 2501//2501 2468//2468 2500//2500 
f 2502//2502 2470//2470 2469//2469 
f 2502//2502 2469//2469 2501//2501 
f 2503//2503 2471//2471 2470//2470 
f 2503//2503 2470//2470 2502//2502 
f 2504//2504 2472//2472 2471//2471 
f 2504//2504 2471//2471 2503//2503 
f 2505//2505 2473//2473 2472//2472 
f 2505//2505 2472//2472 2504//2504 
f 2506//2506 2474//2474 2473//2473 
f 2506//2506 2473//2473 2505//2505 
f 2507//2507 2475//2475 2474//2474 
f 2507//2507 2474//2474 2506//2506 
f 2508//2508 2476//2476 2475//2475 
f 2508//2508 2475//2475 2507//2507 
f 2478//2478 2446//2446 2476//2476 
f 2478//2478 2476//2476 2508//2508 
f 2509//2509 2477//2477 2478//2478 
f 2509//2509 2478//2478 2510//2510 
f 2511//2511 2479//2479 2477//2477 
f 2511//2511 2477//2477 2509//2509 
f 2512//2512 2480//2480 2479//2479 
f 2512//2512 2479//2479 2511//2511 
f 2513//2513 2481//2481 2480//2480 
f 2513//2513 2480//2480 2512//2512 
f 2514//2514 2482//2482 2481//2481 
f 2514//2514 2481//2481 2513//2513 
f 2515//2515 2483//2483 2482//2482 
f 2515//2515 2482//2482 2514//2514 
f 2516//2516 2484//2484 2483//2483 
f 2516//2516 2483//2483 2515//2515 
f 2517//2517 2485//2485 2484//2484 
f 2517//2517 2484//2484 2516//2516 
f 2518//2518 2486//2486 2485//2485 
f 2518//2518 2485//2485 2517//2517 
f 2519//2519 2487//2487 2486//2486 
f 2519//2519 2486//2486 2518//2518 
f 2520//2520 2488//2488 2487//2487 
f 2520//2520 2487//2487 2519//2519 
f 2521//2521 2489//2489 2488//2488 
f 2521//2521 2488//2488 2520//2520 
f 2522//2522 2490//2490 2489//2489 
f 2522//2522 2489//2489 2521//2521 
f 2523//2523 2491//2491 2490//2490 
f 2523//2523 2490//2490 2522//2522 
f 2524//2524 2492//2492 2491//2491 
f 2524//2524 2491//2491 2523//2523 
f 2525//2525 2493//2493 2492//2492 
f 2525//2525 2492//2492 2524//2524 
f 2526//2526 2494//2494 2493//2493 
f 2526//2526 2493//2493 2525//2525 
f 2527//2527 2495//2495 2494//2494 
f 2527//2527 2494//2494 2526//2526 
f 2528//2528 2496//2496 2495//2495 
f 2528//2528 2495//2495 2527//2527 
f 2529//2529 2497//2497 2496//2496 
f 2529//2529 2496//2496 2528//2528 
f 2530//2530 2498//2498 2497//2497 
f 2530//2530 2497//2497 2529//2529 
f 2531//2531 2499//2499 2498//2498 
f 2531//2531 2498//2498 2530//2530 
f 2532//2532 2500//2500 2499//2499 
f 2532//2532 2499//2499 2531//2531 
f 2533//2533 2501//2501 2500//2500 
f 2533//2533 2500//2500 2532//2532 
f 2534//2534 2502//2502 2501//2501 
f 2534//2534 2501//2501 2533//2533 
f 2535//2535 2503//2503 2502//2502 
f 2535//2535 2502//2502 2534//2534 
f 2536//2536 2504//2504 2503//2503 
f 2536//2536 2503//2503 2535//2535 
f 2537//2537 2505//2505 2504//2504 
f 2537//2537 2504//2504 2536//2536 
f 2538//2538 2506//2506 2505//2505 
f 2538//2538 2505//2505 2537//2537 
f 2539//2539 2507//2507 2506//2506 
f 2539//2539 2506//2506 2538//2538 
f 2540//2540 2508//2508 2507//2507 
f 2540//2540 2507//2507 2539//2539 
f 2510//2510 2478//2478 2508//2508 
f 2510//2510 2508//2508 2540//2540 
f 2541//2541 2509//2509 2510//2510 
f 2541//2541 2510//2510 2542//2542 
f 2543//2543 2511//2511 2509//2509 
f 2543//2543 2509//2509 2541//2541 
f 2544//2544 2512//2512 2511//2511 
f 2544//2544 2511//2511 2543//2543 
f 2545//2545 2513//2513 2512//2512 
f 2545//2545 2512//2512 2544//2544 
f 2546//2546 2514//2514 2513//2513 
f 2546//2546 2513//2513 2545//2545 
f 2547//2547 2515//2515 2514//2514 
f 2547//2547 2514//2514 2546//2546 
f 2548//2548 2516//2516 2515//2515 
f 2548//2548 2515//2515 2547//2547 
f 2549//2549 2517//2517 2516//2516 
f 2549//2549 2516//2516 2548//2548 
f 2550//2550 2518//2518 2517//2517 
f 2550//2550 2517//2517 2549//2549 
f 2551//2551 2519//2519 2518//2518 
f 2551//2551 2518//2518 2550//2550 
f 2552//2552 2520//2520 2519//2519 
f 2552//2552 2519//2519 2551//2551 
f 2553//2553 2521//2521 2520//2520 
f 2553//2553 2520//2520 2552//2552 
f 2554//2554 2522//2522 2521//2521 
f 2554//2554 2521//2521 2553//2553 
f 2555//2555 2523//2523 2522//2522 
f 2555//2555 2522//2522 2554//2554 
f 2556//2556 2524//2524 2523//2523 
f 2556//2556 2523//2523 2555//2555 
f 2557//2557 2525//2525 2524//2524 
f 2557//2557 2524//2524 2556//2556 
f 2558//2558 2526//2526 2525//2525 
f 2558//2558 2525//2525 2557//2557 
f 2559//2559 2527//2527 2526//2526 
f 2559//2559 2526//2526 2558//2558 
f 2560//2560 2528//2528 2527//2527 
f 2560//2560 2527//2527 2559//2559 
f 2561//2561 2529//2529 2528//2528 
f 2561//2561 2528//2528 2560//2560 
f 2562//2562 2530//2530 2529//2529 
f 2562//2562 2529//2529 2561//2561 
f 2563//2563 2531//2531 2530//2530 
f 2563//2563 2530//2530 2562//2562 
f 2564//2564 2532//2532 2531//2531 
f 2564//2564 2531//2531 2563//2563 
f 2565//2565 2533//2533 2532//2532 
f 2565//2565 2532//2532 2564//2564 
f 2566//2566 2534//2534 2533//2533 
f 2566//2566 2533//2533 2565//2565 
f 2567//2567 2535//2535 2534//2534 
f 2567//2567 2534//2534 2566//2566 
f 2568//2568 2536//2536 2535//2535 
f 2568//2568 2535//2535 2567//2567 
f 2569//2569 2537//2537 2536//2536 
f 2569//2569 2536//2536 2568//2568 
f 2570//2570 2538//2538 2537//2537 
f 2570//2570 2537//2537 2569//2569 
f 2571//2571 2539//2539 2538//2538 
f 2571//2571 2538//2538 2570//2570 
f 2572//2572 2540//2540 2539//2539 
f 2572//2572 2539//2539 2571//2571 
f 2542//2542 2510//2510 2540//2540 
f 2542//2542 2540//2540 2572//2572 
f 2573//2573 2541//2541 2542//2542 
f 2573//2573 2542//2542 2574//2574 
f 2575//2575 2543//2543 2541//2541 
f 2575//2575 2541//2541 2573//2573 
f 2576//2576 2544//2544 2543//2543 
f 2576//2576 2543//2543 2575//2575 
f 2577//2577 2545//2545 2544//2544 
f 2577//2577 2544//2544 2576//2576 
f 2578//2578 2546//2546 2545//2545 
f 2578//2578 2545//2545 2577//2577 
f 2579//2579 2547//2547 2546//2546 
f 2579//2579 2546//2546 2578//2578 
f 2580//2580 2548//2548 2547//2547 
f 2580//2580 2547//2547 2579//2579 
f 2581//2581 2549//2549 2548//2548 
f 2581//2581 2548//2548 2580//2580 
f 2582//2582 2550//2550 2549//2549 
f 2582//2582 2549//2549 2581//2581 
f 2583//2583 2551//2551 2550//2550 
f 2583//2583 2550//2550 2582//2582 
f 2584//2584 2552//2552 2551//2551 
f 2584//2584 2551//2551 2583//2583 
f 2585//2585 2553//2553 2552//2552 
f 2585//2585 2552//2552 2584//2584 
f 2586//2586 2554//2554 2553//2553 
f 2586//2586 2553//2553 2585//2585 
f 2587//2587 2555//2555 2554//2554 
f 2587//2587 2554//2554 2586//2586 
f 2588//2588 2556//2556 2555//2555 
f 2588//2588 2555//2555 2587//2587 
f 2589//2589 2557//2557 2556//2556 
f 2589//2589 2556//2556 2588//2588 
f 2590//2590 2558//2558 2557//2557 
f 2590//2590 2557//2557 2589//2589 
f 2591//2591 2559//2559 2558//2558 
f 2591//2591 2558//2558 2590//2590 
f 2592//2592 2560//2560 2559//2559 
f 2592//2592 2559//2559 2591//2591 
f 2593//2593 2561//2561 2560//2560 
f 2593//2593 2560//2560 2592//2592 
f 2594//2594 2562//2562 2561//2561 
f 2594//2594 2561//2561 2593//2593 
f 2595//2595 2563//2563 2562//2562 
f 2595//2595 2562//2562 2594//2594 
f 2596//2596 2564//2564 2563//2563 
f 2596//2596 2563//2563 2595//2595 
f 2597//2597 2565//2565 2564//2564 
f 2597//2597 2564//2564 2596//2596 
f 2598//2598 2566//2566 2565//2565 
f 2598//2598 2565//2565 2597//2597 
f 2599//2599 2567//2567 2566//2566 
f 2599//2599 2566//2566 2598//2598 
f 2600//2600 2568//2568 2567//2567 
f 2600//2600 2567//2567 2599//2599 
f 2601//2601 2569//2569 2568//2568 
f 2601//2601 2568//2568 2600//2600 
f 2602//2602 2570//2570 2569//2569 
f 2602//2602 2569//2569 2601//2601 
f 2603//2603 2571//2571 2570//2570 
f 2603//2603 2570//2570 2602//2602 
f 2604//2604 2572//2572 2571//2571 
f 2604//2604 2571//2571 2603//2603 
f 2574//2574 2542//2542 2572//2572 
f 2574//2574 2572//2572 2604//2604 
f 2605//2605 2573//2573 2574//2574 
f 2605//2605 2574//2574 2606//2606 
f 2607//2607 2575//2575 2573//2573 
f 2607//2607 2573//2573 2605//2605 
f 2608//2608 2576//2576 2575//2575 
f 2608//2608 2575//2575 2607//2607 
f 2609//2609 2577//2577 2576//2576 
f 2609//2609 2576//2576 2608//2608 
f 2610//2610 2578//2578 2577//2577 
f 2610//2610 2577//2577 2609//2609 
f 2611//2611 2579//2579 2578//2578 
f 2611//2611 2578//2578 2610//2610 
f 2612//2612 2580//2580 2579//2579 
f 2612//2612 2579//2579 2611//2611 
f 2613//2613 2581//2581 2580//2580 
f 2613//2613 2580//2580 2612//2612 
f 2614//2614 2582//2582 2581//2581 
f 2614//2614 2581//2581 2613//2613 
f 2615//2615 2583//2583 2582//2582 
f 2615//2615 2582//2582 2614//2614 
f 2616//2616 2584//2584 2583//2583 
f 2616//2616 2583//2583 2615//2615 
f 2617//2617 2585//2585 2584//2584 
f 2617//2617 2584//2584 2616//2616 
f 2618//2618 2586//2586 2585//2585 
f 2618//2618 2585//2585 2617//2617 
f 2619//2619 2587//2587 2586//2586 
f 2619//2619 2586//2586 2618//2618 
f 2620//2620 2588//2588 2587//2587 
f 2620//2620 2587//2587 2619//2619 
f 2621//2621 2589//2589 2588//2588 
f 2621//2621 2588//2588 2620//2620 
f 2622//2622 2590//2590 2589//2589 
f 2622//2622 2589//2589 2621//2621 
f 2623//2623 2591//2591 2590//2590 
f 2623//2623 2590//2590 2622//2622 
f 2624//2624 2592//2592 2591//2591 
f 2624//2624 2591//2591 2623//2623 
f 2625//2625 2593//2593 2592//2592 
f 2625//2625 2592//2592 2624//2624 
f 2626//2626 2594//2594 2593//2593 
f 2626//2626 2593//2593 2625//2625 
f 2627//2627 2595//2595 2594//2594 
f 2627//2627 2594//2594 2626//2626 
f 2628//2628 2596//2596 2595//2595 
f 2628//2628 2595//2595 2627//2627 
f 2629//2629 2597//2597 2596//2596 
f 2629//2629 2596//2596 2628//2628 
f 2630//2630 2598//2598 2597//2597 
f 2630//2630 2597//2597 2629//2629 
f 2631//2631 2599//2599 2598//2598 
f 2631//2631 2598//2598 2630//2630 
f 2632//2632 2600//2600 2599//2599 
f 2632//2632 2599//2599 2631//2631 
f 2633//2633 2601//2601 2600//2600 
f 2633//2633 2600//2600 2632//2632 
f 2634//2634 2602//2602 2601//2601 
f 2634//2634 2601//2601 2633//2633 
f 2635//2635 2603//2603 2602//2602 
f 2635//2635 2602//2602 2634//2634 
f 2636//2636 2604//2604 2603//2603 
f 2636//2636 2603//2603 2635//2635 
f 2606//2606 2574//2574 2604//2604 
f 2606//2606 2604//2604 2636//2636 
f 2637//2637 2605//2605 2606//2606 
f 2637//2637 2606//2606 2638//2638 
f 2639//2639 2607//2607 2605//2605 
f 2639//2639 2605//2605 2637//2637 
f 2640//2640 2608//2608 2607//2607 
f 2640//2640 2607//2607 2639//2639 
f 2641//2641 2609//2609 2608//2608 
f 2641//2641 2608//2608 2640//2640 
f 2642//2642 2610//2610 2609//2609 
f 2642//2642 2609//2609 2641//2641 
f 2643//2643 2611//2611 2610//2610 
f 2643//2643 2610//2610 2642//2642 
f 2644//2644 2612//2612 2611//2611 
f 2644//2644 2611//2611 2643//2643 
f 2645//2645 2613//2613 2612//2612 
f 2645//2645 2612//2612 2644//2644 
f 2646//2646 2614//2614 2613//2613 
f 2646//2646 2613//2613 2645//2645 
f 2647//2647 2615//2615 2614//2614 
f 2647//2647 2614//2614 2646//2646 
f 2648//2648 2616//2616 2615//2615 
f 2648//2648 2615//2615 2647//2647 
f 2649//2649 2617//2617 2616//2616 
f 2649//2649 2616//2616 2648//2648 
f 2650//2650 2618//2618 2617//2617 
f 2650//2650 2617//2617 2649//2649 
f 2651//2651 2619//2619 2618//2618 
f 2651//2651 2618//2618 2650//2650 
f 2652//2652 2620//2620 2619//2619 
f 2652//2652 2619//2619 2651//2651 
f 2653//2653 2621//2621 2620//2620 
f 2653//2653 2620//2620 2652//2652 
f 2654//2654 2622//2622 2621//2621 
f 2654//2654 2621//2621 2653//2653 
f 2655//2655 2623//2623 2622//2622 
f 2655//2655 2622//2622 2654//2654 
f 2656//2656 2624//2624 2623//2623 
f 2656//2656 2623//2623 2655//2655 
f 2657//2657 2625//2625 2624//2624 
f 2657//2657 2624//2624 2656//2656 
f 2658//2658 2626//2626 2625//2625 
f 2658//2658 2625//2625 2657//2657 
f 2659//2659 2627//2627 2626//2626 
f 2659//2659 2626//2626 2658//2658 
f 2660//2660 2628//2628 2627//2627 
f 2660//2660 2627//2627 2659//2659 
f 2661//2661 2629//2629 2628//2628 
f 2661//2661 2628//2628 2660//2660 
f 2662//2662 2630//2630 2629//2629 
f 2662//2662 2629//2629 2661//2661 
f 2663//2663 2631//2631 2630//2630 
f 2663//2663 2630//2630 2662//2662 
f 2664//2664 2632//2632 2631//2631 
f 2664//2664 2631//2631 2663//2663 
f 2665//2665 2633//2633 2632//2632 
f 2665//2665 2632//2632 2664//2664 
f 2666//2666 2634//2634 2633//2633 
f 2666//2666 2633//2633 2665//2665 
f 2667//2667 2635//2635 2634//2634 
f 2667//2667 2634//2634 2666//2666 
f 2668//2668 2636//2636 2635//2635 
f 2668//2668 2635//2635 2667//2667 
f 2638//2638 2606//2606 2636//2636 
f 2638//2638 2636//2636 2668//2668 
f 2669//2669 2637//2637 2638//2638 
f 2669//2669 2638//2638 2670//2670 
f 2671//2671 2639//2639 2637//2637 
f 2671//2671 2637//2637 2669//2669 
f 2672//2672 2640//2640 2639//2639 
f 2672//2672 2639//2639 2671//2671 
f 2673//2673 2641//2641 2640//2640 
f 2673//2673 2640//2640 2672//2672 
f 2674//2674 2642//2642 2641//2641 
f 2674//2674 2641//2641 2673//2673 
f 2675//2675 2643//2643 2642//2642 
f 2675//2675 2642//2642 2674//2674 
f 2676//2676 2644//2644 2643//2643 
f 2676//2676 2643//2643 2675//2675 
f 2677//2677 2645//2645 2644//2644 
f 2677//2677 2644//2644 2676//2676 
f 2678//2678 2646//2646 2645//2645 
f 2678//2678 2645//2645 2677//2677 
f 2679//2679 2647//2647 2646//2646 
f 2679//2679 2646//2646 2678//2678 
f 2680//2680 2648//2648 2647//2647 
f 2680//2680 2647//2647 2679//2679 
f 2681//2681 2649//2649 2648//2648 
f 2681//2681 2648//2648 2680//2680 
f 2682//2682 2650//2650 2649//2649 
f 2682//2682 2649//2649 2681//2681 
f 2683//2683 2651//2651 2650//2650 
f 2683//2683 2650//2650 2682//2682 
f 2684//2684 2652//2652 2651//2651 
f 2684//2684 2651//2651 2683//2683 
f 2685//2685 2653//2653 2652//2652 
f 2685//2685 2652//2652 2684//2684 
f 2686//2686 2654//2654 2653//2653 
f 2686//2686 2653//2653 2685//2685 
f 2687//2687 2655//2655 2654//2654 
f 2687//2687 2654//2654 2686//2686 
f 2688//2688 2656//2656 2655//2655 
f 2688//2688 2655//2655 2687//2687 
f 2689//2689 2657//2657 2656//2656 
f 2689//2689 2656//2656 2688//2688 
f 2690//2690 2658//2658 2657//2657 
f 2690//2690 2657//2657 2689//2689 
f 2691//2691 2659//2659 2658//2658 
f 2691//2691 2658//2658 2690//2690 
f 2692//2692 2660//2660 2659//2659 
f 2692//2692 2659//2659 2691//2691 
f 2693//2693 2661//2661 2660//2660 
f 2693//2693 2660//2660 2692//2692 
f 2694//2694 2662//2662 2661//2661 
f 2694//2694 2661//2661 2693//2693 
f 2695//2695 2663//2663 2662//2662 
f 2695//2695 2662//2662 2694//2694 
f 2696//2696 2664//2664 2663//2663 
f 2696//2696 2663//2663 2695//2695 
f 2697//2697 2665//2665 2664//2664 
f 2697//2697 2664//2664 2696//2696 
f 2698//2698 2666//2666 2665//2665 
f 2698//2698 2665//2665 2697//2697 
f 2699//2699 2667//2667 2666//2666 
f 2699//2699 2666//2666 2698//2698 
f 2700//2700 2668//2668 2667//2667 
f 2700//2700 2667//2667 2699//2699 
f 2670//2670 2638//2638 2668//2668 
f 2670//2670 2668//2668 2700//2700 
f 2701//2701 2669//2669 2670//2670 
f 2701//2701 2670//2670 2702//2702 
f 2703//2703 2671//2671 2669//2669 
f 2703//2703 2669//2669 2701//2701 
f 2704//2704 2672//2672 2671//2671 
f 2704//2704 2671//2671 2703//2703 
f 2705//2705 2673//2673 2672//2672 
f 2705//2705 2672//2672 2704//2704 
f 2706//2706 2674//2674 2673//2673 
f 2706//2706 2673//2673 2705//2705 
f 2707//2707 2675//2675 2674//2674 
f 2707//2707 2674//2674 2706//2706 
f 2708//2708 2676//2676 2675//2675 
f 2708//2708 2675//2675 2707//2707 
f 2709//2709 2677//2677 2676//2676 
f 2709//2709 2676//2676 2708//2708 
f 2710//2710 2678//2678 2677//2677 
f 2710//2710 2677//2677 2709//2709 
f 2711//2711 2679//2679 2678//2678 
f 2711//2711 2678//2678 2710//2710 
f 2712//2712 2680//2680 2679//2679 
f 2712//2712 2679//2679 2711//2711 
f 2713//2713 2681//2681 2680//2680 
f 2713//2713 2680//2680 2712//2712 
f 2714//2714 2682//2682 2681//2681 
f 2714//2714 2681//2681 2713//2713 
f 2715//2715 2683//2683 2682//2682 
f 2715//2715 2682//2682 2714//2714 
f 2716//2716 2684//2684 2683//2683 
f 2716//2716 2683//2683 2715//2715 
f 2717//2717 2685//2685 2684//2684 
f 2717//2717 2684//2684 2716//2716 
f 2718//2718 2686//2686 2685//2685 
f 2718//2718 2685//2685 2717//2717 
f 2719//2719 2687//2687 2686//2686 
f 2719//2719 2686//2686 2718//2718 
f 2720//2720 2688//2688 2687//2687 
f 2720//2720 2687//2687 2719//2719 
f 2721//2721 2689//2689 2688//2688 
f 2721//2721 2688//2688 2720//2720 
f 2722//2722 2690//2690 2689//2689 
f 2722//2722 2689//2689 2721//2721 
f 2723//2723 2691//2691 2690//2690 
f 2723//2723 2690//2690 2722//2722 
f 2724//2724 2692//2692 2691//2691 
f 2724//2724 2691//2691 2723//2723 
f 2725//2725 2693//2693 2692//2692 
f 2725//2725 2692//2692 2724//2724 
f 2726//2726 2694//2694 2693//2693 
f 2726//2726 2693//2693 2725//2725 
f 2727//2727 2695//2695 2694//2694 
f 2727//2727 2694//2694 2726//2726 
f 2728//2728 2696//2696 2695//2695 
f 2728//2728 2695//2695 2727//2727 
f 2729//2729 2697//2697 2696//2696 
f 2729//2729 2696//2696 2728//2728 
f 2730//2730 2698//2698 2697//2697 
f 2730//2730 2697//2697 2729//2729 
f 2731//2731 2699//2699 2698//2698 
f 2731//2731 2698//2698 2730//2730 
f 2732//2732 2700//2700 2699//2699 
f 2732//2732 2699//2699 2731//2731 
f 2702//2702 2670//2670 2700//2700 
f 2702//2702 2700//2700 2732//2732 
f 2733//2733 2701//2701 2702//2702 
f 2733//2733 2702//2702 2734//2734 
f 2735//2735 2703//2703 2701//2701 
f 2735//2735 2701//2701 2733//2733 
f 2736//2736 2704//2704 2703//2703 
f 2736//2736 2703//2703 2735//2735 
f 2737//2737 2705//2705 2704//2704 
f 2737//2737 2704//2704 2736//2736 
f 2738//2738 2706//2706 2705//2705 
f 2738//2738 2705//2705 2737//2737 
f 2739//2739 2707//2707 2706//2706 
f 2739//2739 2706//2706 2738//2738 
f 2740//2740 2708//2708 2707//2707 
f 2740//2740 2707//2707 2739//2739 
f 2741//2741 2709//2709 2708//2708 
f 2741//2741 2708//2708 2740//2740 
f 2742//2742 2710//2710 2709//2709 
f 2742//2742 2709//2709 2741//2741 
f 2743//2743 2711//2711 2710//2710 
f 2743//2743 2710//2710 2742//2742 
f 2744//2744 2712//2712 2711//2711 
f 2744//2744 2711//2711 2743//2743 
f 2745//2745 2713//2713 2712//2712 
f 2745//2745 2712//2712 2744//2744 
f 2746//2746 2714//2714 2713//2713 
f 2746//2746 2713//2713 2745//2745 
f 2747//2747 2715//2715 2714//2714 
f 2747//2747 2714//2714 2746//2746 
f 2748//2748 2716//2716 2715//2715 
f 2748//2748 2715//2715 2747//2747 
f 2749//2749 2717//2717 2716//2716 
f 2749//2749 2716//2716 2748//2748 
f 2750//2750 2718//2718 2717//2717 
f 2750//2750 2717//2717 2749//2749 
f 2751//2751 2719//2719 2718//2718 
f 2751//2751 2718//2718 2750//2750 
f 2752//2752 2720//2720 2719//2719 
f 2752//2752 2719//2719 2751//2751 
f 2753//2753 2721//2721 2720//2720 
f 2753//2753 2720//2720 2752//2752 
f 2754//2754 2722//2722 2721//2721 
f 2754//2754 2721//2721 2753//2753 
f 2755//2755 2723//2723 2722//2722 
f 2755//2755 2722//2722 2754//2754 
f 2756//2756 2724//2724 2723//2723 
f 2756//2756 2723//2723 2755//2755 
f 2757//2757 2725//2725 2724//2724 
f 2757//2757 2724//2724 2756//2756 
f 2758//2758 2726//2726 2725//2725 
f 2758//2758 2725//2725 2757//2757 
f 2759//2759 2727//2727 2726//2726 
f 2759//2759 2726//2726 2758//2758 
f 2760//2760 2728//2728 2727//2727 
f 2760//2760 2727//2727 2759//2759 
f 2761//2761 2729//2729 2728//2728 
f 2761//2761 2728//2728 2760//2760 
f 2762//2762 2730//2730 2729//2729 
f 2762//2762 2729//2729 2761//2761 
f 2763//2763 2731//2731 2730//2730 
f 2763//2763 2730//2730 2762//2762 
f 2764//2764 2732//2732 2731//2731 
f 2764//2764 2731//2731 2763//2763 
f 2734//2734 2702//2702 2732//2732 
f 2734//2734 2732//2732 2764//2764 
f 2765//2765 2733//2733 2734//2734 
f 2765//2765 2734//2734 2766//2766 
f 2767//2767 2735//2735 2733//2733 
f 2767//2767 2733//2733 2765//2765 
f 2768//2768 2736//2736 2735//2735 
f 2768//2768 2735//2735 2767//2767 
f 2769//2769 2737//2737 2736//2736 
f 2769//2769 2736//2736 2768//2768 
f 2770//2770 2738//2738 2737//2737 
f 2770//2770 2737//2737 2769//2769 
f 2771//2771 2739//2739 2738//2738 
f 2771//2771 2738//2738 2770//2770 
f 2772//2772 2740//2740 2739//2739 
f 2772//2772 2739//2739 2771//2771 
f 2773//2773 2741//2741 2740//2740 
f 2773//2773 2740//2740 2772//2772 
f 2774//2774 2742//2742 2741//2741 
f 2774//2774 2741//2741 2773//2773 
f 2775//2775 2743//2743 2742//2742 
f 2775//2775 2742//2742 2774//2774 
f 2776//2776 2744//2744 2743//2743 
f 2776//2776 2743//2743 2775//2775 
f 2777//2777 2745//2745 2744//2744 
f 2777//2777 2744//2744 2776//2776 
f 2778//2778 2746//2746 2745//2745 
f 2778//2778 2745//2745 2777//2777 
f 2779//2779 2747//2747 2746//2746 
f 2779//2779 2746//2746 2778//2778 
f 2780//2780 2748//2748 2747//2747 
f 2780//2780 2747//2747 2779//2779 
f 2781//2781 2749//2749 2748//2748 
f 2781//2781 2748//2748 2780//2780 
f 2782//2782 2750//2750 2749//2749 
f 2782//2782 2749//2749 2781//2781 
f 2783//2783 2751//2751 2750//2750 
f 2783//2783 2750//2750 2782//2782 
f 2784//2784 2752//2752 2751//2751 
f 2784//2784 2751//2751 2783//2783 
f 2785//2785 2753//2753 2752//2752 
f 2785//2785 2752//2752 2784//2784 
f 2786//2786 2754//2754 2753//2753 
f 2786//2786 2753//2753 2785//2785 
f 2787//2787 2755//2755 2754//2754 
f 2787//2787 2754//2754 2786//2786 
f 2788//2788 2756//2756 2755//2755 
f 2788//2788 2755//2755 2787//2787 
f 2789//2789 2757//2757 2756//2756 
f 2789//2789 2756//2756 2788//2788 
f 2790//2790 2758//2758 2757//2757 
f 2790//2790 2757//2757 2789//2789 
f 2791//2791 2759//2759 2758//2758 
f 2791//2791 2758//2758 2790//2790 
f 2792//2792 2760//2760 2759//2759 
f 2792//2792 2759//2759 2791//2791 
f 2793//2793 2761//2761 2760//2760 
f 2793//2793 2760//2760 2792//2792 
f 2794//2794 2762//2762 2761//2761 
f 2794//2794 2761//2761 2793//2793 
f 2795//2795 2763//2763 2762//2762 
f 2795//2795 2762//2762 2794//2794 
f 2796//2796 2764//2764 2763//2763 
f 2796//2796 2763//2763 2795//2795 
f 2766//2766 2734//2734 2764//2764 
f 2766//2766 2764//2764 2796//2796 
f 2797//2797 2765//2765 2766//2766 
f 2797//2797 2766//2766 2798//2798 
f 2799//2799 2767//2767 2765//2765 
f 2799//2799 2765//2765 2797//2797 
f 2800//2800 2768//2768 2767//2767 
f 2800//2800 2767//2767 2799//2799 
f 2801//2801 2769//2769 2768//2768 
f 2801//2801 2768//2768 2800//2800 
f 2802//2802 2770//2770 2769//2769 
f 2802//2802 2769//2769 2801//2801 
f 2803//2803 2771//2771 2770//2770 
f 2803//2803 2770//2770 2802//2802 
f 2804//2804 2772//2772 2771//2771 
f 2804//2804 2771//2771 2803//2803 
f 2805//2805 2773//2773 2772//2772 
f 2805//2805 2772//2772 2804//2804 
f 2806//2806 2774//2774 2773//2773 
f 2806//2806 2773//2773 2805//2805 
f 2807//2807 2775//2775 2774//2774 
f 2807//2807 2774//2774 2806//2806 
f 2808//2808 2776//2776 2775//2775 
f 2808//2808 2775//2775 2807//2807 
f 2809//2809 2777//2777 2776//2776 
f 2809//2809 2776//2776 2808//2808 
f 2810//2810 2778//2778 2777//2777 
f 2810//2810 2777//2777 2809//2809 
f 2811//2811 2779//2779 2778//2778 
f 2811//2811 2778//2778 2810//2810 
f 2812//2812 2780//2780 2779//2779 
f 2812//2812 2779//2779 2811//2811 
f 2813//2813 2781//2781 2780//2780 
f 2813//2813 2780//2780 2812//2812 
f 2814//2814 2782//2782 2781//2781 
f 2814//2814 2781//2781 2813//2813 
f 2815//2815 2783//2783 2782//2782 
f 2815//2815 2782//2782 2814//2814 
f 2816//2816 2784//2784 2783//2783 
f 2816//2816 2783//2783 2815//2815 
f 2817//2817 2785//2785 2784//2784 
f 2817//2817 2784//2784 2816//2816 
f 2818//2818 2786//2786 2785//2785 
f 2818//2818 2785//2785 2817//2817 
f 2819//2819 2787//2787 2786//2786 
f 2819//2819 2786//2786 2818//2818 
f 2820//2820 2788//2788 2787//2787 
f 2820//2820 2787//2787 2819//2819 
f 2821//2821 2789//2789 2788//2788 
f 2821//2821 2788//2788 2820//2820 
f 2822//2822 2790//2790 2789//2789 
f 2822//2822 2789//2789 2821//2821 
f 2823//2823 2791//2791 2790//2790 
f 2823//2823 2790//2790 2822//2822 
f 2824//2824 2792//2792 2791//2791 
f 2824//2824 2791//2791 2823//2823 
f 2825//2825 2793//2793 2792//2792 
f 2825//2825 2792//2792 2824//2824 
f 2826//2826 2794//2794 2793//2793 
f 2826//2826 2793//2793 2825//2825 
f 2827//2827 2795//2795 2794//2794 
f 2827//2827 2794//2794 2826//2826 
f 2828//2828 2796//2796 2795//2795 
f 2828//2828 2795//2795 2827//2827 
f 2798//2798 2766//2766 2796//2796 
f 2798//2798 2796//2796 2828//2828 
f 2829//2829 2797//2797 2798//2798 
f 2829//2829 2798//2798 2830//2830 
f 2831//2831 2799//2799 2797//2797 
f 2831//2831 2797//2797 2829//2829 
f 2832//2832 2800//2800 2799//2799 
f 2832//2832 2799//2799 2831//2831 
f 2833//2833 2801//2801 2800//2800 
f 2833//2833 2800//2800 2832//2832 
f 2834//2834 2802//2802 2801//2801 
f 2834//2834 2801//2801 2833//2833 
f 2835//2835 2803//2803 2802//2802 
f 2835//2835 2802//2802 2834//2834 
f 2836//2836 2804//2804 2803//2803 
f 2836//2836 2803//2803 2835//2835 
f 2837//2837 2805//2805 2804//2804 
f 2837//2837 2804//2804 2836//2836 
f 2838//2838 2806//2806 2805//2805 
f 2838//2838 2805//2805 2837//2837 
f 2839//2839 2807//2807 2806//2806 
f 2839//2839 2806//2806 2838//2838 
f 2840//2840 2808//2808 2807//2807 
f 2840//2840 2807//2807 2839//2839 
f 2841//2841 2809//2809 2808//2808 
f 2841//2841 2808//2808 2840//2840 
f 2842//2842 2810//2810 2809//2809 
f 2842//2842 2809//2809 2841//2841 
f 2843//2843 2811//2811 2810//2810 
f 2843//2843 2810//2810 2842//2842 
f 2844//2844 2812//2812 2811//2811 
f 2844//2844 2811//2811 2843//2843 
f 2845//2845 2813//2813 2812//2812 
f 2845//2845 2812//2812 2844//2844 
f 2846//2846 2814//2814 2813//2813 
f 2846//2846 2813//2813 2845//2845 
f 2847//2847 2815//2815 2814//2814 
f 2847//2847 2814//2814 2846//2846 
f 2848//2848 2816//2816 2815//2815 
f 2848//2848 2815//2815 2847//2847 
f 2849//2849 2817//2817 2816//2816 
f 2849//2849 2816//2816 2848//2848 
f 2850//2850 2818//2818 2817//2817 
f 2850//2850 2817//2817 2849//2849 
f 2851//2851 2819//2819 2818//2818 
f 2851//2851 2818//2818 2850//2850 
f 2852//2852 2820//2820 2819//2819 
f 2852//2852 2819//2819 2851//2851 
f 2853//2853 2821//2821 2820//2820 
f 2853//2853 2820//2820 2852//2852 
f 2854//2854 2822//2822 2821//2821 
f 2854//2854 2821//2821 2853//2853 
f 2855//2855 2823//2823 2822//2822 
f 2855//2855 2822//2822 2854//2854 
f 2856//2856 2824//2824 2823//2823 
f 2856//2856 2823//2823 2855//2855 
f 2857//2857 2825//2825 2824//2824 
f 2857//2857 2824//2824 2856//2856 
f 2858//2858 2826//2826 2825//2825 
f 2858//2858 2825//2825 2857//2857 
f 2859//2859 2827//2827 2826//2826 
f 2859//2859 2826//2826 2858//2858 
f 2860//2860 2828//2828 2827//2827 
f 2860//2860 2827//2827 2859//2859 
f 2830//2830 2798//2798 2828//2828 
f 2830//2830 2828//2828 2860//2860 
f 2861//2861 2829//2829 2830//2830 
f 2861//2861 2830//2830 2862//2862 
f 2863//2863 2831//2831 2829//2829 
f 2863//2863 2829//2829 2861//2861 
f 2864//2864 2832//2832 2831//2831 
f 2864//2864 2831//2831 2863//2863 
f 2865//2865 2833//2833 2832//2832 
f 2865//2865 2832//2832 2864//2864 
f 2866//2866 2834//2834 2833//2833 
f 2866//2866 2833//2833 2865//2865 
f 2867//2867 2835//2835 2834//2834 
f 2867//2867 2834//2834 2866//2866 
f 2868//2868 2836//2836 2835//2835 
f 2868//2868 2835//2835 2867//2867 
f 2869//2869 2837//2837 2836//2836 
f 2869//2869 2836//2836 2868//2868 
f 2870//2870 2838//2838 2837//2837 
f 2870//2870 2837//2837 2869//2869 
f 2871//2871 2839//2839 2838//2838 
f 2871//2871 2838//2838 2870//2870 
f 2872//2872 2840//2840 2839//2839 
f 2872//2872 2839//2839 2871//2871 
f 2873//2873 2841//2841 2840//2840 
f 2873//2873 2840//2840 2872//2872 
f 2874//2874 2842//2842 2841//2841 
f 2874//2874 2841//2841 2873//2873 
f 2875//2875 2843//2843 2842//2842 
f 2875//2875 2842//2842 2874//2874 
f 2876//2876 2844//2844 2843//2843 
f 2876//2876 2843//2843 2875//2875 
f 2877//2877 2845//2845 2844//2844 
f 2877//2877 2844//2844 2876//2876 
f 2878//2878 2846//2846 2845//2845 
f 2878//2878 2845//2845 2877//2877 
f 2879//2879 2847//2847 2846//2846 
f 2879//2879 2846//2846 2878//2878 
f 2880//2880 2848//2848 2847//2847 
f 2880//2880 2847//2847 2879//2879 
f 2881//2881 2849//2849 2848//2848 
f 2881//2881 2848//2848 2880//2880 
f 2882//2882 2850//2850 2849//2849 
f 2882//2882 2849//2849 2881//2881 
f 2883//2883 2851//2851 2850//2850 
f 2883//2883 2850//2850 2882//2882 
f 2884//2884 2852//2852 2851//2851 
f 2884//2884 2851//2851 2883//2883 
f 2885//2885 2853//2853 2852//2852 
f 2885//2885 2852//2852 2884//2884 
f 2886//2886 2854//2854 2853//2853 
f 2886//2886 2853//2853 2885//2885 
f 2887//2887 2855//2855 2854//2854 
f 2887//2887 2854//2854 2886//2886 
f 2888//2888 2856//2856 2855//2855 
f 2888//2888 2855//2855 2887//2887 
f 2889//2889 2857//2857 2856//2856 
f 2889//2889 2856//2856 2888//2888 
f 2890//2890 2858//2858 2857//2857 
f 2890//2890 2857//2857 2889//2889 
f 2891//2891 2859//2859 2858//2858 
f 2891//2891 2858//2858 2890//2890 
f 2892//2892 2860//2860 2859//2859 
f 2892//2892 2859//2859 2891//2891 
f 2862//2862 2830//2830 2860//2860 
f 2862//2862 2860//2860 2892//2892 
f 2893//2893 2861//2861 2862//2862 
f 2893//2893 2862//2862 2894//2894 
f 2895//2895 2863//2863 2861//2861 
f 2895//2895 2861//2861 2893//2893 
f 2896//2896 2864//2864 2863//2863 
f 2896//2896 2863//2863 2895//2895 
f 2897//2897 2865//2865 2864//2864 
f 2897//2897 2864//2864 2896//2896 
f 2898//2898 2866//2866 2865//2865 
f 2898//2898 2865//2865 2897//2897 
f 2899//2899 2867//2867 2866//2866 
f 2899//2899 2866//2866 2898//2898 
f 2900//2900 2868//2868 2867//2867 
f 2900//2900 2867//2867 2899//2899 
f 2901//2901 2869//2869 2868//2868 
f 2901//2901 2868//2868 2900//2900 
f 2902//2902 2870//2870 2869//2869 
f 2902//2902 2869//2869 2901//2901 
f 2903//2903 2871//2871 2870//2870 
f 2903//2903 2870//2870 2902//2902 
f 2904//2904 2872//2872 2871//2871 
f 2904//2904 2871//2871 2903//2903 
f 2905//2905 2873//2873 2872//2872 
f 2905//2905 2872//2872 2904//2904 
f 2906//2906 2874//2874 2873//2873 
f 2906//2906 2873//2873 2905//2905 
f 2907//2907 2875//2875 2874//2874 
f 2907//2907 2874//2874 2906//2906 
f 2908//2908 2876//2876 2875//2875 
f 2908//2908 2875//2875 2907//2907 
f 2909//2909 2877//2877 2876//2876 
f 2909//2909 2876//2876 2908//2908 
f 2910//2910 2878//2878 2877//2877 
f 2910//2910 2877//2877 2909//2909 
f 2911//2911 2879//2879 2878//2878 
f 2911//2911 2878//2878 2910//2910 
f 2912//2912 2880//2880 2879//2879 
f 2912//2912 2879//2879 2911//2911 
f 2913//2913 2881//2881 2880//2880 
f 2913//2913 2880//2880 2912//2912 
f 2914//2914 2882//2882 2881//2881 
f 2914//2914 2881//2881 2913//2913 
f 2915//2915 2883//2883 2882//2882 
f 2915//2915 2882//2882 2914//2914 
f 2916//2916 2884//2884 2883//2883 
f 2916//2916 2883//2883 2915//2915 
f 2917//2917 2885//2885 2884//2884 
f 2917//2917 2884//2884 2916//2916 
f 2918//2918 2886//2886 2885//2885 
f 2918//2918 2885//2885 2917//2917 
f 2919//2919 2887//2887 2886//2886 
f 2919//2919 2886//2886 2918//2918 
f 2920//2920 2888//2888 2887//2887 
f 2920//2920 2887//2887 2919//2919 
f 2921//2921 2889//2889 2888//2888 
f 2921//2921 2888//2888 2920//2920 
f 2922//2922 2890//2890 2889//2889 
f 2922//2922 2889//2889 2921//2921 
f 2923//2923 2891//2891 2890//2890 
f 2923//2923 2890//2890 2922//2922 
f 2924//2924 2892//2892 2891//2891 
f 2924//2924 2891//2891 2923//2923 
f 2894//2894 2862//2862 2892//2892 
f 2894//2894 2892//2892 2924//2924 
f 2925//2925 2893//2893 2894//2894 
f 2925//2925 2894//2894 2926//2926 
f 2927//2927 2895//2895 2893//2893 
f 2927//2927 2893//2893 2925//2925 
f 2928//2928 2896//2896 2895//2895 
f 2928//2928 2895//2895 2927//2927 
f 2929//2929 2897//2897 2896//2896 
f 2929//2929 2896//2896 2928//2928 
f 2930//2930 2898//2898 2897//2897 
f 2930//2930 2897//2897 2929//2929 
f 2931//2931 2899//2899 2898//2898 
f 2931//2931 2898//2898 2930//2930 
f 2932//2932 2900//2900 2899//2899 
f 2932//2932 2899//2899 2931//2931 
f 2933//2933 2901//2901 2900//2900 
f 2933//2933 2900//2900 2932//2932 
f 2934//2934 2902//2902 2901//2901 
f 2934//2934 2901//2901 2933//2933 
f 2935//2935 2903//2903 2902//2902 
f 2935//2935 2902//2902 2934//2934 
f 2936//2936 2904//2904 2903//2903 
f 2936//2936 2903//2903 2935//2935 
f 2937//2937 2905//2905 2904//2904 
f 2937//2937 2904//2904 2936//2936 
f 2938//2938 2906//2906 2905//2905 
f 2938//2938 2905//2905 2937//2937 
f 2939//2939 2907//2907 2906//2906 
f 2939//2939 2906//2906 2938//2938 
f 2940//2940 2908//2908 2907//2907 
f 2940//2940 2907//2907 2939//2939 
f 2941//2941 2909//2909 2908//2908 
f 2941//2941 2908//2908 2940//2940 
f 2942//2942 2910//2910 2909//2909 
f 2942//2942 2909//2909 2941//2941 
f 2943//2943 2911//2911 2910//2910 
f 2943//2943 2910//2910 2942//2942 
f 2944//2944 2912//2912 2911//2911 
f 2944//2944 2911//2911 2943//2943 
f 2945//2945 2913//2913 2912//2912 
f 2945//2945 2912//2912 2944//2944 
f 2946//2946 2914//2914 2913//2913 
f 2946//2946 2913//2913 2945//2945 
f 2947//2947 2915//2915 2914//2914 
f 2947//2947 2914//2914 2946//2946 
f 2948//2948 2916//2916 2915//2915 
f 2948//2948 2915//2915 2947//2947 
f 2949//2949 2917//2917 2916//2916 
f 2949//2949 2916//2916 2948//2948 
f 2950//2950 2918//2918 2917//2917 
f 2950//2950 2917//2917 2949//2949 
f 2951//2951 2919//2919 2918//2918 
f 2951//2951 2918//2918 2950//2950 
f 2952//2952 2920//2920 2919//2919 
f 2952//2952 2919//2919 2951//2951 
f 2953//2953 2921//2921 2920//2920 
f 2953//2953 2920//2920 2952//2952 
f 2954//2954 2922//2922 2921//2921 
f 2954//2954 2921//2921 2953//2953 
f 2955//2955 2923//2923 2922//2922 
f 2955//2955 2922//2922 2954//2954 
f 2956//2956 2924//2924 2923//2923 
f 2956//2956 2923//2923 2955//2955 
f 2926//2926 2894//2894 2924//2924 
f 2926//2926 2924//2924 2956//2956 
f 2957//2957 2925//2925 2926//2926 
f 2957//2957 2926//2926 2958//2958 
f 2959//2959 2927//2927 2925//2925 
f 2959//2959 2925//2925 2957//2957 
f 2960//2960 2928//2928 2927//2927 
f 2960//2960 2927//2927 2959//2959 
f 2961//2961 2929//2929 2928//2928 
f 2961//2961 2928//2928 2960//2960 
f 2962//2962 2930//2930 2929//2929 
f 2962//2962 2929//2929 2961//2961 
f 2963//2963 2931//2931 2930//2930 
f 2963//2963 2930//2930 2962//2962 
f 2964//2964 2932//2932 2931//2931 
f 2964//2964 2931//2931 2963//2963 
f 2965//2965 2933//2933 2932//2932 
f 2965//2965 2932//2932 2964//2964 
f 2966//2966 2934//2934 2933//2933 
f 2966//2966 2933//2933 2965//2965 
f 2967//2967 2935//2935 2934//2934 
f 2967//2967 2934//2934 2966//2966 
f 2968//2968 2936//2936 2935//2935 
f 2968//2968 2935//2935 2967//2967 
f 2969//2969 2937//2937 2936//2936 
f 2969//2969 2936//2936 2968//2968 
f 2970//2970 2938//2938 2937//2937 
f 2970//2970 2937//2937 2969//2969 
f 2971//2971 2939//2939 2938//2938 
f 2971//2971 2938//2938 2970//2970 
f 2972//2972 2940//2940 2939//2939 
f 2972//2972 2939//2939 2971//2971 
f 2973//2973 2941//2941 2940//2940 
f 2973//2973 2940//2940 2972//2972 
f 2974//2974 2942//2942 2941//2941 
f 2974//2974 2941//2941 2973//2973 
f 2975//2975 2943//2943 2942//2942 
f 2975//2975 2942//2942 2974//2974 
f 2976//2976 2944//2944 2943//2943 
f 2976//2976 2943//2943 2975//2975 
f 2977//2977 2945//2945 2944//2944 
f 2977//2977 2944//2944 2976//2976 
f 2978//2978 2946//2946 2945//2945 
f 2978//2978 2945//2945 2977//2977 
f 2979//2979 2947//2947 2946//2946 
f 2979//2979 2946//2946 2978//2978 
f 2980//2980 2948//2948 2947//2947 
f 2980//2980 2947//2947 2979//2979 
f 2981//2981 2949//2949 2948//2948 
f 2981//2981 2948//2948 2980//2980 
f 2982//2982 2950//2950 2949//2949 
f 2982//2982 2949//2949 2981//2981 
f 2983//2983 2951//2951 2950//2950 
f 2983//2983 2950//2950 2982//2982 
f 2984//2984 2952//2952 2951//2951 
f 2984//2984 2951//2951 2983//2983 
f 2985//2985 2953//2953 2952//2952 
f 2985//2985 2952//2952 2984//2984 
f 2986//2986 2954//2954 2953//2953 
f 2986//2986 2953//2953 2985//2985 
f 2987//2987 2955//2955 2954//2954 
f 2987//2987 2954//2954 2986//2986 
f 2988//2988 2956//2956 2955//2955 
f 2988//2988 2955//2955 2987//2987 
f 2958//2958 2926//2926 2956//2956 
f 2958//2958 2956//2956 2988//2988 
f 2989//2989 2957//2957 2958//2958 
f 2989//2989 2958//2958 2990//2990 
f 2991//2991 2959//2959 2957//2957 
f 2991//2991 2957//2957 2989//2989 
f 2992//2992 2960//2960 2959//2959 
f 2992//2992 2959//2959 2991//2991 
f 2993//2993 2961//2961 2960//2960 
f 2993//2993 2960//2960 2992//2992 
f 2994//2994 2962//2962 2961//2961 
f 2994//2994 2961//2961 2993//2993 
f 2995//2995 2963//2963 2962//2962 
f 2995//2995 2962//2962 2994//2994 
f 2996//2996 2964//2964 2963//2963 
f 2996//2996 2963//2963 2995//2995 
f 2997//2997 2965//2965 2964//2964 
f 2997//2997 2964//2964 2996//2996 
f 2998//2998 2966//2966 2965//2965 
f 2998//2998 2965//2965 2997//2997 
f 2999//2999 2967//2967 2966//2966 
f 2999//2999 2966//2966 2998//2998 
f 3000//3000 2968//2968 2967//2967 
f 3000//3000 2967//2967 2999//2999 
f 3001//3001 2969//2969 2968//2968 
f 3001//3001 2968//2968 3000//3000 
f 3002//3002 2970//2970 2969//2969 
f 3002//3002 2969//2969 3001//3001 
f 3003//3003 2971//2971 2970//2970 
f 3003//3003 2970//2970 3002//3002 
f 3004//3004 2972//2972 2971//2971 
f 3004//3004 2971//2971 3003//3003 
f 3005//3005 2973//2973 2972//2972 
f 3005//3005 2972//2972 3004//3004 
f 3006//3006 2974//2974 2973//2973 
f 3006//3006 2973//2973 3005//3005 
f 3007//3007 2975//2975 2974//2974 
f 3007//3007 2974//2974 3006//3006 
f 3008//3008 2976//2976 2975//2975 
f 3008//3008 2975//2975 3007//3007 
f 3009//3009 2977//2977 2976//2976 
f 3009//3009 2976//2976 3008//3008 
f 3010//3010 2978//2978 2977//2977 
f 3010//3010 2977//2977 3009//3009 
f 3011//3011 2979//2979 2978//2978 
f 3011//3011 2978//2978 3010//3010 
f 3012//3012 2980//2980 2979//2979 
f 3012//3012 2979//2979 3011//3011 
f 3013//3013 2981//2981 2980//2980 
f 3013//3013 2980//2980 3012//3012 
f 3014//3014 2982//2982 2981//2981 
f 3014//3014 2981//2981 3013//3013 
f 3015//3015 2983//2983 2982//2982 
f 3015//3015 2982//2982 3014//3014 
f 3016//3016 2984//2984 2983//2983 
f 3016//3016 2983//2983 3015//3015 
f 3017//3017 2985//2985 2984//2984 
f 3017//3017 2984//2984 3016//3016 
f 3018//3018 2986//2986 2985//2985 
f 3018//3018 2985//2985 3017//3017 
f 3019//3019 2987//2987 2986//2986 
f 3019//3019 2986//2986 3018//3018 
f 3020//3020 2988//2988 2987//2987 
f 3020//3020 2987//2987 3019//3019 
f 2990//2990 2958//2958 2988//2988 
f 2990//2990 2988//2988 3020//3020 
f 3021//3021 2989//2989 2990//2990 
f 3021//3021 2990//2990 3022//3022 
f 3023//3023 2991//2991 2989//2989 
f 3023//3023 2989//2989 3021//3021 
f 3024//3024 2992//2992 2991//2991 
f 3024//3024 2991//2991 3023//3023 
f 3025//3025 2993//2993 2992//2992 
f 3025//3025 2992//2992 3024//3024 
f 3026//3026 2994//2994 2993//2993 
f 3026//3026 2993//2993 3025//3025 
f 3027//3027 2995//2995 2994//2994 
f 3027//3027 2994//2994 3026//3026 
f 3028//3028 2996//2996 2995//2995 
f 3028//3028 2995//2995 3027//3027 
f 3029//3029 2997//2997 2996//2996 
f 3029//3029 2996//2996 3028//3028 
f 3030//3030 2998//2998 2997//2997 
f 3030//3030 2997//2997 3029//3029 
f 3031//3031 2999//2999 2998//2998 
f 3031//3031 2998//2998 3030//3030 
f 3032//3032 3000//3000 2999//2999 
f 3032//3032 2999//2999 3031//3031 
f 3033//3033 3001//3001 3000//3000 
f 3033//3033 3000//3000 3032//3032 
f 3034//3034 3002//3002 3001//3001 
f 3034//3034 3001//3001 3033//3033 
f 3035//3035 3003//3003 3002//3002 
f 3035//3035 3002//3002 3034//3034 
f 3036//3036 3004//3004 3003//3003 
f 3036//3036 3003//3003 3035//3035 
f 3037//3037 3005//3005 3004//3004 
f 3037//3037 3004//3004 3036//3036 
f 3038//3038 3006//3006 3005//3005 
f 3038//3038 3005//3005 3037//3037 
f 3039//3039 3007//3007 3006//3006 
f 3039//3039 3006//3006 3038//3038 
f 3040//3040 3008//3008 3007//3007 
f 3040//3040 3007//3007 3039//3039 
f 3041//3041 3009//3009 3008//3008 
f 3041//3041 3008//3008 3040//3040 
f 3042//3042 3010//3010 3009//3009 
f 3042//3042 3009//3009 3041//3041 
f 3043//3043 3011//3011 3010//3010 
f 3043//3043 3010//3010 3042//3042 
f 3044//3044 3012//3012 3011//3011 
f 3044//3044 3011//3011 3043//3043 
f 3045//3045 3013//3013 3012//3012 
f 3045//3045 3012//3012 3044//3044 
f 3046//3046 3014//3014 3013//3013 
f 3046//3046 3013//3013 3045//3045 
f 3047//3047 3015//3015 3014//3014 
f 3047//3047 3014//3014 3046//3046 
f 3048//3048 3016//3016 3015//3015 
f 3048//3048 3015//3015 3047//3047 
f 3049//3049 3017//3017 3016//3016 
f 3049//3049 3016//3016 3048//3048 
f 3050//3050 3018//3018 3017//3017 
f 3050//3050 3017//3017 3049//3049 
f 3051//3051 3019//3019 3018//3018 
f 3051//3051 3018//3018 3050//3050 
f 3052//3052 3020//3020 3019//3019 
f 3052//3052 3019//3019 3051//3051 
f 3022//3022 2990//2990 3020//3020 
f 3022//3022 3020//3020 3052//3052 
f 3053//3053 3021//3021 3022//3022 
f 3053//3053 3022//3022 3054//3054 
f 3055//3055 3023//3023 3021//3021 
f 3055//3055 3021//3021 3053//3053 
f 3056//3056 3024//3024 3023//3023 
f 3056//3056 3023//3023 3055//3055 
f 3057//3057 3025//3025 3024//3024 
f 3057//3057 3024//3024 3056//3056 
f 3058//3058 3026//3026 3025//3025 
f 3058//3058 3025//3025 3057//3057 
f 3059//3059 3027//3027 3026//3026 
f 3059//3059 3026//3026 3058//3058 
f 3060//3060 3028//3028 3027//3027 
f 3060//3060 3027//3027 3059//3059 
f 3061//3061 3029//3029 3028//3028 
f 3061//3061 3028//3028 3060//3060 
f 3062//3062 3030//3030 3029//3029 
f 3062//3062 3029//3029 3061//3061 
f 3063//3063 3031//3031 3030//3030 
f 3063//3063 3030//3030 3062//3062 
f 3064//3064 3032//3032 3031//3031 
f 3064//3064 3031//3031 3063//3063 
f 3065//3065 3033//3033 3032//3032 
f 3065//3065 3032//3032 3064//3064 
f 3066//3066 3034//3034 3033//3033 
f 3066//3066 3033//3033 3065//3065 
f 3067//3067 3035//3035 3034//3034 
f 3067//3067 3034//3034 3066//3066 
f 3068//3068 3036//3036 3035//3035 
f 3068//3068 3035//3035 3067//3067 
f 3069//3069 3037//3037 3036//3036 
f 3069//3069 3036//3036 3068//3068 
f 3070//3070 3038//3038 3037//3037 
f 3070//3070 3037//3037 3069//3069 
f 3071//3071 3039//3039 3038//3038 
f 3071//3071 3038//3038 3070//3070 
f 3072//3072 3040//3040 3039//3039 
f 3072//3072 3039//3039 3071//3071 
f 3073//3073 3041//3041 3040//3040 
f 3073//3073 3040//3040 3072//3072 
f 3074//3074 3042//3042 3041//3041 
f 3074//3074 3041//3041 3073//3073 
f 3075//3075 3043//3043 3042//3042 
f 3075//3075 3042//3042 3074//3074 
f 3076//3076 3044//3044 3043//3043 
f 3076//3076 3043//3043 3075//3075 
f 3077//3077 3045//3045 3044//3044 
f 3077//3077 3044//3044 3076//3076 
f 3078//3078 3046//3046 3045//3045 
f 3078//3078 3045//3045 3077//3077 
f 3079//3079 3047//3047 3046//3046 
f 3079//3079 3046//3046 3078//3078 
f 3080//3080 3048//3048 3047//3047 
f 3080//3080 3047//3047 3079//3079 
f 3081//3081 3049//3049 3048//3048 
f 3081//3081 3048//3048 3080//3080 
f 3082//3082 3050//3050 3049//3049 
f 3082//3082 3049//3049 3081//3081 
f 3083//3083 3051//3051 3050//3050 
f 3083//3083 3050//3050 3082//3082 
f 3084//3084 3052//3052 3051//3051 
f 3084//3084 3051//3051 3083//3083 
f 3054//3054 3022//3022 3052//3052 
f 3054//3054 3052//3052 3084//3084 
f 3085//3085 3053//3053 3054//3054 
f 3085//3085 3054//3054 3086//3086 
f 3087//3087 3055//3055 3053//3053 
f 3087//3087 3053//3053 3085//3085 
f 3088//3088 3056//3056 3055//3055 
f 3088//3088 3055//3055 3087//3087 
f 3089//3089 3057//3057 3056//3056 
f 3089//3089 3056//3056 3088//3088 
f 3090//3090 3058//3058 3057//3057 
f 3090//3090 3057//3057 3089//3089 
f 3091//3091 3059//3059 3058//3058 
f 3091//3091 3058//3058 3090//3090 
f 3092//3092 3060//3060 3059//3059 
f 3092//3092 3059//3059 3091//3091 
f 3093//3093 3061//3061 3060//3060 
f 3093//3093 3060//3060 3092//3092 
f 3094//3094 3062//3062 3061//3061 
f 3094//3094 3061//3061 3093//3093 
f 3095//3095 3063//3063 3062//3062 
f 3095//3095 3062//3062 3094//3094 
f 3096//3096 3064//3064 3063//3063 
f 3096//3096 3063//3063 3095//3095 
f 3097//3097 3065//3065 3064//3064 
f 3097//3097 3064//3064 3096//3096 
f 3098//3098 3066//3066 3065//3065 
f 3098//3098 3065//3065 3097//3097 
f 3099//3099 3067//3067 3066//3066 
f 3099//3099 3066//3066 3098//3098 
f 3100//3100 3068//3068 3067//3067 
f 3100//3100 3067//3067 3099//3099 
f 3101//3101 3069//3069 3068//3068 
f 3101//3101 3068//3068 3100//3100 
f 3102//3102 3070//3070 3069//3069 
f 3102//3102 3069//3069 3101//3101 
f 3103//3103 3071//3071 3070//3070 
f 3103//3103 3070//3070 3102//3102 
f 3104//3104 3072//3072 3071//3071 
f 3104//3104 3071//3071 3103//3103 
f 3105//3105 3073//3073 3072//3072 
f 3105//3105 3072//3072 3104//3104 
f 3106//3106 3074//3074 3073//3073 
f 3106//3106 3073//3073 3105//3105 
f 3107//3107 3075//3075 3074//3074 
f 3107//3107 3074//3074 3106//3106 
f 3108//3108 3076//3076 3075//3075 
f 3108//3108 3075//3075 3107//3107 
f 3109//3109 3077//3077 3076//3076 
f 3109//3109 3076//3076 3108//3108 
f 3110//3110 3078//3078 3077//3077 
f 3110//3110 3077//3077 3109//3109 
f 3111//3111 3079//3079 3078//3078 
f 3111//3111 3078//3078 3110//3110 
f 3112//3112 3080//3080 3079//3079 
f 3112//3112 3079//3079 3111//3111 
f 3113//3113 3081//3081 3080//3080 
f 3113//3113 3080//3080 3112//3112 
f 3114//3114 3082//3082 3081//3081 
f 3114//3114 3081//3081 3113//3113 
f 3115//3115 3083//3083 3082//3082 
f 3115//3115 3082//3082 3114//3114 
f 3116//3116 3084//3084 3083//3083 
f 3116//3116 3083//3083 3115//3115 
f 3086//3086 3054//3054 3084//3084 
f 3086//3086 3084//3084 3116//3116 
f 3117//3117 3085//3085 3086//3086 
f 3117//3117 3086//3086 3118//3118 
f 3119//3119 3087//3087 3085//3085 
f 3119//3119 3085//3085 3117//3117 
f 3120//3120 3088//3088 3087//3087 
f 3120//3120 3087//3087 3119//3119 
f 3121//3121 3089//3089 3088//3088 
f 3121//3121 3088//3088 3120//3120 
f 3122//3122 3090//3090 3089//3089 
f 3122//3122 3089//3089 3121//3121 
f 3123//3123 3091//3091 3090//3090 
f 3123//3123 3090//3090 3122//3122 
f 3124//3124 3092//3092 3091//3091 
f 3124//3124 3091//3091 3123//3123 
f 3125//3125 3093//3093 3092//3092 
f 3125//3125 3092//3092 3124//3124 
f 3126//3126 3094//3094 3093//3093 
f 3126//3126 3093//3093 3125//3125 
f 3127//3127 3095//3095 3094//3094 
f 3127//3127 3094//3094 3126//3126 
f 3128//3128 3096//3096 3095//3095 
f 3128//3128 3095//3095 3127//3127 
f 3129//3129 3097//3097 3096//3096 
f 3129//3129 3096//3096 3128//3128 
f 3130//3130 3098//3098 3097//3097 
f 3130//3130 3097//3097 3129//3129 
f 3131//3131 3099//3099 3098//3098 
f 3131//3131 3098//3098 3130//3130 
f 3132//3132 3100//3100 3099//3099 
f 3132//3132 3099//3099 3131//3131 
f 3133//3133 3101//3101 3100//3100 
f 3133//3133 3100//3100 3132//3132 
f 3134//3134 3102//3102 3101//3101 
f 3134//3134 3101//3101 3133//3133 
f 3135//3135 3103//3103 3102//3102 
f 3135//3135 3102//3102 3134//3134 
f 3136//3136 3104//3104 3103//3103 
f 3136//3136 3103//3103 3135//3135 
f 3137//3137 3105//3105 3104//3104 
f 3137//3137 3104//3104 3136//3136 
f 3138//3138 3106//3106 3105//3105 
f 3138//3138 3105//3105 3137//3137 
f 3139//3139 3107//3107 3106//3106 
f 3139//3139 3106//3106 3138//3138 
f 3140//3140 3108//3108 3107//3107 
f 3140//3140 3107//3107 3139//3139 
f 3141//3141 3109//3109 3108//3108 
f 3141//3141 3108//3108 3140//3140 
f 3142//3142 3110//3110 3109//3109 
f 3142//3142 3109//3109 3141//3141 
f 3143//3143 3111//3111 3110//3110 
f 3143//3143 3110//3110 3142//3142 
f 3144//3144 3112//3112 3111//3111 
f 3144//3144 3111//3111 3143//3143 
f 3145//3145 3113//3113 3112//3112 
f 3145//3145 3112//3112 3144//3144 
f 3146//3146 3114//3114 3113//3113 
f 3146//3146 3113//3113 3145//3145 
f 3147//3147 3115//3115 3114//3114 
f 3147//3147 3114//3114 3146//3146 
f 3148//3148 3116//3116 3115//3115 
f 3148//3148 3115//3115 3147//3147 
f 3118//3118 3086//3086 3116//3116 
f 3118//3118 3116//3116 3148//3148 
f 3149//3149 3117//3117 3118//3118 
f 3149//3149 3118//3118 3150//3150 
f 3151//3151 3119//3119 3117//3117 
f 3151//3151 3117//3117 3149//3149 
f 3152//3152 3120//3120 3119//3119 
f 3152//3152 3119//3119 3151//3151 
f 3153//3153 3121//3121 3120//3120 
f 3153//3153 3120//3120 3152//3152 
f 3154//3154 3122//3122 3121//3121 
f 3154//3154 3121//3121 3153//3153 
f 3155//3155 3123//3123 3122//3122 
f 3155//3155 3122//3122 3154//3154 
f 3156//3156 3124//3124 3123//3123 
f 3156//3156 3123//3123 3155//3155 
f 3157//3157 3125//3125 3124//3124 
f 3157//3157 3124//3124 3156//3156 
f 3158//3158 3126//3126 3125//3125 
f 3158//3158 3125//3125 3157//3157 
f 3159//3159 3127//3127 3126//3126 
f 3159//3159 3126//3126 3158//3158 
f 3160//3160 3128//3128 3127//3127 
f 3160//3160 3127//3127 3159//3159 
f 3161//3161 3129//3129 3128//3128 
f 3161//3161 3128//3128 3160//3160 
f 3162//3162 3130//3130 3129//3129 
f 3162//3162 3129//3129 3161//3161 
f 3163//3163 3131//3131 3130//3130 
f 3163//3163 3130//3130 3162//3162 
f 3164//3164 3132//3132 3131//3131 
f 3164//3164 3131//3131 3163//3163 
f 3165//3165 3133//3133 3132//3132 
f 3165//3165 3132//3132 3164//3164 
f 3166//3166 3134//3134 3133//3133 
f 3166//3166 3133//3133 3165//3165 
f 3167//3167 3135//3135 3134//3134 
f 3167//3167 3134//3134 3166//3166 
f 3168//3168 3136//3136 3135//3135 
f 3168//3168 3135//3135 3167//3167 
f 3169//3169 3137//3137 3136//3136 
f 3169//3169 3136//3136 3168//3168 
f 3170//3170 3138//3138 3137//3137 
f 3170//3170 3137//3137 3169//3169 
f 3171//3171 3139//3139 3138//3138 
f 3171//3171 3138//3138 3170//3170 
f 3172//3172 3140//3140 3139//3139 
f 3172//3172 3139//3139 3171//3171 
f 3173//3173 3141//3141 3140//3140 
f 3173//3173 3140//3140 3172//3172 
f 3174//3174 3142//3142 3141//3141 
f 3174//3174 3141//3141 3173//3173 
f 3175//3175 3143//3143 3142//3142 
f 3175//3175 3142//3142 3174//3174 
f 3176//3176 3144//3144 3143//3143 
f 3176//3176 3143//3143 3175//3175 
f 3177//3177 3145//3145 3144//3144 
f 3177//3177 3144//3144 3176//3176 
f 3178//3178 3146//3146 3145//3145 
f 3178//3178 3145//3145 3177//3177 
f 3179//3179 3147//3147 3146//3146 
f 3179//3179 3146//3146 3178//3178 
f 3180//3180 3148//3148 3147//3147 
f 3180//3180 3147//3147 3179//3179 
f 3150//3150 3118//3118 3148//3148 
f 3150//3150 3148//3148 3180//3180 
f 3181//3181 3149//3149 3150//3150 
f 3181//3181 3150//3150 3182//3182 
f 3183//3183 3151//3151 3149//3149 
f 3183//3183 3149//3149 3181//3181 
f 3184//3184 3152//3152 3151//3151 
f 3184//3184 3151//3151 3183//3183 
f 3185//3185 3153//3153 3152//3152 
f 3185//3185 3152//3152 3184//3184 
f 3186//3186 3154//3154 3153//3153 
f 3186//3186 3153//3153 3185//3185 
f 3187//3187 3155//3155 3154//3154 
f 3187//3187 3154//3154 3186//3186 
f 3188//3188 3156//3156 3155//3155 
f 3188//3188 3155//3155 3187//3187 
f 3189//3189 3157//3157 3156//3156 
f 3189//3189 3156//3156 3188//3188 
f 3190//3190 3158//3158 3157//3157 
f 3190//3190 3157//3157 3189//3189 
f 3191//3191 3159//3159 3158//3158 
f 3191//3191 3158//3158 3190//3190 
f 3192//3192 3160//3160 3159//3159 
f 3192//3192 3159//3159 3191//3191 
f 3193//3193 3161//3161 3160//3160 
f 3193//3193 3160//3160 3192//3192 
f 3194//3194 3162//3162 3161//3161 
f 3194//3194 3161//3161 3193//3193 
f 3195//3195 3163//3163 3162//3162 
f 3195//3195 3162//3162 3194//3194 
f 3196//3196 3164//3164 3163//3163 
f 3196//3196 3163//3163 3195//3195 
f 3197//3197 3165//3165 3164//3164 
f 3197//3197 3164//3164 3196//3196 
f 3198//3198 3166//3166 3165//3165 
f 3198//3198 3165//3165 3197//3197 
f 3199//3199 3167//3167 3166//3166 
f 3199//3199 3166//3166 3198//3198 
f 3200//3200 3168//3168 3167//3167 
f 3200//3200 3167//3167 3199//3199 
f 3201//3201 3169//3169 3168//3168 
f 3201//3201 3168//3168 3200//3200 
f 3202//3202 3170//3170 3169//3169 
f 3202//3202 3169//3169 3201//3201 
f 3203//3203 3171//3171 3170//3170 
f 3203//3203 3170//3170 3202//3202 
f 3204//3204 3172//3172 3171//3171 
f 3204//3204 3171//3171 3203//3203 
f 3205//3205 3173//3173 3172//3172 
f 3205//3205 3172//3172 3204//3204 
f 3206//3206 3174//3174 3173//3173 
f 3206//3206 3173//3173 3205//3205 
f 3207//3207 3175//3175 3174//3174 
f 3207//3207 3174//3174 3206//3206 
f 3208//3208 3176//3176 3175//3175 
f 3208//3208 3175//3175 3207//3207 
f 3209//3209 3177//3177 3176//3176 
f 3209//3209 3176//3176 3208//3208 
f 3210//3210 3178//3178 3177//3177 
f 3210//3210 3177//3177 3209//3209 
f 3211//3211 3179//3179 3178//3178 
f 3211//3211 3178//3178 3210//3210 
f 3212//3212 3180//3180 3179//3179 
f 3212//3212 3179//3179 3211//3211 
f 3182//3182 3150//3150 3180//3180 
f 3182//3182 3180//3180 3212//3212 
f 3213//3213 3181//3181 3182//3182 
f 3213//3213 3182//3182 3214//3214 
f 3215//3215 3183//3183 3181//3181 
f 3215//3215 3181//3181 3213//3213 
f 3216//3216 3184//3184 3183//3183 
f 3216//3216 3183//3183 3215//3215 
f 3217//3217 3185//3185 3184//3184 
f 3217//3217 3184//3184 3216//3216 
f 3218//3218 3186//3186 3185//3185 
f 3218//3218 3185//3185 3217//3217 
f 3219//3219 3187//3187 3186//3186 
f 3219//3219 3186//3186 3218//3218 
f 3220//3220 3188//3188 3187//3187 
f 3220//3220 3187//3187 3219//3219 
f 3221//3221 3189//3189 3188//3188 
f 3221//3221 3188//3188 3220//3220 
f 3222//3222 3190//3190 3189//3189 
f 3222//3222 3189//3189 3221//3221 
f 3223//3223 3191//3191 3190//3190 
f 3223//3223 3190//3190 3222//3222 
f 3224//3224 3192//3192 3191//3191 
f 3224//3224 3191//3191 3223//3223 
f 3225//3225 3193//3193 3192//3192 
f 3225//3225 3192//3192 3224//3224 
f 3226//3226 3194//3194 3193//3193 
f 3226//3226 3193//3193 3225//3225 
f 3227//3227 3195//3195 3194//3194 
f 3227//3227 3194//3194 3226//3226 
f 3228//3228 3196//3196 3195//3195 
f 3228//3228 3195//3195 3227//3227 
f 3229//3229 3197//3197 3196//3196 
f 3229//3229 3196//3196 3228//3228 
f 3230//3230 3198//3198 3197//3197 
f 3230//3230 3197//3197 3229//3229 
f 3231//3231 3199//3199 3198//3198 
f 3231//3231 3198//3198 3230//3230 
f 3232//3232 3200//3200 3199//3199 
f 3232//3232 3199//3199 3231//3231 
f 3233//3233 3201//3201 3200//3200 
f 3233//3233 3200//3200 3232//3232 
f 3234//3234 3202//3202 3201//3201 
f 3234//3234 3201//3201 3233//3233 
f 3235//3235 3203//3203 3202//3202 
f 3235//3235 3202//3202 3234//3234 
f 3236//3236 3204//3204 3203//3203 
f 3236//3236 3203//3203 3235//3235 
f 3237//3237 3205//3205 3204//3204 
f 3237//3237 3204//3204 3236//3236 
f 3238//3238 3206//3206 3205//3205 
f 3238//3238 3205//3205 3237//3237 
f 3239//3239 3207//3207 3206//3206 
f 3239//3239 3206//3206 3238//3238 
f 3240//3240 3208//3208 3207//3207 
f 3240//3240 3207//3207 3239//3239 
f 3241//3241 3209//3209 3208//3208 
f 3241//3241 3208//3208 3240//3240 
f 3242//3242 3210//3210 3209//3209 
f 3242//3242 3209//3209 3241//3241 
f 3243//3243 3211//3211 3210//3210 
f 3243//3243 3210//3210 3242//3242 
f 3244//3244 3212//3212 3211//3211 
f 3244//3244 3211//3211 3243//3243 
f 3214//3214 3182//3182 3212//3212 
f 3214//3214 3212//3212 3244//3244 
f 3245//3245 3213//3213 3214//3214 
f 3245//3245 3214//3214 3246//3246 
f 3247//3247 3215//3215 3213//3213 
f 3247//3247 3213//3213 3245//3245 
f 3248//3248 3216//3216 3215//3215 
f 3248//3248 3215//3215 3247//3247 
f 3249//3249 3217//3217 3216//3216 
f 3249//3249 3216//3216 3248//3248 
f 3250//3250 3218//3218 3217//3217 
f 3250//3250 3217//3217 3249//3249 
f 3251//3251 3219//3219 3218//3218 
f 3251//3251 3218//3218 3250//3250 
f 3252//3252 3220//3220 3219//3219 
f 3252//3252 3219//3219 3251//3251 
f 3253//3253 3221//3221 3220//3220 
f 3253//3253 3220//3220 3252//3252 
f 3254//3254 3222//3222 3221//3221 
f 3254//3254 3221//3221 3253//3253 
f 3255//3255 3223//3223 3222//3222 
f 3255//3255 3222//3222 3254//3254 
f 3256//3256 3224//3224 3223//3223 
f 3256//3256 3223//3223 3255//3255 
f 3257//3257 3225//3225 3224//3224 
f 3257//3257 3224//3224 3256//3256 
f 3258//3258 3226//3226 3225//3225 
f 3258//3258 3225//3225 3257//3257 
f 3259//3259 3227//3227 3226//3226 
f 3259//3259 3226//3226 3258//3258 
f 3260//3260 3228//3228 3227//3227 
f 3260//3260 3227//3227 3259//3259 
f 3261//3261 3229//3229 3228//3228 
f 3261//3261 3228//3228 3260//3260 
f 3262//3262 3230//3230 3229//3229 
f 3262//3262 3229//3229 3261//3261 
f 3263//3263 3231//3231 3230//3230 
f 3263//3263 3230//3230 3262//3262 
f 3264//3264 3232//3232 3231//3231 
f 3264//3264 3231//3231 3263//3263 
f 3265//3265 3233//3233 3232//3232 
f 3265//3265 3232//3232 3264//3264 
f 3266//3266 3234//3234 3233//3233 
f 3266//3266 3233//3233 3265//3265 
f 3267//3267 3235//3235 3234//3234 
f 3267//3267 3234//3234 3266//3266 
f 3268//3268 3236//3236 3235//3235 
f 3268//3268 3235//3235 3267//3267 
f 3269//3269 3237//3237 3236//3236 
f 3269//3269 3236//3236 3268//3268 
f 3270//3270 3238//3238 3237//3237 
f 3270//3270 3237//3237 3269//3269 
f 3271//3271 3239//3239 3238//3238 
f 3271//3271 3238//3238 3270//3270 
f 3272//3272 3240//3240 3239//3239 
f 3272//3272 3239//3239 3271//3271 
f 3273//3273 3241//3241 3240//3240 
f 3273//3273 3240//3240 3272//3272 
f 3274//3274 3242//3242 3241//3241 
f 3274//3274 3241//3241 3273//3273 
f 3275//3275 3243//3243 3242//3242 
f 3275//3275 3242//3242 3274//3274 
f 3276//3276 3244//3244 3243//3243 
f 3276//3276 3243//3243 3275//3275 
f 3246//3246 3214//3214 3244//3244 
f 3246//3246 3244//3244 3276//3276 
f 3277//3277 3245//3245 3246//3246 
f 3277//3277 3246//3246 3278//3278 
f 3279//3279 3247//3247 3245//3245 
f 3279//3279 3245//3245 3277//3277 
f 3280//3280 3248//3248 3247//3247 
f 3280//3280 3247//3247 3279//3279 
f 3281//3281 3249//3249 3248//3248 
f 3281//3281 3248//3248 3280//3280 
f 3282//3282 3250//3250 3249//3249 
f 3282//3282 3249//3249 3281//3281 
f 3283//3283 3251//3251 3250//3250 
f 3283//3283 3250//3250 3282//3282 
f 3284//3284 3252//3252 3251//3251 
f 3284//3284 3251//3251 3283//3283 
f 3285//3285 3253//3253 3252//3252 
f 3285//3285 3252//3252 3284//3284 
f 3286//3286 3254//3254 3253//3253 
f 3286//3286 3253//3253 3285//3285 
f 3287//3287 3255//3255 3254//3254 
f 3287//3287 3254//3254 3286//3286 
f 3288//3288 3256//3256 3255//3255 
f 3288//3288 3255//3255 3287//3287 
f 3289//3289 3257//3257 3256//3256 
f 3289//3289 3256//3256 3288//3288 
f 3290//3290 3258//3258 3257//3257 
f 3290//3290 3257//3257 3289//3289 
f 3291//3291 3259//3259 3258//3258 
f 3291//3291 3258//3258 3290//3290 
f 3292//3292 3260//3260 3259//3259 
f 3292//3292 3259//3259 3291//3291 
f 3293//3293 3261//3261 3260//3260 
f 3293//3293 3260//3260 3292//3292 
f 3294//3294 3262//3262 3261//3261 
f 3294//3294 3261//3261 3293//3293 
f 3295//3295 3263//3263 3262//3262 
f 3295//3295 3262//3262 3294//3294 
f 3296//3296 3264//3264 3263//3263 
f 3296//3296 3263//3263 3295//3295 
f 3297//3297 3265//3265 3264//3264 
f 3297//3297 3264//3264 3296//3296 
f 3298//3298 3266//3266 3265//3265 
f 3298//3298 3265//3265 3297//3297 
f 3299//3299 3267//3267 3266//3266 
f 3299//3299 3266//3266 3298//3298 
f 3300//3300 3268//3268 3267//3267 
f 3300//3300 3267//3267 3299//3299 
f 3301//3301 3269//3269 3268//3268 
f 3301//3301 3268//3268 3300//3300 
f 3302//3302 3270//3270 3269//3269 
f 3302//3302 3269//3269 3301//3301 
f 3303//3303 3271//3271 3270//3270 
f 3303//3303 3270//3270 3302//3302 
f 3304//3304 3272//3272 3271//3271 
f 3304//3304 3271//3271 3303//3303 
f 3305//3305 3273//3273 3272//3272 
f 3305//3305 3272//3272 3304//3304 
f 3306//3306 3274//3274 3273//3273 
f 3306//3306 3273//3273 3305//3305 
f 3307//3307 3275//3275 3274//3274 
f 3307//3307 3274//3274 3306//3306 
f 3308//3308 3276//3276 3275//3275 
f 3308//3308 3275//3275 3307//3307 
f 3278//3278 3246//3246 3276//3276 
f 3278//3278 3276//3276 3308//3308 
f 3309//3309 3277//3277 3278//3278 
f 3309//3309 3278//3278 3310//3310 
f 3311//3311 3279//3279 3277//3277 
f 3311//3311 3277//3277 3309//3309 
f 3312//3312 3280//3280 3279//3279 
f 3312//3312 3279//3279 3311//3311 
f 3313//3313 3281//3281 3280//3280 
f 3313//3313 3280//3280 3312//3312 
f 3314//3314 3282//3282 3281//3281 
f 3314//3314 3281//3281 3313//3313 
f 3315//3315 3283//3283 3282//3282 
f 3315//3315 3282//3282 3314//3314 
f 3316//3316 3284//3284 3283//3283 
f 3316//3316 3283//3283 3315//3315 
f 3317//3317 3285//3285 3284//3284 
f 3317//3317 3284//3284 3316//3316 
f 3318//3318 3286//3286 3285//3285 
f 3318//3318 3285//3285 3317//3317 
f 3319//3319 3287//3287 3286//3286 
f 3319//3319 3286//3286 3318//3318 
f 3320//3320 3288//3288 3287//3287 
f 3320//3320 3287//3287 3319//3319 
f 3321//3321 3289//3289 3288//3288 
f 3321//3321 3288//3288 3320//3320 
f 3322//3322 3290//3290 3289//3289 
f 3322//3322 3289//3289 3321//3321 
f 3323//3323 3291//3291 3290//3290 
f 3323//3323 3290//3290 3322//3322 
f 3324//3324 3292//3292 3291//3291 
f 3324//3324 3291//3291 3323//3323 
f 3325//3325 3293//3293 3292//3292 
f 3325//3325 3292//3292 3324//3324 
f 3326//3326 3294//3294 3293//3293 
f 3326//3326 3293//3293 3325//3325 
f 3327//3327 3295//3295 3294//3294 
f 3327//3327 3294//3294 3326//3326 
f 3328//3328 3296//3296 3295//3295 
f 3328//3328 3295//3295 3327//3327 
f 3329//3329 3297//3297 3296//3296 
f 3329//3329 3296//3296 3328//3328 
f 3330//3330 3298//3298 3297//3297 
f 3330//3330 3297//3297 3329//3329 
f 3331//3331 3299//3299 3298//3298 
f 3331//3331 3298//3298 3330//3330 
f 3332//3332 3300//3300 3299//3299 
f 3332//3332 3299//3299 3331//3331 
f 3333//3333 3301//3301 3300//3300 
f 3333//3333 3300//3300 3332//3332 
f 3334//3334 3302//3302 3301//3301 
f 3334//3334 3301//3301 3333//3333 
f 3335//3335 3303//3303 3302//3302 
f 3335//3335 3302//3302 3334//3334 
f 3336//3336 3304//3304 3303//3303 
f 3336//3336 3303//3303 3335//3335 
f 3337//3337 3305//3305 3304//3304 
f 3337//3337 3304//3304 3336//3336 
f 3338//3338 3306//3306 3305//3305 
f 3338//3338 3305//3305 3337//3337 
f 3339//3339 3307//3307 3306//3306 
f 3339//3339 3306//3306 3338//3338 
f 3340//3340 3308//3308 3307//3307 
f 3340//3340 3307//3307 3339//3339 
f 3310//3310 3278//3278 3308//3308 
f 3310//3310 3308//3308 3340//3340 
f 3341//3341 3309//3309 3310//3310 
f 3341//3341 3310//3310 3342//3342 
f 3343//3343 3311//3311 3309//3309 
f 3343//3343 3309//3309 3341//3341 
f 3344//3344 3312//3312 3311//3311 
f 3344//3344 3311//3311 3343//3343 
f 3345//3345 3313//3313 3312//3312 
f 3345//3345 3312//3312 3344//3344 
f 3346//3346 3314//3314 3313//3313 
f 3346//3346 3313//3313 3345//3345 
f 3347//3347 3315//3315 3314//3314 
f 3347//3347 3314//3314 3346//3346 
f 3348//3348 3316//3316 3315//3315 
f 3348//3348 3315//3315 3347//3347 
f 3349//3349 3317//3317 3316//3316 
f 3349//3349 3316//3316 3348//3348 
f 3350//3350 3318//3318 3317//3317 
f 3350//3350 3317//3317 3349//3349 
f 3351//3351 3319//3319 3318//3318 
f 3351//3351 3318//3318 3350//3350 
f 3352//3352 3320//3320 3319//3319 
f 3352//3352 3319//3319 3351//3351 
f 3353//3353 3321//3321 3320//3320 
f 3353//3353 3320//3320 3352//3352 
f 3354//3354 3322//3322 3321//3321 
f 3354//3354 3321//3321 3353//3353 
f 3355//3355 3323//3323 3322//3322 
f 3355//3355 3322//3322 3354//3354 
f 3356//3356 3324//3324 3323//3323 
f 3356//3356 3323//3323 3355//3355 
f 3357//3357 3325//3325 3324//3324 
f 3357//3357 3324//3324 3356//3356 
f 3358//3358 3326//3326 3325//3325 
f 3358//3358 3325//3325 3357//3357 
f 3359//3359 3327//3327 3326//3326 
f 3359//3359 3326//3326 3358//3358 
f 3360//3360 3328//3328 3327//3327 
f 3360//3360 3327//3327 3359//3359 
f 3361//3361 3329//3329 3328//3328 
f 3361//3361 3328//3328 3360//3360 
f 3362//3362 3330//3330 3329//3329 
f 3362//3362 3329//3329 3361//3361 
f 3363//3363 3331//3331 3330//3330 
f 3363//3363 3330//3330 3362//3362 
f 3364//3364 3332//3332 3331//3331 
f 3364//3364 3331//3331 3363//3363 
f 3365//3365 3333//3333 3332//3332 
f 3365//3365 3332//3332 3364//3364 
f 3366//3366 3334//3334 3333//3333 
f 3366//3366 3333//3333 3365//3365 
f 3367//3367 3335//3335 3334//3334 
f 3367//3367 3334//3334 3366//3366 
f 3368//3368 3336//3336 3335//3335 
f 3368//3368 3335//3335 3367//3367 
f 3369//3369 3337//3337 3336//3336 
f 3369//3369 3336//3336 3368//3368 
f 3370//3370 3338//3338 3337//3337 
f 3370//3370 3337//3337 3369//3369 
f 3371//3371 3339//3339 3338//3338 
f 3371//3371 3338//3338 3370//3370 
f 3372//3372 3340//3340 3339//3339 
f 3372//3372 3339//3339 3371//3371 
f 3342//3342 3310//3310 3340//3340 
f 3342//3342 3340//3340 3372//3372 
f 3373//3373 3341//3341 3342//3342 
f 3373//3373 3342//3342 3374//3374 
f 3375//3375 3343//3343 3341//3341 
f 3375//3375 3341//3341 3373//3373 
f 3376//3376 3344//3344 3343//3343 
f 3376//3376 3343//3343 3375//3375 
f 3377//3377 3345//3345 3344//3344 
f 3377//3377 3344//3344 3376//3376 
f 3378//3378 3346//3346 3345//3345 
f 3378//3378 3345//3345 3377//3377 
f 3379//3379 3347//3347 3346//3346 
f 3379//3379 3346//3346 3378//3378 
f 3380//3380 3348//3348 3347//3347 
f 3380//3380 3347//3347 3379//3379 
f 3381//3381 3349//3349 3348//3348 
f 3381//3381 3348//3348 3380//3380 
f 3382//3382 3350//3350 3349//3349 
f 3382//3382 3349//3349 3381//3381 
f 3383//3383 3351//3351 3350//3350 
f 3383//3383 3350//3350 3382//3382 
f 3384//3384 3352//3352 3351//3351 
f 3384//3384 3351//3351 3383//3383 
f 3385//3385 3353//3353 3352//3352 
f 3385//3385 3352//3352 3384//3384 
f 3386//3386 3354//3354 3353//3353 
f 3386//3386 3353//3353 3385//3385 
f 3387//3387 3355//3355 3354//3354 
f 3387//3387 3354//3354 3386//3386 
f 3388//3388 3356//3356 3355//3355 
f 3388//3388 3355//3355 3387//3387 
f 3389//3389 3357//3357 3356//3356 
f 3389//3389 3356//3356 3388//3388 
f 3390//3390 3358//3358 3357//3357 
f 3390//3390 3357//3357 3389//3389 
f 3391//3391 3359//3359 3358//3358 
f 3391//3391 3358//3358 3390//3390 
f 3392//3392 3360//3360 3359//3359 
f 3392//3392 3359//3359 3391//3391 
f 3393//3393 3361//3361 3360//3360 
f 3393//3393 3360//3360 3392//3392 
f 3394//3394 3362//3362 3361//3361 
f 3394//3394 3361//3361 3393//3393 
f 3395//3395 3363//3363 3362//3362 
f 3395//3395 3362//3362 3394//3394 
f 3396//3396 3364//3364 3363//3363 
f 3396//3396 3363//3363 3395//3395 
f 3397//3397 3365//3365 3364//3364 
f 3397//3397 3364//3364 3396//3396 
f 3398//3398 3366//3366 3365//3365 
f 3398//3398 3365//3365 3397//3397 
f 3399//3399 3367//3367 3366//3366 
f 3399//3399 3366//3366 3398//3398 
f 3400//3400 3368//3368 3367//3367 
f 3400//3400 3367//3367 3399//3399 
f 3401//3401 3369//3369 3368//3368 
f 3401//3401 3368//3368 3400//3400 
f 3402//3402 3370//3370 3369//3369 
f 3402//3402 3369//3369 3401//3401 
f 3403//3403 3371//3371 3370//3370 
f 3403//3403 3370//3370 3402//3402 
f 3404//3404 3372//3372 3371//3371 
f 3404//3404 3371//3371 3403//3403 
f 3374//3374 3342//3342 3372//3372 
f 3374//3374 3372//3372 3404//3404 
f 3405//3405 3373//3373 3374//3374 
f 3405//3405 3374//3374 3406//3406 
f 3407//3407 3375//3375 3373//3373 
f 3407//3407 3373//3373 3405//3405 
f 3408//3408 3376//3376 3375//3375 
f 3408//3408 3375//3375 3407//3407 
f 3409//3409 3377//3377 3376//3376 
f 3409//3409 3376//3376 3408//3408 
f 3410//3410 3378//3378 3377//3377 
f 3410//3410 3377//3377 3409//3409 
f 3411//3411 3379//3379 3378//3378 
f 3411//3411 3378//3378 3410//3410 
f 3412//3412 3380//3380 3379//3379 
f 3412//3412 3379//3379 3411//3411 
f 3413//3413 3381//3381 3380//3380 
f 3413//3413 3380//3380 3412//3412 
f 3414//3414 3382//3382 3381//3381 
f 3414//3414 3381//3381 3413//3413 
f 3415//3415 3383//3383 3382//3382 
f 3415//3415 3382//3382 3414//3414 
f 3416//3416 3384//3384 3383//3383 
f 3416//3416 3383//3383 3415//3415 
f 3417//3417 3385//3385 3384//3384 
f 3417//3417 3384//3384 3416//3416 
f 3418//3418 3386//3386 3385//3385 
f 3418//3418 3385//3385 3417//3417 
f 3419//3419 3387//3387 3386//3386 
f 3419//3419 3386//3386 3418//3418 
f 3420//3420 3388//3388 3387//3387 
f 3420//3420 3387//3387 3419//3419 
f 3421//3421 3389//3389 3388//3388 
f 3421//3421 3388//3388 3420//3420 
f 3422//3422 3390//3390 3389//3389 
f 3422//3422 3389//3389 3421//3421 
f 3423//3423 3391//3391 3390//3390 
f 3423//3423 3390//3390 3422//3422 
f 3424//3424 3392//3392 3391//3391 
f 3424//3424 3391//3391 3423//3423 
f 3425//3425 3393//3393 3392//3392 
f 3425//3425 3392//3392 3424//3424 
f 3426//3426 3394//3394 3393//3393 
f 3426//3426 3393//3393 3425//3425 
f 3427//3427 3395//3395 3394//3394 
f 3427//3427 3394//3394 3426//3426 
f 3428//3428 3396//3396 3395//3395 
f 3428//3428 3395//3395 3427//3427 
f 3429//3429 3397//3397 3396//3396 
f 3429//3429 3396//3396 3428//3428 
f 3430//3430 3398//3398 3397//3397 
f 3430//3430 3397//3397 3429//3429 
f 3431//3431 3399//3399 3398//3398 
f 3431//3431 3398//3398 3430//3430 
f 3432//3432 3400//3400 3399//3399 
f 3432//3432 3399//3399 3431//3431 
f 3433//3433 3401//3401 3400//3400 
f 3433//3433 3400//3400 3432//3432 
f 3434//3434 3402//3402 3401//3401 
f 3434//3434 3401//3401 3433//3433 
f 3435//3435 3403//3403 3402//3402 
f 3435//3435 3402//3402 3434//3434 
f 3436//3436 3404//3404 3403//3403 
f 3436//3436 3403//3403 3435//3435 
f 3406//3406 3374//3374 3404//3404 
f 3406//3406 3404//3404 3436//3436 
f 3437//3437 3405//3405 3406//3406 
f 3437//3437 3406//3406 3438//3438 
f 3439//3439 3407//3407 3405//3405 
f 3439//3439 3405//3405 3437//3437 
f 3440//3440 3408//3408 3407//3407 
f 3440//3440 3407//3407 3439//3439 
f 3441//3441 3409//3409 3408//3408 
f 3441//3441 3408//3408 3440//3440 
f 3442//3442 3410//3410 3409//3409 
f 3442//3442 3409//3409 3441//3441 
f 3443//3443 3411//3411 3410//3410 
f 3443//3443 3410//3410 3442//3442 
f 3444//3444 3412//3412 3411//3411 
f 3444//3444 3411//3411 3443//3443 
f 3445//3445 3413//3413 3412//3412 
f 3445//3445 3412//3412 3444//3444 
f 3446//3446 3414//3414 3413//3413 
f 3446//3446 3413//3413 3445//3445 
f 3447//3447 3415//3415 3414//3414 
f 3447//3447 3414//3414 3446//3446 
f 3448//3448 3416//3416 3415//3415 
f 3448//3448 3415//3415 3447//3447 
f 3449//3449 3417//3417 3416//3416 
f 3449//3449 3416//3416 3448//3448 
f 3450//3450 3418//3418 3417//3417 
f 3450//3450 3417//3417 3449//3449 
f 3451//3451 3419//3419 3418//3418 
f 3451//3451 3418//3418 3450//3450 
f 3452//3452 3420//3420 3419//3419 
f 3452//3452 3419//3419 3451//3451 
f 3453//3453 3421//3421 3420//3420 
f 3453//3453 3420//3420 3452//3452 
f 3454//3454 3422//3422 3421//3421 
f 3454//3454 3421//3421 3453//3453 
f 3455//3455 3423//3423 3422//3422 
f 3455//3455 3422//3422 3454//3454 
f 3456//3456 3424//3424 3423//3423 
f 3456//3456 3423//3423 3455//3455 
f 3457//3457 3425//3425 3424//3424 
f 3457//3457 3424//3424 3456//3456 
f 3458//3458 3426//3426 3425//3425 
f 3458//3458 3425//3425 3457//3457 
f 3459//3459 3427//3427 3426//3426 
f 3459//3459 3426//3426 3458//3458 
f 3460//3460 3428//3428 3427//3427 
f 3460//3460 3427//3427 3459//3459 
f 3461//3461 3429//3429 3428//3428 
f 3461//3461 3428//3428 3460//3460 
f 3462//3462 3430//3430 3429//3429 
f 3462//3462 3429//3429 3461//3461 
f 3463//3463 3431//3431 3430//3430 
f 3463//3463 3430//3430 3462//3462 
f 3464//3464 3432//3432 3431//3431 
f 3464//3464 3431//3431 3463//3463 
f 3465//3465 3433//3433 3432//3432 
f 3465//3465 3432//3432 3464//3464 
f 3466//3466 3434//3434 3433//3433 
f 3466//3466 3433//3433 3465//3465 
f 3467//3467 3435//3435 3434//3434 
f 3467//3467 3434//3434 3466//3466 
f 3468//3468 3436//3436 3435//3435 
f 3468//3468 3435//3435 3467//3467 
f 3438//3438 3406//3406 3436//3436 
f 3438//3438 3436//3436 3468//3468 
f 3469//3469 3437//3437 3438//3438 
f 3469//3469 3438//3438 3470//3470 
f 3471//3471 3439//3439 3437//3437 
f 3471//3471 3437//3437 3469//3469 
f 3472//3472 3440//3440 3439//3439 
f 3472//3472 3439//3439 3471//3471 
f 3473//3473 3441//3441 3440//3440 
f 3473//3473 3440//3440 3472//3472 
f 3474//3474 3442//3442 3441//3441 
f 3474//3474 3441//3441 3473//3473 
f 3475//3475 3443//3443 3442//3442 
f 3475//3475 3442//3442 3474//3474 
f 3476//3476 3444//3444 3443//3443 
f 3476//3476 3443//3443 3475//3475 
f 3477//3477 3445//3445 3444//3444 
f 3477//3477 3444//3444 3476//3476 
f 3478//3478 3446//3446 3445//3445 
f 3478//3478 3445//3445 3477//3477 
f 3479//3479 3447//3447 3446//3446 
f 3479//3479 3446//3446 3478//3478 
f 3480//3480 3448//3448 3447//3447 
f 3480//3480 3447//3447 3479//3479 
f 3481//3481 3449//3449 3448//3448 
f 3481//3481 3448//3448 3480//3480 
f 3482//3482 3450//3450 3449//3449 
f 3482//3482 3449//3449 3481//3481 
f 3483//3483 3451//3451 3450//3450 
f 3483//3483 3450//3450 3482//3482 
f 3484//3484 3452//3452 3451//3451 
f 3484//3484 3451//3451 3483//3483 
f 3485//3485 3453//3453 3452//3452 
f 3485//3485 3452//3452 3484//3484 
f 3486//3486 3454//3454 3453//3453 
f 3486//3486 3453//3453 3485//3485 
f 3487//3487 3455//3455 3454//3454 
f 3487//3487 3454//3454 3486//3486 
f 3488//3488 3456//3456 3455//3455 
f 3488//3488 3455//3455 3487//3487 
f 3489//3489 3457//3457 3456//3456 
f 3489//3489 3456//3456 3488//3488 
f 3490//3490 3458//3458 3457//3457 
f 3490//3490 3457//3457 3489//3489 
f 3491//3491 3459//3459 3458//3458 
f 3491//3491 3458//3458 3490//3490 
f 3492//3492 3460//3460 3459//3459 
f 3492//3492 3459//3459 3491//3491 
f 3493//3493 3461//3461 3460//3460 
f 3493//3493 3460//3460 3492//3492 
f 3494//3494 3462//3462 3461//3461 
f 3494//3494 3461//3461 3493//3493 
f 3495//3495 3463//3463 3462//3462 
f 3495//3495 3462//3462 3494//3494 
f 3496//3496 3464//3464 3463//3463 
f 3496//3496 3463//3463 3495//3495 
f 3497//3497 3465//3465 3464//3464 
f 3497//3497 3464//3464 3496//3496 
f 3498//3498 3466//3466 3465//3465 
f 3498//3498 3465//3465 3497//3497 
f 3499//3499 3467//3467 3466//3466 
f 3499//3499 3466//3466 3498//3498 
f 3500//3500 3468//3468 3467//3467 
f 3500//3500 3467//3467 3499//3499 
f 3470//3470 3438//3438 3468//3468 
f 3470//3470 3468//3468 3500//3500 
f 3501//3501 3469//3469 3470//3470 
f 3501//3501 3470//3470 3502//3502 
f 3503//3503 3471//3471 3469//3469 
f 3503//3503 3469//3469 3501//3501 
f 3504//3504 3472//3472 3471//3471 
f 3504//3504 3471//3471 3503//3503 
f 3505//3505 3473//3473 3472//3472 
f 3505//3505 3472//3472 3504//3504 
f 3506//3506 3474//3474 3473//3473 
f 3506//3506 3473//3473 3505//3505 
f 3507//3507 3475//3475 3474//3474 
f 3507//3507 3474//3474 3506//3506 
f 3508//3508 3476//3476 3475//3475 
f 3508//3508 3475//3475 3507//3507 
f 3509//3509 3477//3477 3476//3476 
f 3509//3509 3476//3476 3508//3508 
f 3510//3510 3478//3478 3477//3477 
f 3510//3510 3477//3477 3509//3509 
f 3511//3511 3479//3479 3478//3478 
f 3511//3511 3478//3478 3510//3510 
f 3512//3512 3480//3480 3479//3479 
f 3512//3512 3479//3479 3511//3511 
f 3513//3513 3481//3481 3480//3480 
f 3513//3513 3480//3480 3512//3512 
f 3514//3514 3482//3482 3481//3481 
f 3514//3514 3481//3481 3513//3513 
f 3515//3515 3483//3483 3482//3482 
f 3515//3515 3482//3482 3514//3514 
f 3516//3516 3484//3484 3483//3483 
f 3516//3516 3483//3483 3515//3515 
f 3517//3517 3485//3485 3484//3484 
f 3517//3517 3484//3484 3516//3516 
f 3518//3518 3486//3486 3485//3485 
f 3518//3518 3485//3485 3517//3517 
f 3519//3519 3487//3487 3486//3486 
f 3519//3519 3486//3486 3518//3518 
f 3520//3520 3488//3488 3487//3487 
f 3520//3520 3487//3487 3519//3519 
f 3521//3521 3489//3489 3488//3488 
f 3521//3521 3488//3488 3520//3520 
f 3522//3522 3490//3490 3489//3489 
f 3522//3522 3489//3489 3521//3521 
f 3523//3523 3491//3491 3490//3490 
f 3523//3523 3490//3490 3522//3522 
f 3524//3524 3492//3492 3491//3491 
f 3524//3524 3491//3491 3523//3523 
f 3525//3525 3493//3493 3492//3492 
f 3525//3525 3492//3492 3524//3524 
f 3526//3526 3494//3494 3493//3493 
f 3526//3526 3493//3493 3525//3525 
f 3527//3527 3495//3495 3494//3494 
f 3527//3527 3494//3494 3526//3526 
f 3528//3528 3496//3496 3495//3495 
f 3528//3528 3495//3495 3527//3527 
f 3529//3529 3497//3497 3496//3496 
f 3529//3529 3496//3496 3528//3528 
f 3530//3530 3498//3498 3497//3497 
f 3530//3530 3497//3497 3529//3529 
f 3531//3531 3499//3499 3498//3498 
f 3531//3531 3498//3498 3530//3530 
f 3532//3532 3500//3500 3499//3499 
f 3532//3532 3499//3499 3531//3531 
f 3502//3502 3470//3470 3500//3500 
f 3502//3502 3500//3500 3532//3532 
f 3533//3533 3501//3501 3502//3502 
f 3533//3533 3502//3502 3534//3534 
f 3535//3535 3503//3503 3501//3501 
f 3535//3535 3501//3501 3533//3533 
f 3536//3536 3504//3504 3503//3503 
f 3536//3536 3503//3503 3535//3535 
f 3537//3537 3505//3505 3504//3504 
f 3537//3537 3504//3504 3536//3536 
f 3538//3538 3506//3506 3505//3505 
f 3538//3538 3505//3505 3537//3537 
f 3539//3539 3507//3507 3506//3506 
f 3539//3539 3506//3506 3538//3538 
f 3540//3540 3508//3508 3507//3507 
f 3540//3540 3507//3507 3539//3539 
f 3541//3541 3509//3509 3508//3508 
f 3541//3541 3508//3508 3540//3540 
f 3542//3542 3510//3510 3509//3509 
f 3542//3542 3509//3509 3541//3541 
f 3543//3543 3511//3511 3510//3510 
f 3543//3543 3510//3510 3542//3542 
f 3544//3544 3512//3512 3511//3511 
f 3544//3544 3511//3511 3543//3543 
f 3545//3545 3513//3513 3512//3512 
f 3545//3545 3512//3512 3544//3544 
f 3546//3546 3514//3514 3513//3513 
f 3546//3546 3513//3513 3545//3545 
f 3547//3547 3515//3515 3514//3514 
f 3547//3547 3514//3514 3546//3546 
f 3548//3548 3516//3516 3515//3515 
f 3548//3548 3515//3515 3547//3547 
f 3549//3549 3517//3517 3516//3516 
f 3549//3549 3516//3516 3548//3548 
f 3550//3550 3518//3518 3517//3517 
f 3550//3550 3517//3517 3549//3549 
f 3551//3551 3519//3519 3518//3518 
f 3551//3551 3518//3518 3550//3550 
f 3552//3552 3520//3520 3519//3519 
f 3552//3552 3519//3519 3551//3551 
f 3553//3553 3521//3521 3520//3520 
f 3553//3553 3520//3520 3552//3552 
f 3554//3554 3522//3522 3521//3521 
f 3554//3554 3521//3521 3553//3553 
f 3555//3555 3523//3523 3522//3522 
f 3555//3555 3522//3522 3554//3554 
f 3556//3556 3524//3524 3523//3523 
f 3556//3556 3523//3523 3555//3555 
f 3557//3557 3525//3525 3524//3524 
f 3557//3557 3524//3524 3556//3556 
f 3558//3558 3526//3526 3525//3525 
f 3558//3558 3525//3525 3557//3557 
f 3559//3559 3527//3527 3526//3526 
f 3559//3559 3526//3526 3558//3558 
f 3560//3560 3528//3528 3527//3527 
f 3560//3560 3527//3527 3559//3559 
f 3561//3561 3529//3529 3528//3528 
f 3561//3561 3528//3528 3560//3560 
f 3562//3562 3530//3530 3529//3529 
f 3562//3562 3529//3529 3561//3561 
f 3563//3563 3531//3531 3530//3530 
f 3563//3563 3530//3530 3562//3562 
f 3564//3564 3532//3532 3531//3531 
f 3564//3564 3531//3531 3563//3563 
f 3534//3534 3502//3502 3532//3532 
f 3534//3534 3532//3532 3564//3564 
f 3565//3565 3533//3533 3534//3534 
f 3565//3565 3534//3534 3566//3566 
f 3567//3567 3535//3535 3533//3533 
f 3567//3567 3533//3533 3565//3565 
f 3568//3568 3536//3536 3535//3535 
f 3568//3568 3535//3535 3567//3567 
f 3569//3569 3537//3537 3536//3536 
f 3569//3569 3536//3536 3568//3568 
f 3570//3570 3538//3538 3537//3537 
f 3570//3570 3537//3537 3569//3569 
f 3571//3571 3539//3539 3538//3538 
f 3571//3571 3538//3538 3570//3570 
f 3572//3572 3540//3540 3539//3539 
f 3572//3572 3539//3539 3571//3571 
f 3573//3573 3541//3541 3540//3540 
f 3573//3573 3540//3540 3572//3572 
f 3574//3574 3542//3542 3541//3541 
f 3574//3574 3541//3541 3573//3573 
f 3575//3575 3543//3543 3542//3542 
f 3575//3575 3542//3542 3574//3574 
f 3576//3576 3544//3544 3543//3543 
f 3576//3576 3543//3543 3575//3575 
f 3577//3577 3545//3545 3544//3544 
f 3577//3577 3544//3544 3576//3576 
f 3578//3578 3546//3546 3545//3545 
f 3578//3578 3545//3545 3577//3577 
f 3579//3579 3547//3547 3546//3546 
f 3579//3579 3546//3546 3578//3578 
f 3580//3580 3548//3548 3547//3547 
f 3580//3580 3547//3547 3579//3579 
f 3581//3581 3549//3549 3548//3548 
f 3581//3581 3548//3548 3580//3580 
f 3582//3582 3550//3550 3549//3549 
f 3582//3582 3549//3549 3581//3581 
f 3583//3583 3551//3551 3550//3550 
f 3583//3583 3550//3550 3582//3582 
f 3584//3584 3552//3552 3551//3551 
f 3584//3584 3551//3551 3583//3583 
f 3585//3585 3553//3553 3552//3552 
f 3585//3585 3552//3552 3584//3584 
f 3586//3586 3554//3554 3553//3553 
f 3586//3586 3553//3553 3585//3585 
f 3587//3587 3555//3555 3554//3554 
f 3587//3587 3554//3554 3586//3586 
f 3588//3588 3556//3556 3555//3555 
f 3588//3588 3555//3555 3587//3587 
f 3589//3589 3557//3557 3556//3556 
f 3589//3589 3556//3556 3588//3588 
f 3590//3590 3558//3558 3557//3557 
f 3590//3590 3557//3557 3589//3589 
f 3591//3591 3559//3559 3558//3558 
f 3591//3591 3558//3558 3590//3590 
f 3592//3592 3560//3560 3559//3559 
f 3592//3592 3559//3559 3591//3591 
f 3593//3593 3561//3561 3560//3560 
f 3593//3593 3560//3560 3592//3592 
f 3594//3594 3562//3562 3561//3561 
f 3594//3594 3561//3561 3593//3593 
f 3595//3595 3563//3563 3562//3562 
f 3595//3595 3562//3562 3594//3594 
f 3596//3596 3564//3564 3563//3563 
f 3596//3596 3563//3563 3595//3595 
f 3566//3566 3534//3534 3564//3564 
f 3566//3566 3564//3564 3596//3596 
f 3597//3597 3565//3565 3566//3566 
f 3597//3597 3566//3566 3598//3598 
f 3599//3599 3567//3567 3565//3565 
f 3599//3599 3565//3565 3597//3597 
f 3600//3600 3568//3568 3567//3567 
f 3600//3600 3567//3567 3599//3599 
f 3601//3601 3569//3569 3568//3568 
f 3601//3601 3568//3568 3600//3600 
f 3602//3602 3570//3570 3569//3569 
f 3602//3602 3569//3569 3601//3601 
f 3603//3603 3571//3571 3570//3570 
f 3603//3603 3570//3570 3602//3602 
f 3604//3604 3572//3572 3571//3571 
f 3604//3604 3571//3571 3603//3603 
f 3605//3605 3573//3573 3572//3572 
f 3605//3605 3572//3572 3604//3604 
f 3606//3606 3574//3574 3573//3573 
f 3606//3606 3573//3573 3605//3605 
f 3607//3607 3575//3575 3574//3574 
f 3607//3607 3574//3574 3606//3606 
f 3608//3608 3576//3576 3575//3575 
f 3608//3608 3575//3575 3607//3607 
f 3609//3609 3577//3577 3576//3576 
f 3609//3609 3576//3576 3608//3608 
f 3610//3610 3578//3578 3577//3577 
f 3610//3610 3577//3577 3609//3609 
f 3611//3611 3579//3579 3578//3578 
f 3611//3611 3578//3578 3610//3610 
f 3612//3612 3580//3580 3579//3579 
f 3612//3612 3579//3579 3611//3611 
f 3613//3613 3581//3581 3580//3580 
f 3613//3613 3580//3580 3612//3612 
f 3614//3614 3582//3582 3581//3581 
f 3614//3614 3581//3581 3613//3613 
f 3615//3615 3583//3583 3582//3582 
f 3615//3615 3582//3582 3614//3614 
f 3616//3616 3584//3584 3583//3583 
f 3616//3616 3583//3583 3615//3615 
f 3617//3617 3585//3585 3584//3584 
f 3617//3617 3584//3584 3616//3616 
f 3618//3618 3586//3586 3585//3585 
f 3618//3618 3585//3585 3617//3617 
f 3619//3619 3587//3587 3586//3586 
f 3619//3619 3586//3586 3618//3618 
f 3620//3620 3588//3588 3587//3587 
f 3620//3620 3587//3587 3619//3619 
f 3621//3621 3589//3589 3588//3588 
f 3621//3621 3588//3588 3620//3620 
f 3622//3622 3590//3590 3589//3589 
f 3622//3622 3589//3589 3621//3621 
f 3623//3623 3591//3591 3590//3590 
f 3623//3623 3590//3590 3622//3622 
f 3624//3624 3592//3592 3591//3591 
f 3624//3624 3591//3591 3623//3623 
f 3625//3625 3593//3593 3592//3592 
f 3625//3625 3592//3592 3624//3624 
f 3626//3626 3594//3594 3593//3593 
f 3626//3626 3593//3593 3625//3625 
f 3627//3627 3595//3595 3594//3594 
f 3627//3627 3594//3594 3626//3626 
f 3628//3628 3596//3596 3595//3595 
f 3628//3628 3595//3595 3627//3627 
f 3598//3598 3566//3566 3596//3596 
f 3598//3598 3596//3596 3628//3628 
f 3629//3629 3597//3597 3598//3598 
f 3629//3629 3598//3598 3630//3630 
f 3631//3631 3599//3599 3597//3597 
f 3631//3631 3597//3597 3629//3629 
f 3632//3632 3600//3600 3599//3599 
f 3632//3632 3599//3599 3631//3631 
f 3633//3633 3601//3601 3600//3600 
f 3633//3633 3600//3600 3632//3632 
f 3634//3634 3602//3602 3601//3601 
f 3634//3634 3601//3601 3633//3633 
f 3635//3635 3603//3603 3602//3602 
f 3635//3635 3602//3602 3634//3634 
f 3636//3636 3604//3604 3603//3603 
f 3636//3636 3603//3603 3635//3635 
f 3637//3637 3605//3605 3604//3604 
f 3637//3637 3604//3604 3636//3636 
f 3638//3638 3606//3606 3605//3605 
f 3638//3638 3605//3605 3637//3637 
f 3639//3639 3607//3607 3606//3606 
f 3639//3639 3606//3606 3638//3638 
f 3640//3640 3608//3608 3607//3607 
f 3640//3640 3607//3607 3639//3639 
f 3641//3641 3609//3609 3608//3608 
f 3641//3641 3608//3608 3640//3640 
f 3642//3642 3610//3610 3609//3609 
f 3642//3642 3609//3609 3641//3641 
f 3643//3643 3611//3611 3610//3610 
f 3643//3643 3610//3610 3642//3642 
f 3644//3644 3612//3612 3611//3611 
f 3644//3644 3611//3611 3643//3643 
f 3645//3645 3613//3613 3612//3612 
f 3645//3645 3612//3612 3644//3644 
f 3646//3646 3614//3614 3613//3613 
f 3646//3646 3613//3613 3645//3645 
f 3647//3647 3615//3615 3614//3614 
f 3647//3647 3614//3614 3646//3646 
f 3648//3648 3616//3616 3615//3615 
f 3648//3648 3615//3615 3647//3647 
f 3649//3649 3617//3617 3616//3616 
f 3649//3649 3616//3616 3648//3648 
f 3650//3650 3618//3618 3617//3617 
f 3650//3650 3617//3617 3649//3649 
f 3651//3651 3619//3619 3618//3618 
f 3651//3651 3618//3618 3650//3650 
f 3652//3652 3620//3620 3619//3619 
f 3652//3652 3619//3619 3651//3651 
f 3653//3653 3621//3621 3620//3620 
f 3653//3653 3620//3620 3652//3652 
f 3654//3654 3622//3622 3621//3621 
f 3654//3654 3621//3621 3653//3653 
f 3655//3655 3623//3623 3622//3622 
f 3655//3655 3622//3622 3654//3654 
f 3656//3656 3624//3624 3623//3623 
f 3656//3656 3623//3623 3655//3655 
f 3657//3657 3625//3625 3624//3624 
f 3657//3657 3624//3624 3656//3656 
f 3658//3658 3626//3626 3625//3625 
f 3658//3658 3625//3625 3657//3657 
f 3659//3659 3627//3627 3626//3626 
f 3659//3659 3626//3626 3658//3658 
f 3660//3660 3628//3628 3627//3627 
f 3660//3660 3627//3627 3659//3659 
f 3630//3630 3598//3598 3628//3628 
f 3630//3630 3628//3628 3660//3660 
f 3661//3661 3629//3629 3630//3630 
f 3661//3661 3630//3630 3662//3662 
f 3663//3663 3631//3631 3629//3629 
f 3663//3663 3629//3629 3661//3661 
f 3664//3664 3632//3632 3631//3631 
f 3664//3664 3631//3631 3663//3663 
f 3665//3665 3633//3633 3632//3632 
f 3665//3665 3632//3632 3664//3664 
f 3666//3666 3634//3634 3633//3633 
f 3666//3666 3633//3633 3665//3665 
f 3667//3667 3635//3635 3634//3634 
f 3667//3667 3634//3634 3666//3666 
f 3668//3668 3636//3636 3635//3635 
f 3668//3668 3635//3635 3667//3667 
f 3669//3669 3637//3637 3636//3636 
f 3669//3669 3636//3636 3668//3668 
f 3670//3670 3638//3638 3637//3637 
f 3670//3670 3637//3637 3669//3669 
f 3671//3671 3639//3639 3638//3638 
f 3671//3671 3638//3638 3670//3670 
f 3672//3672 3640//3640 3639//3639 
f 3672//3672 3639//3639 3671//3671 
f 3673//3673 3641//3641 3640//3640 
f 3673//3673 3640//3640 3672//3672 
f 3674//3674 3642//3642 3641//3641 
f 3674//3674 3641//3641 3673//3673 
f 3675//3675 3643//3643 3642//3642 
f 3675//3675 3642//3642 3674//3674 
f 3676//3676 3644//3644 3643//3643 
f 3676//3676 3643//3643 3675//3675 
f 3677//3677 3645//3645 3644//3644 
f 3677//3677 3644//3644 3676//3676 
f 3678//3678 3646//3646 3645//3645 
f 3678//3678 3645//3645 3677//3677 
f 3679//3679 3647//3647 3646//3646 
f 3679//3679 3646//3646 3678//3678 
f 3680//3680 3648//3648 3647//3647 
f 3680//3680 3647//3647 3679//3679 
f 3681//3681 3649//3649 3648//3648 
f 3681//3681 3648//3648 3680//3680 
f 3682//3682 3650//3650 3649//3649 
f 3682//3682 3649//3649 3681//3681 
f 3683//3683 3651//3651 3650//3650 
f 3683//3683 3650//3650 3682//3682 
f 3684//3684 3652//3652 3651//3651 
f 3684//3684 3651//3651 3683//3683 
f 3685//3685 3653//3653 3652//3652 
f 3685//3685 3652//3652 3684//3684 
f 3686//3686 3654//3654 3653//3653 
f 3686//3686 3653//3653 3685//3685 
f 3687//3687 3655//3655 3654//3654 
f 3687//3687 3654//3654 3686//3686 
f 3688//3688 3656//3656 3655//3655 
f 3688//3688 3655//3655 3687//3687 
f 3689//3689 3657//3657 3656//3656 
f 3689//3689 3656//3656 3688//3688 
f 3690//3690 3658//3658 3657//3657 
f 3690//3690 3657//3657 3689//3689 
f 3691//3691 3659//3659 3658//3658 
f 3691//3691 3658//3658 3690//3690 
f 3692//3692 3660//3660 3659//3659 
f 3692//3692 3659//3659 3691//3691 
f 3662//3662 3630//3630 3660//3660 
f 3662//3662 3660//3660 3692//3692 
f 3693//3693 3661//3661 3662//3662 
f 3693//3693 3662//3662 3694//3694 
f 3695//3695 3663//3663 3661//3661 
f 3695//3695 3661//3661 3693//3693 
f 3696//3696 3664//3664 3663//3663 
f 3696//3696 3663//3663 3695//3695 
f 3697//3697 3665//3665 3664//3664 
f 3697//3697 3664//3664 3696//3696 
f 3698//3698 3666//3666 3665//3665 
f 3698//3698 3665//3665 3697//3697 
f 3699//3699 3667//3667 3666//3666 
f 3699//3699 3666//3666 3698//3698 
f 3700//3700 3668//3668 3667//3667 
f 3700//3700 3667//3667 3699//3699 
f 3701//3701 3669//3669 3668//3668 
f 3701//3701 3668//3668 3700//3700 
f 3702//3702 3670//3670 3669//3669 
f 3702//3702 3669//3669 3701//3701 
f 3703//3703 3671//3671 3670//3670 
f 3703//3703 3670//3670 3702//3702 
f 3704//3704 3672//3672 3671//3671 
f 3704//3704 3671//3671 3703//3703 
f 3705//3705 3673//3673 3672//3672 
f 3705//3705 3672//3672 3704//3704 
f 3706//3706 3674//3674 3673//3673 
f 3706//3706 3673//3673 3705//3705 
f 3707//3707 3675//3675 3674//3674 
f 3707//3707 3674//3674 3706//3706 
f 3708//3708 3676//3676 3675//3675 
f 3708//3708 3675//3675 3707//3707 
f 3709//3709 3677//3677 3676//3676 
f 3709//3709 3676//3676 3708//3708 
f 3710//3710 3678//3678 3677//3677 
f 3710//3710 3677//3677 3709//3709 
f 3711//3711 3679//3679 3678//3678 
f 3711//3711 3678//3678 3710//3710 
f 3712//3712 3680//3680 3679//3679 
f 3712//3712 3679//3679 3711//3711 
f 3713//3713 3681//3681 3680//3680 
f 3713//3713 3680//3680 3712//3712 
f 3714//3714 3682//3682 3681//3681 
f 3714//3714 3681//3681 3713//3713 
f 3715//3715 3683//3683 3682//3682 
f 3715//3715 3682//3682 3714//3714 
f 3716//3716 3684//3684 3683//3683 
f 3716//3716 3683//3683 3715//3715 
f 3717//3717 3685//3685 3684//3684 
f 3717//3717 3684//3684 3716//3716 
f 3718//3718 3686//3686 3685//3685 
f 3718//3718 3685//3685 3717//3717 
f 3719//3719 3687//3687 3686//3686 
f 3719//3719 3686//3686 3718//3718 
f 3720//3720 3688//3688 3687//3687 
f 3720//3720 3687//3687 3719//3719 
f 3721//3721 3689//3689 3688//3688 
f 3721//3721 3688//3688 3720//3720 
f 3722//3722 3690//3690 3689//3689 
f 3722//3722 3689//3689 3721//3721 
f 3723//3723 3691//3691 3690//3690 
f 3723//3723 3690//3690 3722//3722 
f 3724//3724 3692//3692 3691//3691 
f 3724//3724 3691//3691 3723//3723 
f 3694//3694 3662//3662 3692//3692 
f 3694//3694 3692//3692 3724//3724 
f 3725//3725 3693//3693 3694//3694 
f 3725//3725 3694//3694 3726//3726 
f 3727//3727 3695//3695 3693//3693 
f 3727//3727 3693//3693 3725//3725 
f 3728//3728 3696//3696 3695//3695 
f 3728//3728 3695//3695 3727//3727 
f 3729//3729 3697//3697 3696//3696 
f 3729//3729 3696//3696 3728//3728 
f 3730//3730 3698//3698 3697//3697 
f 3730//3730 3697//3697 3729//3729 
f 3731//3731 3699//3699 3698//3698 
f 3731//3731 3698//3698 3730//3730 
f 3732//3732 3700//3700 3699//3699 
f 3732//3732 3699//3699 3731//3731 
f 3733//3733 3701//3701 3700//3700 
f 3733//3733 3700//3700 3732//3732 
f 3734//3734 3702//3702 3701//3701 
f 3734//3734 3701//3701 3733//3733 
f 3735//3735 3703//3703 3702//3702 
f 3735//3735 3702//3702 3734//3734 
f 3736//3736 3704//3704 3703//3703 
f 3736//3736 3703//3703 3735//3735 
f 3737//3737 3705//3705 3704//3704 
f 3737//3737 3704//3704 3736//3736 
f 3738//3738 3706//3706 3705//3705 
f 3738//3738 3705//3705 3737//3737 
f 3739//3739 3707//3707 3706//3706 
f 3739//3739 3706//3706 3738//3738 
f 3740//3740 3708//3708 3707//3707 
f 3740//3740 3707//3707 3739//3739 
f 3741//3741 3709//3709 3708//3708 
f 3741//3741 3708//3708 3740//3740 
f 3742//3742 3710//3710 3709//3709 
f 3742//3742 3709//3709 3741//3741 
f 3743//3743 3711//3711 3710//3710 
f 3743//3743 3710//3710 3742//3742 
f 3744//3744 3712//3712 3711//3711 
f 3744//3744 3711//3711 3743//3743 
f 3745//3745 3713//3713 3712//3712 
f 3745//3745 3712//3712 3744//3744 
f 3746//3746 3714//3714 3713//3713 
f 3746//3746 3713//3713 3745//3745 
f 3747//3747 3715//3715 3714//3714 
f 3747//3747 3714//3714 3746//3746 
f 3748//3748 3716//3716 3715//3715 
f 3748//3748 3715//3715 3747//3747 
f 3749//3749 3717//3717 3716//3716 
f 3749//3749 3716//3716 3748//3748 
f 3750//3750 3718//3718 3717//3717 
f 3750//3750 3717//3717 3749//3749 
f 3751//3751 3719//3719 3718//3718 
f 3751//3751 3718//3718 3750//3750 
f 3752//3752 3720//3720 3719//3719 
f 3752//3752 3719//3719 3751//3751 
f 3753//3753 3721//3721 3720//3720 
f 3753//3753 3720//3720 3752//3752 
f 3754//3754 3722//3722 3721//3721 
f 3754//3754 3721//3721 3753//3753 
f 3755//3755 3723//3723 3722//3722 
f 3755//3755 3722//3722 3754//3754 
f 3756//3756 3724//3724 3723//3723 
f 3756//3756 3723//3723 3755//3755 
f 3726//3726 3694//3694 3724//3724 
f 3726//3726 3724//3724 3756//3756 
f 3757//3757 3725//3725 3726//3726 
f 3757//3757 3726//3726 3758//3758 
f 3759//3759 3727//3727 3725//3725 
f 3759//3759 3725//3725 3757//3757 
f 3760//3760 3728//3728 3727//3727 
f 3760//3760 3727//3727 3759//3759 
f 3761//3761 3729//3729 3728//3728 
f 3761//3761 3728//3728 3760//3760 
f 3762//3762 3730//3730 3729//3729 
f 3762//3762 3729//3729 3761//3761 
f 3763//3763 3731//3731 3730//3730 
f 3763//3763 3730//3730 3762//3762 
f 3764//3764 3732//3732 3731//3731 
f 3764//3764 3731//3731 3763//3763 
f 3765//3765 3733//3733 3732//3732 
f 3765//3765 3732//3732 3764//3764 
f 3766//3766 3734//3734 3733//3733 
f 3766//3766 3733//3733 3765//3765 
f 3767//3767 3735//3735 3734//3734 
f 3767//3767 3734//3734 3766//3766 
f 3768//3768 3736//3736 3735//3735 
f 3768//3768 3735//3735 3767//3767 
f 3769//3769 3737//3737 3736//3736 
f 3769//3769 3736//3736 3768//3768 
f 3770//3770 3738//3738 3737//3737 
f 3770//3770 3737//3737 3769//3769 
f 3771//3771 3739//3739 3738//3738 
f 3771//3771 3738//3738 3770//3770 
f 3772//3772 3740//3740 3739//3739 
f 3772//3772 3739//3739 3771//3771 
f 3773//3773 3741//3741 3740//3740 
f 3773//3773 3740//3740 3772//3772 
f 3774//3774 3742//3742 3741//3741 
f 3774//3774 3741//3741 3773//3773 
f 3775//3775 3743//3743 3742//3742 
f 3775//3775 3742//3742 3774//3774 
f 3776//3776 3744//3744 3743//3743 
f 3776//3776 3743//3743 3775//3775 
f 3777//3777 3745//3745 3744//3744 
f 3777//3777 3744//3744 3776//3776 
f 3778//3778 3746//3746 3745//3745 
f 3778//3778 3745//3745 3777//3777 
f 3779//3779 3747//3747 3746//3746 
f 3779//3779 3746//3746 3778//3778 
f 3780//3780 3748//3748 3747//3747 
f 3780//3780 3747//3747 3779//3779 
f 3781//3781 3749//3749 3748//3748 
f 3781//3781 3748//3748 3780//3780 
f 3782//3782 3750//3750 3749//3749 
f 3782//3782 3749//3749 3781//3781 
f 3783//3783 3751//3751 3750//3750 
f 3783//3783 3750//3750 3782//3782 
f 3784//3784 3752//3752 3751//3751 
f 3784//3784 3751//3751 3783//3783 
f 3785//3785 3753//3753 3752//3752 
f 3785//3785 3752//3752 3784//3784 
f 3786//3786 3754//3754 3753//3753 
f 3786//3786 3753//3753 3785//3785 
f 3787//3787 3755//3755 3754//3754 
f 3787//3787 3754//3754 3786//3786 
f 3788//3788 3756//3756 3755//3755 
f 3788//3788 3755//3755 3787//3787 
f 3758//3758 3726//3726 3756//3756 
f 3758//3758 3756//3756 3788//3788 
f 3789//3789 3757//3757 3758//3758 
f 3789//3789 3758//3758 3790//3790 
f 3791//3791 3759//3759 3757//3757 
f 3791//3791 3757//3757 3789//3789 
f 3792//3792 3760//3760 3759//3759 
f 3792//3792 3759//3759 3791//3791 
f 3793//3793 3761//3761 3760//3760 
f 3793//3793 3760//3760 3792//3792 
f 3794//3794 3762//3762 3761//3761 
f 3794//3794 3761//3761 3793//3793 
f 3795//3795 3763//3763 3762//3762 
f 3795//3795 3762//3762 3794//3794 
f 3796//3796 3764//3764 3763//3763 
f 3796//3796 3763//3763 3795//3795 
f 3797//3797 3765//3765 3764//3764 
f 3797//3797 3764//3764 3796//3796 
f 3798//3798 3766//3766 3765//3765 
f 3798//3798 3765//3765 3797//3797 
f 3799//3799 3767//3767 3766//3766 
f 3799//3799 3766//3766 3798//3798 
f 3800//3800 3768//3768 3767//3767 
f 3800//3800 3767//3767 3799//3799 
f 3801//3801 3769//3769 3768//3768 
f 3801//3801 3768//3768 3800//3800 
f 3802//3802 3770//3770 3769//3769 
f 3802//3802 3769//3769 3801//3801 
f 3803//3803 3771//3771 3770//3770 
f 3803//3803 3770//3770 3802//3802 
f 3804//3804 3772//3772 3771//3771 
f 3804//3804 3771//3771 3803//3803 
f 3805//3805 3773//3773 3772//3772 
f 3805//3805 3772//3772 3804//3804 
f 3806//3806 3774//3774 3773//3773 
f 3806//3806 3773//3773 3805//3805 
f 3807//3807 3775//3775 3774//3774 
f 3807//3807 3774//3774 3806//3806 
f 3808//3808 3776//3776 3775//3775 
f 3808//3808 3775//3775 3807//3807 
f 3809//3809 3777//3777 3776//3776 
f 3809//3809 3776//3776 3808//3808 
f 3810//3810 3778//3778 3777//3777 
f 3810//3810 3777//3777 3809//3809 
f 3811//3811 3779//3779 3778//3778 
f 3811//3811 3778//3778 3810//3810 
f 3812//3812 3780//3780 3779//3779 
f 3812//3812 3779//3779 3811//3811 
f 3813//3813 3781//3781 3780//3780 
f 3813//3813 3780//3780 3812//3812 
f 3814//3814 3782//3782 3781//3781 
f 3814//3814 3781//3781 3813//3813 
f 3815//3815 3783//3783 3782//3782 
f 3815//3815 3782//3782 3814//3814 
f 3816//3816 3784//3784 3783//3783 
f 3816//3816 3783//3783 3815//3815 
f 3817//3817 3785//3785 3784//3784 
f 3817//3817 3784//3784 3816//3816 
f 3818//3818 3786//3786 3785//3785 
f 3818//3818 3785//3785 3817//3817 
f 3819//3819 3787//3787 3786//3786 
f 3819//3819 3786//3786 3818//3818 
f 3820//3820 3788//3788 3787//3787 
f 3820//3820 3787//3787 3819//3819 
f 3790//3790 3758//3758 3788//3788 
f 3790//3790 3788//3788 3820//3820 
f 3821//3821 3789//3789 3790//3790 
f 3821//3821 3790//3790 3822//3822 
f 3823//3823 3791//3791 3789//3789 
f 3823//3823 3789//3789 3821//3821 
f 3824//3824 3792//3792 3791//3791 
f 3824//3824 3791//3791 3823//3823 
f 3825//3825 3793//3793 3792//3792 
f 3825//3825 3792//3792 3824//3824 
f 3826//3826 3794//3794 3793//3793 
f 3826//3826 3793//3793 3825//3825 
f 3827//3827 3795//3795 3794//3794 
f 3827//3827 3794//3794 3826//3826 
f 3828//3828 3796//3796 3795//3795 
f 3828//3828 3795//3795 3827//3827 
f 3829//3829 3797//3797 3796//3796 
f 3829//3829 3796//3796 3828//3828 
f 3830//3830 3798//3798 3797//3797 
f 3830//3830 3797//3797 3829//3829 
f 3831//3831 3799//3799 3798//3798 
f 3831//3831 3798//3798 3830//3830 
f 3832//3832 3800//3800 3799//3799 
f 3832//3832 3799//3799 3831//3831 
f 3833//3833 3801//3801 3800//3800 
f 3833//3833 3800//3800 3832//3832 
f 3834//3834 3802//3802 3801//3801 
f 3834//3834 3801//3801 3833//3833 
f 3835//3835 3803//3803 3802//3802 
f 3835//3835 3802//3802 3834//3834 
f 3836//3836 3804//3804 3803//3803 
f 3836//3836 3803//3803 3835//3835 
f 3837//3837 3805//3805 3804//3804 
f 3837//3837 3804//3804 3836//3836 
f 3838//3838 3806//3806 3805//3805 
f 3838//3838 3805//3805 3837//3837 
f 3839//3839 3807//3807 3806//3806 
f 3839//3839 3806//3806 3838//3838 
f 3840//3840 3808//3808 3807//3807 
f 3840//3840 3807//3807 3839//3839 
f 3841//3841 3809//3809 3808//3808 
f 3841//3841 3808//3808 3840//3840 
f 3842//3842 3810//3810 3809//3809 
f 3842//3842 3809//3809 3841//3841 
f 3843//3843 3811//3811 3810//3810 
f 3843//3843 3810//3810 3842//3842 
f 3844//3844 3812//3812 3811//3811 
f 3844//3844 3811//3811 3843//3843 
f 3845//3845 3813//3813 3812//3812 
f 3845//3845 3812//3812 3844//3844 
f 3846//3846 3814//3814 3813//3813 
f 3846//3846 3813//3813 3845//3845 
f 3847//3847 3815//3815 3814//3814 
f 3847//3847 3814//3814 3846//3846 
f 3848//3848 3816//3816 3815//3815 
f 3848//3848 3815//3815 3847//3847 
f 3849//3849 3817//3817 3816//3816 
f 3849//3849 3816//3816 3848//3848 
f 3850//3850 3818//3818 3817//3817 
f 3850//3850 3817//3817 3849//3849 
f 3851//3851 3819//3819 3818//3818 
f 3851//3851 3818//3818 3850//3850 
f 3852//3852 3820//3820 3819//3819 
f 3852//3852 3819//3819 3851//3851 
f 3822//3822 3790//3790 3820//3820 
f 3822//3822 3820//3820 3852//3852 
f 3853//3853 3821//3821 3822//3822 
f 3853//3853 3822//3822 3854//3854 
f 3855//3855 3823//3823 3821//3821 
f 3855//3855 3821//3821 3853//3853 
f 3856//3856 3824//3824 3823//3823 
f 3856//3856 3823//3823 3855//3855 
f 3857//3857 3825//3825 3824//3824 
f 3857//3857 3824//3824 3856//3856 
f 3858//3858 3826//3826 3825//3825 
f 3858//3858 3825//3825 3857//3857 
f 3859//3859 3827//3827 3826//3826 
f 3859//3859 3826//3826 3858//3858 
f 3860//3860 3828//3828 3827//3827 
f 3860//3860 3827//3827 3859//3859 
f 3861//3861 3829//3829 3828//3828 
f 3861//3861 3828//3828 3860//3860 
f 3862//3862 3830//3830 3829//3829 
f 3862//3862 3829//3829 3861//3861 
f 3863//3863 3831//3831 3830//3830 
f 3863//3863 3830//3830 3862//3862 
f 3864//3864 3832//3832 3831//3831 
f 3864//3864 3831//3831 3863//3863 
f 3865//3865 3833//3833 3832//3832 
f 3865//3865 3832//3832 3864//3864 
f 3866//3866 3834//3834 3833//3833 
f 3866//3866 3833//3833 3865//3865 
f 3867//3867 3835//3835 3834//3834 
f 3867//3867 3834//3834 3866//3866 
f 3868//3868 3836//3836 3835//3835 
f 3868//3868 3835//3835 3867//3867 
f 3869//3869 3837//3837 3836//3836 
f 3869//3869 3836//3836 3868//3868 
f 3870//3870 3838//3838 3837//3837 
f 3870//3870 3837//3837 3869//3869 
f 3871//3871 3839//3839 3838//3838 
f 3871//3871 3838//3838 3870//3870 
f 3872//3872 3840//3840 3839//3839 
f 3872//3872 3839//3839 3871//3871 
f 3873//3873 3841//3841 3840//3840 
f 3873//3873 3840//3840 3872//3872 
f 3874//3874 3842//3842 3841//3841 
f 3874//3874 3841//3841 3873//3873 
f 3875//3875 3843//3843 3842//3842 
f 3875//3875 3842//3842 3874//3874 
f 3876//3876 3844//3844 3843//3843 
f 3876//3876 3843//3843 3875//3875 
f 3877//3877 3845//3845 3844//3844 
f 3877//3877 3844//3844 3876//3876 
f 3878//3878 3846//3846 3845//3845 
f 3878//3878 3845//3845 3877//3877 
f 3879//3879 3847//3847 3846//3846 
f 3879//3879 3846//3846 3878//3878 
f 3880//3880 3848//3848 3847//3847 
f 3880//3880 3847//3847 3879//3879 
f 3881//3881 3849//3849 3848//3848 
f 3881//3881 3848//3848 3880//3880 
f 3882//3882 3850//3850 3849//3849 
f 3882//3882 3849//3849 3881//3881 
f 3883//3883 3851//3851 3850//3850 
f 3883//3883 3850//3850 3882//3882 
f 3884//3884 3852//3852 3851//3851 
f 3884//3884 3851//3851 3883//3883 
f 3854//3854 3822//3822 3852//3852 
f 3854//3854 3852//3852 3884//3884 
f 3885//3885 3853//3853 3854//3854 
f 3885//3885 3854//3854 3886//3886 
f 3887//3887 3855//3855 3853//3853 
f 3887//3887 3853//3853 3885//3885 
f 3888//3888 3856//3856 3855//3855 
f 3888//3888 3855//3855 3887//3887 
f 3889//3889 3857//3857 3856//3856 
f 3889//3889 3856//3856 3888//3888 
f 3890//3890 3858//3858 3857//3857 
f 3890//3890 3857//3857 3889//3889 
f 3891//3891 3859//3859 3858//3858 
f 3891//3891 3858//3858 3890//3890 
f 3892//3892 3860//3860 3859//3859 
f 3892//3892 3859//3859 3891//3891 
f 3893//3893 3861//3861 3860//3860 
f 3893//3893 3860//3860 3892//3892 
f 3894//3894 3862//3862 3861//3861 
f 3894//3894 3861//3861 3893//3893 
f 3895//3895 3863//3863 3862//3862 
f 3895//3895 3862//3862 3894//3894 
f 3896//3896 3864//3864 3863//3863 
f 3896//3896 3863//3863 3895//3895 
f 3897//3897 3865//3865 3864//3864 
f 3897//3897 3864//3864 3896//3896 
f 3898//3898 3866//3866 3865//3865 
f 3898//3898 3865//3865 3897//3897 
f 3899//3899 3867//3867 3866//3866 
f 3899//3899 3866//3866 3898//3898 
f 3900//3900 3868//3868 3867//3867 
f 3900//3900 3867//3867 3899//3899 
f 3901//3901 3869//3869 3868//3868 
f 3901//3901 3868//3868 3900//3900 
f 3902//3902 3870//3870 3869//3869 
f 3902//3902 3869//3869 3901//3901 
f 3903//3903 3871//3871 3870//3870 
f 3903//3903 3870//3870 3902//3902 
f 3904//3904 3872//3872 3871//3871 
f 3904//3904 3871//3871 3903//3903 
f 3905//3905 3873//3873 3872//3872 
f 3905//3905 3872//3872 3904//3904 
f 3906//3906 3874//3874 3873//3873 
f 3906//3906 3873//3873 3905//3905 
f 3907//3907 3875//3875 3874//3874 
f 3907//3907 3874//3874 3906//3906 
f 3908//3908 3876//3876 3875//3875 
f 3908//3908 3875//3875 3907//3907 
f 3909//3909 3877//3877 3876//3876 
f 3909//3909 3876//3876 3908//3908 
f 3910//3910 3878//3878 3877//3877 
f 3910//3910 3877//3877 3909//3909 
f 3911//3911 3879//3879 3878//3878 
f 3911//3911 3878//3878 3910//3910 
f 3912//3912 3880//3880 3879//3879 
f 3912//3912 3879//3879 3911//3911 
f 3913//3913 3881//3881 3880//3880 
f 3913//3913 3880//3880 3912//3912 
f 3914//3914 3882//3882 3881//3881 
f 3914//3914 3881//3881 3913//3913 
f 3915//3915 3883//3883 3882//3882 
f 3915//3915 3882//3882 3914//3914 
f 3916//3916 3884//3884 3883//3883 
f 3916//3916 3883//3883 3915//3915 
f 3886//3886 3854//3854 3884//3884 
f 3886//3886 3884//3884 3916//3916 
f 3917//3917 3885//3885 3886//3886 
f 3917//3917 3886//3886 3918//3918 
f 3919//3919 3887//3887 3885//3885 
f 3919//3919 3885//3885 3917//3917 
f 3920//3920 3888//3888 3887//3887 
f 3920//3920 3887//3887 3919//3919 
f 3921//3921 3889//3889 3888//3888 
f 3921//3921 3888//3888 3920//3920 
f 3922//3922 3890//3890 3889//3889 
f 3922//3922 3889//3889 3921//3921 
f 3923//3923 3891//3891 3890//3890 
f 3923//3923 3890//3890 3922//3922 
f 3924//3924 3892//3892 3891//3891 
f 3924//3924 3891//3891 3923//3923 
f 3925//3925 3893//3893 3892//3892 
f 3925//3925 3892//3892 3924//3924 
f 3926//3926 3894//3894 3893//3893 
f 3926//3926 3893//3893 3925//3925 
f 3927//3927 3895//3895 3894//3894 
f 3927//3927 3894//3894 3926//3926 
f 3928//3928 3896//3896 3895//3895 
f 3928//3928 3895//3895 3927//3927 
f 3929//3929 3897//3897 3896//3896 
f 3929//3929 3896//3896 3928//3928 
f 3930//3930 3898//3898 3897//3897 
f 3930//3930 3897//3897 3929//3929 
f 3931//3931 3899//3899 3898//3898 
f 3931//3931 3898//3898 3930//3930 
f 3932//3932 3900//3900 3899//3899 
f 3932//3932 3899//3899 3931//3931 
f 3933//3933 3901//3901 3900//3900 
f 3933//3933 3900//3900 3932//3932 
f 3934//3934 3902//3902 3901//3901 
f 3934//3934 3901//3901 3933//3933 
f 3935//3935 3903//3903 3902//3902 
f 3935//3935 3902//3902 3934//3934 
f 3936//3936 3904//3904 3903//3903 
f 3936//3936 3903//3903 3935//3935 
f 3937//3937 3905//3905 3904//3904 
f 3937//3937 3904//3904 3936//3936 
f 3938//3938 3906//3906 3905//3905 
f 3938//3938 3905//3905 3937//3937 
f 3939//3939 3907//3907 3906//3906 
f 3939//3939 3906//3906 3938//3938 
f 3940//3940 3908//3908 3907//3907 
f 3940//3940 3907//3907 3939//3939 
f 3941//3941 3909//3909 3908//3908 
f 3941//3941 3908//3908 3940//3940 
f 3942//3942 3910//3910 3909//3909 
f 3942//3942 3909//3909 3941//3941 
f 3943//3943 3911//3911 3910//3910 
f 3943//3943 3910//3910 3942//3942 
f 3944//3944 3912//3912 3911//3911 
f 3944//3944 3911//3911 3943//3943 
f 3945//3945 3913//3913 3912//3912 
f 3945//3945 3912//3912 3944//3944 
f 3946//3946 3914//3914 3913//3913 
f 3946//3946 3913//3913 3945//3945 
f 3947//3947 3915//3915 3914//3914 
f 3947//3947 3914//3914 3946//3946 
f 3948//3948 3916//3916 3915//3915 
f 3948//3948 3915//3915 3947//3947 
f 3918//3918 3886//3886 3916//3916 
f 3918//3918 3916//3916 3948//3948 
f 3949//3949 3917//3917 3918//3918 
f 3949//3949 3918//3918 3950//3950 
f 3951//3951 3919//3919 3917//3917 
f 3951//3951 3917//3917 3949//3949 
f 3952//3952 3920//3920 3919//3919 
f 3952//3952 3919//3919 3951//3951 
f 3953//3953 3921//3921 3920//3920 
f 3953//3953 3920//3920 3952//3952 
f 3954//3954 3922//3922 3921//3921 
f 3954//3954 3921//3921 3953//3953 
f 3955//3955 3923//3923 3922//3922 
f 3955//3955 3922//3922 3954//3954 
f 3956//3956 3924//3924 3923//3923 
f 3956//3956 3923//3923 3955//3955 
f 3957//3957 3925//3925 3924//3924 
f 3957//3957 3924//3924 3956//3956 
f 3958//3958 3926//3926 3925//3925 
f 3958//3958 3925//3925 3957//3957 
f 3959//3959 3927//3927 3926//3926 
f 3959//3959 3926//3926 3958//3958 
f 3960//3960 3928//3928 3927//3927 
f 3960//3960 3927//3927 3959//3959 
f 3961//3961 3929//3929 3928//3928 
f 3961//3961 3928//3928 3960//3960 
f 3962//3962 3930//3930 3929//3929 
f 3962//3962 3929//3929 3961//3961 
f 3963//3963 3931//3931 3930//3930 
f 3963//3963 3930//3930 3962//3962 
f 3964//3964 3932//3932 3931//3931 
f 3964//3964 3931//3931 3963//3963 
f 3965//3965 3933//3933 3932//3932 
f 3965//3965 3932//3932 3964//3964 
f 3966//3966 3934//3934 3933//3933 
f 3966//3966 3933//3933 3965//3965 
f 3967//3967 3935//3935 3934//3934 
f 3967//3967 3934//3934 3966//3966 
f 3968//3968 3936//3936 3935//3935 
f 3968//3968 3935//3935 3967//3967 
f 3969//3969 3943//3943 3942//3942 
f 3970//3970 3944//3944 3943//3943 
f 3970//3970 3943//3943 3969//3969 
f 3971//3971 3945//3945 3944//3944 
f 3971//3971 3944//3944 3970//3970 
f 3972//3972 3946//3946 3945//3945 
f 3972//3972 3945//3945 3971//3971 
f 3973//3973 3947//3947 3946//3946 
f 3973//3973 3946//3946 3972//3972 
f 3974//3974 3948//3948 3947//3947 
f 3974//3974 3947//3947 3973//3973 
f 3950//3950 3918//3918 3948//3948 
f 3950//3950 3948//3948 3974//3974 
f 4089//4089 3988//3988 4078//4078 
f 4078//4078 3985//3985 4101//4101 
f 3985//3985 4078//4078 3988//3988 
f 4068//4068 3987//3987 4089//4089 
f 4089//4089 3986//3986 3988//3988 
f 3986//3986 4089//4089 3987//3987 
f 4066//4066 3993//3993 4068//4068 
f 4068//4068 3990//3990 3987//3987 
f 3//3 4028//4028 4029//4029 
f 9//9 4030//4030 4028//4028 
f 4030//4030 13//13 4031//4031 
f 4032//4032 4031//4031 12//12 
f 4032//4032 12//12 19//19 
f 3//3 4029//4029 5//5 
f 4028//4028 3//3 2//2 
f 4028//4028 2//2 9//9 
f 4030//4030 8//8 13//13 
f 4031//4031 13//13 12//12 
f 4030//4030 9//9 8//8 
f 4033//4033 4034//4034 23//23 
f 4033//4033 23//23 22//22 
f 4033//4033 27//27 4035//4035 
f 4036//4036 4037//4037 35//35 
f 4036//4036 35//35 34//34 
f 4036//4036 39//39 4038//4038 
f 4037//4037 4035//4035 26//26 
f 4037//4037 26//26 31//31 
f 4039//4039 4040//4040 42//42 
f 4039//4039 42//42 49//49 
f 4040//4040 4038//4038 38//38 
f 4040//4040 38//38 43//43 
f 47//47 4041//4041 4039//4039 
f 4041//4041 53//53 4042//4042 
f 4043//4043 61//61 4044//4044 
f 57//57 4043//4043 4042//4042 
f 4032//4032 19//19 17//17 
f 4034//4034 4032//4032 17//17 
f 4034//4034 17//17 16//16 
f 19//19 12//12 11//11 
f 19//19 11//11 20//20 
f 4034//4034 16//16 23//23 
f 4033//4033 22//22 27//27 
f 4035//4035 27//27 26//26 
f 4037//4037 30//30 35//35 
f 4036//4036 34//34 39//39 
f 4037//4037 31//31 30//30 
f 4040//4040 43//43 42//42 
f 4039//4039 49//49 47//47 
f 4041//4041 47//47 46//46 
f 49//49 42//42 41//41 
f 49//49 41//41 50//50 
f 4042//4042 52//52 57//57 
f 4043//4043 56//56 61//61 
f 4043//4043 57//57 56//56 
f 4042//4042 53//53 52//52 
f 4041//4041 46//46 53//53 
f 4038//4038 39//39 38//38 
f 60//60 4044//4044 61//61 
f 4045//4045 4044//4044 65//65 
f 60//60 65//65 4044//4044 
f 69//69 4046//4046 4045//4045 
f 4046//4046 73//73 4047//4047 
f 4048//4048 4047//4047 72//72 
f 4048//4048 72//72 79//79 
f 4045//4045 65//65 64//64 
f 4045//4045 64//64 69//69 
f 4046//4046 69//69 68//68 
f 4047//4047 73//73 72//72 
f 79//79 72//72 71//71 
f 79//79 71//71 80//80 
f 4046//4046 68//68 73//73 
f 77//77 4048//4048 79//79 
f 4049//4049 83//83 4050//4050 
f 4050//4050 87//87 4051//4051 
f 4052//4052 4053//4053 95//95 
f 4052//4052 95//95 94//94 
f 4052//4052 99//99 4054//4054 
f 91//91 4053//4053 4051//4051 
f 4055//4055 4056//4056 102//102 
f 4055//4055 102//102 109//109 
f 4056//4056 4054//4054 98//98 
f 4056//4056 98//98 103//103 
f 107//107 4057//4057 4055//4055 
f 4057//4057 113//113 4058//4058 
f 4059//4059 119//119 4029//4029 
f 117//117 4059//4059 4058//4058 
f 77//77 76//76 4049//4049 
f 77//77 4049//4049 4048//4048 
f 4049//4049 76//76 83//83 
f 4050//4050 83//83 82//82 
f 4051//4051 87//87 86//86 
f 4051//4051 86//86 91//91 
f 4050//4050 82//82 87//87 
f 4054//4054 99//99 98//98 
f 4052//4052 94//94 99//99 
f 4053//4053 90//90 95//95 
f 4053//4053 91//91 90//90 
f 4056//4056 103//103 102//102 
f 109//109 102//102 101//101 
f 109//109 101//101 110//110 
f 4057//4057 107//107 106//106 
f 4057//4057 106//106 113//113 
f 4055//4055 109//109 107//107 
f 4059//4059 117//117 116//116 
f 4029//4029 119//119 5//5 
f 4059//4059 116//116 119//119 
f 4058//4058 112//112 117//117 
f 4058//4058 113//113 112//112 
f 3990//3990 4068//4068 3993//3993 
f 4069//4069 3991//3991 3989//3989 
f 4066//4066 3989//3989 3993//3993 
f 4066//4066 4069//4069 3989//3989 
f 4070//4070 3995//3995 3994//3994 
f 4069//4069 3994//3994 3991//3991 
f 4069//4069 4070//4070 3994//3994 
f 4070//4070 3999//3999 3995//3995 
f 4070//4070 4071//4071 3999//3999 
f 4071//4071 4103//4103 3999//3999 
f 4105//4105 3997//3997 4107//4107 
f 4067//4067 3975//3975 3996//3996 
f 3996//3996 3997//3997 4067//4067 
f 4105//4105 4067//4067 3997//3997 
f 4106//4106 3977//3977 3992//3992 
f 3992//3992 3975//3975 4106//4106 
f 4067//4067 4106//4106 3975//3975 
f 4065//4065 4002//4002 3976//3976 
f 3976//3976 3977//3977 4065//4065 
f 4106//4106 4065//4065 3977//3977 
f 4064//4064 4004//4004 3978//3978 
f 3978//3978 4002//4002 4064//4064 
f 4065//4065 4064//4064 4002//4002 
f 3979//3979 4008//4008 4082//4082 
f 4008//4008 4004//4004 4086//4086 
f 4064//4064 4086//4086 4004//4004 
f 4009//4009 4000//4000 4083//4083 
f 4000//4000 3979//3979 4082//4082 
f 4086//4086 4082//4082 4008//4008 
f 4014//4014 3980//3980 4084//4084 
f 3980//3980 4009//4009 4083//4083 
f 4082//4082 4083//4083 4000//4000 
f 4084//4084 4006//4006 4016//4016 
f 4016//4016 4014//4014 4084//4084 
f 4083//4083 4084//4084 3980//3980 
f 4109//4109 4003//4003 4012//4012 
f 4012//4012 4006//4006 4109//4109 
f 4084//4084 4109//4109 4006//4006 
f 4085//4085 4007//4007 4011//4011 
f 4011//4011 4003//4003 4085//4085 
f 4109//4109 4085//4085 4003//4003 
f 4081//4081 4013//4013 4005//4005 
f 4005//4005 4007//4007 4081//4081 
f 4085//4085 4081//4081 4007//4007 
f 4074//4074 4017//4017 4010//4010 
f 4081//4081 4010//4010 4013//4013 
f 4081//4081 4074//4074 4010//4010 
f 4075//4075 4018//4018 4017//4017 
f 4074//4074 4075//4075 4017//4017 
f 4015//4015 4075//4075 4019//4019 
f 4018//4018 4075//4075 4015//4015 
f 4023//4023 4072//4072 4020//4020 
f 4072//4072 4019//4019 4075//4075 
f 4019//4019 4072//4072 4023//4023 
f 4026//4026 4102//4102 4024//4024 
f 4102//4102 4020//4020 4072//4072 
f 4020//4020 4102//4102 4026//4026 
f 4027//4027 4073//4073 3982//3982 
f 4073//4073 4024//4024 4102//4102 
f 4024//4024 4073//4073 4027//4027 
f 4021//4021 4076//4076 4025//4025 
f 4076//4076 3982//3982 4073//4073 
f 3982//3982 4076//4076 4021//4021 
f 3998//3998 4077//4077 4001//4001 
f 4077//4077 4025//4025 4076//4076 
f 4025//4025 4077//4077 3998//3998 
f 4022//4022 4101//4101 3985//3985 
f 4101//4101 4001//4001 4077//4077 
f 4001//4001 4101//4101 4022//4022 
f 4078//4078 3974//3974 4089//4089 
f 4078//4078 3950//3950 3974//3974 
f 4089//4089 3973//3973 4068//4068 
f 4089//4089 3974//3974 3973//3973 
f 4068//4068 3972//3972 4066//4066 
f 4068//4068 3973//3973 3972//3972 
f 4066//4066 3971//3971 4069//4069 
f 4066//4066 3972//3972 3971//3971 
f 4069//4069 3970//3970 4070//4070 
f 4069//4069 3971//3971 3970//3970 
f 4070//4070 3969//3969 4071//4071 
f 4070//4070 3970//3970 3969//3969 
f 4062//4062 4103//4103 4104//4104 
f 4071//4071 4104//4104 4103//4103 
f 4071//4071 3969//3969 4104//4104 
f 4080//4080 4061//4061 4104//4104 
f 4062//4062 4104//4104 4061//4061 
f 4079//4079 4090//4090 4080//4080 
f 4061//4061 4080//4080 4090//4090 
f 4087//4087 4091//4091 4060//4060 
f 4079//4079 4060//4060 4090//4090 
f 4079//4079 4087//4087 4060//4060 
f 4108//4108 4063//4063 4091//4091 
f 4087//4087 4108//4108 4091//4091 
f 4088//4088 4107//4107 4063//4063 
f 4088//4088 4105//4105 4107//4107 
f 4108//4108 4088//4088 4063//4063 
f 4105//4105 3968//3968 4067//4067 
f 4105//4105 4088//4088 3968//3968 
f 4067//4067 3967//3967 4106//4106 
f 4067//4067 3968//3968 3967//3967 
f 4106//4106 3966//3966 4065//4065 
f 4092//4092 4093//4093 4094//4094 
f 4092//4092 4094//4094 4095//4095 
f 4095//4095 4094//4094 4096//4096 
f 4095//4095 4096//4096 4097//4097 
f 4094//4094 4098//4098 4099//4099 
f 4094//4094 4099//4099 4096//4096 
f 4093//4093 4100//4100 4098//4098 
f 4093//4093 4098//4098 4094//4094 
f 4039//4039 4041//4041 4099//4099 
f 4041//4041 4042//4042 4099//4099 
f 4096//4096 4042//4042 4043//4043 
f 4040//4040 4039//4039 4099//4099 
f 4036//4036 4038//4038 4098//4098 
f 4098//4098 4038//4038 4099//4099 
f 4040//4040 4099//4099 4038//4038 
f 4042//4042 4096//4096 4099//4099 
f 4044//4044 4096//4096 4043//4043 
f 4046//4046 4096//4096 4045//4045 
f 4048//4048 4097//4097 4047//4047 
f 4047//4047 4097//4097 4046//4046 
f 4096//4096 4044//4044 4045//4045 
f 4050//4050 4097//4097 4049//4049 
f 4048//4048 4049//4049 4097//4097 
f 4051//4051 4095//4095 4050//4050 
f 4095//4095 4051//4051 4053//4053 
f 4050//4050 4095//4095 4097//4097 
f 4096//4096 4046//4046 4097//4097 
f 4036//4036 4098//4098 4037//4037 
f 4098//4098 4033//4033 4035//4035 
f 4098//4098 4100//4100 4033//4033 
f 4034//4034 4033//4033 4100//4100 
f 4032//4032 4034//4034 4100//4100 
f 4037//4037 4098//4098 4035//4035 
f 4100//4100 4030//4030 4031//4031 
f 4093//4093 4028//4028 4030//4030 
f 4030//4030 4100//4100 4093//4093 
f 4100//4100 4031//4031 4032//4032 
f 4028//4028 4093//4093 4029//4029 
f 4052//4052 4054//4054 4095//4095 
f 4092//4092 4095//4095 4054//4054 
f 4056//4056 4092//4092 4054//4054 
f 4092//4092 4058//4058 4093//4093 
f 4053//4053 4052//4052 4095//4095 
f 4057//4057 4058//4058 4092//4092 
f 4092//4092 4056//4056 4055//4055 
f 4055//4055 4057//4057 4092//4092 
f 4059//4059 4093//4093 4058//4058 
f 4059//4059 4029//4029 4093//4093 
f 4106//4106 3967//3967 3966//3966 
f 4065//4065 3965//3965 4064//4064 
f 4065//4065 3966//3966 3965//3965 
f 4064//4064 3964//3964 4086//4086 
f 4064//4064 3965//3965 3964//3964 
f 4086//4086 3963//3963 4082//4082 
f 4086//4086 3964//3964 3963//3963 
f 4082//4082 3962//3962 4083//4083 
f 4082//4082 3963//3963 3962//3962 
f 4083//4083 3961//3961 4084//4084 
f 4083//4083 3962//3962 3961//3961 
f 4084//4084 3960//3960 4109//4109 
f 4084//4084 3961//3961 3960//3960 
f 4109//4109 3959//3959 4085//4085 
f 4109//4109 3960//3960 3959//3959 
f 4085//4085 3958//3958 4081//4081 
f 4085//4085 3959//3959 3958//3958 
f 4081//4081 3957//3957 4074//4074 
f 4081//4081 3958//3958 3957//3957 
f 4074//4074 3956//3956 4075//4075 
f 4074//4074 3957//3957 3956//3956 
f 4075//4075 3955//3955 4072//4072 
f 4075//4075 3956//3956 3955//3955 
f 4072//4072 3954//3954 4102//4102 
f 4072//4072 3955//3955 3954//3954 
f 4102//4102 3953//3953 4073//4073 
f 4102//4102 3954//3954 3953//3953 
f 4073//4073 3952//3952 4076//4076 
f 4073//4073 3953//3953 3952//3952 
f 4076//4076 3951//3951 4077//4077 
f 4076//4076 3952//3952 3951//3951 
f 4077//4077 3949//3949 4101//4101 
f 4077//4077 3951//3951 3949//3949 
f 4101//4101 3950//3950 4078//4078 
f 4101//4101 3949//3949 3950//3950 
f 3969//3969 3942//3942 4104//4104 
f 4104//4104 3941//3941 4080//4080 
f 4104//4104 3942//3942 3941//3941 
f 4080//4080 3940//3940 4079//4079 
f 4080//4080 3941//3941 3940//3940 
f 4079//4079 3939//3939 4087//4087 
f 4079//4079 3940//3940 3939//3939 
f 4087//4087 3938//3938 4108//4108 
f 4087//4087 3939//3939 3938//3938 
f 4108//4108 3937//3937 4088//4088 
f 4108//4108 3938//3938 3937//3937 
f 4088//4088 3936//3936 3968//3968 
f 4088//4088 3937//3937 3936//3936 
# mm_gid 1
g mmGroup1
f 3984//3984 3981//3981 4024//4024 
f 3984//3984 4024//4024 4025//4025 
f 3990//3990 3984//3984 3986//3986 
f 4005//4005 4024//4024 3981//3981 
f 4011//4011 4005//4005 4012//4012 
f 3981//3981 3980//3980 4016//4016 
f 3981//3981 3983//3983 3992//3992 
f 4107//4107 3992//3992 3983//3983 
f 4103//4103 3983//3983 3989//3989 
f 4012//4012 4005//4005 4016//4016 
f 4107//4107 3983//3983 4103//4103 
f 3989//3989 3984//3984 3990//3990 
f 4001//4001 3984//3984 4025//4025 
f 3980//3980 3992//3992 4000//4000 
f 3986//3986 3984//3984 3985//3985 
f 4005//4005 3981//3981 4016//4016 
f 3981//3981 3992//3992 3980//3980 
f 3981//3981 3984//3984 3983//3983 
f 4000//4000 3992//3992 4008//4008 
f 4091//4091 4107//4107 4060//4060 
f 4060//4060 4061//4061 4090//4090 
f 4091//4091 4063//4063 4107//4107 
f 4061//4061 4103//4103 4062//4062 
f 4060//4060 4107//4107 4103//4103 
f 4103//4103 3994//3994 3999//3999 
f 3999//3999 3994//3994 3995//3995 
f 3994//3994 3989//3989 3991//3991 
f 3989//3989 3990//3990 3993//3993 
f 3990//3990 3986//3986 3987//3987 
f 3986//3986 3985//3985 3988//3988 
f 4060//4060 4103//4103 4061//4061 
f 3985//3985 4001//4001 4022//4022 
f 4001//4001 3985//3985 3984//3984 
f 3996//3996 3992//3992 4107//4107 
f 4001//4001 4025//4025 3998//3998 
f 3994//3994 4103//4103 3989//3989 
f 4025//4025 3982//3982 4021//4021 
f 4024//4024 4020//4020 4026//4026 
f 3982//3982 4024//4024 4027//4027 
f 4020//4020 4019//4019 4023//4023 
f 4024//4024 4005//4005 4020//4020 
f 4019//4019 4018//4018 4015//4015 
f 3984//3984 3989//3989 3983//3983 
f 3976//3976 3978//3978 3992//3992 
f 3978//3978 4008//4008 3992//3992 
f 4010//4010 4005//4005 4013//4013 
f 4005//4005 4011//4011 4007//4007 
f 4019//4019 4010//4010 4017//4017 
f 4011//4011 4012//4012 4003//4003 
f 4012//4012 4016//4016 4006//4006 
f 4016//4016 3980//3980 4014//4014 
f 4000//4000 4008//4008 3979//3979 
f 3980//3980 4000//4000 4009//4009 
f 4008//4008 3978//3978 4004//4004 
f 4019//4019 4017//4017 4018//4018 
f 3978//3978 3976//3976 4002//4002 
f 3982//3982 4025//4025 4024//4024 
f 3976//3976 3992//3992 3977//3977 
f 4020//4020 4010//4010 4019//4019 
f 3992//3992 3996//3996 3975//3975 
f 4020//4020 4005//4005 4010//4010 
f 3996//3996 4107//4107 3997//3997 
